"annotation_id","annotator","created_at","id","image","label","lead_time","updated_at"
5829,"1","2025-07-31T14:41:50.015646Z",14202,"https://iiif.irht.cnrs.fr/iiif/ark:/63955/vgup4yps7t8z/full/1200,/0/default.jpg","",3.889,"2025-07-31T14:41:50.015646Z"
6290,"1","2025-08-04T14:11:46.654599Z",14203,"https://iiif.irht.cnrs.fr/iiif/ark:/63955/vpr96k300i19/full/1200,/0/default.jpg","[{""x"":0,""y"":27.499999999999996,""width"":100,""height"":72.5,""rotation"":0,""rectanglelabels"":[""AC""],""original_width"":1200,""original_height"":1407},{""x"":0,""y"":1.319999999999999,""width"":100,""height"":26.14,""rotation"":0,""rectanglelabels"":[""AF""],""original_width"":1200,""original_height"":1407}]",10.748,"2025-08-04T14:11:46.654599Z"
14905,"1","2025-08-06T09:40:40.466654Z",14204,"https://iiif.irht.cnrs.fr/iiif/ark:/63955/v7gxvci2yvjs/full/1200,/0/default.jpg","[{""rotation"":0,""x"":0.06500000000000394,""y"":1.5300000000000036,""width"":92.57,""height"":97.66,""rectanglelabels"":[""AC""],""original_width"":4256.0,""original_height"":4829.0}]","","2025-08-06T09:40:40.466654Z"
14906,"1","2025-08-06T09:40:40.466654Z",14205,"https://iiif.irht.cnrs.fr/iiif/ark:/63955/vkb8bf2902zr/full/1200,/0/default.jpg","[{""rotation"":0,""x"":0.019999999999997797,""y"":2.7199999999999944,""width"":99.98,""height"":97.28,""rectanglelabels"":[""AI""],""original_width"":4119.0,""original_height"":4829.0}]","","2025-08-06T09:40:40.466654Z"
14907,"1","2025-08-06T09:40:40.466654Z",14206,"https://iiif.irht.cnrs.fr/iiif/ark:/63955/vb5ce6dx7m4o/full/1200,/0/default.jpg","[{""rotation"":0,""x"":0.06500000000000394,""y"":0.7249999999999979,""width"":91.27,""height"":98.45,""rectanglelabels"":[""AF""],""original_width"":4256.0,""original_height"":4829.0}]","","2025-08-06T09:40:40.466654Z"
14908,"1","2025-08-06T09:40:40.466654Z",14207,"https://iiif.irht.cnrs.fr/iiif/ark:/63955/vk0022zxmrix/full/1200,/0/default.jpg","[{""rotation"":0,""x"":0.0,""y"":68.23,""width"":100.0,""height"":31.66,""rectanglelabels"":[""AI""],""original_width"":4119.0,""original_height"":4829.0},{""rotation"":0,""x"":0.019999999999997797,""y"":1.0950000000000015,""width"":99.98,""height"":67.36999999999999,""rectanglelabels"":[""AC""],""original_width"":4119.0,""original_height"":4829.0}]","","2025-08-06T09:40:40.466654Z"
5830,"1","2025-07-31T14:43:28.364212Z",14208,"https://iiif.irht.cnrs.fr/iiif/ark:/63955/v0uc23d435f9/full/1200,/0/default.jpg","[{""x"":0.054999999999999494,""y"":0.9199999999999984,""width"":99.93,""height"":54.476626506024104,""rotation"":0,""rectanglelabels"":[""AF""],""original_width"":1200,""original_height"":1362},{""x"":0,""y"":55.50337349397589,""width"":99.27999999999999,""height"":42.6366265060241,""rotation"":0,""rectanglelabels"":[""AI""],""original_width"":1200,""original_height"":1362}]",12.958,"2025-07-31T14:43:28.364212Z"
14909,"1","2025-08-06T09:40:40.466654Z",14209,"https://iiif.irht.cnrs.fr/iiif/ark:/63955/viufvsmixb2x/full/1200,/0/default.jpg","[{""rotation"":0,""x"":0.0,""y"":2.1150000000000055,""width"":100.0,""height"":97.89,""rectanglelabels"":[""AF""],""original_width"":4119.0,""original_height"":4829.0}]","","2025-08-06T09:40:40.466654Z"
14910,"1","2025-08-06T09:40:40.466654Z",14210,"https://iiif.irht.cnrs.fr/iiif/ark:/63955/vb40b2n3lk3f/full/1200,/0/default.jpg","[{""rotation"":0,""x"":0.0,""y"":2.044999999999997,""width"":90.9,""height"":95.75,""rectanglelabels"":[""AI""],""original_width"":4256.0,""original_height"":4829.0}]","","2025-08-06T09:40:40.466654Z"
14911,"1","2025-08-06T09:40:40.466654Z",14211,"https://iiif.irht.cnrs.fr/iiif/ark:/63955/vx6iabmfrvxm/full/1200,/0/default.jpg","[{""rotation"":0,""x"":0.0,""y"":30.154999999999998,""width"":100.0,""height"":69.59,""rectanglelabels"":[""AI""],""original_width"":4119.0,""original_height"":4829.0},{""rotation"":0,""x"":0.0,""y"":0.6650000000000017,""width"":100.0,""height"":29.75,""rectanglelabels"":[""AF""],""original_width"":4119.0,""original_height"":4829.0}]","","2025-08-06T09:40:40.466654Z"
14912,"1","2025-08-06T09:40:40.466654Z",14212,"https://iiif.irht.cnrs.fr/iiif/ark:/63955/vatexbb8d9ki/full/1200,/0/default.jpg","[{""rotation"":0,""x"":0.15000000000000013,""y"":0.31000000000000194,""width"":99.56,""height"":40.699999999999996,""rectanglelabels"":[""AF""],""original_width"":4256.0,""original_height"":4829.0},{""rotation"":0,""x"":0.06999999999999784,""y"":41.19,""width"":97.98,""height"":56.58,""rectanglelabels"":[""AI""],""original_width"":4256.0,""original_height"":4829.0}]","","2025-08-06T09:40:40.466654Z"
6286,"1","2025-08-04T14:09:44.966693Z",14213,"https://iiif.irht.cnrs.fr/iiif/ark:/63955/v0i068xbd57h/full/1200,/0/default.jpg","[{""x"":0,""y"":72.135,""width"":100,""height"":25.47,""rotation"":0,""rectanglelabels"":[""AI""],""original_width"":1200,""original_height"":1362},{""x"":0.025000000000002798,""y"":0.12000000000000344,""width"":99.21,""height"":72.22,""rotation"":0,""rectanglelabels"":[""AC""],""original_width"":1200,""original_height"":1362}]",4.969,"2025-08-04T14:09:44.966693Z"
14913,"1","2025-08-06T09:40:40.466654Z",14214,"https://iiif.irht.cnrs.fr/iiif/ark:/63955/vavlxy6i2lf9/full/1200,/0/default.jpg","[{""rotation"":0,""x"":0.0,""y"":52.33,""width"":100.0,""height"":47.44,""rectanglelabels"":[""AI""],""original_width"":4119.0,""original_height"":4829.0},{""rotation"":0,""x"":0.0,""y"":0.9749999999999981,""width"":100.0,""height"":51.370000000000005,""rectanglelabels"":[""AF""],""original_width"":4119.0,""original_height"":4829.0}]","","2025-08-06T09:40:40.466654Z"
5831,"1","2025-07-31T14:49:03.186863Z",14215,"https://iiif.irht.cnrs.fr/iiif/ark:/63955/v4pkq5bl3xwx/full/1200,/0/default.jpg","[{""x"":0.09500000000000067,""y"":59.88266302018563,""width"":98.89,""height"":37.61233697981436,""rotation"":0,""rectanglelabels"":[""AI""],""original_width"":1200,""original_height"":1362},{""x"":0.07499999999999732,""y"":0.45499999999999974,""width"":98.46999999999998,""height"":59.62766302018563,""rotation"":0,""rectanglelabels"":[""AF""],""original_width"":1200,""original_height"":1362}]",7.664,"2025-07-31T14:49:03.186863Z"
14914,"1","2025-08-06T09:40:40.466654Z",14216,"https://iiif.irht.cnrs.fr/iiif/ark:/63955/vct9o1mxl57h/full/1200,/0/default.jpg","[{""rotation"":0,""x"":0.0,""y"":1.0550000000000004,""width"":100.0,""height"":59.35,""rectanglelabels"":[""AF""],""original_width"":4119.0,""original_height"":4829.0},{""rotation"":0,""x"":0.0,""y"":60.17,""width"":100.0,""height"":39.56,""rectanglelabels"":[""AI""],""original_width"":4119.0,""original_height"":4829.0}]","","2025-08-06T09:40:40.466654Z"
14915,"1","2025-08-06T09:40:40.466654Z",14217,"https://iiif.irht.cnrs.fr/iiif/ark:/63955/vq5gxnij2rns/full/1200,/0/default.jpg","[{""rotation"":0,""x"":0.0,""y"":0.824999999999998,""width"":91.42,""height"":96.67,""rectanglelabels"":[""AM""],""original_width"":4219.0,""original_height"":4829.0}]","","2025-08-06T09:40:40.466654Z"
14916,"1","2025-08-06T09:40:40.466654Z",14218,"https://iiif.irht.cnrs.fr/iiif/ark:/63955/vceyn02lwzyp/full/1200,/0/default.jpg","[{""rotation"":0,""x"":0.0,""y"":31.670000000000005,""width"":100.0,""height"":67.88,""rectanglelabels"":[""AI""],""original_width"":4119.0,""original_height"":4829.0},{""rotation"":0,""x"":0.024999999999997247,""y"":1.0800000000000005,""width"":99.97,""height"":30.48,""rectanglelabels"":[""AF""],""original_width"":4119.0,""original_height"":4829.0}]","","2025-08-06T09:40:40.466654Z"
14917,"1","2025-08-06T09:40:40.466654Z",14219,"https://iiif.irht.cnrs.fr/iiif/ark:/63955/v8mrvkc1susx/full/1200,/0/default.jpg","[{""rotation"":0,""x"":0.15999999999999903,""y"":0.5350000000000021,""width"":99.46000000000001,""height"":52.53,""rectanglelabels"":[""AF""],""original_width"":4256.0,""original_height"":4829.0},{""rotation"":0,""x"":0.040000000000001146,""y"":53.015,""width"":99.38,""height"":44.41,""rectanglelabels"":[""AI""],""original_width"":4256.0,""original_height"":4829.0}]","","2025-08-06T09:40:40.466654Z"
14918,"1","2025-08-06T09:40:40.466654Z",14220,"https://iiif.irht.cnrs.fr/iiif/ark:/63955/vapkt8nkwgwa/full/1200,/0/default.jpg","[{""rotation"":0,""x"":0.0,""y"":1.1950000000000016,""width"":100.0,""height"":66.83,""rectanglelabels"":[""AF""],""original_width"":4119.0,""original_height"":4829.0},{""rotation"":0,""x"":0.0,""y"":67.775,""width"":100.0,""height"":31.490000000000002,""rectanglelabels"":[""AI""],""original_width"":4119.0,""original_height"":4829.0}]","","2025-08-06T09:40:40.466654Z"
14919,"1","2025-08-06T09:40:40.466654Z",14221,"https://iiif.irht.cnrs.fr/iiif/ark:/63955/vekah66h4wpr/full/1200,/0/default.jpg","[{""rotation"":0,""x"":0.0,""y"":1.6600000000000004,""width"":91.24,""height"":95.88,""rectanglelabels"":[""AM""],""original_width"":4256.0,""original_height"":4829.0}]","","2025-08-06T09:40:40.466654Z"
14920,"1","2025-08-06T09:40:40.466654Z",14222,"https://iiif.irht.cnrs.fr/iiif/ark:/63955/vnlb0n3uf155/full/1200,/0/default.jpg","[{""rotation"":0,""x"":0.004999999999999449,""y"":2.445000000000003,""width"":99.99,""height"":96.45,""rectanglelabels"":[""AM""],""original_width"":4156.0,""original_height"":4829.0}]","","2025-08-06T09:40:40.466654Z"
14921,"1","2025-08-06T09:40:40.466654Z",14223,"https://iiif.irht.cnrs.fr/iiif/ark:/63955/vmyd9jaqfk50/full/1200,/0/default.jpg","[{""rotation"":0,""x"":0.0,""y"":0.43999999999999595,""width"":91.66,""height"":97.34,""rectanglelabels"":[""AM""],""original_width"":4256.0,""original_height"":4829.0}]","","2025-08-06T09:40:40.466654Z"
5832,"1","2025-07-31T14:50:05.074028Z",14224,"https://iiif.irht.cnrs.fr/iiif/ark:/63955/v8qmo4bt0s9v/full/1200,/0/default.jpg","[{""x"":2.3450000000000024,""y"":68.74,""width"":97.50999999999999,""height"":29.24,""rotation"":0,""rectanglelabels"":[""AI""],""original_width"":1200,""original_height"":1440},{""x"":2.364939759036143,""y"":1.0499999999999992,""width"":97.50506024096387,""height"":67.82481927710846,""rotation"":0,""rectanglelabels"":[""AF""],""original_width"":1200,""original_height"":1440}]",13.294,"2025-07-31T14:50:05.074028Z"
14922,"1","2025-08-06T09:40:40.466654Z",14225,"https://iiif.irht.cnrs.fr/iiif/ark:/63955/vvm723czt3mf/full/1200,/0/default.jpg","[{""rotation"":0,""x"":0.004999999999999449,""y"":2.939999999999998,""width"":99.97,""height"":96.2,""rectanglelabels"":[""AM""],""original_width"":4156.0,""original_height"":4829.0}]","","2025-08-06T09:40:40.466654Z"
14923,"1","2025-08-06T09:40:40.466654Z",14226,"https://iiif.irht.cnrs.fr/iiif/ark:/63955/vfn2jhhknm6l/full/1200,/0/default.jpg","[{""rotation"":0,""x"":0.08500000000000174,""y"":0.7550000000000001,""width"":90.27,""height"":96.93,""rectanglelabels"":[""AM""],""original_width"":4256.0,""original_height"":4829.0}]","","2025-08-06T09:40:40.466654Z"
14924,"1","2025-08-06T09:40:40.466654Z",14227,"https://iiif.irht.cnrs.fr/iiif/ark:/63955/v0g4a6kvblqy/full/1200,/0/default.jpg","[{""rotation"":0,""x"":-0.004999999999999449,""y"":2.3399999999999976,""width"":99.97,""height"":95.98,""rectanglelabels"":[""AM""],""original_width"":4156.0,""original_height"":4829.0}]","","2025-08-06T09:40:40.466654Z"
14925,"1","2025-08-06T09:40:40.466654Z",14228,"https://iiif.irht.cnrs.fr/iiif/ark:/63955/vst15sv8fao2/full/1200,/0/default.jpg","[{""rotation"":0,""x"":0.0,""y"":0.30999999999999917,""width"":91.52,""height"":98.26,""rectanglelabels"":[""AM""],""original_width"":4256.0,""original_height"":4829.0}]","","2025-08-06T09:40:40.466654Z"
14926,"1","2025-08-06T09:40:40.466654Z",14229,"https://iiif.irht.cnrs.fr/iiif/ark:/63955/vc7kur7hyshe/full/1200,/0/default.jpg","[{""rotation"":0,""x"":-0.004999999999999449,""y"":1.5750000000000042,""width"":99.97,""height"":98.17,""rectanglelabels"":[""AM""],""original_width"":4156.0,""original_height"":4829.0}]","","2025-08-06T09:40:40.466654Z"
14927,"1","2025-08-06T09:40:40.466654Z",14230,"https://iiif.irht.cnrs.fr/iiif/ark:/63955/vxslinx3evw8/full/1200,/0/default.jpg","[{""rotation"":0,""x"":0.029999999999996696,""y"":0.41999999999999815,""width"":96.22,""height"":98.6,""rectanglelabels"":[""AF""],""original_width"":4256.0,""original_height"":4829.0}]","","2025-08-06T09:40:40.466654Z"
5833,"1","2025-07-31T14:50:25.800557Z",14231,"https://iiif.irht.cnrs.fr/iiif/ark:/63955/vx10taf3yig6/full/1200,/0/default.jpg","[{""x"":0.00499999999999945,""y"":0.7150000000000045,""width"":99.97,""height"":61.629999999999995,""rotation"":0,""rectanglelabels"":[""AC""],""original_width"":1200,""original_height"":1394},{""x"":0,""y"":62.27510015648533,""width"":99.99999999999999,""height"":14.11044201218932,""rotation"":0,""rectanglelabels"":[""AC""],""original_width"":1200,""original_height"":1394},{""x"":0,""y"":76.26506024096383,""width"":99.99999999999997,""height"":23.73493975903617,""rotation"":0,""rectanglelabels"":[""AC""],""original_width"":1200,""original_height"":1394}]",377.549,"2025-08-04T12:19:40.417055Z"
6281,"1","2025-08-04T12:19:48.366347Z",14232,"https://iiif.irht.cnrs.fr/iiif/ark:/63955/v2bx9sw2abz2/full/1200,/0/default.jpg","[{""x"":0.16499999999999848,""y"":0.18500000000000183,""width"":95.93,""height"":31.209999999999997,""rotation"":0,""rectanglelabels"":[""AC""],""original_width"":1200,""original_height"":1362},{""x"":0,""y"":31.265000000000004,""width"":94.56,""height"":67.35,""rotation"":0,""rectanglelabels"":[""AI""],""original_width"":1200,""original_height"":1362}]",15.280000000000001,"2025-08-04T12:19:48.366347Z"
14928,"1","2025-08-06T09:40:40.466654Z",14233,"https://iiif.irht.cnrs.fr/iiif/ark:/63955/vxhpul4qhcni/full/1200,/0/default.jpg","[{""rotation"":0,""x"":-0.004999999999999449,""y"":1.0050000000000003,""width"":99.91,""height"":40.81,""rectanglelabels"":[""AF""],""original_width"":4156.0,""original_height"":4829.0},{""rotation"":0,""x"":0.004999999999999449,""y"":41.86,""width"":99.97,""height"":57.82000000000001,""rectanglelabels"":[""AI""],""original_width"":4156.0,""original_height"":4829.0}]","","2025-08-06T09:40:40.466654Z"
14929,"1","2025-08-06T09:40:40.466654Z",14234,"https://iiif.irht.cnrs.fr/iiif/ark:/63955/vcgtskra1ydc/full/1200,/0/default.jpg","[{""rotation"":0,""x"":0.05999999999999894,""y"":55.545,""width"":96.44,""height"":42.57,""rectanglelabels"":[""AI""],""original_width"":4256.0,""original_height"":4829.0},{""rotation"":0,""x"":0.07999999999999674,""y"":0.2599999999999991,""width"":96.04,""height"":55.42,""rectanglelabels"":[""AF""],""original_width"":4256.0,""original_height"":4829.0}]","","2025-08-06T09:40:40.466654Z"
14930,"1","2025-08-06T09:40:40.466654Z",14235,"https://iiif.irht.cnrs.fr/iiif/ark:/63955/viet8611e02w/full/1200,/0/default.jpg","[{""rotation"":0,""x"":0.05999999999999894,""y"":0.054999999999999494,""width"":94.62,""height"":50.529999999999994,""rectanglelabels"":[""AF""],""original_width"":4256.0,""original_height"":4829.0},{""rotation"":0,""x"":0.030000000000002247,""y"":50.44500000000001,""width"":91.12,""height"":47.449999999999996,""rectanglelabels"":[""AI""],""original_width"":4256.0,""original_height"":4829.0}]","","2025-08-06T09:40:40.466654Z"
14931,"1","2025-08-06T09:40:40.466654Z",14236,"https://iiif.irht.cnrs.fr/iiif/ark:/63955/vwm5spf4oi16/full/1200,/0/default.jpg","[{""rotation"":0,""x"":0.0,""y"":0.6900000000000017,""width"":99.96000000000001,""height"":99.2,""rectanglelabels"":[""AF""],""original_width"":4219.0,""original_height"":4829.0}]","","2025-08-06T09:40:40.466654Z"
14932,"1","2025-08-06T09:40:40.466654Z",14237,"https://iiif.irht.cnrs.fr/iiif/ark:/63955/v7vrbl9n9s0q/full/1200,/0/default.jpg","[{""rotation"":0,""x"":0.004999999999999449,""y"":0.5149999999999988,""width"":89.79,""height"":98.37,""rectanglelabels"":[""AI""],""original_width"":4238.0,""original_height"":4829.0}]","","2025-08-06T09:40:40.466654Z"
14933,"1","2025-08-06T09:40:40.466654Z",14238,"https://iiif.irht.cnrs.fr/iiif/ark:/63955/vltad4cbhp74/full/1200,/0/default.jpg","[{""rotation"":0,""x"":0.0,""y"":36.8,""width"":99.98,""height"":63.1,""rectanglelabels"":[""AI""],""original_width"":4219.0,""original_height"":4829.0},{""rotation"":0,""x"":0.09000000000000119,""y"":1.1950000000000016,""width"":99.78,""height"":35.85,""rectanglelabels"":[""AF""],""original_width"":4219.0,""original_height"":4829.0}]","","2025-08-06T09:40:40.466654Z"
5834,"1","2025-07-31T14:53:26.477274Z",14239,"https://iiif.irht.cnrs.fr/iiif/ark:/63955/vu0ta4is5pz0/full/1200,/0/default.jpg","[{""x"":0.05000000000000003,""y"":36.124819277108436,""width"":97.31449799196784,""height"":62.795180722891544,""rotation"":0,""rectanglelabels"":[""AI""],""original_width"":1200,""original_height"":1367},{""x"":0.18000000000000244,""y"":0.2299999999999996,""width"":97.158734939759,""height"":35.895421686746985,""rotation"":0,""rectanglelabels"":[""AF""],""original_width"":1200,""original_height"":1367}]",18.618,"2025-07-31T14:53:26.477274Z"
14934,"1","2025-08-06T09:40:40.466654Z",14240,"https://iiif.irht.cnrs.fr/iiif/ark:/63955/vgbmqzvi0l4t/full/1200,/0/default.jpg","[{""rotation"":0,""x"":0.6699999999999984,""y"":1.5500000000000014,""width"":99.26,""height"":60.260000000000005,""rectanglelabels"":[""AF""],""original_width"":4219.0,""original_height"":4829.0},{""rotation"":0,""x"":0.22499999999999742,""y"":61.824999999999996,""width"":99.75,""height"":38.03,""rectanglelabels"":[""AI""],""original_width"":4219.0,""original_height"":4829.0}]","","2025-08-06T09:40:40.466654Z"
5835,"1","2025-07-31T14:54:10.252471Z",14241,"https://iiif.irht.cnrs.fr/iiif/ark:/63955/vwhy8tfx1kr1/full/1200,/0/default.jpg","[{""x"":0.18500000000000189,""y"":1.7799999999999987,""width"":93.35,""height"":55.01662650602409,""rotation"":0,""rectanglelabels"":[""AF""],""original_width"":1200,""original_height"":1367},{""x"":0,""y"":56.82000000000003,""width"":93.7830120481928,""height"":31.25228915662649,""rotation"":0,""rectanglelabels"":[""AC""],""original_width"":1200,""original_height"":1367}]",91.846,"2025-08-04T12:23:43.133364Z"
5836,"1","2025-07-31T14:54:15.508661Z",14242,"https://iiif.irht.cnrs.fr/iiif/ark:/63955/vd16vubkuc15/full/1200,/0/default.jpg","",3.848,"2025-07-31T14:54:15.508661Z"
6283,"1","2025-08-04T14:08:39.398685Z",14243,"https://iiif.irht.cnrs.fr/iiif/ark:/63955/vys5tb5ffzbx/full/1200,/0/default.jpg","[{""x"":0.029999999999996696,""y"":0.4599999999999993,""width"":93.42,""height"":98.92,""rotation"":0,""rectanglelabels"":[""AI""],""original_width"":1200,""original_height"":1367}]",15.274999999999999,"2025-08-04T14:08:39.398685Z"
5837,"1","2025-07-31T14:55:46.370455Z",14244,"https://iiif.irht.cnrs.fr/iiif/ark:/63955/vyjrdhsy9uba/full/1200,/0/default.jpg","[{""x"":0,""y"":41.68674698795178,""width"":100.00000000000003,""height"":58.31325301204815,""rotation"":0,""rectanglelabels"":[""AI""],""original_width"":1200,""original_height"":1374},{""x"":0,""y"":0,""width"":100,""height"":41.43172666250941,""rotation"":0,""rectanglelabels"":[""AF""],""original_width"":1200,""original_height"":1374}]",60.988,"2025-07-31T14:55:46.370455Z"
14935,"1","2025-08-06T09:40:40.466654Z",14245,"https://iiif.irht.cnrs.fr/iiif/ark:/63955/v075bsznu4mm/full/1200,/0/default.jpg","[{""rotation"":0,""x"":0.08499999999999619,""y"":0.6950000000000012,""width"":99.57000000000001,""height"":98.47,""rectanglelabels"":[""AF""],""original_width"":4238.0,""original_height"":4829.0}]","","2025-08-06T09:40:40.466654Z"
14936,"1","2025-08-06T09:40:40.466654Z",14246,"https://iiif.irht.cnrs.fr/iiif/ark:/63955/v195yki3s0bi/full/1200,/0/default.jpg","[{""rotation"":0,""x"":7.890000000000002,""y"":47.97,""width"":92.0,""height"":50.1,""rectanglelabels"":[""AI""],""original_width"":4047.0,""original_height"":4856.0},{""rotation"":0,""x"":3.025,""y"":2.209999999999998,""width"":96.81,""height"":45.82,""rectanglelabels"":[""AF""],""original_width"":4047.0,""original_height"":4856.0}]","","2025-08-06T09:40:40.466654Z"
14937,"1","2025-08-06T09:40:40.466654Z",14247,"https://iiif.irht.cnrs.fr/iiif/ark:/63955/vagxgvdg7aeq/full/1200,/0/default.jpg","[{""rotation"":0,""x"":-0.004999999999999449,""y"":65.685,""width"":99.97,""height"":34.07,""rectanglelabels"":[""AI""],""original_width"":4219.0,""original_height"":4829.0},{""rotation"":0,""x"":0.09999999999999454,""y"":2.374999999999999,""width"":99.9,""height"":63.43,""rectanglelabels"":[""AC""],""original_width"":4219.0,""original_height"":4829.0}]","","2025-08-06T09:40:40.466654Z"
14938,"1","2025-08-06T09:40:40.466654Z",14248,"https://iiif.irht.cnrs.fr/iiif/ark:/63955/v1s8uqho2so9/full/1200,/0/default.jpg","[{""rotation"":0,""x"":0.09500000000000064,""y"":50.975,""width"":96.81,""height"":48.230000000000004,""rectanglelabels"":[""AI""],""original_width"":4238.0,""original_height"":4829.0},{""rotation"":0,""x"":0.08000000000000229,""y"":1.21,""width"":99.8,""height"":49.88,""rectanglelabels"":[""AF""],""original_width"":4238.0,""original_height"":4829.0}]","","2025-08-06T09:40:40.466654Z"
14939,"1","2025-08-06T09:40:40.466654Z",14249,"https://iiif.irht.cnrs.fr/iiif/ark:/63955/vx02wow1ajbq/full/1200,/0/default.jpg","[{""rotation"":0,""x"":0.0,""y"":39.510000000000005,""width"":99.94,""height"":60.4,""rectanglelabels"":[""AI""],""original_width"":4219.0,""original_height"":4829.0},{""rotation"":0,""x"":0.4799999999999971,""y"":1.6799999999999982,""width"":99.46000000000001,""height"":37.74,""rectanglelabels"":[""AF""],""original_width"":4219.0,""original_height"":4829.0}]","","2025-08-06T09:40:40.466654Z"
14940,"1","2025-08-06T09:40:40.466654Z",14250,"https://iiif.irht.cnrs.fr/iiif/ark:/63955/vhsmv8t5mk7e/full/1200,/0/default.jpg","[{""rotation"":0,""x"":0.09000000000000119,""y"":34.209999999999994,""width"":99.33999999999999,""height"":65.3,""rectanglelabels"":[""AC""],""original_width"":4238.0,""original_height"":4829.0},{""rotation"":0,""x"":0.004999999999999449,""y"":0.9550000000000003,""width"":99.99,""height"":33.29,""rectanglelabels"":[""AF""],""original_width"":4238.0,""original_height"":4829.0}]","","2025-08-06T09:40:40.466654Z"
14941,"1","2025-08-06T09:40:40.466654Z",14251,"https://iiif.irht.cnrs.fr/iiif/ark:/63955/vs259r71ghzg/full/1200,/0/default.jpg","[{""rotation"":0,""x"":0.16500000000000403,""y"":63.06999999999999,""width"":99.81,""height"":36.84,""rectanglelabels"":[""AI""],""original_width"":4219.0,""original_height"":4829.0},{""rotation"":0,""x"":0.0,""y"":2.4499999999999966,""width"":99.9,""height"":60.660000000000004,""rectanglelabels"":[""AC""],""original_width"":4219.0,""original_height"":4829.0}]","","2025-08-06T09:40:40.466654Z"
14942,"1","2025-08-06T09:40:40.466654Z",14252,"https://iiif.irht.cnrs.fr/iiif/ark:/63955/vjv5gxf096h1/full/1200,/0/default.jpg","[{""rotation"":0,""x"":0.09000000000000119,""y"":43.16499999999999,""width"":98.46000000000001,""height"":56.31,""rectanglelabels"":[""AI""],""original_width"":4238.0,""original_height"":4829.0},{""rotation"":0,""x"":0.09499999999999509,""y"":0.6999999999999978,""width"":99.85000000000001,""height"":42.42,""rectanglelabels"":[""AF""],""original_width"":4238.0,""original_height"":4829.0}]","","2025-08-06T09:40:40.466654Z"
14943,"1","2025-08-06T09:40:40.466654Z",14253,"https://iiif.irht.cnrs.fr/iiif/ark:/63955/vsc9miw6qbzt/full/1200,/0/default.jpg","[{""rotation"":0,""x"":0.10499999999999399,""y"":2.5050000000000017,""width"":99.87,""height"":42.85,""rectanglelabels"":[""AF""],""original_width"":4219.0,""original_height"":4829.0},{""rotation"":0,""x"":0.14499999999999513,""y"":45.76500000000001,""width"":99.81,""height"":54.15,""rectanglelabels"":[""AI""],""original_width"":4219.0,""original_height"":4829.0}]","","2025-08-06T09:40:40.466654Z"
14944,"1","2025-08-06T09:40:40.466654Z",14254,"https://iiif.irht.cnrs.fr/iiif/ark:/63955/vg9koa05aho5/full/1200,/0/default.jpg","[{""rotation"":0,""x"":0.17500000000000293,""y"":0.9949999999999987,""width"":99.21,""height"":40.47,""rectanglelabels"":[""AF""],""original_width"":4238.0,""original_height"":4829.0},{""rotation"":0,""x"":0.14500000000000068,""y"":41.45,""width"":97.95,""height"":58.379999999999995,""rectanglelabels"":[""AI""],""original_width"":4238.0,""original_height"":4829.0}]","","2025-08-06T09:40:40.466654Z"
14945,"1","2025-08-06T09:40:40.466654Z",14255,"https://iiif.irht.cnrs.fr/iiif/ark:/63955/vm5325c9md2z/full/1200,/0/default.jpg","[{""rotation"":0,""x"":0.05999999999999894,""y"":1.9549999999999956,""width"":99.94,""height"":50.57000000000001,""rectanglelabels"":[""AF""],""original_width"":4219.0,""original_height"":4829.0},{""rotation"":0,""x"":0.0,""y"":52.415,""width"":99.92,""height"":47.31,""rectanglelabels"":[""AI""],""original_width"":4219.0,""original_height"":4829.0}]","","2025-08-06T09:40:40.466654Z"
14946,"1","2025-08-06T09:40:40.466654Z",14256,"https://iiif.irht.cnrs.fr/iiif/ark:/63955/vnoijv9uu2b3/full/1200,/0/default.jpg","[{""rotation"":0,""x"":0.11500000000000399,""y"":61.8,""width"":99.63,""height"":36.720000000000006,""rectanglelabels"":[""AI""],""original_width"":4238.0,""original_height"":4829.0},{""rotation"":0,""x"":0.13500000000000179,""y"":0.924999999999998,""width"":99.71,""height"":60.99,""rectanglelabels"":[""AF""],""original_width"":4238.0,""original_height"":4829.0}]","","2025-08-06T09:40:40.466654Z"
14947,"1","2025-08-06T09:40:40.466654Z",14257,"https://iiif.irht.cnrs.fr/iiif/ark:/63955/vm0nytor3j9h/full/1200,/0/default.jpg","[{""rotation"":0,""x"":0.054999999999999494,""y"":-0.004999999999999449,""width"":99.85000000000001,""height"":25.83,""rectanglelabels"":[""AF""],""original_width"":4256.0,""original_height"":4829.0},{""rotation"":0,""x"":0.09000000000000119,""y"":75.39,""width"":95.56,""height"":22.18,""rectanglelabels"":[""AI""],""original_width"":4256.0,""original_height"":4829.0},{""rotation"":0,""x"":0.030000000000002247,""y"":25.81,""width"":91.36,""height"":49.74,""rectanglelabels"":[""AC""],""original_width"":4256.0,""original_height"":4829.0}]","","2025-08-06T09:40:40.466654Z"
14948,"1","2025-08-06T09:40:40.466654Z",14258,"https://iiif.irht.cnrs.fr/iiif/ark:/63955/vnzen4o5tury/full/1200,/0/default.jpg","[{""rotation"":0,""x"":-0.004999999999999449,""y"":52.88,""width"":99.92999999999999,""height"":46.58,""rectanglelabels"":[""AI""],""original_width"":4219.0,""original_height"":4829.0},{""rotation"":0,""x"":0.004999999999999449,""y"":1.5199999999999991,""width"":99.89,""height"":51.28,""rectanglelabels"":[""AF""],""original_width"":4219.0,""original_height"":4829.0}]","","2025-08-06T09:40:40.466654Z"
14949,"1","2025-08-06T09:40:40.466654Z",14259,"https://iiif.irht.cnrs.fr/iiif/ark:/63955/vxu393qn5qau/full/1200,/0/default.jpg","[{""rotation"":0,""x"":0.004999999999999449,""y"":0.8750000000000036,""width"":88.81,""height"":60.92999999999999,""rectanglelabels"":[""AF""],""original_width"":4238.0,""original_height"":4829.0},{""rotation"":0,""x"":0.07499999999999729,""y"":61.56,""width"":99.79,""height"":38.379999999999995,""rectanglelabels"":[""AI""],""original_width"":4238.0,""original_height"":4829.0}]","","2025-08-06T09:40:40.466654Z"
14950,"1","2025-08-06T09:40:40.466654Z",14260,"https://iiif.irht.cnrs.fr/iiif/ark:/63955/v8upiokl0o80/full/1200,/0/default.jpg","[{""rotation"":0,""x"":0.040000000000001146,""y"":1.250000000000001,""width"":99.92,""height"":98.72,""rectanglelabels"":[""AF""],""original_width"":4219.0,""original_height"":4829.0}]","","2025-08-06T09:40:40.466654Z"
14951,"1","2025-08-06T09:40:40.466654Z",14261,"https://iiif.irht.cnrs.fr/iiif/ark:/63955/v2w4r1ymtwkn/full/1200,/0/default.jpg","[{""rotation"":0,""x"":0.10999999999999899,""y"":2.4149999999999947,""width"":98.74000000000001,""height"":97.45,""rectanglelabels"":[""AC""],""original_width"":4238.0,""original_height"":4829.0}]","","2025-08-06T09:40:40.466654Z"
14952,"1","2025-08-06T09:40:40.466654Z",14262,"https://iiif.irht.cnrs.fr/iiif/ark:/63955/v0trqhxgrrpl/full/1200,/0/default.jpg","[{""rotation"":0,""x"":0.004999999999999449,""y"":2.1949999999999967,""width"":99.99,""height"":97.03,""rectanglelabels"":[""AC""],""original_width"":4219.0,""original_height"":4884.0}]","","2025-08-06T09:40:40.466654Z"
14953,"1","2025-08-06T09:40:40.466654Z",14263,"https://iiif.irht.cnrs.fr/iiif/ark:/63955/vh8a2tbq1btx/full/1200,/0/default.jpg","[{""rotation"":0,""x"":0.13500000000000179,""y"":1.2300000000000033,""width"":99.42999999999999,""height"":98.52,""rectanglelabels"":[""AC""],""original_width"":4238.0,""original_height"":4865.0}]","","2025-08-06T09:40:40.466654Z"
14954,"1","2025-08-06T09:40:40.466654Z",14264,"https://iiif.irht.cnrs.fr/iiif/ark:/63955/vflye7sarfal/full/1200,/0/default.jpg","[{""rotation"":0,""x"":0.0,""y"":2.344999999999997,""width"":100.0,""height"":97.17,""rectanglelabels"":[""AI""],""original_width"":4219.0,""original_height"":4884.0}]","","2025-08-06T09:40:40.466654Z"
14955,"1","2025-08-06T09:40:40.466654Z",14265,"https://iiif.irht.cnrs.fr/iiif/ark:/63955/v7124iuw8feg/full/1200,/0/default.jpg","[{""rotation"":0,""x"":0.004999999999999449,""y"":1.154999999999995,""width"":91.27,""height"":98.59,""rectanglelabels"":[""AM""],""original_width"":4238.0,""original_height"":4865.0}]","","2025-08-06T09:40:40.466654Z"
14956,"1","2025-08-06T09:40:40.466654Z",14266,"https://iiif.irht.cnrs.fr/iiif/ark:/63955/vqg916bc08sl/full/1200,/0/default.jpg","[{""rotation"":0,""x"":0.0,""y"":1.1199999999999988,""width"":99.98,""height"":98.22,""rectanglelabels"":[""AM""],""original_width"":4219.0,""original_height"":4884.0}]","","2025-08-06T09:40:40.466654Z"
14957,"1","2025-08-06T09:40:40.474286Z",14267,"https://iiif.irht.cnrs.fr/iiif/ark:/63955/v76szhkfr5nt/full/1200,/0/default.jpg","[{""rotation"":0,""x"":0.0,""y"":0.8750000000000036,""width"":92.5,""height"":99.00999999999999,""rectanglelabels"":[""AM""],""original_width"":4238.0,""original_height"":4865.0}]","","2025-08-06T09:40:40.474286Z"
14958,"1","2025-08-06T09:40:40.474286Z",14268,"https://iiif.irht.cnrs.fr/iiif/ark:/63955/vchndj2emzfv/full/1200,/0/default.jpg","[{""rotation"":0,""x"":1.144999999999996,""y"":3.1100000000000074,""width"":98.79,""height"":96.52,""rectanglelabels"":[""AF""],""original_width"":4010.0,""original_height"":4829.0}]","","2025-08-06T09:40:40.474286Z"
14959,"1","2025-08-06T09:40:40.474286Z",14269,"https://iiif.irht.cnrs.fr/iiif/ark:/63955/v8sb2oji208j/full/1200,/0/default.jpg","[{""rotation"":0,""x"":0.004999999999999449,""y"":2.7500000000000027,""width"":99.97,""height"":96.7,""rectanglelabels"":[""AM""],""original_width"":4256.0,""original_height"":4884.0}]","","2025-08-06T09:40:40.474286Z"
14960,"1","2025-08-06T09:40:40.474286Z",14270,"https://iiif.irht.cnrs.fr/iiif/ark:/63955/vaaplmpufb2l/full/1200,/0/default.jpg","[{""rotation"":0,""x"":-0.004999999999999449,""y"":1.579999999999998,""width"":92.47,""height"":98.08,""rectanglelabels"":[""AM""],""original_width"":4238.0,""original_height"":4865.0}]","","2025-08-06T09:40:40.474286Z"
14961,"1","2025-08-06T09:40:40.474286Z",14271,"https://iiif.irht.cnrs.fr/iiif/ark:/63955/v322oiuu5o2x/full/1200,/0/default.jpg","[{""rotation"":0,""x"":0.0,""y"":2.905000000000002,""width"":99.98,""height"":96.41,""rectanglelabels"":[""AM""],""original_width"":4256.0,""original_height"":4884.0}]","","2025-08-06T09:40:40.474286Z"
14962,"1","2025-08-06T09:40:40.474286Z",14272,"https://iiif.irht.cnrs.fr/iiif/ark:/63955/vz5mjnokw7u6/full/1200,/0/default.jpg","[{""rotation"":0,""x"":-0.004999999999999449,""y"":0.3599999999999992,""width"":92.15,""height"":99.26,""rectanglelabels"":[""AM""],""original_width"":4238.0,""original_height"":4865.0}]","","2025-08-06T09:40:40.474286Z"
14963,"1","2025-08-06T09:40:40.474286Z",14273,"https://iiif.irht.cnrs.fr/iiif/ark:/63955/vxftna8ycu2e/full/1200,/0/default.jpg","[{""rotation"":0,""x"":-0.004999999999999449,""y"":2.7650000000000063,""width"":99.99,""height"":96.61,""rectanglelabels"":[""AF""],""original_width"":4256.0,""original_height"":4884.0}]","","2025-08-06T09:40:40.474286Z"
14964,"1","2025-08-06T09:40:40.474286Z",14274,"https://iiif.irht.cnrs.fr/iiif/ark:/63955/vwrxrl2fn0fs/full/1200,/0/default.jpg","[{""rotation"":0,""x"":0.08000000000000229,""y"":0.26499999999999857,""width"":96.06,""height"":99.41,""rectanglelabels"":[""AI""],""original_width"":4238.0,""original_height"":4865.0}]","","2025-08-06T09:40:40.474286Z"
14965,"1","2025-08-06T09:40:40.474286Z",14275,"https://iiif.irht.cnrs.fr/iiif/ark:/63955/vmygaicidjgs/full/1200,/0/default.jpg","[{""rotation"":0,""x"":0.0,""y"":2.400000000000002,""width"":100.0,""height"":61.18,""rectanglelabels"":[""AF""],""original_width"":4256.0,""original_height"":4884.0},{""rotation"":0,""x"":0.0,""y"":63.48499999999999,""width"":100.0,""height"":34.19,""rectanglelabels"":[""AI""],""original_width"":4256.0,""original_height"":4884.0}]","","2025-08-06T09:40:40.474286Z"
14966,"1","2025-08-06T09:40:40.474286Z",14276,"https://iiif.irht.cnrs.fr/iiif/ark:/63955/vd32l2ff5ucw/full/1200,/0/default.jpg","[{""rotation"":0,""x"":0.21000000000000463,""y"":1.200000000000001,""width"":99.7,""height"":98.54,""rectanglelabels"":[""AF""],""original_width"":4238.0,""original_height"":4865.0}]","","2025-08-06T09:40:40.474286Z"
5838,"1","2025-07-31T15:05:46.140645Z",14277,"https://iiif.irht.cnrs.fr/iiif/ark:/63955/vr3htj5tyxgx/full/1200,/0/default.jpg","",2.76,"2025-07-31T15:05:46.140645Z"
14967,"1","2025-08-06T09:40:40.474286Z",14278,"https://iiif.irht.cnrs.fr/iiif/ark:/63955/vergr9taqmot/full/1200,/0/default.jpg","[{""rotation"":0,""x"":0.13000000000000234,""y"":0.3449999999999953,""width"":98.5,""height"":99.35000000000001,""rectanglelabels"":[""AC""],""original_width"":4238.0,""original_height"":4865.0}]","","2025-08-06T09:40:40.474286Z"
14968,"1","2025-08-06T09:40:40.474286Z",14279,"https://iiif.irht.cnrs.fr/iiif/ark:/63955/v4efni8ourau/full/1200,/0/default.jpg","[{""rotation"":0,""x"":0.08499999999999619,""y"":0.4149999999999987,""width"":95.63000000000001,""height"":76.49000000000001,""rectanglelabels"":[""AC""],""original_width"":4256.0,""original_height"":4829.0},{""rotation"":0,""x"":0.045000000000000595,""y"":77.08,""width"":98.29,""height"":20.54,""rectanglelabels"":[""AI""],""original_width"":4256.0,""original_height"":4829.0}]","","2025-08-06T09:40:40.474286Z"
5839,"1","2025-07-31T15:06:23.873065Z",14280,"https://iiif.irht.cnrs.fr/iiif/ark:/63955/vp9w4p1y2yq6/full/1200,/0/default.jpg","[{""x"":0,""y"":0.9299999999999968,""width"":99.9,""height"":72.40817973788225,""rotation"":0,""rectanglelabels"":[""AC""],""original_width"":1200,""original_height"":1380},{""x"":0.004999999999999449,""y"":73.32499999999999,""width"":99.95,""height"":23.93,""rotation"":0,""rectanglelabels"":[""AI""],""original_width"":1200,""original_height"":1380}]",6.12,"2025-07-31T15:06:23.873065Z"
5840,"1","2025-07-31T15:06:32.730325Z",14281,"https://iiif.irht.cnrs.fr/iiif/ark:/63955/vfjpkdniulwl/full/1200,/0/default.jpg","[{""x"":0.07999999999999674,""y"":77.31,""width"":99.92,""height"":21.2,""rotation"":0,""rectanglelabels"":[""AI""],""original_width"":1200,""original_height"":1384},{""x"":0.12499999999999178,""y"":0.15000000000000013,""width"":99.85000000000002,""height"":77.02285809110266,""rotation"":0,""rectanglelabels"":[""AF""],""original_width"":1200,""original_height"":1384}]",7.84,"2025-07-31T15:06:32.730325Z"
14969,"1","2025-08-06T09:40:40.474286Z",14282,"https://iiif.irht.cnrs.fr/iiif/ark:/63955/v1nuuykhne6w/full/1200,/0/default.jpg","[{""rotation"":0,""x"":0.0,""y"":0.5149999999999988,""width"":99.83999999999999,""height"":71.55,""rectanglelabels"":[""AF""],""original_width"":4256.0,""original_height"":4893.0},{""rotation"":0,""x"":-0.004999999999999449,""y"":72.045,""width"":99.87,""height"":25.790000000000003,""rectanglelabels"":[""AI""],""original_width"":4256.0,""original_height"":4893.0}]","","2025-08-06T09:40:40.474286Z"
14970,"1","2025-08-06T09:40:40.474286Z",14283,"https://iiif.irht.cnrs.fr/iiif/ark:/63955/vbamc9obzuqj/full/1200,/0/default.jpg","[{""rotation"":0,""x"":0.06499999999999839,""y"":48.105,""width"":99.31,""height"":51.21,""rectanglelabels"":[""AI""],""original_width"":4219.0,""original_height"":4865.0},{""rotation"":0,""x"":0.12000000000000344,""y"":0.09000000000000119,""width"":99.42,""height"":48.14,""rectanglelabels"":[""AF""],""original_width"":4219.0,""original_height"":4865.0}]","","2025-08-06T09:40:40.474286Z"
14971,"1","2025-08-06T09:40:40.474286Z",14284,"https://iiif.irht.cnrs.fr/iiif/ark:/63955/vjbx7trtqcue/full/1200,/0/default.jpg","[{""rotation"":0,""x"":0.0,""y"":1.6099999999999948,""width"":99.83999999999999,""height"":51.160000000000004,""rectanglelabels"":[""AF""],""original_width"":4256.0,""original_height"":4893.0},{""rotation"":0,""x"":0.0,""y"":52.855,""width"":99.86,""height"":45.33,""rectanglelabels"":[""AI""],""original_width"":4256.0,""original_height"":4893.0}]","","2025-08-06T09:40:40.474286Z"
14972,"1","2025-08-06T09:40:40.474286Z",14285,"https://iiif.irht.cnrs.fr/iiif/ark:/63955/v7pds606cxin/full/1200,/0/default.jpg","[{""rotation"":0,""x"":0.08500000000000174,""y"":0.4149999999999987,""width"":99.53,""height"":99.35000000000001,""rectanglelabels"":[""AM""],""original_width"":4219.0,""original_height"":4865.0}]","","2025-08-06T09:40:40.474286Z"
14973,"1","2025-08-06T09:40:40.474286Z",14286,"https://iiif.irht.cnrs.fr/iiif/ark:/63955/vjuw86w2wfm8/full/1200,/0/default.jpg","[{""rotation"":0,""x"":0.004999999999999449,""y"":2.094999999999997,""width"":99.87,""height"":96.87,""rectanglelabels"":[""AM""],""original_width"":4256.0,""original_height"":4893.0}]","","2025-08-06T09:40:40.474286Z"
14974,"1","2025-08-06T09:40:40.474286Z",14287,"https://iiif.irht.cnrs.fr/iiif/ark:/63955/vdu14nshi6o8/full/1200,/0/default.jpg","[{""rotation"":0,""x"":0.15000000000000013,""y"":22.645,""width"":99.38,""height"":76.89,""rectanglelabels"":[""AI""],""original_width"":4219.0,""original_height"":4865.0},{""rotation"":0,""x"":0.6450000000000011,""y"":0.04499999999999921,""width"":99.33,""height"":22.57,""rectanglelabels"":[""AF""],""original_width"":4219.0,""original_height"":4865.0}]","","2025-08-06T09:40:40.474286Z"
14975,"1","2025-08-06T09:40:40.474286Z",14288,"https://iiif.irht.cnrs.fr/iiif/ark:/63955/vkgfknsh5f10/full/1200,/0/default.jpg","[{""rotation"":0,""x"":0.004999999999999449,""y"":27.199999999999996,""width"":99.87,""height"":71.7,""rectanglelabels"":[""AI""],""original_width"":4256.0,""original_height"":4893.0},{""rotation"":0,""x"":-0.004999999999999449,""y"":0.9250000000000008,""width"":99.91,""height"":26.27,""rectanglelabels"":[""AF""],""original_width"":4256.0,""original_height"":4893.0}]","","2025-08-06T09:40:40.474286Z"
14976,"1","2025-08-06T09:40:40.474286Z",14289,"https://iiif.irht.cnrs.fr/iiif/ark:/63955/vc969c3oyb2t/full/1200,/0/default.jpg","[{""rotation"":0,""x"":0.24000000000000132,""y"":0.07999999999999952,""width"":99.72,""height"":42.1,""rectanglelabels"":[""AF""],""original_width"":4219.0,""original_height"":4865.0},{""rotation"":0,""x"":0.10499999999999954,""y"":42.19,""width"":98.92999999999999,""height"":56.34,""rectanglelabels"":[""AI""],""original_width"":4219.0,""original_height"":4865.0}]","","2025-08-06T09:40:40.474286Z"
14977,"1","2025-08-06T09:40:40.474286Z",14290,"https://iiif.irht.cnrs.fr/iiif/ark:/63955/ve9o20rma8ys/full/1200,/0/default.jpg","[{""rotation"":0,""x"":1.0100000000000053,""y"":2.859999999999996,""width"":98.92,""height"":96.98,""rectanglelabels"":[""AF""],""original_width"":4010.0,""original_height"":4829.0}]","","2025-08-06T09:40:40.474286Z"
14978,"1","2025-08-06T09:40:40.474286Z",14291,"https://iiif.irht.cnrs.fr/iiif/ark:/63955/vd6g6ozdc7xt/full/1200,/0/default.jpg","[{""rotation"":0,""x"":0.0,""y"":76.08500000000001,""width"":99.76,""height"":23.09,""rectanglelabels"":[""AI""],""original_width"":4256.0,""original_height"":4893.0},{""rotation"":0,""x"":0.0,""y"":27.170000000000005,""width"":99.86,""height"":49.02,""rectanglelabels"":[""AC""],""original_width"":4256.0,""original_height"":4893.0},{""rotation"":0,""x"":0.004999999999999449,""y"":0.4049999999999998,""width"":99.89,""height"":26.790000000000003,""rectanglelabels"":[""AF""],""original_width"":4256.0,""original_height"":4893.0}]","","2025-08-06T09:40:40.474286Z"
14979,"1","2025-08-06T09:40:40.474286Z",14292,"https://iiif.irht.cnrs.fr/iiif/ark:/63955/vnihfznv1o8a/full/1200,/0/default.jpg","[{""rotation"":0,""x"":0.07500000000000284,""y"":0.10499999999999954,""width"":99.71,""height"":62.07,""rectanglelabels"":[""AF""],""original_width"":4219.0,""original_height"":4865.0},{""rotation"":0,""x"":0.0,""y"":62.245,""width"":99.82,""height"":35.63,""rectanglelabels"":[""AI""],""original_width"":4219.0,""original_height"":4865.0}]","","2025-08-06T09:40:40.474286Z"
14980,"1","2025-08-06T09:40:40.474286Z",14293,"https://iiif.irht.cnrs.fr/iiif/ark:/63955/vvhmz6lb8epf/full/1200,/0/default.jpg","[{""rotation"":0,""x"":-0.004999999999999449,""y"":0.9050000000000002,""width"":99.92999999999999,""height"":43.97,""rectanglelabels"":[""AF""],""original_width"":4256.0,""original_height"":4893.0},{""rotation"":0,""x"":0.004999999999999449,""y"":44.86000000000001,""width"":99.85000000000001,""height"":54.16,""rectanglelabels"":[""AI""],""original_width"":4256.0,""original_height"":4893.0}]","","2025-08-06T09:40:40.474286Z"
14981,"1","2025-08-06T09:40:40.474286Z",14294,"https://iiif.irht.cnrs.fr/iiif/ark:/63955/vvv3u8g26apo/full/1200,/0/default.jpg","[{""rotation"":0,""x"":0.06999999999999784,""y"":0.1700000000000007,""width"":99.8,""height"":37.519999999999996,""rectanglelabels"":[""AF""],""original_width"":4219.0,""original_height"":4865.0},{""rotation"":0,""x"":0.10499999999999954,""y"":37.739999999999995,""width"":99.41,""height"":62.08,""rectanglelabels"":[""AI""],""original_width"":4219.0,""original_height"":4865.0}]","","2025-08-06T09:40:40.474286Z"
14982,"1","2025-08-06T09:40:40.474286Z",14295,"https://iiif.irht.cnrs.fr/iiif/ark:/63955/vr5of0p48zzp/full/1200,/0/default.jpg","[{""rotation"":0,""x"":0.0,""y"":37.825,""width"":99.83999999999999,""height"":62.17,""rectanglelabels"":[""AC""],""original_width"":4256.0,""original_height"":4893.0},{""rotation"":0,""x"":0.0,""y"":0.5750000000000005,""width"":99.94,""height"":37.25,""rectanglelabels"":[""AF""],""original_width"":4256.0,""original_height"":4893.0}]","","2025-08-06T09:40:40.474286Z"
14983,"1","2025-08-06T09:40:40.474286Z",14296,"https://iiif.irht.cnrs.fr/iiif/ark:/63955/vlyw7a4lzkgu/full/1200,/0/default.jpg","[{""rotation"":0,""x"":0.0,""y"":0.40000000000000036,""width"":100.0,""height"":61.339999999999996,""rectanglelabels"":[""AC""],""original_width"":4219.0,""original_height"":4865.0},{""rotation"":0,""x"":0.034999999999996145,""y"":61.545,""width"":99.55000000000001,""height"":37.37,""rectanglelabels"":[""AI""],""original_width"":4219.0,""original_height"":4865.0}]","","2025-08-06T09:40:40.474286Z"
14984,"1","2025-08-06T09:40:40.474286Z",14297,"https://iiif.irht.cnrs.fr/iiif/ark:/63955/vna34c9e2x67/full/1200,/0/default.jpg","[{""rotation"":0,""x"":-0.0050000000000050004,""y"":0.40000000000000036,""width"":99.95,""height"":46.94,""rectanglelabels"":[""AF""],""original_width"":4256.0,""original_height"":4893.0},{""rotation"":0,""x"":-0.004999999999999449,""y"":47.16,""width"":99.87,""height"":50.46000000000001,""rectanglelabels"":[""AC""],""original_width"":4256.0,""original_height"":4893.0}]","","2025-08-06T09:40:40.474286Z"
14985,"1","2025-08-06T09:40:40.474286Z",14298,"https://iiif.irht.cnrs.fr/iiif/ark:/63955/vlm8aqgap6wo/full/1200,/0/default.jpg","[{""rotation"":0,""x"":0.045000000000000595,""y"":54.18000000000001,""width"":99.72999999999999,""height"":42.76,""rectanglelabels"":[""AI""],""original_width"":4219.0,""original_height"":4865.0},{""rotation"":0,""x"":0.050000000000000044,""y"":3.0399999999999983,""width"":99.06,""height"":51.2,""rectanglelabels"":[""AC""],""original_width"":4219.0,""original_height"":4865.0}]","","2025-08-06T09:40:40.474286Z"
5841,"1","2025-07-31T15:12:37.910241Z",14299,"https://iiif.irht.cnrs.fr/iiif/ark:/63955/v23y7oyr4sff/full/1200,/0/default.jpg","[{""x"":15.164999999999996,""y"":30.284999999999997,""width"":84.67,""height"":38.97,""rotation"":0,""rectanglelabels"":[""AC""],""original_width"":1200,""original_height"":1380},{""x"":17.060390749601268,""y"":3.2163594757645115,""width"":82.78460925039876,""height"":27.00364052423549,""rotation"":0,""rectanglelabels"":[""AF""],""original_width"":1200,""original_height"":1380},{""x"":15.316004784688996,""y"":69.13500000000006,""width"":84.61899521531102,""height"":28.32182026211768,""rotation"":0,""rectanglelabels"":[""AI""],""original_width"":1200,""original_height"":1380}]",10.37,"2025-07-31T15:12:37.910241Z"
14986,"1","2025-08-06T09:40:40.474286Z",14300,"https://iiif.irht.cnrs.fr/iiif/ark:/63955/vvks5yu352or/full/1200,/0/default.jpg","[{""rotation"":0,""x"":0.09500000000000064,""y"":52.449999999999996,""width"":99.57000000000001,""height"":45.7,""rectanglelabels"":[""AI""],""original_width"":4219.0,""original_height"":4865.0},{""rotation"":0,""x"":0.13999999999999568,""y"":0.16999999999999793,""width"":99.76,""height"":51.92,""rectanglelabels"":[""AF""],""original_width"":4219.0,""original_height"":4865.0}]","","2025-08-06T09:40:40.474286Z"
5842,"1","2025-08-01T07:26:15.146238Z",14301,"https://iiif.irht.cnrs.fr/iiif/ark:/63955/vwcbzrxy6s3k/full/1200,/0/default.jpg","[{""x"":0.05999999999999894,""y"":0.3349999999999964,""width"":89.74,""height"":57.330000000000005,""rotation"":0,""rectanglelabels"":[""AC""],""original_width"":1200,""original_height"":1362},{""x"":0.08000000000000232,""y"":57.589999999999975,""width"":89.91144578313254,""height"":39.739999999999974,""rotation"":0,""rectanglelabels"":[""AI""],""original_width"":1200,""original_height"":1362}]",8.07,"2025-08-01T07:26:15.146238Z"
14987,"1","2025-08-06T09:40:40.474286Z",14302,"https://iiif.irht.cnrs.fr/iiif/ark:/63955/vazhra7x6w09/full/1200,/0/default.jpg","[{""rotation"":0,""x"":0.0,""y"":0.20499999999999963,""width"":99.83999999999999,""height"":55.33,""rectanglelabels"":[""AF""],""original_width"":4256.0,""original_height"":4893.0},{""rotation"":0,""x"":0.0,""y"":55.489999999999995,""width"":99.86,""height"":42.68,""rectanglelabels"":[""AI""],""original_width"":4256.0,""original_height"":4893.0}]","","2025-08-06T09:40:40.474286Z"
14988,"1","2025-08-06T09:40:40.474286Z",14303,"https://iiif.irht.cnrs.fr/iiif/ark:/63955/vv8yt02mgii0/full/1200,/0/default.jpg","[{""rotation"":0,""x"":0.009999999999998899,""y"":0.43999999999999595,""width"":92.92,""height"":99.56,""rectanglelabels"":[""AM""],""original_width"":4219.0,""original_height"":4865.0}]","","2025-08-06T09:40:40.474286Z"
5843,"1","2025-08-01T07:33:25.167350Z",14304,"https://iiif.irht.cnrs.fr/iiif/ark:/63955/vanz5q47fwif/full/1200,/0/default.jpg","[{""x"":12.197771084337347,""y"":0.10403614457831414,""width"":87.6972289156626,""height"":28.410963855421688,""rotation"":0,""rectanglelabels"":[""AF""],""original_width"":1200,""original_height"":1380},{""x"":12.259999999999998,""y"":28.52,""width"":87.6,""height"":71.41999999999999,""rotation"":0,""rectanglelabels"":[""AC""],""original_width"":1200,""original_height"":1380}]",11.202,"2025-08-01T07:33:25.167350Z"
14989,"1","2025-08-06T09:40:40.474286Z",14305,"https://iiif.irht.cnrs.fr/iiif/ark:/63955/vd9pl7vi74dg/full/1200,/0/default.jpg","[{""rotation"":0,""x"":0.08500000000000174,""y"":0.48499999999999654,""width"":99.49,""height"":99.29,""rectanglelabels"":[""AC""],""original_width"":4192.0,""original_height"":4865.0}]","","2025-08-06T09:40:40.474286Z"
5844,"1","2025-08-01T07:33:48.556242Z",14306,"https://iiif.irht.cnrs.fr/iiif/ark:/63955/v27g5twnbxyz/full/1200,/0/default.jpg","[{""x"":0.004999999999999449,""y"":1.859999999999995,""width"":99.85000000000001,""height"":97.98,""rotation"":0,""rectanglelabels"":[""AI""],""original_width"":1200,""original_height"":1380}]",3.101,"2025-08-01T07:33:48.556242Z"
14990,"1","2025-08-06T09:40:40.474286Z",14307,"https://iiif.irht.cnrs.fr/iiif/ark:/63955/vw3p1b5xtkb2/full/1200,/0/default.jpg","[{""rotation"":0,""x"":0.20000000000000018,""y"":0.06000000000000172,""width"":99.78,""height"":25.46,""rectanglelabels"":[""AF""],""original_width"":4192.0,""original_height"":4865.0},{""rotation"":0,""x"":0.055000000000005045,""y"":25.519999999999992,""width"":98.42999999999999,""height"":74.06,""rectanglelabels"":[""AI""],""original_width"":4192.0,""original_height"":4865.0}]","","2025-08-06T09:40:40.474286Z"
14991,"1","2025-08-06T09:40:40.474286Z",14308,"https://iiif.irht.cnrs.fr/iiif/ark:/63955/v9wa4fh9tyc0/full/1200,/0/default.jpg","[{""rotation"":0,""x"":0.0,""y"":1.3499999999999983,""width"":99.88,""height"":49.44,""rectanglelabels"":[""AF""],""original_width"":4256.0,""original_height"":4893.0},{""rotation"":0,""x"":-0.004999999999999449,""y"":50.864999999999995,""width"":99.79,""height"":48.949999999999996,""rectanglelabels"":[""AI""],""original_width"":4256.0,""original_height"":4893.0}]","","2025-08-06T09:40:40.474286Z"
14992,"1","2025-08-06T09:40:40.474286Z",14309,"https://iiif.irht.cnrs.fr/iiif/ark:/63955/vehub5693556/full/1200,/0/default.jpg","[{""rotation"":0,""x"":0.07000000000000339,""y"":0.25499999999999967,""width"":99.72,""height"":47.410000000000004,""rectanglelabels"":[""AF""],""original_width"":4192.0,""original_height"":4865.0},{""rotation"":0,""x"":0.07000000000000339,""y"":47.52,""width"":99.42,""height"":52.32,""rectanglelabels"":[""AI""],""original_width"":4192.0,""original_height"":4865.0}]","","2025-08-06T09:40:40.474286Z"
14993,"1","2025-08-06T09:40:40.474286Z",14310,"https://iiif.irht.cnrs.fr/iiif/ark:/63955/vv6i03bkfetb/full/1200,/0/default.jpg","[{""rotation"":0,""x"":0.0,""y"":0.5899999999999961,""width"":99.86,""height"":73.26,""rectanglelabels"":[""AF""],""original_width"":4256.0,""original_height"":4893.0},{""rotation"":0,""x"":0.004999999999999449,""y"":73.25500000000001,""width"":99.81,""height"":26.229999999999997,""rectanglelabels"":[""AI""],""original_width"":4256.0,""original_height"":4893.0}]","","2025-08-06T09:40:40.474286Z"
14994,"1","2025-08-06T09:40:40.474286Z",14311,"https://iiif.irht.cnrs.fr/iiif/ark:/63955/voyq67k4jkj1/full/1200,/0/default.jpg","[{""rotation"":0,""x"":0.06999999999999784,""y"":0.14500000000000068,""width"":99.46000000000001,""height"":55.19,""rectanglelabels"":[""AF""],""original_width"":4192.0,""original_height"":4865.0},{""rotation"":0,""x"":0.10499999999999954,""y"":55.28999999999999,""width"":99.45,""height"":44.3,""rectanglelabels"":[""AI""],""original_width"":4192.0,""original_height"":4865.0}]","","2025-08-06T09:40:40.474286Z"
5845,"1","2025-08-01T07:34:25.022791Z",14312,"https://iiif.irht.cnrs.fr/iiif/ark:/63955/v9l1dubx1rxl/full/1200,/0/default.jpg","",2.865,"2025-08-01T07:34:25.022791Z"
14995,"1","2025-08-06T09:40:40.474286Z",14313,"https://iiif.irht.cnrs.fr/iiif/ark:/63955/v8r2hfx8qrnz/full/1200,/0/default.jpg","[{""rotation"":0,""x"":0.6200000000000039,""y"":54.315000000000005,""width"":99.3,""height"":45.51,""rectanglelabels"":[""AC""],""original_width"":4010.0,""original_height"":4829.0},{""rotation"":0,""x"":0.8049999999999946,""y"":2.87,""width"":99.09,""height"":51.559999999999995,""rectanglelabels"":[""AF""],""original_width"":4010.0,""original_height"":4829.0}]","","2025-08-06T09:40:40.474286Z"
5846,"1","2025-08-01T07:35:10.147664Z",14314,"https://iiif.irht.cnrs.fr/iiif/ark:/63955/vfv6l4arahmh/full/1200,/0/default.jpg","[{""x"":14.534999999999998,""y"":38.455000000000005,""width"":85.31,""height"":61.529999999999994,""rotation"":0,""rectanglelabels"":[""AC""],""original_width"":1200,""original_height"":1380},{""x"":15.928734939759037,""y"":2.462228915662651,""width"":83.89626506024094,""height"":35.982771084337344,""rotation"":0,""rectanglelabels"":[""AF""],""original_width"":1200,""original_height"":1380}]",8.803,"2025-08-01T07:35:10.163530Z"
14996,"1","2025-08-06T09:40:40.474286Z",14315,"https://iiif.irht.cnrs.fr/iiif/ark:/63955/vznkb7zp1bdz/full/1200,/0/default.jpg","[{""rotation"":0,""x"":0.08000000000000229,""y"":0.21499999999999853,""width"":99.64,""height"":99.41,""rectanglelabels"":[""AI""],""original_width"":4192.0,""original_height"":4865.0}]","","2025-08-06T09:40:40.474286Z"
14997,"1","2025-08-06T09:40:40.474286Z",14316,"https://iiif.irht.cnrs.fr/iiif/ark:/63955/v2k7mor78sm3/full/1200,/0/default.jpg","[{""rotation"":0,""x"":10.724999999999996,""y"":28.254999999999995,""width"":89.09,""height"":71.33,""rectanglelabels"":[""AC""],""original_width"":4256.0,""original_height"":4893.0},{""rotation"":0,""x"":0.004999999999999449,""y"":1.7350000000000003,""width"":99.91,""height"":26.51,""rectanglelabels"":[""AF""],""original_width"":4256.0,""original_height"":4893.0}]","","2025-08-06T09:40:40.474286Z"
14998,"1","2025-08-06T09:40:40.474286Z",14317,"https://iiif.irht.cnrs.fr/iiif/ark:/63955/vz889zirmzq9/full/1200,/0/default.jpg","[{""rotation"":0,""x"":0.004999999999999449,""y"":0.23500000000000187,""width"":93.63,""height"":99.29,""rectanglelabels"":[""AC""],""original_width"":4192.0,""original_height"":4865.0}]","","2025-08-06T09:40:40.474286Z"
14999,"1","2025-08-06T09:40:40.474286Z",14318,"https://iiif.irht.cnrs.fr/iiif/ark:/63955/vk1hkriw5izp/full/1200,/0/default.jpg","[{""rotation"":0,""x"":15.109999999999996,""y"":1.9999999999999962,""width"":84.78,""height"":97.5,""rectanglelabels"":[""AI""],""original_width"":4256.0,""original_height"":4893.0}]","","2025-08-06T09:40:40.474286Z"
15000,"1","2025-08-06T09:40:40.474286Z",14319,"https://iiif.irht.cnrs.fr/iiif/ark:/63955/vpmehtn9gq8o/full/1200,/0/default.jpg","[{""rotation"":0,""x"":0.1250000000000029,""y"":0.040000000000001146,""width"":99.87,""height"":30.04,""rectanglelabels"":[""AF""],""original_width"":4192.0,""original_height"":4865.0},{""rotation"":0,""x"":0.040000000000001146,""y"":30.115000000000002,""width"":98.68,""height"":69.19,""rectanglelabels"":[""AC""],""original_width"":4192.0,""original_height"":4865.0}]","","2025-08-06T09:40:40.474286Z"
15001,"1","2025-08-06T09:40:40.474286Z",14320,"https://iiif.irht.cnrs.fr/iiif/ark:/63955/vzioi9ah0j22/full/1200,/0/default.jpg","[{""rotation"":0,""x"":15.190000000000003,""y"":2.8400000000000034,""width"":84.68,""height"":96.92,""rectanglelabels"":[""AI""],""original_width"":4256.0,""original_height"":4893.0}]","","2025-08-06T09:40:40.474286Z"
15002,"1","2025-08-06T09:40:40.474286Z",14321,"https://iiif.irht.cnrs.fr/iiif/ark:/63955/v0ntjjz1ipr4/full/1200,/0/default.jpg","[{""rotation"":0,""x"":0.2500000000000002,""y"":0.004999999999999449,""width"":99.7,""height"":36.03,""rectanglelabels"":[""AF""],""original_width"":4192.0,""original_height"":4865.0},{""rotation"":0,""x"":0.014999999999998348,""y"":35.48500000000001,""width"":99.75,""height"":63.61,""rectanglelabels"":[""AI""],""original_width"":4192.0,""original_height"":4865.0}]","","2025-08-06T09:40:40.474286Z"
15003,"1","2025-08-06T09:40:40.474286Z",14322,"https://iiif.irht.cnrs.fr/iiif/ark:/63955/v38yqiehr3ha/full/1200,/0/default.jpg","[{""rotation"":0,""x"":0.0,""y"":0.5150000000000016,""width"":99.92,""height"":31.97,""rectanglelabels"":[""AF""],""original_width"":4256.0,""original_height"":4893.0},{""rotation"":0,""x"":0.004999999999999449,""y"":32.455,""width"":99.83,""height"":66.89,""rectanglelabels"":[""AI""],""original_width"":4256.0,""original_height"":4893.0}]","","2025-08-06T09:40:40.474286Z"
15004,"1","2025-08-06T09:40:40.476292Z",14323,"https://iiif.irht.cnrs.fr/iiif/ark:/63955/vrzk1hkljnl7/full/1200,/0/default.jpg","[{""rotation"":0,""x"":0.10499999999999954,""y"":30.035000000000007,""width"":99.19,""height"":69.28999999999999,""rectanglelabels"":[""AI""],""original_width"":4192.0,""original_height"":4865.0},{""rotation"":0,""x"":0.10999999999999899,""y"":0.13500000000000179,""width"":99.26,""height"":29.95,""rectanglelabels"":[""AF""],""original_width"":4192.0,""original_height"":4865.0}]","","2025-08-06T09:40:40.476292Z"
15005,"1","2025-08-06T09:40:40.476292Z",14324,"https://iiif.irht.cnrs.fr/iiif/ark:/63955/vfqz7cafb2co/full/1200,/0/default.jpg","[{""rotation"":0,""x"":0.024999999999997247,""y"":0.17500000000000293,""width"":90.19,""height"":98.81,""rectanglelabels"":[""AC""],""original_width"":4256.0,""original_height"":4829.0}]","","2025-08-06T09:40:40.476292Z"
15006,"1","2025-08-06T09:40:40.476292Z",14325,"https://iiif.irht.cnrs.fr/iiif/ark:/63955/vh5qg795ye97/full/1200,/0/default.jpg","[{""rotation"":0,""x"":0.0,""y"":0.7199999999999984,""width"":99.83999999999999,""height"":68.0,""rectanglelabels"":[""AF""],""original_width"":4301.0,""original_height"":4893.0},{""rotation"":0,""x"":0.0,""y"":68.80999999999999,""width"":99.83999999999999,""height"":28.78,""rectanglelabels"":[""AI""],""original_width"":4301.0,""original_height"":4893.0}]","","2025-08-06T09:40:40.476292Z"
15007,"1","2025-08-06T09:40:40.476292Z",14326,"https://iiif.irht.cnrs.fr/iiif/ark:/63955/vd0qshhvyrny/full/1200,/0/default.jpg","[{""rotation"":0,""x"":0.12999999999999678,""y"":0.16999999999999793,""width"":93.7,""height"":99.68,""rectanglelabels"":[""AM""],""original_width"":4138.0,""original_height"":4865.0}]","","2025-08-06T09:40:40.476292Z"
15008,"1","2025-08-06T09:40:40.476292Z",14327,"https://iiif.irht.cnrs.fr/iiif/ark:/63955/vbofwazjw611/full/1200,/0/default.jpg","[{""rotation"":0,""x"":0.27000000000000357,""y"":28.645,""width"":99.62,""height"":70.77,""rectanglelabels"":[""AI""],""original_width"":4301.0,""original_height"":4893.0},{""rotation"":0,""x"":-0.004999999999999449,""y"":0.8399999999999991,""width"":99.89,""height"":27.779999999999998,""rectanglelabels"":[""AF""],""original_width"":4301.0,""original_height"":4893.0}]","","2025-08-06T09:40:40.476292Z"
5847,"1","2025-08-01T07:44:55.320233Z",14328,"https://iiif.irht.cnrs.fr/iiif/ark:/63955/vxh87n7lwfzw/full/1200,/0/default.jpg","[{""x"":0.0033333333333303017,""y"":3.026084337349394,""width"":87.51833333333333,""height"":84.16060240963859,""rotation"":0,""rectanglelabels"":[""AF""],""original_width"":1200,""original_height"":1411}]",7.276,"2025-08-01T07:44:55.320233Z"
15009,"1","2025-08-06T09:40:40.479805Z",14329,"https://iiif.irht.cnrs.fr/iiif/ark:/63955/v5renmde9bqy/full/1200,/0/default.jpg","[{""rotation"":0,""x"":0.22499999999999742,""y"":61.73500000000001,""width"":99.61,""height"":37.79,""rectanglelabels"":[""AI""],""original_width"":4301.0,""original_height"":4893.0},{""rotation"":0,""x"":0.004999999999999449,""y"":1.8899999999999972,""width"":99.85000000000001,""height"":60.08,""rectanglelabels"":[""AC""],""original_width"":4301.0,""original_height"":4893.0}]","","2025-08-06T09:40:40.479805Z"
15010,"1","2025-08-06T09:40:40.479805Z",14330,"https://iiif.irht.cnrs.fr/iiif/ark:/63955/vrn8q74x86vp/full/1200,/0/default.jpg","[{""rotation"":0,""x"":0.009999999999998899,""y"":56.395,""width"":92.80000000000001,""height"":42.79,""rectanglelabels"":[""AI""],""original_width"":4138.0,""original_height"":4865.0},{""rotation"":0,""x"":0.30999999999999917,""y"":1.0799999999999976,""width"":93.34,""height"":55.400000000000006,""rectanglelabels"":[""AF""],""original_width"":4138.0,""original_height"":4865.0}]","","2025-08-06T09:40:40.479805Z"
5848,"1","2025-08-01T07:45:18.048950Z",14331,"https://iiif.irht.cnrs.fr/iiif/ark:/63955/ve2dmo91n67e/full/1200,/0/default.jpg","[{""x"":16.98897590361446,""y"":2.799999999999997,""width"":82.87602409638556,""height"":93.94746987951808,""rotation"":0,""rectanglelabels"":[""AF""],""original_width"":1200,""original_height"":1365}]",9.94,"2025-08-01T07:45:18.048950Z"
5849,"1","2025-08-01T07:47:47.926223Z",14332,"https://iiif.irht.cnrs.fr/iiif/ark:/63955/vku1y9b9090n/full/1200,/0/default.jpg","[{""x"":0.15500000000000516,""y"":73.7533734939759,""width"":99.83000000000001,""height"":26.116626506024097,""rotation"":0,""rectanglelabels"":[""AC""],""original_width"":1200,""original_height"":1402},{""x"":0.20499999999999963,""y"":0.4500000000000004,""width"":99.78999999999999,""height"":73.06,""rotation"":0,""rectanglelabels"":[""AC""],""original_width"":1200,""original_height"":1402}]",45.711999999999996,"2025-08-04T12:24:56.452470Z"
15011,"1","2025-08-06T09:40:40.479805Z",14333,"https://iiif.irht.cnrs.fr/iiif/ark:/63955/viruno2ujs8m/full/1200,/0/default.jpg","[{""rotation"":0,""x"":8.110000000000001,""y"":2.589999999999998,""width"":91.86,""height"":97.32,""rectanglelabels"":[""AI""],""original_width"":4301.0,""original_height"":4893.0}]","","2025-08-06T09:40:40.479805Z"
15012,"1","2025-08-06T09:40:40.479805Z",14334,"https://iiif.irht.cnrs.fr/iiif/ark:/63955/v6vagwym4c7y/full/1200,/0/default.jpg","[{""rotation"":0,""x"":0.060000000000004494,""y"":24.7,""width"":99.64,""height"":74.56,""rectanglelabels"":[""AI""],""original_width"":4165.0,""original_height"":4865.0},{""rotation"":0,""x"":0.05999999999999894,""y"":0.07500000000000007,""width"":99.94,""height"":24.65,""rectanglelabels"":[""AF""],""original_width"":4165.0,""original_height"":4865.0}]","","2025-08-06T09:40:40.479805Z"
15013,"1","2025-08-06T09:40:40.479805Z",14335,"https://iiif.irht.cnrs.fr/iiif/ark:/63955/vdbfbal4d6d4/full/1200,/0/default.jpg","[{""rotation"":0,""x"":0.5549999999999944,""y"":69.645,""width"":99.39,""height"":29.849999999999998,""rectanglelabels"":[""AI""],""original_width"":4010.0,""original_height"":4829.0},{""rotation"":0,""x"":1.6349999999999976,""y"":2.949999999999997,""width"":98.21,""height"":66.92,""rectanglelabels"":[""AC""],""original_width"":4010.0,""original_height"":4829.0}]","","2025-08-06T09:40:40.479805Z"
15014,"1","2025-08-06T09:40:40.479805Z",14336,"https://iiif.irht.cnrs.fr/iiif/ark:/63955/ve57pf7zgvi7/full/1200,/0/default.jpg","[{""rotation"":0,""x"":0.0,""y"":1.1149999999999993,""width"":99.83999999999999,""height"":29.21,""rectanglelabels"":[""AF""],""original_width"":4301.0,""original_height"":4893.0},{""rotation"":0,""x"":0.0,""y"":30.434999999999995,""width"":99.86,""height"":69.27,""rectanglelabels"":[""AI""],""original_width"":4301.0,""original_height"":4893.0}]","","2025-08-06T09:40:40.479805Z"
15015,"1","2025-08-06T09:40:40.479805Z",14337,"https://iiif.irht.cnrs.fr/iiif/ark:/63955/vp5wszgl82s3/full/1200,/0/default.jpg","[{""rotation"":0,""x"":0.044999999999995044,""y"":57.69,""width"":99.95,""height"":40.62,""rectanglelabels"":[""AI""],""original_width"":4165.0,""original_height"":4865.0},{""rotation"":0,""x"":0.015000000000003899,""y"":0.12999999999999678,""width"":99.92999999999999,""height"":57.54,""rectanglelabels"":[""AF""],""original_width"":4165.0,""original_height"":4865.0}]","","2025-08-06T09:40:40.479805Z"
15016,"1","2025-08-06T09:40:40.479805Z",14338,"https://iiif.irht.cnrs.fr/iiif/ark:/63955/vd80bv4o2328/full/1200,/0/default.jpg","[{""rotation"":0,""x"":0.004999999999999449,""y"":0.6350000000000022,""width"":99.85000000000001,""height"":70.28999999999999,""rectanglelabels"":[""AF""],""original_width"":4301.0,""original_height"":4893.0},{""rotation"":0,""x"":0.004999999999999449,""y"":71.115,""width"":99.83,""height"":26.97,""rectanglelabels"":[""AI""],""original_width"":4301.0,""original_height"":4893.0}]","","2025-08-06T09:40:40.479805Z"
15017,"1","2025-08-06T09:40:40.479805Z",14339,"https://iiif.irht.cnrs.fr/iiif/ark:/63955/vbsnjr3e9b4f/full/1200,/0/default.jpg","[{""rotation"":0,""x"":0.029999999999996696,""y"":54.11,""width"":99.86,""height"":43.8,""rectanglelabels"":[""AI""],""original_width"":4165.0,""original_height"":4865.0},{""rotation"":0,""x"":0.045000000000000595,""y"":0.7950000000000013,""width"":99.77000000000001,""height"":53.37,""rectanglelabels"":[""AF""],""original_width"":4165.0,""original_height"":4865.0}]","","2025-08-06T09:40:40.479805Z"
5850,"1","2025-08-01T07:51:58.755148Z",14340,"https://iiif.irht.cnrs.fr/iiif/ark:/63955/v7xfojoqbs4j/full/1200,/0/default.jpg","[{""x"":0.029999999999996686,""y"":40.37506024096385,""width"":99.86,""height"":57.53493975903613,""rotation"":0,""rectanglelabels"":[""AI""],""original_width"":1200,""original_height"":1365},{""x"":0.045000000000000574,""y"":0.7950000000000016,""width"":99.77000000000002,""height"":39.51457831325301,""rotation"":0,""rectanglelabels"":[""AF""],""original_width"":1200,""original_height"":1365}]",23.659,"2025-08-01T07:51:58.755148Z"
5851,"1","2025-08-01T07:52:13.088455Z",14341,"https://iiif.irht.cnrs.fr/iiif/ark:/63955/vtfey4h16pcy/full/1200,/0/default.jpg","[{""x"":0.0549999999999998,""y"":24.696265060240954,""width"":99.86999999999996,""height"":75.30373493975901,""rotation"":0,""rectanglelabels"":[""AI""],""original_width"":1200,""original_height"":1402},{""x"":0.16000000000000458,""y"":0.08500000000000035,""width"":99.83999999999999,""height"":24.65,""rotation"":0,""rectanglelabels"":[""AF""],""original_width"":1200,""original_height"":1402}]",5.594,"2025-08-01T07:52:13.088455Z"
5852,"1","2025-08-01T07:52:29.037277Z",14342,"https://iiif.irht.cnrs.fr/iiif/ark:/63955/vcvqga0regyb/full/1200,/0/default.jpg","[{""x"":0,""y"":44.70530120481928,""width"":99.83999999999996,""height"":52.45469879518073,""rotation"":0,""rectanglelabels"":[""AI""],""original_width"":1200,""original_height"":1365},{""x"":0.09500000000000061,""y"":0.4250000000000007,""width"":99.72999999999995,""height"":44.354337349397575,""rotation"":0,""rectanglelabels"":[""AF""],""original_width"":1200,""original_height"":1365}]",14.504,"2025-08-01T07:52:29.037277Z"
15018,"1","2025-08-06T09:40:40.479805Z",14343,"https://iiif.irht.cnrs.fr/iiif/ark:/63955/vvmvkd6diq6y/full/1200,/0/default.jpg","[{""rotation"":0,""x"":0.024999999999997247,""y"":23.215000000000003,""width"":99.89,""height"":76.07000000000001,""rectanglelabels"":[""AC""],""original_width"":4165.0,""original_height"":4865.0},{""rotation"":0,""x"":0.16000000000000458,""y"":0.03000000000000086,""width"":99.83999999999999,""height"":23.5,""rectanglelabels"":[""AF""],""original_width"":4165.0,""original_height"":4865.0}]","","2025-08-06T09:40:40.479805Z"
15019,"1","2025-08-06T09:40:40.479805Z",14344,"https://iiif.irht.cnrs.fr/iiif/ark:/63955/v542n68cj7pf/full/1200,/0/default.jpg","[{""rotation"":0,""x"":0.0,""y"":0.31999999999999806,""width"":99.88,""height"":99.1,""rectanglelabels"":[""AC""],""original_width"":4301.0,""original_height"":4893.0}]","","2025-08-06T09:40:40.479805Z"
5853,"1","2025-08-01T07:57:25.567594Z",14345,"https://iiif.irht.cnrs.fr/iiif/ark:/63955/vy5pyw3evfai/full/1200,/0/default.jpg","[{""x"":0.014999999999998343,""y"":61.98885542168675,""width"":99.90999999999998,""height"":36.30614457831325,""rotation"":0,""rectanglelabels"":[""AI""],""original_width"":1200,""original_height"":1402},{""x"":0.054999999999999494,""y"":0.3699999999999981,""width"":99.79,""height"":61.4,""rotation"":0,""rectanglelabels"":[""AC""],""original_width"":1200,""original_height"":1402}]",67.537,"2025-08-01T07:57:25.567594Z"
15020,"1","2025-08-06T09:40:40.479805Z",14346,"https://iiif.irht.cnrs.fr/iiif/ark:/63955/v9uj63ayr9dh/full/1200,/0/default.jpg","[{""rotation"":0,""x"":0.15499999999999958,""y"":0.10999999999999899,""width"":90.33,""height"":48.68,""rectanglelabels"":[""AF""],""original_width"":4256.0,""original_height"":4829.0},{""rotation"":0,""x"":0.07500000000000284,""y"":48.73,""width"":96.31,""height"":48.76,""rectanglelabels"":[""AI""],""original_width"":4256.0,""original_height"":4829.0}]","","2025-08-06T09:40:40.479805Z"
5854,"1","2025-08-01T07:57:43.874239Z",14347,"https://iiif.irht.cnrs.fr/iiif/ark:/63955/vbvwh8e8fcek/full/1200,/0/default.jpg","[{""x"":0.09000000000000119,""y"":0.964999999999999,""width"":99.73999999999998,""height"":52.47963855421687,""rotation"":0,""rectanglelabels"":[""AF""],""original_width"":1200,""original_height"":1365},{""x"":0.004999999999999449,""y"":53.5,""width"":99.87,""height"":43.6,""rotation"":0,""rectanglelabels"":[""AI""],""original_width"":1200,""original_height"":1365}]",8.103,"2025-08-01T07:57:43.874239Z"
5855,"1","2025-08-01T07:57:57.541738Z",14348,"https://iiif.irht.cnrs.fr/iiif/ark:/63955/ve1qne9v3pt8/full/1200,/0/default.jpg","[{""x"":0.27499999999999747,""y"":0.27048192771084356,""width"":94.19325301204819,""height"":40.15951807228913,""rotation"":0,""rectanglelabels"":[""AF""],""original_width"":1200,""original_height"":1414},{""x"":0.06499999999999839,""y"":40.535,""width"":93.91000000000001,""height"":58.95,""rotation"":0,""rectanglelabels"":[""AI""],""original_width"":1200,""original_height"":1414}]",12.417,"2025-08-01T07:57:57.541738Z"
5856,"1","2025-08-01T07:58:20.218617Z",14349,"https://iiif.irht.cnrs.fr/iiif/ark:/63955/ves5i71yij9e/full/1200,/0/default.jpg","[{""x"":16.95283132530136,""y"":3.937048192771078,""width"":83.0471686746986,""height"":92.40542168674702,""rotation"":0,""rectanglelabels"":[""AF""],""original_width"":1200,""original_height"":1365}]",12.78,"2025-08-01T07:58:20.218617Z"
15021,"1","2025-08-06T09:40:40.479805Z",14350,"https://iiif.irht.cnrs.fr/iiif/ark:/63955/vfrmuz16ellf/full/1200,/0/default.jpg","[{""rotation"":0,""x"":0.009999999999998899,""y"":0.18499999999999628,""width"":98.14,""height"":99.07000000000001,""rectanglelabels"":[""AI""],""original_width"":4110.0,""original_height"":4865.0}]","","2025-08-06T09:40:40.479805Z"
15022,"1","2025-08-06T09:40:40.479805Z",14351,"https://iiif.irht.cnrs.fr/iiif/ark:/63955/vc9tm4xby5pr/full/1200,/0/default.jpg","[{""rotation"":0,""x"":0.0,""y"":0.8149999999999991,""width"":99.83999999999999,""height"":46.35,""rectanglelabels"":[""AF""],""original_width"":4301.0,""original_height"":4893.0},{""rotation"":0,""x"":0.004999999999999449,""y"":47.07999999999999,""width"":99.85000000000001,""height"":50.28,""rectanglelabels"":[""AI""],""original_width"":4301.0,""original_height"":4893.0}]","","2025-08-06T09:40:40.479805Z"
15023,"1","2025-08-06T09:40:40.479805Z",14352,"https://iiif.irht.cnrs.fr/iiif/ark:/63955/vb8yc6hwfvb7/full/1200,/0/default.jpg","[{""rotation"":0,""x"":0.0,""y"":0.09000000000000119,""width"":99.53999999999999,""height"":73.48,""rectanglelabels"":[""AF""],""original_width"":4110.0,""original_height"":4865.0},{""rotation"":0,""x"":0.004999999999999449,""y"":73.31500000000001,""width"":99.99,""height"":25.27,""rectanglelabels"":[""AI""],""original_width"":4110.0,""original_height"":4865.0}]","","2025-08-06T09:40:40.479805Z"
15024,"1","2025-08-06T09:40:40.479805Z",14353,"https://iiif.irht.cnrs.fr/iiif/ark:/63955/vi66jck5y0i7/full/1200,/0/default.jpg","[{""rotation"":0,""x"":0.0,""y"":1.1300000000000032,""width"":99.83999999999999,""height"":51.35999999999999,""rectanglelabels"":[""AF""],""original_width"":4301.0,""original_height"":4893.0},{""rotation"":0,""x"":0.0,""y"":52.595000000000006,""width"":99.88,""height"":44.93,""rectanglelabels"":[""AI""],""original_width"":4301.0,""original_height"":4893.0}]","","2025-08-06T09:40:40.479805Z"
15025,"1","2025-08-06T09:40:40.479805Z",14354,"https://iiif.irht.cnrs.fr/iiif/ark:/63955/vu4crgax628e/full/1200,/0/default.jpg","[{""rotation"":0,""x"":0.0,""y"":0.06999999999999784,""width"":99.76,""height"":52.88,""rectanglelabels"":[""AF""],""original_width"":4110.0,""original_height"":4865.0},{""rotation"":0,""x"":0.0,""y"":52.825,""width"":96.04,""height"":45.190000000000005,""rectanglelabels"":[""AI""],""original_width"":4110.0,""original_height"":4865.0}]","","2025-08-06T09:40:40.479805Z"
6284,"1","2025-08-04T14:09:01.344162Z",14355,"https://iiif.irht.cnrs.fr/iiif/ark:/63955/v0klig1ds8vy/full/1200,/0/default.jpg","[{""x"":0,""y"":0.06999999999999781,""width"":99.75999999999998,""height"":48.18120481927713,""rotation"":0,""rectanglelabels"":[""AF""],""original_width"":1200,""original_height"":1365},{""x"":0,""y"":48.36716867469878,""width"":96.03999999999996,""height"":49.64783132530112,""rotation"":0,""rectanglelabels"":[""AI""],""original_width"":1200,""original_height"":1365}]",27.116,"2025-08-04T14:09:01.344162Z"
15026,"1","2025-08-06T09:40:40.479805Z",14356,"https://iiif.irht.cnrs.fr/iiif/ark:/63955/vffb0la03iu8/full/1200,/0/default.jpg","[{""rotation"":0,""x"":0.050000000000000044,""y"":1.920000000000005,""width"":95.8,""height"":97.52,""rectanglelabels"":[""AI""],""original_width"":4110.0,""original_height"":4865.0}]","","2025-08-06T09:40:40.479805Z"
15027,"1","2025-08-06T09:40:40.479805Z",14357,"https://iiif.irht.cnrs.fr/iiif/ark:/63955/v9luj05ldtzp/full/1200,/0/default.jpg","[{""rotation"":0,""x"":2.4900000000000033,""y"":2.72,""width"":97.38,""height"":32.32,""rectanglelabels"":[""AF""],""original_width"":4010.0,""original_height"":4829.0},{""rotation"":0,""x"":0.6900000000000017,""y"":35.11,""width"":99.22,""height"":64.12,""rectanglelabels"":[""AC""],""original_width"":4010.0,""original_height"":4829.0}]","","2025-08-06T09:40:40.479805Z"
15028,"1","2025-08-06T09:40:40.479805Z",14358,"https://iiif.irht.cnrs.fr/iiif/ark:/63955/vulp5iv7ra8c/full/1200,/0/default.jpg","[{""rotation"":0,""x"":0.004999999999999449,""y"":2.0749999999999993,""width"":99.87,""height"":65.13,""rectanglelabels"":[""AF""],""original_width"":4301.0,""original_height"":4893.0},{""rotation"":0,""x"":0.01000000000000445,""y"":67.035,""width"":99.83999999999999,""height"":31.669999999999998,""rectanglelabels"":[""AI""],""original_width"":4301.0,""original_height"":4893.0}]","","2025-08-06T09:40:40.479805Z"
15029,"1","2025-08-06T09:40:40.479805Z",14359,"https://iiif.irht.cnrs.fr/iiif/ark:/63955/vvqtx4m5zlkf/full/1200,/0/default.jpg","[{""rotation"":0,""x"":0.0,""y"":0.17499999999999738,""width"":95.36,""height"":71.67,""rectanglelabels"":[""AF""],""original_width"":4110.0,""original_height"":4865.0},{""rotation"":0,""x"":-0.004999999999999449,""y"":71.61999999999999,""width"":99.22999999999999,""height"":28.199999999999996,""rectanglelabels"":[""AI""],""original_width"":4110.0,""original_height"":4865.0}]","","2025-08-06T09:40:40.479805Z"
5857,"1","2025-08-01T08:04:35.983057Z",14360,"https://iiif.irht.cnrs.fr/iiif/ark:/63955/vxl07l4pgdk2/full/1200,/0/default.jpg","[{""x"":16.865436817472695,""y"":2.3649999999999998,""width"":83.00956318252732,""height"":65.34999999999998,""rotation"":0,""rectanglelabels"":[""AF""],""original_width"":1200,""original_height"":1365},{""x"":16.697667706708266,""y"":72.47659863537392,""width"":83.1773322932917,""height"":26.598401364625836,""rotation"":0,""rectanglelabels"":[""AC""],""original_width"":1200,""original_height"":1365},{""x"":16.536661466458654,""y"":67.71433508768901,""width"":83.4633385335413,""height"":4.545664912310743,""rotation"":0,""rectanglelabels"":[""AC""],""original_width"":1200,""original_height"":1365}]",36.306,"2025-08-01T08:04:35.983057Z"
15030,"1","2025-08-06T09:40:40.479805Z",14361,"https://iiif.irht.cnrs.fr/iiif/ark:/63955/v2plywc85p4w/full/1200,/0/default.jpg","[{""rotation"":0,""x"":0.014999999999998348,""y"":0.42999999999999705,""width"":93.83,""height"":98.66,""rectanglelabels"":[""AI""],""original_width"":4092.0,""original_height"":4865.0}]","","2025-08-06T09:40:40.479805Z"
5858,"1","2025-08-01T08:08:36.553576Z",14362,"https://iiif.irht.cnrs.fr/iiif/ark:/63955/vi2047zpsfmd/full/1200,/0/default.jpg","[{""x"":13.150000000000006,""y"":46.339999999999996,""width"":86.72,""height"":51.68000000000001,""rotation"":0,""rectanglelabels"":[""AI""],""original_width"":1200,""original_height"":1365},{""x"":13.109524180967238,""y"":3.592928459995544,""width"":86.70547581903281,""height"":42.51707154000445,""rotation"":0,""rectanglelabels"":[""AF""],""original_width"":1200,""original_height"":1365}]",234.039,"2025-08-01T08:08:36.553576Z"
5859,"1","2025-08-01T08:08:54.724677Z",14363,"https://iiif.irht.cnrs.fr/iiif/ark:/63955/vfuzkjfx3izt/full/1200,/0/default.jpg","[{""x"":0.08000000000000233,""y"":67.33885542168674,""width"":99.53999999999998,""height"":31.026144578313215,""rotation"":0,""rectanglelabels"":[""AI""],""original_width"":1200,""original_height"":1427},{""x"":0,""y"":0.1749999999999974,""width"":96.71999999999997,""height"":67.0589156626506,""rotation"":0,""rectanglelabels"":[""AF""],""original_width"":1200,""original_height"":1427}]",15.785,"2025-08-01T08:08:54.724677Z"
15031,"1","2025-08-06T09:40:40.479805Z",14364,"https://iiif.irht.cnrs.fr/iiif/ark:/63955/v3xqg6v5brnd/full/1200,/0/default.jpg","[{""rotation"":0,""x"":13.289999999999996,""y"":2.1849999999999925,""width"":86.58,""height"":96.33,""rectanglelabels"":[""AF""],""original_width"":4301.0,""original_height"":4893.0}]","","2025-08-06T09:40:40.479805Z"
15032,"1","2025-08-06T09:40:40.479805Z",14365,"https://iiif.irht.cnrs.fr/iiif/ark:/63955/vrslrhd74rmy/full/1200,/0/default.jpg","[{""rotation"":0,""x"":0.14000000000000123,""y"":0.21999999999999797,""width"":98.02,""height"":99.08,""rectanglelabels"":[""AC""],""original_width"":4092.0,""original_height"":4865.0}]","","2025-08-06T09:40:40.479805Z"
15033,"1","2025-08-06T09:40:40.479805Z",14366,"https://iiif.irht.cnrs.fr/iiif/ark:/63955/vq6i64mo3fs1/full/1200,/0/default.jpg","[{""rotation"":0,""x"":14.519999999999994,""y"":0.9000000000000008,""width"":85.36,""height"":98.76,""rectanglelabels"":[""AC""],""original_width"":4301.0,""original_height"":4893.0}]","","2025-08-06T09:40:40.479805Z"
15034,"1","2025-08-06T09:40:40.479805Z",14367,"https://iiif.irht.cnrs.fr/iiif/ark:/63955/v5881djt0wls/full/1200,/0/default.jpg","[{""rotation"":0,""x"":0.0,""y"":2.1649999999999947,""width"":93.92,""height"":96.77,""rectanglelabels"":[""AI""],""original_width"":4092.0,""original_height"":4865.0}]","","2025-08-06T09:40:40.479805Z"
15035,"1","2025-08-06T09:40:40.479805Z",14368,"https://iiif.irht.cnrs.fr/iiif/ark:/63955/v9azufd1sibm/full/1200,/0/default.jpg","[{""rotation"":0,""x"":0.030000000000002247,""y"":0.2500000000000002,""width"":89.24,""height"":99.0,""rectanglelabels"":[""AC""],""original_width"":4256.0,""original_height"":4829.0}]","","2025-08-06T09:40:40.479805Z"
15036,"1","2025-08-06T09:40:40.479805Z",14369,"https://iiif.irht.cnrs.fr/iiif/ark:/63955/vhdavkfn7ddd/full/1200,/0/default.jpg","[{""rotation"":0,""x"":6.5799999999999965,""y"":2.1499999999999964,""width"":93.30000000000001,""height"":97.36,""rectanglelabels"":[""AF""],""original_width"":4347.0,""original_height"":4893.0}]","","2025-08-06T09:40:40.479805Z"
15037,"1","2025-08-06T09:40:40.479805Z",14370,"https://iiif.irht.cnrs.fr/iiif/ark:/63955/vwkii9lx1n39/full/1200,/0/default.jpg","[{""rotation"":0,""x"":0.009999999999998899,""y"":55.53,""width"":99.58,""height"":43.519999999999996,""rectanglelabels"":[""AI""],""original_width"":4092.0,""original_height"":4865.0},{""rotation"":0,""x"":0.050000000000000044,""y"":2.3550000000000013,""width"":98.61999999999999,""height"":53.23,""rectanglelabels"":[""AC""],""original_width"":4092.0,""original_height"":4865.0}]","","2025-08-06T09:40:40.479805Z"
5860,"1","2025-08-01T08:09:56.915094Z",14371,"https://iiif.irht.cnrs.fr/iiif/ark:/63955/vv5mfyncjgtw/full/1200,/0/default.jpg","[{""x"":0.33500000000000196,""y"":1.4250000000000012,""width"":99.48999999999997,""height"":38.35048192771084,""rotation"":0,""rectanglelabels"":[""AF""],""original_width"":1200,""original_height"":1351},{""x"":0,""y"":39.82885542168674,""width"":99.85999999999999,""height"":60.1461445783132,""rotation"":0,""rectanglelabels"":[""AI""],""original_width"":1200,""original_height"":1351}]",12.314,"2025-08-01T08:09:56.915094Z"
5861,"1","2025-08-01T08:10:09.949841Z",14372,"https://iiif.irht.cnrs.fr/iiif/ark:/63955/vrpg6cnkq1ga/full/1200,/0/default.jpg","[{""x"":0.08499999999999623,""y"":3.2900000000000005,""width"":99.07000000000001,""height"":39.74289156626506,""rotation"":0,""rectanglelabels"":[""AF""],""original_width"":1200,""original_height"":1427},{""x"":0.03999999999999563,""y"":43.1740361445783,""width"":99.16,""height"":55.97096385542169,""rotation"":0,""rectanglelabels"":[""AI""],""original_width"":1200,""original_height"":1427}]",11.782,"2025-08-01T08:10:09.949841Z"
15038,"1","2025-08-06T09:40:40.479805Z",14373,"https://iiif.irht.cnrs.fr/iiif/ark:/63955/vjzj5xls0uo5/full/1200,/0/default.jpg","[{""rotation"":0,""x"":0.004999999999999449,""y"":53.555,""width"":99.87,""height"":45.989999999999995,""rectanglelabels"":[""AI""],""original_width"":4347.0,""original_height"":4893.0},{""rotation"":0,""x"":0.004999999999999449,""y"":1.9550000000000012,""width"":99.81,""height"":51.629999999999995,""rectanglelabels"":[""AF""],""original_width"":4347.0,""original_height"":4893.0}]","","2025-08-06T09:40:40.479805Z"
5862,"1","2025-08-01T08:10:58.334847Z",14374,"https://iiif.irht.cnrs.fr/iiif/ark:/63955/vh335fnl9jdy/full/1200,/0/default.jpg","[{""x"":0.029999999999996724,""y"":50.31222891566266,""width"":99.66000000000001,""height"":49.282771084337256,""rotation"":0,""rectanglelabels"":[""AI""],""original_width"":1200,""original_height"":1427},{""x"":0.10999999999999902,""y"":3.375000000000003,""width"":99.45999999999997,""height"":47.09626506024097,""rotation"":0,""rectanglelabels"":[""AF""],""original_width"":1200,""original_height"":1427}]",7.982,"2025-08-01T08:10:58.334847Z"
5863,"1","2025-08-01T08:11:05.302779Z",14375,"https://iiif.irht.cnrs.fr/iiif/ark:/63955/vzjbm32okc7j/full/1200,/0/default.jpg","[{""x"":-0.004999999999999449,""y"":1.8699999999999994,""width"":99.81,""height"":57.720000000000006,""rotation"":0,""rectanglelabels"":[""AF""],""original_width"":1200,""original_height"":1351},{""x"":0.16999999999999796,""y"":59.78885542168676,""width"":99.67999999999998,""height"":39.806144578313265,""rotation"":0,""rectanglelabels"":[""AI""],""original_width"":1200,""original_height"":1351}]",5.829,"2025-08-01T08:11:05.302779Z"
5864,"1","2025-08-01T08:11:15.098743Z",14376,"https://iiif.irht.cnrs.fr/iiif/ark:/63955/vwcgi4hcsnuv/full/1200,/0/default.jpg","[{""x"":0.13500000000000179,""y"":1.1200000000000043,""width"":99.63,""height"":57.4,""rotation"":0,""rectanglelabels"":[""AF""],""original_width"":1200,""original_height"":1427},{""x"":0.09500000000000064,""y"":58.48337349397591,""width"":99.66999999999997,""height"":41.196626506024074,""rotation"":0,""rectanglelabels"":[""AI""],""original_width"":1200,""original_height"":1427}]",8.7,"2025-08-01T08:11:15.098743Z"
15039,"1","2025-08-06T09:40:40.479805Z",14377,"https://iiif.irht.cnrs.fr/iiif/ark:/63955/vrzaelkxyixh/full/1200,/0/default.jpg","[{""rotation"":0,""x"":0.0,""y"":2.539999999999998,""width"":99.82,""height"":46.26,""rectanglelabels"":[""AF""],""original_width"":4347.0,""original_height"":4893.0},{""rotation"":0,""x"":0.0,""y"":48.495000000000005,""width"":99.9,""height"":50.949999999999996,""rectanglelabels"":[""AI""],""original_width"":4347.0,""original_height"":4893.0}]","","2025-08-06T09:40:40.479805Z"
5865,"1","2025-08-01T08:11:39.530947Z",14378,"https://iiif.irht.cnrs.fr/iiif/ark:/63955/vujlw769fp6r/full/1200,/0/default.jpg","[{""x"":0.06999999999999784,""y"":0.5149999999999988,""width"":99.8,""height"":28.93,""rotation"":0,""rectanglelabels"":[""AF""],""original_width"":1200,""original_height"":1427},{""x"":0,""y"":29.311084337349406,""width"":99.37999999999997,""height"":70.28891566265068,""rotation"":0,""rectanglelabels"":[""AI""],""original_width"":1200,""original_height"":1427}]",5.304,"2025-08-01T08:11:39.530947Z"
15040,"1","2025-08-06T09:40:40.479805Z",14379,"https://iiif.irht.cnrs.fr/iiif/ark:/63955/v2hqcghltyue/full/1200,/0/default.jpg","[{""rotation"":0,""x"":0.9900000000000075,""y"":2.839999999999998,""width"":98.94,""height"":96.38,""rectanglelabels"":[""AC""],""original_width"":4010.0,""original_height"":4829.0}]","","2025-08-06T09:40:40.479805Z"
15041,"1","2025-08-06T09:40:40.479805Z",14380,"https://iiif.irht.cnrs.fr/iiif/ark:/63955/v6owo1pbwk2v/full/1200,/0/default.jpg","[{""rotation"":0,""x"":-0.0050000000000050004,""y"":2.4500000000000006,""width"":99.85000000000001,""height"":24.779999999999998,""rectanglelabels"":[""AF""],""original_width"":4347.0,""original_height"":4893.0},{""rotation"":0,""x"":3.239999999999993,""y"":27.02,""width"":96.64,""height"":72.54,""rectanglelabels"":[""AI""],""original_width"":4347.0,""original_height"":4893.0}]","","2025-08-06T09:40:40.479805Z"
5866,"1","2025-08-01T08:12:08.972642Z",14381,"https://iiif.irht.cnrs.fr/iiif/ark:/63955/vvghfefybxtv/full/1200,/0/default.jpg","[{""x"":0.14000000000000123,""y"":0.1350000000000018,""width"":99.59999999999994,""height"":36.29481927710844,""rotation"":0,""rectanglelabels"":[""AF""],""original_width"":1200,""original_height"":1427},{""x"":0.04000000000000117,""y"":36.2493373493976,""width"":98.41999999999997,""height"":63.54566265060241,""rotation"":0,""rectanglelabels"":[""AC""],""original_width"":1200,""original_height"":1427}]",9.42,"2025-08-01T08:12:08.972642Z"
15042,"1","2025-08-06T09:40:40.479805Z",14382,"https://iiif.irht.cnrs.fr/iiif/ark:/63955/vjp3pzif59mu/full/1200,/0/default.jpg","[{""rotation"":0,""x"":0.004999999999999449,""y"":55.725,""width"":99.89,""height"":41.730000000000004,""rectanglelabels"":[""AI""],""original_width"":4347.0,""original_height"":4893.0},{""rotation"":0,""x"":0.0,""y"":2.445000000000003,""width"":99.88,""height"":53.23,""rectanglelabels"":[""AC""],""original_width"":4347.0,""original_height"":4893.0}]","","2025-08-06T09:40:40.479805Z"
5867,"1","2025-08-01T08:12:18.518482Z",14383,"https://iiif.irht.cnrs.fr/iiif/ark:/63955/v6awvlsgonb5/full/1200,/0/default.jpg","[{""x"":0.05999999999999894,""y"":0.16500000000000126,""width"":99.94,""height"":30.85,""rotation"":0,""rectanglelabels"":[""AF""],""original_width"":1200,""original_height"":1439},{""x"":0,""y"":30.9233734939759,""width"":99.79999999999998,""height"":68.67662650602409,""rotation"":0,""rectanglelabels"":[""AI""],""original_width"":1200,""original_height"":1439}]",4.383,"2025-08-01T08:12:18.518482Z"
5868,"1","2025-08-01T08:14:26.210211Z",14384,"https://iiif.irht.cnrs.fr/iiif/ark:/63955/v4rjkqvhkq19/full/1200,/0/default.jpg","[{""x"":0,""y"":1.5050000000000008,""width"":99.83999999999999,""height"":22.689999999999998,""rotation"":0,""rectanglelabels"":[""AF""],""original_width"":1200,""original_height"":1351},{""x"":0.10999999999999555,""y"":23.870000000000005,""width"":99.89,""height"":76.13,""rotation"":0,""rectanglelabels"":[""AI""],""original_width"":1200,""original_height"":1351}]",5.006,"2025-08-01T08:14:26.210211Z"
5869,"1","2025-08-01T08:14:33.079631Z",14385,"https://iiif.irht.cnrs.fr/iiif/ark:/63955/vtq9c6ems9s2/full/1200,/0/default.jpg","[{""x"":0.004999999999999449,""y"":0.16000000000000458,""width"":99.77000000000001,""height"":52.959999999999994,""rotation"":0,""rectanglelabels"":[""AF""],""original_width"":1200,""original_height"":1439},{""x"":0.1900000000000016,""y"":53.142891566265064,""width"":99.81,""height"":46.72,""rotation"":0,""rectanglelabels"":[""AI""],""original_width"":1200,""original_height"":1439}]",5.513,"2025-08-01T08:14:33.079631Z"
5870,"1","2025-08-01T08:14:53.797546Z",14386,"https://iiif.irht.cnrs.fr/iiif/ark:/63955/v5nox3clfhq7/full/1200,/0/default.jpg","[{""x"":17.09096385542169,""y"":3.291084337349395,""width"":82.78903614457825,""height"":93.25879518072293,""rotation"":0,""rectanglelabels"":[""AF""],""original_width"":1200,""original_height"":1351}]",14.059,"2025-08-01T08:14:53.797546Z"
15043,"1","2025-08-06T09:40:40.479805Z",14387,"https://iiif.irht.cnrs.fr/iiif/ark:/63955/v1aywsintshj/full/1200,/0/default.jpg","[{""rotation"":0,""x"":0.004999999999999449,""y"":0.7150000000000045,""width"":99.59,""height"":98.72999999999999,""rectanglelabels"":[""AC""],""original_width"":4056.0,""original_height"":4865.0}]","","2025-08-06T09:40:40.479805Z"
6285,"1","2025-08-04T14:09:17.883651Z",14388,"https://iiif.irht.cnrs.fr/iiif/ark:/63955/v1tqgfip7luv/full/1200,/0/default.jpg","[{""x"":0.004999999999999449,""y"":0.7150000000000045,""width"":99.59,""height"":98.72999999999999,""rotation"":0,""rectanglelabels"":[""AI""],""original_width"":1200,""original_height"":1351}]",18.537,"2025-08-04T14:09:17.883651Z"
15044,"1","2025-08-06T09:40:40.479805Z",14389,"https://iiif.irht.cnrs.fr/iiif/ark:/63955/v9symde44m5e/full/1200,/0/default.jpg","[{""rotation"":0,""x"":0.015000000000003899,""y"":0.24500000000000077,""width"":98.41,""height"":73.69,""rectanglelabels"":[""AF""],""original_width"":4056.0,""original_height"":4865.0},{""rotation"":0,""x"":0.0,""y"":74.51,""width"":100.0,""height"":25.28,""rectanglelabels"":[""AI""],""original_width"":4056.0,""original_height"":4865.0}]","","2025-08-06T09:40:40.479805Z"
5871,"1","2025-08-01T08:16:23.582629Z",14390,"https://iiif.irht.cnrs.fr/iiif/ark:/63955/vtefyztsyj19/full/1200,/0/default.jpg","[{""x"":0.015000000000003894,""y"":0.24500000000000063,""width"":99.985,""height"":99.75500000000001,""rotation"":0,""rectanglelabels"":[""AF""],""original_width"":1200,""original_height"":1362}]",12.664000000000001,"2025-08-01T08:16:23.582629Z"
15045,"1","2025-08-06T09:40:40.479805Z",14391,"https://iiif.irht.cnrs.fr/iiif/ark:/63955/vk263pzv6jw0/full/1200,/0/default.jpg","[{""rotation"":0,""x"":0.3049999999999997,""y"":1.100000000000001,""width"":99.55000000000001,""height"":55.02,""rectanglelabels"":[""AF""],""original_width"":4347.0,""original_height"":4893.0},{""rotation"":0,""x"":-0.004999999999999449,""y"":55.75,""width"":99.89,""height"":41.199999999999996,""rectanglelabels"":[""AI""],""original_width"":4347.0,""original_height"":4893.0}]","","2025-08-06T09:40:40.479805Z"
15046,"1","2025-08-06T09:40:40.479805Z",14392,"https://iiif.irht.cnrs.fr/iiif/ark:/63955/v9cfr2mcwimp/full/1200,/0/default.jpg","[{""rotation"":0,""x"":0.0,""y"":0.044999999999995044,""width"":99.16,""height"":99.55000000000001,""rectanglelabels"":[""AM""],""original_width"":4056.0,""original_height"":4865.0}]","","2025-08-06T09:40:40.479805Z"
15047,"1","2025-08-06T09:40:40.479805Z",14393,"https://iiif.irht.cnrs.fr/iiif/ark:/63955/vg83vc7hil2k/full/1200,/0/default.jpg","[{""rotation"":0,""x"":-0.004999999999999449,""y"":0.8299999999999974,""width"":99.89,""height"":98.76,""rectanglelabels"":[""AM""],""original_width"":4347.0,""original_height"":4893.0}]","","2025-08-06T09:40:40.479805Z"
15048,"1","2025-08-06T09:40:40.479805Z",14394,"https://iiif.irht.cnrs.fr/iiif/ark:/63955/vs5ar0hbxhk9/full/1200,/0/default.jpg","[{""rotation"":0,""x"":0.054999999999999494,""y"":0.26000000000000467,""width"":98.95,""height"":99.44,""rectanglelabels"":[""AM""],""original_width"":4056.0,""original_height"":4865.0}]","","2025-08-06T09:40:40.479805Z"
15049,"1","2025-08-06T09:40:40.479805Z",14395,"https://iiif.irht.cnrs.fr/iiif/ark:/63955/vwcbjp81byij/full/1200,/0/default.jpg","[{""rotation"":0,""x"":0.0,""y"":0.42500000000000315,""width"":99.88,""height"":99.03,""rectanglelabels"":[""AM""],""original_width"":4347.0,""original_height"":4893.0}]","","2025-08-06T09:40:40.479805Z"
15050,"1","2025-08-06T09:40:40.479805Z",14396,"https://iiif.irht.cnrs.fr/iiif/ark:/63955/v1ew8veuyym3/full/1200,/0/default.jpg","[{""rotation"":0,""x"":0.07500000000000284,""y"":0.054999999999999494,""width"":97.50999999999999,""height"":99.81,""rectanglelabels"":[""AF""],""original_width"":4056.0,""original_height"":4865.0}]","","2025-08-06T09:40:40.479805Z"
15051,"1","2025-08-06T09:40:40.479805Z",14397,"https://iiif.irht.cnrs.fr/iiif/ark:/63955/v9e4qp18aa5m/full/1200,/0/default.jpg","[{""rotation"":0,""x"":0.0,""y"":2.5600000000000014,""width"":99.88,""height"":96.28,""rectanglelabels"":[""AC""],""original_width"":4347.0,""original_height"":4893.0}]","","2025-08-06T09:40:40.479805Z"
15052,"1","2025-08-06T09:40:40.479805Z",14398,"https://iiif.irht.cnrs.fr/iiif/ark:/63955/vmpbvqnt97uo/full/1200,/0/default.jpg","[{""rotation"":0,""x"":-0.004999999999999449,""y"":0.12000000000000344,""width"":94.67,""height"":99.53999999999999,""rectanglelabels"":[""AI""],""original_width"":4056.0,""original_height"":4865.0}]","","2025-08-06T09:40:40.479805Z"
15053,"1","2025-08-06T09:40:40.479805Z",14399,"https://iiif.irht.cnrs.fr/iiif/ark:/63955/v33khyigllqz/full/1200,/0/default.jpg","[{""rotation"":0,""x"":12.294999999999995,""y"":1.4200000000000046,""width"":87.57000000000001,""height"":97.3,""rectanglelabels"":[""AF""],""original_width"":4347.0,""original_height"":4893.0}]","","2025-08-06T09:40:40.479805Z"
15054,"1","2025-08-06T09:40:40.479805Z",14400,"https://iiif.irht.cnrs.fr/iiif/ark:/63955/vphpqp01vmnk/full/1200,/0/default.jpg","[{""rotation"":0,""x"":-0.0050000000000050004,""y"":0.19500000000000073,""width"":96.63000000000001,""height"":99.39,""rectanglelabels"":[""AI""],""original_width"":4056.0,""original_height"":4865.0}]","","2025-08-06T09:40:40.479805Z"
15055,"1","2025-08-06T09:40:40.479805Z",14401,"https://iiif.irht.cnrs.fr/iiif/ark:/63955/viwowyge93gr/full/1200,/0/default.jpg","[{""rotation"":0,""x"":0.720000000000004,""y"":2.2949999999999973,""width"":99.1,""height"":97.23,""rectanglelabels"":[""AM""],""original_width"":4019.0,""original_height"":4829.0}]","","2025-08-06T09:40:40.479805Z"
15056,"1","2025-08-06T09:40:40.479805Z",14402,"https://iiif.irht.cnrs.fr/iiif/ark:/63955/vyjblckt79wb/full/1200,/0/default.jpg","[{""rotation"":0,""x"":0.0,""y"":0.7500000000000007,""width"":99.86,""height"":97.89999999999999,""rectanglelabels"":[""AF""],""original_width"":4347.0,""original_height"":4893.0}]","","2025-08-06T09:40:40.479805Z"
15057,"1","2025-08-06T09:40:40.479805Z",14403,"https://iiif.irht.cnrs.fr/iiif/ark:/63955/vte9bvvxlun3/full/1200,/0/default.jpg","[{""rotation"":0,""x"":0.07999999999999674,""y"":0.21999999999999797,""width"":99.26,""height"":99.46000000000001,""rectanglelabels"":[""AI""],""original_width"":4056.0,""original_height"":4865.0}]","","2025-08-06T09:40:40.479805Z"
15058,"1","2025-08-06T09:40:40.479805Z",14404,"https://iiif.irht.cnrs.fr/iiif/ark:/63955/vketkfo7385m/full/1200,/0/default.jpg","[{""rotation"":0,""x"":0.004999999999999449,""y"":1.3400000000000023,""width"":99.83,""height"":52.019999999999996,""rectanglelabels"":[""AF""],""original_width"":4347.0,""original_height"":4893.0},{""rotation"":0,""x"":0.004999999999999449,""y"":53.185,""width"":99.85000000000001,""height"":46.01,""rectanglelabels"":[""AI""],""original_width"":4347.0,""original_height"":4893.0}]","","2025-08-06T09:40:40.479805Z"
15059,"1","2025-08-06T09:40:40.479805Z",14405,"https://iiif.irht.cnrs.fr/iiif/ark:/63955/vjrz4l6dhh6w/full/1200,/0/default.jpg","[{""rotation"":0,""x"":0.004999999999999449,""y"":0.41999999999999815,""width"":97.55,""height"":60.040000000000006,""rectanglelabels"":[""AF""],""original_width"":4056.0,""original_height"":4865.0},{""rotation"":0,""x"":0.02000000000000335,""y"":60.365,""width"":97.11999999999999,""height"":39.129999999999995,""rectanglelabels"":[""AI""],""original_width"":4056.0,""original_height"":4865.0}]","","2025-08-06T09:40:40.479805Z"
15060,"1","2025-08-06T09:40:40.479805Z",14406,"https://iiif.irht.cnrs.fr/iiif/ark:/63955/vrismfeh2h2g/full/1200,/0/default.jpg","[{""rotation"":0,""x"":0.12999999999999678,""y"":1.579999999999998,""width"":99.76,""height"":65.38000000000001,""rectanglelabels"":[""AF""],""original_width"":4347.0,""original_height"":4893.0},{""rotation"":0,""x"":0.0,""y"":66.655,""width"":99.88,""height"":30.55,""rectanglelabels"":[""AI""],""original_width"":4347.0,""original_height"":4893.0}]","","2025-08-06T09:40:40.479805Z"
15061,"1","2025-08-06T09:40:40.483814Z",14407,"https://iiif.irht.cnrs.fr/iiif/ark:/63955/vamwyuz60mqr/full/1200,/0/default.jpg","[{""rotation"":0,""x"":0.030000000000002247,""y"":0.4000000000000059,""width"":99.7,""height"":99.53999999999999,""rectanglelabels"":[""AF""],""original_width"":4056.0,""original_height"":4865.0}]","","2025-08-06T09:40:40.483814Z"
15062,"1","2025-08-06T09:40:40.483814Z",14408,"https://iiif.irht.cnrs.fr/iiif/ark:/63955/vlucs8uafr1x/full/1200,/0/default.jpg","[{""rotation"":0,""x"":-0.004999999999999449,""y"":2.429999999999999,""width"":99.89,""height"":97.34,""rectanglelabels"":[""AC""],""original_width"":4347.0,""original_height"":4893.0}]","","2025-08-06T09:40:40.483814Z"
15063,"1","2025-08-06T09:40:40.483814Z",14409,"https://iiif.irht.cnrs.fr/iiif/ark:/63955/vjocx5ff8wpv/full/1200,/0/default.jpg","[{""rotation"":0,""x"":0.054999999999999494,""y"":0.7199999999999984,""width"":99.79,""height"":59.28,""rectanglelabels"":[""AC""],""original_width"":4056.0,""original_height"":4865.0},{""rotation"":0,""x"":0.10000000000000009,""y"":59.585,""width"":99.8,""height"":40.25,""rectanglelabels"":[""AI""],""original_width"":4056.0,""original_height"":4865.0}]","","2025-08-06T09:40:40.483814Z"
15064,"1","2025-08-06T09:40:40.483814Z",14410,"https://iiif.irht.cnrs.fr/iiif/ark:/63955/vsoprvpelh0g/full/1200,/0/default.jpg","[{""rotation"":0,""x"":0.019999999999997797,""y"":0.7900000000000018,""width"":99.88,""height"":64.14,""rectanglelabels"":[""AF""],""original_width"":4347.0,""original_height"":4893.0},{""rotation"":0,""x"":0.35499999999999976,""y"":64.705,""width"":99.49,""height"":34.71,""rectanglelabels"":[""AI""],""original_width"":4347.0,""original_height"":4893.0}]","","2025-08-06T09:40:40.483814Z"
15065,"1","2025-08-06T09:40:40.483814Z",14411,"https://iiif.irht.cnrs.fr/iiif/ark:/63955/vuspo24g41zs/full/1200,/0/default.jpg","[{""rotation"":0,""x"":0.029999999999996696,""y"":0.11499999999999844,""width"":99.56,""height"":99.61,""rectanglelabels"":[""AM""],""original_width"":4056.0,""original_height"":4865.0}]","","2025-08-06T09:40:40.483814Z"
15066,"1","2025-08-06T09:40:40.483814Z",14412,"https://iiif.irht.cnrs.fr/iiif/ark:/63955/vus7be1a9g3n/full/1200,/0/default.jpg","[{""rotation"":0,""x"":0.015000000000003899,""y"":0.15499999999999958,""width"":90.35,""height"":98.17,""rectanglelabels"":[""AM""],""original_width"":4256.0,""original_height"":4829.0}]","","2025-08-06T09:40:40.483814Z"
15067,"1","2025-08-06T09:40:40.483814Z",14413,"https://iiif.irht.cnrs.fr/iiif/ark:/63955/vexytc6p22iq/full/1200,/0/default.jpg","[{""rotation"":0,""x"":0.0,""y"":0.8750000000000036,""width"":99.88,""height"":65.16999999999999,""rectanglelabels"":[""AF""],""original_width"":4347.0,""original_height"":4893.0},{""rotation"":0,""x"":-0.0050000000000050004,""y"":65.845,""width"":99.85000000000001,""height"":31.11,""rectanglelabels"":[""AI""],""original_width"":4347.0,""original_height"":4893.0}]","","2025-08-06T09:40:40.483814Z"
15068,"1","2025-08-06T09:40:40.483814Z",14414,"https://iiif.irht.cnrs.fr/iiif/ark:/63955/vralgo7yoosh/full/1200,/0/default.jpg","[{""rotation"":0,""x"":-0.0050000000000050004,""y"":69.97,""width"":99.95,""height"":29.720000000000002,""rectanglelabels"":[""AI""],""original_width"":4056.0,""original_height"":4865.0},{""rotation"":0,""x"":0.07999999999999674,""y"":0.13000000000000234,""width"":99.56,""height"":69.69999999999999,""rectanglelabels"":[""AF""],""original_width"":4056.0,""original_height"":4865.0}]","","2025-08-06T09:40:40.483814Z"
15069,"1","2025-08-06T09:40:40.483814Z",14415,"https://iiif.irht.cnrs.fr/iiif/ark:/63955/vdhjhxnjxgxu/full/1200,/0/default.jpg","[{""rotation"":0,""x"":-0.004999999999999449,""y"":1.385000000000003,""width"":99.83,""height"":98.55000000000001,""rectanglelabels"":[""AF""],""original_width"":4347.0,""original_height"":4893.0}]","","2025-08-06T09:40:40.483814Z"
15070,"1","2025-08-06T09:40:40.483814Z",14416,"https://iiif.irht.cnrs.fr/iiif/ark:/63955/vfr7mh9oz0f9/full/1200,/0/default.jpg","[{""rotation"":0,""x"":0.07000000000000339,""y"":0.3200000000000036,""width"":98.4,""height"":99.52,""rectanglelabels"":[""AC""],""original_width"":4056.0,""original_height"":4865.0}]","","2025-08-06T09:40:40.483814Z"
15071,"1","2025-08-06T09:40:40.483814Z",14417,"https://iiif.irht.cnrs.fr/iiif/ark:/63955/vlwxtumhm3u3/full/1200,/0/default.jpg","[{""rotation"":0,""x"":0.18999999999999573,""y"":3.005000000000002,""width"":99.66000000000001,""height"":63.33,""rectanglelabels"":[""AC""],""original_width"":4347.0,""original_height"":4893.0},{""rotation"":0,""x"":0.004999999999999449,""y"":66.165,""width"":99.85000000000001,""height"":31.330000000000002,""rectanglelabels"":[""AI""],""original_width"":4347.0,""original_height"":4893.0}]","","2025-08-06T09:40:40.483814Z"
15072,"1","2025-08-06T09:40:40.483814Z",14418,"https://iiif.irht.cnrs.fr/iiif/ark:/63955/vmc1avyrst6j/full/1200,/0/default.jpg","[{""rotation"":0,""x"":0.050000000000000044,""y"":0.5850000000000022,""width"":99.74,""height"":99.22999999999999,""rectanglelabels"":[""AF""],""original_width"":4038.0,""original_height"":4865.0}]","","2025-08-06T09:40:40.483814Z"
15073,"1","2025-08-06T09:40:40.483814Z",14419,"https://iiif.irht.cnrs.fr/iiif/ark:/63955/v0s0ag0av9ws/full/1200,/0/default.jpg","[{""rotation"":0,""x"":0.0,""y"":2.7849999999999984,""width"":99.86,""height"":96.89,""rectanglelabels"":[""AC""],""original_width"":4347.0,""original_height"":4893.0}]","","2025-08-06T09:40:40.483814Z"
15074,"1","2025-08-06T09:40:40.483814Z",14420,"https://iiif.irht.cnrs.fr/iiif/ark:/63955/v7pmt79w1djd/full/1200,/0/default.jpg","[{""rotation"":0,""x"":0.034999999999996145,""y"":0.10999999999999899,""width"":99.97,""height"":65.78,""rectanglelabels"":[""AC""],""original_width"":4038.0,""original_height"":4865.0},{""rotation"":0,""x"":0.05999999999999894,""y"":65.8,""width"":99.86,""height"":33.98,""rectanglelabels"":[""AI""],""original_width"":4038.0,""original_height"":4865.0}]","","2025-08-06T09:40:40.483814Z"
15075,"1","2025-08-06T09:40:40.483814Z",14421,"https://iiif.irht.cnrs.fr/iiif/ark:/63955/veu8cl16rl7k/full/1200,/0/default.jpg","[{""rotation"":0,""x"":0.05999999999999894,""y"":0.41999999999999815,""width"":99.8,""height"":66.0,""rectanglelabels"":[""AF""],""original_width"":4347.0,""original_height"":4893.0},{""rotation"":0,""x"":0.004999999999999449,""y"":66.33,""width"":99.89,""height"":33.06,""rectanglelabels"":[""AI""],""original_width"":4347.0,""original_height"":4893.0}]","","2025-08-06T09:40:40.483814Z"
5872,"1","2025-08-01T08:20:37.957206Z",14422,"https://iiif.irht.cnrs.fr/iiif/ark:/63955/vmh0mrwvno2d/full/1200,/0/default.jpg","[{""x"":0.0049999999999994615,""y"":63.10771084337349,""width"":99.90999999999998,""height"":36.79228915662647,""rotation"":0,""rectanglelabels"":[""AI""],""original_width"":1200,""original_height"":1453},{""x"":0,""y"":0.20499999999999963,""width"":97.94,""height"":63.029999999999994,""rotation"":0,""rectanglelabels"":[""AF""],""original_width"":1200,""original_height"":1453}]",4.774,"2025-08-01T08:20:37.957206Z"
15076,"1","2025-08-06T09:40:40.483814Z",14423,"https://iiif.irht.cnrs.fr/iiif/ark:/63955/vmyyftlku0ia/full/1200,/0/default.jpg","[{""rotation"":0,""x"":0.07500000000000284,""y"":0.11499999999999844,""width"":99.81,""height"":99.49,""rectanglelabels"":[""Table""],""original_width"":4256.0,""original_height"":4829.0}]","","2025-08-06T09:40:40.483814Z"
15077,"1","2025-08-06T09:40:40.483814Z",14424,"https://iiif.irht.cnrs.fr/iiif/ark:/63955/vv2npul8wvrs/full/1200,/0/default.jpg","[{""rotation"":0,""x"":0.5250000000000032,""y"":2.7100000000000013,""width"":99.31,""height"":96.58,""rectanglelabels"":[""AM""],""original_width"":4019.0,""original_height"":4829.0}]","","2025-08-06T09:40:40.483814Z"
15078,"1","2025-08-06T09:40:40.483814Z",14425,"https://iiif.irht.cnrs.fr/iiif/ark:/63955/vbvkksmxczb6/full/1200,/0/default.jpg","[{""rotation"":0,""x"":0.004999999999999449,""y"":0.17500000000000293,""width"":99.89,""height"":99.53,""rectanglelabels"":[""AM""],""original_width"":4347.0,""original_height"":4893.0}]","","2025-08-06T09:40:40.483814Z"
15079,"1","2025-08-06T09:40:40.483814Z",14426,"https://iiif.irht.cnrs.fr/iiif/ark:/63955/v8osavkv24hj/full/1200,/0/default.jpg","[{""rotation"":0,""x"":0.0,""y"":0.14500000000000068,""width"":99.88,""height"":69.05,""rectanglelabels"":[""AF""],""original_width"":4019.0,""original_height"":4865.0},{""rotation"":0,""x"":0.004999999999999449,""y"":68.95,""width"":99.91,""height"":30.86,""rectanglelabels"":[""AI""],""original_width"":4019.0,""original_height"":4865.0}]","","2025-08-06T09:40:40.483814Z"
15080,"1","2025-08-06T09:40:40.483814Z",14427,"https://iiif.irht.cnrs.fr/iiif/ark:/63955/v53b2yyq1c2w/full/1200,/0/default.jpg","[{""rotation"":0,""x"":0.0,""y"":0.379999999999997,""width"":99.9,""height"":99.33999999999999,""rectanglelabels"":[""AM""],""original_width"":4347.0,""original_height"":4893.0}]","","2025-08-06T09:40:40.483814Z"
15081,"1","2025-08-06T09:40:40.483814Z",14428,"https://iiif.irht.cnrs.fr/iiif/ark:/63955/vwmpik1iw8rl/full/1200,/0/default.jpg","[{""rotation"":0,""x"":0.004999999999999449,""y"":0.17500000000000016,""width"":99.89,""height"":44.91,""rectanglelabels"":[""AF""],""original_width"":4019.0,""original_height"":4865.0},{""rotation"":0,""x"":0.0,""y"":45.044999999999995,""width"":99.58,""height"":54.89000000000001,""rectanglelabels"":[""AI""],""original_width"":4019.0,""original_height"":4865.0}]","","2025-08-06T09:40:40.483814Z"
15082,"1","2025-08-06T09:40:40.483814Z",14429,"https://iiif.irht.cnrs.fr/iiif/ark:/63955/v11glwiqe1wh/full/1200,/0/default.jpg","[{""rotation"":0,""x"":0.0,""y"":0.38499999999999923,""width"":99.86,""height"":48.11,""rectanglelabels"":[""AF""],""original_width"":4347.0,""original_height"":4893.0},{""rotation"":0,""x"":0.0,""y"":48.38,""width"":99.9,""height"":49.74,""rectanglelabels"":[""AC""],""original_width"":4347.0,""original_height"":4893.0}]","","2025-08-06T09:40:40.483814Z"
15083,"1","2025-08-06T09:40:40.483814Z",14430,"https://iiif.irht.cnrs.fr/iiif/ark:/63955/vcygbphnreke/full/1200,/0/default.jpg","[{""rotation"":0,""x"":0.004999999999999449,""y"":0.5000000000000004,""width"":99.87,""height"":51.54,""rectanglelabels"":[""AC""],""original_width"":4019.0,""original_height"":4865.0},{""rotation"":0,""x"":-0.004999999999999449,""y"":51.975,""width"":99.92999999999999,""height"":47.99,""rectanglelabels"":[""AI""],""original_width"":4019.0,""original_height"":4865.0}]","","2025-08-06T09:40:40.483814Z"
15084,"1","2025-08-06T09:40:40.483814Z",14431,"https://iiif.irht.cnrs.fr/iiif/ark:/63955/v43z5mvedggf/full/1200,/0/default.jpg","[{""rotation"":0,""x"":0.004999999999999449,""y"":42.199999999999996,""width"":99.91,""height"":56.10000000000001,""rectanglelabels"":[""AI""],""original_width"":4347.0,""original_height"":4893.0},{""rotation"":0,""x"":0.054999999999999494,""y"":1.9949999999999997,""width"":99.83,""height"":40.17,""rectanglelabels"":[""AF""],""original_width"":4347.0,""original_height"":4893.0}]","","2025-08-06T09:40:40.483814Z"
15085,"1","2025-08-06T09:40:40.483814Z",14432,"https://iiif.irht.cnrs.fr/iiif/ark:/63955/vw2cetqgp8to/full/1200,/0/default.jpg","[{""rotation"":0,""x"":0.0,""y"":30.835000000000008,""width"":99.82,""height"":68.49,""rectanglelabels"":[""AI""],""original_width"":4019.0,""original_height"":4865.0},{""rotation"":0,""x"":0.004999999999999449,""y"":0.10999999999999899,""width"":99.99,""height"":30.64,""rectanglelabels"":[""AF""],""original_width"":4019.0,""original_height"":4865.0}]","","2025-08-06T09:40:40.483814Z"
15086,"1","2025-08-06T09:40:40.483814Z",14433,"https://iiif.irht.cnrs.fr/iiif/ark:/63955/vp5d6t5lekph/full/1200,/0/default.jpg","[{""rotation"":0,""x"":0.004999999999999449,""y"":22.535000000000004,""width"":99.85000000000001,""height"":76.01,""rectanglelabels"":[""AC""],""original_width"":4347.0,""original_height"":4893.0},{""rotation"":0,""x"":0.0,""y"":0.20499999999999963,""width"":99.83999999999999,""height"":22.35,""rectanglelabels"":[""AF""],""original_width"":4347.0,""original_height"":4893.0}]","","2025-08-06T09:40:40.483814Z"
5873,"1","2025-08-01T08:22:38.227649Z",14434,"https://iiif.irht.cnrs.fr/iiif/ark:/63955/vjv3eahvqwrs/full/1200,/0/default.jpg","[{""x"":0.11000000000000536,""y"":76.7124096385542,""width"":99.89,""height"":23.287590361445755,""rotation"":0,""rectanglelabels"":[""AI""],""original_width"":1200,""original_height"":1453},{""x"":0,""y"":0.495000000000001,""width"":99.9,""height"":76.11,""rotation"":0,""rectanglelabels"":[""AC""],""original_width"":1200,""original_height"":1453}]",7.209,"2025-08-01T08:22:38.227649Z"
15087,"1","2025-08-06T09:40:40.483814Z",14435,"https://iiif.irht.cnrs.fr/iiif/ark:/63955/vjoq0204jryc/full/1200,/0/default.jpg","[{""rotation"":0,""x"":0.02000000000000335,""y"":0.09500000000000064,""width"":91.25999999999999,""height"":98.31,""rectanglelabels"":[""AM""],""original_width"":4256.0,""original_height"":4829.0}]","","2025-08-06T09:40:40.483814Z"
15088,"1","2025-08-06T09:40:40.483814Z",14436,"https://iiif.irht.cnrs.fr/iiif/ark:/63955/v96l0nb8hzxm/full/1200,/0/default.jpg","[{""rotation"":0,""x"":0.0,""y"":1.8899999999999972,""width"":99.9,""height"":97.7,""rectanglelabels"":[""AF""],""original_width"":4347.0,""original_height"":4893.0}]","","2025-08-06T09:40:40.483814Z"
15089,"1","2025-08-06T09:40:40.483814Z",14437,"https://iiif.irht.cnrs.fr/iiif/ark:/63955/vd4gjpu3ecn9/full/1200,/0/default.jpg","[{""rotation"":0,""x"":0.0,""y"":60.589999999999996,""width"":99.94,""height"":39.32,""rectanglelabels"":[""AI""],""original_width"":4019.0,""original_height"":4865.0},{""rotation"":0,""x"":0.0,""y"":0.38499999999999646,""width"":99.86,""height"":60.57,""rectanglelabels"":[""AC""],""original_width"":4019.0,""original_height"":4865.0}]","","2025-08-06T09:40:40.483814Z"
15090,"1","2025-08-06T09:40:40.483814Z",14438,"https://iiif.irht.cnrs.fr/iiif/ark:/63955/vf2jxx9uo23v/full/1200,/0/default.jpg","[{""rotation"":0,""x"":0.15499999999999958,""y"":1.1800000000000006,""width"":99.71,""height"":39.46,""rectanglelabels"":[""AF""],""original_width"":4347.0,""original_height"":4893.0},{""rotation"":0,""x"":-0.0050000000000050004,""y"":40.64499999999999,""width"":99.85000000000001,""height"":58.93000000000001,""rectanglelabels"":[""AI""],""original_width"":4347.0,""original_height"":4893.0}]","","2025-08-06T09:40:40.483814Z"
15091,"1","2025-08-06T09:40:40.483814Z",14439,"https://iiif.irht.cnrs.fr/iiif/ark:/63955/vo3izc0y9nbe/full/1200,/0/default.jpg","[{""rotation"":0,""x"":-0.004999999999999449,""y"":22.59,""width"":99.72999999999999,""height"":77.4,""rectanglelabels"":[""AI""],""original_width"":4019.0,""original_height"":4865.0},{""rotation"":0,""x"":0.655,""y"":0.4250000000000004,""width"":99.25,""height"":22.31,""rectanglelabels"":[""AF""],""original_width"":4019.0,""original_height"":4865.0}]","","2025-08-06T09:40:40.483814Z"
5874,"1","2025-08-01T08:24:12.978125Z",14440,"https://iiif.irht.cnrs.fr/iiif/ark:/63955/v3v3xyiamrpo/full/1200,/0/default.jpg","[{""x"":0.004999999999999449,""y"":0.605,""width"":99.87,""height"":68.31,""rotation"":0,""rectanglelabels"":[""AF""],""original_width"":1200,""original_height"":1351},{""x"":0.13999999999999801,""y"":69.01355421686746,""width"":99.86,""height"":27.79,""rotation"":0,""rectanglelabels"":[""AI""],""original_width"":1200,""original_height"":1351}]",4.989,"2025-08-01T08:24:12.978125Z"
15092,"1","2025-08-06T09:40:40.483814Z",14441,"https://iiif.irht.cnrs.fr/iiif/ark:/63955/vbnmlhbnl6bp/full/1200,/0/default.jpg","[{""rotation"":0,""x"":0.31499999999999306,""y"":0.42999999999999705,""width"":99.67,""height"":53.900000000000006,""rectanglelabels"":[""AF""],""original_width"":3983.0,""original_height"":4865.0},{""rotation"":0,""x"":0.10000000000000009,""y"":53.955,""width"":99.8,""height"":45.95,""rectanglelabels"":[""AI""],""original_width"":3983.0,""original_height"":4865.0}]","","2025-08-06T09:40:40.483814Z"
5875,"1","2025-08-01T08:24:24.748057Z",14442,"https://iiif.irht.cnrs.fr/iiif/ark:/63955/vpb1p9bclpgh/full/1200,/0/default.jpg","[{""x"":0.2650000000000041,""y"":0.9000000000000008,""width"":99.59,""height"":42.34,""rotation"":0,""rectanglelabels"":[""AF""],""original_width"":1200,""original_height"":1351},{""x"":0.1356425702811245,""y"":43.33289156626506,""width"":99.86,""height"":55.779999999999994,""rotation"":0,""rectanglelabels"":[""AC""],""original_width"":1200,""original_height"":1351}]",4.55,"2025-08-01T08:24:24.748057Z"
15093,"1","2025-08-06T09:40:40.483814Z",14443,"https://iiif.irht.cnrs.fr/iiif/ark:/63955/vtegbo23ere1/full/1200,/0/default.jpg","[{""rotation"":0,""x"":0.0,""y"":0.0,""width"":100.0,""height"":100.0,""rectanglelabels"":[""NIA""],""original_width"":2048.0,""original_height"":2048.0}]","","2025-08-06T09:40:40.483814Z"
15094,"1","2025-08-06T09:40:40.483814Z",14444,"https://iiif.irht.cnrs.fr/iiif/ark:/63955/vd0jon4uztkb/full/1200,/0/default.jpg","[{""rotation"":0,""x"":0.0,""y"":0.0,""width"":100.0,""height"":100.0,""rectanglelabels"":[""NIA""],""original_width"":2048.0,""original_height"":2048.0}]","","2025-08-06T09:40:40.483814Z"
15095,"1","2025-08-06T09:40:40.483814Z",14445,"https://iiif.irht.cnrs.fr/iiif/ark:/63955/vyarzl0fonbq/full/1200,/0/default.jpg","[{""rotation"":0,""x"":0.2950000000000008,""y"":54.105000000000004,""width"":99.55000000000001,""height"":45.59,""rectanglelabels"":[""AI""],""original_width"":4019.0,""original_height"":4829.0},{""rotation"":0,""x"":0.16500000000000403,""y"":3.005000000000002,""width"":99.63,""height"":51.01,""rectanglelabels"":[""AF""],""original_width"":4019.0,""original_height"":4829.0}]","","2025-08-06T09:40:40.483814Z"
15096,"1","2025-08-06T09:40:40.483814Z",14446,"https://iiif.irht.cnrs.fr/iiif/ark:/63955/vb1lw9hs1acp/full/1200,/0/default.jpg","[{""rotation"":0,""x"":0.050000000000000044,""y"":27.590000000000003,""width"":98.14,""height"":70.16,""rectanglelabels"":[""AC""],""original_width"":4256.0,""original_height"":4829.0},{""rotation"":0,""x"":0.17499999999999738,""y"":0.050000000000000044,""width"":96.73,""height"":27.46,""rectanglelabels"":[""AF""],""original_width"":4256.0,""original_height"":4829.0}]","","2025-08-06T09:40:40.483814Z"
15097,"1","2025-08-06T09:40:40.485819Z",14447,"https://iiif.irht.cnrs.fr/iiif/ark:/63955/v1cs1hbtgosq/full/1200,/0/default.jpg","[{""rotation"":0,""x"":0.46499999999999875,""y"":69.69,""width"":99.45,""height"":29.799999999999997,""rectanglelabels"":[""AI""],""original_width"":4019.0,""original_height"":4829.0},{""rotation"":0,""x"":0.10499999999999954,""y"":0.7050000000000001,""width"":99.75,""height"":69.13,""rectanglelabels"":[""AC""],""original_width"":4019.0,""original_height"":4829.0}]","","2025-08-06T09:40:40.485819Z"
15098,"1","2025-08-06T09:40:40.485819Z",14448,"https://iiif.irht.cnrs.fr/iiif/ark:/63955/vfrbg704jrfk/full/1200,/0/default.jpg","[{""rotation"":0,""x"":0.050000000000000044,""y"":0.0,""width"":91.12,""height"":99.08,""rectanglelabels"":[""AF""],""original_width"":4256.0,""original_height"":4829.0}]","","2025-08-06T09:40:40.485819Z"
15099,"1","2025-08-06T09:40:40.485819Z",14449,"https://iiif.irht.cnrs.fr/iiif/ark:/63955/vcbuu4w5gl6s/full/1200,/0/default.jpg","[{""rotation"":0,""x"":1.535000000000003,""y"":1.0350000000000026,""width"":98.27,""height"":98.47,""rectanglelabels"":[""AC""],""original_width"":4019.0,""original_height"":4829.0}]","","2025-08-06T09:40:40.485819Z"
5876,"1","2025-08-01T08:25:07.324361Z",14450,"https://iiif.irht.cnrs.fr/iiif/ark:/63955/ve8aq2qeugum/full/1200,/0/default.jpg","[{""x"":0.10000000000000013,""y"":58.085,""width"":91.85277108433732,""height"":39.429999999999986,""rotation"":0,""rectanglelabels"":[""AI""],""original_width"":1200,""original_height"":1356},{""x"":0.054999999999999494,""y"":0.8599999999999997,""width"":91.85,""height"":57.24,""rotation"":0,""rectanglelabels"":[""AC""],""original_width"":1200,""original_height"":1356}]",4.66,"2025-08-01T08:25:07.324361Z"
15100,"1","2025-08-06T09:40:40.485819Z",14451,"https://iiif.irht.cnrs.fr/iiif/ark:/63955/vsausedjtyw5/full/1200,/0/default.jpg","[{""rotation"":0,""x"":0.275000000000003,""y"":2.114999999999995,""width"":99.57000000000001,""height"":97.85000000000001,""rectanglelabels"":[""AF""],""original_width"":4019.0,""original_height"":4829.0}]","","2025-08-06T09:40:40.485819Z"
5877,"1","2025-08-01T08:25:17.140187Z",14452,"https://iiif.irht.cnrs.fr/iiif/ark:/63955/vtq9qwpc3iqb/full/1200,/0/default.jpg","[{""x"":0,""y"":0.8199999999999985,""width"":89.94,""height"":97.88,""rotation"":0,""rectanglelabels"":[""AI""],""original_width"":1200,""original_height"":1356}]",6.502,"2025-08-01T08:25:17.140187Z"
15101,"1","2025-08-06T09:40:40.485819Z",14453,"https://iiif.irht.cnrs.fr/iiif/ark:/63955/vkbk6mhhd4qy/full/1200,/0/default.jpg","[{""rotation"":0,""x"":-0.004999999999999449,""y"":2.9900000000000038,""width"":99.97,""height"":97.0,""rectanglelabels"":[""Table""],""original_width"":3992.0,""original_height"":4856.0}]","","2025-08-06T09:40:40.485819Z"
15102,"1","2025-08-06T09:40:40.485819Z",14454,"https://iiif.irht.cnrs.fr/iiif/ark:/63955/vtgejv80pvs0/full/1200,/0/default.jpg","[{""rotation"":0,""x"":0.3650000000000042,""y"":2.7000000000000024,""width"":99.41,""height"":47.18,""rectanglelabels"":[""AF""],""original_width"":4019.0,""original_height"":4829.0},{""rotation"":0,""x"":1.8350000000000033,""y"":49.47500000000001,""width"":97.92999999999999,""height"":50.349999999999994,""rectanglelabels"":[""AI""],""original_width"":4019.0,""original_height"":4829.0}]","","2025-08-06T09:40:40.485819Z"
15103,"1","2025-08-06T09:40:40.485819Z",14455,"https://iiif.irht.cnrs.fr/iiif/ark:/63955/vple34721dvr/full/1200,/0/default.jpg","[{""rotation"":0,""x"":0.09500000000000064,""y"":0.16499999999999848,""width"":89.42999999999999,""height"":98.99,""rectanglelabels"":[""AF""],""original_width"":4274.0,""original_height"":4829.0}]","","2025-08-06T09:40:40.485819Z"
5878,"1","2025-08-01T08:26:05.631353Z",14456,"https://iiif.irht.cnrs.fr/iiif/ark:/63955/vmlocxrvo3o4/full/1200,/0/default.jpg","",2.903,"2025-08-01T08:26:05.631353Z"
15104,"1","2025-08-06T09:40:40.485819Z",14457,"https://iiif.irht.cnrs.fr/iiif/ark:/63955/vh70q7ql0qal/full/1200,/0/default.jpg","[{""rotation"":0,""x"":0.035000000000001696,""y"":0.18499999999999628,""width"":87.81,""height"":98.47,""rectanglelabels"":[""AI""],""original_width"":4274.0,""original_height"":4829.0}]","","2025-08-06T09:40:40.485819Z"
5879,"1","2025-08-01T08:26:31.489421Z",14458,"https://iiif.irht.cnrs.fr/iiif/ark:/63955/v4eqcgrpcjbx/full/1200,/0/default.jpg","[{""x"":1.36,""y"":2.3949999999999996,""width"":98.43999999999996,""height"":29.632168674698807,""rotation"":0,""rectanglelabels"":[""AF""],""original_width"":1200,""original_height"":1442},{""x"":0,""y"":31.89957831325301,""width"":99.81999999999996,""height"":67.80542168674698,""rotation"":0,""rectanglelabels"":[""AC""],""original_width"":1200,""original_height"":1442}]",9.282,"2025-08-01T08:26:31.489421Z"
15105,"1","2025-08-06T09:40:40.485819Z",14459,"https://iiif.irht.cnrs.fr/iiif/ark:/63955/v7ovyjk27pje/full/1200,/0/default.jpg","[{""rotation"":0,""x"":0.06499999999999839,""y"":0.379999999999997,""width"":92.61,""height"":98.76,""rectanglelabels"":[""AC""],""original_width"":4274.0,""original_height"":4829.0}]","","2025-08-06T09:40:40.485819Z"
5880,"1","2025-08-01T08:27:11.930202Z",14460,"https://iiif.irht.cnrs.fr/iiif/ark:/63955/vp9mfvn5689k/full/1200,/0/default.jpg","[{""x"":0.10999999999999899,""y"":2.950000000000003,""width"":99.72,""height"":96.89999999999999,""rotation"":0,""rectanglelabels"":[""AI""],""original_width"":1200,""original_height"":1442}]",3.102,"2025-08-01T08:27:11.930202Z"
15106,"1","2025-08-06T09:40:40.485819Z",14461,"https://iiif.irht.cnrs.fr/iiif/ark:/63955/vyl0qbd9magb/full/1200,/0/default.jpg","[{""rotation"":0,""x"":0.004999999999999449,""y"":0.5950000000000011,""width"":89.41,""height"":98.47,""rectanglelabels"":[""AM""],""original_width"":4274.0,""original_height"":4829.0}]","","2025-08-06T09:40:40.485819Z"
15107,"1","2025-08-06T09:40:40.485819Z",14462,"https://iiif.irht.cnrs.fr/iiif/ark:/63955/v6fuqh1f1g5b/full/1200,/0/default.jpg","[{""rotation"":0,""x"":1.1699999999999988,""y"":2.9749999999999996,""width"":98.72,""height"":72.28999999999999,""rectanglelabels"":[""AF""],""original_width"":4074.0,""original_height"":4829.0},{""rotation"":0,""x"":0.08999999999999564,""y"":75.31,""width"":99.66000000000001,""height"":24.58,""rectanglelabels"":[""AI""],""original_width"":4074.0,""original_height"":4829.0}]","","2025-08-06T09:40:40.485819Z"
5881,"1","2025-08-01T08:27:24.264284Z",14463,"https://iiif.irht.cnrs.fr/iiif/ark:/63955/v3k6qqdz0xxm/full/1200,/0/default.jpg","[{""x"":0,""y"":0.30999999999999917,""width"":99.92,""height"":67.86,""rotation"":0,""rectanglelabels"":[""AF""],""original_width"":1200,""original_height"":1356},{""x"":0.30728915662650624,""y"":68.08481927710844,""width"":98.00999999999999,""height"":30.759999999999998,""rotation"":0,""rectanglelabels"":[""AI""],""original_width"":1200,""original_height"":1356}]",5.963,"2025-08-01T08:27:24.264284Z"
15108,"1","2025-08-06T09:40:40.485819Z",14464,"https://iiif.irht.cnrs.fr/iiif/ark:/63955/v64si2u9zfvy/full/1200,/0/default.jpg","[{""rotation"":0,""x"":0.0,""y"":0.10499999999999954,""width"":100.0,""height"":98.49,""rectanglelabels"":[""Table""],""original_width"":4256.0,""original_height"":4829.0}]","","2025-08-06T09:40:40.485819Z"
15109,"1","2025-08-06T09:40:40.485819Z",14465,"https://iiif.irht.cnrs.fr/iiif/ark:/63955/vynxcxknevtt/full/1200,/0/default.jpg","[{""rotation"":0,""x"":2.4050000000000074,""y"":2.990000000000001,""width"":97.50999999999999,""height"":39.92,""rectanglelabels"":[""AF""],""original_width"":4074.0,""original_height"":4829.0},{""rotation"":0,""x"":1.7249999999999988,""y"":42.864999999999995,""width"":98.19,""height"":57.03,""rectanglelabels"":[""AI""],""original_width"":4074.0,""original_height"":4829.0}]","","2025-08-06T09:40:40.485819Z"
15110,"1","2025-08-06T09:40:40.485819Z",14466,"https://iiif.irht.cnrs.fr/iiif/ark:/63955/vpkbr0c86ocq/full/1200,/0/default.jpg","[{""rotation"":0,""x"":0.07999999999999674,""y"":27.674999999999994,""width"":95.32000000000001,""height"":71.35000000000001,""rectanglelabels"":[""AI""],""original_width"":4274.0,""original_height"":4829.0},{""rotation"":0,""x"":0.024999999999997247,""y"":0.2600000000000019,""width"":99.59,""height"":27.54,""rectanglelabels"":[""AF""],""original_width"":4274.0,""original_height"":4829.0}]","","2025-08-06T09:40:40.485819Z"
5882,"1","2025-08-01T08:28:01.939767Z",14467,"https://iiif.irht.cnrs.fr/iiif/ark:/63955/vv2h81h6z35n/full/1200,/0/default.jpg","[{""x"":11.876927710843368,""y"":69.26499999999997,""width"":88.02807228915663,""height"":10.10999999999999,""rotation"":0,""rectanglelabels"":[""AC""],""original_width"":1200,""original_height"":1422},{""x"":12.068915662650596,""y"":2.3975903614457805,""width"":87.82108433734935,""height"":66.92240963855416,""rotation"":0,""rectanglelabels"":[""AF""],""original_width"":1200,""original_height"":1422},{""x"":11.544096385542172,""y"":79.48999999999998,""width"":88.3559036144579,""height"":20.35999999999999,""rotation"":0,""rectanglelabels"":[""AC""],""original_width"":1200,""original_height"":1422}]",13.682,"2025-08-01T08:28:01.939767Z"
15111,"1","2025-08-06T09:40:40.485819Z",14468,"https://iiif.irht.cnrs.fr/iiif/ark:/63955/v0hkl4ygys6i/full/1200,/0/default.jpg","[{""rotation"":0,""x"":-0.004999999999999449,""y"":44.580000000000005,""width"":91.01,""height"":53.080000000000005,""rectanglelabels"":[""AI""],""original_width"":4274.0,""original_height"":4829.0},{""rotation"":0,""x"":0.0,""y"":28.750000000000004,""width"":89.22,""height"":15.740000000000002,""rectanglelabels"":[""AC""],""original_width"":4274.0,""original_height"":4829.0},{""rotation"":0,""x"":0.0,""y"":0.40999999999999925,""width"":96.22,""height"":28.38,""rectanglelabels"":[""AC""],""original_width"":4274.0,""original_height"":4829.0}]","","2025-08-06T09:40:40.485819Z"
15112,"1","2025-08-06T09:40:40.485819Z",14469,"https://iiif.irht.cnrs.fr/iiif/ark:/63955/v4xjh6p5ig0l/full/1200,/0/default.jpg","[{""rotation"":0,""x"":1.3449999999999962,""y"":28.345,""width"":98.59,""height"":71.35000000000001,""rectanglelabels"":[""AC""],""original_width"":4074.0,""original_height"":4829.0},{""rotation"":0,""x"":2.894999999999998,""y"":3.0950000000000006,""width"":97.03,""height"":25.27,""rectanglelabels"":[""AF""],""original_width"":4074.0,""original_height"":4829.0}]","","2025-08-06T09:40:40.485819Z"
15113,"1","2025-08-06T09:40:40.487824Z",14470,"https://iiif.irht.cnrs.fr/iiif/ark:/63955/vx9mffmik9j2/full/1200,/0/default.jpg","[{""rotation"":0,""x"":0.050000000000000044,""y"":61.845000000000006,""width"":99.28,""height"":35.91,""rectanglelabels"":[""AI""],""original_width"":4274.0,""original_height"":4829.0},{""rotation"":0,""x"":0.014999999999998348,""y"":0.3049999999999997,""width"":98.79,""height"":61.83,""rectanglelabels"":[""AC""],""original_width"":4274.0,""original_height"":4829.0}]","","2025-08-06T09:40:40.487824Z"
15114,"1","2025-08-06T09:40:40.487824Z",14471,"https://iiif.irht.cnrs.fr/iiif/ark:/63955/vt46sl4krnpp/full/1200,/0/default.jpg","[{""rotation"":0,""x"":1.0550000000000004,""y"":57.809999999999995,""width"":98.89,""height"":41.94,""rectanglelabels"":[""AI""],""original_width"":4074.0,""original_height"":4829.0},{""rotation"":0,""x"":0.6750000000000034,""y"":1.9199999999999995,""width"":99.22999999999999,""height"":55.92,""rectanglelabels"":[""AF""],""original_width"":4074.0,""original_height"":4829.0}]","","2025-08-06T09:40:40.487824Z"
15115,"1","2025-08-06T09:40:40.487824Z",14472,"https://iiif.irht.cnrs.fr/iiif/ark:/63955/v76vxbddcybl/full/1200,/0/default.jpg","[{""rotation"":0,""x"":0.0,""y"":65.05,""width"":98.83999999999999,""height"":32.440000000000005,""rectanglelabels"":[""AI""],""original_width"":4274.0,""original_height"":4829.0},{""rotation"":0,""x"":0.06499999999999839,""y"":0.10000000000000009,""width"":96.19,""height"":64.9,""rectanglelabels"":[""AF""],""original_width"":4274.0,""original_height"":4829.0}]","","2025-08-06T09:40:40.487824Z"
15116,"1","2025-08-06T09:40:40.487824Z",14473,"https://iiif.irht.cnrs.fr/iiif/ark:/63955/vlq079lgtnay/full/1200,/0/default.jpg","[{""rotation"":0,""x"":2.205000000000007,""y"":0.470000000000001,""width"":97.72999999999999,""height"":27.22,""rectanglelabels"":[""AF""],""original_width"":4074.0,""original_height"":4829.0},{""rotation"":0,""x"":0.8649999999999991,""y"":27.645000000000003,""width"":99.07000000000001,""height"":72.07000000000001,""rectanglelabels"":[""AC""],""original_width"":4074.0,""original_height"":4829.0}]","","2025-08-06T09:40:40.487824Z"
15117,"1","2025-08-06T09:40:40.487824Z",14474,"https://iiif.irht.cnrs.fr/iiif/ark:/63955/vu3jyoamdztj/full/1200,/0/default.jpg","[{""rotation"":0,""x"":0.0050000000000050004,""y"":0.26499999999999857,""width"":90.77,""height"":98.29,""rectanglelabels"":[""AI""],""original_width"":4274.0,""original_height"":4829.0}]","","2025-08-06T09:40:40.487824Z"
15118,"1","2025-08-06T09:40:40.487824Z",14475,"https://iiif.irht.cnrs.fr/iiif/ark:/63955/vearzvl0dwko/full/1200,/0/default.jpg","[{""rotation"":0,""x"":0.5199999999999927,""y"":2.5300000000000047,""width"":99.46000000000001,""height"":97.3,""rectanglelabels"":[""Table""],""original_width"":3992.0,""original_height"":4856.0}]","","2025-08-06T09:40:40.487824Z"
15119,"1","2025-08-06T09:40:40.490229Z",14476,"https://iiif.irht.cnrs.fr/iiif/ark:/63955/vvqv8477gst7/full/1200,/0/default.jpg","[{""rotation"":0,""x"":3.0000000000000027,""y"":2.2900000000000005,""width"":96.96000000000001,""height"":38.2,""rectanglelabels"":[""AF""],""original_width"":4074.0,""original_height"":4829.0},{""rotation"":0,""x"":2.7549999999999963,""y"":40.504999999999995,""width"":97.17,""height"":59.209999999999994,""rectanglelabels"":[""AI""],""original_width"":4074.0,""original_height"":4829.0}]","","2025-08-06T09:40:40.490229Z"
15120,"1","2025-08-06T09:40:40.490229Z",14477,"https://iiif.irht.cnrs.fr/iiif/ark:/63955/vt0geha2s8wv/full/1200,/0/default.jpg","[{""rotation"":0,""x"":0.10000000000000009,""y"":0.15499999999999958,""width"":98.36,""height"":40.129999999999995,""rectanglelabels"":[""AF""],""original_width"":4274.0,""original_height"":4829.0},{""rotation"":0,""x"":0.0,""y"":40.165,""width"":92.2,""height"":58.77,""rectanglelabels"":[""AI""],""original_width"":4274.0,""original_height"":4829.0}]","","2025-08-06T09:40:40.490229Z"
15121,"1","2025-08-06T09:40:40.490229Z",14478,"https://iiif.irht.cnrs.fr/iiif/ark:/63955/vsvj2hw2bfx2/full/1200,/0/default.jpg","[{""rotation"":0,""x"":1.1850000000000027,""y"":2.875,""width"":98.79,""height"":97.05,""rectanglelabels"":[""AM""],""original_width"":4074.0,""original_height"":4829.0}]","","2025-08-06T09:40:40.490229Z"
15122,"1","2025-08-06T09:40:40.490229Z",14479,"https://iiif.irht.cnrs.fr/iiif/ark:/63955/vb67iena7u48/full/1200,/0/default.jpg","[{""rotation"":0,""x"":0.0,""y"":60.72,""width"":99.02,""height"":36.88,""rectanglelabels"":[""AI""],""original_width"":4274.0,""original_height"":4829.0},{""rotation"":0,""x"":0.045000000000000595,""y"":0.25499999999999967,""width"":98.39,""height"":60.67,""rectanglelabels"":[""AF""],""original_width"":4274.0,""original_height"":4829.0}]","","2025-08-06T09:40:40.490229Z"
15123,"1","2025-08-06T09:40:40.490229Z",14480,"https://iiif.irht.cnrs.fr/iiif/ark:/63955/vbipllhuhdmc/full/1200,/0/default.jpg","[{""rotation"":0,""x"":0.7949999999999957,""y"":3.034999999999999,""width"":99.09,""height"":65.51,""rectanglelabels"":[""AF""],""original_width"":4074.0,""original_height"":4829.0},{""rotation"":0,""x"":0.48499999999999654,""y"":68.61500000000001,""width"":99.49,""height"":31.330000000000002,""rectanglelabels"":[""AI""],""original_width"":4074.0,""original_height"":4829.0}]","","2025-08-06T09:40:40.490229Z"
15124,"1","2025-08-06T09:40:40.490229Z",14481,"https://iiif.irht.cnrs.fr/iiif/ark:/63955/vwousr68p8kv/full/1200,/0/default.jpg","[{""rotation"":0,""x"":0.060000000000004494,""y"":0.27499999999999747,""width"":93.28,""height"":98.37,""rectanglelabels"":[""AF""],""original_width"":4274.0,""original_height"":4829.0}]","","2025-08-06T09:40:40.490229Z"
15125,"1","2025-08-06T09:40:40.490229Z",14482,"https://iiif.irht.cnrs.fr/iiif/ark:/63955/vf293dhxhp80/full/1200,/0/default.jpg","[{""rotation"":0,""x"":0.6050000000000055,""y"":2.429999999999999,""width"":99.33,""height"":97.14,""rectanglelabels"":[""AC""],""original_width"":4074.0,""original_height"":4829.0}]","","2025-08-06T09:40:40.490229Z"
15126,"1","2025-08-06T09:40:40.490229Z",14483,"https://iiif.irht.cnrs.fr/iiif/ark:/63955/vfulxo3aag6z/full/1200,/0/default.jpg","[{""rotation"":0,""x"":0.08500000000000174,""y"":0.30000000000000027,""width"":90.07,""height"":98.76,""rectanglelabels"":[""AC""],""original_width"":4274.0,""original_height"":4829.0}]","","2025-08-06T09:40:40.490229Z"
15127,"1","2025-08-06T09:40:40.490229Z",14484,"https://iiif.irht.cnrs.fr/iiif/ark:/63955/vazrh8gpsb5v/full/1200,/0/default.jpg","[{""rotation"":0,""x"":0.4200000000000037,""y"":2.8850000000000042,""width"":99.52,""height"":96.99,""rectanglelabels"":[""AC""],""original_width"":4074.0,""original_height"":4829.0}]","","2025-08-06T09:40:40.490229Z"
15128,"1","2025-08-06T09:40:40.490229Z",14485,"https://iiif.irht.cnrs.fr/iiif/ark:/63955/vl8826qsfq79/full/1200,/0/default.jpg","[{""rotation"":0,""x"":0.07000000000000339,""y"":59.545,""width"":99.11999999999999,""height"":38.21,""rectanglelabels"":[""AI""],""original_width"":4274.0,""original_height"":4829.0},{""rotation"":0,""x"":0.07499999999999729,""y"":0.3049999999999997,""width"":98.47,""height"":59.53000000000001,""rectanglelabels"":[""AC""],""original_width"":4274.0,""original_height"":4829.0}]","","2025-08-06T09:40:40.490229Z"
15129,"1","2025-08-06T09:40:40.490229Z",14486,"https://iiif.irht.cnrs.fr/iiif/ark:/63955/vhrby8o3zn94/full/1200,/0/default.jpg","[{""rotation"":0,""x"":0.004999999999999449,""y"":0.05999999999999894,""width"":99.95,""height"":99.68,""rectanglelabels"":[""Table""],""original_width"":4256.0,""original_height"":4829.0}]","","2025-08-06T09:40:40.490229Z"
15130,"1","2025-08-06T09:40:40.490229Z",14487,"https://iiif.irht.cnrs.fr/iiif/ark:/63955/vc4xfe8vl86k/full/1200,/0/default.jpg","[{""rotation"":0,""x"":2.1499999999999964,""y"":37.864999999999995,""width"":97.76,""height"":61.85000000000001,""rectanglelabels"":[""AI""],""original_width"":4074.0,""original_height"":4829.0},{""rotation"":0,""x"":2.879999999999999,""y"":2.875,""width"":97.08,""height"":35.089999999999996,""rectanglelabels"":[""AF""],""original_width"":4074.0,""original_height"":4829.0}]","","2025-08-06T09:40:40.490229Z"
15131,"1","2025-08-06T09:40:40.490229Z",14488,"https://iiif.irht.cnrs.fr/iiif/ark:/63955/vzntfdmqihcr/full/1200,/0/default.jpg","[{""rotation"":0,""x"":0.034999999999996145,""y"":26.209999999999994,""width"":93.71000000000001,""height"":72.64,""rectanglelabels"":[""AI""],""original_width"":4274.0,""original_height"":4829.0},{""rotation"":0,""x"":0.004999999999999449,""y"":0.10999999999999899,""width"":99.67,""height"":26.0,""rectanglelabels"":[""AF""],""original_width"":4274.0,""original_height"":4829.0}]","","2025-08-06T09:40:40.490229Z"
15132,"1","2025-08-06T09:40:40.490229Z",14489,"https://iiif.irht.cnrs.fr/iiif/ark:/63955/vpfyf7d6fmij/full/1200,/0/default.jpg","[{""rotation"":0,""x"":2.180000000000004,""y"":3.1100000000000017,""width"":97.76,""height"":31.019999999999996,""rectanglelabels"":[""AF""],""original_width"":4074.0,""original_height"":4829.0},{""rotation"":0,""x"":0.08499999999999619,""y"":33.855,""width"":99.85000000000001,""height"":65.83,""rectanglelabels"":[""AC""],""original_width"":4074.0,""original_height"":4829.0}]","","2025-08-06T09:40:40.490229Z"
15133,"1","2025-08-06T09:40:40.490229Z",14490,"https://iiif.irht.cnrs.fr/iiif/ark:/63955/vkyyttk1z40n/full/1200,/0/default.jpg","[{""rotation"":0,""x"":0.014999999999998348,""y"":0.3349999999999964,""width"":88.92999999999999,""height"":98.55000000000001,""rectanglelabels"":[""AC""],""original_width"":4274.0,""original_height"":4829.0}]","","2025-08-06T09:40:40.490229Z"
15134,"1","2025-08-06T09:40:40.490229Z",14491,"https://iiif.irht.cnrs.fr/iiif/ark:/63955/vyg0k7j1jarz/full/1200,/0/default.jpg","[{""rotation"":0,""x"":0.13999999999999568,""y"":2.9949999999999974,""width"":99.82,""height"":96.91,""rectanglelabels"":[""AC""],""original_width"":4074.0,""original_height"":4829.0}]","","2025-08-06T09:40:40.490229Z"
15135,"1","2025-08-06T09:40:40.490229Z",14492,"https://iiif.irht.cnrs.fr/iiif/ark:/63955/v876lem8w6su/full/1200,/0/default.jpg","[{""rotation"":0,""x"":0.10000000000000009,""y"":68.47,""width"":97.36,""height"":29.2,""rectanglelabels"":[""AI""],""original_width"":4274.0,""original_height"":4829.0},{""rotation"":0,""x"":0.08000000000000229,""y"":0.36499999999999866,""width"":97.42,""height"":68.21000000000001,""rectanglelabels"":[""AC""],""original_width"":4274.0,""original_height"":4829.0}]","","2025-08-06T09:40:40.490229Z"
15136,"1","2025-08-06T09:40:40.490229Z",14493,"https://iiif.irht.cnrs.fr/iiif/ark:/63955/v4moonotobs4/full/1200,/0/default.jpg","[{""rotation"":0,""x"":0.11999999999999234,""y"":2.2650000000000006,""width"":99.86,""height"":60.95,""rectanglelabels"":[""AF""],""original_width"":4074.0,""original_height"":4829.0},{""rotation"":0,""x"":0.045000000000000595,""y"":62.895,""width"":99.79,""height"":36.97,""rectanglelabels"":[""AI""],""original_width"":4074.0,""original_height"":4829.0}]","","2025-08-06T09:40:40.490229Z"
15137,"1","2025-08-06T09:40:40.490229Z",14494,"https://iiif.irht.cnrs.fr/iiif/ark:/63955/vbccvev56vee/full/1200,/0/default.jpg","[{""rotation"":0,""x"":0.0,""y"":53.555,""width"":95.84,""height"":44.29,""rectanglelabels"":[""AC""],""original_width"":4274.0,""original_height"":4829.0},{""rotation"":0,""x"":0.10499999999999954,""y"":0.8149999999999991,""width"":95.49,""height"":53.05,""rectanglelabels"":[""AF""],""original_width"":4274.0,""original_height"":4829.0}]","","2025-08-06T09:40:40.490229Z"
5883,"1","2025-08-01T08:34:57.278389Z",14495,"https://iiif.irht.cnrs.fr/iiif/ark:/63955/v10so9pu2jyo/full/1200,/0/default.jpg","[{""x"":0.6649999999999989,""y"":2.2600000000000007,""width"":99.31,""height"":97.64,""rotation"":0,""rectanglelabels"":[""AI""],""original_width"":1200,""original_height"":1422}]",77.384,"2025-08-01T08:34:57.278389Z"
15138,"1","2025-08-06T09:40:40.490229Z",14496,"https://iiif.irht.cnrs.fr/iiif/ark:/63955/v8nbwh0795jm/full/1200,/0/default.jpg","[{""rotation"":0,""x"":0.05999999999999894,""y"":40.794999999999995,""width"":90.32,""height"":57.589999999999996,""rectanglelabels"":[""AI""],""original_width"":4274.0,""original_height"":4829.0},{""rotation"":0,""x"":0.050000000000000044,""y"":0.8750000000000008,""width"":94.66,""height"":39.89,""rectanglelabels"":[""AF""],""original_width"":4274.0,""original_height"":4829.0}]","","2025-08-06T09:40:40.490229Z"
15139,"1","2025-08-06T09:40:40.490229Z",14497,"https://iiif.irht.cnrs.fr/iiif/ark:/63955/vfr6a16qw447/full/1200,/0/default.jpg","[{""rotation"":0,""x"":0.43999999999999595,""y"":2.010000000000006,""width"":99.56,""height"":97.7,""rectanglelabels"":[""Table""],""original_width"":3992.0,""original_height"":4856.0}]","","2025-08-06T09:40:40.490229Z"
15140,"1","2025-08-06T09:40:40.490229Z",14498,"https://iiif.irht.cnrs.fr/iiif/ark:/63955/vhe1dk88zmaz/full/1200,/0/default.jpg","[{""rotation"":0,""x"":0.6750000000000034,""y"":2.9600000000000017,""width"":99.22999999999999,""height"":45.08,""rectanglelabels"":[""AF""],""original_width"":4074.0,""original_height"":4829.0},{""rotation"":0,""x"":2.1899999999999977,""y"":47.83,""width"":97.72,""height"":52.0,""rectanglelabels"":[""AI""],""original_width"":4074.0,""original_height"":4829.0}]","","2025-08-06T09:40:40.490229Z"
5884,"1","2025-08-01T08:35:34.937288Z",14499,"https://iiif.irht.cnrs.fr/iiif/ark:/63955/vey83sanrzve/full/1200,/0/default.jpg","[{""x"":0.14614457831325142,""y"":50.54367469879518,""width"":95.52000000000001,""height"":49.41,""rotation"":0,""rectanglelabels"":[""AI""],""original_width"":1200,""original_height"":1356},{""x"":0.04500000000000061,""y"":0.7799999999999971,""width"":96.36999999999995,""height"":49.84144578313253,""rotation"":0,""rectanglelabels"":[""AF""],""original_width"":1200,""original_height"":1356}]",8.399,"2025-08-01T08:35:34.937288Z"
15141,"1","2025-08-06T09:40:40.490229Z",14500,"https://iiif.irht.cnrs.fr/iiif/ark:/63955/vbsvbz5gjryy/full/1200,/0/default.jpg","[{""rotation"":0,""x"":0.22500000000000298,""y"":2.9899999999999984,""width"":99.67,""height"":54.54,""rectanglelabels"":[""AF""],""original_width"":4074.0,""original_height"":4829.0},{""rotation"":0,""x"":0.10999999999999899,""y"":57.845,""width"":99.82,""height"":41.99,""rectanglelabels"":[""AI""],""original_width"":4074.0,""original_height"":4829.0}]","","2025-08-06T09:40:40.490229Z"
15142,"1","2025-08-06T09:40:40.490229Z",14501,"https://iiif.irht.cnrs.fr/iiif/ark:/63955/vtbi1khnuh2s/full/1200,/0/default.jpg","[{""rotation"":0,""x"":0.004999999999999449,""y"":1.6900000000000026,""width"":90.01,""height"":97.22,""rectanglelabels"":[""AM""],""original_width"":4274.0,""original_height"":4829.0}]","","2025-08-06T09:40:40.490229Z"
15143,"1","2025-08-06T09:40:40.490229Z",14502,"https://iiif.irht.cnrs.fr/iiif/ark:/63955/vq6l1uc0prbi/full/1200,/0/default.jpg","[{""rotation"":0,""x"":1.8199999999999938,""y"":30.634999999999994,""width"":98.06,""height"":69.05,""rectanglelabels"":[""AI""],""original_width"":4074.0,""original_height"":4829.0},{""rotation"":0,""x"":1.319999999999999,""y"":3.0149999999999983,""width"":98.58,""height"":27.61,""rectanglelabels"":[""AF""],""original_width"":4074.0,""original_height"":4829.0}]","","2025-08-06T09:40:40.490229Z"
15144,"1","2025-08-06T09:40:40.490229Z",14503,"https://iiif.irht.cnrs.fr/iiif/ark:/63955/vnnit31k2zed/full/1200,/0/default.jpg","[{""rotation"":0,""x"":0.034999999999996145,""y"":1.4349999999999974,""width"":86.95,""height"":97.19,""rectanglelabels"":[""AM""],""original_width"":4274.0,""original_height"":4829.0}]","","2025-08-06T09:40:40.490229Z"
15145,"1","2025-08-06T09:40:40.490229Z",14504,"https://iiif.irht.cnrs.fr/iiif/ark:/63955/vifx03sh5l8c/full/1200,/0/default.jpg","[{""rotation"":0,""x"":0.24500000000000077,""y"":2.805000000000002,""width"":99.67,""height"":64.33,""rectanglelabels"":[""AF""],""original_width"":4074.0,""original_height"":4829.0},{""rotation"":0,""x"":2.7000000000000024,""y"":66.97000000000001,""width"":97.22,""height"":32.519999999999996,""rectanglelabels"":[""AI""],""original_width"":4074.0,""original_height"":4829.0}]","","2025-08-06T09:40:40.490229Z"
15146,"1","2025-08-06T09:40:40.490229Z",14505,"https://iiif.irht.cnrs.fr/iiif/ark:/63955/v6a6jawbmey9/full/1200,/0/default.jpg","[{""rotation"":0,""x"":0.0,""y"":0.40000000000000036,""width"":99.86,""height"":48.980000000000004,""rectanglelabels"":[""AF""],""original_width"":4274.0,""original_height"":4829.0},{""rotation"":0,""x"":0.05999999999999894,""y"":49.55500000000001,""width"":89.98,""height"":48.010000000000005,""rectanglelabels"":[""AI""],""original_width"":4274.0,""original_height"":4829.0}]","","2025-08-06T09:40:40.490229Z"
5885,"1","2025-08-01T08:37:34.598566Z",14506,"https://iiif.irht.cnrs.fr/iiif/ark:/63955/vwsdycgyrtg6/full/1200,/0/default.jpg","[{""x"":0.33499999999999636,""y"":2.949999999999996,""width"":99.55000000000003,""height"":61.92578313253012,""rotation"":0,""rectanglelabels"":[""AF""],""original_width"":1200,""original_height"":1422},{""x"":0.1450000000000007,""y"":64.73740963855418,""width"":99.73,""height"":34.847590361445725,""rotation"":0,""rectanglelabels"":[""AI""],""original_width"":1200,""original_height"":1422}]",8.999,"2025-08-01T08:37:34.598566Z"
15147,"1","2025-08-06T09:40:40.490229Z",14507,"https://iiif.irht.cnrs.fr/iiif/ark:/63955/vrg9kyf57rch/full/1200,/0/default.jpg","[{""rotation"":0,""x"":0.054999999999999494,""y"":0.3650000000000042,""width"":87.01,""height"":98.42999999999999,""rectanglelabels"":[""AF""],""original_width"":4274.0,""original_height"":4829.0}]","","2025-08-06T09:40:40.490229Z"
15148,"1","2025-08-06T09:40:40.490229Z",14508,"https://iiif.irht.cnrs.fr/iiif/ark:/63955/vw42i4gep4vh/full/1200,/0/default.jpg","[{""rotation"":0,""x"":0.0,""y"":0.07499999999999729,""width"":100.0,""height"":98.99,""rectanglelabels"":[""Table""],""original_width"":4256.0,""original_height"":4829.0}]","","2025-08-06T09:40:40.490229Z"
15149,"1","2025-08-06T09:40:40.490229Z",14509,"https://iiif.irht.cnrs.fr/iiif/ark:/63955/vywsu7f96p5y/full/1200,/0/default.jpg","[{""rotation"":0,""x"":0.269999999999998,""y"":2.8649999999999953,""width"":99.66000000000001,""height"":96.97,""rectanglelabels"":[""AC""],""original_width"":4074.0,""original_height"":4829.0}]","","2025-08-06T09:40:40.490229Z"
15150,"1","2025-08-06T09:40:40.490229Z",14510,"https://iiif.irht.cnrs.fr/iiif/ark:/63955/v34bj22ci94z/full/1200,/0/default.jpg","[{""rotation"":0,""x"":0.06500000000000394,""y"":49.9,""width"":96.31,""height"":47.82,""rectanglelabels"":[""AI""],""original_width"":4274.0,""original_height"":4829.0},{""rotation"":0,""x"":0.045000000000000595,""y"":0.5899999999999989,""width"":94.43,""height"":49.44,""rectanglelabels"":[""AC""],""original_width"":4274.0,""original_height"":4829.0}]","","2025-08-06T09:40:40.490229Z"
15151,"1","2025-08-06T09:40:40.490229Z",14511,"https://iiif.irht.cnrs.fr/iiif/ark:/63955/vioyyu6q6no2/full/1200,/0/default.jpg","[{""rotation"":0,""x"":0.0,""y"":48.385,""width"":99.98,""height"":51.43,""rectanglelabels"":[""AI""],""original_width"":4074.0,""original_height"":4829.0},{""rotation"":0,""x"":0.22000000000000353,""y"":1.7399999999999998,""width"":99.68,""height"":46.64,""rectanglelabels"":[""AF""],""original_width"":4074.0,""original_height"":4829.0}]","","2025-08-06T09:40:40.490229Z"
15152,"1","2025-08-06T09:40:40.490229Z",14512,"https://iiif.irht.cnrs.fr/iiif/ark:/63955/vgjavsgkyfn2/full/1200,/0/default.jpg","[{""rotation"":0,""x"":0.10499999999999954,""y"":64.75500000000001,""width"":98.79,""height"":32.97,""rectanglelabels"":[""AI""],""original_width"":4274.0,""original_height"":4829.0},{""rotation"":0,""x"":0.10999999999999899,""y"":0.385000000000002,""width"":98.2,""height"":64.53,""rectanglelabels"":[""AF""],""original_width"":4274.0,""original_height"":4829.0}]","","2025-08-06T09:40:40.490229Z"
15153,"1","2025-08-06T09:40:40.490229Z",14513,"https://iiif.irht.cnrs.fr/iiif/ark:/63955/vq75tko2onld/full/1200,/0/default.jpg","[{""rotation"":0,""x"":0.054999999999999494,""y"":1.9449999999999967,""width"":99.87,""height"":53.61,""rectanglelabels"":[""AF""],""original_width"":4074.0,""original_height"":4829.0},{""rotation"":0,""x"":0.050000000000000044,""y"":55.275000000000006,""width"":99.88,""height"":44.47,""rectanglelabels"":[""AI""],""original_width"":4074.0,""original_height"":4829.0}]","","2025-08-06T09:40:40.490229Z"
15154,"1","2025-08-06T09:40:40.490229Z",14514,"https://iiif.irht.cnrs.fr/iiif/ark:/63955/vmk7sadgzgwi/full/1200,/0/default.jpg","[{""rotation"":0,""x"":0.034999999999996145,""y"":0.6250000000000033,""width"":98.77,""height"":98.33,""rectanglelabels"":[""AM""],""original_width"":4274.0,""original_height"":4829.0}]","","2025-08-06T09:40:40.490229Z"
15155,"1","2025-08-06T09:40:40.490229Z",14515,"https://iiif.irht.cnrs.fr/iiif/ark:/63955/vqrb7c9m0cd7/full/1200,/0/default.jpg","[{""rotation"":0,""x"":0.0,""y"":2.0549999999999957,""width"":100.0,""height"":97.95,""rectanglelabels"":[""AM""],""original_width"":4119.0,""original_height"":4829.0}]","","2025-08-06T09:40:40.490229Z"
15156,"1","2025-08-06T09:40:40.490229Z",14516,"https://iiif.irht.cnrs.fr/iiif/ark:/63955/vh6r59gtutfe/full/1200,/0/default.jpg","[{""rotation"":0,""x"":0.15999999999999903,""y"":0.4999999999999949,""width"":87.52,""height"":98.64,""rectanglelabels"":[""AM""],""original_width"":4219.0,""original_height"":4829.0}]","","2025-08-06T09:40:40.490229Z"
15157,"1","2025-08-06T09:40:40.490229Z",14517,"https://iiif.irht.cnrs.fr/iiif/ark:/63955/v18pfoovk6mc/full/1200,/0/default.jpg","[{""rotation"":0,""x"":0.0,""y"":0.7400000000000073,""width"":100.0,""height"":99.24,""rectanglelabels"":[""AM""],""original_width"":4119.0,""original_height"":4829.0}]","","2025-08-06T09:40:40.490229Z"
15158,"1","2025-08-06T09:40:40.490229Z",14518,"https://iiif.irht.cnrs.fr/iiif/ark:/63955/vhtprgq3tylz/full/1200,/0/default.jpg","[{""rotation"":0,""x"":0.11999999999999789,""y"":0.29000000000000137,""width"":87.46000000000001,""height"":98.88,""rectanglelabels"":[""AM""],""original_width"":4219.0,""original_height"":4829.0}]","","2025-08-06T09:40:40.490229Z"
15159,"1","2025-08-06T09:40:40.490229Z",14519,"https://iiif.irht.cnrs.fr/iiif/ark:/63955/vfhgdvoq2oyu/full/1200,/0/default.jpg","[{""rotation"":0,""x"":7.420000000000004,""y"":0.7799999999999974,""width"":92.52,""height"":99.06,""rectanglelabels"":[""AF""],""original_width"":3910.0,""original_height"":4820.0}]","","2025-08-06T09:40:40.490229Z"
15160,"1","2025-08-06T09:40:40.490229Z",14520,"https://iiif.irht.cnrs.fr/iiif/ark:/63955/vxvsclsyld8l/full/1200,/0/default.jpg","[{""rotation"":0,""x"":-0.0050000000000050004,""y"":0.6450000000000011,""width"":99.85000000000001,""height"":98.57000000000001,""rectanglelabels"":[""AM""],""original_width"":4019.0,""original_height"":4875.0}]","","2025-08-06T09:40:40.490229Z"
15161,"1","2025-08-06T09:40:40.490229Z",14521,"https://iiif.irht.cnrs.fr/iiif/ark:/63955/vtadd6q5pvhk/full/1200,/0/default.jpg","[{""rotation"":0,""x"":0.0,""y"":1.4050000000000007,""width"":99.64,""height"":98.39,""rectanglelabels"":[""AM""],""original_width"":3983.0,""original_height"":4820.0}]","","2025-08-06T09:40:40.490229Z"
15162,"1","2025-08-06T09:40:40.490229Z",14522,"https://iiif.irht.cnrs.fr/iiif/ark:/63955/v1uc70k7u55p/full/1200,/0/default.jpg","[{""rotation"":0,""x"":-0.004999999999999449,""y"":0.23499999999999632,""width"":99.99,""height"":98.77,""rectanglelabels"":[""AM""],""original_width"":4047.0,""original_height"":4875.0}]","","2025-08-06T09:40:40.490229Z"
15163,"1","2025-08-06T09:40:40.490229Z",14523,"https://iiif.irht.cnrs.fr/iiif/ark:/63955/vyhbqfx4njyx/full/1200,/0/default.jpg","[{""rotation"":0,""x"":0.0,""y"":2.094999999999997,""width"":99.72,""height"":97.89,""rectanglelabels"":[""AM""],""original_width"":3983.0,""original_height"":4820.0}]","","2025-08-06T09:40:40.490229Z"
15164,"1","2025-08-06T09:40:40.490229Z",14524,"https://iiif.irht.cnrs.fr/iiif/ark:/63955/vwb4mhuhyeit/full/1200,/0/default.jpg","[{""rotation"":0,""x"":11.724999999999996,""y"":2.72,""width"":88.27000000000001,""height"":92.34,""rectanglelabels"":[""AM""],""original_width"":4304.0,""original_height"":5069.0}]","","2025-08-06T09:40:40.490229Z"
15165,"1","2025-08-06T09:40:40.493738Z",14525,"https://iiif.irht.cnrs.fr/iiif/ark:/63955/vrptcxoi2dgk/full/1200,/0/default.jpg","[{""rotation"":0,""x"":88.815,""y"":2.9449999999999976,""width"":11.19,""height"":94.53,""rectanglelabels"":[""AM""],""original_width"":4235.0,""original_height"":5069.0},{""rotation"":0,""x"":0.06999999999999784,""y"":4.074999999999996,""width"":88.1,""height"":92.13,""rectanglelabels"":[""AM""],""original_width"":4235.0,""original_height"":5069.0}]","","2025-08-06T09:40:40.493738Z"
15166,"1","2025-08-06T09:40:40.493738Z",14526,"https://iiif.irht.cnrs.fr/iiif/ark:/63955/vp7zmbn5al2l/full/1200,/0/default.jpg","[{""rotation"":0,""x"":-0.004999999999999449,""y"":1.5349999999999975,""width"":99.97,""height"":98.00999999999999,""rectanglelabels"":[""AM""],""original_width"":4047.0,""original_height"":4875.0}]","","2025-08-06T09:40:40.493738Z"
15167,"1","2025-08-06T09:40:40.493738Z",14527,"https://iiif.irht.cnrs.fr/iiif/ark:/63955/vqo3k51zoure/full/1200,/0/default.jpg","[{""rotation"":0,""x"":-0.004999999999999449,""y"":1.4249999999999985,""width"":99.67,""height"":98.39,""rectanglelabels"":[""AF""],""original_width"":3983.0,""original_height"":4820.0}]","","2025-08-06T09:40:40.493738Z"
15168,"1","2025-08-06T09:40:40.493738Z",14528,"https://iiif.irht.cnrs.fr/iiif/ark:/63955/vo3ccleq2zg9/full/1200,/0/default.jpg","[{""rotation"":0,""x"":-0.004999999999999449,""y"":0.7449999999999957,""width"":99.97,""height"":98.75,""rectanglelabels"":[""AI""],""original_width"":4047.0,""original_height"":4875.0}]","","2025-08-06T09:40:40.493738Z"
15169,"1","2025-08-06T09:40:40.493738Z",14529,"https://iiif.irht.cnrs.fr/iiif/ark:/63955/vz3ln9w8bhyz/full/1200,/0/default.jpg","[{""rotation"":0,""x"":-0.004999999999999449,""y"":1.4450000000000074,""width"":99.61,""height"":98.03,""rectanglelabels"":[""AM""],""original_width"":3983.0,""original_height"":4820.0}]","","2025-08-06T09:40:40.493738Z"
15170,"1","2025-08-06T09:40:40.493738Z",14530,"https://iiif.irht.cnrs.fr/iiif/ark:/63955/v8x03k18yz9a/full/1200,/0/default.jpg","[{""rotation"":0,""x"":0.08000000000000229,""y"":1.1299999999999977,""width"":99.72,""height"":98.38,""rectanglelabels"":[""AI""],""original_width"":4019.0,""original_height"":4820.0}]","","2025-08-06T09:40:40.493738Z"
15171,"1","2025-08-06T09:40:40.493738Z",14531,"https://iiif.irht.cnrs.fr/iiif/ark:/63955/vlj5mith976c/full/1200,/0/default.jpg","[{""rotation"":0,""x"":0.5099999999999993,""y"":31.505000000000006,""width"":99.4,""height"":67.95,""rectanglelabels"":[""AI""],""original_width"":4047.0,""original_height"":4875.0},{""rotation"":0,""x"":0.22500000000000298,""y"":0.3999999999999976,""width"":99.72999999999999,""height"":31.28,""rectanglelabels"":[""AF""],""original_width"":4047.0,""original_height"":4875.0}]","","2025-08-06T09:40:40.493738Z"
15172,"1","2025-08-06T09:40:40.493738Z",14532,"https://iiif.irht.cnrs.fr/iiif/ark:/63955/vkiyy91ypbxt/full/1200,/0/default.jpg","[{""rotation"":0,""x"":0.0,""y"":36.42,""width"":99.66000000000001,""height"":62.38,""rectanglelabels"":[""AI""],""original_width"":3983.0,""original_height"":4820.0},{""rotation"":0,""x"":0.025000000000002798,""y"":0.7050000000000001,""width"":99.81,""height"":35.75,""rectanglelabels"":[""AF""],""original_width"":3983.0,""original_height"":4820.0}]","","2025-08-06T09:40:40.493738Z"
15173,"1","2025-08-06T09:40:40.493738Z",14533,"https://iiif.irht.cnrs.fr/iiif/ark:/63955/vwk2ttdbsdwb/full/1200,/0/default.jpg","[{""rotation"":0,""x"":0.035000000000001696,""y"":37.125,""width"":99.92999999999999,""height"":61.41,""rectanglelabels"":[""AC""],""original_width"":4047.0,""original_height"":4875.0},{""rotation"":0,""x"":0.07499999999999729,""y"":0.3049999999999997,""width"":99.85000000000001,""height"":36.95,""rectanglelabels"":[""AF""],""original_width"":4047.0,""original_height"":4875.0}]","","2025-08-06T09:40:40.493738Z"
15174,"1","2025-08-06T09:40:40.493738Z",14534,"https://iiif.irht.cnrs.fr/iiif/ark:/63955/viitc02k6f4o/full/1200,/0/default.jpg","[{""rotation"":0,""x"":0.0,""y"":1.0800000000000032,""width"":99.7,""height"":98.61999999999999,""rectanglelabels"":[""AC""],""original_width"":3983.0,""original_height"":4820.0}]","","2025-08-06T09:40:40.493738Z"
15175,"1","2025-08-06T09:40:40.493738Z",14535,"https://iiif.irht.cnrs.fr/iiif/ark:/63955/ve2yf1oqyhni/full/1200,/0/default.jpg","[{""rotation"":0,""x"":0.48499999999999654,""y"":2.4100000000000064,""width"":99.49,""height"":96.72,""rectanglelabels"":[""AC""],""original_width"":4047.0,""original_height"":4875.0}]","","2025-08-06T09:40:40.493738Z"
15176,"1","2025-08-06T09:40:40.493738Z",14536,"https://iiif.irht.cnrs.fr/iiif/ark:/63955/vjgcxr4anft6/full/1200,/0/default.jpg","[{""rotation"":0,""x"":0.004999999999999449,""y"":1.0299999999999976,""width"":99.77000000000001,""height"":98.56,""rectanglelabels"":[""AC""],""original_width"":3983.0,""original_height"":4820.0}]","","2025-08-06T09:40:40.493738Z"
5886,"1","2025-08-01T08:41:08.313160Z",14537,"https://iiif.irht.cnrs.fr/iiif/ark:/63955/v956cpcst16w/full/1200,/0/default.jpg","[{""x"":0.22000000000000397,""y"":54.717409638554216,""width"":99.78,""height"":43.69,""rotation"":0,""rectanglelabels"":[""AI""],""original_width"":1200,""original_height"":1446},{""x"":0.05999999999999894,""y"":0.4400000000000015,""width"":99.9,""height"":54.16,""rotation"":0,""rectanglelabels"":[""AC""],""original_width"":1200,""original_height"":1446}]",4.966,"2025-08-01T08:41:08.313160Z"
15177,"1","2025-08-06T09:40:40.493738Z",14538,"https://iiif.irht.cnrs.fr/iiif/ark:/63955/v0lxocv60epg/full/1200,/0/default.jpg","[{""rotation"":0,""x"":0.014999999999998348,""y"":0.7199999999999984,""width"":99.91,""height"":35.42,""rectanglelabels"":[""AF""],""original_width"":3983.0,""original_height"":4820.0},{""rotation"":0,""x"":0.004999999999999449,""y"":36.205,""width"":98.09,""height"":63.349999999999994,""rectanglelabels"":[""AI""],""original_width"":3983.0,""original_height"":4820.0}]","","2025-08-06T09:40:40.493738Z"
5887,"1","2025-08-01T08:41:19.722859Z",14539,"https://iiif.irht.cnrs.fr/iiif/ark:/63955/vrn8vxwbq2kw/full/1200,/0/default.jpg","[{""x"":11.554096385542122,""y"":3.9349397590361415,""width"":88.44590361445788,""height"":89.6609638554217,""rotation"":0,""rectanglelabels"":[""AF""],""original_width"":1200,""original_height"":1446}]",8.135,"2025-08-01T08:41:19.722859Z"
15178,"1","2025-08-06T09:40:40.493738Z",14540,"https://iiif.irht.cnrs.fr/iiif/ark:/63955/v9wlmpeovaoh/full/1200,/0/default.jpg","[{""rotation"":0,""x"":0.0,""y"":0.8999999999999952,""width"":100.0,""height"":73.54,""rectanglelabels"":[""AC""],""original_width"":3983.0,""original_height"":4820.0},{""rotation"":0,""x"":0.0,""y"":74.145,""width"":99.88,""height"":25.729999999999997,""rectanglelabels"":[""AI""],""original_width"":3983.0,""original_height"":4820.0}]","","2025-08-06T09:40:40.493738Z"
15179,"1","2025-08-06T09:40:40.493738Z",14541,"https://iiif.irht.cnrs.fr/iiif/ark:/63955/vojrkfcbttrb/full/1200,/0/default.jpg","[{""rotation"":0,""x"":0.770000000000004,""y"":0.9499999999999981,""width"":99.18,""height"":49.32,""rectanglelabels"":[""AF""],""original_width"":3910.0,""original_height"":4820.0},{""rotation"":0,""x"":0.4099999999999937,""y"":50.355000000000004,""width"":99.48,""height"":49.41,""rectanglelabels"":[""AI""],""original_width"":3910.0,""original_height"":4820.0}]","","2025-08-06T09:40:40.493738Z"
15180,"1","2025-08-06T09:40:40.493738Z",14542,"https://iiif.irht.cnrs.fr/iiif/ark:/63955/v8cu4iui8aav/full/1200,/0/default.jpg","[{""rotation"":0,""x"":0.31499999999999306,""y"":0.3149999999999986,""width"":99.65,""height"":99.27,""rectanglelabels"":[""AM""],""original_width"":4047.0,""original_height"":4875.0}]","","2025-08-06T09:40:40.493738Z"
15181,"1","2025-08-06T09:40:40.493738Z",14543,"https://iiif.irht.cnrs.fr/iiif/ark:/63955/vj5tfgki1gsy/full/1200,/0/default.jpg","[{""rotation"":0,""x"":0.004999999999999449,""y"":37.824999999999996,""width"":97.78999999999999,""height"":62.07,""rectanglelabels"":[""AI""],""original_width"":3983.0,""original_height"":4820.0},{""rotation"":0,""x"":0.004999999999999449,""y"":0.6699999999999984,""width"":99.99,""height"":37.08,""rectanglelabels"":[""AF""],""original_width"":3983.0,""original_height"":4820.0}]","","2025-08-06T09:40:40.493738Z"
15182,"1","2025-08-06T09:40:40.493738Z",14544,"https://iiif.irht.cnrs.fr/iiif/ark:/63955/v1eng2iqq0z3/full/1200,/0/default.jpg","[{""rotation"":0,""x"":0.33999999999999586,""y"":29.745000000000005,""width"":99.6,""height"":69.45,""rectanglelabels"":[""AI""],""original_width"":4047.0,""original_height"":4875.0},{""rotation"":0,""x"":0.32999999999999696,""y"":0.13999999999999846,""width"":99.62,""height"":29.520000000000003,""rectanglelabels"":[""AF""],""original_width"":4047.0,""original_height"":4875.0}]","","2025-08-06T09:40:40.493738Z"
15183,"1","2025-08-06T09:40:40.493738Z",14545,"https://iiif.irht.cnrs.fr/iiif/ark:/63955/vu3moluzwqi1/full/1200,/0/default.jpg","[{""rotation"":0,""x"":0.0,""y"":40.275,""width"":99.58,""height"":59.53000000000001,""rectanglelabels"":[""AI""],""original_width"":3983.0,""original_height"":4820.0},{""rotation"":0,""x"":0.0,""y"":0.7950000000000013,""width"":99.83999999999999,""height"":39.43,""rectanglelabels"":[""AF""],""original_width"":3983.0,""original_height"":4820.0}]","","2025-08-06T09:40:40.493738Z"
15184,"1","2025-08-06T09:40:40.493738Z",14546,"https://iiif.irht.cnrs.fr/iiif/ark:/63955/vkyi4hjl9hno/full/1200,/0/default.jpg","[{""rotation"":0,""x"":0.19000000000000683,""y"":0.3300000000000025,""width"":99.74,""height"":60.5,""rectanglelabels"":[""AF""],""original_width"":4047.0,""original_height"":4875.0},{""rotation"":0,""x"":0.12499999999999734,""y"":60.709999999999994,""width"":99.81,""height"":37.62,""rectanglelabels"":[""AI""],""original_width"":4047.0,""original_height"":4875.0}]","","2025-08-06T09:40:40.493738Z"
15185,"1","2025-08-06T09:40:40.493738Z",14547,"https://iiif.irht.cnrs.fr/iiif/ark:/63955/v53qnuhotkiw/full/1200,/0/default.jpg","[{""rotation"":0,""x"":-0.004999999999999449,""y"":0.8400000000000019,""width"":99.79,""height"":98.9,""rectanglelabels"":[""AF""],""original_width"":3983.0,""original_height"":4820.0}]","","2025-08-06T09:40:40.493738Z"
15186,"1","2025-08-06T09:40:40.493738Z",14548,"https://iiif.irht.cnrs.fr/iiif/ark:/63955/v77i26espfdo/full/1200,/0/default.jpg","[{""rotation"":0,""x"":0.024999999999997247,""y"":0.20499999999999963,""width"":99.97,""height"":99.03,""rectanglelabels"":[""AI""],""original_width"":4047.0,""original_height"":4875.0}]","","2025-08-06T09:40:40.493738Z"
15187,"1","2025-08-06T09:40:40.493738Z",14549,"https://iiif.irht.cnrs.fr/iiif/ark:/63955/vyh5h3fzq34t/full/1200,/0/default.jpg","[{""rotation"":0,""x"":0.0,""y"":34.12500000000001,""width"":99.62,""height"":65.13,""rectanglelabels"":[""AI""],""original_width"":3983.0,""original_height"":4820.0},{""rotation"":0,""x"":0.019999999999997797,""y"":0.5549999999999999,""width"":99.9,""height"":33.57,""rectanglelabels"":[""AF""],""original_width"":3983.0,""original_height"":4820.0}]","","2025-08-06T09:40:40.493738Z"
15188,"1","2025-08-06T09:40:40.493738Z",14550,"https://iiif.irht.cnrs.fr/iiif/ark:/63955/vtsobghwzd36/full/1200,/0/default.jpg","[{""rotation"":0,""x"":0.17499999999999738,""y"":0.15499999999999958,""width"":99.72999999999999,""height"":54.97,""rectanglelabels"":[""AF""],""original_width"":4047.0,""original_height"":4875.0},{""rotation"":0,""x"":0.21000000000000463,""y"":55.084999999999994,""width"":99.74,""height"":43.33,""rectanglelabels"":[""AI""],""original_width"":4047.0,""original_height"":4875.0}]","","2025-08-06T09:40:40.493738Z"
15189,"1","2025-08-06T09:40:40.493738Z",14551,"https://iiif.irht.cnrs.fr/iiif/ark:/63955/vw5day3qbrot/full/1200,/0/default.jpg","[{""rotation"":0,""x"":0.0,""y"":58.209999999999994,""width"":99.62,""height"":41.120000000000005,""rectanglelabels"":[""AI""],""original_width"":3983.0,""original_height"":4820.0},{""rotation"":0,""x"":0.0,""y"":0.39000000000000146,""width"":99.7,""height"":57.8,""rectanglelabels"":[""AF""],""original_width"":3983.0,""original_height"":4820.0}]","","2025-08-06T09:40:40.493738Z"
15190,"1","2025-08-06T09:40:40.493738Z",14552,"https://iiif.irht.cnrs.fr/iiif/ark:/63955/va56yv8mu3vs/full/1200,/0/default.jpg","[{""rotation"":0,""x"":0.050000000000000044,""y"":42.705,""width"":99.53999999999999,""height"":56.93,""rectanglelabels"":[""AI""],""original_width"":4019.0,""original_height"":4820.0},{""rotation"":0,""x"":0.044999999999995044,""y"":0.8650000000000019,""width"":99.95,""height"":41.91,""rectanglelabels"":[""AF""],""original_width"":4019.0,""original_height"":4820.0}]","","2025-08-06T09:40:40.493738Z"
15191,"1","2025-08-06T09:40:40.493738Z",14553,"https://iiif.irht.cnrs.fr/iiif/ark:/63955/vw6wc6mfag93/full/1200,/0/default.jpg","[{""rotation"":0,""x"":0.47499999999999765,""y"":0.16499999999999848,""width"":99.49,""height"":98.99,""rectanglelabels"":[""AM""],""original_width"":4047.0,""original_height"":4875.0}]","","2025-08-06T09:40:40.493738Z"
15192,"1","2025-08-06T09:40:40.493738Z",14554,"https://iiif.irht.cnrs.fr/iiif/ark:/63955/v4kkmgj0kqwp/full/1200,/0/default.jpg","[{""rotation"":0,""x"":0.030000000000002247,""y"":0.18499999999999628,""width"":99.9,""height"":71.45,""rectanglelabels"":[""AF""],""original_width"":3983.0,""original_height"":4820.0},{""rotation"":0,""x"":0.0,""y"":71.675,""width"":99.92,""height"":27.589999999999996,""rectanglelabels"":[""AI""],""original_width"":3983.0,""original_height"":4820.0}]","","2025-08-06T09:40:40.493738Z"
15193,"1","2025-08-06T09:40:40.493738Z",14555,"https://iiif.irht.cnrs.fr/iiif/ark:/63955/v47o7yzyntvt/full/1200,/0/default.jpg","[{""rotation"":0,""x"":0.21999999999999797,""y"":0.23000000000000242,""width"":99.76,""height"":98.92,""rectanglelabels"":[""AM""],""original_width"":4047.0,""original_height"":4875.0}]","","2025-08-06T09:40:40.493738Z"
15194,"1","2025-08-06T09:40:40.493738Z",14556,"https://iiif.irht.cnrs.fr/iiif/ark:/63955/vp7zcnatwexg/full/1200,/0/default.jpg","[{""rotation"":0,""x"":0.025000000000002798,""y"":0.19499999999999934,""width"":99.91,""height"":22.650000000000002,""rectanglelabels"":[""AF""],""original_width"":3983.0,""original_height"":4820.0},{""rotation"":0,""x"":-0.004999999999999449,""y"":22.785,""width"":99.39,""height"":76.77000000000001,""rectanglelabels"":[""AI""],""original_width"":3983.0,""original_height"":4820.0}]","","2025-08-06T09:40:40.493738Z"
15195,"1","2025-08-06T09:40:40.493738Z",14557,"https://iiif.irht.cnrs.fr/iiif/ark:/63955/vyjxhkh8g7co/full/1200,/0/default.jpg","[{""rotation"":0,""x"":0.07999999999999674,""y"":0.18000000000000238,""width"":99.86,""height"":62.62,""rectanglelabels"":[""AF""],""original_width"":4047.0,""original_height"":4875.0},{""rotation"":0,""x"":0.034999999999996145,""y"":62.66499999999999,""width"":99.97,""height"":36.19,""rectanglelabels"":[""AI""],""original_width"":4047.0,""original_height"":4875.0}]","","2025-08-06T09:40:40.493738Z"
15196,"1","2025-08-06T09:40:40.493738Z",14558,"https://iiif.irht.cnrs.fr/iiif/ark:/63955/vvjmvi9oe2em/full/1200,/0/default.jpg","[{""rotation"":0,""x"":0.0,""y"":0.8450000000000013,""width"":99.82,""height"":98.89,""rectanglelabels"":[""AF""],""original_width"":3983.0,""original_height"":4820.0}]","","2025-08-06T09:40:40.493738Z"
15197,"1","2025-08-06T09:40:40.493738Z",14559,"https://iiif.irht.cnrs.fr/iiif/ark:/63955/v2r9dk5rhmq1/full/1200,/0/default.jpg","[{""rotation"":0,""x"":0.11500000000000399,""y"":75.89999999999999,""width"":99.89,""height"":21.88,""rectanglelabels"":[""AI""],""original_width"":4047.0,""original_height"":4875.0},{""rotation"":0,""x"":0.9749999999999925,""y"":0.3049999999999997,""width"":98.95,""height"":75.53,""rectanglelabels"":[""AC""],""original_width"":4047.0,""original_height"":4875.0}]","","2025-08-06T09:40:40.493738Z"
15198,"1","2025-08-06T09:40:40.493738Z",14560,"https://iiif.irht.cnrs.fr/iiif/ark:/63955/vj8l1g28tq4d/full/1200,/0/default.jpg","[{""rotation"":0,""x"":0.13500000000000179,""y"":67.31,""width"":99.85000000000001,""height"":32.58,""rectanglelabels"":[""AI""],""original_width"":3938.0,""original_height"":4820.0},{""rotation"":0,""x"":0.14499999999999513,""y"":0.47000000000000375,""width"":99.81,""height"":67.28,""rectanglelabels"":[""AF""],""original_width"":3938.0,""original_height"":4820.0}]","","2025-08-06T09:40:40.493738Z"
15199,"1","2025-08-06T09:40:40.493738Z",14561,"https://iiif.irht.cnrs.fr/iiif/ark:/63955/vc0vmpao4xrv/full/1200,/0/default.jpg","[{""rotation"":0,""x"":0.16500000000000403,""y"":0.2500000000000002,""width"":99.81,""height"":99.36,""rectanglelabels"":[""AF""],""original_width"":4047.0,""original_height"":4875.0}]","","2025-08-06T09:40:40.493738Z"
5888,"1","2025-08-01T08:42:57.848922Z",14562,"https://iiif.irht.cnrs.fr/iiif/ark:/63955/v65fcxxznyjv/full/1200,/0/default.jpg","[{""x"":0.05999999999999894,""y"":72.15,""width"":99.94,""height"":27.62,""rotation"":0,""rectanglelabels"":[""AI""],""original_width"":1200,""original_height"":1469},{""x"":0.09999999999999458,""y"":0.7650000000000048,""width"":99.89999999999999,""height"":71.53289156626508,""rotation"":0,""rectanglelabels"":[""AC""],""original_width"":1200,""original_height"":1469}]",7.287,"2025-08-01T08:42:57.848922Z"
15200,"1","2025-08-06T09:40:40.493738Z",14563,"https://iiif.irht.cnrs.fr/iiif/ark:/63955/v4yd56b5fluz/full/1200,/0/default.jpg","[{""rotation"":0,""x"":0.054999999999999494,""y"":0.8199999999999985,""width"":99.83,""height"":59.88,""rectanglelabels"":[""AF""],""original_width"":3910.0,""original_height"":4820.0},{""rotation"":0,""x"":0.29000000000000137,""y"":60.56999999999999,""width"":99.58,""height"":39.0,""rectanglelabels"":[""AI""],""original_width"":3910.0,""original_height"":4820.0}]","","2025-08-06T09:40:40.493738Z"
15201,"1","2025-08-06T09:40:40.493738Z",14564,"https://iiif.irht.cnrs.fr/iiif/ark:/63955/vkkbnt4exiqy/full/1200,/0/default.jpg","[{""rotation"":0,""x"":0.27499999999999747,""y"":0.20000000000000018,""width"":99.69,""height"":98.82,""rectanglelabels"":[""AM""],""original_width"":4047.0,""original_height"":4875.0}]","","2025-08-06T09:40:40.493738Z"
15202,"1","2025-08-06T09:40:40.493738Z",14565,"https://iiif.irht.cnrs.fr/iiif/ark:/63955/vdcno1rltmsz/full/1200,/0/default.jpg","[{""rotation"":0,""x"":0.14000000000000123,""y"":0.3149999999999986,""width"":99.86,""height"":27.41,""rectanglelabels"":[""AF""],""original_width"":3938.0,""original_height"":4820.0},{""rotation"":0,""x"":0.019999999999997797,""y"":27.735000000000003,""width"":96.16,""height"":71.89,""rectanglelabels"":[""AI""],""original_width"":3938.0,""original_height"":4820.0}]","","2025-08-06T09:40:40.493738Z"
15203,"1","2025-08-06T09:40:40.493738Z",14566,"https://iiif.irht.cnrs.fr/iiif/ark:/63955/v24wz3kymfj7/full/1200,/0/default.jpg","[{""rotation"":0,""x"":0.0,""y"":44.58,""width"":99.94,""height"":52.980000000000004,""rectanglelabels"":[""AI""],""original_width"":4047.0,""original_height"":4875.0},{""rotation"":0,""x"":0.14499999999999513,""y"":0.19500000000000073,""width"":99.79,""height"":44.35,""rectanglelabels"":[""AF""],""original_width"":4047.0,""original_height"":4875.0}]","","2025-08-06T09:40:40.493738Z"
15204,"1","2025-08-06T09:40:40.493738Z",14567,"https://iiif.irht.cnrs.fr/iiif/ark:/63955/vr60wkyebxso/full/1200,/0/default.jpg","[{""rotation"":0,""x"":0.05999999999999894,""y"":0.20499999999999963,""width"":99.86,""height"":98.89,""rectanglelabels"":[""AM""],""original_width"":3938.0,""original_height"":4820.0}]","","2025-08-06T09:40:40.493738Z"
15205,"1","2025-08-06T09:40:40.493738Z",14568,"https://iiif.irht.cnrs.fr/iiif/ark:/63955/vkgqc2kzuj1y/full/1200,/0/default.jpg","[{""rotation"":0,""x"":0.22500000000000298,""y"":49.405,""width"":99.72999999999999,""height"":48.49,""rectanglelabels"":[""AI""],""original_width"":4047.0,""original_height"":4875.0},{""rotation"":0,""x"":0.054999999999999494,""y"":0.22999999999999965,""width"":99.89,""height"":49.08,""rectanglelabels"":[""AF""],""original_width"":4047.0,""original_height"":4875.0}]","","2025-08-06T09:40:40.493738Z"
15206,"1","2025-08-06T09:40:40.493738Z",14569,"https://iiif.irht.cnrs.fr/iiif/ark:/63955/vg020ypfhw7o/full/1200,/0/default.jpg","[{""rotation"":0,""x"":0.08499999999999619,""y"":0.36000000000000476,""width"":99.87,""height"":98.83999999999999,""rectanglelabels"":[""AF""],""original_width"":3938.0,""original_height"":4820.0}]","","2025-08-06T09:40:40.493738Z"
15207,"1","2025-08-06T09:40:40.493738Z",14570,"https://iiif.irht.cnrs.fr/iiif/ark:/63955/vx38whkta8eq/full/1200,/0/default.jpg","[{""rotation"":0,""x"":0.0,""y"":0.17500000000000293,""width"":99.92,""height"":77.25,""rectanglelabels"":[""AC""],""original_width"":4074.0,""original_height"":4875.0},{""rotation"":0,""x"":0.5199999999999982,""y"":77.47500000000001,""width"":99.44,""height"":19.81,""rectanglelabels"":[""AI""],""original_width"":4074.0,""original_height"":4875.0}]","","2025-08-06T09:40:40.493738Z"
15208,"1","2025-08-06T09:40:40.493738Z",14571,"https://iiif.irht.cnrs.fr/iiif/ark:/63955/vyqsjpn2qlir/full/1200,/0/default.jpg","[{""rotation"":0,""x"":0.15499999999999958,""y"":76.225,""width"":99.85000000000001,""height"":21.51,""rectanglelabels"":[""AI""],""original_width"":3938.0,""original_height"":4820.0},{""rotation"":0,""x"":0.12000000000000344,""y"":0.3599999999999992,""width"":99.88,""height"":75.82,""rectanglelabels"":[""AF""],""original_width"":3938.0,""original_height"":4820.0}]","","2025-08-06T09:40:40.493738Z"
15209,"1","2025-08-06T09:40:40.493738Z",14572,"https://iiif.irht.cnrs.fr/iiif/ark:/63955/voiqey8b5w88/full/1200,/0/default.jpg","[{""rotation"":0,""x"":0.0,""y"":73.91,""width"":99.98,""height"":23.02,""rectanglelabels"":[""AI""],""original_width"":4074.0,""original_height"":4875.0},{""rotation"":0,""x"":0.004999999999999449,""y"":0.13000000000000234,""width"":99.99,""height"":74.11999999999999,""rectanglelabels"":[""AF""],""original_width"":4074.0,""original_height"":4875.0}]","","2025-08-06T09:40:40.493738Z"
15210,"1","2025-08-06T09:40:40.493738Z",14573,"https://iiif.irht.cnrs.fr/iiif/ark:/63955/v55qpy0ycrx3/full/1200,/0/default.jpg","[{""rotation"":0,""x"":0.08000000000000229,""y"":0.4149999999999987,""width"":99.82,""height"":98.09,""rectanglelabels"":[""AM""],""original_width"":3938.0,""original_height"":4820.0}]","","2025-08-06T09:40:40.493738Z"
15211,"1","2025-08-06T09:40:40.493738Z",14574,"https://iiif.irht.cnrs.fr/iiif/ark:/63955/vdeeqq8khjun/full/1200,/0/default.jpg","[{""rotation"":0,""x"":0.05999999999999894,""y"":30.119999999999997,""width"":99.78,""height"":69.08,""rectanglelabels"":[""AI""],""original_width"":4019.0,""original_height"":4820.0},{""rotation"":0,""x"":0.15499999999999958,""y"":0.6399999999999989,""width"":99.85000000000001,""height"":29.580000000000002,""rectanglelabels"":[""AF""],""original_width"":4019.0,""original_height"":4820.0}]","","2025-08-06T09:40:40.493738Z"
15212,"1","2025-08-06T09:40:40.493738Z",14575,"https://iiif.irht.cnrs.fr/iiif/ark:/63955/vkgs7jjt1ahk/full/1200,/0/default.jpg","[{""rotation"":0,""x"":0.0,""y"":0.21999999999999797,""width"":100.0,""height"":98.44000000000001,""rectanglelabels"":[""AM""],""original_width"":4074.0,""original_height"":4875.0}]","","2025-08-06T09:40:40.493738Z"
15213,"1","2025-08-06T09:40:40.493738Z",14576,"https://iiif.irht.cnrs.fr/iiif/ark:/63955/v0vi86n5fwak/full/1200,/0/default.jpg","[{""rotation"":0,""x"":0.06499999999999839,""y"":0.2650000000000041,""width"":99.77000000000001,""height"":98.72999999999999,""rectanglelabels"":[""AM""],""original_width"":3938.0,""original_height"":4820.0}]","","2025-08-06T09:40:40.493738Z"
15214,"1","2025-08-06T09:40:40.493738Z",14577,"https://iiif.irht.cnrs.fr/iiif/ark:/63955/vn0jnzwfwzzd/full/1200,/0/default.jpg","[{""rotation"":0,""x"":0.0,""y"":54.04,""width"":100.0,""height"":43.480000000000004,""rectanglelabels"":[""AI""],""original_width"":4074.0,""original_height"":4875.0},{""rotation"":0,""x"":0.030000000000002247,""y"":0.5899999999999961,""width"":99.94,""height"":53.6,""rectanglelabels"":[""AF""],""original_width"":4074.0,""original_height"":4875.0}]","","2025-08-06T09:40:40.493738Z"
15215,"1","2025-08-06T09:40:40.493738Z",14578,"https://iiif.irht.cnrs.fr/iiif/ark:/63955/vr6wb0xlhimd/full/1200,/0/default.jpg","[{""rotation"":0,""x"":0.029999999999996696,""y"":0.3699999999999981,""width"":99.78,""height"":59.88,""rectanglelabels"":[""AF""],""original_width"":3910.0,""original_height"":4820.0},{""rotation"":0,""x"":0.11499999999999844,""y"":60.03000000000001,""width"":99.75,""height"":39.800000000000004,""rectanglelabels"":[""AI""],""original_width"":3910.0,""original_height"":4820.0}]","","2025-08-06T09:40:40.493738Z"
15216,"1","2025-08-06T09:40:40.495743Z",14579,"https://iiif.irht.cnrs.fr/iiif/ark:/63955/v0vko00lbl8b/full/1200,/0/default.jpg","[{""rotation"":0,""x"":-0.004999999999999449,""y"":0.19500000000000073,""width"":99.99,""height"":65.79,""rectanglelabels"":[""AF""],""original_width"":4074.0,""original_height"":4875.0},{""rotation"":0,""x"":0.19500000000000073,""y"":65.92,""width"":99.81,""height"":32.800000000000004,""rectanglelabels"":[""AI""],""original_width"":4074.0,""original_height"":4875.0}]","","2025-08-06T09:40:40.495743Z"
15217,"1","2025-08-06T09:40:40.497748Z",14580,"https://iiif.irht.cnrs.fr/iiif/ark:/63955/v5wb1b70blsi/full/1200,/0/default.jpg","[{""rotation"":0,""x"":0.06999999999999784,""y"":0.7249999999999979,""width"":99.8,""height"":98.95,""rectanglelabels"":[""AF""],""original_width"":3910.0,""original_height"":4820.0}]","","2025-08-06T09:40:40.497748Z"
15218,"1","2025-08-06T09:40:40.497748Z",14581,"https://iiif.irht.cnrs.fr/iiif/ark:/63955/vh4ifp0xcey7/full/1200,/0/default.jpg","[{""rotation"":0,""x"":0.0,""y"":0.0,""width"":100.0,""height"":100.0,""rectanglelabels"":[""NIA""],""original_width"":2048.0,""original_height"":2048.0}]","","2025-08-06T09:40:40.497748Z"
15219,"1","2025-08-06T09:40:40.497748Z",14582,"https://iiif.irht.cnrs.fr/iiif/ark:/63955/vyn7z9ikhupe/full/1200,/0/default.jpg","[{""rotation"":0,""x"":0.0,""y"":0.0,""width"":100.0,""height"":100.0,""rectanglelabels"":[""NIA""],""original_width"":2048.0,""original_height"":2048.0}]","","2025-08-06T09:40:40.497748Z"
15220,"1","2025-08-06T09:40:40.497748Z",14583,"https://iiif.irht.cnrs.fr/iiif/ark:/63955/v5rqds1yljfp/full/1200,/0/default.jpg","[{""rotation"":0,""x"":0.0,""y"":0.0,""width"":100.0,""height"":100.0,""rectanglelabels"":[""NIA""],""original_width"":2048.0,""original_height"":2048.0}]","","2025-08-06T09:40:40.497748Z"
15221,"1","2025-08-06T09:40:40.497748Z",14584,"https://iiif.irht.cnrs.fr/iiif/ark:/63955/vpsiyfd2a578/full/1200,/0/default.jpg","[{""rotation"":0,""x"":0.830000000000003,""y"":71.22999999999999,""width"":99.11999999999999,""height"":28.360000000000003,""rectanglelabels"":[""AI""],""original_width"":3910.0,""original_height"":4820.0},{""rotation"":0,""x"":0.24000000000000687,""y"":0.8649999999999991,""width"":99.64,""height"":70.33,""rectanglelabels"":[""AF""],""original_width"":3910.0,""original_height"":4820.0}]","","2025-08-06T09:40:40.497748Z"
15222,"1","2025-08-06T09:40:40.497748Z",14585,"https://iiif.irht.cnrs.fr/iiif/ark:/63955/vidftjufdusr/full/1200,/0/default.jpg","[{""rotation"":0,""x"":0.009999999999998899,""y"":0.3599999999999992,""width"":99.98,""height"":98.92,""rectanglelabels"":[""AM""],""original_width"":4019.0,""original_height"":4820.0}]","","2025-08-06T09:40:40.497748Z"
15223,"1","2025-08-06T09:40:40.497748Z",14586,"https://iiif.irht.cnrs.fr/iiif/ark:/63955/v8ihg2z0xmpq/full/1200,/0/default.jpg","[{""rotation"":0,""x"":4.405000000000003,""y"":0.6649999999999989,""width"":95.53,""height"":98.71,""rectanglelabels"":[""AM""],""original_width"":3910.0,""original_height"":4820.0}]","","2025-08-06T09:40:40.497748Z"
15224,"1","2025-08-06T09:40:40.497748Z",14587,"https://iiif.irht.cnrs.fr/iiif/ark:/63955/v5o5irgnyo6b/full/1200,/0/default.jpg","[{""rotation"":0,""x"":0.06499999999999839,""y"":0.6849999999999967,""width"":99.75,""height"":98.89,""rectanglelabels"":[""AM""],""original_width"":4019.0,""original_height"":4820.0}]","","2025-08-06T09:40:40.497748Z"
5889,"1","2025-08-01T08:46:30.942020Z",14588,"https://iiif.irht.cnrs.fr/iiif/ark:/63955/v44hkgrrvtqw/full/1200,/0/default.jpg","",3.326,"2025-08-01T08:46:30.942020Z"
15225,"1","2025-08-06T09:40:40.497748Z",14589,"https://iiif.irht.cnrs.fr/iiif/ark:/63955/v4zuyf7s7y1q/full/1200,/0/default.jpg","[{""rotation"":0,""x"":1.0150000000000048,""y"":0.880000000000003,""width"":98.91,""height"":99.02,""rectanglelabels"":[""AM""],""original_width"":3910.0,""original_height"":4820.0}]","","2025-08-06T09:40:40.497748Z"
15226,"1","2025-08-06T09:40:40.497748Z",14590,"https://iiif.irht.cnrs.fr/iiif/ark:/63955/vgisfip18g7x/full/1200,/0/default.jpg","[{""rotation"":0,""x"":0.045000000000000595,""y"":1.0800000000000032,""width"":99.79,""height"":98.22,""rectanglelabels"":[""AM""],""original_width"":4019.0,""original_height"":4820.0}]","","2025-08-06T09:40:40.497748Z"
15227,"1","2025-08-06T09:40:40.497748Z",14591,"https://iiif.irht.cnrs.fr/iiif/ark:/63955/vlpo2dmrjxvj/full/1200,/0/default.jpg","[{""rotation"":0,""x"":5.5799999999999965,""y"":0.9699999999999931,""width"":94.36,""height"":98.76,""rectanglelabels"":[""AM""],""original_width"":3910.0,""original_height"":4820.0}]","","2025-08-06T09:40:40.497748Z"
15228,"1","2025-08-06T09:40:40.497748Z",14592,"https://iiif.irht.cnrs.fr/iiif/ark:/63955/vrtyym6xowd6/full/1200,/0/default.jpg","[{""rotation"":0,""x"":-0.004999999999999449,""y"":0.5649999999999988,""width"":99.89,""height"":98.87,""rectanglelabels"":[""AM""],""original_width"":4019.0,""original_height"":4820.0}]","","2025-08-06T09:40:40.497748Z"
15229,"1","2025-08-06T09:40:40.497748Z",14593,"https://iiif.irht.cnrs.fr/iiif/ark:/63955/vptofvxv2uhs/full/1200,/0/default.jpg","[{""rotation"":0,""x"":3.1499999999999972,""y"":1.0800000000000032,""width"":96.76,""height"":98.82,""rectanglelabels"":[""AM""],""original_width"":3910.0,""original_height"":4820.0}]","","2025-08-06T09:40:40.497748Z"
15230,"1","2025-08-06T09:40:40.497748Z",14594,"https://iiif.irht.cnrs.fr/iiif/ark:/63955/vij54ap259tz/full/1200,/0/default.jpg","[{""rotation"":0,""x"":0.009999999999998899,""y"":0.6200000000000039,""width"":99.9,""height"":99.14,""rectanglelabels"":[""AM""],""original_width"":4019.0,""original_height"":4820.0}]","","2025-08-06T09:40:40.497748Z"
15231,"1","2025-08-06T09:40:40.497748Z",14595,"https://iiif.irht.cnrs.fr/iiif/ark:/63955/v8smfqab4g1x/full/1200,/0/default.jpg","[{""rotation"":0,""x"":0.5849999999999966,""y"":0.5049999999999999,""width"":99.33,""height"":99.17,""rectanglelabels"":[""AM""],""original_width"":3965.0,""original_height"":4820.0}]","","2025-08-06T09:40:40.497748Z"
5890,"1","2025-08-01T08:47:05.308526Z",14596,"https://iiif.irht.cnrs.fr/iiif/ark:/63955/v5gs2cuwtmfd/full/1200,/0/default.jpg","[{""x"":0.05999999999999894,""y"":0.8219277108433721,""width"":95.52965863453815,""height"":27.5780722891566,""rotation"":0,""rectanglelabels"":[""AF""],""original_width"":1200,""original_height"":1417},{""x"":-0.004999999999999449,""y"":28.345000000000002,""width"":95.25,""height"":71.05,""rotation"":0,""rectanglelabels"":[""AI""],""original_width"":1200,""original_height"":1417}]",7.635,"2025-08-01T08:47:05.308526Z"
15232,"1","2025-08-06T09:40:40.497748Z",14597,"https://iiif.irht.cnrs.fr/iiif/ark:/63955/vsjnhmtrgtz8/full/1200,/0/default.jpg","[{""rotation"":0,""x"":0.7749999999999979,""y"":35.620000000000005,""width"":99.11,""height"":64.25999999999999,""rectanglelabels"":[""AI""],""original_width"":3965.0,""original_height"":4820.0},{""rotation"":0,""x"":0.22999999999999687,""y"":0.3700000000000009,""width"":99.6,""height"":35.14,""rectanglelabels"":[""AF""],""original_width"":3965.0,""original_height"":4820.0}]","","2025-08-06T09:40:40.497748Z"
15233,"1","2025-08-06T09:40:40.497748Z",14598,"https://iiif.irht.cnrs.fr/iiif/ark:/63955/vfezpq36s0b8/full/1200,/0/default.jpg","[{""rotation"":0,""x"":0.004999999999999449,""y"":40.17,""width"":94.23,""height"":59.0,""rectanglelabels"":[""AC""],""original_width"":4083.0,""original_height"":4820.0},{""rotation"":0,""x"":0.0,""y"":0.40999999999999925,""width"":96.98,""height"":39.879999999999995,""rectanglelabels"":[""AF""],""original_width"":4083.0,""original_height"":4820.0}]","","2025-08-06T09:40:40.497748Z"
15234,"1","2025-08-06T09:40:40.497748Z",14599,"https://iiif.irht.cnrs.fr/iiif/ark:/63955/vhz22l8rc7ic/full/1200,/0/default.jpg","[{""rotation"":0,""x"":-0.004999999999999449,""y"":0.20499999999999963,""width"":99.92999999999999,""height"":99.55000000000001,""rectanglelabels"":[""Table""],""original_width"":4019.0,""original_height"":4820.0}]","","2025-08-06T09:40:40.497748Z"
5891,"1","2025-08-01T08:47:34.476424Z",14600,"https://iiif.irht.cnrs.fr/iiif/ark:/63955/vsdlnaf9ps19/full/1200,/0/default.jpg","[{""x"":0.21499999999999303,""y"":0.43000000000000227,""width"":99.67,""height"":52.4443373493976,""rotation"":0,""rectanglelabels"":[""AC""],""original_width"":1200,""original_height"":1459},{""x"":0.2500000000000058,""y"":52.72,""width"":99.64,""height"":46.98,""rotation"":0,""rectanglelabels"":[""AI""],""original_width"":1200,""original_height"":1459}]",6.441,"2025-08-01T08:47:34.476424Z"
15235,"1","2025-08-06T09:40:40.497748Z",14601,"https://iiif.irht.cnrs.fr/iiif/ark:/63955/vgjvabc3akip/full/1200,/0/default.jpg","[{""rotation"":0,""x"":0.0,""y"":0.5099999999999993,""width"":96.82,""height"":99.16,""rectanglelabels"":[""AM""],""original_width"":4083.0,""original_height"":4820.0}]","","2025-08-06T09:40:40.497748Z"
15236,"1","2025-08-06T09:40:40.497748Z",14602,"https://iiif.irht.cnrs.fr/iiif/ark:/63955/vk8gne8nphg3/full/1200,/0/default.jpg","[{""rotation"":0,""x"":0.6099999999999939,""y"":0.3550000000000053,""width"":99.28,""height"":99.42999999999999,""rectanglelabels"":[""AM""],""original_width"":3965.0,""original_height"":4820.0}]","","2025-08-06T09:40:40.497748Z"
15237,"1","2025-08-06T09:40:40.497748Z",14603,"https://iiif.irht.cnrs.fr/iiif/ark:/63955/v33eid4bfdrz/full/1200,/0/default.jpg","[{""rotation"":0,""x"":0.004999999999999449,""y"":0.5550000000000055,""width"":95.27,""height"":99.22999999999999,""rectanglelabels"":[""AM""],""original_width"":4083.0,""original_height"":4820.0}]","","2025-08-06T09:40:40.497748Z"
15238,"1","2025-08-06T09:40:40.497748Z",14604,"https://iiif.irht.cnrs.fr/iiif/ark:/63955/v92al5l6oaqw/full/1200,/0/default.jpg","[{""rotation"":0,""x"":0.984999999999997,""y"":0.31999999999999806,""width"":98.91,""height"":99.36,""rectanglelabels"":[""AM""],""original_width"":3965.0,""original_height"":4820.0}]","","2025-08-06T09:40:40.497748Z"
15239,"1","2025-08-06T09:40:40.497748Z",14605,"https://iiif.irht.cnrs.fr/iiif/ark:/63955/vrea02zhj3lm/full/1200,/0/default.jpg","[{""rotation"":0,""x"":0.06500000000000394,""y"":1.2250000000000039,""width"":99.83,""height"":98.47,""rectanglelabels"":[""AM""],""original_width"":4047.0,""original_height"":4820.0}]","","2025-08-06T09:40:40.497748Z"
15240,"1","2025-08-06T09:40:40.497748Z",14606,"https://iiif.irht.cnrs.fr/iiif/ark:/63955/vh30lefz6e98/full/1200,/0/default.jpg","[{""rotation"":0,""x"":0.3200000000000036,""y"":0.7350000000000023,""width"":99.68,""height"":99.11,""rectanglelabels"":[""AM""],""original_width"":3965.0,""original_height"":4847.0}]","","2025-08-06T09:40:40.497748Z"
15241,"1","2025-08-06T09:40:40.497748Z",14607,"https://iiif.irht.cnrs.fr/iiif/ark:/63955/vove922ktyc7/full/1200,/0/default.jpg","[{""rotation"":0,""x"":0.08499999999999619,""y"":0.6850000000000023,""width"":99.45,""height"":99.15,""rectanglelabels"":[""AM""],""original_width"":4047.0,""original_height"":4820.0}]","","2025-08-06T09:40:40.497748Z"
5892,"1","2025-08-01T08:48:11.817579Z",14608,"https://iiif.irht.cnrs.fr/iiif/ark:/63955/v9ca9utcfguj/full/1200,/0/default.jpg","[{""x"":11.946265060240963,""y"":3.8680120481927607,""width"":87.90144578313249,""height"":89.37048192771086,""rotation"":0,""rectanglelabels"":[""AF""],""original_width"":1200,""original_height"":1467}]",7.712,"2025-08-01T08:48:11.817579Z"
15242,"1","2025-08-06T09:40:40.497748Z",14609,"https://iiif.irht.cnrs.fr/iiif/ark:/63955/vgfxwf4aodzk/full/1200,/0/default.jpg","[{""rotation"":0,""x"":0.050000000000000044,""y"":0.5099999999999993,""width"":99.88,""height"":98.8,""rectanglelabels"":[""AI""],""original_width"":4047.0,""original_height"":4820.0}]","","2025-08-06T09:40:40.497748Z"
15243,"1","2025-08-06T09:40:40.497748Z",14610,"https://iiif.irht.cnrs.fr/iiif/ark:/63955/vynxrsj3ab8e/full/1200,/0/default.jpg","[{""rotation"":0,""x"":0.30999999999999917,""y"":0.36499999999999866,""width"":99.64,""height"":98.29,""rectanglelabels"":[""Table""],""original_width"":3910.0,""original_height"":4820.0}]","","2025-08-06T09:40:40.497748Z"
15244,"1","2025-08-06T09:40:40.497748Z",14611,"https://iiif.irht.cnrs.fr/iiif/ark:/63955/vr9muufs6n1j/full/1200,/0/default.jpg","[{""rotation"":0,""x"":0.3200000000000036,""y"":24.229999999999997,""width"":99.68,""height"":75.38,""rectanglelabels"":[""AC""],""original_width"":3965.0,""original_height"":4847.0},{""rotation"":0,""x"":0.7850000000000024,""y"":0.4049999999999998,""width"":99.21,""height"":23.93,""rectanglelabels"":[""AF""],""original_width"":3965.0,""original_height"":4847.0}]","","2025-08-06T09:40:40.497748Z"
15245,"1","2025-08-06T09:40:40.497748Z",14612,"https://iiif.irht.cnrs.fr/iiif/ark:/63955/vxaeqnt6hcnx/full/1200,/0/default.jpg","[{""rotation"":0,""x"":0.12499999999999734,""y"":0.3650000000000042,""width"":99.81,""height"":61.529999999999994,""rectanglelabels"":[""AC""],""original_width"":4047.0,""original_height"":4820.0},{""rotation"":0,""x"":0.004999999999999449,""y"":61.905,""width"":99.91,""height"":37.71,""rectanglelabels"":[""AI""],""original_width"":4047.0,""original_height"":4820.0}]","","2025-08-06T09:40:40.497748Z"
15246,"1","2025-08-06T09:40:40.497748Z",14613,"https://iiif.irht.cnrs.fr/iiif/ark:/63955/vajceu1stlj3/full/1200,/0/default.jpg","[{""rotation"":0,""x"":0.3950000000000009,""y"":38.114999999999995,""width"":99.61,""height"":61.550000000000004,""rectanglelabels"":[""AI""],""original_width"":3965.0,""original_height"":4847.0},{""rotation"":0,""x"":0.23999999999999577,""y"":0.4049999999999998,""width"":99.76,""height"":37.769999999999996,""rectanglelabels"":[""AF""],""original_width"":3965.0,""original_height"":4847.0}]","","2025-08-06T09:40:40.497748Z"
15247,"1","2025-08-06T09:40:40.497748Z",14614,"https://iiif.irht.cnrs.fr/iiif/ark:/63955/v8exn64a8o8j/full/1200,/0/default.jpg","[{""rotation"":0,""x"":0.20499999999999408,""y"":27.495000000000005,""width"":99.65,""height"":71.75,""rectanglelabels"":[""AC""],""original_width"":4047.0,""original_height"":4820.0},{""rotation"":0,""x"":-0.004999999999999449,""y"":0.15999999999999903,""width"":99.92999999999999,""height"":27.46,""rectanglelabels"":[""AF""],""original_width"":4047.0,""original_height"":4820.0}]","","2025-08-06T09:40:40.497748Z"
15248,"1","2025-08-06T09:40:40.497748Z",14615,"https://iiif.irht.cnrs.fr/iiif/ark:/63955/v2y6v5n8slib/full/1200,/0/default.jpg","[{""rotation"":0,""x"":0.545000000000001,""y"":0.9200000000000041,""width"":99.45,""height"":98.68,""rectanglelabels"":[""AI""],""original_width"":3965.0,""original_height"":4847.0}]","","2025-08-06T09:40:40.497748Z"
15249,"1","2025-08-06T09:40:40.497748Z",14616,"https://iiif.irht.cnrs.fr/iiif/ark:/63955/vxx5zqzka3to/full/1200,/0/default.jpg","[{""rotation"":0,""x"":0.009999999999998899,""y"":0.4149999999999987,""width"":99.82,""height"":98.81,""rectanglelabels"":[""AM""],""original_width"":4047.0,""original_height"":4820.0}]","","2025-08-06T09:40:40.497748Z"
15250,"1","2025-08-06T09:40:40.497748Z",14617,"https://iiif.irht.cnrs.fr/iiif/ark:/63955/v0hu5s3t0mvy/full/1200,/0/default.jpg","[{""rotation"":0,""x"":0.4999999999999949,""y"":1.0199999999999931,""width"":99.5,""height"":98.64,""rectanglelabels"":[""AM""],""original_width"":3965.0,""original_height"":4847.0}]","","2025-08-06T09:40:40.497748Z"
15251,"1","2025-08-06T09:40:40.497748Z",14618,"https://iiif.irht.cnrs.fr/iiif/ark:/63955/vtr3h0v2i7zg/full/1200,/0/default.jpg","[{""rotation"":0,""x"":0.054999999999999494,""y"":0.6400000000000017,""width"":99.85000000000001,""height"":98.88,""rectanglelabels"":[""AM""],""original_width"":4047.0,""original_height"":4820.0}]","","2025-08-06T09:40:40.497748Z"
15252,"1","2025-08-06T09:40:40.497748Z",14619,"https://iiif.irht.cnrs.fr/iiif/ark:/63955/vdy6cjgfd5gu/full/1200,/0/default.jpg","[{""rotation"":0,""x"":0.2799999999999969,""y"":1.0199999999999931,""width"":99.72,""height"":98.64,""rectanglelabels"":[""AM""],""original_width"":3965.0,""original_height"":4847.0}]","","2025-08-06T09:40:40.497748Z"
15253,"1","2025-08-06T09:40:40.497748Z",14620,"https://iiif.irht.cnrs.fr/iiif/ark:/63955/vzmm3fmqblj3/full/1200,/0/default.jpg","[{""rotation"":0,""x"":0.014999999999998348,""y"":0.5749999999999977,""width"":99.91,""height"":98.59,""rectanglelabels"":[""AM""],""original_width"":4028.0,""original_height"":4820.0}]","","2025-08-06T09:40:40.497748Z"
15254,"1","2025-08-06T09:40:40.497748Z",14621,"https://iiif.irht.cnrs.fr/iiif/ark:/63955/vtsvkjrdanva/full/1200,/0/default.jpg","[{""rotation"":0,""x"":0.0,""y"":0.4599999999999993,""width"":99.96000000000001,""height"":99.46000000000001,""rectanglelabels"":[""Table""],""original_width"":4019.0,""original_height"":4820.0}]","","2025-08-06T09:40:40.497748Z"
15255,"1","2025-08-06T09:40:40.497748Z",14622,"https://iiif.irht.cnrs.fr/iiif/ark:/63955/vo03k2ms2351/full/1200,/0/default.jpg","[{""rotation"":0,""x"":0.5800000000000027,""y"":0.9450000000000014,""width"":99.42,""height"":98.47,""rectanglelabels"":[""AM""],""original_width"":3965.0,""original_height"":4847.0}]","","2025-08-06T09:40:40.497748Z"
15256,"1","2025-08-06T09:40:40.497748Z",14623,"https://iiif.irht.cnrs.fr/iiif/ark:/63955/vailqxyvesv0/full/1200,/0/default.jpg","[{""rotation"":0,""x"":0.004999999999999449,""y"":0.385000000000002,""width"":99.97,""height"":98.41,""rectanglelabels"":[""AM""],""original_width"":4028.0,""original_height"":4820.0}]","","2025-08-06T09:40:40.497748Z"
15257,"1","2025-08-06T09:40:40.497748Z",14624,"https://iiif.irht.cnrs.fr/iiif/ark:/63955/vezg1psm8vb9/full/1200,/0/default.jpg","[{""rotation"":0,""x"":0.29499999999999527,""y"":0.7050000000000001,""width"":99.71,""height"":98.77,""rectanglelabels"":[""AF""],""original_width"":3965.0,""original_height"":4847.0}]","","2025-08-06T09:40:40.497748Z"
15258,"1","2025-08-06T09:40:40.497748Z",14625,"https://iiif.irht.cnrs.fr/iiif/ark:/63955/vywbloeotfyc/full/1200,/0/default.jpg","[{""rotation"":0,""x"":0.09500000000000064,""y"":0.7550000000000001,""width"":99.67,""height"":98.15,""rectanglelabels"":[""AI""],""original_width"":4028.0,""original_height"":4820.0}]","","2025-08-06T09:40:40.497748Z"
15259,"1","2025-08-06T09:40:40.497748Z",14626,"https://iiif.irht.cnrs.fr/iiif/ark:/63955/v0p9zlorho6g/full/1200,/0/default.jpg","[{""rotation"":0,""x"":0.4049999999999998,""y"":0.8250000000000035,""width"":99.59,""height"":98.87,""rectanglelabels"":[""AM""],""original_width"":3965.0,""original_height"":4847.0}]","","2025-08-06T09:40:40.497748Z"
15260,"1","2025-08-06T09:40:40.497748Z",14627,"https://iiif.irht.cnrs.fr/iiif/ark:/63955/v586xuet5os2/full/1200,/0/default.jpg","[{""rotation"":0,""x"":0.029999999999996696,""y"":0.6900000000000017,""width"":99.86,""height"":98.74000000000001,""rectanglelabels"":[""AM""],""original_width"":4028.0,""original_height"":4820.0}]","","2025-08-06T09:40:40.497748Z"
15261,"1","2025-08-06T09:40:40.497748Z",14628,"https://iiif.irht.cnrs.fr/iiif/ark:/63955/vzdqe1kt0wup/full/1200,/0/default.jpg","[{""rotation"":0,""x"":0.4449999999999954,""y"":0.7650000000000046,""width"":99.55000000000001,""height"":99.00999999999999,""rectanglelabels"":[""AM""],""original_width"":3965.0,""original_height"":4847.0}]","","2025-08-06T09:40:40.497748Z"
15262,"1","2025-08-06T09:40:40.497748Z",14629,"https://iiif.irht.cnrs.fr/iiif/ark:/63955/v6tbuksjr9pz/full/1200,/0/default.jpg","[{""rotation"":0,""x"":0.019999999999997797,""y"":0.545000000000001,""width"":99.9,""height"":98.92999999999999,""rectanglelabels"":[""AM""],""original_width"":4028.0,""original_height"":4820.0}]","","2025-08-06T09:40:40.497748Z"
15263,"1","2025-08-06T09:40:40.497748Z",14630,"https://iiif.irht.cnrs.fr/iiif/ark:/63955/vfmuuf0i72il/full/1200,/0/default.jpg","[{""rotation"":0,""x"":0.3200000000000036,""y"":0.8400000000000019,""width"":99.68,""height"":98.7,""rectanglelabels"":[""AM""],""original_width"":3965.0,""original_height"":4847.0}]","","2025-08-06T09:40:40.497748Z"
15264,"1","2025-08-06T09:40:40.497748Z",14631,"https://iiif.irht.cnrs.fr/iiif/ark:/63955/vtwmepnbjdhd/full/1200,/0/default.jpg","[{""rotation"":0,""x"":0.004999999999999449,""y"":0.8150000000000046,""width"":99.99,""height"":98.22999999999999,""rectanglelabels"":[""AM""],""original_width"":4028.0,""original_height"":4820.0}]","","2025-08-06T09:40:40.497748Z"
5893,"1","2025-08-01T08:53:50.283959Z",14632,"https://iiif.irht.cnrs.fr/iiif/ark:/63955/vqxvyp858l3v/full/1200,/0/default.jpg","",5.963,"2025-08-01T08:53:50.283959Z"
15265,"1","2025-08-06T09:40:40.499752Z",14633,"https://iiif.irht.cnrs.fr/iiif/ark:/63955/vocxhwpqlp68/full/1200,/0/default.jpg","[{""rotation"":0,""x"":0.16500000000000403,""y"":0.8149999999999991,""width"":99.83,""height"":98.37,""rectanglelabels"":[""AM""],""original_width"":3965.0,""original_height"":4847.0}]","","2025-08-06T09:40:40.499752Z"
15266,"1","2025-08-06T09:40:40.499752Z",14634,"https://iiif.irht.cnrs.fr/iiif/ark:/63955/vj0ojjwm1hfy/full/1200,/0/default.jpg","[{""rotation"":0,""x"":0.019999999999997797,""y"":0.7550000000000001,""width"":99.96000000000001,""height"":98.19,""rectanglelabels"":[""AM""],""original_width"":4028.0,""original_height"":4820.0}]","","2025-08-06T09:40:40.499752Z"
15267,"1","2025-08-06T09:40:40.499752Z",14635,"https://iiif.irht.cnrs.fr/iiif/ark:/63955/v4tor584mltz/full/1200,/0/default.jpg","[{""rotation"":0,""x"":0.30499999999999416,""y"":0.7400000000000018,""width"":99.69,""height"":98.94,""rectanglelabels"":[""AM""],""original_width"":3965.0,""original_height"":4847.0}]","","2025-08-06T09:40:40.499752Z"
15268,"1","2025-08-06T09:40:40.499752Z",14636,"https://iiif.irht.cnrs.fr/iiif/ark:/63955/vjaw81ix7rh7/full/1200,/0/default.jpg","[{""rotation"":0,""x"":0.16000000000000458,""y"":0.26499999999999857,""width"":99.83999999999999,""height"":71.49,""rectanglelabels"":[""AF""],""original_width"":4028.0,""original_height"":4820.0},{""rotation"":0,""x"":0.08499999999999619,""y"":71.665,""width"":99.85000000000001,""height"":26.490000000000002,""rectanglelabels"":[""AI""],""original_width"":4028.0,""original_height"":4820.0}]","","2025-08-06T09:40:40.499752Z"
15269,"1","2025-08-06T09:40:40.499752Z",14637,"https://iiif.irht.cnrs.fr/iiif/ark:/63955/vf0qbmst2qxw/full/1200,/0/default.jpg","[{""rotation"":0,""x"":0.7400000000000018,""y"":0.6950000000000012,""width"":99.26,""height"":99.03,""rectanglelabels"":[""AF""],""original_width"":3965.0,""original_height"":4847.0}]","","2025-08-06T09:40:40.499752Z"
15270,"1","2025-08-06T09:40:40.499752Z",14638,"https://iiif.irht.cnrs.fr/iiif/ark:/63955/vfp1nuo9nosx/full/1200,/0/default.jpg","[{""rotation"":0,""x"":0.09500000000000064,""y"":1.100000000000001,""width"":99.61,""height"":97.82,""rectanglelabels"":[""AI""],""original_width"":4028.0,""original_height"":4820.0}]","","2025-08-06T09:40:40.499752Z"
15271,"1","2025-08-06T09:40:40.499752Z",14639,"https://iiif.irht.cnrs.fr/iiif/ark:/63955/vl1y3y6ugdah/full/1200,/0/default.jpg","[{""rotation"":0,""x"":0.3999999999999948,""y"":0.7100000000000051,""width"":99.46000000000001,""height"":98.72,""rectanglelabels"":[""AM""],""original_width"":4019.0,""original_height"":4847.0}]","","2025-08-06T09:40:40.499752Z"
15272,"1","2025-08-06T09:40:40.499752Z",14640,"https://iiif.irht.cnrs.fr/iiif/ark:/63955/v4m4xf6od332/full/1200,/0/default.jpg","[{""rotation"":0,""x"":0.034999999999996145,""y"":0.8900000000000019,""width"":99.85000000000001,""height"":97.61999999999999,""rectanglelabels"":[""AM""],""original_width"":4028.0,""original_height"":4820.0}]","","2025-08-06T09:40:40.499752Z"
15273,"1","2025-08-06T09:40:40.499752Z",14641,"https://iiif.irht.cnrs.fr/iiif/ark:/63955/v4rws0khsi2t/full/1200,/0/default.jpg","[{""rotation"":0,""x"":0.3750000000000031,""y"":1.0850000000000026,""width"":99.57000000000001,""height"":98.03,""rectanglelabels"":[""AM""],""original_width"":3983.0,""original_height"":4847.0}]","","2025-08-06T09:40:40.499752Z"
15274,"1","2025-08-06T09:40:40.499752Z",14642,"https://iiif.irht.cnrs.fr/iiif/ark:/63955/vh5sn081bp5y/full/1200,/0/default.jpg","[{""rotation"":0,""x"":0.05999999999999894,""y"":0.7149999999999934,""width"":99.38,""height"":98.67,""rectanglelabels"":[""AM""],""original_width"":4028.0,""original_height"":4820.0}]","","2025-08-06T09:40:40.499752Z"
15275,"1","2025-08-06T09:40:40.499752Z",14643,"https://iiif.irht.cnrs.fr/iiif/ark:/63955/vivn2zye7c70/full/1200,/0/default.jpg","[{""rotation"":0,""x"":0.050000000000000044,""y"":0.8549999999999947,""width"":99.82,""height"":98.79,""rectanglelabels"":[""AC""],""original_width"":4019.0,""original_height"":4820.0}]","","2025-08-06T09:40:40.499752Z"
15276,"1","2025-08-06T09:40:40.499752Z",14644,"https://iiif.irht.cnrs.fr/iiif/ark:/63955/vu3e0rr3uu8m/full/1200,/0/default.jpg","[{""rotation"":0,""x"":0.4500000000000004,""y"":0.9099999999999997,""width"":99.5,""height"":98.34,""rectanglelabels"":[""AM""],""original_width"":3983.0,""original_height"":4847.0}]","","2025-08-06T09:40:40.499752Z"
15277,"1","2025-08-06T09:40:40.499752Z",14645,"https://iiif.irht.cnrs.fr/iiif/ark:/63955/vr0mbieuk8bq/full/1200,/0/default.jpg","[{""rotation"":0,""x"":0.0,""y"":0.7400000000000018,""width"":99.72,""height"":98.48,""rectanglelabels"":[""AM""],""original_width"":4028.0,""original_height"":4820.0}]","","2025-08-06T09:40:40.499752Z"
15278,"1","2025-08-06T09:40:40.499752Z",14646,"https://iiif.irht.cnrs.fr/iiif/ark:/63955/v0yr9z2z50t8/full/1200,/0/default.jpg","[{""rotation"":0,""x"":0.4300000000000026,""y"":1.2199999999999989,""width"":99.52,""height"":98.14,""rectanglelabels"":[""AM""],""original_width"":3983.0,""original_height"":4847.0}]","","2025-08-06T09:40:40.499752Z"
15279,"1","2025-08-06T09:40:40.499752Z",14647,"https://iiif.irht.cnrs.fr/iiif/ark:/63955/vfuz7xu16gt7/full/1200,/0/default.jpg","[{""rotation"":0,""x"":0.029999999999996696,""y"":0.6799999999999973,""width"":99.76,""height"":98.14,""rectanglelabels"":[""AM""],""original_width"":4028.0,""original_height"":4820.0}]","","2025-08-06T09:40:40.499752Z"
15280,"1","2025-08-06T09:40:40.499752Z",14648,"https://iiif.irht.cnrs.fr/iiif/ark:/63955/v35phz9qazr8/full/1200,/0/default.jpg","[{""rotation"":0,""x"":0.24500000000000077,""y"":0.9500000000000008,""width"":99.67,""height"":47.0,""rectanglelabels"":[""AF""],""original_width"":3983.0,""original_height"":4847.0},{""rotation"":0,""x"":0.5900000000000072,""y"":47.870000000000005,""width"":99.33999999999999,""height"":50.96000000000001,""rectanglelabels"":[""AI""],""original_width"":3983.0,""original_height"":4847.0}]","","2025-08-06T09:40:40.499752Z"
15281,"1","2025-08-06T09:40:40.499752Z",14649,"https://iiif.irht.cnrs.fr/iiif/ark:/63955/vq08t0eutm9n/full/1200,/0/default.jpg","[{""rotation"":0,""x"":0.019999999999997797,""y"":67.75,""width"":99.96000000000001,""height"":31.04,""rectanglelabels"":[""AI""],""original_width"":4028.0,""original_height"":4820.0},{""rotation"":0,""x"":0.10499999999999954,""y"":0.38000000000000256,""width"":99.79,""height"":67.67999999999999,""rectanglelabels"":[""AF""],""original_width"":4028.0,""original_height"":4820.0}]","","2025-08-06T09:40:40.499752Z"
15282,"1","2025-08-06T09:40:40.499752Z",14650,"https://iiif.irht.cnrs.fr/iiif/ark:/63955/vmglhiryby1g/full/1200,/0/default.jpg","[{""rotation"":0,""x"":0.22500000000000298,""y"":0.7550000000000001,""width"":99.69,""height"":51.15,""rectanglelabels"":[""AF""],""original_width"":3983.0,""original_height"":4847.0},{""rotation"":0,""x"":0.33999999999999586,""y"":51.715,""width"":99.56,""height"":48.089999999999996,""rectanglelabels"":[""AI""],""original_width"":3983.0,""original_height"":4847.0}]","","2025-08-06T09:40:40.499752Z"
15283,"1","2025-08-06T09:40:40.499752Z",14651,"https://iiif.irht.cnrs.fr/iiif/ark:/63955/vojfx9qx0zo1/full/1200,/0/default.jpg","[{""rotation"":0,""x"":0.07999999999999674,""y"":0.6450000000000011,""width"":99.92,""height"":99.09,""rectanglelabels"":[""AM""],""original_width"":3992.0,""original_height"":4820.0}]","","2025-08-06T09:40:40.499752Z"
15284,"1","2025-08-06T09:40:40.499752Z",14652,"https://iiif.irht.cnrs.fr/iiif/ark:/63955/v7h1lcv8mju2/full/1200,/0/default.jpg","[{""rotation"":0,""x"":0.4200000000000037,""y"":0.9449999999999958,""width"":99.52,""height"":98.61,""rectanglelabels"":[""AM""],""original_width"":3983.0,""original_height"":4847.0}]","","2025-08-06T09:40:40.499752Z"
15285,"1","2025-08-06T09:40:40.499752Z",14653,"https://iiif.irht.cnrs.fr/iiif/ark:/63955/v5clxaxwbdkv/full/1200,/0/default.jpg","[{""rotation"":0,""x"":0.05999999999999894,""y"":0.5500000000000005,""width"":99.94,""height"":99.06,""rectanglelabels"":[""AM""],""original_width"":3992.0,""original_height"":4820.0}]","","2025-08-06T09:40:40.499752Z"
15286,"1","2025-08-06T09:40:40.499752Z",14654,"https://iiif.irht.cnrs.fr/iiif/ark:/63955/v8skz5un05dy/full/1200,/0/default.jpg","[{""rotation"":0,""x"":0.12499999999999734,""y"":1.9050000000000011,""width"":99.77000000000001,""height"":68.49,""rectanglelabels"":[""AC""],""original_width"":3910.0,""original_height"":4820.0},{""rotation"":0,""x"":0.3149999999999986,""y"":70.87,""width"":99.61,""height"":29.020000000000003,""rectanglelabels"":[""AI""],""original_width"":3910.0,""original_height"":4820.0}]","","2025-08-06T09:40:40.499752Z"
15287,"1","2025-08-06T09:40:40.499752Z",14655,"https://iiif.irht.cnrs.fr/iiif/ark:/63955/vti4kf5j46ql/full/1200,/0/default.jpg","[{""rotation"":0,""x"":0.390000000000007,""y"":26.760000000000005,""width"":99.53999999999999,""height"":72.39999999999999,""rectanglelabels"":[""AI""],""original_width"":3983.0,""original_height"":4847.0},{""rotation"":0,""x"":0.16499999999999293,""y"":0.8449999999999985,""width"":99.75,""height"":25.95,""rectanglelabels"":[""AF""],""original_width"":3983.0,""original_height"":4847.0}]","","2025-08-06T09:40:40.499752Z"
15288,"1","2025-08-06T09:40:40.499752Z",14656,"https://iiif.irht.cnrs.fr/iiif/ark:/63955/v8cy4lknfnsr/full/1200,/0/default.jpg","[{""rotation"":0,""x"":0.06499999999999839,""y"":0.34500000000000086,""width"":99.79,""height"":98.50999999999999,""rectanglelabels"":[""AM""],""original_width"":3992.0,""original_height"":4820.0}]","","2025-08-06T09:40:40.499752Z"
15289,"1","2025-08-06T09:40:40.499752Z",14657,"https://iiif.irht.cnrs.fr/iiif/ark:/63955/v9p26ldk68do/full/1200,/0/default.jpg","[{""rotation"":0,""x"":0.0,""y"":53.725,""width"":99.83999999999999,""height"":45.87,""rectanglelabels"":[""AI""],""original_width"":4019.0,""original_height"":4847.0},{""rotation"":0,""x"":0.0,""y"":0.495000000000001,""width"":99.83999999999999,""height"":53.23,""rectanglelabels"":[""AF""],""original_width"":4019.0,""original_height"":4847.0}]","","2025-08-06T09:40:40.499752Z"
15290,"1","2025-08-06T09:40:40.499752Z",14658,"https://iiif.irht.cnrs.fr/iiif/ark:/63955/vdx3jh7q8tyk/full/1200,/0/default.jpg","[{""rotation"":0,""x"":0.11499999999999844,""y"":0.30000000000000027,""width"":99.83,""height"":29.659999999999997,""rectanglelabels"":[""AF""],""original_width"":4019.0,""original_height"":4820.0},{""rotation"":0,""x"":0.0,""y"":29.94,""width"":99.83999999999999,""height"":68.76,""rectanglelabels"":[""AC""],""original_width"":4019.0,""original_height"":4820.0}]","","2025-08-06T09:40:40.499752Z"
15291,"1","2025-08-06T09:40:40.499752Z",14659,"https://iiif.irht.cnrs.fr/iiif/ark:/63955/vs25cql0id98/full/1200,/0/default.jpg","[{""rotation"":0,""x"":9.68,""y"":65.60000000000001,""width"":90.16,""height"":31.619999999999997,""rectanglelabels"":[""AI""],""original_width"":4360.0,""original_height"":5069.0},{""rotation"":0,""x"":3.9949999999999983,""y"":3.7449999999999983,""width"":95.91,""height"":61.69,""rectanglelabels"":[""AC""],""original_width"":4360.0,""original_height"":5069.0}]","","2025-08-06T09:40:40.499752Z"
15292,"1","2025-08-06T09:40:40.503132Z",14660,"https://iiif.irht.cnrs.fr/iiif/ark:/63955/vffutz02dofb/full/1200,/0/default.jpg","[{""rotation"":0,""x"":0.0,""y"":3.9200000000000013,""width"":89.64,""height"":56.3,""rectanglelabels"":[""AF""],""original_width"":4172.0,""original_height"":5069.0},{""rotation"":0,""x"":-0.004999999999999449,""y"":60.029999999999994,""width"":89.81,""height"":36.28,""rectanglelabels"":[""AI""],""original_width"":4172.0,""original_height"":5069.0}]","","2025-08-06T09:40:40.503132Z"
5894,"1","2025-08-01T09:04:17.402568Z",14661,"https://iiif.irht.cnrs.fr/iiif/ark:/63955/vsys0o0unlmq/full/1200,/0/default.jpg","[{""x"":13.806425702811245,""y"":4.850602409638549,""width"":86.04357429718861,""height"":93.14216867469874,""rotation"":0,""rectanglelabels"":[""AF""],""original_width"":1200,""original_height"":1447}]",10.215,"2025-08-01T09:04:17.402568Z"
15293,"1","2025-08-06T09:40:40.503132Z",14662,"https://iiif.irht.cnrs.fr/iiif/ark:/63955/vrzgd0zq976p/full/1200,/0/default.jpg","[{""rotation"":0,""x"":0.024999999999997247,""y"":2.2099999999999955,""width"":99.65,""height"":97.28,""rectanglelabels"":[""AI""],""original_width"":4019.0,""original_height"":4820.0}]","","2025-08-06T09:40:40.503132Z"
15294,"1","2025-08-06T09:40:40.503132Z",14663,"https://iiif.irht.cnrs.fr/iiif/ark:/63955/v2zp212rhekg/full/1200,/0/default.jpg","[{""rotation"":0,""x"":0.3300000000000025,""y"":0.8750000000000036,""width"":99.52,""height"":98.79,""rectanglelabels"":[""AM""],""original_width"":4019.0,""original_height"":4847.0}]","","2025-08-06T09:40:40.503132Z"
15295,"1","2025-08-06T09:40:40.503132Z",14664,"https://iiif.irht.cnrs.fr/iiif/ark:/63955/v7l48frt2il2/full/1200,/0/default.jpg","[{""rotation"":0,""x"":0.004999999999999449,""y"":1.9100000000000006,""width"":99.81,""height"":97.39999999999999,""rectanglelabels"":[""AM""],""original_width"":4019.0,""original_height"":4820.0}]","","2025-08-06T09:40:40.503132Z"
15296,"1","2025-08-06T09:40:40.503132Z",14665,"https://iiif.irht.cnrs.fr/iiif/ark:/63955/v1boahwvlreh/full/1200,/0/default.jpg","[{""rotation"":0,""x"":0.07000000000000339,""y"":59.325,""width"":99.52,""height"":40.33,""rectanglelabels"":[""AI""],""original_width"":4019.0,""original_height"":4820.0},{""rotation"":0,""x"":0.034999999999996145,""y"":0.8500000000000008,""width"":99.97,""height"":58.64,""rectanglelabels"":[""AF""],""original_width"":4019.0,""original_height"":4820.0}]","","2025-08-06T09:40:40.503132Z"
15297,"1","2025-08-06T09:40:40.503132Z",14666,"https://iiif.irht.cnrs.fr/iiif/ark:/63955/vyz2xpc5w17w/full/1200,/0/default.jpg","[{""rotation"":0,""x"":0.3100000000000047,""y"":1.4400000000000024,""width"":99.53999999999999,""height"":98.48,""rectanglelabels"":[""AM""],""original_width"":4019.0,""original_height"":4847.0}]","","2025-08-06T09:40:40.503132Z"
15298,"1","2025-08-06T09:40:40.503132Z",14667,"https://iiif.irht.cnrs.fr/iiif/ark:/63955/vraxu1f8mvf7/full/1200,/0/default.jpg","[{""rotation"":0,""x"":0.054999999999999494,""y"":2.094999999999997,""width"":99.53,""height"":97.50999999999999,""rectanglelabels"":[""AM""],""original_width"":4019.0,""original_height"":4820.0}]","","2025-08-06T09:40:40.503132Z"
15299,"1","2025-08-06T09:40:40.503132Z",14668,"https://iiif.irht.cnrs.fr/iiif/ark:/63955/vznnrhp93r82/full/1200,/0/default.jpg","[{""rotation"":0,""x"":0.2850000000000019,""y"":1.5699999999999992,""width"":99.55000000000001,""height"":98.11999999999999,""rectanglelabels"":[""AM""],""original_width"":4019.0,""original_height"":4875.0}]","","2025-08-06T09:40:40.503132Z"
15300,"1","2025-08-06T09:40:40.503132Z",14669,"https://iiif.irht.cnrs.fr/iiif/ark:/63955/vu5s6ao8hkzr/full/1200,/0/default.jpg","[{""rotation"":0,""x"":0.0,""y"":1.2249999999999928,""width"":99.68,""height"":98.25,""rectanglelabels"":[""AM""],""original_width"":3983.0,""original_height"":4820.0}]","","2025-08-06T09:40:40.503132Z"
15301,"1","2025-08-06T09:40:40.503132Z",14670,"https://iiif.irht.cnrs.fr/iiif/ark:/63955/vitty2ftint6/full/1200,/0/default.jpg","[{""rotation"":0,""x"":0.2500000000000058,""y"":0.4650000000000043,""width"":99.62,""height"":98.72999999999999,""rectanglelabels"":[""AM""],""original_width"":4019.0,""original_height"":4875.0}]","","2025-08-06T09:40:40.503132Z"
15302,"1","2025-08-06T09:40:40.503132Z",14671,"https://iiif.irht.cnrs.fr/iiif/ark:/63955/valozvrr3ul8/full/1200,/0/default.jpg","[{""rotation"":0,""x"":0.0,""y"":1.695000000000002,""width"":99.76,""height"":97.97,""rectanglelabels"":[""AM""],""original_width"":3983.0,""original_height"":4820.0}]","","2025-08-06T09:40:40.503132Z"
15303,"1","2025-08-06T09:40:40.503132Z",14672,"https://iiif.irht.cnrs.fr/iiif/ark:/63955/vmsjb01w0tfu/full/1200,/0/default.jpg","[{""rotation"":0,""x"":0.060000000000004494,""y"":0.6450000000000011,""width"":99.83999999999999,""height"":98.71,""rectanglelabels"":[""AM""],""original_width"":4019.0,""original_height"":4875.0}]","","2025-08-06T09:40:40.503132Z"
15304,"1","2025-08-06T09:40:40.503132Z",14673,"https://iiif.irht.cnrs.fr/iiif/ark:/63955/vmdw26fp0l0l/full/1200,/0/default.jpg","[{""rotation"":0,""x"":-0.004999999999999449,""y"":1.7950000000000021,""width"":99.81,""height"":97.95,""rectanglelabels"":[""AM""],""original_width"":3983.0,""original_height"":4820.0}]","","2025-08-06T09:40:40.503132Z"
15305,"1","2025-08-06T09:40:40.503132Z",14674,"https://iiif.irht.cnrs.fr/iiif/ark:/63955/vazg1rjwdsj5/full/1200,/0/default.jpg","[{""rotation"":0,""x"":0.19999999999999463,""y"":0.9550000000000058,""width"":99.68,""height"":98.61,""rectanglelabels"":[""AM""],""original_width"":4019.0,""original_height"":4875.0}]","","2025-08-06T09:40:40.503132Z"
15306,"1","2025-08-06T09:40:40.503132Z",14675,"https://iiif.irht.cnrs.fr/iiif/ark:/63955/vbv5ds6670tl/full/1200,/0/default.jpg","[{""rotation"":0,""x"":-0.004999999999999449,""y"":1.4150000000000051,""width"":99.67,""height"":98.33,""rectanglelabels"":[""AM""],""original_width"":3983.0,""original_height"":4820.0}]","","2025-08-06T09:40:40.503132Z"
15307,"1","2025-08-06T09:40:40.503132Z",14676,"https://iiif.irht.cnrs.fr/iiif/ark:/63955/v7kv6mg27x5i/full/1200,/0/default.jpg","[{""rotation"":0,""x"":0.20499999999999963,""y"":0.4249999999999976,""width"":99.79,""height"":99.42999999999999,""rectanglelabels"":[""Table""],""original_width"":3956.0,""original_height"":4875.0}]","","2025-08-06T09:40:40.503132Z"
5895,"1","2025-08-01T09:05:32.581871Z",14677,"https://iiif.irht.cnrs.fr/iiif/ark:/63955/vkmaqci7jh1r/full/1200,/0/default.jpg","[{""x"":9.99730923694779,""y"":43.344999999999956,""width"":89.94269076305214,""height"":25.204216867469913,""rotation"":0,""rectanglelabels"":[""AC""],""original_width"":1200,""original_height"":1417},{""x"":12.097871485943775,""y"":4.560421686746988,""width"":87.79712851405628,""height"":38.954578313253045,""rotation"":0,""rectanglelabels"":[""AF""],""original_width"":1200,""original_height"":1417}]",16.853,"2025-08-01T09:05:32.581871Z"
5896,"1","2025-08-01T09:06:01.088879Z",14678,"https://iiif.irht.cnrs.fr/iiif/ark:/63955/vjfuf9ubxf37/full/1200,/0/default.jpg","[{""x"":0.10999999999999906,""y"":30.30807228915663,""width"":87.40188755020081,""height"":67.36192771084355,""rotation"":0,""rectanglelabels"":[""AC""],""original_width"":1200,""original_height"":1381}]",9.516,"2025-08-01T09:06:01.088879Z"
15308,"1","2025-08-06T09:40:40.503132Z",14679,"https://iiif.irht.cnrs.fr/iiif/ark:/63955/vw6n6b76cary/full/1200,/0/default.jpg","[{""rotation"":0,""x"":0.06499999999999839,""y"":69.485,""width"":99.81,""height"":30.270000000000003,""rectanglelabels"":[""AI""],""original_width"":4092.0,""original_height"":4875.0},{""rotation"":0,""x"":-0.004999999999999449,""y"":1.250000000000001,""width"":99.87,""height"":68.32000000000001,""rectanglelabels"":[""AC""],""original_width"":4092.0,""original_height"":4875.0}]","","2025-08-06T09:40:40.503132Z"
5897,"1","2025-08-01T09:06:21.642405Z",14680,"https://iiif.irht.cnrs.fr/iiif/ark:/63955/vkha2pukrl36/full/1200,/0/default.jpg","[{""x"":0.08500000000000171,""y"":1.8550000000000004,""width"":88.62999999999998,""height"":80.05481927710846,""rotation"":0,""rectanglelabels"":[""AF""],""original_width"":1200,""original_height"":1381},{""x"":4.9960036108132044e-15,""y"":81.48530120481928,""width"":98.65,""height"":17.02,""rotation"":0,""rectanglelabels"":[""AC""],""original_width"":1200,""original_height"":1381}]",11.816,"2025-08-01T09:06:21.642405Z"
5898,"1","2025-08-01T09:06:32.107404Z",14681,"https://iiif.irht.cnrs.fr/iiif/ark:/63955/vgigbueqxlm4/full/1200,/0/default.jpg","[{""x"":-0.004999999999999449,""y"":45.73500000000001,""width"":99.89,""height"":54.06999999999999,""rotation"":0,""rectanglelabels"":[""AI""],""original_width"":1200,""original_height"":1430},{""x"":0.5150000000000043,""y"":35.545,""width"":99.33,""height"":10.15,""rotation"":0,""rectanglelabels"":[""AC""],""original_width"":1200,""original_height"":1430},{""x"":-0.004999999999999449,""y"":25.28,""width"":99.87,""height"":10.100000000000001,""rotation"":0,""rectanglelabels"":[""AC""],""original_width"":1200,""original_height"":1430},{""x"":0.054999999999999494,""y"":0.8300000000000002,""width"":99.77000000000001,""height"":24.5,""rotation"":0,""rectanglelabels"":[""AC""],""original_width"":1200,""original_height"":1430}]",3.411,"2025-08-01T09:06:32.107404Z"
5899,"1","2025-08-01T09:06:37.740318Z",14682,"https://iiif.irht.cnrs.fr/iiif/ark:/63955/v9tghzsrrrc8/full/1200,/0/default.jpg","[{""x"":3.186507282936944e-15,""y"":60.81789156626506,""width"":95.83,""height"":37.25,""rotation"":0,""rectanglelabels"":[""AI""],""original_width"":1200,""original_height"":1381},{""x"":0.10999999999999899,""y"":0.7800000000000029,""width"":94.32000000000001,""height"":60.3,""rotation"":0,""rectanglelabels"":[""AF""],""original_width"":1200,""original_height"":1381}]",4.566,"2025-08-01T09:06:37.740318Z"
15309,"1","2025-08-06T09:40:40.503132Z",14683,"https://iiif.irht.cnrs.fr/iiif/ark:/63955/v2eywzpi2wzl/full/1200,/0/default.jpg","[{""rotation"":0,""x"":0.07499999999999729,""y"":35.379999999999995,""width"":99.77000000000001,""height"":64.58,""rectanglelabels"":[""AC""],""original_width"":4092.0,""original_height"":4875.0},{""rotation"":0,""x"":0.004999999999999449,""y"":0.8500000000000008,""width"":99.85000000000001,""height"":34.4,""rectanglelabels"":[""AF""],""original_width"":4092.0,""original_height"":4875.0}]","","2025-08-06T09:40:40.503132Z"
15310,"1","2025-08-06T09:40:40.503132Z",14684,"https://iiif.irht.cnrs.fr/iiif/ark:/63955/vcafr0ddnhmg/full/1200,/0/default.jpg","[{""rotation"":0,""x"":0.12999999999999678,""y"":1.0650000000000048,""width"":93.10000000000001,""height"":97.83,""rectanglelabels"":[""AC""],""original_width"":4228.0,""original_height"":4865.0}]","","2025-08-06T09:40:40.503132Z"
5900,"1","2025-08-01T09:07:01.748677Z",14685,"https://iiif.irht.cnrs.fr/iiif/ark:/63955/vy4fqw7i8fln/full/1200,/0/default.jpg","[{""x"":0,""y"":0.0011445783132533406,""width"":99.87999999999998,""height"":72.26855421686747,""rotation"":0,""rectanglelabels"":[""AC""],""original_width"":1200,""original_height"":1430},{""x"":0.14000000000000623,""y"":72.11662650602409,""width"":99.85999999999997,""height"":27.88337349397585,""rotation"":0,""rectanglelabels"":[""AI""],""original_width"":1200,""original_height"":1430}]",18.108,"2025-08-01T09:07:01.748677Z"
5901,"1","2025-08-01T09:09:49.220821Z",14686,"https://iiif.irht.cnrs.fr/iiif/ark:/63955/vehm30oz09ca/full/1200,/0/default.jpg","[{""x"":0.3623092369477904,""y"":64.13096385542168,""width"":97.09,""height"":33.36000000000001,""rotation"":0,""rectanglelabels"":[""AI""],""original_width"":1200,""original_height"":1381},{""x"":0.14000000000000123,""y"":0.8750000000000036,""width"":98.98,""height"":63.55,""rotation"":0,""rectanglelabels"":[""AF""],""original_width"":1200,""original_height"":1381}]",5.059,"2025-08-01T09:09:49.220821Z"
5902,"1","2025-08-01T09:09:59.450538Z",14687,"https://iiif.irht.cnrs.fr/iiif/ark:/63955/v9f77bahh7tg/full/1200,/0/default.jpg","[{""x"":0.10000000000000016,""y"":3.4584939759036164,""width"":86.8667871485944,""height"":94.69650602409632,""rotation"":0,""rectanglelabels"":[""AI""],""original_width"":1200,""original_height"":1378}]",7.877,"2025-08-01T09:09:59.450538Z"
15311,"1","2025-08-06T09:40:40.503132Z",14688,"https://iiif.irht.cnrs.fr/iiif/ark:/63955/vp4b2hyk4fi8/full/1200,/0/default.jpg","[{""rotation"":0,""x"":0.09000000000000119,""y"":70.71,""width"":99.78,""height"":29.020000000000003,""rectanglelabels"":[""AI""],""original_width"":4092.0,""original_height"":4875.0},{""rotation"":0,""x"":0.20499999999999408,""y"":0.3599999999999992,""width"":99.69,""height"":70.54,""rectanglelabels"":[""AF""],""original_width"":4092.0,""original_height"":4875.0}]","","2025-08-06T09:40:40.503132Z"
5903,"1","2025-08-01T09:10:06.707901Z",14689,"https://iiif.irht.cnrs.fr/iiif/ark:/63955/vv952rdic0wu/full/1200,/0/default.jpg","[{""x"":0.14865461847389527,""y"":62.20481927710843,""width"":93.10000000000001,""height"":36.35999999999999,""rotation"":0,""rectanglelabels"":[""AI""],""original_width"":1200,""original_height"":1381},{""x"":0.13500000000000179,""y"":0.7400000000000018,""width"":98.39,""height"":61.480000000000004,""rotation"":0,""rectanglelabels"":[""AF""],""original_width"":1200,""original_height"":1381}]",3.003,"2025-08-01T09:10:06.707901Z"
15312,"1","2025-08-06T09:40:40.503132Z",14690,"https://iiif.irht.cnrs.fr/iiif/ark:/63955/vmzvbzvlc6ag/full/1200,/0/default.jpg","[{""rotation"":0,""x"":0.0,""y"":0.5850000000000022,""width"":99.86,""height"":42.71,""rectanglelabels"":[""AF""],""original_width"":4092.0,""original_height"":4875.0},{""rotation"":0,""x"":0.0,""y"":43.2,""width"":99.88,""height"":56.74,""rectanglelabels"":[""AC""],""original_width"":4092.0,""original_height"":4875.0}]","","2025-08-06T09:40:40.503132Z"
5904,"1","2025-08-01T09:10:20.626685Z",14691,"https://iiif.irht.cnrs.fr/iiif/ark:/63955/vicygw2wfbro/full/1200,/0/default.jpg","[{""x"":0.004999999999999449,""y"":0.7450000000000012,""width"":91.57,""height"":73.69,""rotation"":0,""rectanglelabels"":[""AC""],""original_width"":1200,""original_height"":1381},{""x"":0.00499999999999947,""y"":74.36469879518073,""width"":92.01995983935743,""height"":22.805301204819312,""rotation"":0,""rectanglelabels"":[""AI""],""original_width"":1200,""original_height"":1381}]",8.687,"2025-08-01T09:10:20.626685Z"
15313,"1","2025-08-06T09:40:40.503132Z",14692,"https://iiif.irht.cnrs.fr/iiif/ark:/63955/vguftcsu8mg8/full/1200,/0/default.jpg","[{""rotation"":0,""x"":-0.004999999999999449,""y"":58.48,""width"":99.91,""height"":41.42,""rectanglelabels"":[""AI""],""original_width"":4092.0,""original_height"":4875.0},{""rotation"":0,""x"":-0.0050000000000050004,""y"":1.2800000000000034,""width"":99.85000000000001,""height"":57.099999999999994,""rectanglelabels"":[""AF""],""original_width"":4092.0,""original_height"":4875.0}]","","2025-08-06T09:40:40.503132Z"
5905,"1","2025-08-01T09:10:37.060062Z",14693,"https://iiif.irht.cnrs.fr/iiif/ark:/63955/vhs8ddkjn110/full/1200,/0/default.jpg","[{""x"":0.25500000000000533,""y"":3.812530120481928,""width"":88.26032128514055,""height"":40.94746987951808,""rotation"":0,""rectanglelabels"":[""AF""],""original_width"":1200,""original_height"":1381},{""x"":0.10999999999999899,""y"":44.515,""width"":88.08,""height"":52.93,""rotation"":0,""rectanglelabels"":[""AI""],""original_width"":1200,""original_height"":1381}]",8.179,"2025-08-01T09:10:37.060062Z"
5906,"1","2025-08-01T09:10:46.472355Z",14694,"https://iiif.irht.cnrs.fr/iiif/ark:/63955/vzix1ecd60t0/full/1200,/0/default.jpg","[{""x"":0,""y"":48.28289156626506,""width"":99.85999999999991,""height"":51.717108433734914,""rotation"":0,""rectanglelabels"":[""AI""],""original_width"":1200,""original_height"":1430},{""x"":0.004999999999999449,""y"":0.8550000000000002,""width"":99.85000000000001,""height"":47.43,""rotation"":0,""rectanglelabels"":[""AF""],""original_width"":1200,""original_height"":1430}]",8.487,"2025-08-01T09:10:46.472355Z"
15314,"1","2025-08-06T09:40:40.503132Z",14695,"https://iiif.irht.cnrs.fr/iiif/ark:/63955/vgnd8ilvzudr/full/1200,/0/default.jpg","[{""rotation"":0,""x"":-0.004999999999999449,""y"":75.065,""width"":96.95,""height"":22.189999999999998,""rectanglelabels"":[""AI""],""original_width"":4228.0,""original_height"":4865.0},{""rotation"":0,""x"":0.17500000000000293,""y"":0.8199999999999985,""width"":95.50999999999999,""height"":73.98,""rectanglelabels"":[""AF""],""original_width"":4228.0,""original_height"":4865.0}]","","2025-08-06T09:40:40.503132Z"
15315,"1","2025-08-06T09:40:40.503132Z",14696,"https://iiif.irht.cnrs.fr/iiif/ark:/63955/v2q5nasoctnu/full/1200,/0/default.jpg","[{""rotation"":0,""x"":0.0,""y"":2.0299999999999985,""width"":99.88,""height"":97.8,""rectanglelabels"":[""AM""],""original_width"":4092.0,""original_height"":4875.0}]","","2025-08-06T09:40:40.503132Z"
15316,"1","2025-08-06T09:40:40.503132Z",14697,"https://iiif.irht.cnrs.fr/iiif/ark:/63955/vqp932g4wgkk/full/1200,/0/default.jpg","[{""rotation"":0,""x"":0.5449999999999955,""y"":0.045000000000000595,""width"":99.35000000000001,""height"":21.47,""rectanglelabels"":[""AF""],""original_width"":4228.0,""original_height"":4865.0},{""rotation"":0,""x"":0.0,""y"":21.26,""width"":91.16,""height"":77.25999999999999,""rectanglelabels"":[""AC""],""original_width"":4228.0,""original_height"":4865.0}]","","2025-08-06T09:40:40.503132Z"
15317,"1","2025-08-06T09:40:40.503132Z",14698,"https://iiif.irht.cnrs.fr/iiif/ark:/63955/v6acgd7citj3/full/1200,/0/default.jpg","[{""rotation"":0,""x"":0.5400000000000016,""y"":1.2199999999999989,""width"":99.46000000000001,""height"":38.04,""rectanglelabels"":[""AF""],""original_width"":3956.0,""original_height"":4875.0},{""rotation"":0,""x"":0.6000000000000005,""y"":39.080000000000005,""width"":99.4,""height"":60.099999999999994,""rectanglelabels"":[""AI""],""original_width"":3956.0,""original_height"":4875.0}]","","2025-08-06T09:40:40.503132Z"
15318,"1","2025-08-06T09:40:40.503132Z",14699,"https://iiif.irht.cnrs.fr/iiif/ark:/63955/vtt2fp1a2tct/full/1200,/0/default.jpg","[{""rotation"":0,""x"":0.0,""y"":3.5799999999999943,""width"":99.88,""height"":96.14,""rectanglelabels"":[""AC""],""original_width"":4092.0,""original_height"":4875.0}]","","2025-08-06T09:40:40.503132Z"
15319,"1","2025-08-06T09:40:40.503132Z",14700,"https://iiif.irht.cnrs.fr/iiif/ark:/63955/vyz3qngkaab0/full/1200,/0/default.jpg","[{""rotation"":0,""x"":0.024999999999997247,""y"":61.13000000000001,""width"":92.29,""height"":36.120000000000005,""rectanglelabels"":[""AI""],""original_width"":4228.0,""original_height"":4865.0},{""rotation"":0,""x"":0.025000000000002798,""y"":1.4149999999999996,""width"":92.95,""height"":59.95,""rectanglelabels"":[""AC""],""original_width"":4228.0,""original_height"":4865.0}]","","2025-08-06T09:40:40.503132Z"
15320,"1","2025-08-06T09:40:40.503132Z",14701,"https://iiif.irht.cnrs.fr/iiif/ark:/63955/vke21iyh3jbw/full/1200,/0/default.jpg","[{""rotation"":0,""x"":0.0,""y"":0.5849999999999966,""width"":99.96000000000001,""height"":99.33,""rectanglelabels"":[""AF""],""original_width"":4110.0,""original_height"":4875.0}]","","2025-08-06T09:40:40.503132Z"
15321,"1","2025-08-06T09:40:40.505138Z",14702,"https://iiif.irht.cnrs.fr/iiif/ark:/63955/vlrln1ogehee/full/1200,/0/default.jpg","[{""rotation"":0,""x"":0.10499999999999954,""y"":1.144999999999996,""width"":95.65,""height"":97.81,""rectanglelabels"":[""AC""],""original_width"":4265.0,""original_height"":4865.0}]","","2025-08-06T09:40:40.505138Z"
15322,"1","2025-08-06T09:40:40.505138Z",14703,"https://iiif.irht.cnrs.fr/iiif/ark:/63955/vl521pdc1dxf/full/1200,/0/default.jpg","[{""rotation"":0,""x"":0.14000000000000123,""y"":1.909999999999995,""width"":99.86,""height"":97.88,""rectanglelabels"":[""AC""],""original_width"":4110.0,""original_height"":4875.0}]","","2025-08-06T09:40:40.505138Z"
15323,"1","2025-08-06T09:40:40.505138Z",14704,"https://iiif.irht.cnrs.fr/iiif/ark:/63955/vfyyeg1xsyjk/full/1200,/0/default.jpg","[{""rotation"":0,""x"":0.0,""y"":1.5349999999999975,""width"":89.98,""height"":97.83,""rectanglelabels"":[""AI""],""original_width"":4265.0,""original_height"":4865.0}]","","2025-08-06T09:40:40.505138Z"
15324,"1","2025-08-06T09:40:40.505138Z",14705,"https://iiif.irht.cnrs.fr/iiif/ark:/63955/vk6m9n0q1fc7/full/1200,/0/default.jpg","[{""rotation"":0,""x"":3.3800000000000052,""y"":0.6149999999999989,""width"":96.61999999999999,""height"":30.23,""rectanglelabels"":[""AF""],""original_width"":4138.0,""original_height"":4875.0},{""rotation"":0,""x"":12.784999999999997,""y"":30.995,""width"":87.21,""height"":68.47,""rectanglelabels"":[""AI""],""original_width"":4138.0,""original_height"":4875.0}]","","2025-08-06T09:40:40.505138Z"
15325,"1","2025-08-06T09:40:40.507144Z",14706,"https://iiif.irht.cnrs.fr/iiif/ark:/63955/vhexury7odnn/full/1200,/0/default.jpg","[{""rotation"":0,""x"":0.024999999999997247,""y"":38.12,""width"":90.09,""height"":12.46,""rectanglelabels"":[""AC""],""original_width"":4265.0,""original_height"":4865.0},{""rotation"":0,""x"":0.05999999999999894,""y"":68.855,""width"":97.68,""height"":28.17,""rectanglelabels"":[""AI""],""original_width"":4265.0,""original_height"":4865.0},{""rotation"":0,""x"":0.15999999999999903,""y"":0.6949999999999984,""width"":96.88,""height"":37.39,""rectanglelabels"":[""AF""],""original_width"":4265.0,""original_height"":4865.0},{""rotation"":0,""x"":0.004999999999999449,""y"":50.565000000000005,""width"":88.27000000000001,""height"":18.23,""rectanglelabels"":[""AC""],""original_width"":4265.0,""original_height"":4865.0}]","","2025-08-06T09:40:40.507144Z"
15326,"1","2025-08-06T09:40:40.507144Z",14707,"https://iiif.irht.cnrs.fr/iiif/ark:/63955/vb14dzwcjhwq/full/1200,/0/default.jpg","[{""rotation"":0,""x"":13.495000000000001,""y"":57.735,""width"":86.50999999999999,""height"":40.43,""rectanglelabels"":[""AI""],""original_width"":4138.0,""original_height"":4875.0},{""rotation"":0,""x"":10.139999999999999,""y"":1.0800000000000032,""width"":89.86,""height"":56.36,""rectanglelabels"":[""AF""],""original_width"":4138.0,""original_height"":4875.0}]","","2025-08-06T09:40:40.507144Z"
5907,"1","2025-08-01T09:15:10.578643Z",14708,"https://iiif.irht.cnrs.fr/iiif/ark:/63955/v35d4wfj9m0n/full/1200,/0/default.jpg","[{""x"":0,""y"":56.004337349397595,""width"":92.82000000000001,""height"":43.995662650602405,""rotation"":0,""rectanglelabels"":[""AI""],""original_width"":1200,""original_height"":1369},{""x"":0.004999999999999467,""y"":3.6425301204819265,""width"":92.70516064257028,""height"":52.26746987951798,""rotation"":0,""rectanglelabels"":[""AF""],""original_width"":1200,""original_height"":1369}]",10.627,"2025-08-01T09:15:10.578643Z"
5908,"1","2025-08-01T09:15:19.631144Z",14709,"https://iiif.irht.cnrs.fr/iiif/ark:/63955/vppp6sx3yfcd/full/1200,/0/default.jpg","[{""x"":0.2783534136546186,""y"":60.517409638554234,""width"":98.83999999999999,""height"":37.330000000000005,""rotation"":0,""rectanglelabels"":[""AI""],""original_width"":1200,""original_height"":1378},{""x"":0.15000000000000013,""y"":0.33500000000000196,""width"":98.68,""height"":60.209999999999994,""rotation"":0,""rectanglelabels"":[""AF""],""original_width"":1200,""original_height"":1378}]",4.652,"2025-08-01T09:15:19.631144Z"
15327,"1","2025-08-06T09:40:40.507144Z",14710,"https://iiif.irht.cnrs.fr/iiif/ark:/63955/vjvfh24vqr7s/full/1200,/0/default.jpg","[{""rotation"":0,""x"":13.119999999999997,""y"":46.275,""width"":86.88,""height"":52.849999999999994,""rectanglelabels"":[""AI""],""original_width"":4138.0,""original_height"":4875.0},{""rotation"":0,""x"":8.944999999999997,""y"":1.3300000000000005,""width"":91.05,""height"":44.96,""rectanglelabels"":[""AF""],""original_width"":4138.0,""original_height"":4875.0}]","","2025-08-06T09:40:40.507144Z"
15328,"1","2025-08-06T09:40:40.507144Z",14711,"https://iiif.irht.cnrs.fr/iiif/ark:/63955/vwkrsxb9t1dz/full/1200,/0/default.jpg","[{""rotation"":0,""x"":0.004999999999999449,""y"":1.0450000000000015,""width"":91.59,""height"":54.449999999999996,""rectanglelabels"":[""AF""],""original_width"":4265.0,""original_height"":4865.0},{""rotation"":0,""x"":0.0,""y"":55.26,""width"":91.7,""height"":43.86,""rectanglelabels"":[""AI""],""original_width"":4265.0,""original_height"":4865.0}]","","2025-08-06T09:40:40.507144Z"
15329,"1","2025-08-06T09:40:40.507144Z",14712,"https://iiif.irht.cnrs.fr/iiif/ark:/63955/vfhwu05g1t0w/full/1200,/0/default.jpg","[{""rotation"":0,""x"":9.440000000000005,""y"":1.2850000000000001,""width"":90.56,""height"":49.45,""rectanglelabels"":[""AF""],""original_width"":4138.0,""original_height"":4875.0},{""rotation"":0,""x"":12.714999999999998,""y"":50.690000000000005,""width"":87.29,""height"":48.52,""rectanglelabels"":[""AI""],""original_width"":4138.0,""original_height"":4875.0}]","","2025-08-06T09:40:40.507144Z"
15330,"1","2025-08-06T09:40:40.507144Z",14713,"https://iiif.irht.cnrs.fr/iiif/ark:/63955/v8iycdo4kg05/full/1200,/0/default.jpg","[{""rotation"":0,""x"":0.14000000000000123,""y"":1.4099999999999946,""width"":89.25999999999999,""height"":98.04,""rectanglelabels"":[""AF""],""original_width"":4265.0,""original_height"":4865.0}]","","2025-08-06T09:40:40.507144Z"
15331,"1","2025-08-06T09:40:40.507144Z",14714,"https://iiif.irht.cnrs.fr/iiif/ark:/63955/v8t2k3wlgw0y/full/1200,/0/default.jpg","[{""rotation"":0,""x"":13.305,""y"":1.1200000000000043,""width"":86.69,""height"":98.48,""rectanglelabels"":[""AC""],""original_width"":4138.0,""original_height"":4875.0}]","","2025-08-06T09:40:40.507144Z"
5909,"1","2025-08-01T09:15:40.699714Z",14715,"https://iiif.irht.cnrs.fr/iiif/ark:/63955/vsuyxbzrcvzu/full/1200,/0/default.jpg","[{""x"":0.1250000000000029,""y"":1.36,""width"":96.39,""height"":61.419999999999995,""rotation"":0,""rectanglelabels"":[""AC""],""original_width"":1200,""original_height"":1369},{""x"":0.13744979919678718,""y"":62.75999999999999,""width"":97.96000000000001,""height"":37.24,""rotation"":0,""rectanglelabels"":[""AI""],""original_width"":1200,""original_height"":1369}]",10.796,"2025-08-01T09:15:40.699714Z"
15332,"1","2025-08-06T09:40:40.507144Z",14716,"https://iiif.irht.cnrs.fr/iiif/ark:/63955/vuc7jgs0hy9b/full/1200,/0/default.jpg","[{""rotation"":0,""x"":13.719999999999999,""y"":1.5999999999999959,""width"":86.28,""height"":98.08,""rectanglelabels"":[""AF""],""original_width"":4138.0,""original_height"":4875.0}]","","2025-08-06T09:40:40.507144Z"
15333,"1","2025-08-06T09:40:40.507144Z",14717,"https://iiif.irht.cnrs.fr/iiif/ark:/63955/v1texevtftma/full/1200,/0/default.jpg","[{""rotation"":0,""x"":0.0,""y"":2.300000000000002,""width"":90.46,""height"":97.18,""rectanglelabels"":[""AI""],""original_width"":4265.0,""original_height"":4865.0}]","","2025-08-06T09:40:40.507144Z"
15334,"1","2025-08-06T09:40:40.507144Z",14718,"https://iiif.irht.cnrs.fr/iiif/ark:/63955/vskmrbynatim/full/1200,/0/default.jpg","[{""rotation"":0,""x"":12.539999999999996,""y"":2.134999999999998,""width"":87.46000000000001,""height"":97.78999999999999,""rectanglelabels"":[""AF""],""original_width"":4138.0,""original_height"":4875.0}]","","2025-08-06T09:40:40.507144Z"
15335,"1","2025-08-06T09:40:40.507144Z",14719,"https://iiif.irht.cnrs.fr/iiif/ark:/63955/v013t2lrbws4/full/1200,/0/default.jpg","[{""rotation"":0,""x"":0.08500000000000174,""y"":2.360000000000001,""width"":96.87,""height"":97.1,""rectanglelabels"":[""AC""],""original_width"":4265.0,""original_height"":4865.0}]","","2025-08-06T09:40:40.507144Z"
5910,"1","2025-08-01T09:16:09.655436Z",14720,"https://iiif.irht.cnrs.fr/iiif/ark:/63955/vmkox154umb5/full/1200,/0/default.jpg","[{""x"":0.21999999999999534,""y"":53.603373493975916,""width"":99.78,""height"":45.42,""rotation"":0,""rectanglelabels"":[""AI""],""original_width"":1200,""original_height"":1452},{""x"":0.2950000000000008,""y"":0.6699999999999984,""width"":99.63,""height"":53.04,""rotation"":0,""rectanglelabels"":[""AF""],""original_width"":1200,""original_height"":1452}]",4.603,"2025-08-01T09:16:09.655436Z"
15336,"1","2025-08-06T09:40:40.507144Z",14721,"https://iiif.irht.cnrs.fr/iiif/ark:/63955/vbqj6kz079sr/full/1200,/0/default.jpg","[{""rotation"":0,""x"":13.260000000000005,""y"":2.4650000000000007,""width"":86.74,""height"":97.25,""rectanglelabels"":[""AC""],""original_width"":4138.0,""original_height"":4875.0}]","","2025-08-06T09:40:40.507144Z"
15337,"1","2025-08-06T09:40:40.507144Z",14722,"https://iiif.irht.cnrs.fr/iiif/ark:/63955/vwk2v7copzor/full/1200,/0/default.jpg","[{""rotation"":0,""x"":0.09500000000000064,""y"":63.83500000000001,""width"":98.69,""height"":33.93,""rectanglelabels"":[""AI""],""original_width"":4265.0,""original_height"":4865.0},{""rotation"":0,""x"":0.060000000000004494,""y"":1.9349999999999978,""width"":94.1,""height"":62.07,""rectanglelabels"":[""AC""],""original_width"":4265.0,""original_height"":4865.0}]","","2025-08-06T09:40:40.507144Z"
15338,"1","2025-08-06T09:40:40.507144Z",14723,"https://iiif.irht.cnrs.fr/iiif/ark:/63955/v3itpa5l3axt/full/1200,/0/default.jpg","[{""rotation"":0,""x"":13.3,""y"":2.240000000000003,""width"":86.7,""height"":97.48,""rectanglelabels"":[""AM""],""original_width"":4138.0,""original_height"":4875.0}]","","2025-08-06T09:40:40.507144Z"
15339,"1","2025-08-06T09:40:40.507144Z",14724,"https://iiif.irht.cnrs.fr/iiif/ark:/63955/vt4et4l3xczh/full/1200,/0/default.jpg","[{""rotation"":0,""x"":0.10500000000000509,""y"":2.3299999999999987,""width"":92.58999999999999,""height"":97.34,""rectanglelabels"":[""AM""],""original_width"":4265.0,""original_height"":4865.0}]","","2025-08-06T09:40:40.507144Z"
15340,"1","2025-08-06T09:40:40.507144Z",14725,"https://iiif.irht.cnrs.fr/iiif/ark:/63955/veuprifr76up/full/1200,/0/default.jpg","[{""rotation"":0,""x"":13.615000000000006,""y"":1.9900000000000029,""width"":86.39,""height"":97.54,""rectanglelabels"":[""AM""],""original_width"":4138.0,""original_height"":4875.0}]","","2025-08-06T09:40:40.507144Z"
15341,"1","2025-08-06T09:40:40.507144Z",14726,"https://iiif.irht.cnrs.fr/iiif/ark:/63955/v0jz553f3w97/full/1200,/0/default.jpg","[{""rotation"":0,""x"":0.06499999999999839,""y"":68.67,""width"":99.41,""height"":29.04,""rectanglelabels"":[""AI""],""original_width"":4265.0,""original_height"":4865.0},{""rotation"":0,""x"":0.16500000000000403,""y"":0.8999999999999952,""width"":98.03,""height"":68.0,""rectanglelabels"":[""AF""],""original_width"":4265.0,""original_height"":4865.0}]","","2025-08-06T09:40:40.507144Z"
15342,"1","2025-08-06T09:40:40.507144Z",14727,"https://iiif.irht.cnrs.fr/iiif/ark:/63955/vb2cw5995roz/full/1200,/0/default.jpg","[{""rotation"":0,""x"":6.884999999999996,""y"":0.8099999999999996,""width"":93.11,""height"":52.839999999999996,""rectanglelabels"":[""AF""],""original_width"":4138.0,""original_height"":4875.0},{""rotation"":0,""x"":13.700000000000001,""y"":53.525,""width"":86.3,""height"":44.49,""rectanglelabels"":[""AI""],""original_width"":4138.0,""original_height"":4875.0}]","","2025-08-06T09:40:40.507144Z"
5911,"1","2025-08-01T09:17:22.983575Z",14728,"https://iiif.irht.cnrs.fr/iiif/ark:/63955/vgfiw6p31f3l/full/1200,/0/default.jpg","[{""x"":6.6058269965196814e-15,""y"":4.139638554216872,""width"":85.31757028112447,""height"":77.69999999999999,""rotation"":0,""rectanglelabels"":[""AF""],""original_width"":1200,""original_height"":1369}]",6.892,"2025-08-01T09:17:22.983575Z"
5912,"1","2025-08-01T09:17:30.229716Z",14729,"https://iiif.irht.cnrs.fr/iiif/ark:/63955/vf9ripufz2r2/full/1200,/0/default.jpg","",5.671,"2025-08-01T09:17:30.229716Z"
15343,"1","2025-08-06T09:40:40.507144Z",14730,"https://iiif.irht.cnrs.fr/iiif/ark:/63955/veo8oxdfldw1/full/1200,/0/default.jpg","[{""rotation"":0,""x"":0.08000000000000229,""y"":2.025000000000005,""width"":95.58,""height"":97.27,""rectanglelabels"":[""AC""],""original_width"":4265.0,""original_height"":4865.0}]","","2025-08-06T09:40:40.507144Z"
15344,"1","2025-08-06T09:40:40.507144Z",14731,"https://iiif.irht.cnrs.fr/iiif/ark:/63955/vzsi6410o4qe/full/1200,/0/default.jpg","[{""rotation"":0,""x"":0.18500000000000183,""y"":31.804999999999993,""width"":99.29,""height"":66.51,""rectanglelabels"":[""AC""],""original_width"":4238.0,""original_height"":4865.0},{""rotation"":0,""x"":0.11500000000000399,""y"":0.2250000000000002,""width"":99.89,""height"":31.990000000000002,""rectanglelabels"":[""AF""],""original_width"":4238.0,""original_height"":4865.0}]","","2025-08-06T09:40:40.507144Z"
15345,"1","2025-08-06T09:40:40.507144Z",14732,"https://iiif.irht.cnrs.fr/iiif/ark:/63955/vvs8lva1zwh9/full/1200,/0/default.jpg","[{""rotation"":0,""x"":13.574999999999998,""y"":1.6250000000000042,""width"":86.42999999999999,""height"":97.92999999999999,""rectanglelabels"":[""AC""],""original_width"":4138.0,""original_height"":4875.0}]","","2025-08-06T09:40:40.507144Z"
15346,"1","2025-08-06T09:40:40.507144Z",14733,"https://iiif.irht.cnrs.fr/iiif/ark:/63955/vn0zifyk70yv/full/1200,/0/default.jpg","[{""rotation"":0,""x"":0.09000000000000119,""y"":1.759999999999995,""width"":96.26,""height"":97.56,""rectanglelabels"":[""AI""],""original_width"":4265.0,""original_height"":4865.0}]","","2025-08-06T09:40:40.507144Z"
15347,"1","2025-08-06T09:40:40.507144Z",14734,"https://iiif.irht.cnrs.fr/iiif/ark:/63955/v8msm2ezygvq/full/1200,/0/default.jpg","[{""rotation"":0,""x"":0.0,""y"":1.0199999999999987,""width"":100.0,""height"":27.36,""rectanglelabels"":[""AF""],""original_width"":4138.0,""original_height"":4875.0},{""rotation"":0,""x"":10.979999999999995,""y"":28.225,""width"":89.02,""height"":71.13000000000001,""rectanglelabels"":[""AC""],""original_width"":4138.0,""original_height"":4875.0}]","","2025-08-06T09:40:40.507144Z"
5913,"1","2025-08-01T09:27:51.261613Z",14735,"https://iiif.irht.cnrs.fr/iiif/ark:/63955/vphmzjmv1vj1/full/1200,/0/default.jpg","[{""x"":1.6480792634224765e-15,""y"":64.80915662650601,""width"":98.07999999999998,""height"":35.19084337349396,""rotation"":0,""rectanglelabels"":[""AI""],""original_width"":1200,""original_height"":1369},{""x"":0.10999999999999899,""y"":1.1050000000000013,""width"":96.96000000000001,""height"":63.70759036144579,""rotation"":0,""rectanglelabels"":[""AC""],""original_width"":1200,""original_height"":1369}]",8.147,"2025-08-01T09:27:51.261613Z"
15348,"1","2025-08-06T09:40:40.507144Z",14736,"https://iiif.irht.cnrs.fr/iiif/ark:/63955/vu1htlotkj27/full/1200,/0/default.jpg","[{""rotation"":0,""x"":7.7599999999999945,""y"":1.2550000000000006,""width"":92.24,""height"":40.27,""rectanglelabels"":[""AF""],""original_width"":4138.0,""original_height"":4875.0},{""rotation"":0,""x"":13.199999999999996,""y"":41.550000000000004,""width"":86.8,""height"":57.99999999999999,""rectanglelabels"":[""AC""],""original_width"":4138.0,""original_height"":4875.0}]","","2025-08-06T09:40:40.507144Z"
15349,"1","2025-08-06T09:40:40.507144Z",14737,"https://iiif.irht.cnrs.fr/iiif/ark:/63955/vcp9rp77lyx3/full/1200,/0/default.jpg","[{""rotation"":0,""x"":0.040000000000001146,""y"":0.9799999999999975,""width"":95.48,""height"":98.5,""rectanglelabels"":[""AI""],""original_width"":4238.0,""original_height"":4865.0}]","","2025-08-06T09:40:40.507144Z"
15350,"1","2025-08-06T09:40:40.507144Z",14738,"https://iiif.irht.cnrs.fr/iiif/ark:/63955/vlwm7sn3bpxd/full/1200,/0/default.jpg","[{""rotation"":0,""x"":13.579999999999998,""y"":2.3849999999999927,""width"":86.42,""height"":97.33000000000001,""rectanglelabels"":[""AM""],""original_width"":4138.0,""original_height"":4875.0}]","","2025-08-06T09:40:40.507144Z"
5914,"1","2025-08-01T09:28:10.698799Z",14739,"https://iiif.irht.cnrs.fr/iiif/ark:/63955/v6qzukjenqqd/full/1200,/0/default.jpg","[{""x"":0.14500000000000068,""y"":0.6699999999999984,""width"":98.45,""height"":72.88,""rotation"":0,""rectanglelabels"":[""AF""],""original_width"":1200,""original_height"":1378},{""x"":1.1102230246251565e-16,""y"":73.45837349397591,""width"":99.99,""height"":24.610000000000003,""rotation"":0,""rectanglelabels"":[""AI""],""original_width"":1200,""original_height"":1378}]",4.753,"2025-08-01T09:28:10.698799Z"
15351,"1","2025-08-06T09:40:40.507144Z",14740,"https://iiif.irht.cnrs.fr/iiif/ark:/63955/vzi27pn6mrrj/full/1200,/0/default.jpg","[{""rotation"":0,""x"":14.115,""y"":1.7349999999999977,""width"":85.89,""height"":98.15,""rectanglelabels"":[""AF""],""original_width"":4138.0,""original_height"":4875.0}]","","2025-08-06T09:40:40.507144Z"
5915,"1","2025-08-01T09:28:48.596434Z",14741,"https://iiif.irht.cnrs.fr/iiif/ark:/63955/vdzc12oq01xq/full/1200,/0/default.jpg","[{""x"":0,""y"":3.4051204819277014,""width"":86.54526104417667,""height"":93.59168674698797,""rotation"":0,""rectanglelabels"":[""AC""],""original_width"":1200,""original_height"":1378}]",8.896,"2025-08-01T09:28:48.596434Z"
15352,"1","2025-08-06T09:40:40.507144Z",14742,"https://iiif.irht.cnrs.fr/iiif/ark:/63955/vuw6rz47biuw/full/1200,/0/default.jpg","[{""rotation"":0,""x"":0.07999999999999674,""y"":2.849999999999997,""width"":99.92,""height"":95.92,""rectanglelabels"":[""AI""],""original_width"":4065.0,""original_height"":4875.0}]","","2025-08-06T09:40:40.507144Z"
15353,"1","2025-08-06T09:40:40.507144Z",14743,"https://iiif.irht.cnrs.fr/iiif/ark:/63955/v0sbk6zbxcbf/full/1200,/0/default.jpg","[{""rotation"":0,""x"":0.0,""y"":1.959999999999995,""width"":99.92,""height"":97.54,""rectanglelabels"":[""AC""],""original_width"":4165.0,""original_height"":4875.0}]","","2025-08-06T09:40:40.507144Z"
15354,"1","2025-08-06T09:40:40.507144Z",14744,"https://iiif.irht.cnrs.fr/iiif/ark:/63955/vei52pstgc7g/full/1200,/0/default.jpg","[{""rotation"":0,""x"":0.0,""y"":0.26499999999999857,""width"":92.0,""height"":99.53,""rectanglelabels"":[""AI""],""original_width"":4238.0,""original_height"":4865.0}]","","2025-08-06T09:40:40.507144Z"
15355,"1","2025-08-06T09:40:40.507144Z",14745,"https://iiif.irht.cnrs.fr/iiif/ark:/63955/vo9ic0iey9fq/full/1200,/0/default.jpg","[{""rotation"":0,""x"":0.0,""y"":1.8850000000000007,""width"":99.88,""height"":40.57,""rectanglelabels"":[""AF""],""original_width"":4165.0,""original_height"":4875.0},{""rotation"":0,""x"":0.0,""y"":42.394999999999996,""width"":99.9,""height"":55.43,""rectanglelabels"":[""AI""],""original_width"":4165.0,""original_height"":4875.0}]","","2025-08-06T09:40:40.507144Z"
5916,"1","2025-08-01T09:29:44.345270Z",14746,"https://iiif.irht.cnrs.fr/iiif/ark:/63955/vlzxkbvwmab5/full/1200,/0/default.jpg","[{""x"":3.625034230846365e-15,""y"":66.39626506024095,""width"":97.65999999999995,""height"":33.60373493975902,""rotation"":0,""rectanglelabels"":[""AI""],""original_width"":1200,""original_height"":1378},{""x"":0.15999999999999898,""y"":0.7399999999999962,""width"":97.48,""height"":65.45662650602408,""rotation"":0,""rectanglelabels"":[""AF""],""original_width"":1200,""original_height"":1378}]",7.982,"2025-08-01T09:29:44.345270Z"
15356,"1","2025-08-06T09:40:40.507144Z",14747,"https://iiif.irht.cnrs.fr/iiif/ark:/63955/vgeu88bkgr9p/full/1200,/0/default.jpg","[{""rotation"":0,""x"":-0.004999999999999449,""y"":1.1899999999999966,""width"":99.89,""height"":62.480000000000004,""rectanglelabels"":[""AF""],""original_width"":4165.0,""original_height"":4875.0},{""rotation"":0,""x"":0.0,""y"":63.364999999999995,""width"":99.88,""height"":34.050000000000004,""rectanglelabels"":[""AI""],""original_width"":4165.0,""original_height"":4875.0}]","","2025-08-06T09:40:40.507144Z"
5917,"1","2025-08-01T09:34:18.085487Z",14748,"https://iiif.irht.cnrs.fr/iiif/ark:/63955/valqszo2fenf/full/1200,/0/default.jpg","[{""x"":-2.979901020272012e-15,""y"":66.14144578313254,""width"":98.18,""height"":33.22,""rotation"":0,""rectanglelabels"":[""AI""],""original_width"":1200,""original_height"":1378},{""x"":0.06499999999999839,""y"":0.5000000000000004,""width"":99.92999999999999,""height"":65.72,""rotation"":0,""rectanglelabels"":[""AF""],""original_width"":1200,""original_height"":1378}]",5.795,"2025-08-01T09:34:18.085487Z"
5918,"1","2025-08-01T09:34:31.408979Z",14749,"https://iiif.irht.cnrs.fr/iiif/ark:/63955/vc7q74cigiyv/full/1200,/0/default.jpg","[{""x"":0,""y"":1.195000000000002,""width"":99.90000000000002,""height"":69.66277108433734,""rotation"":0,""rectanglelabels"":[""AF""],""original_width"":1200,""original_height"":1405},{""x"":0.14500000000000068,""y"":70.87060240963855,""width"":99.72999999999996,""height"":26.5293975903614,""rotation"":0,""rectanglelabels"":[""AI""],""original_width"":1200,""original_height"":1405}]",9.606,"2025-08-01T09:34:31.408979Z"
5919,"1","2025-08-01T09:34:41.744864Z",14750,"https://iiif.irht.cnrs.fr/iiif/ark:/63955/vc73orjg09qm/full/1200,/0/default.jpg","[{""x"":0,""y"":0.7900000000000018,""width"":100,""height"":57.07951807228915,""rotation"":0,""rectanglelabels"":[""AF""],""original_width"":1200,""original_height"":1378},{""x"":6.4513321057435285e-15,""y"":57.84819277108433,""width"":96.88000000000001,""height"":42.15180722891566,""rotation"":0,""rectanglelabels"":[""AI""],""original_width"":1200,""original_height"":1378}]",9.178,"2025-08-01T09:34:41.744864Z"
5920,"1","2025-08-01T09:34:51.553617Z",14751,"https://iiif.irht.cnrs.fr/iiif/ark:/63955/vzjmnm129geh/full/1200,/0/default.jpg","[{""x"":0,""y"":1.9349999999999974,""width"":99.87999999999995,""height"":66.07144578313256,""rotation"":0,""rectanglelabels"":[""AF""],""original_width"":1200,""original_height"":1405},{""x"":0,""y"":68.115,""width"":99.88,""height"":29.310000000000002,""rotation"":0,""rectanglelabels"":[""AI""],""original_width"":1200,""original_height"":1405}]",6.475,"2025-08-01T09:34:51.553617Z"
5921,"1","2025-08-01T09:35:05.704054Z",14752,"https://iiif.irht.cnrs.fr/iiif/ark:/63955/v6mmj4212xe9/full/1200,/0/default.jpg","[{""x"":2.5805328422974123e-15,""y"":71.86831325301203,""width"":89.99000000000001,""height"":28.131686746987967,""rotation"":0,""rectanglelabels"":[""AI""],""original_width"":1200,""original_height"":1378},{""x"":0.15000000000000027,""y"":0.6599999999999997,""width"":89.95903614457826,""height"":71.31204819277107,""rotation"":0,""rectanglelabels"":[""AF""],""original_width"":1200,""original_height"":1378}]",13.061,"2025-08-01T09:35:05.704054Z"
15357,"1","2025-08-06T09:40:40.507144Z",14753,"https://iiif.irht.cnrs.fr/iiif/ark:/63955/v6sycxtz8yy0/full/1200,/0/default.jpg","[{""rotation"":0,""x"":0.014999999999998348,""y"":0.41999999999999815,""width"":92.75,""height"":97.88,""rectanglelabels"":[""AM""],""original_width"":4238.0,""original_height"":4865.0}]","","2025-08-06T09:40:40.507144Z"
15358,"1","2025-08-06T09:40:40.507144Z",14754,"https://iiif.irht.cnrs.fr/iiif/ark:/63955/v121ki2u9ott/full/1200,/0/default.jpg","[{""rotation"":0,""x"":0.0,""y"":2.314999999999995,""width"":99.92,""height"":97.23,""rectanglelabels"":[""AM""],""original_width"":4165.0,""original_height"":4875.0}]","","2025-08-06T09:40:40.507144Z"
15359,"1","2025-08-06T09:40:40.507144Z",14755,"https://iiif.irht.cnrs.fr/iiif/ark:/63955/vahfbkpsy6yl/full/1200,/0/default.jpg","[{""rotation"":0,""x"":0.0,""y"":1.0600000000000054,""width"":91.75999999999999,""height"":98.8,""rectanglelabels"":[""AM""],""original_width"":4238.0,""original_height"":4865.0}]","","2025-08-06T09:40:40.507144Z"
5922,"1","2025-08-01T09:35:25.430005Z",14756,"https://iiif.irht.cnrs.fr/iiif/ark:/63955/vtipwjrtx1v0/full/1200,/0/default.jpg","[{""x"":0,""y"":48.095662650602414,""width"":99.84999999999998,""height"":51.30192771084337,""rotation"":0,""rectanglelabels"":[""AI""],""original_width"":1200,""original_height"":1396},{""x"":0,""y"":1.8249999999999993,""width"":99.81999999999994,""height"":46.367590361445785,""rotation"":0,""rectanglelabels"":[""AF""],""original_width"":1200,""original_height"":1396}]",11.837,"2025-08-01T09:35:25.430005Z"
15360,"1","2025-08-06T09:40:40.507144Z",14757,"https://iiif.irht.cnrs.fr/iiif/ark:/63955/v2fi49st3l3k/full/1200,/0/default.jpg","[{""rotation"":0,""x"":0.054999999999999494,""y"":26.44,""width"":89.97,""height"":73.1,""rectanglelabels"":[""AI""],""original_width"":4238.0,""original_height"":4865.0},{""rotation"":0,""x"":0.14999999999999458,""y"":0.22000000000000075,""width"":99.8,""height"":26.1,""rectanglelabels"":[""AF""],""original_width"":4238.0,""original_height"":4865.0}]","","2025-08-06T09:40:40.507144Z"
15361,"1","2025-08-06T09:40:40.507144Z",14758,"https://iiif.irht.cnrs.fr/iiif/ark:/63955/v1f4q83x7oqp/full/1200,/0/default.jpg","[{""rotation"":0,""x"":-0.004999999999999449,""y"":25.564999999999998,""width"":99.89,""height"":73.53,""rectanglelabels"":[""AC""],""original_width"":4192.0,""original_height"":4875.0},{""rotation"":0,""x"":0.004999999999999449,""y"":0.5600000000000022,""width"":99.83,""height"":25.119999999999997,""rectanglelabels"":[""AF""],""original_width"":4192.0,""original_height"":4875.0}]","","2025-08-06T09:40:40.507144Z"
5923,"1","2025-08-01T09:35:41.905187Z",14759,"https://iiif.irht.cnrs.fr/iiif/ark:/63955/vem86g67b6ar/full/1200,/0/default.jpg","[{""x"":0.06500000000000394,""y"":0.6400000000000015,""width"":99.22999999999998,""height"":63.35807228915662,""rotation"":0,""rectanglelabels"":[""AC""],""original_width"":1200,""original_height"":1378},{""x"":0,""y"":63.99722891566265,""width"":98.71,""height"":36.002771084337354,""rotation"":0,""rectanglelabels"":[""AI""],""original_width"":1200,""original_height"":1378}]",7.948,"2025-08-01T09:35:41.905187Z"
5924,"1","2025-08-01T09:35:47.331818Z",14760,"https://iiif.irht.cnrs.fr/iiif/ark:/63955/vpf1h853cp5s/full/1200,/0/default.jpg","[{""x"":-0.0050000000000050004,""y"":1.1300000000000032,""width"":99.85000000000001,""height"":59.5,""rotation"":0,""rectanglelabels"":[""AF""],""original_width"":1200,""original_height"":1396},{""x"":-5.615299891736924e-15,""y"":60.742891566265065,""width"":99.83,""height"":37.56,""rotation"":0,""rectanglelabels"":[""AI""],""original_width"":1200,""original_height"":1396}]",3.528,"2025-08-01T09:35:47.331818Z"
5925,"1","2025-08-01T09:35:51.689889Z",14761,"https://iiif.irht.cnrs.fr/iiif/ark:/63955/vuw1yt8mkx07/full/1200,/0/default.jpg","[{""x"":0.13835341365461848,""y"":40.105301204819284,""width"":92.74,""height"":58.56,""rotation"":0,""rectanglelabels"":[""AI""],""original_width"":1200,""original_height"":1378},{""x"":0.13000000000000234,""y"":0.32000000000000084,""width"":99.52,""height"":39.82,""rotation"":0,""rectanglelabels"":[""AF""],""original_width"":1200,""original_height"":1378}]",3.279,"2025-08-01T09:35:51.689889Z"
15362,"1","2025-08-06T09:40:40.507144Z",14762,"https://iiif.irht.cnrs.fr/iiif/ark:/63955/v66ndezjpr94/full/1200,/0/default.jpg","[{""rotation"":0,""x"":0.0,""y"":1.26,""width"":99.88,""height"":25.740000000000002,""rectanglelabels"":[""AF""],""original_width"":4192.0,""original_height"":4875.0},{""rotation"":0,""x"":-0.0050000000000050004,""y"":26.85000000000001,""width"":99.85000000000001,""height"":72.22,""rectanglelabels"":[""AC""],""original_width"":4192.0,""original_height"":4875.0}]","","2025-08-06T09:40:40.507144Z"
5926,"1","2025-08-01T09:36:02.569416Z",14763,"https://iiif.irht.cnrs.fr/iiif/ark:/63955/vtrdyvqn0iiw/full/1200,/0/default.jpg","[{""x"":0.10500000000000007,""y"":67.82000000000001,""width"":98.41,""height"":32.18,""rotation"":0,""rectanglelabels"":[""AI""],""original_width"":1200,""original_height"":1378},{""x"":0.07999999999999674,""y"":0.6349999999999967,""width"":98.06,""height"":67.39,""rotation"":0,""rectanglelabels"":[""AC""],""original_width"":1200,""original_height"":1378}]",2.974,"2025-08-01T09:36:02.569416Z"
15363,"1","2025-08-06T09:40:40.507144Z",14764,"https://iiif.irht.cnrs.fr/iiif/ark:/63955/vh55i6tnw7hs/full/1200,/0/default.jpg","[{""rotation"":0,""x"":0.0,""y"":0.0,""width"":100.0,""height"":100.0,""rectanglelabels"":[""NIA""],""original_width"":2048.0,""original_height"":2048.0}]","","2025-08-06T09:40:40.507144Z"
15364,"1","2025-08-06T09:40:40.507144Z",14765,"https://iiif.irht.cnrs.fr/iiif/ark:/63955/vkgqs3aq4iwb/full/1200,/0/default.jpg","[{""rotation"":0,""x"":0.0,""y"":2.179999999999999,""width"":99.82,""height"":53.04,""rectanglelabels"":[""AF""],""original_width"":4192.0,""original_height"":4875.0},{""rotation"":0,""x"":0.0,""y"":55.1,""width"":99.82,""height"":42.94,""rectanglelabels"":[""AI""],""original_width"":4192.0,""original_height"":4875.0}]","","2025-08-06T09:40:40.507144Z"
15365,"1","2025-08-06T09:40:40.507144Z",14766,"https://iiif.irht.cnrs.fr/iiif/ark:/63955/v6ap5tfx3jqu/full/1200,/0/default.jpg","[{""rotation"":0,""x"":0.21999999999999797,""y"":0.49000000000000155,""width"":99.78,""height"":26.22,""rectanglelabels"":[""AF""],""original_width"":4238.0,""original_height"":4865.0},{""rotation"":0,""x"":0.019999999999997797,""y"":26.479999999999993,""width"":92.84,""height"":73.14,""rectanglelabels"":[""AI""],""original_width"":4238.0,""original_height"":4865.0}]","","2025-08-06T09:40:40.507144Z"
5927,"1","2025-08-01T09:36:32.198990Z",14767,"https://iiif.irht.cnrs.fr/iiif/ark:/63955/vxopncq6umqb/full/1200,/0/default.jpg","[{""x"":-0.0050000000000050004,""y"":56.42,""width"":99.85000000000001,""height"":41.14,""rotation"":0,""rectanglelabels"":[""AI""],""original_width"":1200,""original_height"":1396},{""x"":0.27499999999999736,""y"":42.38,""width"":99.49,""height"":8.660722891566271,""rotation"":0,""rectanglelabels"":[""AC""],""original_width"":1200,""original_height"":1396},{""x"":-0.004999999999999449,""y"":3.359999999999999,""width"":99.81,""height"":38.66,""rotation"":0,""rectanglelabels"":[""AF""],""original_width"":1200,""original_height"":1396},{""x"":0,""y"":51.08433734939758,""width"":99.79437751004018,""height"":5.407630276967252,""rotation"":0,""rectanglelabels"":[""AC""],""original_width"":1200,""original_height"":1396}]",17.069,"2025-08-01T09:36:32.198990Z"
5928,"1","2025-08-01T09:36:36.871680Z",14768,"https://iiif.irht.cnrs.fr/iiif/ark:/63955/vdieo8i65ucf/full/1200,/0/default.jpg","[{""x"":0.12999999999999678,""y"":0.7349999999999968,""width"":99.36,""height"":64.97,""rotation"":0,""rectanglelabels"":[""AF""],""original_width"":1200,""original_height"":1378},{""x"":4.5519144009631426e-15,""y"":65.36000000000001,""width"":99.25,""height"":34.64,""rotation"":0,""rectanglelabels"":[""AI""],""original_width"":1200,""original_height"":1378}]",3.493,"2025-08-01T09:36:36.871680Z"
15366,"1","2025-08-06T09:40:40.507144Z",14769,"https://iiif.irht.cnrs.fr/iiif/ark:/63955/vki9zfci67gu/full/1200,/0/default.jpg","[{""rotation"":0,""x"":0.0,""y"":3.8199999999999985,""width"":99.82,""height"":41.36,""rectanglelabels"":[""AF""],""original_width"":4192.0,""original_height"":4875.0},{""rotation"":0,""x"":-0.004999999999999449,""y"":45.225,""width"":99.81,""height"":53.23,""rectanglelabels"":[""AC""],""original_width"":4192.0,""original_height"":4875.0}]","","2025-08-06T09:40:40.507144Z"
15367,"1","2025-08-06T09:40:40.507144Z",14770,"https://iiif.irht.cnrs.fr/iiif/ark:/63955/vw36na190cnj/full/1200,/0/default.jpg","[{""rotation"":0,""x"":0.16500000000000403,""y"":54.530000000000015,""width"":97.72999999999999,""height"":42.66,""rectanglelabels"":[""AI""],""original_width"":4238.0,""original_height"":4865.0},{""rotation"":0,""x"":0.06999999999999784,""y"":0.8950000000000014,""width"":97.84,""height"":53.81,""rectanglelabels"":[""AC""],""original_width"":4238.0,""original_height"":4865.0}]","","2025-08-06T09:40:40.507144Z"
5929,"1","2025-08-01T09:40:21.900994Z",14771,"https://iiif.irht.cnrs.fr/iiif/ark:/63955/vqbs9hy3uenc/full/1200,/0/default.jpg","[{""x"":0,""y"":1.404999999999998,""width"":99.86,""height"":30.37,""rotation"":0,""rectanglelabels"":[""AF""],""original_width"":1200,""original_height"":1396},{""x"":0,""y"":31.95789156626507,""width"":99.85999999999999,""height"":66.92710843373493,""rotation"":0,""rectanglelabels"":[""AI""],""original_width"":1200,""original_height"":1396}]",5.345,"2025-08-01T09:40:21.900994Z"
5930,"1","2025-08-01T09:40:28.455999Z",14772,"https://iiif.irht.cnrs.fr/iiif/ark:/63955/vons16y8mt5p/full/1200,/0/default.jpg","[{""x"":0.3767068273092387,""y"":27.757409638554222,""width"":95.48,""height"":71.85000000000001,""rotation"":0,""rectanglelabels"":[""AI""],""original_width"":1200,""original_height"":1378},{""x"":0.24499999999999522,""y"":0.2349999999999991,""width"":99.75,""height"":27.61,""rotation"":0,""rectanglelabels"":[""AF""],""original_width"":1200,""original_height"":1378}]",5.31,"2025-08-01T09:40:28.455999Z"
15368,"1","2025-08-06T09:40:40.507144Z",14773,"https://iiif.irht.cnrs.fr/iiif/ark:/63955/v0s0120epk41/full/1200,/0/default.jpg","[{""rotation"":0,""x"":0.0,""y"":48.230000000000004,""width"":99.83999999999999,""height"":49.3,""rectanglelabels"":[""AI""],""original_width"":4192.0,""original_height"":4875.0},{""rotation"":0,""x"":0.0,""y"":1.5300000000000007,""width"":99.83999999999999,""height"":46.92,""rectanglelabels"":[""AF""],""original_width"":4192.0,""original_height"":4875.0}]","","2025-08-06T09:40:40.507144Z"
5931,"1","2025-08-01T09:41:28.674304Z",14774,"https://iiif.irht.cnrs.fr/iiif/ark:/63955/vcejbidp6qdt/full/1200,/0/default.jpg","[{""x"":0.11999999999999895,""y"":50.27385542168674,""width"":97.26000000000002,""height"":48.120000000000005,""rotation"":0,""rectanglelabels"":[""AI""],""original_width"":1200,""original_height"":1378},{""x"":0.08999999999999564,""y"":0.605,""width"":99.88,""height"":49.71,""rotation"":0,""rectanglelabels"":[""AF""],""original_width"":1200,""original_height"":1378}]",9.298,"2025-08-01T09:41:28.674304Z"
15369,"1","2025-08-06T09:40:40.507144Z",14775,"https://iiif.irht.cnrs.fr/iiif/ark:/63955/ve9rih30b073/full/1200,/0/default.jpg","[{""rotation"":0,""x"":0.0,""y"":0.0,""width"":100.0,""height"":100.0,""rectanglelabels"":[""NIA""],""original_width"":2048.0,""original_height"":2048.0}]","","2025-08-06T09:40:40.507144Z"
15370,"1","2025-08-06T09:40:40.507144Z",14776,"https://iiif.irht.cnrs.fr/iiif/ark:/63955/vjfzinlbtbbl/full/1200,/0/default.jpg","[{""rotation"":0,""x"":0.0,""y"":1.0099999999999998,""width"":99.86,""height"":35.9,""rectanglelabels"":[""AF""],""original_width"":4192.0,""original_height"":4875.0},{""rotation"":0,""x"":-0.004999999999999449,""y"":36.379999999999995,""width"":99.83,""height"":62.4,""rectanglelabels"":[""AC""],""original_width"":4192.0,""original_height"":4875.0}]","","2025-08-06T09:40:40.507144Z"
15371,"1","2025-08-06T09:40:40.507144Z",14777,"https://iiif.irht.cnrs.fr/iiif/ark:/63955/vbdncrdxweab/full/1200,/0/default.jpg","[{""rotation"":0,""x"":0.004999999999999449,""y"":2.579999999999999,""width"":92.27,""height"":96.86,""rectanglelabels"":[""AC""],""original_width"":4238.0,""original_height"":4865.0}]","","2025-08-06T09:40:40.507144Z"
15372,"1","2025-08-06T09:40:40.507144Z",14778,"https://iiif.irht.cnrs.fr/iiif/ark:/63955/vxltbaz1otk3/full/1200,/0/default.jpg","[{""rotation"":0,""x"":0.004999999999999449,""y"":2.0199999999999996,""width"":99.85000000000001,""height"":97.74000000000001,""rectanglelabels"":[""AI""],""original_width"":4192.0,""original_height"":4875.0}]","","2025-08-06T09:40:40.507144Z"
15373,"1","2025-08-06T09:40:40.509148Z",14779,"https://iiif.irht.cnrs.fr/iiif/ark:/63955/vs2reekqq513/full/1200,/0/default.jpg","[{""rotation"":0,""x"":0.12000000000000344,""y"":1.16,""width"":99.74,""height"":49.88,""rectanglelabels"":[""AF""],""original_width"":4238.0,""original_height"":4865.0},{""rotation"":0,""x"":0.024999999999997247,""y"":50.71,""width"":92.93,""height"":49.14,""rectanglelabels"":[""AI""],""original_width"":4238.0,""original_height"":4865.0}]","","2025-08-06T09:40:40.509148Z"
15374,"1","2025-08-06T09:40:40.509148Z",14780,"https://iiif.irht.cnrs.fr/iiif/ark:/63955/vtev7bsml3j7/full/1200,/0/default.jpg","[{""rotation"":0,""x"":0.004999999999999449,""y"":1.645000000000002,""width"":99.85000000000001,""height"":97.50999999999999,""rectanglelabels"":[""AM""],""original_width"":4192.0,""original_height"":4875.0}]","","2025-08-06T09:40:40.509148Z"
15375,"1","2025-08-06T09:40:40.509148Z",14781,"https://iiif.irht.cnrs.fr/iiif/ark:/63955/vxvhxx6qhajk/full/1200,/0/default.jpg","[{""rotation"":0,""x"":0.014999999999998348,""y"":2.3249999999999993,""width"":92.71000000000001,""height"":97.13000000000001,""rectanglelabels"":[""AM""],""original_width"":4238.0,""original_height"":4865.0}]","","2025-08-06T09:40:40.509148Z"
15376,"1","2025-08-06T09:40:40.509148Z",14782,"https://iiif.irht.cnrs.fr/iiif/ark:/63955/v1xzmnpsptl4/full/1200,/0/default.jpg","[{""rotation"":0,""x"":-0.004999999999999449,""y"":2.2600000000000007,""width"":99.99,""height"":96.7,""rectanglelabels"":[""AF""],""original_width"":4228.0,""original_height"":4875.0}]","","2025-08-06T09:40:40.509148Z"
15377,"1","2025-08-06T09:40:40.511154Z",14783,"https://iiif.irht.cnrs.fr/iiif/ark:/63955/vptghf2lz9iu/full/1200,/0/default.jpg","[{""rotation"":0,""x"":0.054999999999999494,""y"":3.1999999999999975,""width"":98.57000000000001,""height"":94.69999999999999,""rectanglelabels"":[""AI""],""original_width"":4192.0,""original_height"":4865.0}]","","2025-08-06T09:40:40.511154Z"
5932,"1","2025-08-01T09:42:15.329061Z",14784,"https://iiif.irht.cnrs.fr/iiif/ark:/63955/vrfrx698puan/full/1200,/0/default.jpg","[{""x"":-0.004999999999999449,""y"":2.485000000000004,""width"":99.97,""height"":95.19,""rotation"":0,""rectanglelabels"":[""AM""],""original_width"":1200,""original_height"":1384}]",6.103,"2025-08-01T09:42:15.329061Z"
15378,"1","2025-08-06T09:40:40.511154Z",14785,"https://iiif.irht.cnrs.fr/iiif/ark:/63955/vtwbjo1ca513/full/1200,/0/default.jpg","[{""rotation"":0,""x"":0.06500000000000394,""y"":1.8299999999999983,""width"":98.53,""height"":97.78,""rectanglelabels"":[""AF""],""original_width"":4192.0,""original_height"":4865.0}]","","2025-08-06T09:40:40.511154Z"
5933,"1","2025-08-01T09:42:20.917454Z",14786,"https://iiif.irht.cnrs.fr/iiif/ark:/63955/vuayi941yppf/full/1200,/0/default.jpg","",2.798,"2025-08-01T09:42:20.917454Z"
15379,"1","2025-08-06T09:40:40.511154Z",14787,"https://iiif.irht.cnrs.fr/iiif/ark:/63955/vyk1rj9pia7n/full/1200,/0/default.jpg","[{""rotation"":0,""x"":0.07499999999999729,""y"":3.6300000000000052,""width"":99.92999999999999,""height"":95.5,""rectanglelabels"":[""AC""],""original_width"":4065.0,""original_height"":4875.0}]","","2025-08-06T09:40:40.511154Z"
15380,"1","2025-08-06T09:40:40.511154Z",14788,"https://iiif.irht.cnrs.fr/iiif/ark:/63955/vmjio4ixmco2/full/1200,/0/default.jpg","[{""rotation"":0,""x"":-0.004999999999999449,""y"":2.6449999999999974,""width"":99.99,""height"":96.13000000000001,""rectanglelabels"":[""AC""],""original_width"":4228.0,""original_height"":4875.0}]","","2025-08-06T09:40:40.511154Z"
15381,"1","2025-08-06T09:40:40.511154Z",14789,"https://iiif.irht.cnrs.fr/iiif/ark:/63955/v4m8euy84m20/full/1200,/0/default.jpg","[{""rotation"":0,""x"":0.07499999999999729,""y"":2.4599999999999955,""width"":98.07000000000001,""height"":97.18,""rectanglelabels"":[""AC""],""original_width"":4192.0,""original_height"":4865.0}]","","2025-08-06T09:40:40.511154Z"
15382,"1","2025-08-06T09:40:40.511154Z",14790,"https://iiif.irht.cnrs.fr/iiif/ark:/63955/vxmpyyz402rj/full/1200,/0/default.jpg","[{""rotation"":0,""x"":0.004999999999999449,""y"":2.440000000000003,""width"":99.95,""height"":96.92,""rectanglelabels"":[""AC""],""original_width"":4228.0,""original_height"":4875.0}]","","2025-08-06T09:40:40.511154Z"
5934,"1","2025-08-01T09:45:33.738100Z",14791,"https://iiif.irht.cnrs.fr/iiif/ark:/63955/vlfo4cah0dln/full/1200,/0/default.jpg","[{""x"":0.004999999999999449,""y"":2.165,""width"":96.23,""height"":52.910000000000004,""rotation"":0,""rectanglelabels"":[""AC""],""original_width"":1200,""original_height"":1393},{""x"":0,""y"":55.128373493975914,""width"":93.82,""height"":44.61,""rotation"":0,""rectanglelabels"":[""AI""],""original_width"":1200,""original_height"":1393}]",8.817,"2025-08-01T09:45:33.738100Z"
15383,"1","2025-08-06T09:40:40.511154Z",14792,"https://iiif.irht.cnrs.fr/iiif/ark:/63955/vl0hk8l6bm3x/full/1200,/0/default.jpg","[{""rotation"":0,""x"":-0.004999999999999449,""y"":1.899999999999999,""width"":99.97,""height"":38.56,""rectanglelabels"":[""AF""],""original_width"":4228.0,""original_height"":4875.0},{""rotation"":0,""x"":0.0,""y"":40.05499999999999,""width"":99.96000000000001,""height"":59.89,""rectanglelabels"":[""AI""],""original_width"":4228.0,""original_height"":4875.0}]","","2025-08-06T09:40:40.511154Z"
15384,"1","2025-08-06T09:40:40.511154Z",14793,"https://iiif.irht.cnrs.fr/iiif/ark:/63955/vb2wb7xdyhze/full/1200,/0/default.jpg","[{""rotation"":0,""x"":0.01000000000000445,""y"":0.9699999999999986,""width"":92.47999999999999,""height"":98.48,""rectanglelabels"":[""AF""],""original_width"":4192.0,""original_height"":4865.0}]","","2025-08-06T09:40:40.511154Z"
5935,"1","2025-08-01T09:45:46.491936Z",14794,"https://iiif.irht.cnrs.fr/iiif/ark:/63955/v53qgkrt6ef6/full/1200,/0/default.jpg","[{""x"":15.89096385542177,""y"":4.173192771084342,""width"":84.10903614457823,""height"":65.13987951807229,""rotation"":0,""rectanglelabels"":[""AC""],""original_width"":1200,""original_height"":1384}]",7.124,"2025-08-01T09:45:46.491936Z"
15385,"1","2025-08-06T09:40:40.511154Z",14795,"https://iiif.irht.cnrs.fr/iiif/ark:/63955/vwzfi5q49ogc/full/1200,/0/default.jpg","[{""rotation"":0,""x"":0.060000000000004494,""y"":1.4399999999999968,""width"":98.83999999999999,""height"":98.16,""rectanglelabels"":[""AI""],""original_width"":4192.0,""original_height"":4865.0}]","","2025-08-06T09:40:40.511154Z"
15386,"1","2025-08-06T09:40:40.511154Z",14796,"https://iiif.irht.cnrs.fr/iiif/ark:/63955/vkrjh5iy5w48/full/1200,/0/default.jpg","[{""rotation"":0,""x"":-0.004999999999999449,""y"":33.095,""width"":99.91,""height"":66.43,""rectanglelabels"":[""AI""],""original_width"":4265.0,""original_height"":4875.0},{""rotation"":0,""x"":-0.004999999999999449,""y"":3.6599999999999993,""width"":99.97,""height"":29.64,""rectanglelabels"":[""AF""],""original_width"":4265.0,""original_height"":4875.0}]","","2025-08-06T09:40:40.511154Z"
15387,"1","2025-08-06T09:40:40.511154Z",14797,"https://iiif.irht.cnrs.fr/iiif/ark:/63955/vnktfdzus6qr/full/1200,/0/default.jpg","[{""rotation"":0,""x"":0.09999999999999454,""y"":0.6149999999999989,""width"":99.9,""height"":24.19,""rectanglelabels"":[""AF""],""original_width"":4192.0,""original_height"":4865.0},{""rotation"":0,""x"":0.024999999999997247,""y"":24.44,""width"":92.03,""height"":75.14,""rectanglelabels"":[""AI""],""original_width"":4192.0,""original_height"":4865.0}]","","2025-08-06T09:40:40.511154Z"
15388,"1","2025-08-06T09:40:40.511154Z",14798,"https://iiif.irht.cnrs.fr/iiif/ark:/63955/vfpt8dqgvju4/full/1200,/0/default.jpg","[{""rotation"":0,""x"":0.17500000000000293,""y"":0.6699999999999984,""width"":93.28999999999999,""height"":97.76,""rectanglelabels"":[""AC""],""original_width"":4238.0,""original_height"":4865.0}]","","2025-08-06T09:40:40.511154Z"
15389,"1","2025-08-06T09:40:40.511154Z",14799,"https://iiif.irht.cnrs.fr/iiif/ark:/63955/vl8xcd60uilm/full/1200,/0/default.jpg","[{""rotation"":0,""x"":0.0,""y"":33.144999999999996,""width"":99.96000000000001,""height"":66.27,""rectanglelabels"":[""AC""],""original_width"":4265.0,""original_height"":4875.0},{""rotation"":0,""x"":0.20499999999999963,""y"":1.419999999999999,""width"":99.75,""height"":31.94,""rectanglelabels"":[""AF""],""original_width"":4265.0,""original_height"":4875.0}]","","2025-08-06T09:40:40.511154Z"
15390,"1","2025-08-06T09:40:40.511154Z",14800,"https://iiif.irht.cnrs.fr/iiif/ark:/63955/v22rl1wh555p/full/1200,/0/default.jpg","[{""rotation"":0,""x"":0.0,""y"":0.7549999999999946,""width"":93.76,""height"":98.99,""rectanglelabels"":[""AI""],""original_width"":4192.0,""original_height"":4865.0}]","","2025-08-06T09:40:40.511154Z"
15391,"1","2025-08-06T09:40:40.511154Z",14801,"https://iiif.irht.cnrs.fr/iiif/ark:/63955/vyk3yfv45npe/full/1200,/0/default.jpg","[{""rotation"":0,""x"":0.004999999999999449,""y"":1.0899999999999965,""width"":99.97,""height"":98.44000000000001,""rectanglelabels"":[""AM""],""original_width"":4265.0,""original_height"":4875.0}]","","2025-08-06T09:40:40.511154Z"
15392,"1","2025-08-06T09:40:40.511154Z",14802,"https://iiif.irht.cnrs.fr/iiif/ark:/63955/vk1sq2n9n9cq/full/1200,/0/default.jpg","[{""rotation"":0,""x"":0.004999999999999449,""y"":1.1349999999999971,""width"":92.47,""height"":98.79,""rectanglelabels"":[""AM""],""original_width"":4192.0,""original_height"":4865.0}]","","2025-08-06T09:40:40.511154Z"
5936,"1","2025-08-01T09:46:43.077092Z",14803,"https://iiif.irht.cnrs.fr/iiif/ark:/63955/v1xrxfx3kn25/full/1200,/0/default.jpg","[{""x"":18.203132530120474,""y"":3.9812650602409585,""width"":81.65911646586342,""height"":70.9868674698795,""rotation"":0,""rectanglelabels"":[""AF""],""original_width"":1200,""original_height"":1372}]",10.696,"2025-08-01T09:46:43.077092Z"
15393,"1","2025-08-06T09:40:40.511154Z",14804,"https://iiif.irht.cnrs.fr/iiif/ark:/63955/vq0km5q9u5tw/full/1200,/0/default.jpg","[{""rotation"":0,""x"":-0.004999999999999449,""y"":1.7849999999999977,""width"":92.83,""height"":97.92999999999999,""rectanglelabels"":[""AI""],""original_width"":4192.0,""original_height"":4865.0}]","","2025-08-06T09:40:40.511154Z"
15394,"1","2025-08-06T09:40:40.511154Z",14805,"https://iiif.irht.cnrs.fr/iiif/ark:/63955/vykylumu6cv3/full/1200,/0/default.jpg","[{""rotation"":0,""x"":0.0,""y"":1.294999999999999,""width"":99.94,""height"":49.769999999999996,""rectanglelabels"":[""AF""],""original_width"":4265.0,""original_height"":4875.0},{""rotation"":0,""x"":-0.004999999999999449,""y"":51.085,""width"":99.97,""height"":46.550000000000004,""rectanglelabels"":[""AI""],""original_width"":4265.0,""original_height"":4875.0}]","","2025-08-06T09:40:40.511154Z"
15395,"1","2025-08-06T09:40:40.511154Z",14806,"https://iiif.irht.cnrs.fr/iiif/ark:/63955/v4ti1w3py9gz/full/1200,/0/default.jpg","[{""rotation"":0,""x"":0.060000000000004494,""y"":35.195,""width"":99.44,""height"":64.55,""rectanglelabels"":[""AI""],""original_width"":4192.0,""original_height"":4865.0},{""rotation"":0,""x"":0.15499999999999958,""y"":0.8150000000000018,""width"":99.85000000000001,""height"":34.29,""rectanglelabels"":[""AF""],""original_width"":4192.0,""original_height"":4865.0}]","","2025-08-06T09:40:40.511154Z"
15396,"1","2025-08-06T09:40:40.511154Z",14807,"https://iiif.irht.cnrs.fr/iiif/ark:/63955/vu24kbzq5voq/full/1200,/0/default.jpg","[{""rotation"":0,""x"":0.0,""y"":31.445,""width"":99.94,""height"":67.77,""rectanglelabels"":[""AC""],""original_width"":4265.0,""original_height"":4875.0},{""rotation"":0,""x"":0.004999999999999449,""y"":1.6299999999999981,""width"":99.99,""height"":29.92,""rectanglelabels"":[""AF""],""original_width"":4265.0,""original_height"":4875.0}]","","2025-08-06T09:40:40.511154Z"
5937,"1","2025-08-01T09:47:04.811131Z",14808,"https://iiif.irht.cnrs.fr/iiif/ark:/63955/vuakh4rt0uyt/full/1200,/0/default.jpg","[{""x"":-3.774758283725532e-15,""y"":3.653674698795184,""width"":87.67180722891565,""height"":78.04903614457834,""rotation"":0,""rectanglelabels"":[""AC""],""original_width"":1200,""original_height"":1393}]",5.871,"2025-08-01T09:47:04.811131Z"
15397,"1","2025-08-06T09:40:40.511154Z",14809,"https://iiif.irht.cnrs.fr/iiif/ark:/63955/vbdmeexfl1d6/full/1200,/0/default.jpg","[{""rotation"":0,""x"":0.07999999999999674,""y"":2.215000000000006,""width"":99.92,""height"":97.11,""rectanglelabels"":[""AI""],""original_width"":4065.0,""original_height"":4875.0}]","","2025-08-06T09:40:40.511154Z"
15398,"1","2025-08-06T09:40:40.511154Z",14810,"https://iiif.irht.cnrs.fr/iiif/ark:/63955/vd0qhppq5ol8/full/1200,/0/default.jpg","[{""rotation"":0,""x"":0.0,""y"":2.2999999999999963,""width"":100.0,""height"":97.04,""rectanglelabels"":[""AC""],""original_width"":4265.0,""original_height"":4875.0}]","","2025-08-06T09:40:40.511154Z"
15399,"1","2025-08-06T09:40:40.511154Z",14811,"https://iiif.irht.cnrs.fr/iiif/ark:/63955/vt6jswpolfjv/full/1200,/0/default.jpg","[{""rotation"":0,""x"":0.0,""y"":69.53,""width"":99.76,""height"":28.9,""rectanglelabels"":[""AI""],""original_width"":4192.0,""original_height"":4865.0},{""rotation"":0,""x"":0.06999999999999784,""y"":0.5750000000000033,""width"":99.4,""height"":68.67,""rectanglelabels"":[""AC""],""original_width"":4192.0,""original_height"":4865.0}]","","2025-08-06T09:40:40.511154Z"
15400,"1","2025-08-06T09:40:40.511154Z",14812,"https://iiif.irht.cnrs.fr/iiif/ark:/63955/v010ru0mtu0t/full/1200,/0/default.jpg","[{""rotation"":0,""x"":10.625000000000007,""y"":43.964999999999996,""width"":89.35,""height"":53.59,""rectanglelabels"":[""AI""],""original_width"":4265.0,""original_height"":4875.0},{""rotation"":0,""x"":-0.004999999999999449,""y"":1.1200000000000014,""width"":99.99,""height"":42.86,""rectanglelabels"":[""AF""],""original_width"":4265.0,""original_height"":4875.0}]","","2025-08-06T09:40:40.511154Z"
15401,"1","2025-08-06T09:40:40.511154Z",14813,"https://iiif.irht.cnrs.fr/iiif/ark:/63955/vlhia8oztwtz/full/1200,/0/default.jpg","[{""rotation"":0,""x"":0.019999999999997797,""y"":33.434999999999995,""width"":99.58,""height"":66.43,""rectanglelabels"":[""AI""],""original_width"":4192.0,""original_height"":4865.0},{""rotation"":0,""x"":0.27499999999999747,""y"":0.7650000000000018,""width"":99.72999999999999,""height"":32.73,""rectanglelabels"":[""AF""],""original_width"":4192.0,""original_height"":4865.0}]","","2025-08-06T09:40:40.511154Z"
15402,"1","2025-08-06T09:40:40.511154Z",14814,"https://iiif.irht.cnrs.fr/iiif/ark:/63955/vgmw5ailudlv/full/1200,/0/default.jpg","[{""rotation"":0,""x"":0.2599999999999991,""y"":1.6400000000000026,""width"":99.74,""height"":97.52,""rectanglelabels"":[""AF""],""original_width"":4265.0,""original_height"":4875.0}]","","2025-08-06T09:40:40.511154Z"
15403,"1","2025-08-06T09:40:40.511154Z",14815,"https://iiif.irht.cnrs.fr/iiif/ark:/63955/vedqezj9zcuh/full/1200,/0/default.jpg","[{""rotation"":0,""x"":0.0,""y"":1.4649999999999996,""width"":92.4,""height"":98.25,""rectanglelabels"":[""AC""],""original_width"":4192.0,""original_height"":4865.0}]","","2025-08-06T09:40:40.511154Z"
15404,"1","2025-08-06T09:40:40.511154Z",14816,"https://iiif.irht.cnrs.fr/iiif/ark:/63955/vv5pk5jhyjxk/full/1200,/0/default.jpg","[{""rotation"":0,""x"":0.5800000000000027,""y"":2.354999999999996,""width"":99.4,""height"":97.13000000000001,""rectanglelabels"":[""AC""],""original_width"":4265.0,""original_height"":4875.0}]","","2025-08-06T09:40:40.511154Z"
15405,"1","2025-08-06T09:40:40.511154Z",14817,"https://iiif.irht.cnrs.fr/iiif/ark:/63955/vf3vxpqbalpn/full/1200,/0/default.jpg","[{""rotation"":0,""x"":0.06500000000000394,""y"":46.195,""width"":99.42999999999999,""height"":53.349999999999994,""rectanglelabels"":[""AI""],""original_width"":4192.0,""original_height"":4865.0},{""rotation"":0,""x"":0.004999999999999449,""y"":1.6249999999999987,""width"":94.69,""height"":44.99,""rectanglelabels"":[""AC""],""original_width"":4192.0,""original_height"":4865.0}]","","2025-08-06T09:40:40.511154Z"
15406,"1","2025-08-06T09:40:40.511154Z",14818,"https://iiif.irht.cnrs.fr/iiif/ark:/63955/vc4nvem8934e/full/1200,/0/default.jpg","[{""rotation"":0,""x"":0.0,""y"":1.3949999999999962,""width"":99.94,""height"":98.29,""rectanglelabels"":[""AF""],""original_width"":4265.0,""original_height"":4875.0}]","","2025-08-06T09:40:40.511154Z"
15407,"1","2025-08-06T09:40:40.511154Z",14819,"https://iiif.irht.cnrs.fr/iiif/ark:/63955/vtokc5jv33b7/full/1200,/0/default.jpg","[{""rotation"":0,""x"":0.0,""y"":1.9199999999999995,""width"":94.24,""height"":97.96000000000001,""rectanglelabels"":[""AI""],""original_width"":4174.0,""original_height"":4865.0}]","","2025-08-06T09:40:40.511154Z"
5938,"1","2025-08-01T09:48:17.145062Z",14820,"https://iiif.irht.cnrs.fr/iiif/ark:/63955/v34pcu7m1v2r/full/1200,/0/default.jpg","[{""x"":0.06999999999999783,""y"":35.45909638554216,""width"":93.61999999999995,""height"":62.825903614457864,""rotation"":0,""rectanglelabels"":[""AI""],""original_width"":1200,""original_height"":1378},{""x"":0.12000000000000337,""y"":0.4900000000000011,""width"":93.51574297188753,""height"":34.899999999999984,""rotation"":0,""rectanglelabels"":[""AF""],""original_width"":1200,""original_height"":1378}]",8.13,"2025-08-01T09:48:17.145062Z"
5939,"1","2025-08-01T09:50:30.650968Z",14821,"https://iiif.irht.cnrs.fr/iiif/ark:/63955/vz9wpk7bavne/full/1200,/0/default.jpg","[{""x"":16.32,""y"":41.13,""width"":83.64,""height"":56.379999999999995,""rotation"":0,""rectanglelabels"":[""AI""],""original_width"":1200,""original_height"":1372},{""x"":16.66787148594377,""y"":3.929638554216867,""width"":83.33212851405617,""height"":37.15036144578311,""rotation"":0,""rectanglelabels"":[""AF""],""original_width"":1200,""original_height"":1372}]",10.52,"2025-08-01T09:50:30.650968Z"
15408,"1","2025-08-06T09:40:40.511154Z",14822,"https://iiif.irht.cnrs.fr/iiif/ark:/63955/vijt4s28wg1k/full/1200,/0/default.jpg","[{""rotation"":0,""x"":0.18000000000000238,""y"":0.8550000000000002,""width"":99.82,""height"":34.67,""rectanglelabels"":[""AF""],""original_width"":4174.0,""original_height"":4865.0},{""rotation"":0,""x"":0.040000000000001146,""y"":35.275,""width"":99.03999999999999,""height"":63.81,""rectanglelabels"":[""AC""],""original_width"":4174.0,""original_height"":4865.0}]","","2025-08-06T09:40:40.511154Z"
5940,"1","2025-08-01T09:50:46.797204Z",14823,"https://iiif.irht.cnrs.fr/iiif/ark:/63955/v1eqk9tol0nu/full/1200,/0/default.jpg","[{""x"":0,""y"":0.9900000000000023,""width"":99.96000000000001,""height"":62.60240963855422,""rotation"":0,""rectanglelabels"":[""AC""],""original_width"":1200,""original_height"":1372},{""x"":2.9249999999999945,""y"":63.632409638554236,""width"":97.07000000000001,""height"":33.657590361445784,""rotation"":0,""rectanglelabels"":[""AI""],""original_width"":1200,""original_height"":1372}]",8.988,"2025-08-01T09:50:46.797204Z"
15409,"1","2025-08-06T09:40:40.511154Z",14824,"https://iiif.irht.cnrs.fr/iiif/ark:/63955/vwdf4ppzd4hx/full/1200,/0/default.jpg","[{""rotation"":0,""x"":0.1250000000000029,""y"":1.0399999999999965,""width"":99.87,""height"":64.4,""rectanglelabels"":[""AF""],""original_width"":4174.0,""original_height"":4865.0},{""rotation"":0,""x"":0.009999999999998899,""y"":65.1,""width"":99.66000000000001,""height"":32.800000000000004,""rectanglelabels"":[""AI""],""original_width"":4174.0,""original_height"":4865.0}]","","2025-08-06T09:40:40.511154Z"
5941,"1","2025-08-01T09:51:13.660149Z",14825,"https://iiif.irht.cnrs.fr/iiif/ark:/63955/vxmpzvlgw6ib/full/1200,/0/default.jpg","[{""x"":11.611425702811246,""y"":3.80512048192771,""width"":88.1835742971886,""height"":48.96180722891561,""rotation"":0,""rectanglelabels"":[""AF""],""original_width"":1200,""original_height"":1360},{""x"":11.65,""y"":52.851746987951806,""width"":88.35,""height"":45.93,""rotation"":0,""rectanglelabels"":[""AI""],""original_width"":1200,""original_height"":1360}]",14.199,"2025-08-01T09:51:13.660149Z"
5942,"1","2025-08-01T09:51:26.007431Z",14826,"https://iiif.irht.cnrs.fr/iiif/ark:/63955/vw2lqq6qe0ns/full/1200,/0/default.jpg","[{""x"":0.20999999999999353,""y"":1.1400000000000021,""width"":99.68,""height"":48.18,""rotation"":0,""rectanglelabels"":[""AF""],""original_width"":1200,""original_height"":1399},{""x"":0.004999999999998008,""y"":49.4167469879518,""width"":93.89,""height"":50.339999999999996,""rotation"":0,""rectanglelabels"":[""AI""],""original_width"":1200,""original_height"":1399}]",4.87,"2025-08-01T09:51:26.007431Z"
15410,"1","2025-08-06T09:40:40.511154Z",14827,"https://iiif.irht.cnrs.fr/iiif/ark:/63955/vgsh5rva9s8v/full/1200,/0/default.jpg","[{""rotation"":0,""x"":15.409999999999997,""y"":2.344999999999997,""width"":84.39999999999999,""height"":96.93,""rectanglelabels"":[""AM""],""original_width"":4301.0,""original_height"":4875.0}]","","2025-08-06T09:40:40.511154Z"
15411,"1","2025-08-06T09:40:40.511154Z",14828,"https://iiif.irht.cnrs.fr/iiif/ark:/63955/vh8q3pn97z59/full/1200,/0/default.jpg","[{""rotation"":0,""x"":0.07999999999999674,""y"":22.509999999999998,""width"":99.66000000000001,""height"":76.38000000000001,""rectanglelabels"":[""AC""],""original_width"":4174.0,""original_height"":4865.0},{""rotation"":0,""x"":0.41499999999999315,""y"":0.3799999999999998,""width"":99.47,""height"":22.46,""rectanglelabels"":[""AF""],""original_width"":4174.0,""original_height"":4865.0}]","","2025-08-06T09:40:40.511154Z"
15412,"1","2025-08-06T09:40:40.511154Z",14829,"https://iiif.irht.cnrs.fr/iiif/ark:/63955/vkv0qmfra772/full/1200,/0/default.jpg","[{""rotation"":0,""x"":9.749999999999998,""y"":2.749999999999997,""width"":90.03999999999999,""height"":97.02,""rectanglelabels"":[""AC""],""original_width"":4301.0,""original_height"":4875.0}]","","2025-08-06T09:40:40.511154Z"
15413,"1","2025-08-06T09:40:40.511154Z",14830,"https://iiif.irht.cnrs.fr/iiif/ark:/63955/vpdtko2dwyu4/full/1200,/0/default.jpg","[{""rotation"":0,""x"":0.040000000000001146,""y"":1.4400000000000024,""width"":99.92,""height"":68.89999999999999,""rectanglelabels"":[""AC""],""original_width"":4174.0,""original_height"":4865.0},{""rotation"":0,""x"":0.019999999999997797,""y"":70.29,""width"":99.68,""height"":27.08,""rectanglelabels"":[""AI""],""original_width"":4174.0,""original_height"":4865.0}]","","2025-08-06T09:40:40.511154Z"
15414,"1","2025-08-06T09:40:40.511154Z",14831,"https://iiif.irht.cnrs.fr/iiif/ark:/63955/vpb5fr0ym59z/full/1200,/0/default.jpg","[{""rotation"":0,""x"":0.7349999999999968,""y"":1.21,""width"":99.15,""height"":34.54,""rectanglelabels"":[""AF""],""original_width"":4019.0,""original_height"":4875.0},{""rotation"":0,""x"":0.10000000000000009,""y"":35.615,""width"":99.78,""height"":62.35000000000001,""rectanglelabels"":[""AC""],""original_width"":4019.0,""original_height"":4875.0}]","","2025-08-06T09:40:40.511154Z"
5943,"1","2025-08-01T09:51:59.355168Z",14832,"https://iiif.irht.cnrs.fr/iiif/ark:/63955/vpxud71ccbw8/full/1200,/0/default.jpg","[{""x"":14.817610441767066,""y"":1.8900000000000001,""width"":85.03738955823292,""height"":32.87999999999995,""rotation"":0,""rectanglelabels"":[""AF""],""original_width"":1200,""original_height"":1360},{""x"":15.390000000000004,""y"":34.69,""width"":84.5,""height"":64.92,""rotation"":0,""rectanglelabels"":[""AI""],""original_width"":1200,""original_height"":1360}]",5.811,"2025-08-01T09:51:59.355168Z"
15415,"1","2025-08-06T09:40:40.511154Z",14833,"https://iiif.irht.cnrs.fr/iiif/ark:/63955/vcmure5yl7nz/full/1200,/0/default.jpg","[{""rotation"":0,""x"":0.0,""y"":71.465,""width"":99.78,""height"":27.27,""rectanglelabels"":[""AI""],""original_width"":4174.0,""original_height"":4865.0},{""rotation"":0,""x"":0.06500000000000394,""y"":24.944999999999997,""width"":99.42999999999999,""height"":46.73,""rectanglelabels"":[""AC""],""original_width"":4174.0,""original_height"":4865.0},{""rotation"":0,""x"":0.14500000000000068,""y"":0.8300000000000002,""width"":99.85000000000001,""height"":24.2,""rectanglelabels"":[""AF""],""original_width"":4174.0,""original_height"":4865.0}]","","2025-08-06T09:40:40.511154Z"
5944,"1","2025-08-01T09:53:00.290307Z",14834,"https://iiif.irht.cnrs.fr/iiif/ark:/63955/v18n3lj2gore/full/1200,/0/default.jpg","[{""x"":0,""y"":3.789999999999999,""width"":99.78,""height"":50.78,""rotation"":0,""rectanglelabels"":[""AF""],""original_width"":1200,""original_height"":1360},{""x"":1.6499999999999932,""y"":54.622891566265054,""width"":98.35000000000001,""height"":44.26,""rotation"":0,""rectanglelabels"":[""AI""],""original_width"":1200,""original_height"":1360}]",7.156,"2025-08-01T09:53:00.290307Z"
15416,"1","2025-08-06T09:40:40.511154Z",14835,"https://iiif.irht.cnrs.fr/iiif/ark:/63955/vi4lkgywc68z/full/1200,/0/default.jpg","[{""rotation"":0,""x"":0.06499999999999839,""y"":2.169999999999994,""width"":99.91,""height"":97.16,""rectanglelabels"":[""AM""],""original_width"":4174.0,""original_height"":4865.0}]","","2025-08-06T09:40:40.511154Z"
5945,"1","2025-08-01T09:53:09.913951Z",14836,"https://iiif.irht.cnrs.fr/iiif/ark:/63955/v1zd6xzelyfu/full/1200,/0/default.jpg","[{""x"":15.445000000000004,""y"":34.165,""width"":84.35000000000001,""height"":65.51,""rotation"":0,""rectanglelabels"":[""AC""],""original_width"":1200,""original_height"":1360},{""x"":15.571265060240961,""y"":1.2300000000000013,""width"":84.18373493975903,""height"":32.819999999999986,""rotation"":0,""rectanglelabels"":[""AF""],""original_width"":1200,""original_height"":1360}]",4.727,"2025-08-01T09:53:09.913951Z"
15417,"1","2025-08-06T09:40:40.511154Z",14837,"https://iiif.irht.cnrs.fr/iiif/ark:/63955/vljg4lxtdcch/full/1200,/0/default.jpg","[{""rotation"":0,""x"":0.0,""y"":62.71500000000001,""width"":99.94,""height"":36.77,""rectanglelabels"":[""AI""],""original_width"":4174.0,""original_height"":4865.0},{""rotation"":0,""x"":-0.004999999999999449,""y"":1.3399999999999967,""width"":99.61,""height"":60.86,""rectanglelabels"":[""AC""],""original_width"":4174.0,""original_height"":4865.0}]","","2025-08-06T09:40:40.511154Z"
5946,"1","2025-08-01T09:54:46.425996Z",14838,"https://iiif.irht.cnrs.fr/iiif/ark:/63955/vywywsb31a50/full/1200,/0/default.jpg","[{""x"":14.608092369477909,""y"":1.6350000000000027,""width"":85.1769076305221,""height"":65.64710843373494,""rotation"":0,""rectanglelabels"":[""AF""],""original_width"":1200,""original_height"":1360},{""x"":16.467449799196793,""y"":73.39168674698794,""width"":83.2975502008032,""height"":24.17831325301191,""rotation"":0,""rectanglelabels"":[""AI""],""original_width"":1200,""original_height"":1360},{""x"":15.702811244979925,""y"":67.34939759036143,""width"":84.11244979919677,""height"":5.903614457831335,""rotation"":0,""rectanglelabels"":[""AC""],""original_width"":1200,""original_height"":1360}]",22.313,"2025-08-01T09:54:46.425996Z"
5947,"1","2025-08-01T09:54:53.010350Z",14839,"https://iiif.irht.cnrs.fr/iiif/ark:/63955/vocynrkl6f6q/full/1200,/0/default.jpg","[{""x"":0.08500000000000171,""y"":1.0099999999999993,""width"":99.68999999999997,""height"":72.11662650602409,""rotation"":0,""rectanglelabels"":[""AF""],""original_width"":1200,""original_height"":1399},{""x"":0.14046184738955825,""y"":73.05451807228913,""width"":99.83999999999999,""height"":25.83289156626502,""rotation"":0,""rectanglelabels"":[""AI""],""original_width"":1200,""original_height"":1399}]",34.942,"2025-08-04T14:10:22.554929Z"
15418,"1","2025-08-06T09:40:40.511154Z",14840,"https://iiif.irht.cnrs.fr/iiif/ark:/63955/vvbbt5p5h63e/full/1200,/0/default.jpg","[{""rotation"":0,""x"":15.275,""y"":2.2049999999999956,""width"":84.53,""height"":97.45,""rectanglelabels"":[""AM""],""original_width"":4301.0,""original_height"":4875.0}]","","2025-08-06T09:40:40.511154Z"
5950,"1","2025-08-01T09:58:16.508981Z",14841,"https://iiif.irht.cnrs.fr/iiif/ark:/63955/v506g47qa8fm/full/1200,/0/default.jpg","[{""x"":0.19500000000000073,""y"":0.5049999999999999,""width"":99.81,""height"":30.709999999999997,""rotation"":0,""rectanglelabels"":[""AF""],""original_width"":1200,""original_height"":1399},{""x"":0.07000000000001377,""y"":31.159131396524515,""width"":99.67999999999995,""height"":68.25086860347545,""rotation"":0,""rectanglelabels"":[""AC""],""original_width"":1200,""original_height"":1399}]",11.388,"2025-08-01T09:58:16.508981Z"
5948,"1","2025-08-01T09:55:02.319040Z",14842,"https://iiif.irht.cnrs.fr/iiif/ark:/63955/vroep3zrh6ul/full/1200,/0/default.jpg","[{""x"":0.16499999999999954,""y"":66.13578313253012,""width"":96.72999999999999,""height"":32.84,""rotation"":0,""rectanglelabels"":[""AI""],""original_width"":1200,""original_height"":1378},{""x"":0.05999999999999894,""y"":0.7249999999999979,""width"":96.46000000000001,""height"":65.59,""rotation"":0,""rectanglelabels"":[""AC""],""original_width"":1200,""original_height"":1378}]",3.698,"2025-08-01T09:55:02.319040Z"
5949,"1","2025-08-01T09:55:22.327080Z",14843,"https://iiif.irht.cnrs.fr/iiif/ark:/63955/v62erok6vb17/full/1200,/0/default.jpg","[{""x"":14.875,""y"":1.6949999999999965,""width"":84.97,""height"":97.45,""rotation"":0,""rectanglelabels"":[""AI""],""original_width"":1200,""original_height"":1360}]",3.292,"2025-08-01T09:55:22.327080Z"
15419,"1","2025-08-06T09:40:40.511154Z",14844,"https://iiif.irht.cnrs.fr/iiif/ark:/63955/vnucc0ti47o4/full/1200,/0/default.jpg","[{""rotation"":0,""x"":0.33999999999999586,""y"":0.5749999999999977,""width"":99.56,""height"":54.33,""rectanglelabels"":[""AF""],""original_width"":4174.0,""original_height"":4865.0},{""rotation"":0,""x"":0.06500000000000394,""y"":54.64,""width"":99.42999999999999,""height"":43.419999999999995,""rectanglelabels"":[""AI""],""original_width"":4174.0,""original_height"":4865.0}]","","2025-08-06T09:40:40.511154Z"
5951,"1","2025-08-01T09:59:04.741515Z",14845,"https://iiif.irht.cnrs.fr/iiif/ark:/63955/ve49mvjua61d/full/1200,/0/default.jpg","[{""x"":10.841325301204828,""y"":47.38144578313244,""width"":89.15867469879512,""height"":50.802891566265004,""rotation"":0,""rectanglelabels"":[""AI""],""original_width"":1200,""original_height"":1360},{""x"":10.965000000000005,""y"":2.980000000000001,""width"":88.89,""height"":44.397108433734935,""rotation"":0,""rectanglelabels"":[""AF""],""original_width"":1200,""original_height"":1360}]",14.782,"2025-08-01T09:59:04.741515Z"
5952,"1","2025-08-01T09:59:38.361003Z",14846,"https://iiif.irht.cnrs.fr/iiif/ark:/63955/vks15zxg043v/full/1200,/0/default.jpg","[{""x"":0,""y"":0.900000000000001,""width"":99.88499999999999,""height"":58.37518072289157,""rotation"":0,""rectanglelabels"":[""AF""],""original_width"":1200,""original_height"":1399},{""x"":0,""y"":59.37578313253012,""width"":99.52999999999999,""height"":40.62421686746986,""rotation"":0,""rectanglelabels"":[""AI""],""original_width"":1200,""original_height"":1399}]",12.484,"2025-08-01T09:59:38.361003Z"
15420,"1","2025-08-06T09:40:40.511154Z",14847,"https://iiif.irht.cnrs.fr/iiif/ark:/63955/vggwaz0in4wr/full/1200,/0/default.jpg","[{""rotation"":0,""x"":0.720000000000004,""y"":3.6899999999999986,""width"":99.28,""height"":44.76,""rectanglelabels"":[""AF""],""original_width"":4338.0,""original_height"":4875.0},{""rotation"":0,""x"":0.3200000000000036,""y"":48.27,""width"":99.68,""height"":48.78,""rectanglelabels"":[""AC""],""original_width"":4338.0,""original_height"":4875.0}]","","2025-08-06T09:40:40.511154Z"
15421,"1","2025-08-06T09:40:40.511154Z",14848,"https://iiif.irht.cnrs.fr/iiif/ark:/63955/vdjmxex3gao8/full/1200,/0/default.jpg","[{""rotation"":0,""x"":0.3599999999999992,""y"":65.525,""width"":95.22,""height"":31.790000000000003,""rectanglelabels"":[""AI""],""original_width"":4138.0,""original_height"":4865.0},{""rotation"":0,""x"":0.40999999999999925,""y"":1.4500000000000013,""width"":93.2,""height"":64.16,""rectanglelabels"":[""AC""],""original_width"":4138.0,""original_height"":4865.0}]","","2025-08-06T09:40:40.511154Z"
15422,"1","2025-08-06T09:40:40.511154Z",14849,"https://iiif.irht.cnrs.fr/iiif/ark:/63955/vct79a8de4uu/full/1200,/0/default.jpg","[{""rotation"":0,""x"":0.21999999999999797,""y"":3.4150000000000014,""width"":99.78,""height"":50.05,""rectanglelabels"":[""AF""],""original_width"":4338.0,""original_height"":4875.0},{""rotation"":0,""x"":0.16500000000000403,""y"":53.27499999999999,""width"":99.83,""height"":45.09,""rectanglelabels"":[""AI""],""original_width"":4338.0,""original_height"":4875.0}]","","2025-08-06T09:40:40.511154Z"
15423,"1","2025-08-06T09:40:40.511154Z",14850,"https://iiif.irht.cnrs.fr/iiif/ark:/63955/v04t0mg5j8i2/full/1200,/0/default.jpg","[{""rotation"":0,""x"":3.660000000000002,""y"":35.949999999999996,""width"":88.84,""height"":63.68000000000001,""rectanglelabels"":[""AI""],""original_width"":4138.0,""original_height"":4865.0},{""rotation"":0,""x"":5.079999999999996,""y"":0.9599999999999997,""width"":87.96000000000001,""height"":35.120000000000005,""rectanglelabels"":[""AF""],""original_width"":4138.0,""original_height"":4865.0}]","","2025-08-06T09:40:40.511154Z"
5954,"1","2025-08-01T10:00:16.524144Z",14851,"https://iiif.irht.cnrs.fr/iiif/ark:/63955/vuggskw285e2/full/1200,/0/default.jpg","[{""x"":0.16000000000000458,""y"":2.6249999999999996,""width"":99.83999999999999,""height"":55.43,""rotation"":0,""rectanglelabels"":[""AF""],""original_width"":1200,""original_height"":1349},{""x"":1.9099999999999913,""y"":58.02644578313253,""width"":98.09,""height"":39.730000000000004,""rotation"":0,""rectanglelabels"":[""AI""],""original_width"":1200,""original_height"":1349}]",4.108,"2025-08-01T10:00:16.524144Z"
5953,"1","2025-08-01T10:00:10.832161Z",14852,"https://iiif.irht.cnrs.fr/iiif/ark:/63955/vdncm1rqvlrz/full/1200,/0/default.jpg","[{""x"":-0.004999999999999449,""y"":1.0550000000000004,""width"":93.47,""height"":63.11,""rotation"":0,""rectanglelabels"":[""AF""],""original_width"":1200,""original_height"":1411},{""x"":5.551115123125783e-15,""y"":64.2433734939759,""width"":94.11,""height"":35.58,""rotation"":0,""rectanglelabels"":[""AI""],""original_width"":1200,""original_height"":1411}]",7.05,"2025-08-01T10:00:10.832161Z"
5955,"1","2025-08-01T10:00:27.642617Z",14853,"https://iiif.irht.cnrs.fr/iiif/ark:/63955/vv7g3uiyw9n7/full/1200,/0/default.jpg","[{""x"":12.000040160642493,""y"":3.91512048192771,""width"":87.9999598393575,""height"":52.80783132530122,""rotation"":0,""rectanglelabels"":[""AF""],""original_width"":1200,""original_height"":1456}]",6.11,"2025-08-01T10:00:27.642617Z"
15424,"1","2025-08-06T09:40:40.511154Z",14854,"https://iiif.irht.cnrs.fr/iiif/ark:/63955/vfrmwx54g8zw/full/1200,/0/default.jpg","[{""rotation"":0,""x"":0.20499999999999963,""y"":2.3350000000000035,""width"":99.79,""height"":46.089999999999996,""rectanglelabels"":[""AF""],""original_width"":4338.0,""original_height"":4875.0},{""rotation"":0,""x"":0.0,""y"":48.345000000000006,""width"":100.0,""height"":49.01,""rectanglelabels"":[""AI""],""original_width"":4338.0,""original_height"":4875.0}]","","2025-08-06T09:40:40.511154Z"
5956,"1","2025-08-01T10:00:48.249278Z",14855,"https://iiif.irht.cnrs.fr/iiif/ark:/63955/vorgluor8q5w/full/1200,/0/default.jpg","[{""x"":4.365000000000002,""y"":2.9856024096385534,""width"":89.36333333333334,""height"":20.69939759036144,""rotation"":0,""rectanglelabels"":[""AF""],""original_width"":1200,""original_height"":1411},{""x"":3.5216666666666687,""y"":23.6,""width"":90.03,""height"":76.4,""rotation"":0,""rectanglelabels"":[""AC""],""original_width"":1200,""original_height"":1411}]",9.149,"2025-08-01T10:00:48.249278Z"
15425,"1","2025-08-06T09:40:40.515163Z",14856,"https://iiif.irht.cnrs.fr/iiif/ark:/63955/v3rxuitgatw2/full/1200,/0/default.jpg","[{""rotation"":0,""x"":2.059999999999995,""y"":2.444999999999997,""width"":97.94,""height"":96.19,""rectanglelabels"":[""AI""],""original_width"":4338.0,""original_height"":4875.0}]","","2025-08-06T09:40:40.515163Z"
5957,"1","2025-08-01T10:01:04.200810Z",14857,"https://iiif.irht.cnrs.fr/iiif/ark:/63955/vftzlyftybiq/full/1200,/0/default.jpg","[{""x"":3.875000000000001,""y"":23.585,""width"":89.14999999999999,""height"":75.97,""rotation"":0,""rectanglelabels"":[""AC""],""original_width"":1200,""original_height"":1411},{""x"":3.959999999999998,""y"":1.4283734939759045,""width"":89.38166666666667,""height"":22.386144578313232,""rotation"":0,""rectanglelabels"":[""AF""],""original_width"":1200,""original_height"":1411}]",6.947,"2025-08-01T10:01:04.200810Z"
15426,"1","2025-08-06T09:40:40.515163Z",14858,"https://iiif.irht.cnrs.fr/iiif/ark:/63955/vs4khwt71pbt/full/1200,/0/default.jpg","[{""rotation"":0,""x"":0.06499999999999839,""y"":2.184999999999998,""width"":99.92999999999999,""height"":96.71,""rectanglelabels"":[""AI""],""original_width"":4338.0,""original_height"":4875.0}]","","2025-08-06T09:40:40.515163Z"
5958,"1","2025-08-01T10:01:32.776906Z",14859,"https://iiif.irht.cnrs.fr/iiif/ark:/63955/vn6chnmajoqc/full/1200,/0/default.jpg","[{""x"":0.18499999999999628,""y"":0.7849999999999996,""width"":99.69,""height"":30.69,""rotation"":0,""rectanglelabels"":[""AF""],""original_width"":1200,""original_height"":1424},{""x"":0.06999999999999908,""y"":31.391445783132525,""width"":99.7,""height"":68.28,""rotation"":0,""rectanglelabels"":[""AC""],""original_width"":1200,""original_height"":1424}]",7.16,"2025-08-01T10:01:32.776906Z"
5959,"1","2025-08-01T10:01:43.813798Z",14860,"https://iiif.irht.cnrs.fr/iiif/ark:/63955/voba359foz7s/full/1200,/0/default.jpg","[{""x"":17.06566265060241,""y"":3.355000000000003,""width"":82.93433734939758,""height"":93.43939759036147,""rotation"":0,""rectanglelabels"":[""AC""],""original_width"":1200,""original_height"":1349}]",8.723,"2025-08-01T10:01:43.813798Z"
15427,"1","2025-08-06T09:40:40.515163Z",14861,"https://iiif.irht.cnrs.fr/iiif/ark:/63955/vjoocwq28jqf/full/1200,/0/default.jpg","[{""rotation"":0,""x"":0.054999999999999494,""y"":65.56,""width"":99.41,""height"":32.379999999999995,""rectanglelabels"":[""AI""],""original_width"":4101.0,""original_height"":4865.0},{""rotation"":0,""x"":0.11999999999999789,""y"":0.9699999999999986,""width"":99.66000000000001,""height"":64.82,""rectanglelabels"":[""AC""],""original_width"":4101.0,""original_height"":4865.0}]","","2025-08-06T09:40:40.515163Z"
15428,"1","2025-08-06T09:40:40.515163Z",14862,"https://iiif.irht.cnrs.fr/iiif/ark:/63955/vv72iim68zuk/full/1200,/0/default.jpg","[{""rotation"":0,""x"":0.0,""y"":64.535,""width"":100.0,""height"":32.71,""rectanglelabels"":[""AI""],""original_width"":4338.0,""original_height"":4875.0},{""rotation"":0,""x"":0.7850000000000024,""y"":3.094999999999998,""width"":99.21,""height"":61.57,""rectanglelabels"":[""AF""],""original_width"":4338.0,""original_height"":4875.0}]","","2025-08-06T09:40:40.515163Z"
15429,"1","2025-08-06T09:40:40.515163Z",14863,"https://iiif.irht.cnrs.fr/iiif/ark:/63955/vayqjeeil71a/full/1200,/0/default.jpg","[{""rotation"":0,""x"":0.014999999999998348,""y"":2.0600000000000063,""width"":99.51,""height"":97.42,""rectanglelabels"":[""AM""],""original_width"":4101.0,""original_height"":4865.0}]","","2025-08-06T09:40:40.515163Z"
15430,"1","2025-08-06T09:40:40.515163Z",14864,"https://iiif.irht.cnrs.fr/iiif/ark:/63955/ve3zf2lkblc0/full/1200,/0/default.jpg","[{""rotation"":0,""x"":0.06999999999999784,""y"":0.5699999999999983,""width"":96.78,""height"":63.72,""rectanglelabels"":[""AC""],""original_width"":4238.0,""original_height"":4865.0},{""rotation"":0,""x"":0.14000000000000123,""y"":63.705,""width"":98.82,""height"":33.629999999999995,""rectanglelabels"":[""AI""],""original_width"":4238.0,""original_height"":4865.0}]","","2025-08-06T09:40:40.515163Z"
5960,"1","2025-08-01T10:02:35.541982Z",14865,"https://iiif.irht.cnrs.fr/iiif/ark:/63955/vve7mgg57v1e/full/1200,/0/default.jpg","[{""x"":15.806244979919676,""y"":3.807891566265061,""width"":84.19375502008032,""height"":63.179397590361454,""rotation"":0,""rectanglelabels"":[""AF""],""original_width"":1200,""original_height"":1349}]",6.48,"2025-08-01T10:02:35.541982Z"
15431,"1","2025-08-06T09:40:40.515163Z",14866,"https://iiif.irht.cnrs.fr/iiif/ark:/63955/vxjxjq5jlqtj/full/1200,/0/default.jpg","[{""rotation"":0,""x"":0.09000000000000119,""y"":50.505,""width"":99.74,""height"":48.29,""rectanglelabels"":[""AI""],""original_width"":4101.0,""original_height"":4865.0},{""rotation"":0,""x"":0.014999999999998348,""y"":1.1850000000000027,""width"":99.61,""height"":49.41,""rectanglelabels"":[""AC""],""original_width"":4101.0,""original_height"":4865.0}]","","2025-08-06T09:40:40.515163Z"
15432,"1","2025-08-06T09:40:40.515163Z",14867,"https://iiif.irht.cnrs.fr/iiif/ark:/63955/vgcxuuj1vux9/full/1200,/0/default.jpg","[{""rotation"":0,""x"":0.824999999999998,""y"":3.405,""width"":99.17,""height"":38.769999999999996,""rectanglelabels"":[""AF""],""original_width"":4338.0,""original_height"":4875.0},{""rotation"":0,""x"":0.0,""y"":42.11,""width"":100.0,""height"":55.46,""rectanglelabels"":[""AC""],""original_width"":4338.0,""original_height"":4875.0}]","","2025-08-06T09:40:40.515163Z"
15433,"1","2025-08-06T09:40:40.515163Z",14868,"https://iiif.irht.cnrs.fr/iiif/ark:/63955/v2jqipxeqcba/full/1200,/0/default.jpg","[{""rotation"":0,""x"":0.045000000000000595,""y"":1.5449999999999964,""width"":99.53,""height"":97.81,""rectanglelabels"":[""AI""],""original_width"":4101.0,""original_height"":4865.0}]","","2025-08-06T09:40:40.515163Z"
15434,"1","2025-08-06T09:40:40.515163Z",14869,"https://iiif.irht.cnrs.fr/iiif/ark:/63955/v9v0fel575lk/full/1200,/0/default.jpg","[{""rotation"":0,""x"":0.0,""y"":3.2700000000000005,""width"":100.0,""height"":95.44,""rectanglelabels"":[""AM""],""original_width"":4338.0,""original_height"":4875.0}]","","2025-08-06T09:40:40.515163Z"
15435,"1","2025-08-06T09:40:40.515163Z",14870,"https://iiif.irht.cnrs.fr/iiif/ark:/63955/v2gemi9hgjjz/full/1200,/0/default.jpg","[{""rotation"":0,""x"":0.10999999999999899,""y"":1.4399999999999968,""width"":99.62,""height"":98.18,""rectanglelabels"":[""AF""],""original_width"":4101.0,""original_height"":4865.0}]","","2025-08-06T09:40:40.515163Z"
15436,"1","2025-08-06T09:40:40.515163Z",14871,"https://iiif.irht.cnrs.fr/iiif/ark:/63955/va2p7ggksqto/full/1200,/0/default.jpg","[{""rotation"":0,""x"":0.0,""y"":3.079999999999994,""width"":100.0,""height"":95.32000000000001,""rectanglelabels"":[""AI""],""original_width"":4338.0,""original_height"":4875.0}]","","2025-08-06T09:40:40.515163Z"
15437,"1","2025-08-06T09:40:40.515163Z",14872,"https://iiif.irht.cnrs.fr/iiif/ark:/63955/vq93bebh0vjg/full/1200,/0/default.jpg","[{""rotation"":0,""x"":0.029999999999996696,""y"":1.4600000000000057,""width"":99.46000000000001,""height"":98.2,""rectanglelabels"":[""AM""],""original_width"":4101.0,""original_height"":4865.0}]","","2025-08-06T09:40:40.515163Z"
15438,"1","2025-08-06T09:40:40.515163Z",14873,"https://iiif.irht.cnrs.fr/iiif/ark:/63955/v96zjnf27fd9/full/1200,/0/default.jpg","[{""rotation"":0,""x"":0.0,""y"":3.4850000000000048,""width"":100.0,""height"":96.37,""rectanglelabels"":[""AM""],""original_width"":4338.0,""original_height"":4875.0}]","","2025-08-06T09:40:40.515163Z"
15439,"1","2025-08-06T09:40:40.515163Z",14874,"https://iiif.irht.cnrs.fr/iiif/ark:/63955/v5lpl5hbz618/full/1200,/0/default.jpg","[{""rotation"":0,""x"":0.14499999999999513,""y"":0.7900000000000018,""width"":99.55000000000001,""height"":98.98,""rectanglelabels"":[""AM""],""original_width"":4101.0,""original_height"":4865.0}]","","2025-08-06T09:40:40.515163Z"
15440,"1","2025-08-06T09:40:40.515163Z",14875,"https://iiif.irht.cnrs.fr/iiif/ark:/63955/vz14ztl5n71u/full/1200,/0/default.jpg","[{""rotation"":0,""x"":0.3599999999999992,""y"":1.335,""width"":99.5,""height"":46.97,""rectanglelabels"":[""AF""],""original_width"":4019.0,""original_height"":4875.0},{""rotation"":0,""x"":0.20999999999999353,""y"":47.945,""width"":99.66000000000001,""height"":51.74999999999999,""rectanglelabels"":[""AI""],""original_width"":4019.0,""original_height"":4875.0}]","","2025-08-06T09:40:40.515163Z"
15441,"1","2025-08-06T09:40:40.515163Z",14876,"https://iiif.irht.cnrs.fr/iiif/ark:/63955/v9dnkunfe4pl/full/1200,/0/default.jpg","[{""rotation"":0,""x"":0.039999999999995595,""y"":61.415,""width"":99.96000000000001,""height"":36.13,""rectanglelabels"":[""AI""],""original_width"":4338.0,""original_height"":4875.0},{""rotation"":0,""x"":0.14000000000000123,""y"":3.7549999999999972,""width"":99.86,""height"":57.75,""rectanglelabels"":[""AF""],""original_width"":4338.0,""original_height"":4875.0}]","","2025-08-06T09:40:40.515163Z"
15442,"1","2025-08-06T09:40:40.515163Z",14877,"https://iiif.irht.cnrs.fr/iiif/ark:/63955/v388jbfzop49/full/1200,/0/default.jpg","[{""rotation"":0,""x"":0.18000000000000238,""y"":50.355000000000004,""width"":99.64,""height"":47.010000000000005,""rectanglelabels"":[""AI""],""original_width"":4101.0,""original_height"":4865.0},{""rotation"":0,""x"":0.15499999999999958,""y"":0.9449999999999986,""width"":99.65,""height"":49.43,""rectanglelabels"":[""AF""],""original_width"":4101.0,""original_height"":4865.0}]","","2025-08-06T09:40:40.515163Z"
15443,"1","2025-08-06T09:40:40.515163Z",14878,"https://iiif.irht.cnrs.fr/iiif/ark:/63955/vepfw0e22ncg/full/1200,/0/default.jpg","[{""rotation"":0,""x"":0.5350000000000021,""y"":2.7449999999999974,""width"":99.47,""height"":61.45,""rectanglelabels"":[""AF""],""original_width"":4338.0,""original_height"":4875.0},{""rotation"":0,""x"":0.0,""y"":64.11500000000001,""width"":100.0,""height"":32.769999999999996,""rectanglelabels"":[""AI""],""original_width"":4338.0,""original_height"":4875.0}]","","2025-08-06T09:40:40.515163Z"
15444,"1","2025-08-06T09:40:40.515163Z",14879,"https://iiif.irht.cnrs.fr/iiif/ark:/63955/vawaxcp21a6a/full/1200,/0/default.jpg","[{""rotation"":0,""x"":0.08999999999999564,""y"":0.5599999999999994,""width"":99.76,""height"":75.64,""rectanglelabels"":[""AF""],""original_width"":4101.0,""original_height"":4865.0},{""rotation"":0,""x"":0.14000000000000123,""y"":75.85000000000001,""width"":99.72,""height"":22.040000000000003,""rectanglelabels"":[""AI""],""original_width"":4101.0,""original_height"":4865.0}]","","2025-08-06T09:40:40.515163Z"
15445,"1","2025-08-06T09:40:40.515163Z",14880,"https://iiif.irht.cnrs.fr/iiif/ark:/63955/vjplyo9ntj2i/full/1200,/0/default.jpg","[{""rotation"":0,""x"":0.4349999999999965,""y"":1.909999999999995,""width"":99.57000000000001,""height"":58.720000000000006,""rectanglelabels"":[""AF""],""original_width"":4338.0,""original_height"":4875.0},{""rotation"":0,""x"":0.0,""y"":60.5,""width"":100.0,""height"":37.419999999999995,""rectanglelabels"":[""AI""],""original_width"":4338.0,""original_height"":4875.0}]","","2025-08-06T09:40:40.515163Z"
15446,"1","2025-08-06T09:40:40.515163Z",14881,"https://iiif.irht.cnrs.fr/iiif/ark:/63955/vyyjc1lzd2aa/full/1200,/0/default.jpg","[{""rotation"":0,""x"":0.15499999999999958,""y"":52.71,""width"":99.69,""height"":45.64,""rectanglelabels"":[""AI""],""original_width"":4101.0,""original_height"":4865.0},{""rotation"":0,""x"":0.10499999999999954,""y"":0.8149999999999991,""width"":99.69,""height"":51.83,""rectanglelabels"":[""AF""],""original_width"":4101.0,""original_height"":4865.0}]","","2025-08-06T09:40:40.515163Z"
15447,"1","2025-08-06T09:40:40.515163Z",14882,"https://iiif.irht.cnrs.fr/iiif/ark:/63955/vc7m29ocfyv5/full/1200,/0/default.jpg","[{""rotation"":0,""x"":0.3750000000000031,""y"":3.660000000000002,""width"":99.63,""height"":38.019999999999996,""rectanglelabels"":[""AF""],""original_width"":4338.0,""original_height"":4875.0},{""rotation"":0,""x"":0.0,""y"":41.675000000000004,""width"":100.0,""height"":55.35,""rectanglelabels"":[""AC""],""original_width"":4338.0,""original_height"":4875.0}]","","2025-08-06T09:40:40.515163Z"
5961,"1","2025-08-01T10:06:11.870157Z",14883,"https://iiif.irht.cnrs.fr/iiif/ark:/63955/vjuuthnck6bj/full/1200,/0/default.jpg","[{""x"":0.10000000000000041,""y"":72.94,""width"":99.83999999999999,""height"":27.060000000000002,""rotation"":0,""rectanglelabels"":[""AI""],""original_width"":1200,""original_height"":1436},{""x"":0.08999999999999564,""y"":0.9549999999999947,""width"":99.88,""height"":71.93,""rotation"":0,""rectanglelabels"":[""AC""],""original_width"":1200,""original_height"":1436}]",4.818,"2025-08-01T10:06:11.870157Z"
15448,"1","2025-08-06T09:40:40.515163Z",14884,"https://iiif.irht.cnrs.fr/iiif/ark:/63955/vpokbnydx8q5/full/1200,/0/default.jpg","[{""rotation"":0,""x"":0.17500000000000293,""y"":1.1199999999999988,""width"":99.83,""height"":54.04,""rectanglelabels"":[""AF""],""original_width"":4338.0,""original_height"":4875.0},{""rotation"":0,""x"":0.6599999999999995,""y"":55.230000000000004,""width"":99.33999999999999,""height"":43.76,""rectanglelabels"":[""AC""],""original_width"":4338.0,""original_height"":4875.0}]","","2025-08-06T09:40:40.515163Z"
5962,"1","2025-08-01T10:06:26.626379Z",14885,"https://iiif.irht.cnrs.fr/iiif/ark:/63955/vvsfj5vh001u/full/1200,/0/default.jpg","[{""x"":0.06499999999999839,""y"":0.7850000000000024,""width"":99.87,""height"":62.74999999999999,""rotation"":0,""rectanglelabels"":[""AF""],""original_width"":1200,""original_height"":1436},{""x"":0.11499999999999473,""y"":63.631445783132534,""width"":99.85,""height"":36.36855421686745,""rotation"":0,""rectanglelabels"":[""AI""],""original_width"":1200,""original_height"":1436}]",7.867,"2025-08-01T10:06:26.626379Z"
5963,"1","2025-08-01T10:06:34.166202Z",14886,"https://iiif.irht.cnrs.fr/iiif/ark:/63955/vn4p63lfqtuu/full/1200,/0/default.jpg","[{""x"":-4.4408920985006257e-16,""y"":47.08289156626506,""width"":92.67999999999999,""height"":51.160000000000004,""rotation"":0,""rectanglelabels"":[""AI""],""original_width"":1200,""original_height"":1378},{""x"":0.23999999999999577,""y"":0.385000000000002,""width"":99.76,""height"":46.69,""rotation"":0,""rectanglelabels"":[""AF""],""original_width"":1200,""original_height"":1378}]",3.614,"2025-08-01T10:06:34.166202Z"
15449,"1","2025-08-06T09:40:40.515163Z",14887,"https://iiif.irht.cnrs.fr/iiif/ark:/63955/vvucj7xpigf6/full/1200,/0/default.jpg","[{""rotation"":0,""x"":0.0,""y"":54.24,""width"":99.98,""height"":43.14,""rectanglelabels"":[""AI""],""original_width"":4374.0,""original_height"":4875.0},{""rotation"":0,""x"":1.424999999999993,""y"":0.7850000000000024,""width"":98.45,""height"":53.669999999999995,""rectanglelabels"":[""AF""],""original_width"":4374.0,""original_height"":4875.0}]","","2025-08-06T09:40:40.515163Z"
5964,"1","2025-08-01T10:07:00.798714Z",14888,"https://iiif.irht.cnrs.fr/iiif/ark:/63955/v1quz4s8vy3n/full/1200,/0/default.jpg","[{""x"":0,""y"":48.777228915662654,""width"":99.71000000000002,""height"":51.222771084337346,""rotation"":0,""rectanglelabels"":[""AI""],""original_width"":1200,""original_height"":1436},{""x"":0.13500000000000179,""y"":0.6599999999999993,""width"":99.865,""height"":48.147710843373495,""rotation"":0,""rectanglelabels"":[""AF""],""original_width"":1200,""original_height"":1436}]",14.422,"2025-08-01T10:07:00.798714Z"
15450,"1","2025-08-06T09:40:40.515163Z",14889,"https://iiif.irht.cnrs.fr/iiif/ark:/63955/vdms94t95o5z/full/1200,/0/default.jpg","[{""rotation"":0,""x"":0.8400000000000019,""y"":1.9950000000000023,""width"":99.08,""height"":96.77,""rectanglelabels"":[""AF""],""original_width"":4374.0,""original_height"":4875.0}]","","2025-08-06T09:40:40.515163Z"
5965,"1","2025-08-01T10:07:16.418133Z",14890,"https://iiif.irht.cnrs.fr/iiif/ark:/63955/v0o7xdpeswfj/full/1200,/0/default.jpg","[{""x"":0.08000000000000229,""y"":1.5599999999999947,""width"":99.53999999999999,""height"":98.34,""rotation"":0,""rectanglelabels"":[""AI""],""original_width"":1200,""original_height"":1436}]",2.265,"2025-08-01T10:07:16.418133Z"
15451,"1","2025-08-06T09:40:40.515163Z",14891,"https://iiif.irht.cnrs.fr/iiif/ark:/63955/vqeojmjhp7vc/full/1200,/0/default.jpg","[{""rotation"":0,""x"":1.6850000000000032,""y"":2.165,""width"":98.17,""height"":35.15,""rectanglelabels"":[""AF""],""original_width"":4374.0,""original_height"":4875.0},{""rotation"":0,""x"":0.25499999999999967,""y"":36.919999999999995,""width"":99.39,""height"":60.46,""rectanglelabels"":[""AC""],""original_width"":4374.0,""original_height"":4875.0}]","","2025-08-06T09:40:40.515163Z"
15452,"1","2025-08-06T09:40:40.515163Z",14892,"https://iiif.irht.cnrs.fr/iiif/ark:/63955/v04gtelhjli7/full/1200,/0/default.jpg","[{""rotation"":0,""x"":0.11499999999999844,""y"":2.7000000000000024,""width"":99.67,""height"":94.96,""rectanglelabels"":[""AI""],""original_width"":4065.0,""original_height"":4865.0}]","","2025-08-06T09:40:40.515163Z"
15453,"1","2025-08-06T09:40:40.515163Z",14893,"https://iiif.irht.cnrs.fr/iiif/ark:/63955/vsgliuee9x5n/full/1200,/0/default.jpg","[{""rotation"":0,""x"":1.7649999999999944,""y"":27.074999999999992,""width"":98.17,""height"":69.53,""rectanglelabels"":[""AC""],""original_width"":4374.0,""original_height"":4875.0},{""rotation"":0,""x"":1.5999999999999959,""y"":3.479999999999998,""width"":98.26,""height"":23.76,""rectanglelabels"":[""AF""],""original_width"":4374.0,""original_height"":4875.0}]","","2025-08-06T09:40:40.515163Z"
15454,"1","2025-08-06T09:40:40.515163Z",14894,"https://iiif.irht.cnrs.fr/iiif/ark:/63955/vloa560c1cc6/full/1200,/0/default.jpg","[{""rotation"":0,""x"":0.06499999999999839,""y"":42.63,""width"":99.81,""height"":56.86,""rectanglelabels"":[""AI""],""original_width"":4065.0,""original_height"":4865.0},{""rotation"":0,""x"":0.07499999999999729,""y"":1.5100000000000002,""width"":99.87,""height"":41.120000000000005,""rectanglelabels"":[""AC""],""original_width"":4065.0,""original_height"":4865.0}]","","2025-08-06T09:40:40.515163Z"
15455,"1","2025-08-06T09:40:40.515163Z",14895,"https://iiif.irht.cnrs.fr/iiif/ark:/63955/vt6ken406bsm/full/1200,/0/default.jpg","[{""rotation"":0,""x"":0.6350000000000022,""y"":39.48500000000001,""width"":99.33,""height"":59.67,""rectanglelabels"":[""AI""],""original_width"":4374.0,""original_height"":4875.0},{""rotation"":0,""x"":2.915000000000001,""y"":1.269999999999999,""width"":96.97,""height"":38.4,""rectanglelabels"":[""AF""],""original_width"":4374.0,""original_height"":4875.0}]","","2025-08-06T09:40:40.515163Z"
15456,"1","2025-08-06T09:40:40.515163Z",14896,"https://iiif.irht.cnrs.fr/iiif/ark:/63955/vxagbpp8uduj/full/1200,/0/default.jpg","[{""rotation"":0,""x"":0.11500000000000399,""y"":28.775000000000002,""width"":99.53,""height"":70.83,""rectanglelabels"":[""AI""],""original_width"":4065.0,""original_height"":4865.0},{""rotation"":0,""x"":0.16000000000000458,""y"":1.2200000000000015,""width"":99.83999999999999,""height"":27.439999999999998,""rectanglelabels"":[""AF""],""original_width"":4065.0,""original_height"":4865.0}]","","2025-08-06T09:40:40.515163Z"
15457,"1","2025-08-06T09:40:40.515163Z",14897,"https://iiif.irht.cnrs.fr/iiif/ark:/63955/v0qodpja428e/full/1200,/0/default.jpg","[{""rotation"":0,""x"":0.0,""y"":0.13000000000000234,""width"":99.96000000000001,""height"":99.33999999999999,""rectanglelabels"":[""Table""],""original_width"":4228.0,""original_height"":4847.0}]","","2025-08-06T09:40:40.515163Z"
15458,"1","2025-08-06T09:40:40.515163Z",14898,"https://iiif.irht.cnrs.fr/iiif/ark:/63955/vs9weu8z69z7/full/1200,/0/default.jpg","[{""rotation"":0,""x"":0.10499999999999954,""y"":59.83500000000001,""width"":99.81,""height"":39.989999999999995,""rectanglelabels"":[""AI""],""original_width"":4019.0,""original_height"":4875.0},{""rotation"":0,""x"":0.20999999999999908,""y"":0.8599999999999997,""width"":99.64,""height"":58.98,""rectanglelabels"":[""AF""],""original_width"":4019.0,""original_height"":4875.0}]","","2025-08-06T09:40:40.515163Z"
15459,"1","2025-08-06T09:40:40.515163Z",14899,"https://iiif.irht.cnrs.fr/iiif/ark:/63955/vn0pncr0pytv/full/1200,/0/default.jpg","[{""rotation"":0,""x"":0.7400000000000018,""y"":0.4750000000000004,""width"":99.11999999999999,""height"":29.609999999999996,""rectanglelabels"":[""AF""],""original_width"":4374.0,""original_height"":4875.0},{""rotation"":0,""x"":0.0,""y"":30.085,""width"":99.94,""height"":68.07,""rectanglelabels"":[""AC""],""original_width"":4374.0,""original_height"":4875.0}]","","2025-08-06T09:40:40.515163Z"
5966,"1","2025-08-01T10:08:39.163866Z",14900,"https://iiif.irht.cnrs.fr/iiif/ark:/63955/vi8jn8py1bwb/full/1200,/0/default.jpg","[{""x"":0.07499999999999729,""y"":0.8099999999999996,""width"":99.92999999999999,""height"":67.02,""rotation"":0,""rectanglelabels"":[""AC""],""original_width"":1200,""original_height"":1436},{""x"":0.044999999999991165,""y"":68.06289156626505,""width"":99.94999999999999,""height"":31.937108433734917,""rotation"":0,""rectanglelabels"":[""AI""],""original_width"":1200,""original_height"":1436}]",3.945,"2025-08-01T10:08:39.163866Z"
5967,"1","2025-08-01T10:08:49.665539Z",14901,"https://iiif.irht.cnrs.fr/iiif/ark:/63955/vr70hgvuaehb/full/1200,/0/default.jpg","[{""x"":19.02740963855423,""y"":4.555602409638557,""width"":80.97259036144577,""height"":66.46373493975905,""rotation"":0,""rectanglelabels"":[""AF""],""original_width"":1200,""original_height"":1337}]",9.576,"2025-08-01T10:08:49.665539Z"
15460,"1","2025-08-06T09:40:40.515163Z",14902,"https://iiif.irht.cnrs.fr/iiif/ark:/63955/v45ow6du09d9/full/1200,/0/default.jpg","[{""rotation"":0,""x"":0.045000000000000595,""y"":1.6350000000000031,""width"":99.53,""height"":98.05,""rectanglelabels"":[""AI""],""original_width"":4065.0,""original_height"":4865.0}]","","2025-08-06T09:40:40.515163Z"
6287,"1","2025-08-04T14:10:49.056063Z",14903,"https://iiif.irht.cnrs.fr/iiif/ark:/63955/vt0hjziuvum3/full/1200,/0/default.jpg","[{""x"":0.045000000000000595,""y"":25.249457831325305,""width"":99.95499999999997,""height"":74.43554216867473,""rotation"":0,""rectanglelabels"":[""AI""],""original_width"":1200,""original_height"":1337},{""x"":0.5369477911646585,""y"":0.24096385542168677,""width"":99.46305220883534,""height"":25.06024096385542,""rotation"":0,""rectanglelabels"":[""AF""],""original_width"":1200,""original_height"":1337}]",32.966,"2025-08-04T14:10:49.056063Z"
15461,"1","2025-08-06T09:40:40.515163Z",14904,"https://iiif.irht.cnrs.fr/iiif/ark:/63955/vv4jqyu5g5am/full/1200,/0/default.jpg","[{""rotation"":0,""x"":0.08499999999999619,""y"":1.6300000000000037,""width"":99.75,""height"":98.28,""rectanglelabels"":[""AM""],""original_width"":4065.0,""original_height"":4865.0}]","","2025-08-06T09:40:40.515163Z"
5968,"1","2025-08-01T10:10:38.662886Z",14905,"https://iiif.irht.cnrs.fr/iiif/ark:/63955/vt6s71thf2ag/full/1200,/0/default.jpg","[{""x"":15.81759036144578,""y"":57.21644578313254,""width"":84.18240963855416,""height"":41.11,""rotation"":0,""rectanglelabels"":[""AI""],""original_width"":1200,""original_height"":1337},{""x"":15.849999999999998,""y"":1.7299999999999982,""width"":84.06,""height"":55.34,""rotation"":0,""rectanglelabels"":[""AF""],""original_width"":1200,""original_height"":1337}]",7.116,"2025-08-01T10:10:38.662886Z"
5969,"1","2025-08-01T10:14:29.670652Z",14906,"https://iiif.irht.cnrs.fr/iiif/ark:/63955/vjtf2obxbesf/full/1200,/0/default.jpg","[{""x"":0.11499999999999844,""y"":1.0000000000000009,""width"":99.71,""height"":98.96000000000001,""rotation"":0,""rectanglelabels"":[""AM""],""original_width"":1200,""original_height"":1436}]",4.562,"2025-08-01T10:14:29.670652Z"
15462,"1","2025-08-06T09:40:40.515163Z",14907,"https://iiif.irht.cnrs.fr/iiif/ark:/63955/vxjdrpuxzgq6/full/1200,/0/default.jpg","[{""rotation"":0,""x"":16.035,""y"":3.090000000000001,""width"":83.87,""height"":42.44,""rectanglelabels"":[""AF""],""original_width"":4374.0,""original_height"":4875.0},{""rotation"":0,""x"":16.015,""y"":45.51499999999999,""width"":83.91,""height"":52.01,""rectanglelabels"":[""AI""],""original_width"":4374.0,""original_height"":4875.0}]","","2025-08-06T09:40:40.515163Z"
15463,"1","2025-08-06T09:40:40.515163Z",14908,"https://iiif.irht.cnrs.fr/iiif/ark:/63955/v8y72fn4q3nj/full/1200,/0/default.jpg","[{""rotation"":0,""x"":0.035000000000001696,""y"":64.215,""width"":99.92999999999999,""height"":35.589999999999996,""rectanglelabels"":[""AI""],""original_width"":4065.0,""original_height"":4865.0},{""rotation"":0,""x"":0.004999999999999449,""y"":19.385,""width"":99.39,""height"":44.85,""rectanglelabels"":[""AC""],""original_width"":4065.0,""original_height"":4865.0},{""rotation"":0,""x"":0.004999999999999449,""y"":0.2350000000000005,""width"":99.77000000000001,""height"":19.31,""rectanglelabels"":[""AF""],""original_width"":4065.0,""original_height"":4865.0}]","","2025-08-06T09:40:40.515163Z"
5970,"1","2025-08-01T10:14:45.078648Z",14909,"https://iiif.irht.cnrs.fr/iiif/ark:/63955/vdy0z4o75ju9/full/1200,/0/default.jpg","[{""x"":2.4576503259975354e-16,""y"":40.653373493975906,""width"":94.6,""height"":59.34662650602408,""rotation"":0,""rectanglelabels"":[""AI""],""original_width"":1200,""original_height"":1378},{""x"":0.10999999999999899,""y"":0.4099999999999994,""width"":95.15999999999994,""height"":40.37349397590362,""rotation"":0,""rectanglelabels"":[""AF""],""original_width"":1200,""original_height"":1378}]",11.348,"2025-08-01T10:14:45.078648Z"
5971,"1","2025-08-01T10:14:54.702757Z",14910,"https://iiif.irht.cnrs.fr/iiif/ark:/63955/viq8unk8gz60/full/1200,/0/default.jpg","[{""x"":16.248433734939752,""y"":2.7300000000000013,""width"":83.55156626506019,""height"":28.9,""rotation"":0,""rectanglelabels"":[""AF""],""original_width"":1200,""original_height"":1337},{""x"":16.244999999999997,""y"":31.525000000000002,""width"":83.69,""height"":67.73,""rotation"":0,""rectanglelabels"":[""AI""],""original_width"":1200,""original_height"":1337}]",6.716,"2025-08-01T10:14:54.702757Z"
5972,"1","2025-08-01T10:16:23.313591Z",14911,"https://iiif.irht.cnrs.fr/iiif/ark:/63955/vdyp7vonmvwl/full/1200,/0/default.jpg","[{""x"":-0.0050000000000050004,""y"":22.22,""width"":99.85000000000001,""height"":46.94,""rotation"":0,""rectanglelabels"":[""AC""],""original_width"":1200,""original_height"":1436},{""x"":0.08499999999999619,""y"":0.15499999999999958,""width"":99.87,""height"":22.13,""rotation"":0,""rectanglelabels"":[""AF""],""original_width"":1200,""original_height"":1436},{""x"":-2.6645352591003757e-15,""y"":68.83,""width"":99.96000000000001,""height"":31.169999999999998,""rotation"":0,""rectanglelabels"":[""AI""],""original_width"":1200,""original_height"":1436}]",5.091,"2025-08-01T10:16:23.313591Z"
15464,"1","2025-08-06T09:40:40.515163Z",14912,"https://iiif.irht.cnrs.fr/iiif/ark:/63955/v3y0q3qtrach/full/1200,/0/default.jpg","[{""rotation"":0,""x"":15.940000000000005,""y"":1.3050000000000006,""width"":83.96000000000001,""height"":44.87,""rectanglelabels"":[""AF""],""original_width"":4374.0,""original_height"":4875.0},{""rotation"":0,""x"":10.664999999999997,""y"":46.044999999999995,""width"":89.25,""height"":51.55,""rectanglelabels"":[""AI""],""original_width"":4374.0,""original_height"":4875.0}]","","2025-08-06T09:40:40.515163Z"
5973,"1","2025-08-01T10:16:39.988823Z",14913,"https://iiif.irht.cnrs.fr/iiif/ark:/63955/vj753fl3mmgl/full/1200,/0/default.jpg","[{""x"":0.06499999999999839,""y"":0.7250000000000034,""width"":99.67,""height"":54.769999999999996,""rotation"":0,""rectanglelabels"":[""AF""],""original_width"":1200,""original_height"":1436},{""x"":0,""y"":55.57385542168676,""width"":99.65,""height"":44.42614457831322,""rotation"":0,""rectanglelabels"":[""AI""],""original_width"":1200,""original_height"":1436}]",7.094,"2025-08-01T10:16:39.988823Z"
5974,"1","2025-08-01T10:16:51.504924Z",14914,"https://iiif.irht.cnrs.fr/iiif/ark:/63955/vboh0c3v9py8/full/1200,/0/default.jpg","[{""x"":15.979196787148595,""y"":0.37000000000000044,""width"":83.89580321285136,""height"":43.56,""rotation"":0,""rectanglelabels"":[""AF""],""original_width"":1200,""original_height"":1337},{""x"":15.994999999999997,""y"":43.74,""width"":83.97,""height"":53.459999999999994,""rotation"":0,""rectanglelabels"":[""AC""],""original_width"":1200,""original_height"":1337}]",6.052,"2025-08-01T10:16:51.504924Z"
15465,"1","2025-08-06T09:40:40.515163Z",14915,"https://iiif.irht.cnrs.fr/iiif/ark:/63955/vppbgi2qvka2/full/1200,/0/default.jpg","[{""rotation"":0,""x"":0.09500000000000064,""y"":30.820000000000004,""width"":99.53,""height"":68.92,""rectanglelabels"":[""AC""],""original_width"":4065.0,""original_height"":4865.0},{""rotation"":0,""x"":0.07499999999999729,""y"":0.714999999999999,""width"":99.85000000000001,""height"":30.37,""rectanglelabels"":[""AF""],""original_width"":4065.0,""original_height"":4865.0}]","","2025-08-06T09:40:40.515163Z"
5975,"1","2025-08-01T10:17:16.218006Z",14916,"https://iiif.irht.cnrs.fr/iiif/ark:/63955/vpdibg5xxq8l/full/1200,/0/default.jpg","[{""x"":15.9883734939759,""y"":3.123192771084336,""width"":84.00662650602418,""height"":41.98180722891565,""rotation"":0,""rectanglelabels"":[""AF""],""original_width"":1200,""original_height"":1329},{""x"":15.799999999999997,""y"":45.11999999999999,""width"":84.2,""height"":52.580000000000005,""rotation"":0,""rectanglelabels"":[""AI""],""original_width"":1200,""original_height"":1329}]",20.941,"2025-08-01T10:17:16.218006Z"
15466,"1","2025-08-06T09:40:40.515163Z",14917,"https://iiif.irht.cnrs.fr/iiif/ark:/63955/v78xb4703fqs/full/1200,/0/default.jpg","[{""rotation"":0,""x"":0.17500000000000293,""y"":0.5349999999999994,""width"":99.77000000000001,""height"":48.67,""rectanglelabels"":[""AF""],""original_width"":4028.0,""original_height"":4865.0},{""rotation"":0,""x"":0.024999999999997247,""y"":48.94,""width"":99.59,""height"":50.92,""rectanglelabels"":[""AI""],""original_width"":4028.0,""original_height"":4865.0}]","","2025-08-06T09:40:40.515163Z"
5976,"1","2025-08-01T10:17:25.904805Z",14918,"https://iiif.irht.cnrs.fr/iiif/ark:/63955/vq6btx7d792k/full/1200,/0/default.jpg","[{""x"":16.389277108433873,""y"":3.7853012048192842,""width"":83.61072289156613,""height"":50.19108433734939,""rotation"":0,""rectanglelabels"":[""AF""],""original_width"":1200,""original_height"":1329}]",6.705,"2025-08-01T10:17:25.904805Z"
5977,"1","2025-08-01T10:17:38.111847Z",14919,"https://iiif.irht.cnrs.fr/iiif/ark:/63955/vsd1xbyojkvs/full/1200,/0/default.jpg","[{""x"":0.14500000000000066,""y"":3.386084337349392,""width"":90.59012048192766,""height"":93.58734939759033,""rotation"":0,""rectanglelabels"":[""AC""],""original_width"":1200,""original_height"":1449}]",9.361,"2025-08-01T10:17:38.111847Z"
5978,"1","2025-08-01T10:17:52.866313Z",14920,"https://iiif.irht.cnrs.fr/iiif/ark:/63955/v81ctg3nbxfl/full/1200,/0/default.jpg","[{""x"":11.107931726907635,""y"":4.660421686746988,""width"":88.77706827309223,""height"":22.254578313253003,""rotation"":0,""rectanglelabels"":[""AF""],""original_width"":1200,""original_height"":1456},{""x"":11.128855421686747,""y"":26.65500000000002,""width"":88.72614457831332,""height"":70.2203614457831,""rotation"":0,""rectanglelabels"":[""AC""],""original_width"":1200,""original_height"":1456}]",12.576,"2025-08-01T10:17:52.866313Z"
5979,"1","2025-08-01T10:18:20.319006Z",14921,"https://iiif.irht.cnrs.fr/iiif/ark:/63955/vi7xp804ytv5/full/1200,/0/default.jpg","[{""x"":17.121204819277093,""y"":3.8962650602409705,""width"":82.8787951807229,""height"":68.72481927710842,""rotation"":0,""rectanglelabels"":[""AC""],""original_width"":1200,""original_height"":1329}]",5.847,"2025-08-01T10:18:20.319006Z"
5980,"1","2025-08-01T10:18:29.425042Z",14922,"https://iiif.irht.cnrs.fr/iiif/ark:/63955/v5p2c2am4vfi/full/1200,/0/default.jpg","[{""x"":-6.661338147750939e-16,""y"":3.2520481927710803,""width"":90.62463855421686,""height"":82.19012048192774,""rotation"":0,""rectanglelabels"":[""AC""],""original_width"":1200,""original_height"":1449}]",8.091,"2025-08-01T10:18:29.425042Z"
15467,"1","2025-08-06T09:40:40.515163Z",14923,"https://iiif.irht.cnrs.fr/iiif/ark:/63955/vwcuv0dfw6y4/full/1200,/0/default.jpg","[{""rotation"":0,""x"":15.735,""y"":1.7349999999999977,""width"":84.27,""height"":97.15,""rectanglelabels"":[""AC""],""original_width"":4401.0,""original_height"":4875.0}]","","2025-08-06T09:40:40.515163Z"
15468,"1","2025-08-06T09:40:40.515163Z",14924,"https://iiif.irht.cnrs.fr/iiif/ark:/63955/v4nc5sbyoh4d/full/1200,/0/default.jpg","[{""rotation"":0,""x"":0.09000000000000119,""y"":1.0649999999999993,""width"":99.6,""height"":98.72999999999999,""rectanglelabels"":[""AI""],""original_width"":4028.0,""original_height"":4865.0}]","","2025-08-06T09:40:40.515163Z"
5981,"1","2025-08-01T10:18:42.936914Z",14925,"https://iiif.irht.cnrs.fr/iiif/ark:/63955/vkhfu3kpi3mv/full/1200,/0/default.jpg","[{""x"":0.8899999999999963,""y"":0.49999999999999767,""width"":99.1,""height"":48.42,""rotation"":0,""rectanglelabels"":[""AF""],""original_width"":1200,""original_height"":1329},{""x"":0.4899999999999927,""y"":48.947891566265056,""width"":99.51,""height"":48.88999999999999,""rotation"":0,""rectanglelabels"":[""AI""],""original_width"":1200,""original_height"":1329}]",5.141,"2025-08-01T10:18:42.936914Z"
15469,"1","2025-08-06T09:40:40.515163Z",14926,"https://iiif.irht.cnrs.fr/iiif/ark:/63955/vxhwbxtiwxmj/full/1200,/0/default.jpg","[{""rotation"":0,""x"":0.13499999999999623,""y"":0.5349999999999994,""width"":99.75,""height"":44.09,""rectanglelabels"":[""AF""],""original_width"":4028.0,""original_height"":4865.0},{""rotation"":0,""x"":0.06499999999999839,""y"":44.495000000000005,""width"":99.69,""height"":55.269999999999996,""rectanglelabels"":[""AI""],""original_width"":4028.0,""original_height"":4865.0}]","","2025-08-06T09:40:40.515163Z"
5982,"1","2025-08-01T10:19:10.643874Z",14927,"https://iiif.irht.cnrs.fr/iiif/ark:/63955/varcmq13uenb/full/1200,/0/default.jpg","[{""x"":15.845000000000004,""y"":25.149999999999995,""width"":84.15,""height"":73.36,""rotation"":0,""rectanglelabels"":[""AI""],""original_width"":1200,""original_height"":1329},{""x"":14.944578313253013,""y"":0.380963855421688,""width"":85.055421686747,""height"":24.859036144578326,""rotation"":0,""rectanglelabels"":[""AF""],""original_width"":1200,""original_height"":1329}]",21.731,"2025-08-01T10:19:10.643874Z"
15470,"1","2025-08-06T09:40:40.515163Z",14928,"https://iiif.irht.cnrs.fr/iiif/ark:/63955/vuhff7yittgb/full/1200,/0/default.jpg","[{""rotation"":0,""x"":0.16000000000000458,""y"":0.2799999999999997,""width"":99.83999999999999,""height"":23.06,""rectanglelabels"":[""AF""],""original_width"":4028.0,""original_height"":4865.0},{""rotation"":0,""x"":0.15499999999999958,""y"":23.195000000000004,""width"":99.53,""height"":76.33,""rectanglelabels"":[""AI""],""original_width"":4028.0,""original_height"":4865.0}]","","2025-08-06T09:40:40.515163Z"
15471,"1","2025-08-06T09:40:40.515163Z",14929,"https://iiif.irht.cnrs.fr/iiif/ark:/63955/vqr9ja5gwprn/full/1200,/0/default.jpg","[{""rotation"":0,""x"":15.944999999999999,""y"":0.6799999999999973,""width"":84.05,""height"":50.2,""rectanglelabels"":[""AF""],""original_width"":4401.0,""original_height"":4875.0},{""rotation"":0,""x"":12.445000000000006,""y"":50.805,""width"":87.55,""height"":46.410000000000004,""rectanglelabels"":[""AI""],""original_width"":4401.0,""original_height"":4875.0}]","","2025-08-06T09:40:40.515163Z"
15472,"1","2025-08-06T09:40:40.515163Z",14930,"https://iiif.irht.cnrs.fr/iiif/ark:/63955/v2dd3h8i4kcm/full/1200,/0/default.jpg","[{""rotation"":0,""x"":0.07499999999999729,""y"":43.425,""width"":99.65,""height"":56.38999999999999,""rectanglelabels"":[""AI""],""original_width"":4028.0,""original_height"":4865.0},{""rotation"":0,""x"":0.13000000000000234,""y"":0.5049999999999999,""width"":99.74,""height"":42.85,""rectanglelabels"":[""AF""],""original_width"":4028.0,""original_height"":4865.0}]","","2025-08-06T09:40:40.515163Z"
5983,"1","2025-08-01T10:19:25.142396Z",14931,"https://iiif.irht.cnrs.fr/iiif/ark:/63955/vutf2tlbstpr/full/1200,/0/default.jpg","[{""x"":0.11499999999999841,""y"":3.963012048192771,""width"":87.83751004016064,""height"":95.24698795180718,""rotation"":0,""rectanglelabels"":[""AC""],""original_width"":1200,""original_height"":1378}]",5.683,"2025-08-01T10:19:25.142396Z"
5984,"1","2025-08-01T10:19:49.911207Z",14932,"https://iiif.irht.cnrs.fr/iiif/ark:/63955/vzruxaorr0hj/full/1200,/0/default.jpg","[{""x"":12.894999999999996,""y"":26.205000000000005,""width"":86.99,""height"":72.91,""rotation"":0,""rectanglelabels"":[""AC""],""original_width"":1200,""original_height"":1335},{""x"":11.973493975903615,""y"":1.8748192771084349,""width"":87.9615060240964,""height"":24.475180722891572,""rotation"":0,""rectanglelabels"":[""AF""],""original_width"":1200,""original_height"":1335}]",5.271,"2025-08-01T10:19:49.911207Z"
15473,"1","2025-08-06T09:40:40.515163Z",14933,"https://iiif.irht.cnrs.fr/iiif/ark:/63955/v90tfhp59d7m/full/1200,/0/default.jpg","[{""rotation"":0,""x"":0.08000000000000229,""y"":0.8399999999999963,""width"":99.74,""height"":98.61999999999999,""rectanglelabels"":[""AC""],""original_width"":4028.0,""original_height"":4865.0}]","","2025-08-06T09:40:40.515163Z"
15474,"1","2025-08-06T09:40:40.515163Z",14934,"https://iiif.irht.cnrs.fr/iiif/ark:/63955/vrb4zt9j6wjy/full/1200,/0/default.jpg","[{""rotation"":0,""x"":5.85,""y"":58.50500000000001,""width"":94.12,""height"":39.01,""rectanglelabels"":[""AI""],""original_width"":4356.0,""original_height"":4847.0},{""rotation"":0,""x"":0.004999999999999449,""y"":0.4599999999999993,""width"":99.87,""height"":58.26,""rectanglelabels"":[""AC""],""original_width"":4356.0,""original_height"":4847.0}]","","2025-08-06T09:40:40.515163Z"
5985,"1","2025-08-01T10:20:16.426440Z",14935,"https://iiif.irht.cnrs.fr/iiif/ark:/63955/vqg8e80epjoq/full/1200,/0/default.jpg","[{""x"":-5.995204332975845e-15,""y"":3.3110843373493943,""width"":92.06493975903615,""height"":63.73734939759037,""rotation"":0,""rectanglelabels"":[""AF""],""original_width"":1200,""original_height"":1449}]",6.117,"2025-08-01T10:20:16.426440Z"
15475,"1","2025-08-06T09:40:40.515163Z",14936,"https://iiif.irht.cnrs.fr/iiif/ark:/63955/vc482ahfi46t/full/1200,/0/default.jpg","[{""rotation"":0,""x"":9.809999999999997,""y"":1.1900000000000022,""width"":90.08,""height"":97.98,""rectanglelabels"":[""AC""],""original_width"":4356.0,""original_height"":4847.0}]","","2025-08-06T09:40:40.515163Z"
15476,"1","2025-08-06T09:40:40.515163Z",14937,"https://iiif.irht.cnrs.fr/iiif/ark:/63955/v86nhptd8r4p/full/1200,/0/default.jpg","[{""rotation"":0,""x"":0.13999999999999568,""y"":74.98,""width"":99.78,""height"":24.62,""rectanglelabels"":[""AI""],""original_width"":4028.0,""original_height"":4865.0},{""rotation"":0,""x"":0.20000000000000018,""y"":0.5500000000000005,""width"":99.8,""height"":74.4,""rectanglelabels"":[""AC""],""original_width"":4028.0,""original_height"":4865.0}]","","2025-08-06T09:40:40.515163Z"
5986,"1","2025-08-01T10:20:44.053671Z",14938,"https://iiif.irht.cnrs.fr/iiif/ark:/63955/v0jy0yojmfwr/full/1200,/0/default.jpg","[{""x"":6.681686746987945,""y"":1.9962650602409662,""width"":93.28331325301208,""height"":60.47373493975902,""rotation"":0,""rectanglelabels"":[""AF""],""original_width"":1200,""original_height"":1335},{""x"":6.630000000000003,""y"":62.550000000000004,""width"":93.36,""height"":35.76,""rotation"":0,""rectanglelabels"":[""AI""],""original_width"":1200,""original_height"":1335}]",12.209,"2025-08-01T10:20:44.053671Z"
15477,"1","2025-08-06T09:40:40.519172Z",14939,"https://iiif.irht.cnrs.fr/iiif/ark:/63955/vny14dk8kdhq/full/1200,/0/default.jpg","[{""rotation"":0,""x"":0.06499999999999839,""y"":0.27499999999999747,""width"":99.71,""height"":99.45,""rectanglelabels"":[""AM""],""original_width"":4028.0,""original_height"":4865.0}]","","2025-08-06T09:40:40.519172Z"
15478,"1","2025-08-06T09:40:40.519172Z",14940,"https://iiif.irht.cnrs.fr/iiif/ark:/63955/v0zfucolhem0/full/1200,/0/default.jpg","[{""rotation"":0,""x"":13.179999999999998,""y"":51.449999999999996,""width"":86.76,""height"":47.56,""rectanglelabels"":[""AI""],""original_width"":4356.0,""original_height"":4847.0},{""rotation"":0,""x"":13.825,""y"":1.9750000000000019,""width"":86.11,""height"":49.53,""rectanglelabels"":[""AF""],""original_width"":4356.0,""original_height"":4847.0}]","","2025-08-06T09:40:40.519172Z"
15479,"1","2025-08-06T09:40:40.519172Z",14941,"https://iiif.irht.cnrs.fr/iiif/ark:/63955/vdny16lg3c31/full/1200,/0/default.jpg","[{""rotation"":0,""x"":0.05999999999999894,""y"":50.2,""width"":99.62,""height"":49.64,""rectanglelabels"":[""AI""],""original_width"":4028.0,""original_height"":4865.0},{""rotation"":0,""x"":0.16500000000000403,""y"":0.7050000000000001,""width"":99.63,""height"":49.51,""rectanglelabels"":[""AF""],""original_width"":4028.0,""original_height"":4865.0}]","","2025-08-06T09:40:40.519172Z"
15480,"1","2025-08-06T09:40:40.519172Z",14942,"https://iiif.irht.cnrs.fr/iiif/ark:/63955/vuoviv02qaar/full/1200,/0/default.jpg","[{""rotation"":0,""x"":0.13500000000000179,""y"":2.030000000000004,""width"":99.72999999999999,""height"":97.5,""rectanglelabels"":[""AC""],""original_width"":4019.0,""original_height"":4875.0}]","","2025-08-06T09:40:40.519172Z"
5987,"1","2025-08-01T10:21:23.607649Z",14943,"https://iiif.irht.cnrs.fr/iiif/ark:/63955/ve8fyhzcyqdx/full/1200,/0/default.jpg","[{""x"":0,""y"":72.68933734939758,""width"":100,""height"":26.009999999999998,""rotation"":0,""rectanglelabels"":[""AI""],""original_width"":1200,""original_height"":1322},{""x"":0,""y"":0.6950000000000012,""width"":100,""height"":72.11,""rotation"":0,""rectanglelabels"":[""AF""],""original_width"":1200,""original_height"":1322}]",9.658,"2025-08-01T10:21:23.607649Z"
15481,"1","2025-08-06T09:40:40.519172Z",14944,"https://iiif.irht.cnrs.fr/iiif/ark:/63955/v67autr9gsm3/full/1200,/0/default.jpg","[{""rotation"":0,""x"":0.11499999999999844,""y"":0.275000000000003,""width"":99.57000000000001,""height"":99.63,""rectanglelabels"":[""AF""],""original_width"":3992.0,""original_height"":4865.0}]","","2025-08-06T09:40:40.519172Z"
15482,"1","2025-08-06T09:40:40.519172Z",14945,"https://iiif.irht.cnrs.fr/iiif/ark:/63955/vqoac4dp8f3g/full/1200,/0/default.jpg","[{""rotation"":0,""x"":0.0,""y"":56.64499999999999,""width"":100.0,""height"":41.010000000000005,""rectanglelabels"":[""AI""],""original_width"":4401.0,""original_height"":4847.0},{""rotation"":0,""x"":0.43999999999999595,""y"":1.4450000000000018,""width"":99.56,""height"":55.43,""rectanglelabels"":[""AC""],""original_width"":4401.0,""original_height"":4847.0}]","","2025-08-06T09:40:40.519172Z"
15483,"1","2025-08-06T09:40:40.519172Z",14946,"https://iiif.irht.cnrs.fr/iiif/ark:/63955/vu2xufwkstq0/full/1200,/0/default.jpg","[{""rotation"":0,""x"":0.09500000000000064,""y"":0.20499999999999963,""width"":99.63,""height"":99.61,""rectanglelabels"":[""AF""],""original_width"":3992.0,""original_height"":4865.0}]","","2025-08-06T09:40:40.519172Z"
15484,"1","2025-08-06T09:40:40.519172Z",14947,"https://iiif.irht.cnrs.fr/iiif/ark:/63955/v4luwvaoidf6/full/1200,/0/default.jpg","[{""rotation"":0,""x"":12.880000000000003,""y"":0.47000000000000375,""width"":87.1,""height"":99.03999999999999,""rectanglelabels"":[""AC""],""original_width"":4401.0,""original_height"":4847.0}]","","2025-08-06T09:40:40.519172Z"
15485,"1","2025-08-06T09:40:40.519172Z",14948,"https://iiif.irht.cnrs.fr/iiif/ark:/63955/vnra1gigkzbm/full/1200,/0/default.jpg","[{""rotation"":0,""x"":0.13500000000000179,""y"":0.4349999999999965,""width"":99.51,""height"":99.41,""rectanglelabels"":[""AC""],""original_width"":3992.0,""original_height"":4865.0}]","","2025-08-06T09:40:40.519172Z"
15486,"1","2025-08-06T09:40:40.519172Z",14949,"https://iiif.irht.cnrs.fr/iiif/ark:/63955/vw52tqvnhvr3/full/1200,/0/default.jpg","[{""rotation"":0,""x"":1.8449999999999966,""y"":0.8699999999999986,""width"":98.15,""height"":98.66,""rectanglelabels"":[""AC""],""original_width"":4401.0,""original_height"":4847.0}]","","2025-08-06T09:40:40.519172Z"
15487,"1","2025-08-06T09:40:40.519172Z",14950,"https://iiif.irht.cnrs.fr/iiif/ark:/63955/vqny0bgeqm2h/full/1200,/0/default.jpg","[{""rotation"":0,""x"":0.004999999999999449,""y"":0.2950000000000008,""width"":97.41,""height"":99.59,""rectanglelabels"":[""AC""],""original_width"":3992.0,""original_height"":4865.0}]","","2025-08-06T09:40:40.519172Z"
15488,"1","2025-08-06T09:40:40.519172Z",14951,"https://iiif.irht.cnrs.fr/iiif/ark:/63955/vx4ygkifw5c1/full/1200,/0/default.jpg","[{""rotation"":0,""x"":15.125,""y"":1.469999999999999,""width"":84.87,""height"":97.86,""rectanglelabels"":[""AI""],""original_width"":4401.0,""original_height"":4847.0}]","","2025-08-06T09:40:40.519172Z"
15489,"1","2025-08-06T09:40:40.519172Z",14952,"https://iiif.irht.cnrs.fr/iiif/ark:/63955/v75s2s9ykco7/full/1200,/0/default.jpg","[{""rotation"":0,""x"":0.15000000000000013,""y"":0.23000000000000242,""width"":99.6,""height"":37.519999999999996,""rectanglelabels"":[""AF""],""original_width"":3992.0,""original_height"":4865.0},{""rotation"":0,""x"":0.06499999999999839,""y"":37.75999999999999,""width"":98.35000000000001,""height"":62.08,""rectanglelabels"":[""AC""],""original_width"":3992.0,""original_height"":4865.0}]","","2025-08-06T09:40:40.519172Z"
15490,"1","2025-08-06T09:40:40.519172Z",14953,"https://iiif.irht.cnrs.fr/iiif/ark:/63955/vn48rrjp64j0/full/1200,/0/default.jpg","[{""rotation"":0,""x"":0.004999999999999449,""y"":1.7149999999999972,""width"":99.89,""height"":49.33,""rectanglelabels"":[""AC""],""original_width"":4201.0,""original_height"":4865.0},{""rotation"":0,""x"":-0.0050000000000050004,""y"":50.92,""width"":99.55000000000001,""height"":46.6,""rectanglelabels"":[""AI""],""original_width"":4201.0,""original_height"":4865.0}]","","2025-08-06T09:40:40.519172Z"
15491,"1","2025-08-06T09:40:40.519172Z",14954,"https://iiif.irht.cnrs.fr/iiif/ark:/63955/vbpjr4ae7scb/full/1200,/0/default.jpg","[{""rotation"":0,""x"":11.364999999999997,""y"":1.2950000000000073,""width"":88.63,""height"":98.13,""rectanglelabels"":[""AC""],""original_width"":4401.0,""original_height"":4847.0}]","","2025-08-06T09:40:40.519172Z"
15492,"1","2025-08-06T09:40:40.519172Z",14955,"https://iiif.irht.cnrs.fr/iiif/ark:/63955/vqsv88rektmq/full/1200,/0/default.jpg","[{""rotation"":0,""x"":0.12000000000000344,""y"":61.8,""width"":99.64,""height"":36.96,""rectanglelabels"":[""AI""],""original_width"":3992.0,""original_height"":4865.0},{""rotation"":0,""x"":0.18999999999999573,""y"":0.36499999999999866,""width"":99.72,""height"":61.25000000000001,""rectanglelabels"":[""AC""],""original_width"":3992.0,""original_height"":4865.0}]","","2025-08-06T09:40:40.519172Z"
15493,"1","2025-08-06T09:40:40.519172Z",14956,"https://iiif.irht.cnrs.fr/iiif/ark:/63955/vmpjwn39cbk2/full/1200,/0/default.jpg","[{""rotation"":0,""x"":0.3550000000000053,""y"":0.5549999999999999,""width"":99.63,""height"":62.43,""rectanglelabels"":[""AF""],""original_width"":4401.0,""original_height"":4847.0},{""rotation"":0,""x"":0.12000000000000344,""y"":63.14500000000001,""width"":99.88,""height"":34.75,""rectanglelabels"":[""AI""],""original_width"":4401.0,""original_height"":4847.0}]","","2025-08-06T09:40:40.519172Z"
15494,"1","2025-08-06T09:40:40.519172Z",14957,"https://iiif.irht.cnrs.fr/iiif/ark:/63955/vuc75rex3pnw/full/1200,/0/default.jpg","[{""rotation"":0,""x"":0.12999999999999678,""y"":0.16999999999999793,""width"":99.58,""height"":64.32,""rectanglelabels"":[""AF""],""original_width"":3992.0,""original_height"":4865.0},{""rotation"":0,""x"":0.14000000000000123,""y"":64.36500000000001,""width"":99.72,""height"":35.39,""rectanglelabels"":[""AI""],""original_width"":3992.0,""original_height"":4865.0}]","","2025-08-06T09:40:40.519172Z"
15495,"1","2025-08-06T09:40:40.519172Z",14958,"https://iiif.irht.cnrs.fr/iiif/ark:/63955/vlw4dbp7xgtm/full/1200,/0/default.jpg","[{""rotation"":0,""x"":13.530000000000003,""y"":0.29000000000000137,""width"":86.44,""height"":99.32,""rectanglelabels"":[""AM""],""original_width"":4401.0,""original_height"":4847.0}]","","2025-08-06T09:40:40.519172Z"
15496,"1","2025-08-06T09:40:40.519172Z",14959,"https://iiif.irht.cnrs.fr/iiif/ark:/63955/v0pa3znfjq9w/full/1200,/0/default.jpg","[{""rotation"":0,""x"":0.18499999999999628,""y"":0.3400000000000014,""width"":99.57000000000001,""height"":34.14,""rectanglelabels"":[""AF""],""original_width"":3992.0,""original_height"":4865.0},{""rotation"":0,""x"":0.13000000000000234,""y"":34.459999999999994,""width"":99.33999999999999,""height"":65.4,""rectanglelabels"":[""AC""],""original_width"":3992.0,""original_height"":4865.0}]","","2025-08-06T09:40:40.519172Z"
15497,"1","2025-08-06T09:40:40.519172Z",14960,"https://iiif.irht.cnrs.fr/iiif/ark:/63955/vxfnbcr10nmw/full/1200,/0/default.jpg","[{""rotation"":0,""x"":0.039999999999995595,""y"":0.7350000000000023,""width"":99.96000000000001,""height"":56.75,""rectanglelabels"":[""AF""],""original_width"":4401.0,""original_height"":4847.0},{""rotation"":0,""x"":0.0,""y"":57.245000000000005,""width"":99.98,""height"":40.45,""rectanglelabels"":[""AI""],""original_width"":4401.0,""original_height"":4847.0}]","","2025-08-06T09:40:40.519172Z"
15498,"1","2025-08-06T09:40:40.519172Z",14961,"https://iiif.irht.cnrs.fr/iiif/ark:/63955/vs08i75z0szq/full/1200,/0/default.jpg","[{""rotation"":0,""x"":0.19499999999999518,""y"":0.29000000000000137,""width"":99.71,""height"":28.48,""rectanglelabels"":[""AF""],""original_width"":3992.0,""original_height"":4865.0},{""rotation"":0,""x"":0.15000000000000013,""y"":67.945,""width"":99.58,""height"":31.929999999999996,""rectanglelabels"":[""AI""],""original_width"":3992.0,""original_height"":4865.0},{""rotation"":0,""x"":0.054999999999999494,""y"":28.654999999999998,""width"":96.73,""height"":39.37,""rectanglelabels"":[""AC""],""original_width"":3992.0,""original_height"":4865.0}]","","2025-08-06T09:40:40.519172Z"
15499,"1","2025-08-06T09:40:40.519172Z",14962,"https://iiif.irht.cnrs.fr/iiif/ark:/63955/v22pqi9gs5d7/full/1200,/0/default.jpg","[{""rotation"":0,""x"":1.1450000000000016,""y"":0.29000000000000137,""width"":98.85000000000001,""height"":99.33999999999999,""rectanglelabels"":[""AF""],""original_width"":4401.0,""original_height"":4847.0}]","","2025-08-06T09:40:40.519172Z"
15500,"1","2025-08-06T09:40:40.519172Z",14963,"https://iiif.irht.cnrs.fr/iiif/ark:/63955/vtpjkrj8dg1d/full/1200,/0/default.jpg","[{""rotation"":0,""x"":0.09500000000000064,""y"":64.96000000000001,""width"":99.49,""height"":34.94,""rectanglelabels"":[""AI""],""original_width"":3992.0,""original_height"":4865.0},{""rotation"":0,""x"":0.12499999999999734,""y"":0.6149999999999989,""width"":99.75,""height"":64.03,""rectanglelabels"":[""AC""],""original_width"":3992.0,""original_height"":4865.0}]","","2025-08-06T09:40:40.519172Z"
15501,"1","2025-08-06T09:40:40.519172Z",14964,"https://iiif.irht.cnrs.fr/iiif/ark:/63955/vklt5xmzmdta/full/1200,/0/default.jpg","[{""rotation"":0,""x"":0.15999999999999903,""y"":0.655,""width"":99.7,""height"":72.13000000000001,""rectanglelabels"":[""AF""],""original_width"":4019.0,""original_height"":4875.0},{""rotation"":0,""x"":0.24000000000000132,""y"":72.16,""width"":99.68,""height"":27.639999999999997,""rectanglelabels"":[""AI""],""original_width"":4019.0,""original_height"":4875.0}]","","2025-08-06T09:40:40.519172Z"
15502,"1","2025-08-06T09:40:40.519172Z",14965,"https://iiif.irht.cnrs.fr/iiif/ark:/63955/vojluilmicol/full/1200,/0/default.jpg","[{""rotation"":0,""x"":0.0,""y"":0.7900000000000018,""width"":100.0,""height"":65.02,""rectanglelabels"":[""AF""],""original_width"":4401.0,""original_height"":4847.0},{""rotation"":0,""x"":0.004999999999999449,""y"":66.185,""width"":99.99,""height"":31.35,""rectanglelabels"":[""AI""],""original_width"":4401.0,""original_height"":4847.0}]","","2025-08-06T09:40:40.519172Z"
15503,"1","2025-08-06T09:40:40.519172Z",14966,"https://iiif.irht.cnrs.fr/iiif/ark:/63955/v2f3cvvi92bz/full/1200,/0/default.jpg","[{""rotation"":0,""x"":0.08500000000000174,""y"":57.455,""width"":97.67,""height"":42.370000000000005,""rectanglelabels"":[""AI""],""original_width"":3992.0,""original_height"":4865.0},{""rotation"":0,""x"":0.15499999999999958,""y"":0.5049999999999999,""width"":99.51,""height"":56.910000000000004,""rectanglelabels"":[""AF""],""original_width"":3992.0,""original_height"":4865.0}]","","2025-08-06T09:40:40.519172Z"
5988,"1","2025-08-01T10:34:53.540509Z",14967,"https://iiif.irht.cnrs.fr/iiif/ark:/63955/vmwq554m6iaq/full/1200,/0/default.jpg","[{""x"":0,""y"":0.9450000000000014,""width"":100,""height"":52.81,""rotation"":0,""rectanglelabels"":[""AF""],""original_width"":1200,""original_height"":1322},{""x"":0,""y"":53.818373493975905,""width"":99.96,""height"":45.11,""rotation"":0,""rectanglelabels"":[""AI""],""original_width"":1200,""original_height"":1322}]",3.438,"2025-08-01T10:34:53.540509Z"
15504,"1","2025-08-06T09:40:40.519172Z",14968,"https://iiif.irht.cnrs.fr/iiif/ark:/63955/v349prr1fc4v/full/1200,/0/default.jpg","[{""rotation"":0,""x"":0.35499999999999976,""y"":2.165,""width"":99.53,""height"":27.889999999999997,""rectanglelabels"":[""AF""],""original_width"":3992.0,""original_height"":4865.0},{""rotation"":0,""x"":0.10499999999999954,""y"":30.17,""width"":99.71,""height"":69.44,""rectanglelabels"":[""AC""],""original_width"":3992.0,""original_height"":4865.0}]","","2025-08-06T09:40:40.519172Z"
15505,"1","2025-08-06T09:40:40.519172Z",14969,"https://iiif.irht.cnrs.fr/iiif/ark:/63955/vggqby0eaz07/full/1200,/0/default.jpg","[{""rotation"":0,""x"":10.840000000000005,""y"":0.7250000000000034,""width"":89.16,""height"":98.41,""rectanglelabels"":[""AI""],""original_width"":4401.0,""original_height"":4847.0}]","","2025-08-06T09:40:40.519172Z"
15506,"1","2025-08-06T09:40:40.519172Z",14970,"https://iiif.irht.cnrs.fr/iiif/ark:/63955/vp5curjc2af7/full/1200,/0/default.jpg","[{""rotation"":0,""x"":0.09000000000000119,""y"":1.26,""width"":99.74,""height"":38.9,""rectanglelabels"":[""AF""],""original_width"":3947.0,""original_height"":4865.0},{""rotation"":0,""x"":0.035000000000001696,""y"":40.135000000000005,""width"":99.83,""height"":59.41,""rectanglelabels"":[""AI""],""original_width"":3947.0,""original_height"":4865.0}]","","2025-08-06T09:40:40.519172Z"
5989,"1","2025-08-01T10:35:12.556652Z",14971,"https://iiif.irht.cnrs.fr/iiif/ark:/63955/vk5yc7epb95s/full/1200,/0/default.jpg","[{""x"":14.56726907630522,""y"":0.5300000000000027,""width"":85.35273092369479,""height"":62.11204819277106,""rotation"":0,""rectanglelabels"":[""AF""],""original_width"":1200,""original_height"":1319}]",6.341,"2025-08-01T10:35:12.556652Z"
15507,"1","2025-08-06T09:40:40.519172Z",14972,"https://iiif.irht.cnrs.fr/iiif/ark:/63955/v0gr0u2zv9p0/full/1200,/0/default.jpg","[{""rotation"":0,""x"":0.0,""y"":0.0,""width"":100.0,""height"":100.0,""rectanglelabels"":[""NIA""],""original_width"":2048.0,""original_height"":2048.0}]","","2025-08-06T09:40:40.519172Z"
15508,"1","2025-08-06T09:40:40.519172Z",14973,"https://iiif.irht.cnrs.fr/iiif/ark:/63955/vmjs5wvgc20h/full/1200,/0/default.jpg","[{""rotation"":0,""x"":0.0,""y"":0.0,""width"":100.0,""height"":100.0,""rectanglelabels"":[""NIA""],""original_width"":2048.0,""original_height"":2048.0}]","","2025-08-06T09:40:40.519172Z"
15509,"1","2025-08-06T09:40:40.519172Z",14974,"https://iiif.irht.cnrs.fr/iiif/ark:/63955/v9b6aewkoo8s/full/1200,/0/default.jpg","[{""rotation"":0,""x"":-0.004999999999999449,""y"":1.705000000000001,""width"":99.89,""height"":97.21,""rectanglelabels"":[""AF""],""original_width"":4201.0,""original_height"":4865.0}]","","2025-08-06T09:40:40.519172Z"
15510,"1","2025-08-06T09:40:40.519172Z",14975,"https://iiif.irht.cnrs.fr/iiif/ark:/63955/vwzkgork7r5t/full/1200,/0/default.jpg","[{""rotation"":0,""x"":0.12000000000000344,""y"":2.7000000000000024,""width"":99.74,""height"":97.02,""rectanglelabels"":[""AC""],""original_width"":4019.0,""original_height"":4875.0}]","","2025-08-06T09:40:40.519172Z"
15511,"1","2025-08-06T09:40:40.519172Z",14976,"https://iiif.irht.cnrs.fr/iiif/ark:/63955/vlaq79cl3nue/full/1200,/0/default.jpg","[{""rotation"":0,""x"":-0.004999999999999449,""y"":2.7700000000000005,""width"":93.23,""height"":95.46,""rectanglelabels"":[""AI""],""original_width"":4201.0,""original_height"":4865.0}]","","2025-08-06T09:40:40.519172Z"
15512,"1","2025-08-06T09:40:40.521179Z",14977,"https://iiif.irht.cnrs.fr/iiif/ark:/63955/v29hsqchmmcx/full/1200,/0/default.jpg","[{""rotation"":0,""x"":11.245000000000005,""y"":0.5550000000000055,""width"":88.75,""height"":99.22999999999999,""rectanglelabels"":[""Table""],""original_width"":3956.0,""original_height"":4875.0}]","","2025-08-06T09:40:40.521179Z"
15513,"1","2025-08-06T09:40:40.521179Z",14978,"https://iiif.irht.cnrs.fr/iiif/ark:/63955/vt5sqqheyaay/full/1200,/0/default.jpg","[{""rotation"":0,""x"":0.11499999999999844,""y"":28.614999999999995,""width"":99.79,""height"":71.25,""rectanglelabels"":[""AI""],""original_width"":4038.0,""original_height"":4875.0},{""rotation"":0,""x"":0.3500000000000003,""y"":0.7500000000000007,""width"":99.53999999999999,""height"":27.939999999999998,""rectanglelabels"":[""AF""],""original_width"":4038.0,""original_height"":4875.0}]","","2025-08-06T09:40:40.521179Z"
15514,"1","2025-08-06T09:40:40.521179Z",14979,"https://iiif.irht.cnrs.fr/iiif/ark:/63955/vuqmlbudgoyr/full/1200,/0/default.jpg","[{""rotation"":0,""x"":0.1250000000000029,""y"":0.7450000000000012,""width"":99.71,""height"":98.37,""rectanglelabels"":[""AF""],""original_width"":4210.0,""original_height"":4865.0}]","","2025-08-06T09:40:40.521179Z"
5990,"1","2025-08-01T10:37:40.113697Z",14980,"https://iiif.irht.cnrs.fr/iiif/ark:/63955/ve61rs4fnj8s/full/1200,/0/default.jpg","[{""x"":8.211506024096266,""y"":3.8575301204819197,""width"":91.78849397590373,""height"":72.24301204819278,""rotation"":0,""rectanglelabels"":[""AC""],""original_width"":1200,""original_height"":1449}]",6.074,"2025-08-01T10:37:40.113697Z"
5991,"1","2025-08-01T10:37:47.366918Z",14981,"https://iiif.irht.cnrs.fr/iiif/ark:/63955/vcyitch4nfyd/full/1200,/0/default.jpg","[{""x"":1.790234627208065e-15,""y"":51.69240963855422,""width"":99.57000000000001,""height"":46.58,""rotation"":0,""rectanglelabels"":[""AI""],""original_width"":1200,""original_height"":1387},{""x"":0.050000000000000044,""y"":0.9699999999999984,""width"":99.69777108433733,""height"":50.76144578313252,""rotation"":0,""rectanglelabels"":[""AC""],""original_width"":1200,""original_height"":1387}]",6.087,"2025-08-01T10:37:47.366918Z"
5992,"1","2025-08-01T10:37:59.040060Z",14982,"https://iiif.irht.cnrs.fr/iiif/ark:/63955/v2kpxx6lwx03/full/1200,/0/default.jpg","[{""x"":0,""y"":38.21240963855422,""width"":99.37,""height"":61.787590361445766,""rotation"":0,""rectanglelabels"":[""AI""],""original_width"":1200,""original_height"":1449},{""x"":0,""y"":0.520000000000001,""width"":99.86500000000001,""height"":37.65710843373494,""rotation"":0,""rectanglelabels"":[""AF""],""original_width"":1200,""original_height"":1449}]",8.482,"2025-08-01T10:37:59.040060Z"
5993,"1","2025-08-01T10:38:07.040148Z",14983,"https://iiif.irht.cnrs.fr/iiif/ark:/63955/vysw37jmgcye/full/1200,/0/default.jpg","[{""x"":0,""y"":0.26499999999999835,""width"":91.05797188755024,""height"":41.26999999999998,""rotation"":0,""rectanglelabels"":[""AF""],""original_width"":1200,""original_height"":1375},{""x"":-0.004999999999999449,""y"":41.685,""width"":91.31,""height"":56.169999999999995,""rotation"":0,""rectanglelabels"":[""AI""],""original_width"":1200,""original_height"":1375}]",6.727,"2025-08-01T10:38:07.040148Z"
15515,"1","2025-08-06T09:40:40.521179Z",14984,"https://iiif.irht.cnrs.fr/iiif/ark:/63955/vvsrcwfsutuf/full/1200,/0/default.jpg","[{""rotation"":0,""x"":0.19500000000000073,""y"":3.289999999999993,""width"":99.75,""height"":96.34,""rectanglelabels"":[""AM""],""original_width"":4047.0,""original_height"":4875.0}]","","2025-08-06T09:40:40.521179Z"
5994,"1","2025-08-01T10:38:34.658954Z",14985,"https://iiif.irht.cnrs.fr/iiif/ark:/63955/visdod9medl6/full/1200,/0/default.jpg","[{""x"":0.05999999999999893,""y"":3.86301204819277,""width"":85.51556224899598,""height"":94.94698795180719,""rotation"":0,""rectanglelabels"":[""AF""],""original_width"":1200,""original_height"":1363}]",7.697,"2025-08-01T10:38:34.658954Z"
15516,"1","2025-08-06T09:40:40.521179Z",14986,"https://iiif.irht.cnrs.fr/iiif/ark:/63955/v9oetau69811/full/1200,/0/default.jpg","[{""rotation"":0,""x"":0.05999999999999894,""y"":3.575000000000006,""width"":99.9,""height"":96.00999999999999,""rectanglelabels"":[""AC""],""original_width"":4047.0,""original_height"":4875.0}]","","2025-08-06T09:40:40.521179Z"
15517,"1","2025-08-06T09:40:40.521179Z",14987,"https://iiif.irht.cnrs.fr/iiif/ark:/63955/v0dxg6s918st/full/1200,/0/default.jpg","[{""rotation"":0,""x"":0.040000000000001146,""y"":1.8349999999999977,""width"":96.78,""height"":96.95,""rectanglelabels"":[""AC""],""original_width"":4283.0,""original_height"":4865.0}]","","2025-08-06T09:40:40.521179Z"
15518,"1","2025-08-06T09:40:40.521179Z",14988,"https://iiif.irht.cnrs.fr/iiif/ark:/63955/vku7ow6ellfb/full/1200,/0/default.jpg","[{""rotation"":0,""x"":-0.004999999999999449,""y"":0.23999999999999577,""width"":99.97,""height"":98.86,""rectanglelabels"":[""Table""],""original_width"":4228.0,""original_height"":4865.0}]","","2025-08-06T09:40:40.521179Z"
15519,"1","2025-08-06T09:40:40.521179Z",14989,"https://iiif.irht.cnrs.fr/iiif/ark:/63955/vlg7v3l8osic/full/1200,/0/default.jpg","[{""rotation"":0,""x"":0.11999999999999234,""y"":3.5050000000000026,""width"":99.86,""height"":96.13000000000001,""rectanglelabels"":[""AC""],""original_width"":4047.0,""original_height"":4875.0}]","","2025-08-06T09:40:40.521179Z"
15520,"1","2025-08-06T09:40:40.521179Z",14990,"https://iiif.irht.cnrs.fr/iiif/ark:/63955/v6cn0iw9jyax/full/1200,/0/default.jpg","[{""rotation"":0,""x"":0.07499999999999729,""y"":1.3500000000000012,""width"":93.85,""height"":97.08,""rectanglelabels"":[""AI""],""original_width"":4283.0,""original_height"":4865.0}]","","2025-08-06T09:40:40.521179Z"
5995,"1","2025-08-01T10:39:22.135243Z",14991,"https://iiif.irht.cnrs.fr/iiif/ark:/63955/vvq3oz5wryh8/full/1200,/0/default.jpg","[{""x"":0.25499999999999967,""y"":3.7700000000000014,""width"":99.67,""height"":56.120000000000005,""rotation"":0,""rectanglelabels"":[""AF""],""original_width"":1200,""original_height"":1446},{""x"":5.80258732629389e-16,""y"":59.76481927710843,""width"":99.70999999999994,""height"":40.235180722891464,""rotation"":0,""rectanglelabels"":[""AI""],""original_width"":1200,""original_height"":1446}]",5.455,"2025-08-01T10:39:22.135243Z"
15521,"1","2025-08-06T09:40:40.521179Z",14992,"https://iiif.irht.cnrs.fr/iiif/ark:/63955/v5dbrl0k4dqg/full/1200,/0/default.jpg","[{""rotation"":0,""x"":-0.0050000000000050004,""y"":1.385000000000003,""width"":91.69,""height"":96.61,""rectanglelabels"":[""AM""],""original_width"":4283.0,""original_height"":4865.0}]","","2025-08-06T09:40:40.521179Z"
15522,"1","2025-08-06T09:40:40.521179Z",14993,"https://iiif.irht.cnrs.fr/iiif/ark:/63955/v0ryx0ivafr1/full/1200,/0/default.jpg","[{""rotation"":0,""x"":0.004999999999999449,""y"":3.4749999999999948,""width"":99.95,""height"":95.97,""rectanglelabels"":[""AM""],""original_width"":4047.0,""original_height"":4875.0}]","","2025-08-06T09:40:40.521179Z"
5996,"1","2025-08-01T10:39:36.655023Z",14994,"https://iiif.irht.cnrs.fr/iiif/ark:/63955/vjf0ocsnu1t7/full/1200,/0/default.jpg","[{""x"":0.06000000000001132,""y"":3.8222289156626412,""width"":86.28275100401606,""height"":90.24445783132532,""rotation"":0,""rectanglelabels"":[""AF""],""original_width"":1200,""original_height"":1363}]",7.847,"2025-08-01T10:39:36.655023Z"
15523,"1","2025-08-06T09:40:40.521179Z",14995,"https://iiif.irht.cnrs.fr/iiif/ark:/63955/vdltd5xqvdrn/full/1200,/0/default.jpg","[{""rotation"":0,""x"":0.21000000000000463,""y"":49.285000000000004,""width"":99.72,""height"":48.57,""rectanglelabels"":[""AI""],""original_width"":4047.0,""original_height"":4875.0},{""rotation"":0,""x"":0.13499999999999623,""y"":3.610000000000002,""width"":99.81,""height"":45.68,""rectanglelabels"":[""AC""],""original_width"":4047.0,""original_height"":4875.0}]","","2025-08-06T09:40:40.521179Z"
15524,"1","2025-08-06T09:40:40.521179Z",14996,"https://iiif.irht.cnrs.fr/iiif/ark:/63955/vconujyaa0uq/full/1200,/0/default.jpg","[{""rotation"":0,""x"":0.12499999999999734,""y"":0.4799999999999971,""width"":95.03,""height"":71.06,""rectanglelabels"":[""AF""],""original_width"":4283.0,""original_height"":4865.0},{""rotation"":0,""x"":0.040000000000001146,""y"":71.335,""width"":96.92,""height"":25.97,""rectanglelabels"":[""AI""],""original_width"":4283.0,""original_height"":4865.0}]","","2025-08-06T09:40:40.521179Z"
15525,"1","2025-08-06T09:40:40.521179Z",14997,"https://iiif.irht.cnrs.fr/iiif/ark:/63955/v1i2t6xuz47k/full/1200,/0/default.jpg","[{""rotation"":0,""x"":0.6000000000000005,""y"":0.6299999999999972,""width"":99.4,""height"":98.96000000000001,""rectanglelabels"":[""AF""],""original_width"":4110.0,""original_height"":4875.0}]","","2025-08-06T09:40:40.521179Z"
5997,"1","2025-08-01T10:39:49.215534Z",14998,"https://iiif.irht.cnrs.fr/iiif/ark:/63955/vxlpucl838ls/full/1200,/0/default.jpg","[{""x"":-2.942091015256665e-15,""y"":54.71222891566265,""width"":99.3,""height"":44.269999999999996,""rotation"":0,""rectanglelabels"":[""AI""],""original_width"":1200,""original_height"":1363},{""x"":0.009999999999998899,""y"":1.3350000000000029,""width"":97.6,""height"":53.349999999999994,""rotation"":0,""rectanglelabels"":[""AC""],""original_width"":1200,""original_height"":1363}]",4.889,"2025-08-01T10:39:49.215534Z"
15526,"1","2025-08-06T09:40:40.521179Z",14999,"https://iiif.irht.cnrs.fr/iiif/ark:/63955/vas1t26wblyl/full/1200,/0/default.jpg","[{""rotation"":0,""x"":0.2549999999999941,""y"":0.8550000000000002,""width"":99.75,""height"":98.72999999999999,""rectanglelabels"":[""Table""],""original_width"":3956.0,""original_height"":4875.0}]","","2025-08-06T09:40:40.521179Z"
15527,"1","2025-08-06T09:40:40.521179Z",15000,"https://iiif.irht.cnrs.fr/iiif/ark:/63955/vwfcvqnwkdx3/full/1200,/0/default.jpg","[{""rotation"":0,""x"":0.5600000000000049,""y"":40.715,""width"":99.44,""height"":59.27,""rectanglelabels"":[""AI""],""original_width"":4110.0,""original_height"":4875.0},{""rotation"":0,""x"":1.2649999999999995,""y"":0.8950000000000014,""width"":98.71,""height"":39.77,""rectanglelabels"":[""AF""],""original_width"":4110.0,""original_height"":4875.0}]","","2025-08-06T09:40:40.521179Z"
15528,"1","2025-08-06T09:40:40.521179Z",15001,"https://iiif.irht.cnrs.fr/iiif/ark:/63955/vgq9dl8ittge/full/1200,/0/default.jpg","[{""rotation"":0,""x"":0.11499999999999844,""y"":0.8449999999999985,""width"":99.07000000000001,""height"":43.99,""rectanglelabels"":[""AF""],""original_width"":4283.0,""original_height"":4865.0},{""rotation"":0,""x"":0.09500000000000064,""y"":44.8,""width"":98.33,""height"":54.400000000000006,""rectanglelabels"":[""AI""],""original_width"":4283.0,""original_height"":4865.0}]","","2025-08-06T09:40:40.521179Z"
5998,"1","2025-08-01T10:40:26.559255Z",15002,"https://iiif.irht.cnrs.fr/iiif/ark:/63955/vibr4jud4nak/full/1200,/0/default.jpg","[{""x"":0.9849999999999998,""y"":66.47999999999999,""width"":99.00999999999999,""height"":33.52,""rotation"":0,""rectanglelabels"":[""AI""],""original_width"":1200,""original_height"":1423},{""x"":0.37500000000000283,""y"":0.6149999999999992,""width"":99.60999999999999,""height"":66.04807228915662,""rotation"":0,""rectanglelabels"":[""AF""],""original_width"":1200,""original_height"":1423}]",8.924,"2025-08-01T10:40:26.559255Z"
15529,"1","2025-08-06T09:40:40.523515Z",15003,"https://iiif.irht.cnrs.fr/iiif/ark:/63955/vz6bm2v0zygq/full/1200,/0/default.jpg","[{""rotation"":0,""x"":0.06499999999999839,""y"":1.765,""width"":93.77,""height"":38.99,""rectanglelabels"":[""AF""],""original_width"":4283.0,""original_height"":4865.0},{""rotation"":0,""x"":-0.004999999999999449,""y"":40.5,""width"":95.33,""height"":57.56,""rectanglelabels"":[""AI""],""original_width"":4283.0,""original_height"":4865.0}]","","2025-08-06T09:40:40.523515Z"
15530,"1","2025-08-06T09:40:40.523515Z",15004,"https://iiif.irht.cnrs.fr/iiif/ark:/63955/v8uchd5atkt4/full/1200,/0/default.jpg","[{""rotation"":0,""x"":-0.004999999999999449,""y"":0.8099999999999996,""width"":99.97,""height"":58.98,""rectanglelabels"":[""AF""],""original_width"":4110.0,""original_height"":4875.0},{""rotation"":0,""x"":0.0,""y"":59.760000000000005,""width"":100.0,""height"":39.879999999999995,""rectanglelabels"":[""AI""],""original_width"":4110.0,""original_height"":4875.0}]","","2025-08-06T09:40:40.523515Z"
5999,"1","2025-08-01T10:40:35.592240Z",15005,"https://iiif.irht.cnrs.fr/iiif/ark:/63955/vbxo6bttldss/full/1200,/0/default.jpg","[{""x"":6.883382752675969e-15,""y"":3.940783132530115,""width"":87.88566265060241,""height"":83.07361445783131,""rotation"":0,""rectanglelabels"":[""AF""],""original_width"":1200,""original_height"":1363}]",5.485,"2025-08-01T10:40:35.592240Z"
6000,"1","2025-08-01T10:40:44.059723Z",15006,"https://iiif.irht.cnrs.fr/iiif/ark:/63955/vofukfujwkrr/full/1200,/0/default.jpg","[{""x"":12.725562248996031,""y"":3.6493373493976007,""width"":87.27443775100396,""height"":94.29843373493976,""rotation"":0,""rectanglelabels"":[""AC""],""original_width"":1200,""original_height"":1423}]",6.769,"2025-08-01T10:40:44.059723Z"
15531,"1","2025-08-06T09:40:40.523515Z",15007,"https://iiif.irht.cnrs.fr/iiif/ark:/63955/vw842iymc2x9/full/1200,/0/default.jpg","[{""rotation"":0,""x"":0.0,""y"":0.6099999999999939,""width"":91.52,""height"":99.08,""rectanglelabels"":[""AI""],""original_width"":4283.0,""original_height"":4865.0}]","","2025-08-06T09:40:40.523515Z"
15532,"1","2025-08-06T09:40:40.523515Z",15008,"https://iiif.irht.cnrs.fr/iiif/ark:/63955/vr4lkx7xqzm5/full/1200,/0/default.jpg","[{""rotation"":0,""x"":0.0,""y"":49.185,""width"":100.0,""height"":50.17,""rectanglelabels"":[""AI""],""original_width"":4110.0,""original_height"":4875.0},{""rotation"":0,""x"":0.0,""y"":0.6650000000000017,""width"":99.96000000000001,""height"":48.55,""rectanglelabels"":[""AF""],""original_width"":4110.0,""original_height"":4875.0}]","","2025-08-06T09:40:40.523515Z"
15533,"1","2025-08-06T09:40:40.523515Z",15009,"https://iiif.irht.cnrs.fr/iiif/ark:/63955/vu6loqh9h86p/full/1200,/0/default.jpg","[{""rotation"":0,""x"":0.08500000000000174,""y"":38.41,""width"":97.11,""height"":61.18,""rectanglelabels"":[""AC""],""original_width"":4283.0,""original_height"":4865.0},{""rotation"":0,""x"":0.09499999999999509,""y"":3.0700000000000003,""width"":96.33,""height"":35.6,""rectanglelabels"":[""AF""],""original_width"":4283.0,""original_height"":4865.0}]","","2025-08-06T09:40:40.523515Z"
15534,"1","2025-08-06T09:40:40.523515Z",15010,"https://iiif.irht.cnrs.fr/iiif/ark:/63955/v2rbf9y1lwlg/full/1200,/0/default.jpg","[{""rotation"":0,""x"":0.0,""y"":0.24000000000000132,""width"":100.0,""height"":98.28,""rectanglelabels"":[""Table""],""original_width"":4238.0,""original_height"":4865.0}]","","2025-08-06T09:40:40.523515Z"
15535,"1","2025-08-06T09:40:40.523515Z",15011,"https://iiif.irht.cnrs.fr/iiif/ark:/63955/vd88bvketu5x/full/1200,/0/default.jpg","[{""rotation"":0,""x"":0.0,""y"":3.2700000000000005,""width"":100.0,""height"":96.26,""rectanglelabels"":[""AI""],""original_width"":4110.0,""original_height"":4875.0}]","","2025-08-06T09:40:40.523515Z"
15536,"1","2025-08-06T09:40:40.523515Z",15012,"https://iiif.irht.cnrs.fr/iiif/ark:/63955/vgpunnknaqhh/full/1200,/0/default.jpg","[{""rotation"":0,""x"":0.004999999999999449,""y"":21.57,""width"":91.64999999999999,""height"":77.78,""rectanglelabels"":[""AI""],""original_width"":4283.0,""original_height"":4865.0},{""rotation"":0,""x"":0.20499999999999408,""y"":0.14500000000000068,""width"":99.65,""height"":21.93,""rectanglelabels"":[""AF""],""original_width"":4283.0,""original_height"":4865.0}]","","2025-08-06T09:40:40.523515Z"
6001,"1","2025-08-01T12:00:37.968991Z",15013,"https://iiif.irht.cnrs.fr/iiif/ark:/63955/vb67sfo1mefu/full/1200,/0/default.jpg","[{""x"":0,""y"":23.011927710843377,""width"":99.97999999999995,""height"":76.31807228915672,""rotation"":0,""rectanglelabels"":[""AC""],""original_width"":1200,""original_height"":1423},{""x"":0,""y"":0,""width"":100.00000000000003,""height"":22.997991722750374,""rotation"":0,""rectanglelabels"":[""AF""],""original_width"":1200,""original_height"":1423}]",64.355,"2025-08-01T12:00:37.968991Z"
15537,"1","2025-08-06T09:40:40.523515Z",15014,"https://iiif.irht.cnrs.fr/iiif/ark:/63955/vnqp85j2agi0/full/1200,/0/default.jpg","[{""rotation"":0,""x"":0.07000000000000339,""y"":1.1249999999999982,""width"":91.36,""height"":98.55000000000001,""rectanglelabels"":[""AC""],""original_width"":4283.0,""original_height"":4865.0}]","","2025-08-06T09:40:40.523515Z"
15538,"1","2025-08-06T09:40:40.525255Z",15015,"https://iiif.irht.cnrs.fr/iiif/ark:/63955/va6ovtymafxh/full/1200,/0/default.jpg","[{""rotation"":0,""x"":0.004999999999999449,""y"":0.8399999999999963,""width"":99.99,""height"":98.98,""rectanglelabels"":[""AC""],""original_width"":4110.0,""original_height"":4875.0}]","","2025-08-06T09:40:40.525255Z"
15539,"1","2025-08-06T09:40:40.525255Z",15016,"https://iiif.irht.cnrs.fr/iiif/ark:/63955/vnqxbsjq7edy/full/1200,/0/default.jpg","[{""rotation"":0,""x"":0.014999999999998348,""y"":0.7900000000000018,""width"":91.59,""height"":98.54,""rectanglelabels"":[""AC""],""original_width"":4283.0,""original_height"":4865.0}]","","2025-08-06T09:40:40.525255Z"
15540,"1","2025-08-06T09:40:40.525255Z",15017,"https://iiif.irht.cnrs.fr/iiif/ark:/63955/v3m3moe37fee/full/1200,/0/default.jpg","[{""rotation"":0,""x"":0.0,""y"":2.895000000000003,""width"":100.0,""height"":96.57,""rectanglelabels"":[""AI""],""original_width"":4110.0,""original_height"":4875.0}]","","2025-08-06T09:40:40.525255Z"
15541,"1","2025-08-06T09:40:40.525255Z",15018,"https://iiif.irht.cnrs.fr/iiif/ark:/63955/v3972wiiuz5l/full/1200,/0/default.jpg","[{""rotation"":0,""x"":0.045000000000000595,""y"":1.5149999999999997,""width"":87.71,""height"":96.37,""rectanglelabels"":[""AM""],""original_width"":4283.0,""original_height"":4865.0}]","","2025-08-06T09:40:40.525255Z"
6002,"1","2025-08-01T12:01:11.594282Z",15019,"https://iiif.irht.cnrs.fr/iiif/ark:/63955/vwhdg8lumkx8/full/1200,/0/default.jpg","[{""x"":0.00499999999999945,""y"":0.2150000000000013,""width"":99.95,""height"":28.93,""rotation"":0,""rectanglelabels"":[""AF""],""original_width"":1200,""original_height"":1423},{""x"":-3.247402347028583e-15,""y"":28.957891566265065,""width"":100,""height"":70.89,""rotation"":0,""rectanglelabels"":[""AI""],""original_width"":1200,""original_height"":1423}]",17.085,"2025-08-01T12:01:11.594282Z"
15542,"1","2025-08-06T09:40:40.525255Z",15020,"https://iiif.irht.cnrs.fr/iiif/ark:/63955/vnkx2o4h2jlb/full/1200,/0/default.jpg","[{""rotation"":0,""x"":0.040000000000001146,""y"":0.8800000000000002,""width"":96.96000000000001,""height"":38.1,""rectanglelabels"":[""AF""],""original_width"":4283.0,""original_height"":4865.0},{""rotation"":0,""x"":-0.004999999999999449,""y"":38.834999999999994,""width"":95.45,""height"":59.85,""rectanglelabels"":[""AI""],""original_width"":4283.0,""original_height"":4865.0}]","","2025-08-06T09:40:40.525255Z"
15543,"1","2025-08-06T09:40:40.525255Z",15021,"https://iiif.irht.cnrs.fr/iiif/ark:/63955/v3ac9oyv396w/full/1200,/0/default.jpg","[{""rotation"":0,""x"":0.20000000000000018,""y"":0.6850000000000023,""width"":99.8,""height"":99.03,""rectanglelabels"":[""Table""],""original_width"":3956.0,""original_height"":4875.0}]","","2025-08-06T09:40:40.525255Z"
6003,"1","2025-08-01T12:03:08.610238Z",15022,"https://iiif.irht.cnrs.fr/iiif/ark:/63955/vqo89629cn6u/full/1200,/0/default.jpg","[{""x"":0.18500000000000183,""y"":0.8500000000000008,""width"":99.81,""height"":64.72,""rotation"":0,""rectanglelabels"":[""AF""],""original_width"":1200,""original_height"":1423},{""x"":-5.837187047864538e-15,""y"":65.65,""width"":99.88999999999999,""height"":34.35,""rotation"":0,""rectanglelabels"":[""AI""],""original_width"":1200,""original_height"":1423}]",88.538,"2025-08-01T12:03:08.610238Z"
15544,"1","2025-08-06T09:40:40.525255Z",15023,"https://iiif.irht.cnrs.fr/iiif/ark:/63955/v1m2ngo7ewvz/full/1200,/0/default.jpg","[{""rotation"":0,""x"":0.040000000000001146,""y"":0.269999999999998,""width"":87.53999999999999,""height"":98.66,""rectanglelabels"":[""AM""],""original_width"":4283.0,""original_height"":4865.0}]","","2025-08-06T09:40:40.525255Z"
15545,"1","2025-08-06T09:40:40.525255Z",15024,"https://iiif.irht.cnrs.fr/iiif/ark:/63955/vtynyfpi118p/full/1200,/0/default.jpg","[{""rotation"":0,""x"":0.0,""y"":23.989999999999995,""width"":100.0,""height"":75.68,""rectanglelabels"":[""AI""],""original_width"":4110.0,""original_height"":4875.0},{""rotation"":0,""x"":-0.004999999999999449,""y"":0.34,""width"":99.97,""height"":23.86,""rectanglelabels"":[""AF""],""original_width"":4110.0,""original_height"":4875.0}]","","2025-08-06T09:40:40.525255Z"
15546,"1","2025-08-06T09:40:40.525255Z",15025,"https://iiif.irht.cnrs.fr/iiif/ark:/63955/v9iwcr8zx31j/full/1200,/0/default.jpg","[{""rotation"":0,""x"":0.02000000000000335,""y"":27.675000000000004,""width"":90.84,""height"":71.39,""rectanglelabels"":[""AI""],""original_width"":4283.0,""original_height"":4865.0},{""rotation"":0,""x"":0.11499999999999844,""y"":0.63,""width"":99.41,""height"":27.12,""rectanglelabels"":[""AF""],""original_width"":4283.0,""original_height"":4865.0}]","","2025-08-06T09:40:40.525255Z"
15547,"1","2025-08-06T09:40:40.525255Z",15026,"https://iiif.irht.cnrs.fr/iiif/ark:/63955/v5p0tweqsdkq/full/1200,/0/default.jpg","[{""rotation"":0,""x"":0.0,""y"":0.4400000000000015,""width"":100.0,""height"":99.28,""rectanglelabels"":[""AF""],""original_width"":4110.0,""original_height"":4875.0}]","","2025-08-06T09:40:40.525255Z"
15548,"1","2025-08-06T09:40:40.525255Z",15027,"https://iiif.irht.cnrs.fr/iiif/ark:/63955/v0j5q17rax0s/full/1200,/0/default.jpg","[{""rotation"":0,""x"":0.0,""y"":1.9449999999999967,""width"":93.17999999999999,""height"":96.78999999999999,""rectanglelabels"":[""AI""],""original_width"":4283.0,""original_height"":4865.0}]","","2025-08-06T09:40:40.525255Z"
6004,"1","2025-08-01T12:03:45.518730Z",15028,"https://iiif.irht.cnrs.fr/iiif/ark:/63955/vtck2ch5e1b3/full/1200,/0/default.jpg","[{""x"":0.004999999999999467,""y"":0.4849999999999996,""width"":99.97,""height"":41.15289156626506,""rotation"":0,""rectanglelabels"":[""AF""],""original_width"":1200,""original_height"":1423},{""x"":0,""y"":41.605,""width"":100,""height"":58.19,""rotation"":0,""rectanglelabels"":[""AI""],""original_width"":1200,""original_height"":1423}]",6.444,"2025-08-01T12:03:45.518730Z"
6005,"1","2025-08-01T12:03:56.301131Z",15029,"https://iiif.irht.cnrs.fr/iiif/ark:/63955/v15zgvrtgiuz/full/1200,/0/default.jpg","[{""x"":0.10999999999999903,""y"":1.005000000000001,""width"":94.22,""height"":65.37867469879518,""rotation"":0,""rectanglelabels"":[""AF""],""original_width"":1200,""original_height"":1363},{""x"":3.5248020477396426e-15,""y"":66.36192771084336,""width"":91.24999999999997,""height"":33.638072289156604,""rotation"":0,""rectanglelabels"":[""AI""],""original_width"":1200,""original_height"":1363}]",9.715,"2025-08-01T12:03:56.301131Z"
15549,"1","2025-08-06T09:40:40.525255Z",15030,"https://iiif.irht.cnrs.fr/iiif/ark:/63955/vnk0vbasc3mp/full/1200,/0/default.jpg","[{""rotation"":0,""x"":0.0,""y"":0.42999999999999705,""width"":100.0,""height"":99.44,""rectanglelabels"":[""AM""],""original_width"":4110.0,""original_height"":4875.0}]","","2025-08-06T09:40:40.525255Z"
15550,"1","2025-08-06T09:40:40.525255Z",15031,"https://iiif.irht.cnrs.fr/iiif/ark:/63955/vnp14vf66j8b/full/1200,/0/default.jpg","[{""rotation"":0,""x"":0.024999999999997247,""y"":0.4850000000000021,""width"":87.59,""height"":97.59,""rectanglelabels"":[""AM""],""original_width"":4283.0,""original_height"":4865.0}]","","2025-08-06T09:40:40.525255Z"
15551,"1","2025-08-06T09:40:40.525255Z",15032,"https://iiif.irht.cnrs.fr/iiif/ark:/63955/vbzzhwa2uv5m/full/1200,/0/default.jpg","[{""rotation"":0,""x"":0.0,""y"":0.09500000000000064,""width"":100.0,""height"":98.19,""rectanglelabels"":[""Table""],""original_width"":4238.0,""original_height"":4865.0}]","","2025-08-06T09:40:40.525255Z"
15552,"1","2025-08-06T09:40:40.525255Z",15033,"https://iiif.irht.cnrs.fr/iiif/ark:/63955/vjo7ahnscmgw/full/1200,/0/default.jpg","[{""rotation"":0,""x"":0.0,""y"":0.649999999999995,""width"":100.0,""height"":98.96000000000001,""rectanglelabels"":[""AF""],""original_width"":4110.0,""original_height"":4875.0}]","","2025-08-06T09:40:40.525255Z"
15553,"1","2025-08-06T09:40:40.525255Z",15034,"https://iiif.irht.cnrs.fr/iiif/ark:/63955/vmc8x5k0r9nh/full/1200,/0/default.jpg","[{""rotation"":0,""x"":-0.004999999999999449,""y"":1.2249999999999983,""width"":90.69,""height"":96.69,""rectanglelabels"":[""AI""],""original_width"":4283.0,""original_height"":4865.0}]","","2025-08-06T09:40:40.525255Z"
6006,"1","2025-08-01T12:05:45.468321Z",15035,"https://iiif.irht.cnrs.fr/iiif/ark:/63955/vbscrzia7utw/full/1200,/0/default.jpg","[{""x"":0,""y"":0.6950000000000012,""width"":100,""height"":75.42999999999999,""rotation"":0,""rectanglelabels"":[""AF""],""original_width"":1200,""original_height"":1423},{""x"":0,""y"":76.21293800539081,""width"":99.7999999999999,""height"":23.78706199460915,""rotation"":0,""rectanglelabels"":[""AI""],""original_width"":1200,""original_height"":1423}]",5.972,"2025-08-01T12:05:45.468321Z"
15554,"1","2025-08-06T09:40:40.525255Z",15036,"https://iiif.irht.cnrs.fr/iiif/ark:/63955/v14eoxqaenxq/full/1200,/0/default.jpg","[{""rotation"":0,""x"":0.040000000000001146,""y"":1.479999999999998,""width"":91.88,""height"":96.22,""rectanglelabels"":[""AM""],""original_width"":4283.0,""original_height"":4865.0}]","","2025-08-06T09:40:40.525255Z"
6007,"1","2025-08-01T12:05:57.131552Z",15037,"https://iiif.irht.cnrs.fr/iiif/ark:/63955/vvvvfwnpj50c/full/1200,/0/default.jpg","[{""x"":0.04499999999999506,""y"":0.7000000000000004,""width"":99.94999999999996,""height"":50.596334231805926,""rotation"":0,""rectanglelabels"":[""AF""],""original_width"":1200,""original_height"":1423},{""x"":0,""y"":51.037938005390835,""width"":99.99999999999991,""height"":48.89706199460909,""rotation"":0,""rectanglelabels"":[""AI""],""original_width"":1200,""original_height"":1423}]",8.008,"2025-08-01T12:05:57.131552Z"
15555,"1","2025-08-06T09:40:40.525255Z",15038,"https://iiif.irht.cnrs.fr/iiif/ark:/63955/vhrc01jvvgwz/full/1200,/0/default.jpg","[{""rotation"":0,""x"":0.045000000000000595,""y"":39.394999999999996,""width"":91.77,""height"":58.97,""rectanglelabels"":[""AI""],""original_width"":4283.0,""original_height"":4865.0},{""rotation"":0,""x"":0.0,""y"":0.6249999999999978,""width"":99.88,""height"":38.89,""rectanglelabels"":[""AF""],""original_width"":4283.0,""original_height"":4865.0}]","","2025-08-06T09:40:40.525255Z"
6008,"1","2025-08-01T12:06:32.467665Z",15039,"https://iiif.irht.cnrs.fr/iiif/ark:/63955/vulwkwa7t12p/full/1200,/0/default.jpg","[{""x"":13.722511230907456,""y"":0.8649999999999991,""width"":86.19748876909254,""height"":28.865687331536392,""rotation"":0,""rectanglelabels"":[""AF""],""original_width"":1200,""original_height"":1417},{""x"":13.03914195867026,""y"":38.87010781671159,""width"":86.96085804132963,""height"":60.97989218328838,""rotation"":0,""rectanglelabels"":[""AI""],""original_width"":1200,""original_height"":1417},{""x"":12.661947791164655,""y"":30.000000000000004,""width"":87.33805220883534,""height"":8.67469879518073,""rotation"":0,""rectanglelabels"":[""AC""],""original_width"":1200,""original_height"":1417}]",30.989,"2025-08-01T12:06:32.467665Z"
6009,"1","2025-08-01T12:06:58.964358Z",15040,"https://iiif.irht.cnrs.fr/iiif/ark:/63955/vxilk75p8h7z/full/1200,/0/default.jpg","[{""x"":4.12552633732899e-15,""y"":33.61867469879519,""width"":88.27999999999997,""height"":66.3813253012048,""rotation"":0,""rectanglelabels"":[""AI""],""original_width"":1200,""original_height"":1381},{""x"":0.050000000000000065,""y"":2.3007831325301202,""width"":87.7247590361446,""height"":31.144216867469787,""rotation"":0,""rectanglelabels"":[""AF""],""original_width"":1200,""original_height"":1381}]",25.166,"2025-08-01T12:06:58.964358Z"
6010,"1","2025-08-01T12:07:07.406995Z",15041,"https://iiif.irht.cnrs.fr/iiif/ark:/63955/vt81d3wtzvok/full/1200,/0/default.jpg","[{""x"":13.070000000000004,""y"":30.550000000000004,""width"":86.9,""height"":69.26,""rotation"":0,""rectanglelabels"":[""AC""],""original_width"":1200,""original_height"":1417},{""x"":13.373293172690762,""y"":4.37801204819277,""width"":86.52670682730931,""height"":26.216987951807248,""rotation"":0,""rectanglelabels"":[""AF""],""original_width"":1200,""original_height"":1417}]",6.768,"2025-08-01T12:07:07.406995Z"
6011,"1","2025-08-01T12:07:18.306633Z",15042,"https://iiif.irht.cnrs.fr/iiif/ark:/63955/vs9g3ga4jz12/full/1200,/0/default.jpg","[{""x"":0.06999999999999781,""y"":1.419999999999999,""width"":87.91516064257027,""height"":57.05614457831325,""rotation"":0,""rectanglelabels"":[""AC""],""original_width"":1200,""original_height"":1381},{""x"":0.06500000000000394,""y"":58.55433734939759,""width"":88.40148594377509,""height"":38.53566265060237,""rotation"":0,""rectanglelabels"":[""AI""],""original_width"":1200,""original_height"":1381}]",9.784,"2025-08-01T12:07:18.306633Z"
6012,"1","2025-08-01T12:07:23.125847Z",15043,"https://iiif.irht.cnrs.fr/iiif/ark:/63955/v5q8ifolget9/full/1200,/0/default.jpg","",8.626,"2025-08-01T12:07:28.518190Z"
15556,"1","2025-08-06T09:40:40.525255Z",15044,"https://iiif.irht.cnrs.fr/iiif/ark:/63955/vso4a9a2q85j/full/1200,/0/default.jpg","[{""rotation"":0,""x"":0.019999999999997797,""y"":2.4900000000000033,""width"":99.98,""height"":97.02,""rectanglelabels"":[""Table""],""original_width"":3983.0,""original_height"":4893.0}]","","2025-08-06T09:40:40.525255Z"
6013,"1","2025-08-01T12:08:29.300873Z",15045,"https://iiif.irht.cnrs.fr/iiif/ark:/63955/vc8gnttrxipb/full/1200,/0/default.jpg","[{""x"":16.100602409638547,""y"":59.43951807228917,""width"":83.89939759036139,""height"":40.5604819277108,""rotation"":0,""rectanglelabels"":[""AI""],""original_width"":1200,""original_height"":1418},{""x"":15.951164658634543,""y"":4.154999999999999,""width"":84.04883534136542,""height"":55.185180722891566,""rotation"":0,""rectanglelabels"":[""AF""],""original_width"":1200,""original_height"":1418}]",18.791,"2025-08-01T12:08:29.300873Z"
6014,"1","2025-08-01T12:08:41.230119Z",15046,"https://iiif.irht.cnrs.fr/iiif/ark:/63955/v6zixac9ckt7/full/1200,/0/default.jpg","[{""x"":0,""y"":43.645,""width"":91.97999999999999,""height"":54.37,""rotation"":0,""rectanglelabels"":[""AI""],""original_width"":1200,""original_height"":1405},{""x"":0,""y"":4.2398192771084355,""width"":92.14359437751006,""height"":39.285180722891525,""rotation"":0,""rectanglelabels"":[""AF""],""original_width"":1200,""original_height"":1405}]",8.432,"2025-08-01T12:08:41.230119Z"
6015,"1","2025-08-01T12:08:55.852535Z",15047,"https://iiif.irht.cnrs.fr/iiif/ark:/63955/v9muqmbahznp/full/1200,/0/default.jpg","[{""x"":7.439999999999997,""y"":46.48144578313253,""width"":92.55999999999995,""height"":53.23855421686745,""rotation"":0,""rectanglelabels"":[""AI""],""original_width"":1200,""original_height"":1418},{""x"":8.285,""y"":4.115000000000001,""width"":91.71000000000001,""height"":42.372891566265075,""rotation"":0,""rectanglelabels"":[""AF""],""original_width"":1200,""original_height"":1418}]",11.994,"2025-08-01T12:08:55.852535Z"
6016,"1","2025-08-01T12:12:00.407992Z",15048,"https://iiif.irht.cnrs.fr/iiif/ark:/63955/vgaj91grqrxq/full/1200,/0/default.jpg","[{""x"":0,""y"":30.279999999999994,""width"":92.96,""height"":69.72,""rotation"":0,""rectanglelabels"":[""AC""],""original_width"":1200,""original_height"":1405},{""x"":0,""y"":3.700301204819275,""width"":92.38253012048193,""height"":26.62469879518074,""rotation"":0,""rectanglelabels"":[""AF""],""original_width"":1200,""original_height"":1405}]",9.789,"2025-08-01T12:12:00.407992Z"
6017,"1","2025-08-01T12:12:11.056907Z",15049,"https://iiif.irht.cnrs.fr/iiif/ark:/63955/vav1n5d8ylik/full/1200,/0/default.jpg","[{""x"":7.894999999999996,""y"":4.344999999999999,""width"":92.11,""height"":95.55,""rotation"":0,""rectanglelabels"":[""AC""],""original_width"":1200,""original_height"":1418}]",8.452,"2025-08-01T12:12:11.056907Z"
6018,"1","2025-08-01T12:12:26.238597Z",15050,"https://iiif.irht.cnrs.fr/iiif/ark:/63955/vf86qioq6d6g/full/1200,/0/default.jpg","[{""x"":-6.5503158452884236e-15,""y"":71.28096385542166,""width"":91.67720883534136,""height"":27.68,""rotation"":0,""rectanglelabels"":[""AI""],""original_width"":1200,""original_height"":1405},{""x"":0,""y"":3.3050000000000024,""width"":91.58,""height"":68.05,""rotation"":0,""rectanglelabels"":[""AC""],""original_width"":1200,""original_height"":1405}]",13.849,"2025-08-01T12:12:26.238597Z"
6019,"1","2025-08-01T12:12:48.085216Z",15051,"https://iiif.irht.cnrs.fr/iiif/ark:/63955/vxgid79550g1/full/1200,/0/default.jpg","[{""x"":8.079999999999998,""y"":66.605,""width"":91.92,""height"":33.25,""rotation"":0,""rectanglelabels"":[""AI""],""original_width"":1200,""original_height"":1418},{""x"":6.739999999999996,""y"":3.7599999999999967,""width"":93.26,""height"":62.980000000000004,""rotation"":0,""rectanglelabels"":[""AF""],""original_width"":1200,""original_height"":1418}]",18.61,"2025-08-01T12:12:48.085216Z"
6020,"1","2025-08-01T12:13:47.014529Z",15052,"https://iiif.irht.cnrs.fr/iiif/ark:/63955/v136fc40upf2/full/1200,/0/default.jpg","[{""x"":0,""y"":2.015000000000001,""width"":99.90606425702812,""height"":67.5733734939759,""rotation"":0,""rectanglelabels"":[""AF""],""original_width"":1200,""original_height"":1405},{""x"":0.004999999999999449,""y"":69.39,""width"":99.81,""height"":29.82,""rotation"":0,""rectanglelabels"":[""AI""],""original_width"":1200,""original_height"":1405}]",56.236,"2025-08-01T12:13:47.014529Z"
15557,"1","2025-08-06T09:40:40.525255Z",15053,"https://iiif.irht.cnrs.fr/iiif/ark:/63955/vw6lkwry38vj/full/1200,/0/default.jpg","[{""rotation"":0,""x"":7.020000000000004,""y"":2.6050000000000018,""width"":92.97999999999999,""height"":51.910000000000004,""rectanglelabels"":[""AF""],""original_width"":4201.0,""original_height"":4965.0},{""rotation"":0,""x"":8.000000000000002,""y"":54.699999999999996,""width"":92.0,""height"":44.86,""rectanglelabels"":[""AI""],""original_width"":4201.0,""original_height"":4965.0}]","","2025-08-06T09:40:40.525255Z"
15558,"1","2025-08-06T09:40:40.525255Z",15054,"https://iiif.irht.cnrs.fr/iiif/ark:/63955/vq9rzexzuy1y/full/1200,/0/default.jpg","[{""rotation"":0,""x"":0.0,""y"":32.464999999999996,""width"":93.46,""height"":67.15,""rectanglelabels"":[""AI""],""original_width"":4265.0,""original_height"":4993.0},{""rotation"":0,""x"":0.0,""y"":3.109999999999999,""width"":99.83999999999999,""height"":29.360000000000003,""rectanglelabels"":[""AF""],""original_width"":4265.0,""original_height"":4993.0}]","","2025-08-06T09:40:40.525255Z"
15559,"1","2025-08-06T09:40:40.525255Z",15055,"https://iiif.irht.cnrs.fr/iiif/ark:/63955/vi1z6nz93zon/full/1200,/0/default.jpg","[{""rotation"":0,""x"":0.0,""y"":75.52,""width"":99.36,""height"":21.54,""rectanglelabels"":[""AI""],""original_width"":4256.0,""original_height"":4947.0},{""rotation"":0,""x"":0.0,""y"":1.3499999999999956,""width"":98.6,""height"":74.36,""rectanglelabels"":[""AC""],""original_width"":4256.0,""original_height"":4947.0}]","","2025-08-06T09:40:40.525255Z"
15560,"1","2025-08-06T09:40:40.525255Z",15056,"https://iiif.irht.cnrs.fr/iiif/ark:/63955/v5haah4zx7w4/full/1200,/0/default.jpg","[{""rotation"":0,""x"":3.585000000000005,""y"":3.9349999999999996,""width"":96.37,""height"":22.13,""rectanglelabels"":[""AF""],""original_width"":4201.0,""original_height"":4965.0},{""rotation"":0,""x"":7.795000000000002,""y"":38.28,""width"":92.21000000000001,""height"":61.72,""rectanglelabels"":[""AI""],""original_width"":4201.0,""original_height"":4965.0},{""rotation"":0,""x"":6.119999999999997,""y"":26.029999999999998,""width"":93.88,""height"":12.2,""rectanglelabels"":[""AC""],""original_width"":4201.0,""original_height"":4965.0}]","","2025-08-06T09:40:40.525255Z"
15561,"1","2025-08-06T09:40:40.525255Z",15057,"https://iiif.irht.cnrs.fr/iiif/ark:/63955/vsh0kf4sbojk/full/1200,/0/default.jpg","[{""rotation"":0,""x"":0.0,""y"":29.01,""width"":93.17999999999999,""height"":70.78,""rectanglelabels"":[""AI""],""original_width"":4265.0,""original_height"":4993.0},{""rotation"":0,""x"":0.0,""y"":3.6500000000000004,""width"":100.0,""height"":25.419999999999998,""rectanglelabels"":[""AF""],""original_width"":4265.0,""original_height"":4993.0}]","","2025-08-06T09:40:40.525255Z"
6021,"1","2025-08-01T12:15:40.499963Z",15058,"https://iiif.irht.cnrs.fr/iiif/ark:/63955/vfizcitbksg1/full/1200,/0/default.jpg","[{""x"":7.739999999999997,""y"":4.1000000000000005,""width"":92.25999999999999,""height"":30.06,""rotation"":0,""rectanglelabels"":[""AF""],""original_width"":1200,""original_height"":1418},{""x"":8.139999999999997,""y"":34.230000000000004,""width"":91.86,""height"":65.74,""rotation"":0,""rectanglelabels"":[""AC""],""original_width"":1200,""original_height"":1418}]",10.845,"2025-08-01T12:15:40.499963Z"
15562,"1","2025-08-06T09:40:40.525255Z",15059,"https://iiif.irht.cnrs.fr/iiif/ark:/63955/v2qj7qhfml83/full/1200,/0/default.jpg","[{""rotation"":0,""x"":0.004999999999999449,""y"":3.089999999999998,""width"":99.22999999999999,""height"":75.12,""rectanglelabels"":[""AC""],""original_width"":4265.0,""original_height"":4993.0},{""rotation"":0,""x"":-0.004999999999999449,""y"":78.57000000000001,""width"":99.91,""height"":19.220000000000002,""rectanglelabels"":[""AI""],""original_width"":4265.0,""original_height"":4993.0}]","","2025-08-06T09:40:40.525255Z"
6022,"1","2025-08-01T12:16:01.126522Z",15060,"https://iiif.irht.cnrs.fr/iiif/ark:/63955/vmsjrlvf4fun/full/1200,/0/default.jpg","[{""x"":8.299999999999997,""y"":59.699999999999996,""width"":91.7,""height"":40.06,""rotation"":0,""rectanglelabels"":[""AI""],""original_width"":1200,""original_height"":1418},{""x"":8.69269076305221,""y"":4.727409638554211,""width"":91.30730923694773,""height"":55.20759036144576,""rotation"":0,""rectanglelabels"":[""AF""],""original_width"":1200,""original_height"":1418}]",10.613,"2025-08-01T12:16:01.126522Z"
15563,"1","2025-08-06T09:40:40.525255Z",15061,"https://iiif.irht.cnrs.fr/iiif/ark:/63955/vf768jq1zs4q/full/1200,/0/default.jpg","[{""rotation"":0,""x"":0.0,""y"":74.87,""width"":99.98,""height"":23.04,""rectanglelabels"":[""AI""],""original_width"":4265.0,""original_height"":4993.0},{""rotation"":0,""x"":-0.004999999999999449,""y"":2.8449999999999975,""width"":99.42999999999999,""height"":71.97,""rectanglelabels"":[""AF""],""original_width"":4265.0,""original_height"":4993.0}]","","2025-08-06T09:40:40.525255Z"
15564,"1","2025-08-06T09:40:40.525255Z",15062,"https://iiif.irht.cnrs.fr/iiif/ark:/63955/vcbhtr3fz72s/full/1200,/0/default.jpg","[{""rotation"":0,""x"":7.479999999999998,""y"":3.1150000000000064,""width"":92.52,""height"":96.71,""rectanglelabels"":[""AM""],""original_width"":4201.0,""original_height"":4965.0}]","","2025-08-06T09:40:40.525255Z"
15565,"1","2025-08-06T09:40:40.525255Z",15063,"https://iiif.irht.cnrs.fr/iiif/ark:/63955/vqtdl9i135gb/full/1200,/0/default.jpg","[{""rotation"":0,""x"":-0.004999999999999449,""y"":2.674999999999994,""width"":93.05,""height"":96.95,""rectanglelabels"":[""AM""],""original_width"":4265.0,""original_height"":4993.0}]","","2025-08-06T09:40:40.525255Z"
15566,"1","2025-08-06T09:40:40.525255Z",15064,"https://iiif.irht.cnrs.fr/iiif/ark:/63955/vbpu2quvul76/full/1200,/0/default.jpg","[{""rotation"":0,""x"":6.405000000000005,""y"":3.38,""width"":93.58999999999999,""height"":96.52,""rectanglelabels"":[""AM""],""original_width"":4201.0,""original_height"":4965.0}]","","2025-08-06T09:40:40.525255Z"
15567,"1","2025-08-06T09:40:40.525255Z",15065,"https://iiif.irht.cnrs.fr/iiif/ark:/63955/v21x5hxdkp4e/full/1200,/0/default.jpg","[{""rotation"":0,""x"":0.0,""y"":3.1250000000000053,""width"":93.16,""height"":95.91,""rectanglelabels"":[""AM""],""original_width"":4265.0,""original_height"":4993.0}]","","2025-08-06T09:40:40.525255Z"
6023,"1","2025-08-01T12:17:37.292663Z",15066,"https://iiif.irht.cnrs.fr/iiif/ark:/63955/vplpwyzx2tqq/full/1200,/0/default.jpg","[{""x"":0.5600000000000049,""y"":79.355,""width"":99.44,""height"":19.07,""rotation"":0,""rectanglelabels"":[""AI""],""original_width"":1200,""original_height"":1474},{""x"":0.30999999999999894,""y"":2.639999999999998,""width"":99.63999999999997,""height"":76.54626506024098,""rotation"":0,""rectanglelabels"":[""AF""],""original_width"":1200,""original_height"":1474}]",7.767,"2025-08-01T12:17:37.292663Z"
15568,"1","2025-08-06T09:40:40.525255Z",15067,"https://iiif.irht.cnrs.fr/iiif/ark:/63955/v3pnlrqr823y/full/1200,/0/default.jpg","[{""rotation"":0,""x"":0.0,""y"":3.3900000000000015,""width"":100.0,""height"":39.78,""rectanglelabels"":[""AF""],""original_width"":4201.0,""original_height"":4965.0},{""rotation"":0,""x"":3.4999999999999973,""y"":43.11000000000001,""width"":96.5,""height"":56.48,""rectanglelabels"":[""AC""],""original_width"":4201.0,""original_height"":4965.0}]","","2025-08-06T09:40:40.526258Z"
15569,"1","2025-08-06T09:40:40.526258Z",15068,"https://iiif.irht.cnrs.fr/iiif/ark:/63955/vw6or1jc9qeb/full/1200,/0/default.jpg","[{""rotation"":0,""x"":-0.004999999999999449,""y"":3.8250000000000006,""width"":92.11,""height"":95.78999999999999,""rectanglelabels"":[""AC""],""original_width"":4265.0,""original_height"":4993.0}]","","2025-08-06T09:40:40.526258Z"
15570,"1","2025-08-06T09:40:40.526258Z",15069,"https://iiif.irht.cnrs.fr/iiif/ark:/63955/vokslxcb1qer/full/1200,/0/default.jpg","[{""rotation"":0,""x"":9.699999999999998,""y"":3.5050000000000026,""width"":90.3,""height"":96.13000000000001,""rectanglelabels"":[""AI""],""original_width"":4201.0,""original_height"":4965.0}]","","2025-08-06T09:40:40.526258Z"
6024,"1","2025-08-01T12:19:10.480145Z",15070,"https://iiif.irht.cnrs.fr/iiif/ark:/63955/ve0j4ss7vq41/full/1200,/0/default.jpg","[{""x"":0,""y"":2.955000000000003,""width"":90.12550200803213,""height"":23.609999999999996,""rotation"":0,""rectanglelabels"":[""AF""],""original_width"":1200,""original_height"":1405},{""x"":0,""y"":26.533373493975905,""width"":90.06,""height"":32.39662650602409,""rotation"":0,""rectanglelabels"":[""AC""],""original_width"":1200,""original_height"":1405},{""x"":0.004999999999999465,""y"":58.88000000000001,""width"":90.55975903614457,""height"":37.459999999999994,""rotation"":0,""rectanglelabels"":[""AI""],""original_width"":1200,""original_height"":1405}]",17.082,"2025-08-01T12:19:10.480145Z"
6025,"1","2025-08-01T12:19:29.098466Z",15071,"https://iiif.irht.cnrs.fr/iiif/ark:/63955/vfv3z7cpmnd7/full/1200,/0/default.jpg","[{""x"":5.975000000000002,""y"":53.87,""width"":94.03,""height"":45.78,""rotation"":0,""rectanglelabels"":[""AI""],""original_width"":1200,""original_height"":1418},{""x"":5.979518072289156,""y"":4.000000000000002,""width"":94.02048192771085,""height"":49.739999999999974,""rotation"":0,""rectanglelabels"":[""AF""],""original_width"":1200,""original_height"":1418}]",10.528,"2025-08-01T12:19:29.098466Z"
15571,"1","2025-08-06T09:40:40.526258Z",15072,"https://iiif.irht.cnrs.fr/iiif/ark:/63955/vgz5ta7kpzyq/full/1200,/0/default.jpg","[{""rotation"":0,""x"":0.004999999999999449,""y"":32.980000000000004,""width"":99.09,""height"":67.02,""rectanglelabels"":[""AI""],""original_width"":4265.0,""original_height"":4993.0},{""rotation"":0,""x"":0.0,""y"":2.4400000000000004,""width"":100.0,""height"":30.72,""rectanglelabels"":[""AF""],""original_width"":4265.0,""original_height"":4993.0}]","","2025-08-06T09:40:40.526258Z"
6026,"1","2025-08-01T12:20:05.209124Z",15073,"https://iiif.irht.cnrs.fr/iiif/ark:/63955/vi3iaae1egg9/full/1200,/0/default.jpg","[{""x"":4.523955823293177,""y"":54.75578313253011,""width"":95.47104417670684,""height"":44.77421686746996,""rotation"":0,""rectanglelabels"":[""AI""],""original_width"":1200,""original_height"":1418},{""x"":4.55582329317269,""y"":3.5799999999999965,""width"":95.3841767068274,""height"":51.28096385542167,""rotation"":0,""rectanglelabels"":[""AF""],""original_width"":1200,""original_height"":1418}]",26.082,"2025-08-01T12:20:05.209124Z"
15572,"1","2025-08-06T09:40:40.526258Z",15074,"https://iiif.irht.cnrs.fr/iiif/ark:/63955/vjfhv54jiczi/full/1200,/0/default.jpg","[{""rotation"":0,""x"":0.0,""y"":39.64,""width"":98.83999999999999,""height"":60.36,""rectanglelabels"":[""AI""],""original_width"":4265.0,""original_height"":4993.0},{""rotation"":0,""x"":-0.004999999999999449,""y"":2.2299999999999986,""width"":99.63,""height"":37.480000000000004,""rectanglelabels"":[""AF""],""original_width"":4265.0,""original_height"":4993.0}]","","2025-08-06T09:40:40.526258Z"
6027,"1","2025-08-01T12:21:39.103279Z",15075,"https://iiif.irht.cnrs.fr/iiif/ark:/63955/vhstocjnaa6d/full/1200,/0/default.jpg","[{""x"":12.813253012048193,""y"":4.435602409638554,""width"":87.18674698795171,""height"":24.399397590361414,""rotation"":0,""rectanglelabels"":[""AF""],""original_width"":1200,""original_height"":1418},{""x"":13.194999999999995,""y"":28.745000000000005,""width"":86.81,""height"":71.07,""rotation"":0,""rectanglelabels"":[""AI""],""original_width"":1200,""original_height"":1418}]",11.623,"2025-08-01T12:21:39.103279Z"
15573,"1","2025-08-06T09:40:40.526258Z",15076,"https://iiif.irht.cnrs.fr/iiif/ark:/63955/vsho7i2nyc6e/full/1200,/0/default.jpg","[{""rotation"":0,""x"":0.004999999999999449,""y"":2.534999999999993,""width"":92.49000000000001,""height"":97.03,""rectanglelabels"":[""AM""],""original_width"":4265.0,""original_height"":4993.0}]","","2025-08-06T09:40:40.526258Z"
6028,"1","2025-08-01T12:22:02.437973Z",15077,"https://iiif.irht.cnrs.fr/iiif/ark:/63955/vx0082qg89z9/full/1200,/0/default.jpg","[{""x"":0,""y"":1.6500000000000015,""width"":93.12,""height"":60.8,""rotation"":0,""rectanglelabels"":[""AF""],""original_width"":1200,""original_height"":1395},{""x"":0,""y"":62.48596385542171,""width"":93.09753012048192,""height"":34.76903614457833,""rotation"":0,""rectanglelabels"":[""AI""],""original_width"":1200,""original_height"":1395}]",13.851,"2025-08-01T12:22:02.437973Z"
6029,"1","2025-08-01T12:22:11.009669Z",15078,"https://iiif.irht.cnrs.fr/iiif/ark:/63955/vu2jym2alkse/full/1200,/0/default.jpg","[{""x"":11.919999999999998,""y"":3.6449999999999982,""width"":88.08,""height"":95.55,""rotation"":0,""rectanglelabels"":[""AM""],""original_width"":1200,""original_height"":1418}]",7.399,"2025-08-01T12:22:11.009669Z"
15574,"1","2025-08-06T09:40:40.526258Z",15079,"https://iiif.irht.cnrs.fr/iiif/ark:/63955/vegrx427bg0s/full/1200,/0/default.jpg","[{""rotation"":0,""x"":0.019999999999997797,""y"":61.050000000000004,""width"":96.48,""height"":35.120000000000005,""rectanglelabels"":[""AI""],""original_width"":4319.0,""original_height"":4993.0},{""rotation"":0,""x"":0.025000000000002798,""y"":2.7249999999999996,""width"":92.67,""height"":58.67,""rectanglelabels"":[""AF""],""original_width"":4319.0,""original_height"":4993.0}]","","2025-08-06T09:40:40.526258Z"
6030,"1","2025-08-01T12:22:30.532550Z",15080,"https://iiif.irht.cnrs.fr/iiif/ark:/63955/v47a7u9j1od4/full/1200,/0/default.jpg","[{""x"":7.490301204819285,""y"":4.983855421686743,""width"":92.48469879518078,""height"":50.11614457831324,""rotation"":0,""rectanglelabels"":[""AF""],""original_width"":1200,""original_height"":1418},{""x"":6.879999999999997,""y"":55.10999999999999,""width"":93.12,""height"":44.7,""rotation"":0,""rectanglelabels"":[""AI""],""original_width"":1200,""original_height"":1418}]",10.484,"2025-08-01T12:22:30.532550Z"
15575,"1","2025-08-06T09:40:40.526258Z",15081,"https://iiif.irht.cnrs.fr/iiif/ark:/63955/v7cqancufq8w/full/1200,/0/default.jpg","[{""rotation"":0,""x"":0.16499999999999848,""y"":2.529999999999993,""width"":88.97,""height"":97.04,""rectanglelabels"":[""AF""],""original_width"":4319.0,""original_height"":4993.0}]","","2025-08-06T09:40:40.526258Z"
15576,"1","2025-08-06T09:40:40.526258Z",15082,"https://iiif.irht.cnrs.fr/iiif/ark:/63955/vi60kdc0e45l/full/1200,/0/default.jpg","[{""rotation"":0,""x"":9.040000000000003,""y"":2.8900000000000037,""width"":90.96,""height"":96.76,""rectanglelabels"":[""AI""],""original_width"":4201.0,""original_height"":4965.0}]","","2025-08-06T09:40:40.526258Z"
15577,"1","2025-08-06T09:40:40.526258Z",15083,"https://iiif.irht.cnrs.fr/iiif/ark:/63955/vfcgovic9mkm/full/1200,/0/default.jpg","[{""rotation"":0,""x"":0.004999999999999449,""y"":2.5700000000000003,""width"":92.03,""height"":96.46000000000001,""rectanglelabels"":[""AM""],""original_width"":4319.0,""original_height"":4993.0}]","","2025-08-06T09:40:40.526258Z"
6031,"1","2025-08-01T12:24:01.696991Z",15084,"https://iiif.irht.cnrs.fr/iiif/ark:/63955/vcu9oppfylx4/full/1200,/0/default.jpg","[{""x"":15.624578313253073,""y"":5.139156626506021,""width"":84.37542168674693,""height"":71.24638554216868,""rotation"":0,""rectanglelabels"":[""AF""],""original_width"":1200,""original_height"":1418}]",9.86,"2025-08-01T12:24:01.696991Z"
6032,"1","2025-08-01T12:24:14.004688Z",15085,"https://iiif.irht.cnrs.fr/iiif/ark:/63955/vmhiyiw2nihz/full/1200,/0/default.jpg","[{""x"":0.3135140562248968,""y"":54.61144578313251,""width"":94.95303212851404,""height"":42.03999999999999,""rotation"":0,""rectanglelabels"":[""AI""],""original_width"":1200,""original_height"":1387},{""x"":0.054999999999999494,""y"":2.144999999999997,""width"":95.43,""height"":52.370000000000005,""rotation"":0,""rectanglelabels"":[""AC""],""original_width"":1200,""original_height"":1387}]",9.577,"2025-08-01T12:24:14.004688Z"
6033,"1","2025-08-01T12:24:34.504134Z",15086,"https://iiif.irht.cnrs.fr/iiif/ark:/63955/vz6vhj533rgy/full/1200,/0/default.jpg","[{""x"":15.458493975903615,""y"":45.35499999999995,""width"":84.5415060240964,""height"":53.96999999999997,""rotation"":0,""rectanglelabels"":[""AI""],""original_width"":1200,""original_height"":1418},{""x"":15.233473895582328,""y"":4.651084337349399,""width"":84.75152610441768,""height"":40.74891566265059,""rotation"":0,""rectanglelabels"":[""AF""],""original_width"":1200,""original_height"":1418}]",18.773,"2025-08-01T12:24:34.504134Z"
6034,"1","2025-08-01T12:24:54.155679Z",15087,"https://iiif.irht.cnrs.fr/iiif/ark:/63955/v04nqjlbgqyy/full/1200,/0/default.jpg","[{""x"":0,""y"":40.25999999999997,""width"":86.71491967871486,""height"":55.53469879518076,""rotation"":0,""rectanglelabels"":[""AC""],""original_width"":1200,""original_height"":1387},{""x"":0.38500000000000184,""y"":4.69801204819277,""width"":85.82355421686745,""height"":35.65698795180718,""rotation"":0,""rectanglelabels"":[""AF""],""original_width"":1200,""original_height"":1387}]",16.824,"2025-08-01T12:24:54.155679Z"
15578,"1","2025-08-06T09:40:40.526258Z",15088,"https://iiif.irht.cnrs.fr/iiif/ark:/63955/v95x8f083nyo/full/1200,/0/default.jpg","[{""rotation"":0,""x"":0.29499999999999527,""y"":2.9000000000000026,""width"":99.67,""height"":72.02,""rectanglelabels"":[""AF""],""original_width"":3983.0,""original_height"":4893.0},{""rotation"":0,""x"":0.08500000000000174,""y"":74.995,""width"":99.79,""height"":24.91,""rectanglelabels"":[""AI""],""original_width"":3983.0,""original_height"":4893.0}]","","2025-08-06T09:40:40.526258Z"
15579,"1","2025-08-06T09:40:40.526258Z",15089,"https://iiif.irht.cnrs.fr/iiif/ark:/63955/v8wg5z4oh4oo/full/1200,/0/default.jpg","[{""rotation"":0,""x"":0.004999999999999449,""y"":3.3649999999999958,""width"":99.91,""height"":96.37,""rectanglelabels"":[""AC""],""original_width"":4247.0,""original_height"":4965.0}]","","2025-08-06T09:40:40.526258Z"
6035,"1","2025-08-01T12:27:35.475822Z",15090,"https://iiif.irht.cnrs.fr/iiif/ark:/63955/vz5749bwp9wt/full/1200,/0/default.jpg","[{""x"":0,""y"":2.62,""width"":98.02,""height"":60.199999999999996,""rotation"":0,""rectanglelabels"":[""AC""],""original_width"":1200,""original_height"":1399},{""x"":0.14546184738956025,""y"":62.709337349397764,""width"":98.00399598393574,""height"":36.730000000000004,""rotation"":0,""rectanglelabels"":[""AI""],""original_width"":1200,""original_height"":1399}]",8.858,"2025-08-01T12:27:35.475822Z"
15580,"1","2025-08-06T09:40:40.526258Z",15091,"https://iiif.irht.cnrs.fr/iiif/ark:/63955/vwmdhyu8wtgt/full/1200,/0/default.jpg","[{""rotation"":0,""x"":0.004999999999999449,""y"":2.0600000000000005,""width"":99.91,""height"":97.52,""rectanglelabels"":[""AF""],""original_width"":4247.0,""original_height"":4965.0}]","","2025-08-06T09:40:40.526258Z"
15581,"1","2025-08-06T09:40:40.528263Z",15092,"https://iiif.irht.cnrs.fr/iiif/ark:/63955/v9mtebbizzh4/full/1200,/0/default.jpg","[{""rotation"":0,""x"":0.004999999999999449,""y"":3.1549999999999967,""width"":93.21000000000001,""height"":94.71000000000001,""rectanglelabels"":[""AI""],""original_width"":4283.0,""original_height"":4993.0}]","","2025-08-06T09:40:40.528263Z"
15582,"1","2025-08-06T09:40:40.528263Z",15093,"https://iiif.irht.cnrs.fr/iiif/ark:/63955/v7meii3rfxn2/full/1200,/0/default.jpg","[{""rotation"":0,""x"":0.5049999999999999,""y"":2.365,""width"":99.39,""height"":38.23,""rectanglelabels"":[""AF""],""original_width"":4247.0,""original_height"":4965.0},{""rotation"":0,""x"":0.10499999999999954,""y"":40.43000000000001,""width"":99.77000000000001,""height"":59.38,""rectanglelabels"":[""AI""],""original_width"":4247.0,""original_height"":4965.0}]","","2025-08-06T09:40:40.528263Z"
6036,"1","2025-08-01T12:30:14.914905Z",15094,"https://iiif.irht.cnrs.fr/iiif/ark:/63955/vb515dyyur8h/full/1200,/0/default.jpg","[{""x"":0.0050000000000050004,""y"":27.880000000000006,""width"":93.08999999999999,""height"":70,""rotation"":0,""rectanglelabels"":[""AI""],""original_width"":1200,""original_height"":1399},{""x"":0.20499999999999977,""y"":2.1549999999999994,""width"":92.56246181491464,""height"":25.53,""rotation"":0,""rectanglelabels"":[""AF""],""original_width"":1200,""original_height"":1399}]",10.674,"2025-08-01T12:30:14.914905Z"
15583,"1","2025-08-06T09:40:40.528263Z",15095,"https://iiif.irht.cnrs.fr/iiif/ark:/63955/vlmsw5swnx39/full/1200,/0/default.jpg","[{""rotation"":0,""x"":0.004999999999999449,""y"":41.355,""width"":99.87,""height"":58.63,""rectanglelabels"":[""AI""],""original_width"":4247.0,""original_height"":4965.0},{""rotation"":0,""x"":0.379999999999997,""y"":1.874999999999999,""width"":99.52,""height"":39.550000000000004,""rectanglelabels"":[""AF""],""original_width"":4247.0,""original_height"":4965.0}]","","2025-08-06T09:40:40.528263Z"
6037,"1","2025-08-01T12:33:03.996232Z",15096,"https://iiif.irht.cnrs.fr/iiif/ark:/63955/vblsfd8d0ao6/full/1200,/0/default.jpg","[{""x"":0.4213855421686748,""y"":33.13530120481927,""width"":97.2,""height"":65.85999999999999,""rotation"":0,""rectanglelabels"":[""AI""],""original_width"":1200,""original_height"":1399},{""x"":0.024999999999997274,""y"":2.901927710843373,""width"":97.6035341365462,""height"":30.218072289156606,""rotation"":0,""rectanglelabels"":[""AF""],""original_width"":1200,""original_height"":1399}]",12.746,"2025-08-01T12:33:03.996232Z"
15584,"1","2025-08-06T09:40:40.528263Z",15097,"https://iiif.irht.cnrs.fr/iiif/ark:/63955/vcukatf22wnp/full/1200,/0/default.jpg","[{""rotation"":0,""x"":0.38499999999999646,""y"":2.9149999999999983,""width"":99.51,""height"":36.93,""rectanglelabels"":[""AF""],""original_width"":4247.0,""original_height"":4965.0},{""rotation"":0,""x"":0.009999999999998899,""y"":39.830000000000005,""width"":99.86,""height"":60.160000000000004,""rectanglelabels"":[""AI""],""original_width"":4247.0,""original_height"":4965.0}]","","2025-08-06T09:40:40.528263Z"
6038,"1","2025-08-01T12:33:28.446070Z",15098,"https://iiif.irht.cnrs.fr/iiif/ark:/63955/vpkuhghekrq5/full/1200,/0/default.jpg","[{""x"":6.635416223616745e-15,""y"":1.099518072289157,""width"":91.93367469879522,""height"":26.839036144578294,""rotation"":0,""rectanglelabels"":[""AF""],""original_width"":1200,""original_height"":1399},{""x"":0,""y"":27.83,""width"":92,""height"":40.48,""rotation"":0,""rectanglelabels"":[""AC""],""original_width"":1200,""original_height"":1399},{""x"":0,""y"":68.28981927710842,""width"":92.25552208835337,""height"":27.965180722891596,""rotation"":0,""rectanglelabels"":[""AI""],""original_width"":1200,""original_height"":1399}]",15.738,"2025-08-01T12:33:28.446070Z"
6039,"1","2025-08-01T12:33:50.599092Z",15099,"https://iiif.irht.cnrs.fr/iiif/ark:/63955/vdundsp6if3j/full/1200,/0/default.jpg","[{""x"":0.14006024096384745,""y"":2.2891566265060237,""width"":90.98951807228917,""height"":79.56734939759038,""rotation"":0,""rectanglelabels"":[""AF""],""original_width"":1200,""original_height"":1395},{""x"":0,""y"":81.80722891566256,""width"":91.039156626506,""height"":18.192771084337426,""rotation"":0,""rectanglelabels"":[""AI""],""original_width"":1200,""original_height"":1395}]",38.364000000000004,"2025-08-01T12:34:31.530696Z"
15585,"1","2025-08-06T09:40:40.528263Z",15100,"https://iiif.irht.cnrs.fr/iiif/ark:/63955/vk5isij37pf1/full/1200,/0/default.jpg","[{""rotation"":0,""x"":0.0,""y"":1.1099999999999999,""width"":99.9,""height"":59.72,""rectanglelabels"":[""AF""],""original_width"":4247.0,""original_height"":4965.0},{""rotation"":0,""x"":0.12499999999999734,""y"":60.484999999999985,""width"":99.77000000000001,""height"":38.99,""rectanglelabels"":[""AI""],""original_width"":4247.0,""original_height"":4965.0}]","","2025-08-06T09:40:40.528263Z"
6040,"1","2025-08-01T12:36:12.209167Z",15101,"https://iiif.irht.cnrs.fr/iiif/ark:/63955/vapuprwlflbz/full/1200,/0/default.jpg","[{""x"":0.004999999999999442,""y"":2.615,""width"":90.10122489959839,""height"":61.97481927710843,""rotation"":0,""rectanglelabels"":[""AF""],""original_width"":1200,""original_height"":1399},{""x"":2.869369177780214e-15,""y"":64.44722891566262,""width"":90.22813253012049,""height"":35.55277108433728,""rotation"":0,""rectanglelabels"":[""AI""],""original_width"":1200,""original_height"":1399}]",96.88,"2025-08-01T12:36:12.209167Z"
6041,"1","2025-08-01T12:36:28.161483Z",15102,"https://iiif.irht.cnrs.fr/iiif/ark:/63955/vgsgx70px692/full/1200,/0/default.jpg","[{""x"":15.411526104417678,""y"":4.810602409638554,""width"":84.36761044176704,""height"":55.5513253012048,""rotation"":0,""rectanglelabels"":[""AF""],""original_width"":1200,""original_height"":1403}]",10.159,"2025-08-01T12:36:32.257988Z"
15586,"1","2025-08-06T09:40:40.528263Z",15103,"https://iiif.irht.cnrs.fr/iiif/ark:/63955/vo1l85sykt8a/full/1200,/0/default.jpg","[{""rotation"":0,""x"":0.050000000000000044,""y"":2.7649999999999952,""width"":95.96000000000001,""height"":65.79,""rectanglelabels"":[""AC""],""original_width"":4283.0,""original_height"":4993.0},{""rotation"":0,""x"":0.0,""y"":68.31,""width"":90.24,""height"":29.299999999999997,""rectanglelabels"":[""AI""],""original_width"":4283.0,""original_height"":4993.0}]","","2025-08-06T09:40:40.528263Z"
15587,"1","2025-08-06T09:40:40.528263Z",15104,"https://iiif.irht.cnrs.fr/iiif/ark:/63955/vox2ljh7uhnn/full/1200,/0/default.jpg","[{""rotation"":0,""x"":0.8050000000000057,""y"":71.15,""width"":99.13,""height"":27.82,""rectanglelabels"":[""AI""],""original_width"":4247.0,""original_height"":4965.0},{""rotation"":0,""x"":0.0,""y"":1.4950000000000019,""width"":99.92,""height"":69.97,""rectanglelabels"":[""AF""],""original_width"":4247.0,""original_height"":4965.0}]","","2025-08-06T09:40:40.528263Z"
6042,"1","2025-08-01T12:38:39.650114Z",15105,"https://iiif.irht.cnrs.fr/iiif/ark:/63955/vykuyar5juul/full/1200,/0/default.jpg","[{""x"":0,""y"":45.33867469879517,""width"":96.81722891566264,""height"":54.66132530120484,""rotation"":0,""rectanglelabels"":[""AI""],""original_width"":1200,""original_height"":1399},{""x"":0.019999999999997766,""y"":3.375,""width"":96.7121485943775,""height"":41.8933734939759,""rotation"":0,""rectanglelabels"":[""AF""],""original_width"":1200,""original_height"":1399}]",11.473,"2025-08-01T12:38:39.650114Z"
15588,"1","2025-08-06T09:40:40.528263Z",15106,"https://iiif.irht.cnrs.fr/iiif/ark:/63955/vf2q71a19lp7/full/1200,/0/default.jpg","[{""rotation"":0,""x"":0.38499999999999646,""y"":1.429999999999998,""width"":99.53,""height"":42.52,""rectanglelabels"":[""AF""],""original_width"":4247.0,""original_height"":4965.0},{""rotation"":0,""x"":0.24000000000000132,""y"":43.96000000000001,""width"":99.68,""height"":55.779999999999994,""rectanglelabels"":[""AC""],""original_width"":4247.0,""original_height"":4965.0}]","","2025-08-06T09:40:40.528263Z"
15589,"1","2025-08-06T09:40:40.528263Z",15107,"https://iiif.irht.cnrs.fr/iiif/ark:/63955/vnbr5ilm59lq/full/1200,/0/default.jpg","[{""rotation"":0,""x"":0.0,""y"":58.85,""width"":94.06,""height"":40.5,""rectanglelabels"":[""AI""],""original_width"":4283.0,""original_height"":4993.0},{""rotation"":0,""x"":0.0,""y"":3.2450000000000037,""width"":96.67999999999999,""height"":55.97,""rectanglelabels"":[""AC""],""original_width"":4283.0,""original_height"":4993.0}]","","2025-08-06T09:40:40.528263Z"
15590,"1","2025-08-06T09:40:40.528263Z",15108,"https://iiif.irht.cnrs.fr/iiif/ark:/63955/v3k0upjpj54m/full/1200,/0/default.jpg","[{""rotation"":0,""x"":0.3699999999999981,""y"":41.12,""width"":99.53999999999999,""height"":58.78,""rectanglelabels"":[""AI""],""original_width"":4247.0,""original_height"":4965.0},{""rotation"":0,""x"":0.0,""y"":1.6499999999999986,""width"":99.9,""height"":39.46,""rectanglelabels"":[""AF""],""original_width"":4247.0,""original_height"":4965.0}]","","2025-08-06T09:40:40.528263Z"
6043,"1","2025-08-01T12:39:34.147256Z",15109,"https://iiif.irht.cnrs.fr/iiif/ark:/63955/vvcn6ewr34ef/full/1200,/0/default.jpg","[{""x"":4.3664313574916307e-16,""y"":32.40253012048192,""width"":94.81983935742971,""height"":67.59746987951804,""rotation"":0,""rectanglelabels"":[""AI""],""original_width"":1200,""original_height"":1399},{""x"":0.03999999999999559,""y"":4.267228915662648,""width"":94.76291164658633,""height"":28.112771084337336,""rotation"":0,""rectanglelabels"":[""AF""],""original_width"":1200,""original_height"":1399}]",13.879,"2025-08-01T12:39:34.147256Z"
15591,"1","2025-08-06T09:40:40.528263Z",15110,"https://iiif.irht.cnrs.fr/iiif/ark:/63955/vfcl6sugr4px/full/1200,/0/default.jpg","[{""rotation"":0,""x"":0.31500000000000417,""y"":1.9349999999999978,""width"":99.69,""height"":69.83,""rectanglelabels"":[""AC""],""original_width"":3983.0,""original_height"":4893.0},{""rotation"":0,""x"":1.7850000000000033,""y"":71.785,""width"":98.21,""height"":28.03,""rectanglelabels"":[""AI""],""original_width"":3983.0,""original_height"":4893.0}]","","2025-08-06T09:40:40.528263Z"
15592,"1","2025-08-06T09:40:40.528263Z",15111,"https://iiif.irht.cnrs.fr/iiif/ark:/63955/vvjxh62qstuc/full/1200,/0/default.jpg","[{""rotation"":0,""x"":-0.004999999999999449,""y"":24.739999999999995,""width"":99.91,""height"":74.8,""rectanglelabels"":[""AC""],""original_width"":4247.0,""original_height"":4965.0},{""rotation"":0,""x"":0.31999999999999806,""y"":0.9199999999999999,""width"":99.58,""height"":23.86,""rectanglelabels"":[""AF""],""original_width"":4247.0,""original_height"":4965.0}]","","2025-08-06T09:40:40.528263Z"
6044,"1","2025-08-01T12:40:19.084631Z",15112,"https://iiif.irht.cnrs.fr/iiif/ark:/63955/vto1delii7dv/full/1200,/0/default.jpg","[{""x"":0.0049999999999994415,""y"":2.535,""width"":85.99536144578315,""height"":60.17048192771085,""rotation"":0,""rectanglelabels"":[""AC""],""original_width"":1200,""original_height"":1399},{""x"":2.6822364053162873e-15,""y"":62.542530120481956,""width"":85.87381526104417,""height"":37.457469879518044,""rotation"":0,""rectanglelabels"":[""AI""],""original_width"":1200,""original_height"":1399}]",14.171,"2025-08-01T12:40:19.084631Z"
15593,"1","2025-08-06T09:40:40.528263Z",15113,"https://iiif.irht.cnrs.fr/iiif/ark:/63955/vvk9sbdwqssa/full/1200,/0/default.jpg","[{""rotation"":0,""x"":0.660000000000005,""y"":37.095000000000006,""width"":99.24,""height"":61.42999999999999,""rectanglelabels"":[""AI""],""original_width"":4247.0,""original_height"":4965.0},{""rotation"":0,""x"":-0.004999999999999449,""y"":3.714999999999999,""width"":99.89,""height"":33.35,""rectanglelabels"":[""AF""],""original_width"":4247.0,""original_height"":4965.0}]","","2025-08-06T09:40:40.528263Z"
6045,"1","2025-08-01T12:41:59.219852Z",15114,"https://iiif.irht.cnrs.fr/iiif/ark:/63955/vpahs19lvlek/full/1200,/0/default.jpg","[{""x"":0.030000000000002268,""y"":25.74999999999997,""width"":86.52582329317269,""height"":70.6542168674699,""rotation"":0,""rectanglelabels"":[""AI""],""original_width"":1200,""original_height"":1399},{""x"":0.2999999999999946,""y"":4.128012048192771,""width"":86.47658634538152,""height"":21.55698795180721,""rotation"":0,""rectanglelabels"":[""AF""],""original_width"":1200,""original_height"":1399}]",24.558,"2025-08-01T12:41:59.219852Z"
15594,"1","2025-08-06T09:40:40.528263Z",15115,"https://iiif.irht.cnrs.fr/iiif/ark:/63955/vnsy9ahgocc8/full/1200,/0/default.jpg","[{""rotation"":0,""x"":0.034999999999996145,""y"":32.94,""width"":99.87,""height"":65.84,""rectanglelabels"":[""AC""],""original_width"":4247.0,""original_height"":4965.0},{""rotation"":0,""x"":0.0,""y"":3.25,""width"":99.86,""height"":29.68,""rectanglelabels"":[""AF""],""original_width"":4247.0,""original_height"":4965.0}]","","2025-08-06T09:40:40.528263Z"
6288,"1","2025-08-04T14:10:56.566685Z",15116,"https://iiif.irht.cnrs.fr/iiif/ark:/63955/vm4kz0artkh3/full/1200,/0/default.jpg","[{""x"":0.08000000000000229,""y"":2.8500000000000023,""width"":97.72,""height"":95.22,""rotation"":0,""rectanglelabels"":[""AC""],""original_width"":1200,""original_height"":1399}]",21.845,"2025-08-04T14:10:56.566685Z"
6046,"1","2025-08-01T12:42:59.431850Z",15117,"https://iiif.irht.cnrs.fr/iiif/ark:/63955/v194bv0wakk2/full/1200,/0/default.jpg","[{""x"":0.35499999999999415,""y"":2.615,""width"":99.59000000000002,""height"":76.69192771084337,""rotation"":0,""rectanglelabels"":[""AC""],""original_width"":1200,""original_height"":1403},{""x"":1.1749999999999927,""y"":79.38499999999999,""width"":98.75,""height"":17.93,""rotation"":0,""rectanglelabels"":[""AI""],""original_width"":1200,""original_height"":1403}]",9.856,"2025-08-01T12:42:59.431850Z"
15595,"1","2025-08-06T09:40:40.528263Z",15118,"https://iiif.irht.cnrs.fr/iiif/ark:/63955/vitdza2cmbyr/full/1200,/0/default.jpg","[{""rotation"":0,""x"":0.0,""y"":1.7449999999999966,""width"":92.84,""height"":68.21000000000001,""rectanglelabels"":[""AF""],""original_width"":4283.0,""original_height"":4993.0},{""rotation"":0,""x"":0.019999999999997797,""y"":69.94,""width"":99.98,""height"":27.16,""rectanglelabels"":[""AI""],""original_width"":4283.0,""original_height"":4993.0}]","","2025-08-06T09:40:40.528263Z"
6047,"1","2025-08-01T12:43:19.974439Z",15119,"https://iiif.irht.cnrs.fr/iiif/ark:/63955/vvyr6qlq7psh/full/1200,/0/default.jpg","[{""x"":17.41620481927711,""y"":4.625120481927699,""width"":82.58379518072289,""height"":76.60807228915668,""rotation"":0,""rectanglelabels"":[""AF""],""original_width"":1200,""original_height"":1403}]",10.823,"2025-08-01T12:43:19.974439Z"
15596,"1","2025-08-06T09:40:40.528263Z",15120,"https://iiif.irht.cnrs.fr/iiif/ark:/63955/vt3cu0nelpxf/full/1200,/0/default.jpg","[{""rotation"":0,""x"":0.014999999999998348,""y"":2.650000000000002,""width"":95.93,""height"":60.099999999999994,""rectanglelabels"":[""AC""],""original_width"":4283.0,""original_height"":4993.0},{""rotation"":0,""x"":0.0,""y"":62.635,""width"":100.0,""height"":33.97,""rectanglelabels"":[""AI""],""original_width"":4283.0,""original_height"":4993.0}]","","2025-08-06T09:40:40.528263Z"
15597,"1","2025-08-06T09:40:40.528263Z",15121,"https://iiif.irht.cnrs.fr/iiif/ark:/63955/v1yc17gp5530/full/1200,/0/default.jpg","[{""rotation"":0,""x"":0.0,""y"":1.3450000000000017,""width"":99.48,""height"":54.13,""rectanglelabels"":[""AF""],""original_width"":4256.0,""original_height"":4947.0},{""rotation"":0,""x"":0.004999999999999449,""y"":55.364999999999995,""width"":99.33,""height"":41.77,""rectanglelabels"":[""AI""],""original_width"":4256.0,""original_height"":4947.0}]","","2025-08-06T09:40:40.528263Z"
15598,"1","2025-08-06T09:40:40.528263Z",15122,"https://iiif.irht.cnrs.fr/iiif/ark:/63955/v3xq59dg84c6/full/1200,/0/default.jpg","[{""rotation"":0,""x"":0.4200000000000037,""y"":41.589999999999996,""width"":99.48,""height"":57.379999999999995,""rectanglelabels"":[""AI""],""original_width"":4247.0,""original_height"":4965.0},{""rotation"":0,""x"":0.759999999999994,""y"":1.7699999999999994,""width"":99.16,""height"":39.78,""rectanglelabels"":[""AF""],""original_width"":4247.0,""original_height"":4965.0}]","","2025-08-06T09:40:40.528263Z"
15599,"1","2025-08-06T09:40:40.528263Z",15123,"https://iiif.irht.cnrs.fr/iiif/ark:/63955/vwiwh9461l05/full/1200,/0/default.jpg","[{""rotation"":0,""x"":0.039999999999995595,""y"":1.2550000000000006,""width"":99.96000000000001,""height"":33.489999999999995,""rectanglelabels"":[""AF""],""original_width"":4283.0,""original_height"":4993.0},{""rotation"":0,""x"":0.0,""y"":34.760000000000005,""width"":97.42,""height"":62.7,""rectanglelabels"":[""AI""],""original_width"":4283.0,""original_height"":4993.0}]","","2025-08-06T09:40:40.528263Z"
15600,"1","2025-08-06T09:40:40.528263Z",15124,"https://iiif.irht.cnrs.fr/iiif/ark:/63955/vyu6l9rb67e3/full/1200,/0/default.jpg","[{""rotation"":0,""x"":0.040000000000001146,""y"":2.300000000000002,""width"":99.82,""height"":28.299999999999997,""rectanglelabels"":[""AF""],""original_width"":4247.0,""original_height"":4965.0},{""rotation"":0,""x"":-0.004999999999999449,""y"":30.720000000000002,""width"":99.91,""height"":68.72,""rectanglelabels"":[""AC""],""original_width"":4247.0,""original_height"":4965.0}]","","2025-08-06T09:40:40.528263Z"
6048,"1","2025-08-01T12:43:51.650684Z",15125,"https://iiif.irht.cnrs.fr/iiif/ark:/63955/vxjda0lecrbu/full/1200,/0/default.jpg","[{""x"":-0.004999999999999449,""y"":1.3249999999999984,""width"":98.42999999999999,""height"":74.57000000000001,""rotation"":0,""rectanglelabels"":[""AC""],""original_width"":1200,""original_height"":1399},{""x"":0.010000000000002562,""y"":75.89385542168677,""width"":99.99,""height"":21.62,""rotation"":0,""rectanglelabels"":[""AI""],""original_width"":1200,""original_height"":1399}]",9.153,"2025-08-01T12:43:51.650684Z"
15601,"1","2025-08-06T09:40:40.528263Z",15126,"https://iiif.irht.cnrs.fr/iiif/ark:/63955/vos4sz5e0bcv/full/1200,/0/default.jpg","[{""rotation"":0,""x"":-0.004999999999999449,""y"":1.9449999999999967,""width"":99.92999999999999,""height"":97.77,""rectanglelabels"":[""AF""],""original_width"":4247.0,""original_height"":4965.0}]","","2025-08-06T09:40:40.528263Z"
15602,"1","2025-08-06T09:40:40.528263Z",15127,"https://iiif.irht.cnrs.fr/iiif/ark:/63955/vhy499agndd7/full/1200,/0/default.jpg","[{""rotation"":0,""x"":-0.0050000000000050004,""y"":2.8300000000000045,""width"":91.89,""height"":95.28,""rectanglelabels"":[""AI""],""original_width"":4283.0,""original_height"":4993.0}]","","2025-08-06T09:40:40.528263Z"
15603,"1","2025-08-06T09:40:40.528263Z",15128,"https://iiif.irht.cnrs.fr/iiif/ark:/63955/vqo7c3k4ees7/full/1200,/0/default.jpg","[{""rotation"":0,""x"":0.004999999999999449,""y"":2.6249999999999996,""width"":99.91,""height"":96.77,""rectanglelabels"":[""AM""],""original_width"":4247.0,""original_height"":4965.0}]","","2025-08-06T09:40:40.528263Z"
15604,"1","2025-08-06T09:40:40.528263Z",15129,"https://iiif.irht.cnrs.fr/iiif/ark:/63955/vjl6oz70c2hb/full/1200,/0/default.jpg","[{""rotation"":0,""x"":-0.004999999999999449,""y"":2.5749999999999993,""width"":91.61,""height"":96.23,""rectanglelabels"":[""AM""],""original_width"":4283.0,""original_height"":4993.0}]","","2025-08-06T09:40:40.528263Z"
15605,"1","2025-08-06T09:40:40.528263Z",15130,"https://iiif.irht.cnrs.fr/iiif/ark:/63955/v6rkg78ulfl9/full/1200,/0/default.jpg","[{""rotation"":0,""x"":0.0,""y"":3.140000000000004,""width"":99.94,""height"":96.06,""rectanglelabels"":[""AF""],""original_width"":4247.0,""original_height"":4965.0}]","","2025-08-06T09:40:40.528263Z"
15606,"1","2025-08-06T09:40:40.528263Z",15131,"https://iiif.irht.cnrs.fr/iiif/ark:/63955/vmxc61rluy4g/full/1200,/0/default.jpg","[{""rotation"":0,""x"":0.08499999999999619,""y"":72.005,""width"":99.91,""height"":25.77,""rectanglelabels"":[""AI""],""original_width"":4283.0,""original_height"":4993.0},{""rotation"":0,""x"":-0.004999999999999449,""y"":2.034999999999998,""width"":96.47,""height"":70.17,""rectanglelabels"":[""AC""],""original_width"":4283.0,""original_height"":4993.0}]","","2025-08-06T09:40:40.528263Z"
15607,"1","2025-08-06T09:40:40.528263Z",15132,"https://iiif.irht.cnrs.fr/iiif/ark:/63955/vshshnbxruc3/full/1200,/0/default.jpg","[{""rotation"":0,""x"":0.4200000000000037,""y"":2.67,""width"":99.53999999999999,""height"":97.24000000000001,""rectanglelabels"":[""AM""],""original_width"":3983.0,""original_height"":4893.0}]","","2025-08-06T09:40:40.528263Z"
15608,"1","2025-08-06T09:40:40.528263Z",15133,"https://iiif.irht.cnrs.fr/iiif/ark:/63955/v4tgctseb3k2/full/1200,/0/default.jpg","[{""rotation"":0,""x"":0.0,""y"":2.7749999999999995,""width"":99.92,""height"":70.93,""rectanglelabels"":[""AF""],""original_width"":4247.0,""original_height"":4965.0},{""rotation"":0,""x"":0.6000000000000061,""y"":73.535,""width"":99.33999999999999,""height"":23.71,""rectanglelabels"":[""AI""],""original_width"":4247.0,""original_height"":4965.0}]","","2025-08-06T09:40:40.528263Z"
15609,"1","2025-08-06T09:40:40.528263Z",15134,"https://iiif.irht.cnrs.fr/iiif/ark:/63955/vo1awwvch5zf/full/1200,/0/default.jpg","[{""rotation"":0,""x"":-0.0050000000000050004,""y"":2.4650000000000007,""width"":91.99000000000001,""height"":96.05,""rectanglelabels"":[""AM""],""original_width"":4283.0,""original_height"":4993.0}]","","2025-08-06T09:40:40.528263Z"
15610,"1","2025-08-06T09:40:40.528263Z",15135,"https://iiif.irht.cnrs.fr/iiif/ark:/63955/vi5h9rc7wscq/full/1200,/0/default.jpg","[{""rotation"":0,""x"":0.0,""y"":2.684999999999993,""width"":100.0,""height"":96.53,""rectanglelabels"":[""AM""],""original_width"":4310.0,""original_height"":4965.0}]","","2025-08-06T09:40:40.528263Z"
15611,"1","2025-08-06T09:40:40.528263Z",15136,"https://iiif.irht.cnrs.fr/iiif/ark:/63955/v8ok12w5nyto/full/1200,/0/default.jpg","[{""rotation"":0,""x"":0.17499999999999738,""y"":0.6500000000000006,""width"":91.31,""height"":98.9,""rectanglelabels"":[""AF""],""original_width"":4210.0,""original_height"":4956.0}]","","2025-08-06T09:40:40.528263Z"
15612,"1","2025-08-06T09:40:40.528263Z",15137,"https://iiif.irht.cnrs.fr/iiif/ark:/63955/v8ql42391ir7/full/1200,/0/default.jpg","[{""rotation"":0,""x"":0.004999999999999449,""y"":3.3999999999999977,""width"":99.97,""height"":96.1,""rectanglelabels"":[""AC""],""original_width"":4310.0,""original_height"":4965.0}]","","2025-08-06T09:40:40.528263Z"
15613,"1","2025-08-06T09:40:40.528263Z",15138,"https://iiif.irht.cnrs.fr/iiif/ark:/63955/v01zc8w4lnd9/full/1200,/0/default.jpg","[{""rotation"":0,""x"":0.3100000000000047,""y"":3.4299999999999997,""width"":91.88,""height"":96.2,""rectanglelabels"":[""AI""],""original_width"":4210.0,""original_height"":4956.0}]","","2025-08-06T09:40:40.528263Z"
15614,"1","2025-08-06T09:40:40.528263Z",15139,"https://iiif.irht.cnrs.fr/iiif/ark:/63955/v7ec3j02dpb4/full/1200,/0/default.jpg","[{""rotation"":0,""x"":0.0,""y"":32.23,""width"":100.0,""height"":66.88,""rectanglelabels"":[""AC""],""original_width"":4310.0,""original_height"":4965.0},{""rotation"":0,""x"":0.11999999999999789,""y"":3.7500000000000004,""width"":99.82,""height"":28.64,""rectanglelabels"":[""AF""],""original_width"":4310.0,""original_height"":4965.0}]","","2025-08-06T09:40:40.528263Z"
6049,"1","2025-08-01T12:49:48.295203Z",15140,"https://iiif.irht.cnrs.fr/iiif/ark:/63955/vaf7dp9whhwi/full/1200,/0/default.jpg","[{""x"":0.11499999999999844,""y"":3.2549999999999994,""width"":87.35000000000001,""height"":49.33,""rotation"":0,""rectanglelabels"":[""AC""],""original_width"":1200,""original_height"":1413},{""x"":0.42873493975903576,""y"":52.69030120481927,""width"":87.31981927710845,""height"":45.50759036144576,""rotation"":0,""rectanglelabels"":[""AI""],""original_width"":1200,""original_height"":1413}]",9.988,"2025-08-01T12:49:48.295203Z"
15615,"1","2025-08-06T09:40:40.528263Z",15141,"https://iiif.irht.cnrs.fr/iiif/ark:/63955/vg8rddd0qm85/full/1200,/0/default.jpg","[{""rotation"":0,""x"":-0.004999999999999449,""y"":48.73,""width"":99.97,""height"":48.76,""rectanglelabels"":[""AI""],""original_width"":4310.0,""original_height"":4965.0},{""rotation"":0,""x"":0.3650000000000042,""y"":3.459999999999999,""width"":99.63,""height"":45.22,""rectanglelabels"":[""AF""],""original_width"":4310.0,""original_height"":4965.0}]","","2025-08-06T09:40:40.528263Z"
6050,"1","2025-08-01T12:50:23.851619Z",15142,"https://iiif.irht.cnrs.fr/iiif/ark:/63955/vzcpze3pq7z6/full/1200,/0/default.jpg","[{""x"":0.20000000000000023,""y"":21.818192771084323,""width"":87.44716867469876,""height"":78.0518072289156,""rotation"":0,""rectanglelabels"":[""AI""],""original_width"":1200,""original_height"":1413},{""x"":0.4256024096385542,""y"":3.493975903614458,""width"":86.96475903614459,""height"":18.433734939759034,""rotation"":0,""rectanglelabels"":[""AF""],""original_width"":1200,""original_height"":1413}]",17.268,"2025-08-01T12:50:23.851619Z"
15616,"1","2025-08-06T09:40:40.528263Z",15143,"https://iiif.irht.cnrs.fr/iiif/ark:/63955/vgjwazoepmgn/full/1200,/0/default.jpg","[{""rotation"":0,""x"":0.004999999999999449,""y"":30.79,""width"":97.41,""height"":66.82000000000001,""rectanglelabels"":[""AC""],""original_width"":4256.0,""original_height"":4947.0},{""rotation"":0,""x"":0.09499999999999509,""y"":0.7500000000000007,""width"":99.85000000000001,""height"":30.099999999999998,""rectanglelabels"":[""AF""],""original_width"":4256.0,""original_height"":4947.0}]","","2025-08-06T09:40:40.528263Z"
15617,"1","2025-08-06T09:40:40.528263Z",15144,"https://iiif.irht.cnrs.fr/iiif/ark:/63955/vfcvo9d55wme/full/1200,/0/default.jpg","[{""rotation"":0,""x"":0.004999999999999449,""y"":40.900000000000006,""width"":99.99,""height"":58.3,""rectanglelabels"":[""AI""],""original_width"":4310.0,""original_height"":4965.0},{""rotation"":0,""x"":0.004999999999999449,""y"":2.0800000000000014,""width"":99.92999999999999,""height"":38.82,""rectanglelabels"":[""AF""],""original_width"":4310.0,""original_height"":4965.0}]","","2025-08-06T09:40:40.528263Z"
6051,"1","2025-08-01T12:52:33.204965Z",15145,"https://iiif.irht.cnrs.fr/iiif/ark:/63955/vn0r11in9onm/full/1200,/0/default.jpg","[{""x"":0.050000000000000044,""y"":22.215,""width"":90.88000000000001,""height"":46.45,""rotation"":0,""rectanglelabels"":[""AC""],""original_width"":1200,""original_height"":1413},{""x"":0.1300000000000023,""y"":68.61885542168675,""width"":90.97650602409637,""height"":28.60614457831315,""rotation"":0,""rectanglelabels"":[""AI""],""original_width"":1200,""original_height"":1413},{""x"":0.26499999999999874,""y"":3.006566265060242,""width"":90.58915662650602,""height"":19.398433734939758,""rotation"":0,""rectanglelabels"":[""AF""],""original_width"":1200,""original_height"":1413}]",15.561,"2025-08-01T12:52:33.204965Z"
6052,"1","2025-08-01T12:52:53.660659Z",15146,"https://iiif.irht.cnrs.fr/iiif/ark:/63955/ven1hcrpcx4p/full/1200,/0/default.jpg","[{""x"":11.377911646586346,""y"":65.21596385542156,""width"":88.62208835341359,""height"":32.16999999999999,""rotation"":0,""rectanglelabels"":[""AI""],""original_width"":1200,""original_height"":1382},{""x"":11.000000000000004,""y"":2.579999999999999,""width"":89,""height"":62.7,""rotation"":0,""rectanglelabels"":[""AF""],""original_width"":1200,""original_height"":1382}]",12.252,"2025-08-01T12:52:53.660659Z"
15618,"1","2025-08-06T09:40:40.528263Z",15147,"https://iiif.irht.cnrs.fr/iiif/ark:/63955/vtty6z32mhqm/full/1200,/0/default.jpg","[{""rotation"":0,""x"":0.7500000000000007,""y"":0.22000000000000353,""width"":91.42,""height"":99.33999999999999,""rectanglelabels"":[""AM""],""original_width"":4210.0,""original_height"":4956.0}]","","2025-08-06T09:40:40.528263Z"
6053,"1","2025-08-01T12:53:08.051185Z",15148,"https://iiif.irht.cnrs.fr/iiif/ark:/63955/v9rosfyg3kur/full/1200,/0/default.jpg","[{""x"":15.290000000000003,""y"":27.13,""width"":84.68,""height"":71.8,""rotation"":0,""rectanglelabels"":[""AI""],""original_width"":1200,""original_height"":1382},{""x"":14.846787148594377,""y"":4.944457831325302,""width"":85.15321285140553,""height"":22.24554216867468,""rotation"":0,""rectanglelabels"":[""AF""],""original_width"":1200,""original_height"":1382}]",9.251,"2025-08-01T12:53:08.051185Z"
6054,"1","2025-08-01T12:53:23.718303Z",15149,"https://iiif.irht.cnrs.fr/iiif/ark:/63955/vlc4c1g96530/full/1200,/0/default.jpg","[{""x"":0.12000000000000476,""y"":41.811927710843364,""width"":93.90000000000002,""height"":58.18807228915664,""rotation"":0,""rectanglelabels"":[""AI""],""original_width"":1200,""original_height"":1413},{""x"":0.3850000000000019,""y"":2.805120481927708,""width"":93.60144578313253,""height"":38.87987951807227,""rotation"":0,""rectanglelabels"":[""AF""],""original_width"":1200,""original_height"":1413}]",17.214,"2025-08-01T12:54:05.617962Z"
6055,"1","2025-08-01T12:53:55.064188Z",15150,"https://iiif.irht.cnrs.fr/iiif/ark:/63955/v39z6cmo38yv/full/1200,/0/default.jpg","[{""x"":16.511847389558234,""y"":4.88771084337349,""width"":83.46815261044179,""height"":60.432289156626474,""rotation"":0,""rectanglelabels"":[""AF""],""original_width"":1200,""original_height"":1382},{""x"":15.818072289156623,""y"":65.33644578313243,""width"":84.18192771084337,""height"":32.789999999999985,""rotation"":0,""rectanglelabels"":[""AI""],""original_width"":1200,""original_height"":1382}]",23.758,"2025-08-01T12:53:55.064188Z"
15619,"1","2025-08-06T09:40:40.528263Z",15151,"https://iiif.irht.cnrs.fr/iiif/ark:/63955/vxqbv7ff160e/full/1200,/0/default.jpg","[{""rotation"":0,""x"":0.34500000000000086,""y"":0.2899999999999986,""width"":93.19,""height"":34.82,""rectanglelabels"":[""AF""],""original_width"":4210.0,""original_height"":4956.0},{""rotation"":0,""x"":0.15000000000000013,""y"":35.075,""width"":90.64,""height"":64.31,""rectanglelabels"":[""AC""],""original_width"":4210.0,""original_height"":4956.0}]","","2025-08-06T09:40:40.528263Z"
15620,"1","2025-08-06T09:40:40.528263Z",15152,"https://iiif.irht.cnrs.fr/iiif/ark:/63955/vadgrnmwqnzz/full/1200,/0/default.jpg","[{""rotation"":0,""x"":0.0,""y"":2.3249999999999993,""width"":99.94,""height"":59.29,""rectanglelabels"":[""AC""],""original_width"":4310.0,""original_height"":4965.0},{""rotation"":0,""x"":0.6599999999999995,""y"":61.29,""width"":99.33999999999999,""height"":36.34,""rectanglelabels"":[""AI""],""original_width"":4310.0,""original_height"":4965.0}]","","2025-08-06T09:40:40.528263Z"
15621,"1","2025-08-06T09:40:40.528263Z",15153,"https://iiif.irht.cnrs.fr/iiif/ark:/63955/vm6c9vgitbfj/full/1200,/0/default.jpg","[{""rotation"":0,""x"":0.22500000000000298,""y"":0.9950000000000014,""width"":90.57,""height"":54.33,""rectanglelabels"":[""AF""],""original_width"":4210.0,""original_height"":4956.0},{""rotation"":0,""x"":0.2899999999999958,""y"":55.35,""width"":92.5,""height"":44.2,""rectanglelabels"":[""AI""],""original_width"":4210.0,""original_height"":4956.0}]","","2025-08-06T09:40:40.528263Z"
6056,"1","2025-08-01T12:54:36.302825Z",15154,"https://iiif.irht.cnrs.fr/iiif/ark:/63955/v4itv2glhc1w/full/1200,/0/default.jpg","",4.846,"2025-08-01T12:54:36.302825Z"
15622,"1","2025-08-06T09:40:40.528263Z",15155,"https://iiif.irht.cnrs.fr/iiif/ark:/63955/vyiuf70kb0cs/full/1200,/0/default.jpg","[{""rotation"":0,""x"":0.44500000000000095,""y"":64.27499999999999,""width"":99.53,""height"":35.65,""rectanglelabels"":[""AI""],""original_width"":3983.0,""original_height"":4893.0},{""rotation"":0,""x"":1.1200000000000043,""y"":0.8199999999999985,""width"":98.88,""height"":63.6,""rectanglelabels"":[""AF""],""original_width"":3983.0,""original_height"":4893.0}]","","2025-08-06T09:40:40.528263Z"
6057,"1","2025-08-01T12:54:53.974938Z",15156,"https://iiif.irht.cnrs.fr/iiif/ark:/63955/vnar2ps8q7j4/full/1200,/0/default.jpg","[{""x"":10.981646586345336,""y"":4.891265060240967,""width"":89.01835341365467,""height"":59.602048192771065,""rotation"":0,""rectanglelabels"":[""AF""],""original_width"":1200,""original_height"":1382}]",9.776,"2025-08-01T12:54:53.974938Z"
15623,"1","2025-08-06T09:40:40.530268Z",15157,"https://iiif.irht.cnrs.fr/iiif/ark:/63955/vnara6hx6hkd/full/1200,/0/default.jpg","[{""rotation"":0,""x"":0.8799999999999975,""y"":62.18999999999999,""width"":87.4,""height"":37.580000000000005,""rectanglelabels"":[""AI""],""original_width"":4210.0,""original_height"":4956.0},{""rotation"":0,""x"":1.6000000000000014,""y"":0.7050000000000001,""width"":87.42,""height"":61.69,""rectanglelabels"":[""AC""],""original_width"":4210.0,""original_height"":4956.0}]","","2025-08-06T09:40:40.530268Z"
15624,"1","2025-08-06T09:40:40.530268Z",15158,"https://iiif.irht.cnrs.fr/iiif/ark:/63955/vut9ab3lqn90/full/1200,/0/default.jpg","[{""rotation"":0,""x"":0.0,""y"":3.1,""width"":100.0,""height"":44.12,""rectanglelabels"":[""AF""],""original_width"":4310.0,""original_height"":4965.0},{""rotation"":0,""x"":0.0,""y"":47.144999999999996,""width"":99.96000000000001,""height"":50.74999999999999,""rectanglelabels"":[""AI""],""original_width"":4310.0,""original_height"":4965.0}]","","2025-08-06T09:40:40.530268Z"
15625,"1","2025-08-06T09:40:40.530268Z",15159,"https://iiif.irht.cnrs.fr/iiif/ark:/63955/vebq7khe3l1e/full/1200,/0/default.jpg","[{""rotation"":0,""x"":0.2500000000000002,""y"":1.3300000000000005,""width"":92.36,""height"":42.6,""rectanglelabels"":[""AF""],""original_width"":4210.0,""original_height"":4956.0},{""rotation"":0,""x"":0.32500000000000306,""y"":43.980000000000004,""width"":91.55,""height"":54.96,""rectanglelabels"":[""AI""],""original_width"":4210.0,""original_height"":4956.0}]","","2025-08-06T09:40:40.530268Z"
6058,"1","2025-08-01T12:56:51.098479Z",15160,"https://iiif.irht.cnrs.fr/iiif/ark:/63955/vdblu8scs66l/full/1200,/0/default.jpg","[{""x"":15.129297188755016,""y"":54.385000000000005,""width"":84.84570281124498,""height"":42.729036144578345,""rotation"":0,""rectanglelabels"":[""AI""],""original_width"":1200,""original_height"":1382},{""x"":14.830522088353412,""y"":4.633192771084336,""width"":85.16947791164657,""height"":49.76180722891567,""rotation"":0,""rectanglelabels"":[""AF""],""original_width"":1200,""original_height"":1382}]",14.264,"2025-08-01T12:56:51.098479Z"
15626,"1","2025-08-06T09:40:40.530268Z",15161,"https://iiif.irht.cnrs.fr/iiif/ark:/63955/vfgxi2n5bojn/full/1200,/0/default.jpg","[{""rotation"":0,""x"":1.1050000000000004,""y"":0.26499999999999857,""width"":91.43,""height"":52.93,""rectanglelabels"":[""AF""],""original_width"":4210.0,""original_height"":4956.0},{""rotation"":0,""x"":0.7100000000000051,""y"":53.099999999999994,""width"":89.05999999999999,""height"":43.68,""rectanglelabels"":[""AI""],""original_width"":4210.0,""original_height"":4956.0}]","","2025-08-06T09:40:40.530268Z"
15627,"1","2025-08-06T09:40:40.530268Z",15162,"https://iiif.irht.cnrs.fr/iiif/ark:/63955/vfq7x4bj6pwh/full/1200,/0/default.jpg","[{""rotation"":0,""x"":0.0,""y"":2.1600000000000037,""width"":100.0,""height"":48.26,""rectanglelabels"":[""AF""],""original_width"":4310.0,""original_height"":4965.0},{""rotation"":0,""x"":-0.004999999999999449,""y"":50.55,""width"":99.97,""height"":46.98,""rectanglelabels"":[""AI""],""original_width"":4310.0,""original_height"":4965.0}]","","2025-08-06T09:40:40.530268Z"
15628,"1","2025-08-06T09:40:40.530268Z",15163,"https://iiif.irht.cnrs.fr/iiif/ark:/63955/varq34j9a5or/full/1200,/0/default.jpg","[{""rotation"":0,""x"":2.1750000000000047,""y"":0.18500000000000183,""width"":87.55,""height"":98.72999999999999,""rectanglelabels"":[""AM""],""original_width"":4210.0,""original_height"":4956.0}]","","2025-08-06T09:40:40.530268Z"
15629,"1","2025-08-06T09:40:40.530268Z",15164,"https://iiif.irht.cnrs.fr/iiif/ark:/63955/v27uqc6fwtun/full/1200,/0/default.jpg","[{""rotation"":0,""x"":0.0,""y"":3.2849999999999935,""width"":100.0,""height"":96.35000000000001,""rectanglelabels"":[""AM""],""original_width"":4310.0,""original_height"":4965.0}]","","2025-08-06T09:40:40.530268Z"
15630,"1","2025-08-06T09:40:40.530268Z",15165,"https://iiif.irht.cnrs.fr/iiif/ark:/63955/v1sscby28gdz/full/1200,/0/default.jpg","[{""rotation"":0,""x"":1.4950000000000019,""y"":0.2899999999999958,""width"":89.41,""height"":98.34,""rectanglelabels"":[""AM""],""original_width"":4210.0,""original_height"":4956.0}]","","2025-08-06T09:40:40.530268Z"
6059,"1","2025-08-01T12:57:33.110279Z",15166,"https://iiif.irht.cnrs.fr/iiif/ark:/63955/vsug4r8y4cfn/full/1200,/0/default.jpg","[{""x"":6.827871601444713e-15,""y"":3.8310843373493983,""width"":86.63493975903613,""height"":69.64602409638559,""rotation"":0,""rectanglelabels"":[""AF""],""original_width"":1200,""original_height"":1395},{""x"":0,""y"":73.575,""width"":87.51524096385542,""height"":23.329999999999988,""rotation"":0,""rectanglelabels"":[""AI""],""original_width"":1200,""original_height"":1395}]",15.778,"2025-08-01T12:57:33.110279Z"
15631,"1","2025-08-06T09:40:40.530268Z",15167,"https://iiif.irht.cnrs.fr/iiif/ark:/63955/v7g4qpfve6ym/full/1200,/0/default.jpg","[{""rotation"":0,""x"":2.0000000000000018,""y"":65.99999999999999,""width"":98.0,""height"":31.34,""rectanglelabels"":[""AI""],""original_width"":4310.0,""original_height"":4965.0},{""rotation"":0,""x"":0.0,""y"":3.3950000000000036,""width"":99.98,""height"":62.74999999999999,""rectanglelabels"":[""AF""],""original_width"":4310.0,""original_height"":4965.0}]","","2025-08-06T09:40:40.530268Z"
6060,"1","2025-08-01T12:57:55.721677Z",15168,"https://iiif.irht.cnrs.fr/iiif/ark:/63955/v1pz84v2zj3r/full/1200,/0/default.jpg","[{""x"":1.4424698795180744,""y"":62.618795180722906,""width"":85.8496987951807,""height"":37.3812048192771,""rotation"":0,""rectanglelabels"":[""AI""],""original_width"":1200,""original_height"":1413},{""x"":1.2599999999999998,""y"":0.285000000000002,""width"":86.21572289156626,""height"":62.36951807228914,""rotation"":0,""rectanglelabels"":[""AF""],""original_width"":1200,""original_height"":1413}]",16.015,"2025-08-01T12:57:55.721677Z"
6061,"1","2025-08-01T12:59:00.859756Z",15169,"https://iiif.irht.cnrs.fr/iiif/ark:/63955/vbg2aibqvbxc/full/1200,/0/default.jpg","[{""x"":18.058152610441734,""y"":5.751084337349402,""width"":81.94184738955826,""height"":90.29638554216868,""rotation"":0,""rectanglelabels"":[""AF""],""original_width"":1200,""original_height"":1382}]",6.07,"2025-08-01T12:59:00.859756Z"
6062,"1","2025-08-01T12:59:10.180433Z",15170,"https://iiif.irht.cnrs.fr/iiif/ark:/63955/vfo2ukg1j238/full/1200,/0/default.jpg","[{""x"":1.1750000000000038,""y"":2.850000000000008,""width"":90.14999999999999,""height"":96.61999999999999,""rotation"":0,""rectanglelabels"":[""AI""],""original_width"":1200,""original_height"":1413}]",2.59,"2025-08-01T12:59:10.180433Z"
15632,"1","2025-08-06T09:40:40.530268Z",15171,"https://iiif.irht.cnrs.fr/iiif/ark:/63955/v1bcxdbgh2rx/full/1200,/0/default.jpg","[{""rotation"":0,""x"":0.0,""y"":35.55500000000001,""width"":99.98,""height"":63.07000000000001,""rectanglelabels"":[""AI""],""original_width"":4310.0,""original_height"":4965.0},{""rotation"":0,""x"":0.004999999999999449,""y"":3.9599999999999995,""width"":99.97,""height"":31.44,""rectanglelabels"":[""AF""],""original_width"":4310.0,""original_height"":4965.0}]","","2025-08-06T09:40:40.530268Z"
15633,"1","2025-08-06T09:40:40.532273Z",15172,"https://iiif.irht.cnrs.fr/iiif/ark:/63955/v52ggscsqo7f/full/1200,/0/default.jpg","[{""rotation"":0,""x"":1.31,""y"":0.5250000000000032,""width"":86.33999999999999,""height"":50.93,""rectanglelabels"":[""AF""],""original_width"":4210.0,""original_height"":4956.0},{""rotation"":0,""x"":0.5749999999999977,""y"":51.38,""width"":91.71000000000001,""height"":47.36,""rectanglelabels"":[""AI""],""original_width"":4210.0,""original_height"":4956.0}]","","2025-08-06T09:40:40.532273Z"
15634,"1","2025-08-06T09:40:40.532273Z",15173,"https://iiif.irht.cnrs.fr/iiif/ark:/63955/vq1z73ja6rch/full/1200,/0/default.jpg","[{""rotation"":0,""x"":0.5049999999999943,""y"":3.1949999999999976,""width"":99.49,""height"":55.15,""rectanglelabels"":[""AF""],""original_width"":4310.0,""original_height"":4965.0},{""rotation"":0,""x"":-0.0050000000000050004,""y"":58.335,""width"":99.95,""height"":39.09,""rectanglelabels"":[""AI""],""original_width"":4310.0,""original_height"":4965.0}]","","2025-08-06T09:40:40.532273Z"
6063,"1","2025-08-01T12:59:48.447704Z",15174,"https://iiif.irht.cnrs.fr/iiif/ark:/63955/v39vfqciiank/full/1200,/0/default.jpg","[{""x"":0.6599999999999995,""y"":57.345,""width"":93.42,""height"":40.83,""rotation"":0,""rectanglelabels"":[""AI""],""original_width"":1200,""original_height"":1413},{""x"":0.30000000000000027,""y"":0.6649999999999989,""width"":87.64,""height"":56.75,""rotation"":0,""rectanglelabels"":[""AF""],""original_width"":1200,""original_height"":1413}]",12.68,"2025-08-01T12:59:48.447704Z"
15635,"1","2025-08-06T09:40:40.532273Z",15175,"https://iiif.irht.cnrs.fr/iiif/ark:/63955/vq4d2x3r4ji6/full/1200,/0/default.jpg","[{""rotation"":0,""x"":0.0,""y"":31.075000000000003,""width"":99.98,""height"":68.63,""rectanglelabels"":[""AI""],""original_width"":4310.0,""original_height"":4965.0},{""rotation"":0,""x"":0.3950000000000009,""y"":2.8249999999999997,""width"":99.61,""height"":28.189999999999998,""rectanglelabels"":[""AF""],""original_width"":4310.0,""original_height"":4965.0}]","","2025-08-06T09:40:40.532273Z"
6064,"1","2025-08-01T13:00:04.032978Z",15176,"https://iiif.irht.cnrs.fr/iiif/ark:/63955/vjp92zftbwxl/full/1200,/0/default.jpg","[{""x"":0.4199999999999979,""y"":0.13500000000000045,""width"":90.85837349397592,""height"":22.930000000000007,""rotation"":0,""rectanglelabels"":[""AF""],""original_width"":1200,""original_height"":1413},{""x"":0.3500000000000007,""y"":68.56,""width"":91.3887951807229,""height"":27.940000000000005,""rotation"":0,""rectanglelabels"":[""AI""],""original_width"":1200,""original_height"":1413},{""x"":0.17499999999999738,""y"":23.009999999999998,""width"":91.11,""height"":45.660000000000004,""rotation"":0,""rectanglelabels"":[""AC""],""original_width"":1200,""original_height"":1413}]",11.676,"2025-08-01T13:00:04.032978Z"
6065,"1","2025-08-01T13:00:14.814891Z",15177,"https://iiif.irht.cnrs.fr/iiif/ark:/63955/v8qnw5cilzh3/full/1200,/0/default.jpg","[{""x"":0.6349999999999967,""y"":1.0050000000000001,""width"":99.365,""height"":75.9743373493976,""rotation"":0,""rectanglelabels"":[""AF""],""original_width"":1200,""original_height"":1474},{""x"":0.24500000000000632,""y"":76.89999999999999,""width"":99.63,""height"":22.28,""rotation"":0,""rectanglelabels"":[""AI""],""original_width"":1200,""original_height"":1474}]",8.006,"2025-08-01T13:00:14.814891Z"
15636,"1","2025-08-06T09:40:40.532273Z",15178,"https://iiif.irht.cnrs.fr/iiif/ark:/63955/vrcc4uueie5n/full/1200,/0/default.jpg","[{""rotation"":0,""x"":0.0,""y"":2.435000000000004,""width"":100.0,""height"":97.11,""rectanglelabels"":[""AF""],""original_width"":4310.0,""original_height"":4965.0}]","","2025-08-06T09:40:40.532273Z"
15637,"1","2025-08-06T09:40:40.532273Z",15179,"https://iiif.irht.cnrs.fr/iiif/ark:/63955/vs8kwzpfhvy7/full/1200,/0/default.jpg","[{""rotation"":0,""x"":2.6150000000000007,""y"":0.3149999999999986,""width"":88.51,""height"":96.19,""rectanglelabels"":[""AI""],""original_width"":4210.0,""original_height"":4956.0}]","","2025-08-06T09:40:40.532273Z"
15638,"1","2025-08-06T09:40:40.532273Z",15180,"https://iiif.irht.cnrs.fr/iiif/ark:/63955/v406juigr484/full/1200,/0/default.jpg","[{""rotation"":0,""x"":0.29499999999999527,""y"":2.1350000000000007,""width"":99.67,""height"":25.15,""rectanglelabels"":[""AF""],""original_width"":4310.0,""original_height"":4965.0},{""rotation"":0,""x"":0.0,""y"":27.075,""width"":100.0,""height"":71.05,""rectanglelabels"":[""AI""],""original_width"":4310.0,""original_height"":4965.0}]","","2025-08-06T09:40:40.532273Z"
6066,"1","2025-08-01T13:00:34.226133Z",15181,"https://iiif.irht.cnrs.fr/iiif/ark:/63955/vgczaripw5h4/full/1200,/0/default.jpg","[{""x"":2.5799999999999956,""y"":3.4934939759036125,""width"":92.48560240963856,""height"":55.835180722891565,""rotation"":0,""rectanglelabels"":[""AF""],""original_width"":1200,""original_height"":1413}]",5.74,"2025-08-01T13:00:34.226133Z"
6067,"1","2025-08-01T13:00:40.495662Z",15182,"https://iiif.irht.cnrs.fr/iiif/ark:/63955/vqd4ftlbssft/full/1200,/0/default.jpg","",4.868,"2025-08-01T13:00:40.495662Z"
15639,"1","2025-08-06T09:40:40.532273Z",15183,"https://iiif.irht.cnrs.fr/iiif/ark:/63955/vzzniffmnj20/full/1200,/0/default.jpg","[{""rotation"":0,""x"":0.12999999999999678,""y"":0.15499999999999958,""width"":90.8,""height"":98.25,""rectanglelabels"":[""AC""],""original_width"":4210.0,""original_height"":4956.0}]","","2025-08-06T09:40:40.532273Z"
15640,"1","2025-08-06T09:40:40.532273Z",15184,"https://iiif.irht.cnrs.fr/iiif/ark:/63955/vjdr13n7lsyz/full/1200,/0/default.jpg","[{""rotation"":0,""x"":0.004999999999999449,""y"":3.244999999999998,""width"":99.99,""height"":95.55,""rectanglelabels"":[""AC""],""original_width"":4310.0,""original_height"":4965.0}]","","2025-08-06T09:40:40.532273Z"
15641,"1","2025-08-06T09:40:40.532273Z",15185,"https://iiif.irht.cnrs.fr/iiif/ark:/63955/vwesipkb5da4/full/1200,/0/default.jpg","[{""rotation"":0,""x"":0.29000000000000137,""y"":0.30000000000000027,""width"":90.56,""height"":97.06,""rectanglelabels"":[""AC""],""original_width"":4210.0,""original_height"":4956.0}]","","2025-08-06T09:40:40.532273Z"
15642,"1","2025-08-06T09:40:40.532273Z",15186,"https://iiif.irht.cnrs.fr/iiif/ark:/63955/v1skgf80i8kv/full/1200,/0/default.jpg","[{""rotation"":0,""x"":0.0,""y"":1.9900000000000029,""width"":100.0,""height"":97.6,""rectanglelabels"":[""AC""],""original_width"":4310.0,""original_height"":4965.0}]","","2025-08-06T09:40:40.532273Z"
15643,"1","2025-08-06T09:40:40.532273Z",15187,"https://iiif.irht.cnrs.fr/iiif/ark:/63955/vzlyntjgrjd5/full/1200,/0/default.jpg","[{""rotation"":0,""x"":0.39000000000000146,""y"":0.38000000000000256,""width"":91.22,""height"":98.0,""rectanglelabels"":[""AC""],""original_width"":4210.0,""original_height"":4956.0}]","","2025-08-06T09:40:40.532273Z"
15644,"1","2025-08-06T09:40:40.532273Z",15188,"https://iiif.irht.cnrs.fr/iiif/ark:/63955/vuxbuhmuufno/full/1200,/0/default.jpg","[{""rotation"":0,""x"":0.004999999999999449,""y"":1.5449999999999964,""width"":92.51,""height"":96.93,""rectanglelabels"":[""AF""],""original_width"":4256.0,""original_height"":4947.0}]","","2025-08-06T09:40:40.532273Z"
15645,"1","2025-08-06T09:40:40.532273Z",15189,"https://iiif.irht.cnrs.fr/iiif/ark:/63955/vbvuw6zah4ba/full/1200,/0/default.jpg","[{""rotation"":0,""x"":-0.004999999999999449,""y"":60.785,""width"":99.97,""height"":36.49,""rectanglelabels"":[""AI""],""original_width"":4310.0,""original_height"":4965.0},{""rotation"":0,""x"":0.28499999999999637,""y"":3.5150000000000015,""width"":99.71,""height"":57.50999999999999,""rectanglelabels"":[""AC""],""original_width"":4310.0,""original_height"":4965.0}]","","2025-08-06T09:40:40.532273Z"
15646,"1","2025-08-06T09:40:40.532273Z",15190,"https://iiif.irht.cnrs.fr/iiif/ark:/63955/vorqws84c34y/full/1200,/0/default.jpg","[{""rotation"":0,""x"":0.18500000000000183,""y"":0.1250000000000001,""width"":90.51,""height"":48.79,""rectanglelabels"":[""AF""],""original_width"":4210.0,""original_height"":4956.0},{""rotation"":0,""x"":0.16999999999999793,""y"":48.74999999999999,""width"":91.82000000000001,""height"":48.76,""rectanglelabels"":[""AI""],""original_width"":4210.0,""original_height"":4956.0}]","","2025-08-06T09:40:40.532273Z"
6068,"1","2025-08-01T13:07:09.963476Z",15191,"https://iiif.irht.cnrs.fr/iiif/ark:/63955/v2srm8i5lnhh/full/1200,/0/default.jpg","[{""x"":0.010000000000004282,""y"":32.54692771084337,""width"":99.98999999999998,""height"":66.91,""rotation"":0,""rectanglelabels"":[""AI""],""original_width"":1200,""original_height"":1382},{""x"":0.385000000000002,""y"":2.815000000000001,""width"":99.61,""height"":29.549999999999997,""rotation"":0,""rectanglelabels"":[""AF""],""original_width"":1200,""original_height"":1382}]",5.772,"2025-08-01T13:07:09.963476Z"
6069,"1","2025-08-01T13:07:16.087122Z",15192,"https://iiif.irht.cnrs.fr/iiif/ark:/63955/vidohn6lyg9q/full/1200,/0/default.jpg","[{""x"":0.37500000000000333,""y"":41.94,""width"":91.77000000000001,""height"":58.06,""rotation"":0,""rectanglelabels"":[""AI""],""original_width"":1200,""original_height"":1413},{""x"":1.7800000000000038,""y"":0.8950000000000014,""width"":89.25999999999999,""height"":41.05,""rotation"":0,""rectanglelabels"":[""AF""],""original_width"":1200,""original_height"":1413}]",4.712,"2025-08-01T13:07:16.087122Z"
15647,"1","2025-08-06T09:40:40.532273Z",15193,"https://iiif.irht.cnrs.fr/iiif/ark:/63955/v66jfawifuk7/full/1200,/0/default.jpg","[{""rotation"":0,""x"":0.0,""y"":2.389999999999998,""width"":99.98,""height"":97.52,""rectanglelabels"":[""AF""],""original_width"":4310.0,""original_height"":4965.0}]","","2025-08-06T09:40:40.532273Z"
15648,"1","2025-08-06T09:40:40.532273Z",15194,"https://iiif.irht.cnrs.fr/iiif/ark:/63955/vl7g3c2rtj97/full/1200,/0/default.jpg","[{""rotation"":0,""x"":2.2650000000000006,""y"":0.714999999999999,""width"":89.45,""height"":99.15,""rectanglelabels"":[""AI""],""original_width"":4210.0,""original_height"":4956.0}]","","2025-08-06T09:40:40.532273Z"
15649,"1","2025-08-06T09:40:40.532273Z",15195,"https://iiif.irht.cnrs.fr/iiif/ark:/63955/v7qudctumk1s/full/1200,/0/default.jpg","[{""rotation"":0,""x"":0.0,""y"":41.135,""width"":99.92,""height"":56.269999999999996,""rectanglelabels"":[""AI""],""original_width"":4347.0,""original_height"":4965.0},{""rotation"":0,""x"":-0.004999999999999449,""y"":3.4450000000000007,""width"":99.97,""height"":37.81,""rectanglelabels"":[""AF""],""original_width"":4347.0,""original_height"":4965.0}]","","2025-08-06T09:40:40.532273Z"
6070,"1","2025-08-01T13:13:54.114365Z",15196,"https://iiif.irht.cnrs.fr/iiif/ark:/63955/v3g3zzitkqfr/full/1200,/0/default.jpg","[{""x"":0.14000000000000123,""y"":2.3499999999999965,""width"":99.32,""height"":47.660000000000004,""rotation"":0,""rectanglelabels"":[""AF""],""original_width"":1200,""original_height"":1428},{""x"":0.05999999999999894,""y"":49.94,""width"":99.56,""height"":50,""rotation"":0,""rectanglelabels"":[""AI""],""original_width"":1200,""original_height"":1428}]",2.987,"2025-08-01T13:13:54.114365Z"
15650,"1","2025-08-06T09:40:40.532273Z",15197,"https://iiif.irht.cnrs.fr/iiif/ark:/63955/v6j48aysk5zb/full/1200,/0/default.jpg","[{""rotation"":0,""x"":0.7800000000000029,""y"":3.4700000000000006,""width"":99.16,""height"":41.08,""rectanglelabels"":[""AF""],""original_width"":4347.0,""original_height"":4965.0},{""rotation"":0,""x"":0.0,""y"":44.51499999999999,""width"":99.92,""height"":54.010000000000005,""rectanglelabels"":[""AC""],""original_width"":4347.0,""original_height"":4965.0}]","","2025-08-06T09:40:40.532273Z"
15651,"1","2025-08-06T09:40:40.532273Z",15198,"https://iiif.irht.cnrs.fr/iiif/ark:/63955/v0dnt8ae92hq/full/1200,/0/default.jpg","[{""rotation"":0,""x"":0.08999999999999564,""y"":2.3550000000000013,""width"":98.24000000000001,""height"":97.45,""rectanglelabels"":[""AI""],""original_width"":4165.0,""original_height"":4956.0}]","","2025-08-06T09:40:40.532273Z"
15652,"1","2025-08-06T09:40:40.532273Z",15199,"https://iiif.irht.cnrs.fr/iiif/ark:/63955/vvrg4qlg68ow/full/1200,/0/default.jpg","[{""rotation"":0,""x"":0.14500000000000068,""y"":1.6449999999999965,""width"":99.85000000000001,""height"":98.15,""rectanglelabels"":[""AC""],""original_width"":4047.0,""original_height"":4984.0}]","","2025-08-06T09:40:40.532273Z"
15653,"1","2025-08-06T09:40:40.532273Z",15200,"https://iiif.irht.cnrs.fr/iiif/ark:/63955/v5hpobafq1ma/full/1200,/0/default.jpg","[{""rotation"":0,""x"":-0.004999999999999449,""y"":3.4899999999999984,""width"":99.92999999999999,""height"":95.28,""rectanglelabels"":[""AM""],""original_width"":4347.0,""original_height"":4965.0}]","","2025-08-06T09:40:40.532273Z"
15654,"1","2025-08-06T09:40:40.532273Z",15201,"https://iiif.irht.cnrs.fr/iiif/ark:/63955/v5uk4n59mg90/full/1200,/0/default.jpg","[{""rotation"":0,""x"":0.06499999999999839,""y"":2.4599999999999955,""width"":98.19,""height"":97.54,""rectanglelabels"":[""AM""],""original_width"":4165.0,""original_height"":4956.0}]","","2025-08-06T09:40:40.532273Z"
15655,"1","2025-08-06T09:40:40.532273Z",15202,"https://iiif.irht.cnrs.fr/iiif/ark:/63955/v338dhigz9mh/full/1200,/0/default.jpg","[{""rotation"":0,""x"":0.0,""y"":2.915000000000001,""width"":99.92,""height"":95.77,""rectanglelabels"":[""AM""],""original_width"":4347.0,""original_height"":4965.0}]","","2025-08-06T09:40:40.532273Z"
15656,"1","2025-08-06T09:40:40.532273Z",15203,"https://iiif.irht.cnrs.fr/iiif/ark:/63955/vzbs9qjbcuh7/full/1200,/0/default.jpg","[{""rotation"":0,""x"":0.035000000000001696,""y"":1.8799999999999983,""width"":98.63,""height"":98.11999999999999,""rectanglelabels"":[""AM""],""original_width"":4165.0,""original_height"":4956.0}]","","2025-08-06T09:40:40.532273Z"
15657,"1","2025-08-06T09:40:40.532273Z",15204,"https://iiif.irht.cnrs.fr/iiif/ark:/63955/velujuh04i38/full/1200,/0/default.jpg","[{""rotation"":0,""x"":0.004999999999999449,""y"":3.450000000000003,""width"":99.95,""height"":94.67999999999999,""rectanglelabels"":[""AM""],""original_width"":4347.0,""original_height"":4965.0}]","","2025-08-06T09:40:40.532273Z"
15658,"1","2025-08-06T09:40:40.532273Z",15205,"https://iiif.irht.cnrs.fr/iiif/ark:/63955/vrhq9yqjk7iv/full/1200,/0/default.jpg","[{""rotation"":0,""x"":0.050000000000000044,""y"":2.3150000000000004,""width"":99.06,""height"":97.63,""rectanglelabels"":[""AM""],""original_width"":4165.0,""original_height"":4956.0}]","","2025-08-06T09:40:40.532273Z"
15659,"1","2025-08-06T09:40:40.532273Z",15206,"https://iiif.irht.cnrs.fr/iiif/ark:/63955/v0smk3yek6t6/full/1200,/0/default.jpg","[{""rotation"":0,""x"":0.0,""y"":3.215000000000001,""width"":99.92,""height"":95.73,""rectanglelabels"":[""AF""],""original_width"":4347.0,""original_height"":4965.0}]","","2025-08-06T09:40:40.532273Z"
15660,"1","2025-08-06T09:40:40.532273Z",15207,"https://iiif.irht.cnrs.fr/iiif/ark:/63955/v0d0id50hdry/full/1200,/0/default.jpg","[{""rotation"":0,""x"":0.054999999999999494,""y"":2.875,""width"":98.71,""height"":96.85000000000001,""rectanglelabels"":[""AC""],""original_width"":4165.0,""original_height"":4956.0}]","","2025-08-06T09:40:40.532273Z"
15661,"1","2025-08-06T09:40:40.532273Z",15208,"https://iiif.irht.cnrs.fr/iiif/ark:/63955/v41wulh14c2w/full/1200,/0/default.jpg","[{""rotation"":0,""x"":0.0,""y"":3.4749999999999948,""width"":99.92,""height"":95.33,""rectanglelabels"":[""AC""],""original_width"":4347.0,""original_height"":4965.0}]","","2025-08-06T09:40:40.532273Z"
15662,"1","2025-08-06T09:40:40.532273Z",15209,"https://iiif.irht.cnrs.fr/iiif/ark:/63955/vymzx0k3tq46/full/1200,/0/default.jpg","[{""rotation"":0,""x"":0.050000000000000044,""y"":2.17,""width"":98.83999999999999,""height"":97.72,""rectanglelabels"":[""AI""],""original_width"":4165.0,""original_height"":4956.0}]","","2025-08-06T09:40:40.532273Z"
15663,"1","2025-08-06T09:40:40.532273Z",15210,"https://iiif.irht.cnrs.fr/iiif/ark:/63955/vvl184m7mq1j/full/1200,/0/default.jpg","[{""rotation"":0,""x"":0.014999999999998348,""y"":1.1550000000000005,""width"":94.77,""height"":97.49,""rectanglelabels"":[""AI""],""original_width"":4256.0,""original_height"":4975.0}]","","2025-08-06T09:40:40.532273Z"
15664,"1","2025-08-06T09:40:40.532273Z",15211,"https://iiif.irht.cnrs.fr/iiif/ark:/63955/vrnjxo0agzfh/full/1200,/0/default.jpg","[{""rotation"":0,""x"":-0.004999999999999449,""y"":30.795,""width"":99.91,""height"":67.85,""rectanglelabels"":[""AC""],""original_width"":4347.0,""original_height"":4965.0},{""rotation"":0,""x"":0.4500000000000004,""y"":3.4150000000000014,""width"":99.48,""height"":27.37,""rectanglelabels"":[""AF""],""original_width"":4347.0,""original_height"":4965.0}]","","2025-08-06T09:40:40.532273Z"
15665,"1","2025-08-06T09:40:40.532273Z",15212,"https://iiif.irht.cnrs.fr/iiif/ark:/63955/vw93db7qd3pz/full/1200,/0/default.jpg","[{""rotation"":0,""x"":0.034999999999996145,""y"":1.820000000000005,""width"":98.87,""height"":98.08,""rectanglelabels"":[""AC""],""original_width"":4165.0,""original_height"":4956.0}]","","2025-08-06T09:40:40.532273Z"
15666,"1","2025-08-06T09:40:40.532273Z",15213,"https://iiif.irht.cnrs.fr/iiif/ark:/63955/v3mznqsevz6i/full/1200,/0/default.jpg","[{""rotation"":0,""x"":0.004999999999999449,""y"":3.510000000000002,""width"":99.95,""height"":95.32000000000001,""rectanglelabels"":[""AC""],""original_width"":4347.0,""original_height"":4965.0}]","","2025-08-06T09:40:40.532273Z"
15667,"1","2025-08-06T09:40:40.532273Z",15214,"https://iiif.irht.cnrs.fr/iiif/ark:/63955/vi36jemit4e2/full/1200,/0/default.jpg","[{""rotation"":0,""x"":0.025000000000002798,""y"":2.4650000000000007,""width"":99.51,""height"":97.53,""rectanglelabels"":[""AC""],""original_width"":4165.0,""original_height"":4956.0}]","","2025-08-06T09:40:40.532273Z"
15668,"1","2025-08-06T09:40:40.532273Z",15215,"https://iiif.irht.cnrs.fr/iiif/ark:/63955/v7sdeiri7qlu/full/1200,/0/default.jpg","[{""rotation"":0,""x"":0.004999999999999449,""y"":3.6499999999999977,""width"":99.95,""height"":95.96000000000001,""rectanglelabels"":[""AC""],""original_width"":4347.0,""original_height"":4965.0}]","","2025-08-06T09:40:40.532273Z"
15669,"1","2025-08-06T09:40:40.532273Z",15216,"https://iiif.irht.cnrs.fr/iiif/ark:/63955/vq9lingiuz0x/full/1200,/0/default.jpg","[{""rotation"":0,""x"":0.024999999999997247,""y"":2.275000000000005,""width"":97.75,""height"":97.39,""rectanglelabels"":[""AC""],""original_width"":4165.0,""original_height"":4956.0}]","","2025-08-06T09:40:40.532273Z"
15670,"1","2025-08-06T09:40:40.534277Z",15217,"https://iiif.irht.cnrs.fr/iiif/ark:/63955/v5kbs34xi75a/full/1200,/0/default.jpg","[{""rotation"":0,""x"":0.004999999999999449,""y"":3.670000000000001,""width"":99.91,""height"":95.64,""rectanglelabels"":[""AI""],""original_width"":4347.0,""original_height"":4965.0}]","","2025-08-06T09:40:40.534277Z"
15671,"1","2025-08-06T09:40:40.534277Z",15218,"https://iiif.irht.cnrs.fr/iiif/ark:/63955/vljtc213nvtw/full/1200,/0/default.jpg","[{""rotation"":0,""x"":0.040000000000001146,""y"":49.78,""width"":99.32,""height"":50.2,""rectanglelabels"":[""AI""],""original_width"":4165.0,""original_height"":4956.0},{""rotation"":0,""x"":0.08499999999999619,""y"":2.2800000000000016,""width"":99.77000000000001,""height"":47.52,""rectanglelabels"":[""AF""],""original_width"":4165.0,""original_height"":4956.0}]","","2025-08-06T09:40:40.534277Z"
15672,"1","2025-08-06T09:40:40.534277Z",15219,"https://iiif.irht.cnrs.fr/iiif/ark:/63955/vgckwuewvc1f/full/1200,/0/default.jpg","[{""rotation"":0,""x"":0.0,""y"":3.6449999999999982,""width"":99.9,""height"":55.75,""rectanglelabels"":[""AF""],""original_width"":4347.0,""original_height"":4965.0},{""rotation"":0,""x"":0.9899999999999964,""y"":59.155,""width"":98.92,""height"":40.410000000000004,""rectanglelabels"":[""AI""],""original_width"":4347.0,""original_height"":4965.0}]","","2025-08-06T09:40:40.534277Z"
15673,"1","2025-08-06T09:40:40.534277Z",15220,"https://iiif.irht.cnrs.fr/iiif/ark:/63955/vnuiss0zxblh/full/1200,/0/default.jpg","[{""rotation"":0,""x"":0.2599999999999991,""y"":0.5149999999999988,""width"":99.7,""height"":27.11,""rectanglelabels"":[""AF""],""original_width"":4165.0,""original_height"":4956.0},{""rotation"":0,""x"":0.06999999999999784,""y"":27.524999999999995,""width"":98.74000000000001,""height"":71.65,""rectanglelabels"":[""AI""],""original_width"":4165.0,""original_height"":4956.0}]","","2025-08-06T09:40:40.534277Z"
15674,"1","2025-08-06T09:40:40.534277Z",15221,"https://iiif.irht.cnrs.fr/iiif/ark:/63955/v1w0oqv4ek06/full/1200,/0/default.jpg","[{""rotation"":0,""x"":0.36000000000000476,""y"":35.96,""width"":99.64,""height"":63.980000000000004,""rectanglelabels"":[""AC""],""original_width"":4047.0,""original_height"":4984.0},{""rotation"":0,""x"":0.030000000000002247,""y"":1.5649999999999997,""width"":99.92,""height"":34.510000000000005,""rectanglelabels"":[""AF""],""original_width"":4047.0,""original_height"":4984.0}]","","2025-08-06T09:40:40.534277Z"
15675,"1","2025-08-06T09:40:40.534277Z",15222,"https://iiif.irht.cnrs.fr/iiif/ark:/63955/v4xj5060t3h5/full/1200,/0/default.jpg","[{""rotation"":0,""x"":0.004999999999999449,""y"":3.430000000000005,""width"":99.92999999999999,""height"":94.89999999999999,""rectanglelabels"":[""AM""],""original_width"":4347.0,""original_height"":4965.0}]","","2025-08-06T09:40:40.534277Z"
15676,"1","2025-08-06T09:40:40.534277Z",15223,"https://iiif.irht.cnrs.fr/iiif/ark:/63955/voe03avfca37/full/1200,/0/default.jpg","[{""rotation"":0,""x"":-0.0050000000000050004,""y"":73.58,""width"":99.85000000000001,""height"":25.580000000000002,""rectanglelabels"":[""AI""],""original_width"":4165.0,""original_height"":4956.0},{""rotation"":0,""x"":0.10000000000000009,""y"":0.6000000000000005,""width"":99.58,""height"":72.66,""rectanglelabels"":[""AF""],""original_width"":4165.0,""original_height"":4956.0}]","","2025-08-06T09:40:40.534277Z"
15677,"1","2025-08-06T09:40:40.534277Z",15224,"https://iiif.irht.cnrs.fr/iiif/ark:/63955/vtvztvw4ge9d/full/1200,/0/default.jpg","[{""rotation"":0,""x"":1.0200000000000042,""y"":57.68,""width"":98.9,""height"":39.86,""rectanglelabels"":[""AI""],""original_width"":4347.0,""original_height"":4965.0},{""rotation"":0,""x"":0.004999999999999449,""y"":3.4250000000000003,""width"":99.89,""height"":54.39000000000001,""rectanglelabels"":[""AF""],""original_width"":4347.0,""original_height"":4965.0}]","","2025-08-06T09:40:40.534277Z"
15678,"1","2025-08-06T09:40:40.534277Z",15225,"https://iiif.irht.cnrs.fr/iiif/ark:/63955/vxee4f88wdxb/full/1200,/0/default.jpg","[{""rotation"":0,""x"":0.034999999999996145,""y"":51.305,""width"":98.95,""height"":48.25,""rectanglelabels"":[""AI""],""original_width"":4165.0,""original_height"":4956.0},{""rotation"":0,""x"":0.09500000000000064,""y"":0.4149999999999987,""width"":99.29,""height"":50.91,""rectanglelabels"":[""AF""],""original_width"":4165.0,""original_height"":4956.0}]","","2025-08-06T09:40:40.534277Z"
15679,"1","2025-08-06T09:40:40.534277Z",15226,"https://iiif.irht.cnrs.fr/iiif/ark:/63955/vd0l9gyjj5ce/full/1200,/0/default.jpg","[{""rotation"":0,""x"":0.004999999999999449,""y"":2.859999999999996,""width"":99.91,""height"":95.94,""rectanglelabels"":[""AF""],""original_width"":4347.0,""original_height"":4965.0}]","","2025-08-06T09:40:40.534277Z"
15680,"1","2025-08-06T09:40:40.534277Z",15227,"https://iiif.irht.cnrs.fr/iiif/ark:/63955/v56a2bqgk3ez/full/1200,/0/default.jpg","[{""rotation"":0,""x"":0.06500000000000394,""y"":0.5050000000000054,""width"":99.33,""height"":99.31,""rectanglelabels"":[""AI""],""original_width"":4165.0,""original_height"":4956.0}]","","2025-08-06T09:40:40.534277Z"
15681,"1","2025-08-06T09:40:40.534277Z",15228,"https://iiif.irht.cnrs.fr/iiif/ark:/63955/viieqrb3omhp/full/1200,/0/default.jpg","[{""rotation"":0,""x"":0.0,""y"":2.7500000000000027,""width"":99.92,""height"":96.5,""rectanglelabels"":[""AM""],""original_width"":4347.0,""original_height"":4965.0}]","","2025-08-06T09:40:40.534277Z"
15682,"1","2025-08-06T09:40:40.534277Z",15229,"https://iiif.irht.cnrs.fr/iiif/ark:/63955/v8q57apcn4ht/full/1200,/0/default.jpg","[{""rotation"":0,""x"":0.05999999999999894,""y"":0.45499999999999985,""width"":99.68,""height"":99.53,""rectanglelabels"":[""AM""],""original_width"":4165.0,""original_height"":4956.0}]","","2025-08-06T09:40:40.534277Z"
15683,"1","2025-08-06T09:40:40.534277Z",15230,"https://iiif.irht.cnrs.fr/iiif/ark:/63955/vej540p8epqx/full/1200,/0/default.jpg","[{""rotation"":0,""x"":0.004999999999999449,""y"":3.705,""width"":99.89,""height"":41.010000000000005,""rectanglelabels"":[""AF""],""original_width"":4347.0,""original_height"":4965.0},{""rotation"":0,""x"":-0.004999999999999449,""y"":44.92,""width"":99.91,""height"":53.82,""rectanglelabels"":[""AI""],""original_width"":4347.0,""original_height"":4965.0}]","","2025-08-06T09:40:40.534277Z"
15684,"1","2025-08-06T09:40:40.534277Z",15231,"https://iiif.irht.cnrs.fr/iiif/ark:/63955/v3gofkc212as/full/1200,/0/default.jpg","[{""rotation"":0,""x"":0.11000000000000454,""y"":0.58,""width"":99.74,""height"":33.06,""rectanglelabels"":[""AF""],""original_width"":4165.0,""original_height"":4956.0},{""rotation"":0,""x"":0.09500000000000064,""y"":33.46000000000001,""width"":99.83,""height"":66.46,""rectanglelabels"":[""AC""],""original_width"":4165.0,""original_height"":4956.0}]","","2025-08-06T09:40:40.534277Z"
15685,"1","2025-08-06T09:40:40.536283Z",15232,"https://iiif.irht.cnrs.fr/iiif/ark:/63955/v04wmk3u9zqu/full/1200,/0/default.jpg","[{""rotation"":0,""x"":-0.004999999999999449,""y"":1.859999999999995,""width"":93.35,""height"":97.34,""rectanglelabels"":[""AI""],""original_width"":4256.0,""original_height"":4975.0}]","","2025-08-06T09:40:40.536283Z"
15686,"1","2025-08-06T09:40:40.536283Z",15233,"https://iiif.irht.cnrs.fr/iiif/ark:/63955/v7i3wuq0cjfw/full/1200,/0/default.jpg","[{""rotation"":0,""x"":0.004999999999999449,""y"":3.375,""width"":99.91,""height"":95.71,""rectanglelabels"":[""AI""],""original_width"":4347.0,""original_height"":4965.0}]","","2025-08-06T09:40:40.536283Z"
15687,"1","2025-08-06T09:40:40.536283Z",15234,"https://iiif.irht.cnrs.fr/iiif/ark:/63955/vpjxerb4h87x/full/1200,/0/default.jpg","[{""rotation"":0,""x"":0.12000000000000344,""y"":0.32000000000000084,""width"":99.88,""height"":33.46,""rectanglelabels"":[""AF""],""original_width"":4165.0,""original_height"":4956.0},{""rotation"":0,""x"":0.034999999999996145,""y"":33.805,""width"":99.67,""height"":66.19,""rectanglelabels"":[""AI""],""original_width"":4165.0,""original_height"":4956.0}]","","2025-08-06T09:40:40.536283Z"
15688,"1","2025-08-06T09:40:40.536283Z",15235,"https://iiif.irht.cnrs.fr/iiif/ark:/63955/vwmi9okbzcjh/full/1200,/0/default.jpg","[{""rotation"":0,""x"":0.0,""y"":3.5250000000000004,""width"":99.94,""height"":32.09,""rectanglelabels"":[""AF""],""original_width"":4347.0,""original_height"":4965.0},{""rotation"":0,""x"":-0.004999999999999449,""y"":35.665,""width"":99.92999999999999,""height"":63.129999999999995,""rectanglelabels"":[""AC""],""original_width"":4347.0,""original_height"":4965.0}]","","2025-08-06T09:40:40.536283Z"
15689,"1","2025-08-06T09:40:40.536283Z",15236,"https://iiif.irht.cnrs.fr/iiif/ark:/63955/vggc6hpqwmff/full/1200,/0/default.jpg","[{""rotation"":0,""x"":0.050000000000000044,""y"":0.5850000000000022,""width"":99.58,""height"":98.71,""rectanglelabels"":[""AC""],""original_width"":4165.0,""original_height"":4956.0}]","","2025-08-06T09:40:40.536283Z"
15690,"1","2025-08-06T09:40:40.536283Z",15237,"https://iiif.irht.cnrs.fr/iiif/ark:/63955/vju7uyo36mzt/full/1200,/0/default.jpg","[{""rotation"":0,""x"":-0.0050000000000050004,""y"":3.500000000000003,""width"":99.95,""height"":95.94,""rectanglelabels"":[""AC""],""original_width"":4347.0,""original_height"":4965.0}]","","2025-08-06T09:40:40.536283Z"
15691,"1","2025-08-06T09:40:40.536283Z",15238,"https://iiif.irht.cnrs.fr/iiif/ark:/63955/v59ipli25zil/full/1200,/0/default.jpg","[{""rotation"":0,""x"":0.050000000000000044,""y"":1.0299999999999976,""width"":99.22,""height"":98.83999999999999,""rectanglelabels"":[""AC""],""original_width"":4165.0,""original_height"":4956.0}]","","2025-08-06T09:40:40.536283Z"
15692,"1","2025-08-06T09:40:40.536283Z",15239,"https://iiif.irht.cnrs.fr/iiif/ark:/63955/vco22fzouf8p/full/1200,/0/default.jpg","[{""rotation"":0,""x"":-0.004999999999999449,""y"":2.0400000000000027,""width"":99.91,""height"":96.72,""rectanglelabels"":[""AI""],""original_width"":4347.0,""original_height"":4965.0}]","","2025-08-06T09:40:40.536283Z"
6071,"1","2025-08-01T13:31:14.359086Z",15240,"https://iiif.irht.cnrs.fr/iiif/ark:/63955/vm2ob5uy5n3f/full/1200,/0/default.jpg","[{""x"":0.17499999999999738,""y"":0.8349999999999996,""width"":99.71,""height"":40.550000000000004,""rotation"":0,""rectanglelabels"":[""AF""],""original_width"":1200,""original_height"":1428},{""x"":0.05000000000000153,""y"":41.54426985146633,""width"":99.75999999999998,""height"":58.45573014853365,""rotation"":0,""rectanglelabels"":[""AI""],""original_width"":1200,""original_height"":1428}]",6.005,"2025-08-01T13:31:14.359086Z"
15693,"1","2025-08-06T09:40:40.536283Z",15241,"https://iiif.irht.cnrs.fr/iiif/ark:/63955/v5s1nu6ndr02/full/1200,/0/default.jpg","[{""rotation"":0,""x"":0.0,""y"":3.3399999999999985,""width"":99.88,""height"":50.980000000000004,""rectanglelabels"":[""AF""],""original_width"":4347.0,""original_height"":4965.0},{""rotation"":0,""x"":0.0,""y"":54.32999999999999,""width"":99.9,""height"":45.46,""rectanglelabels"":[""AI""],""original_width"":4347.0,""original_height"":4965.0}]","","2025-08-06T09:40:40.536283Z"
15694,"1","2025-08-06T09:40:40.536283Z",15242,"https://iiif.irht.cnrs.fr/iiif/ark:/63955/vu2hurc9z2v2/full/1200,/0/default.jpg","[{""rotation"":0,""x"":0.050000000000000044,""y"":0.30000000000000027,""width"":99.28,""height"":99.56,""rectanglelabels"":[""AM""],""original_width"":4165.0,""original_height"":4956.0}]","","2025-08-06T09:40:40.536283Z"
6072,"1","2025-08-01T13:31:44.514581Z",15243,"https://iiif.irht.cnrs.fr/iiif/ark:/63955/v1yzo6le84g4/full/1200,/0/default.jpg","[{""x"":5.057490221381368e-15,""y"":40.42992881555586,""width"":99.62999999999997,""height"":59.57007118444414,""rotation"":0,""rectanglelabels"":[""AI""],""original_width"":1200,""original_height"":1478},{""x"":0.27999999999999686,""y"":0.8849999999999995,""width"":99.71999999999997,""height"":39.83661525567925,""rotation"":0,""rectanglelabels"":[""AF""],""original_width"":1200,""original_height"":1478}]",13.865,"2025-08-01T13:31:44.514581Z"
15695,"1","2025-08-06T09:40:40.536283Z",15244,"https://iiif.irht.cnrs.fr/iiif/ark:/63955/vq67k4d88te0/full/1200,/0/default.jpg","[{""rotation"":0,""x"":-0.004999999999999449,""y"":2.915000000000001,""width"":99.89,""height"":97.00999999999999,""rectanglelabels"":[""AF""],""original_width"":4347.0,""original_height"":4965.0}]","","2025-08-06T09:40:40.536283Z"
15696,"1","2025-08-06T09:40:40.536283Z",15245,"https://iiif.irht.cnrs.fr/iiif/ark:/63955/vu1v0p9sqbns/full/1200,/0/default.jpg","[{""rotation"":0,""x"":0.0,""y"":1.374999999999993,""width"":100.0,""height"":98.55000000000001,""rectanglelabels"":[""AI""],""original_width"":4165.0,""original_height"":4956.0}]","","2025-08-06T09:40:40.536283Z"
15697,"1","2025-08-06T09:40:40.536283Z",15246,"https://iiif.irht.cnrs.fr/iiif/ark:/63955/vthk5qj7mmxs/full/1200,/0/default.jpg","[{""rotation"":0,""x"":0.004999999999999449,""y"":2.939999999999998,""width"":99.91,""height"":96.58,""rectanglelabels"":[""AM""],""original_width"":4347.0,""original_height"":4965.0}]","","2025-08-06T09:40:40.536283Z"
15698,"1","2025-08-06T09:40:40.536283Z",15247,"https://iiif.irht.cnrs.fr/iiif/ark:/63955/vtix7q5056v7/full/1200,/0/default.jpg","[{""rotation"":0,""x"":0.02000000000000335,""y"":1.325000000000004,""width"":99.92,""height"":98.47,""rectanglelabels"":[""AM""],""original_width"":4165.0,""original_height"":4956.0}]","","2025-08-06T09:40:40.536283Z"
15699,"1","2025-08-06T09:40:40.536283Z",15248,"https://iiif.irht.cnrs.fr/iiif/ark:/63955/v2vwbonmbgft/full/1200,/0/default.jpg","[{""rotation"":0,""x"":0.0,""y"":2.500000000000002,""width"":99.9,""height"":96.8,""rectanglelabels"":[""AM""],""original_width"":4347.0,""original_height"":4965.0}]","","2025-08-06T09:40:40.536283Z"
15700,"1","2025-08-06T09:40:40.536283Z",15249,"https://iiif.irht.cnrs.fr/iiif/ark:/63955/v0ljkt56ry09/full/1200,/0/default.jpg","[{""rotation"":0,""x"":0.009999999999998899,""y"":1.0000000000000064,""width"":99.6,""height"":98.92,""rectanglelabels"":[""AM""],""original_width"":4165.0,""original_height"":4956.0}]","","2025-08-06T09:40:40.536283Z"
15701,"1","2025-08-06T09:40:40.536283Z",15250,"https://iiif.irht.cnrs.fr/iiif/ark:/63955/vv7018583caz/full/1200,/0/default.jpg","[{""rotation"":0,""x"":15.319999999999995,""y"":1.3899999999999968,""width"":84.54,""height"":97.44,""rectanglelabels"":[""AM""],""original_width"":4365.0,""original_height"":4965.0}]","","2025-08-06T09:40:40.536283Z"
15702,"1","2025-08-06T09:40:40.536283Z",15251,"https://iiif.irht.cnrs.fr/iiif/ark:/63955/v9lnw7zcnsc8/full/1200,/0/default.jpg","[{""rotation"":0,""x"":0.034999999999996145,""y"":0.5500000000000005,""width"":99.95,""height"":98.38,""rectanglelabels"":[""AM""],""original_width"":4119.0,""original_height"":4956.0}]","","2025-08-06T09:40:40.536283Z"
15703,"1","2025-08-06T09:40:40.536283Z",15252,"https://iiif.irht.cnrs.fr/iiif/ark:/63955/vcx1i3sg32cb/full/1200,/0/default.jpg","[{""rotation"":0,""x"":8.135000000000003,""y"":1.9500000000000017,""width"":91.71000000000001,""height"":95.89999999999999,""rectanglelabels"":[""AM""],""original_width"":4365.0,""original_height"":4965.0}]","","2025-08-06T09:40:40.536283Z"
15704,"1","2025-08-06T09:40:40.536283Z",15253,"https://iiif.irht.cnrs.fr/iiif/ark:/63955/v2dk8molwouh/full/1200,/0/default.jpg","[{""rotation"":0,""x"":0.054999999999999494,""y"":0.3300000000000025,""width"":99.79,""height"":97.42,""rectanglelabels"":[""AM""],""original_width"":4119.0,""original_height"":4956.0}]","","2025-08-06T09:40:40.536283Z"
6073,"1","2025-08-01T13:32:34.257984Z",15254,"https://iiif.irht.cnrs.fr/iiif/ark:/63955/v55v09ak9gle/full/1200,/0/default.jpg","[{""x"":0,""y"":34.565,""width"":92.84,""height"":62.17,""rotation"":0,""rectanglelabels"":[""AC""],""original_width"":1200,""original_height"":1403},{""x"":0.050000000000000065,""y"":4.753312269340381,""width"":92.763744149766,""height"":29.87668773065961,""rotation"":0,""rectanglelabels"":[""AF""],""original_width"":1200,""original_height"":1403}]",5.799,"2025-08-01T13:32:34.257984Z"
15705,"1","2025-08-06T09:40:40.536283Z",15255,"https://iiif.irht.cnrs.fr/iiif/ark:/63955/vcqpb3c4flgd/full/1200,/0/default.jpg","[{""rotation"":0,""x"":14.744999999999997,""y"":2.67,""width"":85.11,""height"":96.32,""rectanglelabels"":[""AM""],""original_width"":4365.0,""original_height"":4965.0}]","","2025-08-06T09:40:40.536283Z"
15706,"1","2025-08-06T09:40:40.536283Z",15256,"https://iiif.irht.cnrs.fr/iiif/ark:/63955/vnyggfjirvl5/full/1200,/0/default.jpg","[{""rotation"":0,""x"":0.044999999999995044,""y"":0.2950000000000008,""width"":99.95,""height"":98.67,""rectanglelabels"":[""AF""],""original_width"":4119.0,""original_height"":4956.0}]","","2025-08-06T09:40:40.536283Z"
15707,"1","2025-08-06T09:40:40.536283Z",15257,"https://iiif.irht.cnrs.fr/iiif/ark:/63955/vfur4fns9540/full/1200,/0/default.jpg","[{""rotation"":0,""x"":0.004999999999999449,""y"":3.1849999999999987,""width"":99.87,""height"":94.87,""rectanglelabels"":[""AC""],""original_width"":4365.0,""original_height"":4965.0}]","","2025-08-06T09:40:40.536283Z"
15708,"1","2025-08-06T09:40:40.536283Z",15258,"https://iiif.irht.cnrs.fr/iiif/ark:/63955/vuf37kjs0wgz/full/1200,/0/default.jpg","[{""rotation"":0,""x"":0.025000000000002798,""y"":0.37499999999999756,""width"":99.91,""height"":99.09,""rectanglelabels"":[""AI""],""original_width"":4119.0,""original_height"":4956.0}]","","2025-08-06T09:40:40.536283Z"
15709,"1","2025-08-06T09:40:40.536283Z",15259,"https://iiif.irht.cnrs.fr/iiif/ark:/63955/vdwexf5s0b8u/full/1200,/0/default.jpg","[{""rotation"":0,""x"":-0.004999999999999449,""y"":51.895,""width"":99.92999999999999,""height"":45.73,""rectanglelabels"":[""AI""],""original_width"":4365.0,""original_height"":4965.0},{""rotation"":0,""x"":0.7450000000000012,""y"":3.2450000000000006,""width"":99.09,""height"":48.85,""rectanglelabels"":[""AF""],""original_width"":4365.0,""original_height"":4965.0}]","","2025-08-06T09:40:40.536283Z"
15710,"1","2025-08-06T09:40:40.536283Z",15260,"https://iiif.irht.cnrs.fr/iiif/ark:/63955/v2caq5kv9kpp/full/1200,/0/default.jpg","[{""rotation"":0,""x"":0.034999999999996145,""y"":0.3049999999999997,""width"":99.95,""height"":99.17,""rectanglelabels"":[""AF""],""original_width"":4119.0,""original_height"":4956.0}]","","2025-08-06T09:40:40.536283Z"
15711,"1","2025-08-06T09:40:40.536283Z",15261,"https://iiif.irht.cnrs.fr/iiif/ark:/63955/vow98pa559i2/full/1200,/0/default.jpg","[{""rotation"":0,""x"":0.0,""y"":3.519999999999995,""width"":99.83999999999999,""height"":94.62,""rectanglelabels"":[""AC""],""original_width"":4365.0,""original_height"":4965.0}]","","2025-08-06T09:40:40.536283Z"
15712,"1","2025-08-06T09:40:40.536283Z",15262,"https://iiif.irht.cnrs.fr/iiif/ark:/63955/voght8h5hc7u/full/1200,/0/default.jpg","[{""rotation"":0,""x"":0.02000000000000335,""y"":1.9049999999999956,""width"":99.72,""height"":97.85000000000001,""rectanglelabels"":[""AI""],""original_width"":4119.0,""original_height"":4956.0}]","","2025-08-06T09:40:40.536283Z"
15713,"1","2025-08-06T09:40:40.536283Z",15263,"https://iiif.irht.cnrs.fr/iiif/ark:/63955/vnxz7t9riygf/full/1200,/0/default.jpg","[{""rotation"":0,""x"":0.3100000000000047,""y"":69.815,""width"":99.52,""height"":29.81,""rectanglelabels"":[""AI""],""original_width"":4365.0,""original_height"":4965.0},{""rotation"":0,""x"":0.004999999999999449,""y"":3.520000000000001,""width"":99.85000000000001,""height"":66.22,""rectanglelabels"":[""AF""],""original_width"":4365.0,""original_height"":4965.0}]","","2025-08-06T09:40:40.536283Z"
15714,"1","2025-08-06T09:40:40.536283Z",15264,"https://iiif.irht.cnrs.fr/iiif/ark:/63955/v8o5iuasddgt/full/1200,/0/default.jpg","[{""rotation"":0,""x"":0.0,""y"":1.0899999999999965,""width"":99.72,""height"":98.64,""rectanglelabels"":[""AM""],""original_width"":4119.0,""original_height"":4956.0}]","","2025-08-06T09:40:40.536283Z"
15715,"1","2025-08-06T09:40:40.536283Z",15265,"https://iiif.irht.cnrs.fr/iiif/ark:/63955/vu15ix8n6ftw/full/1200,/0/default.jpg","[{""rotation"":0,""x"":0.004999999999999449,""y"":0.8850000000000025,""width"":99.83,""height"":99.03,""rectanglelabels"":[""Table""],""original_width"":4256.0,""original_height"":4947.0}]","","2025-08-06T09:40:40.536283Z"
15716,"1","2025-08-06T09:40:40.536283Z",15266,"https://iiif.irht.cnrs.fr/iiif/ark:/63955/vd7yg28gt2hs/full/1200,/0/default.jpg","[{""rotation"":0,""x"":0.28499999999999637,""y"":56.37,""width"":99.71,""height"":43.519999999999996,""rectanglelabels"":[""AI""],""original_width"":4047.0,""original_height"":4984.0},{""rotation"":0,""x"":0.17500000000000293,""y"":1.325000000000004,""width"":99.83,""height"":55.37,""rectanglelabels"":[""AC""],""original_width"":4047.0,""original_height"":4984.0}]","","2025-08-06T09:40:40.536283Z"
15717,"1","2025-08-06T09:40:40.536283Z",15267,"https://iiif.irht.cnrs.fr/iiif/ark:/63955/vua2cfjpnecl/full/1200,/0/default.jpg","[{""rotation"":0,""x"":0.0,""y"":3.53,""width"":99.83999999999999,""height"":95.6,""rectanglelabels"":[""AM""],""original_width"":4365.0,""original_height"":4965.0}]","","2025-08-06T09:40:40.536283Z"
15718,"1","2025-08-06T09:40:40.536283Z",15268,"https://iiif.irht.cnrs.fr/iiif/ark:/63955/vdjembwlrcug/full/1200,/0/default.jpg","[{""rotation"":0,""x"":0.0,""y"":1.8399999999999972,""width"":99.83999999999999,""height"":97.8,""rectanglelabels"":[""AM""],""original_width"":4119.0,""original_height"":4956.0}]","","2025-08-06T09:40:40.536283Z"
15719,"1","2025-08-06T09:40:40.536283Z",15269,"https://iiif.irht.cnrs.fr/iiif/ark:/63955/vhdas5n5mhzx/full/1200,/0/default.jpg","[{""rotation"":0,""x"":12.514999999999999,""y"":3.2899999999999983,""width"":87.31,""height"":96.08,""rectanglelabels"":[""AM""],""original_width"":4365.0,""original_height"":4965.0}]","","2025-08-06T09:40:40.536283Z"
15720,"1","2025-08-06T09:40:40.536283Z",15270,"https://iiif.irht.cnrs.fr/iiif/ark:/63955/vjcd310hdlux/full/1200,/0/default.jpg","[{""rotation"":0,""x"":0.014999999999998348,""y"":1.1099999999999943,""width"":99.55000000000001,""height"":98.68,""rectanglelabels"":[""AM""],""original_width"":4119.0,""original_height"":4956.0}]","","2025-08-06T09:40:40.536283Z"
15721,"1","2025-08-06T09:40:40.536283Z",15271,"https://iiif.irht.cnrs.fr/iiif/ark:/63955/v0h8x3z9xgra/full/1200,/0/default.jpg","[{""rotation"":0,""x"":14.93,""y"":3.5450000000000035,""width"":84.92,""height"":94.47,""rectanglelabels"":[""AM""],""original_width"":4365.0,""original_height"":4965.0}]","","2025-08-06T09:40:40.536283Z"
15722,"1","2025-08-06T09:40:40.536283Z",15272,"https://iiif.irht.cnrs.fr/iiif/ark:/63955/vqjgeo2wo0f1/full/1200,/0/default.jpg","[{""rotation"":0,""x"":-0.004999999999999449,""y"":0.8599999999999997,""width"":99.79,""height"":98.92,""rectanglelabels"":[""AM""],""original_width"":4119.0,""original_height"":4956.0}]","","2025-08-06T09:40:40.536283Z"
15723,"1","2025-08-06T09:40:40.536283Z",15273,"https://iiif.irht.cnrs.fr/iiif/ark:/63955/vdi2dzgzudzb/full/1200,/0/default.jpg","[{""rotation"":0,""x"":0.01000000000000445,""y"":3.105000000000002,""width"":99.83999999999999,""height"":95.81,""rectanglelabels"":[""AM""],""original_width"":4365.0,""original_height"":4965.0}]","","2025-08-06T09:40:40.536283Z"
15724,"1","2025-08-06T09:40:40.536283Z",15274,"https://iiif.irht.cnrs.fr/iiif/ark:/63955/vlxfl6c1xmsh/full/1200,/0/default.jpg","[{""rotation"":0,""x"":0.0,""y"":0.8500000000000008,""width"":99.76,""height"":98.7,""rectanglelabels"":[""AM""],""original_width"":4119.0,""original_height"":4956.0}]","","2025-08-06T09:40:40.536283Z"
15725,"1","2025-08-06T09:40:40.538287Z",15275,"https://iiif.irht.cnrs.fr/iiif/ark:/63955/v27553u5jvi1/full/1200,/0/default.jpg","[{""rotation"":0,""x"":1.0899999999999965,""y"":3.4150000000000014,""width"":98.72,""height"":95.73,""rectanglelabels"":[""AM""],""original_width"":4365.0,""original_height"":4965.0}]","","2025-08-06T09:40:40.538287Z"
6074,"1","2025-08-01T13:42:17.945943Z",15276,"https://iiif.irht.cnrs.fr/iiif/ark:/63955/vyw1ewvsw7et/full/1200,/0/default.jpg","[{""x"":0,""y"":3.516481799992216,""width"":89.49959438377535,""height"":90.26448982502234,""rotation"":0,""rectanglelabels"":[""AF""],""original_width"":1200,""original_height"":1444}]",12.357,"2025-08-01T13:42:17.945943Z"
15726,"1","2025-08-06T09:40:40.538287Z",15277,"https://iiif.irht.cnrs.fr/iiif/ark:/63955/v25ynj7r0cw5/full/1200,/0/default.jpg","[{""rotation"":0,""x"":0.014999999999998348,""y"":2.1050000000000013,""width"":94.41000000000001,""height"":97.33000000000001,""rectanglelabels"":[""AF""],""original_width"":4256.0,""original_height"":4975.0}]","","2025-08-06T09:40:40.538287Z"
15727,"1","2025-08-06T09:40:40.538287Z",15278,"https://iiif.irht.cnrs.fr/iiif/ark:/63955/vm0zy1xluen1/full/1200,/0/default.jpg","[{""rotation"":0,""x"":5.694999999999995,""y"":2.7949999999999973,""width"":94.15,""height"":96.45,""rectanglelabels"":[""AI""],""original_width"":4365.0,""original_height"":4965.0}]","","2025-08-06T09:40:40.538287Z"
15728,"1","2025-08-06T09:40:40.538287Z",15279,"https://iiif.irht.cnrs.fr/iiif/ark:/63955/vkt5fyoagq9d/full/1200,/0/default.jpg","[{""rotation"":0,""x"":0.12000000000000344,""y"":0.385000000000002,""width"":99.88,""height"":41.91,""rectanglelabels"":[""AF""],""original_width"":4119.0,""original_height"":4956.0},{""rotation"":0,""x"":0.0,""y"":42.025,""width"":99.94,""height"":57.97,""rectanglelabels"":[""AI""],""original_width"":4119.0,""original_height"":4956.0}]","","2025-08-06T09:40:40.538287Z"
6075,"1","2025-08-01T13:43:03.641399Z",15280,"https://iiif.irht.cnrs.fr/iiif/ark:/63955/vrn9ng5uvyhv/full/1200,/0/default.jpg","[{""x"":16.042636505460102,""y"":4.617928459995546,""width"":83.95736349453988,""height"":58.06846393855756,""rotation"":0,""rectanglelabels"":[""AF""],""original_width"":1200,""original_height"":1365}]",8.737,"2025-08-01T13:43:03.641399Z"
15729,"1","2025-08-06T09:40:40.538287Z",15281,"https://iiif.irht.cnrs.fr/iiif/ark:/63955/vygxv1raptvi/full/1200,/0/default.jpg","[{""rotation"":0,""x"":0.024999999999997247,""y"":0.7599999999999996,""width"":99.55000000000001,""height"":99.06,""rectanglelabels"":[""AI""],""original_width"":4119.0,""original_height"":4956.0}]","","2025-08-06T09:40:40.538287Z"
15730,"1","2025-08-06T09:40:40.538287Z",15282,"https://iiif.irht.cnrs.fr/iiif/ark:/63955/vzagnlxdub5i/full/1200,/0/default.jpg","[{""rotation"":0,""x"":0.0,""y"":2.2749999999999995,""width"":99.83999999999999,""height"":96.67,""rectanglelabels"":[""AM""],""original_width"":4365.0,""original_height"":4965.0}]","","2025-08-06T09:40:40.538287Z"
15731,"1","2025-08-06T09:40:40.538287Z",15283,"https://iiif.irht.cnrs.fr/iiif/ark:/63955/vksypnto4pmk/full/1200,/0/default.jpg","[{""rotation"":0,""x"":0.07000000000000339,""y"":0.5249999999999977,""width"":99.52,""height"":99.37,""rectanglelabels"":[""AM""],""original_width"":4119.0,""original_height"":4956.0}]","","2025-08-06T09:40:40.538287Z"
15732,"1","2025-08-06T09:40:40.538287Z",15284,"https://iiif.irht.cnrs.fr/iiif/ark:/63955/vmimesb8ou7y/full/1200,/0/default.jpg","[{""rotation"":0,""x"":3.2399999999999984,""y"":2.6700000000000057,""width"":96.6,""height"":94.98,""rectanglelabels"":[""AM""],""original_width"":4365.0,""original_height"":4965.0}]","","2025-08-06T09:40:40.538287Z"
15733,"1","2025-08-06T09:40:40.538287Z",15285,"https://iiif.irht.cnrs.fr/iiif/ark:/63955/vbvj98ekew46/full/1200,/0/default.jpg","[{""rotation"":0,""x"":-0.004999999999999449,""y"":35.385,""width"":99.97,""height"":64.47,""rectanglelabels"":[""AI""],""original_width"":4119.0,""original_height"":4956.0},{""rotation"":0,""x"":0.09499999999999509,""y"":0.39499999999999813,""width"":99.89,""height"":34.97,""rectanglelabels"":[""AF""],""original_width"":4119.0,""original_height"":4956.0}]","","2025-08-06T09:40:40.538287Z"
6076,"1","2025-08-01T13:45:18.926003Z",15286,"https://iiif.irht.cnrs.fr/iiif/ark:/63955/vvutpiye4i1n/full/1200,/0/default.jpg","[{""x"":0.0900000000000035,""y"":46.200481927710854,""width"":99.91,""height"":53.799518072289096,""rotation"":0,""rectanglelabels"":[""AI""],""original_width"":1200,""original_height"":1365},{""x"":0.4899999999999959,""y"":3.0500000000000007,""width"":99.31999999999995,""height"":43.12674698795181,""rotation"":0,""rectanglelabels"":[""AF""],""original_width"":1200,""original_height"":1365}]",19.266,"2025-08-01T13:45:18.926003Z"
6077,"1","2025-08-01T13:45:43.783103Z",15287,"https://iiif.irht.cnrs.fr/iiif/ark:/63955/v5fghn4bu3nq/full/1200,/0/default.jpg","[{""x"":0.05999999999999894,""y"":1.1749999999999983,""width"":99.92,""height"":63.39,""rotation"":0,""rectanglelabels"":[""AF""],""original_width"":1200,""original_height"":1444},{""x"":3.2192008987123015e-15,""y"":64.67289156626506,""width"":99.85999999999999,""height"":35.32710843373492,""rotation"":0,""rectanglelabels"":[""AI""],""original_width"":1200,""original_height"":1444}]",10.36,"2025-08-01T13:45:43.783103Z"
6078,"1","2025-08-01T13:45:55.309601Z",15288,"https://iiif.irht.cnrs.fr/iiif/ark:/63955/v7xfiioy33bb/full/1200,/0/default.jpg","[{""x"":0.32500000000000306,""y"":1.084999999999997,""width"":99.67,""height"":66.79,""rotation"":0,""rectanglelabels"":[""AC""],""original_width"":1200,""original_height"":1478},{""x"":0.3250000000000031,""y"":67.65192771084338,""width"":99.66999999999999,""height"":32.298072289156615,""rotation"":0,""rectanglelabels"":[""AI""],""original_width"":1200,""original_height"":1478}]",10.304,"2025-08-01T13:45:55.309601Z"
15734,"1","2025-08-06T09:40:40.538287Z",15289,"https://iiif.irht.cnrs.fr/iiif/ark:/63955/vmwy0gcxljsf/full/1200,/0/default.jpg","[{""rotation"":0,""x"":0.004999999999999449,""y"":3.4899999999999984,""width"":99.79,""height"":43.66,""rectanglelabels"":[""AF""],""original_width"":4365.0,""original_height"":4965.0},{""rotation"":0,""x"":0.42999999999999705,""y"":46.985,""width"":99.38,""height"":49.75,""rectanglelabels"":[""AI""],""original_width"":4365.0,""original_height"":4965.0}]","","2025-08-06T09:40:40.538287Z"
15735,"1","2025-08-06T09:40:40.538287Z",15290,"https://iiif.irht.cnrs.fr/iiif/ark:/63955/vciybw3txqzd/full/1200,/0/default.jpg","[{""rotation"":0,""x"":0.0,""y"":39.900000000000006,""width"":99.52,""height"":60.099999999999994,""rectanglelabels"":[""AI""],""original_width"":4119.0,""original_height"":4956.0},{""rotation"":0,""x"":0.05999999999999894,""y"":2.365,""width"":99.94,""height"":37.669999999999995,""rectanglelabels"":[""AF""],""original_width"":4119.0,""original_height"":4956.0}]","","2025-08-06T09:40:40.538287Z"
15736,"1","2025-08-06T09:40:40.538287Z",15291,"https://iiif.irht.cnrs.fr/iiif/ark:/63955/v6g0bsvegl1c/full/1200,/0/default.jpg","[{""rotation"":0,""x"":5.224999999999996,""y"":3.334999999999999,""width"":94.61,""height"":25.650000000000002,""rectanglelabels"":[""AF""],""original_width"":4365.0,""original_height"":4965.0},{""rotation"":0,""x"":13.015000000000004,""y"":28.965000000000003,""width"":86.83,""height"":69.81,""rectanglelabels"":[""AI""],""original_width"":4365.0,""original_height"":4965.0}]","","2025-08-06T09:40:40.538287Z"
15737,"1","2025-08-06T09:40:40.540292Z",15292,"https://iiif.irht.cnrs.fr/iiif/ark:/63955/vk2txzfhsvua/full/1200,/0/default.jpg","[{""rotation"":0,""x"":0.054999999999999494,""y"":32.9,""width"":99.47,""height"":67.02,""rectanglelabels"":[""AI""],""original_width"":4119.0,""original_height"":4956.0},{""rotation"":0,""x"":0.14000000000000123,""y"":0.965000000000002,""width"":99.86,""height"":32.029999999999994,""rectanglelabels"":[""AF""],""original_width"":4119.0,""original_height"":4956.0}]","","2025-08-06T09:40:40.540292Z"
6079,"1","2025-08-01T13:46:57.755399Z",15293,"https://iiif.irht.cnrs.fr/iiif/ark:/63955/vt57wz5nyiuf/full/1200,/0/default.jpg","[{""x"":14.649999999999997,""y"":28.559999999999995,""width"":85.26,""height"":69.96,""rotation"":0,""rectanglelabels"":[""AI""],""original_width"":1200,""original_height"":1365},{""x"":14.832530120481929,""y"":3.434999999999997,""width"":84.97746987951805,""height"":25.209999999999976,""rotation"":0,""rectanglelabels"":[""AF""],""original_width"":1200,""original_height"":1365}]",11.905,"2025-08-01T13:46:57.755399Z"
15738,"1","2025-08-06T09:40:40.540292Z",15294,"https://iiif.irht.cnrs.fr/iiif/ark:/63955/vj58fko1l1mo/full/1200,/0/default.jpg","[{""rotation"":0,""x"":0.0,""y"":26.685,""width"":97.56,""height"":73.29,""rectanglelabels"":[""AC""],""original_width"":4119.0,""original_height"":4956.0},{""rotation"":0,""x"":0.10499999999999399,""y"":0.7050000000000001,""width"":99.89,""height"":26.169999999999998,""rectanglelabels"":[""AF""],""original_width"":4119.0,""original_height"":4956.0}]","","2025-08-06T09:40:40.540292Z"
6080,"1","2025-08-01T13:49:14.538957Z",15295,"https://iiif.irht.cnrs.fr/iiif/ark:/63955/vvkna1g5vrz0/full/1200,/0/default.jpg","[{""x"":0,""y"":0.10322144314343501,""width"":97.55999999999993,""height"":99.89677855685642,""rotation"":0,""rectanglelabels"":[""AC""],""original_width"":1200,""original_height"":1365}]",94.23100000000001,"2025-08-01T13:49:14.538957Z"
15739,"1","2025-08-06T09:40:40.540292Z",15296,"https://iiif.irht.cnrs.fr/iiif/ark:/63955/vzwz4jxndd7j/full/1200,/0/default.jpg","[{""rotation"":0,""x"":0.035000000000001696,""y"":1.4649999999999996,""width"":98.83,""height"":98.50999999999999,""rectanglelabels"":[""AI""],""original_width"":4119.0,""original_height"":4956.0}]","","2025-08-06T09:40:40.540292Z"
15740,"1","2025-08-06T09:40:40.540292Z",15297,"https://iiif.irht.cnrs.fr/iiif/ark:/63955/vln39opbbd6v/full/1200,/0/default.jpg","[{""rotation"":0,""x"":0.6900000000000073,""y"":3.4450000000000007,""width"":99.14,""height"":20.61,""rectanglelabels"":[""AF""],""original_width"":4365.0,""original_height"":4965.0},{""rotation"":0,""x"":0.0,""y"":23.865000000000002,""width"":99.86,""height"":74.55000000000001,""rectanglelabels"":[""AC""],""original_width"":4365.0,""original_height"":4965.0}]","","2025-08-06T09:40:40.540292Z"
15741,"1","2025-08-06T09:40:40.540292Z",15298,"https://iiif.irht.cnrs.fr/iiif/ark:/63955/v1gwhms9ms8i/full/1200,/0/default.jpg","[{""rotation"":0,""x"":0.035000000000001696,""y"":1.9349999999999978,""width"":99.03,""height"":98.00999999999999,""rectanglelabels"":[""AI""],""original_width"":4119.0,""original_height"":4956.0}]","","2025-08-06T09:40:40.540292Z"
15742,"1","2025-08-06T09:40:40.540292Z",15299,"https://iiif.irht.cnrs.fr/iiif/ark:/63955/v1se987cp0eu/full/1200,/0/default.jpg","[{""rotation"":0,""x"":0.0,""y"":3.019999999999995,""width"":93.34,""height"":94.84,""rectanglelabels"":[""AF""],""original_width"":4256.0,""original_height"":4975.0}]","","2025-08-06T09:40:40.540292Z"
15743,"1","2025-08-06T09:40:40.540292Z",15300,"https://iiif.irht.cnrs.fr/iiif/ark:/63955/vsc1q0f37you/full/1200,/0/default.jpg","[{""rotation"":0,""x"":-0.0050000000000050004,""y"":2.1050000000000013,""width"":99.85000000000001,""height"":97.00999999999999,""rectanglelabels"":[""AM""],""original_width"":4365.0,""original_height"":4965.0}]","","2025-08-06T09:40:40.540292Z"
6081,"1","2025-08-01T13:50:53.148493Z",15301,"https://iiif.irht.cnrs.fr/iiif/ark:/63955/v2yjs9u5fq7w/full/1200,/0/default.jpg","[{""x"":0.07499999999999833,""y"":48.81999999999998,""width"":99.45,""height"":51.18000000000001,""rotation"":0,""rectanglelabels"":[""AI""],""original_width"":1200,""original_height"":1444},{""x"":0.14000000000000118,""y"":0,""width"":99.86,""height"":48.89137466307278,""rotation"":0,""rectanglelabels"":[""AF""],""original_width"":1200,""original_height"":1444}]",5.583,"2025-08-01T13:50:53.148493Z"
15744,"1","2025-08-06T09:40:40.540292Z",15302,"https://iiif.irht.cnrs.fr/iiif/ark:/63955/vmpjfy577n0j/full/1200,/0/default.jpg","[{""rotation"":0,""x"":0.004999999999999449,""y"":2.7899999999999983,""width"":99.83,""height"":96.52,""rectanglelabels"":[""AM""],""original_width"":4365.0,""original_height"":4965.0}]","","2025-08-06T09:40:40.540292Z"
15745,"1","2025-08-06T09:40:40.540292Z",15303,"https://iiif.irht.cnrs.fr/iiif/ark:/63955/vpqk4ts3hm5f/full/1200,/0/default.jpg","[{""rotation"":0,""x"":0.040000000000001146,""y"":0.7250000000000034,""width"":98.52,""height"":99.07000000000001,""rectanglelabels"":[""AM""],""original_width"":4119.0,""original_height"":4956.0}]","","2025-08-06T09:40:40.540292Z"
15746,"1","2025-08-06T09:40:40.540292Z",15304,"https://iiif.irht.cnrs.fr/iiif/ark:/63955/v6yp144rb1e0/full/1200,/0/default.jpg","[{""rotation"":0,""x"":0.22999999999999687,""y"":2.389999999999998,""width"":99.64,""height"":96.66,""rectanglelabels"":[""AF""],""original_width"":4365.0,""original_height"":4965.0}]","","2025-08-06T09:40:40.540292Z"
15747,"1","2025-08-06T09:40:40.540292Z",15305,"https://iiif.irht.cnrs.fr/iiif/ark:/63955/vktzp16d1q2r/full/1200,/0/default.jpg","[{""rotation"":0,""x"":0.019999999999997797,""y"":1.144999999999996,""width"":98.9,""height"":98.77,""rectanglelabels"":[""AI""],""original_width"":4119.0,""original_height"":4956.0}]","","2025-08-06T09:40:40.540292Z"
15748,"1","2025-08-06T09:40:40.541296Z",15306,"https://iiif.irht.cnrs.fr/iiif/ark:/63955/vb6k392qfiwd/full/1200,/0/default.jpg","[{""rotation"":0,""x"":13.91,""y"":3.2200000000000006,""width"":85.92,""height"":60.519999999999996,""rectanglelabels"":[""AF""],""original_width"":4365.0,""original_height"":4965.0},{""rotation"":0,""x"":0.0,""y"":63.72,""width"":99.82,""height"":32.66,""rectanglelabels"":[""AI""],""original_width"":4365.0,""original_height"":4965.0}]","","2025-08-06T09:40:40.541296Z"
15749,"1","2025-08-06T09:40:40.541296Z",15307,"https://iiif.irht.cnrs.fr/iiif/ark:/63955/v7xhcptd3uxw/full/1200,/0/default.jpg","[{""rotation"":0,""x"":0.07000000000000339,""y"":2.3950000000000027,""width"":99.53999999999999,""height"":97.55,""rectanglelabels"":[""AF""],""original_width"":4119.0,""original_height"":4956.0}]","","2025-08-06T09:40:40.541296Z"
15750,"1","2025-08-06T09:40:40.541296Z",15308,"https://iiif.irht.cnrs.fr/iiif/ark:/63955/vtny00zr2q28/full/1200,/0/default.jpg","[{""rotation"":0,""x"":4.3799999999999955,""y"":2.460000000000001,""width"":95.56,""height"":95.06,""rectanglelabels"":[""AI""],""original_width"":4365.0,""original_height"":4965.0}]","","2025-08-06T09:40:40.541296Z"
15751,"1","2025-08-06T09:40:40.541296Z",15309,"https://iiif.irht.cnrs.fr/iiif/ark:/63955/vb5idvywsc4p/full/1200,/0/default.jpg","[{""rotation"":0,""x"":0.13500000000000179,""y"":1.469999999999999,""width"":99.61,""height"":56.120000000000005,""rectanglelabels"":[""AF""],""original_width"":4119.0,""original_height"":4956.0},{""rotation"":0,""x"":0.024999999999997247,""y"":57.550000000000004,""width"":99.87,""height"":42.4,""rectanglelabels"":[""AI""],""original_width"":4119.0,""original_height"":4956.0}]","","2025-08-06T09:40:40.541296Z"
15752,"1","2025-08-06T09:40:40.541296Z",15310,"https://iiif.irht.cnrs.fr/iiif/ark:/63955/vz2e6teiqkqo/full/1200,/0/default.jpg","[{""rotation"":0,""x"":0.10499999999999399,""y"":1.6350000000000031,""width"":99.89,""height"":98.11,""rectanglelabels"":[""AI""],""original_width"":4047.0,""original_height"":4984.0}]","","2025-08-06T09:40:40.541296Z"
15753,"1","2025-08-06T09:40:40.541296Z",15311,"https://iiif.irht.cnrs.fr/iiif/ark:/63955/vugentihrfbe/full/1200,/0/default.jpg","[{""rotation"":0,""x"":0.0,""y"":3.1849999999999987,""width"":99.86,""height"":95.45,""rectanglelabels"":[""AF""],""original_width"":4365.0,""original_height"":4965.0}]","","2025-08-06T09:40:40.541296Z"
15754,"1","2025-08-06T09:40:40.541296Z",15312,"https://iiif.irht.cnrs.fr/iiif/ark:/63955/vdcec3g35pfa/full/1200,/0/default.jpg","[{""rotation"":0,""x"":0.01000000000000445,""y"":1.8549999999999955,""width"":99.53999999999999,""height"":96.97,""rectanglelabels"":[""AI""],""original_width"":4119.0,""original_height"":4956.0}]","","2025-08-06T09:40:40.541296Z"
15755,"1","2025-08-06T09:40:40.541296Z",15313,"https://iiif.irht.cnrs.fr/iiif/ark:/63955/v7t66pyitoc9/full/1200,/0/default.jpg","[{""rotation"":0,""x"":-0.004999999999999449,""y"":0.45499999999999985,""width"":99.87,""height"":98.87,""rectanglelabels"":[""AM""],""original_width"":4365.0,""original_height"":4965.0}]","","2025-08-06T09:40:40.541296Z"
15756,"1","2025-08-06T09:40:40.541296Z",15314,"https://iiif.irht.cnrs.fr/iiif/ark:/63955/v3z3lhu0t8e5/full/1200,/0/default.jpg","[{""rotation"":0,""x"":0.12499999999999178,""y"":0.5899999999999989,""width"":99.85000000000001,""height"":34.86,""rectanglelabels"":[""AF""],""original_width"":4119.0,""original_height"":4956.0},{""rotation"":0,""x"":0.034999999999996145,""y"":35.48,""width"":99.37,""height"":63.4,""rectanglelabels"":[""AI""],""original_width"":4119.0,""original_height"":4956.0}]","","2025-08-06T09:40:40.541296Z"
6082,"1","2025-08-01T13:58:06.343684Z",15315,"https://iiif.irht.cnrs.fr/iiif/ark:/63955/vmq93ues9p02/full/1200,/0/default.jpg","[{""x"":0,""y"":23.110000000000007,""width"":99.83999999999997,""height"":76.89,""rotation"":0,""rectanglelabels"":[""AC""],""original_width"":1200,""original_height"":1365},{""x"":0,""y"":0.4150000000000001,""width"":99.92,""height"":22.470000000000002,""rotation"":0,""rectanglelabels"":[""AF""],""original_width"":1200,""original_height"":1365}]",4.116,"2025-08-01T13:58:06.343684Z"
6083,"1","2025-08-01T13:58:21.543537Z",15316,"https://iiif.irht.cnrs.fr/iiif/ark:/63955/vw7rupli1vm1/full/1200,/0/default.jpg","[{""x"":0.044999999999995044,""y"":0.4149999999999987,""width"":99.95,""height"":63.29,""rotation"":0,""rectanglelabels"":[""AC""],""original_width"":1200,""original_height"":1444},{""x"":-3.552713678800502e-15,""y"":63.78644578313253,""width"":99.41000000000001,""height"":35.79,""rotation"":0,""rectanglelabels"":[""AI""],""original_width"":1200,""original_height"":1444}]",10.598,"2025-08-01T13:58:21.543537Z"
15757,"1","2025-08-06T09:40:40.541296Z",15317,"https://iiif.irht.cnrs.fr/iiif/ark:/63955/vy7jt8c1miod/full/1200,/0/default.jpg","[{""rotation"":0,""x"":0.004999999999999449,""y"":54.535,""width"":99.87,""height"":42.309999999999995,""rectanglelabels"":[""AI""],""original_width"":4365.0,""original_height"":4965.0},{""rotation"":0,""x"":-0.004999999999999449,""y"":1.0199999999999987,""width"":99.83,""height"":53.900000000000006,""rectanglelabels"":[""AF""],""original_width"":4365.0,""original_height"":4965.0}]","","2025-08-06T09:40:40.541296Z"
15758,"1","2025-08-06T09:40:40.541296Z",15318,"https://iiif.irht.cnrs.fr/iiif/ark:/63955/vrs76khwljss/full/1200,/0/default.jpg","[{""rotation"":0,""x"":-0.0050000000000050004,""y"":31.28,""width"":97.43,""height"":68.28,""rectanglelabels"":[""AC""],""original_width"":4119.0,""original_height"":4956.0},{""rotation"":0,""x"":0.08499999999999619,""y"":0.7599999999999996,""width"":99.91,""height"":30.599999999999998,""rectanglelabels"":[""AF""],""original_width"":4119.0,""original_height"":4956.0}]","","2025-08-06T09:40:40.541296Z"
15759,"1","2025-08-06T09:40:40.541296Z",15319,"https://iiif.irht.cnrs.fr/iiif/ark:/63955/vbniw6jsslq0/full/1200,/0/default.jpg","[{""rotation"":0,""x"":0.004999999999999449,""y"":1.2850000000000028,""width"":99.83,""height"":96.41,""rectanglelabels"":[""AC""],""original_width"":4365.0,""original_height"":4965.0}]","","2025-08-06T09:40:40.541296Z"
15760,"1","2025-08-06T09:40:40.541296Z",15320,"https://iiif.irht.cnrs.fr/iiif/ark:/63955/v4j9hlv0a9s2/full/1200,/0/default.jpg","[{""rotation"":0,""x"":0.025000000000002798,""y"":1.0350000000000026,""width"":98.81,""height"":98.07000000000001,""rectanglelabels"":[""AI""],""original_width"":4119.0,""original_height"":4956.0}]","","2025-08-06T09:40:40.541296Z"
6084,"1","2025-08-01T13:59:10.892591Z",15321,"https://iiif.irht.cnrs.fr/iiif/ark:/63955/vz86o7arimtb/full/1200,/0/default.jpg","[{""x"":0.03000000000000222,""y"":65.41999999999996,""width"":88.3647389558233,""height"":29.91710843373499,""rotation"":0,""rectanglelabels"":[""AI""],""original_width"":1200,""original_height"":1403},{""x"":0.0050000000000050004,""y"":26.359999999999996,""width"":88.14999999999999,""height"":39.34,""rotation"":0,""rectanglelabels"":[""AC""],""original_width"":1200,""original_height"":1403},{""x"":0.06499999999999842,""y"":3.9443373493975904,""width"":88.09746987951807,""height"":22.835662650602373,""rotation"":0,""rectanglelabels"":[""AF""],""original_width"":1200,""original_height"":1403}]",17.431,"2025-08-01T13:59:10.892591Z"
15761,"1","2025-08-06T09:40:40.541296Z",15322,"https://iiif.irht.cnrs.fr/iiif/ark:/63955/vhznyv9io1ub/full/1200,/0/default.jpg","[{""rotation"":0,""x"":-0.0050000000000050004,""y"":0.9799999999999975,""width"":99.85000000000001,""height"":98.04,""rectanglelabels"":[""AF""],""original_width"":4365.0,""original_height"":4965.0}]","","2025-08-06T09:40:40.541296Z"
15762,"1","2025-08-06T09:40:40.541296Z",15323,"https://iiif.irht.cnrs.fr/iiif/ark:/63955/vjrh3jap9aut/full/1200,/0/default.jpg","[{""rotation"":0,""x"":0.040000000000001146,""y"":1.4900000000000024,""width"":98.72,""height"":97.78,""rectanglelabels"":[""AI""],""original_width"":4119.0,""original_height"":4956.0}]","","2025-08-06T09:40:40.541296Z"
15763,"1","2025-08-06T09:40:40.541296Z",15324,"https://iiif.irht.cnrs.fr/iiif/ark:/63955/vjbffcpp4s64/full/1200,/0/default.jpg","[{""rotation"":0,""x"":0.6950000000000067,""y"":1.2050000000000005,""width"":99.13,""height"":33.77,""rectanglelabels"":[""AF""],""original_width"":4365.0,""original_height"":4965.0},{""rotation"":0,""x"":-0.0050000000000050004,""y"":35.080000000000005,""width"":99.85000000000001,""height"":64.03999999999999,""rectanglelabels"":[""AI""],""original_width"":4365.0,""original_height"":4965.0}]","","2025-08-06T09:40:40.541296Z"
15764,"1","2025-08-06T09:40:40.541296Z",15325,"https://iiif.irht.cnrs.fr/iiif/ark:/63955/vf5zoooqiza9/full/1200,/0/default.jpg","[{""rotation"":0,""x"":0.054999999999999494,""y"":0.7500000000000007,""width"":99.35000000000001,""height"":98.92,""rectanglelabels"":[""AF""],""original_width"":4119.0,""original_height"":4956.0}]","","2025-08-06T09:40:40.541296Z"
15765,"1","2025-08-06T09:40:40.541296Z",15326,"https://iiif.irht.cnrs.fr/iiif/ark:/63955/vhdtr331xwl9/full/1200,/0/default.jpg","[{""rotation"":0,""x"":0.0,""y"":2.4050000000000074,""width"":99.86,""height"":97.11,""rectanglelabels"":[""AC""],""original_width"":4365.0,""original_height"":4965.0}]","","2025-08-06T09:40:40.541296Z"
15766,"1","2025-08-06T09:40:40.541296Z",15327,"https://iiif.irht.cnrs.fr/iiif/ark:/63955/vc0l1pqtwu92/full/1200,/0/default.jpg","[{""rotation"":0,""x"":0.004999999999999449,""y"":1.6249999999999987,""width"":99.53,""height"":96.75,""rectanglelabels"":[""AI""],""original_width"":4119.0,""original_height"":4956.0}]","","2025-08-06T09:40:40.541296Z"
6085,"1","2025-08-01T14:00:03.010530Z",15328,"https://iiif.irht.cnrs.fr/iiif/ark:/63955/vuxqio9iyjzc/full/1200,/0/default.jpg","[{""x"":14.664156626506026,""y"":34.064999999999976,""width"":85.1758433734939,""height"":62.30373493975906,""rotation"":0,""rectanglelabels"":[""AI""],""original_width"":1200,""original_height"":1365},{""x"":14.796204819277115,""y"":3.5810843373493975,""width"":85.02879518072281,""height"":30.448915662650588,""rotation"":0,""rectanglelabels"":[""AF""],""original_width"":1200,""original_height"":1365}]",16.073,"2025-08-01T14:00:03.010530Z"
6086,"1","2025-08-01T14:00:15.280313Z",15329,"https://iiif.irht.cnrs.fr/iiif/ark:/63955/vcqffsccdmoe/full/1200,/0/default.jpg","[{""x"":0.7049196787148525,""y"":3.981084337349392,""width"":93.93082329317272,""height"":56.65903614457831,""rotation"":0,""rectanglelabels"":[""AF""],""original_width"":1200,""original_height"":1444}]",10.014,"2025-08-01T14:00:15.280313Z"
15767,"1","2025-08-06T09:40:40.541296Z",15330,"https://iiif.irht.cnrs.fr/iiif/ark:/63955/v7q3yk0su2nr/full/1200,/0/default.jpg","[{""rotation"":0,""x"":0.0,""y"":0.0,""width"":100.0,""height"":100.0,""rectanglelabels"":[""NIA""],""original_width"":2048.0,""original_height"":2048.0}]","","2025-08-06T09:40:40.541296Z"
15768,"1","2025-08-06T09:40:40.541296Z",15331,"https://iiif.irht.cnrs.fr/iiif/ark:/63955/vt6g2oelnrye/full/1200,/0/default.jpg","[{""rotation"":0,""x"":0.0,""y"":0.0,""width"":100.0,""height"":100.0,""rectanglelabels"":[""NIA""],""original_width"":2048.0,""original_height"":2048.0}]","","2025-08-06T09:40:40.541296Z"
15769,"1","2025-08-06T09:40:40.541296Z",15332,"https://iiif.irht.cnrs.fr/iiif/ark:/63955/v03j8f98u47w/full/1200,/0/default.jpg","[{""rotation"":0,""x"":0.6799999999999973,""y"":1.1149999999999993,""width"":99.32,""height"":38.91,""rectanglelabels"":[""AF""],""original_width"":4083.0,""original_height"":5029.0},{""rotation"":0,""x"":0.6149999999999989,""y"":39.945,""width"":99.39,""height"":59.97,""rectanglelabels"":[""AI""],""original_width"":4083.0,""original_height"":5029.0}]","","2025-08-06T09:40:40.541296Z"
15770,"1","2025-08-06T09:40:40.541296Z",15333,"https://iiif.irht.cnrs.fr/iiif/ark:/63955/v6e7jqk5fzd5/full/1200,/0/default.jpg","[{""rotation"":0,""x"":0.0,""y"":0.0,""width"":100.0,""height"":100.0,""rectanglelabels"":[""NIA""],""original_width"":2048.0,""original_height"":2048.0}]","","2025-08-06T09:40:40.541296Z"
6087,"1","2025-08-01T14:01:34.402924Z",15334,"https://iiif.irht.cnrs.fr/iiif/ark:/63955/vieqxwhhn5hv/full/1200,/0/default.jpg","[{""x"":0.05000000000000003,""y"":3.9431927710843353,""width"":87.62666666666668,""height"":31.01144578313253,""rotation"":0,""rectanglelabels"":[""AF""],""original_width"":1200,""original_height"":1408},{""x"":0.02000000000000334,""y"":34.93560240963855,""width"":87.81172690763054,""height"":63.79939759036137,""rotation"":0,""rectanglelabels"":[""AI""],""original_width"":1200,""original_height"":1408}]",17.06,"2025-08-01T14:01:34.402924Z"
15771,"1","2025-08-06T09:40:40.541296Z",15335,"https://iiif.irht.cnrs.fr/iiif/ark:/63955/vb52mwl8qx8t/full/1200,/0/default.jpg","[{""rotation"":0,""x"":0.5600000000000049,""y"":2.42,""width"":99.44,""height"":30.880000000000003,""rectanglelabels"":[""AF""],""original_width"":4083.0,""original_height"":5029.0},{""rotation"":0,""x"":0.5600000000000049,""y"":33.245,""width"":99.44,""height"":66.67,""rectanglelabels"":[""AI""],""original_width"":4083.0,""original_height"":5029.0}]","","2025-08-06T09:40:40.541296Z"
6088,"1","2025-08-01T14:02:05.779720Z",15336,"https://iiif.irht.cnrs.fr/iiif/ark:/63955/vgh9qp3ux0cb/full/1200,/0/default.jpg","[{""x"":0.019999999999997815,""y"":49.59963855421687,""width"":88.73397590361444,""height"":46.530361445783214,""rotation"":0,""rectanglelabels"":[""AI""],""original_width"":1200,""original_height"":1408},{""x"":0.050000000000000044,""y"":1.949999999999991,""width"":88.2562248995984,""height"":47.680481927710844,""rotation"":0,""rectanglelabels"":[""AF""],""original_width"":1200,""original_height"":1408}]",25.144,"2025-08-01T14:02:05.779720Z"
15772,"1","2025-08-06T09:40:40.541296Z",15337,"https://iiif.irht.cnrs.fr/iiif/ark:/63955/vnbccxsrr1v9/full/1200,/0/default.jpg","[{""rotation"":0,""x"":0.38000000000000256,""y"":2.9100000000000015,""width"":99.62,""height"":96.96000000000001,""rectanglelabels"":[""Table""],""original_width"":4019.0,""original_height"":4893.0}]","","2025-08-06T09:40:40.541296Z"
15773,"1","2025-08-06T09:40:40.541296Z",15338,"https://iiif.irht.cnrs.fr/iiif/ark:/63955/vr988rve8rqd/full/1200,/0/default.jpg","[{""rotation"":0,""x"":0.3650000000000042,""y"":2.8100000000000014,""width"":99.63,""height"":69.34,""rectanglelabels"":[""AF""],""original_width"":4083.0,""original_height"":5029.0},{""rotation"":0,""x"":0.32500000000000306,""y"":71.945,""width"":99.67,""height"":27.93,""rectanglelabels"":[""AI""],""original_width"":4083.0,""original_height"":5029.0}]","","2025-08-06T09:40:40.541296Z"
15774,"1","2025-08-06T09:40:40.541296Z",15339,"https://iiif.irht.cnrs.fr/iiif/ark:/63955/vucafk0ctuta/full/1200,/0/default.jpg","[{""rotation"":0,""x"":0.024999999999997247,""y"":56.64,""width"":97.37,""height"":39.34,""rectanglelabels"":[""AI""],""original_width"":4256.0,""original_height"":4993.0},{""rotation"":0,""x"":0.060000000000004494,""y"":1.0099999999999998,""width"":93.38,""height"":56.00000000000001,""rectanglelabels"":[""AF""],""original_width"":4256.0,""original_height"":4993.0}]","","2025-08-06T09:40:40.541296Z"
6089,"1","2025-08-01T14:02:49.185492Z",15340,"https://iiif.irht.cnrs.fr/iiif/ark:/63955/v3j07ex8q9z0/full/1200,/0/default.jpg","[{""x"":12.486485943775095,""y"":4.909638554216868,""width"":87.51351405622486,""height"":72.68072289156628,""rotation"":0,""rectanglelabels"":[""AF""],""original_width"":1200,""original_height"":1478}]",10.484,"2025-08-01T14:02:49.185492Z"
15775,"1","2025-08-06T09:40:40.541296Z",15341,"https://iiif.irht.cnrs.fr/iiif/ark:/63955/vi8sen05dezp/full/1200,/0/default.jpg","[{""rotation"":0,""x"":0.040000000000001146,""y"":73.96000000000001,""width"":98.6,""height"":21.82,""rectanglelabels"":[""AI""],""original_width"":4256.0,""original_height"":4993.0},{""rotation"":0,""x"":0.054999999999999494,""y"":2.905000000000002,""width"":96.03,""height"":70.89,""rectanglelabels"":[""AC""],""original_width"":4256.0,""original_height"":4993.0}]","","2025-08-06T09:40:40.541296Z"
15776,"1","2025-08-06T09:40:40.541296Z",15342,"https://iiif.irht.cnrs.fr/iiif/ark:/63955/vpfaqs3kmen6/full/1200,/0/default.jpg","[{""rotation"":0,""x"":2.4949999999999974,""y"":66.58500000000001,""width"":97.50999999999999,""height"":5.93,""rectanglelabels"":[""AC""],""original_width"":4083.0,""original_height"":5029.0},{""rotation"":0,""x"":1.244999999999996,""y"":72.36,""width"":98.75,""height"":27.58,""rectanglelabels"":[""AI""],""original_width"":4083.0,""original_height"":5029.0},{""rotation"":0,""x"":0.49499999999999544,""y"":2.4799999999999986,""width"":99.51,""height"":64.32,""rectanglelabels"":[""AF""],""original_width"":4083.0,""original_height"":5029.0}]","","2025-08-06T09:40:40.541296Z"
15777,"1","2025-08-06T09:40:40.541296Z",15343,"https://iiif.irht.cnrs.fr/iiif/ark:/63955/vevkc3bm3c4c/full/1200,/0/default.jpg","[{""rotation"":0,""x"":0.13500000000000179,""y"":74.80499999999999,""width"":99.87,""height"":21.05,""rectanglelabels"":[""AI""],""original_width"":4256.0,""original_height"":4993.0},{""rotation"":0,""x"":0.029999999999996696,""y"":1.8199999999999994,""width"":97.24000000000001,""height"":72.94,""rectanglelabels"":[""AF""],""original_width"":4256.0,""original_height"":4993.0}]","","2025-08-06T09:40:40.541296Z"
15778,"1","2025-08-06T09:40:40.541296Z",15344,"https://iiif.irht.cnrs.fr/iiif/ark:/63955/v4iz4ocio273/full/1200,/0/default.jpg","[{""rotation"":0,""x"":0.47499999999999765,""y"":3.234999999999999,""width"":99.53,""height"":52.370000000000005,""rectanglelabels"":[""AF""],""original_width"":4083.0,""original_height"":5029.0},{""rotation"":0,""x"":0.38000000000000256,""y"":55.65,""width"":99.62,""height"":44.22,""rectanglelabels"":[""AI""],""original_width"":4083.0,""original_height"":5029.0}]","","2025-08-06T09:40:40.541296Z"
15779,"1","2025-08-06T09:40:40.541296Z",15345,"https://iiif.irht.cnrs.fr/iiif/ark:/63955/vdywhiiv6pa1/full/1200,/0/default.jpg","[{""rotation"":0,""x"":0.029999999999996696,""y"":1.8399999999999999,""width"":97.64,""height"":44.36,""rectanglelabels"":[""AF""],""original_width"":4256.0,""original_height"":4993.0},{""rotation"":0,""x"":0.019999999999997797,""y"":46.129999999999995,""width"":93.02,""height"":50.1,""rectanglelabels"":[""AI""],""original_width"":4256.0,""original_height"":4993.0}]","","2025-08-06T09:40:40.541296Z"
15780,"1","2025-08-06T09:40:40.541296Z",15346,"https://iiif.irht.cnrs.fr/iiif/ark:/63955/v9n5l99xel1x/full/1200,/0/default.jpg","[{""rotation"":0,""x"":0.13500000000000179,""y"":57.02,""width"":99.87,""height"":42.82,""rectanglelabels"":[""AI""],""original_width"":4083.0,""original_height"":5029.0},{""rotation"":0,""x"":0.3200000000000036,""y"":3.7450000000000037,""width"":99.68,""height"":53.47,""rectanglelabels"":[""AF""],""original_width"":4083.0,""original_height"":5029.0}]","","2025-08-06T09:40:40.541296Z"
15781,"1","2025-08-06T09:40:40.541296Z",15347,"https://iiif.irht.cnrs.fr/iiif/ark:/63955/vl5lyo90wdeu/full/1200,/0/default.jpg","[{""rotation"":0,""x"":0.050000000000000044,""y"":1.0299999999999976,""width"":99.5,""height"":76.98,""rectanglelabels"":[""AF""],""original_width"":4256.0,""original_height"":4993.0},{""rotation"":0,""x"":0.06999999999999784,""y"":77.89999999999999,""width"":99.92,""height"":18.08,""rectanglelabels"":[""AI""],""original_width"":4256.0,""original_height"":4993.0}]","","2025-08-06T09:40:40.541296Z"
15782,"1","2025-08-06T09:40:40.541296Z",15348,"https://iiif.irht.cnrs.fr/iiif/ark:/63955/vvrbbcsodpie/full/1200,/0/default.jpg","[{""rotation"":0,""x"":0.0,""y"":0.38000000000000256,""width"":99.94,""height"":98.1,""rectanglelabels"":[""Table""],""original_width"":4256.0,""original_height"":4947.0}]","","2025-08-06T09:40:40.541296Z"
15783,"1","2025-08-06T09:40:40.541296Z",15349,"https://iiif.irht.cnrs.fr/iiif/ark:/63955/v9vdsqjh0lro/full/1200,/0/default.jpg","[{""rotation"":0,""x"":0.19500000000000073,""y"":3.7700000000000014,""width"":99.81,""height"":69.14,""rectanglelabels"":[""AF""],""original_width"":4083.0,""original_height"":5029.0},{""rotation"":0,""x"":0.05999999999999894,""y"":72.675,""width"":99.94,""height"":27.169999999999998,""rectanglelabels"":[""AI""],""original_width"":4083.0,""original_height"":5029.0}]","","2025-08-06T09:40:40.541296Z"
15784,"1","2025-08-06T09:40:40.541296Z",15350,"https://iiif.irht.cnrs.fr/iiif/ark:/63955/vrcx09cma97g/full/1200,/0/default.jpg","[{""rotation"":0,""x"":0.07499999999999729,""y"":3.170000000000001,""width"":93.33,""height"":57.099999999999994,""rectanglelabels"":[""AF""],""original_width"":4256.0,""original_height"":4993.0},{""rotation"":0,""x"":0.045000000000000595,""y"":60.01,""width"":97.49,""height"":37.54,""rectanglelabels"":[""AI""],""original_width"":4256.0,""original_height"":4993.0}]","","2025-08-06T09:40:40.541296Z"
15785,"1","2025-08-06T09:40:40.541296Z",15351,"https://iiif.irht.cnrs.fr/iiif/ark:/63955/vv55461ikwrf/full/1200,/0/default.jpg","[{""rotation"":0,""x"":0.0,""y"":4.185,""width"":100.0,""height"":52.03,""rectanglelabels"":[""AF""],""original_width"":4083.0,""original_height"":5029.0},{""rotation"":0,""x"":0.2549999999999941,""y"":56.215,""width"":99.75,""height"":43.59,""rectanglelabels"":[""AI""],""original_width"":4083.0,""original_height"":5029.0}]","","2025-08-06T09:40:40.541296Z"
6090,"1","2025-08-01T14:05:31.022260Z",15352,"https://iiif.irht.cnrs.fr/iiif/ark:/63955/v9k5t26etv66/full/1200,/0/default.jpg","[{""x"":0.06999999999999784,""y"":0.8550000000000002,""width"":93.52000000000001,""height"":69.78999999999999,""rotation"":0,""rectanglelabels"":[""AF""],""original_width"":1200,""original_height"":1408},{""x"":5.524541110166884e-15,""y"":70.74740963855423,""width"":93.82947791164659,""height"":27.410000000000007,""rotation"":0,""rectanglelabels"":[""AI""],""original_width"":1200,""original_height"":1408}]",11.085,"2025-08-01T14:05:31.022260Z"
15786,"1","2025-08-06T09:40:40.541296Z",15353,"https://iiif.irht.cnrs.fr/iiif/ark:/63955/vs6g5sqez795/full/1200,/0/default.jpg","[{""rotation"":0,""x"":0.5049999999999943,""y"":3.514999999999996,""width"":99.49,""height"":96.27,""rectanglelabels"":[""AM""],""original_width"":4083.0,""original_height"":5029.0}]","","2025-08-06T09:40:40.541296Z"
15787,"1","2025-08-06T09:40:40.541296Z",15354,"https://iiif.irht.cnrs.fr/iiif/ark:/63955/vcebewvaoaj9/full/1200,/0/default.jpg","[{""rotation"":0,""x"":0.06499999999999839,""y"":0.4650000000000043,""width"":98.85000000000001,""height"":98.42999999999999,""rectanglelabels"":[""AM""],""original_width"":4256.0,""original_height"":4993.0}]","","2025-08-06T09:40:40.541296Z"
15788,"1","2025-08-06T09:40:40.541296Z",15355,"https://iiif.irht.cnrs.fr/iiif/ark:/63955/vgcbnr5ixbb4/full/1200,/0/default.jpg","[{""rotation"":0,""x"":0.4599999999999993,""y"":51.615,""width"":99.53999999999999,""height"":48.209999999999994,""rectanglelabels"":[""AI""],""original_width"":4083.0,""original_height"":5029.0},{""rotation"":0,""x"":0.38000000000000256,""y"":3.2900000000000014,""width"":99.62,""height"":48.36,""rectanglelabels"":[""AF""],""original_width"":4083.0,""original_height"":5029.0}]","","2025-08-06T09:40:40.541296Z"
6091,"1","2025-08-01T14:05:56.810238Z",15356,"https://iiif.irht.cnrs.fr/iiif/ark:/63955/vrgwivwp512j/full/1200,/0/default.jpg","[{""x"":0.054999999999999515,""y"":3.529999999999996,""width"":88.20622489959841,""height"":41.69999999999995,""rotation"":0,""rectanglelabels"":[""AF""],""original_width"":1200,""original_height"":1408},{""x"":0,""y"":45.154337349397586,""width"":88.43807228915665,""height"":54.84566265060239,""rotation"":0,""rectanglelabels"":[""AI""],""original_width"":1200,""original_height"":1408}]",12.525,"2025-08-01T14:05:56.810238Z"
15789,"1","2025-08-06T09:40:40.543301Z",15357,"https://iiif.irht.cnrs.fr/iiif/ark:/63955/vdgg8q5jae0n/full/1200,/0/default.jpg","[{""rotation"":0,""x"":0.40000000000000036,""y"":3.280000000000005,""width"":99.6,""height"":96.39999999999999,""rectanglelabels"":[""AF""],""original_width"":4083.0,""original_height"":5029.0}]","","2025-08-06T09:40:40.543301Z"
6092,"1","2025-08-01T14:07:32.030914Z",15358,"https://iiif.irht.cnrs.fr/iiif/ark:/63955/vqofv6c7ihyz/full/1200,/0/default.jpg","[{""x"":0.024999999999997247,""y"":2.450000000000002,""width"":98.89,""height"":70.58,""rotation"":0,""rectanglelabels"":[""AC""],""original_width"":1200,""original_height"":1408},{""x"":0.03499999999999616,""y"":77.74289156626506,""width"":99.46999999999998,""height"":18.07710843373493,""rotation"":0,""rectanglelabels"":[""AI""],""original_width"":1200,""original_height"":1408},{""x"":0.8099999999999994,""y"":73.0874096385542,""width"":98.03742971887549,""height"":4.787590361445773,""rotation"":0,""rectanglelabels"":[""AC""],""original_width"":1200,""original_height"":1408}]",14.958,"2025-08-01T14:07:32.030914Z"
15790,"1","2025-08-06T09:40:40.543301Z",15359,"https://iiif.irht.cnrs.fr/iiif/ark:/63955/vu1c3oijhf7t/full/1200,/0/default.jpg","[{""rotation"":0,""x"":0.2999999999999947,""y"":2.3400000000000034,""width"":99.7,""height"":97.48,""rectanglelabels"":[""Table""],""original_width"":3983.0,""original_height"":4893.0}]","","2025-08-06T09:40:40.543301Z"
15791,"1","2025-08-06T09:40:40.543301Z",15360,"https://iiif.irht.cnrs.fr/iiif/ark:/63955/vdhua70c9jpq/full/1200,/0/default.jpg","[{""rotation"":0,""x"":0.385000000000002,""y"":3.7349999999999994,""width"":99.61,""height"":49.370000000000005,""rectanglelabels"":[""AF""],""original_width"":4083.0,""original_height"":5029.0},{""rotation"":0,""x"":0.2549999999999941,""y"":53.144999999999996,""width"":99.75,""height"":46.63,""rectanglelabels"":[""AI""],""original_width"":4083.0,""original_height"":5029.0}]","","2025-08-06T09:40:40.543301Z"
6093,"1","2025-08-01T14:08:17.813831Z",15361,"https://iiif.irht.cnrs.fr/iiif/ark:/63955/v0yg5irkiea6/full/1200,/0/default.jpg","[{""x"":0,""y"":74.25753012048195,""width"":99.55999999999999,""height"":23.083253012048154,""rotation"":0,""rectanglelabels"":[""AI""],""original_width"":1200,""original_height"":1408},{""x"":0.025000000000002808,""y"":0.43999999999999606,""width"":99.82999999999997,""height"":73.9267469879518,""rotation"":0,""rectanglelabels"":[""AF""],""original_width"":1200,""original_height"":1408}]",12.447,"2025-08-01T14:08:17.813831Z"
15792,"1","2025-08-06T09:40:40.543301Z",15362,"https://iiif.irht.cnrs.fr/iiif/ark:/63955/vt5d6dwnbv1t/full/1200,/0/default.jpg","[{""rotation"":0,""x"":0.22499999999999742,""y"":70.52000000000001,""width"":99.77000000000001,""height"":29.32,""rectanglelabels"":[""AI""],""original_width"":4083.0,""original_height"":5029.0},{""rotation"":0,""x"":0.0,""y"":2.5349999999999984,""width"":100.0,""height"":67.91,""rectanglelabels"":[""AF""],""original_width"":4083.0,""original_height"":5029.0}]","","2025-08-06T09:40:40.543301Z"
15793,"1","2025-08-06T09:40:40.543301Z",15363,"https://iiif.irht.cnrs.fr/iiif/ark:/63955/vqc0qoaae0ac/full/1200,/0/default.jpg","[{""rotation"":0,""x"":0.06999999999999784,""y"":69.41000000000001,""width"":99.18,""height"":26.44,""rectanglelabels"":[""AI""],""original_width"":4256.0,""original_height"":4993.0},{""rotation"":0,""x"":0.045000000000000595,""y"":0.43999999999999595,""width"":99.79,""height"":68.7,""rectanglelabels"":[""AF""],""original_width"":4256.0,""original_height"":4993.0}]","","2025-08-06T09:40:40.543301Z"
15794,"1","2025-08-06T09:40:40.543301Z",15364,"https://iiif.irht.cnrs.fr/iiif/ark:/63955/vhgu80dnakhg/full/1200,/0/default.jpg","[{""rotation"":0,""x"":0.31500000000000417,""y"":1.6650000000000054,""width"":99.69,""height"":98.00999999999999,""rectanglelabels"":[""AM""],""original_width"":4083.0,""original_height"":5029.0}]","","2025-08-06T09:40:40.543301Z"
15795,"1","2025-08-06T09:40:40.543301Z",15365,"https://iiif.irht.cnrs.fr/iiif/ark:/63955/vxottc5pezfq/full/1200,/0/default.jpg","[{""rotation"":0,""x"":0.040000000000001146,""y"":23.950000000000003,""width"":98.1,""height"":43.72,""rectanglelabels"":[""AC""],""original_width"":4256.0,""original_height"":4993.0},{""rotation"":0,""x"":0.045000000000000595,""y"":67.61999999999999,""width"":99.61,""height"":28.360000000000003,""rectanglelabels"":[""AI""],""original_width"":4256.0,""original_height"":4993.0},{""rotation"":0,""x"":0.009999999999998899,""y"":0.07500000000000007,""width"":99.88,""height"":23.95,""rectanglelabels"":[""AF""],""original_width"":4256.0,""original_height"":4993.0}]","","2025-08-06T09:40:40.543301Z"
15796,"1","2025-08-06T09:40:40.543301Z",15366,"https://iiif.irht.cnrs.fr/iiif/ark:/63955/vz5faftbq6s6/full/1200,/0/default.jpg","[{""rotation"":0,""x"":0.2599999999999991,""y"":49.650000000000006,""width"":99.74,""height"":50.22,""rectanglelabels"":[""AI""],""original_width"":4083.0,""original_height"":5029.0},{""rotation"":0,""x"":0.2549999999999941,""y"":1.150000000000001,""width"":99.75,""height"":48.5,""rectanglelabels"":[""AF""],""original_width"":4083.0,""original_height"":5029.0}]","","2025-08-06T09:40:40.543301Z"
15797,"1","2025-08-06T09:40:40.545306Z",15367,"https://iiif.irht.cnrs.fr/iiif/ark:/63955/v016ephy6xvv/full/1200,/0/default.jpg","[{""rotation"":0,""x"":0.014999999999998348,""y"":0.38499999999999923,""width"":99.89,""height"":26.950000000000003,""rectanglelabels"":[""AF""],""original_width"":4256.0,""original_height"":4993.0},{""rotation"":0,""x"":0.07000000000000339,""y"":27.275,""width"":99.62,""height"":69.87,""rectanglelabels"":[""AC""],""original_width"":4256.0,""original_height"":4993.0}]","","2025-08-06T09:40:40.545306Z"
6094,"1","2025-08-01T14:09:07.205695Z",15368,"https://iiif.irht.cnrs.fr/iiif/ark:/63955/vrp7xelwubwz/full/1200,/0/default.jpg","[{""x"":0.1250000000000029,""y"":56.964999999999996,""width"":99.87,""height"":42.79,""rotation"":0,""rectanglelabels"":[""AI""],""original_width"":1200,""original_height"":1478},{""x"":0.4549999999999943,""y"":3.2299999999999995,""width"":99.55000000000001,""height"":53.839999999999996,""rotation"":0,""rectanglelabels"":[""AC""],""original_width"":1200,""original_height"":1478}]",3.335,"2025-08-01T14:09:07.205695Z"
15798,"1","2025-08-06T09:40:40.545306Z",15369,"https://iiif.irht.cnrs.fr/iiif/ark:/63955/vq6fkh5qabrb/full/1200,/0/default.jpg","[{""rotation"":0,""x"":0.05999999999999894,""y"":50.35000000000001,""width"":99.22,""height"":45.660000000000004,""rectanglelabels"":[""AI""],""original_width"":4256.0,""original_height"":4993.0},{""rotation"":0,""x"":0.05999999999999894,""y"":0.6250000000000006,""width"":99.76,""height"":49.730000000000004,""rectanglelabels"":[""AF""],""original_width"":4256.0,""original_height"":4993.0}]","","2025-08-06T09:40:40.545306Z"
15799,"1","2025-08-06T09:40:40.545306Z",15370,"https://iiif.irht.cnrs.fr/iiif/ark:/63955/vrjrjail6rgx/full/1200,/0/default.jpg","[{""rotation"":0,""x"":0.004999999999999449,""y"":1.689999999999997,""width"":99.49,""height"":96.66,""rectanglelabels"":[""Table""],""original_width"":4256.0,""original_height"":4947.0}]","","2025-08-06T09:40:40.545306Z"
15800,"1","2025-08-06T09:40:40.545306Z",15371,"https://iiif.irht.cnrs.fr/iiif/ark:/63955/vh50z37xz2oo/full/1200,/0/default.jpg","[{""rotation"":0,""x"":0.24499999999999522,""y"":54.715,""width"":99.75,""height"":45.11,""rectanglelabels"":[""AI""],""original_width"":4083.0,""original_height"":5029.0},{""rotation"":0,""x"":0.30499999999999416,""y"":2.124999999999999,""width"":99.69,""height"":52.59,""rectanglelabels"":[""AF""],""original_width"":4083.0,""original_height"":5029.0}]","","2025-08-06T09:40:40.545306Z"
15801,"1","2025-08-06T09:40:40.545306Z",15372,"https://iiif.irht.cnrs.fr/iiif/ark:/63955/v9m3vix7ewxl/full/1200,/0/default.jpg","[{""rotation"":0,""x"":0.08000000000000229,""y"":2.2299999999999986,""width"":99.24,""height"":95.24000000000001,""rectanglelabels"":[""AF""],""original_width"":4256.0,""original_height"":4993.0}]","","2025-08-06T09:40:40.545306Z"
15802,"1","2025-08-06T09:40:40.545306Z",15373,"https://iiif.irht.cnrs.fr/iiif/ark:/63955/vch3h8dszpa4/full/1200,/0/default.jpg","[{""rotation"":0,""x"":0.009999999999998899,""y"":2.2799999999999985,""width"":99.76,""height"":97.3,""rectanglelabels"":[""AI""],""original_width"":4138.0,""original_height"":5029.0}]","","2025-08-06T09:40:40.545306Z"
15803,"1","2025-08-06T09:40:40.545306Z",15374,"https://iiif.irht.cnrs.fr/iiif/ark:/63955/vq97x660vvah/full/1200,/0/default.jpg","[{""rotation"":0,""x"":0.07000000000000339,""y"":39.515,""width"":98.2,""height"":56.07,""rectanglelabels"":[""AI""],""original_width"":4256.0,""original_height"":4993.0},{""rotation"":0,""x"":0.045000000000000595,""y"":0.7400000000000018,""width"":99.79,""height"":38.82,""rectanglelabels"":[""AF""],""original_width"":4256.0,""original_height"":4993.0}]","","2025-08-06T09:40:40.545306Z"
15804,"1","2025-08-06T09:40:40.545306Z",15375,"https://iiif.irht.cnrs.fr/iiif/ark:/63955/vz50wceta05s/full/1200,/0/default.jpg","[{""rotation"":0,""x"":0.10499999999999954,""y"":34.42,""width"":99.71,""height"":65.25999999999999,""rectanglelabels"":[""AC""],""original_width"":4138.0,""original_height"":5029.0},{""rotation"":0,""x"":0.0,""y"":2.4800000000000018,""width"":99.8,""height"":31.919999999999998,""rectanglelabels"":[""AF""],""original_width"":4138.0,""original_height"":5029.0}]","","2025-08-06T09:40:40.545306Z"
15805,"1","2025-08-06T09:40:40.545306Z",15376,"https://iiif.irht.cnrs.fr/iiif/ark:/63955/v3m0gfz6p4wz/full/1200,/0/default.jpg","[{""rotation"":0,""x"":0.06499999999999839,""y"":2.460000000000001,""width"":99.79,""height"":93.82000000000001,""rectanglelabels"":[""AI""],""original_width"":4256.0,""original_height"":4993.0}]","","2025-08-06T09:40:40.545306Z"
15806,"1","2025-08-06T09:40:40.545306Z",15377,"https://iiif.irht.cnrs.fr/iiif/ark:/63955/vbt5iu1e4ida/full/1200,/0/default.jpg","[{""rotation"":0,""x"":0.4549999999999943,""y"":45.720000000000006,""width"":99.35000000000001,""height"":54.279999999999994,""rectanglelabels"":[""AI""],""original_width"":4138.0,""original_height"":5029.0},{""rotation"":0,""x"":0.38000000000000256,""y"":0.68,""width"":99.36,""height"":45.0,""rectanglelabels"":[""AF""],""original_width"":4138.0,""original_height"":5029.0}]","","2025-08-06T09:40:40.545306Z"
15807,"1","2025-08-06T09:40:40.545306Z",15378,"https://iiif.irht.cnrs.fr/iiif/ark:/63955/vianx3xx9q1w/full/1200,/0/default.jpg","[{""rotation"":0,""x"":0.06499999999999839,""y"":36.765,""width"":99.69,""height"":59.77,""rectanglelabels"":[""AI""],""original_width"":4256.0,""original_height"":4993.0},{""rotation"":0,""x"":-0.0050000000000050004,""y"":0.7700000000000012,""width"":99.95,""height"":36.0,""rectanglelabels"":[""AF""],""original_width"":4256.0,""original_height"":4993.0}]","","2025-08-06T09:40:40.545306Z"
15808,"1","2025-08-06T09:40:40.545306Z",15379,"https://iiif.irht.cnrs.fr/iiif/ark:/63955/vqhbqn1uk06d/full/1200,/0/default.jpg","[{""rotation"":0,""x"":0.13000000000000234,""y"":0.599999999999995,""width"":99.7,""height"":73.14,""rectanglelabels"":[""AF""],""original_width"":4201.0,""original_height"":5029.0},{""rotation"":0,""x"":3.2350000000000048,""y"":73.525,""width"":96.67,""height"":26.450000000000003,""rectanglelabels"":[""AI""],""original_width"":4201.0,""original_height"":5029.0}]","","2025-08-06T09:40:40.545306Z"
15809,"1","2025-08-06T09:40:40.545306Z",15380,"https://iiif.irht.cnrs.fr/iiif/ark:/63955/v6p873dqhn9r/full/1200,/0/default.jpg","[{""rotation"":0,""x"":0.004999999999999449,""y"":58.589999999999996,""width"":99.97,""height"":37.32,""rectanglelabels"":[""AI""],""original_width"":4156.0,""original_height"":4993.0},{""rotation"":0,""x"":0.044999999999995044,""y"":1.3449999999999962,""width"":99.85000000000001,""height"":57.31,""rectanglelabels"":[""AF""],""original_width"":4156.0,""original_height"":4993.0}]","","2025-08-06T09:40:40.545306Z"
15810,"1","2025-08-06T09:40:40.545306Z",15381,"https://iiif.irht.cnrs.fr/iiif/ark:/63955/v3sawgnlz2g0/full/1200,/0/default.jpg","[{""rotation"":0,""x"":0.26499999999999857,""y"":2.5349999999999984,""width"":99.72999999999999,""height"":96.77,""rectanglelabels"":[""Table""],""original_width"":3983.0,""original_height"":4893.0}]","","2025-08-06T09:40:40.545306Z"
15811,"1","2025-08-06T09:40:40.545306Z",15382,"https://iiif.irht.cnrs.fr/iiif/ark:/63955/va7u854y60po/full/1200,/0/default.jpg","[{""rotation"":0,""x"":0.32500000000000306,""y"":4.214999999999999,""width"":99.51,""height"":27.810000000000002,""rectanglelabels"":[""AF""],""original_width"":4201.0,""original_height"":5029.0},{""rotation"":0,""x"":1.0599999999999943,""y"":31.990000000000002,""width"":98.78,""height"":67.67999999999999,""rectanglelabels"":[""AC""],""original_width"":4201.0,""original_height"":5029.0}]","","2025-08-06T09:40:40.545306Z"
15812,"1","2025-08-06T09:40:40.545306Z",15383,"https://iiif.irht.cnrs.fr/iiif/ark:/63955/vcgbdavdh9k6/full/1200,/0/default.jpg","[{""rotation"":0,""x"":0.08500000000000174,""y"":3.5399999999999987,""width"":92.86999999999999,""height"":92.06,""rectanglelabels"":[""AI""],""original_width"":4238.0,""original_height"":4993.0}]","","2025-08-06T09:40:40.545306Z"
15813,"1","2025-08-06T09:40:40.545306Z",15384,"https://iiif.irht.cnrs.fr/iiif/ark:/63955/vis9virisitz/full/1200,/0/default.jpg","[{""rotation"":0,""x"":0.40499999999999425,""y"":30.165000000000003,""width"":99.47,""height"":69.61,""rectanglelabels"":[""AI""],""original_width"":4201.0,""original_height"":5029.0},{""rotation"":0,""x"":1.0099999999999998,""y"":2.87,""width"":98.8,""height"":27.22,""rectanglelabels"":[""AF""],""original_width"":4201.0,""original_height"":5029.0}]","","2025-08-06T09:40:40.545306Z"
6095,"1","2025-08-01T14:13:16.865370Z",15385,"https://iiif.irht.cnrs.fr/iiif/ark:/63955/vd24h1bhqzu7/full/1200,/0/default.jpg","[{""x"":0,""y"":3.26,""width"":88.40686746987951,""height"":29.159999999999993,""rotation"":0,""rectanglelabels"":[""AF""],""original_width"":1200,""original_height"":1414},{""x"":0.004999999999999446,""y"":67.73837349397593,""width"":89.88999999999999,""height"":28.246626506024135,""rotation"":0,""rectanglelabels"":[""AI""],""original_width"":1200,""original_height"":1414},{""x"":0.10499999999999951,""y"":32.16999999999994,""width"":89.14506024096387,""height"":35.79999999999997,""rotation"":0,""rectanglelabels"":[""AC""],""original_width"":1200,""original_height"":1414}]",14.034,"2025-08-01T14:13:16.865370Z"
15814,"1","2025-08-06T09:40:40.545306Z",15386,"https://iiif.irht.cnrs.fr/iiif/ark:/63955/va7i6lzg55yy/full/1200,/0/default.jpg","[{""rotation"":0,""x"":0.4850000000000021,""y"":3.939999999999999,""width"":99.35000000000001,""height"":62.82,""rectanglelabels"":[""AF""],""original_width"":4201.0,""original_height"":5029.0},{""rotation"":0,""x"":0.5449999999999955,""y"":66.68499999999999,""width"":99.39,""height"":33.25,""rectanglelabels"":[""AI""],""original_width"":4201.0,""original_height"":5029.0}]","","2025-08-06T09:40:40.545306Z"
6096,"1","2025-08-01T14:13:29.944282Z",15387,"https://iiif.irht.cnrs.fr/iiif/ark:/63955/vfug6c9p6928/full/1200,/0/default.jpg","[{""x"":4.996003610813204e-15,""y"":54.15397590361445,""width"":91.82000000000001,""height"":45.06,""rotation"":0,""rectanglelabels"":[""AI""],""original_width"":1200,""original_height"":1414},{""x"":0.08500000000000174,""y"":1.1349999999999971,""width"":93.05,""height"":53.010000000000005,""rotation"":0,""rectanglelabels"":[""AF""],""original_width"":1200,""original_height"":1414}]",6.58,"2025-08-01T14:13:29.944282Z"
6097,"1","2025-08-01T14:14:41.672195Z",15388,"https://iiif.irht.cnrs.fr/iiif/ark:/63955/vej9p10ov7z3/full/1200,/0/default.jpg","[{""x"":0.6750000000000058,""y"":52.10789156626506,""width"":99.21,""height"":43.75,""rotation"":0,""rectanglelabels"":[""AI""],""original_width"":1200,""original_height"":1437},{""x"":0.3342771084337342,""y"":1.777891566265062,""width"":99.64,""height"":50.51,""rotation"":0,""rectanglelabels"":[""AF""],""original_width"":1200,""original_height"":1437}]",70.452,"2025-08-01T14:14:41.672195Z"
15815,"1","2025-08-06T09:40:40.545306Z",15389,"https://iiif.irht.cnrs.fr/iiif/ark:/63955/vq6opmuvlsbf/full/1200,/0/default.jpg","[{""rotation"":0,""x"":0.030000000000002247,""y"":59.73500000000001,""width"":89.53999999999999,""height"":36.17,""rectanglelabels"":[""AI""],""original_width"":4238.0,""original_height"":4993.0},{""rotation"":0,""x"":0.034999999999996145,""y"":2.5050000000000017,""width"":93.31,""height"":57.589999999999996,""rectanglelabels"":[""AF""],""original_width"":4238.0,""original_height"":4993.0}]","","2025-08-06T09:40:40.545306Z"
6098,"1","2025-08-01T14:14:54.697349Z",15390,"https://iiif.irht.cnrs.fr/iiif/ark:/63955/v9isi7yr975t/full/1200,/0/default.jpg","[{""x"":12.331445783132525,""y"":3.6401204819277138,""width"":87.23499999999993,""height"":69.69590361445785,""rotation"":0,""rectanglelabels"":[""AF""],""original_width"":1200,""original_height"":1437}]",5.257,"2025-08-01T14:14:54.697349Z"
6099,"1","2025-08-01T14:15:05.684118Z",15391,"https://iiif.irht.cnrs.fr/iiif/ark:/63955/vhvvijqqjugp/full/1200,/0/default.jpg","",6.021,"2025-08-01T14:15:05.684118Z"
15816,"1","2025-08-06T09:40:40.545306Z",15392,"https://iiif.irht.cnrs.fr/iiif/ark:/63955/vejpx27c914t/full/1200,/0/default.jpg","[{""rotation"":0,""x"":0.0,""y"":2.1950000000000025,""width"":99.96000000000001,""height"":97.39,""rectanglelabels"":[""Table""],""original_width"":4256.0,""original_height"":4947.0}]","","2025-08-06T09:40:40.545306Z"
6100,"1","2025-08-01T14:15:40.817494Z",15393,"https://iiif.irht.cnrs.fr/iiif/ark:/63955/vi6bc1x5dcev/full/1200,/0/default.jpg","",5.179,"2025-08-01T14:15:40.817494Z"
15817,"1","2025-08-06T09:40:40.545306Z",15394,"https://iiif.irht.cnrs.fr/iiif/ark:/63955/v5x24ocbu5tq/full/1200,/0/default.jpg","[{""rotation"":0,""x"":1.7349999999999977,""y"":0.4500000000000004,""width"":89.21,""height"":96.34,""rectanglelabels"":[""AI""],""original_width"":4238.0,""original_height"":4993.0}]","","2025-08-06T09:40:40.545306Z"
15818,"1","2025-08-06T09:40:40.545306Z",15395,"https://iiif.irht.cnrs.fr/iiif/ark:/63955/v0b9r1slhh4o/full/1200,/0/default.jpg","[{""rotation"":0,""x"":1.5000000000000013,""y"":3.705,""width"":98.34,""height"":33.87,""rectanglelabels"":[""AF""],""original_width"":4201.0,""original_height"":5029.0},{""rotation"":0,""x"":0.7799999999999974,""y"":37.65500000000001,""width"":99.14,""height"":62.11,""rectanglelabels"":[""AI""],""original_width"":4201.0,""original_height"":5029.0}]","","2025-08-06T09:40:40.545306Z"
6101,"1","2025-08-01T14:16:18.980104Z",15396,"https://iiif.irht.cnrs.fr/iiif/ark:/63955/vthprm331y9y/full/1200,/0/default.jpg","[{""x"":0.22999999999999687,""y"":0.1600000000000018,""width"":90,""height"":32.28,""rotation"":0,""rectanglelabels"":[""AF""],""original_width"":1200,""original_height"":1414},{""x"":0.09500000000000165,""y"":32.204819277108435,""width"":89.14999999999999,""height"":65.83999999999999,""rotation"":0,""rectanglelabels"":[""AI""],""original_width"":1200,""original_height"":1414}]",7.211,"2025-08-01T14:16:18.980104Z"
15819,"1","2025-08-06T09:40:40.545306Z",15397,"https://iiif.irht.cnrs.fr/iiif/ark:/63955/v1dneoijh8kt/full/1200,/0/default.jpg","[{""rotation"":0,""x"":3.375,""y"":4.180000000000001,""width"":96.63000000000001,""height"":32.82,""rectanglelabels"":[""AF""],""original_width"":4201.0,""original_height"":4965.0},{""rotation"":0,""x"":7.559999999999994,""y"":36.915,""width"":92.44,""height"":63.09,""rectanglelabels"":[""AC""],""original_width"":4201.0,""original_height"":4965.0}]","","2025-08-06T09:40:40.545306Z"
15820,"1","2025-08-06T09:40:40.545306Z",15398,"https://iiif.irht.cnrs.fr/iiif/ark:/63955/vicuaycs30mk/full/1200,/0/default.jpg","[{""rotation"":0,""x"":0.040000000000001146,""y"":3.7549999999999972,""width"":91.03999999999999,""height"":95.95,""rectanglelabels"":[""AI""],""original_width"":4238.0,""original_height"":4993.0}]","","2025-08-06T09:40:40.545306Z"
6102,"1","2025-08-01T14:16:53.402543Z",15399,"https://iiif.irht.cnrs.fr/iiif/ark:/63955/vqd7th8sq7t3/full/1200,/0/default.jpg","[{""x"":7.479999999999998,""y"":3.594999999999998,""width"":92.52,""height"":96.09,""rotation"":0,""rectanglelabels"":[""AM""],""original_width"":1200,""original_height"":1418}]",11.777,"2025-08-01T14:16:53.402543Z"
15821,"1","2025-08-06T09:40:40.545306Z",15400,"https://iiif.irht.cnrs.fr/iiif/ark:/63955/vu7sdralc33p/full/1200,/0/default.jpg","[{""rotation"":0,""x"":0.015000000000003899,""y"":65.265,""width"":90.55,""height"":33.129999999999995,""rectanglelabels"":[""AI""],""original_width"":4238.0,""original_height"":4993.0},{""rotation"":0,""x"":0.004999999999999449,""y"":3.445000000000004,""width"":90.49000000000001,""height"":62.029999999999994,""rectanglelabels"":[""AF""],""original_width"":4238.0,""original_height"":4993.0}]","","2025-08-06T09:40:40.545306Z"
6103,"1","2025-08-01T14:17:08.866716Z",15401,"https://iiif.irht.cnrs.fr/iiif/ark:/63955/vyena7rbtc17/full/1200,/0/default.jpg","[{""x"":7.225000000000003,""y"":3.799999999999998,""width"":92.77,""height"":52.82,""rotation"":0,""rectanglelabels"":[""AF""],""original_width"":1200,""original_height"":1418},{""x"":7.479999999999998,""y"":56.489999999999995,""width"":92.52,""height"":43.32,""rotation"":0,""rectanglelabels"":[""AI""],""original_width"":1200,""original_height"":1418}]",3.66,"2025-08-01T14:17:08.866716Z"
6104,"1","2025-08-01T14:17:18.950771Z",15402,"https://iiif.irht.cnrs.fr/iiif/ark:/63955/vjupsng0gkvo/full/1200,/0/default.jpg","[{""x"":0,""y"":2.2199999999999998,""width"":99.88,""height"":58.220000000000006,""rotation"":0,""rectanglelabels"":[""AF""],""original_width"":1200,""original_height"":1405},{""x"":5.773159728050814e-15,""y"":59.99,""width"":99.79,""height"":40.01,""rotation"":0,""rectanglelabels"":[""AI""],""original_width"":1200,""original_height"":1405}]",7.465,"2025-08-01T14:17:18.950771Z"
15822,"1","2025-08-06T09:40:40.545306Z",15403,"https://iiif.irht.cnrs.fr/iiif/ark:/63955/v2ctqfs6zk7v/full/1200,/0/default.jpg","[{""rotation"":0,""x"":0.08500000000000174,""y"":52.739999999999995,""width"":99.79,""height"":46.78,""rectanglelabels"":[""AI""],""original_width"":4028.0,""original_height"":4965.0},{""rotation"":0,""x"":0.13499999999999623,""y"":3.155000000000002,""width"":99.75,""height"":49.309999999999995,""rectanglelabels"":[""AF""],""original_width"":4028.0,""original_height"":4965.0}]","","2025-08-06T09:40:40.545306Z"
15823,"1","2025-08-06T09:40:40.545306Z",15404,"https://iiif.irht.cnrs.fr/iiif/ark:/63955/v1e4akiz505w/full/1200,/0/default.jpg","[{""rotation"":0,""x"":0.004999999999999449,""y"":0.7900000000000018,""width"":99.99,""height"":29.459999999999997,""rectanglelabels"":[""AF""],""original_width"":4238.0,""original_height"":4965.0},{""rotation"":0,""x"":0.19000000000000128,""y"":78.28999999999999,""width"":99.76,""height"":21.099999999999998,""rectanglelabels"":[""AC""],""original_width"":4238.0,""original_height"":4965.0},{""rotation"":0,""x"":-0.004999999999999449,""y"":30.189999999999994,""width"":99.92999999999999,""height"":48.18,""rectanglelabels"":[""AC""],""original_width"":4238.0,""original_height"":4965.0}]","","2025-08-06T09:40:40.545306Z"
6105,"1","2025-08-01T14:21:05.024168Z",15405,"https://iiif.irht.cnrs.fr/iiif/ark:/63955/vzk7keeswup8/full/1200,/0/default.jpg","[{""x"":0,""y"":45.47,""width"":98.34000000000002,""height"":54.44,""rotation"":0,""rectanglelabels"":[""AI""],""original_width"":1200,""original_height"":1457},{""x"":1.0239959839357426,""y"":0,""width"":98.8887550200803,""height"":19.879518072289148,""rotation"":0,""rectanglelabels"":[""AC""],""original_width"":1200,""original_height"":1457},{""x"":0,""y"":37.2289156626506,""width"":98.3036144578313,""height"":8.299196542027511,""rotation"":0,""rectanglelabels"":[""AC""],""original_width"":1200,""original_height"":1457},{""x"":0.731425702811245,""y"":28.43373493975904,""width"":97.86475903614458,""height"":8.78112425287086,""rotation"":0,""rectanglelabels"":[""AC""],""original_width"":1200,""original_height"":1457},{""x"":1.1702811244979918,""y"":19.75903614457831,""width"":97.57218875502008,""height"":8.554216867469876,""rotation"":0,""rectanglelabels"":[""AC""],""original_width"":1200,""original_height"":1457}]",109.585,"2025-08-04T14:11:02.153674Z"
15824,"1","2025-08-06T09:40:40.545306Z",15406,"https://iiif.irht.cnrs.fr/iiif/ark:/63955/v7ammu866s8l/full/1200,/0/default.jpg","[{""rotation"":0,""x"":0.004999999999999449,""y"":1.269999999999999,""width"":99.95,""height"":98.64,""rectanglelabels"":[""AF""],""original_width"":4238.0,""original_height"":4965.0}]","","2025-08-06T09:40:40.545306Z"
15825,"1","2025-08-06T09:40:40.545306Z",15407,"https://iiif.irht.cnrs.fr/iiif/ark:/63955/vxi6fibgn7f8/full/1200,/0/default.jpg","[{""rotation"":0,""x"":0.09499999999999509,""y"":1.2199999999999989,""width"":99.75,""height"":62.660000000000004,""rectanglelabels"":[""AC""],""original_width"":4083.0,""original_height"":4956.0},{""rotation"":0,""x"":0.10499999999999954,""y"":63.864999999999995,""width"":99.77000000000001,""height"":34.79,""rectanglelabels"":[""AI""],""original_width"":4083.0,""original_height"":4956.0}]","","2025-08-06T09:40:40.545306Z"
15826,"1","2025-08-06T09:40:40.545306Z",15408,"https://iiif.irht.cnrs.fr/iiif/ark:/63955/vezmtsinirvt/full/1200,/0/default.jpg","[{""rotation"":0,""x"":-0.004999999999999449,""y"":0.5050000000000027,""width"":99.92999999999999,""height"":38.33,""rectanglelabels"":[""AF""],""original_width"":4238.0,""original_height"":4965.0},{""rotation"":0,""x"":0.004999999999999449,""y"":38.885000000000005,""width"":99.92999999999999,""height"":61.11,""rectanglelabels"":[""AC""],""original_width"":4238.0,""original_height"":4965.0}]","","2025-08-06T09:40:40.545306Z"
15827,"1","2025-08-06T09:40:40.545306Z",15409,"https://iiif.irht.cnrs.fr/iiif/ark:/63955/veinmptexfbg/full/1200,/0/default.jpg","[{""rotation"":0,""x"":0.07499999999999729,""y"":1.275000000000004,""width"":99.55000000000001,""height"":97.77,""rectanglelabels"":[""AC""],""original_width"":4083.0,""original_height"":4956.0}]","","2025-08-06T09:40:40.545306Z"
15828,"1","2025-08-06T09:40:40.545306Z",15410,"https://iiif.irht.cnrs.fr/iiif/ark:/63955/vlryw7m4nujm/full/1200,/0/default.jpg","[{""rotation"":0,""x"":0.0,""y"":1.469999999999999,""width"":99.94,""height"":54.0,""rectanglelabels"":[""AC""],""original_width"":4238.0,""original_height"":4965.0},{""rotation"":0,""x"":0.004999999999999449,""y"":55.46,""width"":99.95,""height"":43.86,""rectanglelabels"":[""AI""],""original_width"":4238.0,""original_height"":4965.0}]","","2025-08-06T09:40:40.545306Z"
6106,"1","2025-08-01T14:21:48.019856Z",15411,"https://iiif.irht.cnrs.fr/iiif/ark:/63955/vhdf00yrwr6f/full/1200,/0/default.jpg","[{""x"":0.054999999999999334,""y"":55.84192771084338,""width"":99.72999999999999,""height"":43.059999999999995,""rotation"":0,""rectanglelabels"":[""AI""],""original_width"":1200,""original_height"":1457},{""x"":0.11500000000000399,""y"":1.2149999999999994,""width"":99.72999999999999,""height"":54.63,""rotation"":0,""rectanglelabels"":[""AF""],""original_width"":1200,""original_height"":1457}]",7.723,"2025-08-01T14:21:48.019856Z"
15829,"1","2025-08-06T09:40:40.545306Z",15412,"https://iiif.irht.cnrs.fr/iiif/ark:/63955/ves4871njh9b/full/1200,/0/default.jpg","[{""rotation"":0,""x"":0.004999999999999449,""y"":0.269999999999998,""width"":99.92999999999999,""height"":99.06,""rectanglelabels"":[""AM""],""original_width"":4238.0,""original_height"":4965.0}]","","2025-08-06T09:40:40.545306Z"
6107,"1","2025-08-01T14:23:02.077133Z",15413,"https://iiif.irht.cnrs.fr/iiif/ark:/63955/vg5j2a6xtte6/full/1200,/0/default.jpg","[{""x"":0.13999999999999227,""y"":3.9610843373493987,""width"":99.86,""height"":62.39493975903613,""rotation"":0,""rectanglelabels"":[""AF""],""original_width"":1200,""original_height"":1457}]",7.833,"2025-08-01T14:23:02.077133Z"
15830,"1","2025-08-06T09:40:40.545306Z",15414,"https://iiif.irht.cnrs.fr/iiif/ark:/63955/vaiwn0j54k69/full/1200,/0/default.jpg","[{""rotation"":0,""x"":0.0,""y"":77.58,""width"":99.83999999999999,""height"":22.16,""rectanglelabels"":[""AI""],""original_width"":4110.0,""original_height"":4893.0},{""rotation"":0,""x"":0.09499999999999509,""y"":1.9500000000000017,""width"":99.65,""height"":75.42,""rectanglelabels"":[""AF""],""original_width"":4110.0,""original_height"":4893.0}]","","2025-08-06T09:40:40.545306Z"
6108,"1","2025-08-01T14:23:51.137482Z",15415,"https://iiif.irht.cnrs.fr/iiif/ark:/63955/v8e7664xcjc5/full/1200,/0/default.jpg","",3.99,"2025-08-01T14:23:51.137482Z"
15831,"1","2025-08-06T09:40:40.545306Z",15416,"https://iiif.irht.cnrs.fr/iiif/ark:/63955/vnldp9w7i8no/full/1200,/0/default.jpg","[{""rotation"":0,""x"":0.10000000000000009,""y"":1.9500000000000017,""width"":99.64,""height"":97.44,""rectanglelabels"":[""AI""],""original_width"":4083.0,""original_height"":4956.0}]","","2025-08-06T09:40:40.545306Z"
15832,"1","2025-08-06T09:40:40.545306Z",15417,"https://iiif.irht.cnrs.fr/iiif/ark:/63955/vrqyxorq2yzh/full/1200,/0/default.jpg","[{""rotation"":0,""x"":0.004999999999999449,""y"":0.824999999999998,""width"":99.95,""height"":99.03,""rectanglelabels"":[""AM""],""original_width"":4238.0,""original_height"":4965.0}]","","2025-08-06T09:40:40.545306Z"
15833,"1","2025-08-06T09:40:40.545306Z",15418,"https://iiif.irht.cnrs.fr/iiif/ark:/63955/v55oa31tg7h1/full/1200,/0/default.jpg","[{""rotation"":0,""x"":0.08500000000000174,""y"":1.040000000000002,""width"":99.63,""height"":98.28,""rectanglelabels"":[""AM""],""original_width"":4083.0,""original_height"":4956.0}]","","2025-08-06T09:40:40.545306Z"
15834,"1","2025-08-06T09:40:40.545306Z",15419,"https://iiif.irht.cnrs.fr/iiif/ark:/63955/vl7bietq1hhs/full/1200,/0/default.jpg","[{""rotation"":0,""x"":0.0,""y"":2.104999999999996,""width"":99.94,""height"":97.89,""rectanglelabels"":[""AM""],""original_width"":4238.0,""original_height"":4965.0}]","","2025-08-06T09:40:40.545306Z"
15835,"1","2025-08-06T09:40:40.545306Z",15420,"https://iiif.irht.cnrs.fr/iiif/ark:/63955/vfeg75j541ba/full/1200,/0/default.jpg","[{""rotation"":0,""x"":0.06499999999999839,""y"":0.7999999999999952,""width"":99.69,""height"":98.68,""rectanglelabels"":[""AM""],""original_width"":4083.0,""original_height"":4956.0}]","","2025-08-06T09:40:40.545306Z"
15836,"1","2025-08-06T09:40:40.545306Z",15421,"https://iiif.irht.cnrs.fr/iiif/ark:/63955/vpldrfuyxvj4/full/1200,/0/default.jpg","[{""rotation"":0,""x"":-0.0050000000000050004,""y"":1.479999999999998,""width"":99.95,""height"":98.44000000000001,""rectanglelabels"":[""AM""],""original_width"":4238.0,""original_height"":4965.0}]","","2025-08-06T09:40:40.545306Z"
15837,"1","2025-08-06T09:40:40.545306Z",15422,"https://iiif.irht.cnrs.fr/iiif/ark:/63955/v71i0skh9cxo/full/1200,/0/default.jpg","[{""rotation"":0,""x"":0.11499999999999844,""y"":1.0450000000000015,""width"":99.67,""height"":98.29,""rectanglelabels"":[""AM""],""original_width"":4083.0,""original_height"":4956.0}]","","2025-08-06T09:40:40.545306Z"
15838,"1","2025-08-06T09:40:40.545306Z",15423,"https://iiif.irht.cnrs.fr/iiif/ark:/63955/vt4tc9xdl836/full/1200,/0/default.jpg","[{""rotation"":0,""x"":-0.004999999999999449,""y"":1.0050000000000003,""width"":99.92999999999999,""height"":29.67,""rectanglelabels"":[""AF""],""original_width"":4238.0,""original_height"":4965.0},{""rotation"":0,""x"":-0.0050000000000050004,""y"":30.75,""width"":99.95,""height"":69.16,""rectanglelabels"":[""AC""],""original_width"":4238.0,""original_height"":4965.0}]","","2025-08-06T09:40:40.545306Z"
15839,"1","2025-08-06T09:40:40.545306Z",15424,"https://iiif.irht.cnrs.fr/iiif/ark:/63955/vlumgtjccnje/full/1200,/0/default.jpg","[{""rotation"":0,""x"":0.07999999999999674,""y"":1.1750000000000038,""width"":99.9,""height"":70.21,""rectanglelabels"":[""AC""],""original_width"":4083.0,""original_height"":4956.0},{""rotation"":0,""x"":0.13500000000000179,""y"":71.63000000000001,""width"":99.85000000000001,""height"":26.640000000000004,""rectanglelabels"":[""AI""],""original_width"":4083.0,""original_height"":4956.0}]","","2025-08-06T09:40:40.545306Z"
15840,"1","2025-08-06T09:40:40.545306Z",15425,"https://iiif.irht.cnrs.fr/iiif/ark:/63955/v4iuhkxvtsx5/full/1200,/0/default.jpg","[{""rotation"":0,""x"":0.27000000000000357,""y"":4.845000000000005,""width"":99.64,""height"":95.11,""rectanglelabels"":[""AF""],""original_width"":4028.0,""original_height"":4965.0}]","","2025-08-06T09:40:40.545306Z"
15841,"1","2025-08-06T09:40:40.547309Z",15426,"https://iiif.irht.cnrs.fr/iiif/ark:/63955/v6j6q1g3y4w2/full/1200,/0/default.jpg","[{""rotation"":0,""x"":0.0,""y"":1.0649999999999993,""width"":99.96000000000001,""height"":58.85,""rectanglelabels"":[""AF""],""original_width"":4238.0,""original_height"":4965.0},{""rotation"":0,""x"":0.004999999999999449,""y"":59.805,""width"":99.92999999999999,""height"":39.69,""rectanglelabels"":[""AI""],""original_width"":4238.0,""original_height"":4965.0}]","","2025-08-06T09:40:40.547309Z"
15842,"1","2025-08-06T09:40:40.547309Z",15427,"https://iiif.irht.cnrs.fr/iiif/ark:/63955/vy8cwly4o5qj/full/1200,/0/default.jpg","[{""rotation"":0,""x"":0.11500000000000399,""y"":1.150000000000001,""width"":99.72999999999999,""height"":56.879999999999995,""rectanglelabels"":[""AF""],""original_width"":4083.0,""original_height"":4956.0},{""rotation"":0,""x"":0.07000000000000339,""y"":58.225,""width"":99.82,""height"":40.129999999999995,""rectanglelabels"":[""AI""],""original_width"":4083.0,""original_height"":4956.0}]","","2025-08-06T09:40:40.547309Z"
15843,"1","2025-08-06T09:40:40.547309Z",15428,"https://iiif.irht.cnrs.fr/iiif/ark:/63955/vr6cbipy144k/full/1200,/0/default.jpg","[{""rotation"":0,""x"":0.0,""y"":67.075,""width"":99.96000000000001,""height"":32.49,""rectanglelabels"":[""AI""],""original_width"":4238.0,""original_height"":4965.0},{""rotation"":0,""x"":0.0,""y"":1.7500000000000016,""width"":99.96000000000001,""height"":65.25999999999999,""rectanglelabels"":[""AF""],""original_width"":4238.0,""original_height"":4965.0}]","","2025-08-06T09:40:40.547309Z"
6109,"1","2025-08-01T14:29:45.628319Z",15429,"https://iiif.irht.cnrs.fr/iiif/ark:/63955/vbvlrykwunv2/full/1200,/0/default.jpg","[{""x"":0.050000000000000044,""y"":76.855,""width"":99.92,""height"":20.59,""rotation"":0,""rectanglelabels"":[""AI""],""original_width"":1200,""original_height"":1457},{""x"":0.1299999999999968,""y"":0.5199999999999987,""width"":99.82000000000004,""height"":76.56862533692725,""rotation"":0,""rectanglelabels"":[""AF""],""original_width"":1200,""original_height"":1457}]",6.505,"2025-08-01T14:29:45.628319Z"
15844,"1","2025-08-06T09:40:40.547309Z",15430,"https://iiif.irht.cnrs.fr/iiif/ark:/63955/v0royvd3lxvs/full/1200,/0/default.jpg","[{""rotation"":0,""x"":0.0,""y"":1.0649999999999993,""width"":99.96000000000001,""height"":57.25,""rectanglelabels"":[""AF""],""original_width"":4238.0,""original_height"":4965.0},{""rotation"":0,""x"":0.0,""y"":58.31000000000001,""width"":99.94,""height"":41.6,""rectanglelabels"":[""AI""],""original_width"":4238.0,""original_height"":4965.0}]","","2025-08-06T09:40:40.547309Z"
15845,"1","2025-08-06T09:40:40.547309Z",15431,"https://iiif.irht.cnrs.fr/iiif/ark:/63955/v96az5b3awe5/full/1200,/0/default.jpg","[{""rotation"":0,""x"":0.07499999999999729,""y"":49.52000000000001,""width"":99.89,""height"":48.44,""rectanglelabels"":[""AC""],""original_width"":4083.0,""original_height"":4956.0},{""rotation"":0,""x"":0.10999999999999899,""y"":1.1149999999999993,""width"":99.78,""height"":48.51,""rectanglelabels"":[""AF""],""original_width"":4083.0,""original_height"":4956.0}]","","2025-08-06T09:40:40.547309Z"
15846,"1","2025-08-06T09:40:40.547309Z",15432,"https://iiif.irht.cnrs.fr/iiif/ark:/63955/vi6323yqy1qp/full/1200,/0/default.jpg","[{""rotation"":0,""x"":0.0,""y"":0.0,""width"":100.0,""height"":100.0,""rectanglelabels"":[""NIA""],""original_width"":2048.0,""original_height"":2048.0}]","","2025-08-06T09:40:40.547309Z"
15847,"1","2025-08-06T09:40:40.547309Z",15433,"https://iiif.irht.cnrs.fr/iiif/ark:/63955/vpol3s70nzau/full/1200,/0/default.jpg","[{""rotation"":0,""x"":0.0,""y"":0.0,""width"":100.0,""height"":100.0,""rectanglelabels"":[""NIA""],""original_width"":2048.0,""original_height"":2048.0}]","","2025-08-06T09:40:40.547309Z"
15848,"1","2025-08-06T09:40:40.554060Z",15434,"https://iiif.irht.cnrs.fr/iiif/ark:/63955/v99zlc9irf0x/full/1200,/0/default.jpg","[{""rotation"":0,""x"":0.0,""y"":0.0,""width"":100.0,""height"":100.0,""rectanglelabels"":[""NIA""],""original_width"":2048.0,""original_height"":2048.0}]","","2025-08-06T09:40:40.554060Z"
15849,"1","2025-08-06T09:40:40.554060Z",15435,"https://iiif.irht.cnrs.fr/iiif/ark:/63955/vlokdvky3g9l/full/1200,/0/default.jpg","[{""rotation"":0,""x"":0.0,""y"":3.1100000000000017,""width"":99.52,""height"":61.38,""rectanglelabels"":[""AC""],""original_width"":4110.0,""original_height"":4893.0},{""rotation"":0,""x"":0.024999999999997247,""y"":64.28,""width"":99.77000000000001,""height"":35.54,""rectanglelabels"":[""AI""],""original_width"":4110.0,""original_height"":4893.0}]","","2025-08-06T09:40:40.554060Z"
15850,"1","2025-08-06T09:40:40.554060Z",15436,"https://iiif.irht.cnrs.fr/iiif/ark:/63955/vcwmw1qh80lq/full/1200,/0/default.jpg","[{""rotation"":0,""x"":0.7699999999999929,""y"":3.4299999999999997,""width"":99.16,""height"":47.36,""rectanglelabels"":[""AF""],""original_width"":4028.0,""original_height"":4965.0},{""rotation"":0,""x"":0.07999999999999674,""y"":50.81,""width"":99.78,""height"":48.92,""rectanglelabels"":[""AI""],""original_width"":4028.0,""original_height"":4965.0}]","","2025-08-06T09:40:40.554060Z"
15851,"1","2025-08-06T09:40:40.554060Z",15437,"https://iiif.irht.cnrs.fr/iiif/ark:/63955/vu2asx4kva6k/full/1200,/0/default.jpg","[{""rotation"":0,""x"":0.0,""y"":2.5749999999999993,""width"":99.68,""height"":97.28999999999999,""rectanglelabels"":[""AM""],""original_width"":4110.0,""original_height"":4956.0}]","","2025-08-06T09:40:40.554060Z"
15852,"1","2025-08-06T09:40:40.554060Z",15438,"https://iiif.irht.cnrs.fr/iiif/ark:/63955/vukffiiwr38o/full/1200,/0/default.jpg","[{""rotation"":0,""x"":0.5900000000000016,""y"":3.240000000000001,""width"":99.36,""height"":49.24,""rectanglelabels"":[""AF""],""original_width"":4028.0,""original_height"":4965.0},{""rotation"":0,""x"":0.029999999999996696,""y"":52.459999999999994,""width"":99.86,""height"":47.14,""rectanglelabels"":[""AI""],""original_width"":4028.0,""original_height"":4965.0}]","","2025-08-06T09:40:40.554060Z"
15853,"1","2025-08-06T09:40:40.554060Z",15439,"https://iiif.irht.cnrs.fr/iiif/ark:/63955/vq5qgmyh7pba/full/1200,/0/default.jpg","[{""rotation"":0,""x"":0.0,""y"":2.8349999999999986,""width"":99.76,""height"":97.00999999999999,""rectanglelabels"":[""AF""],""original_width"":4110.0,""original_height"":4956.0}]","","2025-08-06T09:40:40.554060Z"
15854,"1","2025-08-06T09:40:40.554060Z",15440,"https://iiif.irht.cnrs.fr/iiif/ark:/63955/v0474p3evn9g/full/1200,/0/default.jpg","[{""rotation"":0,""x"":0.17500000000000293,""y"":3.0000000000000027,""width"":99.77000000000001,""height"":96.82,""rectanglelabels"":[""AC""],""original_width"":4028.0,""original_height"":4965.0}]","","2025-08-06T09:40:40.554060Z"
15855,"1","2025-08-06T09:40:40.554060Z",15441,"https://iiif.irht.cnrs.fr/iiif/ark:/63955/v3pyllqpufgz/full/1200,/0/default.jpg","[{""rotation"":0,""x"":0.0,""y"":2.665000000000001,""width"":99.76,""height"":63.690000000000005,""rectanglelabels"":[""AC""],""original_width"":4110.0,""original_height"":4956.0},{""rotation"":0,""x"":0.0,""y"":66.235,""width"":99.74,""height"":33.489999999999995,""rectanglelabels"":[""AI""],""original_width"":4110.0,""original_height"":4956.0}]","","2025-08-06T09:40:40.554060Z"
6110,"1","2025-08-01T14:31:37.504480Z",15442,"https://iiif.irht.cnrs.fr/iiif/ark:/63955/vrshutt4ntny/full/1200,/0/default.jpg","[{""x"":0.7900000000000018,""y"":3.215000000000001,""width"":99.16,""height"":95.35,""rotation"":0,""rectanglelabels"":[""AF""],""original_width"":1200,""original_height"":1479}]",39.963,"2025-08-01T14:31:37.504480Z"
15856,"1","2025-08-06T09:40:40.554060Z",15443,"https://iiif.irht.cnrs.fr/iiif/ark:/63955/v5wl4estq2tu/full/1200,/0/default.jpg","[{""rotation"":0,""x"":0.12499999999999734,""y"":1.924999999999999,""width"":99.75,""height"":62.35000000000001,""rectanglelabels"":[""AF""],""original_width"":4028.0,""original_height"":4965.0},{""rotation"":0,""x"":0.08500000000000174,""y"":64.32500000000002,""width"":99.81,""height"":35.39,""rectanglelabels"":[""AI""],""original_width"":4028.0,""original_height"":4965.0}]","","2025-08-06T09:40:40.554060Z"
15857,"1","2025-08-06T09:40:40.554060Z",15444,"https://iiif.irht.cnrs.fr/iiif/ark:/63955/vaxjecf2lv5a/full/1200,/0/default.jpg","[{""rotation"":0,""x"":0.004999999999999449,""y"":2.7700000000000005,""width"":99.85000000000001,""height"":41.0,""rectanglelabels"":[""AF""],""original_width"":4110.0,""original_height"":4956.0},{""rotation"":0,""x"":0.0,""y"":43.794999999999995,""width"":99.56,""height"":55.83,""rectanglelabels"":[""AI""],""original_width"":4110.0,""original_height"":4956.0}]","","2025-08-06T09:40:40.554060Z"
15858,"1","2025-08-06T09:40:40.554060Z",15445,"https://iiif.irht.cnrs.fr/iiif/ark:/63955/vurwlhq0xp6u/full/1200,/0/default.jpg","[{""rotation"":0,""x"":0.16499999999999848,""y"":3.53,""width"":99.67,""height"":33.300000000000004,""rectanglelabels"":[""AF""],""original_width"":4028.0,""original_height"":4965.0},{""rotation"":0,""x"":0.040000000000001146,""y"":36.69499999999999,""width"":99.88,""height"":63.190000000000005,""rectanglelabels"":[""AC""],""original_width"":4028.0,""original_height"":4965.0}]","","2025-08-06T09:40:40.554060Z"
15859,"1","2025-08-06T09:40:40.554060Z",15446,"https://iiif.irht.cnrs.fr/iiif/ark:/63955/vaa833y6xtgv/full/1200,/0/default.jpg","[{""rotation"":0,""x"":0.0,""y"":1.319999999999999,""width"":99.68,""height"":98.36,""rectanglelabels"":[""AC""],""original_width"":4110.0,""original_height"":4956.0}]","","2025-08-06T09:40:40.554060Z"
15860,"1","2025-08-06T09:40:40.554060Z",15447,"https://iiif.irht.cnrs.fr/iiif/ark:/63955/vcv7sxtn34iu/full/1200,/0/default.jpg","[{""rotation"":0,""x"":0.26499999999999857,""y"":1.2949999999999962,""width"":99.69,""height"":98.45,""rectanglelabels"":[""AC""],""original_width"":4028.0,""original_height"":4965.0}]","","2025-08-06T09:40:40.554060Z"
15861,"1","2025-08-06T09:40:40.554060Z",15448,"https://iiif.irht.cnrs.fr/iiif/ark:/63955/v03cq49fa4qk/full/1200,/0/default.jpg","[{""rotation"":0,""x"":0.07500000000000284,""y"":1.4649999999999996,""width"":99.71,""height"":98.33,""rectanglelabels"":[""AC""],""original_width"":4047.0,""original_height"":4956.0}]","","2025-08-06T09:40:40.554060Z"
6111,"1","2025-08-01T14:32:26.008860Z",15449,"https://iiif.irht.cnrs.fr/iiif/ark:/63955/vcuob0l4hhhc/full/1200,/0/default.jpg","[{""x"":0.30999999999999917,""y"":77.59,""width"":99.64,""height"":22.16,""rotation"":0,""rectanglelabels"":[""AI""],""original_width"":1200,""original_height"":1479},{""x"":0.19500000000000628,""y"":0.9000000000000008,""width"":99.72999999999999,""height"":76.8,""rotation"":0,""rectanglelabels"":[""AC""],""original_width"":1200,""original_height"":1479}]",7.118,"2025-08-01T14:32:26.008860Z"
15862,"1","2025-08-06T09:40:40.554060Z",15450,"https://iiif.irht.cnrs.fr/iiif/ark:/63955/vpa9iycng7nk/full/1200,/0/default.jpg","[{""rotation"":0,""x"":0.09500000000000064,""y"":60.08500000000001,""width"":99.63,""height"":39.81,""rectanglelabels"":[""AI""],""original_width"":4047.0,""original_height"":4956.0},{""rotation"":0,""x"":0.029999999999996696,""y"":1.0850000000000026,""width"":99.76,""height"":59.209999999999994,""rectanglelabels"":[""AF""],""original_width"":4047.0,""original_height"":4956.0}]","","2025-08-06T09:40:40.554060Z"
15863,"1","2025-08-06T09:40:40.554060Z",15451,"https://iiif.irht.cnrs.fr/iiif/ark:/63955/vjeotuyxljaf/full/1200,/0/default.jpg","[{""rotation"":0,""x"":0.13999999999999568,""y"":0.5149999999999988,""width"":99.76,""height"":63.89,""rectanglelabels"":[""AF""],""original_width"":4028.0,""original_height"":4965.0},{""rotation"":0,""x"":0.6300000000000028,""y"":64.305,""width"":99.33999999999999,""height"":35.43,""rectanglelabels"":[""AI""],""original_width"":4028.0,""original_height"":4965.0}]","","2025-08-06T09:40:40.554060Z"
15864,"1","2025-08-06T09:40:40.554060Z",15452,"https://iiif.irht.cnrs.fr/iiif/ark:/63955/v7mftqxa89zi/full/1200,/0/default.jpg","[{""rotation"":0,""x"":0.045000000000000595,""y"":40.050000000000004,""width"":99.77000000000001,""height"":59.760000000000005,""rectanglelabels"":[""AI""],""original_width"":4047.0,""original_height"":4956.0},{""rotation"":0,""x"":0.07999999999999674,""y"":1.0800000000000005,""width"":99.78,""height"":38.98,""rectanglelabels"":[""AF""],""original_width"":4047.0,""original_height"":4956.0}]","","2025-08-06T09:40:40.554060Z"
15865,"1","2025-08-06T09:40:40.554060Z",15453,"https://iiif.irht.cnrs.fr/iiif/ark:/63955/vjidpff5pfbh/full/1200,/0/default.jpg","[{""rotation"":0,""x"":0.0,""y"":2.445000000000003,""width"":99.74,""height"":97.50999999999999,""rectanglelabels"":[""Table""],""original_width"":4110.0,""original_height"":4902.0}]","","2025-08-06T09:40:40.554060Z"
15866,"1","2025-08-06T09:40:40.554060Z",15454,"https://iiif.irht.cnrs.fr/iiif/ark:/63955/vjigw5x4tho7/full/1200,/0/default.jpg","[{""rotation"":0,""x"":1.7200000000000049,""y"":0.41000000000000203,""width"":98.28,""height"":29.599999999999998,""rectanglelabels"":[""AF""],""original_width"":4110.0,""original_height"":4965.0},{""rotation"":0,""x"":0.4149999999999987,""y"":29.990000000000006,""width"":99.59,""height"":69.98,""rectanglelabels"":[""AC""],""original_width"":4110.0,""original_height"":4965.0}]","","2025-08-06T09:40:40.554060Z"
6112,"1","2025-08-01T14:33:17.869028Z",15455,"https://iiif.irht.cnrs.fr/iiif/ark:/63955/v5h23fnmp2ub/full/1200,/0/default.jpg","[{""x"":0.019999999999997797,""y"":0.7550000000000001,""width"":99.9,""height"":74.15,""rotation"":0,""rectanglelabels"":[""AC""],""original_width"":1200,""original_height"":1470},{""x"":3.005981208183207e-15,""y"":75.03862533692721,""width"":99.80999999999997,""height"":24.961374663072753,""rotation"":0,""rectanglelabels"":[""AI""],""original_width"":1200,""original_height"":1470}]",6.918,"2025-08-01T14:33:17.869028Z"
15867,"1","2025-08-06T09:40:40.554060Z",15456,"https://iiif.irht.cnrs.fr/iiif/ark:/63955/vio2fybpyu9h/full/1200,/0/default.jpg","[{""rotation"":0,""x"":0.16000000000000458,""y"":0.2799999999999969,""width"":99.83999999999999,""height"":98.58,""rectanglelabels"":[""AF""],""original_width"":4110.0,""original_height"":4965.0}]","","2025-08-06T09:40:40.554060Z"
15868,"1","2025-08-06T09:40:40.554060Z",15457,"https://iiif.irht.cnrs.fr/iiif/ark:/63955/va5m79gpxouf/full/1200,/0/default.jpg","[{""rotation"":0,""x"":0.13499999999999623,""y"":59.745000000000005,""width"":99.67,""height"":40.21,""rectanglelabels"":[""AI""],""original_width"":4047.0,""original_height"":4956.0},{""rotation"":0,""x"":0.019999999999997797,""y"":1.100000000000001,""width"":99.86,""height"":58.81999999999999,""rectanglelabels"":[""AC""],""original_width"":4047.0,""original_height"":4956.0}]","","2025-08-06T09:40:40.554060Z"
15869,"1","2025-08-06T09:40:40.554060Z",15458,"https://iiif.irht.cnrs.fr/iiif/ark:/63955/vqyuelkggwz4/full/1200,/0/default.jpg","[{""rotation"":0,""x"":0.30499999999999416,""y"":0.385000000000002,""width"":99.69,""height"":72.37,""rectanglelabels"":[""AF""],""original_width"":4110.0,""original_height"":4965.0},{""rotation"":0,""x"":1.1850000000000027,""y"":72.32499999999999,""width"":98.81,""height"":27.51,""rectanglelabels"":[""AI""],""original_width"":4110.0,""original_height"":4965.0}]","","2025-08-06T09:40:40.554060Z"
15870,"1","2025-08-06T09:40:40.554060Z",15459,"https://iiif.irht.cnrs.fr/iiif/ark:/63955/vzf3a414eifj/full/1200,/0/default.jpg","[{""rotation"":0,""x"":0.07000000000000339,""y"":61.519999999999996,""width"":99.74,""height"":38.14,""rectanglelabels"":[""AI""],""original_width"":4047.0,""original_height"":4956.0},{""rotation"":0,""x"":0.054999999999999494,""y"":0.8599999999999997,""width"":99.75,""height"":60.62,""rectanglelabels"":[""AF""],""original_width"":4047.0,""original_height"":4956.0}]","","2025-08-06T09:40:40.554060Z"
15871,"1","2025-08-06T09:40:40.554060Z",15460,"https://iiif.irht.cnrs.fr/iiif/ark:/63955/v5ntmcra7716/full/1200,/0/default.jpg","[{""rotation"":0,""x"":0.3200000000000036,""y"":1.1599999999999944,""width"":99.68,""height"":98.78,""rectanglelabels"":[""AF""],""original_width"":4110.0,""original_height"":4965.0}]","","2025-08-06T09:40:40.554060Z"
15872,"1","2025-08-06T09:40:40.554060Z",15461,"https://iiif.irht.cnrs.fr/iiif/ark:/63955/v1fsmw8ivdhb/full/1200,/0/default.jpg","[{""rotation"":0,""x"":-0.004999999999999449,""y"":1.6050000000000009,""width"":99.79,""height"":98.35000000000001,""rectanglelabels"":[""AC""],""original_width"":4047.0,""original_height"":4956.0}]","","2025-08-06T09:40:40.554060Z"
15873,"1","2025-08-06T09:40:40.554060Z",15462,"https://iiif.irht.cnrs.fr/iiif/ark:/63955/vgsgixu1ce70/full/1200,/0/default.jpg","[{""rotation"":0,""x"":0.16000000000000458,""y"":1.2300000000000033,""width"":99.83999999999999,""height"":98.5,""rectanglelabels"":[""AC""],""original_width"":4110.0,""original_height"":4965.0}]","","2025-08-06T09:40:40.554060Z"
15874,"1","2025-08-06T09:40:40.554060Z",15463,"https://iiif.irht.cnrs.fr/iiif/ark:/63955/v7tcz4k65r8k/full/1200,/0/default.jpg","[{""rotation"":0,""x"":0.004999999999999449,""y"":1.9549999999999956,""width"":99.77000000000001,""height"":97.77,""rectanglelabels"":[""AI""],""original_width"":4047.0,""original_height"":4956.0}]","","2025-08-06T09:40:40.554060Z"
15875,"1","2025-08-06T09:40:40.554060Z",15464,"https://iiif.irht.cnrs.fr/iiif/ark:/63955/v15f9pw8y0zr/full/1200,/0/default.jpg","[{""rotation"":0,""x"":0.8099999999999996,""y"":3.410000000000002,""width"":99.16,""height"":95.76,""rectanglelabels"":[""Table""],""original_width"":4028.0,""original_height"":4965.0}]","","2025-08-06T09:40:40.554060Z"
15876,"1","2025-08-06T09:40:40.554060Z",15465,"https://iiif.irht.cnrs.fr/iiif/ark:/63955/vjugsdc5vomo/full/1200,/0/default.jpg","[{""rotation"":0,""x"":0.19500000000000073,""y"":33.074999999999996,""width"":99.79,""height"":42.53,""rectanglelabels"":[""AC""],""original_width"":4110.0,""original_height"":4965.0},{""rotation"":0,""x"":0.2599999999999991,""y"":0.2500000000000002,""width"":99.74,""height"":32.800000000000004,""rectanglelabels"":[""AF""],""original_width"":4110.0,""original_height"":4965.0},{""rotation"":0,""x"":0.1250000000000029,""y"":75.565,""width"":99.87,""height"":24.23,""rectanglelabels"":[""AI""],""original_width"":4110.0,""original_height"":4965.0}]","","2025-08-06T09:40:40.554060Z"
15877,"1","2025-08-06T09:40:40.554060Z",15466,"https://iiif.irht.cnrs.fr/iiif/ark:/63955/v44ly6xddxl7/full/1200,/0/default.jpg","[{""rotation"":0,""x"":0.030000000000002247,""y"":1.3900000000000023,""width"":99.82,""height"":41.099999999999994,""rectanglelabels"":[""AF""],""original_width"":4047.0,""original_height"":4956.0},{""rotation"":0,""x"":0.09500000000000064,""y"":42.519999999999996,""width"":99.61,""height"":57.36,""rectanglelabels"":[""AI""],""original_width"":4047.0,""original_height"":4956.0}]","","2025-08-06T09:40:40.554060Z"
15878,"1","2025-08-06T09:40:40.554060Z",15467,"https://iiif.irht.cnrs.fr/iiif/ark:/63955/vakbvrgmz05u/full/1200,/0/default.jpg","[{""rotation"":0,""x"":0.6949999999999956,""y"":68.67000000000002,""width"":99.31,""height"":30.959999999999997,""rectanglelabels"":[""AI""],""original_width"":4110.0,""original_height"":4965.0},{""rotation"":0,""x"":0.2599999999999991,""y"":0.24000000000000132,""width"":99.74,""height"":68.24,""rectanglelabels"":[""AF""],""original_width"":4110.0,""original_height"":4965.0}]","","2025-08-06T09:40:40.554060Z"
6113,"1","2025-08-01T14:37:52.431146Z",15468,"https://iiif.irht.cnrs.fr/iiif/ark:/63955/vhy8u33iqrmv/full/1200,/0/default.jpg","[{""x"":0.09500000000000064,""y"":1.3050000000000006,""width"":99.77000000000001,""height"":70.33,""rotation"":0,""rectanglelabels"":[""AF""],""original_width"":1200,""original_height"":1470},{""x"":0.12000000000000564,""y"":71.48908355795149,""width"":99.88,""height"":28.5109164420485,""rotation"":0,""rectanglelabels"":[""AI""],""original_width"":1200,""original_height"":1470}]",10.738,"2025-08-01T14:37:52.431146Z"
15879,"1","2025-08-06T09:40:40.554060Z",15469,"https://iiif.irht.cnrs.fr/iiif/ark:/63955/vcl1ayf8jmj4/full/1200,/0/default.jpg","[{""rotation"":0,""x"":0.8349999999999969,""y"":74.705,""width"":99.17,""height"":25.130000000000003,""rectanglelabels"":[""AI""],""original_width"":4110.0,""original_height"":4965.0},{""rotation"":0,""x"":0.18000000000000238,""y"":0.20000000000000018,""width"":99.82,""height"":74.74,""rectanglelabels"":[""AF""],""original_width"":4110.0,""original_height"":4965.0}]","","2025-08-06T09:40:40.554060Z"
15880,"1","2025-08-06T09:40:40.554060Z",15470,"https://iiif.irht.cnrs.fr/iiif/ark:/63955/vxewe0we6rw4/full/1200,/0/default.jpg","[{""rotation"":0,""x"":0.054999999999999494,""y"":53.900000000000006,""width"":99.67,""height"":45.6,""rectanglelabels"":[""AI""],""original_width"":4047.0,""original_height"":4956.0},{""rotation"":0,""x"":0.050000000000000044,""y"":1.9349999999999978,""width"":99.64,""height"":51.910000000000004,""rectanglelabels"":[""AF""],""original_width"":4047.0,""original_height"":4956.0}]","","2025-08-06T09:40:40.554060Z"
15881,"1","2025-08-06T09:40:40.554060Z",15471,"https://iiif.irht.cnrs.fr/iiif/ark:/63955/vzq828zuvu7h/full/1200,/0/default.jpg","[{""rotation"":0,""x"":0.21999999999999797,""y"":32.085,""width"":99.78,""height"":67.69,""rectanglelabels"":[""AC""],""original_width"":4110.0,""original_height"":4965.0},{""rotation"":0,""x"":1.0599999999999998,""y"":3.495000000000001,""width"":98.94,""height"":28.73,""rectanglelabels"":[""AF""],""original_width"":4110.0,""original_height"":4965.0}]","","2025-08-06T09:40:40.554060Z"
15882,"1","2025-08-06T09:40:40.554060Z",15472,"https://iiif.irht.cnrs.fr/iiif/ark:/63955/vvifbrzxa4vp/full/1200,/0/default.jpg","[{""rotation"":0,""x"":0.004999999999999449,""y"":2.4950000000000028,""width"":99.72999999999999,""height"":97.37,""rectanglelabels"":[""AC""],""original_width"":4047.0,""original_height"":4956.0}]","","2025-08-06T09:40:40.554060Z"
15883,"1","2025-08-06T09:40:40.554060Z",15473,"https://iiif.irht.cnrs.fr/iiif/ark:/63955/v09qxowok1nb/full/1200,/0/default.jpg","[{""rotation"":0,""x"":0.5800000000000027,""y"":69.115,""width"":99.42,""height"":30.75,""rectanglelabels"":[""AI""],""original_width"":4110.0,""original_height"":4965.0},{""rotation"":0,""x"":0.11500000000000399,""y"":1.1950000000000016,""width"":99.89,""height"":67.85,""rectanglelabels"":[""AC""],""original_width"":4110.0,""original_height"":4965.0}]","","2025-08-06T09:40:40.554060Z"
15884,"1","2025-08-06T09:40:40.554060Z",15474,"https://iiif.irht.cnrs.fr/iiif/ark:/63955/vaqk9lf4sx0a/full/1200,/0/default.jpg","[{""rotation"":0,""x"":0.019999999999997797,""y"":49.74000000000001,""width"":99.66000000000001,""height"":50.03999999999999,""rectanglelabels"":[""AI""],""original_width"":4047.0,""original_height"":4956.0},{""rotation"":0,""x"":0.054999999999999494,""y"":1.815,""width"":99.67,""height"":47.99,""rectanglelabels"":[""AF""],""original_width"":4047.0,""original_height"":4956.0}]","","2025-08-06T09:40:40.554060Z"
15885,"1","2025-08-06T09:40:40.554060Z",15475,"https://iiif.irht.cnrs.fr/iiif/ark:/63955/vhtlby94m8n4/full/1200,/0/default.jpg","[{""rotation"":0,""x"":0.06499999999999839,""y"":2.32,""width"":99.75,""height"":97.61999999999999,""rectanglelabels"":[""Table""],""original_width"":4110.0,""original_height"":4893.0}]","","2025-08-06T09:40:40.554060Z"
15886,"1","2025-08-06T09:40:40.554060Z",15476,"https://iiif.irht.cnrs.fr/iiif/ark:/63955/vcb2c8ch31id/full/1200,/0/default.jpg","[{""rotation"":0,""x"":0.21999999999999797,""y"":33.239999999999995,""width"":99.78,""height"":66.60000000000001,""rectanglelabels"":[""AI""],""original_width"":4110.0,""original_height"":4965.0},{""rotation"":0,""x"":0.2549999999999941,""y"":1.2149999999999994,""width"":99.75,""height"":31.97,""rectanglelabels"":[""AF""],""original_width"":4110.0,""original_height"":4965.0}]","","2025-08-06T09:40:40.554060Z"
6114,"1","2025-08-01T14:38:55.171421Z",15477,"https://iiif.irht.cnrs.fr/iiif/ark:/63955/vrf1o3lqrx0h/full/1200,/0/default.jpg","[{""x"":0.010000000000003508,""y"":42.629999999999995,""width"":99.70000000000002,""height"":57.37,""rotation"":0,""rectanglelabels"":[""AC""],""original_width"":1200,""original_height"":1470},{""x"":0.11499999999999844,""y"":1.7600000000000005,""width"":99.77000000000001,""height"":41,""rotation"":0,""rectanglelabels"":[""AF""],""original_width"":1200,""original_height"":1470}]",7.44,"2025-08-01T14:38:55.171421Z"
15887,"1","2025-08-06T09:40:40.554060Z",15478,"https://iiif.irht.cnrs.fr/iiif/ark:/63955/vha2xevue67q/full/1200,/0/default.jpg","[{""rotation"":0,""x"":0.6649999999999989,""y"":2.9349999999999934,""width"":99.33,""height"":97.03,""rectanglelabels"":[""AI""],""original_width"":4110.0,""original_height"":4965.0}]","","2025-08-06T09:40:40.554060Z"
15888,"1","2025-08-06T09:40:40.554060Z",15479,"https://iiif.irht.cnrs.fr/iiif/ark:/63955/v8kyk22mkfez/full/1200,/0/default.jpg","[{""rotation"":0,""x"":0.07499999999999729,""y"":1.765,""width"":99.79,""height"":36.75,""rectanglelabels"":[""AF""],""original_width"":4047.0,""original_height"":4956.0},{""rotation"":0,""x"":0.014999999999998348,""y"":38.480000000000004,""width"":99.75,""height"":61.519999999999996,""rectanglelabels"":[""AI""],""original_width"":4047.0,""original_height"":4956.0}]","","2025-08-06T09:40:40.554060Z"
6115,"1","2025-08-01T14:39:13.419723Z",15480,"https://iiif.irht.cnrs.fr/iiif/ark:/63955/vh332tu0uci4/full/1200,/0/default.jpg","[{""x"":13.4078526504943,""y"":3.7317924528301925,""width"":86.5921473495057,""height"":66.17884097035038,""rotation"":0,""rectanglelabels"":[""AF""],""original_width"":1200,""original_height"":1450}]",6.596,"2025-08-01T14:39:13.419723Z"
15889,"1","2025-08-06T09:40:40.554060Z",15481,"https://iiif.irht.cnrs.fr/iiif/ark:/63955/vffjaaygioo3/full/1200,/0/default.jpg","[{""rotation"":0,""x"":-0.004999999999999449,""y"":2.2800000000000042,""width"":99.81,""height"":60.62,""rectanglelabels"":[""AC""],""original_width"":4047.0,""original_height"":4956.0},{""rotation"":0,""x"":0.06499999999999839,""y"":62.88,""width"":99.77000000000001,""height"":36.059999999999995,""rectanglelabels"":[""AI""],""original_width"":4047.0,""original_height"":4956.0}]","","2025-08-06T09:40:40.554060Z"
15890,"1","2025-08-06T09:40:40.554060Z",15482,"https://iiif.irht.cnrs.fr/iiif/ark:/63955/vn95pwp5bpme/full/1200,/0/default.jpg","[{""rotation"":0,""x"":0.11500000000000399,""y"":61.19000000000001,""width"":99.89,""height"":38.62,""rectanglelabels"":[""AI""],""original_width"":4110.0,""original_height"":4965.0},{""rotation"":0,""x"":0.20000000000000018,""y"":0.649999999999995,""width"":99.8,""height"":60.64000000000001,""rectanglelabels"":[""AF""],""original_width"":4110.0,""original_height"":4965.0}]","","2025-08-06T09:40:40.554060Z"
15891,"1","2025-08-06T09:40:40.554060Z",15483,"https://iiif.irht.cnrs.fr/iiif/ark:/63955/vtp7op2086fo/full/1200,/0/default.jpg","[{""rotation"":0,""x"":0.07000000000000339,""y"":1.9500000000000017,""width"":99.74,""height"":49.5,""rectanglelabels"":[""AF""],""original_width"":4047.0,""original_height"":4956.0},{""rotation"":0,""x"":0.050000000000000044,""y"":51.519999999999996,""width"":99.74,""height"":48.38,""rectanglelabels"":[""AI""],""original_width"":4047.0,""original_height"":4956.0}]","","2025-08-06T09:40:40.554060Z"
15892,"1","2025-08-06T09:40:40.554060Z",15484,"https://iiif.irht.cnrs.fr/iiif/ark:/63955/vqpyo6hcvkz5/full/1200,/0/default.jpg","[{""rotation"":0,""x"":0.12000000000000344,""y"":52.785,""width"":99.88,""height"":46.93,""rectanglelabels"":[""AI""],""original_width"":4110.0,""original_height"":4965.0},{""rotation"":0,""x"":0.23999999999999577,""y"":1.090000000000002,""width"":99.76,""height"":51.459999999999994,""rectanglelabels"":[""AF""],""original_width"":4110.0,""original_height"":4965.0}]","","2025-08-06T09:40:40.554060Z"
15893,"1","2025-08-06T09:40:40.557070Z",15485,"https://iiif.irht.cnrs.fr/iiif/ark:/63955/vqp2gud6hrz7/full/1200,/0/default.jpg","[{""rotation"":0,""x"":0.05999999999999894,""y"":2.1949999999999967,""width"":99.66000000000001,""height"":97.69,""rectanglelabels"":[""AM""],""original_width"":4047.0,""original_height"":4956.0}]","","2025-08-06T09:40:40.557070Z"
6116,"1","2025-08-01T14:42:34.747598Z",15486,"https://iiif.irht.cnrs.fr/iiif/ark:/63955/vldk0i9gurhz/full/1200,/0/default.jpg","",15.902,"2025-08-01T14:42:34.747598Z"
15894,"1","2025-08-06T09:40:40.557070Z",15487,"https://iiif.irht.cnrs.fr/iiif/ark:/63955/vznw1o584tyt/full/1200,/0/default.jpg","[{""rotation"":0,""x"":0.019999999999997797,""y"":0.7000000000000006,""width"":99.98,""height"":99.2,""rectanglelabels"":[""AM""],""original_width"":4110.0,""original_height"":4965.0}]","","2025-08-06T09:40:40.557070Z"
15895,"1","2025-08-06T09:40:40.557070Z",15488,"https://iiif.irht.cnrs.fr/iiif/ark:/63955/vsm09zwuz1lo/full/1200,/0/default.jpg","[{""rotation"":0,""x"":0.11499999999999844,""y"":1.5049999999999994,""width"":99.81,""height"":23.169999999999998,""rectanglelabels"":[""AF""],""original_width"":4047.0,""original_height"":4956.0},{""rotation"":0,""x"":0.029999999999996696,""y"":59.035,""width"":99.76,""height"":40.43,""rectanglelabels"":[""AI""],""original_width"":4047.0,""original_height"":4956.0},{""rotation"":0,""x"":0.004999999999999449,""y"":24.62,""width"":99.79,""height"":34.32,""rectanglelabels"":[""AC""],""original_width"":4047.0,""original_height"":4956.0}]","","2025-08-06T09:40:40.557070Z"
15896,"1","2025-08-06T09:40:40.557070Z",15489,"https://iiif.irht.cnrs.fr/iiif/ark:/63955/v31jh718788v/full/1200,/0/default.jpg","[{""rotation"":0,""x"":0.18000000000000238,""y"":0.42500000000000315,""width"":99.82,""height"":99.47,""rectanglelabels"":[""AM""],""original_width"":4110.0,""original_height"":4965.0}]","","2025-08-06T09:40:40.557070Z"
15897,"1","2025-08-06T09:40:40.557070Z",15490,"https://iiif.irht.cnrs.fr/iiif/ark:/63955/v59jahn3ghv3/full/1200,/0/default.jpg","[{""rotation"":0,""x"":0.015000000000003899,""y"":30.124999999999996,""width"":99.83,""height"":69.27,""rectanglelabels"":[""AI""],""original_width"":4047.0,""original_height"":4956.0},{""rotation"":0,""x"":0.18499999999999628,""y"":1.0950000000000015,""width"":99.72999999999999,""height"":29.049999999999997,""rectanglelabels"":[""AF""],""original_width"":4047.0,""original_height"":4956.0}]","","2025-08-06T09:40:40.557070Z"
15898,"1","2025-08-06T09:40:40.557070Z",15491,"https://iiif.irht.cnrs.fr/iiif/ark:/63955/vi52ez1gkqjm/full/1200,/0/default.jpg","[{""rotation"":0,""x"":0.0,""y"":0.38499999999999923,""width"":99.9,""height"":29.89,""rectanglelabels"":[""AF""],""original_width"":4156.0,""original_height"":4965.0},{""rotation"":0,""x"":0.0,""y"":30.380000000000003,""width"":100.0,""height"":68.66,""rectanglelabels"":[""AI""],""original_width"":4156.0,""original_height"":4965.0}]","","2025-08-06T09:40:40.557070Z"
15899,"1","2025-08-06T09:40:40.557070Z",15492,"https://iiif.irht.cnrs.fr/iiif/ark:/63955/va1ub91jixor/full/1200,/0/default.jpg","[{""rotation"":0,""x"":0.060000000000004494,""y"":1.0699999999999987,""width"":99.83999999999999,""height"":72.06,""rectanglelabels"":[""AF""],""original_width"":4047.0,""original_height"":4956.0},{""rotation"":0,""x"":0.02000000000000335,""y"":72.94500000000001,""width"":99.82,""height"":26.810000000000002,""rectanglelabels"":[""AI""],""original_width"":4047.0,""original_height"":4956.0}]","","2025-08-06T09:40:40.557070Z"
15900,"1","2025-08-06T09:40:40.557070Z",15493,"https://iiif.irht.cnrs.fr/iiif/ark:/63955/vhy952qnxt52/full/1200,/0/default.jpg","[{""rotation"":0,""x"":0.20000000000000018,""y"":45.46000000000001,""width"":99.8,""height"":54.379999999999995,""rectanglelabels"":[""AI""],""original_width"":4156.0,""original_height"":4965.0},{""rotation"":0,""x"":0.14000000000000123,""y"":0.36499999999999866,""width"":99.86,""height"":45.09,""rectanglelabels"":[""AF""],""original_width"":4156.0,""original_height"":4965.0}]","","2025-08-06T09:40:40.557070Z"
15901,"1","2025-08-06T09:40:40.557070Z",15494,"https://iiif.irht.cnrs.fr/iiif/ark:/63955/vvk2x0nnk9xl/full/1200,/0/default.jpg","[{""rotation"":0,""x"":0.034999999999996145,""y"":2.3399999999999976,""width"":99.75,""height"":97.56,""rectanglelabels"":[""AF""],""original_width"":4047.0,""original_height"":4956.0}]","","2025-08-06T09:40:40.557070Z"
15902,"1","2025-08-06T09:40:40.557070Z",15495,"https://iiif.irht.cnrs.fr/iiif/ark:/63955/v49v6sd3h5kf/full/1200,/0/default.jpg","[{""rotation"":0,""x"":0.0,""y"":70.28,""width"":100.0,""height"":29.599999999999998,""rectanglelabels"":[""AI""],""original_width"":4156.0,""original_height"":4965.0},{""rotation"":0,""x"":0.09999999999999454,""y"":2.32,""width"":99.9,""height"":67.97999999999999,""rectanglelabels"":[""AC""],""original_width"":4156.0,""original_height"":4965.0}]","","2025-08-06T09:40:40.557070Z"
15903,"1","2025-08-06T09:40:40.557070Z",15496,"https://iiif.irht.cnrs.fr/iiif/ark:/63955/vepi4cfyiit2/full/1200,/0/default.jpg","[{""rotation"":0,""x"":0.050000000000000044,""y"":1.3949999999999962,""width"":99.83999999999999,""height"":63.27,""rectanglelabels"":[""AF""],""original_width"":4047.0,""original_height"":4956.0},{""rotation"":0,""x"":0.029999999999996696,""y"":64.705,""width"":99.76,""height"":34.870000000000005,""rectanglelabels"":[""AI""],""original_width"":4047.0,""original_height"":4956.0}]","","2025-08-06T09:40:40.557070Z"
15904,"1","2025-08-06T09:40:40.557070Z",15497,"https://iiif.irht.cnrs.fr/iiif/ark:/63955/v6rp2zo3yfks/full/1200,/0/default.jpg","[{""rotation"":0,""x"":0.0,""y"":65.495,""width"":99.74,""height"":33.67,""rectanglelabels"":[""AI""],""original_width"":4110.0,""original_height"":4893.0},{""rotation"":0,""x"":0.14000000000000123,""y"":1.1649999999999994,""width"":99.68,""height"":64.75,""rectanglelabels"":[""AC""],""original_width"":4110.0,""original_height"":4893.0}]","","2025-08-06T09:40:40.557070Z"
15905,"1","2025-08-06T09:40:40.557070Z",15498,"https://iiif.irht.cnrs.fr/iiif/ark:/63955/vlr28enic8nl/full/1200,/0/default.jpg","[{""rotation"":0,""x"":0.0,""y"":41.305,""width"":100.0,""height"":58.67,""rectanglelabels"":[""AC""],""original_width"":4156.0,""original_height"":4965.0},{""rotation"":0,""x"":1.2149999999999994,""y"":1.5899999999999999,""width"":98.79,""height"":39.72,""rectanglelabels"":[""AF""],""original_width"":4156.0,""original_height"":4965.0}]","","2025-08-06T09:40:40.557070Z"
15906,"1","2025-08-06T09:40:40.557070Z",15499,"https://iiif.irht.cnrs.fr/iiif/ark:/63955/v3tehwvmgb16/full/1200,/0/default.jpg","[{""rotation"":0,""x"":-0.004999999999999449,""y"":2.374999999999999,""width"":99.81,""height"":97.09,""rectanglelabels"":[""AI""],""original_width"":4047.0,""original_height"":4956.0}]","","2025-08-06T09:40:40.557070Z"
15907,"1","2025-08-06T09:40:40.557070Z",15500,"https://iiif.irht.cnrs.fr/iiif/ark:/63955/vt6i941sy3dp/full/1200,/0/default.jpg","[{""rotation"":0,""x"":0.0,""y"":1.9449999999999967,""width"":100.0,""height"":97.97,""rectanglelabels"":[""AM""],""original_width"":4156.0,""original_height"":4965.0}]","","2025-08-06T09:40:40.557070Z"
15908,"1","2025-08-06T09:40:40.557070Z",15501,"https://iiif.irht.cnrs.fr/iiif/ark:/63955/v5m4t5g1s25m/full/1200,/0/default.jpg","[{""rotation"":0,""x"":0.050000000000000044,""y"":1.4899999999999969,""width"":99.74,""height"":56.2,""rectanglelabels"":[""AF""],""original_width"":4047.0,""original_height"":4956.0},{""rotation"":0,""x"":0.01000000000000445,""y"":58.11000000000001,""width"":99.74,""height"":41.160000000000004,""rectanglelabels"":[""AI""],""original_width"":4047.0,""original_height"":4956.0}]","","2025-08-06T09:40:40.557070Z"
15909,"1","2025-08-06T09:40:40.557070Z",15502,"https://iiif.irht.cnrs.fr/iiif/ark:/63955/vgmic8zna5hg/full/1200,/0/default.jpg","[{""rotation"":0,""x"":0.0,""y"":46.894999999999996,""width"":100.0,""height"":53.03,""rectanglelabels"":[""AI""],""original_width"":4156.0,""original_height"":4965.0},{""rotation"":0,""x"":0.0,""y"":2.410000000000001,""width"":100.0,""height"":44.66,""rectanglelabels"":[""AF""],""original_width"":4156.0,""original_height"":4965.0}]","","2025-08-06T09:40:40.557070Z"
15910,"1","2025-08-06T09:40:40.557070Z",15503,"https://iiif.irht.cnrs.fr/iiif/ark:/63955/voqkpjjtw8zj/full/1200,/0/default.jpg","[{""rotation"":0,""x"":0.009999999999998899,""y"":1.9899999999999973,""width"":99.76,""height"":97.92,""rectanglelabels"":[""AM""],""original_width"":4047.0,""original_height"":4956.0}]","","2025-08-06T09:40:40.557070Z"
15911,"1","2025-08-06T09:40:40.557070Z",15504,"https://iiif.irht.cnrs.fr/iiif/ark:/63955/vcspttiwy4dl/full/1200,/0/default.jpg","[{""rotation"":0,""x"":0.3400000000000014,""y"":30.585,""width"":99.66000000000001,""height"":69.01,""rectanglelabels"":[""AI""],""original_width"":4156.0,""original_height"":4965.0},{""rotation"":0,""x"":0.8599999999999997,""y"":1.7749999999999988,""width"":99.14,""height"":28.71,""rectanglelabels"":[""AF""],""original_width"":4156.0,""original_height"":4965.0}]","","2025-08-06T09:40:40.557070Z"
15912,"1","2025-08-06T09:40:40.557070Z",15505,"https://iiif.irht.cnrs.fr/iiif/ark:/63955/vmpumd4sulgl/full/1200,/0/default.jpg","[{""rotation"":0,""x"":0.030000000000002247,""y"":1.2149999999999994,""width"":99.7,""height"":49.11,""rectanglelabels"":[""AF""],""original_width"":4047.0,""original_height"":4956.0},{""rotation"":0,""x"":0.004999999999999449,""y"":50.285000000000004,""width"":99.71,""height"":49.370000000000005,""rectanglelabels"":[""AC""],""original_width"":4047.0,""original_height"":4956.0}]","","2025-08-06T09:40:40.557070Z"
15913,"1","2025-08-06T09:40:40.557070Z",15506,"https://iiif.irht.cnrs.fr/iiif/ark:/63955/v664pz0xykar/full/1200,/0/default.jpg","[{""rotation"":0,""x"":-0.004999999999999449,""y"":1.4550000000000007,""width"":99.97,""height"":98.47,""rectanglelabels"":[""AC""],""original_width"":4238.0,""original_height"":4965.0}]","","2025-08-06T09:40:40.557070Z"
15914,"1","2025-08-06T09:40:40.557070Z",15507,"https://iiif.irht.cnrs.fr/iiif/ark:/63955/v94kr0jvd5i3/full/1200,/0/default.jpg","[{""rotation"":0,""x"":0.040000000000001146,""y"":75.49,""width"":99.82,""height"":23.84,""rectanglelabels"":[""AI""],""original_width"":4047.0,""original_height"":4956.0},{""rotation"":0,""x"":0.0,""y"":1.6100000000000003,""width"":99.8,""height"":73.83999999999999,""rectanglelabels"":[""AC""],""original_width"":4047.0,""original_height"":4956.0}]","","2025-08-06T09:40:40.557070Z"
15915,"1","2025-08-06T09:40:40.557070Z",15508,"https://iiif.irht.cnrs.fr/iiif/ark:/63955/v1vqa0cinh30/full/1200,/0/default.jpg","[{""rotation"":0,""x"":0.16500000000000403,""y"":4.675000000000002,""width"":99.79,""height"":95.27,""rectanglelabels"":[""AF""],""original_width"":4028.0,""original_height"":4965.0}]","","2025-08-06T09:40:40.557070Z"
15916,"1","2025-08-06T09:40:40.557070Z",15509,"https://iiif.irht.cnrs.fr/iiif/ark:/63955/vz4g4xapevvk/full/1200,/0/default.jpg","[{""rotation"":0,""x"":0.09500000000000064,""y"":46.405,""width"":99.83,""height"":53.37,""rectanglelabels"":[""AC""],""original_width"":4238.0,""original_height"":4965.0},{""rotation"":0,""x"":-0.004999999999999449,""y"":0.8300000000000002,""width"":99.91,""height"":45.660000000000004,""rectanglelabels"":[""AF""],""original_width"":4238.0,""original_height"":4965.0}]","","2025-08-06T09:40:40.557070Z"
15917,"1","2025-08-06T09:40:40.557070Z",15510,"https://iiif.irht.cnrs.fr/iiif/ark:/63955/vzlk0ijktaux/full/1200,/0/default.jpg","[{""rotation"":0,""x"":0.07999999999999674,""y"":1.3349999999999973,""width"":99.92,""height"":64.07000000000001,""rectanglelabels"":[""AC""],""original_width"":4083.0,""original_height"":4956.0},{""rotation"":0,""x"":0.050000000000000044,""y"":65.215,""width"":99.88,""height"":34.35,""rectanglelabels"":[""AI""],""original_width"":4083.0,""original_height"":4956.0}]","","2025-08-06T09:40:40.557070Z"
15918,"1","2025-08-06T09:40:40.557070Z",15511,"https://iiif.irht.cnrs.fr/iiif/ark:/63955/vvlxehbk0ej5/full/1200,/0/default.jpg","[{""rotation"":0,""x"":-0.004999999999999449,""y"":1.4849999999999974,""width"":99.92999999999999,""height"":98.47,""rectanglelabels"":[""AM""],""original_width"":4238.0,""original_height"":4965.0}]","","2025-08-06T09:40:40.557070Z"
15919,"1","2025-08-06T09:40:40.557070Z",15512,"https://iiif.irht.cnrs.fr/iiif/ark:/63955/vvo25dg1911u/full/1200,/0/default.jpg","[{""rotation"":0,""x"":0.07499999999999729,""y"":30.200000000000003,""width"":99.87,""height"":69.54,""rectanglelabels"":[""AI""],""original_width"":4083.0,""original_height"":4956.0},{""rotation"":0,""x"":0.24499999999999522,""y"":0.6349999999999995,""width"":99.75,""height"":29.49,""rectanglelabels"":[""AF""],""original_width"":4083.0,""original_height"":4956.0}]","","2025-08-06T09:40:40.557070Z"
15920,"1","2025-08-06T09:40:40.557070Z",15513,"https://iiif.irht.cnrs.fr/iiif/ark:/63955/vl2d5n7gh4b3/full/1200,/0/default.jpg","[{""rotation"":0,""x"":0.13999999999999568,""y"":36.974999999999994,""width"":99.78,""height"":63.029999999999994,""rectanglelabels"":[""AI""],""original_width"":4238.0,""original_height"":4965.0},{""rotation"":0,""x"":0.4599999999999993,""y"":0.9449999999999986,""width"":99.48,""height"":36.17,""rectanglelabels"":[""AF""],""original_width"":4238.0,""original_height"":4965.0}]","","2025-08-06T09:40:40.557070Z"
15921,"1","2025-08-06T09:40:40.557070Z",15514,"https://iiif.irht.cnrs.fr/iiif/ark:/63955/v1qldalruqni/full/1200,/0/default.jpg","[{""rotation"":0,""x"":0.08500000000000174,""y"":43.35,""width"":99.71,""height"":56.3,""rectanglelabels"":[""AI""],""original_width"":4083.0,""original_height"":4956.0},{""rotation"":0,""x"":0.030000000000002247,""y"":1.200000000000001,""width"":99.9,""height"":42.199999999999996,""rectanglelabels"":[""AF""],""original_width"":4083.0,""original_height"":4956.0}]","","2025-08-06T09:40:40.557070Z"
15922,"1","2025-08-06T09:40:40.557070Z",15515,"https://iiif.irht.cnrs.fr/iiif/ark:/63955/vttw9u6aw1wz/full/1200,/0/default.jpg","[{""rotation"":0,""x"":0.0,""y"":0.8750000000000036,""width"":99.94,""height"":98.97,""rectanglelabels"":[""AF""],""original_width"":4238.0,""original_height"":4965.0}]","","2025-08-06T09:40:40.557070Z"
15923,"1","2025-08-06T09:40:40.559076Z",15516,"https://iiif.irht.cnrs.fr/iiif/ark:/63955/vf2mmi4qu8sk/full/1200,/0/default.jpg","[{""rotation"":0,""x"":0.07999999999999674,""y"":1.7000000000000015,""width"":99.9,""height"":72.56,""rectanglelabels"":[""AC""],""original_width"":4083.0,""original_height"":4956.0},{""rotation"":0,""x"":0.045000000000000595,""y"":74.2,""width"":99.83,""height"":25.22,""rectanglelabels"":[""AI""],""original_width"":4083.0,""original_height"":4956.0}]","","2025-08-06T09:40:40.559076Z"
6117,"1","2025-08-01T14:51:19.895711Z",15517,"https://iiif.irht.cnrs.fr/iiif/ark:/63955/vt5vfxp6k8zd/full/1200,/0/default.jpg","[{""x"":0.004999999999999449,""y"":1.1900000000000022,""width"":99.92999999999999,""height"":53.12,""rotation"":0,""rectanglelabels"":[""AF""],""original_width"":1200,""original_height"":1406},{""x"":0,""y"":54.37431266846362,""width"":99.92999999999998,""height"":45.62568733153638,""rotation"":0,""rectanglelabels"":[""AI""],""original_width"":1200,""original_height"":1406}]",5.892,"2025-08-01T14:51:19.895711Z"
15924,"1","2025-08-06T09:40:40.559076Z",15518,"https://iiif.irht.cnrs.fr/iiif/ark:/63955/v498ak5ch4rj/full/1200,/0/default.jpg","[{""rotation"":0,""x"":0.05999999999999894,""y"":31.825000000000003,""width"":99.88,""height"":67.53,""rectanglelabels"":[""AC""],""original_width"":4083.0,""original_height"":4956.0},{""rotation"":0,""x"":0.3950000000000009,""y"":1.085,""width"":99.59,""height"":30.91,""rectanglelabels"":[""AF""],""original_width"":4083.0,""original_height"":4956.0}]","","2025-08-06T09:40:40.559076Z"
15925,"1","2025-08-06T09:40:40.559076Z",15519,"https://iiif.irht.cnrs.fr/iiif/ark:/63955/v14jbld23d9u/full/1200,/0/default.jpg","[{""rotation"":0,""x"":-0.004999999999999449,""y"":2.5700000000000003,""width"":99.71,""height"":75.62,""rectanglelabels"":[""AC""],""original_width"":4110.0,""original_height"":4893.0},{""rotation"":0,""x"":0.004999999999999449,""y"":77.77499999999999,""width"":99.81,""height"":21.89,""rectanglelabels"":[""AI""],""original_width"":4110.0,""original_height"":4893.0}]","","2025-08-06T09:40:40.559076Z"
15926,"1","2025-08-06T09:40:40.559076Z",15520,"https://iiif.irht.cnrs.fr/iiif/ark:/63955/vqd2u3w2wgw1/full/1200,/0/default.jpg","[{""rotation"":0,""x"":0.034999999999996145,""y"":75.91499999999999,""width"":99.87,""height"":23.669999999999998,""rectanglelabels"":[""AI""],""original_width"":4238.0,""original_height"":4965.0},{""rotation"":0,""x"":0.0,""y"":1.5249999999999986,""width"":99.96000000000001,""height"":74.35000000000001,""rectanglelabels"":[""AC""],""original_width"":4238.0,""original_height"":4965.0}]","","2025-08-06T09:40:40.559076Z"
15927,"1","2025-08-06T09:40:40.559076Z",15521,"https://iiif.irht.cnrs.fr/iiif/ark:/63955/vbbz1ij9ixdr/full/1200,/0/default.jpg","[{""rotation"":0,""x"":0.11999999999999789,""y"":1.6250000000000042,""width"":99.76,""height"":98.31,""rectanglelabels"":[""AF""],""original_width"":4083.0,""original_height"":4956.0}]","","2025-08-06T09:40:40.559076Z"
15928,"1","2025-08-06T09:40:40.559076Z",15522,"https://iiif.irht.cnrs.fr/iiif/ark:/63955/v5oba1sesc45/full/1200,/0/default.jpg","[{""rotation"":0,""x"":0.0,""y"":0.6649999999999989,""width"":99.96000000000001,""height"":64.91,""rectanglelabels"":[""AC""],""original_width"":4238.0,""original_height"":4965.0},{""rotation"":0,""x"":0.0,""y"":65.92,""width"":99.92,""height"":33.58,""rectanglelabels"":[""AI""],""original_width"":4238.0,""original_height"":4965.0}]","","2025-08-06T09:40:40.559076Z"
15929,"1","2025-08-06T09:40:40.559076Z",15523,"https://iiif.irht.cnrs.fr/iiif/ark:/63955/vez9a25qy72a/full/1200,/0/default.jpg","[{""rotation"":0,""x"":0.07500000000000284,""y"":1.4550000000000007,""width"":99.72999999999999,""height"":54.669999999999995,""rectanglelabels"":[""AF""],""original_width"":4083.0,""original_height"":4956.0},{""rotation"":0,""x"":0.08999999999999564,""y"":56.08500000000001,""width"":99.66000000000001,""height"":43.19,""rectanglelabels"":[""AI""],""original_width"":4083.0,""original_height"":4956.0}]","","2025-08-06T09:40:40.559076Z"
15930,"1","2025-08-06T09:40:40.559076Z",15524,"https://iiif.irht.cnrs.fr/iiif/ark:/63955/v63tqdbnr2sf/full/1200,/0/default.jpg","[{""rotation"":0,""x"":0.12499999999999734,""y"":42.894999999999996,""width"":99.81,""height"":57.05,""rectanglelabels"":[""AI""],""original_width"":4238.0,""original_height"":4965.0},{""rotation"":0,""x"":-0.004999999999999449,""y"":1.1200000000000014,""width"":99.97,""height"":41.74,""rectanglelabels"":[""AF""],""original_width"":4238.0,""original_height"":4965.0}]","","2025-08-06T09:40:40.559076Z"
15931,"1","2025-08-06T09:40:40.559076Z",15525,"https://iiif.irht.cnrs.fr/iiif/ark:/63955/ve3g7h9jmexm/full/1200,/0/default.jpg","[{""rotation"":0,""x"":0.10999999999999899,""y"":1.3149999999999995,""width"":99.52,""height"":98.55000000000001,""rectanglelabels"":[""AM""],""original_width"":4083.0,""original_height"":4956.0}]","","2025-08-06T09:40:40.559076Z"
15932,"1","2025-08-06T09:40:40.559076Z",15526,"https://iiif.irht.cnrs.fr/iiif/ark:/63955/vo7ouyn11y74/full/1200,/0/default.jpg","[{""rotation"":0,""x"":-0.004999999999999449,""y"":2.200000000000002,""width"":99.97,""height"":55.96,""rectanglelabels"":[""AF""],""original_width"":4238.0,""original_height"":4965.0},{""rotation"":0,""x"":0.10999999999999899,""y"":58.095,""width"":99.8,""height"":41.49,""rectanglelabels"":[""AI""],""original_width"":4238.0,""original_height"":4965.0}]","","2025-08-06T09:40:40.559076Z"
15933,"1","2025-08-06T09:40:40.559076Z",15527,"https://iiif.irht.cnrs.fr/iiif/ark:/63955/vryh3l95dokh/full/1200,/0/default.jpg","[{""rotation"":0,""x"":0.054999999999999494,""y"":0.379999999999997,""width"":99.61,""height"":99.5,""rectanglelabels"":[""AM""],""original_width"":4083.0,""original_height"":4956.0}]","","2025-08-06T09:40:40.559076Z"
15934,"1","2025-08-06T09:40:40.559076Z",15528,"https://iiif.irht.cnrs.fr/iiif/ark:/63955/v5ryealt78if/full/1200,/0/default.jpg","[{""rotation"":0,""x"":0.0,""y"":1.319999999999999,""width"":99.96000000000001,""height"":62.18,""rectanglelabels"":[""AF""],""original_width"":4238.0,""original_height"":4965.0},{""rotation"":0,""x"":0.26499999999999857,""y"":63.485,""width"":99.71,""height"":35.75,""rectanglelabels"":[""AI""],""original_width"":4238.0,""original_height"":4965.0}]","","2025-08-06T09:40:40.559076Z"
6118,"1","2025-08-01T14:55:37.521841Z",15529,"https://iiif.irht.cnrs.fr/iiif/ark:/63955/vxcdkdejljbj/full/1200,/0/default.jpg","[{""x"":0.05999999999999894,""y"":45.025,""width"":99.7,""height"":54.769999999999996,""rotation"":0,""rectanglelabels"":[""AI""],""original_width"":1200,""original_height"":1457},{""x"":0.21500000000000408,""y"":1.250000000000001,""width"":99.72999999999999,""height"":43.86,""rotation"":0,""rectanglelabels"":[""AF""],""original_width"":1200,""original_height"":1457}]",7.413,"2025-08-01T14:55:37.521841Z"
15935,"1","2025-08-06T09:40:40.559076Z",15530,"https://iiif.irht.cnrs.fr/iiif/ark:/63955/vfgnn4w9i44y/full/1200,/0/default.jpg","[{""rotation"":0,""x"":0.6999999999999951,""y"":0.539999999999996,""width"":99.3,""height"":99.02,""rectanglelabels"":[""Table""],""original_width"":3956.0,""original_height"":4965.0}]","","2025-08-06T09:40:40.559076Z"
15936,"1","2025-08-06T09:40:40.559076Z",15531,"https://iiif.irht.cnrs.fr/iiif/ark:/63955/v0dehg3mwv9n/full/1200,/0/default.jpg","[{""rotation"":0,""x"":0.30000000000000027,""y"":3.005000000000002,""width"":99.64,""height"":95.99,""rectanglelabels"":[""AM""],""original_width"":4138.0,""original_height"":4893.0}]","","2025-08-06T09:40:40.559076Z"
15937,"1","2025-08-06T09:40:40.559076Z",15532,"https://iiif.irht.cnrs.fr/iiif/ark:/63955/vm26xvwzb8yq/full/1200,/0/default.jpg","[{""rotation"":0,""x"":0.045000000000000595,""y"":2.4699999999999998,""width"":87.87,""height"":43.84,""rectanglelabels"":[""AF""],""original_width"":4301.0,""original_height"":4884.0},{""rotation"":0,""x"":0.014999999999998348,""y"":46.290000000000006,""width"":91.03,""height"":50.9,""rectanglelabels"":[""AI""],""original_width"":4301.0,""original_height"":4884.0}]","","2025-08-06T09:40:40.559076Z"
15938,"1","2025-08-06T09:40:40.559076Z",15533,"https://iiif.irht.cnrs.fr/iiif/ark:/63955/vc755nqno6o2/full/1200,/0/default.jpg","[{""rotation"":0,""x"":5.275000000000002,""y"":3.0399999999999983,""width"":94.65,""height"":46.28,""rectanglelabels"":[""AF""],""original_width"":4138.0,""original_height"":4893.0},{""rotation"":0,""x"":12.159999999999998,""y"":49.345,""width"":87.76,""height"":48.69,""rectanglelabels"":[""AI""],""original_width"":4138.0,""original_height"":4893.0}]","","2025-08-06T09:40:40.559076Z"
15939,"1","2025-08-06T09:40:40.559076Z",15534,"https://iiif.irht.cnrs.fr/iiif/ark:/63955/vk5insfj2364/full/1200,/0/default.jpg","[{""rotation"":0,""x"":0.035000000000001696,""y"":1.7949999999999966,""width"":87.91,""height"":51.99,""rectanglelabels"":[""AF""],""original_width"":4301.0,""original_height"":4884.0},{""rotation"":0,""x"":0.07499999999999729,""y"":53.65500000000001,""width"":98.37,""height"":43.25,""rectanglelabels"":[""AI""],""original_width"":4301.0,""original_height"":4884.0}]","","2025-08-06T09:40:40.559076Z"
15940,"1","2025-08-06T09:40:40.559076Z",15535,"https://iiif.irht.cnrs.fr/iiif/ark:/63955/v93z62bf01r8/full/1200,/0/default.jpg","[{""rotation"":0,""x"":6.15,""y"":2.7650000000000006,""width"":93.78,""height"":46.29,""rectanglelabels"":[""AF""],""original_width"":4138.0,""original_height"":4893.0},{""rotation"":0,""x"":9.915000000000001,""y"":48.97,""width"":90.01,""height"":49.04,""rectanglelabels"":[""AI""],""original_width"":4138.0,""original_height"":4893.0}]","","2025-08-06T09:40:40.559076Z"
15941,"1","2025-08-06T09:40:40.559076Z",15536,"https://iiif.irht.cnrs.fr/iiif/ark:/63955/v7xvylk49mof/full/1200,/0/default.jpg","[{""rotation"":0,""x"":0.09000000000000119,""y"":1.0599999999999998,""width"":91.06,""height"":26.8,""rectanglelabels"":[""AF""],""original_width"":4301.0,""original_height"":4884.0},{""rotation"":0,""x"":0.02000000000000335,""y"":27.650000000000002,""width"":89.03999999999999,""height"":70.06,""rectanglelabels"":[""AC""],""original_width"":4301.0,""original_height"":4884.0}]","","2025-08-06T09:40:40.559076Z"
6119,"1","2025-08-01T14:58:05.228368Z",15537,"https://iiif.irht.cnrs.fr/iiif/ark:/63955/v5c8lwao2fx6/full/1200,/0/default.jpg","[{""x"":6.883396226415043,""y"":2.6763342318059244,""width"":93.11660377358497,""height"":71.22059299191376,""rotation"":0,""rectanglelabels"":[""AC""],""original_width"":1200,""original_height"":1419}]",13.727,"2025-08-01T14:58:05.228368Z"
15942,"1","2025-08-06T09:40:40.559076Z",15538,"https://iiif.irht.cnrs.fr/iiif/ark:/63955/vf48qj9sbh08/full/1200,/0/default.jpg","[{""rotation"":0,""x"":0.0,""y"":0.42999999999999705,""width"":87.14,""height"":96.96000000000001,""rectanglelabels"":[""AI""],""original_width"":4301.0,""original_height"":4884.0}]","","2025-08-06T09:40:40.559076Z"
6120,"1","2025-08-01T14:58:37.351104Z",15539,"https://iiif.irht.cnrs.fr/iiif/ark:/63955/vdyux24krjq3/full/1200,/0/default.jpg","[{""x"":9.248261455525606,""y"":2.669770889487872,""width"":90.60673854447437,""height"":42.675229110512106,""rotation"":0,""rectanglelabels"":[""AF""],""original_width"":1200,""original_height"":1419},{""x"":9.804999999999996,""y"":45.39,""width"":90.09,""height"":53.36,""rotation"":0,""rectanglelabels"":[""AC""],""original_width"":1200,""original_height"":1419}]",12.576,"2025-08-01T14:58:37.351104Z"
6121,"1","2025-08-01T15:00:31.118871Z",15540,"https://iiif.irht.cnrs.fr/iiif/ark:/63955/vsb02z3ix9x1/full/1200,/0/default.jpg","[{""x"":0.05999999999999894,""y"":2.600000000000002,""width"":92.89999999999998,""height"":72.87590247263596,""rotation"":0,""rectanglelabels"":[""AC""],""original_width"":1200,""original_height"":1363},{""x"":1.1084910074260534e-15,""y"":75.39530082421197,""width"":93.02776911076441,""height"":22.258796703152086,""rotation"":0,""rectanglelabels"":[""AI""],""original_width"":1200,""original_height"":1363}]",111.072,"2025-08-01T15:00:31.118871Z"
6122,"1","2025-08-01T15:01:48.938031Z",15541,"https://iiif.irht.cnrs.fr/iiif/ark:/63955/v6ci3hs8cyi6/full/1200,/0/default.jpg","[{""x"":0.025000000000002808,""y"":3.6742722371967655,""width"":89.66490116801434,""height"":64.58660377358488,""rotation"":0,""rectanglelabels"":[""AC""],""original_width"":1200,""original_height"":1391},{""x"":0.09500000000000064,""y"":68.57904312668464,""width"":89.42133423180593,""height"":28.925956873315396,""rotation"":0,""rectanglelabels"":[""AI""],""original_width"":1200,""original_height"":1391}]",76.954,"2025-08-01T15:01:48.938031Z"
15943,"1","2025-08-06T09:40:40.559076Z",15542,"https://iiif.irht.cnrs.fr/iiif/ark:/63955/vhokrhv9h4mg/full/1200,/0/default.jpg","[{""rotation"":0,""x"":0.0,""y"":2.5650000000000004,""width"":100.0,""height"":62.33,""rectanglelabels"":[""AF""],""original_width"":4110.0,""original_height"":4893.0},{""rotation"":0,""x"":0.6849999999999967,""y"":64.77,""width"":99.31,""height"":33.62,""rectanglelabels"":[""AI""],""original_width"":4110.0,""original_height"":4893.0}]","","2025-08-06T09:40:40.559076Z"
15944,"1","2025-08-06T09:40:40.559076Z",15543,"https://iiif.irht.cnrs.fr/iiif/ark:/63955/vzji33antef5/full/1200,/0/default.jpg","[{""rotation"":0,""x"":-0.004999999999999449,""y"":1.6400000000000026,""width"":92.01,""height"":67.56,""rectanglelabels"":[""AF""],""original_width"":4247.0,""original_height"":4884.0},{""rotation"":0,""x"":0.0,""y"":69.02999999999999,""width"":99.28,""height"":28.1,""rectanglelabels"":[""AI""],""original_width"":4247.0,""original_height"":4884.0}]","","2025-08-06T09:40:40.559076Z"
15945,"1","2025-08-06T09:40:40.561082Z",15544,"https://iiif.irht.cnrs.fr/iiif/ark:/63955/vei4h01qy38n/full/1200,/0/default.jpg","[{""rotation"":0,""x"":0.0,""y"":58.91,""width"":100.0,""height"":39.24,""rectanglelabels"":[""AI""],""original_width"":4110.0,""original_height"":4893.0},{""rotation"":0,""x"":0.0,""y"":2.9600000000000017,""width"":100.0,""height"":55.86,""rectanglelabels"":[""AF""],""original_width"":4110.0,""original_height"":4893.0}]","","2025-08-06T09:40:40.561082Z"
15946,"1","2025-08-06T09:40:40.561082Z",15545,"https://iiif.irht.cnrs.fr/iiif/ark:/63955/voz4j9mov3ne/full/1200,/0/default.jpg","[{""rotation"":0,""x"":0.0,""y"":2.179999999999999,""width"":91.92,""height"":55.16,""rectanglelabels"":[""AF""],""original_width"":4247.0,""original_height"":4884.0},{""rotation"":0,""x"":0.004999999999999449,""y"":57.269999999999996,""width"":99.29,""height"":40.42,""rectanglelabels"":[""AI""],""original_width"":4247.0,""original_height"":4884.0}]","","2025-08-06T09:40:40.561082Z"
15947,"1","2025-08-06T09:40:40.561082Z",15546,"https://iiif.irht.cnrs.fr/iiif/ark:/63955/vlriwecauhoc/full/1200,/0/default.jpg","[{""rotation"":0,""x"":0.0,""y"":2.4650000000000007,""width"":100.0,""height"":50.949999999999996,""rectanglelabels"":[""AF""],""original_width"":4110.0,""original_height"":4893.0},{""rotation"":0,""x"":0.0,""y"":53.43,""width"":100.0,""height"":44.78,""rectanglelabels"":[""AI""],""original_width"":4110.0,""original_height"":4893.0}]","","2025-08-06T09:40:40.561082Z"
15948,"1","2025-08-06T09:40:40.561082Z",15547,"https://iiif.irht.cnrs.fr/iiif/ark:/63955/vm5dowbr4zg4/full/1200,/0/default.jpg","[{""rotation"":0,""x"":-0.004999999999999449,""y"":51.43,""width"":91.35,""height"":46.54,""rectanglelabels"":[""AI""],""original_width"":4247.0,""original_height"":4884.0},{""rotation"":0,""x"":0.004999999999999449,""y"":2.2300000000000013,""width"":91.89,""height"":49.16,""rectanglelabels"":[""AF""],""original_width"":4247.0,""original_height"":4884.0}]","","2025-08-06T09:40:40.561082Z"
6123,"1","2025-08-01T15:03:30.237372Z",15548,"https://iiif.irht.cnrs.fr/iiif/ark:/63955/v3zdqo9tcof3/full/1200,/0/default.jpg","[{""x"":8.004999999999995,""y"":59.065,""width"":91.91,""height"":39.39,""rotation"":0,""rectanglelabels"":[""AI""],""original_width"":1200,""original_height"":1419},{""x"":7.828396226415098,""y"":2.7602291105121273,""width"":91.99660377358494,""height"":56.34477088948787,""rotation"":0,""rectanglelabels"":[""AF""],""original_width"":1200,""original_height"":1419}]",7.968,"2025-08-01T15:03:30.237372Z"
15949,"1","2025-08-06T09:40:40.561082Z",15549,"https://iiif.irht.cnrs.fr/iiif/ark:/63955/v7bijlc1apog/full/1200,/0/default.jpg","[{""rotation"":0,""x"":0.0,""y"":51.20499999999999,""width"":91.36,""height"":46.25,""rectanglelabels"":[""AI""],""original_width"":4247.0,""original_height"":4884.0},{""rotation"":0,""x"":-0.004999999999999449,""y"":2.015000000000003,""width"":90.57,""height"":49.25,""rectanglelabels"":[""AF""],""original_width"":4247.0,""original_height"":4884.0}]","","2025-08-06T09:40:40.561082Z"
6124,"1","2025-08-01T15:03:54.839215Z",15550,"https://iiif.irht.cnrs.fr/iiif/ark:/63955/v2cce4hdkmhk/full/1200,/0/default.jpg","[{""x"":8.364595687331535,""y"":62.850000000000016,""width"":91.54040431266841,""height"":34.86,""rotation"":0,""rectanglelabels"":[""AI""],""original_width"":1200,""original_height"":1419},{""x"":7.940000000000003,""y"":3.0049999999999963,""width"":91.9,""height"":59.75,""rotation"":0,""rectanglelabels"":[""AF""],""original_width"":1200,""original_height"":1419}]",12.293,"2025-08-01T15:03:54.839215Z"
15950,"1","2025-08-06T09:40:40.561082Z",15551,"https://iiif.irht.cnrs.fr/iiif/ark:/63955/v08991lyhp5t/full/1200,/0/default.jpg","[{""rotation"":0,""x"":-0.004999999999999449,""y"":2.37,""width"":90.89,""height"":97.26,""rectanglelabels"":[""AM""],""original_width"":4247.0,""original_height"":4884.0}]","","2025-08-06T09:40:40.561082Z"
15951,"1","2025-08-06T09:40:40.561082Z",15552,"https://iiif.irht.cnrs.fr/iiif/ark:/63955/voj8j928cbns/full/1200,/0/default.jpg","[{""rotation"":0,""x"":0.33500000000000196,""y"":65.41,""width"":99.67,""height"":34.42,""rectanglelabels"":[""AI""],""original_width"":3956.0,""original_height"":4965.0},{""rotation"":0,""x"":0.36000000000000476,""y"":0.43500000000000205,""width"":99.64,""height"":65.27,""rectanglelabels"":[""AF""],""original_width"":3956.0,""original_height"":4965.0}]","","2025-08-06T09:40:40.561082Z"
6125,"1","2025-08-01T15:04:34.760495Z",15553,"https://iiif.irht.cnrs.fr/iiif/ark:/63955/v7pekqpaf5dr/full/1200,/0/default.jpg","[{""x"":12.946293800539083,""y"":76.5699999999999,""width"":86.9437061994609,""height"":21.099999999999984,""rotation"":0,""rectanglelabels"":[""AI""],""original_width"":1200,""original_height"":1419},{""x"":13.263059299191369,""y"":2.214999999999999,""width"":86.62194070080865,""height"":34.42999999999999,""rotation"":0,""rectanglelabels"":[""AF""],""original_width"":1200,""original_height"":1419},{""x"":13.125000000000004,""y"":36.63999999999999,""width"":86.77,""height"":40.06,""rotation"":0,""rectanglelabels"":[""AC""],""original_width"":1200,""original_height"":1419}]",15.06,"2025-08-01T15:04:34.760495Z"
15952,"1","2025-08-06T09:40:40.561082Z",15554,"https://iiif.irht.cnrs.fr/iiif/ark:/63955/virwz5gmn1mv/full/1200,/0/default.jpg","[{""rotation"":0,""x"":0.004999999999999449,""y"":1.044999999999996,""width"":88.79,""height"":98.55000000000001,""rectanglelabels"":[""AF""],""original_width"":4247.0,""original_height"":4884.0}]","","2025-08-06T09:40:40.561082Z"
6126,"1","2025-08-01T15:05:01.472718Z",15555,"https://iiif.irht.cnrs.fr/iiif/ark:/63955/vawxwuflz8to/full/1200,/0/default.jpg","[{""x"":16.984797843665767,""y"":4.172938005390839,""width"":83.01520215633421,""height"":73.96711590296498,""rotation"":0,""rectanglelabels"":[""AC""],""original_width"":1200,""original_height"":1419}]",12.401,"2025-08-01T15:05:01.472718Z"
6127,"1","2025-08-01T15:05:25.378252Z",15556,"https://iiif.irht.cnrs.fr/iiif/ark:/63955/vndfcovh1n0t/full/1200,/0/default.jpg","[{""x"":6.928068796412834e-17,""y"":62.80723360238758,""width"":90.53569422776913,""height"":36.278684799565866,""rotation"":0,""rectanglelabels"":[""AI""],""original_width"":1200,""original_height"":1380},{""x"":0,""y"":1.9249999999999996,""width"":90.52899375975039,""height"":61.08920640303873,""rotation"":0,""rectanglelabels"":[""AC""],""original_width"":1200,""original_height"":1380}]",16.729,"2025-08-01T15:05:25.378252Z"
15953,"1","2025-08-06T09:40:40.561082Z",15557,"https://iiif.irht.cnrs.fr/iiif/ark:/63955/vjzz0mm18ic4/full/1200,/0/default.jpg","[{""rotation"":0,""x"":0.004999999999999449,""y"":1.9499999999999988,""width"":99.81,""height"":42.84,""rectanglelabels"":[""AF""],""original_width"":4138.0,""original_height"":4893.0},{""rotation"":0,""x"":13.150000000000006,""y"":44.480000000000004,""width"":86.72,""height"":53.76,""rectanglelabels"":[""AI""],""original_width"":4138.0,""original_height"":4893.0}]","","2025-08-06T09:40:40.561082Z"
15954,"1","2025-08-06T09:40:40.561082Z",15558,"https://iiif.irht.cnrs.fr/iiif/ark:/63955/vg8zvuy4nnr1/full/1200,/0/default.jpg","[{""rotation"":0,""x"":-0.004999999999999449,""y"":1.479999999999998,""width"":87.91,""height"":68.4,""rectanglelabels"":[""AF""],""original_width"":4247.0,""original_height"":4884.0},{""rotation"":0,""x"":0.004999999999999449,""y"":69.61,""width"":97.41,""height"":28.4,""rectanglelabels"":[""AI""],""original_width"":4247.0,""original_height"":4884.0}]","","2025-08-06T09:40:40.561082Z"
15955,"1","2025-08-06T09:40:40.561082Z",15559,"https://iiif.irht.cnrs.fr/iiif/ark:/63955/v33pylqmlj5l/full/1200,/0/default.jpg","[{""rotation"":0,""x"":13.019999999999998,""y"":2.629999999999999,""width"":86.9,""height"":95.94,""rectanglelabels"":[""AM""],""original_width"":4138.0,""original_height"":4893.0}]","","2025-08-06T09:40:40.561082Z"
15956,"1","2025-08-06T09:40:40.561082Z",15560,"https://iiif.irht.cnrs.fr/iiif/ark:/63955/vi5757fojk5s/full/1200,/0/default.jpg","[{""rotation"":0,""x"":0.0,""y"":1.4100000000000015,""width"":100.0,""height"":22.66,""rectanglelabels"":[""AF""],""original_width"":4247.0,""original_height"":4884.0},{""rotation"":0,""x"":0.0,""y"":23.900000000000006,""width"":91.18,""height"":75.5,""rectanglelabels"":[""AI""],""original_width"":4247.0,""original_height"":4884.0}]","","2025-08-06T09:40:40.561082Z"
15957,"1","2025-08-06T09:40:40.561082Z",15561,"https://iiif.irht.cnrs.fr/iiif/ark:/63955/vj1mi596wba0/full/1200,/0/default.jpg","[{""rotation"":0,""x"":12.665,""y"":2.3499999999999965,""width"":87.21,""height"":96.14,""rectanglelabels"":[""AM""],""original_width"":4138.0,""original_height"":4893.0}]","","2025-08-06T09:40:40.561082Z"
15958,"1","2025-08-06T09:40:40.561082Z",15562,"https://iiif.irht.cnrs.fr/iiif/ark:/63955/v09mrv7b0tu6/full/1200,/0/default.jpg","[{""rotation"":0,""x"":0.004999999999999449,""y"":2.610000000000001,""width"":91.03,""height"":97.22,""rectanglelabels"":[""AM""],""original_width"":4247.0,""original_height"":4884.0}]","","2025-08-06T09:40:40.561082Z"
6128,"1","2025-08-01T15:11:31.740290Z",15563,"https://iiif.irht.cnrs.fr/iiif/ark:/63955/vybwvlf0qd72/full/1200,/0/default.jpg","[{""x"":0.08500000000000174,""y"":1.5450000000000075,""width"":89.71000000000001,""height"":97.63,""rotation"":0,""rectanglelabels"":[""AF""],""original_width"":1200,""original_height"":1391}]",305.901,"2025-08-01T15:11:31.740290Z"
15959,"1","2025-08-06T09:40:40.561082Z",15564,"https://iiif.irht.cnrs.fr/iiif/ark:/63955/v0zegox1tqlv/full/1200,/0/default.jpg","[{""rotation"":0,""x"":5.915000000000004,""y"":3.0049999999999963,""width"":93.97,""height"":96.28999999999999,""rectanglelabels"":[""AM""],""original_width"":4138.0,""original_height"":4893.0}]","","2025-08-06T09:40:40.561082Z"
15960,"1","2025-08-06T09:40:40.561082Z",15565,"https://iiif.irht.cnrs.fr/iiif/ark:/63955/vc30maxxkxyt/full/1200,/0/default.jpg","[{""rotation"":0,""x"":0.004999999999999449,""y"":2.6549999999999963,""width"":90.49000000000001,""height"":97.13000000000001,""rectanglelabels"":[""AM""],""original_width"":4247.0,""original_height"":4884.0}]","","2025-08-06T09:40:40.561082Z"
15961,"1","2025-08-06T09:40:40.561082Z",15566,"https://iiif.irht.cnrs.fr/iiif/ark:/63955/vjqor1pkvwlv/full/1200,/0/default.jpg","[{""rotation"":0,""x"":1.8000000000000071,""y"":2.225000000000005,""width"":98.11999999999999,""height"":96.69,""rectanglelabels"":[""AM""],""original_width"":4138.0,""original_height"":4893.0}]","","2025-08-06T09:40:40.561082Z"
15962,"1","2025-08-06T09:40:40.561082Z",15567,"https://iiif.irht.cnrs.fr/iiif/ark:/63955/va2j83dyo8bs/full/1200,/0/default.jpg","[{""rotation"":0,""x"":0.0,""y"":2.735000000000004,""width"":90.5,""height"":97.09,""rectanglelabels"":[""AM""],""original_width"":4247.0,""original_height"":4884.0}]","","2025-08-06T09:40:40.561082Z"
15963,"1","2025-08-06T09:40:40.563088Z",15568,"https://iiif.irht.cnrs.fr/iiif/ark:/63955/v9y26wn4uhok/full/1200,/0/default.jpg","[{""rotation"":0,""x"":0.004999999999999449,""y"":2.1600000000000064,""width"":99.85000000000001,""height"":97.42,""rectanglelabels"":[""AM""],""original_width"":4192.0,""original_height"":4893.0}]","","2025-08-06T09:40:40.563088Z"
15964,"1","2025-08-06T09:40:40.563088Z",15569,"https://iiif.irht.cnrs.fr/iiif/ark:/63955/v5fmv0hrmc2o/full/1200,/0/default.jpg","[{""rotation"":0,""x"":0.0,""y"":3.059999999999996,""width"":90.42,""height"":96.74000000000001,""rectanglelabels"":[""AM""],""original_width"":4247.0,""original_height"":4884.0}]","","2025-08-06T09:40:40.563088Z"
15965,"1","2025-08-06T09:40:40.563088Z",15570,"https://iiif.irht.cnrs.fr/iiif/ark:/63955/vvas99hhk9qi/full/1200,/0/default.jpg","[{""rotation"":0,""x"":0.0,""y"":1.7750000000000044,""width"":99.88,""height"":98.00999999999999,""rectanglelabels"":[""AM""],""original_width"":4192.0,""original_height"":4893.0}]","","2025-08-06T09:40:40.563088Z"
15966,"1","2025-08-06T09:40:40.563088Z",15571,"https://iiif.irht.cnrs.fr/iiif/ark:/63955/vcxe019hpun5/full/1200,/0/default.jpg","[{""rotation"":0,""x"":0.035000000000001696,""y"":2.7150000000000007,""width"":84.99,""height"":97.17,""rectanglelabels"":[""AM""],""original_width"":4256.0,""original_height"":4893.0}]","","2025-08-06T09:40:40.563088Z"
6129,"1","2025-08-04T07:35:42.251046Z",15572,"https://iiif.irht.cnrs.fr/iiif/ark:/63955/vgi6xasach6n/full/1200,/0/default.jpg","[{""x"":-1.7173762412170393e-16,""y"":55.44,""width"":99.89,""height"":44.56,""rotation"":0,""rectanglelabels"":[""AC""],""original_width"":1200,""original_height"":1410},{""x"":-0.004999999999999449,""y"":2.4150000000000005,""width"":99.89,""height"":52.99,""rotation"":0,""rectanglelabels"":[""AF""],""original_width"":1200,""original_height"":1410}]",4.868,"2025-08-04T07:35:42.251046Z"
15967,"1","2025-08-06T09:40:40.563088Z",15573,"https://iiif.irht.cnrs.fr/iiif/ark:/63955/v9fwrxh1o0dl/full/1200,/0/default.jpg","[{""rotation"":0,""x"":0.07000000000000339,""y"":2.244999999999997,""width"":87.33999999999999,""height"":96.19,""rectanglelabels"":[""AI""],""original_width"":4274.0,""original_height"":4893.0}]","","2025-08-06T09:40:40.563088Z"
6130,"1","2025-08-04T07:35:53.779185Z",15574,"https://iiif.irht.cnrs.fr/iiif/ark:/63955/vwakpjwn13bk/full/1200,/0/default.jpg","[{""x"":11.158835341365466,""y"":2.779156626506025,""width"":88.84116465863454,""height"":74.94313253012047,""rotation"":0,""rectanglelabels"":[""AC""],""original_width"":1200,""original_height"":1475}]",7.454,"2025-08-04T07:35:53.779185Z"
15968,"1","2025-08-06T09:40:40.563088Z",15575,"https://iiif.irht.cnrs.fr/iiif/ark:/63955/veenovcjiiz1/full/1200,/0/default.jpg","[{""rotation"":0,""x"":-0.004999999999999449,""y"":64.915,""width"":99.87,""height"":34.089999999999996,""rectanglelabels"":[""AI""],""original_width"":4165.0,""original_height"":4893.0},{""rotation"":0,""x"":0.004999999999999449,""y"":2.2150000000000003,""width"":99.87,""height"":62.41,""rectanglelabels"":[""AF""],""original_width"":4165.0,""original_height"":4893.0}]","","2025-08-06T09:40:40.563088Z"
15969,"1","2025-08-06T09:40:40.563088Z",15576,"https://iiif.irht.cnrs.fr/iiif/ark:/63955/voxbh7ozeb8t/full/1200,/0/default.jpg","[{""rotation"":0,""x"":0.0,""y"":59.645,""width"":97.76,""height"":37.15,""rectanglelabels"":[""AI""],""original_width"":4238.0,""original_height"":4893.0},{""rotation"":0,""x"":-0.004999999999999449,""y"":2.7800000000000047,""width"":90.95,""height"":57.199999999999996,""rectanglelabels"":[""AF""],""original_width"":4238.0,""original_height"":4893.0}]","","2025-08-06T09:40:40.563088Z"
15970,"1","2025-08-06T09:40:40.563088Z",15577,"https://iiif.irht.cnrs.fr/iiif/ark:/63955/v8zrp1fpe14t/full/1200,/0/default.jpg","[{""rotation"":0,""x"":-0.004999999999999449,""y"":1.4349999999999974,""width"":99.89,""height"":56.13,""rectanglelabels"":[""AF""],""original_width"":4165.0,""original_height"":4893.0},{""rotation"":0,""x"":0.0,""y"":57.574999999999996,""width"":99.88,""height"":41.19,""rectanglelabels"":[""AI""],""original_width"":4165.0,""original_height"":4893.0}]","","2025-08-06T09:40:40.563088Z"
15971,"1","2025-08-06T09:40:40.563088Z",15578,"https://iiif.irht.cnrs.fr/iiif/ark:/63955/voto1c7kb899/full/1200,/0/default.jpg","[{""rotation"":0,""x"":0.0,""y"":2.5249999999999995,""width"":91.86,""height"":96.73,""rectanglelabels"":[""AF""],""original_width"":4238.0,""original_height"":4893.0}]","","2025-08-06T09:40:40.563088Z"
15972,"1","2025-08-06T09:40:40.563088Z",15579,"https://iiif.irht.cnrs.fr/iiif/ark:/63955/vkqh8pvkypsy/full/1200,/0/default.jpg","[{""rotation"":0,""x"":0.0,""y"":1.0699999999999987,""width"":99.9,""height"":66.52,""rectanglelabels"":[""AC""],""original_width"":4165.0,""original_height"":4893.0},{""rotation"":0,""x"":-0.004999999999999449,""y"":67.525,""width"":99.87,""height"":29.909999999999997,""rectanglelabels"":[""AI""],""original_width"":4165.0,""original_height"":4893.0}]","","2025-08-06T09:40:40.563088Z"
15973,"1","2025-08-06T09:40:40.563088Z",15580,"https://iiif.irht.cnrs.fr/iiif/ark:/63955/vghzw7exb7m4/full/1200,/0/default.jpg","[{""rotation"":0,""x"":0.10000000000000009,""y"":2.3999999999999995,""width"":88.53999999999999,""height"":46.7,""rectanglelabels"":[""AF""],""original_width"":4238.0,""original_height"":4865.0},{""rotation"":0,""x"":0.10000000000000009,""y"":49.05500000000001,""width"":93.84,""height"":48.59,""rectanglelabels"":[""AI""],""original_width"":4238.0,""original_height"":4865.0}]","","2025-08-06T09:40:40.563088Z"
6131,"1","2025-08-04T07:36:42.386354Z",15581,"https://iiif.irht.cnrs.fr/iiif/ark:/63955/vwog38sbh2v8/full/1200,/0/default.jpg","[{""x"":13.726927710843379,""y"":3.5422289156626463,""width"":86.01650602409634,""height"":77.46807228915664,""rotation"":0,""rectanglelabels"":[""AF""],""original_width"":1200,""original_height"":1410}]",5.255,"2025-08-04T07:36:42.386354Z"
15974,"1","2025-08-06T09:40:40.563088Z",15582,"https://iiif.irht.cnrs.fr/iiif/ark:/63955/vj4yfow4gvly/full/1200,/0/default.jpg","[{""rotation"":0,""x"":0.035000000000001696,""y"":1.9799999999999984,""width"":91.86999999999999,""height"":45.800000000000004,""rectanglelabels"":[""AC""],""original_width"":4238.0,""original_height"":4865.0},{""rotation"":0,""x"":0.035000000000001696,""y"":47.714999999999996,""width"":91.11,""height"":49.730000000000004,""rectanglelabels"":[""AI""],""original_width"":4238.0,""original_height"":4865.0}]","","2025-08-06T09:40:40.563088Z"
15975,"1","2025-08-06T09:40:40.563088Z",15583,"https://iiif.irht.cnrs.fr/iiif/ark:/63955/vvh5afhi1lep/full/1200,/0/default.jpg","[{""rotation"":0,""x"":0.004999999999999449,""y"":0.9350000000000025,""width"":99.89,""height"":76.25,""rectanglelabels"":[""AF""],""original_width"":4165.0,""original_height"":4893.0},{""rotation"":0,""x"":-0.004999999999999449,""y"":77.845,""width"":99.87,""height"":19.71,""rectanglelabels"":[""AI""],""original_width"":4165.0,""original_height"":4893.0}]","","2025-08-06T09:40:40.563088Z"
15976,"1","2025-08-06T09:40:40.563088Z",15584,"https://iiif.irht.cnrs.fr/iiif/ark:/63955/v2hxvtfxpnht/full/1200,/0/default.jpg","[{""rotation"":0,""x"":0.16499999999999848,""y"":61.63999999999999,""width"":91.64999999999999,""height"":36.04,""rectanglelabels"":[""AI""],""original_width"":4238.0,""original_height"":4865.0},{""rotation"":0,""x"":0.10000000000000009,""y"":1.5749999999999986,""width"":90.66,""height"":60.19,""rectanglelabels"":[""AF""],""original_width"":4238.0,""original_height"":4865.0}]","","2025-08-06T09:40:40.563088Z"
15977,"1","2025-08-06T09:40:40.563088Z",15585,"https://iiif.irht.cnrs.fr/iiif/ark:/63955/vcvte36przo2/full/1200,/0/default.jpg","[{""rotation"":0,""x"":0.0,""y"":1.9650000000000056,""width"":91.08000000000001,""height"":96.99,""rectanglelabels"":[""AC""],""original_width"":4256.0,""original_height"":4965.0}]","","2025-08-06T09:40:40.563088Z"
15978,"1","2025-08-06T09:40:40.563088Z",15586,"https://iiif.irht.cnrs.fr/iiif/ark:/63955/vlwii0zelx93/full/1200,/0/default.jpg","[{""rotation"":0,""x"":0.0,""y"":2.0699999999999967,""width"":99.86,""height"":48.92,""rectanglelabels"":[""AF""],""original_width"":4165.0,""original_height"":4893.0},{""rotation"":0,""x"":0.0,""y"":50.99499999999999,""width"":99.88,""height"":46.650000000000006,""rectanglelabels"":[""AI""],""original_width"":4165.0,""original_height"":4893.0}]","","2025-08-06T09:40:40.563088Z"
15979,"1","2025-08-06T09:40:40.563088Z",15587,"https://iiif.irht.cnrs.fr/iiif/ark:/63955/v3jik1j6g99y/full/1200,/0/default.jpg","[{""rotation"":0,""x"":0.1250000000000029,""y"":1.3300000000000005,""width"":95.99,""height"":37.26,""rectanglelabels"":[""AF""],""original_width"":4238.0,""original_height"":4865.0},{""rotation"":0,""x"":0.040000000000001146,""y"":38.6,""width"":90.06,""height"":60.3,""rectanglelabels"":[""AI""],""original_width"":4238.0,""original_height"":4865.0}]","","2025-08-06T09:40:40.563088Z"
15980,"1","2025-08-06T09:40:40.563088Z",15588,"https://iiif.irht.cnrs.fr/iiif/ark:/63955/v64rm1g9jauf/full/1200,/0/default.jpg","[{""rotation"":0,""x"":-0.0050000000000050004,""y"":2.2999999999999994,""width"":99.85000000000001,""height"":24.6,""rectanglelabels"":[""AF""],""original_width"":4165.0,""original_height"":4893.0},{""rotation"":0,""x"":0.0,""y"":26.964999999999996,""width"":99.86,""height"":72.35000000000001,""rectanglelabels"":[""AI""],""original_width"":4165.0,""original_height"":4893.0}]","","2025-08-06T09:40:40.563088Z"
15981,"1","2025-08-06T09:40:40.563088Z",15589,"https://iiif.irht.cnrs.fr/iiif/ark:/63955/vsdgrr2p15sk/full/1200,/0/default.jpg","[{""rotation"":0,""x"":-0.004999999999999449,""y"":2.5450000000000026,""width"":91.35,""height"":97.09,""rectanglelabels"":[""AM""],""original_width"":4238.0,""original_height"":4865.0}]","","2025-08-06T09:40:40.563088Z"
6132,"1","2025-08-04T07:37:26.104507Z",15590,"https://iiif.irht.cnrs.fr/iiif/ark:/63955/vndm7k3gt1nx/full/1200,/0/default.jpg","[{""x"":14.832891566265163,""y"":3.9972289156626464,""width"":85.16710843373484,""height"":51.81734939759036,""rotation"":0,""rectanglelabels"":[""AF""],""original_width"":1200,""original_height"":1410}]",7.174,"2025-08-04T07:37:26.104507Z"
15982,"1","2025-08-06T09:40:40.563088Z",15591,"https://iiif.irht.cnrs.fr/iiif/ark:/63955/vs9z9iijdybq/full/1200,/0/default.jpg","[{""rotation"":0,""x"":0.09000000000000119,""y"":1.4000000000000012,""width"":91.03999999999999,""height"":73.9,""rectanglelabels"":[""AC""],""original_width"":4238.0,""original_height"":4865.0},{""rotation"":0,""x"":0.12499999999999734,""y"":75.19500000000001,""width"":98.35000000000001,""height"":22.35,""rectanglelabels"":[""AI""],""original_width"":4238.0,""original_height"":4865.0}]","","2025-08-06T09:40:40.563088Z"
15983,"1","2025-08-06T09:40:40.563088Z",15592,"https://iiif.irht.cnrs.fr/iiif/ark:/63955/ve3igsjll49y/full/1200,/0/default.jpg","[{""rotation"":0,""x"":0.004999999999999449,""y"":1.9450000000000023,""width"":99.89,""height"":97.09,""rectanglelabels"":[""AM""],""original_width"":4165.0,""original_height"":4893.0}]","","2025-08-06T09:40:40.563088Z"
15984,"1","2025-08-06T09:40:40.563088Z",15593,"https://iiif.irht.cnrs.fr/iiif/ark:/63955/vqgitwcvj9nt/full/1200,/0/default.jpg","[{""rotation"":0,""x"":0.16499999999999848,""y"":0.9349999999999997,""width"":94.95,""height"":36.43,""rectanglelabels"":[""AF""],""original_width"":4238.0,""original_height"":4865.0},{""rotation"":0,""x"":0.039999999999995595,""y"":37.245000000000005,""width"":91.18,""height"":61.73,""rectanglelabels"":[""AC""],""original_width"":4238.0,""original_height"":4865.0}]","","2025-08-06T09:40:40.563088Z"
15985,"1","2025-08-06T09:40:40.563088Z",15594,"https://iiif.irht.cnrs.fr/iiif/ark:/63955/v9xbsgpqsg4v/full/1200,/0/default.jpg","[{""rotation"":0,""x"":0.004999999999999449,""y"":1.7950000000000021,""width"":99.87,""height"":74.33,""rectanglelabels"":[""AC""],""original_width"":4165.0,""original_height"":4893.0},{""rotation"":0,""x"":0.0,""y"":76.13000000000001,""width"":99.86,""height"":21.44,""rectanglelabels"":[""AI""],""original_width"":4165.0,""original_height"":4893.0}]","","2025-08-06T09:40:40.563088Z"
15986,"1","2025-08-06T09:40:40.563088Z",15595,"https://iiif.irht.cnrs.fr/iiif/ark:/63955/vykoh69lf7cv/full/1200,/0/default.jpg","[{""rotation"":0,""x"":-0.004999999999999449,""y"":1.0999999999999954,""width"":90.63,""height"":98.04,""rectanglelabels"":[""AM""],""original_width"":4238.0,""original_height"":4865.0}]","","2025-08-06T09:40:40.563088Z"
15987,"1","2025-08-06T09:40:40.563088Z",15596,"https://iiif.irht.cnrs.fr/iiif/ark:/63955/vwjnbjdpqfm1/full/1200,/0/default.jpg","[{""rotation"":0,""x"":-0.004999999999999449,""y"":1.9949999999999968,""width"":99.87,""height"":97.87,""rectanglelabels"":[""AI""],""original_width"":4038.0,""original_height"":4965.0}]","","2025-08-06T09:40:40.563088Z"
15988,"1","2025-08-06T09:40:40.563088Z",15597,"https://iiif.irht.cnrs.fr/iiif/ark:/63955/vq6s21ccp5mm/full/1200,/0/default.jpg","[{""rotation"":0,""x"":0.0,""y"":2.624999999999994,""width"":99.88,""height"":96.23,""rectanglelabels"":[""AM""],""original_width"":4165.0,""original_height"":4893.0}]","","2025-08-06T09:40:40.563088Z"
15989,"1","2025-08-06T09:40:40.563088Z",15598,"https://iiif.irht.cnrs.fr/iiif/ark:/63955/vhe374wn8slt/full/1200,/0/default.jpg","[{""rotation"":0,""x"":-0.004999999999999449,""y"":2.3900000000000032,""width"":90.25,""height"":97.02,""rectanglelabels"":[""AM""],""original_width"":4238.0,""original_height"":4865.0}]","","2025-08-06T09:40:40.563088Z"
15990,"1","2025-08-06T09:40:40.563088Z",15599,"https://iiif.irht.cnrs.fr/iiif/ark:/63955/vg2zpofx0bo6/full/1200,/0/default.jpg","[{""rotation"":0,""x"":12.570000000000004,""y"":2.5650000000000004,""width"":87.3,""height"":96.71,""rectanglelabels"":[""AM""],""original_width"":4165.0,""original_height"":4893.0}]","","2025-08-06T09:40:40.563088Z"
15991,"1","2025-08-06T09:40:40.563088Z",15600,"https://iiif.irht.cnrs.fr/iiif/ark:/63955/v4r8g3xmpk43/full/1200,/0/default.jpg","[{""rotation"":0,""x"":0.0,""y"":2.329999999999993,""width"":90.56,""height"":97.04,""rectanglelabels"":[""AM""],""original_width"":4238.0,""original_height"":4865.0}]","","2025-08-06T09:40:40.563088Z"
15992,"1","2025-08-06T09:40:40.563088Z",15601,"https://iiif.irht.cnrs.fr/iiif/ark:/63955/vnb8jygbjarm/full/1200,/0/default.jpg","[{""rotation"":0,""x"":0.8850000000000025,""y"":2.6800000000000046,""width"":98.99,""height"":96.76,""rectanglelabels"":[""AM""],""original_width"":4165.0,""original_height"":4893.0}]","","2025-08-06T09:40:40.563088Z"
6133,"1","2025-08-04T07:38:06.380026Z",15602,"https://iiif.irht.cnrs.fr/iiif/ark:/63955/vahapfb03i4u/full/1200,/0/default.jpg","[{""x"":0.13500000000000176,""y"":3.757710843373495,""width"":88.36269076305221,""height"":46.192289156626536,""rotation"":0,""rectanglelabels"":[""AF""],""original_width"":1200,""original_height"":1378},{""x"":0.09500000000000064,""y"":49.82500000000001,""width"":88.59,""height"":47.83,""rotation"":0,""rectanglelabels"":[""AI""],""original_width"":1200,""original_height"":1378}]",7.69,"2025-08-04T07:38:06.380026Z"
15993,"1","2025-08-06T09:40:40.563088Z",15603,"https://iiif.irht.cnrs.fr/iiif/ark:/63955/vqlyo8o8crwn/full/1200,/0/default.jpg","[{""rotation"":0,""x"":0.0,""y"":2.9700000000000006,""width"":99.88,""height"":60.38,""rectanglelabels"":[""AF""],""original_width"":4165.0,""original_height"":4893.0},{""rotation"":0,""x"":0.004999999999999449,""y"":63.025,""width"":99.87,""height"":34.71,""rectanglelabels"":[""AI""],""original_width"":4165.0,""original_height"":4893.0}]","","2025-08-06T09:40:40.563088Z"
15994,"1","2025-08-06T09:40:40.563088Z",15604,"https://iiif.irht.cnrs.fr/iiif/ark:/63955/v0flgr5rjr10/full/1200,/0/default.jpg","[{""rotation"":0,""x"":0.16999999999999793,""y"":1.31,""width"":95.54,""height"":30.94,""rectanglelabels"":[""AF""],""original_width"":4238.0,""original_height"":4865.0},{""rotation"":0,""x"":0.040000000000001146,""y"":32.144999999999996,""width"":91.36,""height"":65.81,""rectanglelabels"":[""AI""],""original_width"":4238.0,""original_height"":4865.0}]","","2025-08-06T09:40:40.563088Z"
6134,"1","2025-08-04T07:38:51.925330Z",15605,"https://iiif.irht.cnrs.fr/iiif/ark:/63955/v2qgdrjvweli/full/1200,/0/default.jpg","[{""x"":0,""y"":26.573373493975904,""width"":99.86000000000003,""height"":54.77662650602411,""rotation"":0,""rectanglelabels"":[""AC""],""original_width"":1200,""original_height"":1410},{""x"":0.025000000000002798,""y"":1.8250000000000015,""width"":99.83,""height"":24.709999999999997,""rotation"":0,""rectanglelabels"":[""AF""],""original_width"":1200,""original_height"":1410},{""x"":0,""y"":81.175,""width"":99.86,""height"":16.650000000000002,""rotation"":0,""rectanglelabels"":[""AC""],""original_width"":1200,""original_height"":1410}]",7.317,"2025-08-04T07:38:51.925330Z"
15995,"1","2025-08-06T09:40:40.563088Z",15606,"https://iiif.irht.cnrs.fr/iiif/ark:/63955/vdaq1i3teqtu/full/1200,/0/default.jpg","[{""rotation"":0,""x"":0.13000000000000234,""y"":71.025,""width"":99.11999999999999,""height"":26.25,""rectanglelabels"":[""AI""],""original_width"":4238.0,""original_height"":4865.0},{""rotation"":0,""x"":0.09000000000000119,""y"":1.5449999999999964,""width"":94.06,""height"":69.33,""rectanglelabels"":[""AC""],""original_width"":4238.0,""original_height"":4865.0}]","","2025-08-06T09:40:40.563088Z"
15996,"1","2025-08-06T09:40:40.563088Z",15607,"https://iiif.irht.cnrs.fr/iiif/ark:/63955/v0bkxyl0a6c5/full/1200,/0/default.jpg","[{""rotation"":0,""x"":0.0,""y"":37.71,""width"":96.22,""height"":60.86,""rectanglelabels"":[""AC""],""original_width"":4256.0,""original_height"":4965.0},{""rotation"":0,""x"":0.0,""y"":0.6349999999999995,""width"":97.1,""height"":37.05,""rectanglelabels"":[""AF""],""original_width"":4256.0,""original_height"":4965.0}]","","2025-08-06T09:40:40.563088Z"
15997,"1","2025-08-06T09:40:40.565092Z",15608,"https://iiif.irht.cnrs.fr/iiif/ark:/63955/vcali14925ct/full/1200,/0/default.jpg","[{""rotation"":0,""x"":2.3399999999999976,""y"":45.330000000000005,""width"":97.54,""height"":52.800000000000004,""rectanglelabels"":[""AC""],""original_width"":4165.0,""original_height"":4893.0},{""rotation"":0,""x"":0.0,""y"":1.6799999999999982,""width"":99.86,""height"":43.64,""rectanglelabels"":[""AF""],""original_width"":4165.0,""original_height"":4893.0}]","","2025-08-06T09:40:40.565092Z"
15998,"1","2025-08-06T09:40:40.565092Z",15609,"https://iiif.irht.cnrs.fr/iiif/ark:/63955/vlpl5kik61xg/full/1200,/0/default.jpg","[{""rotation"":0,""x"":0.14500000000000068,""y"":73.125,""width"":99.21,""height"":24.21,""rectanglelabels"":[""AI""],""original_width"":4238.0,""original_height"":4865.0},{""rotation"":0,""x"":0.07500000000000284,""y"":1.7049999999999954,""width"":93.17,""height"":71.63000000000001,""rectanglelabels"":[""AC""],""original_width"":4238.0,""original_height"":4865.0}]","","2025-08-06T09:40:40.565092Z"
15999,"1","2025-08-06T09:40:40.565092Z",15610,"https://iiif.irht.cnrs.fr/iiif/ark:/63955/vsyzvreml8zv/full/1200,/0/default.jpg","[{""rotation"":0,""x"":0.8900000000000019,""y"":2.244999999999997,""width"":98.98,""height"":97.35000000000001,""rectanglelabels"":[""AM""],""original_width"":4165.0,""original_height"":4893.0}]","","2025-08-06T09:40:40.565092Z"
6135,"1","2025-08-04T07:39:24.510333Z",15611,"https://iiif.irht.cnrs.fr/iiif/ark:/63955/vuhwyrz43tqs/full/1200,/0/default.jpg","[{""x"":0.13000000000000345,""y"":3.25319277108434,""width"":86.27550200803215,""height"":71.18493975903615,""rotation"":0,""rectanglelabels"":[""AF""],""original_width"":1200,""original_height"":1378}]",17.662,"2025-08-04T07:39:24.510333Z"
6136,"1","2025-08-04T07:39:35.814698Z",15612,"https://iiif.irht.cnrs.fr/iiif/ark:/63955/vfwdygkze1sd/full/1200,/0/default.jpg","[{""x"":16.952289156626506,""y"":2.9050000000000074,""width"":83.04271084337347,""height"":93.21843373493977,""rotation"":0,""rectanglelabels"":[""AI""],""original_width"":1200,""original_height"":1395}]",8.193,"2025-08-04T07:39:35.814698Z"
16000,"1","2025-08-06T09:40:40.565092Z",15613,"https://iiif.irht.cnrs.fr/iiif/ark:/63955/v0n5e9qn8lhq/full/1200,/0/default.jpg","[{""rotation"":0,""x"":0.029999999999996696,""y"":36.18,""width"":91.2,""height"":62.28,""rectanglelabels"":[""AI""],""original_width"":4238.0,""original_height"":4865.0},{""rotation"":0,""x"":0.16500000000000403,""y"":1.5750000000000015,""width"":95.61,""height"":34.79,""rectanglelabels"":[""AF""],""original_width"":4238.0,""original_height"":4865.0}]","","2025-08-06T09:40:40.565092Z"
6137,"1","2025-08-04T07:39:55.269615Z",15614,"https://iiif.irht.cnrs.fr/iiif/ark:/63955/vighikkcbds7/full/1200,/0/default.jpg","[{""x"":15.316445783132536,""y"":3.064999999999999,""width"":84.68355421686744,""height"":36.03,""rotation"":0,""rectanglelabels"":[""AF""],""original_width"":1200,""original_height"":1395},{""x"":14.851385542168677,""y"":39.135000000000005,""width"":85.08361445783126,""height"":59.74999999999997,""rotation"":0,""rectanglelabels"":[""AI""],""original_width"":1200,""original_height"":1395}]",11.274,"2025-08-04T07:39:55.269615Z"
16001,"1","2025-08-06T09:40:40.565092Z",15615,"https://iiif.irht.cnrs.fr/iiif/ark:/63955/vrqobq3cjgd6/full/1200,/0/default.jpg","[{""rotation"":0,""x"":0.050000000000000044,""y"":37.85,""width"":91.44,""height"":60.760000000000005,""rectanglelabels"":[""AI""],""original_width"":4238.0,""original_height"":4865.0},{""rotation"":0,""x"":0.13500000000000179,""y"":1.7850000000000006,""width"":94.69,""height"":36.09,""rectanglelabels"":[""AF""],""original_width"":4238.0,""original_height"":4865.0}]","","2025-08-06T09:40:40.565092Z"
16002,"1","2025-08-06T09:40:40.565092Z",15616,"https://iiif.irht.cnrs.fr/iiif/ark:/63955/vlsgcfpxxfgd/full/1200,/0/default.jpg","[{""rotation"":0,""x"":0.0,""y"":39.975,""width"":99.94,""height"":58.93000000000001,""rectanglelabels"":[""AI""],""original_width"":4210.0,""original_height"":4893.0},{""rotation"":0,""x"":0.0,""y"":2.3249999999999993,""width"":99.9,""height"":37.61,""rectanglelabels"":[""AF""],""original_width"":4210.0,""original_height"":4893.0}]","","2025-08-06T09:40:40.565092Z"
16003,"1","2025-08-06T09:40:40.565092Z",15617,"https://iiif.irht.cnrs.fr/iiif/ark:/63955/vxzxic8v4gnv/full/1200,/0/default.jpg","[{""rotation"":0,""x"":0.07500000000000284,""y"":25.840000000000007,""width"":91.05,""height"":73.22,""rectanglelabels"":[""AC""],""original_width"":4238.0,""original_height"":4865.0},{""rotation"":0,""x"":0.10499999999999399,""y"":1.2849999999999986,""width"":99.89,""height"":24.57,""rectanglelabels"":[""AF""],""original_width"":4238.0,""original_height"":4865.0}]","","2025-08-06T09:40:40.565092Z"
16004,"1","2025-08-06T09:40:40.565092Z",15618,"https://iiif.irht.cnrs.fr/iiif/ark:/63955/v0r96g06432o/full/1200,/0/default.jpg","[{""rotation"":0,""x"":0.004999999999999449,""y"":1.8449999999999966,""width"":99.89,""height"":97.95,""rectanglelabels"":[""AI""],""original_width"":4038.0,""original_height"":4965.0}]","","2025-08-06T09:40:40.565092Z"
16005,"1","2025-08-06T09:40:40.565092Z",15619,"https://iiif.irht.cnrs.fr/iiif/ark:/63955/v4ym7b5oob9h/full/1200,/0/default.jpg","[{""rotation"":0,""x"":0.0,""y"":71.165,""width"":100.0,""height"":26.810000000000002,""rectanglelabels"":[""AI""],""original_width"":4210.0,""original_height"":4893.0},{""rotation"":0,""x"":0.0,""y"":2.889999999999998,""width"":100.0,""height"":68.32000000000001,""rectanglelabels"":[""AC""],""original_width"":4210.0,""original_height"":4893.0}]","","2025-08-06T09:40:40.565092Z"
16006,"1","2025-08-06T09:40:40.565092Z",15620,"https://iiif.irht.cnrs.fr/iiif/ark:/63955/vslwhjtx06u0/full/1200,/0/default.jpg","[{""rotation"":0,""x"":0.13500000000000179,""y"":2.3350000000000035,""width"":88.14999999999999,""height"":97.11,""rectanglelabels"":[""AF""],""original_width"":4238.0,""original_height"":4865.0}]","","2025-08-06T09:40:40.565092Z"
16007,"1","2025-08-06T09:40:40.565092Z",15621,"https://iiif.irht.cnrs.fr/iiif/ark:/63955/v4ccd8guvcyu/full/1200,/0/default.jpg","[{""rotation"":0,""x"":0.0,""y"":2.685000000000004,""width"":99.98,""height"":96.15,""rectanglelabels"":[""AC""],""original_width"":4210.0,""original_height"":4893.0}]","","2025-08-06T09:40:40.565092Z"
16008,"1","2025-08-06T09:40:40.565092Z",15622,"https://iiif.irht.cnrs.fr/iiif/ark:/63955/vy654uug4b8q/full/1200,/0/default.jpg","[{""rotation"":0,""x"":0.07000000000000339,""y"":2.4999999999999964,""width"":87.24,""height"":96.66,""rectanglelabels"":[""AI""],""original_width"":4238.0,""original_height"":4865.0}]","","2025-08-06T09:40:40.565092Z"
16009,"1","2025-08-06T09:40:40.565092Z",15623,"https://iiif.irht.cnrs.fr/iiif/ark:/63955/v8qa2oa9jaev/full/1200,/0/default.jpg","[{""rotation"":0,""x"":-0.004999999999999449,""y"":2.729999999999999,""width"":99.97,""height"":95.96000000000001,""rectanglelabels"":[""AM""],""original_width"":4210.0,""original_height"":4893.0}]","","2025-08-06T09:40:40.565092Z"
16010,"1","2025-08-06T09:40:40.565092Z",15624,"https://iiif.irht.cnrs.fr/iiif/ark:/63955/vnr43l0gkuer/full/1200,/0/default.jpg","[{""rotation"":0,""x"":0.12999999999999678,""y"":2.0950000000000024,""width"":87.16000000000001,""height"":96.99,""rectanglelabels"":[""AF""],""original_width"":4238.0,""original_height"":4865.0}]","","2025-08-06T09:40:40.565092Z"
16011,"1","2025-08-06T09:40:40.565092Z",15625,"https://iiif.irht.cnrs.fr/iiif/ark:/63955/v0ilvyq77gfy/full/1200,/0/default.jpg","[{""rotation"":0,""x"":0.004999999999999449,""y"":2.9849999999999985,""width"":99.97,""height"":95.85000000000001,""rectanglelabels"":[""AC""],""original_width"":4210.0,""original_height"":4893.0}]","","2025-08-06T09:40:40.565092Z"
6138,"1","2025-08-04T07:40:49.902128Z",15626,"https://iiif.irht.cnrs.fr/iiif/ark:/63955/vqim1r5b51yx/full/1200,/0/default.jpg","[{""x"":0.25335341365462316,""y"":75.54644578313246,""width"":89.8753815261044,""height"":22.14999999999997,""rotation"":0,""rectanglelabels"":[""AI""],""original_width"":1200,""original_height"":1378},{""x"":0.09000000000000119,""y"":1.7199999999999993,""width"":89.56,""height"":74.06,""rotation"":0,""rectanglelabels"":[""AC""],""original_width"":1200,""original_height"":1378}]",7.118,"2025-08-04T07:40:49.902128Z"
16012,"1","2025-08-06T09:40:40.565092Z",15627,"https://iiif.irht.cnrs.fr/iiif/ark:/63955/v52i6i31xu1g/full/1200,/0/default.jpg","[{""rotation"":0,""x"":-0.004999999999999449,""y"":2.6599999999999957,""width"":99.99,""height"":95.96000000000001,""rectanglelabels"":[""AF""],""original_width"":4210.0,""original_height"":4893.0}]","","2025-08-06T09:40:40.565092Z"
16013,"1","2025-08-06T09:40:40.565092Z",15628,"https://iiif.irht.cnrs.fr/iiif/ark:/63955/vfxf64nmjld2/full/1200,/0/default.jpg","[{""rotation"":0,""x"":0.18500000000000183,""y"":67.95,""width"":98.69,""height"":29.48,""rectanglelabels"":[""AI""],""original_width"":4238.0,""original_height"":4865.0},{""rotation"":0,""x"":0.10499999999999954,""y"":1.090000000000002,""width"":94.01,""height"":66.88,""rectanglelabels"":[""AC""],""original_width"":4238.0,""original_height"":4865.0}]","","2025-08-06T09:40:40.565092Z"
6139,"1","2025-08-04T07:42:17.763917Z",15629,"https://iiif.irht.cnrs.fr/iiif/ark:/63955/vqe743ykpzk0/full/1200,/0/default.jpg","[{""x"":2.6645352591003757e-15,""y"":4.150602409638545,""width"":87.50188755020079,""height"":68.06144578313254,""rotation"":0,""rectanglelabels"":[""AF""],""original_width"":1200,""original_height"":1400}]",6.091,"2025-08-04T07:42:17.763917Z"
16014,"1","2025-08-06T09:40:40.565092Z",15630,"https://iiif.irht.cnrs.fr/iiif/ark:/63955/v7etcpyeovkr/full/1200,/0/default.jpg","[{""rotation"":0,""x"":0.0,""y"":2.589999999999998,""width"":99.98,""height"":96.22,""rectanglelabels"":[""AM""],""original_width"":4210.0,""original_height"":4893.0}]","","2025-08-06T09:40:40.565092Z"
6140,"1","2025-08-04T07:42:51.755776Z",15631,"https://iiif.irht.cnrs.fr/iiif/ark:/63955/veqahr8btprq/full/1200,/0/default.jpg","[{""x"":1.887379141862766e-15,""y"":40.898915662650595,""width"":88.89628514056223,""height"":57.292048192770984,""rotation"":0,""rectanglelabels"":[""AC""],""original_width"":1200,""original_height"":1378},{""x"":0.2049999999999998,""y"":0.9449999999999998,""width"":88.148313253012,""height"":32.98903614457828,""rotation"":0,""rectanglelabels"":[""AF""],""original_width"":1200,""original_height"":1378},{""x"":0,""y"":33.839999999999996,""width"":88.84,""height"":6.959999999999999,""rotation"":0,""rectanglelabels"":[""AC""],""original_width"":1200,""original_height"":1378}]",22.497,"2025-08-04T07:42:51.755776Z"
16015,"1","2025-08-06T09:40:40.565092Z",15632,"https://iiif.irht.cnrs.fr/iiif/ark:/63955/v5xuskedxglb/full/1200,/0/default.jpg","[{""rotation"":0,""x"":0.0,""y"":2.115,""width"":100.0,""height"":67.97,""rectanglelabels"":[""AC""],""original_width"":4210.0,""original_height"":4893.0},{""rotation"":0,""x"":0.0,""y"":69.96,""width"":99.94,""height"":27.82,""rectanglelabels"":[""AI""],""original_width"":4210.0,""original_height"":4893.0}]","","2025-08-06T09:40:40.565092Z"
16016,"1","2025-08-06T09:40:40.565092Z",15633,"https://iiif.irht.cnrs.fr/iiif/ark:/63955/vay18cq4xhin/full/1200,/0/default.jpg","[{""rotation"":0,""x"":-0.004999999999999449,""y"":1.4499999999999957,""width"":91.45,""height"":52.18000000000001,""rectanglelabels"":[""AF""],""original_width"":4238.0,""original_height"":4865.0},{""rotation"":0,""x"":0.12499999999999734,""y"":53.59499999999999,""width"":94.83,""height"":44.07,""rectanglelabels"":[""AI""],""original_width"":4238.0,""original_height"":4865.0}]","","2025-08-06T09:40:40.565092Z"
6141,"1","2025-08-04T07:43:15.340675Z",15634,"https://iiif.irht.cnrs.fr/iiif/ark:/63955/vs0f0c8q3zv1/full/1200,/0/default.jpg","[{""x"":16.08186746987952,""y"":3.4698192771084324,""width"":83.86313253012051,""height"":22.565180722891537,""rotation"":0,""rectanglelabels"":[""AF""],""original_width"":1200,""original_height"":1395},{""x"":16.527108433734945,""y"":26.090000000000007,""width"":83.45289156626518,""height"":70.85228915662651,""rotation"":0,""rectanglelabels"":[""AC""],""original_width"":1200,""original_height"":1395}]",11.353,"2025-08-04T07:43:15.340675Z"
16017,"1","2025-08-06T09:40:40.565092Z",15635,"https://iiif.irht.cnrs.fr/iiif/ark:/63955/vtnl81jpnuzl/full/1200,/0/default.jpg","[{""rotation"":0,""x"":0.08500000000000174,""y"":2.084999999999998,""width"":87.53,""height"":96.71,""rectanglelabels"":[""AI""],""original_width"":4238.0,""original_height"":4865.0}]","","2025-08-06T09:40:40.565092Z"
6142,"1","2025-08-04T07:43:42.463758Z",15636,"https://iiif.irht.cnrs.fr/iiif/ark:/63955/vw8ymcv4vjwv/full/1200,/0/default.jpg","[{""x"":15.701746987951811,""y"":3.338373493975903,""width"":84.24325301204826,""height"":26.166626506024116,""rotation"":0,""rectanglelabels"":[""AF""],""original_width"":1200,""original_height"":1395},{""x"":14.70132530120482,""y"":29.469999999999985,""width"":85.28367469879522,""height"":68.43662650602408,""rotation"":0,""rectanglelabels"":[""AI""],""original_width"":1200,""original_height"":1395}]",19.173,"2025-08-04T07:43:42.463758Z"
16018,"1","2025-08-06T09:40:40.565092Z",15637,"https://iiif.irht.cnrs.fr/iiif/ark:/63955/vyx87nb6id06/full/1200,/0/default.jpg","[{""rotation"":0,""x"":0.060000000000004494,""y"":31.135,""width"":88.53999999999999,""height"":67.71000000000001,""rectanglelabels"":[""AI""],""original_width"":4238.0,""original_height"":4865.0},{""rotation"":0,""x"":0.17000000000000348,""y"":1.0899999999999994,""width"":94.1,""height"":30.080000000000002,""rectanglelabels"":[""AF""],""original_width"":4238.0,""original_height"":4865.0}]","","2025-08-06T09:40:40.565092Z"
16019,"1","2025-08-06T09:40:40.565092Z",15638,"https://iiif.irht.cnrs.fr/iiif/ark:/63955/vz88iyvdxh95/full/1200,/0/default.jpg","[{""rotation"":0,""x"":0.0,""y"":59.230000000000004,""width"":99.94,""height"":38.54,""rectanglelabels"":[""AI""],""original_width"":4210.0,""original_height"":4893.0},{""rotation"":0,""x"":0.004999999999999449,""y"":2.599999999999997,""width"":99.95,""height"":56.620000000000005,""rectanglelabels"":[""AF""],""original_width"":4210.0,""original_height"":4893.0}]","","2025-08-06T09:40:40.565092Z"
16020,"1","2025-08-06T09:40:40.565092Z",15639,"https://iiif.irht.cnrs.fr/iiif/ark:/63955/vfwib0dvx9tv/full/1200,/0/default.jpg","[{""rotation"":0,""x"":0.16499999999999848,""y"":1.8100000000000005,""width"":88.92999999999999,""height"":68.47999999999999,""rectanglelabels"":[""AF""],""original_width"":4238.0,""original_height"":4865.0},{""rotation"":0,""x"":0.15000000000000013,""y"":70.19,""width"":97.26,""height"":27.139999999999997,""rectanglelabels"":[""AI""],""original_width"":4238.0,""original_height"":4865.0}]","","2025-08-06T09:40:40.565092Z"
6143,"1","2025-08-04T07:43:53.319465Z",15640,"https://iiif.irht.cnrs.fr/iiif/ark:/63955/vwzg4tbu311m/full/1200,/0/default.jpg","",2.113,"2025-08-04T07:43:53.319465Z"
16021,"1","2025-08-06T09:40:40.568030Z",15641,"https://iiif.irht.cnrs.fr/iiif/ark:/63955/vkhz6i9cvfcm/full/1200,/0/default.jpg","[{""rotation"":0,""x"":-0.004999999999999449,""y"":0.7399999999999962,""width"":99.87,""height"":98.56,""rectanglelabels"":[""AC""],""original_width"":4038.0,""original_height"":4965.0}]","","2025-08-06T09:40:40.568030Z"
16022,"1","2025-08-06T09:40:40.568030Z",15642,"https://iiif.irht.cnrs.fr/iiif/ark:/63955/vh0jt716786g/full/1200,/0/default.jpg","[{""rotation"":0,""x"":0.0,""y"":2.2699999999999996,""width"":100.0,""height"":72.68,""rectanglelabels"":[""AF""],""original_width"":4210.0,""original_height"":4893.0},{""rotation"":0,""x"":0.0,""y"":75.08,""width"":100.0,""height"":22.56,""rectanglelabels"":[""AI""],""original_width"":4210.0,""original_height"":4893.0}]","","2025-08-06T09:40:40.568030Z"
16023,"1","2025-08-06T09:40:40.568030Z",15643,"https://iiif.irht.cnrs.fr/iiif/ark:/63955/vgoeb1ctbh97/full/1200,/0/default.jpg","[{""rotation"":0,""x"":-0.004999999999999449,""y"":2.14,""width"":91.97,""height"":44.019999999999996,""rectanglelabels"":[""AF""],""original_width"":4238.0,""original_height"":4865.0},{""rotation"":0,""x"":0.09500000000000064,""y"":46.129999999999995,""width"":89.35,""height"":51.480000000000004,""rectanglelabels"":[""AI""],""original_width"":4238.0,""original_height"":4865.0}]","","2025-08-06T09:40:40.568030Z"
16024,"1","2025-08-06T09:40:40.568030Z",15644,"https://iiif.irht.cnrs.fr/iiif/ark:/63955/v0k7ef5o905a/full/1200,/0/default.jpg","[{""rotation"":0,""x"":4.7550000000000034,""y"":42.03,""width"":95.25,""height"":55.84,""rectanglelabels"":[""AC""],""original_width"":4210.0,""original_height"":4893.0},{""rotation"":0,""x"":0.0,""y"":3.075,""width"":99.9,""height"":39.01,""rectanglelabels"":[""AF""],""original_width"":4210.0,""original_height"":4893.0}]","","2025-08-06T09:40:40.568030Z"
6144,"1","2025-08-04T07:44:48.867796Z",15645,"https://iiif.irht.cnrs.fr/iiif/ark:/63955/vjzhl6otc5a1/full/1200,/0/default.jpg","[{""x"":0.08500000000000174,""y"":1.9900000000000029,""width"":90.45,""height"":56.8,""rotation"":0,""rectanglelabels"":[""AC""],""original_width"":1200,""original_height"":1378},{""x"":0.1700000000000035,""y"":58.87192771084337,""width"":90.34702811244976,""height"":38.77807228915658,""rotation"":0,""rectanglelabels"":[""AI""],""original_width"":1200,""original_height"":1378}]",5.36,"2025-08-04T07:44:48.867796Z"
16025,"1","2025-08-06T09:40:40.568030Z",15646,"https://iiif.irht.cnrs.fr/iiif/ark:/63955/vjm2vfddoke9/full/1200,/0/default.jpg","[{""rotation"":0,""x"":-0.004999999999999449,""y"":2.645,""width"":99.99,""height"":35.97,""rectanglelabels"":[""AF""],""original_width"":4210.0,""original_height"":4893.0},{""rotation"":0,""x"":-0.004999999999999449,""y"":38.675000000000004,""width"":99.99,""height"":60.11,""rectanglelabels"":[""AI""],""original_width"":4210.0,""original_height"":4893.0}]","","2025-08-06T09:40:40.568030Z"
6145,"1","2025-08-04T07:45:21.086610Z",15647,"https://iiif.irht.cnrs.fr/iiif/ark:/63955/vsspxgyym9hl/full/1200,/0/default.jpg","[{""x"":5.551115123125783e-15,""y"":74.61192771084333,""width"":87.74489959839359,""height"":23.48,""rotation"":0,""rectanglelabels"":[""AI""],""original_width"":1200,""original_height"":1378},{""x"":0.07999999999999675,""y"":35.83500000000001,""width"":87.10469879518075,""height"":38.669999999999995,""rotation"":0,""rectanglelabels"":[""AC""],""original_width"":1200,""original_height"":1378},{""x"":0.16499999999999854,""y"":2.457710843373494,""width"":86.7570281124498,""height"":33.35228915662653,""rotation"":0,""rectanglelabels"":[""AF""],""original_width"":1200,""original_height"":1378}]",18.802,"2025-08-04T07:45:40.705069Z"
6146,"1","2025-08-04T07:45:33.695062Z",15648,"https://iiif.irht.cnrs.fr/iiif/ark:/63955/vq3sfx4k754u/full/1200,/0/default.jpg","[{""x"":14.98644578313253,""y"":68.30500000000002,""width"":84.9735542168674,""height"":29.489036144578318,""rotation"":0,""rectanglelabels"":[""AI""],""original_width"":1200,""original_height"":1395},{""x"":15.406626506024097,""y"":3.641265060240964,""width"":84.59337349397586,""height"":64.62373493975905,""rotation"":0,""rectanglelabels"":[""AF""],""original_width"":1200,""original_height"":1395}]",10.932,"2025-08-04T07:45:33.695062Z"
16026,"1","2025-08-06T09:40:40.568030Z",15649,"https://iiif.irht.cnrs.fr/iiif/ark:/63955/v80amez7s8zk/full/1200,/0/default.jpg","[{""rotation"":0,""x"":0.07499999999999729,""y"":0.3349999999999964,""width"":89.29,""height"":98.85000000000001,""rectanglelabels"":[""AM""],""original_width"":4238.0,""original_height"":4865.0}]","","2025-08-06T09:40:40.568030Z"
16027,"1","2025-08-06T09:40:40.568030Z",15650,"https://iiif.irht.cnrs.fr/iiif/ark:/63955/vyx0xvn6d8wh/full/1200,/0/default.jpg","[{""rotation"":0,""x"":-0.004999999999999449,""y"":2.564999999999995,""width"":99.99,""height"":96.55,""rectanglelabels"":[""AM""],""original_width"":4210.0,""original_height"":4893.0}]","","2025-08-06T09:40:40.568030Z"
6147,"1","2025-08-04T07:46:10.624544Z",15651,"https://iiif.irht.cnrs.fr/iiif/ark:/63955/v1ce5xmb1hk1/full/1200,/0/default.jpg","[{""x"":0.1550000000000051,""y"":23.36500000000001,""width"":87.92670682730922,""height"":64.90710843373492,""rotation"":0,""rectanglelabels"":[""AC""],""original_width"":1200,""original_height"":1378},{""x"":0.10000000000000009,""y"":1.891746987951807,""width"":87.65995983935741,""height"":21.503253012048177,""rotation"":0,""rectanglelabels"":[""AF""],""original_width"":1200,""original_height"":1378}]",10.182,"2025-08-04T07:46:10.624544Z"
16028,"1","2025-08-06T09:40:40.568030Z",15652,"https://iiif.irht.cnrs.fr/iiif/ark:/63955/voj2op7ssvi6/full/1200,/0/default.jpg","[{""rotation"":0,""x"":0.0050000000000050004,""y"":56.614999999999995,""width"":97.63,""height"":40.83,""rectanglelabels"":[""AI""],""original_width"":4256.0,""original_height"":4965.0},{""rotation"":0,""x"":0.0,""y"":1.2850000000000028,""width"":95.62,""height"":55.38999999999999,""rectanglelabels"":[""AC""],""original_width"":4256.0,""original_height"":4965.0}]","","2025-08-06T09:40:40.568030Z"
16029,"1","2025-08-06T09:40:40.568030Z",15653,"https://iiif.irht.cnrs.fr/iiif/ark:/63955/vr6gqd8zdsxb/full/1200,/0/default.jpg","[{""rotation"":0,""x"":-0.004999999999999449,""y"":66.39500000000001,""width"":99.89,""height"":31.730000000000004,""rectanglelabels"":[""AI""],""original_width"":4228.0,""original_height"":4893.0},{""rotation"":0,""x"":0.0,""y"":2.5449999999999973,""width"":99.9,""height"":63.870000000000005,""rectanglelabels"":[""AC""],""original_width"":4228.0,""original_height"":4893.0}]","","2025-08-06T09:40:40.568030Z"
16030,"1","2025-08-06T09:40:40.568030Z",15654,"https://iiif.irht.cnrs.fr/iiif/ark:/63955/vtu7h1kpy1ra/full/1200,/0/default.jpg","[{""rotation"":0,""x"":0.004999999999999449,""y"":40.13,""width"":93.07,""height"":58.58,""rectanglelabels"":[""AI""],""original_width"":4183.0,""original_height"":4865.0},{""rotation"":0,""x"":0.0,""y"":1.31,""width"":92.46,""height"":38.86,""rectanglelabels"":[""AF""],""original_width"":4183.0,""original_height"":4865.0}]","","2025-08-06T09:40:40.568030Z"
6148,"1","2025-08-04T07:46:48.848661Z",15655,"https://iiif.irht.cnrs.fr/iiif/ark:/63955/vgw7289jtbbz/full/1200,/0/default.jpg","[{""x"":15.06644578313253,""y"":4.370783132530122,""width"":84.86855421686751,""height"":24.804216867469872,""rotation"":0,""rectanglelabels"":[""AF""],""original_width"":1200,""original_height"":1389},{""x"":14.56,""y"":29.124999999999996,""width"":85.38,""height"":69.47,""rotation"":0,""rectanglelabels"":[""AC""],""original_width"":1200,""original_height"":1389}]",8.953,"2025-08-04T07:46:48.848661Z"
16031,"1","2025-08-06T09:40:40.568030Z",15656,"https://iiif.irht.cnrs.fr/iiif/ark:/63955/vr1dz1rsy2mt/full/1200,/0/default.jpg","[{""rotation"":0,""x"":-0.0050000000000050004,""y"":1.4950000000000019,""width"":91.49000000000001,""height"":97.35000000000001,""rectanglelabels"":[""AC""],""original_width"":4183.0,""original_height"":4865.0}]","","2025-08-06T09:40:40.568030Z"
6149,"1","2025-08-04T07:46:59.904354Z",15657,"https://iiif.irht.cnrs.fr/iiif/ark:/63955/v93vuttwk3cg/full/1200,/0/default.jpg","[{""x"":0.09999999999999248,""y"":62.49740963855422,""width"":99.9,""height"":35.57,""rotation"":0,""rectanglelabels"":[""AI""],""original_width"":1200,""original_height"":1389},{""x"":0,""y"":2.4849999999999985,""width"":99.94,""height"":59.77,""rotation"":0,""rectanglelabels"":[""AC""],""original_width"":1200,""original_height"":1389}]",4.992,"2025-08-04T07:46:59.904354Z"
16032,"1","2025-08-06T09:40:40.568030Z",15658,"https://iiif.irht.cnrs.fr/iiif/ark:/63955/vbfpkzivaimb/full/1200,/0/default.jpg","[{""rotation"":0,""x"":0.029999999999996696,""y"":1.9900000000000029,""width"":97.56,""height"":52.339999999999996,""rectanglelabels"":[""AF""],""original_width"":4183.0,""original_height"":4865.0},{""rotation"":0,""x"":0.045000000000000595,""y"":54.295,""width"":98.57000000000001,""height"":43.669999999999995,""rectanglelabels"":[""AI""],""original_width"":4183.0,""original_height"":4865.0}]","","2025-08-06T09:40:40.568030Z"
16033,"1","2025-08-06T09:40:40.568030Z",15659,"https://iiif.irht.cnrs.fr/iiif/ark:/63955/vwmdnecq05z3/full/1200,/0/default.jpg","[{""rotation"":0,""x"":-0.004999999999999449,""y"":2.685000000000004,""width"":99.91,""height"":96.21,""rectanglelabels"":[""AM""],""original_width"":4228.0,""original_height"":4893.0}]","","2025-08-06T09:40:40.568030Z"
6150,"1","2025-08-04T07:47:26.494284Z",15660,"https://iiif.irht.cnrs.fr/iiif/ark:/63955/v0uwuqgx2x9i/full/1200,/0/default.jpg","[{""x"":0.024999999999997254,""y"":2.9907831325301193,""width"":94.0032530120482,""height"":25.60421686746985,""rotation"":0,""rectanglelabels"":[""AF""],""original_width"":1200,""original_height"":1396},{""x"":0.044999999999995044,""y"":28.54,""width"":93.81,""height"":70.54,""rotation"":0,""rectanglelabels"":[""AI""],""original_width"":1200,""original_height"":1396}]",8.714,"2025-08-04T07:47:26.494284Z"
6151,"1","2025-08-04T07:47:33.398629Z",15661,"https://iiif.irht.cnrs.fr/iiif/ark:/63955/vnth6proc3ky/full/1200,/0/default.jpg","[{""x"":15.619277108433735,""y"":2.334999999999999,""width"":84.34072289156624,""height"":58.17578313253012,""rotation"":0,""rectanglelabels"":[""AF""],""original_width"":1200,""original_height"":1389}]",5.414,"2025-08-04T07:47:33.398629Z"
16034,"1","2025-08-06T09:40:40.568030Z",15662,"https://iiif.irht.cnrs.fr/iiif/ark:/63955/vg8csydyyhzs/full/1200,/0/default.jpg","[{""rotation"":0,""x"":0.029999999999996696,""y"":64.63499999999999,""width"":98.74000000000001,""height"":33.25,""rectanglelabels"":[""AI""],""original_width"":4183.0,""original_height"":4865.0},{""rotation"":0,""x"":0.015000000000003899,""y"":1.874999999999999,""width"":96.00999999999999,""height"":62.93,""rectanglelabels"":[""AC""],""original_width"":4183.0,""original_height"":4865.0}]","","2025-08-06T09:40:40.568030Z"
16035,"1","2025-08-06T09:40:40.568030Z",15663,"https://iiif.irht.cnrs.fr/iiif/ark:/63955/v3n917z1rzl9/full/1200,/0/default.jpg","[{""rotation"":0,""x"":0.16499999999999848,""y"":0.9750000000000036,""width"":99.69,""height"":97.91,""rectanglelabels"":[""AM""],""original_width"":4038.0,""original_height"":4965.0}]","","2025-08-06T09:40:40.568030Z"
16036,"1","2025-08-06T09:40:40.568030Z",15664,"https://iiif.irht.cnrs.fr/iiif/ark:/63955/vdtjurms04ft/full/1200,/0/default.jpg","[{""rotation"":0,""x"":0.0,""y"":50.050000000000004,""width"":99.92,""height"":47.599999999999994,""rectanglelabels"":[""AI""],""original_width"":4228.0,""original_height"":4893.0},{""rotation"":0,""x"":0.0,""y"":2.599999999999997,""width"":99.92,""height"":47.46,""rectanglelabels"":[""AF""],""original_width"":4228.0,""original_height"":4893.0}]","","2025-08-06T09:40:40.568030Z"
16037,"1","2025-08-06T09:40:40.568030Z",15665,"https://iiif.irht.cnrs.fr/iiif/ark:/63955/vlljdavhutx3/full/1200,/0/default.jpg","[{""rotation"":0,""x"":0.004999999999999449,""y"":49.28,""width"":93.33,""height"":49.04,""rectanglelabels"":[""AI""],""original_width"":4183.0,""original_height"":4865.0},{""rotation"":0,""x"":0.045000000000000595,""y"":2.085000000000001,""width"":99.69,""height"":47.23,""rectanglelabels"":[""AF""],""original_width"":4183.0,""original_height"":4865.0}]","","2025-08-06T09:40:40.568030Z"
6152,"1","2025-08-04T07:48:03.813868Z",15666,"https://iiif.irht.cnrs.fr/iiif/ark:/63955/v6q2jp10ouei/full/1200,/0/default.jpg","[{""x"":14.900000000000002,""y"":38.655,""width"":85.04,""height"":60.029999999999994,""rotation"":0,""rectanglelabels"":[""AI""],""original_width"":1200,""original_height"":1389},{""x"":14.782530120481926,""y"":3.9507831325301197,""width"":85.09746987951803,""height"":34.644216867469865,""rotation"":0,""rectanglelabels"":[""AF""],""original_width"":1200,""original_height"":1389}]",6.1,"2025-08-04T07:48:03.813868Z"
6153,"1","2025-08-04T07:48:10.700026Z",15667,"https://iiif.irht.cnrs.fr/iiif/ark:/63955/vd99z194g3q2/full/1200,/0/default.jpg","[{""x"":0.05999999999999893,""y"":1.8159638554216884,""width"":92.37132530120482,""height"":43.32903614457829,""rotation"":0,""rectanglelabels"":[""AF""],""original_width"":1200,""original_height"":1396},{""x"":0.014999999999998348,""y"":45.14500000000001,""width"":92.43,""height"":52.56999999999999,""rotation"":0,""rectanglelabels"":[""AI""],""original_width"":1200,""original_height"":1396}]",5.724,"2025-08-04T07:48:10.700026Z"
16038,"1","2025-08-06T09:40:40.568030Z",15668,"https://iiif.irht.cnrs.fr/iiif/ark:/63955/vm3chl7biah9/full/1200,/0/default.jpg","[{""rotation"":0,""x"":0.0,""y"":2.4249999999999994,""width"":99.94,""height"":34.050000000000004,""rectanglelabels"":[""AF""],""original_width"":4228.0,""original_height"":4893.0},{""rotation"":0,""x"":16.335000000000004,""y"":36.49,""width"":83.57,""height"":62.7,""rectanglelabels"":[""AI""],""original_width"":4228.0,""original_height"":4893.0}]","","2025-08-06T09:40:40.568030Z"
16039,"1","2025-08-06T09:40:40.568030Z",15669,"https://iiif.irht.cnrs.fr/iiif/ark:/63955/vd0ye1m8g4lp/full/1200,/0/default.jpg","[{""rotation"":0,""x"":0.004999999999999449,""y"":1.9850000000000008,""width"":89.57000000000001,""height"":42.91,""rectanglelabels"":[""AF""],""original_width"":4183.0,""original_height"":4865.0},{""rotation"":0,""x"":0.0,""y"":44.885000000000005,""width"":85.32,""height"":52.71,""rectanglelabels"":[""AI""],""original_width"":4183.0,""original_height"":4865.0}]","","2025-08-06T09:40:40.568030Z"
16040,"1","2025-08-06T09:40:40.568030Z",15670,"https://iiif.irht.cnrs.fr/iiif/ark:/63955/velqop7rg9ek/full/1200,/0/default.jpg","[{""rotation"":0,""x"":0.759999999999994,""y"":31.050000000000004,""width"":99.16,""height"":67.64,""rectanglelabels"":[""AC""],""original_width"":4228.0,""original_height"":4893.0},{""rotation"":0,""x"":0.0,""y"":1.595000000000002,""width"":99.83999999999999,""height"":29.409999999999997,""rectanglelabels"":[""AF""],""original_width"":4228.0,""original_height"":4893.0}]","","2025-08-06T09:40:40.568030Z"
16041,"1","2025-08-06T09:40:40.568030Z",15671,"https://iiif.irht.cnrs.fr/iiif/ark:/63955/vmw5t7o4oxhp/full/1200,/0/default.jpg","[{""rotation"":0,""x"":0.004999999999999449,""y"":0.7799999999999974,""width"":93.35,""height"":75.7,""rectanglelabels"":[""AC""],""original_width"":4183.0,""original_height"":4865.0},{""rotation"":0,""x"":-0.0050000000000050004,""y"":76.57000000000001,""width"":99.65,""height"":21.08,""rectanglelabels"":[""AI""],""original_width"":4183.0,""original_height"":4865.0}]","","2025-08-06T09:40:40.568030Z"
6154,"1","2025-08-04T07:48:32.977713Z",15672,"https://iiif.irht.cnrs.fr/iiif/ark:/63955/vvvri47npw2b/full/1200,/0/default.jpg","[{""x"":17.576686746987953,""y"":3.0349999999999975,""width"":82.35831325301204,""height"":94.88710843373498,""rotation"":0,""rectanglelabels"":[""AF""],""original_width"":1200,""original_height"":1389}]",6.38,"2025-08-04T07:48:32.977713Z"
16042,"1","2025-08-06T09:40:40.568030Z",15673,"https://iiif.irht.cnrs.fr/iiif/ark:/63955/vmq1uhh3w2ps/full/1200,/0/default.jpg","[{""rotation"":0,""x"":0.009999999999998899,""y"":2.6100000000000065,""width"":91.74,""height"":96.52,""rectanglelabels"":[""AI""],""original_width"":4183.0,""original_height"":4865.0}]","","2025-08-06T09:40:40.568030Z"
16043,"1","2025-08-06T09:40:40.568030Z",15674,"https://iiif.irht.cnrs.fr/iiif/ark:/63955/vzsr84mnh8c0/full/1200,/0/default.jpg","[{""rotation"":0,""x"":-0.004999999999999449,""y"":2.3550000000000013,""width"":99.72999999999999,""height"":29.349999999999998,""rectanglelabels"":[""AF""],""original_width"":4256.0,""original_height"":4965.0},{""rotation"":0,""x"":0.0,""y"":31.604999999999993,""width"":95.44,""height"":66.89,""rectanglelabels"":[""AI""],""original_width"":4256.0,""original_height"":4965.0}]","","2025-08-06T09:40:40.568030Z"
16044,"1","2025-08-06T09:40:40.568030Z",15675,"https://iiif.irht.cnrs.fr/iiif/ark:/63955/v7jzvnos4do0/full/1200,/0/default.jpg","[{""rotation"":0,""x"":0.0,""y"":3.059999999999996,""width"":99.94,""height"":95.56,""rectanglelabels"":[""AM""],""original_width"":4228.0,""original_height"":4893.0}]","","2025-08-06T09:40:40.568030Z"
6155,"1","2025-08-04T07:52:53.816648Z",15676,"https://iiif.irht.cnrs.fr/iiif/ark:/63955/v474cuu8w5vm/full/1200,/0/default.jpg","[{""x"":0.07000000000001724,""y"":25.548536747190102,""width"":94.27999999999983,""height"":73.5264632528101,""rotation"":0,""rectanglelabels"":[""AI""],""original_width"":1200,""original_height"":1396},{""x"":2.9877037925334344e-15,""y"":3.2530120481927987,""width"":93.90763052208841,""height"":22.28963360538156,""rotation"":0,""rectanglelabels"":[""AF""],""original_width"":1200,""original_height"":1396}]",113.102,"2025-08-04T12:36:35.997555Z"
6156,"1","2025-08-04T07:53:29.256993Z",15677,"https://iiif.irht.cnrs.fr/iiif/ark:/63955/v6p4ot0qjty2/full/1200,/0/default.jpg","[{""x"":0.004999999999999449,""y"":3.3049999999999997,""width"":99.89,""height"":39.410000000000004,""rotation"":0,""rectanglelabels"":[""AF""],""original_width"":1200,""original_height"":1389},{""x"":0,""y"":42.805,""width"":99.94,""height"":54.71,""rotation"":0,""rectanglelabels"":[""AC""],""original_width"":1200,""original_height"":1389}]",4.196,"2025-08-04T07:53:29.256993Z"
6157,"1","2025-08-04T07:53:34.679522Z",15678,"https://iiif.irht.cnrs.fr/iiif/ark:/63955/vstpgmuubuzi/full/1200,/0/default.jpg","",3.581,"2025-08-04T07:53:34.679522Z"
6158,"1","2025-08-04T07:53:59.875567Z",15679,"https://iiif.irht.cnrs.fr/iiif/ark:/63955/vzbdtkayfx55/full/1200,/0/default.jpg","",4.425,"2025-08-04T07:53:59.875567Z"
16045,"1","2025-08-06T09:40:40.568030Z",15680,"https://iiif.irht.cnrs.fr/iiif/ark:/63955/v1uz2liwjkoc/full/1200,/0/default.jpg","[{""rotation"":0,""x"":0.004999999999999449,""y"":2.2600000000000064,""width"":97.37,""height"":96.82,""rectanglelabels"":[""AI""],""original_width"":4183.0,""original_height"":4865.0}]","","2025-08-06T09:40:40.568030Z"
16046,"1","2025-08-06T09:40:40.568030Z",15681,"https://iiif.irht.cnrs.fr/iiif/ark:/63955/va5z4zazysya/full/1200,/0/default.jpg","[{""rotation"":0,""x"":0.45499999999999985,""y"":2.575000000000005,""width"":99.45,""height"":96.97,""rectanglelabels"":[""AM""],""original_width"":4228.0,""original_height"":4893.0}]","","2025-08-06T09:40:40.568030Z"
16047,"1","2025-08-06T09:40:40.568030Z",15682,"https://iiif.irht.cnrs.fr/iiif/ark:/63955/v5rufqacwfeq/full/1200,/0/default.jpg","[{""rotation"":0,""x"":0.0,""y"":1.1399999999999966,""width"":93.16,""height"":70.92,""rectanglelabels"":[""AF""],""original_width"":4183.0,""original_height"":4865.0},{""rotation"":0,""x"":0.040000000000001146,""y"":71.865,""width"":99.4,""height"":26.590000000000003,""rectanglelabels"":[""AI""],""original_width"":4183.0,""original_height"":4865.0}]","","2025-08-06T09:40:40.568030Z"
6159,"1","2025-08-04T07:54:30.176270Z",15683,"https://iiif.irht.cnrs.fr/iiif/ark:/63955/vehbxduh27s7/full/1200,/0/default.jpg","[{""x"":16.719879518072293,""y"":3.7417469879518115,""width"":83.16012048192758,""height"":74.75939759036144,""rotation"":0,""rectanglelabels"":[""AF""],""original_width"":1200,""original_height"":1365}]",19.61,"2025-08-04T07:54:30.176270Z"
16048,"1","2025-08-06T09:40:40.568030Z",15684,"https://iiif.irht.cnrs.fr/iiif/ark:/63955/v6w7hw69ugfl/full/1200,/0/default.jpg","[{""rotation"":0,""x"":-0.004999999999999449,""y"":0.7300000000000029,""width"":92.57,""height"":59.519999999999996,""rectanglelabels"":[""AC""],""original_width"":4183.0,""original_height"":4865.0},{""rotation"":0,""x"":0.054999999999999494,""y"":60.160000000000004,""width"":98.72999999999999,""height"":37.72,""rectanglelabels"":[""AI""],""original_width"":4183.0,""original_height"":4865.0}]","","2025-08-06T09:40:40.568030Z"
16049,"1","2025-08-06T09:40:40.570035Z",15685,"https://iiif.irht.cnrs.fr/iiif/ark:/63955/vb1qjtiecoiz/full/1200,/0/default.jpg","[{""rotation"":0,""x"":0.10999999999999899,""y"":39.705,""width"":99.7,""height"":60.07,""rectanglelabels"":[""AI""],""original_width"":4038.0,""original_height"":4965.0},{""rotation"":0,""x"":0.3049999999999997,""y"":0.6449999999999984,""width"":99.57000000000001,""height"":39.09,""rectanglelabels"":[""AF""],""original_width"":4038.0,""original_height"":4965.0}]","","2025-08-06T09:40:40.570035Z"
16050,"1","2025-08-06T09:40:40.570035Z",15686,"https://iiif.irht.cnrs.fr/iiif/ark:/63955/vavck880nzf4/full/1200,/0/default.jpg","[{""rotation"":0,""x"":0.004999999999999449,""y"":74.0,""width"":99.89,""height"":24.18,""rectanglelabels"":[""AI""],""original_width"":4301.0,""original_height"":4893.0},{""rotation"":0,""x"":0.0,""y"":2.7600000000000016,""width"":99.83999999999999,""height"":71.28,""rectanglelabels"":[""AF""],""original_width"":4301.0,""original_height"":4893.0}]","","2025-08-06T09:40:40.570035Z"
16051,"1","2025-08-06T09:40:40.570035Z",15687,"https://iiif.irht.cnrs.fr/iiif/ark:/63955/vaci5ukdmskj/full/1200,/0/default.jpg","[{""rotation"":0,""x"":0.045000000000000595,""y"":1.5199999999999991,""width"":98.99,""height"":56.00000000000001,""rectanglelabels"":[""AF""],""original_width"":4183.0,""original_height"":4865.0},{""rotation"":0,""x"":0.039999999999995595,""y"":57.56,""width"":98.34,""height"":40.68,""rectanglelabels"":[""AI""],""original_width"":4183.0,""original_height"":4865.0}]","","2025-08-06T09:40:40.570035Z"
6160,"1","2025-08-04T07:55:41.818525Z",15688,"https://iiif.irht.cnrs.fr/iiif/ark:/63955/vz1f5b9mqvwm/full/1200,/0/default.jpg","[{""x"":9.319277108433736,""y"":2.784518072289156,""width"":90.56072289156614,""height"":35.41048192771079,""rotation"":0,""rectanglelabels"":[""AF""],""original_width"":1200,""original_height"":1365},{""x"":9.084999999999994,""y"":38.26500000000001,""width"":90.79,""height"":60.709999999999994,""rotation"":0,""rectanglelabels"":[""AI""],""original_width"":1200,""original_height"":1365}]",7.789,"2025-08-04T07:55:41.818525Z"
6161,"1","2025-08-04T07:55:54.285886Z",15689,"https://iiif.irht.cnrs.fr/iiif/ark:/63955/v8hugihfxmq9/full/1200,/0/default.jpg","[{""x"":0,""y"":2.4017469879518014,""width"":86.49277108433738,""height"":94.09120481927712,""rotation"":0,""rectanglelabels"":[""AF""],""original_width"":1200,""original_height"":1396}]",11.135,"2025-08-04T07:55:54.285886Z"
16052,"1","2025-08-06T09:40:40.570035Z",15690,"https://iiif.irht.cnrs.fr/iiif/ark:/63955/v5w4q9qitaiv/full/1200,/0/default.jpg","[{""rotation"":0,""x"":0.0,""y"":3.1350000000000042,""width"":99.88,""height"":67.89,""rectanglelabels"":[""AC""],""original_width"":4301.0,""original_height"":4893.0},{""rotation"":0,""x"":-0.004999999999999449,""y"":70.8,""width"":99.87,""height"":26.840000000000003,""rectanglelabels"":[""AI""],""original_width"":4301.0,""original_height"":4893.0}]","","2025-08-06T09:40:40.570035Z"
6162,"1","2025-08-04T07:56:09.818293Z",15691,"https://iiif.irht.cnrs.fr/iiif/ark:/63955/vpo6zawv7j3p/full/1200,/0/default.jpg","[{""x"":5.975407585066866e-15,""y"":74.5244578313253,""width"":99.35192771084338,""height"":25.475542168674682,""rotation"":0,""rectanglelabels"":[""AI""],""original_width"":1200,""original_height"":1396},{""x"":0.045000000000000595,""y"":0.6850000000000023,""width"":99.41,""height"":73.72999999999999,""rotation"":0,""rectanglelabels"":[""AF""],""original_width"":1200,""original_height"":1396}]",5.698,"2025-08-04T07:56:09.818293Z"
16053,"1","2025-08-06T09:40:40.570035Z",15692,"https://iiif.irht.cnrs.fr/iiif/ark:/63955/vdj7vz4ipenl/full/1200,/0/default.jpg","[{""rotation"":0,""x"":15.225,""y"":3.0049999999999963,""width"":84.63000000000001,""height"":96.45,""rectanglelabels"":[""AM""],""original_width"":4301.0,""original_height"":4893.0}]","","2025-08-06T09:40:40.570035Z"
16054,"1","2025-08-06T09:40:40.570035Z",15693,"https://iiif.irht.cnrs.fr/iiif/ark:/63955/vidv9vpjek92/full/1200,/0/default.jpg","[{""rotation"":0,""x"":0.0050000000000050004,""y"":0.714999999999999,""width"":92.58999999999999,""height"":98.75,""rectanglelabels"":[""AM""],""original_width"":4183.0,""original_height"":4865.0}]","","2025-08-06T09:40:40.570035Z"
16055,"1","2025-08-06T09:40:40.570035Z",15694,"https://iiif.irht.cnrs.fr/iiif/ark:/63955/vq8dn3k669jq/full/1200,/0/default.jpg","[{""rotation"":0,""x"":13.539999999999996,""y"":2.4799999999999986,""width"":86.32,""height"":96.7,""rectanglelabels"":[""AM""],""original_width"":4301.0,""original_height"":4893.0}]","","2025-08-06T09:40:40.570035Z"
16056,"1","2025-08-06T09:40:40.570035Z",15695,"https://iiif.irht.cnrs.fr/iiif/ark:/63955/vgfplxfzk1iy/full/1200,/0/default.jpg","[{""rotation"":0,""x"":0.0,""y"":0.6249999999999978,""width"":92.72,""height"":98.65,""rectanglelabels"":[""AM""],""original_width"":4183.0,""original_height"":4865.0}]","","2025-08-06T09:40:40.570035Z"
6163,"1","2025-08-04T07:56:48.691873Z",15696,"https://iiif.irht.cnrs.fr/iiif/ark:/63955/vxk6xlyx77wz/full/1200,/0/default.jpg","[{""x"":4.307130288304824e-15,""y"":39.41692771084331,""width"":87.00694779116466,""height"":57.16180722891572,""rotation"":0,""rectanglelabels"":[""AC""],""original_width"":1200,""original_height"":1400},{""x"":0.034999999999996145,""y"":4.932831325301204,""width"":86.51658634538151,""height"":34.57216867469881,""rotation"":0,""rectanglelabels"":[""AF""],""original_width"":1200,""original_height"":1400}]",12.791,"2025-08-04T07:56:48.691873Z"
16057,"1","2025-08-06T09:40:40.570035Z",15697,"https://iiif.irht.cnrs.fr/iiif/ark:/63955/vwrulb86kawt/full/1200,/0/default.jpg","[{""rotation"":0,""x"":2.8200000000000003,""y"":3.0200000000000005,""width"":97.0,""height"":96.38,""rectanglelabels"":[""AM""],""original_width"":4319.0,""original_height"":4893.0}]","","2025-08-06T09:40:40.570035Z"
16058,"1","2025-08-06T09:40:40.570035Z",15698,"https://iiif.irht.cnrs.fr/iiif/ark:/63955/vojw8p3i9tzp/full/1200,/0/default.jpg","[{""rotation"":0,""x"":0.0,""y"":0.4549999999999943,""width"":92.80000000000001,""height"":99.19,""rectanglelabels"":[""AM""],""original_width"":4183.0,""original_height"":4865.0}]","","2025-08-06T09:40:40.570035Z"
6164,"1","2025-08-04T07:57:37.805192Z",15699,"https://iiif.irht.cnrs.fr/iiif/ark:/63955/vjkmyk7025xu/full/1200,/0/default.jpg","[{""x"":18.377289156626485,""y"":3.476927710843373,""width"":81.62271084337353,""height"":63.86036144578312,""rotation"":0,""rectanglelabels"":[""AF""],""original_width"":1200,""original_height"":1359}]",12.754,"2025-08-04T07:57:37.805192Z"
16059,"1","2025-08-06T09:40:40.570035Z",15700,"https://iiif.irht.cnrs.fr/iiif/ark:/63955/vzi67pqilk65/full/1200,/0/default.jpg","[{""rotation"":0,""x"":0.08000000000000229,""y"":66.86,""width"":99.5,""height"":31.240000000000002,""rectanglelabels"":[""AI""],""original_width"":4183.0,""original_height"":4865.0},{""rotation"":0,""x"":0.0,""y"":1.4900000000000024,""width"":99.5,""height"":65.64,""rectanglelabels"":[""AC""],""original_width"":4183.0,""original_height"":4865.0}]","","2025-08-06T09:40:40.570035Z"
6165,"1","2025-08-04T07:57:55.614113Z",15701,"https://iiif.irht.cnrs.fr/iiif/ark:/63955/vhfvkx5ewuyh/full/1200,/0/default.jpg","[{""x"":15.909216867469883,""y"":34.51500000000001,""width"":83.90078313253014,""height"":62.581807228915665,""rotation"":0,""rectanglelabels"":[""AI""],""original_width"":1200,""original_height"":1359},{""x"":16.310602409638555,""y"":3.541927710843374,""width"":83.47939759036149,""height"":30.938072289156633,""rotation"":0,""rectanglelabels"":[""AF""],""original_width"":1200,""original_height"":1359}]",10.992,"2025-08-04T07:57:55.614113Z"
16060,"1","2025-08-06T09:40:40.570035Z",15702,"https://iiif.irht.cnrs.fr/iiif/ark:/63955/vgx1nx3suysd/full/1200,/0/default.jpg","[{""rotation"":0,""x"":-0.004999999999999449,""y"":31.314999999999998,""width"":93.45,""height"":67.61,""rectanglelabels"":[""AC""],""original_width"":4183.0,""original_height"":4865.0},{""rotation"":0,""x"":0.05999999999999894,""y"":0.9050000000000002,""width"":99.94,""height"":30.65,""rectanglelabels"":[""AF""],""original_width"":4183.0,""original_height"":4865.0}]","","2025-08-06T09:40:40.570035Z"
16061,"1","2025-08-06T09:40:40.570035Z",15703,"https://iiif.irht.cnrs.fr/iiif/ark:/63955/v4z2viofotx3/full/1200,/0/default.jpg","[{""rotation"":0,""x"":0.004999999999999449,""y"":63.89,""width"":99.81,""height"":33.56,""rectanglelabels"":[""AI""],""original_width"":4319.0,""original_height"":4893.0},{""rotation"":0,""x"":0.6699999999999928,""y"":3.089999999999998,""width"":99.16,""height"":61.06,""rectanglelabels"":[""AC""],""original_width"":4319.0,""original_height"":4893.0}]","","2025-08-06T09:40:40.570035Z"
16062,"1","2025-08-06T09:40:40.570035Z",15704,"https://iiif.irht.cnrs.fr/iiif/ark:/63955/voi1txxove4t/full/1200,/0/default.jpg","[{""rotation"":0,""x"":0.025000000000002798,""y"":49.605,""width"":93.08999999999999,""height"":48.209999999999994,""rectanglelabels"":[""AI""],""original_width"":4183.0,""original_height"":4865.0},{""rotation"":0,""x"":0.0,""y"":1.7099999999999977,""width"":93.34,""height"":48.04,""rectanglelabels"":[""AF""],""original_width"":4183.0,""original_height"":4865.0}]","","2025-08-06T09:40:40.570035Z"
16063,"1","2025-08-06T09:40:40.570035Z",15705,"https://iiif.irht.cnrs.fr/iiif/ark:/63955/vgsqkllidznd/full/1200,/0/default.jpg","[{""rotation"":0,""x"":3.589999999999999,""y"":51.04,""width"":96.24000000000001,""height"":46.7,""rectanglelabels"":[""AI""],""original_width"":4319.0,""original_height"":4893.0},{""rotation"":0,""x"":2.4900000000000033,""y"":2.7249999999999996,""width"":97.34,""height"":48.370000000000005,""rectanglelabels"":[""AF""],""original_width"":4319.0,""original_height"":4893.0}]","","2025-08-06T09:40:40.570035Z"
16064,"1","2025-08-06T09:40:40.570035Z",15706,"https://iiif.irht.cnrs.fr/iiif/ark:/63955/v2ivqykkvn9d/full/1200,/0/default.jpg","[{""rotation"":0,""x"":0.0,""y"":0.8999999999999952,""width"":93.0,""height"":57.02,""rectanglelabels"":[""AF""],""original_width"":4183.0,""original_height"":4865.0},{""rotation"":0,""x"":0.08499999999999619,""y"":57.834999999999994,""width"":98.87,""height"":39.629999999999995,""rectanglelabels"":[""AI""],""original_width"":4183.0,""original_height"":4865.0}]","","2025-08-06T09:40:40.570035Z"
16065,"1","2025-08-06T09:40:40.570035Z",15707,"https://iiif.irht.cnrs.fr/iiif/ark:/63955/vy54lslu4m66/full/1200,/0/default.jpg","[{""rotation"":0,""x"":0.13999999999999568,""y"":2.9949999999999974,""width"":99.78,""height"":96.63000000000001,""rectanglelabels"":[""AC""],""original_width"":4038.0,""original_height"":4965.0}]","","2025-08-06T09:40:40.570035Z"
6166,"1","2025-08-04T07:59:05.615319Z",15708,"https://iiif.irht.cnrs.fr/iiif/ark:/63955/vo3amr61vzho/full/1200,/0/default.jpg","[{""x"":16.465000000000003,""y"":31.709999999999994,""width"":83.33,""height"":67.32000000000001,""rotation"":0,""rectanglelabels"":[""AC""],""original_width"":1200,""original_height"":1359},{""x"":16.504939759036144,""y"":3.224999999999996,""width"":83.28006024096393,""height"":28.609999999999978,""rotation"":0,""rectanglelabels"":[""AF""],""original_width"":1200,""original_height"":1359}]",8.255,"2025-08-04T07:59:05.615319Z"
6167,"1","2025-08-04T07:59:16.535933Z",15709,"https://iiif.irht.cnrs.fr/iiif/ark:/63955/vq19cknc70eq/full/1200,/0/default.jpg","[{""x"":0,""y"":2.823192771084337,""width"":87.50602409638553,""height"":82.36542168674697,""rotation"":0,""rectanglelabels"":[""AC""],""original_width"":1200,""original_height"":1396}]",9.338,"2025-08-04T07:59:16.535933Z"
16066,"1","2025-08-06T09:40:40.570035Z",15710,"https://iiif.irht.cnrs.fr/iiif/ark:/63955/vw5ogqk3zys2/full/1200,/0/default.jpg","[{""rotation"":0,""x"":16.28,""y"":3.084999999999999,""width"":83.56,""height"":96.69,""rectanglelabels"":[""AI""],""original_width"":4319.0,""original_height"":4893.0}]","","2025-08-06T09:40:40.570035Z"
6168,"1","2025-08-04T07:59:38.776400Z",15711,"https://iiif.irht.cnrs.fr/iiif/ark:/63955/v8ftfgpfxe5z/full/1200,/0/default.jpg","[{""x"":0.009999999999998899,""y"":22.294999999999998,""width"":93.52000000000001,""height"":76.41,""rotation"":0,""rectanglelabels"":[""AC""],""original_width"":1200,""original_height"":1396},{""x"":0.42500000000000315,""y"":0.08999999999999977,""width"":93.20277108433736,""height"":22.198072289156627,""rotation"":0,""rectanglelabels"":[""AF""],""original_width"":1200,""original_height"":1396}]",7.396,"2025-08-04T07:59:38.776400Z"
16067,"1","2025-08-06T09:40:40.572042Z",15712,"https://iiif.irht.cnrs.fr/iiif/ark:/63955/vnijbuqb9h8f/full/1200,/0/default.jpg","[{""rotation"":0,""x"":0.31499999999999306,""y"":65.49499999999999,""width"":99.47,""height"":31.97,""rectanglelabels"":[""AI""],""original_width"":4319.0,""original_height"":4893.0},{""rotation"":0,""x"":0.649999999999995,""y"":3.0650000000000013,""width"":99.16,""height"":62.29,""rectanglelabels"":[""AC""],""original_width"":4319.0,""original_height"":4893.0}]","","2025-08-06T09:40:40.572042Z"
16068,"1","2025-08-06T09:40:40.572042Z",15713,"https://iiif.irht.cnrs.fr/iiif/ark:/63955/v5o5ps4nl7w0/full/1200,/0/default.jpg","[{""rotation"":0,""x"":0.15499999999999958,""y"":0.11999999999999789,""width"":99.85000000000001,""height"":73.38,""rectanglelabels"":[""AF""],""original_width"":4156.0,""original_height"":4865.0},{""rotation"":0,""x"":0.12000000000000344,""y"":73.245,""width"":99.88,""height"":24.67,""rectanglelabels"":[""AI""],""original_width"":4156.0,""original_height"":4865.0}]","","2025-08-06T09:40:40.572042Z"
16069,"1","2025-08-06T09:40:40.572042Z",15714,"https://iiif.irht.cnrs.fr/iiif/ark:/63955/v1cgqre5xdsg/full/1200,/0/default.jpg","[{""rotation"":0,""x"":0.3000000000000058,""y"":2.7400000000000038,""width"":99.52,""height"":96.66,""rectanglelabels"":[""AM""],""original_width"":4319.0,""original_height"":4893.0}]","","2025-08-06T09:40:40.572042Z"
6169,"1","2025-08-04T08:00:15.333995Z",15715,"https://iiif.irht.cnrs.fr/iiif/ark:/63955/vx4bogk5ozac/full/1200,/0/default.jpg","[{""x"":0.025000000000002777,""y"":25.655000000000022,""width"":88.32698795180718,""height"":71.9056626506024,""rotation"":0,""rectanglelabels"":[""AI""],""original_width"":1200,""original_height"":1405},{""x"":0,""y"":2.7710843373493983,""width"":88.60485943775102,""height"":22.79891566265061,""rotation"":0,""rectanglelabels"":[""AF""],""original_width"":1200,""original_height"":1405}]",12.644,"2025-08-04T08:00:15.333995Z"
6170,"1","2025-08-04T08:00:29.492969Z",15716,"https://iiif.irht.cnrs.fr/iiif/ark:/63955/v5059oqglqhx/full/1200,/0/default.jpg","[{""x"":16.04,""y"":23.129999999999995,""width"":83.86,""height"":75.96000000000001,""rotation"":0,""rectanglelabels"":[""AC""],""original_width"":1200,""original_height"":1351},{""x"":15.201325301204822,""y"":3.7069277108433725,""width"":84.67367469879518,""height"":19.548072289156647,""rotation"":0,""rectanglelabels"":[""AF""],""original_width"":1200,""original_height"":1351}]",10.57,"2025-08-04T08:00:29.492969Z"
16070,"1","2025-08-06T09:40:40.572042Z",15717,"https://iiif.irht.cnrs.fr/iiif/ark:/63955/v68pldmy63wb/full/1200,/0/default.jpg","[{""rotation"":0,""x"":0.035000000000001696,""y"":1.034999999999997,""width"":97.27,""height"":97.97,""rectanglelabels"":[""AI""],""original_width"":4119.0,""original_height"":4865.0}]","","2025-08-06T09:40:40.572042Z"
6171,"1","2025-08-04T08:00:48.964585Z",15718,"https://iiif.irht.cnrs.fr/iiif/ark:/63955/vcpzu4bjmah6/full/1200,/0/default.jpg","[{""x"":0.005000000000006182,""y"":60.07644578313247,""width"":95.25931726907632,""height"":37.64999999999999,""rotation"":0,""rectanglelabels"":[""AI""],""original_width"":1200,""original_height"":1400},{""x"":-0.004999999999999449,""y"":1.9399999999999973,""width"":94.99,""height"":58.120000000000005,""rotation"":0,""rectanglelabels"":[""AC""],""original_width"":1200,""original_height"":1400}]",6.776,"2025-08-04T08:00:48.964585Z"
6172,"1","2025-08-04T08:01:17.527713Z",15719,"https://iiif.irht.cnrs.fr/iiif/ark:/63955/vekrypfy0s31/full/1200,/0/default.jpg","[{""x"":15.689999999999992,""y"":32.475,""width"":84.24000000000001,""height"":66.41,""rotation"":0,""rectanglelabels"":[""AC""],""original_width"":1200,""original_height"":1351},{""x"":15.380040160642567,""y"":3.7828915662650613,""width"":84.50495983935743,""height"":28.677108433734926,""rotation"":0,""rectanglelabels"":[""AF""],""original_width"":1200,""original_height"":1351}]",8.94,"2025-08-04T08:01:17.527713Z"
16071,"1","2025-08-06T09:40:40.572042Z",15720,"https://iiif.irht.cnrs.fr/iiif/ark:/63955/vxdpntbdb8kk/full/1200,/0/default.jpg","[{""rotation"":0,""x"":0.004999999999999449,""y"":66.39,""width"":93.15,""height"":31.64,""rectanglelabels"":[""AI""],""original_width"":4119.0,""original_height"":4865.0},{""rotation"":0,""x"":0.045000000000000595,""y"":0.8099999999999996,""width"":98.79,""height"":65.75999999999999,""rectanglelabels"":[""AC""],""original_width"":4119.0,""original_height"":4865.0}]","","2025-08-06T09:40:40.572042Z"
16072,"1","2025-08-06T09:40:40.572042Z",15721,"https://iiif.irht.cnrs.fr/iiif/ark:/63955/vy5yl45o0g2l/full/1200,/0/default.jpg","[{""rotation"":0,""x"":4.175000000000001,""y"":2.455000000000002,""width"":95.69,""height"":59.870000000000005,""rectanglelabels"":[""AF""],""original_width"":4347.0,""original_height"":4893.0},{""rotation"":0,""x"":6.720000000000004,""y"":62.205,""width"":93.17999999999999,""height"":35.99,""rectanglelabels"":[""AI""],""original_width"":4347.0,""original_height"":4893.0}]","","2025-08-06T09:40:40.572042Z"
16073,"1","2025-08-06T09:40:40.572042Z",15722,"https://iiif.irht.cnrs.fr/iiif/ark:/63955/v81bnzbg3ddg/full/1200,/0/default.jpg","[{""rotation"":0,""x"":0.0,""y"":41.78,""width"":95.38,""height"":56.10000000000001,""rectanglelabels"":[""AI""],""original_width"":4119.0,""original_height"":4865.0},{""rotation"":0,""x"":0.15000000000000013,""y"":0.3400000000000014,""width"":99.6,""height"":41.44,""rectanglelabels"":[""AF""],""original_width"":4119.0,""original_height"":4865.0}]","","2025-08-06T09:40:40.572042Z"
16074,"1","2025-08-06T09:40:40.572042Z",15723,"https://iiif.irht.cnrs.fr/iiif/ark:/63955/v31aeemnz6l4/full/1200,/0/default.jpg","[{""rotation"":0,""x"":-0.004999999999999449,""y"":2.7400000000000038,""width"":99.87,""height"":67.96,""rectanglelabels"":[""AF""],""original_width"":4347.0,""original_height"":4893.0},{""rotation"":0,""x"":0.5949999999999955,""y"":70.48,""width"":99.29,""height"":27.02,""rectanglelabels"":[""AI""],""original_width"":4347.0,""original_height"":4893.0}]","","2025-08-06T09:40:40.572042Z"
6173,"1","2025-08-04T08:01:44.660215Z",15724,"https://iiif.irht.cnrs.fr/iiif/ark:/63955/v579bv9sxu0y/full/1200,/0/default.jpg","[{""x"":0,""y"":56.84,""width"":94.76,""height"":40.88,""rotation"":0,""rectanglelabels"":[""AI""],""original_width"":1200,""original_height"":1417},{""x"":0.05999999999999896,""y"":2.2227108433734886,""width"":94.47831325301205,""height"":54.88228915662646,""rotation"":0,""rectanglelabels"":[""AF""],""original_width"":1200,""original_height"":1417}]",9.949,"2025-08-04T08:01:44.660215Z"
6174,"1","2025-08-04T08:01:53.114129Z",15725,"https://iiif.irht.cnrs.fr/iiif/ark:/63955/v6oyi41vihyj/full/1200,/0/default.jpg","[{""x"":18.114176706827305,""y"":3.623373493975912,""width"":81.78082329317272,""height"":79.17204819277109,""rotation"":0,""rectanglelabels"":[""AF""],""original_width"":1200,""original_height"":1351}]",6.98,"2025-08-04T08:01:53.114129Z"
16075,"1","2025-08-06T09:40:40.572042Z",15726,"https://iiif.irht.cnrs.fr/iiif/ark:/63955/vrdyd1xkn2qu/full/1200,/0/default.jpg","[{""rotation"":0,""x"":0.0,""y"":0.2650000000000041,""width"":94.64,""height"":98.72999999999999,""rectanglelabels"":[""AI""],""original_width"":4119.0,""original_height"":4865.0}]","","2025-08-06T09:40:40.572042Z"
6175,"1","2025-08-04T08:02:40.470269Z",15727,"https://iiif.irht.cnrs.fr/iiif/ark:/63955/vb2plungvmmk/full/1200,/0/default.jpg","[{""x"":15.869999999999987,""y"":37.73644578313253,""width"":84.13000000000001,""height"":61.77,""rotation"":0,""rectanglelabels"":[""AI""],""original_width"":1200,""original_height"":1351},{""x"":15.808052208835338,""y"":3.376927710843374,""width"":84.11194779116468,""height"":34.26807228915663,""rotation"":0,""rectanglelabels"":[""AF""],""original_width"":1200,""original_height"":1351}]",22.266,"2025-08-04T08:02:51.399161Z"
16076,"1","2025-08-06T09:40:40.572042Z",15728,"https://iiif.irht.cnrs.fr/iiif/ark:/63955/vk4pl073zrvc/full/1200,/0/default.jpg","[{""rotation"":0,""x"":0.13500000000000179,""y"":0.8000000000000007,""width"":99.71,""height"":68.58,""rectanglelabels"":[""AF""],""original_width"":4119.0,""original_height"":4865.0},{""rotation"":0,""x"":0.004999999999999449,""y"":69.1,""width"":99.15,""height"":28.999999999999996,""rectanglelabels"":[""AI""],""original_width"":4119.0,""original_height"":4865.0}]","","2025-08-06T09:40:40.572042Z"
16077,"1","2025-08-06T09:40:40.572042Z",15729,"https://iiif.irht.cnrs.fr/iiif/ark:/63955/vhesfbzn7zmc/full/1200,/0/default.jpg","[{""rotation"":0,""x"":0.0,""y"":59.495,""width"":99.82,""height"":40.35,""rectanglelabels"":[""AI""],""original_width"":4038.0,""original_height"":4965.0},{""rotation"":0,""x"":0.830000000000003,""y"":1.8850000000000033,""width"":99.06,""height"":57.69,""rectanglelabels"":[""AF""],""original_width"":4038.0,""original_height"":4965.0}]","","2025-08-06T09:40:40.572042Z"
16078,"1","2025-08-06T09:40:40.572042Z",15730,"https://iiif.irht.cnrs.fr/iiif/ark:/63955/vq9enu1qkv1n/full/1200,/0/default.jpg","[{""rotation"":0,""x"":0.13000000000000234,""y"":3.0299999999999994,""width"":99.74,""height"":67.42,""rectanglelabels"":[""AF""],""original_width"":4347.0,""original_height"":4893.0},{""rotation"":0,""x"":0.16499999999999848,""y"":70.375,""width"":99.71,""height"":27.57,""rectanglelabels"":[""AI""],""original_width"":4347.0,""original_height"":4893.0}]","","2025-08-06T09:40:40.572042Z"
16079,"1","2025-08-06T09:40:40.572042Z",15731,"https://iiif.irht.cnrs.fr/iiif/ark:/63955/vkmi83dupxeu/full/1200,/0/default.jpg","[{""rotation"":0,""x"":0.0,""y"":59.095,""width"":98.02,""height"":39.050000000000004,""rectanglelabels"":[""AI""],""original_width"":4119.0,""original_height"":4865.0},{""rotation"":0,""x"":0.12999999999999678,""y"":0.7400000000000018,""width"":99.66000000000001,""height"":58.3,""rectanglelabels"":[""AF""],""original_width"":4119.0,""original_height"":4865.0}]","","2025-08-06T09:40:40.572042Z"
6176,"1","2025-08-04T08:03:17.231858Z",15732,"https://iiif.irht.cnrs.fr/iiif/ark:/63955/vm0uu4tmz5c8/full/1200,/0/default.jpg","[{""x"":5.023775100401606,""y"":4.16885542168675,""width"":94.85122489959836,""height"":52.40614457831337,""rotation"":0,""rectanglelabels"":[""AF""],""original_width"":1200,""original_height"":1351},{""x"":4.824999999999996,""y"":56.53999999999999,""width"":95.07,""height"":41.22,""rotation"":0,""rectanglelabels"":[""AI""],""original_width"":1200,""original_height"":1351}]",7.642,"2025-08-04T08:03:17.231858Z"
16080,"1","2025-08-06T09:40:40.572042Z",15733,"https://iiif.irht.cnrs.fr/iiif/ark:/63955/vj02lqngsb1f/full/1200,/0/default.jpg","[{""rotation"":0,""x"":-0.0050000000000050004,""y"":0.45499999999999985,""width"":94.51,""height"":98.91,""rectanglelabels"":[""AM""],""original_width"":4119.0,""original_height"":4865.0}]","","2025-08-06T09:40:40.572042Z"
6177,"1","2025-08-04T08:03:28.265256Z",15734,"https://iiif.irht.cnrs.fr/iiif/ark:/63955/vt9i6484i2rj/full/1200,/0/default.jpg","[{""x"":5.097489959839485,""y"":3.995301204819271,""width"":94.90251004016052,""height"":60.2534939759036,""rotation"":0,""rectanglelabels"":[""AF""],""original_width"":1200,""original_height"":1351}]",5.82,"2025-08-04T08:03:28.265256Z"
16081,"1","2025-08-06T09:40:40.572042Z",15735,"https://iiif.irht.cnrs.fr/iiif/ark:/63955/vwlnp8mvkvfl/full/1200,/0/default.jpg","[{""rotation"":0,""x"":0.019999999999997797,""y"":2.389999999999998,""width"":93.4,""height"":97.06,""rectanglelabels"":[""AI""],""original_width"":4119.0,""original_height"":4865.0}]","","2025-08-06T09:40:40.572042Z"
6178,"1","2025-08-04T08:04:00.218481Z",15736,"https://iiif.irht.cnrs.fr/iiif/ark:/63955/vy0blg4xijqr/full/1200,/0/default.jpg","[{""x"":15.839999999999998,""y"":33.325,""width"":84.06,""height"":65.97,""rotation"":0,""rectanglelabels"":[""AI""],""original_width"":1200,""original_height"":1351},{""x"":15.821325301204817,""y"":3.546927710843375,""width"":84.05367469879525,""height"":29.92807228915661,""rotation"":0,""rectanglelabels"":[""AF""],""original_width"":1200,""original_height"":1351}]",7.03,"2025-08-04T08:04:00.218481Z"
16082,"1","2025-08-06T09:40:40.572042Z",15737,"https://iiif.irht.cnrs.fr/iiif/ark:/63955/v2wva1edsx9e/full/1200,/0/default.jpg","[{""rotation"":0,""x"":0.0,""y"":2.6449999999999974,""width"":94.52000000000001,""height"":96.93,""rectanglelabels"":[""AM""],""original_width"":4119.0,""original_height"":4865.0}]","","2025-08-06T09:40:40.572042Z"
16083,"1","2025-08-06T09:40:40.572042Z",15738,"https://iiif.irht.cnrs.fr/iiif/ark:/63955/vlzm8u739s19/full/1200,/0/default.jpg","[{""rotation"":0,""x"":1.5949999999999964,""y"":2.950000000000003,""width"":98.31,""height"":96.28,""rectanglelabels"":[""AM""],""original_width"":4347.0,""original_height"":4893.0}]","","2025-08-06T09:40:40.572042Z"
16084,"1","2025-08-06T09:40:40.572042Z",15739,"https://iiif.irht.cnrs.fr/iiif/ark:/63955/v4nq8k8sa0v7/full/1200,/0/default.jpg","[{""rotation"":0,""x"":0.0,""y"":2.4899999999999975,""width"":93.94,""height"":96.66,""rectanglelabels"":[""AM""],""original_width"":4119.0,""original_height"":4865.0}]","","2025-08-06T09:40:40.572042Z"
16085,"1","2025-08-06T09:40:40.572042Z",15740,"https://iiif.irht.cnrs.fr/iiif/ark:/63955/v375p2ac8gox/full/1200,/0/default.jpg","[{""rotation"":0,""x"":0.0,""y"":2.6249999999999996,""width"":93.30000000000001,""height"":38.15,""rectanglelabels"":[""AF""],""original_width"":4256.0,""original_height"":4965.0},{""rotation"":0,""x"":0.004999999999999449,""y"":40.709999999999994,""width"":95.65,""height"":58.76,""rectanglelabels"":[""AI""],""original_width"":4256.0,""original_height"":4965.0}]","","2025-08-06T09:40:40.572042Z"
6179,"1","2025-08-04T08:04:23.872660Z",15741,"https://iiif.irht.cnrs.fr/iiif/ark:/63955/vw68bj19tfus/full/1200,/0/default.jpg","[{""x"":18.388273092369474,""y"":3.7728915662650673,""width"":81.4917269076305,""height"":74.77325301204817,""rotation"":0,""rectanglelabels"":[""AF""],""original_width"":1200,""original_height"":1351}]",6.344,"2025-08-04T08:04:23.872660Z"
6180,"1","2025-08-04T08:04:31.926207Z",15742,"https://iiif.irht.cnrs.fr/iiif/ark:/63955/v22m96w1766u/full/1200,/0/default.jpg","",4.441,"2025-08-04T08:04:31.926207Z"
6181,"1","2025-08-04T08:04:53.476192Z",15743,"https://iiif.irht.cnrs.fr/iiif/ark:/63955/vxef57p63x39/full/1200,/0/default.jpg","[{""x"":17.972489959839354,""y"":4.088373493975902,""width"":81.94251004016067,""height"":90.6087951807229,""rotation"":0,""rectanglelabels"":[""AC""],""original_width"":1200,""original_height"":1351}]",9.615,"2025-08-04T08:04:53.476192Z"
16086,"1","2025-08-06T09:40:40.572042Z",15744,"https://iiif.irht.cnrs.fr/iiif/ark:/63955/v5es7ommjeol/full/1200,/0/default.jpg","[{""rotation"":0,""x"":0.0,""y"":2.739999999999998,""width"":93.38,""height"":96.8,""rectanglelabels"":[""AI""],""original_width"":4119.0,""original_height"":4865.0}]","","2025-08-06T09:40:40.572042Z"
16087,"1","2025-08-06T09:40:40.572042Z",15745,"https://iiif.irht.cnrs.fr/iiif/ark:/63955/v1yry0z46u1l/full/1200,/0/default.jpg","[{""rotation"":0,""x"":0.3699999999999981,""y"":3.084999999999999,""width"":99.52,""height"":26.69,""rectanglelabels"":[""AF""],""original_width"":4347.0,""original_height"":4893.0},{""rotation"":0,""x"":16.940000000000005,""y"":29.765000000000004,""width"":82.96,""height"":69.67,""rectanglelabels"":[""AI""],""original_width"":4347.0,""original_height"":4893.0}]","","2025-08-06T09:40:40.572042Z"
16088,"1","2025-08-06T09:40:40.572042Z",15746,"https://iiif.irht.cnrs.fr/iiif/ark:/63955/v97szevwh52w/full/1200,/0/default.jpg","[{""rotation"":0,""x"":0.08500000000000174,""y"":2.485000000000001,""width"":97.99,""height"":45.09,""rectanglelabels"":[""AF""],""original_width"":4119.0,""original_height"":4865.0},{""rotation"":0,""x"":-0.004999999999999449,""y"":47.599999999999994,""width"":93.87,""height"":51.160000000000004,""rectanglelabels"":[""AI""],""original_width"":4119.0,""original_height"":4865.0}]","","2025-08-06T09:40:40.572042Z"
6182,"1","2025-08-04T08:05:28.069145Z",15747,"https://iiif.irht.cnrs.fr/iiif/ark:/63955/vy9kkw4ykp0j/full/1200,/0/default.jpg","[{""x"":4.3799999999999955,""y"":3.125,""width"":95.52000000000001,""height"":68.25,""rotation"":0,""rectanglelabels"":[""AF""],""original_width"":1200,""original_height"":1351},{""x"":6.074999999999995,""y"":71.47740963855422,""width"":93.77,""height"":27.21,""rotation"":0,""rectanglelabels"":[""AI""],""original_width"":1200,""original_height"":1351}]",4.819,"2025-08-04T08:05:28.069145Z"
6183,"1","2025-08-04T08:05:37.021049Z",15748,"https://iiif.irht.cnrs.fr/iiif/ark:/63955/vhyjh3pb4alc/full/1200,/0/default.jpg","[{""x"":-1.7763568394002505e-15,""y"":71.80740963855423,""width"":97.04999999999998,""height"":27.91,""rotation"":0,""rectanglelabels"":[""AI""],""original_width"":1200,""original_height"":1417},{""x"":0.08500000000000174,""y"":2.805000000000002,""width"":98.29,""height"":68.78999999999999,""rotation"":0,""rectanglelabels"":[""AF""],""original_width"":1200,""original_height"":1417}]",7.584,"2025-08-04T08:05:37.021049Z"
16089,"1","2025-08-06T09:40:40.572042Z",15749,"https://iiif.irht.cnrs.fr/iiif/ark:/63955/v3kqzh74k42t/full/1200,/0/default.jpg","[{""rotation"":0,""x"":16.514999999999997,""y"":3.015000000000007,""width"":83.37,""height"":96.09,""rectanglelabels"":[""AF""],""original_width"":4347.0,""original_height"":4893.0}]","","2025-08-06T09:40:40.572042Z"
16090,"1","2025-08-06T09:40:40.572042Z",15750,"https://iiif.irht.cnrs.fr/iiif/ark:/63955/vpmqtlbjmu1k/full/1200,/0/default.jpg","[{""rotation"":0,""x"":0.0,""y"":2.6350000000000042,""width"":92.62,""height"":96.89,""rectanglelabels"":[""AI""],""original_width"":4119.0,""original_height"":4865.0}]","","2025-08-06T09:40:40.572042Z"
16091,"1","2025-08-06T09:40:40.572042Z",15751,"https://iiif.irht.cnrs.fr/iiif/ark:/63955/vlcq6yaol8kx/full/1200,/0/default.jpg","[{""rotation"":0,""x"":0.019999999999997797,""y"":0.2550000000000052,""width"":99.98,""height"":99.63,""rectanglelabels"":[""Table""],""original_width"":4283.0,""original_height"":4965.0}]","","2025-08-06T09:40:40.572042Z"
16092,"1","2025-08-06T09:40:40.572042Z",15752,"https://iiif.irht.cnrs.fr/iiif/ark:/63955/vgj2r2p2kvjy/full/1200,/0/default.jpg","[{""rotation"":0,""x"":0.040000000000001146,""y"":1.3499999999999983,""width"":99.82,""height"":45.440000000000005,""rectanglelabels"":[""AF""],""original_width"":4038.0,""original_height"":4965.0},{""rotation"":0,""x"":0.004999999999999449,""y"":46.67,""width"":99.87,""height"":53.26,""rectanglelabels"":[""AC""],""original_width"":4038.0,""original_height"":4965.0}]","","2025-08-06T09:40:40.572042Z"
6184,"1","2025-08-04T08:06:26.813256Z",15753,"https://iiif.irht.cnrs.fr/iiif/ark:/63955/vdio2usdf4h0/full/1200,/0/default.jpg","[{""x"":18.160461847389556,""y"":4.325301204819282,""width"":81.75953815261043,""height"":72.18313253012046,""rotation"":0,""rectanglelabels"":[""AF""],""original_width"":1200,""original_height"":1351}]",7.02,"2025-08-04T08:06:26.813256Z"
6185,"1","2025-08-04T08:07:19.917185Z",15754,"https://iiif.irht.cnrs.fr/iiif/ark:/63955/vugh2k27nwwa/full/1200,/0/default.jpg","[{""x"":0.00273092369477981,""y"":3.7927108433734915,""width"":94.5464658634538,""height"":60.50132530120476,""rotation"":0,""rectanglelabels"":[""AC""],""original_width"":1200,""original_height"":1417},{""x"":0,""y"":64.185,""width"":94.5,""height"":34.73,""rotation"":0,""rectanglelabels"":[""AI""],""original_width"":1200,""original_height"":1417}]",10.607,"2025-08-04T08:07:19.917185Z"
6186,"1","2025-08-04T08:07:28.127012Z",15755,"https://iiif.irht.cnrs.fr/iiif/ark:/63955/vmqwx9ira34s/full/1200,/0/default.jpg","[{""x"":1.845000000000001,""y"":61.27144578313253,""width"":98.05,""height"":37.62,""rotation"":0,""rectanglelabels"":[""AI""],""original_width"":1200,""original_height"":1351},{""x"":0.004999999999999449,""y"":2.9549999999999965,""width"":99.83,""height"":58.15,""rotation"":0,""rectanglelabels"":[""AF""],""original_width"":1200,""original_height"":1351}]",3.504,"2025-08-04T08:07:28.127012Z"
16093,"1","2025-08-06T09:40:40.572042Z",15756,"https://iiif.irht.cnrs.fr/iiif/ark:/63955/vr7mkl2p22ki/full/1200,/0/default.jpg","[{""rotation"":0,""x"":0.06999999999999784,""y"":1.8949999999999996,""width"":97.68,""height"":42.39,""rectanglelabels"":[""AF""],""original_width"":4119.0,""original_height"":4865.0},{""rotation"":0,""x"":0.0,""y"":44.27,""width"":92.82000000000001,""height"":55.34,""rectanglelabels"":[""AI""],""original_width"":4119.0,""original_height"":4865.0}]","","2025-08-06T09:40:40.572042Z"
6187,"1","2025-08-04T08:07:46.912812Z",15757,"https://iiif.irht.cnrs.fr/iiif/ark:/63955/vkm3muriq14h/full/1200,/0/default.jpg","[{""x"":16.463895582329318,""y"":4.082891566265059,""width"":83.43110441767074,""height"":28.397108433734925,""rotation"":0,""rectanglelabels"":[""AF""],""original_width"":1200,""original_height"":1351},{""x"":16.605000000000004,""y"":32.550000000000004,""width"":83.31,""height"":41.5,""rotation"":0,""rectanglelabels"":[""AC""],""original_width"":1200,""original_height"":1351},{""x"":16.38969879518072,""y"":73.96,""width"":83.50530120481935,""height"":24.701445783132524,""rotation"":0,""rectanglelabels"":[""AI""],""original_width"":1200,""original_height"":1351}]",9.713,"2025-08-04T08:07:46.912812Z"
6188,"1","2025-08-04T08:07:59.521872Z",15758,"https://iiif.irht.cnrs.fr/iiif/ark:/63955/vy1qht0lytd6/full/1200,/0/default.jpg","[{""x"":0.030000000000002216,""y"":47.10500000000001,""width"":92.52058232931725,""height"":49.961325301204795,""rotation"":0,""rectanglelabels"":[""AI""],""original_width"":1200,""original_height"":1439},{""x"":0.10499999999999396,""y"":2.3814457831325297,""width"":92.08819277108434,""height"":44.83855421686747,""rotation"":0,""rectanglelabels"":[""AF""],""original_width"":1200,""original_height"":1439}]",11.256,"2025-08-04T08:07:59.521872Z"
6189,"1","2025-08-04T08:08:12.315163Z",15759,"https://iiif.irht.cnrs.fr/iiif/ark:/63955/vgxrimul7d5u/full/1200,/0/default.jpg","[{""x"":10.449999999999998,""y"":2.9000000000000026,""width"":89.46,""height"":61.44,""rotation"":0,""rectanglelabels"":[""AF""],""original_width"":1200,""original_height"":1351},{""x"":10.385622489959836,""y"":64.26499999999996,""width"":89.51937751004034,""height"":32.78566265060248,""rotation"":0,""rectanglelabels"":[""AI""],""original_width"":1200,""original_height"":1351}]",6.268,"2025-08-04T08:08:12.315163Z"
16094,"1","2025-08-06T09:40:40.572042Z",15760,"https://iiif.irht.cnrs.fr/iiif/ark:/63955/vhso8afafw8g/full/1200,/0/default.jpg","[{""rotation"":0,""x"":0.014999999999998348,""y"":1.9799999999999984,""width"":99.87,""height"":62.92,""rectanglelabels"":[""AF""],""original_width"":4056.0,""original_height"":4865.0},{""rotation"":0,""x"":0.0,""y"":64.75999999999999,""width"":99.9,""height"":34.48,""rectanglelabels"":[""AI""],""original_width"":4056.0,""original_height"":4865.0}]","","2025-08-06T09:40:40.572042Z"
16095,"1","2025-08-06T09:40:40.572042Z",15761,"https://iiif.irht.cnrs.fr/iiif/ark:/63955/vmqanb8hoeym/full/1200,/0/default.jpg","[{""rotation"":0,""x"":0.0,""y"":3.019999999999995,""width"":99.92,""height"":96.26,""rectanglelabels"":[""AM""],""original_width"":4347.0,""original_height"":4893.0}]","","2025-08-06T09:40:40.572042Z"
16096,"1","2025-08-06T09:40:40.572042Z",15762,"https://iiif.irht.cnrs.fr/iiif/ark:/63955/v6h902gd8au0/full/1200,/0/default.jpg","[{""rotation"":0,""x"":-0.004999999999999449,""y"":2.1749999999999936,""width"":99.91,""height"":97.33000000000001,""rectanglelabels"":[""AM""],""original_width"":4056.0,""original_height"":4865.0}]","","2025-08-06T09:40:40.572042Z"
16097,"1","2025-08-06T09:40:40.572042Z",15763,"https://iiif.irht.cnrs.fr/iiif/ark:/63955/vozaomin8urf/full/1200,/0/default.jpg","[{""rotation"":0,""x"":0.0,""y"":3.025,""width"":93.44,""height"":96.13000000000001,""rectanglelabels"":[""AI""],""original_width"":4256.0,""original_height"":4965.0}]","","2025-08-06T09:40:40.572042Z"
6190,"1","2025-08-04T08:08:44.415831Z",15764,"https://iiif.irht.cnrs.fr/iiif/ark:/63955/vy3addpam6xc/full/1200,/0/default.jpg","[{""x"":11.562811244979917,""y"":3.0299999999999994,""width"":88.34718875502006,""height"":40.859999999999985,""rotation"":0,""rectanglelabels"":[""AF""],""original_width"":1200,""original_height"":1342},{""x"":11.619999999999997,""y"":43.92,""width"":88.32,""height"":54.279999999999994,""rotation"":0,""rectanglelabels"":[""AC""],""original_width"":1200,""original_height"":1342}]",5.744,"2025-08-04T08:08:44.415831Z"
16098,"1","2025-08-06T09:40:40.573045Z",15765,"https://iiif.irht.cnrs.fr/iiif/ark:/63955/vglno2b31y9i/full/1200,/0/default.jpg","[{""rotation"":0,""x"":0.05999999999999894,""y"":66.53999999999999,""width"":99.9,""height"":32.48,""rectanglelabels"":[""AI""],""original_width"":4056.0,""original_height"":4902.0},{""rotation"":0,""x"":0.10999999999999899,""y"":0.934999999999997,""width"":99.82,""height"":65.61,""rectanglelabels"":[""AC""],""original_width"":4056.0,""original_height"":4902.0}]","","2025-08-06T09:40:40.573045Z"
6191,"1","2025-08-04T08:09:13.837044Z",15766,"https://iiif.irht.cnrs.fr/iiif/ark:/63955/v7aknnsxiswl/full/1200,/0/default.jpg","[{""x"":3.086084337349402,""y"":71.84499999999998,""width"":96.76891566265068,""height"":26.130000000000003,""rotation"":0,""rectanglelabels"":[""AI""],""original_width"":1200,""original_height"":1342},{""x"":3.1649999999999956,""y"":2.1400000000000032,""width"":96.75,""height"":69.98,""rotation"":0,""rectanglelabels"":[""AF""],""original_width"":1200,""original_height"":1342}]",5.184,"2025-08-04T08:09:13.837044Z"
16099,"1","2025-08-06T09:40:40.573045Z",15767,"https://iiif.irht.cnrs.fr/iiif/ark:/63955/v3ayskkzhxf2/full/1200,/0/default.jpg","[{""rotation"":0,""x"":0.06499999999999839,""y"":61.975,""width"":99.92999999999999,""height"":37.330000000000005,""rectanglelabels"":[""AI""],""original_width"":4056.0,""original_height"":4902.0},{""rotation"":0,""x"":0.13999999999999568,""y"":1.4600000000000002,""width"":99.76,""height"":60.760000000000005,""rectanglelabels"":[""AF""],""original_width"":4056.0,""original_height"":4902.0}]","","2025-08-06T09:40:40.573045Z"
16100,"1","2025-08-06T09:40:40.573045Z",15768,"https://iiif.irht.cnrs.fr/iiif/ark:/63955/vk45w86uho1r/full/1200,/0/default.jpg","[{""rotation"":0,""x"":14.915000000000006,""y"":2.650000000000002,""width"":85.03,""height"":96.22,""rectanglelabels"":[""AM""],""original_width"":4374.0,""original_height"":4893.0}]","","2025-08-06T09:40:40.573045Z"
16101,"1","2025-08-06T09:40:40.575050Z",15769,"https://iiif.irht.cnrs.fr/iiif/ark:/63955/v9pf2nxvjjyt/full/1200,/0/default.jpg","[{""rotation"":0,""x"":0.08000000000000229,""y"":1.5749999999999986,""width"":99.82,""height"":98.11,""rectanglelabels"":[""AM""],""original_width"":4056.0,""original_height"":4902.0}]","","2025-08-06T09:40:40.575050Z"
6192,"1","2025-08-04T08:09:49.309652Z",15770,"https://iiif.irht.cnrs.fr/iiif/ark:/63955/vhre2qwz6yka/full/1200,/0/default.jpg","[{""x"":16.133634538152606,""y"":3.9653012048192813,""width"":83.78136546184741,""height"":74.16987951807229,""rotation"":0,""rectanglelabels"":[""AF""],""original_width"":1200,""original_height"":1342}]",6.838,"2025-08-04T08:09:49.309652Z"
16102,"1","2025-08-06T09:40:40.575050Z",15771,"https://iiif.irht.cnrs.fr/iiif/ark:/63955/v4hiab0zds93/full/1200,/0/default.jpg","[{""rotation"":0,""x"":0.050000000000000044,""y"":57.69,""width"":99.74,""height"":41.92,""rectanglelabels"":[""AI""],""original_width"":4056.0,""original_height"":4902.0},{""rotation"":0,""x"":0.11999999999999789,""y"":1.7950000000000021,""width"":99.8,""height"":55.769999999999996,""rectanglelabels"":[""AC""],""original_width"":4056.0,""original_height"":4902.0}]","","2025-08-06T09:40:40.575050Z"
16103,"1","2025-08-06T09:40:40.575050Z",15772,"https://iiif.irht.cnrs.fr/iiif/ark:/63955/v8bq56ao446w/full/1200,/0/default.jpg","[{""rotation"":0,""x"":16.33,""y"":2.5650000000000004,""width"":83.62,""height"":96.43,""rectanglelabels"":[""AM""],""original_width"":4374.0,""original_height"":4893.0}]","","2025-08-06T09:40:40.575050Z"
16104,"1","2025-08-06T09:40:40.575050Z",15773,"https://iiif.irht.cnrs.fr/iiif/ark:/63955/vi9me9sdu3hb/full/1200,/0/default.jpg","[{""rotation"":0,""x"":0.05999999999999894,""y"":37.075,""width"":98.34,""height"":62.55,""rectanglelabels"":[""AC""],""original_width"":4056.0,""original_height"":4902.0},{""rotation"":0,""x"":0.23999999999999577,""y"":1.0550000000000004,""width"":99.76,""height"":36.19,""rectanglelabels"":[""AF""],""original_width"":4056.0,""original_height"":4902.0}]","","2025-08-06T09:40:40.575050Z"
16105,"1","2025-08-06T09:40:40.575050Z",15774,"https://iiif.irht.cnrs.fr/iiif/ark:/63955/v0hibtqrho71/full/1200,/0/default.jpg","[{""rotation"":0,""x"":0.045000000000000595,""y"":1.2299999999999978,""width"":99.79,""height"":55.94,""rectanglelabels"":[""AF""],""original_width"":4038.0,""original_height"":4965.0},{""rotation"":0,""x"":0.0,""y"":57.03,""width"":99.82,""height"":42.82,""rectanglelabels"":[""AI""],""original_width"":4038.0,""original_height"":4965.0}]","","2025-08-06T09:40:40.575050Z"
16106,"1","2025-08-06T09:40:40.575050Z",15775,"https://iiif.irht.cnrs.fr/iiif/ark:/63955/vlsnms1f14nd/full/1200,/0/default.jpg","[{""rotation"":0,""x"":0.49000000000000155,""y"":2.314999999999995,""width"":99.42,""height"":69.31,""rectanglelabels"":[""AC""],""original_width"":4374.0,""original_height"":4893.0},{""rotation"":0,""x"":0.4049999999999998,""y"":71.34,""width"":99.41,""height"":26.400000000000002,""rectanglelabels"":[""AI""],""original_width"":4374.0,""original_height"":4893.0}]","","2025-08-06T09:40:40.575050Z"
16107,"1","2025-08-06T09:40:40.575050Z",15776,"https://iiif.irht.cnrs.fr/iiif/ark:/63955/vvtk5ipaplsy/full/1200,/0/default.jpg","[{""rotation"":0,""x"":0.12999999999999678,""y"":0.824999999999998,""width"":99.8,""height"":98.77,""rectanglelabels"":[""AF""],""original_width"":4056.0,""original_height"":4902.0}]","","2025-08-06T09:40:40.575050Z"
6193,"1","2025-08-04T08:11:59.044644Z",15777,"https://iiif.irht.cnrs.fr/iiif/ark:/63955/v778zk231eou/full/1200,/0/default.jpg","[{""x"":3.903473895582325,""y"":2.7878915662650607,""width"":96.0415261044177,""height"":56.90710843373491,""rotation"":0,""rectanglelabels"":[""AC""],""original_width"":1200,""original_height"":1342},{""x"":4.019999999999989,""y"":59.705963855421686,""width"":95.97999999999999,""height"":38.17,""rotation"":0,""rectanglelabels"":[""AI""],""original_width"":1200,""original_height"":1342}]",8.572,"2025-08-04T08:11:59.044644Z"
6194,"1","2025-08-04T08:12:07.415348Z",15778,"https://iiif.irht.cnrs.fr/iiif/ark:/63955/v1bm3qo8e137/full/1200,/0/default.jpg","[{""x"":0.21999999999999797,""y"":1.1700000000000017,""width"":99.78,""height"":37.86,""rotation"":0,""rectanglelabels"":[""AF""],""original_width"":1200,""original_height"":1450},{""x"":0.03500000000000332,""y"":39.02144578313251,""width"":99.96499999999999,""height"":60.97855421686745,""rotation"":0,""rectanglelabels"":[""AI""],""original_width"":1200,""original_height"":1450}]",5.621,"2025-08-04T08:12:07.415348Z"
6195,"1","2025-08-04T08:12:21.482481Z",15779,"https://iiif.irht.cnrs.fr/iiif/ark:/63955/vm9pbjewcd3j/full/1200,/0/default.jpg","[{""x"":11.277469879518103,""y"":73.45144578313246,""width"":88.72253012048189,""height"":24.28000000000009,""rotation"":0,""rectanglelabels"":[""AI""],""original_width"":1200,""original_height"":1342},{""x"":11.35833333333333,""y"":3.886265060240964,""width"":88.48666666666666,""height"":27.873734939758982,""rotation"":0,""rectanglelabels"":[""AF""],""original_width"":1200,""original_height"":1342},{""x"":11.264999999999997,""y"":31.77,""width"":88.64999999999999,""height"":41.660000000000004,""rotation"":0,""rectanglelabels"":[""AC""],""original_width"":1200,""original_height"":1342}]",12.297,"2025-08-04T08:12:21.482481Z"
16108,"1","2025-08-06T09:40:40.575050Z",15780,"https://iiif.irht.cnrs.fr/iiif/ark:/63955/vl33o652v047/full/1200,/0/default.jpg","[{""rotation"":0,""x"":0.050000000000000044,""y"":50.550000000000004,""width"":99.68,""height"":48.08,""rectanglelabels"":[""AI""],""original_width"":4056.0,""original_height"":4902.0},{""rotation"":0,""x"":0.21999999999999797,""y"":1.100000000000001,""width"":99.78,""height"":49.519999999999996,""rectanglelabels"":[""AF""],""original_width"":4056.0,""original_height"":4902.0}]","","2025-08-06T09:40:40.575050Z"
16109,"1","2025-08-06T09:40:40.575050Z",15781,"https://iiif.irht.cnrs.fr/iiif/ark:/63955/vn7ybfcdjjzt/full/1200,/0/default.jpg","[{""rotation"":0,""x"":16.45,""y"":24.89,""width"":83.44,""height"":73.78,""rectanglelabels"":[""AC""],""original_width"":4374.0,""original_height"":4893.0},{""rotation"":0,""x"":0.3249999999999975,""y"":1.5600000000000003,""width"":99.57000000000001,""height"":23.34,""rectanglelabels"":[""AF""],""original_width"":4374.0,""original_height"":4893.0}]","","2025-08-06T09:40:40.575050Z"
6196,"1","2025-08-04T08:12:38.773732Z",15782,"https://iiif.irht.cnrs.fr/iiif/ark:/63955/v9bdn7p1b8mf/full/1200,/0/default.jpg","[{""x"":0.14000000000000679,""y"":1.1550000000000011,""width"":99.83999999999997,""height"":56.17337349397592,""rotation"":0,""rectanglelabels"":[""AC""],""original_width"":1200,""original_height"":1450},{""x"":0.15499999999999403,""y"":57.26,""width"":99.79,""height"":41.160000000000004,""rotation"":0,""rectanglelabels"":[""AI""],""original_width"":1200,""original_height"":1450}]",4.334,"2025-08-04T08:12:38.773732Z"
16110,"1","2025-08-06T09:40:40.575050Z",15783,"https://iiif.irht.cnrs.fr/iiif/ark:/63955/vcblidhihp5p/full/1200,/0/default.jpg","[{""rotation"":0,""x"":15.68,""y"":2.5099999999999953,""width"":84.22,""height"":96.88,""rectanglelabels"":[""AF""],""original_width"":4374.0,""original_height"":4893.0}]","","2025-08-06T09:40:40.575050Z"
16111,"1","2025-08-06T09:40:40.575050Z",15784,"https://iiif.irht.cnrs.fr/iiif/ark:/63955/vnh50vokvit6/full/1200,/0/default.jpg","[{""rotation"":0,""x"":0.10499999999999399,""y"":71.50999999999999,""width"":99.89,""height"":27.02,""rectanglelabels"":[""AI""],""original_width"":4056.0,""original_height"":4902.0},{""rotation"":0,""x"":0.19500000000000073,""y"":1.1699999999999988,""width"":99.81,""height"":70.44,""rectanglelabels"":[""AC""],""original_width"":4056.0,""original_height"":4902.0}]","","2025-08-06T09:40:40.575050Z"
16112,"1","2025-08-06T09:40:40.575050Z",15785,"https://iiif.irht.cnrs.fr/iiif/ark:/63955/vqz4g2obln0l/full/1200,/0/default.jpg","[{""rotation"":0,""x"":0.004999999999999449,""y"":2.905000000000002,""width"":91.89,""height"":96.41,""rectanglelabels"":[""AM""],""original_width"":4256.0,""original_height"":4965.0}]","","2025-08-06T09:40:40.575050Z"
6197,"1","2025-08-04T08:12:57.284158Z",15786,"https://iiif.irht.cnrs.fr/iiif/ark:/63955/vvhdkiot546g/full/1200,/0/default.jpg","[{""x"":17.33399598393574,""y"":4.347710843373496,""width"":82.57100401606425,""height"":78.10481927710842,""rotation"":0,""rectanglelabels"":[""AF""],""original_width"":1200,""original_height"":1342}]",4.369,"2025-08-04T08:12:57.284158Z"
16113,"1","2025-08-06T09:40:40.575050Z",15787,"https://iiif.irht.cnrs.fr/iiif/ark:/63955/vpou77bwd1ku/full/1200,/0/default.jpg","[{""rotation"":0,""x"":0.040000000000001146,""y"":2.200000000000002,""width"":99.74,""height"":96.82,""rectanglelabels"":[""AI""],""original_width"":4056.0,""original_height"":4902.0}]","","2025-08-06T09:40:40.575050Z"
6198,"1","2025-08-04T08:13:14.428356Z",15788,"https://iiif.irht.cnrs.fr/iiif/ark:/63955/v6kqu5lcyr8g/full/1200,/0/default.jpg","[{""x"":9.296987951807226,""y"":4.0636746987951815,""width"":90.58301204819281,""height"":59.42132530120481,""rotation"":0,""rectanglelabels"":[""AF""],""original_width"":1200,""original_height"":1342},{""x"":9.454999999999997,""y"":63.449999999999996,""width"":90.41,""height"":34.2,""rotation"":0,""rectanglelabels"":[""AI""],""original_width"":1200,""original_height"":1342}]",9.505,"2025-08-04T08:13:14.428356Z"
16114,"1","2025-08-06T09:40:40.575050Z",15789,"https://iiif.irht.cnrs.fr/iiif/ark:/63955/v5szum4yskoh/full/1200,/0/default.jpg","[{""rotation"":0,""x"":0.02000000000000335,""y"":64.035,""width"":98.61999999999999,""height"":34.71,""rectanglelabels"":[""AI""],""original_width"":4056.0,""original_height"":4902.0},{""rotation"":0,""x"":0.27499999999999747,""y"":0.6500000000000006,""width"":99.72999999999999,""height"":63.239999999999995,""rectanglelabels"":[""AF""],""original_width"":4056.0,""original_height"":4902.0}]","","2025-08-06T09:40:40.575050Z"
16115,"1","2025-08-06T09:40:40.575050Z",15790,"https://iiif.irht.cnrs.fr/iiif/ark:/63955/vewpqt2rdxyy/full/1200,/0/default.jpg","[{""rotation"":0,""x"":13.915000000000004,""y"":1.909999999999995,""width"":86.00999999999999,""height"":65.78,""rectanglelabels"":[""AF""],""original_width"":4374.0,""original_height"":4893.0},{""rotation"":0,""x"":5.074999999999996,""y"":67.695,""width"":94.77,""height"":30.03,""rectanglelabels"":[""AI""],""original_width"":4374.0,""original_height"":4893.0}]","","2025-08-06T09:40:40.575050Z"
16116,"1","2025-08-06T09:40:40.575050Z",15791,"https://iiif.irht.cnrs.fr/iiif/ark:/63955/vnt39621ei67/full/1200,/0/default.jpg","[{""rotation"":0,""x"":0.09500000000000064,""y"":53.83499999999999,""width"":99.63,""height"":45.25,""rectanglelabels"":[""AI""],""original_width"":4056.0,""original_height"":4902.0},{""rotation"":0,""x"":0.2999999999999947,""y"":1.689999999999997,""width"":99.7,""height"":51.800000000000004,""rectanglelabels"":[""AF""],""original_width"":4056.0,""original_height"":4902.0}]","","2025-08-06T09:40:40.575050Z"
6199,"1","2025-08-04T08:13:31.962819Z",15792,"https://iiif.irht.cnrs.fr/iiif/ark:/63955/vh1tmzm7o4mk/full/1200,/0/default.jpg","[{""x"":16.09499999999999,""y"":26.935000000000002,""width"":83.83,""height"":72.49,""rotation"":0,""rectanglelabels"":[""AC""],""original_width"":1200,""original_height"":1342},{""x"":15.726285140562247,""y"":3.2453012048192766,""width"":84.16871485943778,""height"":23.83469879518075,""rotation"":0,""rectanglelabels"":[""AF""],""original_width"":1200,""original_height"":1342}]",6.575,"2025-08-04T08:13:31.962819Z"
6200,"1","2025-08-04T08:13:46.334465Z",15793,"https://iiif.irht.cnrs.fr/iiif/ark:/63955/vtddv4rt3qgw/full/1200,/0/default.jpg","[{""x"":0.13499999999999623,""y"":2.0600000000000063,""width"":99.83,""height"":97.82,""rotation"":0,""rectanglelabels"":[""AI""],""original_width"":1200,""original_height"":1450}]",4.192,"2025-08-04T08:13:46.334465Z"
6201,"1","2025-08-04T08:13:58.472167Z",15794,"https://iiif.irht.cnrs.fr/iiif/ark:/63955/vuq2wrgfynxz/full/1200,/0/default.jpg","[{""x"":18.646586345381547,""y"":4.096385542168668,""width"":81.35341365461841,""height"":66.15421686746987,""rotation"":0,""rectanglelabels"":[""AF""],""original_width"":1200,""original_height"":1342}]",7.939,"2025-08-04T08:13:58.472167Z"
6202,"1","2025-08-04T08:14:04.860863Z",15795,"https://iiif.irht.cnrs.fr/iiif/ark:/63955/vhjz3qn8c81p/full/1200,/0/default.jpg","[{""x"":0.14558232931726905,""y"":3.5441566265060294,""width"":91.88879518072292,""height"":93.91168674698795,""rotation"":0,""rectanglelabels"":[""AC""],""original_width"":1200,""original_height"":1450}]",5.006,"2025-08-04T08:14:04.860863Z"
16117,"1","2025-08-06T09:40:40.575050Z",15796,"https://iiif.irht.cnrs.fr/iiif/ark:/63955/vxo7fbfa3vbk/full/1200,/0/default.jpg","[{""rotation"":0,""x"":0.11000000000000454,""y"":0.7599999999999996,""width"":99.74,""height"":98.92,""rectanglelabels"":[""AM""],""original_width"":4038.0,""original_height"":4965.0}]","","2025-08-06T09:40:40.575050Z"
16118,"1","2025-08-06T09:40:40.575050Z",15797,"https://iiif.irht.cnrs.fr/iiif/ark:/63955/vlxudqx37uxx/full/1200,/0/default.jpg","[{""rotation"":0,""x"":15.674999999999994,""y"":2.915000000000001,""width"":84.27,""height"":96.57,""rectanglelabels"":[""AC""],""original_width"":4374.0,""original_height"":4893.0}]","","2025-08-06T09:40:40.575050Z"
16119,"1","2025-08-06T09:40:40.575050Z",15798,"https://iiif.irht.cnrs.fr/iiif/ark:/63955/vwuoc9n06mhq/full/1200,/0/default.jpg","[{""rotation"":0,""x"":0.10499999999999399,""y"":68.28,""width"":99.87,""height"":30.7,""rectanglelabels"":[""AI""],""original_width"":4056.0,""original_height"":4902.0},{""rotation"":0,""x"":0.16500000000000403,""y"":0.6150000000000044,""width"":99.83,""height"":67.69,""rectanglelabels"":[""AC""],""original_width"":4056.0,""original_height"":4902.0}]","","2025-08-06T09:40:40.575050Z"
16120,"1","2025-08-06T09:40:40.575050Z",15799,"https://iiif.irht.cnrs.fr/iiif/ark:/63955/vllg9tthuj2r/full/1200,/0/default.jpg","[{""rotation"":0,""x"":2.7150000000000007,""y"":1.9400000000000028,""width"":97.19,""height"":64.36,""rectanglelabels"":[""AF""],""original_width"":4374.0,""original_height"":4893.0},{""rotation"":0,""x"":0.0,""y"":66.16499999999999,""width"":99.86,""height"":31.209999999999997,""rectanglelabels"":[""AI""],""original_width"":4374.0,""original_height"":4893.0}]","","2025-08-06T09:40:40.575050Z"
16121,"1","2025-08-06T09:40:40.575050Z",15800,"https://iiif.irht.cnrs.fr/iiif/ark:/63955/vegicjp6hn2b/full/1200,/0/default.jpg","[{""rotation"":0,""x"":0.31500000000000417,""y"":0.7400000000000018,""width"":99.69,""height"":60.980000000000004,""rectanglelabels"":[""AF""],""original_width"":4056.0,""original_height"":4902.0},{""rotation"":0,""x"":0.019999999999997797,""y"":61.625,""width"":99.8,""height"":37.49,""rectanglelabels"":[""AI""],""original_width"":4056.0,""original_height"":4902.0}]","","2025-08-06T09:40:40.575050Z"
16122,"1","2025-08-06T09:40:40.575050Z",15801,"https://iiif.irht.cnrs.fr/iiif/ark:/63955/vbflyfslwi6h/full/1200,/0/default.jpg","[{""rotation"":0,""x"":15.500000000000004,""y"":36.584999999999994,""width"":84.44,""height"":62.57,""rectanglelabels"":[""AI""],""original_width"":4374.0,""original_height"":4893.0},{""rotation"":0,""x"":11.584999999999996,""y"":1.6250000000000013,""width"":88.37,""height"":34.949999999999996,""rectanglelabels"":[""AF""],""original_width"":4374.0,""original_height"":4893.0}]","","2025-08-06T09:40:40.575050Z"
16123,"1","2025-08-06T09:40:40.575050Z",15802,"https://iiif.irht.cnrs.fr/iiif/ark:/63955/vzgatx5c0xrg/full/1200,/0/default.jpg","[{""rotation"":0,""x"":0.30499999999999416,""y"":0.39000000000000146,""width"":99.65,""height"":58.599999999999994,""rectanglelabels"":[""AF""],""original_width"":4056.0,""original_height"":4902.0},{""rotation"":0,""x"":0.07999999999999674,""y"":58.9,""width"":99.88,""height"":40.04,""rectanglelabels"":[""AI""],""original_width"":4056.0,""original_height"":4902.0}]","","2025-08-06T09:40:40.575050Z"
6203,"1","2025-08-04T08:14:44.187945Z",15803,"https://iiif.irht.cnrs.fr/iiif/ark:/63955/vf3059hsbt4q/full/1200,/0/default.jpg","[{""x"":17.820763052208864,""y"":4.118192771084342,""width"":82.17923694779114,""height"":76.63614457831322,""rotation"":0,""rectanglelabels"":[""AF""],""original_width"":1200,""original_height"":1340}]",7.255,"2025-08-04T08:14:44.187945Z"
16124,"1","2025-08-06T09:40:40.575050Z",15804,"https://iiif.irht.cnrs.fr/iiif/ark:/63955/vf358o2qvjqb/full/1200,/0/default.jpg","[{""rotation"":0,""x"":0.06500000000000394,""y"":0.5900000000000016,""width"":99.83,""height"":61.12,""rectanglelabels"":[""AC""],""original_width"":4028.0,""original_height"":4902.0},{""rotation"":0,""x"":0.14500000000000068,""y"":61.52000000000001,""width"":99.69,""height"":36.74,""rectanglelabels"":[""AI""],""original_width"":4028.0,""original_height"":4902.0}]","","2025-08-06T09:40:40.575050Z"
6204,"1","2025-08-04T08:15:01.207185Z",15805,"https://iiif.irht.cnrs.fr/iiif/ark:/63955/vuj90w9xnpdr/full/1200,/0/default.jpg","[{""x"":15.70281124497992,""y"":56.96500000000001,""width"":84.23718875502001,""height"":41.03144578313252,""rotation"":0,""rectanglelabels"":[""AI""],""original_width"":1200,""original_height"":1340},{""x"":15.880502008032133,""y"":3.192710843373494,""width"":84.01449799196786,""height"":53.80228915662655,""rotation"":0,""rectanglelabels"":[""AF""],""original_width"":1200,""original_height"":1340}]",9.932,"2025-08-04T08:15:01.207185Z"
16125,"1","2025-08-06T09:40:40.575050Z",15806,"https://iiif.irht.cnrs.fr/iiif/ark:/63955/vpi07bc1f3gi/full/1200,/0/default.jpg","[{""rotation"":0,""x"":0.15999999999999903,""y"":0.3500000000000003,""width"":99.58,""height"":99.06,""rectanglelabels"":[""AM""],""original_width"":4028.0,""original_height"":4902.0}]","","2025-08-06T09:40:40.575050Z"
16126,"1","2025-08-06T09:40:40.575050Z",15807,"https://iiif.irht.cnrs.fr/iiif/ark:/63955/vdmd4evtmwkl/full/1200,/0/default.jpg","[{""rotation"":0,""x"":0.0,""y"":2.5350000000000037,""width"":90.44,""height"":96.27,""rectanglelabels"":[""AM""],""original_width"":4256.0,""original_height"":4965.0}]","","2025-08-06T09:40:40.575050Z"
16127,"1","2025-08-06T09:40:40.575050Z",15808,"https://iiif.irht.cnrs.fr/iiif/ark:/63955/v8o7bf3v6eqq/full/1200,/0/default.jpg","[{""rotation"":0,""x"":16.054999999999996,""y"":1.8950000000000022,""width"":83.91,""height"":97.59,""rectanglelabels"":[""AM""],""original_width"":4383.0,""original_height"":4893.0}]","","2025-08-06T09:40:40.575050Z"
16128,"1","2025-08-06T09:40:40.575050Z",15809,"https://iiif.irht.cnrs.fr/iiif/ark:/63955/voqmxoam11ck/full/1200,/0/default.jpg","[{""rotation"":0,""x"":0.11499999999999844,""y"":38.46,""width"":99.57000000000001,""height"":60.980000000000004,""rectanglelabels"":[""AI""],""original_width"":4028.0,""original_height"":4902.0},{""rotation"":0,""x"":0.11499999999999844,""y"":0.4499999999999976,""width"":99.79,""height"":37.980000000000004,""rectanglelabels"":[""AF""],""original_width"":4028.0,""original_height"":4902.0}]","","2025-08-06T09:40:40.575050Z"
16129,"1","2025-08-06T09:40:40.575050Z",15810,"https://iiif.irht.cnrs.fr/iiif/ark:/63955/v2jvelbh2uqq/full/1200,/0/default.jpg","[{""rotation"":0,""x"":15.78,""y"":1.5349999999999975,""width"":84.16,""height"":97.97,""rectanglelabels"":[""AF""],""original_width"":4383.0,""original_height"":4893.0}]","","2025-08-06T09:40:40.575050Z"
16130,"1","2025-08-06T09:40:40.575050Z",15811,"https://iiif.irht.cnrs.fr/iiif/ark:/63955/v1164xcjn27d/full/1200,/0/default.jpg","[{""rotation"":0,""x"":0.13000000000000234,""y"":0.4349999999999965,""width"":99.64,""height"":99.22999999999999,""rectanglelabels"":[""AC""],""original_width"":4028.0,""original_height"":4902.0}]","","2025-08-06T09:40:40.575050Z"
16131,"1","2025-08-06T09:40:40.575050Z",15812,"https://iiif.irht.cnrs.fr/iiif/ark:/63955/vp520r314o3n/full/1200,/0/default.jpg","[{""rotation"":0,""x"":15.834999999999994,""y"":2.6949999999999976,""width"":84.13000000000001,""height"":96.69,""rectanglelabels"":[""AI""],""original_width"":4383.0,""original_height"":4893.0}]","","2025-08-06T09:40:40.575050Z"
16132,"1","2025-08-06T09:40:40.575050Z",15813,"https://iiif.irht.cnrs.fr/iiif/ark:/63955/vki9vzbpq2rr/full/1200,/0/default.jpg","[{""rotation"":0,""x"":0.10999999999999899,""y"":0.5700000000000038,""width"":99.6,""height"":98.61999999999999,""rectanglelabels"":[""AM""],""original_width"":4028.0,""original_height"":4902.0}]","","2025-08-06T09:40:40.575050Z"
16133,"1","2025-08-06T09:40:40.575050Z",15814,"https://iiif.irht.cnrs.fr/iiif/ark:/63955/v8wplgcooqdt/full/1200,/0/default.jpg","[{""rotation"":0,""x"":15.950000000000003,""y"":2.4349999999999983,""width"":84.0,""height"":97.00999999999999,""rectanglelabels"":[""AM""],""original_width"":4383.0,""original_height"":4893.0}]","","2025-08-06T09:40:40.575050Z"
16134,"1","2025-08-06T09:40:40.575050Z",15815,"https://iiif.irht.cnrs.fr/iiif/ark:/63955/vsekwfpkjc41/full/1200,/0/default.jpg","[{""rotation"":0,""x"":0.10000000000000009,""y"":0.44500000000000095,""width"":99.6,""height"":99.13,""rectanglelabels"":[""AM""],""original_width"":4028.0,""original_height"":4902.0}]","","2025-08-06T09:40:40.575050Z"
16135,"1","2025-08-06T09:40:40.575050Z",15816,"https://iiif.irht.cnrs.fr/iiif/ark:/63955/vm01xprzhj8d/full/1200,/0/default.jpg","[{""rotation"":0,""x"":15.949999999999998,""y"":2.5249999999999995,""width"":84.04,""height"":96.61,""rectanglelabels"":[""AM""],""original_width"":4383.0,""original_height"":4893.0}]","","2025-08-06T09:40:40.575050Z"
16136,"1","2025-08-06T09:40:40.575050Z",15817,"https://iiif.irht.cnrs.fr/iiif/ark:/63955/v8tulhibvb39/full/1200,/0/default.jpg","[{""rotation"":0,""x"":0.15000000000000013,""y"":0.3500000000000003,""width"":99.7,""height"":35.099999999999994,""rectanglelabels"":[""AF""],""original_width"":4028.0,""original_height"":4902.0},{""rotation"":0,""x"":0.030000000000002247,""y"":35.525,""width"":98.8,""height"":63.51,""rectanglelabels"":[""AC""],""original_width"":4028.0,""original_height"":4902.0}]","","2025-08-06T09:40:40.575050Z"
16137,"1","2025-08-06T09:40:40.575050Z",15818,"https://iiif.irht.cnrs.fr/iiif/ark:/63955/v10npc9dcua0/full/1200,/0/default.jpg","[{""rotation"":0,""x"":0.0,""y"":2.2799999999999985,""width"":99.83999999999999,""height"":97.46000000000001,""rectanglelabels"":[""AM""],""original_width"":4038.0,""original_height"":4965.0}]","","2025-08-06T09:40:40.575050Z"
16138,"1","2025-08-06T09:40:40.575050Z",15819,"https://iiif.irht.cnrs.fr/iiif/ark:/63955/vwzplk9yobko/full/1200,/0/default.jpg","[{""rotation"":0,""x"":16.175,""y"":66.9,""width"":83.75,""height"":30.680000000000003,""rectanglelabels"":[""AI""],""original_width"":4383.0,""original_height"":4893.0},{""rotation"":0,""x"":16.059999999999995,""y"":1.2900000000000023,""width"":83.88,""height"":65.72,""rectanglelabels"":[""AC""],""original_width"":4383.0,""original_height"":4893.0}]","","2025-08-06T09:40:40.575050Z"
16139,"1","2025-08-06T09:40:40.575050Z",15820,"https://iiif.irht.cnrs.fr/iiif/ark:/63955/vche4hwnpawi/full/1200,/0/default.jpg","[{""rotation"":0,""x"":0.13499999999999623,""y"":1.0450000000000015,""width"":99.67,""height"":98.47,""rectanglelabels"":[""AF""],""original_width"":4028.0,""original_height"":4902.0}]","","2025-08-06T09:40:40.575050Z"
6205,"1","2025-08-04T08:27:08.996398Z",15821,"https://iiif.irht.cnrs.fr/iiif/ark:/63955/v4h0mswxw5uv/full/1200,/0/default.jpg","[{""x"":18.132610441767063,""y"":3.8319277108433676,""width"":81.8473895582329,""height"":78.66915662650602,""rotation"":0,""rectanglelabels"":[""AC""],""original_width"":1200,""original_height"":1340}]",7.208,"2025-08-04T08:27:08.996398Z"
16140,"1","2025-08-06T09:40:40.575050Z",15822,"https://iiif.irht.cnrs.fr/iiif/ark:/63955/vvgf4e4fztrh/full/1200,/0/default.jpg","[{""rotation"":0,""x"":0.0,""y"":0.0,""width"":100.0,""height"":100.0,""rectanglelabels"":[""NIA""],""original_width"":2048.0,""original_height"":2048.0}]","","2025-08-06T09:40:40.575050Z"
16141,"1","2025-08-06T09:40:40.575050Z",15823,"https://iiif.irht.cnrs.fr/iiif/ark:/63955/v8wy5jofg6jy/full/1200,/0/default.jpg","[{""rotation"":0,""x"":0.0,""y"":0.0,""width"":100.0,""height"":100.0,""rectanglelabels"":[""NIA""],""original_width"":2048.0,""original_height"":2048.0}]","","2025-08-06T09:40:40.575050Z"
16142,"1","2025-08-06T09:40:40.575050Z",15824,"https://iiif.irht.cnrs.fr/iiif/ark:/63955/v2qch1fdczry/full/1200,/0/default.jpg","[{""rotation"":0,""x"":0.0,""y"":2.3450000000000024,""width"":91.03999999999999,""height"":96.83,""rectanglelabels"":[""AM""],""original_width"":4256.0,""original_height"":4965.0}]","","2025-08-06T09:40:40.575050Z"
6206,"1","2025-08-04T08:27:19.639911Z",15825,"https://iiif.irht.cnrs.fr/iiif/ark:/63955/vdvd8pz59k69/full/1200,/0/default.jpg","[{""x"":0,""y"":0.7250000000000006,""width"":99.86,""height"":26.529999999999998,""rotation"":0,""rectanglelabels"":[""AF""],""original_width"":1200,""original_height"":1475},{""x"":0,""y"":27.217409638554212,""width"":99.82,""height"":72.77,""rotation"":0,""rectanglelabels"":[""AI""],""original_width"":1200,""original_height"":1475}]",3.869,"2025-08-04T08:27:19.639911Z"
16143,"1","2025-08-06T09:40:40.575050Z",15826,"https://iiif.irht.cnrs.fr/iiif/ark:/63955/v8wli9ydkyfb/full/1200,/0/default.jpg","[{""rotation"":0,""x"":-0.004999999999999449,""y"":54.94,""width"":94.93,""height"":43.16,""rectanglelabels"":[""AI""],""original_width"":4256.0,""original_height"":4965.0},{""rotation"":0,""x"":-0.0050000000000050004,""y"":2.2650000000000006,""width"":91.49000000000001,""height"":52.849999999999994,""rectanglelabels"":[""AF""],""original_width"":4256.0,""original_height"":4965.0}]","","2025-08-06T09:40:40.575050Z"
16144,"1","2025-08-06T09:40:40.575050Z",15827,"https://iiif.irht.cnrs.fr/iiif/ark:/63955/vknnny0yfavf/full/1200,/0/default.jpg","[{""rotation"":0,""x"":7.934999999999998,""y"":1.8600000000000005,""width"":92.07,""height"":96.04,""rectanglelabels"":[""Table""],""original_width"":3956.0,""original_height"":4965.0}]","","2025-08-06T09:40:40.575050Z"
16145,"1","2025-08-06T09:40:40.575050Z",15828,"https://iiif.irht.cnrs.fr/iiif/ark:/63955/vbwdqapq1o4x/full/1200,/0/default.jpg","[{""rotation"":0,""x"":0.029999999999996696,""y"":1.2199999999999989,""width"":99.76,""height"":55.04,""rectanglelabels"":[""AF""],""original_width"":4038.0,""original_height"":4965.0},{""rotation"":0,""x"":0.05999999999999894,""y"":56.18,""width"":99.76,""height"":43.38,""rectanglelabels"":[""AI""],""original_width"":4038.0,""original_height"":4965.0}]","","2025-08-06T09:40:40.575050Z"
16146,"1","2025-08-06T09:40:40.575050Z",15829,"https://iiif.irht.cnrs.fr/iiif/ark:/63955/v1cm0iwlp5um/full/1200,/0/default.jpg","[{""rotation"":0,""x"":0.0,""y"":35.54,""width"":91.74,""height"":63.82,""rectanglelabels"":[""AC""],""original_width"":4256.0,""original_height"":4965.0},{""rotation"":0,""x"":0.0,""y"":2.6099999999999985,""width"":98.68,""height"":33.26,""rectanglelabels"":[""AF""],""original_width"":4256.0,""original_height"":4965.0}]","","2025-08-06T09:40:40.575050Z"
16147,"1","2025-08-06T09:40:40.577055Z",15830,"https://iiif.irht.cnrs.fr/iiif/ark:/63955/vrcwppho4sz1/full/1200,/0/default.jpg","[{""rotation"":0,""x"":0.050000000000000044,""y"":2.3550000000000013,""width"":99.8,""height"":97.47,""rectanglelabels"":[""AC""],""original_width"":4038.0,""original_height"":4965.0}]","","2025-08-06T09:40:40.577055Z"
16148,"1","2025-08-06T09:40:40.577055Z",15831,"https://iiif.irht.cnrs.fr/iiif/ark:/63955/v5qbvgdkkalx/full/1200,/0/default.jpg","[{""rotation"":0,""x"":0.0,""y"":3.9600000000000026,""width"":87.5,""height"":95.22,""rectanglelabels"":[""AI""],""original_width"":4319.0,""original_height"":4965.0}]","","2025-08-06T09:40:40.577055Z"
16149,"1","2025-08-06T09:40:40.577055Z",15832,"https://iiif.irht.cnrs.fr/iiif/ark:/63955/vxmgt75z2rre/full/1200,/0/default.jpg","[{""rotation"":0,""x"":0.0,""y"":2.9799999999999995,""width"":99.83999999999999,""height"":96.92,""rectanglelabels"":[""AM""],""original_width"":4038.0,""original_height"":4965.0}]","","2025-08-06T09:40:40.577055Z"
16150,"1","2025-08-06T09:40:40.577055Z",15833,"https://iiif.irht.cnrs.fr/iiif/ark:/63955/vnh4458x5a3v/full/1200,/0/default.jpg","[{""rotation"":0,""x"":0.004999999999999449,""y"":4.150000000000004,""width"":88.07000000000001,""height"":95.08,""rectanglelabels"":[""AM""],""original_width"":4319.0,""original_height"":4965.0}]","","2025-08-06T09:40:40.577055Z"
16151,"1","2025-08-06T09:40:40.577055Z",15834,"https://iiif.irht.cnrs.fr/iiif/ark:/63955/vmzczjxa4v8q/full/1200,/0/default.jpg","[{""rotation"":0,""x"":0.004999999999999449,""y"":2.4900000000000033,""width"":99.85000000000001,""height"":97.38,""rectanglelabels"":[""AM""],""original_width"":4038.0,""original_height"":4965.0}]","","2025-08-06T09:40:40.577055Z"
16152,"1","2025-08-06T09:40:40.577055Z",15835,"https://iiif.irht.cnrs.fr/iiif/ark:/63955/vb2yh109tfxa/full/1200,/0/default.jpg","[{""rotation"":0,""x"":-0.004999999999999449,""y"":3.804999999999997,""width"":90.95,""height"":95.07,""rectanglelabels"":[""AM""],""original_width"":4319.0,""original_height"":4965.0}]","","2025-08-06T09:40:40.577055Z"
16153,"1","2025-08-06T09:40:40.579061Z",15836,"https://iiif.irht.cnrs.fr/iiif/ark:/63955/vj2gs0l23hp2/full/1200,/0/default.jpg","[{""rotation"":0,""x"":0.045000000000000595,""y"":2.0299999999999985,""width"":99.79,""height"":97.78,""rectanglelabels"":[""AM""],""original_width"":4038.0,""original_height"":4965.0}]","","2025-08-06T09:40:40.579061Z"
16154,"1","2025-08-06T09:40:40.579061Z",15837,"https://iiif.irht.cnrs.fr/iiif/ark:/63955/vuolszqn7hz9/full/1200,/0/default.jpg","[{""rotation"":0,""x"":0.0,""y"":3.500000000000003,""width"":91.0,""height"":95.74000000000001,""rectanglelabels"":[""AM""],""original_width"":4319.0,""original_height"":4965.0}]","","2025-08-06T09:40:40.579061Z"
16155,"1","2025-08-06T09:40:40.579061Z",15838,"https://iiif.irht.cnrs.fr/iiif/ark:/63955/vqz82tc3uyp7/full/1200,/0/default.jpg","[{""rotation"":0,""x"":0.0,""y"":1.6600000000000004,""width"":100.0,""height"":98.1,""rectanglelabels"":[""Table""],""original_width"":4283.0,""original_height"":4965.0}]","","2025-08-06T09:40:40.579061Z"
16156,"1","2025-08-06T09:40:40.579061Z",15839,"https://iiif.irht.cnrs.fr/iiif/ark:/63955/vggbgq4wnffp/full/1200,/0/default.jpg","[{""rotation"":0,""x"":0.12499999999999734,""y"":2.575000000000005,""width"":99.77000000000001,""height"":97.19,""rectanglelabels"":[""AF""],""original_width"":4038.0,""original_height"":4965.0}]","","2025-08-06T09:40:40.579061Z"
16157,"1","2025-08-06T09:40:40.579061Z",15840,"https://iiif.irht.cnrs.fr/iiif/ark:/63955/vv8qhbtz0wto/full/1200,/0/default.jpg","[{""rotation"":0,""x"":0.004999999999999449,""y"":2.839999999999998,""width"":87.47,""height"":96.36,""rectanglelabels"":[""AI""],""original_width"":4319.0,""original_height"":4965.0}]","","2025-08-06T09:40:40.579061Z"
16158,"1","2025-08-06T09:40:40.579061Z",15841,"https://iiif.irht.cnrs.fr/iiif/ark:/63955/vilo89vp855p/full/1200,/0/default.jpg","[{""rotation"":0,""x"":0.040000000000001146,""y"":26.790000000000003,""width"":99.78,""height"":73.0,""rectanglelabels"":[""AC""],""original_width"":4038.0,""original_height"":4965.0},{""rotation"":0,""x"":0.13000000000000234,""y"":1.6700000000000021,""width"":99.74,""height"":25.22,""rectanglelabels"":[""AF""],""original_width"":4038.0,""original_height"":4965.0}]","","2025-08-06T09:40:40.579061Z"
16159,"1","2025-08-06T09:40:40.579061Z",15842,"https://iiif.irht.cnrs.fr/iiif/ark:/63955/vhmfmj31ytw7/full/1200,/0/default.jpg","[{""rotation"":0,""x"":0.0,""y"":3.125,""width"":87.88,""height"":95.41,""rectanglelabels"":[""AI""],""original_width"":4319.0,""original_height"":4965.0}]","","2025-08-06T09:40:40.579061Z"
16160,"1","2025-08-06T09:40:40.579061Z",15843,"https://iiif.irht.cnrs.fr/iiif/ark:/63955/vjeicdi977rt/full/1200,/0/default.jpg","[{""rotation"":0,""x"":0.18999999999999573,""y"":2.160000000000001,""width"":99.68,""height"":24.7,""rectanglelabels"":[""AF""],""original_width"":4038.0,""original_height"":4965.0},{""rotation"":0,""x"":0.015000000000003899,""y"":26.665,""width"":99.83,""height"":73.05,""rectanglelabels"":[""AI""],""original_width"":4038.0,""original_height"":4965.0}]","","2025-08-06T09:40:40.579061Z"
16161,"1","2025-08-06T09:40:40.579061Z",15844,"https://iiif.irht.cnrs.fr/iiif/ark:/63955/vvz2rpbxv0fi/full/1200,/0/default.jpg","[{""rotation"":0,""x"":0.0,""y"":1.6600000000000004,""width"":88.94,""height"":52.800000000000004,""rectanglelabels"":[""AF""],""original_width"":4319.0,""original_height"":4965.0},{""rotation"":0,""x"":-0.004999999999999449,""y"":54.125,""width"":93.51,""height"":43.269999999999996,""rectanglelabels"":[""AI""],""original_width"":4319.0,""original_height"":4965.0}]","","2025-08-06T09:40:40.579061Z"
16162,"1","2025-08-06T09:40:40.579061Z",15845,"https://iiif.irht.cnrs.fr/iiif/ark:/63955/vf11j20cz7vd/full/1200,/0/default.jpg","[{""rotation"":0,""x"":0.0,""y"":1.5649999999999997,""width"":99.8,""height"":54.11,""rectanglelabels"":[""AF""],""original_width"":4038.0,""original_height"":4965.0},{""rotation"":0,""x"":0.0,""y"":55.61000000000001,""width"":99.83999999999999,""height"":44.2,""rectanglelabels"":[""AI""],""original_width"":4038.0,""original_height"":4965.0}]","","2025-08-06T09:40:40.579061Z"
16163,"1","2025-08-06T09:40:40.579061Z",15846,"https://iiif.irht.cnrs.fr/iiif/ark:/63955/vq7q8gyg8rb7/full/1200,/0/default.jpg","[{""rotation"":0,""x"":0.004999999999999449,""y"":2.435000000000004,""width"":88.53,""height"":96.71,""rectanglelabels"":[""AF""],""original_width"":4319.0,""original_height"":4965.0}]","","2025-08-06T09:40:40.579061Z"
16164,"1","2025-08-06T09:40:40.579061Z",15847,"https://iiif.irht.cnrs.fr/iiif/ark:/63955/vt3x41s5gblh/full/1200,/0/default.jpg","[{""rotation"":0,""x"":0.019999999999997797,""y"":3.244999999999998,""width"":99.86,""height"":96.55,""rectanglelabels"":[""AC""],""original_width"":4038.0,""original_height"":4965.0}]","","2025-08-06T09:40:40.579061Z"
16165,"1","2025-08-06T09:40:40.579061Z",15848,"https://iiif.irht.cnrs.fr/iiif/ark:/63955/vc4kdgjkbxbj/full/1200,/0/default.jpg","[{""rotation"":0,""x"":0.0,""y"":55.48499999999999,""width"":92.16,""height"":41.91,""rectanglelabels"":[""AI""],""original_width"":4319.0,""original_height"":4965.0},{""rotation"":0,""x"":0.004999999999999449,""y"":2.5600000000000014,""width"":88.29,""height"":52.92,""rectanglelabels"":[""AC""],""original_width"":4319.0,""original_height"":4965.0}]","","2025-08-06T09:40:40.579061Z"
16166,"1","2025-08-06T09:40:40.579061Z",15849,"https://iiif.irht.cnrs.fr/iiif/ark:/63955/vpw5zkr74ors/full/1200,/0/default.jpg","[{""rotation"":0,""x"":1.5150000000000052,""y"":0.649999999999995,""width"":98.49,""height"":99.2,""rectanglelabels"":[""Table""],""original_width"":3956.0,""original_height"":4965.0}]","","2025-08-06T09:40:40.579061Z"
16167,"1","2025-08-06T09:40:40.579061Z",15850,"https://iiif.irht.cnrs.fr/iiif/ark:/63955/voj0m08dcg7f/full/1200,/0/default.jpg","[{""rotation"":0,""x"":0.004999999999999449,""y"":45.155,""width"":99.83,""height"":54.63,""rectanglelabels"":[""AC""],""original_width"":4038.0,""original_height"":4965.0},{""rotation"":0,""x"":0.030000000000002247,""y"":2.2749999999999995,""width"":99.8,""height"":42.970000000000006,""rectanglelabels"":[""AF""],""original_width"":4038.0,""original_height"":4965.0}]","","2025-08-06T09:40:40.579061Z"
6207,"1","2025-08-04T08:29:15.429769Z",15851,"https://iiif.irht.cnrs.fr/iiif/ark:/63955/vdbh5hxg2et6/full/1200,/0/default.jpg","[{""x"":0.1434538152610402,""y"":4.594819277108441,""width"":86.89174698795182,""height"":79.31204819277107,""rotation"":0,""rectanglelabels"":[""AC""],""original_width"":1200,""original_height"":1379}]",5.94,"2025-08-04T08:29:15.429769Z"
6208,"1","2025-08-04T08:29:19.084542Z",15852,"https://iiif.irht.cnrs.fr/iiif/ark:/63955/vz6miryf2h4m/full/1200,/0/default.jpg","",2.485,"2025-08-04T08:29:19.084542Z"
6209,"1","2025-08-04T08:29:42.899628Z",15853,"https://iiif.irht.cnrs.fr/iiif/ark:/63955/vhqmp3z5aejm/full/1200,/0/default.jpg","[{""x"":0,""y"":4.825903614457832,""width"":86.5741164658635,""height"":59.864096385542155,""rotation"":0,""rectanglelabels"":[""AC""],""original_width"":1200,""original_height"":1379},{""x"":4.304009179400257e-15,""y"":64.94740963855418,""width"":86.70658634538154,""height"":31.925662650602447,""rotation"":0,""rectanglelabels"":[""AI""],""original_width"":1200,""original_height"":1379}]",10.606,"2025-08-04T08:29:42.899628Z"
16168,"1","2025-08-06T09:40:40.579061Z",15854,"https://iiif.irht.cnrs.fr/iiif/ark:/63955/vvp3t658zc76/full/1200,/0/default.jpg","[{""rotation"":0,""x"":-0.004999999999999449,""y"":46.440000000000005,""width"":99.83,""height"":53.400000000000006,""rectanglelabels"":[""AI""],""original_width"":4038.0,""original_height"":4965.0},{""rotation"":0,""x"":0.7699999999999985,""y"":1.7749999999999988,""width"":99.11999999999999,""height"":44.71,""rectanglelabels"":[""AF""],""original_width"":4038.0,""original_height"":4965.0}]","","2025-08-06T09:40:40.579061Z"
16169,"1","2025-08-06T09:40:40.579061Z",15855,"https://iiif.irht.cnrs.fr/iiif/ark:/63955/vzpxx50e9nwz/full/1200,/0/default.jpg","[{""rotation"":0,""x"":0.0,""y"":41.15,""width"":88.18,""height"":57.86,""rectanglelabels"":[""AI""],""original_width"":4319.0,""original_height"":4965.0},{""rotation"":0,""x"":0.004999999999999449,""y"":2.3800000000000017,""width"":91.85,""height"":38.92,""rectanglelabels"":[""AF""],""original_width"":4319.0,""original_height"":4965.0}]","","2025-08-06T09:40:40.579061Z"
16170,"1","2025-08-06T09:40:40.579061Z",15856,"https://iiif.irht.cnrs.fr/iiif/ark:/63955/v9m39sdob0j0/full/1200,/0/default.jpg","[{""rotation"":0,""x"":0.8399999999999963,""y"":2.024999999999999,""width"":99.02,""height"":36.93,""rectanglelabels"":[""AF""],""original_width"":4038.0,""original_height"":4965.0},{""rotation"":0,""x"":0.0,""y"":38.735,""width"":99.82,""height"":61.19,""rectanglelabels"":[""AI""],""original_width"":4038.0,""original_height"":4965.0}]","","2025-08-06T09:40:40.579061Z"
16171,"1","2025-08-06T09:40:40.579061Z",15857,"https://iiif.irht.cnrs.fr/iiif/ark:/63955/v3d69l6lscki/full/1200,/0/default.jpg","[{""rotation"":0,""x"":0.0,""y"":28.994999999999997,""width"":88.72,""height"":69.65,""rectanglelabels"":[""AI""],""original_width"":4319.0,""original_height"":4965.0},{""rotation"":0,""x"":0.0,""y"":1.1200000000000014,""width"":100.0,""height"":27.98,""rectanglelabels"":[""AF""],""original_width"":4319.0,""original_height"":4965.0}]","","2025-08-06T09:40:40.579061Z"
6210,"1","2025-08-04T08:30:01.950979Z",15858,"https://iiif.irht.cnrs.fr/iiif/ark:/63955/vainawxxtx7f/full/1200,/0/default.jpg","[{""x"":12.58785140562249,""y"":3.4306024096385577,""width"":87.25214859437756,""height"":92.5349397590362,""rotation"":0,""rectanglelabels"":[""AF""],""original_width"":1200,""original_height"":1475}]",9.876,"2025-08-04T08:30:01.950979Z"
16172,"1","2025-08-06T09:40:40.579061Z",15859,"https://iiif.irht.cnrs.fr/iiif/ark:/63955/v0g7e4jfoji2/full/1200,/0/default.jpg","[{""rotation"":0,""x"":0.004999999999999449,""y"":2.8550000000000075,""width"":87.69,""height"":96.00999999999999,""rectanglelabels"":[""AI""],""original_width"":4319.0,""original_height"":4965.0}]","","2025-08-06T09:40:40.579061Z"
16173,"1","2025-08-06T09:40:40.579061Z",15860,"https://iiif.irht.cnrs.fr/iiif/ark:/63955/vcfrde7n9me8/full/1200,/0/default.jpg","[{""rotation"":0,""x"":-0.004999999999999449,""y"":2.4749999999999996,""width"":99.17,""height"":96.69,""rectanglelabels"":[""Table""],""original_width"":4283.0,""original_height"":4965.0}]","","2025-08-06T09:40:40.579061Z"
16174,"1","2025-08-06T09:40:40.579061Z",15861,"https://iiif.irht.cnrs.fr/iiif/ark:/63955/vqsnwef8yyjg/full/1200,/0/default.jpg","[{""rotation"":0,""x"":-0.0050000000000050004,""y"":33.239999999999995,""width"":99.85000000000001,""height"":66.42,""rectanglelabels"":[""AI""],""original_width"":4038.0,""original_height"":4965.0},{""rotation"":0,""x"":0.004999999999999449,""y"":1.2899999999999996,""width"":99.87,""height"":32.06,""rectanglelabels"":[""AF""],""original_width"":4038.0,""original_height"":4965.0}]","","2025-08-06T09:40:40.579061Z"
16175,"1","2025-08-06T09:40:40.579061Z",15862,"https://iiif.irht.cnrs.fr/iiif/ark:/63955/vmtdjr6hzmig/full/1200,/0/default.jpg","[{""rotation"":0,""x"":-0.004999999999999449,""y"":47.675,""width"":91.19,""height"":49.91,""rectanglelabels"":[""AI""],""original_width"":4319.0,""original_height"":4965.0},{""rotation"":0,""x"":0.0,""y"":2.645000000000003,""width"":91.86,""height"":45.269999999999996,""rectanglelabels"":[""AF""],""original_width"":4319.0,""original_height"":4965.0}]","","2025-08-06T09:40:40.579061Z"
16176,"1","2025-08-06T09:40:40.579061Z",15863,"https://iiif.irht.cnrs.fr/iiif/ark:/63955/vtwlccawucmn/full/1200,/0/default.jpg","[{""rotation"":0,""x"":0.004999999999999449,""y"":50.754999999999995,""width"":99.85000000000001,""height"":49.13,""rectanglelabels"":[""AI""],""original_width"":4101.0,""original_height"":4965.0},{""rotation"":0,""x"":0.275000000000003,""y"":0.9999999999999981,""width"":99.57000000000001,""height"":49.84,""rectanglelabels"":[""AF""],""original_width"":4101.0,""original_height"":4965.0}]","","2025-08-06T09:40:40.579061Z"
16177,"1","2025-08-06T09:40:40.579061Z",15864,"https://iiif.irht.cnrs.fr/iiif/ark:/63955/v0j1grzebg04/full/1200,/0/default.jpg","[{""rotation"":0,""x"":-0.004999999999999449,""y"":40.055,""width"":92.35,""height"":57.589999999999996,""rectanglelabels"":[""AC""],""original_width"":4319.0,""original_height"":4965.0},{""rotation"":0,""x"":0.0,""y"":0.7100000000000023,""width"":99.92,""height"":39.44,""rectanglelabels"":[""AF""],""original_width"":4319.0,""original_height"":4965.0}]","","2025-08-06T09:40:40.579061Z"
16178,"1","2025-08-06T09:40:40.579061Z",15865,"https://iiif.irht.cnrs.fr/iiif/ark:/63955/vukw11wnjchg/full/1200,/0/default.jpg","[{""rotation"":0,""x"":-0.004999999999999449,""y"":1.2400000000000022,""width"":99.87,""height"":98.26,""rectanglelabels"":[""AC""],""original_width"":4101.0,""original_height"":4965.0}]","","2025-08-06T09:40:40.579061Z"
16179,"1","2025-08-06T09:40:40.579061Z",15866,"https://iiif.irht.cnrs.fr/iiif/ark:/63955/vyus8qnldalw/full/1200,/0/default.jpg","[{""rotation"":0,""x"":0.004999999999999449,""y"":71.085,""width"":97.37,""height"":26.290000000000003,""rectanglelabels"":[""AI""],""original_width"":4319.0,""original_height"":4965.0},{""rotation"":0,""x"":0.0,""y"":0.8699999999999986,""width"":95.17999999999999,""height"":70.12,""rectanglelabels"":[""AC""],""original_width"":4319.0,""original_height"":4965.0}]","","2025-08-06T09:40:40.579061Z"
16180,"1","2025-08-06T09:40:40.579061Z",15867,"https://iiif.irht.cnrs.fr/iiif/ark:/63955/vb1nbgysg3m0/full/1200,/0/default.jpg","[{""rotation"":0,""x"":0.004999999999999449,""y"":0.5549999999999999,""width"":99.87,""height"":99.27,""rectanglelabels"":[""AF""],""original_width"":4101.0,""original_height"":4965.0}]","","2025-08-06T09:40:40.579061Z"
16181,"1","2025-08-06T09:40:40.579061Z",15868,"https://iiif.irht.cnrs.fr/iiif/ark:/63955/v0o2wbm9s28m/full/1200,/0/default.jpg","[{""rotation"":0,""x"":-0.004999999999999449,""y"":3.665000000000007,""width"":90.64999999999999,""height"":96.00999999999999,""rectanglelabels"":[""AC""],""original_width"":4319.0,""original_height"":4965.0}]","","2025-08-06T09:40:40.579061Z"
16182,"1","2025-08-06T09:40:40.579061Z",15869,"https://iiif.irht.cnrs.fr/iiif/ark:/63955/vvhdi2qtom4q/full/1200,/0/default.jpg","[{""rotation"":0,""x"":9.899999999999999,""y"":2.0650000000000004,""width"":89.94,""height"":97.72999999999999,""rectanglelabels"":[""AC""],""original_width"":4101.0,""original_height"":4965.0}]","","2025-08-06T09:40:40.579061Z"
16183,"1","2025-08-06T09:40:40.579061Z",15870,"https://iiif.irht.cnrs.fr/iiif/ark:/63955/vag698ndvodj/full/1200,/0/default.jpg","[{""rotation"":0,""x"":-0.004999999999999449,""y"":3.7049999999999974,""width"":90.07,""height"":95.67,""rectanglelabels"":[""AI""],""original_width"":4319.0,""original_height"":4965.0}]","","2025-08-06T09:40:40.579061Z"
16184,"1","2025-08-06T09:40:40.579061Z",15871,"https://iiif.irht.cnrs.fr/iiif/ark:/63955/vvg27kw594u5/full/1200,/0/default.jpg","[{""rotation"":0,""x"":0.2549999999999941,""y"":0.5250000000000032,""width"":99.75,""height"":99.13,""rectanglelabels"":[""Table""],""original_width"":3956.0,""original_height"":4965.0}]","","2025-08-06T09:40:40.579061Z"
16185,"1","2025-08-06T09:40:40.579061Z",15872,"https://iiif.irht.cnrs.fr/iiif/ark:/63955/vqavckofsba9/full/1200,/0/default.jpg","[{""rotation"":0,""x"":0.15999999999999903,""y"":2.4749999999999996,""width"":99.66000000000001,""height"":43.63,""rectanglelabels"":[""AF""],""original_width"":4101.0,""original_height"":4920.0},{""rotation"":0,""x"":0.10000000000000009,""y"":46.004999999999995,""width"":99.74,""height"":53.849999999999994,""rectanglelabels"":[""AI""],""original_width"":4101.0,""original_height"":4920.0}]","","2025-08-06T09:40:40.579061Z"
6211,"1","2025-08-04T08:31:36.631200Z",15873,"https://iiif.irht.cnrs.fr/iiif/ark:/63955/votcem11rrb8/full/1200,/0/default.jpg","[{""x"":0.1362449799196787,""y"":34.61981927710841,""width"":91.19371485943773,""height"":61.536024096385546,""rotation"":0,""rectanglelabels"":[""AC""],""original_width"":1200,""original_height"":1357},{""x"":0.014999999999998367,""y"":0.6304819277108427,""width"":90.84771084337349,""height"":34.039518072289134,""rotation"":0,""rectanglelabels"":[""AF""],""original_width"":1200,""original_height"":1357}]",15.471,"2025-08-04T08:31:36.631200Z"
16186,"1","2025-08-06T09:40:40.579061Z",15874,"https://iiif.irht.cnrs.fr/iiif/ark:/63955/vykglycabw0l/full/1200,/0/default.jpg","[{""rotation"":0,""x"":0.3200000000000036,""y"":2.089999999999997,""width"":99.52,""height"":66.42,""rectanglelabels"":[""AC""],""original_width"":4101.0,""original_height"":4920.0},{""rotation"":0,""x"":0.6149999999999933,""y"":68.66,""width"":99.25,""height"":31.259999999999998,""rectanglelabels"":[""AI""],""original_width"":4101.0,""original_height"":4920.0}]","","2025-08-06T09:40:40.579061Z"
6212,"1","2025-08-04T08:31:51.927061Z",15875,"https://iiif.irht.cnrs.fr/iiif/ark:/63955/vrd6gsyr28gw/full/1200,/0/default.jpg","[{""x"":0,""y"":0.7749999999999979,""width"":90.66,""height"":62.25000000000001,""rotation"":0,""rectanglelabels"":[""AF""],""original_width"":1200,""original_height"":1357},{""x"":0.005000000000005002,""y"":62.95692771084336,""width"":92.69000000000001,""height"":35.74807228915666,""rotation"":0,""rectanglelabels"":[""AI""],""original_width"":1200,""original_height"":1357}]",4.472,"2025-08-04T08:31:51.927061Z"
16187,"1","2025-08-06T09:40:40.579061Z",15876,"https://iiif.irht.cnrs.fr/iiif/ark:/63955/vkujlwbd8jbs/full/1200,/0/default.jpg","[{""rotation"":0,""x"":0.06999999999999784,""y"":2.2500000000000018,""width"":99.78,""height"":97.3,""rectanglelabels"":[""AM""],""original_width"":4101.0,""original_height"":4920.0}]","","2025-08-06T09:40:40.579061Z"
6213,"1","2025-08-04T08:32:06.807402Z",15877,"https://iiif.irht.cnrs.fr/iiif/ark:/63955/v0xqd7298o1l/full/1200,/0/default.jpg","[{""x"":2.2386822427070073e-15,""y"":2.4422289156626467,""width"":85.52913654618472,""height"":93.00638554216867,""rotation"":0,""rectanglelabels"":[""AF""],""original_width"":1200,""original_height"":1357}]",7.907,"2025-08-04T08:32:06.807402Z"
6214,"1","2025-08-04T08:32:14.649463Z",15878,"https://iiif.irht.cnrs.fr/iiif/ark:/63955/vuhdt8g1oclj/full/1200,/0/default.jpg","[{""x"":12.36965863453815,""y"":2.7550000000000043,""width"":87.54534136546181,""height"":92.89650602409637,""rotation"":0,""rectanglelabels"":[""AC""],""original_width"":1200,""original_height"":1432}]",6.187,"2025-08-04T08:32:14.649463Z"
6215,"1","2025-08-04T08:32:25.717861Z",15879,"https://iiif.irht.cnrs.fr/iiif/ark:/63955/vw7g7koqwhrt/full/1200,/0/default.jpg","",6.5,"2025-08-04T08:32:25.717861Z"
16188,"1","2025-08-06T09:40:40.579061Z",15880,"https://iiif.irht.cnrs.fr/iiif/ark:/63955/v841ad9zeuuw/full/1200,/0/default.jpg","[{""rotation"":0,""x"":0.004999999999999449,""y"":2.2899999999999974,""width"":99.95,""height"":96.92,""rectanglelabels"":[""AI""],""original_width"":4101.0,""original_height"":4893.0}]","","2025-08-06T09:40:40.579061Z"
6216,"1","2025-08-04T08:32:50.702239Z",15881,"https://iiif.irht.cnrs.fr/iiif/ark:/63955/v7n5oou0aewh/full/1200,/0/default.jpg","[{""x"":0,""y"":24.084337349397593,""width"":91.22,""height"":75.24,""rotation"":0,""rectanglelabels"":[""AC""],""original_width"":1200,""original_height"":1357},{""x"":0,""y"":0.5959638554216866,""width"":91.65022088353413,""height"":23.629036144578297,""rotation"":0,""rectanglelabels"":[""AF""],""original_width"":1200,""original_height"":1357}]",9.086,"2025-08-04T08:32:50.702239Z"
16189,"1","2025-08-06T09:40:40.579061Z",15882,"https://iiif.irht.cnrs.fr/iiif/ark:/63955/v9uq11vqto39/full/1200,/0/default.jpg","[{""rotation"":0,""x"":0.0,""y"":0.8500000000000008,""width"":100.0,""height"":98.26,""rectanglelabels"":[""Table""],""original_width"":4283.0,""original_height"":4965.0}]","","2025-08-06T09:40:40.581067Z"
6217,"1","2025-08-04T08:33:11.281404Z",15883,"https://iiif.irht.cnrs.fr/iiif/ark:/63955/vu41ivxzmr7q/full/1200,/0/default.jpg","[{""x"":14.581285140562223,""y"":3.5283734939758977,""width"":85.41871485943777,""height"":82.4355421686747,""rotation"":0,""rectanglelabels"":[""AC""],""original_width"":1200,""original_height"":1432}]",6.066,"2025-08-04T08:33:11.281404Z"
16190,"1","2025-08-06T09:40:40.581067Z",15884,"https://iiif.irht.cnrs.fr/iiif/ark:/63955/vsi41ijvcf3z/full/1200,/0/default.jpg","[{""rotation"":0,""x"":0.0,""y"":0.3249999999999975,""width"":86.96000000000001,""height"":98.15,""rectanglelabels"":[""AC""],""original_width"":4319.0,""original_height"":4884.0}]","","2025-08-06T09:40:40.581067Z"
16191,"1","2025-08-06T09:40:40.581067Z",15885,"https://iiif.irht.cnrs.fr/iiif/ark:/63955/vkrnfsxtpfnt/full/1200,/0/default.jpg","[{""rotation"":0,""x"":0.14499999999999513,""y"":2.0400000000000027,""width"":99.75,""height"":72.8,""rectanglelabels"":[""AC""],""original_width"":4101.0,""original_height"":4893.0},{""rotation"":0,""x"":0.20999999999999908,""y"":74.595,""width"":99.78,""height"":23.25,""rectanglelabels"":[""AI""],""original_width"":4101.0,""original_height"":4893.0}]","","2025-08-06T09:40:40.581067Z"
16192,"1","2025-08-06T09:40:40.581067Z",15886,"https://iiif.irht.cnrs.fr/iiif/ark:/63955/vg6oe5a5d1xw/full/1200,/0/default.jpg","[{""rotation"":0,""x"":0.004999999999999449,""y"":1.545000000000002,""width"":89.49000000000001,""height"":55.47,""rectanglelabels"":[""AF""],""original_width"":4319.0,""original_height"":4884.0},{""rotation"":0,""x"":0.0,""y"":56.8,""width"":96.7,""height"":40.68,""rectanglelabels"":[""AI""],""original_width"":4319.0,""original_height"":4884.0}]","","2025-08-06T09:40:40.581067Z"
6218,"1","2025-08-04T08:33:27.017046Z",15887,"https://iiif.irht.cnrs.fr/iiif/ark:/63955/v5yeouq4xqpo/full/1200,/0/default.jpg","[{""x"":0,""y"":2.510000000000002,""width"":99.88,""height"":74.60722891566263,""rotation"":0,""rectanglelabels"":[""AF""],""original_width"":1200,""original_height"":1432},{""x"":0.14999999999999458,""y"":76.955,""width"":99.8,""height"":22.189999999999998,""rotation"":0,""rectanglelabels"":[""AI""],""original_width"":1200,""original_height"":1432}]",4.074,"2025-08-04T08:33:27.017046Z"
16193,"1","2025-08-06T09:40:40.581067Z",15888,"https://iiif.irht.cnrs.fr/iiif/ark:/63955/vd4hbx6qkz7q/full/1200,/0/default.jpg","[{""rotation"":0,""x"":0.0,""y"":56.375,""width"":98.3,""height"":40.69,""rectanglelabels"":[""AI""],""original_width"":4319.0,""original_height"":4884.0},{""rotation"":0,""x"":-0.004999999999999449,""y"":1.469999999999999,""width"":91.36999999999999,""height"":55.02,""rectanglelabels"":[""AF""],""original_width"":4319.0,""original_height"":4884.0}]","","2025-08-06T09:40:40.581067Z"
16194,"1","2025-08-06T09:40:40.581067Z",15889,"https://iiif.irht.cnrs.fr/iiif/ark:/63955/vnmwyra0p65o/full/1200,/0/default.jpg","[{""rotation"":0,""x"":0.0,""y"":2.444999999999997,""width"":99.9,""height"":96.97,""rectanglelabels"":[""AM""],""original_width"":4101.0,""original_height"":4893.0}]","","2025-08-06T09:40:40.581067Z"
16195,"1","2025-08-06T09:40:40.581067Z",15890,"https://iiif.irht.cnrs.fr/iiif/ark:/63955/vluiczg2o5gs/full/1200,/0/default.jpg","[{""rotation"":0,""x"":0.024999999999997247,""y"":2.374999999999994,""width"":87.79,""height"":96.33,""rectanglelabels"":[""AM""],""original_width"":4319.0,""original_height"":4884.0}]","","2025-08-06T09:40:40.581067Z"
16196,"1","2025-08-06T09:40:40.581067Z",15891,"https://iiif.irht.cnrs.fr/iiif/ark:/63955/vmrqsibsq2gc/full/1200,/0/default.jpg","[{""rotation"":0,""x"":0.6699999999999984,""y"":2.795000000000003,""width"":99.26,""height"":96.41,""rectanglelabels"":[""AM""],""original_width"":4138.0,""original_height"":4893.0}]","","2025-08-06T09:40:40.581067Z"
16197,"1","2025-08-06T09:40:40.581067Z",15892,"https://iiif.irht.cnrs.fr/iiif/ark:/63955/vyf39ftgkh1f/full/1200,/0/default.jpg","[{""rotation"":0,""x"":0.0,""y"":2.5650000000000004,""width"":90.86,""height"":96.03,""rectanglelabels"":[""AM""],""original_width"":4301.0,""original_height"":4884.0}]","","2025-08-06T09:40:40.581067Z"
16198,"1","2025-08-06T09:40:40.581067Z",15893,"https://iiif.irht.cnrs.fr/iiif/ark:/63955/vbqe812x7qen/full/1200,/0/default.jpg","[{""rotation"":0,""x"":0.34500000000000086,""y"":0.27499999999999747,""width"":99.65,""height"":99.49,""rectanglelabels"":[""Table""],""original_width"":3947.0,""original_height"":4829.0}]","","2025-08-06T09:40:40.581067Z"
16199,"1","2025-08-06T09:40:40.581067Z",15894,"https://iiif.irht.cnrs.fr/iiif/ark:/63955/v2kskf71eg4l/full/1200,/0/default.jpg","[{""rotation"":0,""x"":0.0,""y"":54.71,""width"":99.83999999999999,""height"":43.4,""rectanglelabels"":[""AI""],""original_width"":4110.0,""original_height"":4829.0},{""rotation"":0,""x"":0.0,""y"":0.5700000000000038,""width"":99.83999999999999,""height"":54.279999999999994,""rectanglelabels"":[""AF""],""original_width"":4110.0,""original_height"":4829.0}]","","2025-08-06T09:40:40.581067Z"
6219,"1","2025-08-04T08:34:11.962750Z",15895,"https://iiif.irht.cnrs.fr/iiif/ark:/63955/vbgldqerlp5u/full/1200,/0/default.jpg","[{""x"":0.7749999999999995,""y"":2.7448192771084385,""width"":83.68212851405623,""height"":86.31759036144581,""rotation"":0,""rectanglelabels"":[""AF""],""original_width"":1200,""original_height"":1336}]",7.706,"2025-08-04T08:34:11.962750Z"
6220,"1","2025-08-04T08:34:20.864494Z",15896,"https://iiif.irht.cnrs.fr/iiif/ark:/63955/vm10rfyobcqv/full/1200,/0/default.jpg","[{""x"":14.28662650602415,""y"":2.6283734939759085,""width"":85.71337349397585,""height"":96.0832530120482,""rotation"":0,""rectanglelabels"":[""AI""],""original_width"":1200,""original_height"":1410}]",7.364,"2025-08-04T08:34:20.864494Z"
6221,"1","2025-08-04T08:34:31.865376Z",15897,"https://iiif.irht.cnrs.fr/iiif/ark:/63955/v5badcptha5y/full/1200,/0/default.jpg","[{""x"":-1.9984014443252818e-15,""y"":31.223373493975902,""width"":88.42999999999999,""height"":68.10000000000001,""rotation"":0,""rectanglelabels"":[""AC""],""original_width"":1200,""original_height"":1336},{""x"":0.7500000000000009,""y"":3.6953012048192777,""width"":87.76281124497991,""height"":27.614698795180704,""rotation"":0,""rectanglelabels"":[""AF""],""original_width"":1200,""original_height"":1336}]",10.005,"2025-08-04T08:34:31.865376Z"
16200,"1","2025-08-06T09:40:40.581067Z",15898,"https://iiif.irht.cnrs.fr/iiif/ark:/63955/vwiobaa1f4nh/full/1200,/0/default.jpg","[{""rotation"":0,""x"":0.0,""y"":1.3499999999999956,""width"":99.88,""height"":98.18,""rectanglelabels"":[""AC""],""original_width"":4110.0,""original_height"":4829.0}]","","2025-08-06T09:40:40.581067Z"
16201,"1","2025-08-06T09:40:40.581067Z",15899,"https://iiif.irht.cnrs.fr/iiif/ark:/63955/v5fw347gv2m6/full/1200,/0/default.jpg","[{""rotation"":0,""x"":0.6450000000000011,""y"":2.6050000000000018,""width"":86.67,""height"":96.15,""rectanglelabels"":[""AI""],""original_width"":4338.0,""original_height"":4829.0}]","","2025-08-06T09:40:40.581067Z"
6222,"1","2025-08-04T08:34:55.638879Z",15900,"https://iiif.irht.cnrs.fr/iiif/ark:/63955/vdzj2t1czz9h/full/1200,/0/default.jpg","[{""x"":15.56728915662651,""y"":3.438192771084328,""width"":84.29771084337358,""height"":75.92987951807228,""rotation"":0,""rectanglelabels"":[""AF""],""original_width"":1200,""original_height"":1410}]",6.657,"2025-08-04T08:34:55.638879Z"
6223,"1","2025-08-04T08:35:08.623189Z",15901,"https://iiif.irht.cnrs.fr/iiif/ark:/63955/vnkryl729p7o/full/1200,/0/default.jpg","[{""x"":0.4582730923694737,""y"":70.73289156626504,""width"":90.73694779116467,""height"":28.000000000000007,""rotation"":0,""rectanglelabels"":[""AI""],""original_width"":1200,""original_height"":1336},{""x"":0.15999999999999903,""y"":2.8850000000000042,""width"":90.88000000000001,""height"":67.67,""rotation"":0,""rectanglelabels"":[""AC""],""original_width"":1200,""original_height"":1336}]",7.109,"2025-08-04T08:35:08.623189Z"
16202,"1","2025-08-06T09:40:40.581067Z",15902,"https://iiif.irht.cnrs.fr/iiif/ark:/63955/vlbtsrovdv9d/full/1200,/0/default.jpg","[{""rotation"":0,""x"":0.0,""y"":0.48000000000000265,""width"":99.83999999999999,""height"":62.62,""rectanglelabels"":[""AF""],""original_width"":4138.0,""original_height"":4829.0},{""rotation"":0,""x"":-0.004999999999999449,""y"":63.295,""width"":99.83,""height"":34.89,""rectanglelabels"":[""AI""],""original_width"":4138.0,""original_height"":4829.0}]","","2025-08-06T09:40:40.581067Z"
16203,"1","2025-08-06T09:40:40.581067Z",15903,"https://iiif.irht.cnrs.fr/iiif/ark:/63955/vfb6go5fyn3i/full/1200,/0/default.jpg","[{""rotation"":0,""x"":0.720000000000004,""y"":47.71500000000001,""width"":89.53999999999999,""height"":50.449999999999996,""rectanglelabels"":[""AI""],""original_width"":4338.0,""original_height"":4829.0},{""rotation"":0,""x"":0.26000000000000467,""y"":2.1649999999999974,""width"":91.78,""height"":45.71,""rectanglelabels"":[""AF""],""original_width"":4338.0,""original_height"":4829.0}]","","2025-08-06T09:40:40.581067Z"
16204,"1","2025-08-06T09:40:40.581067Z",15904,"https://iiif.irht.cnrs.fr/iiif/ark:/63955/vksd2l45ts4m/full/1200,/0/default.jpg","[{""rotation"":0,""x"":-0.0050000000000050004,""y"":0.8149999999999991,""width"":94.41000000000001,""height"":98.15,""rectanglelabels"":[""AI""],""original_width"":4283.0,""original_height"":4784.0}]","","2025-08-06T09:40:40.581067Z"
16205,"1","2025-08-06T09:40:40.583071Z",15905,"https://iiif.irht.cnrs.fr/iiif/ark:/63955/vf14n4dcc2xn/full/1200,/0/default.jpg","[{""rotation"":0,""x"":0.0,""y"":39.645,""width"":99.8,""height"":58.13,""rectanglelabels"":[""AI""],""original_width"":4138.0,""original_height"":4829.0},{""rotation"":0,""x"":0.21499999999999853,""y"":0.5250000000000005,""width"":99.63,""height"":39.43,""rectanglelabels"":[""AF""],""original_width"":4138.0,""original_height"":4829.0}]","","2025-08-06T09:40:40.583071Z"
16206,"1","2025-08-06T09:40:40.583071Z",15906,"https://iiif.irht.cnrs.fr/iiif/ark:/63955/vvqejmsfv6u7/full/1200,/0/default.jpg","[{""rotation"":0,""x"":1.924999999999999,""y"":2.6849999999999987,""width"":85.15,""height"":96.83,""rectanglelabels"":[""AM""],""original_width"":4338.0,""original_height"":4829.0}]","","2025-08-06T09:40:40.583071Z"
16207,"1","2025-08-06T09:40:40.583071Z",15907,"https://iiif.irht.cnrs.fr/iiif/ark:/63955/vcawiqu6tclu/full/1200,/0/default.jpg","[{""rotation"":0,""x"":0.0,""y"":0.5950000000000066,""width"":99.88,""height"":98.92999999999999,""rectanglelabels"":[""AM""],""original_width"":4138.0,""original_height"":4829.0}]","","2025-08-06T09:40:40.583071Z"
6224,"1","2025-08-04T08:35:57.615715Z",15908,"https://iiif.irht.cnrs.fr/iiif/ark:/63955/vh9zulbxjysa/full/1200,/0/default.jpg","[{""x"":3.819999999999994,""y"":3.2760843373494,""width"":81.84489959839357,""height"":76.98036144578313,""rotation"":0,""rectanglelabels"":[""AF""],""original_width"":1200,""original_height"":1336}]",7.782,"2025-08-04T08:35:57.615715Z"
6225,"1","2025-08-04T08:36:06.332418Z",15909,"https://iiif.irht.cnrs.fr/iiif/ark:/63955/vdcw6sscm0px/full/1200,/0/default.jpg","",6.224,"2025-08-04T08:36:06.332418Z"
6226,"1","2025-08-04T08:36:28.697975Z",15910,"https://iiif.irht.cnrs.fr/iiif/ark:/63955/vw8nqeg30bk9/full/1200,/0/default.jpg","[{""x"":0.7941365461847318,""y"":3.4017469879518107,""width"":85.06385542168672,""height"":91.16301204819275,""rotation"":0,""rectanglelabels"":[""AC""],""original_width"":1200,""original_height"":1336}]",9.273,"2025-08-04T08:36:28.697975Z"
16208,"1","2025-08-06T09:40:40.583071Z",15911,"https://iiif.irht.cnrs.fr/iiif/ark:/63955/vafvmcfl5pyh/full/1200,/0/default.jpg","[{""rotation"":0,""x"":-0.004999999999999449,""y"":0.599999999999995,""width"":99.87,""height"":98.54,""rectanglelabels"":[""AI""],""original_width"":4138.0,""original_height"":4829.0}]","","2025-08-06T09:40:40.583071Z"
16209,"1","2025-08-06T09:40:40.583071Z",15912,"https://iiif.irht.cnrs.fr/iiif/ark:/63955/vm59fhwf7tbf/full/1200,/0/default.jpg","[{""rotation"":0,""x"":0.24500000000000077,""y"":0.9349999999999997,""width"":92.58999999999999,""height"":29.87,""rectanglelabels"":[""AF""],""original_width"":4338.0,""original_height"":4829.0},{""rotation"":0,""x"":0.15000000000000013,""y"":30.799999999999994,""width"":91.06,""height"":68.30000000000001,""rectanglelabels"":[""AI""],""original_width"":4338.0,""original_height"":4829.0}]","","2025-08-06T09:40:40.583071Z"
16210,"1","2025-08-06T09:40:40.583071Z",15913,"https://iiif.irht.cnrs.fr/iiif/ark:/63955/vg2ux6u8q4j6/full/1200,/0/default.jpg","[{""rotation"":0,""x"":0.3049999999999997,""y"":0.6599999999999995,""width"":99.55000000000001,""height"":24.94,""rectanglelabels"":[""AF""],""original_width"":4138.0,""original_height"":4829.0},{""rotation"":0,""x"":0.004999999999999449,""y"":25.419999999999998,""width"":99.81,""height"":73.58,""rectanglelabels"":[""AI""],""original_width"":4138.0,""original_height"":4829.0}]","","2025-08-06T09:40:40.583071Z"
16211,"1","2025-08-06T09:40:40.583071Z",15914,"https://iiif.irht.cnrs.fr/iiif/ark:/63955/v06ifrn5q5rv/full/1200,/0/default.jpg","[{""rotation"":0,""x"":0.5549999999999999,""y"":1.2249999999999983,""width"":89.89,""height"":97.78999999999999,""rectanglelabels"":[""AF""],""original_width"":4338.0,""original_height"":4829.0}]","","2025-08-06T09:40:40.583071Z"
16212,"1","2025-08-06T09:40:40.583071Z",15915,"https://iiif.irht.cnrs.fr/iiif/ark:/63955/v3j49pzfefq4/full/1200,/0/default.jpg","[{""rotation"":0,""x"":3.084999999999999,""y"":0.2500000000000002,""width"":96.91,""height"":98.76,""rectanglelabels"":[""AM""],""original_width"":3983.0,""original_height"":4829.0}]","","2025-08-06T09:40:40.583071Z"
16213,"1","2025-08-06T09:40:40.583071Z",15916,"https://iiif.irht.cnrs.fr/iiif/ark:/63955/vf7dbmk4yzl0/full/1200,/0/default.jpg","[{""rotation"":0,""x"":0.0,""y"":0.8550000000000002,""width"":99.86,""height"":98.50999999999999,""rectanglelabels"":[""AC""],""original_width"":4138.0,""original_height"":4829.0}]","","2025-08-06T09:40:40.583071Z"
16214,"1","2025-08-06T09:40:40.583071Z",15917,"https://iiif.irht.cnrs.fr/iiif/ark:/63955/vti7orxtb3th/full/1200,/0/default.jpg","[{""rotation"":0,""x"":0.19000000000000128,""y"":2.9199999999999946,""width"":89.82,""height"":96.64,""rectanglelabels"":[""AC""],""original_width"":4338.0,""original_height"":4829.0}]","","2025-08-06T09:40:40.583071Z"
16215,"1","2025-08-06T09:40:40.583071Z",15918,"https://iiif.irht.cnrs.fr/iiif/ark:/63955/vm999ezf6uud/full/1200,/0/default.jpg","[{""rotation"":0,""x"":0.004999999999999449,""y"":0.8499999999999952,""width"":99.95,""height"":98.8,""rectanglelabels"":[""AC""],""original_width"":4174.0,""original_height"":4829.0}]","","2025-08-06T09:40:40.583071Z"
16216,"1","2025-08-06T09:40:40.583071Z",15919,"https://iiif.irht.cnrs.fr/iiif/ark:/63955/v760rbyrwzlf/full/1200,/0/default.jpg","[{""rotation"":0,""x"":1.7849999999999977,""y"":2.660000000000001,""width"":83.73,""height"":96.92,""rectanglelabels"":[""AI""],""original_width"":4338.0,""original_height"":4829.0}]","","2025-08-06T09:40:40.583071Z"
16217,"1","2025-08-06T09:40:40.583071Z",15920,"https://iiif.irht.cnrs.fr/iiif/ark:/63955/v69743i8w0u5/full/1200,/0/default.jpg","[{""rotation"":0,""x"":0.004999999999999449,""y"":0.7349999999999968,""width"":99.91,""height"":98.95,""rectanglelabels"":[""AM""],""original_width"":4174.0,""original_height"":4829.0}]","","2025-08-06T09:40:40.583071Z"
16218,"1","2025-08-06T09:40:40.583071Z",15921,"https://iiif.irht.cnrs.fr/iiif/ark:/63955/v94k9kq4e4bl/full/1200,/0/default.jpg","[{""rotation"":0,""x"":0.10500000000000509,""y"":2.0749999999999935,""width"":90.97,""height"":97.33000000000001,""rectanglelabels"":[""AM""],""original_width"":4338.0,""original_height"":4829.0}]","","2025-08-06T09:40:40.583071Z"
16219,"1","2025-08-06T09:40:40.583071Z",15922,"https://iiif.irht.cnrs.fr/iiif/ark:/63955/v43w2vt2g98q/full/1200,/0/default.jpg","[{""rotation"":0,""x"":-0.004999999999999449,""y"":0.6400000000000017,""width"":99.92999999999999,""height"":98.02,""rectanglelabels"":[""AM""],""original_width"":4174.0,""original_height"":4829.0}]","","2025-08-06T09:40:40.583071Z"
16220,"1","2025-08-06T09:40:40.583071Z",15923,"https://iiif.irht.cnrs.fr/iiif/ark:/63955/vgdtylqzgv8k/full/1200,/0/default.jpg","[{""rotation"":0,""x"":0.6950000000000012,""y"":1.090000000000002,""width"":86.97,""height"":97.94,""rectanglelabels"":[""AM""],""original_width"":4338.0,""original_height"":4829.0}]","","2025-08-06T09:40:40.583071Z"
16221,"1","2025-08-06T09:40:40.583071Z",15924,"https://iiif.irht.cnrs.fr/iiif/ark:/63955/vgi46mjax5f1/full/1200,/0/default.jpg","[{""rotation"":0,""x"":-0.004999999999999449,""y"":0.8799999999999975,""width"":99.91,""height"":98.14,""rectanglelabels"":[""AM""],""original_width"":4174.0,""original_height"":4829.0}]","","2025-08-06T09:40:40.583071Z"
16222,"1","2025-08-06T09:40:40.584990Z",15925,"https://iiif.irht.cnrs.fr/iiif/ark:/63955/v1hxvkd4t4k6/full/1200,/0/default.jpg","[{""rotation"":0,""x"":0.30000000000000027,""y"":27.655,""width"":91.78,""height"":71.11,""rectanglelabels"":[""AI""],""original_width"":4338.0,""original_height"":4829.0},{""rotation"":0,""x"":1.469999999999999,""y"":0.385000000000002,""width"":97.11999999999999,""height"":27.49,""rectanglelabels"":[""AF""],""original_width"":4338.0,""original_height"":4829.0}]","","2025-08-06T09:40:40.584990Z"
16223,"1","2025-08-06T09:40:40.584990Z",15926,"https://iiif.irht.cnrs.fr/iiif/ark:/63955/vtz6wxdmb064/full/1200,/0/default.jpg","[{""rotation"":0,""x"":0.0,""y"":0.5400000000000016,""width"":91.84,""height"":98.42,""rectanglelabels"":[""AM""],""original_width"":4283.0,""original_height"":4784.0}]","","2025-08-06T09:40:40.584990Z"
16224,"1","2025-08-06T09:40:40.584990Z",15927,"https://iiif.irht.cnrs.fr/iiif/ark:/63955/vyjsoi8krt09/full/1200,/0/default.jpg","[{""rotation"":0,""x"":0.46499999999999875,""y"":32.355000000000004,""width"":99.47,""height"":66.33,""rectanglelabels"":[""AI""],""original_width"":4174.0,""original_height"":4829.0},{""rotation"":0,""x"":0.21000000000000463,""y"":0.7300000000000001,""width"":99.74,""height"":31.819999999999997,""rectanglelabels"":[""AF""],""original_width"":4174.0,""original_height"":4829.0}]","","2025-08-06T09:40:40.584990Z"
6282,"1","2025-08-04T12:40:19.279597Z",15928,"https://iiif.irht.cnrs.fr/iiif/ark:/63955/vy7vihtnxvpf/full/1200,/0/default.jpg","[{""x"":0.20000000000000162,""y"":49.30770922224516,""width"":90.55999999999977,""height"":48.2222907777546,""rotation"":0,""rectanglelabels"":[""AI""],""original_width"":1200,""original_height"":1336},{""x"":0.4099999999999996,""y"":1.3100000000000471,""width"":93.51999999999992,""height"":47.93083688898065,""rotation"":0,""rectanglelabels"":[""AF""],""original_width"":1200,""original_height"":1336}]",61.248000000000005,"2025-08-04T12:40:19.279597Z"
6227,"1","2025-08-04T08:38:03.197523Z",15929,"https://iiif.irht.cnrs.fr/iiif/ark:/63955/vskz6osa9y9s/full/1200,/0/default.jpg","[{""x"":15.901746987951807,""y"":3.5065662650602403,""width"":84.04325301204804,""height"":95.37843373493978,""rotation"":0,""rectanglelabels"":[""AI""],""original_width"":1200,""original_height"":1388}]",56.084,"2025-08-04T12:39:22.978116Z"
16225,"1","2025-08-06T09:40:40.584990Z",15930,"https://iiif.irht.cnrs.fr/iiif/ark:/63955/vrxbzh2tibrp/full/1200,/0/default.jpg","[{""rotation"":0,""x"":0.14500000000000068,""y"":37.235,""width"":91.64999999999999,""height"":61.17,""rectanglelabels"":[""AI""],""original_width"":4338.0,""original_height"":4829.0},{""rotation"":0,""x"":0.19500000000000073,""y"":0.6099999999999994,""width"":97.72999999999999,""height"":36.620000000000005,""rectanglelabels"":[""AF""],""original_width"":4338.0,""original_height"":4829.0}]","","2025-08-06T09:40:40.584990Z"
16226,"1","2025-08-06T09:40:40.584990Z",15931,"https://iiif.irht.cnrs.fr/iiif/ark:/63955/v7970x4vmjo6/full/1200,/0/default.jpg","[{""rotation"":0,""x"":-0.004999999999999449,""y"":50.474999999999994,""width"":99.89,""height"":47.11,""rectanglelabels"":[""AI""],""original_width"":4174.0,""original_height"":4829.0},{""rotation"":0,""x"":0.045000000000000595,""y"":0.7550000000000001,""width"":99.79,""height"":49.69,""rectanglelabels"":[""AF""],""original_width"":4174.0,""original_height"":4829.0}]","","2025-08-06T09:40:40.584990Z"
16227,"1","2025-08-06T09:40:40.584990Z",15932,"https://iiif.irht.cnrs.fr/iiif/ark:/63955/viuvb55aey1c/full/1200,/0/default.jpg","[{""rotation"":0,""x"":0.7550000000000001,""y"":0.4349999999999993,""width"":97.27,""height"":25.75,""rectanglelabels"":[""AF""],""original_width"":4338.0,""original_height"":4829.0},{""rotation"":0,""x"":0.29000000000000137,""y"":26.055,""width"":90.74,""height"":72.72999999999999,""rectanglelabels"":[""AI""],""original_width"":4338.0,""original_height"":4829.0}]","","2025-08-06T09:40:40.584990Z"
16228,"1","2025-08-06T09:40:40.584990Z",15933,"https://iiif.irht.cnrs.fr/iiif/ark:/63955/v91ubucnl2vv/full/1200,/0/default.jpg","[{""rotation"":0,""x"":-0.004999999999999449,""y"":27.279999999999998,""width"":99.91,""height"":71.88,""rectanglelabels"":[""AI""],""original_width"":4174.0,""original_height"":4829.0},{""rotation"":0,""x"":0.08000000000000229,""y"":0.8849999999999997,""width"":99.83999999999999,""height"":26.63,""rectanglelabels"":[""AF""],""original_width"":4174.0,""original_height"":4829.0}]","","2025-08-06T09:40:40.584990Z"
16229,"1","2025-08-06T09:40:40.584990Z",15934,"https://iiif.irht.cnrs.fr/iiif/ark:/63955/v9vserfxflga/full/1200,/0/default.jpg","[{""rotation"":0,""x"":0.19000000000000128,""y"":46.12500000000001,""width"":91.47999999999999,""height"":51.65,""rectanglelabels"":[""AI""],""original_width"":4338.0,""original_height"":4829.0},{""rotation"":0,""x"":0.035000000000001696,""y"":2.304999999999999,""width"":92.27,""height"":43.95,""rectanglelabels"":[""AF""],""original_width"":4338.0,""original_height"":4829.0}]","","2025-08-06T09:40:40.584990Z"
6228,"1","2025-08-04T08:39:42.100116Z",15935,"https://iiif.irht.cnrs.fr/iiif/ark:/63955/vhsfm2uk46u5/full/1200,/0/default.jpg","[{""x"":14.790100401606423,""y"":2.8681927710843347,""width"":85.1548995983937,""height"":62.69542168674699,""rotation"":0,""rectanglelabels"":[""AF""],""original_width"":1200,""original_height"":1388}]",4.409,"2025-08-04T08:39:42.100116Z"
6229,"1","2025-08-04T08:39:55.350607Z",15936,"https://iiif.irht.cnrs.fr/iiif/ark:/63955/v05zdtkfogpk/full/1200,/0/default.jpg","[{""x"":0.14500000000000068,""y"":0.9500000000000008,""width"":91.41,""height"":61.72,""rotation"":0,""rectanglelabels"":[""AC""],""original_width"":1200,""original_height"":1336},{""x"":0.15499999999999967,""y"":62.604999999999954,""width"":91.85385542168673,""height"":34.89,""rotation"":0,""rectanglelabels"":[""AI""],""original_width"":1200,""original_height"":1336}]",8.633,"2025-08-04T08:39:55.350607Z"
16230,"1","2025-08-06T09:40:40.584990Z",15937,"https://iiif.irht.cnrs.fr/iiif/ark:/63955/ve9qiejbj6e3/full/1200,/0/default.jpg","[{""rotation"":0,""x"":2.4749999999999996,""y"":0.40000000000000036,""width"":97.53,""height"":98.92,""rectanglelabels"":[""AM""],""original_width"":3983.0,""original_height"":4829.0}]","","2025-08-06T09:40:40.584990Z"
16231,"1","2025-08-06T09:40:40.584990Z",15938,"https://iiif.irht.cnrs.fr/iiif/ark:/63955/v93bo1rai1ra/full/1200,/0/default.jpg","[{""rotation"":0,""x"":0.0,""y"":0.6999999999999951,""width"":99.92,""height"":98.24000000000001,""rectanglelabels"":[""AM""],""original_width"":4174.0,""original_height"":4829.0}]","","2025-08-06T09:40:40.584990Z"
6230,"1","2025-08-04T08:40:09.183120Z",15939,"https://iiif.irht.cnrs.fr/iiif/ark:/63955/vhedbzhitmjz/full/1200,/0/default.jpg","[{""x"":1.1249999999999982,""y"":33.245,""width"":85.99,""height"":66.19,""rotation"":0,""rectanglelabels"":[""AI""],""original_width"":1200,""original_height"":1336},{""x"":1.2150000000000003,""y"":2.8846385542168673,""width"":85.62116465863453,""height"":30.640361445783114,""rotation"":0,""rectanglelabels"":[""AF""],""original_width"":1200,""original_height"":1336}]",6.982,"2025-08-04T08:40:09.183120Z"
16232,"1","2025-08-06T09:40:40.584990Z",15940,"https://iiif.irht.cnrs.fr/iiif/ark:/63955/vlws6chn11w4/full/1200,/0/default.jpg","[{""rotation"":0,""x"":0.1250000000000029,""y"":0.7599999999999996,""width"":99.71,""height"":33.019999999999996,""rectanglelabels"":[""AF""],""original_width"":4174.0,""original_height"":4829.0},{""rotation"":0,""x"":0.004999999999999449,""y"":33.76499999999999,""width"":99.92999999999999,""height"":65.21000000000001,""rectanglelabels"":[""AI""],""original_width"":4174.0,""original_height"":4829.0}]","","2025-08-06T09:40:40.584990Z"
16233,"1","2025-08-06T09:40:40.584990Z",15941,"https://iiif.irht.cnrs.fr/iiif/ark:/63955/vdk54uo6myn0/full/1200,/0/default.jpg","[{""rotation"":0,""x"":0.6099999999999994,""y"":33.440000000000005,""width"":90.28,""height"":65.92,""rectanglelabels"":[""AC""],""original_width"":4338.0,""original_height"":4829.0},{""rotation"":0,""x"":0.3599999999999992,""y"":1.085,""width"":90.58,""height"":32.61,""rectanglelabels"":[""AF""],""original_width"":4338.0,""original_height"":4829.0}]","","2025-08-06T09:40:40.584990Z"
16234,"1","2025-08-06T09:40:40.584990Z",15942,"https://iiif.irht.cnrs.fr/iiif/ark:/63955/vbzzsitf1s0y/full/1200,/0/default.jpg","[{""rotation"":0,""x"":0.0,""y"":60.08,""width"":99.94,""height"":37.62,""rectanglelabels"":[""AI""],""original_width"":4174.0,""original_height"":4829.0},{""rotation"":0,""x"":0.5850000000000022,""y"":0.9000000000000008,""width"":99.35000000000001,""height"":59.21999999999999,""rectanglelabels"":[""AC""],""original_width"":4174.0,""original_height"":4829.0}]","","2025-08-06T09:40:40.584990Z"
6231,"1","2025-08-04T08:40:29.740447Z",15943,"https://iiif.irht.cnrs.fr/iiif/ark:/63955/vk7a1uc3qggb/full/1200,/0/default.jpg","[{""x"":0.44500000000000095,""y"":28.21,""width"":88.05,""height"":49.36,""rotation"":0,""rectanglelabels"":[""AC""],""original_width"":1200,""original_height"":1336},{""x"":0.1500000000000002,""y"":77.62144578313249,""width"":88.7197590361446,""height"":20.11855421686747,""rotation"":0,""rectanglelabels"":[""AI""],""original_width"":1200,""original_height"":1336},{""x"":0.5399999999999964,""y"":1.9003012048192776,""width"":87.98939759036143,""height"":26.34469879518071,""rotation"":0,""rectanglelabels"":[""AF""],""original_width"":1200,""original_height"":1336}]",11.041,"2025-08-04T08:40:29.740447Z"
6232,"1","2025-08-04T08:40:40.825688Z",15944,"https://iiif.irht.cnrs.fr/iiif/ark:/63955/vmk6ars9etke/full/1200,/0/default.jpg","[{""x"":14.314457831325322,""y"":3.259156626506015,""width"":85.68554216867467,""height"":88.94240963855424,""rotation"":0,""rectanglelabels"":[""AF""],""original_width"":1200,""original_height"":1388}]",7.598,"2025-08-04T08:40:40.825688Z"
6233,"1","2025-08-04T08:40:57.616580Z",15945,"https://iiif.irht.cnrs.fr/iiif/ark:/63955/vtdwmsyetwz0/full/1200,/0/default.jpg","[{""x"":6.552545208791686e-16,""y"":66.12596385542169,""width"":95.8931325301205,""height"":31.730000000000015,""rotation"":0,""rectanglelabels"":[""AI""],""original_width"":1200,""original_height"":1336},{""x"":0.14000000000000123,""y"":1.244999999999996,""width"":95.7,""height"":64.87,""rotation"":0,""rectanglelabels"":[""AC""],""original_width"":1200,""original_height"":1336}]",14.239,"2025-08-04T08:40:57.616580Z"
16235,"1","2025-08-06T09:40:40.584990Z",15946,"https://iiif.irht.cnrs.fr/iiif/ark:/63955/v71vj4m0kyn5/full/1200,/0/default.jpg","[{""rotation"":0,""x"":-0.004999999999999449,""y"":0.8149999999999991,""width"":99.92999999999999,""height"":59.709999999999994,""rectanglelabels"":[""AF""],""original_width"":4174.0,""original_height"":4829.0},{""rotation"":0,""x"":0.0,""y"":60.33,""width"":99.83999999999999,""height"":37.26,""rectanglelabels"":[""AI""],""original_width"":4174.0,""original_height"":4829.0}]","","2025-08-06T09:40:40.584990Z"
16236,"1","2025-08-06T09:40:40.584990Z",15947,"https://iiif.irht.cnrs.fr/iiif/ark:/63955/v4ywx7brsqk6/full/1200,/0/default.jpg","[{""rotation"":0,""x"":0.7899999999999963,""y"":0.7499999999999951,""width"":90.68,""height"":99.0,""rectanglelabels"":[""AM""],""original_width"":4338.0,""original_height"":4829.0}]","","2025-08-06T09:40:40.584990Z"
16237,"1","2025-08-06T09:40:40.584990Z",15948,"https://iiif.irht.cnrs.fr/iiif/ark:/63955/vaos936oubit/full/1200,/0/default.jpg","[{""rotation"":0,""x"":-0.004999999999999449,""y"":1.3500000000000012,""width"":98.13,""height"":97.5,""rectanglelabels"":[""AM""],""original_width"":4283.0,""original_height"":4784.0}]","","2025-08-06T09:40:40.584990Z"
16238,"1","2025-08-06T09:40:40.584990Z",15949,"https://iiif.irht.cnrs.fr/iiif/ark:/63955/vm7zlmthlupm/full/1200,/0/default.jpg","[{""rotation"":0,""x"":-0.004999999999999449,""y"":0.7599999999999996,""width"":99.91,""height"":67.2,""rectanglelabels"":[""AF""],""original_width"":4174.0,""original_height"":4829.0},{""rotation"":0,""x"":0.22499999999999742,""y"":67.81,""width"":99.59,""height"":29.68,""rectanglelabels"":[""AI""],""original_width"":4174.0,""original_height"":4829.0}]","","2025-08-06T09:40:40.584990Z"
16239,"1","2025-08-06T09:40:40.584990Z",15950,"https://iiif.irht.cnrs.fr/iiif/ark:/63955/vp8rc9bawhfv/full/1200,/0/default.jpg","[{""rotation"":0,""x"":0.20499999999999963,""y"":0.7250000000000034,""width"":91.71000000000001,""height"":65.45,""rectanglelabels"":[""AF""],""original_width"":4338.0,""original_height"":4829.0},{""rotation"":0,""x"":0.15499999999999958,""y"":65.94,""width"":94.37,""height"":32.0,""rectanglelabels"":[""AI""],""original_width"":4338.0,""original_height"":4829.0}]","","2025-08-06T09:40:40.584990Z"
16240,"1","2025-08-06T09:40:40.584990Z",15951,"https://iiif.irht.cnrs.fr/iiif/ark:/63955/vdc2p4vfp22w/full/1200,/0/default.jpg","[{""rotation"":0,""x"":0.004999999999999449,""y"":49.239999999999995,""width"":99.91,""height"":48.36,""rectanglelabels"":[""AI""],""original_width"":4174.0,""original_height"":4829.0},{""rotation"":0,""x"":0.0,""y"":0.6500000000000006,""width"":99.88,""height"":48.58,""rectanglelabels"":[""AF""],""original_width"":4174.0,""original_height"":4829.0}]","","2025-08-06T09:40:40.584990Z"
16241,"1","2025-08-06T09:40:40.584990Z",15952,"https://iiif.irht.cnrs.fr/iiif/ark:/63955/v1niu54oure3/full/1200,/0/default.jpg","[{""rotation"":0,""x"":0.17500000000000293,""y"":1.3450000000000017,""width"":91.27,""height"":37.31,""rectanglelabels"":[""AF""],""original_width"":4338.0,""original_height"":4829.0},{""rotation"":0,""x"":0.24000000000000132,""y"":38.705,""width"":90.66,""height"":60.550000000000004,""rectanglelabels"":[""AI""],""original_width"":4338.0,""original_height"":4829.0}]","","2025-08-06T09:40:40.584990Z"
16242,"1","2025-08-06T09:40:40.584990Z",15953,"https://iiif.irht.cnrs.fr/iiif/ark:/63955/viqcu09bf4ps/full/1200,/0/default.jpg","[{""rotation"":0,""x"":0.4100000000000048,""y"":0.4750000000000004,""width"":99.53999999999999,""height"":35.589999999999996,""rectanglelabels"":[""AF""],""original_width"":4174.0,""original_height"":4829.0},{""rotation"":0,""x"":0.004999999999999449,""y"":36.040000000000006,""width"":99.95,""height"":61.72,""rectanglelabels"":[""AC""],""original_width"":4174.0,""original_height"":4829.0}]","","2025-08-06T09:40:40.584990Z"
16243,"1","2025-08-06T09:40:40.584990Z",15954,"https://iiif.irht.cnrs.fr/iiif/ark:/63955/v7fw2ul5xi6l/full/1200,/0/default.jpg","[{""rotation"":0,""x"":0.09499999999999509,""y"":62.29,""width"":92.49000000000001,""height"":35.120000000000005,""rectanglelabels"":[""AI""],""original_width"":4338.0,""original_height"":4829.0},{""rotation"":0,""x"":0.0,""y"":1.1450000000000016,""width"":91.06,""height"":61.370000000000005,""rectanglelabels"":[""AC""],""original_width"":4338.0,""original_height"":4829.0}]","","2025-08-06T09:40:40.584990Z"
16244,"1","2025-08-06T09:40:40.584990Z",15955,"https://iiif.irht.cnrs.fr/iiif/ark:/63955/v11q5qkx4ofu/full/1200,/0/default.jpg","[{""rotation"":0,""x"":0.004999999999999449,""y"":0.37499999999999756,""width"":99.85000000000001,""height"":74.67,""rectanglelabels"":[""AF""],""original_width"":4228.0,""original_height"":4829.0},{""rotation"":0,""x"":0.08500000000000174,""y"":74.855,""width"":99.83,""height"":22.869999999999997,""rectanglelabels"":[""AI""],""original_width"":4228.0,""original_height"":4829.0}]","","2025-08-06T09:40:40.584990Z"
16245,"1","2025-08-06T09:40:40.584990Z",15956,"https://iiif.irht.cnrs.fr/iiif/ark:/63955/v0av9lbeb4lq/full/1200,/0/default.jpg","[{""rotation"":0,""x"":0.035000000000001696,""y"":54.26,""width"":91.03,""height"":42.980000000000004,""rectanglelabels"":[""AI""],""original_width"":4338.0,""original_height"":4829.0},{""rotation"":0,""x"":0.05999999999999894,""y"":1.0149999999999992,""width"":91.52,""height"":53.190000000000005,""rectanglelabels"":[""AF""],""original_width"":4338.0,""original_height"":4829.0}]","","2025-08-06T09:40:40.584990Z"
16246,"1","2025-08-06T09:40:40.584990Z",15957,"https://iiif.irht.cnrs.fr/iiif/ark:/63955/v1olnti5z371/full/1200,/0/default.jpg","[{""rotation"":0,""x"":0.0,""y"":46.38,""width"":99.82,""height"":51.300000000000004,""rectanglelabels"":[""AI""],""original_width"":4228.0,""original_height"":4829.0},{""rotation"":0,""x"":0.06500000000000394,""y"":0.6500000000000006,""width"":99.72999999999999,""height"":45.86,""rectanglelabels"":[""AF""],""original_width"":4228.0,""original_height"":4829.0}]","","2025-08-06T09:40:40.584990Z"
16247,"1","2025-08-06T09:40:40.584990Z",15958,"https://iiif.irht.cnrs.fr/iiif/ark:/63955/vudrfav3qq30/full/1200,/0/default.jpg","[{""rotation"":0,""x"":0.02000000000000335,""y"":56.19,""width"":89.34,""height"":41.099999999999994,""rectanglelabels"":[""AI""],""original_width"":4338.0,""original_height"":4829.0},{""rotation"":0,""x"":0.009999999999998899,""y"":0.5599999999999994,""width"":90.64,""height"":55.76,""rectanglelabels"":[""AF""],""original_width"":4338.0,""original_height"":4829.0}]","","2025-08-06T09:40:40.584990Z"
16248,"1","2025-08-06T09:40:40.584990Z",15959,"https://iiif.irht.cnrs.fr/iiif/ark:/63955/vieqv02w77bg/full/1200,/0/default.jpg","[{""rotation"":0,""x"":0.22499999999999742,""y"":0.770000000000004,""width"":99.75,""height"":99.0,""rectanglelabels"":[""AM""],""original_width"":3983.0,""original_height"":4829.0}]","","2025-08-06T09:40:40.584990Z"
16249,"1","2025-08-06T09:40:40.584990Z",15960,"https://iiif.irht.cnrs.fr/iiif/ark:/63955/vmdmysx2dn31/full/1200,/0/default.jpg","[{""rotation"":0,""x"":0.045000000000000595,""y"":0.4850000000000021,""width"":99.79,""height"":98.31,""rectanglelabels"":[""AM""],""original_width"":4228.0,""original_height"":4829.0}]","","2025-08-06T09:40:40.584990Z"
16250,"1","2025-08-06T09:40:40.584990Z",15961,"https://iiif.irht.cnrs.fr/iiif/ark:/63955/v9qurwuv3wqg/full/1200,/0/default.jpg","[{""rotation"":0,""x"":0.31500000000000417,""y"":0.6950000000000012,""width"":91.86999999999999,""height"":34.55,""rectanglelabels"":[""AF""],""original_width"":4338.0,""original_height"":4829.0},{""rotation"":0,""x"":0.10500000000000509,""y"":35.400000000000006,""width"":88.25,""height"":62.2,""rectanglelabels"":[""AI""],""original_width"":4338.0,""original_height"":4829.0}]","","2025-08-06T09:40:40.584990Z"
16251,"1","2025-08-06T09:40:40.584990Z",15962,"https://iiif.irht.cnrs.fr/iiif/ark:/63955/vn5qj8h9chwq/full/1200,/0/default.jpg","[{""rotation"":0,""x"":-0.004999999999999449,""y"":0.5049999999999999,""width"":99.89,""height"":64.95,""rectanglelabels"":[""AF""],""original_width"":4228.0,""original_height"":4829.0},{""rotation"":0,""x"":0.0,""y"":65.38999999999999,""width"":99.92,""height"":32.14,""rectanglelabels"":[""AC""],""original_width"":4228.0,""original_height"":4829.0}]","","2025-08-06T09:40:40.584990Z"
16252,"1","2025-08-06T09:40:40.584990Z",15963,"https://iiif.irht.cnrs.fr/iiif/ark:/63955/v3ui1wvp0xyq/full/1200,/0/default.jpg","[{""rotation"":0,""x"":0.050000000000000044,""y"":41.63,""width"":89.98,""height"":55.879999999999995,""rectanglelabels"":[""AI""],""original_width"":4338.0,""original_height"":4829.0},{""rotation"":0,""x"":0.23499999999999632,""y"":1.1399999999999992,""width"":87.25,""height"":40.46,""rectanglelabels"":[""AC""],""original_width"":4338.0,""original_height"":4829.0}]","","2025-08-06T09:40:40.584990Z"
16253,"1","2025-08-06T09:40:40.584990Z",15964,"https://iiif.irht.cnrs.fr/iiif/ark:/63955/vsqmnmqjc67h/full/1200,/0/default.jpg","[{""rotation"":0,""x"":0.004999999999999449,""y"":0.5249999999999977,""width"":99.89,""height"":60.650000000000006,""rectanglelabels"":[""AF""],""original_width"":4228.0,""original_height"":4829.0},{""rotation"":0,""x"":0.2900000000000069,""y"":61.10500000000001,""width"":99.53999999999999,""height"":36.41,""rectanglelabels"":[""AI""],""original_width"":4228.0,""original_height"":4829.0}]","","2025-08-06T09:40:40.584990Z"
6234,"1","2025-08-04T08:42:05.542209Z",15965,"https://iiif.irht.cnrs.fr/iiif/ark:/63955/vxqqe02wwszq/full/1200,/0/default.jpg","[{""x"":0.27086345381525423,""y"":3.597530120481931,""width"":85.12140562248999,""height"":81.08012048192774,""rotation"":0,""rectanglelabels"":[""AF""],""original_width"":1200,""original_height"":1336}]",5.464,"2025-08-04T08:42:05.542209Z"
16254,"1","2025-08-06T09:40:40.584990Z",15966,"https://iiif.irht.cnrs.fr/iiif/ark:/63955/vb1n7qn4oexe/full/1200,/0/default.jpg","[{""rotation"":0,""x"":1.3099999999999945,""y"":0.5799999999999972,""width"":98.66,""height"":98.18,""rectanglelabels"":[""AI""],""original_width"":4247.0,""original_height"":4829.0}]","","2025-08-06T09:40:40.584990Z"
6235,"1","2025-08-04T08:42:21.737729Z",15967,"https://iiif.irht.cnrs.fr/iiif/ark:/63955/v1k0r4cybuv1/full/1200,/0/default.jpg","[{""x"":0.11500000000000121,""y"":2.587710843373488,""width"":85.11590361445784,""height"":71.95349397590363,""rotation"":0,""rectanglelabels"":[""AF""],""original_width"":1200,""original_height"":1350}]",7.111,"2025-08-04T08:42:21.737729Z"
6236,"1","2025-08-04T08:42:26.264305Z",15968,"https://iiif.irht.cnrs.fr/iiif/ark:/63955/vka1m6xf6oq7/full/1200,/0/default.jpg","",3.494,"2025-08-04T08:42:26.264305Z"
6237,"1","2025-08-04T08:42:46.430464Z",15969,"https://iiif.irht.cnrs.fr/iiif/ark:/63955/vbyxz2md00ek/full/1200,/0/default.jpg","[{""x"":0.050000000000000044,""y"":1.1349999999999971,""width"":96.96000000000001,""height"":97.75,""rotation"":0,""rectanglelabels"":[""AI""],""original_width"":1200,""original_height"":1350}]",2.196,"2025-08-04T08:42:46.430464Z"
16255,"1","2025-08-06T09:40:40.584990Z",15970,"https://iiif.irht.cnrs.fr/iiif/ark:/63955/vxuvh5enkiy8/full/1200,/0/default.jpg","[{""rotation"":0,""x"":0.004999999999999449,""y"":2.365,""width"":91.27,""height"":96.89,""rectanglelabels"":[""AM""],""original_width"":4283.0,""original_height"":4784.0}]","","2025-08-06T09:40:40.584990Z"
16256,"1","2025-08-06T09:40:40.584990Z",15971,"https://iiif.irht.cnrs.fr/iiif/ark:/63955/v15pe309y2t9/full/1200,/0/default.jpg","[{""rotation"":0,""x"":0.0,""y"":24.23,""width"":99.94,""height"":74.68,""rectanglelabels"":[""AC""],""original_width"":4247.0,""original_height"":4829.0},{""rotation"":0,""x"":0.7500000000000062,""y"":0.31000000000000055,""width"":99.22,""height"":24.0,""rectanglelabels"":[""AF""],""original_width"":4247.0,""original_height"":4829.0}]","","2025-08-06T09:40:40.584990Z"
16257,"1","2025-08-06T09:40:40.588833Z",15972,"https://iiif.irht.cnrs.fr/iiif/ark:/63955/v3gf1wmqnt1l/full/1200,/0/default.jpg","[{""rotation"":0,""x"":0.01000000000000445,""y"":1.3999999999999957,""width"":89.46,""height"":97.7,""rectanglelabels"":[""AI""],""original_width"":4292.0,""original_height"":4829.0}]","","2025-08-06T09:40:40.588833Z"
16258,"1","2025-08-06T09:40:40.588833Z",15973,"https://iiif.irht.cnrs.fr/iiif/ark:/63955/vr0oddoes8gx/full/1200,/0/default.jpg","[{""rotation"":0,""x"":0.20000000000000018,""y"":0.5900000000000016,""width"":99.76,""height"":62.38,""rectanglelabels"":[""AF""],""original_width"":4247.0,""original_height"":4829.0},{""rotation"":0,""x"":1.1149999999999993,""y"":63.015,""width"":98.83,""height"":35.010000000000005,""rectanglelabels"":[""AI""],""original_width"":4247.0,""original_height"":4829.0}]","","2025-08-06T09:40:40.588833Z"
16259,"1","2025-08-06T09:40:40.588833Z",15974,"https://iiif.irht.cnrs.fr/iiif/ark:/63955/vyu1y3z0x94d/full/1200,/0/default.jpg","[{""rotation"":0,""x"":0.07999999999999674,""y"":0.8550000000000002,""width"":95.52000000000001,""height"":98.15,""rectanglelabels"":[""AM""],""original_width"":4292.0,""original_height"":4829.0}]","","2025-08-06T09:40:40.588833Z"
16260,"1","2025-08-06T09:40:40.588833Z",15975,"https://iiif.irht.cnrs.fr/iiif/ark:/63955/vo5aavx4xivy/full/1200,/0/default.jpg","[{""rotation"":0,""x"":0.0,""y"":0.5249999999999977,""width"":99.96000000000001,""height"":99.17,""rectanglelabels"":[""AM""],""original_width"":4247.0,""original_height"":4829.0}]","","2025-08-06T09:40:40.588833Z"
16261,"1","2025-08-06T09:40:40.588833Z",15976,"https://iiif.irht.cnrs.fr/iiif/ark:/63955/v69cvn44322y/full/1200,/0/default.jpg","[{""rotation"":0,""x"":0.07000000000000339,""y"":0.7050000000000001,""width"":99.03999999999999,""height"":98.22999999999999,""rectanglelabels"":[""AM""],""original_width"":4292.0,""original_height"":4829.0}]","","2025-08-06T09:40:40.588833Z"
16262,"1","2025-08-06T09:40:40.588833Z",15977,"https://iiif.irht.cnrs.fr/iiif/ark:/63955/v30231zc5d1b/full/1200,/0/default.jpg","[{""rotation"":0,""x"":0.025000000000002798,""y"":1.3550000000000006,""width"":99.91,""height"":97.92999999999999,""rectanglelabels"":[""AM""],""original_width"":4247.0,""original_height"":4829.0}]","","2025-08-06T09:40:40.588833Z"
16263,"1","2025-08-06T09:40:40.588833Z",15978,"https://iiif.irht.cnrs.fr/iiif/ark:/63955/vnb6lg44c3bl/full/1200,/0/default.jpg","[{""rotation"":0,""x"":0.06499999999999839,""y"":0.7350000000000023,""width"":98.47,""height"":97.83,""rectanglelabels"":[""AM""],""original_width"":4292.0,""original_height"":4829.0}]","","2025-08-06T09:40:40.588833Z"
16264,"1","2025-08-06T09:40:40.588833Z",15979,"https://iiif.irht.cnrs.fr/iiif/ark:/63955/vf68kacmcapc/full/1200,/0/default.jpg","[{""rotation"":0,""x"":2.215000000000006,""y"":27.590000000000003,""width"":97.72999999999999,""height"":23.82,""rectanglelabels"":[""AC""],""original_width"":4247.0,""original_height"":4829.0},{""rotation"":0,""x"":0.24000000000000132,""y"":51.315,""width"":99.72,""height"":46.33,""rectanglelabels"":[""AI""],""original_width"":4247.0,""original_height"":4829.0},{""rotation"":0,""x"":0.6849999999999967,""y"":0.6649999999999989,""width"":99.27,""height"":26.85,""rectanglelabels"":[""AF""],""original_width"":4247.0,""original_height"":4829.0}]","","2025-08-06T09:40:40.588833Z"
16265,"1","2025-08-06T09:40:40.588833Z",15980,"https://iiif.irht.cnrs.fr/iiif/ark:/63955/vdsec4jq5ueh/full/1200,/0/default.jpg","[{""rotation"":0,""x"":-0.004999999999999449,""y"":1.0399999999999965,""width"":90.05,""height"":97.96000000000001,""rectanglelabels"":[""AM""],""original_width"":4292.0,""original_height"":4829.0}]","","2025-08-06T09:40:40.588833Z"
16266,"1","2025-08-06T09:40:40.588833Z",15981,"https://iiif.irht.cnrs.fr/iiif/ark:/63955/va7chw6sf0at/full/1200,/0/default.jpg","[{""rotation"":0,""x"":1.21,""y"":0.6799999999999973,""width"":98.78,""height"":98.7,""rectanglelabels"":[""AM""],""original_width"":3983.0,""original_height"":4829.0}]","","2025-08-06T09:40:40.588833Z"
16267,"1","2025-08-06T09:40:40.588833Z",15982,"https://iiif.irht.cnrs.fr/iiif/ark:/63955/v1zy63a9evok/full/1200,/0/default.jpg","[{""rotation"":0,""x"":0.0,""y"":0.6149999999999989,""width"":99.98,""height"":98.95,""rectanglelabels"":[""AM""],""original_width"":4247.0,""original_height"":4829.0}]","","2025-08-06T09:40:40.588833Z"
16268,"1","2025-08-06T09:40:40.588833Z",15983,"https://iiif.irht.cnrs.fr/iiif/ark:/63955/v48ugv7rkk4c/full/1200,/0/default.jpg","[{""rotation"":0,""x"":0.18000000000000238,""y"":0.9349999999999997,""width"":98.8,""height"":41.81,""rectanglelabels"":[""AF""],""original_width"":4292.0,""original_height"":4829.0},{""rotation"":0,""x"":0.10999999999999899,""y"":42.574999999999996,""width"":92.86,""height"":55.03,""rectanglelabels"":[""AI""],""original_width"":4292.0,""original_height"":4829.0}]","","2025-08-06T09:40:40.588833Z"
16269,"1","2025-08-06T09:40:40.588833Z",15984,"https://iiif.irht.cnrs.fr/iiif/ark:/63955/vyhhh8ncm5dl/full/1200,/0/default.jpg","[{""rotation"":0,""x"":0.034999999999996145,""y"":25.515,""width"":99.95,""height"":73.37,""rectanglelabels"":[""AC""],""original_width"":4247.0,""original_height"":4829.0},{""rotation"":0,""x"":0.6199999999999983,""y"":0.4850000000000021,""width"":99.36,""height"":25.169999999999998,""rectanglelabels"":[""AF""],""original_width"":4247.0,""original_height"":4829.0}]","","2025-08-06T09:40:40.588833Z"
16270,"1","2025-08-06T09:40:40.588833Z",15985,"https://iiif.irht.cnrs.fr/iiif/ark:/63955/v3jpdt39hoeq/full/1200,/0/default.jpg","[{""rotation"":0,""x"":0.019999999999997797,""y"":74.19500000000001,""width"":95.22,""height"":23.09,""rectanglelabels"":[""AI""],""original_width"":4292.0,""original_height"":4829.0},{""rotation"":0,""x"":0.11499999999999844,""y"":0.9649999999999992,""width"":99.25,""height"":73.27,""rectanglelabels"":[""AC""],""original_width"":4292.0,""original_height"":4829.0}]","","2025-08-06T09:40:40.588833Z"
16271,"1","2025-08-06T09:40:40.588833Z",15986,"https://iiif.irht.cnrs.fr/iiif/ark:/63955/vjulqm6arj99/full/1200,/0/default.jpg","[{""rotation"":0,""x"":0.6850000000000023,""y"":0.63,""width"":99.22999999999999,""height"":48.199999999999996,""rectanglelabels"":[""AF""],""original_width"":4247.0,""original_height"":4829.0},{""rotation"":0,""x"":0.16000000000000458,""y"":48.8,""width"":99.83999999999999,""height"":49.059999999999995,""rectanglelabels"":[""AC""],""original_width"":4247.0,""original_height"":4829.0}]","","2025-08-06T09:40:40.588833Z"
16272,"1","2025-08-06T09:40:40.588833Z",15987,"https://iiif.irht.cnrs.fr/iiif/ark:/63955/v1qho33ugpx0/full/1200,/0/default.jpg","[{""rotation"":0,""x"":0.10000000000000009,""y"":0.7699999999999985,""width"":96.32,""height"":98.04,""rectanglelabels"":[""AC""],""original_width"":4292.0,""original_height"":4829.0}]","","2025-08-06T09:40:40.588833Z"
16273,"1","2025-08-06T09:40:40.588833Z",15988,"https://iiif.irht.cnrs.fr/iiif/ark:/63955/vebtilb7z2qu/full/1200,/0/default.jpg","[{""rotation"":0,""x"":0.4799999999999971,""y"":0.7599999999999996,""width"":99.46000000000001,""height"":68.24,""rectanglelabels"":[""AC""],""original_width"":4292.0,""original_height"":4829.0},{""rotation"":0,""x"":0.3349999999999964,""y"":68.88499999999999,""width"":99.63,""height"":28.77,""rectanglelabels"":[""AI""],""original_width"":4292.0,""original_height"":4829.0}]","","2025-08-06T09:40:40.588833Z"
6238,"1","2025-08-04T08:44:06.481865Z",15989,"https://iiif.irht.cnrs.fr/iiif/ark:/63955/vohhus8e1ifs/full/1200,/0/default.jpg","[{""x"":0.08000000000000018,""y"":67.18144578313252,""width"":97.18,""height"":30.54,""rotation"":0,""rectanglelabels"":[""AI""],""original_width"":1200,""original_height"":1350},{""x"":0.14000000000000123,""y"":0.830000000000003,""width"":99.22,""height"":66.44,""rotation"":0,""rectanglelabels"":[""AF""],""original_width"":1200,""original_height"":1350}]",2.741,"2025-08-04T08:44:06.481865Z"
16274,"1","2025-08-06T09:40:40.588833Z",15990,"https://iiif.irht.cnrs.fr/iiif/ark:/63955/vz3v3xctvc87/full/1200,/0/default.jpg","[{""rotation"":0,""x"":0.3149999999999986,""y"":0.49000000000000155,""width"":99.61,""height"":55.059999999999995,""rectanglelabels"":[""AF""],""original_width"":4292.0,""original_height"":4829.0},{""rotation"":0,""x"":0.9399999999999964,""y"":55.38000000000001,""width"":99.02,""height"":42.8,""rectanglelabels"":[""AI""],""original_width"":4292.0,""original_height"":4829.0}]","","2025-08-06T09:40:40.588833Z"
16275,"1","2025-08-06T09:40:40.588833Z",15991,"https://iiif.irht.cnrs.fr/iiif/ark:/63955/v6qtiyslpm96/full/1200,/0/default.jpg","[{""rotation"":0,""x"":0.09000000000000119,""y"":0.9549999999999975,""width"":97.96000000000001,""height"":49.830000000000005,""rectanglelabels"":[""AF""],""original_width"":4292.0,""original_height"":4829.0},{""rotation"":0,""x"":0.014999999999998348,""y"":50.824999999999996,""width"":90.63,""height"":46.63,""rectanglelabels"":[""AI""],""original_width"":4292.0,""original_height"":4829.0}]","","2025-08-06T09:40:40.588833Z"
16276,"1","2025-08-06T09:40:40.588833Z",15992,"https://iiif.irht.cnrs.fr/iiif/ark:/63955/vq6ut310fix9/full/1200,/0/default.jpg","[{""rotation"":0,""x"":0.0,""y"":2.0399999999999974,""width"":88.32,""height"":96.98,""rectanglelabels"":[""AM""],""original_width"":4283.0,""original_height"":4784.0}]","","2025-08-06T09:40:40.588833Z"
16277,"1","2025-08-06T09:40:40.588833Z",15993,"https://iiif.irht.cnrs.fr/iiif/ark:/63955/v44zdi1vxtv1/full/1200,/0/default.jpg","[{""rotation"":0,""x"":0.2799999999999969,""y"":28.835,""width"":99.66000000000001,""height"":46.03,""rectanglelabels"":[""AC""],""original_width"":4292.0,""original_height"":4829.0},{""rotation"":0,""x"":1.2299999999999978,""y"":0.605,""width"":98.74000000000001,""height"":28.17,""rectanglelabels"":[""AF""],""original_width"":4292.0,""original_height"":4829.0},{""rotation"":0,""x"":1.1950000000000016,""y"":74.74000000000001,""width"":98.77,""height"":22.88,""rectanglelabels"":[""AI""],""original_width"":4292.0,""original_height"":4829.0}]","","2025-08-06T09:40:40.588833Z"
16278,"1","2025-08-06T09:40:40.588833Z",15994,"https://iiif.irht.cnrs.fr/iiif/ark:/63955/voyz0svd02kr/full/1200,/0/default.jpg","[{""rotation"":0,""x"":0.09500000000000064,""y"":1.0749999999999982,""width"":98.37,""height"":59.57,""rectanglelabels"":[""AF""],""original_width"":4292.0,""original_height"":4829.0},{""rotation"":0,""x"":0.054999999999999494,""y"":60.6,""width"":91.25,""height"":36.96,""rectanglelabels"":[""AI""],""original_width"":4292.0,""original_height"":4829.0}]","","2025-08-06T09:40:40.588833Z"
16279,"1","2025-08-06T09:40:40.588833Z",15995,"https://iiif.irht.cnrs.fr/iiif/ark:/63955/vv3pooebylf3/full/1200,/0/default.jpg","[{""rotation"":0,""x"":2.0350000000000037,""y"":72.17,""width"":97.92999999999999,""height"":25.34,""rectanglelabels"":[""AI""],""original_width"":4292.0,""original_height"":4829.0},{""rotation"":0,""x"":-0.004999999999999449,""y"":0.5950000000000011,""width"":99.91,""height"":71.97,""rectanglelabels"":[""AF""],""original_width"":4292.0,""original_height"":4829.0}]","","2025-08-06T09:40:40.588833Z"
16280,"1","2025-08-06T09:40:40.588833Z",15996,"https://iiif.irht.cnrs.fr/iiif/ark:/63955/vksllojfjk4i/full/1200,/0/default.jpg","[{""rotation"":0,""x"":0.06499999999999839,""y"":49.455,""width"":90.71000000000001,""height"":48.07,""rectanglelabels"":[""AI""],""original_width"":4292.0,""original_height"":4829.0},{""rotation"":0,""x"":0.13500000000000179,""y"":1.2050000000000005,""width"":98.22999999999999,""height"":48.29,""rectanglelabels"":[""AF""],""original_width"":4292.0,""original_height"":4829.0}]","","2025-08-06T09:40:40.588833Z"
16281,"1","2025-08-06T09:40:40.588833Z",15997,"https://iiif.irht.cnrs.fr/iiif/ark:/63955/vk5afiah31d7/full/1200,/0/default.jpg","[{""rotation"":0,""x"":0.004999999999999449,""y"":40.18,""width"":99.97,""height"":58.120000000000005,""rectanglelabels"":[""AI""],""original_width"":4292.0,""original_height"":4829.0},{""rotation"":0,""x"":-0.004999999999999449,""y"":0.6400000000000017,""width"":99.87,""height"":39.58,""rectanglelabels"":[""AF""],""original_width"":4292.0,""original_height"":4829.0}]","","2025-08-06T09:40:40.588833Z"
16282,"1","2025-08-06T09:40:40.588833Z",15998,"https://iiif.irht.cnrs.fr/iiif/ark:/63955/vq2w5duqtxbl/full/1200,/0/default.jpg","[{""rotation"":0,""x"":0.19000000000000128,""y"":0.8299999999999974,""width"":92.72,""height"":98.04,""rectanglelabels"":[""AF""],""original_width"":4292.0,""original_height"":4829.0}]","","2025-08-06T09:40:40.588833Z"
16283,"1","2025-08-06T09:40:40.588833Z",15999,"https://iiif.irht.cnrs.fr/iiif/ark:/63955/vjx92ctngb7l/full/1200,/0/default.jpg","[{""rotation"":0,""x"":0.0,""y"":0.6099999999999994,""width"":99.98,""height"":98.34,""rectanglelabels"":[""AC""],""original_width"":4292.0,""original_height"":4829.0}]","","2025-08-06T09:40:40.588833Z"
16284,"1","2025-08-06T09:40:40.588833Z",16000,"https://iiif.irht.cnrs.fr/iiif/ark:/63955/vlm4w48xifok/full/1200,/0/default.jpg","[{""rotation"":0,""x"":0.15499999999999958,""y"":1.1800000000000033,""width"":95.75,""height"":97.3,""rectanglelabels"":[""AC""],""original_width"":4292.0,""original_height"":4829.0}]","","2025-08-06T09:40:40.588833Z"
16285,"1","2025-08-06T09:40:40.588833Z",16001,"https://iiif.irht.cnrs.fr/iiif/ark:/63955/vbuy6kr3wdnt/full/1200,/0/default.jpg","[{""rotation"":0,""x"":-0.004999999999999449,""y"":0.8299999999999974,""width"":99.97,""height"":97.58,""rectanglelabels"":[""AC""],""original_width"":4292.0,""original_height"":4829.0}]","","2025-08-06T09:40:40.588833Z"
16286,"1","2025-08-06T09:40:40.588833Z",16002,"https://iiif.irht.cnrs.fr/iiif/ark:/63955/vnq5gemsm8e8/full/1200,/0/default.jpg","[{""rotation"":0,""x"":0.15500000000000513,""y"":1.040000000000002,""width"":93.39,""height"":97.92,""rectanglelabels"":[""AC""],""original_width"":4292.0,""original_height"":4829.0}]","","2025-08-06T09:40:40.588833Z"
6239,"1","2025-08-04T08:45:06.769601Z",16003,"https://iiif.irht.cnrs.fr/iiif/ark:/63955/veyl71f840hh/full/1200,/0/default.jpg","",4.776,"2025-08-04T08:45:06.769601Z"
16287,"1","2025-08-06T09:40:40.588833Z",16004,"https://iiif.irht.cnrs.fr/iiif/ark:/63955/vefft20b08m8/full/1200,/0/default.jpg","[{""rotation"":0,""x"":0.940000000000002,""y"":0.37000000000000366,""width"":99.06,""height"":99.24,""rectanglelabels"":[""AM""],""original_width"":3983.0,""original_height"":4829.0}]","","2025-08-06T09:40:40.588833Z"
16288,"1","2025-08-06T09:40:40.588833Z",16005,"https://iiif.irht.cnrs.fr/iiif/ark:/63955/vcadk8w0xhbr/full/1200,/0/default.jpg","[{""rotation"":0,""x"":0.5950000000000011,""y"":0.6449999999999956,""width"":99.39,""height"":98.45,""rectanglelabels"":[""AC""],""original_width"":4292.0,""original_height"":4829.0}]","","2025-08-06T09:40:40.588833Z"
16289,"1","2025-08-06T09:40:40.588833Z",16006,"https://iiif.irht.cnrs.fr/iiif/ark:/63955/vfhc7l8l919z/full/1200,/0/default.jpg","[{""rotation"":0,""x"":0.035000000000001696,""y"":0.8000000000000007,""width"":99.09,""height"":97.58,""rectanglelabels"":[""AI""],""original_width"":4292.0,""original_height"":4829.0}]","","2025-08-06T09:40:40.588833Z"
16290,"1","2025-08-06T09:40:40.588833Z",16007,"https://iiif.irht.cnrs.fr/iiif/ark:/63955/v7pdtiz1w8e7/full/1200,/0/default.jpg","[{""rotation"":0,""x"":0.17500000000000293,""y"":0.7199999999999984,""width"":99.79,""height"":69.12,""rectanglelabels"":[""AF""],""original_width"":4292.0,""original_height"":4829.0},{""rotation"":0,""x"":1.4100000000000001,""y"":70.01,""width"":98.54,""height"":27.639999999999997,""rectanglelabels"":[""AI""],""original_width"":4292.0,""original_height"":4829.0}]","","2025-08-06T09:40:40.588833Z"
16291,"1","2025-08-06T09:40:40.588833Z",16008,"https://iiif.irht.cnrs.fr/iiif/ark:/63955/vmzfizc0a4fs/full/1200,/0/default.jpg","[{""rotation"":0,""x"":0.0,""y"":1.1149999999999993,""width"":90.96,""height"":97.71,""rectanglelabels"":[""AM""],""original_width"":4256.0,""original_height"":4829.0}]","","2025-08-06T09:40:40.588833Z"
16292,"1","2025-08-06T09:40:40.588833Z",16009,"https://iiif.irht.cnrs.fr/iiif/ark:/63955/vgndo8mqhmx7/full/1200,/0/default.jpg","[{""rotation"":0,""x"":0.0,""y"":0.6599999999999995,""width"":99.98,""height"":98.46000000000001,""rectanglelabels"":[""AM""],""original_width"":4292.0,""original_height"":4829.0}]","","2025-08-06T09:40:40.588833Z"
16293,"1","2025-08-06T09:40:40.588833Z",16010,"https://iiif.irht.cnrs.fr/iiif/ark:/63955/v0rq0tm87tv6/full/1200,/0/default.jpg","[{""rotation"":0,""x"":0.0,""y"":1.0050000000000003,""width"":90.8,""height"":97.81,""rectanglelabels"":[""AM""],""original_width"":4256.0,""original_height"":4829.0}]","","2025-08-06T09:40:40.588833Z"
16294,"1","2025-08-06T09:40:40.588833Z",16011,"https://iiif.irht.cnrs.fr/iiif/ark:/63955/v9e5megqu87h/full/1200,/0/default.jpg","[{""rotation"":0,""x"":0.16000000000000458,""y"":0.6599999999999995,""width"":99.82,""height"":97.92,""rectanglelabels"":[""AM""],""original_width"":4292.0,""original_height"":4829.0}]","","2025-08-06T09:40:40.588833Z"
16295,"1","2025-08-06T09:40:40.588833Z",16012,"https://iiif.irht.cnrs.fr/iiif/ark:/63955/vmvq9m8vjgvb/full/1200,/0/default.jpg","[{""rotation"":0,""x"":0.16000000000000458,""y"":0.7450000000000012,""width"":96.72,""height"":68.43,""rectanglelabels"":[""AF""],""original_width"":4256.0,""original_height"":4829.0},{""rotation"":0,""x"":0.06999999999999784,""y"":69.305,""width"":98.18,""height"":28.03,""rectanglelabels"":[""AI""],""original_width"":4256.0,""original_height"":4829.0}]","","2025-08-06T09:40:40.588833Z"
16296,"1","2025-08-06T09:40:40.588833Z",16013,"https://iiif.irht.cnrs.fr/iiif/ark:/63955/v6v4t4cm0iwe/full/1200,/0/default.jpg","[{""rotation"":0,""x"":-0.004999999999999449,""y"":0.6599999999999995,""width"":99.99,""height"":98.02,""rectanglelabels"":[""AM""],""original_width"":4292.0,""original_height"":4829.0}]","","2025-08-06T09:40:40.588833Z"
16297,"1","2025-08-06T09:40:40.588833Z",16014,"https://iiif.irht.cnrs.fr/iiif/ark:/63955/vois48ndf4zb/full/1200,/0/default.jpg","[{""rotation"":0,""x"":0.0,""y"":0.7000000000000006,""width"":90.60000000000001,""height"":97.72,""rectanglelabels"":[""AM""],""original_width"":4256.0,""original_height"":4829.0}]","","2025-08-06T09:40:40.588833Z"
16298,"1","2025-08-06T09:40:40.588833Z",16015,"https://iiif.irht.cnrs.fr/iiif/ark:/63955/vl35rwkr7did/full/1200,/0/default.jpg","[{""rotation"":0,""x"":0.20000000000000018,""y"":1.6399999999999997,""width"":96.96000000000001,""height"":29.24,""rectanglelabels"":[""AF""],""original_width"":4283.0,""original_height"":4829.0},{""rotation"":0,""x"":0.030000000000002247,""y"":30.880000000000003,""width"":89.84,""height"":67.47999999999999,""rectanglelabels"":[""AI""],""original_width"":4283.0,""original_height"":4829.0}]","","2025-08-06T09:40:40.588833Z"
16299,"1","2025-08-06T09:40:40.588833Z",16016,"https://iiif.irht.cnrs.fr/iiif/ark:/63955/vv8x34hj0sqw/full/1200,/0/default.jpg","[{""rotation"":0,""x"":0.004999999999999449,""y"":0.8699999999999986,""width"":99.92999999999999,""height"":58.96,""rectanglelabels"":[""AF""],""original_width"":4292.0,""original_height"":4829.0},{""rotation"":0,""x"":1.6849999999999976,""y"":59.644999999999996,""width"":98.27,""height"":37.830000000000005,""rectanglelabels"":[""AI""],""original_width"":4292.0,""original_height"":4829.0}]","","2025-08-06T09:40:40.588833Z"
16300,"1","2025-08-06T09:40:40.588833Z",16017,"https://iiif.irht.cnrs.fr/iiif/ark:/63955/vxj0961s2fhk/full/1200,/0/default.jpg","[{""rotation"":0,""x"":0.040000000000001146,""y"":49.765,""width"":96.36,""height"":47.81,""rectanglelabels"":[""AI""],""original_width"":4256.0,""original_height"":4829.0},{""rotation"":0,""x"":0.11500000000000399,""y"":0.7500000000000007,""width"":98.21,""height"":49.1,""rectanglelabels"":[""AF""],""original_width"":4256.0,""original_height"":4829.0}]","","2025-08-06T09:40:40.588833Z"
16301,"1","2025-08-06T09:40:40.588833Z",16018,"https://iiif.irht.cnrs.fr/iiif/ark:/63955/v8mtvz90zkv7/full/1200,/0/default.jpg","[{""rotation"":0,""x"":-0.0050000000000050004,""y"":0.6299999999999972,""width"":99.95,""height"":66.5,""rectanglelabels"":[""AF""],""original_width"":4292.0,""original_height"":4829.0},{""rotation"":0,""x"":0.5700000000000038,""y"":66.93,""width"":99.38,""height"":30.380000000000003,""rectanglelabels"":[""AI""],""original_width"":4292.0,""original_height"":4829.0}]","","2025-08-06T09:40:40.588833Z"
16302,"1","2025-08-06T09:40:40.588833Z",16019,"https://iiif.irht.cnrs.fr/iiif/ark:/63955/vizbzjcs98qt/full/1200,/0/default.jpg","[{""rotation"":0,""x"":0.0,""y"":1.2900000000000023,""width"":90.75999999999999,""height"":97.54,""rectanglelabels"":[""AM""],""original_width"":4256.0,""original_height"":4829.0}]","","2025-08-06T09:40:40.588833Z"
16303,"1","2025-08-06T09:40:40.588833Z",16020,"https://iiif.irht.cnrs.fr/iiif/ark:/63955/v9zzas2q9nyv/full/1200,/0/default.jpg","[{""rotation"":0,""x"":0.004999999999999449,""y"":0.714999999999999,""width"":99.97,""height"":54.03,""rectanglelabels"":[""AF""],""original_width"":4292.0,""original_height"":4829.0},{""rotation"":0,""x"":0.004999999999999449,""y"":54.61,""width"":99.95,""height"":43.120000000000005,""rectanglelabels"":[""AI""],""original_width"":4292.0,""original_height"":4829.0}]","","2025-08-06T09:40:40.588833Z"
6240,"1","2025-08-04T08:46:47.182473Z",16021,"https://iiif.irht.cnrs.fr/iiif/ark:/63955/vguvqvuaq1tq/full/1200,/0/default.jpg","[{""x"":0.12499999999999734,""y"":0.9300000000000003,""width"":96.97,""height"":46.32,""rotation"":0,""rectanglelabels"":[""AF""],""original_width"":1200,""original_height"":1362},{""x"":0,""y"":54.48487951807228,""width"":96.33999999999999,""height"":43.32012048192774,""rotation"":0,""rectanglelabels"":[""AI""],""original_width"":1200,""original_height"":1362},{""x"":0,""y"":47.34644578313252,""width"":96.95180722891564,""height"":7.2904819277108635,""rotation"":0,""rectanglelabels"":[""AC""],""original_width"":1200,""original_height"":1362}]",35.839,"2025-08-04T14:11:10.057373Z"
6241,"1","2025-08-04T08:48:22.426135Z",16022,"https://iiif.irht.cnrs.fr/iiif/ark:/63955/vdt9qmjycc7c/full/1200,/0/default.jpg","[{""x"":15.752891566265056,""y"":2.8915662650602547,""width"":84.24710843373492,""height"":77.16132530120483,""rotation"":0,""rectanglelabels"":[""AF""],""original_width"":1200,""original_height"":1350}]",16.096,"2025-08-04T08:48:22.426135Z"
16304,"1","2025-08-06T09:40:40.588833Z",16023,"https://iiif.irht.cnrs.fr/iiif/ark:/63955/vch4e7e26ai1/full/1200,/0/default.jpg","[{""rotation"":0,""x"":0.019999999999997797,""y"":1.4799999999999924,""width"":92.74,""height"":97.94,""rectanglelabels"":[""AI""],""original_width"":4256.0,""original_height"":4829.0}]","","2025-08-06T09:40:40.588833Z"
16305,"1","2025-08-06T09:40:40.588833Z",16024,"https://iiif.irht.cnrs.fr/iiif/ark:/63955/v59wzjn1ddf6/full/1200,/0/default.jpg","[{""rotation"":0,""x"":0.0,""y"":0.660000000000005,""width"":100.0,""height"":99.0,""rectanglelabels"":[""AM""],""original_width"":4292.0,""original_height"":4829.0}]","","2025-08-06T09:40:40.588833Z"
16306,"1","2025-08-06T09:40:40.590839Z",16025,"https://iiif.irht.cnrs.fr/iiif/ark:/63955/vm5s635ibhvt/full/1200,/0/default.jpg","[{""rotation"":0,""x"":0.004999999999999449,""y"":0.58,""width"":99.79,""height"":25.180000000000003,""rectanglelabels"":[""AF""],""original_width"":4256.0,""original_height"":4829.0},{""rotation"":0,""x"":0.0,""y"":25.71999999999999,""width"":93.36,""height"":73.86,""rectanglelabels"":[""AI""],""original_width"":4256.0,""original_height"":4829.0}]","","2025-08-06T09:40:40.590839Z"
16307,"1","2025-08-06T09:40:40.590839Z",16026,"https://iiif.irht.cnrs.fr/iiif/ark:/63955/v8bhacwsa67p/full/1200,/0/default.jpg","[{""rotation"":0,""x"":0.7600000000000051,""y"":0.7099999999999995,""width"":99.24,""height"":60.62,""rectanglelabels"":[""AF""],""original_width"":3983.0,""original_height"":4829.0},{""rotation"":0,""x"":0.5350000000000021,""y"":60.935,""width"":99.47,""height"":38.43,""rectanglelabels"":[""AI""],""original_width"":3983.0,""original_height"":4829.0}]","","2025-08-06T09:40:40.590839Z"
16308,"1","2025-08-06T09:40:40.590839Z",16027,"https://iiif.irht.cnrs.fr/iiif/ark:/63955/vm900c7bu8g4/full/1200,/0/default.jpg","[{""rotation"":0,""x"":0.4349999999999965,""y"":0.6450000000000011,""width"":99.57000000000001,""height"":43.05,""rectanglelabels"":[""AF""],""original_width"":4292.0,""original_height"":4829.0},{""rotation"":0,""x"":0.030000000000002247,""y"":43.775000000000006,""width"":99.94,""height"":54.11,""rectanglelabels"":[""AI""],""original_width"":4292.0,""original_height"":4829.0}]","","2025-08-06T09:40:40.590839Z"
16309,"1","2025-08-06T09:40:40.592844Z",16028,"https://iiif.irht.cnrs.fr/iiif/ark:/63955/v5gosi15x8s3/full/1200,/0/default.jpg","[{""rotation"":0,""x"":0.11999999999999789,""y"":1.0300000000000002,""width"":96.84,""height"":38.9,""rectanglelabels"":[""AF""],""original_width"":4256.0,""original_height"":4829.0},{""rotation"":0,""x"":0.01000000000000445,""y"":39.885000000000005,""width"":90.36,""height"":59.27,""rectanglelabels"":[""AI""],""original_width"":4256.0,""original_height"":4829.0}]","","2025-08-06T09:40:40.592844Z"
16310,"1","2025-08-06T09:40:40.592844Z",16029,"https://iiif.irht.cnrs.fr/iiif/ark:/63955/v0y76ginbb9l/full/1200,/0/default.jpg","[{""rotation"":0,""x"":0.0,""y"":28.030000000000005,""width"":99.98,""height"":71.06,""rectanglelabels"":[""AI""],""original_width"":4292.0,""original_height"":4829.0},{""rotation"":0,""x"":0.08499999999999619,""y"":0.47499999999999765,""width"":99.91,""height"":27.450000000000003,""rectanglelabels"":[""AF""],""original_width"":4292.0,""original_height"":4829.0}]","","2025-08-06T09:40:40.592844Z"
16311,"1","2025-08-06T09:40:40.592844Z",16030,"https://iiif.irht.cnrs.fr/iiif/ark:/63955/vcaxjlss2wyi/full/1200,/0/default.jpg","[{""rotation"":0,""x"":0.030000000000002247,""y"":29.645,""width"":91.44,""height"":69.57,""rectanglelabels"":[""AI""],""original_width"":4219.0,""original_height"":4829.0},{""rotation"":0,""x"":0.22999999999999687,""y"":0.739999999999999,""width"":97.06,""height"":28.96,""rectanglelabels"":[""AF""],""original_width"":4219.0,""original_height"":4829.0}]","","2025-08-06T09:40:40.592844Z"
16312,"1","2025-08-06T09:40:40.592844Z",16031,"https://iiif.irht.cnrs.fr/iiif/ark:/63955/vkq0mvyuo1vm/full/1200,/0/default.jpg","[{""rotation"":0,""x"":0.9850000000000025,""y"":0.22000000000000075,""width"":99.00999999999999,""height"":32.96,""rectanglelabels"":[""AF""],""original_width"":4292.0,""original_height"":4829.0},{""rotation"":0,""x"":2.940000000000004,""y"":33.01,""width"":97.06,""height"":65.48,""rectanglelabels"":[""AI""],""original_width"":4292.0,""original_height"":4829.0}]","","2025-08-06T09:40:40.592844Z"
16313,"1","2025-08-06T09:40:40.592844Z",16032,"https://iiif.irht.cnrs.fr/iiif/ark:/63955/v813roe2y0e9/full/1200,/0/default.jpg","[{""rotation"":0,""x"":0.009999999999998899,""y"":36.910000000000004,""width"":84.6,""height"":62.44,""rectanglelabels"":[""AI""],""original_width"":4219.0,""original_height"":4829.0},{""rotation"":0,""x"":0.24000000000000132,""y"":0.8050000000000002,""width"":92.78,""height"":36.07,""rectanglelabels"":[""AF""],""original_width"":4219.0,""original_height"":4829.0}]","","2025-08-06T09:40:40.592844Z"
16314,"1","2025-08-06T09:40:40.592844Z",16033,"https://iiif.irht.cnrs.fr/iiif/ark:/63955/vyyurrxnpf8f/full/1200,/0/default.jpg","[{""rotation"":0,""x"":18.819999999999997,""y"":34.15,""width"":81.17999999999999,""height"":64.42,""rectanglelabels"":[""AI""],""original_width"":4292.0,""original_height"":4829.0},{""rotation"":0,""x"":0.5450000000000066,""y"":1.0300000000000002,""width"":99.42999999999999,""height"":33.06,""rectanglelabels"":[""AF""],""original_width"":4292.0,""original_height"":4829.0}]","","2025-08-06T09:40:40.592844Z"
16315,"1","2025-08-06T09:40:40.592844Z",16034,"https://iiif.irht.cnrs.fr/iiif/ark:/63955/vgubfpzgklpl/full/1200,/0/default.jpg","[{""rotation"":0,""x"":0.029999999999996696,""y"":32.62500000000001,""width"":91.60000000000001,""height"":65.51,""rectanglelabels"":[""AC""],""original_width"":4219.0,""original_height"":4829.0},{""rotation"":0,""x"":0.0,""y"":0.15000000000000013,""width"":100.0,""height"":32.56,""rectanglelabels"":[""AF""],""original_width"":4219.0,""original_height"":4829.0}]","","2025-08-06T09:40:40.592844Z"
16316,"1","2025-08-06T09:40:40.592844Z",16035,"https://iiif.irht.cnrs.fr/iiif/ark:/63955/voga3i84xh2v/full/1200,/0/default.jpg","[{""rotation"":0,""x"":0.0,""y"":0.5599999999999994,""width"":100.0,""height"":97.64,""rectanglelabels"":[""AI""],""original_width"":4292.0,""original_height"":4838.0}]","","2025-08-06T09:40:40.592844Z"
16317,"1","2025-08-06T09:40:40.592844Z",16036,"https://iiif.irht.cnrs.fr/iiif/ark:/63955/vctn9hcpqs6l/full/1200,/0/default.jpg","[{""rotation"":0,""x"":0.07000000000000339,""y"":0.2799999999999969,""width"":93.58,""height"":98.26,""rectanglelabels"":[""AM""],""original_width"":4219.0,""original_height"":4829.0}]","","2025-08-06T09:40:40.592844Z"
16318,"1","2025-08-06T09:40:40.592844Z",16037,"https://iiif.irht.cnrs.fr/iiif/ark:/63955/vm0smbsvx1g1/full/1200,/0/default.jpg","[{""rotation"":0,""x"":0.004999999999999449,""y"":0.714999999999999,""width"":99.95,""height"":53.03,""rectanglelabels"":[""AF""],""original_width"":4283.0,""original_height"":4829.0},{""rotation"":0,""x"":0.08499999999999619,""y"":53.26499999999999,""width"":93.41000000000001,""height"":44.55,""rectanglelabels"":[""AI""],""original_width"":4283.0,""original_height"":4829.0}]","","2025-08-06T09:40:40.592844Z"
16319,"1","2025-08-06T09:40:40.592844Z",16038,"https://iiif.irht.cnrs.fr/iiif/ark:/63955/v4la32uprfe8/full/1200,/0/default.jpg","[{""rotation"":0,""x"":-0.004999999999999449,""y"":0.4500000000000004,""width"":99.99,""height"":98.36,""rectanglelabels"":[""AM""],""original_width"":4329.0,""original_height"":4802.0}]","","2025-08-06T09:40:40.592844Z"
16320,"1","2025-08-06T09:40:40.592844Z",16039,"https://iiif.irht.cnrs.fr/iiif/ark:/63955/vqirymogpktj/full/1200,/0/default.jpg","[{""rotation"":0,""x"":0.1250000000000029,""y"":0.19500000000000073,""width"":89.23,""height"":98.41,""rectanglelabels"":[""AM""],""original_width"":4219.0,""original_height"":4829.0}]","","2025-08-06T09:40:40.592844Z"
6242,"1","2025-08-04T08:49:52.365270Z",16040,"https://iiif.irht.cnrs.fr/iiif/ark:/63955/v731ktrdzchl/full/1200,/0/default.jpg","[{""x"":15.14616465863454,""y"":2.8631927710843375,""width"":84.85383534136545,""height"":51.76542168674698,""rotation"":0,""rectanglelabels"":[""AF""],""original_width"":1200,""original_height"":1331}]",6.419,"2025-08-04T08:49:52.365270Z"
16321,"1","2025-08-06T09:40:40.592844Z",16041,"https://iiif.irht.cnrs.fr/iiif/ark:/63955/vmlnhafxpnn7/full/1200,/0/default.jpg","[{""rotation"":0,""x"":0.05999999999999894,""y"":0.34500000000000086,""width"":89.92,""height"":98.50999999999999,""rectanglelabels"":[""AI""],""original_width"":4219.0,""original_height"":4829.0}]","","2025-08-06T09:40:40.592844Z"
16322,"1","2025-08-06T09:40:40.592844Z",16042,"https://iiif.irht.cnrs.fr/iiif/ark:/63955/vfmu32kow3vz/full/1200,/0/default.jpg","[{""rotation"":0,""x"":0.4999999999999949,""y"":0.42999999999999705,""width"":99.5,""height"":98.64,""rectanglelabels"":[""AM""],""original_width"":4329.0,""original_height"":4802.0}]","","2025-08-06T09:40:40.592844Z"
16323,"1","2025-08-06T09:40:40.592844Z",16043,"https://iiif.irht.cnrs.fr/iiif/ark:/63955/v5gswts9bdvw/full/1200,/0/default.jpg","[{""rotation"":0,""x"":0.16999999999999793,""y"":0.15499999999999958,""width"":88.46000000000001,""height"":99.22999999999999,""rectanglelabels"":[""AF""],""original_width"":4219.0,""original_height"":4829.0}]","","2025-08-06T09:40:40.592844Z"
16324,"1","2025-08-06T09:40:40.592844Z",16044,"https://iiif.irht.cnrs.fr/iiif/ark:/63955/v1d7gaw4x4jj/full/1200,/0/default.jpg","[{""rotation"":0,""x"":0.3099999999999936,""y"":0.5249999999999977,""width"":99.68,""height"":98.45,""rectanglelabels"":[""AI""],""original_width"":4329.0,""original_height"":4802.0}]","","2025-08-06T09:40:40.592844Z"
16325,"1","2025-08-06T09:40:40.592844Z",16045,"https://iiif.irht.cnrs.fr/iiif/ark:/63955/vznmjbin7iso/full/1200,/0/default.jpg","[{""rotation"":0,""x"":0.019999999999997797,""y"":32.099999999999994,""width"":92.82000000000001,""height"":66.14,""rectanglelabels"":[""AI""],""original_width"":4219.0,""original_height"":4829.0},{""rotation"":0,""x"":0.12000000000000344,""y"":0.08499999999999897,""width"":99.88,""height"":31.95,""rectanglelabels"":[""AF""],""original_width"":4219.0,""original_height"":4829.0}]","","2025-08-06T09:40:40.592844Z"
16326,"1","2025-08-06T09:40:40.592844Z",16046,"https://iiif.irht.cnrs.fr/iiif/ark:/63955/vbph3ysgupi7/full/1200,/0/default.jpg","[{""rotation"":0,""x"":0.269999999999998,""y"":0.33999999999999586,""width"":99.72,""height"":98.56,""rectanglelabels"":[""AM""],""original_width"":4329.0,""original_height"":4802.0}]","","2025-08-06T09:40:40.592844Z"
16327,"1","2025-08-06T09:40:40.592844Z",16047,"https://iiif.irht.cnrs.fr/iiif/ark:/63955/vwyhs3fwnzva/full/1200,/0/default.jpg","[{""rotation"":0,""x"":0.0,""y"":0.36499999999999866,""width"":92.10000000000001,""height"":98.11,""rectanglelabels"":[""AM""],""original_width"":4219.0,""original_height"":4829.0}]","","2025-08-06T09:40:40.592844Z"
6243,"1","2025-08-04T08:50:26.279214Z",16048,"https://iiif.irht.cnrs.fr/iiif/ark:/63955/v67xrz54hjdt/full/1200,/0/default.jpg","[{""x"":1.5650000000000053,""y"":0.5000000000000004,""width"":98.42999999999999,""height"":34.94,""rotation"":0,""rectanglelabels"":[""AF""],""original_width"":1200,""original_height"":1455},{""x"":0.30999999999999844,""y"":35.46,""width"":99.68999999999998,""height"":64.53999999999999,""rotation"":0,""rectanglelabels"":[""AI""],""original_width"":1200,""original_height"":1455}]",3.265,"2025-08-04T08:50:26.279214Z"
16328,"1","2025-08-06T09:40:40.592844Z",16049,"https://iiif.irht.cnrs.fr/iiif/ark:/63955/vlfm42tmvhxk/full/1200,/0/default.jpg","[{""rotation"":0,""x"":0.8149999999999991,""y"":0.7749999999999979,""width"":99.17,""height"":98.19,""rectanglelabels"":[""AM""],""original_width"":4329.0,""original_height"":4802.0}]","","2025-08-06T09:40:40.592844Z"
16329,"1","2025-08-06T09:40:40.592844Z",16050,"https://iiif.irht.cnrs.fr/iiif/ark:/63955/vz0ishdh0kdy/full/1200,/0/default.jpg","[{""rotation"":0,""x"":0.23500000000000187,""y"":0.10999999999999899,""width"":91.83,""height"":98.34,""rectanglelabels"":[""AF""],""original_width"":4219.0,""original_height"":4829.0}]","","2025-08-06T09:40:40.592844Z"
16330,"1","2025-08-06T09:40:40.592844Z",16051,"https://iiif.irht.cnrs.fr/iiif/ark:/63955/v262i3phz02e/full/1200,/0/default.jpg","[{""rotation"":0,""x"":0.4149999999999987,""y"":1.4399999999999968,""width"":99.57000000000001,""height"":97.16,""rectanglelabels"":[""AI""],""original_width"":4329.0,""original_height"":4802.0}]","","2025-08-06T09:40:40.592844Z"
16331,"1","2025-08-06T09:40:40.592844Z",16052,"https://iiif.irht.cnrs.fr/iiif/ark:/63955/vm6hgtcxqxxr/full/1200,/0/default.jpg","[{""rotation"":0,""x"":0.17000000000000348,""y"":69.82000000000001,""width"":94.19999999999999,""height"":27.62,""rectanglelabels"":[""AI""],""original_width"":4219.0,""original_height"":4829.0},{""rotation"":0,""x"":0.15500000000000513,""y"":0.20999999999999908,""width"":98.22999999999999,""height"":69.44,""rectanglelabels"":[""AF""],""original_width"":4219.0,""original_height"":4829.0}]","","2025-08-06T09:40:40.592844Z"
6244,"1","2025-08-04T08:51:14.090240Z",16053,"https://iiif.irht.cnrs.fr/iiif/ark:/63955/vgq9t79el8gr/full/1200,/0/default.jpg","[{""x"":4.760000000000003,""y"":27.084999999999997,""width"":95.22,""height"":18.15,""rotation"":0,""rectanglelabels"":[""AC""],""original_width"":1200,""original_height"":1331},{""x"":4.6963052208835325,""y"":2.440783132530122,""width"":95.28369477911647,""height"":24.564216867469824,""rotation"":0,""rectanglelabels"":[""AF""],""original_width"":1200,""original_height"":1331},{""x"":4.67720883534136,""y"":45.42,""width"":95.32279116465861,""height"":52.17807228915664,""rotation"":0,""rectanglelabels"":[""AC""],""original_width"":1200,""original_height"":1331}]",22.448,"2025-08-04T08:51:14.090240Z"
16332,"1","2025-08-06T09:40:40.592844Z",16054,"https://iiif.irht.cnrs.fr/iiif/ark:/63955/vayu0fu0i8np/full/1200,/0/default.jpg","[{""rotation"":0,""x"":0.029999999999996696,""y"":32.09,""width"":88.68,""height"":23.48,""rectanglelabels"":[""AC""],""original_width"":4219.0,""original_height"":4829.0},{""rotation"":0,""x"":0.004999999999999449,""y"":0.3150000000000014,""width"":89.63,""height"":31.669999999999998,""rectanglelabels"":[""AC""],""original_width"":4219.0,""original_height"":4829.0},{""rotation"":0,""x"":0.014999999999998348,""y"":55.61000000000001,""width"":91.59,""height"":42.24,""rectanglelabels"":[""AI""],""original_width"":4219.0,""original_height"":4829.0}]","","2025-08-06T09:40:40.592844Z"
16333,"1","2025-08-06T09:40:40.592844Z",16055,"https://iiif.irht.cnrs.fr/iiif/ark:/63955/vp3i208zy0fo/full/1200,/0/default.jpg","[{""rotation"":0,""x"":0.0,""y"":0.495000000000001,""width"":99.98,""height"":25.729999999999997,""rectanglelabels"":[""AF""],""original_width"":4329.0,""original_height"":4802.0},{""rotation"":0,""x"":0.16500000000000403,""y"":66.25000000000001,""width"":99.81,""height"":31.759999999999998,""rectanglelabels"":[""AI""],""original_width"":4329.0,""original_height"":4802.0},{""rotation"":0,""x"":0.9750000000000036,""y"":26.244999999999997,""width"":99.00999999999999,""height"":40.089999999999996,""rectanglelabels"":[""AC""],""original_width"":4329.0,""original_height"":4802.0}]","","2025-08-06T09:40:40.592844Z"
16334,"1","2025-08-06T09:40:40.592844Z",16056,"https://iiif.irht.cnrs.fr/iiif/ark:/63955/v98wjmhs3932/full/1200,/0/default.jpg","[{""rotation"":0,""x"":0.16500000000000403,""y"":0.07000000000000062,""width"":99.83,""height"":21.3,""rectanglelabels"":[""AF""],""original_width"":4219.0,""original_height"":4829.0},{""rotation"":0,""x"":0.21999999999999797,""y"":21.24,""width"":93.54,""height"":77.75999999999999,""rectanglelabels"":[""AC""],""original_width"":4219.0,""original_height"":4829.0}]","","2025-08-06T09:40:40.592844Z"
6245,"1","2025-08-04T08:51:30.859596Z",16057,"https://iiif.irht.cnrs.fr/iiif/ark:/63955/v43iy406rpwu/full/1200,/0/default.jpg","",2.797,"2025-08-04T08:51:30.859596Z"
6246,"1","2025-08-04T08:51:46.528184Z",16058,"https://iiif.irht.cnrs.fr/iiif/ark:/63955/v7yvgythdiqm/full/1200,/0/default.jpg","[{""x"":-6.050715484207104e-15,""y"":67.02740963855422,""width"":89.65,""height"":31.369999999999997,""rotation"":0,""rectanglelabels"":[""AI""],""original_width"":1200,""original_height"":1374},{""x"":0.14000000000000123,""y"":0.25499999999999967,""width"":95.04,""height"":66.71000000000001,""rotation"":0,""rectanglelabels"":[""AC""],""original_width"":1200,""original_height"":1374}]",3.959,"2025-08-04T08:51:46.528184Z"
16335,"1","2025-08-06T09:40:40.592844Z",16059,"https://iiif.irht.cnrs.fr/iiif/ark:/63955/v0n5xgf3n5pn/full/1200,/0/default.jpg","[{""rotation"":0,""x"":0.11999999999999789,""y"":1.419999999999999,""width"":98.54,""height"":42.04,""rectanglelabels"":[""AF""],""original_width"":4283.0,""original_height"":4829.0},{""rotation"":0,""x"":0.025000000000002798,""y"":43.334999999999994,""width"":90.64999999999999,""height"":54.510000000000005,""rectanglelabels"":[""AI""],""original_width"":4283.0,""original_height"":4829.0}]","","2025-08-06T09:40:40.592844Z"
16336,"1","2025-08-06T09:40:40.592844Z",16060,"https://iiif.irht.cnrs.fr/iiif/ark:/63955/vea9v2d55f99/full/1200,/0/default.jpg","[{""rotation"":0,""x"":0.6850000000000023,""y"":2.6300000000000017,""width"":99.19,""height"":47.94,""rectanglelabels"":[""AF""],""original_width"":4356.0,""original_height"":4802.0},{""rotation"":0,""x"":0.004999999999999449,""y"":50.30999999999999,""width"":99.85000000000001,""height"":48.06,""rectanglelabels"":[""AI""],""original_width"":4356.0,""original_height"":4802.0}]","","2025-08-06T09:40:40.592844Z"
16337,"1","2025-08-06T09:40:40.592844Z",16061,"https://iiif.irht.cnrs.fr/iiif/ark:/63955/vx7dye4nbzva/full/1200,/0/default.jpg","[{""rotation"":0,""x"":0.18999999999999573,""y"":60.675000000000004,""width"":90.28,""height"":37.25,""rectanglelabels"":[""AI""],""original_width"":4219.0,""original_height"":4829.0},{""rotation"":0,""x"":0.20000000000000018,""y"":0.7249999999999979,""width"":94.46,""height"":60.150000000000006,""rectanglelabels"":[""AF""],""original_width"":4219.0,""original_height"":4829.0}]","","2025-08-06T09:40:40.592844Z"
16338,"1","2025-08-06T09:40:40.592844Z",16062,"https://iiif.irht.cnrs.fr/iiif/ark:/63955/vuc8otm6k9ku/full/1200,/0/default.jpg","[{""rotation"":0,""x"":0.004999999999999449,""y"":0.874999999999998,""width"":99.89,""height"":39.15,""rectanglelabels"":[""AF""],""original_width"":4356.0,""original_height"":4802.0},{""rotation"":0,""x"":1.5849999999999975,""y"":39.795,""width"":98.25,""height"":58.25,""rectanglelabels"":[""AI""],""original_width"":4356.0,""original_height"":4802.0}]","","2025-08-06T09:40:40.592844Z"
16339,"1","2025-08-06T09:40:40.592844Z",16063,"https://iiif.irht.cnrs.fr/iiif/ark:/63955/vjgxwl2cvb93/full/1200,/0/default.jpg","[{""rotation"":0,""x"":0.06999999999999784,""y"":34.795,""width"":89.3,""height"":64.31,""rectanglelabels"":[""AI""],""original_width"":4219.0,""original_height"":4829.0},{""rotation"":0,""x"":0.29000000000000137,""y"":0.5600000000000022,""width"":98.82,""height"":34.14,""rectanglelabels"":[""AF""],""original_width"":4219.0,""original_height"":4829.0}]","","2025-08-06T09:40:40.592844Z"
16340,"1","2025-08-06T09:40:40.592844Z",16064,"https://iiif.irht.cnrs.fr/iiif/ark:/63955/vp8iuwttr4n3/full/1200,/0/default.jpg","[{""rotation"":0,""x"":0.714999999999999,""y"":0.9050000000000002,""width"":99.15,""height"":59.35,""rectanglelabels"":[""AF""],""original_width"":4356.0,""original_height"":4802.0},{""rotation"":0,""x"":7.874999999999993,""y"":60.20000000000001,""width"":92.01,""height"":37.78,""rectanglelabels"":[""AI""],""original_width"":4356.0,""original_height"":4802.0}]","","2025-08-06T09:40:40.592844Z"
16341,"1","2025-08-06T09:40:40.592844Z",16065,"https://iiif.irht.cnrs.fr/iiif/ark:/63955/vdcwzig93bsk/full/1200,/0/default.jpg","[{""rotation"":0,""x"":0.15999999999999903,""y"":0.8399999999999963,""width"":89.72,""height"":98.16,""rectanglelabels"":[""AF""],""original_width"":4219.0,""original_height"":4829.0}]","","2025-08-06T09:40:40.592844Z"
6247,"1","2025-08-04T08:52:26.299816Z",16066,"https://iiif.irht.cnrs.fr/iiif/ark:/63955/v8p6b11nb5cj/full/1200,/0/default.jpg","[{""x"":0.7549999999999946,""y"":1.6699999999999993,""width"":99.17,""height"":66.12,""rotation"":0,""rectanglelabels"":[""AC""],""original_width"":1200,""original_height"":1323},{""x"":0.17000000000000587,""y"":67.74981927710843,""width"":99.83,""height"":31.509999999999998,""rotation"":0,""rectanglelabels"":[""AI""],""original_width"":1200,""original_height"":1323}]",5.065,"2025-08-04T08:52:26.299816Z"
16342,"1","2025-08-06T09:40:40.592844Z",16067,"https://iiif.irht.cnrs.fr/iiif/ark:/63955/vn6fhz7lnayz/full/1200,/0/default.jpg","[{""rotation"":0,""x"":0.19500000000000073,""y"":0.599999999999995,""width"":98.61,""height"":52.68000000000001,""rectanglelabels"":[""AF""],""original_width"":4219.0,""original_height"":4829.0},{""rotation"":0,""x"":0.040000000000001146,""y"":53.06999999999999,""width"":92.32000000000001,""height"":44.54,""rectanglelabels"":[""AI""],""original_width"":4219.0,""original_height"":4829.0}]","","2025-08-06T09:40:40.592844Z"
16343,"1","2025-08-06T09:40:40.592844Z",16068,"https://iiif.irht.cnrs.fr/iiif/ark:/63955/v7yio8m0068q/full/1200,/0/default.jpg","[{""rotation"":0,""x"":0.23000000000000242,""y"":0.5700000000000011,""width"":99.68,""height"":31.919999999999998,""rectanglelabels"":[""AF""],""original_width"":4356.0,""original_height"":4802.0},{""rotation"":0,""x"":0.41499999999999315,""y"":32.434999999999995,""width"":99.45,""height"":66.27,""rectanglelabels"":[""AI""],""original_width"":4356.0,""original_height"":4802.0}]","","2025-08-06T09:40:40.592844Z"
16344,"1","2025-08-06T09:40:40.592844Z",16069,"https://iiif.irht.cnrs.fr/iiif/ark:/63955/vcjre73jjm6p/full/1200,/0/default.jpg","[{""rotation"":0,""x"":0.17499999999999738,""y"":0.2799999999999969,""width"":91.63,""height"":98.54,""rectanglelabels"":[""AF""],""original_width"":4219.0,""original_height"":4829.0}]","","2025-08-06T09:40:40.592844Z"
16345,"1","2025-08-06T09:40:40.592844Z",16070,"https://iiif.irht.cnrs.fr/iiif/ark:/63955/vxczq7xrnyyu/full/1200,/0/default.jpg","[{""rotation"":0,""x"":0.4300000000000026,""y"":29.659999999999997,""width"":99.53999999999999,""height"":69.72,""rectanglelabels"":[""AC""],""original_width"":3983.0,""original_height"":4829.0},{""rotation"":0,""x"":1.4449999999999963,""y"":0.495000000000001,""width"":98.55000000000001,""height"":29.25,""rectanglelabels"":[""AF""],""original_width"":3983.0,""original_height"":4829.0}]","","2025-08-06T09:40:40.592844Z"
16346,"1","2025-08-06T09:40:40.592844Z",16071,"https://iiif.irht.cnrs.fr/iiif/ark:/63955/v2op99dk8ds7/full/1200,/0/default.jpg","[{""rotation"":0,""x"":-0.004999999999999449,""y"":1.469999999999999,""width"":99.89,""height"":97.28,""rectanglelabels"":[""AI""],""original_width"":4356.0,""original_height"":4802.0}]","","2025-08-06T09:40:40.592844Z"
16347,"1","2025-08-06T09:40:40.592844Z",16072,"https://iiif.irht.cnrs.fr/iiif/ark:/63955/vvhfhhgoq60a/full/1200,/0/default.jpg","[{""rotation"":0,""x"":0.17000000000000348,""y"":0.41999999999999815,""width"":98.02,""height"":61.56,""rectanglelabels"":[""AF""],""original_width"":4219.0,""original_height"":4829.0},{""rotation"":0,""x"":0.20499999999999963,""y"":61.665000000000006,""width"":96.85000000000001,""height"":35.91,""rectanglelabels"":[""AI""],""original_width"":4219.0,""original_height"":4829.0}]","","2025-08-06T09:40:40.592844Z"
16348,"1","2025-08-06T09:40:40.592844Z",16073,"https://iiif.irht.cnrs.fr/iiif/ark:/63955/vyfh1y0o5qqt/full/1200,/0/default.jpg","[{""rotation"":0,""x"":14.325,""y"":1.21,""width"":85.53,""height"":97.36,""rectanglelabels"":[""AM""],""original_width"":4356.0,""original_height"":4802.0}]","","2025-08-06T09:40:40.592844Z"
16349,"1","2025-08-06T09:40:40.592844Z",16074,"https://iiif.irht.cnrs.fr/iiif/ark:/63955/vg03tlb6di2v/full/1200,/0/default.jpg","[{""rotation"":0,""x"":0.009999999999998899,""y"":0.35499999999999976,""width"":91.86,""height"":99.22999999999999,""rectanglelabels"":[""AM""],""original_width"":4219.0,""original_height"":4829.0}]","","2025-08-06T09:40:40.592844Z"
6248,"1","2025-08-04T08:53:35.301226Z",16075,"https://iiif.irht.cnrs.fr/iiif/ark:/63955/vykcf82l9cko/full/1200,/0/default.jpg","[{""x"":17.832409638554203,""y"":2.426265060240961,""width"":82.1675903614458,""height"":64.36795180722892,""rotation"":0,""rectanglelabels"":[""AF""],""original_width"":1200,""original_height"":1323}]",5.326,"2025-08-04T08:53:35.301226Z"
16350,"1","2025-08-06T09:40:40.592844Z",16076,"https://iiif.irht.cnrs.fr/iiif/ark:/63955/vtmmuark1l01/full/1200,/0/default.jpg","[{""rotation"":0,""x"":0.14500000000000068,""y"":0.46499999999999875,""width"":95.65,""height"":98.81,""rectanglelabels"":[""AC""],""original_width"":4219.0,""original_height"":4829.0}]","","2025-08-06T09:40:40.592844Z"
16351,"1","2025-08-06T09:40:40.592844Z",16077,"https://iiif.irht.cnrs.fr/iiif/ark:/63955/vounz01i3whn/full/1200,/0/default.jpg","[{""rotation"":0,""x"":1.6800000000000037,""y"":1.9049999999999956,""width"":98.2,""height"":96.89,""rectanglelabels"":[""AI""],""original_width"":4356.0,""original_height"":4802.0}]","","2025-08-06T09:40:40.592844Z"
16352,"1","2025-08-06T09:40:40.592844Z",16078,"https://iiif.irht.cnrs.fr/iiif/ark:/63955/v8wwbi5n2uho/full/1200,/0/default.jpg","[{""rotation"":0,""x"":0.16000000000000458,""y"":0.3349999999999992,""width"":99.83999999999999,""height"":35.17,""rectanglelabels"":[""AF""],""original_width"":4219.0,""original_height"":4829.0},{""rotation"":0,""x"":0.06499999999999839,""y"":35.515,""width"":97.43,""height"":63.24999999999999,""rectanglelabels"":[""AI""],""original_width"":4219.0,""original_height"":4829.0}]","","2025-08-06T09:40:40.592844Z"
6249,"1","2025-08-04T08:55:18.430008Z",16079,"https://iiif.irht.cnrs.fr/iiif/ark:/63955/vhbz9v0uw2iq/full/1200,/0/default.jpg","[{""x"":19.840903614457833,""y"":4.0339759036144525,""width"":80.03409638554221,""height"":93.49975903614462,""rotation"":0,""rectanglelabels"":[""AF""],""original_width"":1200,""original_height"":1323}]",19.333,"2025-08-04T12:42:23.726503Z"
16353,"1","2025-08-06T09:40:40.592844Z",16080,"https://iiif.irht.cnrs.fr/iiif/ark:/63955/vpirq1uniivf/full/1200,/0/default.jpg","[{""rotation"":0,""x"":0.18500000000000183,""y"":71.35000000000001,""width"":97.27,""height"":26.040000000000003,""rectanglelabels"":[""AI""],""original_width"":4219.0,""original_height"":4829.0},{""rotation"":0,""x"":0.11499999999999844,""y"":0.5699999999999983,""width"":98.35000000000001,""height"":70.78,""rectanglelabels"":[""AC""],""original_width"":4219.0,""original_height"":4829.0}]","","2025-08-06T09:40:40.592844Z"
16354,"1","2025-08-06T09:40:40.592844Z",16081,"https://iiif.irht.cnrs.fr/iiif/ark:/63955/vwpu1uck75lv/full/1200,/0/default.jpg","[{""rotation"":0,""x"":0.07499999999999729,""y"":1.325000000000004,""width"":97.45,""height"":70.59,""rectanglelabels"":[""AC""],""original_width"":4283.0,""original_height"":4829.0},{""rotation"":0,""x"":0.12499999999999734,""y"":71.395,""width"":98.65,""height"":26.450000000000003,""rectanglelabels"":[""AI""],""original_width"":4283.0,""original_height"":4829.0}]","","2025-08-06T09:40:40.592844Z"
16355,"1","2025-08-06T09:40:40.592844Z",16082,"https://iiif.irht.cnrs.fr/iiif/ark:/63955/ve7xku0ebpvn/full/1200,/0/default.jpg","[{""rotation"":0,""x"":14.675000000000004,""y"":1.4000000000000012,""width"":85.31,""height"":97.8,""rectanglelabels"":[""AM""],""original_width"":4401.0,""original_height"":4802.0}]","","2025-08-06T09:40:40.592844Z"
16356,"1","2025-08-06T09:40:40.594849Z",16083,"https://iiif.irht.cnrs.fr/iiif/ark:/63955/vo4jpzfrh6h0/full/1200,/0/default.jpg","[{""rotation"":0,""x"":0.015000000000003899,""y"":0.20999999999999908,""width"":92.17,""height"":98.68,""rectanglelabels"":[""AF""],""original_width"":4192.0,""original_height"":4829.0}]","","2025-08-06T09:40:40.594849Z"
16357,"1","2025-08-06T09:40:40.594849Z",16084,"https://iiif.irht.cnrs.fr/iiif/ark:/63955/vy81tvkbr0qy/full/1200,/0/default.jpg","[{""rotation"":0,""x"":3.6250000000000004,""y"":64.8,""width"":96.37,""height"":33.14,""rectanglelabels"":[""AI""],""original_width"":4401.0,""original_height"":4802.0},{""rotation"":0,""x"":0.7850000000000024,""y"":0.9550000000000003,""width"":99.19,""height"":63.93,""rectanglelabels"":[""AC""],""original_width"":4401.0,""original_height"":4802.0}]","","2025-08-06T09:40:40.594849Z"
16358,"1","2025-08-06T09:40:40.594849Z",16085,"https://iiif.irht.cnrs.fr/iiif/ark:/63955/vxatyp5nlscq/full/1200,/0/default.jpg","[{""rotation"":0,""x"":0.16000000000000458,""y"":0.1250000000000001,""width"":99.83999999999999,""height"":29.37,""rectanglelabels"":[""AF""],""original_width"":4192.0,""original_height"":4829.0},{""rotation"":0,""x"":0.07500000000000284,""y"":29.474999999999994,""width"":95.27,""height"":69.31,""rectanglelabels"":[""AI""],""original_width"":4192.0,""original_height"":4829.0}]","","2025-08-06T09:40:40.594849Z"
16359,"1","2025-08-06T09:40:40.594849Z",16086,"https://iiif.irht.cnrs.fr/iiif/ark:/63955/vc1prt7yb7wk/full/1200,/0/default.jpg","[{""rotation"":0,""x"":4.459999999999997,""y"":1.1849999999999972,""width"":95.54,""height"":97.87,""rectanglelabels"":[""AF""],""original_width"":4401.0,""original_height"":4802.0}]","","2025-08-06T09:40:40.594849Z"
6250,"1","2025-08-04T08:56:56.752226Z",16087,"https://iiif.irht.cnrs.fr/iiif/ark:/63955/v9pfu17ur6s2/full/1200,/0/default.jpg","[{""x"":0.15999999999999903,""y"":0.13000000000000234,""width"":93.14,""height"":98.92,""rotation"":0,""rectanglelabels"":[""AC""],""original_width"":1200,""original_height"":1382}]",2.434,"2025-08-04T08:56:56.752226Z"
16360,"1","2025-08-06T09:40:40.594849Z",16088,"https://iiif.irht.cnrs.fr/iiif/ark:/63955/v0qr6dczq2bs/full/1200,/0/default.jpg","[{""rotation"":0,""x"":16.065,""y"":1.849999999999996,""width"":83.93,""height"":96.74000000000001,""rectanglelabels"":[""AC""],""original_width"":4401.0,""original_height"":4802.0}]","","2025-08-06T09:40:40.594849Z"
16361,"1","2025-08-06T09:40:40.596856Z",16089,"https://iiif.irht.cnrs.fr/iiif/ark:/63955/vs3lz1x7yhho/full/1200,/0/default.jpg","[{""rotation"":0,""x"":0.014999999999998348,""y"":0.4599999999999993,""width"":91.91,""height"":98.76,""rectanglelabels"":[""AC""],""original_width"":4192.0,""original_height"":4829.0}]","","2025-08-06T09:40:40.596856Z"
16362,"1","2025-08-06T09:40:40.596856Z",16090,"https://iiif.irht.cnrs.fr/iiif/ark:/63955/vxbp46gbyicp/full/1200,/0/default.jpg","[{""rotation"":0,""x"":2.4399999999999977,""y"":75.64500000000001,""width"":97.56,""height"":22.29,""rectanglelabels"":[""AI""],""original_width"":4401.0,""original_height"":4802.0},{""rotation"":0,""x"":9.494999999999997,""y"":1.8000000000000016,""width"":90.49000000000001,""height"":73.6,""rectanglelabels"":[""AC""],""original_width"":4401.0,""original_height"":4802.0}]","","2025-08-06T09:40:40.596856Z"
16363,"1","2025-08-06T09:40:40.596856Z",16091,"https://iiif.irht.cnrs.fr/iiif/ark:/63955/vai3mhtpslhv/full/1200,/0/default.jpg","[{""rotation"":0,""x"":0.10999999999999899,""y"":0.24499999999999522,""width"":93.36,""height"":98.85000000000001,""rectanglelabels"":[""AF""],""original_width"":4192.0,""original_height"":4829.0}]","","2025-08-06T09:40:40.596856Z"
16364,"1","2025-08-06T09:40:40.596856Z",16092,"https://iiif.irht.cnrs.fr/iiif/ark:/63955/vbibrmzwcnto/full/1200,/0/default.jpg","[{""rotation"":0,""x"":0.2899999999999958,""y"":0.6249999999999978,""width"":99.7,""height"":56.95,""rectanglelabels"":[""AF""],""original_width"":3983.0,""original_height"":4829.0},{""rotation"":0,""x"":0.06499999999999839,""y"":57.42,""width"":99.92999999999999,""height"":42.32,""rectanglelabels"":[""AI""],""original_width"":3983.0,""original_height"":4829.0}]","","2025-08-06T09:40:40.596856Z"
16365,"1","2025-08-06T09:40:40.596856Z",16093,"https://iiif.irht.cnrs.fr/iiif/ark:/63955/v7gx4ovl5jih/full/1200,/0/default.jpg","[{""rotation"":0,""x"":5.04,""y"":1.705000000000001,""width"":94.96,""height"":97.00999999999999,""rectanglelabels"":[""AC""],""original_width"":4401.0,""original_height"":4802.0}]","","2025-08-06T09:40:40.596856Z"
16366,"1","2025-08-06T09:40:40.596856Z",16094,"https://iiif.irht.cnrs.fr/iiif/ark:/63955/v9noqzm8bcjt/full/1200,/0/default.jpg","[{""rotation"":0,""x"":0.0,""y"":1.1349999999999971,""width"":94.34,""height"":98.22999999999999,""rectanglelabels"":[""AI""],""original_width"":4165.0,""original_height"":4829.0}]","","2025-08-06T09:40:40.596856Z"
16367,"1","2025-08-06T09:40:40.596856Z",16095,"https://iiif.irht.cnrs.fr/iiif/ark:/63955/vf5b8v3ucz1t/full/1200,/0/default.jpg","[{""rotation"":0,""x"":13.839999999999996,""y"":29.074999999999996,""width"":86.11999999999999,""height"":70.17,""rectanglelabels"":[""AC""],""original_width"":4401.0,""original_height"":4802.0},{""rotation"":0,""x"":0.0,""y"":0.5299999999999999,""width"":100.0,""height"":28.52,""rectanglelabels"":[""AF""],""original_width"":4401.0,""original_height"":4802.0}]","","2025-08-06T09:40:40.596856Z"
16368,"1","2025-08-06T09:40:40.596856Z",16096,"https://iiif.irht.cnrs.fr/iiif/ark:/63955/vx6htrnca5my/full/1200,/0/default.jpg","[{""rotation"":0,""x"":0.06499999999999839,""y"":0.7350000000000023,""width"":98.87,""height"":98.67,""rectanglelabels"":[""AI""],""original_width"":4165.0,""original_height"":4829.0}]","","2025-08-06T09:40:40.596856Z"
16369,"1","2025-08-06T09:40:40.596856Z",16097,"https://iiif.irht.cnrs.fr/iiif/ark:/63955/vtcxgl8s4279/full/1200,/0/default.jpg","[{""rotation"":0,""x"":0.6500000000000061,""y"":0.7300000000000001,""width"":99.24,""height"":25.380000000000003,""rectanglelabels"":[""AF""],""original_width"":4401.0,""original_height"":4802.0},{""rotation"":0,""x"":0.8449999999999958,""y"":26.050000000000008,""width"":99.15,""height"":73.02,""rectanglelabels"":[""AC""],""original_width"":4401.0,""original_height"":4802.0}]","","2025-08-06T09:40:40.596856Z"
6251,"1","2025-08-04T08:57:57.631195Z",16098,"https://iiif.irht.cnrs.fr/iiif/ark:/63955/vdg5hahhcbei/full/1200,/0/default.jpg","[{""x"":0.014999999999998377,""y"":3.3731927710843363,""width"":85.76106425702814,""height"":95.9618072289157,""rotation"":0,""rectanglelabels"":[""AI""],""original_width"":1200,""original_height"":1391}]",7.28,"2025-08-04T08:57:57.631195Z"
16370,"1","2025-08-06T09:40:40.596856Z",16099,"https://iiif.irht.cnrs.fr/iiif/ark:/63955/vt79gkkl6ifj/full/1200,/0/default.jpg","[{""rotation"":0,""x"":0.0,""y"":1.21,""width"":99.98,""height"":33.900000000000006,""rectanglelabels"":[""AF""],""original_width"":4401.0,""original_height"":4802.0},{""rotation"":0,""x"":0.9099999999999997,""y"":35.059999999999995,""width"":99.03999999999999,""height"":63.18,""rectanglelabels"":[""AI""],""original_width"":4401.0,""original_height"":4802.0}]","","2025-08-06T09:40:40.596856Z"
16371,"1","2025-08-06T09:40:40.596856Z",16100,"https://iiif.irht.cnrs.fr/iiif/ark:/63955/vfv4on8rui5b/full/1200,/0/default.jpg","[{""rotation"":0,""x"":0.605,""y"":0.3250000000000003,""width"":99.37,""height"":23.31,""rectanglelabels"":[""AF""],""original_width"":4165.0,""original_height"":4829.0},{""rotation"":0,""x"":0.035000000000001696,""y"":23.465000000000003,""width"":93.47,""height"":75.64999999999999,""rectanglelabels"":[""AI""],""original_width"":4165.0,""original_height"":4829.0}]","","2025-08-06T09:40:40.596856Z"
6252,"1","2025-08-04T08:58:12.207592Z",16101,"https://iiif.irht.cnrs.fr/iiif/ark:/63955/vnml54xgjf9r/full/1200,/0/default.jpg","[{""x"":0.004999999999999449,""y"":1.5000000000000013,""width"":99.97,""height"":37.92,""rotation"":0,""rectanglelabels"":[""AF""],""original_width"":1200,""original_height"":1309},{""x"":3.2000000000000055,""y"":39.147891566265066,""width"":96.80000000000001,""height"":59.63,""rotation"":0,""rectanglelabels"":[""AI""],""original_width"":1200,""original_height"":1309}]",5.222,"2025-08-04T08:58:12.207592Z"
16372,"1","2025-08-06T09:40:40.596856Z",16102,"https://iiif.irht.cnrs.fr/iiif/ark:/63955/vpqc9bjrq27m/full/1200,/0/default.jpg","[{""rotation"":0,""x"":0.07000000000000339,""y"":70.78500000000001,""width"":99.52,""height"":26.93,""rectanglelabels"":[""AI""],""original_width"":4165.0,""original_height"":4829.0},{""rotation"":0,""x"":0.2999999999999947,""y"":0.4349999999999993,""width"":99.7,""height"":27.43,""rectanglelabels"":[""AF""],""original_width"":4165.0,""original_height"":4829.0},{""rotation"":0,""x"":0.08500000000000174,""y"":27.795,""width"":99.39,""height"":43.07,""rectanglelabels"":[""AC""],""original_width"":4165.0,""original_height"":4829.0}]","","2025-08-06T09:40:40.596856Z"
16373,"1","2025-08-06T09:40:40.596856Z",16103,"https://iiif.irht.cnrs.fr/iiif/ark:/63955/vmjvjbii9dfz/full/1200,/0/default.jpg","[{""rotation"":0,""x"":0.07499999999999729,""y"":30.529999999999998,""width"":96.47,""height"":67.86,""rectanglelabels"":[""AC""],""original_width"":4283.0,""original_height"":4829.0},{""rotation"":0,""x"":0.07000000000000339,""y"":0.9350000000000025,""width"":99.64,""height"":29.709999999999997,""rectanglelabels"":[""AF""],""original_width"":4283.0,""original_height"":4829.0}]","","2025-08-06T09:40:40.596856Z"
16374,"1","2025-08-06T09:40:40.596856Z",16104,"https://iiif.irht.cnrs.fr/iiif/ark:/63955/v6w9fn4xtflg/full/1200,/0/default.jpg","[{""rotation"":0,""x"":0.5499999999999949,""y"":1.0299999999999976,""width"":99.38,""height"":97.56,""rectanglelabels"":[""AM""],""original_width"":4401.0,""original_height"":4802.0}]","","2025-08-06T09:40:40.596856Z"
16375,"1","2025-08-06T09:40:40.596856Z",16105,"https://iiif.irht.cnrs.fr/iiif/ark:/63955/v1qkz63egv46/full/1200,/0/default.jpg","[{""rotation"":0,""x"":0.05999999999999894,""y"":49.85999999999999,""width"":98.44000000000001,""height"":47.94,""rectanglelabels"":[""AI""],""original_width"":4165.0,""original_height"":4829.0},{""rotation"":0,""x"":0.24499999999999522,""y"":0.4949999999999982,""width"":99.75,""height"":49.55,""rectanglelabels"":[""AF""],""original_width"":4165.0,""original_height"":4829.0}]","","2025-08-06T09:40:40.596856Z"
6253,"1","2025-08-04T08:59:05.307809Z",16106,"https://iiif.irht.cnrs.fr/iiif/ark:/63955/v7ehq68sdvza/full/1200,/0/default.jpg","[{""x"":0.5600000000000049,""y"":1.539999999999997,""width"":99.4,""height"":60.895662650602404,""rotation"":0,""rectanglelabels"":[""AF""],""original_width"":1200,""original_height"":1309},{""x"":0,""y"":67.62686746987951,""width"":99.95499999999993,""height"":30.303132530120415,""rotation"":0,""rectanglelabels"":[""AI""],""original_width"":1200,""original_height"":1309},{""x"":0,""y"":62.650602409638545,""width"":99.62068273092365,""height"":5.046184493834712,""rotation"":0,""rectanglelabels"":[""AC""],""original_width"":1200,""original_height"":1309}]",16.388,"2025-08-04T08:59:05.307809Z"
16376,"1","2025-08-06T09:40:40.596856Z",16107,"https://iiif.irht.cnrs.fr/iiif/ark:/63955/v5ey9crpx7rn/full/1200,/0/default.jpg","[{""rotation"":0,""x"":0.045000000000000595,""y"":49.85000000000001,""width"":98.47,""height"":47.8,""rectanglelabels"":[""AI""],""original_width"":4165.0,""original_height"":4829.0},{""rotation"":0,""x"":0.11999999999999789,""y"":0.4850000000000021,""width"":99.66000000000001,""height"":49.61,""rectanglelabels"":[""AF""],""original_width"":4165.0,""original_height"":4829.0}]","","2025-08-06T09:40:40.596856Z"
16377,"1","2025-08-06T09:40:40.596856Z",16108,"https://iiif.irht.cnrs.fr/iiif/ark:/63955/vrquv5aq9gyn/full/1200,/0/default.jpg","[{""rotation"":0,""x"":0.6299999999999972,""y"":1.4850000000000003,""width"":99.36,""height"":38.550000000000004,""rectanglelabels"":[""AF""],""original_width"":4401.0,""original_height"":4802.0},{""rotation"":0,""x"":3.084999999999999,""y"":39.955,""width"":96.83,""height"":58.63,""rectanglelabels"":[""AI""],""original_width"":4401.0,""original_height"":4802.0}]","","2025-08-06T09:40:40.596856Z"
6254,"1","2025-08-04T08:59:32.382227Z",16109,"https://iiif.irht.cnrs.fr/iiif/ark:/63955/vyot7h72hh7w/full/1200,/0/default.jpg","[{""x"":0.44465863453814697,""y"":3.337530120481929,""width"":95.63989959839357,""height"":68.52662650602409,""rotation"":0,""rectanglelabels"":[""AF""],""original_width"":1200,""original_height"":1391}]",8.243,"2025-08-04T08:59:32.382227Z"
6255,"1","2025-08-04T08:59:47.270433Z",16110,"https://iiif.irht.cnrs.fr/iiif/ark:/63955/vfh8675dyt5o/full/1200,/0/default.jpg","[{""x"":15.240000000000004,""y"":0.9649999999999992,""width"":84.76,""height"":97.91,""rotation"":0,""rectanglelabels"":[""AC""],""original_width"":1200,""original_height"":1309}]",13.539,"2025-08-04T08:59:47.270433Z"
16378,"1","2025-08-06T09:40:40.596856Z",16111,"https://iiif.irht.cnrs.fr/iiif/ark:/63955/vn1txs3eqrcf/full/1200,/0/default.jpg","[{""rotation"":0,""x"":0.20499999999999963,""y"":0.3599999999999992,""width"":99.79,""height"":98.78,""rectanglelabels"":[""AC""],""original_width"":4165.0,""original_height"":4829.0}]","","2025-08-06T09:40:40.596856Z"
16379,"1","2025-08-06T09:40:40.596856Z",16112,"https://iiif.irht.cnrs.fr/iiif/ark:/63955/vkjxsmeatbpa/full/1200,/0/default.jpg","[{""rotation"":0,""x"":0.7750000000000035,""y"":0.6799999999999973,""width"":99.19,""height"":51.18000000000001,""rectanglelabels"":[""AC""],""original_width"":4401.0,""original_height"":4802.0},{""rotation"":0,""x"":11.895,""y"":51.915,""width"":88.09,""height"":47.07,""rectanglelabels"":[""AI""],""original_width"":4401.0,""original_height"":4802.0}]","","2025-08-06T09:40:40.596856Z"
16380,"1","2025-08-06T09:40:40.596856Z",16113,"https://iiif.irht.cnrs.fr/iiif/ark:/63955/vjwhpagig45h/full/1200,/0/default.jpg","[{""rotation"":0,""x"":0.07499999999999729,""y"":0.45499999999999985,""width"":99.85000000000001,""height"":50.33,""rectanglelabels"":[""AF""],""original_width"":4165.0,""original_height"":4829.0},{""rotation"":0,""x"":0.050000000000000044,""y"":50.795,""width"":99.7,""height"":47.23,""rectanglelabels"":[""AI""],""original_width"":4165.0,""original_height"":4829.0}]","","2025-08-06T09:40:40.596856Z"
16381,"1","2025-08-06T09:40:40.596856Z",16114,"https://iiif.irht.cnrs.fr/iiif/ark:/63955/vov1yc4qj469/full/1200,/0/default.jpg","[{""rotation"":0,""x"":0.0,""y"":0.5650000000000044,""width"":99.92,""height"":98.22999999999999,""rectanglelabels"":[""Table""],""original_width"":4310.0,""original_height"":4784.0}]","","2025-08-06T09:40:40.596856Z"
16382,"1","2025-08-06T09:40:40.596856Z",16115,"https://iiif.irht.cnrs.fr/iiif/ark:/63955/v8htk21qnw16/full/1200,/0/default.jpg","[{""rotation"":0,""x"":0.3200000000000036,""y"":1.9849999999999979,""width"":99.68,""height"":97.69,""rectanglelabels"":[""AC""],""original_width"":3983.0,""original_height"":4829.0}]","","2025-08-06T09:40:40.596856Z"
16383,"1","2025-08-06T09:40:40.596856Z",16116,"https://iiif.irht.cnrs.fr/iiif/ark:/63955/vy392hzttfed/full/1200,/0/default.jpg","[{""rotation"":0,""x"":11.245000000000005,""y"":0.4300000000000026,""width"":88.71,""height"":98.52,""rectanglelabels"":[""AM""],""original_width"":4401.0,""original_height"":4802.0}]","","2025-08-06T09:40:40.596856Z"
16384,"1","2025-08-06T09:40:40.596856Z",16117,"https://iiif.irht.cnrs.fr/iiif/ark:/63955/vc7zrhs273m4/full/1200,/0/default.jpg","[{""rotation"":0,""x"":0.045000000000000595,""y"":41.53,""width"":99.09,""height"":56.82000000000001,""rectanglelabels"":[""AC""],""original_width"":4165.0,""original_height"":4829.0},{""rotation"":0,""x"":0.12000000000000344,""y"":0.5299999999999999,""width"":99.88,""height"":41.160000000000004,""rectanglelabels"":[""AF""],""original_width"":4165.0,""original_height"":4829.0}]","","2025-08-06T09:40:40.596856Z"
16385,"1","2025-08-06T09:40:40.596856Z",16118,"https://iiif.irht.cnrs.fr/iiif/ark:/63955/vlbe1tv6zc52/full/1200,/0/default.jpg","[{""rotation"":0,""x"":1.2849999999999973,""y"":1.1349999999999971,""width"":98.71,""height"":69.15,""rectanglelabels"":[""AC""],""original_width"":4401.0,""original_height"":4802.0},{""rotation"":0,""x"":0.6949999999999956,""y"":70.10499999999999,""width"":99.25,""height"":28.189999999999998,""rectanglelabels"":[""AI""],""original_width"":4401.0,""original_height"":4802.0}]","","2025-08-06T09:40:40.596856Z"
16386,"1","2025-08-06T09:40:40.596856Z",16119,"https://iiif.irht.cnrs.fr/iiif/ark:/63955/vl8kl2d0hrdo/full/1200,/0/default.jpg","[{""rotation"":0,""x"":0.054999999999999494,""y"":0.2850000000000019,""width"":99.89,""height"":67.95,""rectanglelabels"":[""AF""],""original_width"":4128.0,""original_height"":4829.0},{""rotation"":0,""x"":0.0,""y"":68.445,""width"":99.8,""height"":29.59,""rectanglelabels"":[""AI""],""original_width"":4128.0,""original_height"":4829.0}]","","2025-08-06T09:40:40.596856Z"
16387,"1","2025-08-06T09:40:40.596856Z",16120,"https://iiif.irht.cnrs.fr/iiif/ark:/63955/vq45j7dmth84/full/1200,/0/default.jpg","[{""rotation"":0,""x"":3.639999999999999,""y"":2.2749999999999995,""width"":96.36,""height"":97.09,""rectanglelabels"":[""AM""],""original_width"":4401.0,""original_height"":4802.0}]","","2025-08-06T09:40:40.596856Z"
16388,"1","2025-08-06T09:40:40.596856Z",16121,"https://iiif.irht.cnrs.fr/iiif/ark:/63955/vwaxrgx3mzpu/full/1200,/0/default.jpg","[{""rotation"":0,""x"":0.0,""y"":0.27499999999999747,""width"":94.32000000000001,""height"":99.17,""rectanglelabels"":[""AM""],""original_width"":4128.0,""original_height"":4829.0}]","","2025-08-06T09:40:40.596856Z"
16389,"1","2025-08-06T09:40:40.596856Z",16122,"https://iiif.irht.cnrs.fr/iiif/ark:/63955/vkaxxbepo2fs/full/1200,/0/default.jpg","[{""rotation"":0,""x"":14.490000000000002,""y"":1.865,""width"":85.5,""height"":96.67,""rectanglelabels"":[""AM""],""original_width"":4401.0,""original_height"":4802.0}]","","2025-08-06T09:40:40.596856Z"
16390,"1","2025-08-06T09:40:40.596856Z",16123,"https://iiif.irht.cnrs.fr/iiif/ark:/63955/v8yzlls2twy4/full/1200,/0/default.jpg","[{""rotation"":0,""x"":0.014999999999998348,""y"":0.27000000000000357,""width"":94.25,""height"":99.32,""rectanglelabels"":[""AM""],""original_width"":4128.0,""original_height"":4829.0}]","","2025-08-06T09:40:40.596856Z"
16391,"1","2025-08-06T09:40:40.596856Z",16124,"https://iiif.irht.cnrs.fr/iiif/ark:/63955/vupkrs7ri2bs/full/1200,/0/default.jpg","[{""rotation"":0,""x"":15.224999999999994,""y"":1.0549999999999948,""width"":84.77,""height"":97.13000000000001,""rectanglelabels"":[""AM""],""original_width"":4401.0,""original_height"":4802.0}]","","2025-08-06T09:40:40.596856Z"
16392,"1","2025-08-06T09:40:40.596856Z",16125,"https://iiif.irht.cnrs.fr/iiif/ark:/63955/vz93dzrfeknd/full/1200,/0/default.jpg","[{""rotation"":0,""x"":0.21999999999999797,""y"":0.27499999999999747,""width"":99.78,""height"":99.53,""rectanglelabels"":[""AF""],""original_width"":4128.0,""original_height"":4829.0}]","","2025-08-06T09:40:40.596856Z"
16393,"1","2025-08-06T09:40:40.596856Z",16126,"https://iiif.irht.cnrs.fr/iiif/ark:/63955/v8st7o5uith1/full/1200,/0/default.jpg","[{""rotation"":0,""x"":0.10000000000000009,""y"":2.4800000000000044,""width"":96.72,""height"":96.0,""rectanglelabels"":[""AC""],""original_width"":4283.0,""original_height"":4829.0}]","","2025-08-06T09:40:40.596856Z"
16394,"1","2025-08-06T09:40:40.596856Z",16127,"https://iiif.irht.cnrs.fr/iiif/ark:/63955/vk8ycbs99w4z/full/1200,/0/default.jpg","[{""rotation"":0,""x"":15.495000000000003,""y"":2.309999999999995,""width"":84.49,""height"":96.06,""rectanglelabels"":[""AC""],""original_width"":4401.0,""original_height"":4802.0}]","","2025-08-06T09:40:40.596856Z"
16395,"1","2025-08-06T09:40:40.596856Z",16128,"https://iiif.irht.cnrs.fr/iiif/ark:/63955/vhwspoar02qa/full/1200,/0/default.jpg","[{""rotation"":0,""x"":0.045000000000000595,""y"":0.43999999999999595,""width"":99.72999999999999,""height"":99.16,""rectanglelabels"":[""AC""],""original_width"":4128.0,""original_height"":4829.0}]","","2025-08-06T09:40:40.596856Z"
16396,"1","2025-08-06T09:40:40.596856Z",16129,"https://iiif.irht.cnrs.fr/iiif/ark:/63955/v649ykoi713g/full/1200,/0/default.jpg","[{""rotation"":0,""x"":15.760000000000002,""y"":2.485000000000004,""width"":84.2,""height"":96.99,""rectanglelabels"":[""AI""],""original_width"":4401.0,""original_height"":4802.0}]","","2025-08-06T09:40:40.596856Z"
16397,"1","2025-08-06T09:40:40.596856Z",16130,"https://iiif.irht.cnrs.fr/iiif/ark:/63955/v0fssp1pu17r/full/1200,/0/default.jpg","[{""rotation"":0,""x"":0.025000000000002798,""y"":0.4699999999999982,""width"":95.28999999999999,""height"":99.46000000000001,""rectanglelabels"":[""AM""],""original_width"":4128.0,""original_height"":4829.0}]","","2025-08-06T09:40:40.596856Z"
16398,"1","2025-08-06T09:40:40.596856Z",16131,"https://iiif.irht.cnrs.fr/iiif/ark:/63955/vtwf3ng6eqdj/full/1200,/0/default.jpg","[{""rotation"":0,""x"":16.019999999999996,""y"":1.7100000000000004,""width"":83.98,""height"":98.02,""rectanglelabels"":[""AF""],""original_width"":4401.0,""original_height"":4802.0}]","","2025-08-06T09:40:40.596856Z"
6256,"1","2025-08-04T09:02:01.545412Z",16132,"https://iiif.irht.cnrs.fr/iiif/ark:/63955/v0b3oubpyspe/full/1200,/0/default.jpg","[{""x"":-2.9004576518332215e-15,""y"":3.853855421686742,""width"":89.84156626506025,""height"":78.18674698795178,""rotation"":0,""rectanglelabels"":[""AC""],""original_width"":1200,""original_height"":1404}]",5.219,"2025-08-04T09:02:01.545412Z"
6257,"1","2025-08-04T09:02:06.725678Z",16133,"https://iiif.irht.cnrs.fr/iiif/ark:/63955/vki3m8ynfphc/full/1200,/0/default.jpg","",3.545,"2025-08-04T09:02:06.725678Z"
6258,"1","2025-08-04T09:02:35.751631Z",16134,"https://iiif.irht.cnrs.fr/iiif/ark:/63955/v5l0lseb5ybh/full/1200,/0/default.jpg","[{""x"":0.05999999999999894,""y"":81.00535077560038,""width"":95.49012048192765,""height"":18.159649224399665,""rotation"":0,""rectanglelabels"":[""AC""],""original_width"":1200,""original_height"":1404},{""x"":0.009999999999996876,""y"":1.3399999999999994,""width"":95.51999999999988,""height"":79.6113110742945,""rotation"":0,""rectanglelabels"":[""AC""],""original_width"":1200,""original_height"":1404}]",33.64,"2025-08-04T14:11:17.734929Z"
16399,"1","2025-08-06T09:40:40.596856Z",16135,"https://iiif.irht.cnrs.fr/iiif/ark:/63955/v10ccpa5fopx/full/1200,/0/default.jpg","[{""rotation"":0,""x"":7.674999999999999,""y"":2.5349999999999984,""width"":92.29,""height"":97.19,""rectanglelabels"":[""AI""],""original_width"":4401.0,""original_height"":4802.0}]","","2025-08-06T09:40:40.596856Z"
16400,"1","2025-08-06T09:40:40.596856Z",16136,"https://iiif.irht.cnrs.fr/iiif/ark:/63955/vsb6qzlggxl2/full/1200,/0/default.jpg","[{""rotation"":0,""x"":0.07000000000000339,""y"":2.660000000000001,""width"":99.82,""height"":96.86,""rectanglelabels"":[""AM""],""original_width"":4128.0,""original_height"":4829.0}]","","2025-08-06T09:40:40.596856Z"
16401,"1","2025-08-06T09:40:40.596856Z",16137,"https://iiif.irht.cnrs.fr/iiif/ark:/63955/vp1c8kmlzltg/full/1200,/0/default.jpg","[{""rotation"":0,""x"":0.15499999999999958,""y"":1.369999999999999,""width"":99.85000000000001,""height"":54.04,""rectanglelabels"":[""AC""],""original_width"":3983.0,""original_height"":4829.0},{""rotation"":0,""x"":0.0,""y"":55.30500000000001,""width"":100.0,""height"":44.59,""rectanglelabels"":[""AI""],""original_width"":3983.0,""original_height"":4829.0}]","","2025-08-06T09:40:40.596856Z"
16402,"1","2025-08-06T09:40:40.598861Z",16138,"https://iiif.irht.cnrs.fr/iiif/ark:/63955/vx7uci0auhcu/full/1200,/0/default.jpg","[{""rotation"":0,""x"":1.0550000000000004,""y"":2.5600000000000067,""width"":98.89,""height"":96.82,""rectanglelabels"":[""AM""],""original_width"":4419.0,""original_height"":4802.0}]","","2025-08-06T09:40:40.598861Z"
16403,"1","2025-08-06T09:40:40.598861Z",16139,"https://iiif.irht.cnrs.fr/iiif/ark:/63955/vupk4uztjxmv/full/1200,/0/default.jpg","[{""rotation"":0,""x"":0.20000000000000018,""y"":2.080000000000004,""width"":94.52000000000001,""height"":97.61999999999999,""rectanglelabels"":[""AF""],""original_width"":4092.0,""original_height"":4829.0}]","","2025-08-06T09:40:40.598861Z"
6259,"1","2025-08-04T09:03:42.725092Z",16140,"https://iiif.irht.cnrs.fr/iiif/ark:/63955/v3cvptbnedlm/full/1200,/0/default.jpg","[{""x"":0.8649999999999991,""y"":2.825,""width"":99.11,""height"":67.53433734939759,""rotation"":0,""rectanglelabels"":[""AC""],""original_width"":1200,""original_height"":1304},{""x"":0.9999999999999953,""y"":70.08000000000001,""width"":98.9,""height"":27.900000000000002,""rotation"":0,""rectanglelabels"":[""AI""],""original_width"":1200,""original_height"":1304}]",3.982,"2025-08-04T09:03:42.725092Z"
16404,"1","2025-08-06T09:40:40.598861Z",16141,"https://iiif.irht.cnrs.fr/iiif/ark:/63955/v8x588zqluka/full/1200,/0/default.jpg","[{""rotation"":0,""x"":0.0,""y"":0.8399999999999991,""width"":96.74000000000001,""height"":38.66,""rectanglelabels"":[""AF""],""original_width"":4092.0,""original_height"":4829.0},{""rotation"":0,""x"":0.004999999999999449,""y"":39.37,""width"":94.25,""height"":59.96,""rectanglelabels"":[""AC""],""original_width"":4092.0,""original_height"":4829.0}]","","2025-08-06T09:40:40.598861Z"
6260,"1","2025-08-04T09:03:59.548832Z",16142,"https://iiif.irht.cnrs.fr/iiif/ark:/63955/vfp4eioc4kgh/full/1200,/0/default.jpg","[{""x"":0.7900000000000076,""y"":67.8459638554217,""width"":99.21,""height"":30.330000000000002,""rotation"":0,""rectanglelabels"":[""AI""],""original_width"":1200,""original_height"":1304},{""x"":1.2999999999999956,""y"":2.2500000000000018,""width"":98.7,""height"":65.64,""rotation"":0,""rectanglelabels"":[""AC""],""original_width"":1200,""original_height"":1304}]",7.998,"2025-08-04T09:03:59.548832Z"
16405,"1","2025-08-06T09:40:40.598861Z",16143,"https://iiif.irht.cnrs.fr/iiif/ark:/63955/vf5brtq5ecdc/full/1200,/0/default.jpg","[{""rotation"":0,""x"":0.0,""y"":0.759999999999994,""width"":93.54,""height"":98.96000000000001,""rectanglelabels"":[""AM""],""original_width"":4092.0,""original_height"":4829.0}]","","2025-08-06T09:40:40.598861Z"
16406,"1","2025-08-06T09:40:40.598861Z",16144,"https://iiif.irht.cnrs.fr/iiif/ark:/63955/vhllgb6bwhrl/full/1200,/0/default.jpg","[{""rotation"":0,""x"":2.400000000000002,""y"":2.445000000000003,""width"":97.54,""height"":96.83,""rectanglelabels"":[""AF""],""original_width"":4419.0,""original_height"":4802.0}]","","2025-08-06T09:40:40.598861Z"
16407,"1","2025-08-06T09:40:40.598861Z",16145,"https://iiif.irht.cnrs.fr/iiif/ark:/63955/vm64ai8vyqa4/full/1200,/0/default.jpg","[{""rotation"":0,""x"":-0.004999999999999449,""y"":0.5649999999999988,""width"":93.03,""height"":98.71,""rectanglelabels"":[""AI""],""original_width"":4092.0,""original_height"":4829.0}]","","2025-08-06T09:40:40.598861Z"
16408,"1","2025-08-06T09:40:40.598861Z",16146,"https://iiif.irht.cnrs.fr/iiif/ark:/63955/v11xr6c3kok6/full/1200,/0/default.jpg","[{""rotation"":0,""x"":0.039999999999995595,""y"":1.7950000000000021,""width"":99.96000000000001,""height"":97.61,""rectanglelabels"":[""AM""],""original_width"":4419.0,""original_height"":4802.0}]","","2025-08-06T09:40:40.598861Z"
16409,"1","2025-08-06T09:40:40.598861Z",16147,"https://iiif.irht.cnrs.fr/iiif/ark:/63955/v91hfddx4zjb/full/1200,/0/default.jpg","[{""rotation"":0,""x"":-0.004999999999999449,""y"":1.7749999999999988,""width"":93.08999999999999,""height"":98.07000000000001,""rectanglelabels"":[""AM""],""original_width"":4092.0,""original_height"":4829.0}]","","2025-08-06T09:40:40.598861Z"
16410,"1","2025-08-06T09:40:40.598861Z",16148,"https://iiif.irht.cnrs.fr/iiif/ark:/63955/veejf46c6dky/full/1200,/0/default.jpg","[{""rotation"":0,""x"":0.030000000000002247,""y"":45.16,""width"":90.62,""height"":52.66,""rectanglelabels"":[""AI""],""original_width"":4283.0,""original_height"":4829.0},{""rotation"":0,""x"":0.14500000000000068,""y"":1.9600000000000006,""width"":87.77000000000001,""height"":43.2,""rectanglelabels"":[""AF""],""original_width"":4283.0,""original_height"":4829.0}]","","2025-08-06T09:40:40.598861Z"
16411,"1","2025-08-06T09:40:40.598861Z",16149,"https://iiif.irht.cnrs.fr/iiif/ark:/63955/v3ttcps3zx41/full/1200,/0/default.jpg","[{""rotation"":0,""x"":0.9550000000000003,""y"":1.3800000000000034,""width"":99.05000000000001,""height"":98.0,""rectanglelabels"":[""AM""],""original_width"":4419.0,""original_height"":4802.0}]","","2025-08-06T09:40:40.598861Z"
16412,"1","2025-08-06T09:40:40.598861Z",16150,"https://iiif.irht.cnrs.fr/iiif/ark:/63955/vuw860svly4n/full/1200,/0/default.jpg","[{""rotation"":0,""x"":0.025000000000002798,""y"":1.090000000000002,""width"":92.75,""height"":98.78,""rectanglelabels"":[""AF""],""original_width"":4092.0,""original_height"":4829.0}]","","2025-08-06T09:40:40.598861Z"
16413,"1","2025-08-06T09:40:40.601494Z",16151,"https://iiif.irht.cnrs.fr/iiif/ark:/63955/vgk0uh5t0gxu/full/1200,/0/default.jpg","[{""rotation"":0,""x"":0.6949999999999956,""y"":66.37,""width"":99.29,""height"":31.900000000000002,""rectanglelabels"":[""AI""],""original_width"":4419.0,""original_height"":4802.0},{""rotation"":0,""x"":0.6899999999999962,""y"":1.3300000000000034,""width"":99.3,""height"":65.16,""rectanglelabels"":[""AC""],""original_width"":4419.0,""original_height"":4802.0}]","","2025-08-06T09:40:40.601494Z"
16414,"1","2025-08-06T09:40:40.601494Z",16152,"https://iiif.irht.cnrs.fr/iiif/ark:/63955/va9j2cj0hkvd/full/1200,/0/default.jpg","[{""rotation"":0,""x"":0.0,""y"":0.6000000000000005,""width"":93.58,""height"":52.66,""rectanglelabels"":[""AF""],""original_width"":4092.0,""original_height"":4829.0},{""rotation"":0,""x"":0.0,""y"":53.084999999999994,""width"":93.17999999999999,""height"":46.71,""rectanglelabels"":[""AI""],""original_width"":4092.0,""original_height"":4829.0}]","","2025-08-06T09:40:40.601494Z"
16415,"1","2025-08-06T09:40:40.601494Z",16153,"https://iiif.irht.cnrs.fr/iiif/ark:/63955/vs1elxzj1m0m/full/1200,/0/default.jpg","[{""rotation"":0,""x"":0.824999999999998,""y"":2.5550000000000015,""width"":99.15,""height"":96.87,""rectanglelabels"":[""AF""],""original_width"":4419.0,""original_height"":4802.0}]","","2025-08-06T09:40:40.601494Z"
16416,"1","2025-08-06T09:40:40.601494Z",16154,"https://iiif.irht.cnrs.fr/iiif/ark:/63955/vnu3to49lykv/full/1200,/0/default.jpg","[{""rotation"":0,""x"":0.040000000000001146,""y"":57.885,""width"":92.97999999999999,""height"":41.77,""rectanglelabels"":[""AI""],""original_width"":4092.0,""original_height"":4829.0},{""rotation"":0,""x"":0.0,""y"":0.7199999999999984,""width"":92.86,""height"":57.24,""rectanglelabels"":[""AC""],""original_width"":4092.0,""original_height"":4829.0}]","","2025-08-06T09:40:40.601494Z"
6261,"1","2025-08-04T09:05:24.740389Z",16155,"https://iiif.irht.cnrs.fr/iiif/ark:/63955/vin81npli3ek/full/1200,/0/default.jpg","[{""x"":16.04,""y"":43.085,""width"":83.91999999999999,""height"":55.13,""rotation"":0,""rectanglelabels"":[""AI""],""original_width"":1200,""original_height"":1304},{""x"":15.50530120481928,""y"":3.064819277108434,""width"":84.45469879518076,""height"":39.97518072289152,""rotation"":0,""rectanglelabels"":[""AF""],""original_width"":1200,""original_height"":1304}]",6.336,"2025-08-04T09:05:24.740389Z"
16417,"1","2025-08-06T09:40:40.601494Z",16156,"https://iiif.irht.cnrs.fr/iiif/ark:/63955/vhzhhjj4k5rf/full/1200,/0/default.jpg","[{""rotation"":0,""x"":-0.004999999999999449,""y"":0.47999999999999987,""width"":92.93,""height"":40.36,""rectanglelabels"":[""AF""],""original_width"":4092.0,""original_height"":4829.0},{""rotation"":0,""x"":-0.004999999999999449,""y"":40.809999999999995,""width"":92.86999999999999,""height"":59.0,""rectanglelabels"":[""AC""],""original_width"":4092.0,""original_height"":4829.0}]","","2025-08-06T09:40:40.601494Z"
16418,"1","2025-08-06T09:40:40.601494Z",16157,"https://iiif.irht.cnrs.fr/iiif/ark:/63955/v8k4cuqbelt1/full/1200,/0/default.jpg","[{""rotation"":0,""x"":0.6350000000000022,""y"":1.770000000000005,""width"":99.31,""height"":59.519999999999996,""rectanglelabels"":[""AC""],""original_width"":4419.0,""original_height"":4802.0},{""rotation"":0,""x"":0.0,""y"":61.095,""width"":99.98,""height"":36.83,""rectanglelabels"":[""AI""],""original_width"":4419.0,""original_height"":4802.0}]","","2025-08-06T09:40:40.601494Z"
16419,"1","2025-08-06T09:40:40.601494Z",16158,"https://iiif.irht.cnrs.fr/iiif/ark:/63955/vtvpjg7nvr5v/full/1200,/0/default.jpg","[{""rotation"":0,""x"":0.0,""y"":0.3249999999999975,""width"":92.86,""height"":59.150000000000006,""rectanglelabels"":[""AF""],""original_width"":4092.0,""original_height"":4829.0},{""rotation"":0,""x"":0.0,""y"":59.475,""width"":94.1,""height"":40.35,""rectanglelabels"":[""AI""],""original_width"":4092.0,""original_height"":4829.0}]","","2025-08-06T09:40:40.601494Z"
16420,"1","2025-08-06T09:40:40.601494Z",16159,"https://iiif.irht.cnrs.fr/iiif/ark:/63955/v6sncm5647v5/full/1200,/0/default.jpg","[{""rotation"":0,""x"":0.610000000000005,""y"":37.94499999999999,""width"":99.3,""height"":61.45,""rectanglelabels"":[""AI""],""original_width"":4001.0,""original_height"":4829.0},{""rotation"":0,""x"":1.7449999999999966,""y"":0.8099999999999996,""width"":98.19,""height"":37.14,""rectanglelabels"":[""AF""],""original_width"":4001.0,""original_height"":4829.0}]","","2025-08-06T09:40:40.601494Z"
6262,"1","2025-08-04T09:05:57.597812Z",16160,"https://iiif.irht.cnrs.fr/iiif/ark:/63955/v9mesqzxie62/full/1200,/0/default.jpg","[{""x"":16.074999999999996,""y"":30.635,""width"":83.87,""height"":46.550000000000004,""rotation"":0,""rectanglelabels"":[""AC""],""original_width"":1200,""original_height"":1304},{""x"":16.58638554216867,""y"":3.305120481927711,""width"":83.40361445783141,""height"":27.219879518072286,""rotation"":0,""rectanglelabels"":[""AF""],""original_width"":1200,""original_height"":1304},{""x"":15.972148594377511,""y"":77.06000000000004,""width"":83.96285140562246,""height"":20.439036144578278,""rotation"":0,""rectanglelabels"":[""AI""],""original_width"":1200,""original_height"":1304}]",11.446,"2025-08-04T09:05:57.597812Z"
6263,"1","2025-08-04T09:06:14.286869Z",16161,"https://iiif.irht.cnrs.fr/iiif/ark:/63955/vijx8ucuoeoj/full/1200,/0/default.jpg","[{""x"":-0.004999999999999449,""y"":0.4149999999999987,""width"":92.73,""height"":48.03,""rotation"":0,""rectanglelabels"":[""AF""],""original_width"":1200,""original_height"":1416},{""x"":0,""y"":48.38,""width"":92.7,""height"":12.3,""rotation"":0,""rectanglelabels"":[""AC""],""original_width"":1200,""original_height"":1416},{""x"":0,""y"":71.865,""width"":92.89156626506025,""height"":27.92999999999999,""rotation"":0,""rectanglelabels"":[""AI""],""original_width"":1200,""original_height"":1416},{""x"":0.004999999999999449,""y"":60.629999999999995,""width"":92.53,""height"":11.26,""rotation"":0,""rectanglelabels"":[""AC""],""original_width"":1200,""original_height"":1416}]",6.102,"2025-08-04T09:06:14.286869Z"
6264,"1","2025-08-04T09:06:25.563066Z",16162,"https://iiif.irht.cnrs.fr/iiif/ark:/63955/v370bvv30qcn/full/1200,/0/default.jpg","[{""x"":18.520642570281026,""y"":3.2612650602409587,""width"":81.4793574297189,""height"":74.69891566265062,""rotation"":0,""rectanglelabels"":[""AF""],""original_width"":1200,""original_height"":1304}]",9.506,"2025-08-04T09:06:25.563066Z"
16421,"1","2025-08-06T09:40:40.601494Z",16163,"https://iiif.irht.cnrs.fr/iiif/ark:/63955/v54e42wj8z2r/full/1200,/0/default.jpg","[{""rotation"":0,""x"":0.0,""y"":1.7850000000000033,""width"":92.84,""height"":97.95,""rectanglelabels"":[""AI""],""original_width"":4092.0,""original_height"":4829.0}]","","2025-08-06T09:40:40.601494Z"
16422,"1","2025-08-06T09:40:40.601494Z",16164,"https://iiif.irht.cnrs.fr/iiif/ark:/63955/vwam95antur1/full/1200,/0/default.jpg","[{""rotation"":0,""x"":2.210000000000001,""y"":1.6199999999999992,""width"":97.76,""height"":97.14,""rectanglelabels"":[""AM""],""original_width"":4419.0,""original_height"":4802.0}]","","2025-08-06T09:40:40.601494Z"
16423,"1","2025-08-06T09:40:40.601494Z",16165,"https://iiif.irht.cnrs.fr/iiif/ark:/63955/vu2wp5xgikmn/full/1200,/0/default.jpg","[{""rotation"":0,""x"":0.004999999999999449,""y"":0.5099999999999993,""width"":92.57,""height"":99.2,""rectanglelabels"":[""AM""],""original_width"":4092.0,""original_height"":4829.0}]","","2025-08-06T09:40:40.601494Z"
16424,"1","2025-08-06T09:40:40.601494Z",16166,"https://iiif.irht.cnrs.fr/iiif/ark:/63955/vyrpvayucqrn/full/1200,/0/default.jpg","[{""rotation"":0,""x"":9.095000000000002,""y"":1.915,""width"":90.81,""height"":96.93,""rectanglelabels"":[""AM""],""original_width"":4483.0,""original_height"":4802.0}]","","2025-08-06T09:40:40.601494Z"
16425,"1","2025-08-06T09:40:40.601494Z",16167,"https://iiif.irht.cnrs.fr/iiif/ark:/63955/vd0tnomifoch/full/1200,/0/default.jpg","[{""rotation"":0,""x"":0.004999999999999449,""y"":0.17500000000000293,""width"":98.81,""height"":99.31,""rectanglelabels"":[""AM""],""original_width"":4065.0,""original_height"":4829.0}]","","2025-08-06T09:40:40.601494Z"
16426,"1","2025-08-06T09:40:40.601494Z",16168,"https://iiif.irht.cnrs.fr/iiif/ark:/63955/vk2nii524t1w/full/1200,/0/default.jpg","[{""rotation"":0,""x"":2.134999999999998,""y"":2.1649999999999947,""width"":97.75,""height"":97.15,""rectanglelabels"":[""AM""],""original_width"":4483.0,""original_height"":4802.0}]","","2025-08-06T09:40:40.601494Z"
16427,"1","2025-08-06T09:40:40.601494Z",16169,"https://iiif.irht.cnrs.fr/iiif/ark:/63955/vjw6hrj8i7lj/full/1200,/0/default.jpg","[{""rotation"":0,""x"":0.004999999999999449,""y"":1.8050000000000066,""width"":99.11,""height"":97.71,""rectanglelabels"":[""AM""],""original_width"":4065.0,""original_height"":4829.0}]","","2025-08-06T09:40:40.601494Z"
16428,"1","2025-08-06T09:40:40.601494Z",16170,"https://iiif.irht.cnrs.fr/iiif/ark:/63955/vk3p6posj56x/full/1200,/0/default.jpg","[{""rotation"":0,""x"":0.0,""y"":1.6100000000000003,""width"":90.22,""height"":96.54,""rectanglelabels"":[""AM""],""original_width"":4283.0,""original_height"":4829.0}]","","2025-08-06T09:40:40.601494Z"
16429,"1","2025-08-06T09:40:40.601494Z",16171,"https://iiif.irht.cnrs.fr/iiif/ark:/63955/v097nrmb34w6/full/1200,/0/default.jpg","[{""rotation"":0,""x"":1.0699999999999987,""y"":59.894999999999996,""width"":98.88,""height"":38.11,""rectanglelabels"":[""AI""],""original_width"":4483.0,""original_height"":4802.0},{""rotation"":0,""x"":2.7849999999999984,""y"":2.1050000000000013,""width"":97.11,""height"":57.97,""rectanglelabels"":[""AF""],""original_width"":4483.0,""original_height"":4802.0}]","","2025-08-06T09:40:40.601494Z"
16430,"1","2025-08-06T09:40:40.601494Z",16172,"https://iiif.irht.cnrs.fr/iiif/ark:/63955/vsepyhtriqae/full/1200,/0/default.jpg","[{""rotation"":0,""x"":0.0,""y"":0.31000000000000194,""width"":99.82,""height"":42.4,""rectanglelabels"":[""AF""],""original_width"":4065.0,""original_height"":4829.0},{""rotation"":0,""x"":0.0,""y"":42.75,""width"":99.4,""height"":56.3,""rectanglelabels"":[""AI""],""original_width"":4065.0,""original_height"":4829.0}]","","2025-08-06T09:40:40.601494Z"
16431,"1","2025-08-06T09:40:40.601494Z",16173,"https://iiif.irht.cnrs.fr/iiif/ark:/63955/vws5g1onm7nv/full/1200,/0/default.jpg","[{""rotation"":0,""x"":1.1999999999999955,""y"":2.485000000000001,""width"":98.68,""height"":28.749999999999996,""rectanglelabels"":[""AF""],""original_width"":4483.0,""original_height"":4802.0},{""rotation"":0,""x"":13.580000000000004,""y"":31.229999999999997,""width"":86.3,""height"":67.88,""rectanglelabels"":[""AI""],""original_width"":4483.0,""original_height"":4802.0}]","","2025-08-06T09:40:40.601494Z"
16432,"1","2025-08-06T09:40:40.601494Z",16174,"https://iiif.irht.cnrs.fr/iiif/ark:/63955/vean1mq6ixyw/full/1200,/0/default.jpg","[{""rotation"":0,""x"":0.054999999999999494,""y"":0.10000000000000009,""width"":99.75,""height"":26.22,""rectanglelabels"":[""AF""],""original_width"":4065.0,""original_height"":4829.0},{""rotation"":0,""x"":0.0,""y"":26.275,""width"":99.24,""height"":73.27,""rectanglelabels"":[""AI""],""original_width"":4065.0,""original_height"":4829.0}]","","2025-08-06T09:40:40.601494Z"
16433,"1","2025-08-06T09:40:40.601494Z",16175,"https://iiif.irht.cnrs.fr/iiif/ark:/63955/vmwdgnw6yb2r/full/1200,/0/default.jpg","[{""rotation"":0,""x"":16.044999999999998,""y"":46.144999999999996,""width"":83.85000000000001,""height"":52.15,""rectanglelabels"":[""AI""],""original_width"":4483.0,""original_height"":4802.0},{""rotation"":0,""x"":2.154999999999996,""y"":2.124999999999999,""width"":97.75,""height"":44.01,""rectanglelabels"":[""AF""],""original_width"":4483.0,""original_height"":4802.0}]","","2025-08-06T09:40:40.601494Z"
16434,"1","2025-08-06T09:40:40.601494Z",16176,"https://iiif.irht.cnrs.fr/iiif/ark:/63955/vgjs56ecuar5/full/1200,/0/default.jpg","[{""rotation"":0,""x"":0.02000000000000335,""y"":0.19000000000000128,""width"":99.83999999999999,""height"":43.1,""rectanglelabels"":[""AF""],""original_width"":4065.0,""original_height"":4829.0},{""rotation"":0,""x"":0.0050000000000050004,""y"":43.324999999999996,""width"":96.11,""height"":54.97,""rectanglelabels"":[""AI""],""original_width"":4065.0,""original_height"":4829.0}]","","2025-08-06T09:40:40.601494Z"
16435,"1","2025-08-06T09:40:40.601494Z",16177,"https://iiif.irht.cnrs.fr/iiif/ark:/63955/vxtroz9ly67u/full/1200,/0/default.jpg","[{""rotation"":0,""x"":16.479999999999993,""y"":28.84,""width"":83.46000000000001,""height"":70.76,""rectanglelabels"":[""AC""],""original_width"":4483.0,""original_height"":4802.0},{""rotation"":0,""x"":1.0450000000000015,""y"":1.6400000000000026,""width"":98.85000000000001,""height"":27.24,""rectanglelabels"":[""AF""],""original_width"":4483.0,""original_height"":4802.0}]","","2025-08-06T09:40:40.601494Z"
16436,"1","2025-08-06T09:40:40.601494Z",16178,"https://iiif.irht.cnrs.fr/iiif/ark:/63955/vkoiguhrx88g/full/1200,/0/default.jpg","[{""rotation"":0,""x"":0.004999999999999449,""y"":0.6400000000000017,""width"":99.72999999999999,""height"":26.279999999999998,""rectanglelabels"":[""AC""],""original_width"":4065.0,""original_height"":4829.0},{""rotation"":0,""x"":0.004999999999999449,""y"":26.835000000000004,""width"":97.23,""height"":72.47,""rectanglelabels"":[""AC""],""original_width"":4065.0,""original_height"":4829.0}]","","2025-08-06T09:40:40.601494Z"
16437,"1","2025-08-06T09:40:40.601494Z",16179,"https://iiif.irht.cnrs.fr/iiif/ark:/63955/v0dmfqhpimnc/full/1200,/0/default.jpg","[{""rotation"":0,""x"":2.084999999999998,""y"":1.9549999999999956,""width"":97.87,""height"":97.55,""rectanglelabels"":[""AC""],""original_width"":4483.0,""original_height"":4802.0}]","","2025-08-06T09:40:40.601494Z"
16438,"1","2025-08-06T09:40:40.601494Z",16180,"https://iiif.irht.cnrs.fr/iiif/ark:/63955/vdbcnxat54dt/full/1200,/0/default.jpg","[{""rotation"":0,""x"":0.0,""y"":0.45499999999999985,""width"":99.5,""height"":98.87,""rectanglelabels"":[""AI""],""original_width"":4065.0,""original_height"":4829.0}]","","2025-08-06T09:40:40.601494Z"
16439,"1","2025-08-06T09:40:40.601494Z",16181,"https://iiif.irht.cnrs.fr/iiif/ark:/63955/vpm2vz89j7gc/full/1200,/0/default.jpg","[{""rotation"":0,""x"":1.3849999999999973,""y"":0.6200000000000011,""width"":98.53,""height"":24.14,""rectanglelabels"":[""AF""],""original_width"":4001.0,""original_height"":4829.0},{""rotation"":0,""x"":0.5749999999999977,""y"":24.73,""width"":99.33,""height"":74.86,""rectanglelabels"":[""AI""],""original_width"":4001.0,""original_height"":4829.0}]","","2025-08-06T09:40:40.601494Z"
16440,"1","2025-08-06T09:40:40.601494Z",16182,"https://iiif.irht.cnrs.fr/iiif/ark:/63955/vnun4lkct1d6/full/1200,/0/default.jpg","[{""rotation"":0,""x"":16.575,""y"":2.2050000000000014,""width"":83.35000000000001,""height"":97.35000000000001,""rectanglelabels"":[""AM""],""original_width"":4483.0,""original_height"":4802.0}]","","2025-08-06T09:40:40.601494Z"
16441,"1","2025-08-06T09:40:40.601494Z",16183,"https://iiif.irht.cnrs.fr/iiif/ark:/63955/vnsx4ifr5s4h/full/1200,/0/default.jpg","[{""rotation"":0,""x"":0.024999999999997247,""y"":0.31999999999999806,""width"":99.89,""height"":98.9,""rectanglelabels"":[""AM""],""original_width"":4047.0,""original_height"":4829.0}]","","2025-08-06T09:40:40.601494Z"
16442,"1","2025-08-06T09:40:40.601494Z",16184,"https://iiif.irht.cnrs.fr/iiif/ark:/63955/v4seemkjzd6t/full/1200,/0/default.jpg","[{""rotation"":0,""x"":1.4450000000000018,""y"":0.7899999999999963,""width"":98.45,""height"":98.44000000000001,""rectanglelabels"":[""AM""],""original_width"":4483.0,""original_height"":4802.0}]","","2025-08-06T09:40:40.601494Z"
16443,"1","2025-08-06T09:40:40.601494Z",16185,"https://iiif.irht.cnrs.fr/iiif/ark:/63955/v1afmn8n0fbt/full/1200,/0/default.jpg","[{""rotation"":0,""x"":0.029999999999996696,""y"":0.2950000000000008,""width"":99.88,""height"":99.37,""rectanglelabels"":[""AF""],""original_width"":4047.0,""original_height"":4829.0}]","","2025-08-06T09:40:40.601494Z"
16444,"1","2025-08-06T09:40:40.601494Z",16186,"https://iiif.irht.cnrs.fr/iiif/ark:/63955/vdgbt7hlcyp4/full/1200,/0/default.jpg","[{""rotation"":0,""x"":0.14000000000000123,""y"":2.0650000000000004,""width"":99.86,""height"":97.28999999999999,""rectanglelabels"":[""AI""],""original_width"":4483.0,""original_height"":4802.0}]","","2025-08-06T09:40:40.601494Z"
16445,"1","2025-08-06T09:40:40.601494Z",16187,"https://iiif.irht.cnrs.fr/iiif/ark:/63955/vd3rxmqbtkd4/full/1200,/0/default.jpg","[{""rotation"":0,""x"":0.004999999999999449,""y"":0.32999999999999696,""width"":99.92999999999999,""height"":98.78,""rectanglelabels"":[""AM""],""original_width"":4047.0,""original_height"":4829.0}]","","2025-08-06T09:40:40.601494Z"
16446,"1","2025-08-06T09:40:40.601494Z",16188,"https://iiif.irht.cnrs.fr/iiif/ark:/63955/v00s8ntozm1f/full/1200,/0/default.jpg","[{""rotation"":0,""x"":2.1399999999999975,""y"":2.4100000000000064,""width"":97.76,""height"":96.89999999999999,""rectanglelabels"":[""AM""],""original_width"":4483.0,""original_height"":4802.0}]","","2025-08-06T09:40:40.601494Z"
16447,"1","2025-08-06T09:40:40.601494Z",16189,"https://iiif.irht.cnrs.fr/iiif/ark:/63955/vyunff0d45q8/full/1200,/0/default.jpg","[{""rotation"":0,""x"":0.050000000000000044,""y"":33.315,""width"":99.74,""height"":65.89,""rectanglelabels"":[""AI""],""original_width"":4047.0,""original_height"":4829.0},{""rotation"":0,""x"":0.02000000000000335,""y"":0.34500000000000086,""width"":99.83999999999999,""height"":33.43,""rectanglelabels"":[""AF""],""original_width"":4047.0,""original_height"":4829.0}]","","2025-08-06T09:40:40.601494Z"
6266,"1","2025-08-04T09:09:25.968165Z",16190,"https://iiif.irht.cnrs.fr/iiif/ark:/63955/vwovn0o7ds7d/full/1200,/0/default.jpg","[{""x"":12.020000000000001,""y"":37.89596385542169,""width"":87.98000000000002,""height"":59.95,""rotation"":0,""rectanglelabels"":[""AI""],""original_width"":1200,""original_height"":1285},{""x"":12.263413654618471,""y"":2.5762650602409636,""width"":87.6465863453816,""height"":35.37373493975903,""rotation"":0,""rectanglelabels"":[""AF""],""original_width"":1200,""original_height"":1285}]",12.193,"2025-08-04T09:09:25.968165Z"
6265,"1","2025-08-04T09:09:10.372356Z",16191,"https://iiif.irht.cnrs.fr/iiif/ark:/63955/vlg1e4005gy0/full/1200,/0/default.jpg","[{""x"":0.07499999999999729,""y"":0.32999999999999974,""width"":99.87,""height"":40.14,""rotation"":0,""rectanglelabels"":[""AF""],""original_width"":1200,""original_height"":1432},{""x"":0.040000000000001146,""y"":40.40144578313253,""width"":99.92000000000002,""height"":58.698554216867485,""rotation"":0,""rectanglelabels"":[""AI""],""original_width"":1200,""original_height"":1432}]",20.624,"2025-08-04T09:09:10.372356Z"
16448,"1","2025-08-06T09:40:40.601494Z",16192,"https://iiif.irht.cnrs.fr/iiif/ark:/63955/vusy0y27u8sx/full/1200,/0/default.jpg","[{""rotation"":0,""x"":0.01000000000000445,""y"":41.14000000000001,""width"":89.86,""height"":56.940000000000005,""rectanglelabels"":[""AI""],""original_width"":4283.0,""original_height"":4829.0},{""rotation"":0,""x"":0.0,""y"":1.3200000000000016,""width"":91.32000000000001,""height"":39.839999999999996,""rectanglelabels"":[""AF""],""original_width"":4283.0,""original_height"":4829.0}]","","2025-08-06T09:40:40.601494Z"
16449,"1","2025-08-06T09:40:40.601494Z",16193,"https://iiif.irht.cnrs.fr/iiif/ark:/63955/v4df4rk9hs56/full/1200,/0/default.jpg","[{""rotation"":0,""x"":16.580000000000005,""y"":38.74000000000001,""width"":83.3,""height"":59.919999999999995,""rectanglelabels"":[""AI""],""original_width"":4483.0,""original_height"":4802.0},{""rotation"":0,""x"":1.4300000000000035,""y"":2.174999999999999,""width"":98.5,""height"":36.55,""rectanglelabels"":[""AF""],""original_width"":4483.0,""original_height"":4802.0}]","","2025-08-06T09:40:40.601494Z"
6267,"1","2025-08-04T09:09:34.891178Z",16194,"https://iiif.irht.cnrs.fr/iiif/ark:/63955/vns6c0j58xqo/full/1200,/0/default.jpg","[{""x"":0.06000000000000447,""y"":2.7550000000000026,""width"":94.93919678714859,""height"":58.596265060240974,""rotation"":0,""rectanglelabels"":[""AF""],""original_width"":1200,""original_height"":1432}]",4.384,"2025-08-04T09:09:34.891178Z"
16450,"1","2025-08-06T09:40:40.601494Z",16195,"https://iiif.irht.cnrs.fr/iiif/ark:/63955/vy4tz4zf3zjh/full/1200,/0/default.jpg","[{""rotation"":0,""x"":0.0,""y"":0.0,""width"":100.0,""height"":100.0,""rectanglelabels"":[""NIA""],""original_width"":2048.0,""original_height"":2048.0}]","","2025-08-06T09:40:40.601494Z"
16451,"1","2025-08-06T09:40:40.601494Z",16196,"https://iiif.irht.cnrs.fr/iiif/ark:/63955/ven8ywpr1veu/full/1200,/0/default.jpg","[{""rotation"":0,""x"":0.0,""y"":0.0,""width"":100.0,""height"":100.0,""rectanglelabels"":[""NIA""],""original_width"":2048.0,""original_height"":2048.0}]","","2025-08-06T09:40:40.601494Z"
16452,"1","2025-08-06T09:40:40.601494Z",16197,"https://iiif.irht.cnrs.fr/iiif/ark:/63955/v1qulv2ilrgq/full/1200,/0/default.jpg","[{""rotation"":0,""x"":0.0,""y"":0.0,""width"":100.0,""height"":100.0,""rectanglelabels"":[""NIA""],""original_width"":2048.0,""original_height"":2048.0}]","","2025-08-06T09:40:40.601494Z"
16453,"1","2025-08-06T09:40:40.601494Z",16198,"https://iiif.irht.cnrs.fr/iiif/ark:/63955/vxynmq6sx4hk/full/1200,/0/default.jpg","[{""rotation"":0,""x"":0.5599999999999994,""y"":32.519999999999996,""width"":99.33999999999999,""height"":66.18,""rectanglelabels"":[""AI""],""original_width"":4001.0,""original_height"":4829.0},{""rotation"":0,""x"":1.6250000000000042,""y"":0.5250000000000005,""width"":98.31,""height"":32.31,""rectanglelabels"":[""AF""],""original_width"":4001.0,""original_height"":4829.0}]","","2025-08-06T09:40:40.601494Z"
16454,"1","2025-08-06T09:40:40.601494Z",16199,"https://iiif.irht.cnrs.fr/iiif/ark:/63955/v7djfn3m3fhv/full/1200,/0/default.jpg","[{""rotation"":0,""x"":0.15999999999999903,""y"":0.6749999999999978,""width"":98.5,""height"":42.17,""rectanglelabels"":[""AF""],""original_width"":4283.0,""original_height"":4829.0},{""rotation"":0,""x"":0.035000000000001696,""y"":42.714999999999996,""width"":89.75,""height"":54.949999999999996,""rectanglelabels"":[""AI""],""original_width"":4283.0,""original_height"":4829.0}]","","2025-08-06T09:40:40.601494Z"
16455,"1","2025-08-06T09:40:40.601494Z",16200,"https://iiif.irht.cnrs.fr/iiif/ark:/63955/vo6u84hcs9qr/full/1200,/0/default.jpg","[{""rotation"":0,""x"":0.19500000000000073,""y"":0.17499999999999738,""width"":99.81,""height"":99.59,""rectanglelabels"":[""Table""],""original_width"":3910.0,""original_height"":4811.0}]","","2025-08-06T09:40:40.601494Z"
16456,"1","2025-08-06T09:40:40.601494Z",16201,"https://iiif.irht.cnrs.fr/iiif/ark:/63955/veiuhqoqilnh/full/1200,/0/default.jpg","[{""rotation"":0,""x"":0.5649999999999933,""y"":54.36500000000001,""width"":99.37,""height"":43.59,""rectanglelabels"":[""AI""],""original_width"":4001.0,""original_height"":4829.0},{""rotation"":0,""x"":0.7000000000000006,""y"":0.5649999999999988,""width"":99.24,""height"":53.93,""rectanglelabels"":[""AF""],""original_width"":4001.0,""original_height"":4829.0}]","","2025-08-06T09:40:40.601494Z"
16457,"1","2025-08-06T09:40:40.601494Z",16202,"https://iiif.irht.cnrs.fr/iiif/ark:/63955/v9a8g35klqry/full/1200,/0/default.jpg","[{""rotation"":0,""x"":0.040000000000001146,""y"":52.51,""width"":91.46,""height"":45.2,""rectanglelabels"":[""AI""],""original_width"":4283.0,""original_height"":4829.0},{""rotation"":0,""x"":0.13500000000000179,""y"":1.0000000000000009,""width"":90.93,""height"":51.580000000000005,""rectanglelabels"":[""AF""],""original_width"":4283.0,""original_height"":4829.0}]","","2025-08-06T09:40:40.601494Z"
6268,"1","2025-08-04T09:10:21.437037Z",16203,"https://iiif.irht.cnrs.fr/iiif/ark:/63955/va7meupuck9u/full/1200,/0/default.jpg","[{""x"":11.167469879518155,""y"":3.143674698795184,""width"":88.83253012048185,""height"":63.970722891566275,""rotation"":0,""rectanglelabels"":[""AF""],""original_width"":1200,""original_height"":1448}]",5.021,"2025-08-04T09:10:21.437037Z"
16458,"1","2025-08-06T09:40:40.601494Z",16204,"https://iiif.irht.cnrs.fr/iiif/ark:/63955/vfqk3h3p5kyf/full/1200,/0/default.jpg","[{""rotation"":0,""x"":0.09000000000000119,""y"":0.934999999999997,""width"":92.75999999999999,""height"":97.15,""rectanglelabels"":[""AI""],""original_width"":4283.0,""original_height"":4829.0}]","","2025-08-06T09:40:40.601494Z"
16459,"1","2025-08-06T09:40:40.601494Z",16205,"https://iiif.irht.cnrs.fr/iiif/ark:/63955/vsejyz4pr3zy/full/1200,/0/default.jpg","[{""rotation"":0,""x"":0.5299999999999971,""y"":42.245,""width"":99.4,""height"":57.07,""rectanglelabels"":[""AI""],""original_width"":4001.0,""original_height"":4829.0},{""rotation"":0,""x"":0.3149999999999986,""y"":0.8000000000000007,""width"":99.61,""height"":41.38,""rectanglelabels"":[""AF""],""original_width"":4001.0,""original_height"":4829.0}]","","2025-08-06T09:40:40.601494Z"
16460,"1","2025-08-06T09:40:40.601494Z",16206,"https://iiif.irht.cnrs.fr/iiif/ark:/63955/vpete85zhze8/full/1200,/0/default.jpg","[{""rotation"":0,""x"":0.09500000000000064,""y"":0.4699999999999982,""width"":92.17,""height"":97.89999999999999,""rectanglelabels"":[""AF""],""original_width"":4283.0,""original_height"":4829.0}]","","2025-08-06T09:40:40.601494Z"
16461,"1","2025-08-06T09:40:40.601494Z",16207,"https://iiif.irht.cnrs.fr/iiif/ark:/63955/vkhpo7u95a1k/full/1200,/0/default.jpg","[{""rotation"":0,""x"":0.9550000000000058,""y"":1.2400000000000022,""width"":99.00999999999999,""height"":98.11999999999999,""rectanglelabels"":[""AC""],""original_width"":4038.0,""original_height"":4829.0}]","","2025-08-06T09:40:40.601494Z"
16462,"1","2025-08-06T09:40:40.601494Z",16208,"https://iiif.irht.cnrs.fr/iiif/ark:/63955/vt0jypa1p9q3/full/1200,/0/default.jpg","[{""rotation"":0,""x"":0.0,""y"":0.7150000000000045,""width"":88.92,""height"":97.63,""rectanglelabels"":[""AC""],""original_width"":4283.0,""original_height"":4829.0}]","","2025-08-06T09:40:40.601494Z"
6269,"1","2025-08-04T09:10:34.121996Z",16209,"https://iiif.irht.cnrs.fr/iiif/ark:/63955/v25b75t7j2s1/full/1200,/0/default.jpg","",2.692,"2025-08-04T09:10:34.121996Z"
6270,"1","2025-08-04T09:11:03.496749Z",16210,"https://iiif.irht.cnrs.fr/iiif/ark:/63955/vrg8mpexryrr/full/1200,/0/default.jpg","[{""x"":0.06999999999999752,""y"":1.1400000000001216,""width"":92.69999999999972,""height"":79.66362784024064,""rotation"":0,""rectanglelabels"":[""AC""],""original_width"":1200,""original_height"":1353},{""x"":0.004999999999999449,""y"":83.165,""width"":93.63,""height"":14.39,""rotation"":0,""rectanglelabels"":[""AC""],""original_width"":1200,""original_height"":1353},{""x"":1.2065315279661324e-15,""y"":80.70545411954568,""width"":92.50933734939724,""height"":2.413019530915399,""rotation"":0,""rectanglelabels"":[""AC""],""original_width"":1200,""original_height"":1353}]",83.61099999999999,"2025-08-04T12:45:14.983528Z"
16463,"1","2025-08-06T09:40:40.601494Z",16211,"https://iiif.irht.cnrs.fr/iiif/ark:/63955/vuysa7wboezj/full/1200,/0/default.jpg","[{""rotation"":0,""x"":0.004999999999999449,""y"":0.7450000000000012,""width"":99.91,""height"":98.03,""rectanglelabels"":[""Table""],""original_width"":4310.0,""original_height"":4784.0}]","","2025-08-06T09:40:40.601494Z"
16464,"1","2025-08-06T09:40:40.601494Z",16212,"https://iiif.irht.cnrs.fr/iiif/ark:/63955/vhphsr61i93o/full/1200,/0/default.jpg","[{""rotation"":0,""x"":2.4950000000000028,""y"":70.785,""width"":97.39,""height"":28.050000000000004,""rectanglelabels"":[""AI""],""original_width"":4038.0,""original_height"":4829.0},{""rotation"":0,""x"":0.5800000000000027,""y"":0.6850000000000023,""width"":99.36,""height"":70.07,""rectanglelabels"":[""AC""],""original_width"":4038.0,""original_height"":4829.0}]","","2025-08-06T09:40:40.601494Z"
16465,"1","2025-08-06T09:40:40.604485Z",16213,"https://iiif.irht.cnrs.fr/iiif/ark:/63955/vlatfidhaf9q/full/1200,/0/default.jpg","[{""rotation"":0,""x"":0.10000000000000009,""y"":0.8899999999999963,""width"":92.25999999999999,""height"":97.34,""rectanglelabels"":[""AF""],""original_width"":4283.0,""original_height"":4829.0}]","","2025-08-06T09:40:40.604485Z"
16466,"1","2025-08-06T09:40:40.604485Z",16214,"https://iiif.irht.cnrs.fr/iiif/ark:/63955/vnwf2t60lyib/full/1200,/0/default.jpg","[{""rotation"":0,""x"":4.055000000000003,""y"":1.3050000000000006,""width"":95.85000000000001,""height"":98.22999999999999,""rectanglelabels"":[""AI""],""original_width"":4038.0,""original_height"":4829.0}]","","2025-08-06T09:40:40.604485Z"
16467,"1","2025-08-06T09:40:40.604485Z",16215,"https://iiif.irht.cnrs.fr/iiif/ark:/63955/vfa2mclvf9hq/full/1200,/0/default.jpg","[{""rotation"":0,""x"":0.13499999999999623,""y"":0.770000000000004,""width"":93.73,""height"":67.38,""rectanglelabels"":[""AF""],""original_width"":4283.0,""original_height"":4829.0},{""rotation"":0,""x"":0.06500000000000394,""y"":67.99,""width"":98.11,""height"":29.62,""rectanglelabels"":[""AI""],""original_width"":4283.0,""original_height"":4829.0}]","","2025-08-06T09:40:40.604485Z"
6271,"1","2025-08-04T09:12:05.747721Z",16216,"https://iiif.irht.cnrs.fr/iiif/ark:/63955/v2w8feiun8ij/full/1200,/0/default.jpg","[{""x"":0.39000000000000146,""y"":1.1550000000000005,""width"":99.56,""height"":43.71,""rotation"":0,""rectanglelabels"":[""AF""],""original_width"":1200,""original_height"":1435},{""x"":0.20277108433735172,""y"":52.23795180722891,""width"":99.74222891566261,""height"":47.53204819277107,""rotation"":0,""rectanglelabels"":[""AI""],""original_width"":1200,""original_height"":1435},{""x"":0,""y"":44.8714457831325,""width"":99.99999999999997,""height"":7.262891566265087,""rotation"":0,""rectanglelabels"":[""AC""],""original_width"":1200,""original_height"":1435}]",11.624,"2025-08-04T09:12:05.747721Z"
16468,"1","2025-08-06T09:40:40.604485Z",16217,"https://iiif.irht.cnrs.fr/iiif/ark:/63955/vokdvlyt4a9e/full/1200,/0/default.jpg","[{""rotation"":0,""x"":0.07499999999999729,""y"":0.9899999999999964,""width"":96.45,""height"":97.54,""rectanglelabels"":[""AM""],""original_width"":4292.0,""original_height"":4829.0}]","","2025-08-06T09:40:40.604485Z"
16469,"1","2025-08-06T09:40:40.604485Z",16218,"https://iiif.irht.cnrs.fr/iiif/ark:/63955/vcvqxr678w95/full/1200,/0/default.jpg","[{""rotation"":0,""x"":6.789999999999996,""y"":40.39,""width"":93.16,""height"":59.199999999999996,""rectanglelabels"":[""AI""],""original_width"":4074.0,""original_height"":4829.0},{""rotation"":0,""x"":1.7449999999999966,""y"":0.6749999999999978,""width"":98.19,""height"":39.75,""rectanglelabels"":[""AF""],""original_width"":4074.0,""original_height"":4829.0}]","","2025-08-06T09:40:40.604485Z"
16470,"1","2025-08-06T09:40:40.604485Z",16219,"https://iiif.irht.cnrs.fr/iiif/ark:/63955/v5pknk7w2rln/full/1200,/0/default.jpg","[{""rotation"":0,""x"":0.13500000000000179,""y"":2.4249999999999994,""width"":97.37,""height"":31.69,""rectanglelabels"":[""AF""],""original_width"":4247.0,""original_height"":4829.0},{""rotation"":0,""x"":-0.0050000000000050004,""y"":34.175,""width"":91.69,""height"":63.51,""rectanglelabels"":[""AC""],""original_width"":4247.0,""original_height"":4829.0}]","","2025-08-06T09:40:40.606491Z"
6289,"1","2025-08-04T14:11:25.986200Z",16220,"https://iiif.irht.cnrs.fr/iiif/ark:/63955/v5g94adejrre/full/1200,/0/default.jpg","[{""x"":0.23999999999999577,""y"":52.370000000000005,""width"":99.76,""height"":47.4,""rotation"":0,""rectanglelabels"":[""AC""],""original_width"":1200,""original_height"":1422},{""x"":0.8200000000000041,""y"":0.6800000000000028,""width"":99.11999999999999,""height"":51.76,""rotation"":0,""rectanglelabels"":[""AC""],""original_width"":1200,""original_height"":1422}]",19.886,"2025-08-04T14:11:25.986200Z"
16471,"1","2025-08-06T09:40:40.606491Z",16221,"https://iiif.irht.cnrs.fr/iiif/ark:/63955/vip5pwem6krv/full/1200,/0/default.jpg","[{""rotation"":0,""x"":0.050000000000000044,""y"":1.1250000000000038,""width"":89.8,""height"":96.91,""rectanglelabels"":[""AI""],""original_width"":4247.0,""original_height"":4829.0}]","","2025-08-06T09:40:40.606491Z"
16472,"1","2025-08-06T09:40:40.606491Z",16222,"https://iiif.irht.cnrs.fr/iiif/ark:/63955/vfxwkngotpd0/full/1200,/0/default.jpg","[{""rotation"":0,""x"":0.32999999999999696,""y"":0.27499999999999747,""width"":99.64,""height"":99.27,""rectanglelabels"":[""Table""],""original_width"":3965.0,""original_height"":4829.0}]","","2025-08-06T09:40:40.606491Z"
16473,"1","2025-08-06T09:40:40.606491Z",16223,"https://iiif.irht.cnrs.fr/iiif/ark:/63955/v4ffcci4x59d/full/1200,/0/default.jpg","[{""rotation"":0,""x"":0.47000000000000375,""y"":0.9050000000000002,""width"":99.4,""height"":34.55,""rectanglelabels"":[""AF""],""original_width"":4019.0,""original_height"":4829.0},{""rotation"":0,""x"":5.530000000000007,""y"":35.415,""width"":94.3,""height"":64.09,""rectanglelabels"":[""AI""],""original_width"":4019.0,""original_height"":4829.0}]","","2025-08-06T09:40:40.606491Z"
16474,"1","2025-08-06T09:40:40.606491Z",16224,"https://iiif.irht.cnrs.fr/iiif/ark:/63955/veeort7jkm29/full/1200,/0/default.jpg","[{""rotation"":0,""x"":-0.0050000000000050004,""y"":0.6949999999999956,""width"":99.95,""height"":58.63,""rectanglelabels"":[""AF""],""original_width"":4292.0,""original_height"":4829.0},{""rotation"":0,""x"":0.10000000000000009,""y"":58.940000000000005,""width"":99.33999999999999,""height"":38.879999999999995,""rectanglelabels"":[""AI""],""original_width"":4292.0,""original_height"":4829.0}]","","2025-08-06T09:40:40.606491Z"
16475,"1","2025-08-06T09:40:40.606491Z",16225,"https://iiif.irht.cnrs.fr/iiif/ark:/63955/vsr66dcr57vk/full/1200,/0/default.jpg","[{""rotation"":0,""x"":3.015000000000001,""y"":1.7000000000000015,""width"":96.81,""height"":98.02,""rectanglelabels"":[""AM""],""original_width"":4019.0,""original_height"":4829.0}]","","2025-08-06T09:40:40.606491Z"
16476,"1","2025-08-06T09:40:40.606491Z",16226,"https://iiif.irht.cnrs.fr/iiif/ark:/63955/vn7w5ctam7p0/full/1200,/0/default.jpg","[{""rotation"":0,""x"":0.06499999999999839,""y"":2.6150000000000007,""width"":98.47,""height"":95.81,""rectanglelabels"":[""AM""],""original_width"":4292.0,""original_height"":4829.0}]","","2025-08-06T09:40:40.606491Z"
16477,"1","2025-08-06T09:40:40.606491Z",16227,"https://iiif.irht.cnrs.fr/iiif/ark:/63955/vvht30ep2ohu/full/1200,/0/default.jpg","[{""rotation"":0,""x"":0.275000000000003,""y"":59.885,""width"":99.63,""height"":40.07,""rectanglelabels"":[""AI""],""original_width"":4065.0,""original_height"":4829.0},{""rotation"":0,""x"":0.12499999999999734,""y"":1.8899999999999972,""width"":99.75,""height"":58.32000000000001,""rectanglelabels"":[""AF""],""original_width"":4065.0,""original_height"":4829.0}]","","2025-08-06T09:40:40.606491Z"
16478,"1","2025-08-06T09:40:40.606491Z",16228,"https://iiif.irht.cnrs.fr/iiif/ark:/63955/vun77ecfax2i/full/1200,/0/default.jpg","[{""rotation"":0,""x"":0.0,""y"":1.2449999999999988,""width"":90.92,""height"":43.79,""rectanglelabels"":[""AF""],""original_width"":4292.0,""original_height"":4829.0},{""rotation"":0,""x"":0.004999999999999449,""y"":44.99999999999999,""width"":90.45,""height"":52.580000000000005,""rectanglelabels"":[""AI""],""original_width"":4292.0,""original_height"":4829.0}]","","2025-08-06T09:40:40.606491Z"
16479,"1","2025-08-06T09:40:40.606491Z",16229,"https://iiif.irht.cnrs.fr/iiif/ark:/63955/vt7unigv7hqo/full/1200,/0/default.jpg","[{""rotation"":0,""x"":1.0600000000000054,""y"":2.8200000000000003,""width"":98.83999999999999,""height"":58.4,""rectanglelabels"":[""AF""],""original_width"":4065.0,""original_height"":4829.0},{""rotation"":0,""x"":0.489999999999996,""y"":60.85,""width"":99.46000000000001,""height"":38.96,""rectanglelabels"":[""AI""],""original_width"":4065.0,""original_height"":4829.0}]","","2025-08-06T09:40:40.606491Z"
16480,"1","2025-08-06T09:40:40.606491Z",16230,"https://iiif.irht.cnrs.fr/iiif/ark:/63955/vbtppisezm9n/full/1200,/0/default.jpg","[{""rotation"":0,""x"":0.0,""y"":0.8800000000000002,""width"":99.92,""height"":43.14,""rectanglelabels"":[""AF""],""original_width"":4292.0,""original_height"":4829.0},{""rotation"":0,""x"":0.034999999999996145,""y"":43.669999999999995,""width"":91.99000000000001,""height"":53.800000000000004,""rectanglelabels"":[""AI""],""original_width"":4292.0,""original_height"":4829.0}]","","2025-08-06T09:40:40.606491Z"
6272,"1","2025-08-04T09:15:59.857784Z",16231,"https://iiif.irht.cnrs.fr/iiif/ark:/63955/vug27vd5yvy5/full/1200,/0/default.jpg","[{""x"":0.3149999999999986,""y"":0.8400000000000019,""width"":99.61,""height"":49.480000000000004,""rotation"":0,""rectanglelabels"":[""AF""],""original_width"":1200,""original_height"":1426},{""x"":1.0199999999999954,""y"":50.257891566265066,""width"":98.98,""height"":49.29,""rotation"":0,""rectanglelabels"":[""AI""],""original_width"":1200,""original_height"":1426}]",8.231,"2025-08-04T09:15:59.857784Z"
16481,"1","2025-08-06T09:40:40.606491Z",16232,"https://iiif.irht.cnrs.fr/iiif/ark:/63955/vpmo6hwn7ly1/full/1200,/0/default.jpg","[{""rotation"":0,""x"":0.004999999999999449,""y"":28.74,""width"":90.41,""height"":69.39999999999999,""rectanglelabels"":[""AI""],""original_width"":4292.0,""original_height"":4829.0},{""rotation"":0,""x"":0.09000000000000119,""y"":0.7699999999999985,""width"":99.7,""height"":28.12,""rectanglelabels"":[""AF""],""original_width"":4292.0,""original_height"":4829.0}]","","2025-08-06T09:40:40.606491Z"
16482,"1","2025-08-06T09:40:40.606491Z",16233,"https://iiif.irht.cnrs.fr/iiif/ark:/63955/vjl51xxaoo5n/full/1200,/0/default.jpg","[{""rotation"":0,""x"":0.5350000000000021,""y"":0.7799999999999974,""width"":99.47,""height"":98.34,""rectanglelabels"":[""Table""],""original_width"":4283.0,""original_height"":4784.0}]","","2025-08-06T09:40:40.606491Z"
16483,"1","2025-08-06T09:40:40.606491Z",16234,"https://iiif.irht.cnrs.fr/iiif/ark:/63955/vaok32kpb8ks/full/1200,/0/default.jpg","[{""rotation"":0,""x"":2.8200000000000003,""y"":34.855,""width"":97.16,""height"":64.63,""rectanglelabels"":[""AI""],""original_width"":4065.0,""original_height"":4829.0},{""rotation"":0,""x"":0.24000000000000132,""y"":0.7999999999999979,""width"":99.7,""height"":34.160000000000004,""rectanglelabels"":[""AF""],""original_width"":4065.0,""original_height"":4829.0}]","","2025-08-06T09:40:40.606491Z"
16484,"1","2025-08-06T09:40:40.606491Z",16235,"https://iiif.irht.cnrs.fr/iiif/ark:/63955/vasonxmjws8i/full/1200,/0/default.jpg","[{""rotation"":0,""x"":0.06999999999999784,""y"":0.8250000000000007,""width"":93.66,""height"":37.35,""rectanglelabels"":[""AF""],""original_width"":4319.0,""original_height"":4829.0},{""rotation"":0,""x"":0.16999999999999793,""y"":38.035,""width"":88.68,""height"":60.309999999999995,""rectanglelabels"":[""AI""],""original_width"":4319.0,""original_height"":4829.0}]","","2025-08-06T09:40:40.606491Z"
16485,"1","2025-08-06T09:40:40.606491Z",16236,"https://iiif.irht.cnrs.fr/iiif/ark:/63955/vgfzc27x198q/full/1200,/0/default.jpg","[{""rotation"":0,""x"":0.45499999999999985,""y"":0.6000000000000005,""width"":99.45,""height"":70.66,""rectanglelabels"":[""AF""],""original_width"":4065.0,""original_height"":4829.0},{""rotation"":0,""x"":1.1199999999999988,""y"":70.795,""width"":98.82,""height"":28.63,""rectanglelabels"":[""AI""],""original_width"":4065.0,""original_height"":4829.0}]","","2025-08-06T09:40:40.606491Z"
16486,"1","2025-08-06T09:40:40.606491Z",16237,"https://iiif.irht.cnrs.fr/iiif/ark:/63955/vtbsd14lmwwe/full/1200,/0/default.jpg","[{""rotation"":0,""x"":0.10000000000000009,""y"":56.64,""width"":94.94,""height"":40.68,""rectanglelabels"":[""AI""],""original_width"":4319.0,""original_height"":4829.0},{""rotation"":0,""x"":0.004999999999999449,""y"":1.705000000000001,""width"":90.09,""height"":55.25,""rectanglelabels"":[""AF""],""original_width"":4319.0,""original_height"":4829.0}]","","2025-08-06T09:40:40.606491Z"
6273,"1","2025-08-04T09:16:48.928643Z",16238,"https://iiif.irht.cnrs.fr/iiif/ark:/63955/vlkc738zcqfr/full/1200,/0/default.jpg","[{""x"":0.11548192771083882,""y"":1.7699999999999931,""width"":99.8195180722891,""height"":60.270120481927705,""rotation"":0,""rectanglelabels"":[""AF""],""original_width"":1200,""original_height"":1426}]",6.039,"2025-08-04T09:16:48.928643Z"
16487,"1","2025-08-06T09:40:40.606491Z",16239,"https://iiif.irht.cnrs.fr/iiif/ark:/63955/vqsuyqw7ym0a/full/1200,/0/default.jpg","[{""rotation"":0,""x"":0.06499999999999839,""y"":69.80000000000001,""width"":96.75,""height"":27.66,""rectanglelabels"":[""AI""],""original_width"":4319.0,""original_height"":4829.0},{""rotation"":0,""x"":0.08000000000000229,""y"":0.9649999999999992,""width"":91.88,""height"":68.67,""rectanglelabels"":[""AC""],""original_width"":4319.0,""original_height"":4829.0}]","","2025-08-06T09:40:40.606491Z"
16488,"1","2025-08-06T09:40:40.606491Z",16240,"https://iiif.irht.cnrs.fr/iiif/ark:/63955/vfdbjzygvc1f/full/1200,/0/default.jpg","[{""rotation"":0,""x"":0.16999999999999793,""y"":0.4850000000000021,""width"":99.7,""height"":60.51,""rectanglelabels"":[""AF""],""original_width"":4065.0,""original_height"":4829.0},{""rotation"":0,""x"":0.5099999999999993,""y"":60.875,""width"":99.44,""height"":37.43,""rectanglelabels"":[""AI""],""original_width"":4065.0,""original_height"":4829.0}]","","2025-08-06T09:40:40.606491Z"
6274,"1","2025-08-04T09:17:14.560322Z",16241,"https://iiif.irht.cnrs.fr/iiif/ark:/63955/vo9ix8unoleh/full/1200,/0/default.jpg","[{""x"":0.040000000000001146,""y"":0.7599999999999996,""width"":92.72,""height"":60.88,""rotation"":0,""rectanglelabels"":[""AF""],""original_width"":1200,""original_height"":1342},{""x"":-4.6074255521944e-15,""y"":61.53789156626506,""width"":95.78999999999999,""height"":36.59,""rotation"":0,""rectanglelabels"":[""AI""],""original_width"":1200,""original_height"":1342}]",4.12,"2025-08-04T09:17:14.560322Z"
6275,"1","2025-08-04T09:17:24.200815Z",16242,"https://iiif.irht.cnrs.fr/iiif/ark:/63955/vgc7cj6yjgdx/full/1200,/0/default.jpg","[{""x"":6.4199999999999955,""y"":45.67192771084338,""width"":93.58,""height"":52.94,""rotation"":0,""rectanglelabels"":[""AI""],""original_width"":1200,""original_height"":1407},{""x"":0.07999999999999674,""y"":0.4049999999999998,""width"":99.9,""height"":45.129999999999995,""rotation"":0,""rectanglelabels"":[""AF""],""original_width"":1200,""original_height"":1407}]",5.854,"2025-08-04T09:17:24.200815Z"
6276,"1","2025-08-04T09:17:32.961861Z",16243,"https://iiif.irht.cnrs.fr/iiif/ark:/63955/vsxwqds3f7so/full/1200,/0/default.jpg","[{""x"":0.08999999999999564,""y"":30.50999999999999,""width"":88.58,""height"":68.10000000000001,""rotation"":0,""rectanglelabels"":[""AC""],""original_width"":1200,""original_height"":1342},{""x"":0.11999999999999793,""y"":3.1946385542168665,""width"":88.72618473895587,""height"":27.36036144578312,""rotation"":0,""rectanglelabels"":[""AF""],""original_width"":1200,""original_height"":1342}]",7.529,"2025-08-04T09:17:32.961861Z"
16489,"1","2025-08-06T09:40:40.606491Z",16244,"https://iiif.irht.cnrs.fr/iiif/ark:/63955/vhfueqisq28n/full/1200,/0/default.jpg","[{""rotation"":0,""x"":0.5600000000000049,""y"":0.35999999999999366,""width"":99.4,""height"":99.58,""rectanglelabels"":[""Table""],""original_width"":3965.0,""original_height"":4829.0}]","","2025-08-06T09:40:40.606491Z"
16490,"1","2025-08-06T09:40:40.606491Z",16245,"https://iiif.irht.cnrs.fr/iiif/ark:/63955/vqpxkdl6s2n4/full/1200,/0/default.jpg","[{""rotation"":0,""x"":2.400000000000002,""y"":72.565,""width"":97.6,""height"":26.35,""rectanglelabels"":[""AI""],""original_width"":4119.0,""original_height"":4829.0},{""rotation"":0,""x"":0.14000000000000123,""y"":1.5100000000000002,""width"":99.86,""height"":71.46000000000001,""rectanglelabels"":[""AC""],""original_width"":4119.0,""original_height"":4829.0}]","","2025-08-06T09:40:40.606491Z"
16491,"1","2025-08-06T09:40:40.606491Z",16246,"https://iiif.irht.cnrs.fr/iiif/ark:/63955/vazogx8wb5p8/full/1200,/0/default.jpg","[{""rotation"":0,""x"":0.08500000000000174,""y"":62.529999999999994,""width"":93.47,""height"":35.02,""rectanglelabels"":[""AI""],""original_width"":4319.0,""original_height"":4829.0},{""rotation"":0,""x"":0.07999999999999674,""y"":1.0649999999999993,""width"":90.88000000000001,""height"":61.51,""rectanglelabels"":[""AF""],""original_width"":4319.0,""original_height"":4829.0}]","","2025-08-06T09:40:40.606491Z"
16492,"1","2025-08-06T09:40:40.606491Z",16247,"https://iiif.irht.cnrs.fr/iiif/ark:/63955/v2gmuj12cqs2/full/1200,/0/default.jpg","[{""rotation"":0,""x"":0.2799999999999969,""y"":57.605000000000004,""width"":99.72,""height"":40.57,""rectanglelabels"":[""AI""],""original_width"":4119.0,""original_height"":4829.0},{""rotation"":0,""x"":0.07999999999999674,""y"":0.6900000000000017,""width"":99.92,""height"":56.89999999999999,""rectanglelabels"":[""AF""],""original_width"":4119.0,""original_height"":4829.0}]","","2025-08-06T09:40:40.606491Z"
16493,"1","2025-08-06T09:40:40.606491Z",16248,"https://iiif.irht.cnrs.fr/iiif/ark:/63955/vndf9k8c7dm7/full/1200,/0/default.jpg","[{""rotation"":0,""x"":0.06999999999999784,""y"":60.58,""width"":96.64,""height"":37.34,""rectanglelabels"":[""AI""],""original_width"":4319.0,""original_height"":4829.0},{""rotation"":0,""x"":0.07999999999999674,""y"":1.0550000000000004,""width"":90.28,""height"":59.75,""rectanglelabels"":[""AF""],""original_width"":4319.0,""original_height"":4829.0}]","","2025-08-06T09:40:40.606491Z"
16494,"1","2025-08-06T09:40:40.606491Z",16249,"https://iiif.irht.cnrs.fr/iiif/ark:/63955/v1249zgfooh4/full/1200,/0/default.jpg","[{""rotation"":0,""x"":0.16500000000000403,""y"":0.7199999999999984,""width"":99.83,""height"":61.58,""rectanglelabels"":[""AF""],""original_width"":4119.0,""original_height"":4829.0},{""rotation"":0,""x"":3.319999999999995,""y"":61.9,""width"":96.67999999999999,""height"":37.519999999999996,""rectanglelabels"":[""AI""],""original_width"":4119.0,""original_height"":4829.0}]","","2025-08-06T09:40:40.606491Z"
16495,"1","2025-08-06T09:40:40.606491Z",16250,"https://iiif.irht.cnrs.fr/iiif/ark:/63955/vbcodf0382rm/full/1200,/0/default.jpg","[{""rotation"":0,""x"":0.050000000000000044,""y"":2.220000000000005,""width"":93.08,""height"":96.52,""rectanglelabels"":[""AM""],""original_width"":4319.0,""original_height"":4829.0}]","","2025-08-06T09:40:40.606491Z"
16496,"1","2025-08-06T09:40:40.606491Z",16251,"https://iiif.irht.cnrs.fr/iiif/ark:/63955/vi06qde3zl51/full/1200,/0/default.jpg","[{""rotation"":0,""x"":1.0000000000000009,""y"":30.539999999999996,""width"":99.0,""height"":69.26,""rectanglelabels"":[""AI""],""original_width"":4119.0,""original_height"":4829.0},{""rotation"":0,""x"":0.38000000000000256,""y"":1.545000000000002,""width"":99.62,""height"":28.849999999999998,""rectanglelabels"":[""AF""],""original_width"":4119.0,""original_height"":4829.0}]","","2025-08-06T09:40:40.606491Z"
6277,"1","2025-08-04T09:18:29.620718Z",16252,"https://iiif.irht.cnrs.fr/iiif/ark:/63955/vqe16upvcu6p/full/1200,/0/default.jpg","[{""x"":0.07499999999999729,""y"":0.9649999999999992,""width"":87.97,""height"":97.41,""rotation"":0,""rectanglelabels"":[""AM""],""original_width"":1200,""original_height"":1342}]",3.73,"2025-08-04T09:18:29.620718Z"
16497,"1","2025-08-06T09:40:40.606491Z",16253,"https://iiif.irht.cnrs.fr/iiif/ark:/63955/vik4inclfy3g/full/1200,/0/default.jpg","[{""rotation"":0,""x"":0.18999999999999573,""y"":2.2500000000000018,""width"":99.72,""height"":97.5,""rectanglelabels"":[""AF""],""original_width"":4183.0,""original_height"":4829.0}]","","2025-08-06T09:40:40.606491Z"
6278,"1","2025-08-04T09:18:41.823925Z",16254,"https://iiif.irht.cnrs.fr/iiif/ark:/63955/v5utjys54uwj/full/1200,/0/default.jpg","[{""x"":0,""y"":2.179999999999997,""width"":87.58499999999995,""height"":77.53783132530118,""rotation"":0,""rectanglelabels"":[""AC""],""original_width"":1200,""original_height"":1359},{""x"":0.029999999999996668,""y"":80.04999999999978,""width"":87.66210843373494,""height"":18.439999999999994,""rotation"":0,""rectanglelabels"":[""AI""],""original_width"":1200,""original_height"":1359}]",14.093,"2025-08-04T09:19:11.418072Z"
16498,"1","2025-08-06T09:40:40.606491Z",16255,"https://iiif.irht.cnrs.fr/iiif/ark:/63955/vzsbfh55u6og/full/1200,/0/default.jpg","[{""rotation"":0,""x"":0.0,""y"":0.6450000000000011,""width"":100.0,""height"":98.87,""rectanglelabels"":[""Table""],""original_width"":4283.0,""original_height"":4784.0}]","","2025-08-06T09:40:40.606491Z"
16499,"1","2025-08-06T09:40:40.606491Z",16256,"https://iiif.irht.cnrs.fr/iiif/ark:/63955/vv3dlypf5exp/full/1200,/0/default.jpg","[{""rotation"":0,""x"":0.004999999999999449,""y"":2.2899999999999974,""width"":99.97,""height"":97.68,""rectanglelabels"":[""AF""],""original_width"":4165.0,""original_height"":4829.0}]","","2025-08-06T09:40:40.606491Z"
16500,"1","2025-08-06T09:40:40.606491Z",16257,"https://iiif.irht.cnrs.fr/iiif/ark:/63955/vjgdv1su5900/full/1200,/0/default.jpg","[{""rotation"":0,""x"":0.014999999999998348,""y"":1.5000000000000013,""width"":90.31,""height"":96.67999999999999,""rectanglelabels"":[""AI""],""original_width"":4265.0,""original_height"":4829.0}]","","2025-08-06T09:40:40.606491Z"
16501,"1","2025-08-06T09:40:40.606491Z",16258,"https://iiif.irht.cnrs.fr/iiif/ark:/63955/v2jyvp2plllo/full/1200,/0/default.jpg","[{""rotation"":0,""x"":5.3349999999999955,""y"":0.470000000000001,""width"":94.67,""height"":44.58,""rectanglelabels"":[""AF""],""original_width"":4101.0,""original_height"":4829.0},{""rotation"":0,""x"":7.705000000000001,""y"":45.120000000000005,""width"":92.23,""height"":53.82,""rectanglelabels"":[""AI""],""original_width"":4101.0,""original_height"":4829.0}]","","2025-08-06T09:40:40.606491Z"
6279,"1","2025-08-04T09:19:28.644003Z",16259,"https://iiif.irht.cnrs.fr/iiif/ark:/63955/vz6npls3jinz/full/1200,/0/default.jpg","[{""x"":0.07499999999999728,""y"":2.752710843373495,""width"":88.46333333333334,""height"":34.02228915662647,""rotation"":0,""rectanglelabels"":[""AF""],""original_width"":1200,""original_height"":1328},{""x"":0.07499999999999729,""y"":36.475,""width"":88.81,""height"":61.71,""rotation"":0,""rectanglelabels"":[""AC""],""original_width"":1200,""original_height"":1328}]",6.937,"2025-08-04T09:19:28.644003Z"
16502,"1","2025-08-06T09:40:40.606491Z",16260,"https://iiif.irht.cnrs.fr/iiif/ark:/63955/vvi0od6xd60x/full/1200,/0/default.jpg","[{""rotation"":0,""x"":-0.004999999999999449,""y"":0.8400000000000019,""width"":99.87,""height"":72.98,""rectanglelabels"":[""AC""],""original_width"":4110.0,""original_height"":4829.0},{""rotation"":0,""x"":0.004999999999999449,""y"":74.11500000000001,""width"":99.85000000000001,""height"":24.05,""rectanglelabels"":[""AI""],""original_width"":4110.0,""original_height"":4829.0}]","","2025-08-06T09:40:40.606491Z"
16503,"1","2025-08-06T09:40:40.606491Z",16261,"https://iiif.irht.cnrs.fr/iiif/ark:/63955/v4vn7l8t6xsd/full/1200,/0/default.jpg","[{""rotation"":0,""x"":4.020000000000001,""y"":1.0899999999999965,""width"":82.06,""height"":97.14,""rectanglelabels"":[""AF""],""original_width"":4338.0,""original_height"":4829.0}]","","2025-08-06T09:40:40.606491Z"
16504,"1","2025-08-06T09:40:40.606491Z",16262,"https://iiif.irht.cnrs.fr/iiif/ark:/63955/vlhzeliw8hsr/full/1200,/0/default.jpg","[{""rotation"":0,""x"":0.0,""y"":0.8149999999999935,""width"":99.83999999999999,""height"":98.45,""rectanglelabels"":[""AI""],""original_width"":4110.0,""original_height"":4829.0}]","","2025-08-06T09:40:40.606491Z"
16505,"1","2025-08-06T09:40:40.606491Z",16263,"https://iiif.irht.cnrs.fr/iiif/ark:/63955/vig5oeiuegz9/full/1200,/0/default.jpg","[{""rotation"":0,""x"":2.015,""y"":1.9949999999999968,""width"":86.57000000000001,""height"":96.65,""rectanglelabels"":[""AM""],""original_width"":4338.0,""original_height"":4829.0}]","","2025-08-06T09:40:40.606491Z"
16506,"1","2025-08-06T09:40:40.606491Z",16264,"https://iiif.irht.cnrs.fr/iiif/ark:/63955/v36uc019teua/full/1200,/0/default.jpg","[{""rotation"":0,""x"":0.0,""y"":0.6150000000000044,""width"":99.86,""height"":98.91,""rectanglelabels"":[""AM""],""original_width"":4110.0,""original_height"":4829.0}]","","2025-08-06T09:40:40.606491Z"
6280,"1","2025-08-04T09:20:00.010721Z",16265,"https://iiif.irht.cnrs.fr/iiif/ark:/63955/vd9wv55dxwve/full/1200,/0/default.jpg","[{""x"":1.739999999999997,""y"":1.8100000000000005,""width"":86.66,""height"":96.16,""rotation"":0,""rectanglelabels"":[""AM""],""original_width"":1200,""original_height"":1336}]",1.48,"2025-08-04T09:20:00.010721Z"
