"annotation_id","annotator","created_at","id","image","label","lead_time","updated_at"
6304,"1","2025-08-05T08:29:19.809891Z",8580,"https://iiif.irht.cnrs.fr/iiif/ark:/63955/va820k64u3ni/full/1200,/0/default.jpg","[{""x"":0.050000000000000044,""y"":0.10999999999999899,""width"":99.82,""height"":99.82,""rotation"":0,""rectanglelabels"":[""Table""],""original_width"":1200,""original_height"":1582}]",2.847,"2025-08-05T08:29:19.809891Z"
3694,"1","2025-07-21T08:42:43.695620Z",8581,"https://iiif.irht.cnrs.fr/iiif/ark:/63955/vygihlz9zh8v/full/1200,/0/default.jpg","[{""x"":0,""y"":8.774698795180722,""width"":100.00000000000003,""height"":59.74530120481929,""rotation"":0,""rectanglelabels"":[""AC""],""original_width"":1200,""original_height"":1639},{""x"":0,""y"":68.88499999999999,""width"":99.88,""height"":30.630000000000003,""rotation"":0,""rectanglelabels"":[""AI""],""original_width"":1200,""original_height"":1639}]",6.861,"2025-07-21T08:42:43.695620Z"
6305,"1","2025-08-05T08:29:28.306680Z",8582,"https://iiif.irht.cnrs.fr/iiif/ark:/63955/v8f2fi5u2o4f/full/1200,/0/default.jpg","[{""x"":0.004999999999999449,""y"":0.050000000000000044,""width"":99.83,""height"":56.06,""rotation"":0,""rectanglelabels"":[""AF""],""original_width"":1200,""original_height"":1585},{""x"":0,""y"":55.99999999999999,""width"":99.88,""height"":43.94,""rotation"":0,""rectanglelabels"":[""AI""],""original_width"":1200,""original_height"":1585}]",2.873,"2025-08-05T08:29:28.306680Z"
3695,"1","2025-07-21T08:42:59.758574Z",8583,"https://iiif.irht.cnrs.fr/iiif/ark:/63955/v9wptm3c4bal/full/1200,/0/default.jpg","[{""x"":0,""y"":66.87192771084338,""width"":99.86000000000004,""height"":33.1280722891566,""rotation"":0,""rectanglelabels"":[""AI""],""original_width"":1200,""original_height"":1639},{""x"":0.004999999999999449,""y"":0.014999999999998348,""width"":99.81,""height"":66.89,""rotation"":0,""rectanglelabels"":[""AF""],""original_width"":1200,""original_height"":1639}]",4.522,"2025-07-21T08:42:59.758574Z"
6306,"1","2025-08-05T08:29:38.418822Z",8584,"https://iiif.irht.cnrs.fr/iiif/ark:/63955/vtr6t05a91jp/full/1200,/0/default.jpg","[{""x"":-0.004999999999999449,""y"":56.625,""width"":99.97,""height"":43.35,""rotation"":0,""rectanglelabels"":[""AI""],""original_width"":1200,""original_height"":1606},{""x"":0.009999999999998899,""y"":0.004999999999999449,""width"":99.9,""height"":56.87,""rotation"":0,""rectanglelabels"":[""AF""],""original_width"":1200,""original_height"":1606}]",1.437,"2025-08-05T08:29:38.418822Z"
6307,"1","2025-08-05T08:29:43.492100Z",8585,"https://iiif.irht.cnrs.fr/iiif/ark:/63955/v4y79tayyp7u/full/1200,/0/default.jpg","[{""x"":-0.004999999999999449,""y"":0.11999999999999789,""width"":99.81,""height"":99.8,""rotation"":0,""rectanglelabels"":[""AF""],""original_width"":1200,""original_height"":1639}]",3.856,"2025-08-05T08:29:43.492100Z"
6308,"1","2025-08-05T08:29:46.917267Z",8586,"https://iiif.irht.cnrs.fr/iiif/ark:/63955/ve1hhdmtn7mf/full/1200,/0/default.jpg","[{""x"":-0.004999999999999449,""y"":43.905,""width"":99.97,""height"":55.910000000000004,""rotation"":0,""rectanglelabels"":[""AI""],""original_width"":1200,""original_height"":1606},{""x"":-0.004999999999999449,""y"":0.03499999999999892,""width"":99.91,""height"":43.99,""rotation"":0,""rectanglelabels"":[""AC""],""original_width"":1200,""original_height"":1606}]",2.515,"2025-08-05T08:29:46.917267Z"
6309,"1","2025-08-05T08:29:50.586619Z",8587,"https://iiif.irht.cnrs.fr/iiif/ark:/63955/vdggjrqkafp9/full/1200,/0/default.jpg","[{""x"":0,""y"":0.03499999999999892,""width"":99.82,""height"":28.610000000000003,""rotation"":0,""rectanglelabels"":[""AF""],""original_width"":1200,""original_height"":1639},{""x"":0.004999999999999449,""y"":28.54,""width"":99.81,""height"":71.36,""rotation"":0,""rectanglelabels"":[""AC""],""original_width"":1200,""original_height"":1639}]",2.349,"2025-08-05T08:29:50.586619Z"
6310,"1","2025-08-05T08:29:54.333168Z",8588,"https://iiif.irht.cnrs.fr/iiif/ark:/63955/vny3xw1m3w15/full/1200,/0/default.jpg","[{""x"":0,""y"":57.709999999999994,""width"":99.96000000000001,""height"":42.28,""rotation"":0,""rectanglelabels"":[""AI""],""original_width"":1200,""original_height"":1606},{""x"":0.02000000000000335,""y"":0.06999999999999784,""width"":99.92,""height"":57.84,""rotation"":0,""rectanglelabels"":[""AC""],""original_width"":1200,""original_height"":1606}]",2.329,"2025-08-05T08:29:54.333168Z"
6311,"1","2025-08-05T08:29:57.714277Z",8589,"https://iiif.irht.cnrs.fr/iiif/ark:/63955/vdiizb66ylke/full/1200,/0/default.jpg","[{""x"":0.004999999999999449,""y"":0.22499999999999742,""width"":99.79,""height"":99.77000000000001,""rotation"":0,""rectanglelabels"":[""AF""],""original_width"":1200,""original_height"":1639}]",2.293,"2025-08-05T08:29:57.714277Z"
6312,"1","2025-08-05T08:30:00.872192Z",8590,"https://iiif.irht.cnrs.fr/iiif/ark:/63955/v246spg8epvc/full/1200,/0/default.jpg","[{""x"":0.004999999999999449,""y"":0.21500000000000408,""width"":99.97,""height"":99.72999999999999,""rotation"":0,""rectanglelabels"":[""AC""],""original_width"":1200,""original_height"":1590}]",2.366,"2025-08-05T08:30:00.872192Z"
6313,"1","2025-08-05T08:30:05.998641Z",8591,"https://iiif.irht.cnrs.fr/iiif/ark:/63955/vq7nl3vupft3/full/1200,/0/default.jpg","[{""x"":0.10499999999999399,""y"":0.06499999999999839,""width"":99.89,""height"":99.89,""rotation"":0,""rectanglelabels"":[""Table""],""original_width"":1200,""original_height"":1543}]",3.133,"2025-08-05T08:30:05.998641Z"
6314,"1","2025-08-05T08:30:21.376164Z",8592,"https://iiif.irht.cnrs.fr/iiif/ark:/63955/vst9ugdqhi40/full/1200,/0/default.jpg","[{""x"":0,""y"":0.09000000000000119,""width"":99.82,""height"":61.06,""rotation"":0,""rectanglelabels"":[""AC""],""original_width"":1200,""original_height"":1639},{""x"":0,""y"":61.04999999999999,""width"":99.86,""height"":38.879999999999995,""rotation"":0,""rectanglelabels"":[""AI""],""original_width"":1200,""original_height"":1639}]",13.698,"2025-08-05T08:30:21.376164Z"
6303,"1","2025-08-05T08:28:49.992390Z",8593,"https://iiif.irht.cnrs.fr/iiif/ark:/63955/v13c7aasvpvz/full/1200,/0/default.jpg","[{""x"":0.004999999999999449,""y"":52.44500000000001,""width"":99.95,""height"":47.43,""rotation"":0,""rectanglelabels"":[""AI""],""original_width"":1200,""original_height"":1590},{""x"":0,""y"":0.009999999999998899,""width"":99.96000000000001,""height"":52.5,""rotation"":0,""rectanglelabels"":[""AF""],""original_width"":1200,""original_height"":1590}]",5.422,"2025-08-05T08:28:49.992390Z"
6315,"1","2025-08-05T08:30:29.512402Z",8594,"https://iiif.irht.cnrs.fr/iiif/ark:/63955/vvnocv22rfvl/full/1200,/0/default.jpg","[{""x"":0.13500000000000179,""y"":0.35999999999999366,""width"":99.85000000000001,""height"":99.56,""rotation"":0,""rectanglelabels"":[""AM""],""original_width"":1200,""original_height"":1620}]",4.644,"2025-08-05T08:30:29.512402Z"
6316,"1","2025-08-05T08:31:12.422083Z",8595,"https://iiif.irht.cnrs.fr/iiif/ark:/63955/vop11gjkkjln/full/1200,/0/default.jpg","[{""x"":0,""y"":0.12999999999999678,""width"":99.92,""height"":99.8,""rotation"":0,""rectanglelabels"":[""AM""],""original_width"":1200,""original_height"":1590}]",0.772,"2025-08-05T08:31:12.422083Z"
6317,"1","2025-08-05T08:31:16.721922Z",8596,"https://iiif.irht.cnrs.fr/iiif/ark:/63955/vwsy7ltxgtt3/full/1200,/0/default.jpg","[{""x"":0.12000000000000344,""y"":0.09000000000000119,""width"":99.88,""height"":99.68,""rotation"":0,""rectanglelabels"":[""AM""],""original_width"":1200,""original_height"":1620}]",3.59,"2025-08-05T08:31:16.721922Z"
6318,"1","2025-08-05T08:31:21.709322Z",8597,"https://iiif.irht.cnrs.fr/iiif/ark:/63955/vi5zk7rz3cos/full/1200,/0/default.jpg","[{""x"":0.004999999999999449,""y"":0.13500000000000179,""width"":99.92999999999999,""height"":99.85000000000001,""rotation"":0,""rectanglelabels"":[""AM""],""original_width"":1200,""original_height"":1590}]",3.797,"2025-08-05T08:31:21.709322Z"
6319,"1","2025-08-05T08:31:25.272706Z",8598,"https://iiif.irht.cnrs.fr/iiif/ark:/63955/vdq9xathvhdn/full/1200,/0/default.jpg","[{""rotation"":0,""x"":0.17999999999999683,""y"":0.08499999999999619,""width"":99.72,""height"":99.25,""rectanglelabels"":[""AM""],""original_width"":3539,""original_height"":4785}]",1.154,"2025-08-05T08:31:25.272706Z"
6320,"1","2025-08-05T08:31:28.309236Z",8599,"https://iiif.irht.cnrs.fr/iiif/ark:/63955/vfk89ho3aslg/full/1200,/0/default.jpg","[{""x"":0,""y"":0.08999999999999564,""width"":99.92,""height"":99.88,""rotation"":0,""rectanglelabels"":[""AM""],""original_width"":1200,""original_height"":1590}]",1.309,"2025-08-05T08:31:28.309236Z"
6321,"1","2025-08-05T08:31:33.087242Z",8600,"https://iiif.irht.cnrs.fr/iiif/ark:/63955/vs5oj5rvuk9k/full/1200,/0/default.jpg","[{""x"":0.20999999999999353,""y"":0.054999999999999494,""width"":99.68,""height"":37.05,""rotation"":0,""rectanglelabels"":[""AF""],""original_width"":1200,""original_height"":1622},{""x"":0.14000000000000123,""y"":37.125,""width"":99.72,""height"":62.29,""rotation"":0,""rectanglelabels"":[""AC""],""original_width"":1200,""original_height"":1622}]",3.905,"2025-08-05T08:31:33.087242Z"
6322,"1","2025-08-05T08:31:39.051164Z",8601,"https://iiif.irht.cnrs.fr/iiif/ark:/63955/vt7umop31cjm/full/1200,/0/default.jpg","[{""x"":0.004999999999999449,""y"":45.30499999999999,""width"":99.95,""height"":54.65,""rotation"":0,""rectanglelabels"":[""AI""],""original_width"":1200,""original_height"":1590},{""x"":0,""y"":0.03499999999999892,""width"":99.98,""height"":45.35,""rotation"":0,""rectanglelabels"":[""AC""],""original_width"":1200,""original_height"":1590}]",4.87,"2025-08-05T08:31:39.051164Z"
6323,"1","2025-08-05T08:31:47.144922Z",8602,"https://iiif.irht.cnrs.fr/iiif/ark:/63955/vjrikw0ste31/full/1200,/0/default.jpg","[{""x"":0.004999999999999449,""y"":0.15499999999999403,""width"":99.99,""height"":99.77000000000001,""rotation"":0,""rectanglelabels"":[""Table""],""original_width"":1200,""original_height"":1567}]",5.455,"2025-08-05T08:31:47.144922Z"
6324,"1","2025-08-05T08:31:57.229177Z",8603,"https://iiif.irht.cnrs.fr/iiif/ark:/63955/vlt4awe2huvn/full/1200,/0/default.jpg","[{""x"":0.15999999999999903,""y"":31.785000000000004,""width"":99.72,""height"":68.07,""rotation"":0,""rectanglelabels"":[""AI""],""original_width"":1200,""original_height"":1622},{""x"":0.15499999999999958,""y"":0.22000000000000075,""width"":99.72999999999999,""height"":31.619999999999997,""rotation"":0,""rectanglelabels"":[""AF""],""original_width"":1200,""original_height"":1622}]",8.395,"2025-08-05T08:31:57.229177Z"
6325,"1","2025-08-05T08:32:00.664316Z",8604,"https://iiif.irht.cnrs.fr/iiif/ark:/63955/vjftabnuk7ns/full/1200,/0/default.jpg","[{""x"":-0.004999999999999449,""y"":0.03999999999999976,""width"":99.92999999999999,""height"":24.740000000000002,""rotation"":0,""rectanglelabels"":[""AF""],""original_width"":1200,""original_height"":1590},{""x"":-0.0050000000000050004,""y"":24.75,""width"":99.95,""height"":74.74,""rotation"":0,""rectanglelabels"":[""AC""],""original_width"":1200,""original_height"":1590}]",2.294,"2025-08-05T08:32:00.664316Z"
6326,"1","2025-08-05T08:32:04.345310Z",8605,"https://iiif.irht.cnrs.fr/iiif/ark:/63955/v29grdi4w4pp/full/1200,/0/default.jpg","[{""x"":0.10499999999999954,""y"":0.15000000000000013,""width"":99.77000000000001,""height"":54,""rotation"":0,""rectanglelabels"":[""AC""],""original_width"":1200,""original_height"":1622},{""x"":0.17499999999999183,""y"":54.12999999999999,""width"":99.75,""height"":44.440000000000005,""rotation"":0,""rectanglelabels"":[""AI""],""original_width"":1200,""original_height"":1622}]",2.702,"2025-08-05T08:32:04.345310Z"
6327,"1","2025-08-05T08:32:10.124524Z",8606,"https://iiif.irht.cnrs.fr/iiif/ark:/63955/v8zmn23ixr1c/full/1200,/0/default.jpg","[{""x"":0.004999999999999449,""y"":31.029999999999998,""width"":99.92999999999999,""height"":68.86,""rotation"":0,""rectanglelabels"":[""AI""],""original_width"":1200,""original_height"":1590},{""x"":0,""y"":0.045000000000000595,""width"":99.94,""height"":30.990000000000002,""rotation"":0,""rectanglelabels"":[""AF""],""original_width"":1200,""original_height"":1590}]",1.214,"2025-08-05T08:32:10.124524Z"
6328,"1","2025-08-05T08:32:17.114728Z",8607,"https://iiif.irht.cnrs.fr/iiif/ark:/63955/vkbn868gt0i3/full/1200,/0/default.jpg","[{""x"":0.15000000000000013,""y"":0.10499999999999954,""width"":99.72,""height"":99.81,""rotation"":0,""rectanglelabels"":[""AF""],""original_width"":1200,""original_height"":1612}]",5.269,"2025-08-05T08:32:17.114728Z"
6329,"1","2025-08-05T08:32:23.254785Z",8608,"https://iiif.irht.cnrs.fr/iiif/ark:/63955/vhagzed333c3/full/1200,/0/default.jpg","[{""x"":-0.004999999999999449,""y"":0.06499999999999839,""width"":99.97,""height"":56.21000000000001,""rotation"":0,""rectanglelabels"":[""AC""],""original_width"":1200,""original_height"":1590},{""x"":0,""y"":56.065,""width"":99.98,""height"":43.81,""rotation"":0,""rectanglelabels"":[""AI""],""original_width"":1200,""original_height"":1590}]",4.169,"2025-08-05T08:32:23.254785Z"
6330,"1","2025-08-05T08:32:32.253784Z",8609,"https://iiif.irht.cnrs.fr/iiif/ark:/63955/vpz6ti4kjg5u/full/1200,/0/default.jpg","[{""x"":0,""y"":0.06499999999999839,""width"":99.965,""height"":42.595542168674704,""rotation"":0,""rectanglelabels"":[""AC""],""original_width"":1200,""original_height"":1612},{""x"":0,""y"":42.57102409638554,""width"":99.97999999999988,""height"":57.30397590361447,""rotation"":0,""rectanglelabels"":[""AI""],""original_width"":1200,""original_height"":1612}]",20.541,"2025-08-05T08:32:41.513714Z"
6331,"1","2025-08-05T08:32:48.379784Z",8610,"https://iiif.irht.cnrs.fr/iiif/ark:/63955/v4d0dtuecxwm/full/1200,/0/default.jpg","[{""x"":0,""y"":0.02999999999999947,""width"":99.94,""height"":35.74,""rotation"":0,""rectanglelabels"":[""AF""],""original_width"":1200,""original_height"":1590},{""x"":0,""y"":35.74,""width"":99.94,""height"":64.2,""rotation"":0,""rectanglelabels"":[""AI""],""original_width"":1200,""original_height"":1590}]",4.751,"2025-08-05T08:32:48.379784Z"
6332,"1","2025-08-05T08:32:52.284735Z",8611,"https://iiif.irht.cnrs.fr/iiif/ark:/63955/vev0sz4vb8lb/full/1200,/0/default.jpg","[{""x"":0.07999999999999674,""y"":0.14999999999999736,""width"":99.78,""height"":44.080000000000005,""rotation"":0,""rectanglelabels"":[""AF""],""original_width"":1200,""original_height"":1612},{""x"":0.035000000000001696,""y"":44,""width"":99.83,""height"":54.779999999999994,""rotation"":0,""rectanglelabels"":[""AC""],""original_width"":1200,""original_height"":1612}]",2.956,"2025-08-05T08:32:52.284735Z"
6333,"1","2025-08-05T08:32:56.576915Z",8612,"https://iiif.irht.cnrs.fr/iiif/ark:/63955/veetiydz374h/full/1200,/0/default.jpg","[{""x"":0.004999999999999449,""y"":0.06499999999999839,""width"":99.97,""height"":72.77,""rotation"":0,""rectanglelabels"":[""AC""],""original_width"":1200,""original_height"":1590},{""x"":0,""y"":72.825,""width"":99.96000000000001,""height"":27.11,""rotation"":0,""rectanglelabels"":[""AI""],""original_width"":1200,""original_height"":1590}]",3.094,"2025-08-05T08:32:56.576915Z"
6334,"1","2025-08-05T08:33:00.725421Z",8613,"https://iiif.irht.cnrs.fr/iiif/ark:/63955/vg3ln7gqvyh2/full/1200,/0/default.jpg","[{""x"":0.05999999999999894,""y"":43.675,""width"":99.94,""height"":55.88999999999999,""rotation"":0,""rectanglelabels"":[""AI""],""original_width"":1200,""original_height"":1552},{""x"":0.05999999999999894,""y"":0.06000000000000172,""width"":99.94,""height"":43.66,""rotation"":0,""rectanglelabels"":[""AC""],""original_width"":1200,""original_height"":1552}]",3.075,"2025-08-05T08:33:00.725421Z"
6335,"1","2025-08-05T08:33:06.844473Z",8614,"https://iiif.irht.cnrs.fr/iiif/ark:/63955/v8ia3wn1s9fo/full/1200,/0/default.jpg","[{""x"":2.9249999999999945,""y"":0.12499999999999734,""width"":97.07000000000001,""height"":99.05000000000001,""rotation"":0,""rectanglelabels"":[""AM""],""original_width"":1200,""original_height"":1603}]",4.303,"2025-08-05T08:33:06.844473Z"
6336,"1","2025-08-05T08:33:12.517724Z",8615,"https://iiif.irht.cnrs.fr/iiif/ark:/63955/va8ne3znpb13/full/1200,/0/default.jpg","[{""x"":0.004999999999999449,""y"":0.10499999999999954,""width"":99.92999999999999,""height"":99.83,""rotation"":0,""rectanglelabels"":[""AM""],""original_width"":1200,""original_height"":1590}]",2.777,"2025-08-05T08:33:12.517724Z"
6337,"1","2025-08-05T08:33:18.244663Z",8616,"https://iiif.irht.cnrs.fr/iiif/ark:/63955/v4j2hj5pnmy5/full/1200,/0/default.jpg","[{""x"":2.2799999999999985,""y"":29.919999999999998,""width"":97.7,""height"":69.46,""rotation"":0,""rectanglelabels"":[""AC""],""original_width"":1200,""original_height"":1603},{""x"":1.2999999999999956,""y"":0.22999999999999965,""width"":98.7,""height"":29.7,""rotation"":0,""rectanglelabels"":[""AF""],""original_width"":1200,""original_height"":1603}]",4.345,"2025-08-05T08:33:18.244663Z"
6338,"1","2025-08-05T08:33:23.819551Z",8617,"https://iiif.irht.cnrs.fr/iiif/ark:/63955/vx12k2uuij4q/full/1200,/0/default.jpg","[{""x"":0,""y"":0.17500000000000293,""width"":99.96000000000001,""height"":99.61,""rotation"":0,""rectanglelabels"":[""AC""],""original_width"":1200,""original_height"":1590}]",4.6,"2025-08-05T08:33:23.819551Z"
6339,"1","2025-08-05T08:33:30.035565Z",8618,"https://iiif.irht.cnrs.fr/iiif/ark:/63955/v6ju66jh7nmr/full/1200,/0/default.jpg","[{""x"":2.8000000000000025,""y"":0.21500000000000408,""width"":97.2,""height"":98.53,""rotation"":0,""rectanglelabels"":[""AI""],""original_width"":1200,""original_height"":1603}]",5.028,"2025-08-05T08:33:30.035565Z"
6340,"1","2025-08-05T08:33:34.468099Z",8619,"https://iiif.irht.cnrs.fr/iiif/ark:/63955/vp4avuxis3fu/full/1200,/0/default.jpg","[{""x"":0,""y"":0.025000000000002798,""width"":99.92,""height"":99.91,""rotation"":0,""rectanglelabels"":[""AM""],""original_width"":1200,""original_height"":1590}]",3.594,"2025-08-05T08:33:34.468099Z"
6341,"1","2025-08-05T08:33:41.680383Z",8620,"https://iiif.irht.cnrs.fr/iiif/ark:/63955/v50x0vgjz7qi/full/1200,/0/default.jpg","[{""x"":1.9850000000000034,""y"":0.22999999999999687,""width"":97.99,""height"":99.6,""rotation"":0,""rectanglelabels"":[""AM""],""original_width"":1200,""original_height"":1603}]",6.072,"2025-08-05T08:33:41.680383Z"
6342,"1","2025-08-05T08:33:59.890139Z",8621,"https://iiif.irht.cnrs.fr/iiif/ark:/63955/v1wolew90oy5/full/1200,/0/default.jpg","[{""x"":0.025000000000002798,""y"":0.015000000000001124,""width"":99.92999999999999,""height"":39.69,""rotation"":0,""rectanglelabels"":[""AF""],""original_width"":1200,""original_height"":1590},{""x"":0.004999999999999449,""y"":39.71,""width"":99.92999999999999,""height"":60.24,""rotation"":0,""rectanglelabels"":[""AI""],""original_width"":1200,""original_height"":1590}]",3.312,"2025-08-05T08:33:59.890139Z"
6343,"1","2025-08-05T08:34:03.052865Z",8622,"https://iiif.irht.cnrs.fr/iiif/ark:/63955/vytzwbrzrm4s/full/1200,/0/default.jpg","[{""x"":0,""y"":19.740000000000002,""width"":99.86,""height"":80.06,""rotation"":0,""rectanglelabels"":[""AC""],""original_width"":1200,""original_height"":1598},{""x"":0,""y"":0.025000000000000022,""width"":99.86,""height"":19.71,""rotation"":0,""rectanglelabels"":[""AF""],""original_width"":1200,""original_height"":1598}]",2.153,"2025-08-05T08:34:03.052865Z"
3696,"1","2025-07-21T08:51:12.274049Z",8623,"https://iiif.irht.cnrs.fr/iiif/ark:/63955/vj5nzom6f58b/full/1200,/0/default.jpg","[{""x"":0,""y"":0.05000000000000006,""width"":99.98,""height"":72.80337349397593,""rotation"":0,""rectanglelabels"":[""AC""],""original_width"":1200,""original_height"":1590},{""x"":0,""y"":72.86451807228916,""width"":99.97999999999999,""height"":27.090481927710886,""rotation"":0,""rectanglelabels"":[""AI""],""original_width"":1200,""original_height"":1590}]",10.719,"2025-07-21T08:51:12.274049Z"
6344,"1","2025-08-05T08:34:14.050993Z",8624,"https://iiif.irht.cnrs.fr/iiif/ark:/63955/vm26hxvxqzgh/full/1200,/0/default.jpg","[{""x"":0.15499999999999958,""y"":0.08000000000000229,""width"":99.85000000000001,""height"":45.839999999999996,""rotation"":0,""rectanglelabels"":[""AF""],""original_width"":1200,""original_height"":1555},{""x"":0.16000000000000458,""y"":45.905,""width"":99.83999999999999,""height"":51.74999999999999,""rotation"":0,""rectanglelabels"":[""AI""],""original_width"":1200,""original_height"":1555}]",3.155,"2025-08-05T08:34:14.050993Z"
6345,"1","2025-08-05T08:34:17.162693Z",8625,"https://iiif.irht.cnrs.fr/iiif/ark:/63955/vuupr3qf2vdv/full/1200,/0/default.jpg","[{""x"":0,""y"":0.05999999999999894,""width"":99.83999999999999,""height"":99.62,""rotation"":0,""rectanglelabels"":[""AF""],""original_width"":1200,""original_height"":1598}]",2.203,"2025-08-05T08:34:17.162693Z"
6346,"1","2025-08-05T08:34:21.907371Z",8626,"https://iiif.irht.cnrs.fr/iiif/ark:/63955/vua7m9z9ersj/full/1200,/0/default.jpg","[{""x"":0.05999999999999894,""y"":0.11999999999999234,""width"":99.94,""height"":99.86,""rotation"":0,""rectanglelabels"":[""AC""],""original_width"":1200,""original_height"":1601}]",3.615,"2025-08-05T08:34:21.907371Z"
6347,"1","2025-08-05T08:34:28.640954Z",8627,"https://iiif.irht.cnrs.fr/iiif/ark:/63955/ves81zn68z13/full/1200,/0/default.jpg","[{""x"":0,""y"":0.14000000000000123,""width"":99.83999999999999,""height"":99.22,""rotation"":0,""rectanglelabels"":[""AI""],""original_width"":1200,""original_height"":1598}]",5.14,"2025-08-05T08:34:28.640954Z"
3697,"1","2025-07-21T08:51:34.162638Z",8628,"https://iiif.irht.cnrs.fr/iiif/ark:/63955/vps7f79bl56v/full/1200,/0/default.jpg","[{""x"":0.034999999999996145,""y"":78.49,""width"":99.97,""height"":21.48,""rotation"":0,""rectanglelabels"":[""AI""],""original_width"":1200,""original_height"":1601},{""x"":0.03999999999999561,""y"":0.03500000000000168,""width"":99.95999999999998,""height"":78.33240963855421,""rotation"":0,""rectanglelabels"":[""AF""],""original_width"":1200,""original_height"":1601}]",5.858,"2025-07-21T08:51:34.162638Z"
6348,"1","2025-08-05T08:34:38.301278Z",8629,"https://iiif.irht.cnrs.fr/iiif/ark:/63955/vdt4c2j3v3in/full/1200,/0/default.jpg","[{""x"":0.004999999999999449,""y"":0.050000000000000044,""width"":99.83,""height"":99.22,""rotation"":0,""rectanglelabels"":[""AM""],""original_width"":1200,""original_height"":1598}]",2.161,"2025-08-05T08:34:38.301278Z"
6349,"1","2025-08-05T08:34:42.015350Z",8630,"https://iiif.irht.cnrs.fr/iiif/ark:/63955/vbjnzqwyrznj/full/1200,/0/default.jpg","[{""x"":0.039999999999995595,""y"":0.12999999999999678,""width"":99.96000000000001,""height"":99.83999999999999,""rotation"":0,""rectanglelabels"":[""AM""],""original_width"":1200,""original_height"":1601}]",2.724,"2025-08-05T08:34:42.015350Z"
6350,"1","2025-08-05T08:34:45.919885Z",8631,"https://iiif.irht.cnrs.fr/iiif/ark:/63955/v73qhecml7ze/full/1200,/0/default.jpg","[{""x"":0.004999999999999449,""y"":0.12999999999999678,""width"":99.83,""height"":99.78,""rotation"":0,""rectanglelabels"":[""AM""],""original_width"":1200,""original_height"":1660}]",3.031,"2025-08-05T08:34:45.919885Z"
6351,"1","2025-08-05T08:34:48.548938Z",8632,"https://iiif.irht.cnrs.fr/iiif/ark:/63955/vcbgvfbyxzah/full/1200,/0/default.jpg","[{""x"":0,""y"":0.16500000000000403,""width"":99.9,""height"":99.42999999999999,""rotation"":0,""rectanglelabels"":[""AM""],""original_width"":1200,""original_height"":1623}]",1.535,"2025-08-05T08:34:48.548938Z"
6352,"1","2025-08-05T08:34:53.338018Z",8633,"https://iiif.irht.cnrs.fr/iiif/ark:/63955/vn97j7yjuiqy/full/1200,/0/default.jpg","[{""x"":0.10499999999999954,""y"":0.12499999999999734,""width"":99.83,""height"":99.79,""rotation"":0,""rectanglelabels"":[""AM""],""original_width"":1200,""original_height"":1648}]",2.706,"2025-08-05T08:34:53.338018Z"
6353,"1","2025-08-05T08:34:56.156248Z",8634,"https://iiif.irht.cnrs.fr/iiif/ark:/63955/v97cluxsub55/full/1200,/0/default.jpg","[{""x"":0.08500000000000174,""y"":0.08000000000000229,""width"":99.83,""height"":99.03999999999999,""rotation"":0,""rectanglelabels"":[""AM""],""original_width"":1200,""original_height"":1623}]",1.776,"2025-08-05T08:34:56.156248Z"
6354,"1","2025-08-05T08:35:01.759119Z",8635,"https://iiif.irht.cnrs.fr/iiif/ark:/63955/vi0dit6ww8dz/full/1200,/0/default.jpg","[{""x"":-0.004999999999999449,""y"":34.345000000000006,""width"":99.79,""height"":65.57,""rotation"":0,""rectanglelabels"":[""AI""],""original_width"":1200,""original_height"":1591},{""x"":0,""y"":0.06000000000000172,""width"":99.8,""height"":34.239999999999995,""rotation"":0,""rectanglelabels"":[""AF""],""original_width"":1200,""original_height"":1591}]",4.506,"2025-08-05T08:35:01.759119Z"
6355,"1","2025-08-05T08:35:05.044008Z",8636,"https://iiif.irht.cnrs.fr/iiif/ark:/63955/vs0l4zi4a0rj/full/1200,/0/default.jpg","[{""x"":0.054999999999999494,""y"":0.09000000000000119,""width"":99.91,""height"":99.7,""rotation"":0,""rectanglelabels"":[""AM""],""original_width"":1200,""original_height"":1638}]",2.098,"2025-08-05T08:35:05.044008Z"
6356,"1","2025-08-05T08:35:09.757027Z",8637,"https://iiif.irht.cnrs.fr/iiif/ark:/63955/v7ar6umokkxs/full/1200,/0/default.jpg","[{""x"":0.060000000000004494,""y"":0.14000000000000123,""width"":99.83999999999999,""height"":99.44,""rotation"":0,""rectanglelabels"":[""AM""],""original_width"":1200,""original_height"":1593}]",3.431,"2025-08-05T08:35:09.757027Z"
6357,"1","2025-08-05T08:35:13.883892Z",8638,"https://iiif.irht.cnrs.fr/iiif/ark:/63955/vxjmucg6hmzi/full/1200,/0/default.jpg","[{""x"":0.050000000000000044,""y"":0.19000000000000683,""width"":99.9,""height"":99.74,""rotation"":0,""rectanglelabels"":[""AM""],""original_width"":1200,""original_height"":1638}]",2.974,"2025-08-05T08:35:13.883892Z"
6358,"1","2025-08-05T08:35:18.388620Z",8639,"https://iiif.irht.cnrs.fr/iiif/ark:/63955/v83ir7srzcy9/full/1200,/0/default.jpg","[{""x"":0.004999999999999449,""y"":0.07500000000000284,""width"":99.91,""height"":98.91,""rotation"":0,""rectanglelabels"":[""AM""],""original_width"":1200,""original_height"":1593}]",3.062,"2025-08-05T08:35:18.388620Z"
6359,"1","2025-08-05T08:35:25.269968Z",8640,"https://iiif.irht.cnrs.fr/iiif/ark:/63955/v444qtpbrh8a/full/1200,/0/default.jpg","[{""x"":0.054999999999999494,""y"":0.08499999999999897,""width"":99.92999999999999,""height"":33.47,""rotation"":0,""rectanglelabels"":[""AF""],""original_width"":1200,""original_height"":1638},{""x"":0.10000000000000009,""y"":33.74,""width"":99.83999999999999,""height"":65.9,""rotation"":0,""rectanglelabels"":[""AC""],""original_width"":1200,""original_height"":1638}]",5.241,"2025-08-05T08:35:25.269968Z"
6360,"1","2025-08-05T08:35:31.841655Z",8641,"https://iiif.irht.cnrs.fr/iiif/ark:/63955/v43nl9489nhd/full/1200,/0/default.jpg","[{""x"":0.06499999999999839,""y"":0.18999999999999573,""width"":99.85000000000001,""height"":99.26,""rotation"":0,""rectanglelabels"":[""AI""],""original_width"":1200,""original_height"":1593}]",4.151,"2025-08-05T08:35:31.841655Z"
6361,"1","2025-08-05T08:35:36.270407Z",8642,"https://iiif.irht.cnrs.fr/iiif/ark:/63955/v58kyzjaytf3/full/1200,/0/default.jpg","[{""x"":0.08999999999999564,""y"":0.5199999999999982,""width"":99.86,""height"":99.22,""rotation"":0,""rectanglelabels"":[""AF""],""original_width"":1200,""original_height"":1638}]",3.351,"2025-08-05T08:35:36.270407Z"
6362,"1","2025-08-05T08:35:39.729476Z",8643,"https://iiif.irht.cnrs.fr/iiif/ark:/63955/vy5xngo5pzas/full/1200,/0/default.jpg","[{""x"":0.050000000000000044,""y"":1.1299999999999977,""width"":99.9,""height"":98.56,""rotation"":0,""rectanglelabels"":[""AC""],""original_width"":1200,""original_height"":1593}]",2.353,"2025-08-05T08:35:39.729476Z"
6363,"1","2025-08-05T08:35:44.166773Z",8644,"https://iiif.irht.cnrs.fr/iiif/ark:/63955/vmw2r4bemoku/full/1200,/0/default.jpg","[{""x"":0.034999999999996145,""y"":0.4249999999999976,""width"":99.95,""height"":99.55000000000001,""rotation"":0,""rectanglelabels"":[""AI""],""original_width"":1200,""original_height"":1638}]",2.389,"2025-08-05T08:35:44.166773Z"
6364,"1","2025-08-05T08:35:47.345614Z",8645,"https://iiif.irht.cnrs.fr/iiif/ark:/63955/v9iutttm8wke/full/1200,/0/default.jpg","[{""x"":0.054999999999999494,""y"":27.875000000000007,""width"":99.89,""height"":72.00999999999999,""rotation"":0,""rectanglelabels"":[""AC""],""original_width"":1200,""original_height"":1593},{""x"":0.014999999999998348,""y"":0.20499999999999963,""width"":99.91,""height"":27.650000000000002,""rotation"":0,""rectanglelabels"":[""AF""],""original_width"":1200,""original_height"":1593}]",2.307,"2025-08-05T08:35:47.345614Z"
6365,"1","2025-08-05T08:35:50.232898Z",8646,"https://iiif.irht.cnrs.fr/iiif/ark:/63955/vt17ar2995vc/full/1200,/0/default.jpg","[{""x"":0.025000000000002798,""y"":43.074999999999996,""width"":99.91,""height"":56.21000000000001,""rotation"":0,""rectanglelabels"":[""AI""],""original_width"":1200,""original_height"":1567},{""x"":0.004999999999999449,""y"":0.07999999999999952,""width"":99.95,""height"":43,""rotation"":0,""rectanglelabels"":[""AF""],""original_width"":1200,""original_height"":1567}]",1.976,"2025-08-05T08:35:50.232898Z"
6366,"1","2025-08-05T08:36:22.059949Z",8647,"https://iiif.irht.cnrs.fr/iiif/ark:/63955/vu8uidjinc4j/full/1200,/0/default.jpg","[{""x"":0.044999999999995044,""y"":0.2599999999999991,""width"":99.95,""height"":99.52,""rotation"":0,""rectanglelabels"":[""AI""],""original_width"":1200,""original_height"":1638}]",1.768,"2025-08-05T08:36:22.059949Z"
6367,"1","2025-08-05T08:36:25.700419Z",8648,"https://iiif.irht.cnrs.fr/iiif/ark:/63955/vewopaaeu5nd/full/1200,/0/default.jpg","[{""x"":0.009999999999998899,""y"":0.22499999999999742,""width"":99.9,""height"":99.39,""rotation"":0,""rectanglelabels"":[""AM""],""original_width"":1200,""original_height"":1593}]",2.656,"2025-08-05T08:36:25.700419Z"
6292,"1","2025-08-05T08:27:30.018792Z",8649,"https://iiif.irht.cnrs.fr/iiif/ark:/63955/v0g6t3fqotkw/full/1200,/0/default.jpg","[{""x"":0.08499999999999619,""y"":59.01499999999999,""width"":99.85000000000001,""height"":40.93,""rotation"":0,""rectanglelabels"":[""AI""],""original_width"":1200,""original_height"":1638},{""x"":0.11999999999999234,""y"":0.06500000000000394,""width"":99.86,""height"":59.01,""rotation"":0,""rectanglelabels"":[""AF""],""original_width"":1200,""original_height"":1638}]",1.305,"2025-08-05T08:27:30.018792Z"
6368,"1","2025-08-05T08:36:31.225381Z",8650,"https://iiif.irht.cnrs.fr/iiif/ark:/63955/vo298kxkpgyl/full/1200,/0/default.jpg","[{""x"":0.054999999999999494,""y"":49.419999999999995,""width"":99.89,""height"":50.38,""rotation"":0,""rectanglelabels"":[""AI""],""original_width"":1200,""original_height"":1593},{""x"":0.054999999999999494,""y"":0.10000000000000009,""width"":99.87,""height"":49.3,""rotation"":0,""rectanglelabels"":[""AF""],""original_width"":1200,""original_height"":1593}]",2.531,"2025-08-05T08:36:31.225381Z"
6369,"1","2025-08-05T08:36:34.082377Z",8651,"https://iiif.irht.cnrs.fr/iiif/ark:/63955/v5nwg2rlp4l6/full/1200,/0/default.jpg","[{""x"":0,""y"":0.23000000000000242,""width"":99.78,""height"":49.6,""rotation"":0,""rectanglelabels"":[""AF""],""original_width"":1200,""original_height"":1627},{""x"":0.10499999999999399,""y"":49.74,""width"":99.87,""height"":50.12,""rotation"":0,""rectanglelabels"":[""AI""],""original_width"":1200,""original_height"":1627}]",1.885,"2025-08-05T08:36:34.098407Z"
6370,"1","2025-08-05T08:36:38.210308Z",8652,"https://iiif.irht.cnrs.fr/iiif/ark:/63955/vbf9r5xkpt8s/full/1200,/0/default.jpg","[{""x"":0.040000000000001146,""y"":0.30999999999999917,""width"":99.9,""height"":33.5,""rotation"":0,""rectanglelabels"":[""AF""],""original_width"":1200,""original_height"":1593},{""x"":0.050000000000000044,""y"":33.755,""width"":99.86,""height"":65.91,""rotation"":0,""rectanglelabels"":[""AI""],""original_width"":1200,""original_height"":1593}]",2.917,"2025-08-05T08:36:38.210308Z"
6371,"1","2025-08-05T08:36:42.694703Z",8653,"https://iiif.irht.cnrs.fr/iiif/ark:/63955/v3gc002hzonn/full/1200,/0/default.jpg","[{""x"":0.07999999999999674,""y"":0.07999999999999952,""width"":99.9,""height"":39.86,""rotation"":0,""rectanglelabels"":[""AF""],""original_width"":1200,""original_height"":1627},{""x"":0.08499999999999619,""y"":39.895,""width"":99.91,""height"":59.89,""rotation"":0,""rectanglelabels"":[""AI""],""original_width"":1200,""original_height"":1627}]",3.348,"2025-08-05T08:36:42.694703Z"
6372,"1","2025-08-05T08:36:46.186912Z",8654,"https://iiif.irht.cnrs.fr/iiif/ark:/63955/vk3pcpfhblsr/full/1200,/0/default.jpg","[{""x"":0.045000000000000595,""y"":36.84,""width"":99.91,""height"":63.019999999999996,""rotation"":0,""rectanglelabels"":[""AC""],""original_width"":1200,""original_height"":1593},{""x"":0.040000000000001146,""y"":0.15000000000000013,""width"":99.88,""height"":36.84,""rotation"":0,""rectanglelabels"":[""AF""],""original_width"":1200,""original_height"":1593}]",2.564,"2025-08-05T08:36:46.186912Z"
6373,"1","2025-08-05T08:36:50.451059Z",8655,"https://iiif.irht.cnrs.fr/iiif/ark:/63955/vujws4lmddqt/full/1200,/0/default.jpg","[{""x"":0.06499999999999839,""y"":0.3649999999999931,""width"":99.92999999999999,""height"":99.55000000000001,""rotation"":0,""rectanglelabels"":[""AI""],""original_width"":1200,""original_height"":1627}]",2.75,"2025-08-05T08:36:50.451059Z"
6374,"1","2025-08-05T08:36:53.838455Z",8656,"https://iiif.irht.cnrs.fr/iiif/ark:/63955/vqrus8thwg10/full/1200,/0/default.jpg","[{""x"":0.024999999999997247,""y"":0.18000000000000238,""width"":99.89,""height"":99.76,""rotation"":0,""rectanglelabels"":[""AM""],""original_width"":1200,""original_height"":1593}]",2.344,"2025-08-05T08:36:53.838455Z"
3698,"1","2025-07-21T08:59:06.582513Z",8657,"https://iiif.irht.cnrs.fr/iiif/ark:/63955/vbc979z6qhor/full/1200,/0/default.jpg","[{""x"":0,""y"":0.050000000000000044,""width"":100,""height"":76.62,""rotation"":0,""rectanglelabels"":[""AF""],""original_width"":1200,""original_height"":1595},{""x"":0,""y"":76.91307228915663,""width"":99.99999999999997,""height"":22.971927710843403,""rotation"":0,""rectanglelabels"":[""AI""],""original_width"":1200,""original_height"":1595}]",5.845,"2025-07-21T08:59:06.582513Z"
6375,"1","2025-08-05T08:37:07.781137Z",8658,"https://iiif.irht.cnrs.fr/iiif/ark:/63955/v6eplv16ns17/full/1200,/0/default.jpg","[{""x"":0.07999999999999674,""y"":0.20000000000000018,""width"":99.86,""height"":99.78,""rotation"":0,""rectanglelabels"":[""AF""],""original_width"":1200,""original_height"":1627}]",1.091,"2025-08-05T08:37:07.781137Z"
6376,"1","2025-08-05T08:37:12.404237Z",8659,"https://iiif.irht.cnrs.fr/iiif/ark:/63955/vpucagpo6jfx/full/1200,/0/default.jpg","[{""x"":0.030000000000002247,""y"":60.665,""width"":99.9,""height"":39.269999999999996,""rotation"":0,""rectanglelabels"":[""AI""],""original_width"":1200,""original_height"":1593},{""x"":0.045000000000000595,""y"":0.3049999999999997,""width"":99.91,""height"":60.35,""rotation"":0,""rectanglelabels"":[""AC""],""original_width"":1200,""original_height"":1593}]",2.865,"2025-08-05T08:37:12.404237Z"
3699,"1","2025-07-21T08:59:21.110836Z",8660,"https://iiif.irht.cnrs.fr/iiif/ark:/63955/vd867p3or3u5/full/1200,/0/default.jpg","[{""x"":0.1249999999999975,""y"":43.02000000000001,""width"":99.81,""height"":56.98,""rotation"":0,""rectanglelabels"":[""AC""],""original_width"":1200,""original_height"":1627},{""x"":0.15999999999999348,""y"":0.5500000000000005,""width"":99.78,""height"":42.68,""rotation"":0,""rectanglelabels"":[""AF""],""original_width"":1200,""original_height"":1627}]",4.267,"2025-07-21T08:59:21.110836Z"
6377,"1","2025-08-05T08:37:20.924206Z",8661,"https://iiif.irht.cnrs.fr/iiif/ark:/63955/vtf0umonowci/full/1200,/0/default.jpg","[{""x"":0.040000000000001146,""y"":1.0999999999999954,""width"":99.92,""height"":98.9,""rotation"":0,""rectanglelabels"":[""AC""],""original_width"":1200,""original_height"":1593}]",1.547,"2025-08-05T08:37:20.924206Z"
3700,"1","2025-07-21T09:02:59.954874Z",8662,"https://iiif.irht.cnrs.fr/iiif/ark:/63955/v8nyxc5gr3uz/full/1200,/0/default.jpg","[{""x"":0.3998795180723157,""y"":46.813191803793714,""width"":99.60012048192769,""height"":5.113043232656976,""rotation"":0,""rectanglelabels"":[""AC""],""original_width"":1200,""original_height"":1627},{""x"":1.351313963828661e-15,""y"":36.81490362216327,""width"":100,""height"":5.222907777548284,""rotation"":0,""rectanglelabels"":[""AC""],""original_width"":1200,""original_height"":1627},{""x"":0,""y"":32.63513572592032,""width"":100.00000000000004,""height"":4.12937464694445,""rotation"":0,""rectanglelabels"":[""AC""],""original_width"":1200,""original_height"":1627},{""x"":4.459336080634582e-15,""y"":51.59795970003673,""width"":99.99999999999997,""height"":4.783423636739115,""rotation"":0,""rectanglelabels"":[""AC""],""original_width"":1200,""original_height"":1627},{""x"":0.17000000000000354,""y"":0.21499999999999758,""width"":99.79999999999997,""height"":22.749916467379613,""rotation"":0,""rectanglelabels"":[""AC""],""original_width"":1200,""original_height"":1627},{""x"":0,""y"":22.983775255133228,""width"":100.00000000000003,""height"":4.46557060612319,""rotation"":0,""rectanglelabels"":[""AC""],""original_width"":1200,""original_height"":1627},{""x"":-1.466529952729619e-190,""y"":27.565516130002393,""width"":100,""height"":4.9307608081642735,""rotation"":0,""rectanglelabels"":[""AC""],""original_width"":1200,""original_height"":1627},{""x"":0,""y"":56.22936997592268,""width"":99.99999999999952,""height"":6.829821855292124,""rotation"":0,""rectanglelabels"":[""AC""],""original_width"":1200,""original_height"":1627},{""x"":0,""y"":41.91934586125635,""width"":99.99999999999997,""height"":5.020380404082104,""rotation"":0,""rectanglelabels"":[""AC""],""original_width"":1200,""original_height"":1627},{""x"":0.1499999999999948,""y"":63.094730892698166,""width"":99.84999999999921,""height"":4.923738116183473,""rotation"":0,""rectanglelabels"":[""AC""],""original_width"":1200,""original_height"":1627},{""x"":0,""y"":67.9584320445782,""width"":100.00000000000004,""height"":9.227539044820263,""rotation"":0,""rectanglelabels"":[""AC""],""original_width"":1200,""original_height"":1627},{""x"":0,""y"":77.09847655083142,""width"":100,""height"":22.901523449168533,""rotation"":0,""rectanglelabels"":[""AC""],""original_width"":1200,""original_height"":1627}]",211.456,"2025-07-21T09:02:59.954874Z"
3701,"1","2025-07-21T09:07:00.031306Z",8663,"https://iiif.irht.cnrs.fr/iiif/ark:/63955/va1odqfgkk90/full/1200,/0/default.jpg","[{""x"":0.035000000000001696,""y"":61.004999999999995,""width"":99.91,""height"":38.93,""rotation"":0,""rectanglelabels"":[""AI""],""original_width"":1200,""original_height"":1593},{""x"":0.02000000000000335,""y"":0.12499999999999734,""width"":99.92,""height"":61.17,""rotation"":0,""rectanglelabels"":[""AC""],""original_width"":1200,""original_height"":1593}]",4.7,"2025-07-21T09:07:00.031306Z"
6378,"1","2025-08-05T08:37:47.912345Z",8664,"https://iiif.irht.cnrs.fr/iiif/ark:/63955/vl4n9sb55tdt/full/1200,/0/default.jpg","[{""x"":0.21499999999999853,""y"":0.2899999999999986,""width"":99.77000000000001,""height"":35.78,""rotation"":0,""rectanglelabels"":[""AF""],""original_width"":1200,""original_height"":1616},{""x"":0.16000000000000458,""y"":35.995,""width"":99.8,""height"":42.089999999999996,""rotation"":0,""rectanglelabels"":[""AC""],""original_width"":1200,""original_height"":1616},{""x"":0.11999999999999789,""y"":78.58,""width"":99.8,""height"":21.099999999999998,""rotation"":0,""rectanglelabels"":[""AI""],""original_width"":1200,""original_height"":1616}]",1.069,"2025-08-05T08:37:47.912345Z"
3703,"1","2025-07-21T09:07:31.097265Z",8665,"https://iiif.irht.cnrs.fr/iiif/ark:/63955/vsb5ysx1mwco/full/1200,/0/default.jpg","[{""x"":0,""y"":2.4141566265060215,""width"":95.20180722891563,""height"":57.86228915662643,""rotation"":0,""rectanglelabels"":[""AF""],""original_width"":1200,""original_height"":1593}]",12.073,"2025-07-21T09:07:31.097265Z"
3702,"1","2025-07-21T09:07:15.347975Z",8666,"https://iiif.irht.cnrs.fr/iiif/ark:/63955/vkpe06zlgz6l/full/1200,/0/default.jpg","[{""x"":5.354216867469881,""y"":8.31777108433733,""width"":94.64578313253003,""height"":78.46566265060241,""rotation"":0,""rectanglelabels"":[""AC""],""original_width"":1200,""original_height"":1616}]",17.822,"2025-07-21T09:07:40.173281Z"
6379,"1","2025-08-05T08:37:55.484428Z",8667,"https://iiif.irht.cnrs.fr/iiif/ark:/63955/vnfdyljrycka/full/1200,/0/default.jpg","[{""x"":0.05999999999999894,""y"":48.55,""width"":99.88,""height"":51.28,""rotation"":0,""rectanglelabels"":[""AI""],""original_width"":1200,""original_height"":1593},{""x"":0.030000000000002247,""y"":0.07500000000000007,""width"":99.92,""height"":48.47,""rotation"":0,""rectanglelabels"":[""AC""],""original_width"":1200,""original_height"":1593}]",4.442,"2025-08-05T08:37:55.484428Z"
6380,"1","2025-08-05T08:37:58.021715Z",8668,"https://iiif.irht.cnrs.fr/iiif/ark:/63955/vv7k23hagh4i/full/1200,/0/default.jpg","[{""x"":0.019999999999997797,""y"":0.050000000000000044,""width"":99.98,""height"":99.62,""rotation"":0,""rectanglelabels"":[""AF""],""original_width"":1200,""original_height"":1567}]",1.52,"2025-08-05T08:37:58.021715Z"
6381,"1","2025-08-05T08:38:01.217114Z",8669,"https://iiif.irht.cnrs.fr/iiif/ark:/63955/vii2fkocwcwl/full/1200,/0/default.jpg","[{""x"":0.19500000000000073,""y"":0.09499999999999509,""width"":99.77000000000001,""height"":99.15,""rotation"":0,""rectanglelabels"":[""AM""],""original_width"":1200,""original_height"":1616}]",2.147,"2025-08-05T08:38:01.217114Z"
6382,"1","2025-08-05T08:38:04.661072Z",8670,"https://iiif.irht.cnrs.fr/iiif/ark:/63955/vrxsqi8qptd4/full/1200,/0/default.jpg","[{""x"":0.004999999999999449,""y"":0.19000000000000128,""width"":99.89,""height"":99.18,""rotation"":0,""rectanglelabels"":[""AM""],""original_width"":1200,""original_height"":1593}]",2.143,"2025-08-05T08:38:04.661072Z"
6383,"1","2025-08-05T08:38:17.710920Z",8671,"https://iiif.irht.cnrs.fr/iiif/ark:/63955/v7bpr3o4oym6/full/1200,/0/default.jpg","[{""x"":0.11000000000000543,""y"":0.19000000000000064,""width"":99.89,""height"":99.17999999999999,""rotation"":0,""rectanglelabels"":[""AM""],""original_width"":1200,""original_height"":1593}]",4.904999999999999,"2025-08-05T08:38:17.710920Z"
6302,"1","2025-08-05T08:28:43.585440Z",8672,"https://iiif.irht.cnrs.fr/iiif/ark:/63955/v12qpem2b8t8/full/1200,/0/default.jpg","[{""x"":0.060000000000004494,""y"":0.18000000000000238,""width"":99.83999999999999,""height"":99.8,""rotation"":0,""rectanglelabels"":[""AM""],""original_width"":1200,""original_height"":1593}]",1.429,"2025-08-05T08:28:43.585440Z"
6384,"1","2025-08-05T08:38:21.786817Z",8673,"https://iiif.irht.cnrs.fr/iiif/ark:/63955/v1jr99g3nlby/full/1200,/0/default.jpg","[{""rotation"":0,""x"":0.19500000000000073,""y"":0.315,""width"":99.75,""height"":21.09,""rectanglelabels"":[""AF""],""original_width"":3545,""original_height"":4773},{""rotation"":0,""x"":0.7149999999999934,""y"":78.28,""width"":99.25,""height"":21.32,""rectanglelabels"":[""AI""],""original_width"":3545,""original_height"":4773},{""rotation"":0,""x"":0.10499999999999954,""y"":21.240000000000002,""width"":99.83,""height"":57.08,""rectanglelabels"":[""AC""],""original_width"":3545,""original_height"":4773}]",1.076,"2025-08-05T08:38:21.786817Z"
6385,"1","2025-08-05T08:38:26.485302Z",8674,"https://iiif.irht.cnrs.fr/iiif/ark:/63955/vb22z6qytxzv/full/1200,/0/default.jpg","[{""x"":0.004999999999999449,""y"":0.050000000000000044,""width"":99.92999999999999,""height"":69.5,""rotation"":0,""rectanglelabels"":[""AF""],""original_width"":1200,""original_height"":1593},{""x"":0.004999999999999449,""y"":69.21000000000001,""width"":99.95,""height"":30.240000000000002,""rotation"":0,""rectanglelabels"":[""AI""],""original_width"":1200,""original_height"":1593}]",3.795,"2025-08-05T08:38:26.485302Z"
6386,"1","2025-08-05T08:38:30.828215Z",8675,"https://iiif.irht.cnrs.fr/iiif/ark:/63955/vnpaarljluk4/full/1200,/0/default.jpg","[{""x"":0.17500000000000293,""y"":59.50000000000001,""width"":99.79,""height"":39.98,""rotation"":0,""rectanglelabels"":[""AI""],""original_width"":1200,""original_height"":1616},{""x"":0.15999999999999348,""y"":0.10499999999999954,""width"":99.76,""height"":59.43000000000001,""rotation"":0,""rectanglelabels"":[""AF""],""original_width"":1200,""original_height"":1616}]",3.254,"2025-08-05T08:38:30.828215Z"
6387,"1","2025-08-05T08:38:35.924577Z",8676,"https://iiif.irht.cnrs.fr/iiif/ark:/63955/vmue3x1o90zb/full/1200,/0/default.jpg","[{""x"":0.030000000000002247,""y"":39.644999999999996,""width"":99.9,""height"":59.870000000000005,""rotation"":0,""rectanglelabels"":[""AI""],""original_width"":1200,""original_height"":1593},{""x"":0.040000000000001146,""y"":0.06999999999999784,""width"":99.88,""height"":39.6,""rotation"":0,""rectanglelabels"":[""AF""],""original_width"":1200,""original_height"":1593}]",3.271,"2025-08-05T08:38:35.924577Z"
6388,"1","2025-08-05T08:38:42.071292Z",8677,"https://iiif.irht.cnrs.fr/iiif/ark:/63955/v3zitxbqx7em/full/1200,/0/default.jpg","[{""x"":0.13999999999999568,""y"":0.08500000000000174,""width"":99.8,""height"":50.73,""rotation"":0,""rectanglelabels"":[""AF""],""original_width"":1200,""original_height"":1616},{""x"":0.050000000000000044,""y"":50.895,""width"":99.88,""height"":47.29,""rotation"":0,""rectanglelabels"":[""AC""],""original_width"":1200,""original_height"":1616}]",4.477,"2025-08-05T08:38:42.071292Z"
6389,"1","2025-08-05T08:38:48.090825Z",8678,"https://iiif.irht.cnrs.fr/iiif/ark:/63955/vhoe27zxs4jm/full/1200,/0/default.jpg","[{""x"":0.050000000000000044,""y"":0.28499999999999637,""width"":99.88,""height"":99.45,""rotation"":0,""rectanglelabels"":[""AI""],""original_width"":1200,""original_height"":1593}]",3.349,"2025-08-05T08:38:48.090825Z"
6390,"1","2025-08-05T08:38:51.939265Z",8679,"https://iiif.irht.cnrs.fr/iiif/ark:/63955/voe9rojwjv8w/full/1200,/0/default.jpg","[{""x"":0.05499999999999394,""y"":0.06999999999999784,""width"":99.95,""height"":49.480000000000004,""rotation"":0,""rectanglelabels"":[""AC""],""original_width"":1200,""original_height"":1595},{""x"":0.044999999999995044,""y"":49.535,""width"":99.95,""height"":50.19,""rotation"":0,""rectanglelabels"":[""AI""],""original_width"":1200,""original_height"":1595}]",2.745,"2025-08-05T08:38:51.939265Z"
6391,"1","2025-08-05T08:38:59.201170Z",8680,"https://iiif.irht.cnrs.fr/iiif/ark:/63955/vimkkbtla5oa/full/1200,/0/default.jpg","[{""x"":0.05999999999999894,""y"":0.11999999999999789,""width"":99.94,""height"":99.6,""rotation"":0,""rectanglelabels"":[""AM""],""original_width"":1200,""original_height"":1649}]",3.488,"2025-08-05T08:38:59.201170Z"
6392,"1","2025-08-05T08:39:29.671823Z",8681,"https://iiif.irht.cnrs.fr/iiif/ark:/63955/vni8z856nrnc/full/1200,/0/default.jpg","[{""x"":0.050000000000000044,""y"":0.13000000000000234,""width"":99.82,""height"":98.2,""rotation"":0,""rectanglelabels"":[""AM""],""original_width"":1200,""original_height"":1622}]",2.877,"2025-08-05T08:39:29.671823Z"
6393,"1","2025-08-05T08:39:36.332639Z",8682,"https://iiif.irht.cnrs.fr/iiif/ark:/63955/v5qk4oc97ysu/full/1200,/0/default.jpg","[{""x"":0.08999999999999564,""y"":0.21999999999999797,""width"":99.76,""height"":98.86,""rotation"":0,""rectanglelabels"":[""AM""],""original_width"":1200,""original_height"":1657}]",4.845,"2025-08-05T08:39:36.332639Z"
6394,"1","2025-08-05T08:39:39.927539Z",8683,"https://iiif.irht.cnrs.fr/iiif/ark:/63955/vjc5cyghmq44/full/1200,/0/default.jpg","[{""x"":0,""y"":0.18000000000000238,""width"":100,""height"":98.3,""rotation"":0,""rectanglelabels"":[""AM""],""original_width"":1200,""original_height"":1617}]",2.594,"2025-08-05T08:39:39.927539Z"
6395,"1","2025-08-05T08:39:43.857962Z",8684,"https://iiif.irht.cnrs.fr/iiif/ark:/63955/vy3d3a1vyd1o/full/1200,/0/default.jpg","[{""x"":0.08499999999999619,""y"":0.28000000000000247,""width"":99.77000000000001,""height"":99,""rotation"":0,""rectanglelabels"":[""AM""],""original_width"":1200,""original_height"":1657}]",2.796,"2025-08-05T08:39:43.857962Z"
6396,"1","2025-08-05T08:39:47.904680Z",8685,"https://iiif.irht.cnrs.fr/iiif/ark:/63955/vx6c9fk87erk/full/1200,/0/default.jpg","[{""x"":0.019999999999997797,""y"":0.14500000000000068,""width"":99.98,""height"":98.35000000000001,""rotation"":0,""rectanglelabels"":[""AM""],""original_width"":1200,""original_height"":1631}]",2.881,"2025-08-05T08:39:47.904680Z"
6397,"1","2025-08-05T08:39:53.108045Z",8686,"https://iiif.irht.cnrs.fr/iiif/ark:/63955/vk4i0l5qq9pu/full/1200,/0/default.jpg","[{""x"":0.054999999999999494,""y"":0.3999999999999948,""width"":99.79,""height"":98.24000000000001,""rotation"":0,""rectanglelabels"":[""AM""],""original_width"":1200,""original_height"":1657}]",4.026,"2025-08-05T08:39:53.108045Z"
6398,"1","2025-08-05T08:40:00.896826Z",8687,"https://iiif.irht.cnrs.fr/iiif/ark:/63955/vnt4oo22przv/full/1200,/0/default.jpg","[{""x"":0.07999999999999674,""y"":0.12999999999999678,""width"":99.92,""height"":98.26,""rotation"":0,""rectanglelabels"":[""AM""],""original_width"":1200,""original_height"":1631}]",6.76,"2025-08-05T08:40:00.896826Z"
6399,"1","2025-08-05T08:40:05.465819Z",8688,"https://iiif.irht.cnrs.fr/iiif/ark:/63955/v49bpii4a2oe/full/1200,/0/default.jpg","[{""x"":0.07499999999999729,""y"":0.12000000000000066,""width"":99.77000000000001,""height"":42.96,""rotation"":0,""rectanglelabels"":[""AF""],""original_width"":1200,""original_height"":1657},{""x"":0.07499999999999729,""y"":42.995,""width"":99.75,""height"":55.31,""rotation"":0,""rectanglelabels"":[""AC""],""original_width"":1200,""original_height"":1657}]",3.44,"2025-08-05T08:40:05.465819Z"
3704,"1","2025-07-21T09:09:15.847360Z",8689,"https://iiif.irht.cnrs.fr/iiif/ark:/63955/vlp0qgr05moy/full/1200,/0/default.jpg","[{""x"":-4.468647674116255e-15,""y"":61.07048192771083,""width"":100,""height"":36.980000000000004,""rotation"":0,""rectanglelabels"":[""AI""],""original_width"":1200,""original_height"":1631},{""x"":0,""y"":0.09000000000000119,""width"":100,""height"":61.18,""rotation"":0,""rectanglelabels"":[""AC""],""original_width"":1200,""original_height"":1631}]",5.751,"2025-07-21T09:09:15.847360Z"
6400,"1","2025-08-05T08:40:12.437260Z",8690,"https://iiif.irht.cnrs.fr/iiif/ark:/63955/vorwc1fyj4fd/full/1200,/0/default.jpg","[{""x"":0,""y"":0,""width"":100,""height"":100,""rotation"":0,""rectanglelabels"":[""NIA""],""original_width"":1200,""original_height"":1200}]",1.31,"2025-08-05T08:40:12.437260Z"
6401,"1","2025-08-05T08:40:17.021313Z",8691,"https://iiif.irht.cnrs.fr/iiif/ark:/63955/v5f65mwmaoih/full/1200,/0/default.jpg","[{""x"":0,""y"":0.045000000000000595,""width"":99.98,""height"":30.39,""rotation"":0,""rectanglelabels"":[""AF""],""original_width"":1200,""original_height"":1552},{""x"":0.039999999999995595,""y"":30.450000000000006,""width"":99.96000000000001,""height"":68.86,""rotation"":0,""rectanglelabels"":[""AC""],""original_width"":1200,""original_height"":1552}]",3.648,"2025-08-05T08:40:17.021313Z"
6402,"1","2025-08-05T08:40:23.324637Z",8692,"https://iiif.irht.cnrs.fr/iiif/ark:/63955/vqdntfdlf8qo/full/1200,/0/default.jpg","[{""x"":0.050000000000000044,""y"":0.2950000000000008,""width"":99.78,""height"":58.01,""rotation"":0,""rectanglelabels"":[""AF""],""original_width"":1200,""original_height"":1657},{""x"":0.07499999999999729,""y"":58.23500000000001,""width"":99.77000000000001,""height"":41.55,""rotation"":0,""rectanglelabels"":[""AC""],""original_width"":1200,""original_height"":1657}]",5.061,"2025-08-05T08:40:23.324637Z"
6403,"1","2025-08-05T08:40:29.053866Z",8693,"https://iiif.irht.cnrs.fr/iiif/ark:/63955/vkg62kh59vry/full/1200,/0/default.jpg","[{""x"":0.07499999999999729,""y"":0.14499999999999513,""width"":99.92999999999999,""height"":99.05000000000001,""rotation"":0,""rectanglelabels"":[""AI""],""original_width"":1200,""original_height"":1631}]",4.174,"2025-08-05T08:40:29.053866Z"
6404,"1","2025-08-05T08:40:37.208799Z",8694,"https://iiif.irht.cnrs.fr/iiif/ark:/63955/vwheoija7i0k/full/1200,/0/default.jpg","[{""x"":0.06999999999999784,""y"":0.11000000000000038,""width"":99.92,""height"":21.66,""rotation"":0,""rectanglelabels"":[""AF""],""original_width"":1200,""original_height"":1649},{""x"":0,""y"":21.725,""width"":99.96000000000001,""height"":77.73,""rotation"":0,""rectanglelabels"":[""AI""],""original_width"":1200,""original_height"":1649}]",4.216,"2025-08-05T08:40:37.208799Z"
6405,"1","2025-08-05T08:40:42.470736Z",8695,"https://iiif.irht.cnrs.fr/iiif/ark:/63955/v5uziger73bn/full/1200,/0/default.jpg","[{""x"":0.05499999999999394,""y"":0.14000000000000123,""width"":99.95,""height"":98.6,""rotation"":0,""rectanglelabels"":[""AM""],""original_width"":1200,""original_height"":1631}]",4.207,"2025-08-05T08:40:42.470736Z"
6406,"1","2025-08-05T08:40:50.880559Z",8696,"https://iiif.irht.cnrs.fr/iiif/ark:/63955/vae7rjhnbfkt/full/1200,/0/default.jpg","[{""x"":-0.004999999999999449,""y"":0.26499999999999857,""width"":99.81,""height"":99.49,""rotation"":0,""rectanglelabels"":[""AM""],""original_width"":1200,""original_height"":1646}]",3.979,"2025-08-05T08:40:50.880559Z"
6407,"1","2025-08-05T08:41:00.374289Z",8697,"https://iiif.irht.cnrs.fr/iiif/ark:/63955/vt8bdiivj31e/full/1200,/0/default.jpg","[{""x"":0.004999999999999449,""y"":0.13500000000000179,""width"":99.79,""height"":99.72999999999999,""rotation"":0,""rectanglelabels"":[""AM""],""original_width"":1200,""original_height"":1591}]",3.841,"2025-08-05T08:41:00.374289Z"
6408,"1","2025-08-05T08:41:04.920278Z",8698,"https://iiif.irht.cnrs.fr/iiif/ark:/63955/v3kuhc2lnpv1/full/1200,/0/default.jpg","[{""x"":-0.004999999999999449,""y"":0.16499999999999848,""width"":99.89,""height"":99.67,""rotation"":0,""rectanglelabels"":[""AM""],""original_width"":1200,""original_height"":1647}]",3.523,"2025-08-05T08:41:04.920278Z"
6409,"1","2025-08-05T08:41:09.437202Z",8699,"https://iiif.irht.cnrs.fr/iiif/ark:/63955/vxnlebwuvqn3/full/1200,/0/default.jpg","[{""x"":0,""y"":0.07500000000000284,""width"":99.8,""height"":99.81,""rotation"":0,""rectanglelabels"":[""AF""],""original_width"":1200,""original_height"":1591}]",3.614,"2025-08-05T08:41:09.437202Z"
6301,"1","2025-08-05T08:28:40.638890Z",8700,"https://iiif.irht.cnrs.fr/iiif/ark:/63955/v11mkx5nyjqj/full/1200,/0/default.jpg","[{""x"":0.12000000000000344,""y"":0.19500000000000073,""width"":99.88,""height"":73.25,""rotation"":0,""rectanglelabels"":[""AC""],""original_width"":1200,""original_height"":1628},{""x"":0.2799999999999969,""y"":73.63000000000001,""width"":99.72,""height"":26.040000000000003,""rotation"":0,""rectanglelabels"":[""AI""],""original_width"":1200,""original_height"":1628}]",1.292,"2025-08-05T08:28:40.638890Z"
6410,"1","2025-08-05T08:41:12.501453Z",8701,"https://iiif.irht.cnrs.fr/iiif/ark:/63955/ve8vhui6qk4d/full/1200,/0/default.jpg","[{""x"":0.024999999999997247,""y"":69.85,""width"":99.97,""height"":29.74,""rotation"":0,""rectanglelabels"":[""AI""],""original_width"":1200,""original_height"":1584},{""x"":0.004999999999999449,""y"":0.060000000000004494,""width"":99.97,""height"":69.89999999999999,""rotation"":0,""rectanglelabels"":[""AF""],""original_width"":1200,""original_height"":1584}]",1.443,"2025-08-05T08:41:12.501453Z"
6411,"1","2025-08-05T08:41:14.876430Z",8702,"https://iiif.irht.cnrs.fr/iiif/ark:/63955/v9klqv28zkwe/full/1200,/0/default.jpg","[{""x"":0.019999999999997797,""y"":65.46499999999999,""width"":99.98,""height"":34.27,""rotation"":0,""rectanglelabels"":[""AI""],""original_width"":1200,""original_height"":1551},{""x"":0.054999999999999494,""y"":0.08500000000000174,""width"":99.89,""height"":65.47,""rotation"":0,""rectanglelabels"":[""AC""],""original_width"":1200,""original_height"":1551}]",1.341,"2025-08-05T08:41:14.876430Z"
6412,"1","2025-08-05T08:41:21.504250Z",8703,"https://iiif.irht.cnrs.fr/iiif/ark:/63955/v6jo3dkt1ov2/full/1200,/0/default.jpg","[{""x"":0.15499999999999958,""y"":42.165,""width"":99.85000000000001,""height"":57.19,""rotation"":0,""rectanglelabels"":[""AI""],""original_width"":1200,""original_height"":1628},{""x"":0.14000000000000123,""y"":0.04499999999999782,""width"":99.86,""height"":42.17,""rotation"":0,""rectanglelabels"":[""AF""],""original_width"":1200,""original_height"":1628}]",3.09,"2025-08-05T08:41:21.504250Z"
6413,"1","2025-08-05T08:41:26.041462Z",8704,"https://iiif.irht.cnrs.fr/iiif/ark:/63955/vafzf3yzuhe2/full/1200,/0/default.jpg","[{""x"":0.004999999999999449,""y"":46.029999999999994,""width"":99.99,""height"":53.800000000000004,""rotation"":0,""rectanglelabels"":[""AI""],""original_width"":1200,""original_height"":1584},{""x"":0,""y"":0.03499999999999892,""width"":100,""height"":46.01,""rotation"":0,""rectanglelabels"":[""AF""],""original_width"":1200,""original_height"":1584}]",3.429,"2025-08-05T08:41:26.041462Z"
6414,"1","2025-08-05T08:41:39.028446Z",8705,"https://iiif.irht.cnrs.fr/iiif/ark:/63955/vcvxv2ng60nq/full/1200,/0/default.jpg","[{""x"":0.18000000000000238,""y"":29.575000000000003,""width"":99.82,""height"":70.09,""rotation"":0,""rectanglelabels"":[""AI""],""original_width"":1200,""original_height"":1628},{""x"":0.12000000000000344,""y"":0.15999999999999903,""width"":99.88,""height"":29.42,""rotation"":0,""rectanglelabels"":[""AF""],""original_width"":1200,""original_height"":1628}]",11.165,"2025-08-05T08:41:39.028446Z"
6415,"1","2025-08-05T08:41:57.847714Z",8706,"https://iiif.irht.cnrs.fr/iiif/ark:/63955/vpq39k5yf78v/full/1200,/0/default.jpg","[{""x"":0.040000000000001146,""y"":47.685,""width"":99.94,""height"":51.970000000000006,""rotation"":0,""rectanglelabels"":[""AI""],""original_width"":1200,""original_height"":1584},{""x"":0.019999999999997797,""y"":0.1250000000000001,""width"":99.98,""height"":47.69,""rotation"":0,""rectanglelabels"":[""AF""],""original_width"":1200,""original_height"":1584}]",17.775,"2025-08-05T08:41:57.847714Z"
6416,"1","2025-08-05T08:42:03.647665Z",8707,"https://iiif.irht.cnrs.fr/iiif/ark:/63955/v7oz6oto2w1y/full/1200,/0/default.jpg","[{""x"":0.14000000000000123,""y"":0.04499999999999782,""width"":99.86,""height"":41.11,""rotation"":0,""rectanglelabels"":[""AF""],""original_width"":1200,""original_height"":1628},{""x"":0.07999999999999674,""y"":40.965,""width"":99.92,""height"":58.79,""rotation"":0,""rectanglelabels"":[""AI""],""original_width"":1200,""original_height"":1628}]",4.539,"2025-08-05T08:42:03.647665Z"
6417,"1","2025-08-05T08:42:09.516727Z",8708,"https://iiif.irht.cnrs.fr/iiif/ark:/63955/vtw0gd7h0x6r/full/1200,/0/default.jpg","[{""x"":0.004999999999999449,""y"":44.35,""width"":99.99,""height"":55.46,""rotation"":0,""rectanglelabels"":[""AI""],""original_width"":1200,""original_height"":1584},{""x"":0.014999999999998348,""y"":0.07000000000000062,""width"":99.97,""height"":44.379999999999995,""rotation"":0,""rectanglelabels"":[""AF""],""original_width"":1200,""original_height"":1584}]",4.841,"2025-08-05T08:42:09.516727Z"
6293,"1","2025-08-05T08:27:32.109149Z",8709,"https://iiif.irht.cnrs.fr/iiif/ark:/63955/v0gb5erdnmlb/full/1200,/0/default.jpg","[{""x"":0.35499999999999976,""y"":0.21999999999999797,""width"":99.65,""height"":55.64,""rotation"":0,""rectanglelabels"":[""AF""],""original_width"":1200,""original_height"":1628},{""x"":0.07999999999999674,""y"":55.35,""width"":99.92,""height"":44.54,""rotation"":0,""rectanglelabels"":[""AI""],""original_width"":1200,""original_height"":1628}]",0.858,"2025-08-05T08:27:32.109149Z"
6418,"1","2025-08-05T08:42:17.344031Z",8710,"https://iiif.irht.cnrs.fr/iiif/ark:/63955/vlrzff2bg04d/full/1200,/0/default.jpg","[{""x"":0,""y"":0.035000000000001696,""width"":100,""height"":77.11,""rotation"":0,""rectanglelabels"":[""AF""],""original_width"":1200,""original_height"":1584},{""x"":0,""y"":77.36,""width"":100,""height"":22.56,""rotation"":0,""rectanglelabels"":[""AI""],""original_width"":1200,""original_height"":1584}]",4.07,"2025-08-05T08:42:17.344031Z"
6294,"1","2025-08-05T08:27:41.353388Z",8711,"https://iiif.irht.cnrs.fr/iiif/ark:/63955/v0lq72q59h5q/full/1200,/0/default.jpg","[{""x"":0.14000000000000123,""y"":0.054999999999999494,""width"":99.86,""height"":63.79,""rotation"":0,""rectanglelabels"":[""AF""],""original_width"":1200,""original_height"":1628},{""x"":0.14500000000000068,""y"":63.79999999999999,""width"":99.85000000000001,""height"":36,""rotation"":0,""rectanglelabels"":[""AI""],""original_width"":1200,""original_height"":1628}]",3.456,"2025-08-05T08:27:41.353388Z"
6419,"1","2025-08-05T08:42:23.773279Z",8712,"https://iiif.irht.cnrs.fr/iiif/ark:/63955/vtb5kot695s1/full/1200,/0/default.jpg","[{""x"":0,""y"":0.11499999999999289,""width"":99.96000000000001,""height"":99.85000000000001,""rotation"":0,""rectanglelabels"":[""AM""],""original_width"":1200,""original_height"":1584}]",4.36,"2025-08-05T08:42:23.773279Z"
6420,"1","2025-08-05T08:42:27.789806Z",8713,"https://iiif.irht.cnrs.fr/iiif/ark:/63955/vun2djm9rie7/full/1200,/0/default.jpg","[{""x"":0.07999999999999674,""y"":0.019999999999997797,""width"":99.88,""height"":65.88000000000001,""rotation"":0,""rectanglelabels"":[""AF""],""original_width"":1200,""original_height"":1552},{""x"":0.13500000000000179,""y"":65.995,""width"":99.87,""height"":32.43,""rotation"":0,""rectanglelabels"":[""AI""],""original_width"":1200,""original_height"":1552}]",2.311,"2025-08-05T08:42:27.789806Z"
6421,"1","2025-08-05T08:42:32.133428Z",8714,"https://iiif.irht.cnrs.fr/iiif/ark:/63955/v47g7jx8oa89/full/1200,/0/default.jpg","[{""x"":0.23999999999999577,""y"":0.17000000000000348,""width"":99.76,""height"":99.64,""rotation"":0,""rectanglelabels"":[""AF""],""original_width"":1200,""original_height"":1628}]",3.163,"2025-08-05T08:42:32.133428Z"
6422,"1","2025-08-05T08:42:36.692272Z",8715,"https://iiif.irht.cnrs.fr/iiif/ark:/63955/v1gcslmard32/full/1200,/0/default.jpg","[{""x"":0.014999999999998348,""y"":0.054999999999999494,""width"":99.99,""height"":53.190000000000005,""rotation"":0,""rectanglelabels"":[""AC""],""original_width"":1200,""original_height"":1584},{""x"":0.019999999999997797,""y"":53.25,""width"":99.98,""height"":20.86,""rotation"":0,""rectanglelabels"":[""AC""],""original_width"":1200,""original_height"":1584},{""x"":0.05999999999999894,""y"":74.05499999999999,""width"":99.94,""height"":25.95,""rotation"":0,""rectanglelabels"":[""AC""],""original_width"":1200,""original_height"":1584}]",3.322,"2025-08-05T08:42:36.692272Z"
6423,"1","2025-08-05T08:42:39.560823Z",8716,"https://iiif.irht.cnrs.fr/iiif/ark:/63955/vjnrcu1hn2mu/full/1200,/0/default.jpg","[{""x"":0.38499999999999646,""y"":0.1250000000000029,""width"":99.51,""height"":99.72999999999999,""rotation"":0,""rectanglelabels"":[""AC""],""original_width"":1200,""original_height"":1612}]",1.628,"2025-08-05T08:42:39.560823Z"
6424,"1","2025-08-05T08:42:43.344033Z",8717,"https://iiif.irht.cnrs.fr/iiif/ark:/63955/vjteh12sabtr/full/1200,/0/default.jpg","[{""x"":0.030000000000002247,""y"":0.18500000000000183,""width"":99.92,""height"":99.81,""rotation"":0,""rectanglelabels"":[""AI""],""original_width"":1200,""original_height"":1584}]",2.289,"2025-08-05T08:42:43.344033Z"
6425,"1","2025-08-05T08:42:50.526419Z",8718,"https://iiif.irht.cnrs.fr/iiif/ark:/63955/vomdbw5oz87n/full/1200,/0/default.jpg","[{""x"":0.11499999999999844,""y"":0.1250000000000001,""width"":99.75,""height"":41.91,""rotation"":0,""rectanglelabels"":[""AF""],""original_width"":1200,""original_height"":1612},{""x"":0.12000000000000344,""y"":41.945,""width"":99.74,""height"":57.830000000000005,""rotation"":0,""rectanglelabels"":[""AI""],""original_width"":1200,""original_height"":1612}]",1.108,"2025-08-05T08:42:50.526419Z"
6426,"1","2025-08-05T08:42:56.341263Z",8719,"https://iiif.irht.cnrs.fr/iiif/ark:/63955/vzkh1154nzoh/full/1200,/0/default.jpg","[{""x"":0,""y"":30.215000000000003,""width"":100,""height"":11.53,""rotation"":0,""rectanglelabels"":[""AC""],""original_width"":1200,""original_height"":1584},{""x"":0,""y"":41.71,""width"":100,""height"":58.220000000000006,""rotation"":0,""rectanglelabels"":[""AI""],""original_width"":1200,""original_height"":1584},{""x"":0.054999999999999494,""y"":0.045000000000000595,""width"":99.91,""height"":30.349999999999998,""rotation"":0,""rectanglelabels"":[""AF""],""original_width"":1200,""original_height"":1584}]",4.821,"2025-08-05T08:42:56.341263Z"
6427,"1","2025-08-05T08:43:00.718128Z",8720,"https://iiif.irht.cnrs.fr/iiif/ark:/63955/ve5jgxurrmgd/full/1200,/0/default.jpg","[{""x"":3.1349999999999936,""y"":29.765000000000004,""width"":96.83,""height"":70.11,""rotation"":0,""rectanglelabels"":[""AI""],""original_width"":1200,""original_height"":1601},{""x"":1.250000000000001,""y"":0.07500000000000007,""width"":98.04,""height"":29.849999999999998,""rotation"":0,""rectanglelabels"":[""AF""],""original_width"":1200,""original_height"":1601}]",2.547,"2025-08-05T08:43:00.718128Z"
6428,"1","2025-08-05T08:43:03.824233Z",8721,"https://iiif.irht.cnrs.fr/iiif/ark:/63955/vzr95f9dnwd7/full/1200,/0/default.jpg","[{""x"":0.035000000000001696,""y"":22.135000000000005,""width"":99.92999999999999,""height"":77.61,""rotation"":0,""rectanglelabels"":[""AI""],""original_width"":1200,""original_height"":1584},{""x"":0,""y"":0.02999999999999947,""width"":100,""height"":22.5,""rotation"":0,""rectanglelabels"":[""AF""],""original_width"":1200,""original_height"":1584}]",2.151,"2025-08-05T08:43:03.824233Z"
6429,"1","2025-08-05T08:43:09.383531Z",8722,"https://iiif.irht.cnrs.fr/iiif/ark:/63955/vef8jjwj7exc/full/1200,/0/default.jpg","[{""x"":2.849999999999997,""y"":31.425000000000004,""width"":97,""height"":68.13,""rotation"":0,""rectanglelabels"":[""AI""],""original_width"":1200,""original_height"":1601},{""x"":2.3249999999999993,""y"":0.11000000000000176,""width"":97.13000000000001,""height"":31.52,""rotation"":0,""rectanglelabels"":[""AF""],""original_width"":1200,""original_height"":1601}]",2.88,"2025-08-05T08:43:09.383531Z"
6430,"1","2025-08-05T08:43:18.750441Z",8723,"https://iiif.irht.cnrs.fr/iiif/ark:/63955/vxdar51elfed/full/1200,/0/default.jpg","[{""x"":0.045000000000000595,""y"":32.30499999999999,""width"":99.91,""height"":67.49000000000001,""rotation"":0,""rectanglelabels"":[""AI""],""original_width"":1200,""original_height"":1584},{""x"":0,""y"":0.025000000000000022,""width"":100,""height"":32.43,""rotation"":0,""rectanglelabels"":[""AF""],""original_width"":1200,""original_height"":1584}]",8.312,"2025-08-05T08:43:18.750441Z"
6431,"1","2025-08-05T08:43:24.341507Z",8724,"https://iiif.irht.cnrs.fr/iiif/ark:/63955/vpjtl54aomk8/full/1200,/0/default.jpg","[{""x"":0.044999999999995044,""y"":0.040000000000001146,""width"":99.85000000000001,""height"":99.74,""rotation"":0,""rectanglelabels"":[""AM""],""original_width"":1200,""original_height"":1551}]",4.549,"2025-08-05T08:43:24.341507Z"
6432,"1","2025-08-05T08:43:29.148547Z",8725,"https://iiif.irht.cnrs.fr/iiif/ark:/63955/vojsyxguan8p/full/1200,/0/default.jpg","[{""x"":2.7649999999999952,""y"":47.93,""width"":97.15,""height"":51.959999999999994,""rotation"":0,""rectanglelabels"":[""AI""],""original_width"":1200,""original_height"":1601},{""x"":2.5300000000000047,""y"":0.050000000000000044,""width"":97.3,""height"":48,""rotation"":0,""rectanglelabels"":[""AF""],""original_width"":1200,""original_height"":1601}]",3.513,"2025-08-05T08:43:29.148547Z"
6433,"1","2025-08-05T08:43:39.508724Z",8726,"https://iiif.irht.cnrs.fr/iiif/ark:/63955/vws9tbg78t5m/full/1200,/0/default.jpg","[{""x"":0.05999999999999894,""y"":35.49,""width"":99.94,""height"":64.44,""rotation"":0,""rectanglelabels"":[""AC""],""original_width"":1200,""original_height"":1594},{""x"":0.054999999999999494,""y"":0.054999999999999494,""width"":99.91,""height"":35.63,""rotation"":0,""rectanglelabels"":[""AF""],""original_width"":1200,""original_height"":1594}]",9.142,"2025-08-05T08:43:39.508724Z"
6434,"1","2025-08-05T08:43:44.348559Z",8727,"https://iiif.irht.cnrs.fr/iiif/ark:/63955/v3xr5bdkpq99/full/1200,/0/default.jpg","[{""x"":2.579999999999999,""y"":0.17499999999999738,""width"":97.06,""height"":99.67,""rotation"":0,""rectanglelabels"":[""AI""],""original_width"":1200,""original_height"":1601}]",2.977,"2025-08-05T08:43:44.348559Z"
6435,"1","2025-08-05T08:43:47.922442Z",8728,"https://iiif.irht.cnrs.fr/iiif/ark:/63955/vj76z2hna7k3/full/1200,/0/default.jpg","[{""x"":0.06499999999999839,""y"":0.20000000000000573,""width"":99.91,""height"":99.74,""rotation"":0,""rectanglelabels"":[""AM""],""original_width"":1200,""original_height"":1594}]",2.206,"2025-08-05T08:43:47.922442Z"
3705,"1","2025-07-21T09:16:37.156390Z",8729,"https://iiif.irht.cnrs.fr/iiif/ark:/63955/vgeexlnqq9uo/full/1200,/0/default.jpg","[{""x"":1.1450000000000016,""y"":0.20499999999999963,""width"":98.65,""height"":26.61,""rotation"":0,""rectanglelabels"":[""AF""],""original_width"":1200,""original_height"":1601},{""x"":2.589257028112457,""y"":26.59999999999999,""width"":97.25,""height"":73.4,""rotation"":0,""rectanglelabels"":[""AC""],""original_width"":1200,""original_height"":1601}]",4.089,"2025-07-21T09:16:37.156390Z"
6300,"1","2025-08-05T08:28:38.397664Z",8730,"https://iiif.irht.cnrs.fr/iiif/ark:/63955/v10zekp5uyo2/full/1200,/0/default.jpg","[{""x"":0.06999999999999784,""y"":58.445,""width"":99.92,""height"":41.510000000000005,""rotation"":0,""rectanglelabels"":[""AI""],""original_width"":1200,""original_height"":1594},{""x"":0.039999999999995595,""y"":0.06500000000000394,""width"":99.96000000000001,""height"":58.39,""rotation"":0,""rectanglelabels"":[""AC""],""original_width"":1200,""original_height"":1594}]",2.016,"2025-08-05T08:28:38.397664Z"
6436,"1","2025-08-05T08:44:37.552379Z",8731,"https://iiif.irht.cnrs.fr/iiif/ark:/63955/v4o4lcfsxi9b/full/1200,/0/default.jpg","[{""x"":2.375000000000005,""y"":26.034999999999997,""width"":97.41,""height"":73.79,""rotation"":0,""rectanglelabels"":[""AC""],""original_width"":1200,""original_height"":1601},{""x"":0.48499999999999654,""y"":0.11500000000000121,""width"":98.85000000000001,""height"":26.13,""rotation"":0,""rectanglelabels"":[""AF""],""original_width"":1200,""original_height"":1601}]",1.032,"2025-08-05T08:44:37.554895Z"
6437,"1","2025-08-05T08:44:41.720961Z",8732,"https://iiif.irht.cnrs.fr/iiif/ark:/63955/vx6xkwourcvr/full/1200,/0/default.jpg","[{""x"":0.024999999999997247,""y"":0.08000000000000229,""width"":99.97,""height"":77.75999999999999,""rotation"":0,""rectanglelabels"":[""AC""],""original_width"":1200,""original_height"":1594},{""x"":0.08499999999999619,""y"":78.10499999999999,""width"":99.91,""height"":21.89,""rotation"":0,""rectanglelabels"":[""AI""],""original_width"":1200,""original_height"":1594}]",3.34,"2025-08-05T08:44:41.720961Z"
6438,"1","2025-08-05T08:44:44.697022Z",8733,"https://iiif.irht.cnrs.fr/iiif/ark:/63955/vbac1f7z494s/full/1200,/0/default.jpg","[{""x"":2.4749999999999996,""y"":41.370000000000005,""width"":97.50999999999999,""height"":58.5,""rotation"":0,""rectanglelabels"":[""AI""],""original_width"":1200,""original_height"":1601},{""x"":1.5149999999999997,""y"":0.08999999999999841,""width"":98.37,""height"":41.36,""rotation"":0,""rectanglelabels"":[""AF""],""original_width"":1200,""original_height"":1601}]",2.086,"2025-08-05T08:44:44.697022Z"
6439,"1","2025-08-05T08:44:49.086732Z",8734,"https://iiif.irht.cnrs.fr/iiif/ark:/63955/vdq5si2bsd8y/full/1200,/0/default.jpg","[{""x"":0.06499999999999839,""y"":59.294999999999995,""width"":99.92999999999999,""height"":40.67,""rotation"":0,""rectanglelabels"":[""AI""],""original_width"":1200,""original_height"":1594},{""x"":0.050000000000000044,""y"":0.024999999999997247,""width"":99.94,""height"":59.37,""rotation"":0,""rectanglelabels"":[""AF""],""original_width"":1200,""original_height"":1594}]",3.303,"2025-08-05T08:44:49.086732Z"
6440,"1","2025-08-05T08:44:54.087430Z",8735,"https://iiif.irht.cnrs.fr/iiif/ark:/63955/v7a3aj3ufho3/full/1200,/0/default.jpg","[{""x"":0.23999999999999577,""y"":0.11499999999999844,""width"":99.76,""height"":99.47,""rotation"":0,""rectanglelabels"":[""AF""],""original_width"":1200,""original_height"":1552}]",3.816,"2025-08-05T08:44:54.087430Z"
6441,"1","2025-08-05T08:44:59.301659Z",8736,"https://iiif.irht.cnrs.fr/iiif/ark:/63955/vasvymmbiens/full/1200,/0/default.jpg","[{""x"":2.1850000000000036,""y"":0.40000000000000036,""width"":97.61,""height"":99.24,""rotation"":0,""rectanglelabels"":[""AM""],""original_width"":1200,""original_height"":1601}]",4.164,"2025-08-05T08:44:59.301659Z"
6442,"1","2025-08-05T08:45:32.353468Z",8737,"https://iiif.irht.cnrs.fr/iiif/ark:/63955/vro8yoc7s4li/full/1200,/0/default.jpg","[{""x"":0,""y"":29.84,""width"":100,""height"":69.98,""rotation"":0,""rectanglelabels"":[""AI""],""original_width"":1200,""original_height"":1610},{""x"":0.024999999999997247,""y"":0.030000000000002247,""width"":99.97,""height"":29.86,""rotation"":0,""rectanglelabels"":[""AF""],""original_width"":1200,""original_height"":1610}]",18.869,"2025-08-05T08:45:32.353468Z"
6443,"1","2025-08-05T08:45:39.505101Z",8738,"https://iiif.irht.cnrs.fr/iiif/ark:/63955/v9e1cptpxr0q/full/1200,/0/default.jpg","[{""x"":1.3450000000000073,""y"":0.07999999999999674,""width"":98.42999999999999,""height"":70.12,""rotation"":0,""rectanglelabels"":[""AF""],""original_width"":1200,""original_height"":1601},{""x"":1.8450000000000022,""y"":70.265,""width"":98.13,""height"":29.57,""rotation"":0,""rectanglelabels"":[""AI""],""original_width"":1200,""original_height"":1601}]",5.738,"2025-08-05T08:45:39.505101Z"
6444,"1","2025-08-05T08:45:50.398150Z",8739,"https://iiif.irht.cnrs.fr/iiif/ark:/63955/vnzd9avoxofm/full/1200,/0/default.jpg","[{""x"":-0.004999999999999449,""y"":0.019999999999997797,""width"":99.83,""height"":63.260000000000005,""rotation"":0,""rectanglelabels"":[""AF""],""original_width"":1200,""original_height"":1610},{""x"":0,""y"":63.339999999999996,""width"":99.98,""height"":36.6,""rotation"":0,""rectanglelabels"":[""AI""],""original_width"":1200,""original_height"":1610}]",9.646,"2025-08-05T08:45:50.398150Z"
6445,"1","2025-08-05T08:45:57.734178Z",8740,"https://iiif.irht.cnrs.fr/iiif/ark:/63955/vwda8l2d6lmk/full/1200,/0/default.jpg","[{""x"":-0.004999999999999449,""y"":0.07000000000000339,""width"":99.87,""height"":75.22,""rotation"":0,""rectanglelabels"":[""AF""],""original_width"":1200,""original_height"":1592},{""x"":0.004999999999999449,""y"":75.11000000000001,""width"":99.85000000000001,""height"":23.9,""rotation"":0,""rectanglelabels"":[""AI""],""original_width"":1200,""original_height"":1592}]",6.201,"2025-08-05T08:45:57.734178Z"
6446,"1","2025-08-05T08:46:04.152366Z",8741,"https://iiif.irht.cnrs.fr/iiif/ark:/63955/vmzago77pyuo/full/1200,/0/default.jpg","[{""x"":0.06500000000000394,""y"":53.580000000000005,""width"":99.83,""height"":44.82,""rotation"":0,""rectanglelabels"":[""AI""],""original_width"":1200,""original_height"":1555},{""x"":0.06499999999999839,""y"":0.05999999999999894,""width"":99.87,""height"":53.6,""rotation"":0,""rectanglelabels"":[""AF""],""original_width"":1200,""original_height"":1555}]",5.245,"2025-08-05T08:46:04.152366Z"
6447,"1","2025-08-05T08:46:11.429244Z",8742,"https://iiif.irht.cnrs.fr/iiif/ark:/63955/vb4z6txv8krm/full/1200,/0/default.jpg","[{""x"":0,""y"":35.86,""width"":99.83999999999999,""height"":63.32,""rotation"":0,""rectanglelabels"":[""AC""],""original_width"":1200,""original_height"":1592},{""x"":-0.004999999999999449,""y"":0.06000000000000172,""width"":99.89,""height"":35.9,""rotation"":0,""rectanglelabels"":[""AF""],""original_width"":1200,""original_height"":1592}]",6.245,"2025-08-05T08:46:11.429244Z"
6448,"1","2025-08-05T08:46:25.435364Z",8743,"https://iiif.irht.cnrs.fr/iiif/ark:/63955/vuz7xceizz5y/full/1200,/0/default.jpg","[{""x"":0.09000000000000119,""y"":0.20000000000000018,""width"":99.82,""height"":98.72,""rotation"":0,""rectanglelabels"":[""AC""],""original_width"":1200,""original_height"":1555}]",5.292,"2025-08-05T08:46:25.435364Z"
3724,"1","2025-07-21T12:04:59.703814Z",8744,"https://iiif.irht.cnrs.fr/iiif/ark:/63955/v9lnhtdfo2qs/full/1200,/0/default.jpg","[{""x"":0.004999999999999449,""y"":0.20000000000000018,""width"":99.89,""height"":51.2,""rotation"":0,""rectanglelabels"":[""AC""],""original_width"":1200,""original_height"":1592},{""x"":6.348910498009696e-16,""y"":51.358410041841005,""width"":99.87,""height"":48.080000000000005,""rotation"":0,""rectanglelabels"":[""AI""],""original_width"":1200,""original_height"":1592}]",9.914,"2025-07-21T12:04:59.703814Z"
6449,"1","2025-08-05T08:46:31.859968Z",8745,"https://iiif.irht.cnrs.fr/iiif/ark:/63955/v1xlzsujkgek/full/1200,/0/default.jpg","[{""x"":0.06999999999999784,""y"":37.019999999999996,""width"":99.92,""height"":61.919999999999995,""rotation"":0,""rectanglelabels"":[""AC""],""original_width"":1200,""original_height"":1555},{""x"":0.030000000000002247,""y"":0.050000000000000044,""width"":99.92,""height"":37.16,""rotation"":0,""rectanglelabels"":[""AF""],""original_width"":1200,""original_height"":1555}]",5.242,"2025-08-05T08:46:31.859968Z"
6450,"1","2025-08-05T08:46:47.489533Z",8746,"https://iiif.irht.cnrs.fr/iiif/ark:/63955/vk2m6beppme8/full/1200,/0/default.jpg","[{""x"":0.07999999999999674,""y"":0.20499999999999963,""width"":99.88,""height"":99.63,""rotation"":0,""rectanglelabels"":[""AC""],""original_width"":1200,""original_height"":1551}]",7.356,"2025-08-05T08:46:47.489533Z"
6451,"1","2025-08-05T08:46:55.071893Z",8747,"https://iiif.irht.cnrs.fr/iiif/ark:/63955/vobx2uw1zvak/full/1200,/0/default.jpg","[{""x"":0.019999999999997797,""y"":0.045000000000000595,""width"":99.86,""height"":56.67,""rotation"":0,""rectanglelabels"":[""AC""],""original_width"":1200,""original_height"":1661},{""x"":0.040000000000001146,""y"":56.56,""width"":99.82,""height"":43.34,""rotation"":0,""rectanglelabels"":[""AI""],""original_width"":1200,""original_height"":1661}]",6.565,"2025-08-05T08:46:55.071893Z"
6452,"1","2025-08-05T08:47:08.933402Z",8748,"https://iiif.irht.cnrs.fr/iiif/ark:/63955/vjsew72yyu0v/full/1200,/0/default.jpg","[{""x"":-0.004999999999999449,""y"":0.040000000000001146,""width"":99.83,""height"":68.02,""rotation"":0,""rectanglelabels"":[""AF""],""original_width"":1200,""original_height"":1570},{""x"":0.019999999999997797,""y"":67.77,""width"":99.98,""height"":30.759999999999998,""rotation"":0,""rectanglelabels"":[""AI""],""original_width"":1200,""original_height"":1570}]",12.925,"2025-08-05T08:47:08.933402Z"
6453,"1","2025-08-05T08:47:16.670894Z",8749,"https://iiif.irht.cnrs.fr/iiif/ark:/63955/vgzoaj9rxtf8/full/1200,/0/default.jpg","[{""x"":0.16499999999999848,""y"":0.13499999999999623,""width"":99.69,""height"":99.77000000000001,""rotation"":0,""rectanglelabels"":[""AF""],""original_width"":1200,""original_height"":1661}]",6.391,"2025-08-05T08:47:16.670894Z"
6454,"1","2025-08-05T08:47:24.526817Z",8750,"https://iiif.irht.cnrs.fr/iiif/ark:/63955/vqh3nj2jun2m/full/1200,/0/default.jpg","[{""x"":0.019999999999997797,""y"":0.13500000000000179,""width"":99.8,""height"":98.81,""rotation"":0,""rectanglelabels"":[""AI""],""original_width"":1200,""original_height"":1570}]",4.808,"2025-08-05T08:47:24.526817Z"
6455,"1","2025-08-05T08:47:34.451933Z",8751,"https://iiif.irht.cnrs.fr/iiif/ark:/63955/v1zu3xsyyofx/full/1200,/0/default.jpg","[{""x"":0.050000000000000044,""y"":28.565,""width"":99.8,""height"":71.23,""rotation"":0,""rectanglelabels"":[""AI""],""original_width"":1200,""original_height"":1647},{""x"":0.09000000000000119,""y"":0.03999999999999837,""width"":99.82,""height"":28.660000000000004,""rotation"":0,""rectanglelabels"":[""AF""],""original_width"":1200,""original_height"":1647}]",6.915,"2025-08-05T08:47:34.451933Z"
6456,"1","2025-08-05T08:47:43.073101Z",8752,"https://iiif.irht.cnrs.fr/iiif/ark:/63955/vdqhmhegxn6f/full/1200,/0/default.jpg","[{""x"":0.004999999999999449,""y"":0.025000000000000022,""width"":99.83,""height"":29.549999999999997,""rotation"":0,""rectanglelabels"":[""AF""],""original_width"":1200,""original_height"":1570},{""x"":0.004999999999999449,""y"":29.474999999999994,""width"":99.83,""height"":41.730000000000004,""rotation"":0,""rectanglelabels"":[""AC""],""original_width"":1200,""original_height"":1570},{""x"":0.07999999999999674,""y"":71.27000000000001,""width"":99.9,""height"":27.12,""rotation"":0,""rectanglelabels"":[""AI""],""original_width"":1200,""original_height"":1570}]",1.297,"2025-08-05T08:47:43.073101Z"
6457,"1","2025-08-05T08:47:49.907159Z",8753,"https://iiif.irht.cnrs.fr/iiif/ark:/63955/vquytdthgfif/full/1200,/0/default.jpg","[{""x"":0.06499999999999839,""y"":0.06499999999999839,""width"":99.81,""height"":55.03,""rotation"":0,""rectanglelabels"":[""AF""],""original_width"":1200,""original_height"":1647},{""x"":0.034999999999996145,""y"":54.995000000000005,""width"":99.87,""height"":44.79,""rotation"":0,""rectanglelabels"":[""AI""],""original_width"":1200,""original_height"":1647}]",5.677,"2025-08-05T08:47:49.907159Z"
6458,"1","2025-08-05T08:47:54.182538Z",8754,"https://iiif.irht.cnrs.fr/iiif/ark:/63955/vamc2lbq093r/full/1200,/0/default.jpg","[{""x"":0.014999999999998348,""y"":0.060000000000004494,""width"":99.91,""height"":64.86,""rotation"":0,""rectanglelabels"":[""AF""],""original_width"":1200,""original_height"":1570},{""x"":-0.0050000000000050004,""y"":64.765,""width"":99.95,""height"":33.87,""rotation"":0,""rectanglelabels"":[""AI""],""original_width"":1200,""original_height"":1570}]",3.112,"2025-08-05T08:47:54.182538Z"
6459,"1","2025-08-05T08:48:00.030025Z",8755,"https://iiif.irht.cnrs.fr/iiif/ark:/63955/vqq9566sdlj7/full/1200,/0/default.jpg","[{""x"":0.030000000000002247,""y"":0.32499999999999196,""width"":99.83999999999999,""height"":99.45,""rotation"":0,""rectanglelabels"":[""AF""],""original_width"":1200,""original_height"":1647}]",3.16,"2025-08-05T08:48:00.030025Z"
6460,"1","2025-08-05T08:48:06.440615Z",8756,"https://iiif.irht.cnrs.fr/iiif/ark:/63955/vkdldu1tdg30/full/1200,/0/default.jpg","[{""x"":0.009999999999998899,""y"":0.31500000000000417,""width"":99.96000000000001,""height"":99.13,""rotation"":0,""rectanglelabels"":[""AC""],""original_width"":1200,""original_height"":1570}]",4.167,"2025-08-05T08:48:06.440615Z"
3725,"1","2025-07-21T12:07:03.739789Z",8757,"https://iiif.irht.cnrs.fr/iiif/ark:/63955/vf0ejb36vbd5/full/1200,/0/default.jpg","[{""x"":0.14500000000000068,""y"":7.736380753138074,""width"":97.86580660158067,""height"":78.60419804741991,""rotation"":0,""rectanglelabels"":[""AC""],""original_width"":1200,""original_height"":1552}]",13.347999999999999,"2025-07-21T12:07:09.566131Z"
6461,"1","2025-08-05T08:48:25.754395Z",8758,"https://iiif.irht.cnrs.fr/iiif/ark:/63955/vt5l4wmd0e4r/full/1200,/0/default.jpg","[{""x"":0.050000000000000044,""y"":0.07500000000000284,""width"":99.86,""height"":75.25,""rotation"":0,""rectanglelabels"":[""AC""],""original_width"":1200,""original_height"":1636},{""x"":0,""y"":75.65,""width"":99.8,""height"":24.26,""rotation"":0,""rectanglelabels"":[""AI""],""original_width"":1200,""original_height"":1636}]",4.285,"2025-08-05T08:48:25.754395Z"
6462,"1","2025-08-05T08:48:31.154953Z",8759,"https://iiif.irht.cnrs.fr/iiif/ark:/63955/vn9xt2bfmizz/full/1200,/0/default.jpg","[{""x"":0.014999999999998348,""y"":0.13500000000000179,""width"":99.87,""height"":99.49,""rotation"":0,""rectanglelabels"":[""AM""],""original_width"":1200,""original_height"":1570}]",3.999,"2025-08-05T08:48:31.154953Z"
3706,"1","2025-07-21T09:20:29.186123Z",8760,"https://iiif.irht.cnrs.fr/iiif/ark:/63955/v4cu568m98gf/full/1200,/0/default.jpg","[{""x"":5.351224899598388,""y"":0.10000000000000012,""width"":94.49377510040163,""height"":38.1742168674699,""rotation"":0,""rectanglelabels"":[""AF""],""original_width"":1200,""original_height"":1636}]",7.1,"2025-07-21T09:20:29.186123Z"
3707,"1","2025-07-21T09:20:41.170854Z",8761,"https://iiif.irht.cnrs.fr/iiif/ark:/63955/vulchzcv33ic/full/1200,/0/default.jpg","[{""x"":0.09499999999999509,""y"":74.9,""width"":99.89,""height"":23.419999999999998,""rotation"":0,""rectanglelabels"":[""AI""],""original_width"":1200,""original_height"":1570},{""x"":0.0049999999999994285,""y"":10.145481927710847,""width"":99.99499999999999,""height"":64.92951807228914,""rotation"":0,""rectanglelabels"":[""AC""],""original_width"":1200,""original_height"":1570}]",5.758,"2025-07-21T09:20:41.170854Z"
6463,"1","2025-08-05T08:48:45.571995Z",8762,"https://iiif.irht.cnrs.fr/iiif/ark:/63955/v1cfcr1vr0z3/full/1200,/0/default.jpg","[{""x"":0.08500000000000174,""y"":0.020000000000000573,""width"":99.79,""height"":47.44,""rotation"":0,""rectanglelabels"":[""AF""],""original_width"":1200,""original_height"":1636},{""x"":0.050000000000000044,""y"":47.195,""width"":99.82,""height"":50.79,""rotation"":0,""rectanglelabels"":[""AC""],""original_width"":1200,""original_height"":1636}]",3.614,"2025-08-05T08:48:45.571995Z"
3726,"1","2025-07-21T12:08:41.248983Z",8763,"https://iiif.irht.cnrs.fr/iiif/ark:/63955/vv5a3skc8z6u/full/1200,/0/default.jpg","[{""x"":0.06999999999999784,""y"":64.1586003776518,""width"":99.88,""height"":33.836399622348196,""rotation"":0,""rectanglelabels"":[""AI""],""original_width"":1200,""original_height"":1570},{""x"":0,""y"":0.11000000000008993,""width"":99.94500000000008,""height"":64.14060084971646,""rotation"":0,""rectanglelabels"":[""AC""],""original_width"":1200,""original_height"":1570}]",19.096,"2025-07-21T12:08:41.248983Z"
6464,"1","2025-08-05T08:48:54.786521Z",8764,"https://iiif.irht.cnrs.fr/iiif/ark:/63955/vbotojws29te/full/1200,/0/default.jpg","[{""x"":0.08499999999999619,""y"":0.045000000000000595,""width"":99.77000000000001,""height"":58.01,""rotation"":0,""rectanglelabels"":[""AF""],""original_width"":1200,""original_height"":1636},{""x"":0.050000000000000044,""y"":57.92499999999999,""width"":99.8,""height"":39.69,""rotation"":0,""rectanglelabels"":[""AI""],""original_width"":1200,""original_height"":1636}]",3.824,"2025-08-05T08:48:54.786521Z"
6465,"1","2025-08-05T08:48:59.100731Z",8765,"https://iiif.irht.cnrs.fr/iiif/ark:/63955/vo66q1xr01m6/full/1200,/0/default.jpg","[{""x"":0.004999999999999449,""y"":0.035000000000001696,""width"":99.92999999999999,""height"":52.96999999999999,""rotation"":0,""rectanglelabels"":[""AF""],""original_width"":1200,""original_height"":1570},{""x"":0,""y"":67.06,""width"":100,""height"":30.740000000000002,""rotation"":0,""rectanglelabels"":[""AC""],""original_width"":1200,""original_height"":1570},{""x"":0,""y"":52.995000000000005,""width"":100,""height"":14.17,""rotation"":0,""rectanglelabels"":[""AC""],""original_width"":1200,""original_height"":1570}]",3.179,"2025-08-05T08:48:59.100731Z"
3727,"1","2025-07-21T12:09:09.315161Z",8766,"https://iiif.irht.cnrs.fr/iiif/ark:/63955/vbqyv27v817w/full/1200,/0/default.jpg","[{""x"":0,""y"":0.40999999999999925,""width"":99.8049999999999,""height"":66.30295676429564,""rotation"":0,""rectanglelabels"":[""AC""],""original_width"":1200,""original_height"":1636}]",8.875,"2025-07-21T12:09:09.315161Z"
6466,"1","2025-08-05T08:49:08.110386Z",8767,"https://iiif.irht.cnrs.fr/iiif/ark:/63955/vuvgroi1ixqo/full/1200,/0/default.jpg","[{""x"":0,""y"":0.08500000000000174,""width"":99.96000000000001,""height"":64.51,""rotation"":0,""rectanglelabels"":[""AC""],""original_width"":1200,""original_height"":1570},{""x"":0.05999999999999894,""y"":64.53500000000001,""width"":99.92,""height"":33.550000000000004,""rotation"":0,""rectanglelabels"":[""AI""],""original_width"":1200,""original_height"":1570}]",4.874,"2025-08-05T08:49:08.110386Z"
3708,"1","2025-07-21T09:21:16.511202Z",8768,"https://iiif.irht.cnrs.fr/iiif/ark:/63955/vfnpii4077la/full/1200,/0/default.jpg","[{""x"":0,""y"":0.050000000000000044,""width"":100,""height"":74.68,""rotation"":0,""rectanglelabels"":[""AC""],""original_width"":1200,""original_height"":1551},{""x"":0.17000000000000393,""y"":74.72192771084337,""width"":99.83000000000001,""height"":25.119999999999997,""rotation"":0,""rectanglelabels"":[""AI""],""original_width"":1200,""original_height"":1551}]",4.466,"2025-07-21T09:21:16.511202Z"
6467,"1","2025-08-05T08:49:16.243108Z",8769,"https://iiif.irht.cnrs.fr/iiif/ark:/63955/v3gp17q2txdj/full/1200,/0/default.jpg","[{""x"":0.09000000000000119,""y"":40.175000000000004,""width"":99.8,""height"":58.87,""rotation"":0,""rectanglelabels"":[""AI""],""original_width"":1200,""original_height"":1622},{""x"":0.07000000000000339,""y"":0,""width"":99.83999999999999,""height"":40.22,""rotation"":0,""rectanglelabels"":[""AF""],""original_width"":1200,""original_height"":1622}]",3.309,"2025-08-05T08:49:16.243108Z"
6468,"1","2025-08-05T08:49:23.243724Z",8770,"https://iiif.irht.cnrs.fr/iiif/ark:/63955/vv9l25u4crz8/full/1200,/0/default.jpg","[{""x"":0.019999999999997797,""y"":45.50000000000001,""width"":99.96000000000001,""height"":53.26,""rotation"":0,""rectanglelabels"":[""AI""],""original_width"":1200,""original_height"":1570},{""x"":0.004999999999999449,""y"":0.015000000000001124,""width"":99.87,""height"":45.51,""rotation"":0,""rectanglelabels"":[""AF""],""original_width"":1200,""original_height"":1570}]",5.21,"2025-08-05T08:49:23.243724Z"
6469,"1","2025-08-05T08:49:33.769156Z",8771,"https://iiif.irht.cnrs.fr/iiif/ark:/63955/v7qwqrenh2ry/full/1200,/0/default.jpg","[{""x"":0.06499999999999839,""y"":0.030000000000002247,""width"":99.92999999999999,""height"":74.62,""rotation"":0,""rectanglelabels"":[""AF""],""original_width"":1200,""original_height"":1628},{""x"":0.1250000000000029,""y"":74.45,""width"":99.87,""height"":23.86,""rotation"":0,""rectanglelabels"":[""AI""],""original_width"":1200,""original_height"":1628}]",5.115,"2025-08-05T08:49:33.769156Z"
6470,"1","2025-08-05T08:49:38.539841Z",8772,"https://iiif.irht.cnrs.fr/iiif/ark:/63955/vss5juzg8jbi/full/1200,/0/default.jpg","[{""x"":0.025000000000002798,""y"":0.14000000000000123,""width"":99.92999999999999,""height"":98.4,""rotation"":0,""rectanglelabels"":[""AF""],""original_width"":1200,""original_height"":1570}]",3.154,"2025-08-05T08:49:38.539841Z"
6471,"1","2025-08-05T08:49:59.816719Z",8773,"https://iiif.irht.cnrs.fr/iiif/ark:/63955/v4enzj0ri8y8/full/1200,/0/default.jpg","[{""x"":0.014999999999998348,""y"":0.045000000000000595,""width"":99.99,""height"":62.849999999999994,""rotation"":0,""rectanglelabels"":[""AC""],""original_width"":1200,""original_height"":1628},{""x"":0.019999999999997797,""y"":62.79,""width"":99.98,""height"":36.42,""rotation"":0,""rectanglelabels"":[""AI""],""original_width"":1200,""original_height"":1628}]",17.786,"2025-08-05T08:49:59.816719Z"
6472,"1","2025-08-05T08:50:02.975564Z",8774,"https://iiif.irht.cnrs.fr/iiif/ark:/63955/v5p0jcim4gfw/full/1200,/0/default.jpg","[{""x"":0.039999999999995595,""y"":51.44,""width"":99.96000000000001,""height"":46.48,""rotation"":0,""rectanglelabels"":[""AI""],""original_width"":1200,""original_height"":1570},{""x"":0.01000000000000445,""y"":0.024999999999997247,""width"":99.94,""height"":51.57000000000001,""rotation"":0,""rectanglelabels"":[""AF""],""original_width"":1200,""original_height"":1570}]",2.065,"2025-08-05T08:50:02.975564Z"
6473,"1","2025-08-05T08:50:08.324739Z",8775,"https://iiif.irht.cnrs.fr/iiif/ark:/63955/vmyrle04qi95/full/1200,/0/default.jpg","[{""x"":0.11500000000000399,""y"":0.050000000000000044,""width"":99.89,""height"":37.580000000000005,""rotation"":0,""rectanglelabels"":[""AF""],""original_width"":1200,""original_height"":1628},{""x"":0.05499999999999394,""y"":37.535000000000004,""width"":99.95,""height"":61.809999999999995,""rotation"":0,""rectanglelabels"":[""AI""],""original_width"":1200,""original_height"":1628}]",4.344,"2025-08-05T08:50:08.324739Z"
6474,"1","2025-08-05T08:50:17.902135Z",8776,"https://iiif.irht.cnrs.fr/iiif/ark:/63955/v69o606ezfjo/full/1200,/0/default.jpg","[{""x"":0.014999999999998348,""y"":0.08499999999999619,""width"":99.87,""height"":98.25,""rotation"":0,""rectanglelabels"":[""AM""],""original_width"":1200,""original_height"":1570}]",8.269,"2025-08-05T08:50:17.902135Z"
6475,"1","2025-08-05T08:50:29.935861Z",8777,"https://iiif.irht.cnrs.fr/iiif/ark:/63955/vg31zq5g5224/full/1200,/0/default.jpg","[{""x"":0.06499999999999839,""y"":21.85,""width"":99.92999999999999,""height"":46.5,""rotation"":0,""rectanglelabels"":[""AC""],""original_width"":1200,""original_height"":1628},{""x"":0.20000000000000018,""y"":68.30000000000001,""width"":99.78,""height"":29.54,""rotation"":0,""rectanglelabels"":[""AI""],""original_width"":1200,""original_height"":1628},{""x"":0.09999999999999454,""y"":0.03500000000000031,""width"":99.9,""height"":21.85,""rotation"":0,""rectanglelabels"":[""AF""],""original_width"":1200,""original_height"":1628}]",10.892,"2025-08-05T08:50:29.935861Z"
6476,"1","2025-08-05T08:50:40.917383Z",8778,"https://iiif.irht.cnrs.fr/iiif/ark:/63955/vuoius9d2ejc/full/1200,/0/default.jpg","[{""x"":0.040000000000001146,""y"":0.13000000000000234,""width"":99.92,""height"":99.02,""rotation"":0,""rectanglelabels"":[""AF""],""original_width"":1200,""original_height"":1570}]",7.373,"2025-08-05T08:50:40.917383Z"
6477,"1","2025-08-05T08:50:47.360279Z",8779,"https://iiif.irht.cnrs.fr/iiif/ark:/63955/vurl9hbvvkbw/full/1200,/0/default.jpg","[{""x"":0.24000000000000132,""y"":0.11000000000000454,""width"":99.74,""height"":99.14,""rotation"":0,""rectanglelabels"":[""AF""],""original_width"":1200,""original_height"":1552}]",5.644,"2025-08-05T08:50:47.360279Z"
6478,"1","2025-08-05T08:50:52.161688Z",8780,"https://iiif.irht.cnrs.fr/iiif/ark:/63955/v2qc94boo04s/full/1200,/0/default.jpg","[{""x"":0.09999999999999454,""y"":0.11499999999999844,""width"":99.9,""height"":57.35,""rotation"":0,""rectanglelabels"":[""AC""],""original_width"":1200,""original_height"":1628},{""x"":0.05999999999999894,""y"":57.245000000000005,""width"":99.94,""height"":42.41,""rotation"":0,""rectanglelabels"":[""AI""],""original_width"":1200,""original_height"":1628}]",3.833,"2025-08-05T08:50:52.161688Z"
6479,"1","2025-08-05T08:50:54.532452Z",8781,"https://iiif.irht.cnrs.fr/iiif/ark:/63955/v14j7ko9mt3a/full/1200,/0/default.jpg","[{""x"":0.015000000000003899,""y"":30.014999999999997,""width"":99.92999999999999,""height"":68.87,""rotation"":0,""rectanglelabels"":[""AC""],""original_width"":1200,""original_height"":1570},{""x"":0,""y"":0.07000000000000062,""width"":99.92,""height"":30,""rotation"":0,""rectanglelabels"":[""AF""],""original_width"":1200,""original_height"":1570}]",1.499,"2025-08-05T08:50:54.532452Z"
6480,"1","2025-08-05T08:51:00.712304Z",8782,"https://iiif.irht.cnrs.fr/iiif/ark:/63955/vby3lb6zui2k/full/1200,/0/default.jpg","[{""x"":0.05999999999999894,""y"":0.09500000000000064,""width"":99.94,""height"":55.69,""rotation"":0,""rectanglelabels"":[""AC""],""original_width"":1200,""original_height"":1628},{""x"":0.16000000000000458,""y"":55.655,""width"":99.83999999999999,""height"":43.730000000000004,""rotation"":0,""rectanglelabels"":[""AI""],""original_width"":1200,""original_height"":1628}]",5.197,"2025-08-05T08:51:00.712304Z"
6481,"1","2025-08-05T08:51:06.474144Z",8783,"https://iiif.irht.cnrs.fr/iiif/ark:/63955/vvbp60e75789/full/1200,/0/default.jpg","[{""x"":0.050000000000000044,""y"":53.515,""width"":99.92,""height"":45.21,""rotation"":0,""rectanglelabels"":[""AI""],""original_width"":1200,""original_height"":1570},{""x"":0.004999999999999449,""y"":0.040000000000001146,""width"":99.91,""height"":53.64,""rotation"":0,""rectanglelabels"":[""AF""],""original_width"":1200,""original_height"":1570}]",3.492,"2025-08-05T08:51:06.474144Z"
6482,"1","2025-08-05T08:51:14.830426Z",8784,"https://iiif.irht.cnrs.fr/iiif/ark:/63955/vqgtfpg8tqjr/full/1200,/0/default.jpg","[{""x"":0.18000000000000238,""y"":33.495,""width"":99.82,""height"":65.51,""rotation"":0,""rectanglelabels"":[""AC""],""original_width"":1200,""original_height"":1628},{""x"":0.26499999999999857,""y"":0.2349999999999991,""width"":99.72999999999999,""height"":33.269999999999996,""rotation"":0,""rectanglelabels"":[""AF""],""original_width"":1200,""original_height"":1628}]",0.96,"2025-08-05T08:51:14.830426Z"
6483,"1","2025-08-05T08:51:18.818427Z",8785,"https://iiif.irht.cnrs.fr/iiif/ark:/63955/vu5314yj6jei/full/1200,/0/default.jpg","[{""x"":0.0199999999999978,""y"":0.45499999999999985,""width"":99.90000000000002,""height"":98.72999999999999,""rotation"":0,""rectanglelabels"":[""AI""],""original_width"":1200,""original_height"":1570}]",11.201,"2025-08-05T08:51:18.818427Z"
3729,"1","2025-07-21T12:20:31.820618Z",8786,"https://iiif.irht.cnrs.fr/iiif/ark:/63955/v8lintnu1wki/full/1200,/0/default.jpg","[{""x"":0,""y"":20.897261761158028,""width"":99.99999999999994,""height"":78.69273823884198,""rotation"":0,""rectanglelabels"":[""AC""],""original_width"":1200,""original_height"":1628},{""x"":1.3092078809811016,""y"":0,""width"":98.6907921190189,""height"":20.98914354644149,""rotation"":0,""rectanglelabels"":[""AF""],""original_width"":1200,""original_height"":1628}]",26.952999999999996,"2025-07-21T12:20:31.820618Z"
6484,"1","2025-08-05T08:51:26.410121Z",8787,"https://iiif.irht.cnrs.fr/iiif/ark:/63955/vqz7671xrtrw/full/1200,/0/default.jpg","[{""x"":0,""y"":0.27000000000000357,""width"":100,""height"":99.32,""rotation"":0,""rectanglelabels"":[""AC""],""original_width"":1200,""original_height"":1570}]",3.175,"2025-08-05T08:51:26.410121Z"
3728,"1","2025-07-21T12:18:48.812205Z",8788,"https://iiif.irht.cnrs.fr/iiif/ark:/63955/vwt1uc7drpmd/full/1200,/0/default.jpg","[{""x"":0,""y"":0.27000000000000357,""width"":100,""height"":99.32,""rotation"":0,""rectanglelabels"":[""AI""],""original_width"":1200,""original_height"":1628}]",20.481,"2025-07-21T12:18:48.812205Z"
6485,"1","2025-08-05T08:51:38.814045Z",8789,"https://iiif.irht.cnrs.fr/iiif/ark:/63955/v896v38soqio/full/1200,/0/default.jpg","[{""x"":0.035000000000001696,""y"":0.19499999999999518,""width"":99.89,""height"":99.25,""rotation"":0,""rectanglelabels"":[""AM""],""original_width"":1200,""original_height"":1570}]",0.904,"2025-08-05T08:51:38.814045Z"
6486,"1","2025-08-05T08:51:43.810553Z",8790,"https://iiif.irht.cnrs.fr/iiif/ark:/63955/vzu7202ee8t2/full/1200,/0/default.jpg","[{""x"":0.06500000000000394,""y"":0.13000000000000234,""width"":99.83,""height"":99.42,""rotation"":0,""rectanglelabels"":[""AI""],""original_width"":1200,""original_height"":1551}]",4.096,"2025-08-05T08:51:43.810553Z"
6487,"1","2025-08-05T08:51:48.015061Z",8791,"https://iiif.irht.cnrs.fr/iiif/ark:/63955/vypvzmnseko7/full/1200,/0/default.jpg","[{""x"":0.4999999999999949,""y"":0.22999999999999687,""width"":99.5,""height"":99.58,""rotation"":0,""rectanglelabels"":[""AM""],""original_width"":1200,""original_height"":1617}]",3.288,"2025-08-05T08:51:48.015061Z"
3709,"1","2025-07-21T09:23:49.874217Z",8792,"https://iiif.irht.cnrs.fr/iiif/ark:/63955/vljktwbjiprs/full/1200,/0/default.jpg","[{""x"":0.009999999999998899,""y"":0.040000000000001146,""width"":99.9,""height"":74.58,""rotation"":0,""rectanglelabels"":[""AF""],""original_width"":1200,""original_height"":1570},{""x"":0.09499999999999621,""y"":74.47144578313252,""width"":99.89,""height"":25.240000000000002,""rotation"":0,""rectanglelabels"":[""AI""],""original_width"":1200,""original_height"":1570}]",3.186,"2025-07-21T09:23:49.874217Z"
6488,"1","2025-08-05T08:51:56.392956Z",8793,"https://iiif.irht.cnrs.fr/iiif/ark:/63955/vvnw3gkuy9so/full/1200,/0/default.jpg","[{""x"":0.4799999999999971,""y"":0.7550000000000057,""width"":99.52,""height"":98.83,""rotation"":0,""rectanglelabels"":[""AM""],""original_width"":1200,""original_height"":1617}]",3.208,"2025-08-05T08:51:56.392956Z"
6489,"1","2025-08-05T08:52:00.344501Z",8794,"https://iiif.irht.cnrs.fr/iiif/ark:/63955/v5raskod9vys/full/1200,/0/default.jpg","[{""x"":0.029999999999996696,""y"":0.15999999999999903,""width"":99.86,""height"":99.46000000000001,""rotation"":0,""rectanglelabels"":[""AM""],""original_width"":1200,""original_height"":1570}]",2.816,"2025-08-05T08:52:00.344501Z"
6490,"1","2025-08-05T08:52:04.409525Z",8795,"https://iiif.irht.cnrs.fr/iiif/ark:/63955/vgrprb8g20cq/full/1200,/0/default.jpg","[{""x"":3.1499999999999972,""y"":0.26499999999999857,""width"":96.82,""height"":99.19,""rotation"":0,""rectanglelabels"":[""AM""],""original_width"":1200,""original_height"":1603}]",3.068,"2025-08-05T08:52:04.409525Z"
6491,"1","2025-08-05T08:52:10.054192Z",8796,"https://iiif.irht.cnrs.fr/iiif/ark:/63955/vwg6ha5q2tvt/full/1200,/0/default.jpg","[{""x"":-0.0050000000000050004,""y"":0.045000000000000595,""width"":99.95,""height"":60.23,""rotation"":0,""rectanglelabels"":[""AF""],""original_width"":1200,""original_height"":1612},{""x"":0,""y"":60.01499999999999,""width"":99.78,""height"":39.87,""rotation"":0,""rectanglelabels"":[""AI""],""original_width"":1200,""original_height"":1612}]",2.951,"2025-08-05T08:52:10.054192Z"
6492,"1","2025-08-05T08:52:14.058503Z",8797,"https://iiif.irht.cnrs.fr/iiif/ark:/63955/v3oes1nn0g4r/full/1200,/0/default.jpg","[{""x"":1.924999999999999,""y"":56.545,""width"":98.03,""height"":43.21,""rotation"":0,""rectanglelabels"":[""AI""],""original_width"":1200,""original_height"":1603},{""x"":2.114999999999995,""y"":0.060000000000004494,""width"":97.45,""height"":56.8,""rotation"":0,""rectanglelabels"":[""AF""],""original_width"":1200,""original_height"":1603}]",2.944,"2025-08-05T08:52:14.058503Z"
6493,"1","2025-08-05T08:52:18.455374Z",8798,"https://iiif.irht.cnrs.fr/iiif/ark:/63955/v5v3ec5eovb4/full/1200,/0/default.jpg","[{""x"":0,""y"":0.24000000000000687,""width"":99.78,""height"":99.64,""rotation"":0,""rectanglelabels"":[""AM""],""original_width"":1200,""original_height"":1578}]",3.138,"2025-08-05T08:52:18.455374Z"
3730,"1","2025-07-21T12:23:24.260980Z",8799,"https://iiif.irht.cnrs.fr/iiif/ark:/63955/v1te6khzgb34/full/1200,/0/default.jpg","[{""x"":0.00499999999999943,""y"":29.480000000000008,""width"":99.79,""height"":69.80000000000001,""rotation"":0,""rectanglelabels"":[""AI""],""original_width"":1200,""original_height"":1667},{""x"":-0.004999999999999449,""y"":0.009999999999998899,""width"":99.79,""height"":29.439999999999998,""rotation"":0,""rectanglelabels"":[""AF""],""original_width"":1200,""original_height"":1667}]",17.594,"2025-07-21T12:23:24.260980Z"
6494,"1","2025-08-05T08:52:27.315653Z",8800,"https://iiif.irht.cnrs.fr/iiif/ark:/63955/vpv6dj6tnyzj/full/1200,/0/default.jpg","[{""x"":0,""y"":0.07500000000000007,""width"":99.83999999999999,""height"":37.05,""rotation"":0,""rectanglelabels"":[""AF""],""original_width"":1200,""original_height"":1578},{""x"":0,""y"":37.004999999999995,""width"":99.82,""height"":62.77,""rotation"":0,""rectanglelabels"":[""AI""],""original_width"":1200,""original_height"":1578}]",2.89,"2025-08-05T08:52:27.315653Z"
6495,"1","2025-08-05T08:52:31.130920Z",8801,"https://iiif.irht.cnrs.fr/iiif/ark:/63955/vk7b9b3697e6/full/1200,/0/default.jpg","[{""x"":0.11500000000000399,""y"":0.009999999999998899,""width"":99.89,""height"":99.88,""rotation"":0,""rectanglelabels"":[""Table""],""original_width"":1200,""original_height"":1556}]",2.546,"2025-08-05T08:52:31.130920Z"
6496,"1","2025-08-05T08:52:35.715905Z",8802,"https://iiif.irht.cnrs.fr/iiif/ark:/63955/vxcl1ds9y24q/full/1200,/0/default.jpg","[{""x"":0,""y"":0.040000000000001146,""width"":99.9,""height"":26.88,""rotation"":0,""rectanglelabels"":[""AF""],""original_width"":1200,""original_height"":1552},{""x"":0.23999999999999577,""y"":26.920000000000005,""width"":99.76,""height"":71.5,""rotation"":0,""rectanglelabels"":[""AC""],""original_width"":1200,""original_height"":1552}]",3.606,"2025-08-05T08:52:35.715905Z"
3731,"1","2025-07-21T12:24:17.484291Z",8803,"https://iiif.irht.cnrs.fr/iiif/ark:/63955/v1dv7sk34p5x/full/1200,/0/default.jpg","[{""x"":0,""y"":45.05271411338964,""width"":99.80499999999992,""height"":54.067285886610414,""rotation"":0,""rectanglelabels"":[""AI""],""original_width"":1200,""original_height"":1667},{""x"":0,""y"":0,""width"":100,""height"":45.10052247271749,""rotation"":0,""rectanglelabels"":[""AF""],""original_width"":1200,""original_height"":1667}]",33.153,"2025-07-21T12:24:17.484291Z"
6497,"1","2025-08-05T08:52:49.603500Z",8804,"https://iiif.irht.cnrs.fr/iiif/ark:/63955/v4bhlbywf3la/full/1200,/0/default.jpg","[{""x"":-0.004999999999999449,""y"":0.30000000000000027,""width"":99.81,""height"":98.82,""rotation"":0,""rectanglelabels"":[""AI""],""original_width"":1200,""original_height"":1578}]",4.779,"2025-08-05T08:52:49.603500Z"
3710,"1","2025-07-21T09:29:34.870676Z",8805,"https://iiif.irht.cnrs.fr/iiif/ark:/63955/v9yugshfs0h5/full/1200,/0/default.jpg","[{""x"":0.06500000000000394,""y"":0.010000000000001674,""width"":99.83,""height"":37.92,""rotation"":0,""rectanglelabels"":[""AF""],""original_width"":1200,""original_height"":1658},{""x"":0.09500000000000064,""y"":37.92,""width"":99.83,""height"":60.419999999999995,""rotation"":0,""rectanglelabels"":[""AI""],""original_width"":1200,""original_height"":1658}]",2.549,"2025-07-21T09:29:34.870676Z"
6498,"1","2025-08-05T08:53:02.135435Z",8806,"https://iiif.irht.cnrs.fr/iiif/ark:/63955/vwoygs26x0a9/full/1200,/0/default.jpg","[{""x"":0.004999999999999449,""y"":0.045000000000000595,""width"":99.87,""height"":39.07,""rotation"":0,""rectanglelabels"":[""AF""],""original_width"":1200,""original_height"":1566},{""x"":0.045000000000000595,""y"":39.044999999999995,""width"":99.81,""height"":60.69,""rotation"":0,""rectanglelabels"":[""AI""],""original_width"":1200,""original_height"":1566}]",3.921,"2025-08-05T08:53:02.135435Z"
3711,"1","2025-07-21T09:29:52.609931Z",8807,"https://iiif.irht.cnrs.fr/iiif/ark:/63955/vivlgr0jdbtc/full/1200,/0/default.jpg","[{""x"":0.0649999999999984,""y"":31.516589958158995,""width"":99.81,""height"":43.508410041841,""rotation"":0,""rectanglelabels"":[""AC""],""original_width"":1200,""original_height"":1658},{""x"":0.11999999999999793,""y"":0.07500000000000005,""width"":99.79999999999995,""height"":31.471589958158997,""rotation"":0,""rectanglelabels"":[""AF""],""original_width"":1200,""original_height"":1658},{""x"":0.11499999999999844,""y"":75.005,""width"":99.79,""height"":22.59,""rotation"":0,""rectanglelabels"":[""AI""],""original_width"":1200,""original_height"":1658}]",12.086,"2025-07-21T09:29:52.609931Z"
6499,"1","2025-08-05T08:53:19.325979Z",8808,"https://iiif.irht.cnrs.fr/iiif/ark:/63955/v5a5mpxn63jv/full/1200,/0/default.jpg","[{""x"":0.050000000000000044,""y"":0.07999999999999674,""width"":99.88,""height"":75.88000000000001,""rotation"":0,""rectanglelabels"":[""AF""],""original_width"":1200,""original_height"":1566},{""x"":0,""y"":75.995,""width"":99.98,""height"":23.97,""rotation"":0,""rectanglelabels"":[""AI""],""original_width"":1200,""original_height"":1566}]",4.296,"2025-08-05T08:53:19.325979Z"
6299,"1","2025-08-05T08:28:03.177870Z",8809,"https://iiif.irht.cnrs.fr/iiif/ark:/63955/v10n46k4gunc/full/1200,/0/default.jpg","[{""x"":0.12499999999999734,""y"":0.17000000000000348,""width"":99.79,""height"":98.83999999999999,""rotation"":0,""rectanglelabels"":[""AM""],""original_width"":1200,""original_height"":1658}]",5.355,"2025-08-05T08:28:03.177870Z"
6500,"1","2025-08-05T08:53:25.345415Z",8810,"https://iiif.irht.cnrs.fr/iiif/ark:/63955/vf34fniqhuvr/full/1200,/0/default.jpg","[{""x"":0.035000000000001696,""y"":0.20499999999999408,""width"":99.79,""height"":99.69,""rotation"":0,""rectanglelabels"":[""AM""],""original_width"":1200,""original_height"":1566}]",3.566,"2025-08-05T08:53:25.345415Z"
6501,"1","2025-08-05T08:53:29.444512Z",8811,"https://iiif.irht.cnrs.fr/iiif/ark:/63955/vzihx5o0pj2p/full/1200,/0/default.jpg","[{""x"":0.054999999999999494,""y"":0.16499999999999848,""width"":99.81,""height"":98.77,""rotation"":0,""rectanglelabels"":[""AM""],""original_width"":1200,""original_height"":1650}]",3.103,"2025-08-05T08:53:29.444512Z"
6502,"1","2025-08-05T08:53:34.544773Z",8812,"https://iiif.irht.cnrs.fr/iiif/ark:/63955/v76wsbdmyp22/full/1200,/0/default.jpg","[{""x"":0.009999999999998899,""y"":0.14500000000000068,""width"":99.9,""height"":99.67,""rotation"":0,""rectanglelabels"":[""AF""],""original_width"":1200,""original_height"":1566}]",3.919,"2025-08-05T08:53:34.544773Z"
6503,"1","2025-08-05T08:53:50.813160Z",8813,"https://iiif.irht.cnrs.fr/iiif/ark:/63955/vod7z83kkzje/full/1200,/0/default.jpg","[{""x"":0.040000000000001146,""y"":0.06499999999999839,""width"":99.92,""height"":64.19,""rotation"":0,""rectanglelabels"":[""AC""],""original_width"":1200,""original_height"":1551},{""x"":0.09999999999999454,""y"":64.215,""width"":99.9,""height"":35.55,""rotation"":0,""rectanglelabels"":[""AI""],""original_width"":1200,""original_height"":1551}]",4.373,"2025-08-05T08:53:50.813160Z"
6504,"1","2025-08-05T08:54:38.302031Z",8814,"https://iiif.irht.cnrs.fr/iiif/ark:/63955/vthpc8763y6l/full/1200,/0/default.jpg","[{""x"":0.054999999999999494,""y"":0.060000000000004494,""width"":99.87,""height"":59.019999999999996,""rotation"":0,""rectanglelabels"":[""AC""],""original_width"":1200,""original_height"":1650},{""x"":0.10499999999999954,""y"":59.02499999999999,""width"":99.75,""height"":38.629999999999995,""rotation"":0,""rectanglelabels"":[""AI""],""original_width"":1200,""original_height"":1650}]",1.607,"2025-08-05T08:54:38.302031Z"
6505,"1","2025-08-05T08:54:43.959349Z",8815,"https://iiif.irht.cnrs.fr/iiif/ark:/63955/vf4r34gn66vd/full/1200,/0/default.jpg","[{""x"":0.040000000000001146,""y"":62.540000000000006,""width"":99.94,""height"":37.36,""rotation"":0,""rectanglelabels"":[""AI""],""original_width"":1200,""original_height"":1566},{""x"":0.029999999999996696,""y"":0.025000000000002798,""width"":99.88,""height"":62.55,""rotation"":0,""rectanglelabels"":[""AF""],""original_width"":1200,""original_height"":1566}]",3.456,"2025-08-05T08:54:43.959349Z"
3732,"1","2025-07-21T12:27:00.570622Z",8816,"https://iiif.irht.cnrs.fr/iiif/ark:/63955/v2opfbo4dqyu/full/1200,/0/default.jpg","[{""x"":0.06999999999999784,""y"":0.03000000000000224,""width"":99.80000000000001,""height"":66.5356091676719,""rotation"":0,""rectanglelabels"":[""AF""],""original_width"":1200,""original_height"":1650},{""x"":2.283389936050533e-15,""y"":66.72437273823884,""width"":99.77999999999996,""height"":31.092509047044604,""rotation"":0,""rectanglelabels"":[""AI""],""original_width"":1200,""original_height"":1650}]",13.108,"2025-07-21T12:27:00.570622Z"
6506,"1","2025-08-05T08:54:49.026501Z",8817,"https://iiif.irht.cnrs.fr/iiif/ark:/63955/vga2nh6mos2s/full/1200,/0/default.jpg","[{""x"":0.040000000000001146,""y"":59.85499999999999,""width"":99.92,""height"":40.050000000000004,""rotation"":0,""rectanglelabels"":[""AI""],""original_width"":1200,""original_height"":1566},{""x"":0.014999999999998348,""y"":0.06499999999999839,""width"":99.85000000000001,""height"":59.89,""rotation"":0,""rectanglelabels"":[""AF""],""original_width"":1200,""original_height"":1566}]",3.03,"2025-08-05T08:54:49.026501Z"
6507,"1","2025-08-05T08:54:53.042992Z",8818,"https://iiif.irht.cnrs.fr/iiif/ark:/63955/vj6x0t46ph8e/full/1200,/0/default.jpg","[{""x"":0.02000000000000335,""y"":0.15499999999999958,""width"":99.83999999999999,""height"":98.53,""rotation"":0,""rectanglelabels"":[""AF""],""original_width"":1200,""original_height"":1650}]",2.868,"2025-08-05T08:54:53.042992Z"
6508,"1","2025-08-05T08:54:57.372700Z",8819,"https://iiif.irht.cnrs.fr/iiif/ark:/63955/v7opvs2mrx32/full/1200,/0/default.jpg","[{""x"":0,""y"":0.054999999999999494,""width"":99.92,""height"":76.61,""rotation"":0,""rectanglelabels"":[""AC""],""original_width"":1200,""original_height"":1566},{""x"":0.060000000000004494,""y"":76.95,""width"":99.83999999999999,""height"":22.68,""rotation"":0,""rectanglelabels"":[""AI""],""original_width"":1200,""original_height"":1566}]",3.396,"2025-08-05T08:54:57.372700Z"
6297,"1","2025-08-05T08:27:51.758743Z",8820,"https://iiif.irht.cnrs.fr/iiif/ark:/63955/v0qk7d8zf1jl/full/1200,/0/default.jpg","[{""x"":0.045000000000000595,""y"":0.19000000000000128,""width"":99.81,""height"":98,""rotation"":0,""rectanglelabels"":[""AF""],""original_width"":1200,""original_height"":1650}]",1.211,"2025-08-05T08:27:51.758743Z"
6509,"1","2025-08-05T08:55:03.820157Z",8821,"https://iiif.irht.cnrs.fr/iiif/ark:/63955/vyjf2q4kzjsn/full/1200,/0/default.jpg","[{""x"":0.004999999999999449,""y"":0.3200000000000036,""width"":99.87,""height"":99.33999999999999,""rotation"":0,""rectanglelabels"":[""AI""],""original_width"":1200,""original_height"":1566}]",4.17,"2025-08-05T08:55:03.820157Z"
6510,"1","2025-08-05T08:55:11.994003Z",8822,"https://iiif.irht.cnrs.fr/iiif/ark:/63955/v8ngba88da94/full/1200,/0/default.jpg","[{""x"":0.06499999999999839,""y"":58.06,""width"":99.79,""height"":39.58,""rotation"":0,""rectanglelabels"":[""AI""],""original_width"":1200,""original_height"":1650},{""x"":0.05999999999999894,""y"":0.07500000000000284,""width"":99.8,""height"":58.07,""rotation"":0,""rectanglelabels"":[""AF""],""original_width"":1200,""original_height"":1650}]",4.234,"2025-08-05T08:55:11.994003Z"
6511,"1","2025-08-05T08:55:29.243504Z",8823,"https://iiif.irht.cnrs.fr/iiif/ark:/63955/vvgh4gw5zh4j/full/1200,/0/default.jpg","[{""x"":0.014999999999998348,""y"":0.17499999999999738,""width"":99.81,""height"":99.55000000000001,""rotation"":0,""rectanglelabels"":[""AM""],""original_width"":1200,""original_height"":1566}]",2.455,"2025-08-05T08:55:29.243504Z"
6512,"1","2025-08-05T08:56:01.552949Z",8824,"https://iiif.irht.cnrs.fr/iiif/ark:/63955/v6lf8zugswe5/full/1200,/0/default.jpg","[{""x"":0.11999999999999789,""y"":43.38,""width"":99.8,""height"":54.50000000000001,""rotation"":0,""rectanglelabels"":[""AI""],""original_width"":1200,""original_height"":1552},{""x"":0.05999999999999894,""y"":0.019999999999997797,""width"":99.82,""height"":43.38,""rotation"":0,""rectanglelabels"":[""AF""],""original_width"":1200,""original_height"":1552}]",30.689,"2025-08-05T08:56:01.552949Z"
6513,"1","2025-08-05T08:56:23.585062Z",8825,"https://iiif.irht.cnrs.fr/iiif/ark:/63955/vw691r9kjwt7/full/1200,/0/default.jpg","[{""x"":0.07499999999999729,""y"":0.23000000000000242,""width"":99.79,""height"":51.559999999999995,""rotation"":0,""rectanglelabels"":[""AF""],""original_width"":1200,""original_height"":1633},{""x"":0.07500000000000284,""y"":51.739999999999995,""width"":99.72999999999999,""height"":45.739999999999995,""rotation"":0,""rectanglelabels"":[""AI""],""original_width"":1200,""original_height"":1633}]",0.958,"2025-08-05T08:56:23.585062Z"
3712,"1","2025-07-21T09:39:53.942982Z",8826,"https://iiif.irht.cnrs.fr/iiif/ark:/63955/vd4hlduwmzs2/full/1200,/0/default.jpg","[{""x"":0,""y"":0.06499999999999839,""width"":99.82,""height"":59.85,""rotation"":0,""rectanglelabels"":[""AF""],""original_width"":1200,""original_height"":1566},{""x"":0,""y"":59.557350069735016,""width"":99.94,""height"":40.442649930265,""rotation"":0,""rectanglelabels"":[""AI""],""original_width"":1200,""original_height"":1566}]",7.484,"2025-07-21T09:39:53.942982Z"
6514,"1","2025-08-05T08:56:37.443003Z",8827,"https://iiif.irht.cnrs.fr/iiif/ark:/63955/vgwic1iu51qc/full/1200,/0/default.jpg","[{""x"":0.07500000000000284,""y"":51.05,""width"":99.81,""height"":47.46,""rotation"":0,""rectanglelabels"":[""AI""],""original_width"":1200,""original_height"":1633},{""x"":0.08000000000000229,""y"":0.11000000000000454,""width"":99.8,""height"":50.94,""rotation"":0,""rectanglelabels"":[""AF""],""original_width"":1200,""original_height"":1633}]",2.729,"2025-08-05T08:56:37.443003Z"
6515,"1","2025-08-05T08:56:40.646876Z",8828,"https://iiif.irht.cnrs.fr/iiif/ark:/63955/vbs3ldni6uva/full/1200,/0/default.jpg","[{""x"":0,""y"":33.629999999999995,""width"":99.82,""height"":64.8,""rotation"":0,""rectanglelabels"":[""AI""],""original_width"":1200,""original_height"":1553},{""x"":0.004999999999999449,""y"":0.10000000000000009,""width"":99.87,""height"":33.6,""rotation"":0,""rectanglelabels"":[""AF""],""original_width"":1200,""original_height"":1553}]",1.877,"2025-08-05T08:56:40.646876Z"
6516,"1","2025-08-05T08:56:44.303745Z",8829,"https://iiif.irht.cnrs.fr/iiif/ark:/63955/vchn6e966cm2/full/1200,/0/default.jpg","[{""x"":0.004999999999999449,""y"":33.31000000000001,""width"":99.67,""height"":34.94,""rotation"":0,""rectanglelabels"":[""AC""],""original_width"":1200,""original_height"":1625},{""x"":0.004999999999999449,""y"":68.21,""width"":99.83,""height"":31,""rotation"":0,""rectanglelabels"":[""AI""],""original_width"":1200,""original_height"":1625},{""x"":0,""y"":0.23000000000000242,""width"":99.86,""height"":33.14,""rotation"":0,""rectanglelabels"":[""AF""],""original_width"":1200,""original_height"":1625}]",2.158,"2025-08-05T08:56:44.303745Z"
6517,"1","2025-08-05T08:57:10.699273Z",8830,"https://iiif.irht.cnrs.fr/iiif/ark:/63955/vvy4et9gkmrc/full/1200,/0/default.jpg","[{""x"":0,""y"":0.18999999999999573,""width"":99.8,""height"":98.14,""rotation"":0,""rectanglelabels"":[""AM""],""original_width"":1200,""original_height"":1553}]",4.577,"2025-08-05T08:57:10.699273Z"
6518,"1","2025-08-05T08:57:15.813878Z",8831,"https://iiif.irht.cnrs.fr/iiif/ark:/63955/vpcpdvv7q6j7/full/1200,/0/default.jpg","[{""x"":0.019999999999997797,""y"":0.6949999999999956,""width"":99.96000000000001,""height"":99.07000000000001,""rotation"":0,""rectanglelabels"":[""AM""],""original_width"":1200,""original_height"":1627}]",2.957,"2025-08-05T08:57:15.813878Z"
6519,"1","2025-08-05T08:57:19.744760Z",8832,"https://iiif.irht.cnrs.fr/iiif/ark:/63955/vtqm3wsgiuch/full/1200,/0/default.jpg","[{""x"":0.004999999999999449,""y"":0.09000000000000119,""width"":99.81,""height"":99.38,""rotation"":0,""rectanglelabels"":[""AM""],""original_width"":1200,""original_height"":1553}]",2.937,"2025-08-05T08:57:19.744760Z"
6520,"1","2025-08-05T08:57:23.424242Z",8833,"https://iiif.irht.cnrs.fr/iiif/ark:/63955/vyqa86uuy7kb/full/1200,/0/default.jpg","[{""x"":0.030000000000002247,""y"":0.31999999999999806,""width"":99.94,""height"":99.4,""rotation"":0,""rectanglelabels"":[""AM""],""original_width"":1200,""original_height"":1627}]",2.644,"2025-08-05T08:57:23.424242Z"
6521,"1","2025-08-05T08:57:26.969724Z",8834,"https://iiif.irht.cnrs.fr/iiif/ark:/63955/vxx6s5xzo5sf/full/1200,/0/default.jpg","[{""x"":-0.004999999999999449,""y"":0.07000000000000062,""width"":99.83,""height"":20.54,""rotation"":0,""rectanglelabels"":[""AF""],""original_width"":1200,""original_height"":1553},{""x"":0.004999999999999449,""y"":20.57,""width"":99.91,""height"":78.25999999999999,""rotation"":0,""rectanglelabels"":[""AI""],""original_width"":1200,""original_height"":1553}]",2.1,"2025-08-05T08:57:26.969724Z"
6522,"1","2025-08-05T08:57:32.301320Z",8835,"https://iiif.irht.cnrs.fr/iiif/ark:/63955/vigiaphdt726/full/1200,/0/default.jpg","[{""x"":0.08500000000000174,""y"":76.91,""width"":99.83,""height"":22.66,""rotation"":0,""rectanglelabels"":[""AI""],""original_width"":1200,""original_height"":1551},{""x"":0.024999999999997247,""y"":0.029999999999996696,""width"":99.89,""height"":77,""rotation"":0,""rectanglelabels"":[""AF""],""original_width"":1200,""original_height"":1551}]",3.073,"2025-08-05T08:57:32.301320Z"
6523,"1","2025-08-05T08:57:35.350052Z",8836,"https://iiif.irht.cnrs.fr/iiif/ark:/63955/vrwcjdvepcdg/full/1200,/0/default.jpg","[{""x"":0.030000000000002247,""y"":48.99,""width"":99.94,""height"":50.38,""rotation"":0,""rectanglelabels"":[""AI""],""original_width"":1200,""original_height"":1627},{""x"":0.050000000000000044,""y"":0.24500000000000077,""width"":99.9,""height"":48.83,""rotation"":0,""rectanglelabels"":[""AF""],""original_width"":1200,""original_height"":1627}]",2.188,"2025-08-05T08:57:35.350052Z"
6524,"1","2025-08-05T08:58:11.946868Z",8837,"https://iiif.irht.cnrs.fr/iiif/ark:/63955/vnlnigmq0yny/full/1200,/0/default.jpg","[{""x"":-0.004999999999999449,""y"":0.020000000000000573,""width"":99.81,""height"":47.8,""rotation"":0,""rectanglelabels"":[""AF""],""original_width"":1200,""original_height"":1553},{""x"":0,""y"":47.695,""width"":99.98,""height"":50.19,""rotation"":0,""rectanglelabels"":[""AI""],""original_width"":1200,""original_height"":1553}]",35.548,"2025-08-05T08:58:11.946868Z"
6525,"1","2025-08-05T08:58:19.119853Z",8838,"https://iiif.irht.cnrs.fr/iiif/ark:/63955/v5f32es877z4/full/1200,/0/default.jpg","[{""x"":0.040000000000001146,""y"":1.7399999999999998,""width"":99.9,""height"":44.12,""rotation"":0,""rectanglelabels"":[""AF""],""original_width"":1200,""original_height"":1627},{""x"":0.004999999999999449,""y"":45.81000000000001,""width"":99.97,""height"":53.86,""rotation"":0,""rectanglelabels"":[""AC""],""original_width"":1200,""original_height"":1627}]",4.297,"2025-08-05T08:58:19.119853Z"
3713,"1","2025-07-21T09:43:31.546401Z",8839,"https://iiif.irht.cnrs.fr/iiif/ark:/63955/vjjhey6rbnfx/full/1200,/0/default.jpg","[{""x"":0.004999999999999449,""y"":0.12999999999999956,""width"":99.91,""height"":33.900000000000006,""rotation"":0,""rectanglelabels"":[""AC""],""original_width"":1200,""original_height"":1553},{""x"":0,""y"":38.29499999999997,""width"":99.88000000000001,""height"":40.747108433734965,""rotation"":0,""rectanglelabels"":[""AC""],""original_width"":1200,""original_height"":1553},{""x"":0.004999999999999449,""y"":79.26951807228916,""width"":99.92999999999999,""height"":20.6604819277108,""rotation"":0,""rectanglelabels"":[""AI""],""original_width"":1200,""original_height"":1553},{""x"":0.004999999999999449,""y"":34.15789156626508,""width"":99.92999999999999,""height"":4.34710843373494,""rotation"":0,""rectanglelabels"":[""AC""],""original_width"":1200,""original_height"":1553}]",16.549,"2025-07-21T09:43:31.546401Z"
6526,"1","2025-08-05T08:58:29.114716Z",8840,"https://iiif.irht.cnrs.fr/iiif/ark:/63955/vayewofvbd0r/full/1200,/0/default.jpg","[{""x"":0.045000000000000595,""y"":1.7099999999999949,""width"":99.92999999999999,""height"":98.08,""rotation"":0,""rectanglelabels"":[""AM""],""original_width"":1200,""original_height"":1627}]",2.212,"2025-08-05T08:58:29.114716Z"
6527,"1","2025-08-05T08:58:35.292168Z",8841,"https://iiif.irht.cnrs.fr/iiif/ark:/63955/vh269adhai0u/full/1200,/0/default.jpg","[{""x"":-0.004999999999999449,""y"":0.045000000000000595,""width"":99.81,""height"":45.83,""rotation"":0,""rectanglelabels"":[""AF""],""original_width"":1200,""original_height"":1553},{""x"":0,""y"":45.790000000000006,""width"":99.9,""height"":53.98,""rotation"":0,""rectanglelabels"":[""AI""],""original_width"":1200,""original_height"":1553}]",3.646,"2025-08-05T08:58:35.292168Z"
6528,"1","2025-08-05T08:58:39.809264Z",8842,"https://iiif.irht.cnrs.fr/iiif/ark:/63955/vzfs674tm14k/full/1200,/0/default.jpg","[{""x"":0.050000000000000044,""y"":0.18499999999999628,""width"":99.92,""height"":99.57000000000001,""rotation"":0,""rectanglelabels"":[""AM""],""original_width"":1200,""original_height"":1627}]",3.341,"2025-08-05T08:58:39.809264Z"
6529,"1","2025-08-05T08:58:44.531288Z",8843,"https://iiif.irht.cnrs.fr/iiif/ark:/63955/vg18vwk8wbqz/full/1200,/0/default.jpg","[{""x"":0,""y"":0.19000000000000128,""width"":99.8,""height"":99.62,""rotation"":0,""rectanglelabels"":[""AM""],""original_width"":1200,""original_height"":1553}]",2.805,"2025-08-05T08:58:44.531288Z"
6530,"1","2025-08-05T08:59:15.045875Z",8844,"https://iiif.irht.cnrs.fr/iiif/ark:/63955/vhzavgkehedx/full/1200,/0/default.jpg","[{""x"":0.045000000000000595,""y"":0.27499999999999747,""width"":99.92999999999999,""height"":99.29,""rotation"":0,""rectanglelabels"":[""AM""],""original_width"":1200,""original_height"":1627}]",29.643,"2025-08-05T08:59:15.045875Z"
6531,"1","2025-08-05T08:59:20.923288Z",8845,"https://iiif.irht.cnrs.fr/iiif/ark:/63955/v7j4bdrchcti/full/1200,/0/default.jpg","[{""x"":0.004999999999999449,""y"":0.07000000000000062,""width"":99.87,""height"":30.14,""rotation"":0,""rectanglelabels"":[""AF""],""original_width"":1200,""original_height"":1553},{""x"":-0.004999999999999449,""y"":30.240000000000002,""width"":99.83,""height"":69.39999999999999,""rotation"":0,""rectanglelabels"":[""AI""],""original_width"":1200,""original_height"":1553}]",4.366,"2025-08-05T08:59:20.923288Z"
6532,"1","2025-08-05T08:59:26.875627Z",8846,"https://iiif.irht.cnrs.fr/iiif/ark:/63955/ve2fhm0h5enq/full/1200,/0/default.jpg","[{""x"":0.12499999999999734,""y"":0.009999999999998899,""width"":99.83,""height"":66.5,""rotation"":0,""rectanglelabels"":[""AF""],""original_width"":1200,""original_height"":1552},{""x"":0.20999999999999908,""y"":66.305,""width"":99.78,""height"":31.490000000000002,""rotation"":0,""rectanglelabels"":[""AI""],""original_width"":1200,""original_height"":1552}]",4.653,"2025-08-05T08:59:26.875627Z"
6533,"1","2025-08-05T08:59:32.889581Z",8847,"https://iiif.irht.cnrs.fr/iiif/ark:/63955/vloe5xbhnaym/full/1200,/0/default.jpg","[{""x"":0.17500000000000293,""y"":1.1599999999999944,""width"":99.79,""height"":98.36,""rotation"":0,""rectanglelabels"":[""AM""],""original_width"":1200,""original_height"":1623}]",4.297,"2025-08-05T08:59:32.889581Z"
6534,"1","2025-08-05T08:59:36.536796Z",8848,"https://iiif.irht.cnrs.fr/iiif/ark:/63955/vku358kjmiq5/full/1200,/0/default.jpg","[{""x"":0,""y"":0.045000000000000595,""width"":99.82,""height"":68.13,""rotation"":0,""rectanglelabels"":[""AF""],""original_width"":1200,""original_height"":1553},{""x"":0.004999999999999449,""y"":67.83500000000001,""width"":99.91,""height"":32.129999999999995,""rotation"":0,""rectanglelabels"":[""AI""],""original_width"":1200,""original_height"":1553}]",2.383,"2025-08-05T08:59:36.536796Z"
6535,"1","2025-08-05T08:59:43.099828Z",8849,"https://iiif.irht.cnrs.fr/iiif/ark:/63955/vm2idfzq8ibw/full/1200,/0/default.jpg","[{""x"":0.05999999999999894,""y"":1.3149999999999995,""width"":99.86,""height"":46.63,""rotation"":0,""rectanglelabels"":[""AF""],""original_width"":1200,""original_height"":1623},{""x"":0.13499999999999623,""y"":47.885000000000005,""width"":99.81,""height"":51.74999999999999,""rotation"":0,""rectanglelabels"":[""AI""],""original_width"":1200,""original_height"":1623}]",5.026,"2025-08-05T08:59:43.099828Z"
6536,"1","2025-08-05T08:59:48.145916Z",8850,"https://iiif.irht.cnrs.fr/iiif/ark:/63955/vwgt7xgiw23r/full/1200,/0/default.jpg","[{""x"":0.004999999999999449,""y"":42.84,""width"":99.91,""height"":56.82000000000001,""rotation"":0,""rectanglelabels"":[""AI""],""original_width"":1200,""original_height"":1553},{""x"":0,""y"":0.07000000000000062,""width"":99.83999999999999,""height"":42.78,""rotation"":0,""rectanglelabels"":[""AF""],""original_width"":1200,""original_height"":1553}]",3.961,"2025-08-05T08:59:48.145916Z"
6537,"1","2025-08-05T08:59:53.822120Z",8851,"https://iiif.irht.cnrs.fr/iiif/ark:/63955/v680qsm9jsvl/full/1200,/0/default.jpg","[{""x"":0.23500000000000187,""y"":0.3899999999999959,""width"":99.71,""height"":99.46000000000001,""rotation"":0,""rectanglelabels"":[""AM""],""original_width"":1200,""original_height"":1623}]",4.376,"2025-08-05T08:59:53.822120Z"
6538,"1","2025-08-05T08:59:59.123367Z",8852,"https://iiif.irht.cnrs.fr/iiif/ark:/63955/vb90bz8ta4qr/full/1200,/0/default.jpg","[{""x"":0,""y"":0.07999999999999674,""width"":99.83999999999999,""height"":57.52,""rotation"":0,""rectanglelabels"":[""AF""],""original_width"":1200,""original_height"":1553},{""x"":0,""y"":57.47,""width"":100,""height"":40.54,""rotation"":0,""rectanglelabels"":[""AI""],""original_width"":1200,""original_height"":1553}]",4.091,"2025-08-05T08:59:59.123367Z"
6539,"1","2025-08-05T09:00:04.999280Z",8853,"https://iiif.irht.cnrs.fr/iiif/ark:/63955/vyypeglhjdns/full/1200,/0/default.jpg","[{""x"":0.379999999999997,""y"":33.15500000000001,""width"":99.5,""height"":66.27,""rotation"":0,""rectanglelabels"":[""AI""],""original_width"":1200,""original_height"":1612},{""x"":0.12499999999999734,""y"":0.10499999999999954,""width"":99.69,""height"":33.09,""rotation"":0,""rectanglelabels"":[""AF""],""original_width"":1200,""original_height"":1612}]",4.621,"2025-08-05T09:00:04.999280Z"
6540,"1","2025-08-05T09:00:09.998135Z",8854,"https://iiif.irht.cnrs.fr/iiif/ark:/63955/vdekzn3sjo3t/full/1200,/0/default.jpg","[{""x"":-0.004999999999999449,""y"":0.25499999999999967,""width"":99.89,""height"":98.61,""rotation"":0,""rectanglelabels"":[""AF""],""original_width"":1200,""original_height"":1553}]",3.899,"2025-08-05T09:00:09.998135Z"
6541,"1","2025-08-05T09:00:15.067758Z",8855,"https://iiif.irht.cnrs.fr/iiif/ark:/63955/vpesx732xv0w/full/1200,/0/default.jpg","[{""x"":0.21999999999999797,""y"":1.7699999999999994,""width"":99.62,""height"":98.04,""rotation"":0,""rectanglelabels"":[""AC""],""original_width"":1200,""original_height"":1612}]",3.253,"2025-08-05T09:00:15.067758Z"
6542,"1","2025-08-05T09:00:21.012316Z",8856,"https://iiif.irht.cnrs.fr/iiif/ark:/63955/vkfc6wwjkowz/full/1200,/0/default.jpg","[{""x"":0.004999999999999449,""y"":0.605,""width"":99.89,""height"":98.79,""rotation"":0,""rectanglelabels"":[""AC""],""original_width"":1200,""original_height"":1553}]",3.16,"2025-08-05T09:00:21.012316Z"
6543,"1","2025-08-05T09:00:27.176027Z",8857,"https://iiif.irht.cnrs.fr/iiif/ark:/63955/vuwqodjlro37/full/1200,/0/default.jpg","[{""x"":0.039999999999995595,""y"":0.045000000000000595,""width"":99.86,""height"":54.75,""rotation"":0,""rectanglelabels"":[""AF""],""original_width"":1200,""original_height"":1551},{""x"":0.054999999999999494,""y"":54.464999999999996,""width"":99.91,""height"":44.75,""rotation"":0,""rectanglelabels"":[""AI""],""original_width"":1200,""original_height"":1551}]",5.156,"2025-08-05T09:00:27.176027Z"
6544,"1","2025-08-05T09:00:31.552220Z",8858,"https://iiif.irht.cnrs.fr/iiif/ark:/63955/v9wmco61szr6/full/1200,/0/default.jpg","[{""x"":0.30999999999999917,""y"":61.050000000000004,""width"":99.62,""height"":38.14,""rotation"":0,""rectanglelabels"":[""AI""],""original_width"":1200,""original_height"":1612},{""x"":0.15499999999999958,""y"":0.040000000000001146,""width"":99.67,""height"":61.12,""rotation"":0,""rectanglelabels"":[""AC""],""original_width"":1200,""original_height"":1612}]",3.351,"2025-08-05T09:00:31.552220Z"
6545,"1","2025-08-05T09:00:35.973796Z",8859,"https://iiif.irht.cnrs.fr/iiif/ark:/63955/vsoewrcrs8c7/full/1200,/0/default.jpg","[{""x"":0.004999999999999449,""y"":0.06000000000000172,""width"":99.97,""height"":42.199999999999996,""rotation"":0,""rectanglelabels"":[""AF""],""original_width"":1200,""original_height"":1574},{""x"":0.014999999999998348,""y"":42.11,""width"":99.99,""height"":57.120000000000005,""rotation"":0,""rectanglelabels"":[""AC""],""original_width"":1200,""original_height"":1574}]",3.347,"2025-08-05T09:00:35.973796Z"
6546,"1","2025-08-05T09:00:40.546050Z",8860,"https://iiif.irht.cnrs.fr/iiif/ark:/63955/vlj3h2o6znfw/full/1200,/0/default.jpg","[{""x"":3.099999999999997,""y"":0.17500000000000293,""width"":96.89999999999999,""height"":99.42999999999999,""rotation"":0,""rectanglelabels"":[""AI""],""original_width"":1200,""original_height"":1604}]",3.484,"2025-08-05T09:00:40.546050Z"
6547,"1","2025-08-05T09:01:14.293904Z",8861,"https://iiif.irht.cnrs.fr/iiif/ark:/63955/vaslgudflk8a/full/1200,/0/default.jpg","[{""x"":0.040000000000001146,""y"":0.2650000000000041,""width"":99.9,""height"":99.63,""rotation"":0,""rectanglelabels"":[""AM""],""original_width"":1200,""original_height"":1539}]",5.811,"2025-08-05T09:01:14.293904Z"
6548,"1","2025-08-05T09:01:24.286134Z",8862,"https://iiif.irht.cnrs.fr/iiif/ark:/63955/vy41bwuj914s/full/1200,/0/default.jpg","[{""x"":3.1649999999999956,""y"":0.10999999999999899,""width"":96.78999999999999,""height"":99.7,""rotation"":0,""rectanglelabels"":[""AM""],""original_width"":1200,""original_height"":1604}]",4.455,"2025-08-05T09:01:24.286134Z"
6549,"1","2025-08-05T09:01:30.685062Z",8863,"https://iiif.irht.cnrs.fr/iiif/ark:/63955/v5muttug9qr1/full/1200,/0/default.jpg","[{""x"":0.019999999999997797,""y"":25.485000000000003,""width"":99.98,""height"":74.21,""rotation"":0,""rectanglelabels"":[""AC""],""original_width"":1200,""original_height"":1539},{""x"":0.09499999999999509,""y"":0.05999999999999894,""width"":99.87,""height"":25.4,""rotation"":0,""rectanglelabels"":[""AF""],""original_width"":1200,""original_height"":1539}]",5.359,"2025-08-05T09:01:30.685062Z"
6550,"1","2025-08-05T09:01:38.725149Z",8864,"https://iiif.irht.cnrs.fr/iiif/ark:/63955/vb7wpnh9vr80/full/1200,/0/default.jpg","[{""x"":2.8449999999999975,""y"":33.24,""width"":97.15,""height"":44.58,""rotation"":0,""rectanglelabels"":[""AC""],""original_width"":1200,""original_height"":1604},{""x"":3.0000000000000027,""y"":0.014999999999998348,""width"":96.76,""height"":33.45,""rotation"":0,""rectanglelabels"":[""AC""],""original_width"":1200,""original_height"":1604},{""x"":2.5199999999999942,""y"":77.74,""width"":97.48,""height"":22.2,""rotation"":0,""rectanglelabels"":[""AI""],""original_width"":1200,""original_height"":1604}]",4.689,"2025-08-05T09:01:38.725149Z"
6551,"1","2025-08-05T09:01:46.675437Z",8865,"https://iiif.irht.cnrs.fr/iiif/ark:/63955/vtjxn26o7yuu/full/1200,/0/default.jpg","[{""x"":0.050000000000000044,""y"":0.19500000000000628,""width"":99.88,""height"":99.72999999999999,""rotation"":0,""rectanglelabels"":[""AM""],""original_width"":1200,""original_height"":1539}]",3.923,"2025-08-05T09:01:46.675437Z"
6552,"1","2025-08-05T09:01:50.779052Z",8866,"https://iiif.irht.cnrs.fr/iiif/ark:/63955/vtnno4xfwzr3/full/1200,/0/default.jpg","[{""x"":2.9700000000000006,""y"":0.07500000000000007,""width"":96.72,""height"":28.57,""rotation"":0,""rectanglelabels"":[""AF""],""original_width"":1200,""original_height"":1604},{""x"":3.034999999999999,""y"":28.675,""width"":96.97,""height"":71.31,""rotation"":0,""rectanglelabels"":[""AC""],""original_width"":1200,""original_height"":1604}]",2.832,"2025-08-05T09:01:50.779052Z"
6553,"1","2025-08-05T09:01:58.905876Z",8867,"https://iiif.irht.cnrs.fr/iiif/ark:/63955/vvgrcpm4ynxh/full/1200,/0/default.jpg","[{""x"":0.009999999999998899,""y"":0.14500000000000068,""width"":99.98,""height"":56.95,""rotation"":0,""rectanglelabels"":[""AC""],""original_width"":1200,""original_height"":1539},{""x"":0.040000000000001146,""y"":56.825,""width"":99.94,""height"":43.15,""rotation"":0,""rectanglelabels"":[""AI""],""original_width"":1200,""original_height"":1539}]",5.348,"2025-08-05T09:01:58.905876Z"
6554,"1","2025-08-05T09:02:07.296447Z",8868,"https://iiif.irht.cnrs.fr/iiif/ark:/63955/v7exosqvvxax/full/1200,/0/default.jpg","[{""x"":0.054999999999999494,""y"":0.05999999999999894,""width"":99.89,""height"":99.78,""rotation"":0,""rectanglelabels"":[""AF""],""original_width"":1200,""original_height"":1655}]",4.203,"2025-08-05T09:02:07.296447Z"
6555,"1","2025-08-05T09:02:12.337672Z",8869,"https://iiif.irht.cnrs.fr/iiif/ark:/63955/vkljrarq4lks/full/1200,/0/default.jpg","[{""x"":2.4999999999999964,""y"":52.26499999999999,""width"":97.5,""height"":47.57,""rotation"":0,""rectanglelabels"":[""AI""],""original_width"":1200,""original_height"":1604},{""x"":2.6549999999999963,""y"":0.034999999999996145,""width"":97.15,""height"":52.39,""rotation"":0,""rectanglelabels"":[""AF""],""original_width"":1200,""original_height"":1604}]",2.184,"2025-08-05T09:02:12.337672Z"
6556,"1","2025-08-05T09:02:23.109619Z",8870,"https://iiif.irht.cnrs.fr/iiif/ark:/63955/v98x7nt6ex1v/full/1200,/0/default.jpg","[{""x"":0.040000000000001146,""y"":0.09500000000000064,""width"":99.9,""height"":57.75,""rotation"":0,""rectanglelabels"":[""AF""],""original_width"":1200,""original_height"":1539},{""x"":0.019999999999997797,""y"":57.85,""width"":99.98,""height"":42.1,""rotation"":0,""rectanglelabels"":[""AI""],""original_width"":1200,""original_height"":1539}]",8.507,"2025-08-05T09:02:23.109619Z"
6557,"1","2025-08-05T09:02:29.114080Z",8871,"https://iiif.irht.cnrs.fr/iiif/ark:/63955/vodlbijyf0j1/full/1200,/0/default.jpg","[{""x"":2.694999999999992,""y"":0.08000000000000229,""width"":97.13000000000001,""height"":69.8,""rotation"":0,""rectanglelabels"":[""AF""],""original_width"":1200,""original_height"":1604},{""x"":2.5650000000000004,""y"":69.8,""width"":97.43,""height"":29.54,""rotation"":0,""rectanglelabels"":[""AI""],""original_width"":1200,""original_height"":1604}]",3.593,"2025-08-05T09:02:29.114080Z"
6558,"1","2025-08-05T09:02:41.440894Z",8872,"https://iiif.irht.cnrs.fr/iiif/ark:/63955/vkabb0gxl97t/full/1200,/0/default.jpg","[{""x"":0.050000000000000044,""y"":0.14500000000000068,""width"":99.92,""height"":62.91,""rotation"":0,""rectanglelabels"":[""AF""],""original_width"":1200,""original_height"":1539},{""x"":0.019999999999997797,""y"":63.044999999999995,""width"":99.98,""height"":36.89,""rotation"":0,""rectanglelabels"":[""AI""],""original_width"":1200,""original_height"":1539}]",10.004,"2025-08-05T09:02:41.440894Z"
6559,"1","2025-08-05T09:02:47.349380Z",8873,"https://iiif.irht.cnrs.fr/iiif/ark:/63955/v7fh0lwymrm0/full/1200,/0/default.jpg","[{""x"":2.290000000000003,""y"":0.25500000000000245,""width"":97.58,""height"":37.169999999999995,""rotation"":0,""rectanglelabels"":[""AF""],""original_width"":1200,""original_height"":1604},{""x"":2.6000000000000023,""y"":37.339999999999996,""width"":97.38,""height"":62.08,""rotation"":0,""rectanglelabels"":[""AC""],""original_width"":1200,""original_height"":1604}]",3.272,"2025-08-05T09:02:47.349380Z"
6560,"1","2025-08-05T09:02:54.412190Z",8874,"https://iiif.irht.cnrs.fr/iiif/ark:/63955/vcyivwywgzgr/full/1200,/0/default.jpg","[{""x"":0.004999999999999449,""y"":0.48000000000000265,""width"":99.97,""height"":99.36,""rotation"":0,""rectanglelabels"":[""AI""],""original_width"":1200,""original_height"":1539}]",3.612,"2025-08-05T09:02:54.412190Z"
6561,"1","2025-08-05T09:02:59.747007Z",8875,"https://iiif.irht.cnrs.fr/iiif/ark:/63955/vbsrsqd2x69c/full/1200,/0/default.jpg","[{""x"":-0.004999999999999449,""y"":23.919999999999998,""width"":99.92999999999999,""height"":75.58,""rotation"":0,""rectanglelabels"":[""AI""],""original_width"":1200,""original_height"":1596},{""x"":0.004999999999999449,""y"":0.009999999999998899,""width"":99.95,""height"":23.98,""rotation"":0,""rectanglelabels"":[""AF""],""original_width"":1200,""original_height"":1596}]",4.075,"2025-08-05T09:02:59.747007Z"
6562,"1","2025-08-05T09:03:05.202689Z",8876,"https://iiif.irht.cnrs.fr/iiif/ark:/63955/voayk8kcvlot/full/1200,/0/default.jpg","[{""x"":0.02000000000000335,""y"":30.365000000000002,""width"":99.94,""height"":69.47,""rotation"":0,""rectanglelabels"":[""AI""],""original_width"":1200,""original_height"":1539},{""x"":0.039999999999995595,""y"":0.134999999999999,""width"":99.96000000000001,""height"":30.270000000000003,""rotation"":0,""rectanglelabels"":[""AF""],""original_width"":1200,""original_height"":1539}]",4.286,"2025-08-05T09:03:05.202689Z"
6563,"1","2025-08-05T09:03:10.027475Z",8877,"https://iiif.irht.cnrs.fr/iiif/ark:/63955/v4kq2h62xxeq/full/1200,/0/default.jpg","[{""x"":-0.004999999999999449,""y"":28.255000000000003,""width"":99.91,""height"":70.85000000000001,""rotation"":0,""rectanglelabels"":[""AI""],""original_width"":1200,""original_height"":1596},{""x"":0.004999999999999449,""y"":0.07500000000000007,""width"":99.92999999999999,""height"":28.17,""rotation"":0,""rectanglelabels"":[""AF""],""original_width"":1200,""original_height"":1596}]",3.497,"2025-08-05T09:03:10.027475Z"
3714,"1","2025-07-21T09:48:26.106723Z",8878,"https://iiif.irht.cnrs.fr/iiif/ark:/63955/vp7g29e9irxt/full/1200,/0/default.jpg","[{""x"":-4.440892098500626e-16,""y"":30.839999999999996,""width"":99.94,""height"":69.16,""rotation"":0,""rectanglelabels"":[""AC""],""original_width"":1200,""original_height"":1539},{""x"":0.11499999999999289,""y"":0.655,""width"":99.85000000000001,""height"":30.490000000000002,""rotation"":0,""rectanglelabels"":[""AF""],""original_width"":1200,""original_height"":1539}]",3.785,"2025-07-21T09:48:26.106723Z"
6564,"1","2025-08-05T09:03:18.352187Z",8879,"https://iiif.irht.cnrs.fr/iiif/ark:/63955/vdskd9psxgnt/full/1200,/0/default.jpg","[{""x"":0.004999999999999449,""y"":0.060000000000004494,""width"":99.89,""height"":70.3,""rotation"":0,""rectanglelabels"":[""AC""],""original_width"":1200,""original_height"":1569},{""x"":0.045000000000000595,""y"":69.89500000000001,""width"":99.87,""height"":29.67,""rotation"":0,""rectanglelabels"":[""AI""],""original_width"":1200,""original_height"":1569}]",3.643,"2025-08-05T09:03:18.352187Z"
6565,"1","2025-08-05T09:03:24.617834Z",8880,"https://iiif.irht.cnrs.fr/iiif/ark:/63955/vpi1auwvjqz3/full/1200,/0/default.jpg","[{""x"":0,""y"":0.054999999999999494,""width"":99.96000000000001,""height"":52.93,""rotation"":0,""rectanglelabels"":[""AC""],""original_width"":1200,""original_height"":1596},{""x"":0.004999999999999449,""y"":52.959999999999994,""width"":99.92999999999999,""height"":45.98,""rotation"":0,""rectanglelabels"":[""AI""],""original_width"":1200,""original_height"":1596}]",3.33,"2025-08-05T09:03:24.617834Z"
6566,"1","2025-08-05T09:03:36.253582Z",8881,"https://iiif.irht.cnrs.fr/iiif/ark:/63955/vg2lm4ikj89q/full/1200,/0/default.jpg","[{""x"":0.050000000000000044,""y"":0.07499999999999729,""width"":99.92,""height"":52.71,""rotation"":0,""rectanglelabels"":[""AF""],""original_width"":1200,""original_height"":1539},{""x"":0.044999999999995044,""y"":52.739999999999995,""width"":99.95,""height"":47.18,""rotation"":0,""rectanglelabels"":[""AI""],""original_width"":1200,""original_height"":1539}]",4.37,"2025-08-05T09:03:36.253582Z"
6567,"1","2025-08-05T09:03:40.711779Z",8882,"https://iiif.irht.cnrs.fr/iiif/ark:/63955/vpc03ljujcj1/full/1200,/0/default.jpg","[{""x"":0.004999999999999449,""y"":0.045000000000000595,""width"":99.92999999999999,""height"":34.57,""rotation"":0,""rectanglelabels"":[""AF""],""original_width"":1200,""original_height"":1596},{""x"":0.004999999999999449,""y"":34.519999999999996,""width"":99.91,""height"":64.9,""rotation"":0,""rectanglelabels"":[""AI""],""original_width"":1200,""original_height"":1596}]",3.33,"2025-08-05T09:03:40.711779Z"
6568,"1","2025-08-05T09:03:45.169300Z",8883,"https://iiif.irht.cnrs.fr/iiif/ark:/63955/veuvaqe1pihs/full/1200,/0/default.jpg","[{""x"":0.13500000000000179,""y"":0.06500000000000394,""width"":99.87,""height"":60.23,""rotation"":0,""rectanglelabels"":[""AF""],""original_width"":1200,""original_height"":1543},{""x"":0.09499999999999509,""y"":60.114999999999995,""width"":99.91,""height"":39.85,""rotation"":0,""rectanglelabels"":[""AI""],""original_width"":1200,""original_height"":1543}]",3.059,"2025-08-05T09:03:45.169300Z"
6569,"1","2025-08-05T09:03:49.568018Z",8884,"https://iiif.irht.cnrs.fr/iiif/ark:/63955/v34xmogvy7ka/full/1200,/0/default.jpg","[{""x"":0,""y"":0.054999999999999494,""width"":99.92,""height"":32.41,""rotation"":0,""rectanglelabels"":[""AF""],""original_width"":1200,""original_height"":1596},{""x"":-0.004999999999999449,""y"":32.400000000000006,""width"":99.91,""height"":66.75999999999999,""rotation"":0,""rectanglelabels"":[""AI""],""original_width"":1200,""original_height"":1596}]",2.768,"2025-08-05T09:03:49.568018Z"
6570,"1","2025-08-05T09:03:53.340254Z",8885,"https://iiif.irht.cnrs.fr/iiif/ark:/63955/v7owqif22ggx/full/1200,/0/default.jpg","[{""x"":0.11500000000000399,""y"":57.855000000000004,""width"":99.89,""height"":42.01,""rotation"":0,""rectanglelabels"":[""AI""],""original_width"":1200,""original_height"":1543},{""x"":0.09999999999999454,""y"":0.004999999999999449,""width"":99.9,""height"":57.85,""rotation"":0,""rectanglelabels"":[""AF""],""original_width"":1200,""original_height"":1543}]",2.594,"2025-08-05T09:03:53.340254Z"
6571,"1","2025-08-05T09:03:58.965844Z",8886,"https://iiif.irht.cnrs.fr/iiif/ark:/63955/vcrnrsc9a5de/full/1200,/0/default.jpg","[{""x"":0,""y"":0.07500000000000007,""width"":99.94,""height"":44.529999999999994,""rotation"":0,""rectanglelabels"":[""AF""],""original_width"":1200,""original_height"":1596},{""x"":0,""y"":44.434999999999995,""width"":99.92,""height"":53.97,""rotation"":0,""rectanglelabels"":[""AI""],""original_width"":1200,""original_height"":1596}]",4.28,"2025-08-05T09:03:58.965844Z"
6572,"1","2025-08-05T09:04:05.876911Z",8887,"https://iiif.irht.cnrs.fr/iiif/ark:/63955/v203iw1qgbx4/full/1200,/0/default.jpg","[{""x"":0.07999999999999674,""y"":0.054999999999999494,""width"":99.92,""height"":36.67,""rotation"":0,""rectanglelabels"":[""AF""],""original_width"":1200,""original_height"":1543},{""x"":0.11500000000000399,""y"":36.65,""width"":99.89,""height"":32.96,""rotation"":0,""rectanglelabels"":[""AC""],""original_width"":1200,""original_height"":1543},{""x"":0.06499999999999839,""y"":69.50999999999999,""width"":99.92999999999999,""height"":30.42,""rotation"":0,""rectanglelabels"":[""AI""],""original_width"":1200,""original_height"":1543}]",5.366,"2025-08-05T09:04:05.876911Z"
6573,"1","2025-08-05T09:04:11.997578Z",8888,"https://iiif.irht.cnrs.fr/iiif/ark:/63955/v7onnrq38nf0/full/1200,/0/default.jpg","[{""x"":0.004999999999999449,""y"":0.024999999999997247,""width"":99.92999999999999,""height"":53.21,""rotation"":0,""rectanglelabels"":[""AF""],""original_width"":1200,""original_height"":1596},{""x"":0.004999999999999449,""y"":53.144999999999996,""width"":99.92999999999999,""height"":45.269999999999996,""rotation"":0,""rectanglelabels"":[""AI""],""original_width"":1200,""original_height"":1596}]",5.064,"2025-08-05T09:04:11.997578Z"
6574,"1","2025-08-05T09:04:22.678419Z",8889,"https://iiif.irht.cnrs.fr/iiif/ark:/63955/va6sng3suhuv/full/1200,/0/default.jpg","[{""x"":0.034999999999996145,""y"":0.03999999999999837,""width"":99.97,""height"":41.56,""rotation"":0,""rectanglelabels"":[""AF""],""original_width"":1200,""original_height"":1543},{""x"":0.05999999999999894,""y"":41.550000000000004,""width"":99.94,""height"":58.36,""rotation"":0,""rectanglelabels"":[""AI""],""original_width"":1200,""original_height"":1543}]",5.265,"2025-08-05T09:04:22.678419Z"
6575,"1","2025-08-05T09:04:27.422466Z",8890,"https://iiif.irht.cnrs.fr/iiif/ark:/63955/v6b7pxye16mg/full/1200,/0/default.jpg","[{""x"":0.05999999999999894,""y"":0.09500000000000064,""width"":99.94,""height"":99.83,""rotation"":0,""rectanglelabels"":[""AM""],""original_width"":1200,""original_height"":1635}]",3.586,"2025-08-05T09:04:27.422466Z"
6576,"1","2025-08-05T09:04:32.338679Z",8891,"https://iiif.irht.cnrs.fr/iiif/ark:/63955/vkdrm47x1c5q/full/1200,/0/default.jpg","[{""x"":0,""y"":0.045000000000000595,""width"":99.9,""height"":39.81,""rotation"":0,""rectanglelabels"":[""AF""],""original_width"":1200,""original_height"":1596},{""x"":0.004999999999999449,""y"":39.85,""width"":99.91,""height"":33.4,""rotation"":0,""rectanglelabels"":[""AC""],""original_width"":1200,""original_height"":1596},{""x"":0,""y"":73.17,""width"":99.94,""height"":24.98,""rotation"":0,""rectanglelabels"":[""AC""],""original_width"":1200,""original_height"":1596}]",13.111,"2025-08-05T09:04:32.338679Z"
6298,"1","2025-08-05T08:27:56.192571Z",8892,"https://iiif.irht.cnrs.fr/iiif/ark:/63955/v0shqwpecpoj/full/1200,/0/default.jpg","[{""x"":0.07999999999999674,""y"":0.20000000000000018,""width"":99.92,""height"":99.2,""rotation"":0,""rectanglelabels"":[""AI""],""original_width"":1200,""original_height"":1543}]",1.053,"2025-08-05T08:27:56.192571Z"
6577,"1","2025-08-05T09:04:40.390232Z",8893,"https://iiif.irht.cnrs.fr/iiif/ark:/63955/vic0l4u3zqod/full/1200,/0/default.jpg","[{""x"":-0.004999999999999449,""y"":22.175000000000004,""width"":99.79,""height"":76.33,""rotation"":0,""rectanglelabels"":[""AC""],""original_width"":1200,""original_height"":1591},{""x"":-0.004999999999999449,""y"":0.025000000000000022,""width"":99.81,""height"":22.27,""rotation"":0,""rectanglelabels"":[""AF""],""original_width"":1200,""original_height"":1591}]",3.993,"2025-08-05T09:04:40.390232Z"
6578,"1","2025-08-05T09:04:48.774698Z",8894,"https://iiif.irht.cnrs.fr/iiif/ark:/63955/vhahp8j2e927/full/1200,/0/default.jpg","[{""x"":0.01000000000000445,""y"":0.2500000000000002,""width"":99.94,""height"":98.94,""rotation"":0,""rectanglelabels"":[""AI""],""original_width"":1200,""original_height"":1538}]",5.697,"2025-08-05T09:04:48.774698Z"
6579,"1","2025-08-05T09:04:56.345378Z",8895,"https://iiif.irht.cnrs.fr/iiif/ark:/63955/vrt3g7g6wzo8/full/1200,/0/default.jpg","[{""x"":0.014999999999998348,""y"":47.824999999999996,""width"":99.95,""height"":52.03,""rotation"":0,""rectanglelabels"":[""AI""],""original_width"":1200,""original_height"":1631},{""x"":-0.004999999999999449,""y"":0.045000000000000595,""width"":99.81,""height"":47.89,""rotation"":0,""rectanglelabels"":[""AF""],""original_width"":1200,""original_height"":1631}]",4.586,"2025-08-05T09:04:56.345378Z"
6580,"1","2025-08-05T09:05:02.296475Z",8896,"https://iiif.irht.cnrs.fr/iiif/ark:/63955/vzaduedl2q2d/full/1200,/0/default.jpg","[{""x"":0.030000000000002247,""y"":0.43500000000000205,""width"":99.9,""height"":99.13,""rotation"":0,""rectanglelabels"":[""AF""],""original_width"":1200,""original_height"":1538}]",4.912,"2025-08-05T09:05:02.296475Z"
3715,"1","2025-07-21T09:50:58.708607Z",8897,"https://iiif.irht.cnrs.fr/iiif/ark:/63955/v8rmst01w8sp/full/1200,/0/default.jpg","[{""x"":0,""y"":0.054999999999999494,""width"":99.88,""height"":61.99000000000001,""rotation"":0,""rectanglelabels"":[""AC""],""original_width"":1200,""original_height"":1622},{""x"":0.030000000000002247,""y"":71.255,""width"":99.83999999999999,""height"":27.35,""rotation"":0,""rectanglelabels"":[""AI""],""original_width"":1200,""original_height"":1622},{""x"":-6.099340600249595e-97,""y"":62.098053443412184,""width"":99.99999999999997,""height"":2.511857484233753,""rotation"":0,""rectanglelabels"":[""AC""],""original_width"":1200,""original_height"":1622},{""x"":1.924612538865666e-126,""y"":64.51482185529194,""width"":99.99999999999991,""height"":3.561723875702861,""rotation"":0,""rectanglelabels"":[""AC""],""original_width"":1200,""original_height"":1622},{""x"":0.36770149178603384,""y"":68.15837823185032,""width"":99.63229850821395,""height"":3.0604008255927626,""rotation"":0,""rectanglelabels"":[""AC""],""original_width"":1200,""original_height"":1622}]",36.409,"2025-07-21T09:50:58.708607Z"
6581,"1","2025-08-05T09:05:27.522622Z",8898,"https://iiif.irht.cnrs.fr/iiif/ark:/63955/vc9wsfts41se/full/1200,/0/default.jpg","[{""x"":0.06500000000000394,""y"":0.05999999999999894,""width"":99.83,""height"":71.28,""rotation"":0,""rectanglelabels"":[""AF""],""original_width"":1200,""original_height"":1538},{""x"":0.014999999999998348,""y"":70.99,""width"":99.91,""height"":28.360000000000003,""rotation"":0,""rectanglelabels"":[""AI""],""original_width"":1200,""original_height"":1538}]",19.924,"2025-08-05T09:05:27.522622Z"
6582,"1","2025-08-05T09:05:34.137028Z",8899,"https://iiif.irht.cnrs.fr/iiif/ark:/63955/vensr8via9q2/full/1200,/0/default.jpg","[{""x"":-0.004999999999999449,""y"":0.035000000000001696,""width"":99.81,""height"":68.15,""rotation"":0,""rectanglelabels"":[""AF""],""original_width"":1200,""original_height"":1632},{""x"":0.004999999999999449,""y"":68.14,""width"":99.85000000000001,""height"":31.78,""rotation"":0,""rectanglelabels"":[""AI""],""original_width"":1200,""original_height"":1632}]",3.647,"2025-08-05T09:05:34.137028Z"
6583,"1","2025-08-05T09:05:37.239001Z",8900,"https://iiif.irht.cnrs.fr/iiif/ark:/63955/vvjvwkr4dhhm/full/1200,/0/default.jpg","[{""x"":0.019999999999997797,""y"":0.004999999999999449,""width"":99.88,""height"":38.47,""rotation"":0,""rectanglelabels"":[""AF""],""original_width"":1200,""original_height"":1538},{""x"":0.050000000000000044,""y"":38.46000000000001,""width"":99.83999999999999,""height"":61.1,""rotation"":0,""rectanglelabels"":[""AI""],""original_width"":1200,""original_height"":1538}]",2.14,"2025-08-05T09:05:37.239001Z"
6584,"1","2025-08-05T09:05:44.481003Z",8901,"https://iiif.irht.cnrs.fr/iiif/ark:/63955/v3a9u64sh25a/full/1200,/0/default.jpg","[{""x"":0.030000000000002247,""y"":0.045000000000000595,""width"":99.83999999999999,""height"":99.71,""rotation"":0,""rectanglelabels"":[""AM""],""original_width"":1200,""original_height"":1569}]",5.997,"2025-08-05T09:05:44.481003Z"
6585,"1","2025-08-05T09:06:46.741307Z",8902,"https://iiif.irht.cnrs.fr/iiif/ark:/63955/ve927268ulnh/full/1200,/0/default.jpg","[{""x"":0.004999999999999449,""y"":0.009999999999998899,""width"":99.81,""height"":48.82,""rotation"":0,""rectanglelabels"":[""AF""],""original_width"":1200,""original_height"":1632},{""x"":0,""y"":48.76,""width"":99.86,""height"":51.1,""rotation"":0,""rectanglelabels"":[""AI""],""original_width"":1200,""original_height"":1632}]",5.93,"2025-08-05T09:06:46.741307Z"
6586,"1","2025-08-05T09:06:56.150049Z",8903,"https://iiif.irht.cnrs.fr/iiif/ark:/63955/vefp9x0jo2e7/full/1200,/0/default.jpg","[{""x"":0.07000000000000339,""y"":0.12499999999999734,""width"":99.83999999999999,""height"":99.67,""rotation"":0,""rectanglelabels"":[""AF""],""original_width"":1200,""original_height"":1538}]",3.762,"2025-08-05T09:06:56.150049Z"
6587,"1","2025-08-05T09:07:01.832109Z",8904,"https://iiif.irht.cnrs.fr/iiif/ark:/63955/vybsqg57xsl6/full/1200,/0/default.jpg","[{""x"":0,""y"":0.6399999999999961,""width"":100,""height"":99.18,""rotation"":0,""rectanglelabels"":[""AC""],""original_width"":1200,""original_height"":1631}]",4.388,"2025-08-05T09:07:01.832109Z"
3733,"1","2025-07-21T12:40:45.065945Z",8905,"https://iiif.irht.cnrs.fr/iiif/ark:/63955/vvs8113mok03/full/1200,/0/default.jpg","[{""x"":0.024999999999997226,""y"":12.24335343787696,""width"":99.975,""height"":64.31664656212304,""rotation"":0,""rectanglelabels"":[""AC""],""original_width"":1200,""original_height"":1538},{""x"":0.009999999999998899,""y"":76.79,""width"":99.88,""height"":22.78,""rotation"":0,""rectanglelabels"":[""AI""],""original_width"":1200,""original_height"":1538}]",6.601,"2025-07-21T12:40:45.065945Z"
6588,"1","2025-08-05T09:07:10.278785Z",8906,"https://iiif.irht.cnrs.fr/iiif/ark:/63955/vaa1btqe8xcj/full/1200,/0/default.jpg","[{""x"":0.06499999999999839,""y"":0.2550000000000052,""width"":99.89,""height"":99.63,""rotation"":0,""rectanglelabels"":[""AF""],""original_width"":1200,""original_height"":1631}]",3.675,"2025-08-05T09:07:10.278785Z"
6589,"1","2025-08-05T09:07:16.124149Z",8907,"https://iiif.irht.cnrs.fr/iiif/ark:/63955/vq3zwawow3jo/full/1200,/0/default.jpg","[{""x"":0.040000000000001146,""y"":54.339999999999996,""width"":99.88,""height"":45.519999999999996,""rotation"":0,""rectanglelabels"":[""AI""],""original_width"":1200,""original_height"":1547},{""x"":0.09000000000000119,""y"":0.12499999999999734,""width"":99.83999999999999,""height"":54.43,""rotation"":0,""rectanglelabels"":[""AC""],""original_width"":1200,""original_height"":1547}]",4.619,"2025-08-05T09:07:16.124149Z"
6590,"1","2025-08-05T09:07:26.084446Z",8908,"https://iiif.irht.cnrs.fr/iiif/ark:/63955/vclqf8f08ibj/full/1200,/0/default.jpg","[{""x"":0.09999999999999454,""y"":0.40000000000000036,""width"":99.9,""height"":99.4,""rotation"":0,""rectanglelabels"":[""AF""],""original_width"":1200,""original_height"":1617}]",5.074,"2025-08-05T09:07:26.084446Z"
6591,"1","2025-08-05T09:07:38.014881Z",8909,"https://iiif.irht.cnrs.fr/iiif/ark:/63955/vkmca1k8e4zh/full/1200,/0/default.jpg","[{""x"":0.08000000000000229,""y"":76.61,""width"":99.8,""height"":23.26,""rotation"":0,""rectanglelabels"":[""AI""],""original_width"":1200,""original_height"":1520},{""x"":0.045000000000000595,""y"":0.1250000000000029,""width"":99.89,""height"":76.05,""rotation"":0,""rectanglelabels"":[""AC""],""original_width"":1200,""original_height"":1520}]",7.548,"2025-08-05T09:07:38.014881Z"
6592,"1","2025-08-05T09:07:43.948051Z",8910,"https://iiif.irht.cnrs.fr/iiif/ark:/63955/v3vs0ko34dfp/full/1200,/0/default.jpg","[{""x"":0.22500000000000298,""y"":0.22499999999999742,""width"":99.72999999999999,""height"":99.25,""rotation"":0,""rectanglelabels"":[""AF""],""original_width"":1200,""original_height"":1606}]",4.503,"2025-08-05T09:07:43.948051Z"
6593,"1","2025-08-05T09:07:52.283435Z",8911,"https://iiif.irht.cnrs.fr/iiif/ark:/63955/v3vxiv617qmt/full/1200,/0/default.jpg","[{""x"":0.05999999999999894,""y"":0.16499999999999848,""width"":99.86,""height"":99.41,""rotation"":0,""rectanglelabels"":[""AI""],""original_width"":1200,""original_height"":1520}]",5.089,"2025-08-05T09:07:52.283435Z"
6594,"1","2025-08-05T09:07:59.095842Z",8912,"https://iiif.irht.cnrs.fr/iiif/ark:/63955/v19luvjrm1fe/full/1200,/0/default.jpg","[{""x"":0.019999999999997797,""y"":0.024999999999997247,""width"":99.98,""height"":99.69,""rotation"":0,""rectanglelabels"":[""Table""],""original_width"":1200,""original_height"":1583}]",5.792,"2025-08-05T09:07:59.095842Z"
6595,"1","2025-08-05T09:08:03.791554Z",8913,"https://iiif.irht.cnrs.fr/iiif/ark:/63955/vmjjcbhtyb0a/full/1200,/0/default.jpg","[{""x"":0.014999999999998348,""y"":0.050000000000000044,""width"":99.87,""height"":99.86,""rotation"":0,""rectanglelabels"":[""AF""],""original_width"":1200,""original_height"":1586}]",3.591,"2025-08-05T09:08:03.791554Z"
6596,"1","2025-08-05T09:08:11.173038Z",8914,"https://iiif.irht.cnrs.fr/iiif/ark:/63955/v2xvn69s5qv1/full/1200,/0/default.jpg","[{""x"":0.6649999999999989,""y"":0.07000000000000062,""width"":99.29,""height"":29.580000000000002,""rotation"":0,""rectanglelabels"":[""AF""],""original_width"":1200,""original_height"":1606},{""x"":0,""y"":73.7,""width"":99.83999999999999,""height"":24.82,""rotation"":0,""rectanglelabels"":[""AI""],""original_width"":1200,""original_height"":1606},{""x"":1.144999999999996,""y"":30.03,""width"":98.76999999999998,""height"":43.7,""rotation"":0,""rectanglelabels"":[""AC""],""original_width"":1200,""original_height"":1606}]",24.349,"2025-08-05T09:08:11.173038Z"
3716,"1","2025-07-21T09:57:30.934207Z",8915,"https://iiif.irht.cnrs.fr/iiif/ark:/63955/vjwl7zplffpa/full/1200,/0/default.jpg","[{""x"":0,""y"":3.3734939759036147,""width"":96.14457831325302,""height"":14.56425678299134,""rotation"":0,""rectanglelabels"":[""AF""],""original_width"":1200,""original_height"":1520},{""x"":0.9156626506024095,""y"":17.95180722891566,""width"":95.99196787148594,""height"":15.301204819277128,""rotation"":0,""rectanglelabels"":[""AC""],""original_width"":1200,""original_height"":1520},{""x"":0.6104417670682731,""y"":33.13253012048193,""width"":96.44979919678715,""height"":13.132530120481917,""rotation"":0,""rectanglelabels"":[""AC""],""original_width"":1200,""original_height"":1520},{""x"":1.6787148594377497,""y"":46.14457831325301,""width"":95.38152610441767,""height"":10.120481927710872,""rotation"":0,""rectanglelabels"":[""AC""],""original_width"":1200,""original_height"":1520},{""x"":1.5261044176706826,""y"":56.26506024096386,""width"":95.68674698795182,""height"":8.554216867469894,""rotation"":0,""rectanglelabels"":[""AC""],""original_width"":1200,""original_height"":1520},{""x"":1.5261044176706826,""y"":64.8192771084337,""width"":95.99196787148595,""height"":5.060240963855462,""rotation"":0,""rectanglelabels"":[""AC""],""original_width"":1200,""original_height"":1520},{""x"":0.4578313253012046,""y"":69.87951807228916,""width"":96.6024096385542,""height"":27.710843373493972,""rotation"":0,""rectanglelabels"":[""AI""],""original_width"":1200,""original_height"":1520}]",123.44799999999998,"2025-07-21T09:58:17.895980Z"
3717,"1","2025-07-21T09:58:31.835101Z",8916,"https://iiif.irht.cnrs.fr/iiif/ark:/63955/vd86j9d9w7ct/full/1200,/0/default.jpg","[{""x"":0.2799999999999969,""y"":30.459999999999997,""width"":99.72,""height"":8.36,""rotation"":0,""rectanglelabels"":[""AC""],""original_width"":1200,""original_height"":1606},{""x"":0.26499999999999857,""y"":47.385,""width"":99.72999999999999,""height"":21.41,""rotation"":0,""rectanglelabels"":[""AC""],""original_width"":1200,""original_height"":1606},{""x"":0.24000000000000132,""y"":77.7483734939759,""width"":99.72000000000001,""height"":22.0866265060241,""rotation"":0,""rectanglelabels"":[""AC""],""original_width"":1200,""original_height"":1606},{""x"":0,""y"":38.934999999999974,""width"":99.99999999999997,""height"":8.389999999999995,""rotation"":0,""rectanglelabels"":[""AC""],""original_width"":1200,""original_height"":1606},{""x"":1.6100000000000054,""y"":68.86144578313254,""width"":98.32,""height"":9.05855421686747,""rotation"":0,""rectanglelabels"":[""AC""],""original_width"":1200,""original_height"":1606},{""x"":0,""y"":0.10499999999999954,""width"":100,""height"":30.330000000000002,""rotation"":0,""rectanglelabels"":[""AF""],""original_width"":1200,""original_height"":1606}]",13.007,"2025-07-21T09:58:31.835101Z"
6597,"1","2025-08-05T09:08:33.904982Z",8917,"https://iiif.irht.cnrs.fr/iiif/ark:/63955/v200cs53o6mk/full/1200,/0/default.jpg","[{""x"":-0.0050000000000050004,""y"":65.35499999999999,""width"":99.85000000000001,""height"":34.489999999999995,""rotation"":0,""rectanglelabels"":[""AI""],""original_width"":1200,""original_height"":1520},{""x"":0.004999999999999449,""y"":0.11999999999999789,""width"":99.75,""height"":65.32,""rotation"":0,""rectanglelabels"":[""AC""],""original_width"":1200,""original_height"":1520}]",3.754,"2025-08-05T09:08:33.904982Z"
6598,"1","2025-08-05T09:08:38.496700Z",8918,"https://iiif.irht.cnrs.fr/iiif/ark:/63955/vstkhfzx4aac/full/1200,/0/default.jpg","[{""x"":0.21499999999999853,""y"":0.09500000000000064,""width"":99.79,""height"":55.65,""rotation"":0,""rectanglelabels"":[""AF""],""original_width"":1200,""original_height"":1606},{""x"":0.20000000000000018,""y"":55.65,""width"":99.76,""height"":43.24,""rotation"":0,""rectanglelabels"":[""AI""],""original_width"":1200,""original_height"":1606}]",3.382,"2025-08-05T09:08:38.496700Z"
6599,"1","2025-08-05T09:08:43.881712Z",8919,"https://iiif.irht.cnrs.fr/iiif/ark:/63955/vhumu3i2gc5g/full/1200,/0/default.jpg","[{""x"":0.009999999999998899,""y"":49.155,""width"":99.78,""height"":50.67,""rotation"":0,""rectanglelabels"":[""AI""],""original_width"":1200,""original_height"":1520},{""x"":0.040000000000001146,""y"":0.1250000000000001,""width"":99.68,""height"":49.05,""rotation"":0,""rectanglelabels"":[""AF""],""original_width"":1200,""original_height"":1520}]",4.234,"2025-08-05T09:08:43.881712Z"
6600,"1","2025-08-05T09:08:50.362346Z",8920,"https://iiif.irht.cnrs.fr/iiif/ark:/63955/vch9ikxp6ih0/full/1200,/0/default.jpg","[{""x"":1.4549999999999952,""y"":0.03499999999999892,""width"":98.55000000000001,""height"":44.65,""rotation"":0,""rectanglelabels"":[""AF""],""original_width"":1200,""original_height"":1606},{""x"":1.7850000000000033,""y"":44.635000000000005,""width"":98.21,""height"":54.669999999999995,""rotation"":0,""rectanglelabels"":[""AI""],""original_width"":1200,""original_height"":1606}]",3.547,"2025-08-05T09:08:50.362346Z"
6601,"1","2025-08-05T09:08:54.990042Z",8921,"https://iiif.irht.cnrs.fr/iiif/ark:/63955/v2zf2wjc6vt0/full/1200,/0/default.jpg","[{""x"":0.004999999999999449,""y"":0.035000000000001696,""width"":99.79,""height"":74.19,""rotation"":0,""rectanglelabels"":[""AF""],""original_width"":1200,""original_height"":1520},{""x"":0.004999999999999449,""y"":74.44999999999999,""width"":99.97,""height"":25.480000000000004,""rotation"":0,""rectanglelabels"":[""AC""],""original_width"":1200,""original_height"":1520}]",3.179,"2025-08-05T09:08:54.990042Z"
3718,"1","2025-07-21T09:59:52.697006Z",8922,"https://iiif.irht.cnrs.fr/iiif/ark:/63955/vio40rldw1qe/full/1200,/0/default.jpg","[{""x"":0.07999999999999674,""y"":0.13000000000000234,""width"":99.92,""height"":80.64,""rotation"":0,""rectanglelabels"":[""AC""],""original_width"":1200,""original_height"":1606},{""x"":0.024999999999997278,""y"":80.60162650602409,""width"":99.94999999999999,""height"":18.3533734939759,""rotation"":0,""rectanglelabels"":[""AI""],""original_width"":1200,""original_height"":1606}]",5.053,"2025-07-21T09:59:52.697006Z"
6602,"1","2025-08-05T09:09:02.703360Z",8923,"https://iiif.irht.cnrs.fr/iiif/ark:/63955/vb8z9y6rf6te/full/1200,/0/default.jpg","[{""x"":0.050000000000000044,""y"":0.07499999999999729,""width"":99.8,""height"":57.25,""rotation"":0,""rectanglelabels"":[""AF""],""original_width"":1200,""original_height"":1520},{""x"":0.014999999999998348,""y"":57.10000000000001,""width"":99.91,""height"":42.78,""rotation"":0,""rectanglelabels"":[""AI""],""original_width"":1200,""original_height"":1520}]",3.546,"2025-08-05T09:09:02.703360Z"
6603,"1","2025-08-05T09:09:14.684623Z",8924,"https://iiif.irht.cnrs.fr/iiif/ark:/63955/vip8h4aoqrr1/full/1200,/0/default.jpg","[{""x"":0.014999999999998348,""y"":0.10999999999999899,""width"":99.81,""height"":99.48,""rotation"":0,""rectanglelabels"":[""AI""],""original_width"":1200,""original_height"":1569}]",4.488,"2025-08-05T09:09:14.684623Z"
3719,"1","2025-07-21T10:00:44.241434Z",8925,"https://iiif.irht.cnrs.fr/iiif/ark:/63955/vmvb68h22ikq/full/1200,/0/default.jpg","[{""x"":1.9750000000000152,""y"":0.06000000000000419,""width"":98.02499999999993,""height"":45.618852754141045,""rotation"":0,""rectanglelabels"":[""AF""],""original_width"":1200,""original_height"":1606},{""x"":0.6400000000000017,""y"":74.68,""width"":99.33999999999999,""height"":24.68,""rotation"":0,""rectanglelabels"":[""AI""],""original_width"":1200,""original_height"":1606},{""x"":0.7099999999999995,""y"":49.095,""width"":99.24,""height"":25.669999999999998,""rotation"":0,""rectanglelabels"":[""AC""],""original_width"":1200,""original_height"":1606},{""x"":2.0605214607517497e-14,""y"":45.71107366716664,""width"":100,""height"":3.31101444112586,""rotation"":0,""rectanglelabels"":[""AC""],""original_width"":1200,""original_height"":1606}]",33.688,"2025-07-21T10:00:44.241434Z"
6604,"1","2025-08-05T09:09:26.668173Z",8926,"https://iiif.irht.cnrs.fr/iiif/ark:/63955/vnli8yfaotlx/full/1200,/0/default.jpg","[{""x"":0.035000000000001696,""y"":0.035000000000001696,""width"":99.69,""height"":74.92999999999999,""rotation"":0,""rectanglelabels"":[""AF""],""original_width"":1200,""original_height"":1520},{""x"":-0.004999999999999449,""y"":75.095,""width"":99.97,""height"":24.79,""rotation"":0,""rectanglelabels"":[""AI""],""original_width"":1200,""original_height"":1520}]",3.879,"2025-08-05T09:09:26.668173Z"
6605,"1","2025-08-05T09:09:31.242253Z",8927,"https://iiif.irht.cnrs.fr/iiif/ark:/63955/vsuvymb5gprc/full/1200,/0/default.jpg","[{""x"":0.4449999999999954,""y"":0.19000000000000128,""width"":99.55000000000001,""height"":99.22,""rotation"":0,""rectanglelabels"":[""AF""],""original_width"":1200,""original_height"":1606}]",3.452,"2025-08-05T09:09:31.242253Z"
6296,"1","2025-08-05T08:27:49.613082Z",8928,"https://iiif.irht.cnrs.fr/iiif/ark:/63955/v0m85eq8k0v3/full/1200,/0/default.jpg","[{""x"":0.030000000000002247,""y"":26.75,""width"":99.82,""height"":43.94,""rotation"":0,""rectanglelabels"":[""AC""],""original_width"":1200,""original_height"":1592},{""x"":0.009999999999998899,""y"":0.09999999999999731,""width"":99.88,""height"":26.740000000000002,""rotation"":0,""rectanglelabels"":[""AF""],""original_width"":1200,""original_height"":1592},{""x"":0.004999999999999449,""y"":70.655,""width"":99.87,""height"":29.23,""rotation"":0,""rectanglelabels"":[""AI""],""original_width"":1200,""original_height"":1592}]",1.698,"2025-08-05T08:27:49.613082Z"
6606,"1","2025-08-05T09:09:36.349637Z",8929,"https://iiif.irht.cnrs.fr/iiif/ark:/63955/vk7f10dc0ouq/full/1200,/0/default.jpg","[{""x"":0.08000000000000229,""y"":53.17999999999999,""width"":99.83999999999999,""height"":46.739999999999995,""rotation"":0,""rectanglelabels"":[""AI""],""original_width"":1200,""original_height"":1569},{""x"":0.014999999999998348,""y"":0.07499999999999729,""width"":99.87,""height"":53.09,""rotation"":0,""rectanglelabels"":[""AF""],""original_width"":1200,""original_height"":1569}]",3.729,"2025-08-05T09:09:36.349637Z"
6607,"1","2025-08-05T09:09:43.660495Z",8930,"https://iiif.irht.cnrs.fr/iiif/ark:/63955/vxcv70mysoze/full/1200,/0/default.jpg","[{""x"":0,""y"":19.620000000000005,""width"":99.88,""height"":80.28,""rotation"":0,""rectanglelabels"":[""AC""],""original_width"":1200,""original_height"":1592},{""x"":-0.0050000000000050004,""y"":0.09499999999999925,""width"":99.85000000000001,""height"":19.57,""rotation"":0,""rectanglelabels"":[""AF""],""original_width"":1200,""original_height"":1592}]",6.238,"2025-08-05T09:09:43.660495Z"
3720,"1","2025-07-21T10:05:27.642733Z",8931,"https://iiif.irht.cnrs.fr/iiif/ark:/63955/vw4snccn8g7f/full/1200,/0/default.jpg","[{""x"":0.024999999999997254,""y"":0.10999999999999895,""width"":99.89,""height"":76.45735006973501,""rotation"":0,""rectanglelabels"":[""AC""],""original_width"":1200,""original_height"":1569},{""x"":0,""y"":76.53999999999999,""width"":99.86,""height"":23.3,""rotation"":0,""rectanglelabels"":[""AI""],""original_width"":1200,""original_height"":1569}]",6.205,"2025-07-21T10:05:27.642733Z"
6608,"1","2025-08-05T09:09:56.256484Z",8932,"https://iiif.irht.cnrs.fr/iiif/ark:/63955/vv8g9lhxf8vs/full/1200,/0/default.jpg","[{""x"":-0.0050000000000050004,""y"":65.845,""width"":99.85000000000001,""height"":34.11,""rotation"":0,""rectanglelabels"":[""AI""],""original_width"":1200,""original_height"":1592},{""x"":0.02000000000000335,""y"":0.17999999999999683,""width"":99.83999999999999,""height"":65.8,""rotation"":0,""rectanglelabels"":[""AF""],""original_width"":1200,""original_height"":1592}]",1.403,"2025-08-05T09:09:56.256484Z"
6609,"1","2025-08-05T09:10:02.714017Z",8933,"https://iiif.irht.cnrs.fr/iiif/ark:/63955/v42sq1ke0zb5/full/1200,/0/default.jpg","[{""x"":0.045000000000000595,""y"":63.175000000000004,""width"":99.89,""height"":36.79,""rotation"":0,""rectanglelabels"":[""AI""],""original_width"":1200,""original_height"":1569},{""x"":0.040000000000001146,""y"":0.045000000000000595,""width"":99.83999999999999,""height"":63.31,""rotation"":0,""rectanglelabels"":[""AF""],""original_width"":1200,""original_height"":1569}]",5.08,"2025-08-05T09:10:02.714017Z"
6610,"1","2025-08-05T09:10:13.332830Z",8934,"https://iiif.irht.cnrs.fr/iiif/ark:/63955/vryi4mqkt5g1/full/1200,/0/default.jpg","[{""x"":0.004999999999999449,""y"":0.21000000000000463,""width"":99.85000000000001,""height"":99.74,""rotation"":0,""rectanglelabels"":[""AF""],""original_width"":1200,""original_height"":1592}]",6.76,"2025-08-05T09:10:13.332830Z"
6611,"1","2025-08-05T09:10:20.975058Z",8935,"https://iiif.irht.cnrs.fr/iiif/ark:/63955/vmpm4n2ciugk/full/1200,/0/default.jpg","[{""x"":-0.004999999999999449,""y"":0.2599999999999991,""width"":99.92999999999999,""height"":99.36,""rotation"":0,""rectanglelabels"":[""AC""],""original_width"":1200,""original_height"":1569}]",4.131,"2025-08-05T09:10:20.975058Z"
6612,"1","2025-08-05T09:10:26.572179Z",8936,"https://iiif.irht.cnrs.fr/iiif/ark:/63955/vxsfdrzh6d2e/full/1200,/0/default.jpg","[{""x"":0.10499999999999399,""y"":0.06499999999999839,""width"":99.89,""height"":99.91,""rotation"":0,""rectanglelabels"":[""Table""],""original_width"":1200,""original_height"":1543}]",4.186,"2025-08-05T09:10:26.572179Z"
6613,"1","2025-08-05T09:10:33.810459Z",8937,"https://iiif.irht.cnrs.fr/iiif/ark:/63955/vn7m8mm7yrzw/full/1200,/0/default.jpg","[{""x"":0,""y"":61.47,""width"":99.9,""height"":38.48,""rotation"":0,""rectanglelabels"":[""AI""],""original_width"":1200,""original_height"":1592},{""x"":0,""y"":0.22499999999999742,""width"":99.9,""height"":61.35,""rotation"":0,""rectanglelabels"":[""AC""],""original_width"":1200,""original_height"":1592}]",4.616,"2025-08-05T09:10:33.810459Z"
6614,"1","2025-08-05T09:10:39.764282Z",8938,"https://iiif.irht.cnrs.fr/iiif/ark:/63955/va3i0oc64esu/full/1200,/0/default.jpg","[{""x"":0.034999999999996145,""y"":0.15000000000000013,""width"":99.85000000000001,""height"":99.74,""rotation"":0,""rectanglelabels"":[""AF""],""original_width"":1200,""original_height"":1569}]",4.859,"2025-08-05T09:10:39.764282Z"
6615,"1","2025-08-05T09:10:46.521543Z",8939,"https://iiif.irht.cnrs.fr/iiif/ark:/63955/v1xh3azyqkmy/full/1200,/0/default.jpg","[{""x"":0,""y"":52.190000000000005,""width"":99.86,""height"":47.760000000000005,""rotation"":0,""rectanglelabels"":[""AI""],""original_width"":1200,""original_height"":1592},{""x"":0,""y"":0.14000000000000123,""width"":99.88,""height"":52.16,""rotation"":0,""rectanglelabels"":[""AC""],""original_width"":1200,""original_height"":1592}]",5.671,"2025-08-05T09:10:46.521543Z"
6616,"1","2025-08-05T09:10:52.567018Z",8940,"https://iiif.irht.cnrs.fr/iiif/ark:/63955/v6ult1jl0gv4/full/1200,/0/default.jpg","[{""x"":0.004999999999999449,""y"":0,""width"":99.91,""height"":37.980000000000004,""rotation"":0,""rectanglelabels"":[""AF""],""original_width"":1200,""original_height"":1569},{""x"":0.035000000000001696,""y"":37.935,""width"":99.83,""height"":61.17,""rotation"":0,""rectanglelabels"":[""AC""],""original_width"":1200,""original_height"":1569}]",4.412,"2025-08-05T09:10:52.567018Z"
6617,"1","2025-08-05T09:10:57.980035Z",8941,"https://iiif.irht.cnrs.fr/iiif/ark:/63955/vzwtb2ypvsqs/full/1200,/0/default.jpg","[{""x"":0,""y"":0.25499999999999967,""width"":99.88,""height"":99.71,""rotation"":0,""rectanglelabels"":[""AC""],""original_width"":1200,""original_height"":1592}]",3.65,"2025-08-05T09:10:57.980035Z"
6618,"1","2025-08-05T09:11:03.860390Z",8942,"https://iiif.irht.cnrs.fr/iiif/ark:/63955/vau29ttufs1a/full/1200,/0/default.jpg","[{""x"":0.004999999999999449,""y"":66.355,""width"":99.91,""height"":32.95,""rotation"":0,""rectanglelabels"":[""AI""],""original_width"":1200,""original_height"":1569},{""x"":0.009999999999998899,""y"":0.07999999999999674,""width"":99.88,""height"":66.3,""rotation"":0,""rectanglelabels"":[""AC""],""original_width"":1200,""original_height"":1569}]",4.553,"2025-08-05T09:11:03.860390Z"
6619,"1","2025-08-05T09:11:11.936853Z",8943,"https://iiif.irht.cnrs.fr/iiif/ark:/63955/vdubwgccbhb7/full/1200,/0/default.jpg","[{""x"":0.050000000000000044,""y"":0.08499999999999619,""width"":99.8,""height"":99.91,""rotation"":0,""rectanglelabels"":[""AM""],""original_width"":1200,""original_height"":1592}]",0.986,"2025-08-05T09:11:11.936853Z"
6620,"1","2025-08-05T09:11:18.876266Z",8944,"https://iiif.irht.cnrs.fr/iiif/ark:/63955/vama9c512xbx/full/1200,/0/default.jpg","[{""x"":0,""y"":0.05999999999999894,""width"":99.83999999999999,""height"":99.48,""rotation"":0,""rectanglelabels"":[""AM""],""original_width"":1200,""original_height"":1569}]",5.418,"2025-08-05T09:11:18.876266Z"
6295,"1","2025-08-05T08:27:47.083557Z",8945,"https://iiif.irht.cnrs.fr/iiif/ark:/63955/v0lrtf6lhhyb/full/1200,/0/default.jpg","[{""x"":0.09499999999999509,""y"":53.555,""width"":99.91,""height"":46.19,""rotation"":0,""rectanglelabels"":[""AI""],""original_width"":1200,""original_height"":1634},{""x"":0.06499999999999839,""y"":0.12999999999999678,""width"":99.87,""height"":53.52,""rotation"":0,""rectanglelabels"":[""AF""],""original_width"":1200,""original_height"":1634}]",1.991,"2025-08-05T08:27:47.083557Z"
6621,"1","2025-08-05T09:11:26.135450Z",8946,"https://iiif.irht.cnrs.fr/iiif/ark:/63955/vtvs573nibx5/full/1200,/0/default.jpg","[{""x"":0.004999999999999449,""y"":0.13999999999999568,""width"":99.85000000000001,""height"":99.76,""rotation"":0,""rectanglelabels"":[""AF""],""original_width"":1200,""original_height"":1598}]",3.357,"2025-08-05T09:11:26.135450Z"
6622,"1","2025-08-05T09:11:30.568257Z",8947,"https://iiif.irht.cnrs.fr/iiif/ark:/63955/vpcpsiz0x627/full/1200,/0/default.jpg","[{""x"":0.039999999999995595,""y"":0.035000000000001696,""width"":99.96000000000001,""height"":99.69,""rotation"":0,""rectanglelabels"":[""Table""],""original_width"":1200,""original_height"":1595}]",3.344,"2025-08-05T09:11:30.568257Z"
6623,"1","2025-08-05T09:11:34.647031Z",8948,"https://iiif.irht.cnrs.fr/iiif/ark:/63955/vm6hr8kpkip5/full/1200,/0/default.jpg","[{""x"":0.019999999999997797,""y"":0.9800000000000031,""width"":99.98,""height"":98.96000000000001,""rotation"":0,""rectanglelabels"":[""AC""],""original_width"":1200,""original_height"":1620}]",2.562,"2025-08-05T09:11:34.647031Z"
6624,"1","2025-08-05T09:11:39.337780Z",8949,"https://iiif.irht.cnrs.fr/iiif/ark:/63955/v9jlg53x4eqz/full/1200,/0/default.jpg","[{""x"":0,""y"":0.28000000000000247,""width"":100,""height"":99.62,""rotation"":0,""rectanglelabels"":[""AC""],""original_width"":1200,""original_height"":1574}]",2.692,"2025-08-05T09:11:39.337780Z"
3721,"1","2025-07-21T10:19:28.194336Z",8950,"https://iiif.irht.cnrs.fr/iiif/ark:/63955/v7w6bjpmhv9o/full/1200,/0/default.jpg","[{""x"":0,""y"":65.257119944212,""width"":99.99999999999996,""height"":34.607880055787994,""rotation"":0,""rectanglelabels"":[""AI""],""original_width"":1200,""original_height"":1620},{""x"":0.030000000000002247,""y"":0.20499999999999963,""width"":99.9,""height"":64.79,""rotation"":0,""rectanglelabels"":[""AC""],""original_width"":1200,""original_height"":1620}]",8.964,"2025-07-21T10:19:28.194336Z"
6625,"1","2025-08-05T09:11:48.524181Z",8951,"https://iiif.irht.cnrs.fr/iiif/ark:/63955/vd0xyqhgfnpz/full/1200,/0/default.jpg","[{""x"":0,""y"":0.22000000000000353,""width"":100,""height"":99.74,""rotation"":0,""rectanglelabels"":[""AM""],""original_width"":1200,""original_height"":1574}]",3.88,"2025-08-05T09:11:48.524181Z"
6626,"1","2025-08-05T09:11:56.789777Z",8952,"https://iiif.irht.cnrs.fr/iiif/ark:/63955/v954c39ru8yr/full/1200,/0/default.jpg","[{""x"":0.05499999999999394,""y"":63.91,""width"":99.95,""height"":34.64,""rotation"":0,""rectanglelabels"":[""AI""],""original_width"":1200,""original_height"":1620},{""x"":0.004999999999999449,""y"":0.07499999999999729,""width"":99.95,""height"":63.870000000000005,""rotation"":0,""rectanglelabels"":[""AF""],""original_width"":1200,""original_height"":1620}]",4.787,"2025-08-05T09:11:56.789777Z"
3734,"1","2025-07-21T12:48:14.204064Z",8953,"https://iiif.irht.cnrs.fr/iiif/ark:/63955/vf9b5ws05hd6/full/1200,/0/default.jpg","[{""x"":3.006232408524324,""y"":2.7744270205066304,""width"":92.40209087253723,""height"":53.075995174909515,""rotation"":0,""rectanglelabels"":[""AF""],""original_width"":1200,""original_height"":1574},{""x"":3.3226779252110963,""y"":55.72979493365501,""width"":91.92742259750702,""height"":39.686369119421,""rotation"":0,""rectanglelabels"":[""AC""],""original_width"":1200,""original_height"":1574}]",53.973,"2025-07-21T12:48:14.204064Z"
6627,"1","2025-08-05T09:12:06.031516Z",8954,"https://iiif.irht.cnrs.fr/iiif/ark:/63955/vecwwscjibto/full/1200,/0/default.jpg","[{""x"":0.014999999999998348,""y"":0.06499999999999839,""width"":99.91,""height"":79.51,""rotation"":0,""rectanglelabels"":[""AC""],""original_width"":1200,""original_height"":1606},{""x"":0,""y"":80.06500000000001,""width"":99.92,""height"":19.05,""rotation"":0,""rectanglelabels"":[""AI""],""original_width"":1200,""original_height"":1606}]",3.621,"2025-08-05T09:12:06.031516Z"
3735,"1","2025-07-21T13:18:57.833147Z",8955,"https://iiif.irht.cnrs.fr/iiif/ark:/63955/vg6rpxlywdd5/full/1200,/0/default.jpg","[{""x"":4.85722573273506e-15,""y"":66.24000000000001,""width"":100,""height"":33.76,""rotation"":0,""rectanglelabels"":[""AI""],""original_width"":1200,""original_height"":1574},{""x"":0.014999999999998372,""y"":0.05499999999999947,""width"":99.98499999999996,""height"":66.18807228915664,""rotation"":0,""rectanglelabels"":[""AF""],""original_width"":1200,""original_height"":1574}]",10.094,"2025-07-21T13:18:57.833147Z"
6628,"1","2025-08-05T09:12:15.599697Z",8956,"https://iiif.irht.cnrs.fr/iiif/ark:/63955/voi2hj7yxed9/full/1200,/0/default.jpg","[{""x"":0.07499999999999729,""y"":0.10499999999999954,""width"":99.85000000000001,""height"":62.93,""rotation"":0,""rectanglelabels"":[""AF""],""original_width"":1200,""original_height"":1606},{""x"":0.014999999999998348,""y"":62.985,""width"":99.99,""height"":34.589999999999996,""rotation"":0,""rectanglelabels"":[""AI""],""original_width"":1200,""original_height"":1606}]",3.963,"2025-08-05T09:12:15.599697Z"
3736,"1","2025-07-21T13:19:09.203432Z",8957,"https://iiif.irht.cnrs.fr/iiif/ark:/63955/vaa1mujxn7et/full/1200,/0/default.jpg","[{""x"":-4.496403249731884e-15,""y"":59.23,""width"":100,""height"":40.77,""rotation"":0,""rectanglelabels"":[""AI""],""original_width"":1200,""original_height"":1574},{""x"":0,""y"":0.07499999999999726,""width"":100,""height"":59.10855421686747,""rotation"":0,""rectanglelabels"":[""AF""],""original_width"":1200,""original_height"":1574}]",7.782,"2025-07-21T13:19:09.203432Z"
6629,"1","2025-08-05T09:12:23.673354Z",8958,"https://iiif.irht.cnrs.fr/iiif/ark:/63955/vsx2bopc43aw/full/1200,/0/default.jpg","[{""x"":0.09499999999999509,""y"":0.1300000000000023,""width"":99.91,""height"":99.86,""rotation"":0,""rectanglelabels"":[""Table""],""original_width"":1200,""original_height"":1543}]",16.13,"2025-08-05T09:12:23.673354Z"
6630,"1","2025-08-05T09:12:28.267427Z",8959,"https://iiif.irht.cnrs.fr/iiif/ark:/63955/vz3rl1nyftmy/full/1200,/0/default.jpg","[{""x"":0.2899999999999958,""y"":0.045000000000000595,""width"":99.68,""height"":40.63,""rotation"":0,""rectanglelabels"":[""AF""],""original_width"":1200,""original_height"":1606},{""x"":0.27499999999999747,""y"":40.614999999999995,""width"":99.72999999999999,""height"":59.330000000000005,""rotation"":0,""rectanglelabels"":[""AI""],""original_width"":1200,""original_height"":1606}]",3.068,"2025-08-05T09:12:28.267427Z"
6631,"1","2025-08-05T09:12:36.527264Z",8960,"https://iiif.irht.cnrs.fr/iiif/ark:/63955/vv3h32fhgorq/full/1200,/0/default.jpg","[{""x"":0,""y"":0.17999999999999683,""width"":99.94,""height"":99.72,""rotation"":0,""rectanglelabels"":[""AM""],""original_width"":1200,""original_height"":1574}]",3.726,"2025-08-05T09:12:36.527264Z"
6632,"1","2025-08-05T09:12:45.159764Z",8961,"https://iiif.irht.cnrs.fr/iiif/ark:/63955/vqekac8iq1hu/full/1200,/0/default.jpg","[{""x"":0.14999999999999458,""y"":25.504999999999995,""width"":99.8,""height"":73.67,""rotation"":0,""rectanglelabels"":[""AI""],""original_width"":1200,""original_height"":1606},{""x"":0.4200000000000037,""y"":0.12000000000000066,""width"":99.52,""height"":25.4,""rotation"":0,""rectanglelabels"":[""AF""],""original_width"":1200,""original_height"":1606}]",4.601,"2025-08-05T09:12:45.159764Z"
6633,"1","2025-08-05T09:12:54.892157Z",8962,"https://iiif.irht.cnrs.fr/iiif/ark:/63955/vs2wg1b9o94s/full/1200,/0/default.jpg","[{""x"":0,""y"":0.05999999999999894,""width"":100,""height"":73.58,""rotation"":0,""rectanglelabels"":[""AF""],""original_width"":1200,""original_height"":1574},{""x"":0.07499999999999729,""y"":73.205,""width"":99.92999999999999,""height"":26.75,""rotation"":0,""rectanglelabels"":[""AI""],""original_width"":1200,""original_height"":1574}]",4.842,"2025-08-05T09:12:54.892157Z"
6634,"1","2025-08-05T09:12:58.332303Z",8963,"https://iiif.irht.cnrs.fr/iiif/ark:/63955/vr7u6pbvh2lv/full/1200,/0/default.jpg","[{""x"":0.15499999999999958,""y"":53.78000000000001,""width"":99.85000000000001,""height"":45.98,""rotation"":0,""rectanglelabels"":[""AI""],""original_width"":1200,""original_height"":1606},{""x"":0.18500000000000183,""y"":0.024999999999997247,""width"":99.77000000000001,""height"":53.790000000000006,""rotation"":0,""rectanglelabels"":[""AF""],""original_width"":1200,""original_height"":1606}]",2.232,"2025-08-05T09:12:58.332303Z"
6635,"1","2025-08-05T09:13:03.853305Z",8964,"https://iiif.irht.cnrs.fr/iiif/ark:/63955/vmw7veywvspy/full/1200,/0/default.jpg","[{""x"":0.004999999999999449,""y"":0.11999999999999789,""width"":99.99,""height"":99.82,""rotation"":0,""rectanglelabels"":[""AF""],""original_width"":1200,""original_height"":1574}]",4.14,"2025-08-05T09:13:03.853305Z"
3722,"1","2025-07-21T10:23:56.695937Z",8965,"https://iiif.irht.cnrs.fr/iiif/ark:/63955/vp500eoajg2r/full/1200,/0/default.jpg","[{""x"":0.04999999999999357,""y"":0.3499999999999905,""width"":99.94999999999993,""height"":65.34037656903766,""rotation"":0,""rectanglelabels"":[""AC""],""original_width"":1200,""original_height"":1606}]",7.722,"2025-07-21T10:23:56.695937Z"
6636,"1","2025-08-05T09:13:10.364635Z",8966,"https://iiif.irht.cnrs.fr/iiif/ark:/63955/vb9gm4xpqtcm/full/1200,/0/default.jpg","[{""x"":0,""y"":0.06499999999999839,""width"":100,""height"":79.53,""rotation"":0,""rectanglelabels"":[""AC""],""original_width"":1200,""original_height"":1574},{""x"":0.019999999999997797,""y"":79.97500000000001,""width"":99.98,""height"":19.99,""rotation"":0,""rectanglelabels"":[""AI""],""original_width"":1200,""original_height"":1574}]",3.856,"2025-08-05T09:13:10.364635Z"
6291,"1","2025-08-05T08:27:26.602564Z",8967,"https://iiif.irht.cnrs.fr/iiif/ark:/63955/v071z4xrtvgz/full/1200,/0/default.jpg","[{""x"":0.040000000000001146,""y"":0.1250000000000029,""width"":99.9,""height"":70.50999999999999,""rotation"":0,""rectanglelabels"":[""AF""],""original_width"":1200,""original_height"":1606},{""x"":0.044999999999995044,""y"":70.52499999999999,""width"":99.95,""height"":29.39,""rotation"":0,""rectanglelabels"":[""AI""],""original_width"":1200,""original_height"":1606}]",1.758,"2025-08-05T08:27:26.602564Z"
6637,"1","2025-08-05T09:13:15.538801Z",8968,"https://iiif.irht.cnrs.fr/iiif/ark:/63955/vvhdksx0uob4/full/1200,/0/default.jpg","[{""x"":0.009999999999998899,""y"":0.07499999999999729,""width"":99.98,""height"":56.03,""rotation"":0,""rectanglelabels"":[""AF""],""original_width"":1200,""original_height"":1574},{""x"":0.034999999999996145,""y"":55.974999999999994,""width"":99.97,""height"":43.97,""rotation"":0,""rectanglelabels"":[""AI""],""original_width"":1200,""original_height"":1574}]",2.958,"2025-08-05T09:13:15.538801Z"
6638,"1","2025-08-05T09:13:20.516970Z",8969,"https://iiif.irht.cnrs.fr/iiif/ark:/63955/vjnnj5uw88lk/full/1200,/0/default.jpg","[{""x"":0.004999999999999449,""y"":0.045000000000000595,""width"":99.99,""height"":99.71,""rotation"":0,""rectanglelabels"":[""Table""],""original_width"":1200,""original_height"":1595}]",3.568,"2025-08-05T09:13:20.516970Z"
6639,"1","2025-08-05T09:13:24.831290Z",8970,"https://iiif.irht.cnrs.fr/iiif/ark:/63955/v4y92nzvzmw7/full/1200,/0/default.jpg","[{""x"":0,""y"":47.555,""width"":99.96000000000001,""height"":52.349999999999994,""rotation"":0,""rectanglelabels"":[""AI""],""original_width"":1200,""original_height"":1588},{""x"":0.004999999999999449,""y"":0.1600000000000018,""width"":99.95,""height"":47.5,""rotation"":0,""rectanglelabels"":[""AF""],""original_width"":1200,""original_height"":1588}]",2.629,"2025-08-05T09:13:24.831290Z"
6640,"1","2025-08-05T09:13:30.187100Z",8971,"https://iiif.irht.cnrs.fr/iiif/ark:/63955/vovbln4h44cm/full/1200,/0/default.jpg","[{""x"":0.025000000000002798,""y"":57.440000000000005,""width"":99.83,""height"":42.46,""rotation"":0,""rectanglelabels"":[""AI""],""original_width"":1200,""original_height"":1582},{""x"":0.004999999999999449,""y"":0.054999999999999494,""width"":99.87,""height"":57.53,""rotation"":0,""rectanglelabels"":[""AF""],""original_width"":1200,""original_height"":1582}]",2.285,"2025-08-05T09:13:30.187100Z"
6641,"1","2025-08-05T09:13:43.793792Z",8972,"https://iiif.irht.cnrs.fr/iiif/ark:/63955/vixefx939d88/full/1200,/0/default.jpg","[{""x"":0,""y"":0.029999999999996696,""width"":100,""height"":68.2,""rotation"":0,""rectanglelabels"":[""AF""],""original_width"":1200,""original_height"":1588},{""x"":0,""y"":67.97999999999999,""width"":100,""height"":31.740000000000002,""rotation"":0,""rectanglelabels"":[""AI""],""original_width"":1200,""original_height"":1588}]",12.108,"2025-08-05T09:13:43.793792Z"
6642,"1","2025-08-05T09:13:50.479311Z",8973,"https://iiif.irht.cnrs.fr/iiif/ark:/63955/vnawm6v923xy/full/1200,/0/default.jpg","[{""x"":0,""y"":41.965,""width"":99.86,""height"":57.93000000000001,""rotation"":0,""rectanglelabels"":[""AI""],""original_width"":1200,""original_height"":1582},{""x"":0.004999999999999449,""y"":0.06000000000000172,""width"":99.91,""height"":42.199999999999996,""rotation"":0,""rectanglelabels"":[""AF""],""original_width"":1200,""original_height"":1582}]",5.4,"2025-08-05T09:13:50.479311Z"
6643,"1","2025-08-05T09:13:54.108887Z",8974,"https://iiif.irht.cnrs.fr/iiif/ark:/63955/veimjzqncc5a/full/1200,/0/default.jpg","[{""x"":0.004999999999999449,""y"":31.805,""width"":99.95,""height"":67.23,""rotation"":0,""rectanglelabels"":[""AC""],""original_width"":1200,""original_height"":1588},{""x"":0,""y"":0.15000000000000013,""width"":100,""height"":31.740000000000002,""rotation"":0,""rectanglelabels"":[""AF""],""original_width"":1200,""original_height"":1588}]",2.691,"2025-08-05T09:13:54.108887Z"
6644,"1","2025-08-05T09:13:57.214447Z",8975,"https://iiif.irht.cnrs.fr/iiif/ark:/63955/vrk71ohfwp27/full/1200,/0/default.jpg","[{""x"":-0.004999999999999449,""y"":68.25,""width"":99.91,""height"":31.7,""rotation"":0,""rectanglelabels"":[""AI""],""original_width"":1200,""original_height"":1582},{""x"":-0.004999999999999449,""y"":0.09000000000000119,""width"":99.89,""height"":68.04,""rotation"":0,""rectanglelabels"":[""AC""],""original_width"":1200,""original_height"":1582}]",2.037,"2025-08-05T09:13:57.214447Z"
6645,"1","2025-08-05T09:14:00.793100Z",8976,"https://iiif.irht.cnrs.fr/iiif/ark:/63955/vlpdhygkwfyf/full/1200,/0/default.jpg","[{""x"":0.06499999999999839,""y"":0.17999999999999683,""width"":99.92999999999999,""height"":99.68,""rotation"":0,""rectanglelabels"":[""AM""],""original_width"":1200,""original_height"":1588}]",2.57,"2025-08-05T09:14:00.793100Z"
6646,"1","2025-08-05T09:14:04.745306Z",8977,"https://iiif.irht.cnrs.fr/iiif/ark:/63955/v1hfs5s5a2wv/full/1200,/0/default.jpg","[{""x"":0,""y"":0.12499999999999178,""width"":99.92,""height"":99.85000000000001,""rotation"":0,""rectanglelabels"":[""AM""],""original_width"":1200,""original_height"":1590}]",3.101,"2025-08-05T09:14:04.745306Z"
6647,"1","2025-08-05T09:14:09.157736Z",8978,"https://iiif.irht.cnrs.fr/iiif/ark:/63955/vayjrdghfn34/full/1200,/0/default.jpg","[{""x"":0.034999999999996145,""y"":0.19000000000000128,""width"":99.97,""height"":99.53999999999999,""rotation"":0,""rectanglelabels"":[""AM""],""original_width"":1200,""original_height"":1588}]",2.27,"2025-08-05T09:14:09.157736Z"
3723,"1","2025-07-21T10:27:37.399549Z",8979,"https://iiif.irht.cnrs.fr/iiif/ark:/63955/v1k3h50w3gyl/full/1200,/0/default.jpg","[{""x"":0,""y"":0.05999999999999896,""width"":99.96000000000002,""height"":68.73576011157601,""rotation"":0,""rectanglelabels"":[""AF""],""original_width"":1200,""original_height"":1590},{""x"":0,""y"":68.95,""width"":99.96000000000001,""height"":31.04,""rotation"":0,""rectanglelabels"":[""AI""],""original_width"":1200,""original_height"":1590}]",5.33,"2025-07-21T10:27:37.399549Z"
6648,"1","2025-08-05T09:14:15.988089Z",8980,"https://iiif.irht.cnrs.fr/iiif/ark:/63955/vye3yf04h8we/full/1200,/0/default.jpg","[{""x"":0.09999999999999454,""y"":0.050000000000000044,""width"":99.9,""height"":99.94,""rotation"":0,""rectanglelabels"":[""Table""],""original_width"":1200,""original_height"":1543}]",2.492,"2025-08-05T09:14:15.988089Z"
6649,"1","2025-08-05T09:14:20.316450Z",8981,"https://iiif.irht.cnrs.fr/iiif/ark:/63955/vvqqov1rsx1q/full/1200,/0/default.jpg","[{""x"":0.039999999999995595,""y"":52.98,""width"":99.86,""height"":46.96,""rotation"":0,""rectanglelabels"":[""AI""],""original_width"":1200,""original_height"":1580},{""x"":0.035000000000001696,""y"":0.33500000000000196,""width"":99.92999999999999,""height"":52.769999999999996,""rotation"":0,""rectanglelabels"":[""AF""],""original_width"":1200,""original_height"":1580}]",3.311,"2025-08-05T09:14:20.316450Z"
6650,"1","2025-08-05T09:14:25.228462Z",8982,"https://iiif.irht.cnrs.fr/iiif/ark:/63955/vgt3xbjkeomy/full/1200,/0/default.jpg","[{""x"":0.004999999999999449,""y"":36.28,""width"":99.92999999999999,""height"":63.68000000000001,""rotation"":0,""rectanglelabels"":[""AC""],""original_width"":1200,""original_height"":1585},{""x"":0.004999999999999449,""y"":0.040000000000001146,""width"":99.85000000000001,""height"":36.5,""rotation"":0,""rectanglelabels"":[""AF""],""original_width"":1200,""original_height"":1585}]",3.691,"2025-08-05T09:14:25.228462Z"
6651,"1","2025-08-05T09:14:29.948350Z",8983,"https://iiif.irht.cnrs.fr/iiif/ark:/63955/vs33s079yt5p/full/1200,/0/default.jpg","[{""x"":0.054999999999999494,""y"":0.27499999999999747,""width"":99.92999999999999,""height"":99.51,""rotation"":0,""rectanglelabels"":[""AC""],""original_width"":1200,""original_height"":1580}]",3.176,"2025-08-05T09:14:29.948350Z"
6652,"1","2025-08-05T09:14:33.692474Z",8984,"https://iiif.irht.cnrs.fr/iiif/ark:/63955/vktkllcjn3zh/full/1200,/0/default.jpg","[{""x"":0,""y"":0.16499999999999848,""width"":99.88,""height"":99.61,""rotation"":0,""rectanglelabels"":[""AC""],""original_width"":1200,""original_height"":1585}]",2.624,"2025-08-05T09:14:33.692474Z"
6653,"1","2025-08-05T09:14:38.449533Z",8985,"https://iiif.irht.cnrs.fr/iiif/ark:/63955/v7xsqi7f4577/full/1200,/0/default.jpg","[{""x"":0,""y"":0.06999999999999784,""width"":100,""height"":70.02000000000001,""rotation"":0,""rectanglelabels"":[""AC""],""original_width"":1200,""original_height"":1580},{""x"":0.050000000000000044,""y"":70.44500000000001,""width"":99.92,""height"":29.45,""rotation"":0,""rectanglelabels"":[""AI""],""original_width"":1200,""original_height"":1580}]",3.431,"2025-08-05T09:14:38.449533Z"
6654,"1","2025-08-05T09:14:42.060358Z",8986,"https://iiif.irht.cnrs.fr/iiif/ark:/63955/v908h97bfwv8/full/1200,/0/default.jpg","[{""x"":-0.004999999999999449,""y"":0.05999999999999894,""width"":99.87,""height"":99.82,""rotation"":0,""rectanglelabels"":[""AM""],""original_width"":1200,""original_height"":1585}]",2.289,"2025-08-05T09:14:42.060358Z"
6655,"1","2025-08-05T09:14:55.911021Z",8987,"https://iiif.irht.cnrs.fr/iiif/ark:/63955/vghut0hw0y3x/full/1200,/0/default.jpg","[{""x"":-0.004999999999999449,""y"":0.050000000000000044,""width"":99.97,""height"":39.32,""rotation"":0,""rectanglelabels"":[""AF""],""original_width"":1200,""original_height"":1580},{""x"":0,""y"":39.32,""width"":99.86,""height"":38.92,""rotation"":0,""rectanglelabels"":[""AC""],""original_width"":1200,""original_height"":1580},{""x"":0.019999999999997797,""y"":78.13,""width"":99.88,""height"":21.62,""rotation"":0,""rectanglelabels"":[""AI""],""original_width"":1200,""original_height"":1580}]",12.861,"2025-08-05T09:14:55.911021Z"
6656,"1","2025-08-05T09:15:01.931260Z",8988,"https://iiif.irht.cnrs.fr/iiif/ark:/63955/vrufy9j4hreh/full/1200,/0/default.jpg","[{""x"":-0.004999999999999449,""y"":58.59000000000001,""width"":99.83,""height"":41.22,""rotation"":0,""rectanglelabels"":[""AI""],""original_width"":1200,""original_height"":1585},{""x"":0.004999999999999449,""y"":0.029999999999996696,""width"":99.83,""height"":58.620000000000005,""rotation"":0,""rectanglelabels"":[""AF""],""original_width"":1200,""original_height"":1585}]",3.302,"2025-08-05T09:15:01.931260Z"
6657,"1","2025-08-05T09:15:05.655298Z",8989,"https://iiif.irht.cnrs.fr/iiif/ark:/63955/vzwr67622fjj/full/1200,/0/default.jpg","[{""x"":0,""y"":0.15499999999999958,""width"":99.82,""height"":53.05,""rotation"":0,""rectanglelabels"":[""AF""],""original_width"":1200,""original_height"":1639},{""x"":0,""y"":53.14,""width"":99.83999999999999,""height"":46.760000000000005,""rotation"":0,""rectanglelabels"":[""AI""],""original_width"":1200,""original_height"":1639}]",2.794,"2025-08-05T09:15:05.655298Z"
6658,"1","2025-08-05T09:15:08.852636Z",8990,"https://iiif.irht.cnrs.fr/iiif/ark:/63955/v9dkr9kqdih8/full/1200,/0/default.jpg","[{""x"":0,""y"":0.08999999999999564,""width"":99.86,""height"":99.86,""rotation"":0,""rectanglelabels"":[""AF""],""original_width"":1200,""original_height"":1585}]",1.935,"2025-08-05T09:15:08.852636Z"
