zone_temp_id;temporary_JJ96-211;register;act_number;warning
51641;29146;JJ168;1;FOLIO vide ou non reconnu dans Acts CSV
51642;29146;JJ168;1;FOLIO vide ou non reconnu dans Acts CSV
51643;29147;JJ168;2;FOLIO vide ou non reconnu dans Acts CSV
51644;29148;JJ168;3;FOLIO vide ou non reconnu dans Acts CSV
51645;29148;JJ168;3;FOLIO vide ou non reconnu dans Acts CSV
51646;29149;JJ168;4;FOLIO vide ou non reconnu dans Acts CSV
51647;29149;JJ168;4;FOLIO vide ou non reconnu dans Acts CSV
51648;29149;JJ168;4;FOLIO vide ou non reconnu dans Acts CSV
51649;29150;JJ168;5;
51650;29150;JJ168;5;
51651;29151;JJ168;6;FOLIO vide ou non reconnu dans Acts CSV
51652;29151;JJ168;6;FOLIO vide ou non reconnu dans Acts CSV
51653;29152;JJ168;7;FOLIO vide ou non reconnu dans Acts CSV
51654;29152;JJ168;7;FOLIO vide ou non reconnu dans Acts CSV
51655;29152;JJ168;7;FOLIO vide ou non reconnu dans Acts CSV
51656;29152;JJ168;7;FOLIO vide ou non reconnu dans Acts CSV
51657;29153;JJ168;8;FOLIO vide ou non reconnu dans Acts CSV
51658;29153;JJ168;8;FOLIO vide ou non reconnu dans Acts CSV
51659;29154;JJ168;9;FOLIO vide ou non reconnu dans Acts CSV
51660;29154;JJ168;9;FOLIO vide ou non reconnu dans Acts CSV
51661;29155;JJ168;10;FOLIO vide ou non reconnu dans Acts CSV
51662;29155;JJ168;10;FOLIO vide ou non reconnu dans Acts CSV
51663;29156;JJ168;11;FOLIO vide ou non reconnu dans Acts CSV
51664;29156;JJ168;11;FOLIO vide ou non reconnu dans Acts CSV
51665;29157;JJ168;12;FOLIO vide ou non reconnu dans Acts CSV
51666;29157;JJ168;12;FOLIO vide ou non reconnu dans Acts CSV
51667;29158;JJ168;13;FOLIO vide ou non reconnu dans Acts CSV
51668;29158;JJ168;13;FOLIO vide ou non reconnu dans Acts CSV
51669;29159;JJ168;14;FOLIO vide ou non reconnu dans Acts CSV
51670;29159;JJ168;14;FOLIO vide ou non reconnu dans Acts CSV
51671;29159;JJ168;14;FOLIO vide ou non reconnu dans Acts CSV
51672;29160;JJ168;14bis;FOLIO vide ou non reconnu dans Acts CSV
51673;29161;JJ168;15;FOLIO vide ou non reconnu dans Acts CSV
51674;29161;JJ168;15;FOLIO vide ou non reconnu dans Acts CSV
51675;29162;JJ168;16;FOLIO vide ou non reconnu dans Acts CSV
51676;29162;JJ168;16;FOLIO vide ou non reconnu dans Acts CSV
51677;29162;JJ168;16;FOLIO vide ou non reconnu dans Acts CSV
51678;29163;JJ168;17;
51679;29163;JJ168;17;
51680;29164;JJ168;18;FOLIO vide ou non reconnu dans Acts CSV
51681;29164;JJ168;18;FOLIO vide ou non reconnu dans Acts CSV
51682;29165;JJ168;19;
51683;29165;JJ168;19;
51684;29166;JJ168;20;FOLIO vide ou non reconnu dans Acts CSV
51685;29166;JJ168;20;FOLIO vide ou non reconnu dans Acts CSV
51686;29167;JJ168;21;FOLIO vide ou non reconnu dans Acts CSV
51687;29167;JJ168;21;FOLIO vide ou non reconnu dans Acts CSV
51688;29168;JJ168;22;
51689;29168;JJ168;22;
51690;29169;JJ168;23;FOLIO vide ou non reconnu dans Acts CSV
51691;29169;JJ168;23;FOLIO vide ou non reconnu dans Acts CSV
51692;29170;JJ168;24;
51693;29170;JJ168;24;
51694;29170;JJ168;24;
51695;29170;JJ168;24;
51696;29170;JJ168;24;
51697;29170;JJ168;24;
51698;29170;JJ168;24;
51699;29171;JJ168;25;FOLIO vide ou non reconnu dans Acts CSV
51700;29171;JJ168;25;FOLIO vide ou non reconnu dans Acts CSV
51701;29172;JJ168;26;FOLIO vide ou non reconnu dans Acts CSV
51702;29172;JJ168;26;FOLIO vide ou non reconnu dans Acts CSV
51703;29174;JJ168;28;FOLIO vide ou non reconnu dans Acts CSV
51704;29174;JJ168;28;FOLIO vide ou non reconnu dans Acts CSV
51705;29175;JJ168;29;FOLIO vide ou non reconnu dans Acts CSV
51706;29175;JJ168;29;FOLIO vide ou non reconnu dans Acts CSV
51707;29175;JJ168;29;FOLIO vide ou non reconnu dans Acts CSV
51708;29176;JJ168;30;FOLIO vide ou non reconnu dans Acts CSV
51709;29176;JJ168;30;FOLIO vide ou non reconnu dans Acts CSV
51710;29177;JJ168;31;FOLIO vide ou non reconnu dans Acts CSV
51711;29177;JJ168;31;FOLIO vide ou non reconnu dans Acts CSV
51712;29178;JJ168;32;FOLIO vide ou non reconnu dans Acts CSV
51713;29178;JJ168;32;FOLIO vide ou non reconnu dans Acts CSV
51714;29179;JJ168;33;FOLIO vide ou non reconnu dans Acts CSV
51715;29179;JJ168;33;FOLIO vide ou non reconnu dans Acts CSV
51716;29180;JJ168;34;FOLIO vide ou non reconnu dans Acts CSV
51717;29180;JJ168;34;FOLIO vide ou non reconnu dans Acts CSV
51718;29180;JJ168;34;FOLIO vide ou non reconnu dans Acts CSV
51719;29181;JJ168;35;FOLIO vide ou non reconnu dans Acts CSV
51720;29181;JJ168;35;FOLIO vide ou non reconnu dans Acts CSV
51721;29181;JJ168;35;FOLIO vide ou non reconnu dans Acts CSV
51722;29181;JJ168;35;FOLIO vide ou non reconnu dans Acts CSV
51723;29182;JJ168;36;
51724;29182;JJ168;36;
51725;29182;JJ168;36;
51726;29183;JJ168;37;FOLIO vide ou non reconnu dans Acts CSV
51727;29183;JJ168;37;FOLIO vide ou non reconnu dans Acts CSV
51728;29183;JJ168;37;FOLIO vide ou non reconnu dans Acts CSV
51729;29184;JJ168;38;FOLIO vide ou non reconnu dans Acts CSV
51730;29184;JJ168;38;FOLIO vide ou non reconnu dans Acts CSV
51731;29185;JJ168;39;FOLIO vide ou non reconnu dans Acts CSV
51732;29185;JJ168;39;FOLIO vide ou non reconnu dans Acts CSV
51733;29186;JJ168;40;FOLIO vide ou non reconnu dans Acts CSV
51734;29186;JJ168;40;FOLIO vide ou non reconnu dans Acts CSV
51735;29187;JJ168;41;FOLIO vide ou non reconnu dans Acts CSV
51736;29187;JJ168;41;FOLIO vide ou non reconnu dans Acts CSV
51737;29188;JJ168;42;FOLIO vide ou non reconnu dans Acts CSV
51738;29188;JJ168;42;FOLIO vide ou non reconnu dans Acts CSV
51739;29189;JJ168;43;FOLIO vide ou non reconnu dans Acts CSV
51740;29189;JJ168;43;FOLIO vide ou non reconnu dans Acts CSV
51741;29190;JJ168;44;FOLIO vide ou non reconnu dans Acts CSV
51742;29190;JJ168;44;FOLIO vide ou non reconnu dans Acts CSV
51743;29191;JJ168;45;FOLIO vide ou non reconnu dans Acts CSV
51744;29191;JJ168;45;FOLIO vide ou non reconnu dans Acts CSV
51745;29192;JJ168;46;FOLIO vide ou non reconnu dans Acts CSV
51746;29192;JJ168;46;FOLIO vide ou non reconnu dans Acts CSV
51747;29193;JJ168;47;
51748;29193;JJ168;47;
51749;29193;JJ168;47;
51750;29194;JJ168;48;
51751;29194;JJ168;48;
51752;29195;JJ168;49;FOLIO vide ou non reconnu dans Acts CSV
51753;29195;JJ168;49;FOLIO vide ou non reconnu dans Acts CSV
51754;29196;JJ168;50;FOLIO vide ou non reconnu dans Acts CSV
51755;29196;JJ168;50;FOLIO vide ou non reconnu dans Acts CSV
51756;29197;JJ168;51;FOLIO vide ou non reconnu dans Acts CSV
51757;29197;JJ168;51;FOLIO vide ou non reconnu dans Acts CSV
51758;29198;JJ168;52;FOLIO vide ou non reconnu dans Acts CSV
51759;29199;JJ168;53;FOLIO vide ou non reconnu dans Acts CSV
51760;29199;JJ168;53;FOLIO vide ou non reconnu dans Acts CSV
51761;29200;JJ168;54;FOLIO vide ou non reconnu dans Acts CSV
51762;29200;JJ168;54;FOLIO vide ou non reconnu dans Acts CSV
51763;29201;JJ168;55;FOLIO vide ou non reconnu dans Acts CSV
51764;29201;JJ168;55;FOLIO vide ou non reconnu dans Acts CSV
51765;29202;JJ168;56;FOLIO vide ou non reconnu dans Acts CSV
51766;29202;JJ168;56;FOLIO vide ou non reconnu dans Acts CSV
51767;29203;JJ168;57;FOLIO vide ou non reconnu dans Acts CSV
51768;29203;JJ168;57;FOLIO vide ou non reconnu dans Acts CSV
51769;29204;JJ168;58;FOLIO vide ou non reconnu dans Acts CSV
51770;29204;JJ168;58;FOLIO vide ou non reconnu dans Acts CSV
51771;29205;JJ168;59;FOLIO vide ou non reconnu dans Acts CSV
51772;29205;JJ168;59;FOLIO vide ou non reconnu dans Acts CSV
51773;29206;JJ168;60;FOLIO vide ou non reconnu dans Acts CSV
51774;29206;JJ168;60;FOLIO vide ou non reconnu dans Acts CSV
51775;29207;JJ168;61;FOLIO vide ou non reconnu dans Acts CSV
51776;29207;JJ168;61;FOLIO vide ou non reconnu dans Acts CSV
51777;29208;JJ168;62;FOLIO vide ou non reconnu dans Acts CSV
51778;29208;JJ168;62;FOLIO vide ou non reconnu dans Acts CSV
51779;29209;JJ168;63;FOLIO vide ou non reconnu dans Acts CSV
51780;29209;JJ168;63;FOLIO vide ou non reconnu dans Acts CSV
51781;29210;JJ168;64;FOLIO vide ou non reconnu dans Acts CSV
51782;29210;JJ168;64;FOLIO vide ou non reconnu dans Acts CSV
51783;29211;JJ168;65;
51784;29211;JJ168;65;
51785;29212;JJ168;66;FOLIO vide ou non reconnu dans Acts CSV
51786;29212;JJ168;66;FOLIO vide ou non reconnu dans Acts CSV
51787;29212;JJ168;66;FOLIO vide ou non reconnu dans Acts CSV
51788;29212;JJ168;66;FOLIO vide ou non reconnu dans Acts CSV
51789;29212;JJ168;66;FOLIO vide ou non reconnu dans Acts CSV
51790;29212;JJ168;66;FOLIO vide ou non reconnu dans Acts CSV
51791;29212;JJ168;66;FOLIO vide ou non reconnu dans Acts CSV
51792;29212;JJ168;66;FOLIO vide ou non reconnu dans Acts CSV
51793;29212;JJ168;66;FOLIO vide ou non reconnu dans Acts CSV
51794;29212;JJ168;66;FOLIO vide ou non reconnu dans Acts CSV
51795;29212;JJ168;66;FOLIO vide ou non reconnu dans Acts CSV
51796;29212;JJ168;66;FOLIO vide ou non reconnu dans Acts CSV
51797;29212;JJ168;66;FOLIO vide ou non reconnu dans Acts CSV
51798;29212;JJ168;66;FOLIO vide ou non reconnu dans Acts CSV
51799;29212;JJ168;66;FOLIO vide ou non reconnu dans Acts CSV
51800;29213;JJ168;67;
51801;29213;JJ168;67;
51802;29213;JJ168;67;
51803;29214;JJ168;68;FOLIO vide ou non reconnu dans Acts CSV
51804;29214;JJ168;68;FOLIO vide ou non reconnu dans Acts CSV
51805;29215;JJ168;68bis;FOLIO vide ou non reconnu dans Acts CSV
51806;29215;JJ168;68bis;FOLIO vide ou non reconnu dans Acts CSV
51807;29215;JJ168;68bis;FOLIO vide ou non reconnu dans Acts CSV
51808;29216;JJ168;69;FOLIO vide ou non reconnu dans Acts CSV
51809;29216;JJ168;69;FOLIO vide ou non reconnu dans Acts CSV
51810;29218;JJ168;71;FOLIO vide ou non reconnu dans Acts CSV
51811;29219;JJ168;72;FOLIO vide ou non reconnu dans Acts CSV
51812;29220;JJ168;73;FOLIO vide ou non reconnu dans Acts CSV
51813;29221;JJ168;74;FOLIO vide ou non reconnu dans Acts CSV
51814;29221;JJ168;74;FOLIO vide ou non reconnu dans Acts CSV
51815;29222;JJ168;75;FOLIO vide ou non reconnu dans Acts CSV
51816;29223;JJ168;76;FOLIO vide ou non reconnu dans Acts CSV
51817;29224;JJ168;77;FOLIO vide ou non reconnu dans Acts CSV
51818;29225;JJ168;78;FOLIO vide ou non reconnu dans Acts CSV
51819;29226;JJ168;79;FOLIO vide ou non reconnu dans Acts CSV
51820;29226;JJ168;79;FOLIO vide ou non reconnu dans Acts CSV
51821;29226;JJ168;79bis;FOLIO vide ou non reconnu dans Acts CSV
51822;29226;JJ168;79bis;FOLIO vide ou non reconnu dans Acts CSV
51823;29227;JJ168;80;FOLIO vide ou non reconnu dans Acts CSV
51824;29227;JJ168;80;FOLIO vide ou non reconnu dans Acts CSV
51825;29228;JJ168;81;FOLIO vide ou non reconnu dans Acts CSV
51826;29228;JJ168;81;FOLIO vide ou non reconnu dans Acts CSV
51827;29229;JJ168;81bis;FOLIO vide ou non reconnu dans Acts CSV
51828;29230;JJ168;82;FOLIO vide ou non reconnu dans Acts CSV
51829;29231;JJ168;83;FOLIO vide ou non reconnu dans Acts CSV
51830;29232;JJ168;84;FOLIO vide ou non reconnu dans Acts CSV
51831;29233;JJ168;85;FOLIO vide ou non reconnu dans Acts CSV
51832;29233;JJ168;85;FOLIO vide ou non reconnu dans Acts CSV
51833;29234;JJ168;86;FOLIO vide ou non reconnu dans Acts CSV
51834;29234;JJ168;86;FOLIO vide ou non reconnu dans Acts CSV
51835;29235;JJ168;87;FOLIO vide ou non reconnu dans Acts CSV
51836;29236;JJ168;88;
51837;29236;JJ168;88;
51838;29237;JJ168;89;FOLIO vide ou non reconnu dans Acts CSV
51839;29237;JJ168;89;FOLIO vide ou non reconnu dans Acts CSV
51840;29238;JJ168;90;FOLIO vide ou non reconnu dans Acts CSV
51841;29239;JJ168;91;FOLIO vide ou non reconnu dans Acts CSV
51842;29240;JJ168;92;
51843;29240;JJ168;92;
51844;29241;JJ168;93;
51845;29242;JJ168;94;
51846;29243;JJ168;95;
51847;29244;JJ168;96;FOLIO vide ou non reconnu dans Acts CSV
51848;29244;JJ168;96;FOLIO vide ou non reconnu dans Acts CSV
51849;29245;JJ168;97;
51850;29245;JJ168;97;
51851;29246;JJ168;98;FOLIO vide ou non reconnu dans Acts CSV
51852;29246;JJ168;98;FOLIO vide ou non reconnu dans Acts CSV
51853;29247;JJ168;99;FOLIO vide ou non reconnu dans Acts CSV
51854;29247;JJ168;99;FOLIO vide ou non reconnu dans Acts CSV
51855;29248;JJ168;100;FOLIO vide ou non reconnu dans Acts CSV
51856;29248;JJ168;100;FOLIO vide ou non reconnu dans Acts CSV
51857;29249;JJ168;101;
51858;29249;JJ168;101;
51859;29249;JJ168;101;
51860;29250;JJ168;102;
51861;29250;JJ168;102;
51862;29251;JJ168;103;FOLIO vide ou non reconnu dans Acts CSV
51863;29251;JJ168;103;FOLIO vide ou non reconnu dans Acts CSV
51864;29252;JJ168;104;
51865;29253;JJ168;105;
51868;29255;JJ168;107;FOLIO vide ou non reconnu dans Acts CSV
51869;29256;JJ168;108;FOLIO vide ou non reconnu dans Acts CSV
51870;29256;JJ168;108;FOLIO vide ou non reconnu dans Acts CSV
51871;29257;JJ168;109;FOLIO vide ou non reconnu dans Acts CSV
51872;29258;JJ168;110;FOLIO vide ou non reconnu dans Acts CSV
51873;29258;JJ168;110;FOLIO vide ou non reconnu dans Acts CSV
51874;29259;JJ168;111;
51875;29259;JJ168;111;
51876;29260;JJ168;112;FOLIO vide ou non reconnu dans Acts CSV
51877;29260;JJ168;112;FOLIO vide ou non reconnu dans Acts CSV
51878;29261;JJ168;113;FOLIO vide ou non reconnu dans Acts CSV
51879;29261;JJ168;113;FOLIO vide ou non reconnu dans Acts CSV
51880;29262;JJ168;114;FOLIO vide ou non reconnu dans Acts CSV
51881;29262;JJ168;114;FOLIO vide ou non reconnu dans Acts CSV
51882;29263;JJ168;115;FOLIO vide ou non reconnu dans Acts CSV
51883;29264;JJ168;116;
51884;29264;JJ168;116;
51885;29265;JJ168;117;
51886;29265;JJ168;117;
51887;29266;JJ168;118;
51888;29267;JJ168;119;
51889;29267;JJ168;119;
51890;29268;JJ168;120;FOLIO vide ou non reconnu dans Acts CSV
51891;29268;JJ168;120;FOLIO vide ou non reconnu dans Acts CSV
51892;29269;JJ168;121;FOLIO vide ou non reconnu dans Acts CSV
51893;29270;JJ168;122;FOLIO vide ou non reconnu dans Acts CSV
51894;29271;JJ168;123;FOLIO vide ou non reconnu dans Acts CSV
51895;29271;JJ168;123;FOLIO vide ou non reconnu dans Acts CSV
51896;29272;JJ168;124;FOLIO vide ou non reconnu dans Acts CSV
51897;29272;JJ168;124;FOLIO vide ou non reconnu dans Acts CSV
51898;29273;JJ168;125;FOLIO vide ou non reconnu dans Acts CSV
51899;29273;JJ168;125;FOLIO vide ou non reconnu dans Acts CSV
51900;29274;JJ168;126;FOLIO vide ou non reconnu dans Acts CSV
51901;29274;JJ168;126;FOLIO vide ou non reconnu dans Acts CSV
51902;29275;JJ168;127;
51903;29275;JJ168;127;
51904;29276;JJ168;128;FOLIO vide ou non reconnu dans Acts CSV
51905;29276;JJ168;128;FOLIO vide ou non reconnu dans Acts CSV
51906;29276;JJ168;128;FOLIO vide ou non reconnu dans Acts CSV
51907;29277;JJ168;129;FOLIO vide ou non reconnu dans Acts CSV
51908;29277;JJ168;129;FOLIO vide ou non reconnu dans Acts CSV
51909;29278;JJ168;130;FOLIO vide ou non reconnu dans Acts CSV
51910;29279;JJ168;131;
51911;29279;JJ168;131;
51912;29279;JJ168;131;
51913;29279,1;JJ168;131bis;
51914;29280;JJ168;132;FOLIO vide ou non reconnu dans Acts CSV
51915;29280;JJ168;132;FOLIO vide ou non reconnu dans Acts CSV
51916;29281;JJ168;133;FOLIO vide ou non reconnu dans Acts CSV
51917;29281;JJ168;133;FOLIO vide ou non reconnu dans Acts CSV
51918;29282;JJ168;134;FOLIO vide ou non reconnu dans Acts CSV
51919;29282;JJ168;134;FOLIO vide ou non reconnu dans Acts CSV
51920;29282;JJ168;134;FOLIO vide ou non reconnu dans Acts CSV
51921;29282;JJ168;134;FOLIO vide ou non reconnu dans Acts CSV
51922;29282;JJ168;134;FOLIO vide ou non reconnu dans Acts CSV
51923;29282;JJ168;134;FOLIO vide ou non reconnu dans Acts CSV
51924;29282;JJ168;134;FOLIO vide ou non reconnu dans Acts CSV
51925;29283;JJ168;135;FOLIO vide ou non reconnu dans Acts CSV
51926;29283;JJ168;135;FOLIO vide ou non reconnu dans Acts CSV
51927;29284;JJ168;136;FOLIO vide ou non reconnu dans Acts CSV
51928;29284;JJ168;136;FOLIO vide ou non reconnu dans Acts CSV
51929;29285;JJ168;137;FOLIO vide ou non reconnu dans Acts CSV
51930;29285;JJ168;137;FOLIO vide ou non reconnu dans Acts CSV
51931;29286;JJ168;138;FOLIO vide ou non reconnu dans Acts CSV
51932;29286;JJ168;138;FOLIO vide ou non reconnu dans Acts CSV
51933;29287;JJ168;139;FOLIO vide ou non reconnu dans Acts CSV
51934;29288;JJ168;140;
51935;29289;JJ168;141;
51936;29289;JJ168;141;
51937;29290;JJ168;142;
51938;29291;JJ168;143;FOLIO vide ou non reconnu dans Acts CSV
51939;29291;JJ168;143;FOLIO vide ou non reconnu dans Acts CSV
51940;29292;JJ168;144;FOLIO vide ou non reconnu dans Acts CSV
51941;29292;JJ168;144;FOLIO vide ou non reconnu dans Acts CSV
51942;29292;JJ168;144;FOLIO vide ou non reconnu dans Acts CSV
51943;29293;JJ168;145;FOLIO vide ou non reconnu dans Acts CSV
51944;29293;JJ168;145;FOLIO vide ou non reconnu dans Acts CSV
51945;29293;JJ168;145;FOLIO vide ou non reconnu dans Acts CSV
51946;29294;JJ168;146;FOLIO vide ou non reconnu dans Acts CSV
51947;29294;JJ168;146;FOLIO vide ou non reconnu dans Acts CSV
51948;29294;JJ168;146;FOLIO vide ou non reconnu dans Acts CSV
51949;29294;JJ168;146;FOLIO vide ou non reconnu dans Acts CSV
51950;29295;JJ168;147;FOLIO vide ou non reconnu dans Acts CSV
51951;29295;JJ168;147;FOLIO vide ou non reconnu dans Acts CSV
51952;29296;JJ168;148;FOLIO vide ou non reconnu dans Acts CSV
51953;29296;JJ168;148;FOLIO vide ou non reconnu dans Acts CSV
51954;29297;JJ168;149;FOLIO vide ou non reconnu dans Acts CSV
51955;29297;JJ168;149;FOLIO vide ou non reconnu dans Acts CSV
51956;29297;JJ168;149;FOLIO vide ou non reconnu dans Acts CSV
51957;29298;JJ168;150;FOLIO vide ou non reconnu dans Acts CSV
51958;29298;JJ168;150;FOLIO vide ou non reconnu dans Acts CSV
51959;29299;JJ168;151;FOLIO vide ou non reconnu dans Acts CSV
51960;29299;JJ168;151;FOLIO vide ou non reconnu dans Acts CSV
51961;29300;JJ168;152;FOLIO vide ou non reconnu dans Acts CSV
51962;29300;JJ168;152;FOLIO vide ou non reconnu dans Acts CSV
51963;29301;JJ168;153;FOLIO vide ou non reconnu dans Acts CSV
51964;29302;JJ168;154;FOLIO vide ou non reconnu dans Acts CSV
51965;29303;JJ168;155;FOLIO vide ou non reconnu dans Acts CSV
51966;29303;JJ168;155;FOLIO vide ou non reconnu dans Acts CSV
51967;29304;JJ168;156;FOLIO vide ou non reconnu dans Acts CSV
51968;29304;JJ168;156;FOLIO vide ou non reconnu dans Acts CSV
51969;29305;JJ168;157;FOLIO vide ou non reconnu dans Acts CSV
51970;29306;JJ168;158;FOLIO vide ou non reconnu dans Acts CSV
51971;29307;JJ168;159;FOLIO vide ou non reconnu dans Acts CSV
51972;29308;JJ168;160;FOLIO vide ou non reconnu dans Acts CSV
51973;29308;JJ168;160;FOLIO vide ou non reconnu dans Acts CSV
51974;29308;JJ168;160;FOLIO vide ou non reconnu dans Acts CSV
51975;29309;JJ168;161;FOLIO vide ou non reconnu dans Acts CSV
51976;29309;JJ168;161;FOLIO vide ou non reconnu dans Acts CSV
51977;29310;JJ168;162;FOLIO vide ou non reconnu dans Acts CSV
51978;29310;JJ168;162;FOLIO vide ou non reconnu dans Acts CSV
51979;29310;JJ168;162;FOLIO vide ou non reconnu dans Acts CSV
51980;29311;JJ168;163;FOLIO vide ou non reconnu dans Acts CSV
51981;29311;JJ168;163;FOLIO vide ou non reconnu dans Acts CSV
51982;29312;JJ168;164;FOLIO vide ou non reconnu dans Acts CSV
51983;29313;JJ168;165;
51984;29313;JJ168;165;
51985;29314;JJ168;166;FOLIO vide ou non reconnu dans Acts CSV
51986;29314;JJ168;166;FOLIO vide ou non reconnu dans Acts CSV
51987;29315;JJ168;167;
51988;29315;JJ168;167;
51989;29316;JJ168;168;FOLIO vide ou non reconnu dans Acts CSV
51990;29316;JJ168;168;FOLIO vide ou non reconnu dans Acts CSV
51991;29317;JJ168;169;FOLIO vide ou non reconnu dans Acts CSV
51992;29317;JJ168;169;FOLIO vide ou non reconnu dans Acts CSV
51993;29318;JJ168;170;FOLIO vide ou non reconnu dans Acts CSV
51994;29318;JJ168;170;FOLIO vide ou non reconnu dans Acts CSV
51995;29319;JJ168;171;FOLIO vide ou non reconnu dans Acts CSV
51996;29319;JJ168;171;FOLIO vide ou non reconnu dans Acts CSV
51997;29320;JJ168;172;
51998;29320;JJ168;172;
51999;29321;JJ168;173;
52000;29321;JJ168;173;
52001;29322;JJ168;174;FOLIO vide ou non reconnu dans Acts CSV
52002;29323;JJ168;175;FOLIO vide ou non reconnu dans Acts CSV
52003;29323;JJ168;175;FOLIO vide ou non reconnu dans Acts CSV
52004;29324;JJ168;176;FOLIO vide ou non reconnu dans Acts CSV
52005;29324;JJ168;176;FOLIO vide ou non reconnu dans Acts CSV
52006;29324;JJ168;176;FOLIO vide ou non reconnu dans Acts CSV
52007;29325;JJ168;177;FOLIO vide ou non reconnu dans Acts CSV
52008;29325;JJ168;177;FOLIO vide ou non reconnu dans Acts CSV
52009;29326;JJ168;178;
52010;29326;JJ168;178;
52011;29326;JJ168;178;
52012;29326;JJ168;178;
52013;29327;JJ168;179;FOLIO vide ou non reconnu dans Acts CSV
52014;29327;JJ168;179;FOLIO vide ou non reconnu dans Acts CSV
52015;29327;JJ168;179;FOLIO vide ou non reconnu dans Acts CSV
52016;29328;JJ168;180;FOLIO vide ou non reconnu dans Acts CSV
52017;29328;JJ168;180;FOLIO vide ou non reconnu dans Acts CSV
52018;29329;JJ168;181;
52019;29329;JJ168;181;
52020;29329;JJ168;181;
52021;29330;JJ168;182;FOLIO vide ou non reconnu dans Acts CSV
52022;29331;JJ168;183;
52023;29331;JJ168;183;
52024;29332;JJ168;184;FOLIO vide ou non reconnu dans Acts CSV
52025;29332;JJ168;184;FOLIO vide ou non reconnu dans Acts CSV
52026;29333;JJ168;185;FOLIO vide ou non reconnu dans Acts CSV
52027;29334;JJ168;186;FOLIO vide ou non reconnu dans Acts CSV
52028;29335;JJ168;187;FOLIO vide ou non reconnu dans Acts CSV
52029;29336;JJ168;188;FOLIO vide ou non reconnu dans Acts CSV
52030;29337;JJ168;189;FOLIO vide ou non reconnu dans Acts CSV
52031;29337;JJ168;189;FOLIO vide ou non reconnu dans Acts CSV
52032;29338;JJ168;190;FOLIO vide ou non reconnu dans Acts CSV
52033;29338;JJ168;190;FOLIO vide ou non reconnu dans Acts CSV
52034;29339;JJ168;191;FOLIO vide ou non reconnu dans Acts CSV
52035;29339;JJ168;191;FOLIO vide ou non reconnu dans Acts CSV
52036;29340;JJ168;192;FOLIO vide ou non reconnu dans Acts CSV
52037;29340;JJ168;192;FOLIO vide ou non reconnu dans Acts CSV
52038;29341;JJ168;193;
52039;29341;JJ168;193;
52040;29341;JJ168;193;
52041;29342;JJ168;194;
52042;29342;JJ168;194;
52043;29342;JJ168;194;
52044;29342;JJ168;194;
52045;29342;JJ168;194;
52046;29342;JJ168;194;
52047;29343;JJ168;195;FOLIO vide ou non reconnu dans Acts CSV
52048;29344;JJ168;196;FOLIO vide ou non reconnu dans Acts CSV
52049;29344;JJ168;196;FOLIO vide ou non reconnu dans Acts CSV
52050;29345;JJ168;197;FOLIO vide ou non reconnu dans Acts CSV
52051;29346;JJ168;198;FOLIO vide ou non reconnu dans Acts CSV
52052;29347;JJ168;199;FOLIO vide ou non reconnu dans Acts CSV
52053;29347;JJ168;199;FOLIO vide ou non reconnu dans Acts CSV
52054;29348;JJ168;200;FOLIO vide ou non reconnu dans Acts CSV
52055;29348;JJ168;200;FOLIO vide ou non reconnu dans Acts CSV
52056;29348;JJ168;200;FOLIO vide ou non reconnu dans Acts CSV
52057;29349;JJ168;201;FOLIO vide ou non reconnu dans Acts CSV
52058;29349;JJ168;201;FOLIO vide ou non reconnu dans Acts CSV
52059;29350;JJ168;202;FOLIO vide ou non reconnu dans Acts CSV
52060;29350;JJ168;202;FOLIO vide ou non reconnu dans Acts CSV
52061;29351;JJ168;203;FOLIO vide ou non reconnu dans Acts CSV
52062;29351;JJ168;203;FOLIO vide ou non reconnu dans Acts CSV
52063;29351;JJ168;203;FOLIO vide ou non reconnu dans Acts CSV
52064;29352;JJ168;204;
52065;29352;JJ168;204;
52066;29353;JJ168;205;
52067;29353;JJ168;205;
52068;29354;JJ168;206;
52069;29354;JJ168;206;
52070;29355;JJ168;207;
52071;29355;JJ168;207;
52072;29356;JJ168;208;
52073;29357;JJ168;209;
52074;29358;JJ168;210;
52075;29359;JJ168;211;
52076;29360;JJ168;212;
52077;29360;JJ168;212;
52078;29361;JJ168;213;
52079;29362;JJ168;214;
52080;29363;JJ168;215;
52081;29363;JJ168;215;
52082;29364;JJ168;216;
52083;29365;JJ168;217;
52084;29366;JJ168;218;
52085;29367;JJ168;219;
52086;29368;JJ168;220;
52087;29369;JJ168;221;
52088;29370;JJ168;222;
52089;29371;JJ168;223;
52090;29372;JJ168;224;
52091;29373;JJ168;225;
52092;29374;JJ168;226;
52093;29375;JJ168;227;
52094;29376;JJ168;228;
52095;29377;JJ168;228bis;
52096;29378;JJ168;229;
52097;29379;JJ168;230;
52098;29380;JJ168;231;FOLIO vide ou non reconnu dans Acts CSV
52099;29381;JJ168;232;
52100;29381;JJ168;232;
52101;29382;JJ168;233;FOLIO vide ou non reconnu dans Acts CSV
52102;29382;JJ168;233;FOLIO vide ou non reconnu dans Acts CSV
52103;29383;JJ168;234;FOLIO vide ou non reconnu dans Acts CSV
52104;29383;JJ168;234;FOLIO vide ou non reconnu dans Acts CSV
52105;29383;JJ168;234;FOLIO vide ou non reconnu dans Acts CSV
52106;29384;JJ168;235;FOLIO vide ou non reconnu dans Acts CSV
52107;29384;JJ168;235;FOLIO vide ou non reconnu dans Acts CSV
52108;29385;JJ168;236;FOLIO vide ou non reconnu dans Acts CSV
52109;29385;JJ168;236;FOLIO vide ou non reconnu dans Acts CSV
52110;29386;JJ168;237;FOLIO vide ou non reconnu dans Acts CSV
52111;29386;JJ168;237;FOLIO vide ou non reconnu dans Acts CSV
52112;29387;JJ168;238;
52113;29387;JJ168;238;
52114;29388;JJ168;239;
52115;29388;JJ168;239;
52116;29389;JJ168;240;FOLIO vide ou non reconnu dans Acts CSV
52117;29390;JJ168;241;FOLIO vide ou non reconnu dans Acts CSV
52118;29390;JJ168;241;FOLIO vide ou non reconnu dans Acts CSV
52119;29391;JJ168;242;FOLIO vide ou non reconnu dans Acts CSV
52120;29391;JJ168;242;FOLIO vide ou non reconnu dans Acts CSV
52121;29391;JJ168;242;FOLIO vide ou non reconnu dans Acts CSV
52122;29392;JJ168;243;FOLIO vide ou non reconnu dans Acts CSV
52123;29392;JJ168;243;FOLIO vide ou non reconnu dans Acts CSV
52124;29392;JJ168;243;FOLIO vide ou non reconnu dans Acts CSV
52125;29393;JJ168;244;FOLIO vide ou non reconnu dans Acts CSV
52126;29393;JJ168;244;FOLIO vide ou non reconnu dans Acts CSV
52127;29394;JJ168;245;FOLIO vide ou non reconnu dans Acts CSV
52128;29394;JJ168;245;FOLIO vide ou non reconnu dans Acts CSV
52129;29395;JJ168;246;
52130;29395;JJ168;246;
52131;29395;JJ168;246;
52132;29395;JJ168;246;
52133;29396;JJ168;247;FOLIO vide ou non reconnu dans Acts CSV
52134;29397;JJ168;248;FOLIO vide ou non reconnu dans Acts CSV
52135;29397;JJ168;248;FOLIO vide ou non reconnu dans Acts CSV
52136;29398;JJ168;249;FOLIO vide ou non reconnu dans Acts CSV
52137;29398;JJ168;249;FOLIO vide ou non reconnu dans Acts CSV
52138;29399;JJ168;250;
52139;29399;JJ168;250;
52140;29399;JJ168;250;
52141;29400;JJ168;251;
52142;29401;JJ168;252;FOLIO vide ou non reconnu dans Acts CSV
52143;29402;JJ168;253;FOLIO vide ou non reconnu dans Acts CSV
52144;29403;JJ168;254;FOLIO vide ou non reconnu dans Acts CSV
52145;29403;JJ168;254;FOLIO vide ou non reconnu dans Acts CSV
52146;29403;JJ168;254;FOLIO vide ou non reconnu dans Acts CSV
52147;29404;JJ168;255;
52148;29404;JJ168;255;
52149;29404;JJ168;255;
52150;29405;JJ168;256;FOLIO vide ou non reconnu dans Acts CSV
52151;29405;JJ168;256;FOLIO vide ou non reconnu dans Acts CSV
52152;29406;JJ168;257;FOLIO vide ou non reconnu dans Acts CSV
52153;29406;JJ168;257;FOLIO vide ou non reconnu dans Acts CSV
52154;29407;JJ168;258;FOLIO vide ou non reconnu dans Acts CSV
52155;29407;JJ168;258;FOLIO vide ou non reconnu dans Acts CSV
52156;29408;JJ168;259;FOLIO vide ou non reconnu dans Acts CSV
52157;29408;JJ168;259;FOLIO vide ou non reconnu dans Acts CSV
52158;29409;JJ168;260;FOLIO vide ou non reconnu dans Acts CSV
52159;29409;JJ168;260;FOLIO vide ou non reconnu dans Acts CSV
52160;29410;JJ168;261;FOLIO vide ou non reconnu dans Acts CSV
52161;29410;JJ168;261;FOLIO vide ou non reconnu dans Acts CSV
52162;29411;JJ168;262;FOLIO vide ou non reconnu dans Acts CSV
52163;29411;JJ168;262;FOLIO vide ou non reconnu dans Acts CSV
52164;29412;JJ168;263;FOLIO vide ou non reconnu dans Acts CSV
52165;29412;JJ168;263;FOLIO vide ou non reconnu dans Acts CSV
52166;29413;JJ168;264;FOLIO vide ou non reconnu dans Acts CSV
52167;29413;JJ168;264;FOLIO vide ou non reconnu dans Acts CSV
52168;29414;JJ168;265;
52169;29414;JJ168;265;
52170;29415;JJ168;266;FOLIO vide ou non reconnu dans Acts CSV
52171;29415;JJ168;266;FOLIO vide ou non reconnu dans Acts CSV
52172;29415;JJ168;266;FOLIO vide ou non reconnu dans Acts CSV
52173;29416;JJ168;267;FOLIO vide ou non reconnu dans Acts CSV
52174;29416;JJ168;267;FOLIO vide ou non reconnu dans Acts CSV
52175;29417;JJ168;268;FOLIO vide ou non reconnu dans Acts CSV
52176;29417;JJ168;268;FOLIO vide ou non reconnu dans Acts CSV
52177;29418;JJ168;269;FOLIO vide ou non reconnu dans Acts CSV
52178;29418;JJ168;269;FOLIO vide ou non reconnu dans Acts CSV
52179;29419;JJ168;270;FOLIO vide ou non reconnu dans Acts CSV
52180;29419;JJ168;270;FOLIO vide ou non reconnu dans Acts CSV
52181;29420;JJ168;271;
52182;29420;JJ168;271;
52183;29420;JJ168;271;
52184;29421;JJ168;272;
52185;29421;JJ168;272;
52186;29422;JJ168;273;
52187;29422;JJ168;273;
52188;29423;JJ168;274;FOLIO vide ou non reconnu dans Acts CSV
52189;29424;JJ168;275;FOLIO vide ou non reconnu dans Acts CSV
52190;29425;JJ168;276;FOLIO vide ou non reconnu dans Acts CSV
52191;29425;JJ168;276;FOLIO vide ou non reconnu dans Acts CSV
52192;29426;JJ168;277;
52193;29427;JJ168;278;FOLIO vide ou non reconnu dans Acts CSV
52194;29427;JJ168;278;FOLIO vide ou non reconnu dans Acts CSV
52195;29428;JJ168;279;FOLIO vide ou non reconnu dans Acts CSV
52196;29428;JJ168;279;FOLIO vide ou non reconnu dans Acts CSV
52197;29429;JJ168;280;FOLIO vide ou non reconnu dans Acts CSV
52198;29429;JJ168;280;FOLIO vide ou non reconnu dans Acts CSV
52199;29430;JJ168;281;FOLIO vide ou non reconnu dans Acts CSV
52200;29430;JJ168;281;FOLIO vide ou non reconnu dans Acts CSV
52201;29431;JJ168;282;
52202;29431;JJ168;282;
52203;29432;JJ168;283;
52204;29432;JJ168;283;
52205;29433;JJ168;284;FOLIO vide ou non reconnu dans Acts CSV
52206;29433;JJ168;284;FOLIO vide ou non reconnu dans Acts CSV
52207;29434;JJ168;285;FOLIO vide ou non reconnu dans Acts CSV
52208;29434;JJ168;285;FOLIO vide ou non reconnu dans Acts CSV
52209;29435;JJ168;286;FOLIO vide ou non reconnu dans Acts CSV
52210;29435;JJ168;286;FOLIO vide ou non reconnu dans Acts CSV
52211;29436;JJ168;287;FOLIO vide ou non reconnu dans Acts CSV
52212;29436;JJ168;287;FOLIO vide ou non reconnu dans Acts CSV
52213;29437;JJ168;288;FOLIO vide ou non reconnu dans Acts CSV
52214;29437;JJ168;288;FOLIO vide ou non reconnu dans Acts CSV
52215;29437;JJ168;288;FOLIO vide ou non reconnu dans Acts CSV
52216;29438;JJ168;289;FOLIO vide ou non reconnu dans Acts CSV
52217;29438;JJ168;289;FOLIO vide ou non reconnu dans Acts CSV
52218;29438;JJ168;289;FOLIO vide ou non reconnu dans Acts CSV
52219;29439;JJ168;290;
52220;29439;JJ168;290;
52221;29440;JJ168;291;FOLIO vide ou non reconnu dans Acts CSV
52222;29440;JJ168;291;FOLIO vide ou non reconnu dans Acts CSV
52223;29441;JJ168;292;FOLIO vide ou non reconnu dans Acts CSV
52224;29442;JJ168;293;FOLIO vide ou non reconnu dans Acts CSV
52225;29442;JJ168;293;FOLIO vide ou non reconnu dans Acts CSV
52226;29443;JJ168;294;FOLIO vide ou non reconnu dans Acts CSV
52227;29443;JJ168;294;FOLIO vide ou non reconnu dans Acts CSV
52228;29444;JJ168;295;FOLIO vide ou non reconnu dans Acts CSV
52229;29444;JJ168;295;FOLIO vide ou non reconnu dans Acts CSV
52230;29445;JJ168;296;FOLIO vide ou non reconnu dans Acts CSV
52231;29445;JJ168;296;FOLIO vide ou non reconnu dans Acts CSV
52232;29446;JJ168;297;FOLIO vide ou non reconnu dans Acts CSV
52233;29446;JJ168;297;FOLIO vide ou non reconnu dans Acts CSV
52234;29447;JJ168;298;FOLIO vide ou non reconnu dans Acts CSV
52235;29447;JJ168;298;FOLIO vide ou non reconnu dans Acts CSV
52236;29448;JJ168;299;
52237;29448;JJ168;299;
52238;29449;JJ168;300;FOLIO vide ou non reconnu dans Acts CSV
52239;29449;JJ168;300;FOLIO vide ou non reconnu dans Acts CSV
52240;29450;JJ168;301;FOLIO vide ou non reconnu dans Acts CSV
52241;29450;JJ168;301;FOLIO vide ou non reconnu dans Acts CSV
52242;29451;JJ168;302;FOLIO vide ou non reconnu dans Acts CSV
52243;29451;JJ168;302;FOLIO vide ou non reconnu dans Acts CSV
52244;29452;JJ168;303;FOLIO vide ou non reconnu dans Acts CSV
52245;29453;JJ168;304;FOLIO vide ou non reconnu dans Acts CSV
52246;29453;JJ168;304;FOLIO vide ou non reconnu dans Acts CSV
52247;29454;JJ168;305;FOLIO vide ou non reconnu dans Acts CSV
52248;29454;JJ168;305;FOLIO vide ou non reconnu dans Acts CSV
52249;29455;JJ168;306;FOLIO vide ou non reconnu dans Acts CSV
52250;29455;JJ168;306;FOLIO vide ou non reconnu dans Acts CSV
52251;29456;JJ168;307;FOLIO vide ou non reconnu dans Acts CSV
52252;29456;JJ168;307;FOLIO vide ou non reconnu dans Acts CSV
52253;29457;JJ168;308;FOLIO vide ou non reconnu dans Acts CSV
52254;29457;JJ168;308;FOLIO vide ou non reconnu dans Acts CSV
52255;29458;JJ168;309;FOLIO vide ou non reconnu dans Acts CSV
52256;29458;JJ168;309;FOLIO vide ou non reconnu dans Acts CSV
52257;29458;JJ168;309;FOLIO vide ou non reconnu dans Acts CSV
52258;29459;JJ168;310;FOLIO vide ou non reconnu dans Acts CSV
52259;29459;JJ168;310;FOLIO vide ou non reconnu dans Acts CSV
52260;29460;JJ168;311;FOLIO vide ou non reconnu dans Acts CSV
52261;29460;JJ168;311;FOLIO vide ou non reconnu dans Acts CSV
52262;29461;JJ168;312;
52263;29461;JJ168;312;
52264;29462;JJ168;313;FOLIO vide ou non reconnu dans Acts CSV
52265;29462;JJ168;313;FOLIO vide ou non reconnu dans Acts CSV
52266;29463;JJ168;314;FOLIO vide ou non reconnu dans Acts CSV
52267;29463;JJ168;314;FOLIO vide ou non reconnu dans Acts CSV
52268;29463;JJ168;314;FOLIO vide ou non reconnu dans Acts CSV
52269;29464;JJ168;315;FOLIO vide ou non reconnu dans Acts CSV
52270;29464;JJ168;315;FOLIO vide ou non reconnu dans Acts CSV
52271;29465;JJ168;316;FOLIO vide ou non reconnu dans Acts CSV
52272;29466;JJ168;317;FOLIO vide ou non reconnu dans Acts CSV
52273;29467;JJ168;318;
52274;29467;JJ168;318;
52275;29468;JJ168;319;
52276;29468;JJ168;319;
52277;29469;JJ168;320;FOLIO vide ou non reconnu dans Acts CSV
52278;29469;JJ168;320;FOLIO vide ou non reconnu dans Acts CSV
52279;29470;JJ168;321;FOLIO vide ou non reconnu dans Acts CSV
52280;29470;JJ168;321;FOLIO vide ou non reconnu dans Acts CSV
52281;29471;JJ168;322;FOLIO vide ou non reconnu dans Acts CSV
52282;29471;JJ168;322;FOLIO vide ou non reconnu dans Acts CSV
52283;29472;JJ168;323;
52284;29472;JJ168;323;
52285;29472;JJ168;323;
52286;29473;JJ168;324;
52287;29473;JJ168;324;
52288;29473;JJ168;324;
52289;29474;JJ168;325;FOLIO vide ou non reconnu dans Acts CSV
52290;29474;JJ168;325;FOLIO vide ou non reconnu dans Acts CSV
52291;29475;JJ168;326;FOLIO vide ou non reconnu dans Acts CSV
52292;29476;JJ168;327;
52293;29476;JJ168;327;
52294;29477;JJ168;328;FOLIO vide ou non reconnu dans Acts CSV
52295;29477;JJ168;328;FOLIO vide ou non reconnu dans Acts CSV
52296;29477;JJ168;328;FOLIO vide ou non reconnu dans Acts CSV
52297;29477;JJ168;328;FOLIO vide ou non reconnu dans Acts CSV
52298;29477;JJ168;328;FOLIO vide ou non reconnu dans Acts CSV
52299;29477;JJ168;328;FOLIO vide ou non reconnu dans Acts CSV
52300;29477;JJ168;328;FOLIO vide ou non reconnu dans Acts CSV
52301;29477;JJ168;328;FOLIO vide ou non reconnu dans Acts CSV
52302;29477;JJ168;328;FOLIO vide ou non reconnu dans Acts CSV
52303;29477;JJ168;328;FOLIO vide ou non reconnu dans Acts CSV
52304;29477;JJ168;328;FOLIO vide ou non reconnu dans Acts CSV
52305;29477;JJ168;328;FOLIO vide ou non reconnu dans Acts CSV
52306;29477;JJ168;328;FOLIO vide ou non reconnu dans Acts CSV
52307;29477;JJ168;328;FOLIO vide ou non reconnu dans Acts CSV
52308;29477;JJ168;328;FOLIO vide ou non reconnu dans Acts CSV
52309;29477;JJ168;328;FOLIO vide ou non reconnu dans Acts CSV
52310;29478;JJ168;329;FOLIO vide ou non reconnu dans Acts CSV
52311;29478;JJ168;329;FOLIO vide ou non reconnu dans Acts CSV
52312;29478;JJ168;329;FOLIO vide ou non reconnu dans Acts CSV
52313;29479;JJ168;330;FOLIO vide ou non reconnu dans Acts CSV
52314;29480;JJ168;331;FOLIO vide ou non reconnu dans Acts CSV
52315;29481;JJ168;332;
52316;29482;JJ168;333;FOLIO vide ou non reconnu dans Acts CSV
52317;29483;JJ168;334;FOLIO vide ou non reconnu dans Acts CSV
52318;29484;JJ168;335;
52319;29485;JJ168;336;FOLIO vide ou non reconnu dans Acts CSV
52320;29485;JJ168;336;FOLIO vide ou non reconnu dans Acts CSV
52321;29486;JJ168;337;FOLIO vide ou non reconnu dans Acts CSV
52322;29486;JJ168;337;FOLIO vide ou non reconnu dans Acts CSV
52323;29486;JJ168;337;FOLIO vide ou non reconnu dans Acts CSV
52324;29487;JJ168;338;FOLIO vide ou non reconnu dans Acts CSV
52325;29487;JJ168;338;FOLIO vide ou non reconnu dans Acts CSV
52326;29488;JJ168;339;FOLIO vide ou non reconnu dans Acts CSV
52327;29488;JJ168;339;FOLIO vide ou non reconnu dans Acts CSV
52328;29489;JJ168;340;FOLIO vide ou non reconnu dans Acts CSV
52329;29489;JJ168;340;FOLIO vide ou non reconnu dans Acts CSV
52330;29490;JJ168;341;FOLIO vide ou non reconnu dans Acts CSV
52331;29490;JJ168;341;FOLIO vide ou non reconnu dans Acts CSV
52332;29491;JJ168;342;FOLIO vide ou non reconnu dans Acts CSV
52333;29491;JJ168;342;FOLIO vide ou non reconnu dans Acts CSV
52334;29493;JJ168;344;FOLIO vide ou non reconnu dans Acts CSV
52335;29493;JJ168;344;FOLIO vide ou non reconnu dans Acts CSV
52336;29494;JJ168;345;FOLIO vide ou non reconnu dans Acts CSV
52337;29494;JJ168;345;FOLIO vide ou non reconnu dans Acts CSV
52338;29495;JJ168;346;FOLIO vide ou non reconnu dans Acts CSV
52339;29496;JJ168;347;FOLIO vide ou non reconnu dans Acts CSV
52340;29497;JJ168;348;FOLIO vide ou non reconnu dans Acts CSV
52341;29497;JJ168;348;FOLIO vide ou non reconnu dans Acts CSV
52342;29498;JJ168;349;
52343;29498;JJ168;349;
52344;29499;JJ168;350;
52345;29499;JJ168;350;
52346;29500;JJ168;351;FOLIO vide ou non reconnu dans Acts CSV
52347;29500;JJ168;351;FOLIO vide ou non reconnu dans Acts CSV
52348;29501;JJ168;352;FOLIO vide ou non reconnu dans Acts CSV
52349;29502;JJ168;353;FOLIO vide ou non reconnu dans Acts CSV
52350;29502;JJ168;353;FOLIO vide ou non reconnu dans Acts CSV
52351;29503;JJ168;354;
52352;29503;JJ168;354;
52353;29503;JJ168;354;
52354;29504;JJ168;355;FOLIO vide ou non reconnu dans Acts CSV
52355;29504;JJ168;355;FOLIO vide ou non reconnu dans Acts CSV
52356;29505;JJ168;356;FOLIO vide ou non reconnu dans Acts CSV
52357;29505;JJ168;356;FOLIO vide ou non reconnu dans Acts CSV
52358;29506;JJ168;357;FOLIO vide ou non reconnu dans Acts CSV
52359;29506;JJ168;357;FOLIO vide ou non reconnu dans Acts CSV
52360;29507;JJ168;358;FOLIO vide ou non reconnu dans Acts CSV
52361;29507;JJ168;358;FOLIO vide ou non reconnu dans Acts CSV
52362;29508;JJ168;359;FOLIO vide ou non reconnu dans Acts CSV
52363;29508;JJ168;359;FOLIO vide ou non reconnu dans Acts CSV
52364;29509;JJ168;360;
52365;29509;JJ168;360;
52366;29510;JJ168;361;FOLIO vide ou non reconnu dans Acts CSV
52367;29510;JJ168;361;FOLIO vide ou non reconnu dans Acts CSV
52368;29510;JJ168;361;FOLIO vide ou non reconnu dans Acts CSV
52369;29511;JJ168;362;
52370;29511;JJ168;362;
52371;29513;JJ168;364;FOLIO vide ou non reconnu dans Acts CSV
52372;29513;JJ168;364;FOLIO vide ou non reconnu dans Acts CSV
52373;29514;JJ168;365;FOLIO vide ou non reconnu dans Acts CSV
52374;29514;JJ168;365;FOLIO vide ou non reconnu dans Acts CSV
52375;29514;JJ168;365;FOLIO vide ou non reconnu dans Acts CSV
52376;29515;JJ168;366;FOLIO vide ou non reconnu dans Acts CSV
52377;29515;JJ168;366;FOLIO vide ou non reconnu dans Acts CSV
52378;29516;JJ168;367;
52379;29516;JJ168;367;
52380;29516;JJ168;367;
52381;29517;JJ168;368;FOLIO vide ou non reconnu dans Acts CSV
52382;29517;JJ168;368;FOLIO vide ou non reconnu dans Acts CSV
52383;29518;JJ168;369;FOLIO vide ou non reconnu dans Acts CSV
52384;29518;JJ168;369;FOLIO vide ou non reconnu dans Acts CSV
52385;29519;JJ168;370;FOLIO vide ou non reconnu dans Acts CSV
52386;29519;JJ168;370;FOLIO vide ou non reconnu dans Acts CSV
52387;29520;JJ168;371;FOLIO vide ou non reconnu dans Acts CSV
52388;29520;JJ168;371;FOLIO vide ou non reconnu dans Acts CSV
52389;29521;JJ168;372;FOLIO vide ou non reconnu dans Acts CSV
52390;29521;JJ168;372;FOLIO vide ou non reconnu dans Acts CSV
52391;29522;JJ168;373;FOLIO vide ou non reconnu dans Acts CSV
52392;29522;JJ168;373;FOLIO vide ou non reconnu dans Acts CSV
52393;29523;JJ168;374;FOLIO vide ou non reconnu dans Acts CSV
52394;29523;JJ168;374;FOLIO vide ou non reconnu dans Acts CSV
52395;29524;JJ168;375;
52396;29524;JJ168;375;
52397;29525;JJ168;376;FOLIO vide ou non reconnu dans Acts CSV
52398;29525;JJ168;376;FOLIO vide ou non reconnu dans Acts CSV
52399;29526;JJ168;377;FOLIO vide ou non reconnu dans Acts CSV
52400;29526;JJ168;377;FOLIO vide ou non reconnu dans Acts CSV
52401;29527;JJ168;378;FOLIO vide ou non reconnu dans Acts CSV
52402;29527;JJ168;378;FOLIO vide ou non reconnu dans Acts CSV
52403;29528;JJ168;379;FOLIO vide ou non reconnu dans Acts CSV
52404;29528;JJ168;379;FOLIO vide ou non reconnu dans Acts CSV
52405;29529;JJ168;380;FOLIO vide ou non reconnu dans Acts CSV
52406;29529;JJ168;380;FOLIO vide ou non reconnu dans Acts CSV
52407;29530;JJ168;381;FOLIO vide ou non reconnu dans Acts CSV
52408;29530;JJ168;381;FOLIO vide ou non reconnu dans Acts CSV
52409;29531;JJ168;382;FOLIO vide ou non reconnu dans Acts CSV
52410;29531;JJ168;382;FOLIO vide ou non reconnu dans Acts CSV
52411;29532;JJ168;383;FOLIO vide ou non reconnu dans Acts CSV
52412;29533;JJ168;384;FOLIO vide ou non reconnu dans Acts CSV
52413;29533;JJ168;384;FOLIO vide ou non reconnu dans Acts CSV
52414;29534;JJ168;385;FOLIO vide ou non reconnu dans Acts CSV
52415;29534;JJ168;385;FOLIO vide ou non reconnu dans Acts CSV
52416;29535;JJ168;386;FOLIO vide ou non reconnu dans Acts CSV
52417;29535;JJ168;386;FOLIO vide ou non reconnu dans Acts CSV
52418;29535;JJ168;386;FOLIO vide ou non reconnu dans Acts CSV
52419;29536;JJ168;387;FOLIO vide ou non reconnu dans Acts CSV
52420;29536;JJ168;387;FOLIO vide ou non reconnu dans Acts CSV
52421;29536;JJ168;387;FOLIO vide ou non reconnu dans Acts CSV
52422;29536;JJ168;387;FOLIO vide ou non reconnu dans Acts CSV
52423;29537;JJ168;388;FOLIO vide ou non reconnu dans Acts CSV
52424;29537;JJ168;388;FOLIO vide ou non reconnu dans Acts CSV
52425;29538;JJ168;389;FOLIO vide ou non reconnu dans Acts CSV
52426;29538;JJ168;389;FOLIO vide ou non reconnu dans Acts CSV
52427;29539;JJ168;390;FOLIO vide ou non reconnu dans Acts CSV
52428;29539;JJ168;390;FOLIO vide ou non reconnu dans Acts CSV
52429;29539;JJ168;390;FOLIO vide ou non reconnu dans Acts CSV
52430;29540;JJ168;391;FOLIO vide ou non reconnu dans Acts CSV
52431;29540;JJ168;391;FOLIO vide ou non reconnu dans Acts CSV
52432;29541;JJ168;392;FOLIO vide ou non reconnu dans Acts CSV
52433;29542;JJ168;393;FOLIO vide ou non reconnu dans Acts CSV
52434;29543;JJ168;394;FOLIO vide ou non reconnu dans Acts CSV
52435;29543;JJ168;394;FOLIO vide ou non reconnu dans Acts CSV
52436;29544;JJ168;395;FOLIO vide ou non reconnu dans Acts CSV
52437;29544;JJ168;395;FOLIO vide ou non reconnu dans Acts CSV
52438;29544,1;JJ168;395bis;FOLIO vide ou non reconnu dans Acts CSV
52439;29544,1;JJ168;395bis;FOLIO vide ou non reconnu dans Acts CSV
52440;29545;JJ168;396;
52441;29545;JJ168;396;
52442;29546;JJ168;397;FOLIO vide ou non reconnu dans Acts CSV
52443;29546;JJ168;397;FOLIO vide ou non reconnu dans Acts CSV
52444;29547;JJ168;398;FOLIO vide ou non reconnu dans Acts CSV
52445;29548;JJ168;399;FOLIO vide ou non reconnu dans Acts CSV
52446;29548;JJ168;399;FOLIO vide ou non reconnu dans Acts CSV
52447;29549;JJ168;400;
52448;29550;JJ168;401;FOLIO vide ou non reconnu dans Acts CSV
52449;29551;JJ168;402;FOLIO vide ou non reconnu dans Acts CSV
52450;29551;JJ168;402;FOLIO vide ou non reconnu dans Acts CSV
52451;29552;JJ168;403;FOLIO vide ou non reconnu dans Acts CSV
52452;29553;JJ168;404;
52453;29553;JJ168;404;
52454;29554;JJ168;405;FOLIO vide ou non reconnu dans Acts CSV
52455;29554;JJ168;405;FOLIO vide ou non reconnu dans Acts CSV
52456;29555;JJ168;406;FOLIO vide ou non reconnu dans Acts CSV
52457;29555;JJ168;406;FOLIO vide ou non reconnu dans Acts CSV
52458;29556;JJ168;407;FOLIO vide ou non reconnu dans Acts CSV
52459;29556;JJ168;407;FOLIO vide ou non reconnu dans Acts CSV
52460;29557;JJ168;408;
52461;29557;JJ168;408;
52462;29558;JJ168;409;
52463;29559;JJ168;410;FOLIO vide ou non reconnu dans Acts CSV
52464;29560;JJ168;411;FOLIO vide ou non reconnu dans Acts CSV
52465;29560;JJ168;411;FOLIO vide ou non reconnu dans Acts CSV
52466;29561;JJ168;412;
52467;29561;JJ168;412;
52468;29561;JJ168;412;
52469;29562;JJ168;413;FOLIO vide ou non reconnu dans Acts CSV
52470;29562;JJ168;413;FOLIO vide ou non reconnu dans Acts CSV
52471;29563;JJ168;414;FOLIO vide ou non reconnu dans Acts CSV
52472;29563;JJ168;414;FOLIO vide ou non reconnu dans Acts CSV
52473;29564;JJ168;415;FOLIO vide ou non reconnu dans Acts CSV
52474;29564;JJ168;415;FOLIO vide ou non reconnu dans Acts CSV
52475;29565;JJ168;416;FOLIO vide ou non reconnu dans Acts CSV
52476;29565;JJ168;416;FOLIO vide ou non reconnu dans Acts CSV
52477;29565;JJ168;416;FOLIO vide ou non reconnu dans Acts CSV
52478;29566;JJ168;417;FOLIO vide ou non reconnu dans Acts CSV
52479;29566;JJ168;417;FOLIO vide ou non reconnu dans Acts CSV
52480;29567;JJ168;418;FOLIO vide ou non reconnu dans Acts CSV
52481;29567;JJ168;418;FOLIO vide ou non reconnu dans Acts CSV
52482;29568;JJ168;419;FOLIO vide ou non reconnu dans Acts CSV
52483;29568;JJ168;419;FOLIO vide ou non reconnu dans Acts CSV
52484;29568;JJ168;419;FOLIO vide ou non reconnu dans Acts CSV
52503;29578;JJ169;1;FOLIO vide ou non reconnu dans Acts CSV
52504;29579;JJ169;2;FOLIO vide ou non reconnu dans Acts CSV
52505;29579;JJ169;2;FOLIO vide ou non reconnu dans Acts CSV
52506;29580;JJ169;3;FOLIO vide ou non reconnu dans Acts CSV
52507;29580;JJ169;3;FOLIO vide ou non reconnu dans Acts CSV
52508;29581;JJ169;4;FOLIO vide ou non reconnu dans Acts CSV
52509;29581;JJ169;4;FOLIO vide ou non reconnu dans Acts CSV
52510;29582;JJ169;5;FOLIO vide ou non reconnu dans Acts CSV
52511;29582;JJ169;5;FOLIO vide ou non reconnu dans Acts CSV
52512;29583;JJ169;6;FOLIO vide ou non reconnu dans Acts CSV
52513;29584;JJ169;7;FOLIO vide ou non reconnu dans Acts CSV
52514;29584;JJ169;7;FOLIO vide ou non reconnu dans Acts CSV
52515;29585;JJ169;8;FOLIO vide ou non reconnu dans Acts CSV
52516;29585;JJ169;8;FOLIO vide ou non reconnu dans Acts CSV
52517;29585;JJ169;8;FOLIO vide ou non reconnu dans Acts CSV
52518;29586;JJ169;9;FOLIO vide ou non reconnu dans Acts CSV
52519;29586;JJ169;9;FOLIO vide ou non reconnu dans Acts CSV
52520;29587;JJ169;10;FOLIO vide ou non reconnu dans Acts CSV
52521;29587;JJ169;10;FOLIO vide ou non reconnu dans Acts CSV
52522;29588;JJ169;11;FOLIO vide ou non reconnu dans Acts CSV
52523;29589;JJ169;12;
52524;29590;JJ169;13;FOLIO vide ou non reconnu dans Acts CSV
52525;29591;JJ169;14;FOLIO vide ou non reconnu dans Acts CSV
52526;29591;JJ169;14;FOLIO vide ou non reconnu dans Acts CSV
52527;29591;JJ169;14;FOLIO vide ou non reconnu dans Acts CSV
52528;29592;JJ169;15;FOLIO vide ou non reconnu dans Acts CSV
52529;29592;JJ169;15;FOLIO vide ou non reconnu dans Acts CSV
52530;29593;JJ169;16;FOLIO vide ou non reconnu dans Acts CSV
52531;29593;JJ169;16;FOLIO vide ou non reconnu dans Acts CSV
52532;29593;JJ169;16;FOLIO vide ou non reconnu dans Acts CSV
52533;29594;JJ169;17;FOLIO vide ou non reconnu dans Acts CSV
52534;29594;JJ169;17;FOLIO vide ou non reconnu dans Acts CSV
52535;29595;JJ169;18;FOLIO vide ou non reconnu dans Acts CSV
52536;29595;JJ169;18;FOLIO vide ou non reconnu dans Acts CSV
52537;29596;JJ169;19;
52538;29596;JJ169;19;
52539;29597;JJ169;20;
52540;29597;JJ169;20;
52541;29597;JJ169;20;
52542;29598;JJ169;21;
52543;29598;JJ169;21;
52544;29599;JJ169;22;FOLIO vide ou non reconnu dans Acts CSV
52545;29599;JJ169;22;FOLIO vide ou non reconnu dans Acts CSV
52546;29600;JJ169;23;FOLIO vide ou non reconnu dans Acts CSV
52547;29600;JJ169;23;FOLIO vide ou non reconnu dans Acts CSV
52548;29600;JJ169;23;FOLIO vide ou non reconnu dans Acts CSV
52549;29601;JJ169;24;FOLIO vide ou non reconnu dans Acts CSV
52550;29601;JJ169;24;FOLIO vide ou non reconnu dans Acts CSV
52551;29602;JJ169;25;FOLIO vide ou non reconnu dans Acts CSV
52552;29603;JJ169;26;FOLIO vide ou non reconnu dans Acts CSV
52553;29603;JJ169;26;FOLIO vide ou non reconnu dans Acts CSV
52554;29604;JJ169;27;FOLIO vide ou non reconnu dans Acts CSV
52555;29604;JJ169;27;FOLIO vide ou non reconnu dans Acts CSV
52556;29605;JJ169;28;FOLIO vide ou non reconnu dans Acts CSV
52557;29605;JJ169;28;FOLIO vide ou non reconnu dans Acts CSV
52558;29606;JJ169;29;FOLIO vide ou non reconnu dans Acts CSV
52559;29606;JJ169;29;FOLIO vide ou non reconnu dans Acts CSV
52560;29607;JJ169;30_a;
52561;29607;JJ169;30_a;
52562;29608;JJ169;31_a;
52563;29608;JJ169;31_a;
52564;29608;JJ169;31_a;
52565;29609;JJ169;32_a;
52566;29609;JJ169;32_a;
52567;29609,1;JJ169;33_a;
52568;29609,1;JJ169;33_a;
52569;29609,2;JJ169;31_b;
52570;29609,2;JJ169;31_b;
52571;29609,2;JJ169;31_b;
52572;29609,3;JJ169;32_b;
52573;29609,3;JJ169;32_b;
52574;29610;JJ169;33_b;
52575;29610;JJ169;33_b;
52576;29610;JJ169;33_b;
52577;29611;JJ169;34;FOLIO vide ou non reconnu dans Acts CSV
52578;29611;JJ169;34;FOLIO vide ou non reconnu dans Acts CSV
52579;29612;JJ169;35;FOLIO vide ou non reconnu dans Acts CSV
52580;29612;JJ169;35;FOLIO vide ou non reconnu dans Acts CSV
52581;29612;JJ169;35;FOLIO vide ou non reconnu dans Acts CSV
52582;29612;JJ169;35;FOLIO vide ou non reconnu dans Acts CSV
52583;29612;JJ169;35;FOLIO vide ou non reconnu dans Acts CSV
52584;29612;JJ169;35;FOLIO vide ou non reconnu dans Acts CSV
52585;29613;JJ169;36;
52586;29614;JJ169;37;FOLIO vide ou non reconnu dans Acts CSV
52587;29614;JJ169;37;FOLIO vide ou non reconnu dans Acts CSV
52588;29615;JJ169;38;FOLIO vide ou non reconnu dans Acts CSV
52589;29615;JJ169;38;FOLIO vide ou non reconnu dans Acts CSV
52590;29616;JJ169;39;FOLIO vide ou non reconnu dans Acts CSV
52591;29616;JJ169;39;FOLIO vide ou non reconnu dans Acts CSV
52592;29617;JJ169;40;FOLIO vide ou non reconnu dans Acts CSV
52593;29617;JJ169;40;FOLIO vide ou non reconnu dans Acts CSV
52594;29618;JJ169;41;FOLIO vide ou non reconnu dans Acts CSV
52595;29618;JJ169;41;FOLIO vide ou non reconnu dans Acts CSV
52596;29619;JJ169;42;FOLIO vide ou non reconnu dans Acts CSV
52597;29620;JJ169;43;FOLIO vide ou non reconnu dans Acts CSV
52598;29620;JJ169;43;FOLIO vide ou non reconnu dans Acts CSV
52599;29621;JJ169;44;FOLIO vide ou non reconnu dans Acts CSV
52600;29621;JJ169;44;FOLIO vide ou non reconnu dans Acts CSV
52601;29622;JJ169;45;FOLIO vide ou non reconnu dans Acts CSV
52602;29622;JJ169;45;FOLIO vide ou non reconnu dans Acts CSV
52603;29623;JJ169;46;FOLIO vide ou non reconnu dans Acts CSV
52604;29623;JJ169;46;FOLIO vide ou non reconnu dans Acts CSV
52605;29624;JJ169;47;
52606;29624;JJ169;47;
52607;29625;JJ169;48;FOLIO vide ou non reconnu dans Acts CSV
52608;29625;JJ169;48;FOLIO vide ou non reconnu dans Acts CSV
52609;29625;JJ169;48;FOLIO vide ou non reconnu dans Acts CSV
52610;29626;JJ169;49;FOLIO vide ou non reconnu dans Acts CSV
52611;29626;JJ169;49;FOLIO vide ou non reconnu dans Acts CSV
52612;29627;JJ169;50;FOLIO vide ou non reconnu dans Acts CSV
52613;29627;JJ169;50;FOLIO vide ou non reconnu dans Acts CSV
52614;29627;JJ169;50;FOLIO vide ou non reconnu dans Acts CSV
52615;29628;JJ169;51;FOLIO vide ou non reconnu dans Acts CSV
52616;29628;JJ169;51;FOLIO vide ou non reconnu dans Acts CSV
52617;29629;JJ169;52;FOLIO vide ou non reconnu dans Acts CSV
52618;29629;JJ169;52;FOLIO vide ou non reconnu dans Acts CSV
52619;29630;JJ169;53;FOLIO vide ou non reconnu dans Acts CSV
52620;29631;JJ169;54;FOLIO vide ou non reconnu dans Acts CSV
52621;29631;JJ169;54;FOLIO vide ou non reconnu dans Acts CSV
52622;29632;JJ169;55;FOLIO vide ou non reconnu dans Acts CSV
52623;29632;JJ169;55;FOLIO vide ou non reconnu dans Acts CSV
52624;29633;JJ169;56;FOLIO vide ou non reconnu dans Acts CSV
52625;29633;JJ169;56;FOLIO vide ou non reconnu dans Acts CSV
52626;29634;JJ169;57;FOLIO vide ou non reconnu dans Acts CSV
52627;29634;JJ169;57;FOLIO vide ou non reconnu dans Acts CSV
52628;29635;JJ169;58;FOLIO vide ou non reconnu dans Acts CSV
52629;29635;JJ169;58;FOLIO vide ou non reconnu dans Acts CSV
52630;29636;JJ169;59;FOLIO vide ou non reconnu dans Acts CSV
52631;29636;JJ169;59;FOLIO vide ou non reconnu dans Acts CSV
52632;29636;JJ169;59;FOLIO vide ou non reconnu dans Acts CSV
52633;29637;JJ169;60;
52634;29637;JJ169;60;
52635;29638;JJ169;61;FOLIO vide ou non reconnu dans Acts CSV
52636;29638;JJ169;61;FOLIO vide ou non reconnu dans Acts CSV
52637;29638;JJ169;61;FOLIO vide ou non reconnu dans Acts CSV
52638;29639;JJ169;62;
52639;29639;JJ169;62;
52640;29640;JJ169;63;FOLIO vide ou non reconnu dans Acts CSV
52641;29640;JJ169;63;FOLIO vide ou non reconnu dans Acts CSV
52642;29641;JJ169;64;FOLIO vide ou non reconnu dans Acts CSV
52643;29641;JJ169;64;FOLIO vide ou non reconnu dans Acts CSV
52644;29641;JJ169;64;FOLIO vide ou non reconnu dans Acts CSV
52645;29642;JJ169;65;FOLIO vide ou non reconnu dans Acts CSV
52646;29642;JJ169;65;FOLIO vide ou non reconnu dans Acts CSV
52647;29643;JJ169;66;FOLIO vide ou non reconnu dans Acts CSV
52648;29643;JJ169;66;FOLIO vide ou non reconnu dans Acts CSV
52649;29644;JJ169;67;
52650;29644;JJ169;67;
52651;29645;JJ169;68;FOLIO vide ou non reconnu dans Acts CSV
52652;29645;JJ169;68;FOLIO vide ou non reconnu dans Acts CSV
52653;29645;JJ169;68;FOLIO vide ou non reconnu dans Acts CSV
52654;29645;JJ169;68;FOLIO vide ou non reconnu dans Acts CSV
52655;29646;JJ169;69;
52656;29646;JJ169;69;
52657;29647;JJ169;70;FOLIO vide ou non reconnu dans Acts CSV
52658;29647;JJ169;70;FOLIO vide ou non reconnu dans Acts CSV
52659;29648;JJ169;71;FOLIO vide ou non reconnu dans Acts CSV
52660;29648;JJ169;71;FOLIO vide ou non reconnu dans Acts CSV
52661;29648;JJ169;71;FOLIO vide ou non reconnu dans Acts CSV
52662;29649;JJ169;72;FOLIO vide ou non reconnu dans Acts CSV
52663;29649;JJ169;72;FOLIO vide ou non reconnu dans Acts CSV
52664;29650;JJ169;73;FOLIO vide ou non reconnu dans Acts CSV
52665;29650;JJ169;73;FOLIO vide ou non reconnu dans Acts CSV
52666;29651;JJ169;74;FOLIO vide ou non reconnu dans Acts CSV
52667;29651;JJ169;74;FOLIO vide ou non reconnu dans Acts CSV
52668;29651;JJ169;74;FOLIO vide ou non reconnu dans Acts CSV
52669;29652;JJ169;75;
52670;29652;JJ169;75;
52671;29652;JJ169;75;
52672;29653;JJ169;76;FOLIO vide ou non reconnu dans Acts CSV
52673;29653;JJ169;76;FOLIO vide ou non reconnu dans Acts CSV
52674;29654;JJ169;77;
52675;29654;JJ169;77;
52676;29655;JJ169;78;
52677;29656;JJ169;79;FOLIO vide ou non reconnu dans Acts CSV
52678;29656;JJ169;79;FOLIO vide ou non reconnu dans Acts CSV
52679;29657;JJ169;80;FOLIO vide ou non reconnu dans Acts CSV
52680;29657;JJ169;80;FOLIO vide ou non reconnu dans Acts CSV
52681;29658;JJ169;81;FOLIO vide ou non reconnu dans Acts CSV
52682;29658;JJ169;81;FOLIO vide ou non reconnu dans Acts CSV
52683;29659;JJ169;82;FOLIO vide ou non reconnu dans Acts CSV
52684;29659;JJ169;82;FOLIO vide ou non reconnu dans Acts CSV
52685;29660;JJ169;83;FOLIO vide ou non reconnu dans Acts CSV
52686;29660;JJ169;83;FOLIO vide ou non reconnu dans Acts CSV
52687;29660;JJ169;83;FOLIO vide ou non reconnu dans Acts CSV
52688;29661;JJ169;84;
52689;29661;JJ169;84;
52690;29661;JJ169;84;
52691;29662;JJ169;85;
52692;29663;JJ169;86;FOLIO vide ou non reconnu dans Acts CSV
52693;29663;JJ169;86;FOLIO vide ou non reconnu dans Acts CSV
52694;29664;JJ169;87;FOLIO vide ou non reconnu dans Acts CSV
52695;29664;JJ169;87;FOLIO vide ou non reconnu dans Acts CSV
52696;29665;JJ169;88;FOLIO vide ou non reconnu dans Acts CSV
52697;29665;JJ169;88;FOLIO vide ou non reconnu dans Acts CSV
52698;29666;JJ169;89;FOLIO vide ou non reconnu dans Acts CSV
52699;29666;JJ169;89;FOLIO vide ou non reconnu dans Acts CSV
52700;29667;JJ169;90;FOLIO vide ou non reconnu dans Acts CSV
52701;29668;JJ169;91;
52702;29668;JJ169;91;
52703;29669;JJ169;92;FOLIO vide ou non reconnu dans Acts CSV
52704;29669;JJ169;92;FOLIO vide ou non reconnu dans Acts CSV
52705;29670;JJ169;93;FOLIO vide ou non reconnu dans Acts CSV
52706;29670;JJ169;93;FOLIO vide ou non reconnu dans Acts CSV
52707;29671;JJ169;94;FOLIO vide ou non reconnu dans Acts CSV
52708;29671;JJ169;94;FOLIO vide ou non reconnu dans Acts CSV
52709;29672;JJ169;95;FOLIO vide ou non reconnu dans Acts CSV
52710;29672;JJ169;95;FOLIO vide ou non reconnu dans Acts CSV
52711;29672;JJ169;95;FOLIO vide ou non reconnu dans Acts CSV
52712;29673;JJ169;96;
52713;29673,1;JJ169;96bis;
52714;29674;JJ169;97;
52715;29675;JJ169;98;
52716;29675;JJ169;98;
52717;29675;JJ169;98;
52718;29676;JJ169;99;FOLIO vide ou non reconnu dans Acts CSV
52719;29676;JJ169;99;FOLIO vide ou non reconnu dans Acts CSV
52720;29677;JJ169;100;
52721;29677;JJ169;100;
52722;29678;JJ169;101;FOLIO vide ou non reconnu dans Acts CSV
52723;29678;JJ169;101;FOLIO vide ou non reconnu dans Acts CSV
52724;29679;JJ169;102;FOLIO vide ou non reconnu dans Acts CSV
52725;29679;JJ169;102;FOLIO vide ou non reconnu dans Acts CSV
52726;29680;JJ169;103;FOLIO vide ou non reconnu dans Acts CSV
52727;29681;JJ169;104;FOLIO vide ou non reconnu dans Acts CSV
52728;29681;JJ169;104;FOLIO vide ou non reconnu dans Acts CSV
52729;29682;JJ169;105;FOLIO vide ou non reconnu dans Acts CSV
52730;29682;JJ169;105;FOLIO vide ou non reconnu dans Acts CSV
52731;29683;JJ169;106;FOLIO vide ou non reconnu dans Acts CSV
52732;29683;JJ169;106;FOLIO vide ou non reconnu dans Acts CSV
52733;29684;JJ169;107;FOLIO vide ou non reconnu dans Acts CSV
52734;29684;JJ169;107;FOLIO vide ou non reconnu dans Acts CSV
52735;29685;JJ169;108;FOLIO vide ou non reconnu dans Acts CSV
52736;29685;JJ169;108;FOLIO vide ou non reconnu dans Acts CSV
52737;29686;JJ169;109;FOLIO vide ou non reconnu dans Acts CSV
52738;29686;JJ169;109;FOLIO vide ou non reconnu dans Acts CSV
52739;29686;JJ169;109;FOLIO vide ou non reconnu dans Acts CSV
52740;29687;JJ169;110;
52741;29687;JJ169;110;
52742;29688;JJ169;111;FOLIO vide ou non reconnu dans Acts CSV
52743;29688;JJ169;111;FOLIO vide ou non reconnu dans Acts CSV
52744;29689;JJ169;112;FOLIO vide ou non reconnu dans Acts CSV
52745;29689;JJ169;112;FOLIO vide ou non reconnu dans Acts CSV
52746;29690;JJ169;113;
52747;29690;JJ169;113;
52748;29691;JJ169;114;FOLIO vide ou non reconnu dans Acts CSV
52749;29691;JJ169;114;FOLIO vide ou non reconnu dans Acts CSV
52750;29691;JJ169;114;FOLIO vide ou non reconnu dans Acts CSV
52751;29692;JJ169;115;FOLIO vide ou non reconnu dans Acts CSV
52752;29692;JJ169;115;FOLIO vide ou non reconnu dans Acts CSV
52753;29693;JJ169;116;FOLIO vide ou non reconnu dans Acts CSV
52754;29693;JJ169;116;FOLIO vide ou non reconnu dans Acts CSV
52755;29694;JJ169;117;FOLIO vide ou non reconnu dans Acts CSV
52756;29695;JJ169;118;FOLIO vide ou non reconnu dans Acts CSV
52757;29695;JJ169;118;FOLIO vide ou non reconnu dans Acts CSV
52758;29696;JJ169;119;FOLIO vide ou non reconnu dans Acts CSV
52759;29697;JJ169;120;FOLIO vide ou non reconnu dans Acts CSV
52760;29697;JJ169;120;FOLIO vide ou non reconnu dans Acts CSV
52761;29698;JJ169;121;FOLIO vide ou non reconnu dans Acts CSV
52762;29698;JJ169;121;FOLIO vide ou non reconnu dans Acts CSV
52763;29699;JJ169;122;FOLIO vide ou non reconnu dans Acts CSV
52764;29699;JJ169;122;FOLIO vide ou non reconnu dans Acts CSV
52765;29700;JJ169;123;
52766;29700;JJ169;123;
52767;29700;JJ169;123;
52768;29701;JJ169;124;FOLIO vide ou non reconnu dans Acts CSV
52769;29701;JJ169;124;FOLIO vide ou non reconnu dans Acts CSV
52770;29702;JJ169;125;FOLIO vide ou non reconnu dans Acts CSV
52771;29702;JJ169;125;FOLIO vide ou non reconnu dans Acts CSV
52772;29703;JJ169;126;FOLIO vide ou non reconnu dans Acts CSV
52773;29703;JJ169;126;FOLIO vide ou non reconnu dans Acts CSV
52774;29704;JJ169;127;FOLIO vide ou non reconnu dans Acts CSV
52775;29705;JJ169;128;FOLIO vide ou non reconnu dans Acts CSV
52776;29705;JJ169;128;FOLIO vide ou non reconnu dans Acts CSV
52777;29706;JJ169;129;FOLIO vide ou non reconnu dans Acts CSV
52778;29707;JJ169;130;FOLIO vide ou non reconnu dans Acts CSV
52779;29708;JJ169;131;FOLIO vide ou non reconnu dans Acts CSV
52780;29708;JJ169;131;FOLIO vide ou non reconnu dans Acts CSV
52781;29709;JJ169;132;FOLIO vide ou non reconnu dans Acts CSV
52782;29709;JJ169;132;FOLIO vide ou non reconnu dans Acts CSV
52783;29710;JJ169;133;FOLIO vide ou non reconnu dans Acts CSV
52784;29710;JJ169;133;FOLIO vide ou non reconnu dans Acts CSV
52785;29711;JJ169;134;FOLIO vide ou non reconnu dans Acts CSV
52786;29711;JJ169;134;FOLIO vide ou non reconnu dans Acts CSV
52787;29711;JJ169;134;FOLIO vide ou non reconnu dans Acts CSV
52788;29712;JJ169;135;
52789;29712;JJ169;135;
52790;29712;JJ169;135;
52791;29713;JJ169;136;FOLIO vide ou non reconnu dans Acts CSV
52792;29713;JJ169;136;FOLIO vide ou non reconnu dans Acts CSV
52793;29714;JJ169;137;FOLIO vide ou non reconnu dans Acts CSV
52794;29714;JJ169;137;FOLIO vide ou non reconnu dans Acts CSV
52795;29715;JJ169;138;FOLIO vide ou non reconnu dans Acts CSV
52796;29715;JJ169;138;FOLIO vide ou non reconnu dans Acts CSV
52797;29716;JJ169;139;
52798;29716;JJ169;139;
52799;29717;JJ169;140;FOLIO vide ou non reconnu dans Acts CSV
52800;29717;JJ169;140;FOLIO vide ou non reconnu dans Acts CSV
52801;29718;JJ169;141;FOLIO vide ou non reconnu dans Acts CSV
52802;29718;JJ169;141;FOLIO vide ou non reconnu dans Acts CSV
52803;29719;JJ169;142;FOLIO vide ou non reconnu dans Acts CSV
52804;29719;JJ169;142;FOLIO vide ou non reconnu dans Acts CSV
52805;29719;JJ169;142;FOLIO vide ou non reconnu dans Acts CSV
52806;29720;JJ169;143;FOLIO vide ou non reconnu dans Acts CSV
52807;29720;JJ169;143;FOLIO vide ou non reconnu dans Acts CSV
52808;29721;JJ169;144;FOLIO vide ou non reconnu dans Acts CSV
52809;29721;JJ169;144;FOLIO vide ou non reconnu dans Acts CSV
52810;29721;JJ169;144;FOLIO vide ou non reconnu dans Acts CSV
52811;29722;JJ169;145;FOLIO vide ou non reconnu dans Acts CSV
52812;29722;JJ169;145;FOLIO vide ou non reconnu dans Acts CSV
52813;29723;JJ169;146;FOLIO vide ou non reconnu dans Acts CSV
52814;29723;JJ169;146;FOLIO vide ou non reconnu dans Acts CSV
52815;29724;JJ169;147;FOLIO vide ou non reconnu dans Acts CSV
52816;29724;JJ169;147;FOLIO vide ou non reconnu dans Acts CSV
52817;29724;JJ169;147;FOLIO vide ou non reconnu dans Acts CSV
52818;29725;JJ169;148;FOLIO vide ou non reconnu dans Acts CSV
52819;29726;JJ169;149;FOLIO vide ou non reconnu dans Acts CSV
52820;29726;JJ169;149;FOLIO vide ou non reconnu dans Acts CSV
52821;29727;JJ169;150;FOLIO vide ou non reconnu dans Acts CSV
52822;29727;JJ169;150;FOLIO vide ou non reconnu dans Acts CSV
52823;29727;JJ169;150;FOLIO vide ou non reconnu dans Acts CSV
52824;29727;JJ169;150;FOLIO vide ou non reconnu dans Acts CSV
52825;29727;JJ169;150;FOLIO vide ou non reconnu dans Acts CSV
52826;29727;JJ169;150;FOLIO vide ou non reconnu dans Acts CSV
52827;29727;JJ169;150;FOLIO vide ou non reconnu dans Acts CSV
52828;29727;JJ169;150;FOLIO vide ou non reconnu dans Acts CSV
52829;29728;JJ169;151;FOLIO vide ou non reconnu dans Acts CSV
52830;29728;JJ169;151;FOLIO vide ou non reconnu dans Acts CSV
52831;29729;JJ169;152;FOLIO vide ou non reconnu dans Acts CSV
52832;29729;JJ169;152;FOLIO vide ou non reconnu dans Acts CSV
52833;29730;JJ169;153;
52834;29730;JJ169;153;
52835;29731;JJ169;154;
52836;29731;JJ169;154;
52837;29731;JJ169;154;
52838;29732;JJ169;155;FOLIO vide ou non reconnu dans Acts CSV
52839;29732;JJ169;155;FOLIO vide ou non reconnu dans Acts CSV
52840;29732;JJ169;155;FOLIO vide ou non reconnu dans Acts CSV
52841;29733;JJ169;156;FOLIO vide ou non reconnu dans Acts CSV
52842;29734;JJ169;157;
52843;29735;JJ169;158;FOLIO vide ou non reconnu dans Acts CSV
52844;29736;JJ169;159;
52845;29736;JJ169;159;
52846;29737;JJ169;160;FOLIO vide ou non reconnu dans Acts CSV
52847;29737;JJ169;160;FOLIO vide ou non reconnu dans Acts CSV
52848;29738;JJ169;161;FOLIO vide ou non reconnu dans Acts CSV
52849;29739;JJ169;162;FOLIO vide ou non reconnu dans Acts CSV
52850;29739;JJ169;162;FOLIO vide ou non reconnu dans Acts CSV
52851;29740;JJ169;163;
52852;29740;JJ169;163;
52853;29740;JJ169;163;
52854;29741;JJ169;164;FOLIO vide ou non reconnu dans Acts CSV
52855;29742;JJ169;165;
52856;29742;JJ169;165;
52857;29743;JJ169;166;FOLIO vide ou non reconnu dans Acts CSV
52858;29743;JJ169;166;FOLIO vide ou non reconnu dans Acts CSV
52859;29743;JJ169;166;FOLIO vide ou non reconnu dans Acts CSV
52860;29744;JJ169;167;FOLIO vide ou non reconnu dans Acts CSV
52861;29744;JJ169;167;FOLIO vide ou non reconnu dans Acts CSV
52862;29745;JJ169;168;FOLIO vide ou non reconnu dans Acts CSV
52863;29745;JJ169;168;FOLIO vide ou non reconnu dans Acts CSV
52864;29746;JJ169;169;
52865;29746;JJ169;169;
52866;29747;JJ169;170;FOLIO vide ou non reconnu dans Acts CSV
52867;29747;JJ169;170;FOLIO vide ou non reconnu dans Acts CSV
52868;29748;JJ169;171;FOLIO vide ou non reconnu dans Acts CSV
52869;29748;JJ169;171;FOLIO vide ou non reconnu dans Acts CSV
52870;29749;JJ169;172;FOLIO vide ou non reconnu dans Acts CSV
52871;29749;JJ169;172;FOLIO vide ou non reconnu dans Acts CSV
52872;29750;JJ169;173;
52873;29750;JJ169;173;
52874;29750;JJ169;173;
52875;29751;JJ169;174;FOLIO vide ou non reconnu dans Acts CSV
52876;29751;JJ169;174;FOLIO vide ou non reconnu dans Acts CSV
52877;29752;JJ169;175;FOLIO vide ou non reconnu dans Acts CSV
52878;29752;JJ169;175;FOLIO vide ou non reconnu dans Acts CSV
52879;29752;JJ169;175;FOLIO vide ou non reconnu dans Acts CSV
52880;29753;JJ169;176;
52881;29753;JJ169;176;
52882;29754;JJ169;177;FOLIO vide ou non reconnu dans Acts CSV
52883;29754;JJ169;177;FOLIO vide ou non reconnu dans Acts CSV
52884;29755;JJ169;178;FOLIO vide ou non reconnu dans Acts CSV
52885;29755;JJ169;178;FOLIO vide ou non reconnu dans Acts CSV
52886;29756;JJ169;179;FOLIO vide ou non reconnu dans Acts CSV
52887;29756;JJ169;179;FOLIO vide ou non reconnu dans Acts CSV
52888;29757;JJ169;180;
52889;29757;JJ169;180;
52890;29758;JJ169;181;FOLIO vide ou non reconnu dans Acts CSV
52891;29759;JJ169;182;FOLIO vide ou non reconnu dans Acts CSV
52892;29759;JJ169;182;FOLIO vide ou non reconnu dans Acts CSV
52893;29760;JJ169;183;FOLIO vide ou non reconnu dans Acts CSV
52894;29760;JJ169;183;FOLIO vide ou non reconnu dans Acts CSV
52895;29760;JJ169;183;FOLIO vide ou non reconnu dans Acts CSV
52896;29761;JJ169;184;FOLIO vide ou non reconnu dans Acts CSV
52897;29762;JJ169;185;FOLIO vide ou non reconnu dans Acts CSV
52898;29762;JJ169;185;FOLIO vide ou non reconnu dans Acts CSV
52899;29762;JJ169;185;FOLIO vide ou non reconnu dans Acts CSV
52900;29763;JJ169;186;FOLIO vide ou non reconnu dans Acts CSV
52901;29763;JJ169;186;FOLIO vide ou non reconnu dans Acts CSV
52902;29763,1;JJ169;186bis;
52903;29764;JJ169;187;FOLIO vide ou non reconnu dans Acts CSV
52904;29765;JJ169;188;FOLIO vide ou non reconnu dans Acts CSV
52905;29765;JJ169;188;FOLIO vide ou non reconnu dans Acts CSV
52906;29765;JJ169;188;FOLIO vide ou non reconnu dans Acts CSV
52907;29766;JJ169;189;FOLIO vide ou non reconnu dans Acts CSV
52908;29766;JJ169;189;FOLIO vide ou non reconnu dans Acts CSV
52909;29767;JJ169;190;
52910;29767;JJ169;190;
52911;29767;JJ169;190;
52912;29768;JJ169;191;FOLIO vide ou non reconnu dans Acts CSV
52913;29769;JJ169;192;FOLIO vide ou non reconnu dans Acts CSV
52914;29769;JJ169;192;FOLIO vide ou non reconnu dans Acts CSV
52915;29770;JJ169;193;FOLIO vide ou non reconnu dans Acts CSV
52916;29770;JJ169;193;FOLIO vide ou non reconnu dans Acts CSV
52917;29770;JJ169;193;FOLIO vide ou non reconnu dans Acts CSV
52918;29770;JJ169;193;FOLIO vide ou non reconnu dans Acts CSV
52919;29771;JJ169;194;FOLIO vide ou non reconnu dans Acts CSV
52920;29771;JJ169;194;FOLIO vide ou non reconnu dans Acts CSV
52921;29772;JJ169;195;FOLIO vide ou non reconnu dans Acts CSV
52922;29772;JJ169;195;FOLIO vide ou non reconnu dans Acts CSV
52923;29773;JJ169;196;FOLIO vide ou non reconnu dans Acts CSV
52924;29773;JJ169;196;FOLIO vide ou non reconnu dans Acts CSV
52925;29773;JJ169;196;FOLIO vide ou non reconnu dans Acts CSV
52926;29774;JJ169;197;FOLIO vide ou non reconnu dans Acts CSV
52927;29774;JJ169;197;FOLIO vide ou non reconnu dans Acts CSV
52928;29775;JJ169;198;FOLIO vide ou non reconnu dans Acts CSV
52929;29775;JJ169;198;FOLIO vide ou non reconnu dans Acts CSV
52930;29776;JJ169;199;FOLIO vide ou non reconnu dans Acts CSV
52931;29777;JJ169;200;
52932;29777;JJ169;200;
52933;29778;JJ169;201;FOLIO vide ou non reconnu dans Acts CSV
52934;29778;JJ169;201;FOLIO vide ou non reconnu dans Acts CSV
52935;29779;JJ169;202;FOLIO vide ou non reconnu dans Acts CSV
52936;29779;JJ169;202;FOLIO vide ou non reconnu dans Acts CSV
52937;29780;JJ169;203;FOLIO vide ou non reconnu dans Acts CSV
52938;29780;JJ169;203;FOLIO vide ou non reconnu dans Acts CSV
52939;29780;JJ169;203;FOLIO vide ou non reconnu dans Acts CSV
52940;29781;JJ169;204;FOLIO vide ou non reconnu dans Acts CSV
52941;29781;JJ169;204;FOLIO vide ou non reconnu dans Acts CSV
52942;29782;JJ169;205;FOLIO vide ou non reconnu dans Acts CSV
52943;29782;JJ169;205;FOLIO vide ou non reconnu dans Acts CSV
52944;29783;JJ169;206;FOLIO vide ou non reconnu dans Acts CSV
52945;29783;JJ169;206;FOLIO vide ou non reconnu dans Acts CSV
52946;29783;JJ169;206;FOLIO vide ou non reconnu dans Acts CSV
52947;29784;JJ169;207;FOLIO vide ou non reconnu dans Acts CSV
52948;29784;JJ169;207;FOLIO vide ou non reconnu dans Acts CSV
52949;29784;JJ169;207;FOLIO vide ou non reconnu dans Acts CSV
52950;29785;JJ169;208;FOLIO vide ou non reconnu dans Acts CSV
52951;29785;JJ169;208;FOLIO vide ou non reconnu dans Acts CSV
52952;29786;JJ169;209;FOLIO vide ou non reconnu dans Acts CSV
52953;29786;JJ169;209;FOLIO vide ou non reconnu dans Acts CSV
52954;29787;JJ169;210;
52955;29788;JJ169;211;FOLIO vide ou non reconnu dans Acts CSV
52956;29788;JJ169;211;FOLIO vide ou non reconnu dans Acts CSV
52957;29789;JJ169;212;FOLIO vide ou non reconnu dans Acts CSV
52958;29789;JJ169;212;FOLIO vide ou non reconnu dans Acts CSV
52959;29789;JJ169;212;FOLIO vide ou non reconnu dans Acts CSV
52960;29790;JJ169;213;FOLIO vide ou non reconnu dans Acts CSV
52961;29790;JJ169;213;FOLIO vide ou non reconnu dans Acts CSV
52962;29791;JJ169;214;FOLIO vide ou non reconnu dans Acts CSV
52963;29791;JJ169;214;FOLIO vide ou non reconnu dans Acts CSV
52964;29792;JJ169;215;FOLIO vide ou non reconnu dans Acts CSV
52965;29792;JJ169;215;FOLIO vide ou non reconnu dans Acts CSV
52966;29793;JJ169;216;FOLIO vide ou non reconnu dans Acts CSV
52967;29793;JJ169;216;FOLIO vide ou non reconnu dans Acts CSV
52968;29793;JJ169;216;FOLIO vide ou non reconnu dans Acts CSV
52969;29794;JJ169;217;FOLIO vide ou non reconnu dans Acts CSV
52970;29794;JJ169;217;FOLIO vide ou non reconnu dans Acts CSV
52971;29795;JJ169;218;FOLIO vide ou non reconnu dans Acts CSV
52972;29795;JJ169;218;FOLIO vide ou non reconnu dans Acts CSV
52973;29796;JJ169;219;
52974;29796;JJ169;219;
52975;29797;JJ169;220;FOLIO vide ou non reconnu dans Acts CSV
52976;29797;JJ169;220;FOLIO vide ou non reconnu dans Acts CSV
52977;29798;JJ169;221;FOLIO vide ou non reconnu dans Acts CSV
52978;29798;JJ169;221;FOLIO vide ou non reconnu dans Acts CSV
52979;29798;JJ169;221;FOLIO vide ou non reconnu dans Acts CSV
52980;29799;JJ169;222;FOLIO vide ou non reconnu dans Acts CSV
52981;29800;JJ169;223;FOLIO vide ou non reconnu dans Acts CSV
52982;29800;JJ169;223;FOLIO vide ou non reconnu dans Acts CSV
52983;29801;JJ169;224;FOLIO vide ou non reconnu dans Acts CSV
52984;29801;JJ169;224;FOLIO vide ou non reconnu dans Acts CSV
52985;29802;JJ169;225;FOLIO vide ou non reconnu dans Acts CSV
52986;29802;JJ169;225;FOLIO vide ou non reconnu dans Acts CSV
52987;29803;JJ169;226;
52988;29803;JJ169;226;
52989;29804;JJ169;227;FOLIO vide ou non reconnu dans Acts CSV
52990;29804;JJ169;227;FOLIO vide ou non reconnu dans Acts CSV
52991;29804;JJ169;227;FOLIO vide ou non reconnu dans Acts CSV
52992;29805;JJ169;228;FOLIO vide ou non reconnu dans Acts CSV
52993;29805;JJ169;228;FOLIO vide ou non reconnu dans Acts CSV
52994;29806;JJ169;229;FOLIO vide ou non reconnu dans Acts CSV
52995;29806;JJ169;229;FOLIO vide ou non reconnu dans Acts CSV
52996;29807;JJ169;230;FOLIO vide ou non reconnu dans Acts CSV
52997;29807;JJ169;230;FOLIO vide ou non reconnu dans Acts CSV
52998;29808;JJ169;231;FOLIO vide ou non reconnu dans Acts CSV
52999;29808;JJ169;231;FOLIO vide ou non reconnu dans Acts CSV
53000;29808;JJ169;231;FOLIO vide ou non reconnu dans Acts CSV
53001;29809;JJ169;232;FOLIO vide ou non reconnu dans Acts CSV
53002;29809;JJ169;232;FOLIO vide ou non reconnu dans Acts CSV
53003;29810;JJ169;233;
53004;29810;JJ169;233;
53005;29810;JJ169;233;
53006;29811;JJ169;234;
53007;29811;JJ169;234;
53008;29812;JJ169;235;
53009;29812;JJ169;235;
53010;29813;JJ169;236;FOLIO vide ou non reconnu dans Acts CSV
53011;29813;JJ169;236;FOLIO vide ou non reconnu dans Acts CSV
53012;29813;JJ169;236;FOLIO vide ou non reconnu dans Acts CSV
53013;29814;JJ169;237;
53014;29814;JJ169;237;
53015;29815;JJ169;238;FOLIO vide ou non reconnu dans Acts CSV
53016;29815;JJ169;238;FOLIO vide ou non reconnu dans Acts CSV
53017;29815;JJ169;238;FOLIO vide ou non reconnu dans Acts CSV
53018;29816;JJ169;239;FOLIO vide ou non reconnu dans Acts CSV
53019;29816;JJ169;239;FOLIO vide ou non reconnu dans Acts CSV
53020;29817;JJ169;240;FOLIO vide ou non reconnu dans Acts CSV
53021;29817;JJ169;240;FOLIO vide ou non reconnu dans Acts CSV
53022;29818;JJ169;241;FOLIO vide ou non reconnu dans Acts CSV
53023;29818;JJ169;241;FOLIO vide ou non reconnu dans Acts CSV
53024;29819;JJ169;242;FOLIO vide ou non reconnu dans Acts CSV
53025;29819;JJ169;242;FOLIO vide ou non reconnu dans Acts CSV
53026;29819;JJ169;242;FOLIO vide ou non reconnu dans Acts CSV
53027;29820;JJ169;243;FOLIO vide ou non reconnu dans Acts CSV
53028;29820;JJ169;243;FOLIO vide ou non reconnu dans Acts CSV
53029;29820;JJ169;243;FOLIO vide ou non reconnu dans Acts CSV
53030;29820;JJ169;243;FOLIO vide ou non reconnu dans Acts CSV
53031;29821;JJ169;244;FOLIO vide ou non reconnu dans Acts CSV
53032;29821;JJ169;244;FOLIO vide ou non reconnu dans Acts CSV
53033;29822;JJ169;245;FOLIO vide ou non reconnu dans Acts CSV
53034;29822;JJ169;245;FOLIO vide ou non reconnu dans Acts CSV
53035;29823;JJ169;246;FOLIO vide ou non reconnu dans Acts CSV
53036;29823;JJ169;246;FOLIO vide ou non reconnu dans Acts CSV
53037;29823;JJ169;246;FOLIO vide ou non reconnu dans Acts CSV
53038;29825;JJ169;247;
53039;29825;JJ169;247;
53040;29828;JJ169;248;
53041;29828;JJ169;248;
53042;29829;JJ169;249;FOLIO vide ou non reconnu dans Acts CSV
53043;29829;JJ169;249;FOLIO vide ou non reconnu dans Acts CSV
53044;29830;JJ169;250;FOLIO vide ou non reconnu dans Acts CSV
53045;29830;JJ169;250;FOLIO vide ou non reconnu dans Acts CSV
53046;29830;JJ169;250;FOLIO vide ou non reconnu dans Acts CSV
53047;29831;JJ169;251;
53048;29831;JJ169;251;
53049;29832;JJ169;252;FOLIO vide ou non reconnu dans Acts CSV
53050;29832;JJ169;252;FOLIO vide ou non reconnu dans Acts CSV
53051;29833;JJ169;253;FOLIO vide ou non reconnu dans Acts CSV
53052;29833;JJ169;253;FOLIO vide ou non reconnu dans Acts CSV
53053;29833;JJ169;253;FOLIO vide ou non reconnu dans Acts CSV
53054;29834;JJ169;254;FOLIO vide ou non reconnu dans Acts CSV
53055;29834;JJ169;254;FOLIO vide ou non reconnu dans Acts CSV
53056;29835;JJ169;255;FOLIO vide ou non reconnu dans Acts CSV
53057;29835;JJ169;255;FOLIO vide ou non reconnu dans Acts CSV
53058;29836;JJ169;256;FOLIO vide ou non reconnu dans Acts CSV
53059;29837;JJ169;257;FOLIO vide ou non reconnu dans Acts CSV
53060;29837;JJ169;257;FOLIO vide ou non reconnu dans Acts CSV
53061;29838;JJ169;258;FOLIO vide ou non reconnu dans Acts CSV
53062;29838;JJ169;258;FOLIO vide ou non reconnu dans Acts CSV
53063;29839;JJ169;259;
53064;29839;JJ169;259;
53065;29840;JJ169;260;
53066;29841;JJ169;261;
53067;29841;JJ169;261;
53068;29842;JJ169;262;
53069;29843;JJ169;263;
53070;29844;JJ169;264;
53071;29845;JJ169;265;
53072;29846;JJ169;266;
53073;29847;JJ169;267;
53074;29847;JJ169;267;
53075;29848;JJ169;268;FOLIO vide ou non reconnu dans Acts CSV
53076;29848;JJ169;268;FOLIO vide ou non reconnu dans Acts CSV
53077;29849;JJ169;269;FOLIO vide ou non reconnu dans Acts CSV
53078;29849;JJ169;269;FOLIO vide ou non reconnu dans Acts CSV
53079;29850;JJ169;270;FOLIO vide ou non reconnu dans Acts CSV
53080;29850;JJ169;270;FOLIO vide ou non reconnu dans Acts CSV
53081;29851;JJ169;271;FOLIO vide ou non reconnu dans Acts CSV
53082;29851;JJ169;271;FOLIO vide ou non reconnu dans Acts CSV
53083;29852;JJ169;272;FOLIO vide ou non reconnu dans Acts CSV
53084;29852;JJ169;272;FOLIO vide ou non reconnu dans Acts CSV
53085;29853;JJ169;273;FOLIO vide ou non reconnu dans Acts CSV
53086;29853;JJ169;273;FOLIO vide ou non reconnu dans Acts CSV
53087;29854;JJ169;274;FOLIO vide ou non reconnu dans Acts CSV
53088;29854;JJ169;274;FOLIO vide ou non reconnu dans Acts CSV
53089;29855;JJ169;275;FOLIO vide ou non reconnu dans Acts CSV
53090;29855;JJ169;275;FOLIO vide ou non reconnu dans Acts CSV
53091;29856;JJ169;276;FOLIO vide ou non reconnu dans Acts CSV
53092;29856;JJ169;276;FOLIO vide ou non reconnu dans Acts CSV
53093;29857;JJ169;277;
53094;29857;JJ169;277;
53095;29858;JJ169;278;FOLIO vide ou non reconnu dans Acts CSV
53096;29858;JJ169;278;FOLIO vide ou non reconnu dans Acts CSV
53097;29859;JJ169;279;FOLIO vide ou non reconnu dans Acts CSV
53098;29859;JJ169;279;FOLIO vide ou non reconnu dans Acts CSV
53099;29860;JJ169;280;FOLIO vide ou non reconnu dans Acts CSV
53100;29860;JJ169;280;FOLIO vide ou non reconnu dans Acts CSV
53101;29861;JJ169;281;FOLIO vide ou non reconnu dans Acts CSV
53102;29861;JJ169;281;FOLIO vide ou non reconnu dans Acts CSV
53103;29862;JJ169;282;FOLIO vide ou non reconnu dans Acts CSV
53104;29862;JJ169;282;FOLIO vide ou non reconnu dans Acts CSV
53105;29862;JJ169;282;FOLIO vide ou non reconnu dans Acts CSV
53106;29863;JJ169;283;FOLIO vide ou non reconnu dans Acts CSV
53107;29863;JJ169;283;FOLIO vide ou non reconnu dans Acts CSV
53108;29863;JJ169;283;FOLIO vide ou non reconnu dans Acts CSV
53109;29864;JJ169;284;
53110;29864;JJ169;284;
53111;29865;JJ169;285;FOLIO vide ou non reconnu dans Acts CSV
53112;29865;JJ169;285;FOLIO vide ou non reconnu dans Acts CSV
53113;29865;JJ169;285;FOLIO vide ou non reconnu dans Acts CSV
53114;29866;JJ169;286;FOLIO vide ou non reconnu dans Acts CSV
53115;29866;JJ169;286;FOLIO vide ou non reconnu dans Acts CSV
53116;29867;JJ169;287;FOLIO vide ou non reconnu dans Acts CSV
53117;29867;JJ169;287;FOLIO vide ou non reconnu dans Acts CSV
53118;29868;JJ169;288;FOLIO vide ou non reconnu dans Acts CSV
53119;29868;JJ169;288;FOLIO vide ou non reconnu dans Acts CSV
53120;29868;JJ169;288;FOLIO vide ou non reconnu dans Acts CSV
53121;29869;JJ169;289;FOLIO vide ou non reconnu dans Acts CSV
53122;29870;JJ169;290;
53123;29870;JJ169;290;
53124;29871;JJ169;291;FOLIO vide ou non reconnu dans Acts CSV
53125;29871;JJ169;291;FOLIO vide ou non reconnu dans Acts CSV
53126;29872;JJ169;292;
53127;29873;JJ169;293;FOLIO vide ou non reconnu dans Acts CSV
53128;29873;JJ169;293;FOLIO vide ou non reconnu dans Acts CSV
53129;29875;JJ169;295;
53130;29875;JJ169;295;
53131;29876;JJ169;296;
53132;29876;JJ169;296;
53133;29877;JJ169;297;FOLIO vide ou non reconnu dans Acts CSV
53134;29877;JJ169;297;FOLIO vide ou non reconnu dans Acts CSV
53135;29878;JJ169;298;FOLIO vide ou non reconnu dans Acts CSV
53136;29879;JJ169;299;FOLIO vide ou non reconnu dans Acts CSV
53137;29880;JJ169;300;FOLIO vide ou non reconnu dans Acts CSV
53138;29881;JJ169;301;FOLIO vide ou non reconnu dans Acts CSV
53139;29882;JJ169;302;FOLIO vide ou non reconnu dans Acts CSV
53140;29883;JJ169;303;FOLIO vide ou non reconnu dans Acts CSV
53141;29884;JJ169;304;FOLIO vide ou non reconnu dans Acts CSV
53142;29884;JJ169;304;FOLIO vide ou non reconnu dans Acts CSV
53143;29885;JJ169;305;FOLIO vide ou non reconnu dans Acts CSV
53144;29885;JJ169;305;FOLIO vide ou non reconnu dans Acts CSV
53145;29886;JJ169;306;FOLIO vide ou non reconnu dans Acts CSV
53146;29886;JJ169;306;FOLIO vide ou non reconnu dans Acts CSV
53147;29887;JJ169;307;
53148;29887;JJ169;307;
53149;29888;JJ169;308;FOLIO vide ou non reconnu dans Acts CSV
53150;29888;JJ169;308;FOLIO vide ou non reconnu dans Acts CSV
53151;29889;JJ169;309;FOLIO vide ou non reconnu dans Acts CSV
53152;29889;JJ169;309;FOLIO vide ou non reconnu dans Acts CSV
53153;29890;JJ169;310;FOLIO vide ou non reconnu dans Acts CSV
53154;29890;JJ169;310;FOLIO vide ou non reconnu dans Acts CSV
53155;29891;JJ169;311;FOLIO vide ou non reconnu dans Acts CSV
53156;29891;JJ169;311;FOLIO vide ou non reconnu dans Acts CSV
53157;29892;JJ169;312;FOLIO vide ou non reconnu dans Acts CSV
53158;29892;JJ169;312;FOLIO vide ou non reconnu dans Acts CSV
53159;29893;JJ169;313;FOLIO vide ou non reconnu dans Acts CSV
53160;29893;JJ169;313;FOLIO vide ou non reconnu dans Acts CSV
53161;29893;JJ169;313;FOLIO vide ou non reconnu dans Acts CSV
53162;29894;JJ169;314;FOLIO vide ou non reconnu dans Acts CSV
53163;29894;JJ169;314;FOLIO vide ou non reconnu dans Acts CSV
53164;29894;JJ169;314;FOLIO vide ou non reconnu dans Acts CSV
53165;29895;JJ169;315;FOLIO vide ou non reconnu dans Acts CSV
53166;29895;JJ169;315;FOLIO vide ou non reconnu dans Acts CSV
53167;29896;JJ169;316;FOLIO vide ou non reconnu dans Acts CSV
53168;29896;JJ169;316;FOLIO vide ou non reconnu dans Acts CSV
53169;29897;JJ169;317;FOLIO vide ou non reconnu dans Acts CSV
53170;29897;JJ169;317;FOLIO vide ou non reconnu dans Acts CSV
53171;29898;JJ169;318;FOLIO vide ou non reconnu dans Acts CSV
53172;29898;JJ169;318;FOLIO vide ou non reconnu dans Acts CSV
53173;29898;JJ169;318;FOLIO vide ou non reconnu dans Acts CSV
53174;29899;JJ169;319;FOLIO vide ou non reconnu dans Acts CSV
53175;29899;JJ169;319;FOLIO vide ou non reconnu dans Acts CSV
53176;29900;JJ169;320;FOLIO vide ou non reconnu dans Acts CSV
53177;29900;JJ169;320;FOLIO vide ou non reconnu dans Acts CSV
53178;29901;JJ169;321;FOLIO vide ou non reconnu dans Acts CSV
53179;29901;JJ169;321;FOLIO vide ou non reconnu dans Acts CSV
53180;29902;JJ169;322;FOLIO vide ou non reconnu dans Acts CSV
53181;29902;JJ169;322;FOLIO vide ou non reconnu dans Acts CSV
53182;29903;JJ169;323;FOLIO vide ou non reconnu dans Acts CSV
53183;29904;JJ169;324;FOLIO vide ou non reconnu dans Acts CSV
53184;29904;JJ169;324;FOLIO vide ou non reconnu dans Acts CSV
53185;29904;JJ169;324;FOLIO vide ou non reconnu dans Acts CSV
53186;29905;JJ169;325;FOLIO vide ou non reconnu dans Acts CSV
53187;29905;JJ169;325;FOLIO vide ou non reconnu dans Acts CSV
53188;29906;JJ169;326;FOLIO vide ou non reconnu dans Acts CSV
53189;29907;JJ169;327;
53190;29907;JJ169;327;
53191;29908;JJ169;328;FOLIO vide ou non reconnu dans Acts CSV
53192;29908;JJ169;328;FOLIO vide ou non reconnu dans Acts CSV
53193;29909;JJ169;329;FOLIO vide ou non reconnu dans Acts CSV
53194;29909;JJ169;329;FOLIO vide ou non reconnu dans Acts CSV
53195;29910;JJ169;330;FOLIO vide ou non reconnu dans Acts CSV
53196;29910;JJ169;330;FOLIO vide ou non reconnu dans Acts CSV
53197;29911;JJ169;331;FOLIO vide ou non reconnu dans Acts CSV
53198;29911;JJ169;331;FOLIO vide ou non reconnu dans Acts CSV
53199;29912;JJ169;332;FOLIO vide ou non reconnu dans Acts CSV
53200;29912;JJ169;332;FOLIO vide ou non reconnu dans Acts CSV
53201;29913;JJ169;333;FOLIO vide ou non reconnu dans Acts CSV
53202;29913;JJ169;333;FOLIO vide ou non reconnu dans Acts CSV
53203;29914;JJ169;334;FOLIO vide ou non reconnu dans Acts CSV
53204;29914;JJ169;334;FOLIO vide ou non reconnu dans Acts CSV
53205;29915;JJ169;335;
53206;29915;JJ169;335;
53207;29917;JJ169;337;FOLIO vide ou non reconnu dans Acts CSV
53208;29918;JJ169;338;
53209;29919;JJ169;339;FOLIO vide ou non reconnu dans Acts CSV
53210;29920;JJ169;340;
53211;29921;JJ169;341;
53212;29922;JJ169;342;
53213;29923;JJ169;343;
53214;29924;JJ169;344;
53215;29924;JJ169;344;
53216;29925;JJ169;345;FOLIO vide ou non reconnu dans Acts CSV
53217;29925;JJ169;345;FOLIO vide ou non reconnu dans Acts CSV
53218;29926;JJ169;346;FOLIO vide ou non reconnu dans Acts CSV
53219;29926;JJ169;346;FOLIO vide ou non reconnu dans Acts CSV
53220;29927;JJ169;347;
53221;29927;JJ169;347;
53222;29928;JJ169;348;
53223;29928;JJ169;348;
53224;29929;JJ169;349;FOLIO vide ou non reconnu dans Acts CSV
53225;29929;JJ169;349;FOLIO vide ou non reconnu dans Acts CSV
53226;29930;JJ169;350;
53227;29930;JJ169;350;
53228;29931;JJ169;351;FOLIO vide ou non reconnu dans Acts CSV
53229;29931;JJ169;351;FOLIO vide ou non reconnu dans Acts CSV
53230;29931;JJ169;351;FOLIO vide ou non reconnu dans Acts CSV
53231;29932;JJ169;352;FOLIO vide ou non reconnu dans Acts CSV
53232;29932;JJ169;352;FOLIO vide ou non reconnu dans Acts CSV
53233;29933;JJ169;353;FOLIO vide ou non reconnu dans Acts CSV
53234;29933;JJ169;353;FOLIO vide ou non reconnu dans Acts CSV
53235;29934;JJ169;354;
53236;29934;JJ169;354;
53237;29935;JJ169;355;FOLIO vide ou non reconnu dans Acts CSV
53238;29935;JJ169;355;FOLIO vide ou non reconnu dans Acts CSV
53239;29936;JJ169;356;
53240;29937;JJ169;357;
53241;29938;JJ169;358;
53242;29938;JJ169;358;
53243;29939;JJ169;359;FOLIO vide ou non reconnu dans Acts CSV
53244;29939;JJ169;359;FOLIO vide ou non reconnu dans Acts CSV
53245;29940;JJ169;360;FOLIO vide ou non reconnu dans Acts CSV
53246;29940;JJ169;360;FOLIO vide ou non reconnu dans Acts CSV
53247;29941;JJ169;361;FOLIO vide ou non reconnu dans Acts CSV
53248;29941;JJ169;361;FOLIO vide ou non reconnu dans Acts CSV
53249;29942;JJ169;362;FOLIO vide ou non reconnu dans Acts CSV
53250;29943;JJ169;363;FOLIO vide ou non reconnu dans Acts CSV
53251;29943;JJ169;363;FOLIO vide ou non reconnu dans Acts CSV
53252;29944;JJ169;364;FOLIO vide ou non reconnu dans Acts CSV
53253;29944;JJ169;364;FOLIO vide ou non reconnu dans Acts CSV
53254;29945;JJ169;365;FOLIO vide ou non reconnu dans Acts CSV
53255;29945;JJ169;365;FOLIO vide ou non reconnu dans Acts CSV
53256;29946;JJ169;366;FOLIO vide ou non reconnu dans Acts CSV
53257;29946;JJ169;366;FOLIO vide ou non reconnu dans Acts CSV
53258;29947;JJ169;367;FOLIO vide ou non reconnu dans Acts CSV
53259;29947;JJ169;367;FOLIO vide ou non reconnu dans Acts CSV
53260;29947;JJ169;367;FOLIO vide ou non reconnu dans Acts CSV
53263;29950;JJ169;370;FOLIO vide ou non reconnu dans Acts CSV
53264;29950;JJ169;370;FOLIO vide ou non reconnu dans Acts CSV
53265;29951;JJ169;371;
53266;29951;JJ169;371;
53267;29951;JJ169;371;
53268;29952;JJ169;372;FOLIO vide ou non reconnu dans Acts CSV
53269;29952;JJ169;372;FOLIO vide ou non reconnu dans Acts CSV
53270;29952;JJ169;372;FOLIO vide ou non reconnu dans Acts CSV
53271;29953;JJ169;373;FOLIO vide ou non reconnu dans Acts CSV
53272;29953;JJ169;373;FOLIO vide ou non reconnu dans Acts CSV
53273;29954;JJ169;374;FOLIO vide ou non reconnu dans Acts CSV
53274;29954;JJ169;374;FOLIO vide ou non reconnu dans Acts CSV
53275;29954;JJ169;374;FOLIO vide ou non reconnu dans Acts CSV
53276;29955;JJ169;375;FOLIO vide ou non reconnu dans Acts CSV
53277;29956;JJ169;376;FOLIO vide ou non reconnu dans Acts CSV
53278;29956;JJ169;376;FOLIO vide ou non reconnu dans Acts CSV
53279;29957;JJ169;377;
53280;29958;JJ169;378;FOLIO vide ou non reconnu dans Acts CSV
53281;29959;JJ169;379;FOLIO vide ou non reconnu dans Acts CSV
53282;29959;JJ169;379;FOLIO vide ou non reconnu dans Acts CSV
53283;29960;JJ169;380;FOLIO vide ou non reconnu dans Acts CSV
53284;29960;JJ169;380;FOLIO vide ou non reconnu dans Acts CSV
53285;29961;JJ169;381;FOLIO vide ou non reconnu dans Acts CSV
53286;29961;JJ169;381;FOLIO vide ou non reconnu dans Acts CSV
53287;29962;JJ169;382;FOLIO vide ou non reconnu dans Acts CSV
53288;29962;JJ169;382;FOLIO vide ou non reconnu dans Acts CSV
53289;29963;JJ169;383;FOLIO vide ou non reconnu dans Acts CSV
53290;29963;JJ169;383;FOLIO vide ou non reconnu dans Acts CSV
53291;29964;JJ169;384;FOLIO vide ou non reconnu dans Acts CSV
53292;29964;JJ169;384;FOLIO vide ou non reconnu dans Acts CSV
53293;29965;JJ169;385;FOLIO vide ou non reconnu dans Acts CSV
53294;29965;JJ169;385;FOLIO vide ou non reconnu dans Acts CSV
53295;29966;JJ169;386;FOLIO vide ou non reconnu dans Acts CSV
53296;29966;JJ169;386;FOLIO vide ou non reconnu dans Acts CSV
53297;29967;JJ169;387;
53298;29967;JJ169;387;
53299;29968;JJ169;388;FOLIO vide ou non reconnu dans Acts CSV
53300;29968;JJ169;388;FOLIO vide ou non reconnu dans Acts CSV
53301;29969;JJ169;389;FOLIO vide ou non reconnu dans Acts CSV
53302;29969;JJ169;389;FOLIO vide ou non reconnu dans Acts CSV
53303;29970;JJ169;390;FOLIO vide ou non reconnu dans Acts CSV
53304;29970;JJ169;390;FOLIO vide ou non reconnu dans Acts CSV
53305;29971;JJ169;391;
53306;29972;JJ169;392;
53307;29973;JJ169;393;FOLIO vide ou non reconnu dans Acts CSV
53308;29973;JJ169;393;FOLIO vide ou non reconnu dans Acts CSV
53309;29974;JJ169;394;FOLIO vide ou non reconnu dans Acts CSV
53310;29974;JJ169;394;FOLIO vide ou non reconnu dans Acts CSV
53311;29975;JJ169;395;FOLIO vide ou non reconnu dans Acts CSV
53312;29975;JJ169;395;FOLIO vide ou non reconnu dans Acts CSV
53313;29976;JJ169;396;
53314;29976;JJ169;396;
53315;29977;JJ169;397;FOLIO vide ou non reconnu dans Acts CSV
53316;29977;JJ169;397;FOLIO vide ou non reconnu dans Acts CSV
53317;29978;JJ169;398;FOLIO vide ou non reconnu dans Acts CSV
53318;29978;JJ169;398;FOLIO vide ou non reconnu dans Acts CSV
53319;29979;JJ169;399;FOLIO vide ou non reconnu dans Acts CSV
53320;29979;JJ169;399;FOLIO vide ou non reconnu dans Acts CSV
53321;29980;JJ169;400;
53322;29980;JJ169;400;
53323;29981;JJ169;401;FOLIO vide ou non reconnu dans Acts CSV
53324;29981;JJ169;401;FOLIO vide ou non reconnu dans Acts CSV
53325;29982;JJ169;402;FOLIO vide ou non reconnu dans Acts CSV
53326;29982;JJ169;402;FOLIO vide ou non reconnu dans Acts CSV
53327;29982;JJ169;402;FOLIO vide ou non reconnu dans Acts CSV
53328;29983;JJ169;403;FOLIO vide ou non reconnu dans Acts CSV
53329;29984;JJ169;404;FOLIO vide ou non reconnu dans Acts CSV
53330;29984;JJ169;404;FOLIO vide ou non reconnu dans Acts CSV
53331;29985;JJ169;405;FOLIO vide ou non reconnu dans Acts CSV
53332;29986;JJ169;406;FOLIO vide ou non reconnu dans Acts CSV
53333;29986;JJ169;406;FOLIO vide ou non reconnu dans Acts CSV
53334;29987;JJ169;407;FOLIO vide ou non reconnu dans Acts CSV
53335;29987;JJ169;407;FOLIO vide ou non reconnu dans Acts CSV
53336;29988;JJ169;408;FOLIO vide ou non reconnu dans Acts CSV
53337;29988;JJ169;408;FOLIO vide ou non reconnu dans Acts CSV
53338;29989;JJ169;409;FOLIO vide ou non reconnu dans Acts CSV
53339;29989;JJ169;409;FOLIO vide ou non reconnu dans Acts CSV
53340;29990;JJ169;410;
53341;29990;JJ169;410;
53342;29990;JJ169;410;
53343;29991;JJ169;411;FOLIO vide ou non reconnu dans Acts CSV
53344;29991;JJ169;411;FOLIO vide ou non reconnu dans Acts CSV
53345;29991;JJ169;411;FOLIO vide ou non reconnu dans Acts CSV
53346;29992;JJ169;412;FOLIO vide ou non reconnu dans Acts CSV
53347;29993;JJ169;413;FOLIO vide ou non reconnu dans Acts CSV
53348;29994;JJ169;414;FOLIO vide ou non reconnu dans Acts CSV
53349;29995;JJ169;415;
53350;29995;JJ169;415;
53351;29996;JJ169;416;FOLIO '278' (Acts CSV) ≠ folio réel de la zone '277r'
53352;29996;JJ169;416;FOLIO '278' (Acts CSV) ≠ folio réel de la zone '277r'
53353;29997;JJ169;417;FOLIO '278v' (Acts CSV) ≠ folio réel de la zone '277v'
53354;29997;JJ169;417;FOLIO '278v' (Acts CSV) ≠ folio réel de la zone '277v'
53355;29997;JJ169;417;FOLIO '278v' (Acts CSV) ≠ folio réel de la zone '277v'
53356;29997;JJ169;417;FOLIO '278v' (Acts CSV) ≠ folio réel de la zone '277v'
53357;29998;JJ169;418;FOLIO '280' (Acts CSV) ≠ folio réel de la zone '279r'
53358;29998;JJ169;418;FOLIO '280' (Acts CSV) ≠ folio réel de la zone '279r'
53359;29999;JJ169;419;FOLIO vide ou non reconnu dans Acts CSV
53360;29999;JJ169;419;FOLIO vide ou non reconnu dans Acts CSV
53361;30000;JJ169;420;FOLIO vide ou non reconnu dans Acts CSV
53362;30000;JJ169;420;FOLIO vide ou non reconnu dans Acts CSV
53363;30001;JJ169;421;FOLIO vide ou non reconnu dans Acts CSV
53364;30001;JJ169;421;FOLIO vide ou non reconnu dans Acts CSV
53365;30002;JJ169;422;FOLIO vide ou non reconnu dans Acts CSV
53366;30002;JJ169;422;FOLIO vide ou non reconnu dans Acts CSV
53367;30003;JJ169;423;FOLIO '283' (Acts CSV) ≠ folio réel de la zone '282r'
53368;30003;JJ169;423;FOLIO '283' (Acts CSV) ≠ folio réel de la zone '282r'
53373;30004;JJ169;424;
53374;30004;JJ169;424;
53375;30004,1;JJ169;424bis;FOLIO vide ou non reconnu dans Acts CSV
53376;30004,1;JJ169;424bis;FOLIO vide ou non reconnu dans Acts CSV
53377;30005;JJ169;425;FOLIO vide ou non reconnu dans Acts CSV
53378;30006;JJ169;426;
53379;30006;JJ169;426;
53380;30008;JJ169;427;
53381;30008;JJ169;427;
53382;30009;JJ169;428;
53383;30009;JJ169;428;
53384;30010;JJ169;429;FOLIO vide ou non reconnu dans Acts CSV
53385;30010;JJ169;429;FOLIO vide ou non reconnu dans Acts CSV
53386;30010;JJ169;429;FOLIO vide ou non reconnu dans Acts CSV
53387;30011;JJ169;430;FOLIO vide ou non reconnu dans Acts CSV
53388;30011;JJ169;430;FOLIO vide ou non reconnu dans Acts CSV
53389;30012;JJ169;431;FOLIO vide ou non reconnu dans Acts CSV
53390;30012;JJ169;431;FOLIO vide ou non reconnu dans Acts CSV
53391;30013;JJ169;432;FOLIO vide ou non reconnu dans Acts CSV
53392;30013;JJ169;432;FOLIO vide ou non reconnu dans Acts CSV
53393;30013;JJ169;432;FOLIO vide ou non reconnu dans Acts CSV
53394;30014;JJ169;433;
53395;30014;JJ169;433;
53396;30014;JJ169;433;
53397;30015;JJ169;434;
53398;30015;JJ169;434;
53399;30016;JJ169;435;FOLIO vide ou non reconnu dans Acts CSV
53400;30016;JJ169;435;FOLIO vide ou non reconnu dans Acts CSV
53401;30017;JJ169;436;FOLIO vide ou non reconnu dans Acts CSV
53402;30017;JJ169;436;FOLIO vide ou non reconnu dans Acts CSV
53403;30018;JJ169;437;FOLIO vide ou non reconnu dans Acts CSV
53404;30018;JJ169;437;FOLIO vide ou non reconnu dans Acts CSV
53405;30019;JJ169;438;
53406;30019;JJ169;438;
53407;30019;JJ169;438;
53408;30020;JJ169;439;
53409;30020;JJ169;439;
53410;30021;JJ169;440;
53411;30021;JJ169;440;
53412;30022;JJ169;441;FOLIO vide ou non reconnu dans Acts CSV
53413;30022;JJ169;441;FOLIO vide ou non reconnu dans Acts CSV
53414;30023;JJ169;442;FOLIO vide ou non reconnu dans Acts CSV
53415;30023;JJ169;442;FOLIO vide ou non reconnu dans Acts CSV
53416;30024;JJ169;443;FOLIO vide ou non reconnu dans Acts CSV
53417;30024;JJ169;443;FOLIO vide ou non reconnu dans Acts CSV
53418;30025;JJ169;444;FOLIO vide ou non reconnu dans Acts CSV
53419;30025;JJ169;444;FOLIO vide ou non reconnu dans Acts CSV
53420;30026;JJ169;445;
53421;30026;JJ169;445;
53422;30026;JJ169;445;
53423;30027;JJ169;446;FOLIO vide ou non reconnu dans Acts CSV
53424;30028;JJ169;447;FOLIO vide ou non reconnu dans Acts CSV
53425;30028;JJ169;447;FOLIO vide ou non reconnu dans Acts CSV
53426;30029;JJ169;448;FOLIO vide ou non reconnu dans Acts CSV
53427;30029;JJ169;448;FOLIO vide ou non reconnu dans Acts CSV
53428;30030;JJ169;449;
53429;30030;JJ169;449;
53430;30030;JJ169;449;
53431;30031;JJ169;450;
53432;30031;JJ169;450;
53433;30031;JJ169;450;
53434;30032;JJ169;451;FOLIO vide ou non reconnu dans Acts CSV
53435;30032;JJ169;451;FOLIO vide ou non reconnu dans Acts CSV
53436;30032;JJ169;451;FOLIO vide ou non reconnu dans Acts CSV
53437;30033;JJ169;452;
53438;30033;JJ169;452;
53439;30034;JJ169;453;FOLIO vide ou non reconnu dans Acts CSV
53440;30034;JJ169;453;FOLIO vide ou non reconnu dans Acts CSV
53441;30035;JJ169;454;FOLIO vide ou non reconnu dans Acts CSV
53442;30035;JJ169;454;FOLIO vide ou non reconnu dans Acts CSV
53443;30036;JJ169;455;FOLIO vide ou non reconnu dans Acts CSV
53444;30036;JJ169;455;FOLIO vide ou non reconnu dans Acts CSV
53445;30037;JJ169;456;
53446;30038;JJ169;457;
53447;30039;JJ169;458;FOLIO vide ou non reconnu dans Acts CSV
53448;30040;JJ169;459;FOLIO vide ou non reconnu dans Acts CSV
53449;30040;JJ169;459;FOLIO vide ou non reconnu dans Acts CSV
53450;30040;JJ169;459;FOLIO vide ou non reconnu dans Acts CSV
53451;30040;JJ169;459;FOLIO vide ou non reconnu dans Acts CSV
53452;30040;JJ169;459;FOLIO vide ou non reconnu dans Acts CSV
53453;30040;JJ169;459;FOLIO vide ou non reconnu dans Acts CSV
53454;30040;JJ169;459;FOLIO vide ou non reconnu dans Acts CSV
53455;30040;JJ169;459;FOLIO vide ou non reconnu dans Acts CSV
53456;30041;JJ169;460;FOLIO vide ou non reconnu dans Acts CSV
53457;30041;JJ169;460;FOLIO vide ou non reconnu dans Acts CSV
53458;30042;JJ169;461;FOLIO vide ou non reconnu dans Acts CSV
53459;30043;JJ169;462;
53460;30043;JJ169;462;
53461;30044;JJ169;463;FOLIO vide ou non reconnu dans Acts CSV
53462;30044;JJ169;463;FOLIO vide ou non reconnu dans Acts CSV
53463;30045;JJ169;464;
53464;30045;JJ169;464;
53465;30046;JJ169;465;FOLIO vide ou non reconnu dans Acts CSV
53466;30046;JJ169;465;FOLIO vide ou non reconnu dans Acts CSV
53467;30046;JJ169;465;FOLIO vide ou non reconnu dans Acts CSV
53468;30047;JJ169;466;
53469;30048;JJ169;467;FOLIO vide ou non reconnu dans Acts CSV
53470;30049;JJ169;468;
53471;30049;JJ169;468;
53472;30050;JJ169;469;FOLIO vide ou non reconnu dans Acts CSV
53473;30050;JJ169;469;FOLIO vide ou non reconnu dans Acts CSV
53474;30051;JJ169;470;FOLIO vide ou non reconnu dans Acts CSV
53475;30051;JJ169;470;FOLIO vide ou non reconnu dans Acts CSV
53476;30052;JJ169;471;FOLIO vide ou non reconnu dans Acts CSV
53477;30052;JJ169;471;FOLIO vide ou non reconnu dans Acts CSV
53478;30053;JJ169;472;FOLIO vide ou non reconnu dans Acts CSV
53479;30053;JJ169;472;FOLIO vide ou non reconnu dans Acts CSV
53480;30054;JJ169;473;FOLIO vide ou non reconnu dans Acts CSV
53481;30054;JJ169;473;FOLIO vide ou non reconnu dans Acts CSV
53482;30055;JJ169;474;FOLIO vide ou non reconnu dans Acts CSV
53483;30055;JJ169;474;FOLIO vide ou non reconnu dans Acts CSV
53484;30056;JJ169;475;FOLIO vide ou non reconnu dans Acts CSV
53485;30056;JJ169;475;FOLIO vide ou non reconnu dans Acts CSV
53486;30056;JJ169;475;FOLIO vide ou non reconnu dans Acts CSV
53487;30057;JJ169;476;
53488;30057;JJ169;476;
53489;30058;JJ169;477;FOLIO vide ou non reconnu dans Acts CSV
53490;30058;JJ169;477;FOLIO vide ou non reconnu dans Acts CSV
53491;30059;JJ169;478;FOLIO vide ou non reconnu dans Acts CSV
53492;30059;JJ169;478;FOLIO vide ou non reconnu dans Acts CSV
53493;30060;JJ169;479;FOLIO vide ou non reconnu dans Acts CSV
53494;30060;JJ169;479;FOLIO vide ou non reconnu dans Acts CSV
53495;30061;JJ169;480;FOLIO vide ou non reconnu dans Acts CSV
53496;30061;JJ169;480;FOLIO vide ou non reconnu dans Acts CSV
53497;30062;JJ169;481;FOLIO vide ou non reconnu dans Acts CSV
53498;30062;JJ169;481;FOLIO vide ou non reconnu dans Acts CSV
53499;30062;JJ169;481;FOLIO vide ou non reconnu dans Acts CSV
53500;30063;JJ169;482;
53501;30063;JJ169;482;
53502;30063;JJ169;482;
53503;30063;JJ169;482;
53504;30063;JJ169;482;
53505;30063;JJ169;482;
53506;30064;JJ169;483;
53507;30064;JJ169;483;
53508;30065;JJ169;484;
53509;30065;JJ169;484;
53510;30065;JJ169;484;
53511;30066;JJ169;485;FOLIO vide ou non reconnu dans Acts CSV
53512;30066;JJ169;485;FOLIO vide ou non reconnu dans Acts CSV
53513;30067;JJ169;486;FOLIO vide ou non reconnu dans Acts CSV
53514;30068;JJ169;487;FOLIO vide ou non reconnu dans Acts CSV
53515;30069;JJ169;488;
53516;30070;JJ169;489;FOLIO vide ou non reconnu dans Acts CSV
53517;30070;JJ169;489;FOLIO vide ou non reconnu dans Acts CSV
53518;30071;JJ169;490;FOLIO vide ou non reconnu dans Acts CSV
53519;30072;JJ169;491;FOLIO vide ou non reconnu dans Acts CSV
53520;30072;JJ169;491;FOLIO vide ou non reconnu dans Acts CSV
53521;30073;JJ169;492;FOLIO vide ou non reconnu dans Acts CSV
53522;30073;JJ169;492;FOLIO vide ou non reconnu dans Acts CSV
53523;30074;JJ169;493;FOLIO vide ou non reconnu dans Acts CSV
53524;30074;JJ169;493;FOLIO vide ou non reconnu dans Acts CSV
53525;30075;JJ169;494;FOLIO vide ou non reconnu dans Acts CSV
53526;30075;JJ169;494;FOLIO vide ou non reconnu dans Acts CSV
53527;30076;JJ169;495;FOLIO vide ou non reconnu dans Acts CSV
53528;30076;JJ169;495;FOLIO vide ou non reconnu dans Acts CSV
53529;30077;JJ169;496;FOLIO vide ou non reconnu dans Acts CSV
53530;30077;JJ169;496;FOLIO vide ou non reconnu dans Acts CSV
53531;30078;JJ169;497;FOLIO vide ou non reconnu dans Acts CSV
53532;30079;JJ169;497bis;FOLIO vide ou non reconnu dans Acts CSV
53533;30080;JJ169;498;FOLIO vide ou non reconnu dans Acts CSV
53534;30081;JJ169;499;FOLIO vide ou non reconnu dans Acts CSV
53535;30081;JJ169;499;FOLIO vide ou non reconnu dans Acts CSV
53536;30082;JJ169;500;FOLIO vide ou non reconnu dans Acts CSV
53537;30082;JJ169;500;FOLIO vide ou non reconnu dans Acts CSV
53538;30083;JJ169;501;FOLIO vide ou non reconnu dans Acts CSV
53539;30083;JJ169;501;FOLIO vide ou non reconnu dans Acts CSV
53540;30084;JJ169;502;FOLIO vide ou non reconnu dans Acts CSV
53541;30084;JJ169;502;FOLIO vide ou non reconnu dans Acts CSV
53542;30085;JJ169;503;FOLIO vide ou non reconnu dans Acts CSV
53543;30085;JJ169;503;FOLIO vide ou non reconnu dans Acts CSV
53544;30085;JJ169;503;FOLIO vide ou non reconnu dans Acts CSV
53545;30086;JJ169;504;
53546;30086;JJ169;504;
53547;30087;JJ169;505;FOLIO vide ou non reconnu dans Acts CSV
53548;30087;JJ169;505;FOLIO vide ou non reconnu dans Acts CSV
53549;30088;JJ169;506;FOLIO vide ou non reconnu dans Acts CSV
53550;30088;JJ169;506;FOLIO vide ou non reconnu dans Acts CSV
53551;30088;JJ169;506;FOLIO vide ou non reconnu dans Acts CSV
53552;30089;JJ169;507;FOLIO vide ou non reconnu dans Acts CSV
53553;30089;JJ169;507;FOLIO vide ou non reconnu dans Acts CSV
53554;30090;JJ169;508;FOLIO vide ou non reconnu dans Acts CSV
53555;30090;JJ169;508;FOLIO vide ou non reconnu dans Acts CSV
53556;30090;JJ169;508;FOLIO vide ou non reconnu dans Acts CSV
53557;30091;JJ169;509;FOLIO vide ou non reconnu dans Acts CSV
53558;30091;JJ169;509;FOLIO vide ou non reconnu dans Acts CSV
53559;30092;JJ169;510;FOLIO vide ou non reconnu dans Acts CSV
53560;30092;JJ169;510;FOLIO vide ou non reconnu dans Acts CSV
53561;30093;JJ169;511;FOLIO vide ou non reconnu dans Acts CSV
53562;30093;JJ169;511;FOLIO vide ou non reconnu dans Acts CSV
53563;30094;JJ169;512;FOLIO vide ou non reconnu dans Acts CSV
53564;30094;JJ169;512;FOLIO vide ou non reconnu dans Acts CSV
53565;30095;JJ169;513;FOLIO vide ou non reconnu dans Acts CSV
53566;30096;JJ169;514;FOLIO vide ou non reconnu dans Acts CSV
53567;30097;JJ169;515;FOLIO vide ou non reconnu dans Acts CSV
53568;30097;JJ169;515;FOLIO vide ou non reconnu dans Acts CSV
53569;30098;JJ169;516;
53570;30098;JJ169;516;
53571;30099;JJ169;517;FOLIO vide ou non reconnu dans Acts CSV
53572;30099;JJ169;517;FOLIO vide ou non reconnu dans Acts CSV
53573;30100;JJ169;518;FOLIO vide ou non reconnu dans Acts CSV
53574;30100;JJ169;518;FOLIO vide ou non reconnu dans Acts CSV
53575;30101;JJ169;519;FOLIO vide ou non reconnu dans Acts CSV
53576;30101;JJ169;519;FOLIO vide ou non reconnu dans Acts CSV
53577;30102;JJ169;520;FOLIO vide ou non reconnu dans Acts CSV
53578;30102;JJ169;520;FOLIO vide ou non reconnu dans Acts CSV
53579;30103;JJ169;521;
53580;30103;JJ169;521;
53581;30104;JJ169;522;FOLIO vide ou non reconnu dans Acts CSV
53582;30104;JJ169;522;FOLIO vide ou non reconnu dans Acts CSV
53583;30105;JJ169;523;FOLIO vide ou non reconnu dans Acts CSV
53584;30106;JJ169;524;FOLIO vide ou non reconnu dans Acts CSV
53585;30107;JJ169;525;FOLIO vide ou non reconnu dans Acts CSV
53586;30107;JJ169;525;FOLIO vide ou non reconnu dans Acts CSV
53587;30108;JJ169;526;FOLIO vide ou non reconnu dans Acts CSV
53588;30108;JJ169;526;FOLIO vide ou non reconnu dans Acts CSV
53589;30108;JJ169;526;FOLIO vide ou non reconnu dans Acts CSV
53590;30109;JJ169;527;FOLIO vide ou non reconnu dans Acts CSV
53591;30109;JJ169;527;FOLIO vide ou non reconnu dans Acts CSV
53592;30110;JJ169;528;FOLIO vide ou non reconnu dans Acts CSV
53593;30111;JJ169;529;FOLIO vide ou non reconnu dans Acts CSV
53594;30111;JJ169;529;FOLIO vide ou non reconnu dans Acts CSV
53595;30112;JJ169;530;FOLIO vide ou non reconnu dans Acts CSV
53596;30112;JJ169;530;FOLIO vide ou non reconnu dans Acts CSV
53597;30113;JJ169;531;
53598;30113;JJ169;531;
53599;30114;JJ169;532;FOLIO vide ou non reconnu dans Acts CSV
53600;30114;JJ169;532;FOLIO vide ou non reconnu dans Acts CSV
53601;30115;JJ169;533;FOLIO vide ou non reconnu dans Acts CSV
53602;30115;JJ169;533;FOLIO vide ou non reconnu dans Acts CSV
53603;30116;JJ169;534;FOLIO vide ou non reconnu dans Acts CSV
53614;30126;JJ170;1;
53615;30126;JJ170;1;
53616;30126;JJ170;1;
53617;30126;JJ170;1;
53618;30126;JJ170;1;
53619;30126;JJ170;1;
53620;30126;JJ170;1;
53621;30126;JJ170;1;
53622;30126;JJ170;1;
53623;30126;JJ170;1;
53624;30126;JJ170;1;
53625;30126;JJ170;1;
53626;30126;JJ170;1;
53627;30126;JJ170;1;
53628;30126;JJ170;1;
53629;30126;JJ170;1;
53630;30126;JJ170;1;
53631;30126;JJ170;1;
53632;30126;JJ170;1;
53633;30126;JJ170;1;
53634;30126;JJ170;1;
53635;30126;JJ170;1;
53636;30126;JJ170;1;
53637;30126;JJ170;1;
53638;30126;JJ170;1;
53639;30126;JJ170;1;
53640;30126;JJ170;1;
53641;30126;JJ170;1;
53642;30126;JJ170;1;
53643;30126;JJ170;1;
53644;30126;JJ170;1;
53645;30126;JJ170;1;
53646;30126;JJ170;1;
53647;30126;JJ170;1;
53648;30126;JJ170;1;
53649;30126;JJ170;1;
53650;30126;JJ170;1;
53651;30126;JJ170;1;
53652;30126;JJ170;1;
53653;30126;JJ170;1;
53654;30126;JJ170;1;
53655;30126;JJ170;1;
53656;30126;JJ170;1;
53657;30126;JJ170;1;
53658;30126;JJ170;1;
53659;30126;JJ170;1;
53660;30126;JJ170;1;
53661;30126;JJ170;1;
53662;30126;JJ170;1;
53663;30126;JJ170;1;
53664;30126;JJ170;1;
53665;30126;JJ170;1;
53666;30126;JJ170;1;
53667;30126;JJ170;1;
53668;30126;JJ170;1;
53669;30126;JJ170;1;
53670;30126;JJ170;1;
53671;30126;JJ170;1;
53672;30126;JJ170;1;
53673;30126;JJ170;1;
53674;30126;JJ170;1;
53675;30126;JJ170;1;
53676;30126;JJ170;1;
53677;30126;JJ170;1;
53678;30126;JJ170;1;
53679;30126;JJ170;1;
53680;30126;JJ170;1;
53681;30126;JJ170;1;
53682;30126;JJ170;1;
53683;30126;JJ170;1;
53684;30126;JJ170;1;
53685;30126;JJ170;1;
53686;30126;JJ170;1;
53689;30126;JJ170;1;
53690;30126;JJ170;1;
53691;30126;JJ170;1;
53692;30126;JJ170;1;
53693;30126;JJ170;1;
53694;30126;JJ170;1;
53695;30126;JJ170;1;
53696;30126;JJ170;1;
53697;30126;JJ170;1;
53698;30126;JJ170;1;
53699;30126;JJ170;1;
53700;30126;JJ170;1;
53701;30126;JJ170;1;
53702;30127;JJ170;2;
53703;30128;JJ170;3;FOLIO vide ou non reconnu dans Acts CSV
53704;30129;JJ170;4;FOLIO vide ou non reconnu dans Acts CSV
53705;30129;JJ170;4;FOLIO vide ou non reconnu dans Acts CSV
53706;30130;JJ170;5;
53707;30130;JJ170;5;
53708;30131;JJ170;6;FOLIO vide ou non reconnu dans Acts CSV
53709;30131;JJ170;6;FOLIO vide ou non reconnu dans Acts CSV
53710;30131;JJ170;6;FOLIO vide ou non reconnu dans Acts CSV
53711;30132;JJ170;7;FOLIO vide ou non reconnu dans Acts CSV
53712;30132;JJ170;7;FOLIO vide ou non reconnu dans Acts CSV
53713;30132;JJ170;7;FOLIO vide ou non reconnu dans Acts CSV
53714;30133;JJ170;8;FOLIO vide ou non reconnu dans Acts CSV
53715;30133;JJ170;8;FOLIO vide ou non reconnu dans Acts CSV
53716;30134;JJ170;9;FOLIO vide ou non reconnu dans Acts CSV
53717;30134;JJ170;9;FOLIO vide ou non reconnu dans Acts CSV
53718;30134;JJ170;9;FOLIO vide ou non reconnu dans Acts CSV
53719;30135;JJ170;10;FOLIO vide ou non reconnu dans Acts CSV
53720;30135;JJ170;10;FOLIO vide ou non reconnu dans Acts CSV
53721;30136;JJ170;11;FOLIO vide ou non reconnu dans Acts CSV
53722;30136;JJ170;11;FOLIO vide ou non reconnu dans Acts CSV
53723;30137;JJ170;12;FOLIO vide ou non reconnu dans Acts CSV
53724;30137;JJ170;12;FOLIO vide ou non reconnu dans Acts CSV
53725;30137;JJ170;12;FOLIO vide ou non reconnu dans Acts CSV
53726;30138;JJ170;13;
53727;30138;JJ170;13;
53728;30139;JJ170;14;FOLIO vide ou non reconnu dans Acts CSV
53729;30139;JJ170;14;FOLIO vide ou non reconnu dans Acts CSV
53730;30140;JJ170;15;
53731;30140;JJ170;15;
53732;30141;JJ170;16;FOLIO vide ou non reconnu dans Acts CSV
53733;30141;JJ170;16;FOLIO vide ou non reconnu dans Acts CSV
53734;30142;JJ170;17;FOLIO vide ou non reconnu dans Acts CSV
53735;30142;JJ170;17;FOLIO vide ou non reconnu dans Acts CSV
53736;30142;JJ170;17;FOLIO vide ou non reconnu dans Acts CSV
53737;30143;JJ170;18;FOLIO vide ou non reconnu dans Acts CSV
53738;30143;JJ170;18;FOLIO vide ou non reconnu dans Acts CSV
53739;30144;JJ170;19;FOLIO vide ou non reconnu dans Acts CSV
53740;30144;JJ170;19;FOLIO vide ou non reconnu dans Acts CSV
53741;30144;JJ170;19;FOLIO vide ou non reconnu dans Acts CSV
53742;30144;JJ170;19;FOLIO vide ou non reconnu dans Acts CSV
53743;30144;JJ170;19;FOLIO vide ou non reconnu dans Acts CSV
53744;30145;JJ170;20;FOLIO vide ou non reconnu dans Acts CSV
53745;30145;JJ170;20;FOLIO vide ou non reconnu dans Acts CSV
53746;30145;JJ170;20;FOLIO vide ou non reconnu dans Acts CSV
53747;30145;JJ170;20;FOLIO vide ou non reconnu dans Acts CSV
53748;30145;JJ170;20;FOLIO vide ou non reconnu dans Acts CSV
53749;30146;JJ170;21;
53750;30147;JJ170;22;FOLIO vide ou non reconnu dans Acts CSV
53751;30147;JJ170;22;FOLIO vide ou non reconnu dans Acts CSV
53752;30148;JJ170;23;FOLIO vide ou non reconnu dans Acts CSV
53753;30148;JJ170;23;FOLIO vide ou non reconnu dans Acts CSV
53754;30149;JJ170;24;
53755;30149;JJ170;24;
53756;30150;JJ170;25;
53757;30150;JJ170;25;
53758;30151;JJ170;26;FOLIO vide ou non reconnu dans Acts CSV
53759;30151;JJ170;26;FOLIO vide ou non reconnu dans Acts CSV
53760;30152;JJ170;27;
53761;30152;JJ170;27;
53762;30153;JJ170;28;
53763;30154;JJ170;29;FOLIO vide ou non reconnu dans Acts CSV
53764;30154;JJ170;29;FOLIO vide ou non reconnu dans Acts CSV
53765;30155;JJ170;30;FOLIO vide ou non reconnu dans Acts CSV
53766;30155;JJ170;30;FOLIO vide ou non reconnu dans Acts CSV
53767;30156;JJ170;31;FOLIO vide ou non reconnu dans Acts CSV
53768;30156;JJ170;31;FOLIO vide ou non reconnu dans Acts CSV
53769;30157;JJ170;32;
53770;30158;JJ170;33;
53771;30159;JJ170;34;FOLIO vide ou non reconnu dans Acts CSV
53772;30160;JJ170;35;FOLIO vide ou non reconnu dans Acts CSV
53773;30160;JJ170;35;FOLIO vide ou non reconnu dans Acts CSV
53774;30161;JJ170;36;FOLIO vide ou non reconnu dans Acts CSV
53775;30162;JJ170;37;
53776;30162;JJ170;37;
53777;30163;JJ170;38;
53778;30163;JJ170;38;
53779;30164;JJ170;39;FOLIO vide ou non reconnu dans Acts CSV
53780;30164;JJ170;39;FOLIO vide ou non reconnu dans Acts CSV
53781;30165;JJ170;40;FOLIO vide ou non reconnu dans Acts CSV
53782;30165;JJ170;40;FOLIO vide ou non reconnu dans Acts CSV
53783;30166;JJ170;41;FOLIO vide ou non reconnu dans Acts CSV
53784;30166;JJ170;41;FOLIO vide ou non reconnu dans Acts CSV
53785;30166;JJ170;41;FOLIO vide ou non reconnu dans Acts CSV
53786;30167;JJ170;42;FOLIO vide ou non reconnu dans Acts CSV
53787;30167;JJ170;42;FOLIO vide ou non reconnu dans Acts CSV
53788;30168;JJ170;43;FOLIO vide ou non reconnu dans Acts CSV
53789;30168;JJ170;43;FOLIO vide ou non reconnu dans Acts CSV
53790;30168;JJ170;43;FOLIO vide ou non reconnu dans Acts CSV
53791;30170;JJ170;45;FOLIO vide ou non reconnu dans Acts CSV
53792;30171;JJ170;46;FOLIO vide ou non reconnu dans Acts CSV
53793;30172;JJ170;47;FOLIO vide ou non reconnu dans Acts CSV
53794;30172;JJ170;47;FOLIO vide ou non reconnu dans Acts CSV
53795;30173;JJ170;48;
53796;30173;JJ170;48;
53797;30174;JJ170;49;FOLIO vide ou non reconnu dans Acts CSV
53798;30174;JJ170;49;FOLIO vide ou non reconnu dans Acts CSV
53799;30175;JJ170;50;FOLIO vide ou non reconnu dans Acts CSV
53800;30175;JJ170;50;FOLIO vide ou non reconnu dans Acts CSV
53801;30176;JJ170;51;FOLIO vide ou non reconnu dans Acts CSV
53802;30176;JJ170;51;FOLIO vide ou non reconnu dans Acts CSV
53803;30177;JJ170;52;
53804;30177;JJ170;52;
53805;30178;JJ170;53;
53806;30178;JJ170;53;
53807;30179;JJ170;54;
53808;30180;JJ170;55;
53809;30181;JJ170;56;FOLIO vide ou non reconnu dans Acts CSV
53810;30182;JJ170;57;FOLIO vide ou non reconnu dans Acts CSV
53811;30182;JJ170;57;FOLIO vide ou non reconnu dans Acts CSV
53812;30183;JJ170;58;FOLIO vide ou non reconnu dans Acts CSV
53813;30183;JJ170;58;FOLIO vide ou non reconnu dans Acts CSV
53814;30184;JJ170;59;FOLIO vide ou non reconnu dans Acts CSV
53815;30185;JJ170;60;FOLIO vide ou non reconnu dans Acts CSV
53816;30186;JJ170;61;FOLIO vide ou non reconnu dans Acts CSV
53817;30186;JJ170;61;FOLIO vide ou non reconnu dans Acts CSV
53818;30186;JJ170;61;FOLIO vide ou non reconnu dans Acts CSV
53819;30186;JJ170;61;FOLIO vide ou non reconnu dans Acts CSV
53820;30186;JJ170;61;FOLIO vide ou non reconnu dans Acts CSV
53821;30186;JJ170;61;FOLIO vide ou non reconnu dans Acts CSV
53822;30186;JJ170;61;FOLIO vide ou non reconnu dans Acts CSV
53823;30186;JJ170;61;FOLIO vide ou non reconnu dans Acts CSV
53824;30186;JJ170;61;FOLIO vide ou non reconnu dans Acts CSV
53825;30186;JJ170;61;FOLIO vide ou non reconnu dans Acts CSV
53826;30187;JJ170;61bis;FOLIO vide ou non reconnu dans Acts CSV
53827;30187;JJ170;61bis;FOLIO vide ou non reconnu dans Acts CSV
53828;30188;JJ170;62;FOLIO vide ou non reconnu dans Acts CSV
53829;30188;JJ170;62;FOLIO vide ou non reconnu dans Acts CSV
53830;30189;JJ170;63;FOLIO vide ou non reconnu dans Acts CSV
53831;30189;JJ170;63;FOLIO vide ou non reconnu dans Acts CSV
53832;30189;JJ170;63;FOLIO vide ou non reconnu dans Acts CSV
53833;30190;JJ170;64;FOLIO vide ou non reconnu dans Acts CSV
53834;30190;JJ170;64;FOLIO vide ou non reconnu dans Acts CSV
53835;30191;JJ170;65;FOLIO vide ou non reconnu dans Acts CSV
53836;30191;JJ170;65;FOLIO vide ou non reconnu dans Acts CSV
53837;30192;JJ170;66;FOLIO vide ou non reconnu dans Acts CSV
53838;30192;JJ170;66;FOLIO vide ou non reconnu dans Acts CSV
53839;30193;JJ170;67;FOLIO vide ou non reconnu dans Acts CSV
53840;30193;JJ170;67;FOLIO vide ou non reconnu dans Acts CSV
53841;30194;JJ170;68;FOLIO vide ou non reconnu dans Acts CSV
53842;30194;JJ170;68;FOLIO vide ou non reconnu dans Acts CSV
53843;30194;JJ170;68;FOLIO vide ou non reconnu dans Acts CSV
53844;30195;JJ170;69;FOLIO vide ou non reconnu dans Acts CSV
53845;30196;JJ170;70;FOLIO vide ou non reconnu dans Acts CSV
53846;30196;JJ170;70;FOLIO vide ou non reconnu dans Acts CSV
53847;30197;JJ170;71;FOLIO vide ou non reconnu dans Acts CSV
53848;30197;JJ170;71;FOLIO vide ou non reconnu dans Acts CSV
53849;30197;JJ170;71;FOLIO vide ou non reconnu dans Acts CSV
53850;30198;JJ170;72;FOLIO vide ou non reconnu dans Acts CSV
53853;30199;JJ170;73;FOLIO vide ou non reconnu dans Acts CSV
53854;30199;JJ170;73;FOLIO vide ou non reconnu dans Acts CSV
53855;30200;JJ170;74;FOLIO vide ou non reconnu dans Acts CSV
53856;30201;JJ170;75;FOLIO vide ou non reconnu dans Acts CSV
53857;30202;JJ170;76;
53858;30202;JJ170;76;
53859;30203;JJ170;77;
53860;30203;JJ170;77;
53861;30204;JJ170;78;FOLIO vide ou non reconnu dans Acts CSV
53862;30204;JJ170;78;FOLIO vide ou non reconnu dans Acts CSV
53863;30205;JJ170;79;FOLIO vide ou non reconnu dans Acts CSV
53864;30205;JJ170;79;FOLIO vide ou non reconnu dans Acts CSV
53865;30206;JJ170;80;FOLIO vide ou non reconnu dans Acts CSV
53866;30206;JJ170;80;FOLIO vide ou non reconnu dans Acts CSV
53867;30207;JJ170;81;FOLIO vide ou non reconnu dans Acts CSV
53868;30207;JJ170;81;FOLIO vide ou non reconnu dans Acts CSV
53869;30208;JJ170;82;FOLIO vide ou non reconnu dans Acts CSV
53870;30208;JJ170;82;FOLIO vide ou non reconnu dans Acts CSV
53871;30209;JJ170;83;
53872;30209;JJ170;83;
53873;30210;JJ170;84;
53874;30210;JJ170;84;
53875;30211;JJ170;85;FOLIO vide ou non reconnu dans Acts CSV
53876;30211;JJ170;85;FOLIO vide ou non reconnu dans Acts CSV
53877;30212;JJ170;86;FOLIO vide ou non reconnu dans Acts CSV
53878;30212;JJ170;86;FOLIO vide ou non reconnu dans Acts CSV
53879;30212;JJ170;86;FOLIO vide ou non reconnu dans Acts CSV
53880;30213;JJ170;87;FOLIO vide ou non reconnu dans Acts CSV
53881;30213;JJ170;87;FOLIO vide ou non reconnu dans Acts CSV
53882;30214;JJ170;88;
53883;30214;JJ170;88;
53884;30214;JJ170;88;
53885;30215;JJ170;89;
53886;30215;JJ170;89;
53887;30216;JJ170;90;FOLIO vide ou non reconnu dans Acts CSV
53888;30216;JJ170;90;FOLIO vide ou non reconnu dans Acts CSV
53889;30217;JJ170;91;
53890;30217;JJ170;91;
53891;30218;JJ170;92;FOLIO vide ou non reconnu dans Acts CSV
53892;30218;JJ170;92;FOLIO vide ou non reconnu dans Acts CSV
53893;30218;JJ170;92;FOLIO vide ou non reconnu dans Acts CSV
53894;30218;JJ170;92;FOLIO vide ou non reconnu dans Acts CSV
53895;30219;JJ170;93;FOLIO vide ou non reconnu dans Acts CSV
53896;30220;JJ170;94;FOLIO vide ou non reconnu dans Acts CSV
53897;30220;JJ170;94;FOLIO vide ou non reconnu dans Acts CSV
53898;30220;JJ170;94;FOLIO vide ou non reconnu dans Acts CSV
53899;30221;JJ170;95;
53900;30221;JJ170;95;
53901;30222;JJ170;96;
53902;30222;JJ170;96;
53903;30223;JJ170;97;FOLIO vide ou non reconnu dans Acts CSV
53904;30223;JJ170;97;FOLIO vide ou non reconnu dans Acts CSV
53905;30224;JJ170;98;FOLIO vide ou non reconnu dans Acts CSV
53906;30224;JJ170;98;FOLIO vide ou non reconnu dans Acts CSV
53907;30224;JJ170;98;FOLIO vide ou non reconnu dans Acts CSV
53908;30225;JJ170;99;FOLIO vide ou non reconnu dans Acts CSV
53909;30225;JJ170;99;FOLIO vide ou non reconnu dans Acts CSV
53910;30226;JJ170;100;FOLIO vide ou non reconnu dans Acts CSV
53911;30227;JJ170;101;FOLIO vide ou non reconnu dans Acts CSV
53912;30228;JJ170;102;FOLIO vide ou non reconnu dans Acts CSV
53913;30228;JJ170;102;FOLIO vide ou non reconnu dans Acts CSV
53914;30229;JJ170;103;FOLIO vide ou non reconnu dans Acts CSV
53915;30229;JJ170;103;FOLIO vide ou non reconnu dans Acts CSV
53916;30230;JJ170;104;
53917;30231;JJ170;104bis;FOLIO vide ou non reconnu dans Acts CSV
53918;30231;JJ170;104bis;FOLIO vide ou non reconnu dans Acts CSV
53919;30232;JJ170;105;FOLIO vide ou non reconnu dans Acts CSV
53920;30232;JJ170;105;FOLIO vide ou non reconnu dans Acts CSV
53921;30233;JJ170;106;FOLIO vide ou non reconnu dans Acts CSV
53922;30233;JJ170;106;FOLIO vide ou non reconnu dans Acts CSV
53923;30234;JJ170;107;FOLIO vide ou non reconnu dans Acts CSV
53924;30234;JJ170;107;FOLIO vide ou non reconnu dans Acts CSV
53925;30235;JJ170;108;FOLIO vide ou non reconnu dans Acts CSV
53926;30235;JJ170;108;FOLIO vide ou non reconnu dans Acts CSV
53927;30236;JJ170;109;
53928;30236;JJ170;109;
53929;30237;JJ170;110;FOLIO vide ou non reconnu dans Acts CSV
53930;30237;JJ170;110;FOLIO vide ou non reconnu dans Acts CSV
53931;30238;JJ170;111;FOLIO vide ou non reconnu dans Acts CSV
53932;30238;JJ170;111;FOLIO vide ou non reconnu dans Acts CSV
53933;30239;JJ170;112;
53934;30240;JJ170;113;FOLIO vide ou non reconnu dans Acts CSV
53935;30240;JJ170;113;FOLIO vide ou non reconnu dans Acts CSV
53936;30241;JJ170;114;
53937;30241;JJ170;114;
53938;30242;JJ170;115;FOLIO vide ou non reconnu dans Acts CSV
53939;30242;JJ170;115;FOLIO vide ou non reconnu dans Acts CSV
53940;30243;JJ170;116;FOLIO vide ou non reconnu dans Acts CSV
53941;30243;JJ170;116;FOLIO vide ou non reconnu dans Acts CSV
53942;30244;JJ170;117;FOLIO vide ou non reconnu dans Acts CSV
53943;30244;JJ170;117;FOLIO vide ou non reconnu dans Acts CSV
53944;30245;JJ170;118;FOLIO vide ou non reconnu dans Acts CSV
53945;30245;JJ170;118;FOLIO vide ou non reconnu dans Acts CSV
53946;30246;JJ170;119;FOLIO vide ou non reconnu dans Acts CSV
53947;30246;JJ170;119;FOLIO vide ou non reconnu dans Acts CSV
53948;30247;JJ170;120;FOLIO vide ou non reconnu dans Acts CSV
53949;30247;JJ170;120;FOLIO vide ou non reconnu dans Acts CSV
53950;30248;JJ170;121;FOLIO vide ou non reconnu dans Acts CSV
53951;30248;JJ170;121;FOLIO vide ou non reconnu dans Acts CSV
53952;30249;JJ170;122;FOLIO vide ou non reconnu dans Acts CSV
53953;30249;JJ170;122;FOLIO vide ou non reconnu dans Acts CSV
53954;30250;JJ170;123;
53955;30250;JJ170;123;
53956;30251;JJ170;124;FOLIO vide ou non reconnu dans Acts CSV
53957;30252;JJ170;125;FOLIO vide ou non reconnu dans Acts CSV
53958;30253;JJ170;126;FOLIO vide ou non reconnu dans Acts CSV
53959;30253;JJ170;126;FOLIO vide ou non reconnu dans Acts CSV
53960;30254;JJ170;127;FOLIO vide ou non reconnu dans Acts CSV
53961;30254;JJ170;127;FOLIO vide ou non reconnu dans Acts CSV
53962;30255;JJ170;128;
53963;30255;JJ170;128;
53964;30256;JJ170;129;FOLIO vide ou non reconnu dans Acts CSV
53965;30257;JJ170;130;FOLIO vide ou non reconnu dans Acts CSV
53966;30258;JJ170;131;FOLIO vide ou non reconnu dans Acts CSV
53967;30258;JJ170;131;FOLIO vide ou non reconnu dans Acts CSV
53968;30259;JJ170;132;
53969;30259;JJ170;132;
53970;30260;JJ170;133;
53971;30260;JJ170;133;
53972;30261;JJ170;134;FOLIO vide ou non reconnu dans Acts CSV
53973;30261;JJ170;134;FOLIO vide ou non reconnu dans Acts CSV
53974;30262;JJ170;135;FOLIO vide ou non reconnu dans Acts CSV
53975;30262;JJ170;135;FOLIO vide ou non reconnu dans Acts CSV
53976;30262;JJ170;135;FOLIO vide ou non reconnu dans Acts CSV
53977;30263;JJ170;136;FOLIO vide ou non reconnu dans Acts CSV
53978;30263;JJ170;136;FOLIO vide ou non reconnu dans Acts CSV
53979;30264;JJ170;137;
53980;30264;JJ170;137;
53981;30265;JJ170;138;FOLIO vide ou non reconnu dans Acts CSV
53982;30265;JJ170;138;FOLIO vide ou non reconnu dans Acts CSV
53983;30265;JJ170;138;FOLIO vide ou non reconnu dans Acts CSV
53984;30266;JJ170;139;
53985;30266;JJ170;139;
53986;30267;JJ170;140;FOLIO vide ou non reconnu dans Acts CSV
53987;30267;JJ170;140;FOLIO vide ou non reconnu dans Acts CSV
53988;30268;JJ170;141;FOLIO vide ou non reconnu dans Acts CSV
53989;30268;JJ170;141;FOLIO vide ou non reconnu dans Acts CSV
53990;30269;JJ170;142;FOLIO vide ou non reconnu dans Acts CSV
53991;30269;JJ170;142;FOLIO vide ou non reconnu dans Acts CSV
53992;30269;JJ170;142;FOLIO vide ou non reconnu dans Acts CSV
53993;30270;JJ170;143;FOLIO vide ou non reconnu dans Acts CSV
53994;30270;JJ170;143;FOLIO vide ou non reconnu dans Acts CSV
53995;30270;JJ170;143;FOLIO vide ou non reconnu dans Acts CSV
53996;30271;JJ170;144;FOLIO vide ou non reconnu dans Acts CSV
53997;30271;JJ170;144;FOLIO vide ou non reconnu dans Acts CSV
53998;30272;JJ170;145;FOLIO vide ou non reconnu dans Acts CSV
53999;30272;JJ170;145;FOLIO vide ou non reconnu dans Acts CSV
54000;30272,1;JJ170;145bis;FOLIO vide ou non reconnu dans Acts CSV
54001;30272,1;JJ170;145bis;FOLIO vide ou non reconnu dans Acts CSV
54002;30273;JJ170;146;FOLIO vide ou non reconnu dans Acts CSV
54003;30273;JJ170;146;FOLIO vide ou non reconnu dans Acts CSV
54004;30274;JJ170;147;FOLIO vide ou non reconnu dans Acts CSV
54005;30274;JJ170;147;FOLIO vide ou non reconnu dans Acts CSV
54006;30275;JJ170;148;
54007;30275;JJ170;148;
54008;30275;JJ170;148;
54009;30276;JJ170;149;FOLIO vide ou non reconnu dans Acts CSV
54010;30276;JJ170;149;FOLIO vide ou non reconnu dans Acts CSV
54011;30277;JJ170;150;FOLIO vide ou non reconnu dans Acts CSV
54012;30277;JJ170;150;FOLIO vide ou non reconnu dans Acts CSV
54013;30278;JJ170;151;FOLIO vide ou non reconnu dans Acts CSV
54014;30278;JJ170;151;FOLIO vide ou non reconnu dans Acts CSV
54015;30279;JJ170;152;FOLIO vide ou non reconnu dans Acts CSV
54016;30279;JJ170;152;FOLIO vide ou non reconnu dans Acts CSV
54017;30280;JJ170;153;FOLIO vide ou non reconnu dans Acts CSV
54018;30280;JJ170;153;FOLIO vide ou non reconnu dans Acts CSV
54019;30281;JJ170;154;FOLIO vide ou non reconnu dans Acts CSV
54020;30281;JJ170;154;FOLIO vide ou non reconnu dans Acts CSV
54021;30282;JJ170;155;FOLIO vide ou non reconnu dans Acts CSV
54022;30282;JJ170;155;FOLIO vide ou non reconnu dans Acts CSV
54023;30283;JJ170;156;FOLIO vide ou non reconnu dans Acts CSV
54024;30283;JJ170;156;FOLIO vide ou non reconnu dans Acts CSV
54025;30284;JJ170;157;FOLIO vide ou non reconnu dans Acts CSV
54026;30284;JJ170;157;FOLIO vide ou non reconnu dans Acts CSV
54027;30285;JJ170;158;FOLIO vide ou non reconnu dans Acts CSV
54028;30285;JJ170;158;FOLIO vide ou non reconnu dans Acts CSV
54029;30286;JJ170;159;FOLIO vide ou non reconnu dans Acts CSV
54030;30286;JJ170;159;FOLIO vide ou non reconnu dans Acts CSV
54031;30287;JJ170;160;
54032;30288;JJ170;161;FOLIO vide ou non reconnu dans Acts CSV
54033;30288;JJ170;161;FOLIO vide ou non reconnu dans Acts CSV
54034;30289;JJ170;162;FOLIO vide ou non reconnu dans Acts CSV
54035;30289;JJ170;162;FOLIO vide ou non reconnu dans Acts CSV
54036;30290;JJ170;163;FOLIO vide ou non reconnu dans Acts CSV
54037;30290;JJ170;163;FOLIO vide ou non reconnu dans Acts CSV
54038;30291;JJ170;164;FOLIO vide ou non reconnu dans Acts CSV
54039;30291;JJ170;164;FOLIO vide ou non reconnu dans Acts CSV
54040;30292;JJ170;165;FOLIO vide ou non reconnu dans Acts CSV
54041;30293;JJ170;166;FOLIO vide ou non reconnu dans Acts CSV
54042;30294;JJ170;167;FOLIO vide ou non reconnu dans Acts CSV
54043;30294;JJ170;167;FOLIO vide ou non reconnu dans Acts CSV
54044;30295;JJ170;168;FOLIO vide ou non reconnu dans Acts CSV
54045;30295;JJ170;168;FOLIO vide ou non reconnu dans Acts CSV
54046;30296;JJ170;169;FOLIO vide ou non reconnu dans Acts CSV
54047;30296;JJ170;169;FOLIO vide ou non reconnu dans Acts CSV
54048;30297;JJ170;170;FOLIO vide ou non reconnu dans Acts CSV
54049;30297;JJ170;170;FOLIO vide ou non reconnu dans Acts CSV
54050;30298;JJ170;171;FOLIO vide ou non reconnu dans Acts CSV
54051;30298;JJ170;171;FOLIO vide ou non reconnu dans Acts CSV
54052;30299;JJ170;172;FOLIO vide ou non reconnu dans Acts CSV
54053;30300;JJ170;173;FOLIO vide ou non reconnu dans Acts CSV
54054;30301;JJ170;174;FOLIO vide ou non reconnu dans Acts CSV
54055;30302;JJ170;175;FOLIO vide ou non reconnu dans Acts CSV
54056;30302;JJ170;175;FOLIO vide ou non reconnu dans Acts CSV
54057;30303;JJ170;176;FOLIO vide ou non reconnu dans Acts CSV
54058;30303;JJ170;176;FOLIO vide ou non reconnu dans Acts CSV
54059;30304;JJ170;177;FOLIO vide ou non reconnu dans Acts CSV
54060;30304;JJ170;177;FOLIO vide ou non reconnu dans Acts CSV
54061;30305;JJ170;178;FOLIO vide ou non reconnu dans Acts CSV
54062;30305;JJ170;178;FOLIO vide ou non reconnu dans Acts CSV
54063;30306;JJ170;179;FOLIO vide ou non reconnu dans Acts CSV
54064;30306;JJ170;179;FOLIO vide ou non reconnu dans Acts CSV
54065;30307;JJ170;180;FOLIO vide ou non reconnu dans Acts CSV
54066;30307;JJ170;180;FOLIO vide ou non reconnu dans Acts CSV
54067;30308;JJ170;181;FOLIO vide ou non reconnu dans Acts CSV
54068;30308;JJ170;181;FOLIO vide ou non reconnu dans Acts CSV
54069;30309;JJ170;182;
54070;30309;JJ170;182;
54071;30310;JJ170;183;FOLIO vide ou non reconnu dans Acts CSV
54072;30310;JJ170;183;FOLIO vide ou non reconnu dans Acts CSV
54073;30311;JJ170;184;FOLIO vide ou non reconnu dans Acts CSV
54074;30311;JJ170;184;FOLIO vide ou non reconnu dans Acts CSV
54075;30312;JJ170;185;FOLIO vide ou non reconnu dans Acts CSV
54076;30312;JJ170;185;FOLIO vide ou non reconnu dans Acts CSV
54077;30313;JJ170;186;FOLIO vide ou non reconnu dans Acts CSV
54078;30313;JJ170;186;FOLIO vide ou non reconnu dans Acts CSV
54079;30314;JJ170;187;FOLIO vide ou non reconnu dans Acts CSV
54080;30314;JJ170;187;FOLIO vide ou non reconnu dans Acts CSV
54081;30315;JJ170;188;FOLIO vide ou non reconnu dans Acts CSV
54082;30315;JJ170;188;FOLIO vide ou non reconnu dans Acts CSV
54083;30316;JJ170;189;FOLIO vide ou non reconnu dans Acts CSV
54084;30316;JJ170;189;FOLIO vide ou non reconnu dans Acts CSV
54085;30317;JJ170;190;FOLIO vide ou non reconnu dans Acts CSV
54086;30317;JJ170;190;FOLIO vide ou non reconnu dans Acts CSV
54087;30318;JJ170;191;FOLIO vide ou non reconnu dans Acts CSV
54088;30319;JJ170;192;FOLIO vide ou non reconnu dans Acts CSV
54089;30320;JJ170;193;FOLIO vide ou non reconnu dans Acts CSV
54090;30320;JJ170;193;FOLIO vide ou non reconnu dans Acts CSV
54091;30321;JJ170;194;FOLIO vide ou non reconnu dans Acts CSV
54092;30321;JJ170;194;FOLIO vide ou non reconnu dans Acts CSV
54093;30322;JJ170;195;FOLIO vide ou non reconnu dans Acts CSV
54094;30322;JJ170;195;FOLIO vide ou non reconnu dans Acts CSV
54095;30323;JJ170;196;FOLIO vide ou non reconnu dans Acts CSV
54096;30323;JJ170;196;FOLIO vide ou non reconnu dans Acts CSV
54097;30324;JJ170;197;FOLIO vide ou non reconnu dans Acts CSV
54098;30324;JJ170;197;FOLIO vide ou non reconnu dans Acts CSV
54099;30325;JJ170;198;FOLIO vide ou non reconnu dans Acts CSV
54100;30326;JJ170;199;FOLIO vide ou non reconnu dans Acts CSV
54101;30326;JJ170;199;FOLIO vide ou non reconnu dans Acts CSV
54102;30327;JJ170;200;FOLIO vide ou non reconnu dans Acts CSV
54103;30327;JJ170;200;FOLIO vide ou non reconnu dans Acts CSV
54104;30328;JJ170;201;FOLIO vide ou non reconnu dans Acts CSV
54105;30328;JJ170;201;FOLIO vide ou non reconnu dans Acts CSV
54106;30329;JJ170;202;FOLIO vide ou non reconnu dans Acts CSV
54107;30330;JJ170;203;FOLIO vide ou non reconnu dans Acts CSV
54108;30330;JJ170;203;FOLIO vide ou non reconnu dans Acts CSV
54109;30331;JJ170;204;FOLIO vide ou non reconnu dans Acts CSV
54110;30331;JJ170;204;FOLIO vide ou non reconnu dans Acts CSV
54111;30332;JJ170;205;FOLIO vide ou non reconnu dans Acts CSV
54112;30332;JJ170;205;FOLIO vide ou non reconnu dans Acts CSV
54113;30333;JJ170;206;FOLIO vide ou non reconnu dans Acts CSV
54114;30333;JJ170;206;FOLIO vide ou non reconnu dans Acts CSV
54115;30334;JJ170;207;FOLIO vide ou non reconnu dans Acts CSV
54116;30335;JJ170;208;FOLIO vide ou non reconnu dans Acts CSV
54117;30336;JJ170;209;FOLIO vide ou non reconnu dans Acts CSV
54118;30337;JJ170;210;FOLIO vide ou non reconnu dans Acts CSV
54119;30337;JJ170;210;FOLIO vide ou non reconnu dans Acts CSV
54120;30338;JJ170;211;FOLIO vide ou non reconnu dans Acts CSV
54121;30338;JJ170;211;FOLIO vide ou non reconnu dans Acts CSV
54122;30338;JJ170;211;FOLIO vide ou non reconnu dans Acts CSV
54123;30339;JJ170;212;FOLIO vide ou non reconnu dans Acts CSV
54124;30339;JJ170;212;FOLIO vide ou non reconnu dans Acts CSV
54125;30340;JJ170;213;FOLIO vide ou non reconnu dans Acts CSV
54126;30340;JJ170;213;FOLIO vide ou non reconnu dans Acts CSV
54127;30341;JJ170;214;FOLIO vide ou non reconnu dans Acts CSV
54128;30341;JJ170;214;FOLIO vide ou non reconnu dans Acts CSV
54129;30342;JJ170;215;FOLIO vide ou non reconnu dans Acts CSV
54130;30342;JJ170;215;FOLIO vide ou non reconnu dans Acts CSV
54131;30343;JJ170;216;FOLIO vide ou non reconnu dans Acts CSV
54132;30344;JJ170;217;FOLIO vide ou non reconnu dans Acts CSV
54133;30345;JJ170;218;FOLIO vide ou non reconnu dans Acts CSV
54134;30346;JJ170;219;FOLIO vide ou non reconnu dans Acts CSV
54135;30347;JJ170;220;FOLIO vide ou non reconnu dans Acts CSV
54136;30347;JJ170;220;FOLIO vide ou non reconnu dans Acts CSV
54137;30348;JJ170;221;
54138;30348;JJ170;221;
54139;30348;JJ170;221;
54140;30349;JJ170;222;FOLIO vide ou non reconnu dans Acts CSV
54141;30349;JJ170;222;FOLIO vide ou non reconnu dans Acts CSV
54142;30350;JJ170;223;FOLIO vide ou non reconnu dans Acts CSV
54143;30350;JJ170;223;FOLIO vide ou non reconnu dans Acts CSV
54144;30350;JJ170;223;FOLIO vide ou non reconnu dans Acts CSV
54145;30351;JJ170;224;FOLIO vide ou non reconnu dans Acts CSV
54146;30351;JJ170;224;FOLIO vide ou non reconnu dans Acts CSV
54147;30352;JJ170;225;
54148;30352;JJ170;225;
54149;30352;JJ170;225;
54150;30353;JJ170;226;FOLIO vide ou non reconnu dans Acts CSV
54151;30353;JJ170;226;FOLIO vide ou non reconnu dans Acts CSV
54152;30354;JJ170;227;FOLIO vide ou non reconnu dans Acts CSV
54153;30354;JJ170;227;FOLIO vide ou non reconnu dans Acts CSV
54154;30354;JJ170;227;FOLIO vide ou non reconnu dans Acts CSV
54155;30355;JJ170;228;FOLIO vide ou non reconnu dans Acts CSV
54156;30355;JJ170;228;FOLIO vide ou non reconnu dans Acts CSV
54157;30356;JJ170;229;FOLIO vide ou non reconnu dans Acts CSV
54158;30356;JJ170;229;FOLIO vide ou non reconnu dans Acts CSV
54159;30357;JJ170;230;
54160;30357;JJ170;230;
54161;30358;JJ170;231;FOLIO vide ou non reconnu dans Acts CSV
54162;30358;JJ170;231;FOLIO vide ou non reconnu dans Acts CSV
54163;30359;JJ170;232;
54164;30359;JJ170;232;
54165;30360;JJ170;233;
54166;30360;JJ170;233;
54167;30361;JJ170;234;FOLIO vide ou non reconnu dans Acts CSV
54168;30361;JJ170;234;FOLIO vide ou non reconnu dans Acts CSV
54169;30362;JJ170;235;
54170;30362;JJ170;235;
54171;30363;JJ170;236;FOLIO vide ou non reconnu dans Acts CSV
54172;30363;JJ170;236;FOLIO vide ou non reconnu dans Acts CSV
54173;30364;JJ170;237;FOLIO vide ou non reconnu dans Acts CSV
54174;30364;JJ170;237;FOLIO vide ou non reconnu dans Acts CSV
54175;30364;JJ170;237;FOLIO vide ou non reconnu dans Acts CSV
54176;30365;JJ170;238;FOLIO vide ou non reconnu dans Acts CSV
54177;30365;JJ170;238;FOLIO vide ou non reconnu dans Acts CSV
54178;30366;JJ170;239;FOLIO vide ou non reconnu dans Acts CSV
54179;30366;JJ170;239;FOLIO vide ou non reconnu dans Acts CSV
54180;30367;JJ170;240;FOLIO vide ou non reconnu dans Acts CSV
54181;30367;JJ170;240;FOLIO vide ou non reconnu dans Acts CSV
54182;30367;JJ170;240;FOLIO vide ou non reconnu dans Acts CSV
54183;30368;JJ170;241;FOLIO vide ou non reconnu dans Acts CSV
54184;30368;JJ170;241;FOLIO vide ou non reconnu dans Acts CSV
54185;30368;JJ170;241;FOLIO vide ou non reconnu dans Acts CSV
54186;30369;JJ170;242;FOLIO vide ou non reconnu dans Acts CSV
54187;30369;JJ170;242;FOLIO vide ou non reconnu dans Acts CSV
54188;30370;JJ170;243;FOLIO vide ou non reconnu dans Acts CSV
54189;30370;JJ170;243;FOLIO vide ou non reconnu dans Acts CSV
54190;30371;JJ170;244;FOLIO vide ou non reconnu dans Acts CSV
54191;30371;JJ170;244;FOLIO vide ou non reconnu dans Acts CSV
54192;30371;JJ170;244;FOLIO vide ou non reconnu dans Acts CSV
54193;30372;JJ170;245;FOLIO vide ou non reconnu dans Acts CSV
54194;30372;JJ170;245;FOLIO vide ou non reconnu dans Acts CSV
54195;30373;JJ170;246;FOLIO vide ou non reconnu dans Acts CSV
54196;30373;JJ170;246;FOLIO vide ou non reconnu dans Acts CSV
54197;30374;JJ170;247;FOLIO vide ou non reconnu dans Acts CSV
54198;30374;JJ170;247;FOLIO vide ou non reconnu dans Acts CSV
54199;30375;JJ170;248;FOLIO vide ou non reconnu dans Acts CSV
54200;30375;JJ170;248;FOLIO vide ou non reconnu dans Acts CSV
54201;30376;JJ170;249;FOLIO vide ou non reconnu dans Acts CSV
54202;30376;JJ170;249;FOLIO vide ou non reconnu dans Acts CSV
54203;30376;JJ170;249;FOLIO vide ou non reconnu dans Acts CSV
54204;30377;JJ170;250;FOLIO vide ou non reconnu dans Acts CSV
54205;30377;JJ170;250;FOLIO vide ou non reconnu dans Acts CSV
54206;30377;JJ170;250;FOLIO vide ou non reconnu dans Acts CSV
54207;30378;JJ170;251;FOLIO vide ou non reconnu dans Acts CSV
54208;30378;JJ170;251;FOLIO vide ou non reconnu dans Acts CSV
54209;30379;JJ170;252;FOLIO vide ou non reconnu dans Acts CSV
54210;30379;JJ170;252;FOLIO vide ou non reconnu dans Acts CSV
54211;30380;JJ170;253;FOLIO vide ou non reconnu dans Acts CSV
54212;30380;JJ170;253;FOLIO vide ou non reconnu dans Acts CSV
54213;30380;JJ170;253;FOLIO vide ou non reconnu dans Acts CSV
54214;30380;JJ170;253;FOLIO vide ou non reconnu dans Acts CSV
54215;30380;JJ170;253;FOLIO vide ou non reconnu dans Acts CSV
54216;30381;JJ170;254;FOLIO vide ou non reconnu dans Acts CSV
54217;30382;JJ170;255;FOLIO vide ou non reconnu dans Acts CSV
54218;30382;JJ170;255;FOLIO vide ou non reconnu dans Acts CSV
54219;30383;JJ170;256;FOLIO vide ou non reconnu dans Acts CSV
54220;30383;JJ170;256;FOLIO vide ou non reconnu dans Acts CSV
54221;30384;JJ170;257;FOLIO vide ou non reconnu dans Acts CSV
54222;30384;JJ170;257;FOLIO vide ou non reconnu dans Acts CSV
54223;30384;JJ170;257;FOLIO vide ou non reconnu dans Acts CSV
54224;30385;JJ170;258;
54225;30385;JJ170;258;
54226;30386;JJ170;259;FOLIO vide ou non reconnu dans Acts CSV
54227;30386;JJ170;259;FOLIO vide ou non reconnu dans Acts CSV
54228;30387;JJ170;260;FOLIO vide ou non reconnu dans Acts CSV
54229;30387;JJ170;260;FOLIO vide ou non reconnu dans Acts CSV
54230;30388;JJ170;261;FOLIO vide ou non reconnu dans Acts CSV
54231;30388;JJ170;261;FOLIO vide ou non reconnu dans Acts CSV
54232;30388;JJ170;261;FOLIO vide ou non reconnu dans Acts CSV
54233;30389;JJ170;262;FOLIO vide ou non reconnu dans Acts CSV
54234;30389;JJ170;262;FOLIO vide ou non reconnu dans Acts CSV
54235;30389;JJ170;262;FOLIO vide ou non reconnu dans Acts CSV
54236;30390;JJ170;263;FOLIO vide ou non reconnu dans Acts CSV
54237;30390;JJ170;263;FOLIO vide ou non reconnu dans Acts CSV
54238;30390;JJ170;263;FOLIO vide ou non reconnu dans Acts CSV
54239;30391;JJ170;264;FOLIO vide ou non reconnu dans Acts CSV
54240;30392;JJ170;265;
54241;30392;JJ170;265;
54242;30393;JJ170;266;FOLIO vide ou non reconnu dans Acts CSV
54243;30393;JJ170;266;FOLIO vide ou non reconnu dans Acts CSV
54244;30394;JJ170;267;FOLIO vide ou non reconnu dans Acts CSV
54245;30394;JJ170;267;FOLIO vide ou non reconnu dans Acts CSV
54246;30395;JJ170;268;FOLIO vide ou non reconnu dans Acts CSV
54247;30395;JJ170;268;FOLIO vide ou non reconnu dans Acts CSV
54248;30396;JJ170;269;FOLIO vide ou non reconnu dans Acts CSV
54249;30396;JJ170;269;FOLIO vide ou non reconnu dans Acts CSV
54250;30397;JJ170;270;
54251;30397;JJ170;270;
54252;30397;JJ170;270;
54253;30398;JJ170;271;FOLIO vide ou non reconnu dans Acts CSV
54254;30398;JJ170;271;FOLIO vide ou non reconnu dans Acts CSV
54255;30398;JJ170;271;FOLIO vide ou non reconnu dans Acts CSV
54256;30399;JJ170;272;FOLIO vide ou non reconnu dans Acts CSV
54257;30400;JJ170;273;FOLIO vide ou non reconnu dans Acts CSV
54258;30400;JJ170;273;FOLIO vide ou non reconnu dans Acts CSV
54259;30401;JJ170;274;FOLIO vide ou non reconnu dans Acts CSV
54260;30401;JJ170;274;FOLIO vide ou non reconnu dans Acts CSV
54261;30401;JJ170;274;FOLIO vide ou non reconnu dans Acts CSV
54262;30402;JJ170;275;FOLIO vide ou non reconnu dans Acts CSV
54263;30402;JJ170;275;FOLIO vide ou non reconnu dans Acts CSV
54264;30403;JJ170;276;FOLIO vide ou non reconnu dans Acts CSV
54265;30404;JJ170;277;
54266;30405;JJ170;278;FOLIO vide ou non reconnu dans Acts CSV
54267;30405;JJ170;278;FOLIO vide ou non reconnu dans Acts CSV
54268;30406;JJ170;279;FOLIO vide ou non reconnu dans Acts CSV
54269;30406;JJ170;279;FOLIO vide ou non reconnu dans Acts CSV
54270;30407;JJ170;280;FOLIO vide ou non reconnu dans Acts CSV
54271;30407;JJ170;280;FOLIO vide ou non reconnu dans Acts CSV
54272;30408;JJ170;281;FOLIO vide ou non reconnu dans Acts CSV
54273;30408;JJ170;281;FOLIO vide ou non reconnu dans Acts CSV
54274;30409;JJ170;282;FOLIO vide ou non reconnu dans Acts CSV
54275;30409;JJ170;282;FOLIO vide ou non reconnu dans Acts CSV
54276;30410;JJ170;283;FOLIO vide ou non reconnu dans Acts CSV
54277;30410;JJ170;283;FOLIO vide ou non reconnu dans Acts CSV
54278;30411;JJ170;284;FOLIO vide ou non reconnu dans Acts CSV
54279;30411;JJ170;284;FOLIO vide ou non reconnu dans Acts CSV
54280;30412;JJ170;285;
54281;30412;JJ170;285;
54282;30413;JJ170;286;FOLIO vide ou non reconnu dans Acts CSV
54283;30413;JJ170;286;FOLIO vide ou non reconnu dans Acts CSV
54284;30413;JJ170;286;FOLIO vide ou non reconnu dans Acts CSV
54285;30414;JJ170;287;FOLIO vide ou non reconnu dans Acts CSV
54286;30415;JJ170;288;FOLIO vide ou non reconnu dans Acts CSV
54287;30416;JJ170;289;
54288;30417;JJ170;290;FOLIO vide ou non reconnu dans Acts CSV
54289;30417;JJ170;290;FOLIO vide ou non reconnu dans Acts CSV
54290;30418;JJ170;291;FOLIO vide ou non reconnu dans Acts CSV
54291;30418;JJ170;291;FOLIO vide ou non reconnu dans Acts CSV
54292;30419;JJ170;292;FOLIO vide ou non reconnu dans Acts CSV
54293;30419;JJ170;292;FOLIO vide ou non reconnu dans Acts CSV
54294;30420;JJ170;293;FOLIO vide ou non reconnu dans Acts CSV
54295;30420;JJ170;293;FOLIO vide ou non reconnu dans Acts CSV
54296;30421;JJ170;294;FOLIO vide ou non reconnu dans Acts CSV
54297;30422;JJ170;295;FOLIO vide ou non reconnu dans Acts CSV
54298;30423;JJ170;296;FOLIO vide ou non reconnu dans Acts CSV
54299;30423;JJ170;296;FOLIO vide ou non reconnu dans Acts CSV
54300;30424;JJ170;297;FOLIO vide ou non reconnu dans Acts CSV
54301;30424;JJ170;297;FOLIO vide ou non reconnu dans Acts CSV
54302;30425;JJ170;298;FOLIO vide ou non reconnu dans Acts CSV
54303;30425;JJ170;298;FOLIO vide ou non reconnu dans Acts CSV
54304;30426;JJ170;299;FOLIO vide ou non reconnu dans Acts CSV
54305;30426;JJ170;299;FOLIO vide ou non reconnu dans Acts CSV
54306;30426;JJ170;299;FOLIO vide ou non reconnu dans Acts CSV
54307;30427;JJ170;300;FOLIO vide ou non reconnu dans Acts CSV
54308;30428;JJ170;301;FOLIO vide ou non reconnu dans Acts CSV
54309;30428;JJ170;301;FOLIO vide ou non reconnu dans Acts CSV
54310;30429;JJ170;302;FOLIO vide ou non reconnu dans Acts CSV
54311;30429;JJ170;302;FOLIO vide ou non reconnu dans Acts CSV
54312;30430;JJ170;303;FOLIO vide ou non reconnu dans Acts CSV
54313;30431;JJ170;304;FOLIO vide ou non reconnu dans Acts CSV
54314;30431;JJ170;304;FOLIO vide ou non reconnu dans Acts CSV
54315;30432;JJ170;305;FOLIO vide ou non reconnu dans Acts CSV
54316;30432;JJ170;305;FOLIO vide ou non reconnu dans Acts CSV
54317;30433;JJ170;306;FOLIO vide ou non reconnu dans Acts CSV
54318;30433;JJ170;306;FOLIO vide ou non reconnu dans Acts CSV
54319;30433;JJ170;306;FOLIO vide ou non reconnu dans Acts CSV
54320;30434;JJ170;307;
54321;30435;JJ170;308;FOLIO vide ou non reconnu dans Acts CSV
54336;30445;JJ171;1;FOLIO vide ou non reconnu dans Acts CSV
54337;30445;JJ171;1;FOLIO vide ou non reconnu dans Acts CSV
54338;30446;JJ171;2;FOLIO vide ou non reconnu dans Acts CSV
54339;30446;JJ171;2;FOLIO vide ou non reconnu dans Acts CSV
54340;30446;JJ171;2;FOLIO vide ou non reconnu dans Acts CSV
54341;30447;JJ171;3;FOLIO vide ou non reconnu dans Acts CSV
54342;30447;JJ171;3;FOLIO vide ou non reconnu dans Acts CSV
54343;30448;JJ171;4;FOLIO vide ou non reconnu dans Acts CSV
54344;30448;JJ171;4;FOLIO vide ou non reconnu dans Acts CSV
54345;30449;JJ171;5;FOLIO vide ou non reconnu dans Acts CSV
54346;30449;JJ171;5;FOLIO vide ou non reconnu dans Acts CSV
54347;30450;JJ171;6;
54348;30450;JJ171;6;
54349;30450;JJ171;6;
54350;30451;JJ171;7;
54351;30451;JJ171;7;
54352;30451;JJ171;7;
54353;30452;JJ171;8;FOLIO vide ou non reconnu dans Acts CSV
54354;30452;JJ171;8;FOLIO vide ou non reconnu dans Acts CSV
54355;30453;JJ171;9;FOLIO vide ou non reconnu dans Acts CSV
54356;30453;JJ171;9;FOLIO vide ou non reconnu dans Acts CSV
54357;30454;JJ171;10;FOLIO vide ou non reconnu dans Acts CSV
54358;30454;JJ171;10;FOLIO vide ou non reconnu dans Acts CSV
54359;30455;JJ171;11;FOLIO vide ou non reconnu dans Acts CSV
54360;30455;JJ171;11;FOLIO vide ou non reconnu dans Acts CSV
54361;30455;JJ171;11;FOLIO vide ou non reconnu dans Acts CSV
54362;30456;JJ171;12;FOLIO vide ou non reconnu dans Acts CSV
54363;30457;JJ171;13;FOLIO vide ou non reconnu dans Acts CSV
54364;30457;JJ171;13;FOLIO vide ou non reconnu dans Acts CSV
54365;30457;JJ171;13;FOLIO vide ou non reconnu dans Acts CSV
54366;30457;JJ171;13;FOLIO vide ou non reconnu dans Acts CSV
54367;30458;JJ171;14;FOLIO vide ou non reconnu dans Acts CSV
54368;30458;JJ171;14;FOLIO vide ou non reconnu dans Acts CSV
54369;30459;JJ171;15;FOLIO vide ou non reconnu dans Acts CSV
54370;30459;JJ171;15;FOLIO vide ou non reconnu dans Acts CSV
54371;30460;JJ171;16;FOLIO vide ou non reconnu dans Acts CSV
54372;30460;JJ171;16;FOLIO vide ou non reconnu dans Acts CSV
54373;30461;JJ171;17;FOLIO vide ou non reconnu dans Acts CSV
54374;30462;JJ171;18;FOLIO vide ou non reconnu dans Acts CSV
54375;30463;JJ171;19;FOLIO vide ou non reconnu dans Acts CSV
54376;30463;JJ171;19;FOLIO vide ou non reconnu dans Acts CSV
54377;30464;JJ171;20;FOLIO vide ou non reconnu dans Acts CSV
54378;30464;JJ171;20;FOLIO vide ou non reconnu dans Acts CSV
54379;30465;JJ171;21;FOLIO vide ou non reconnu dans Acts CSV
54380;30465;JJ171;21;FOLIO vide ou non reconnu dans Acts CSV
54381;30466;JJ171;22;FOLIO vide ou non reconnu dans Acts CSV
54382;30466;JJ171;22;FOLIO vide ou non reconnu dans Acts CSV
54383;30467;JJ171;23;FOLIO vide ou non reconnu dans Acts CSV
54384;30467;JJ171;23;FOLIO vide ou non reconnu dans Acts CSV
54385;30467;JJ171;23;FOLIO vide ou non reconnu dans Acts CSV
54386;30468;JJ171;24;FOLIO vide ou non reconnu dans Acts CSV
54387;30468;JJ171;24;FOLIO vide ou non reconnu dans Acts CSV
54388;30469;JJ171;25;FOLIO vide ou non reconnu dans Acts CSV
54389;30469;JJ171;25;FOLIO vide ou non reconnu dans Acts CSV
54390;30470;JJ171;26;FOLIO vide ou non reconnu dans Acts CSV
54391;30470;JJ171;26;FOLIO vide ou non reconnu dans Acts CSV
54392;30471;JJ171;27;FOLIO vide ou non reconnu dans Acts CSV
54393;30471;JJ171;27;FOLIO vide ou non reconnu dans Acts CSV
54394;30471;JJ171;27;FOLIO vide ou non reconnu dans Acts CSV
54395;30472;JJ171;28;FOLIO vide ou non reconnu dans Acts CSV
54396;30473;JJ171;29;
54397;30473;JJ171;29;
54398;30473;JJ171;29;
54399;30474;JJ171;30;
54400;30474;JJ171;30;
54401;30475;JJ171;31;FOLIO vide ou non reconnu dans Acts CSV
54402;30475;JJ171;31;FOLIO vide ou non reconnu dans Acts CSV
54403;30476;JJ171;32;
54404;30476;JJ171;32;
54405;30477;JJ171;33;FOLIO vide ou non reconnu dans Acts CSV
54406;30477;JJ171;33;FOLIO vide ou non reconnu dans Acts CSV
54407;30478;JJ171;34;
54408;30478;JJ171;34;
54409;30479;JJ171;35;FOLIO vide ou non reconnu dans Acts CSV
54410;30479;JJ171;35;FOLIO vide ou non reconnu dans Acts CSV
54411;30480;JJ171;36;FOLIO vide ou non reconnu dans Acts CSV
54412;30480;JJ171;36;FOLIO vide ou non reconnu dans Acts CSV
54413;30481;JJ171;37;FOLIO vide ou non reconnu dans Acts CSV
54414;30482;JJ171;38;FOLIO vide ou non reconnu dans Acts CSV
54415;30483;JJ171;39;FOLIO vide ou non reconnu dans Acts CSV
54416;30483;JJ171;39;FOLIO vide ou non reconnu dans Acts CSV
54417;30484;JJ171;40;FOLIO vide ou non reconnu dans Acts CSV
54418;30485;JJ171;41;FOLIO vide ou non reconnu dans Acts CSV
54419;30485;JJ171;41;FOLIO vide ou non reconnu dans Acts CSV
54420;30485;JJ171;41;FOLIO vide ou non reconnu dans Acts CSV
54421;30486;JJ171;42;FOLIO vide ou non reconnu dans Acts CSV
54422;30486;JJ171;42;FOLIO vide ou non reconnu dans Acts CSV
54423;30487;JJ171;43;
54424;30487;JJ171;43;
54425;30488;JJ171;44;FOLIO vide ou non reconnu dans Acts CSV
54426;30488;JJ171;44;FOLIO vide ou non reconnu dans Acts CSV
54427;30489;JJ171;45;FOLIO vide ou non reconnu dans Acts CSV
54428;30489;JJ171;45;FOLIO vide ou non reconnu dans Acts CSV
54429;30490;JJ171;46;FOLIO vide ou non reconnu dans Acts CSV
54430;30490;JJ171;46;FOLIO vide ou non reconnu dans Acts CSV
54431;30491;JJ171;47;FOLIO vide ou non reconnu dans Acts CSV
54432;30491;JJ171;47;FOLIO vide ou non reconnu dans Acts CSV
54433;30492;JJ171;48;FOLIO vide ou non reconnu dans Acts CSV
54434;30492;JJ171;48;FOLIO vide ou non reconnu dans Acts CSV
54435;30492;JJ171;48;FOLIO vide ou non reconnu dans Acts CSV
54436;30493;JJ171;49;FOLIO vide ou non reconnu dans Acts CSV
54437;30493;JJ171;49;FOLIO vide ou non reconnu dans Acts CSV
54438;30494;JJ171;50;
54439;30494;JJ171;50;
54440;30495;JJ171;51;
54441;30495;JJ171;51;
54442;30496;JJ171;52;
54443;30496;JJ171;52;
54444;30496;JJ171;52;
54445;30497;JJ171;53;FOLIO vide ou non reconnu dans Acts CSV
54446;30498;JJ171;54;FOLIO vide ou non reconnu dans Acts CSV
54447;30498;JJ171;54;FOLIO vide ou non reconnu dans Acts CSV
54448;30499;JJ171;55;FOLIO vide ou non reconnu dans Acts CSV
54449;30499;JJ171;55;FOLIO vide ou non reconnu dans Acts CSV
54450;30500;JJ171;56;FOLIO vide ou non reconnu dans Acts CSV
54451;30500;JJ171;56;FOLIO vide ou non reconnu dans Acts CSV
54452;30502;JJ171;57;
54453;30502;JJ171;57;
54454;30503;JJ171;58;FOLIO vide ou non reconnu dans Acts CSV
54455;30503;JJ171;58;FOLIO vide ou non reconnu dans Acts CSV
54456;30504;JJ171;59;FOLIO vide ou non reconnu dans Acts CSV
54457;30504;JJ171;59;FOLIO vide ou non reconnu dans Acts CSV
54458;30505;JJ171;60;FOLIO vide ou non reconnu dans Acts CSV
54459;30505;JJ171;60;FOLIO vide ou non reconnu dans Acts CSV
54460;30506;JJ171;61;FOLIO vide ou non reconnu dans Acts CSV
54461;30506;JJ171;61;FOLIO vide ou non reconnu dans Acts CSV
54462;30507;JJ171;62;FOLIO vide ou non reconnu dans Acts CSV
54463;30507;JJ171;62;FOLIO vide ou non reconnu dans Acts CSV
54464;30508;JJ171;63;
54465;30508;JJ171;63;
54466;30509;JJ171;64;
54467;30510;JJ171;65;
54468;30510;JJ171;65;
54469;30511;JJ171;66;FOLIO vide ou non reconnu dans Acts CSV
54470;30511;JJ171;66;FOLIO vide ou non reconnu dans Acts CSV
54471;30512;JJ171;67;FOLIO vide ou non reconnu dans Acts CSV
54472;30512;JJ171;67;FOLIO vide ou non reconnu dans Acts CSV
54473;30513;JJ171;68;FOLIO vide ou non reconnu dans Acts CSV
54474;30513;JJ171;68;FOLIO vide ou non reconnu dans Acts CSV
54475;30514;JJ171;69;FOLIO vide ou non reconnu dans Acts CSV
54476;30514;JJ171;69;FOLIO vide ou non reconnu dans Acts CSV
54477;30515;JJ171;70;
54478;30515;JJ171;70;
54479;30515;JJ171;70;
54480;30515;JJ171;70;
54481;30515;JJ171;70;
54482;30516;JJ171;71;FOLIO vide ou non reconnu dans Acts CSV
54483;30516;JJ171;71;FOLIO vide ou non reconnu dans Acts CSV
54484;30517;JJ171;72;FOLIO vide ou non reconnu dans Acts CSV
54485;30517;JJ171;72;FOLIO vide ou non reconnu dans Acts CSV
54486;30518;JJ171;73;FOLIO vide ou non reconnu dans Acts CSV
54487;30518;JJ171;73;FOLIO vide ou non reconnu dans Acts CSV
54488;30519;JJ171;74;FOLIO vide ou non reconnu dans Acts CSV
54489;30519;JJ171;74;FOLIO vide ou non reconnu dans Acts CSV
54490;30520;JJ171;75;
54491;30520;JJ171;75;
54492;30520;JJ171;75;
54493;30521;JJ171;76;FOLIO vide ou non reconnu dans Acts CSV
54494;30521;JJ171;76;FOLIO vide ou non reconnu dans Acts CSV
54495;30522;JJ171;77;FOLIO vide ou non reconnu dans Acts CSV
54496;30522;JJ171;77;FOLIO vide ou non reconnu dans Acts CSV
54497;30523;JJ171;78;FOLIO vide ou non reconnu dans Acts CSV
54498;30523;JJ171;78;FOLIO vide ou non reconnu dans Acts CSV
54499;30524;JJ171;79;FOLIO vide ou non reconnu dans Acts CSV
54500;30524;JJ171;79;FOLIO vide ou non reconnu dans Acts CSV
54501;30524;JJ171;79;FOLIO vide ou non reconnu dans Acts CSV
54502;30525;JJ171;80;FOLIO vide ou non reconnu dans Acts CSV
54503;30525;JJ171;80;FOLIO vide ou non reconnu dans Acts CSV
54504;30526;JJ171;81;FOLIO vide ou non reconnu dans Acts CSV
54505;30526;JJ171;81;FOLIO vide ou non reconnu dans Acts CSV
54506;30527;JJ171;82;FOLIO vide ou non reconnu dans Acts CSV
54507;30527;JJ171;82;FOLIO vide ou non reconnu dans Acts CSV
54508;30528;JJ171;83;FOLIO vide ou non reconnu dans Acts CSV
54509;30529;JJ171;84;
54510;30530;JJ171;85;FOLIO vide ou non reconnu dans Acts CSV
54511;30530;JJ171;85;FOLIO vide ou non reconnu dans Acts CSV
54512;30531;JJ171;86;FOLIO vide ou non reconnu dans Acts CSV
54513;30531;JJ171;86;FOLIO vide ou non reconnu dans Acts CSV
54514;30532;JJ171;87;FOLIO vide ou non reconnu dans Acts CSV
54515;30532;JJ171;87;FOLIO vide ou non reconnu dans Acts CSV
54516;30533;JJ171;88;FOLIO vide ou non reconnu dans Acts CSV
54517;30534;JJ171;89;FOLIO vide ou non reconnu dans Acts CSV
54518;30535;JJ171;90;FOLIO vide ou non reconnu dans Acts CSV
54519;30535;JJ171;90;FOLIO vide ou non reconnu dans Acts CSV
54520;30536;JJ171;91;
54521;30536;JJ171;91;
54522;30537;JJ171;92;FOLIO vide ou non reconnu dans Acts CSV
54523;30537;JJ171;92;FOLIO vide ou non reconnu dans Acts CSV
54524;30538;JJ171;93;FOLIO vide ou non reconnu dans Acts CSV
54525;30538;JJ171;93;FOLIO vide ou non reconnu dans Acts CSV
54526;30538;JJ171;93;FOLIO vide ou non reconnu dans Acts CSV
54527;30539;JJ171;94;FOLIO vide ou non reconnu dans Acts CSV
54528;30540;JJ171;95;FOLIO vide ou non reconnu dans Acts CSV
54529;30541;JJ171;96;FOLIO vide ou non reconnu dans Acts CSV
54530;30541;JJ171;96;FOLIO vide ou non reconnu dans Acts CSV
54531;30542;JJ171;97;FOLIO vide ou non reconnu dans Acts CSV
54532;30542;JJ171;97;FOLIO vide ou non reconnu dans Acts CSV
54533;30543;JJ171;98;FOLIO vide ou non reconnu dans Acts CSV
54534;30543;JJ171;98;FOLIO vide ou non reconnu dans Acts CSV
54535;30543;JJ171;98;FOLIO vide ou non reconnu dans Acts CSV
54536;30543;JJ171;98;FOLIO vide ou non reconnu dans Acts CSV
54537;30544;JJ171;99;FOLIO vide ou non reconnu dans Acts CSV
54538;30544;JJ171;99;FOLIO vide ou non reconnu dans Acts CSV
54539;30545;JJ171;100;FOLIO vide ou non reconnu dans Acts CSV
54540;30545;JJ171;100;FOLIO vide ou non reconnu dans Acts CSV
54541;30546;JJ171;101;FOLIO vide ou non reconnu dans Acts CSV
54542;30546;JJ171;101;FOLIO vide ou non reconnu dans Acts CSV
54543;30546;JJ171;101;FOLIO vide ou non reconnu dans Acts CSV
54544;30547;JJ171;102;FOLIO vide ou non reconnu dans Acts CSV
54545;30547;JJ171;102;FOLIO vide ou non reconnu dans Acts CSV
54546;30548;JJ171;103;FOLIO vide ou non reconnu dans Acts CSV
54547;30548;JJ171;103;FOLIO vide ou non reconnu dans Acts CSV
54548;30549;JJ171;104;FOLIO vide ou non reconnu dans Acts CSV
54549;30549;JJ171;104;FOLIO vide ou non reconnu dans Acts CSV
54550;30549;JJ171;104;FOLIO vide ou non reconnu dans Acts CSV
54551;30550;JJ171;105;FOLIO vide ou non reconnu dans Acts CSV
54552;30551;JJ171;106;FOLIO vide ou non reconnu dans Acts CSV
54553;30551;JJ171;106;FOLIO vide ou non reconnu dans Acts CSV
54554;30552;JJ171;107;FOLIO vide ou non reconnu dans Acts CSV
54555;30552;JJ171;107;FOLIO vide ou non reconnu dans Acts CSV
54556;30553;JJ171;108;
54557;30553;JJ171;108;
54558;30554;JJ171;109;FOLIO vide ou non reconnu dans Acts CSV
54559;30554;JJ171;109;FOLIO vide ou non reconnu dans Acts CSV
54560;30555;JJ171;110;FOLIO vide ou non reconnu dans Acts CSV
54561;30556;JJ171;111;FOLIO vide ou non reconnu dans Acts CSV
54562;30557;JJ171;112;FOLIO vide ou non reconnu dans Acts CSV
54563;30557;JJ171;112;FOLIO vide ou non reconnu dans Acts CSV
54564;30558;JJ171;113;FOLIO vide ou non reconnu dans Acts CSV
54565;30558;JJ171;113;FOLIO vide ou non reconnu dans Acts CSV
54566;30559;JJ171;114;FOLIO vide ou non reconnu dans Acts CSV
54567;30559;JJ171;114;FOLIO vide ou non reconnu dans Acts CSV
54568;30560;JJ171;115;FOLIO vide ou non reconnu dans Acts CSV
54569;30560;JJ171;115;FOLIO vide ou non reconnu dans Acts CSV
54570;30561;JJ171;116;FOLIO vide ou non reconnu dans Acts CSV
54571;30561;JJ171;116;FOLIO vide ou non reconnu dans Acts CSV
54572;30562;JJ171;117;FOLIO vide ou non reconnu dans Acts CSV
54573;30562;JJ171;117;FOLIO vide ou non reconnu dans Acts CSV
54574;30563;JJ171;118;FOLIO vide ou non reconnu dans Acts CSV
54575;30563;JJ171;118;FOLIO vide ou non reconnu dans Acts CSV
54576;30564;JJ171;119;FOLIO vide ou non reconnu dans Acts CSV
54577;30564;JJ171;119;FOLIO vide ou non reconnu dans Acts CSV
54578;30565;JJ171;120;FOLIO vide ou non reconnu dans Acts CSV
54579;30565;JJ171;120;FOLIO vide ou non reconnu dans Acts CSV
54580;30566;JJ171;121;FOLIO vide ou non reconnu dans Acts CSV
54581;30566;JJ171;121;FOLIO vide ou non reconnu dans Acts CSV
54582;30567;JJ171;122;FOLIO vide ou non reconnu dans Acts CSV
54583;30567;JJ171;122;FOLIO vide ou non reconnu dans Acts CSV
54584;30567;JJ171;122;FOLIO vide ou non reconnu dans Acts CSV
54585;30568;JJ171;123;FOLIO vide ou non reconnu dans Acts CSV
54586;30568;JJ171;123;FOLIO vide ou non reconnu dans Acts CSV
54587;30569;JJ171;124;FOLIO vide ou non reconnu dans Acts CSV
54588;30569;JJ171;124;FOLIO vide ou non reconnu dans Acts CSV
54589;30570;JJ171;125;FOLIO vide ou non reconnu dans Acts CSV
54590;30570;JJ171;125;FOLIO vide ou non reconnu dans Acts CSV
54591;30571;JJ171;126;FOLIO vide ou non reconnu dans Acts CSV
54592;30571;JJ171;126;FOLIO vide ou non reconnu dans Acts CSV
54593;30571;JJ171;126;FOLIO vide ou non reconnu dans Acts CSV
54594;30571;JJ171;126;FOLIO vide ou non reconnu dans Acts CSV
54595;30571;JJ171;126;FOLIO vide ou non reconnu dans Acts CSV
54596;30572;JJ171;127;FOLIO vide ou non reconnu dans Acts CSV
54597;30572;JJ171;127;FOLIO vide ou non reconnu dans Acts CSV
54598;30573;JJ171;128;FOLIO vide ou non reconnu dans Acts CSV
54599;30573;JJ171;128;FOLIO vide ou non reconnu dans Acts CSV
54600;30574;JJ171;129;FOLIO vide ou non reconnu dans Acts CSV
54601;30574;JJ171;129;FOLIO vide ou non reconnu dans Acts CSV
54602;30574;JJ171;129;FOLIO vide ou non reconnu dans Acts CSV
54603;30575;JJ171;130;FOLIO vide ou non reconnu dans Acts CSV
54604;30575;JJ171;130;FOLIO vide ou non reconnu dans Acts CSV
54605;30576;JJ171;131;FOLIO vide ou non reconnu dans Acts CSV
54606;30577;JJ171;132;FOLIO vide ou non reconnu dans Acts CSV
54607;30577;JJ171;132;FOLIO vide ou non reconnu dans Acts CSV
54608;30578;JJ171;133;FOLIO vide ou non reconnu dans Acts CSV
54609;30578;JJ171;133;FOLIO vide ou non reconnu dans Acts CSV
54610;30578;JJ171;133;FOLIO vide ou non reconnu dans Acts CSV
54611;30579;JJ171;134;FOLIO vide ou non reconnu dans Acts CSV
54612;30579;JJ171;134;FOLIO vide ou non reconnu dans Acts CSV
54613;30580;JJ171;135;FOLIO vide ou non reconnu dans Acts CSV
54614;30580;JJ171;135;FOLIO vide ou non reconnu dans Acts CSV
54615;30581;JJ171;136;FOLIO vide ou non reconnu dans Acts CSV
54616;30581;JJ171;136;FOLIO vide ou non reconnu dans Acts CSV
54617;30581;JJ171;136;FOLIO vide ou non reconnu dans Acts CSV
54618;30582;JJ171;137;FOLIO vide ou non reconnu dans Acts CSV
54619;30582;JJ171;137;FOLIO vide ou non reconnu dans Acts CSV
54620;30583;JJ171;138;FOLIO vide ou non reconnu dans Acts CSV
54621;30583;JJ171;138;FOLIO vide ou non reconnu dans Acts CSV
54622;30584;JJ171;139;FOLIO vide ou non reconnu dans Acts CSV
54623;30584;JJ171;139;FOLIO vide ou non reconnu dans Acts CSV
54624;30585;JJ171;140;FOLIO vide ou non reconnu dans Acts CSV
54625;30585;JJ171;140;FOLIO vide ou non reconnu dans Acts CSV
54626;30586;JJ171;141;FOLIO vide ou non reconnu dans Acts CSV
54627;30586;JJ171;141;FOLIO vide ou non reconnu dans Acts CSV
54628;30587;JJ171;142;FOLIO vide ou non reconnu dans Acts CSV
54629;30588;JJ171;143;FOLIO vide ou non reconnu dans Acts CSV
54630;30588;JJ171;143;FOLIO vide ou non reconnu dans Acts CSV
54631;30589;JJ171;144;FOLIO vide ou non reconnu dans Acts CSV
54632;30589;JJ171;144;FOLIO vide ou non reconnu dans Acts CSV
54633;30589;JJ171;144;FOLIO vide ou non reconnu dans Acts CSV
54634;30590;JJ171;145;FOLIO vide ou non reconnu dans Acts CSV
54635;30590;JJ171;145;FOLIO vide ou non reconnu dans Acts CSV
54636;30591;JJ171;146;FOLIO vide ou non reconnu dans Acts CSV
54637;30591;JJ171;146;FOLIO vide ou non reconnu dans Acts CSV
54638;30592;JJ171;147;FOLIO vide ou non reconnu dans Acts CSV
54639;30592;JJ171;147;FOLIO vide ou non reconnu dans Acts CSV
54640;30593;JJ171;148;FOLIO vide ou non reconnu dans Acts CSV
54641;30593;JJ171;148;FOLIO vide ou non reconnu dans Acts CSV
54642;30594;JJ171;149;FOLIO vide ou non reconnu dans Acts CSV
54643;30594;JJ171;149;FOLIO vide ou non reconnu dans Acts CSV
54644;30595;JJ171;150;FOLIO vide ou non reconnu dans Acts CSV
54645;30595;JJ171;150;FOLIO vide ou non reconnu dans Acts CSV
54646;30595;JJ171;150;FOLIO vide ou non reconnu dans Acts CSV
54647;30595;JJ171;150;FOLIO vide ou non reconnu dans Acts CSV
54648;30596;JJ171;151;FOLIO vide ou non reconnu dans Acts CSV
54649;30597;JJ171;152;FOLIO vide ou non reconnu dans Acts CSV
54650;30597;JJ171;152;FOLIO vide ou non reconnu dans Acts CSV
54651;30598;JJ171;153;FOLIO vide ou non reconnu dans Acts CSV
54652;30599;JJ171;154;
54653;30599;JJ171;154;
54654;30600;JJ171;155;
54655;30601;JJ171;156;FOLIO vide ou non reconnu dans Acts CSV
54656;30602;JJ171;157;FOLIO vide ou non reconnu dans Acts CSV
54657;30602;JJ171;157;FOLIO vide ou non reconnu dans Acts CSV
54658;30603;JJ171;158;FOLIO vide ou non reconnu dans Acts CSV
54659;30604;JJ171;159;FOLIO vide ou non reconnu dans Acts CSV
54660;30604;JJ171;159;FOLIO vide ou non reconnu dans Acts CSV
54661;30605;JJ171;160;FOLIO vide ou non reconnu dans Acts CSV
54662;30605;JJ171;160;FOLIO vide ou non reconnu dans Acts CSV
54663;30606;JJ171;161;FOLIO vide ou non reconnu dans Acts CSV
54664;30606;JJ171;161;FOLIO vide ou non reconnu dans Acts CSV
54665;30607;JJ171;162;FOLIO vide ou non reconnu dans Acts CSV
54666;30607;JJ171;162;FOLIO vide ou non reconnu dans Acts CSV
54667;30608;JJ171;163;FOLIO vide ou non reconnu dans Acts CSV
54668;30608;JJ171;163;FOLIO vide ou non reconnu dans Acts CSV
54669;30609;JJ171;164;FOLIO vide ou non reconnu dans Acts CSV
54670;30610;JJ171;164bis;
54671;30610;JJ171;164bis;
54672;30611;JJ171;165;
54673;30612;JJ171;166;
54674;30612;JJ171;166;
54675;30613;JJ171;167;
54676;30613,1;JJ171;167bis;FOLIO vide ou non reconnu dans Acts CSV
54677;30614;JJ171;168;FOLIO vide ou non reconnu dans Acts CSV
54678;30614;JJ171;168;FOLIO vide ou non reconnu dans Acts CSV
54679;30615;JJ171;169;FOLIO vide ou non reconnu dans Acts CSV
54680;30616;JJ171;170;FOLIO vide ou non reconnu dans Acts CSV
54681;30617;JJ171;171;FOLIO vide ou non reconnu dans Acts CSV
54682;30617;JJ171;171;FOLIO vide ou non reconnu dans Acts CSV
54683;30618;JJ171;172;FOLIO vide ou non reconnu dans Acts CSV
54684;30618;JJ171;172;FOLIO vide ou non reconnu dans Acts CSV
54685;30619;JJ171;173;FOLIO vide ou non reconnu dans Acts CSV
54686;30620;JJ171;174;
54687;30621;JJ171;175;FOLIO vide ou non reconnu dans Acts CSV
54688;30622;JJ171;176;FOLIO vide ou non reconnu dans Acts CSV
54689;30623;JJ171;177;FOLIO vide ou non reconnu dans Acts CSV
54690;30624;JJ171;178;FOLIO vide ou non reconnu dans Acts CSV
54691;30624;JJ171;178;FOLIO vide ou non reconnu dans Acts CSV
54692;30625;JJ171;179;FOLIO vide ou non reconnu dans Acts CSV
54693;30625;JJ171;179;FOLIO vide ou non reconnu dans Acts CSV
54694;30626;JJ171;180;FOLIO vide ou non reconnu dans Acts CSV
54695;30626;JJ171;180;FOLIO vide ou non reconnu dans Acts CSV
54696;30627;JJ171;181;FOLIO vide ou non reconnu dans Acts CSV
54697;30627;JJ171;181;FOLIO vide ou non reconnu dans Acts CSV
54698;30628;JJ171;182;FOLIO vide ou non reconnu dans Acts CSV
54699;30628;JJ171;182;FOLIO vide ou non reconnu dans Acts CSV
54700;30629;JJ171;183;FOLIO vide ou non reconnu dans Acts CSV
54701;30630;JJ171;184;FOLIO vide ou non reconnu dans Acts CSV
54702;30630;JJ171;184;FOLIO vide ou non reconnu dans Acts CSV
54703;30631;JJ171;185;FOLIO vide ou non reconnu dans Acts CSV
54704;30631;JJ171;185;FOLIO vide ou non reconnu dans Acts CSV
54705;30631;JJ171;185;FOLIO vide ou non reconnu dans Acts CSV
54706;30632;JJ171;186;FOLIO vide ou non reconnu dans Acts CSV
54707;30633;JJ171;187;FOLIO vide ou non reconnu dans Acts CSV
54708;30634;JJ171;188;FOLIO vide ou non reconnu dans Acts CSV
54709;30635;JJ171;189;FOLIO vide ou non reconnu dans Acts CSV
54710;30636;JJ171;190;FOLIO vide ou non reconnu dans Acts CSV
54711;30637;JJ171;191;FOLIO vide ou non reconnu dans Acts CSV
54712;30638;JJ171;192;FOLIO vide ou non reconnu dans Acts CSV
54713;30639;JJ171;193;FOLIO vide ou non reconnu dans Acts CSV
54714;30640;JJ171;194;FOLIO vide ou non reconnu dans Acts CSV
54715;30641;JJ171;195;FOLIO vide ou non reconnu dans Acts CSV
54716;30642;JJ171;196;FOLIO vide ou non reconnu dans Acts CSV
54717;30642;JJ171;196;FOLIO vide ou non reconnu dans Acts CSV
54718;30643;JJ171;197;FOLIO vide ou non reconnu dans Acts CSV
54719;30643;JJ171;197;FOLIO vide ou non reconnu dans Acts CSV
54720;30644;JJ171;198;FOLIO vide ou non reconnu dans Acts CSV
54721;30644;JJ171;198;FOLIO vide ou non reconnu dans Acts CSV
54722;30644;JJ171;198;FOLIO vide ou non reconnu dans Acts CSV
54723;30645;JJ171;199;FOLIO vide ou non reconnu dans Acts CSV
54724;30646;JJ171;200;FOLIO vide ou non reconnu dans Acts CSV
54725;30646;JJ171;200;FOLIO vide ou non reconnu dans Acts CSV
54726;30647;JJ171;201;FOLIO vide ou non reconnu dans Acts CSV
54727;30647;JJ171;201;FOLIO vide ou non reconnu dans Acts CSV
54728;30648;JJ171;202;FOLIO vide ou non reconnu dans Acts CSV
54729;30648;JJ171;202;FOLIO vide ou non reconnu dans Acts CSV
54730;30649;JJ171;203;FOLIO vide ou non reconnu dans Acts CSV
54731;30649;JJ171;203;FOLIO vide ou non reconnu dans Acts CSV
54732;30650;JJ171;204;FOLIO vide ou non reconnu dans Acts CSV
54733;30650;JJ171;204;FOLIO vide ou non reconnu dans Acts CSV
54734;30651;JJ171;205;FOLIO vide ou non reconnu dans Acts CSV
54735;30651;JJ171;205;FOLIO vide ou non reconnu dans Acts CSV
54736;30652;JJ171;206;FOLIO vide ou non reconnu dans Acts CSV
54737;30652;JJ171;206;FOLIO vide ou non reconnu dans Acts CSV
54738;30653;JJ171;207;FOLIO vide ou non reconnu dans Acts CSV
54739;30653;JJ171;207;FOLIO vide ou non reconnu dans Acts CSV
54740;30654;JJ171;208;FOLIO vide ou non reconnu dans Acts CSV
54741;30654;JJ171;208;FOLIO vide ou non reconnu dans Acts CSV
54742;30655;JJ171;209;FOLIO vide ou non reconnu dans Acts CSV
54743;30655;JJ171;209;FOLIO vide ou non reconnu dans Acts CSV
54744;30655;JJ171;209;FOLIO vide ou non reconnu dans Acts CSV
54745;30655;JJ171;209;FOLIO vide ou non reconnu dans Acts CSV
54746;30656;JJ171;210;FOLIO vide ou non reconnu dans Acts CSV
54747;30657;JJ171;211;FOLIO vide ou non reconnu dans Acts CSV
54748;30657;JJ171;211;FOLIO vide ou non reconnu dans Acts CSV
54749;30658;JJ171;212;FOLIO vide ou non reconnu dans Acts CSV
54750;30658;JJ171;212;FOLIO vide ou non reconnu dans Acts CSV
54751;30659;JJ171;213;FOLIO vide ou non reconnu dans Acts CSV
54752;30659;JJ171;213;FOLIO vide ou non reconnu dans Acts CSV
54753;30660;JJ171;214;FOLIO vide ou non reconnu dans Acts CSV
54754;30660;JJ171;214;FOLIO vide ou non reconnu dans Acts CSV
54755;30660;JJ171;214;FOLIO vide ou non reconnu dans Acts CSV
54756;30661;JJ171;215;FOLIO vide ou non reconnu dans Acts CSV
54757;30661;JJ171;215;FOLIO vide ou non reconnu dans Acts CSV
54758;30662;JJ171;216;FOLIO vide ou non reconnu dans Acts CSV
54759;30662;JJ171;216;FOLIO vide ou non reconnu dans Acts CSV
54760;30663;JJ171;217;FOLIO vide ou non reconnu dans Acts CSV
54761;30663;JJ171;217;FOLIO vide ou non reconnu dans Acts CSV
54762;30663;JJ171;217;FOLIO vide ou non reconnu dans Acts CSV
54763;30664;JJ171;218;FOLIO vide ou non reconnu dans Acts CSV
54764;30664;JJ171;218;FOLIO vide ou non reconnu dans Acts CSV
54765;30665;JJ171;219;FOLIO vide ou non reconnu dans Acts CSV
54766;30665;JJ171;219;FOLIO vide ou non reconnu dans Acts CSV
54767;30666;JJ171;220;FOLIO vide ou non reconnu dans Acts CSV
54768;30666;JJ171;220;FOLIO vide ou non reconnu dans Acts CSV
54769;30667;JJ171;221;FOLIO vide ou non reconnu dans Acts CSV
54770;30667;JJ171;221;FOLIO vide ou non reconnu dans Acts CSV
54771;30667;JJ171;221;FOLIO vide ou non reconnu dans Acts CSV
54772;30668;JJ171;222;FOLIO vide ou non reconnu dans Acts CSV
54773;30668;JJ171;222;FOLIO vide ou non reconnu dans Acts CSV
54774;30669;JJ171;223;FOLIO vide ou non reconnu dans Acts CSV
54775;30669;JJ171;223;FOLIO vide ou non reconnu dans Acts CSV
54776;30670;JJ171;224;FOLIO vide ou non reconnu dans Acts CSV
54777;30670;JJ171;224;FOLIO vide ou non reconnu dans Acts CSV
54778;30671;JJ171;225;FOLIO vide ou non reconnu dans Acts CSV
54779;30671;JJ171;225;FOLIO vide ou non reconnu dans Acts CSV
54780;30672;JJ171;226;FOLIO vide ou non reconnu dans Acts CSV
54781;30672;JJ171;226;FOLIO vide ou non reconnu dans Acts CSV
54782;30672;JJ171;226;FOLIO vide ou non reconnu dans Acts CSV
54783;30673;JJ171;227;FOLIO vide ou non reconnu dans Acts CSV
54784;30673;JJ171;227;FOLIO vide ou non reconnu dans Acts CSV
54785;30674;JJ171;228;FOLIO vide ou non reconnu dans Acts CSV
54786;30674;JJ171;228;FOLIO vide ou non reconnu dans Acts CSV
54787;30675;JJ171;229;FOLIO vide ou non reconnu dans Acts CSV
54788;30675;JJ171;229;FOLIO vide ou non reconnu dans Acts CSV
54789;30676;JJ171;230;FOLIO vide ou non reconnu dans Acts CSV
54790;30676;JJ171;230;FOLIO vide ou non reconnu dans Acts CSV
54791;30676;JJ171;230;FOLIO vide ou non reconnu dans Acts CSV
54792;30677;JJ171;231;FOLIO vide ou non reconnu dans Acts CSV
54793;30677;JJ171;231;FOLIO vide ou non reconnu dans Acts CSV
54794;30678;JJ171;232;FOLIO vide ou non reconnu dans Acts CSV
54795;30678;JJ171;232;FOLIO vide ou non reconnu dans Acts CSV
54796;30679;JJ171;233;FOLIO vide ou non reconnu dans Acts CSV
54797;30679;JJ171;233;FOLIO vide ou non reconnu dans Acts CSV
54798;30680;JJ171;234;FOLIO vide ou non reconnu dans Acts CSV
54799;30680;JJ171;234;FOLIO vide ou non reconnu dans Acts CSV
54800;30681;JJ171;235;FOLIO vide ou non reconnu dans Acts CSV
54801;30681;JJ171;235;FOLIO vide ou non reconnu dans Acts CSV
54802;30682;JJ171;236;FOLIO vide ou non reconnu dans Acts CSV
54803;30682;JJ171;236;FOLIO vide ou non reconnu dans Acts CSV
54804;30683;JJ171;237;FOLIO vide ou non reconnu dans Acts CSV
54805;30683;JJ171;237;FOLIO vide ou non reconnu dans Acts CSV
54806;30684;JJ171;238;FOLIO vide ou non reconnu dans Acts CSV
54807;30684;JJ171;238;FOLIO vide ou non reconnu dans Acts CSV
54808;30685;JJ171;239;FOLIO vide ou non reconnu dans Acts CSV
54809;30685;JJ171;239;FOLIO vide ou non reconnu dans Acts CSV
54810;30685;JJ171;239;FOLIO vide ou non reconnu dans Acts CSV
54811;30686;JJ171;240;FOLIO vide ou non reconnu dans Acts CSV
54812;30687;JJ171;241;FOLIO vide ou non reconnu dans Acts CSV
54813;30688;JJ171;242;FOLIO vide ou non reconnu dans Acts CSV
54814;30688;JJ171;242;FOLIO vide ou non reconnu dans Acts CSV
54815;30689;JJ171;243;FOLIO vide ou non reconnu dans Acts CSV
54816;30689;JJ171;243;FOLIO vide ou non reconnu dans Acts CSV
54817;30690;JJ171;244;FOLIO vide ou non reconnu dans Acts CSV
54818;30690;JJ171;244;FOLIO vide ou non reconnu dans Acts CSV
54819;30691;JJ171;245;
54820;30691;JJ171;245;
54821;30692;JJ171;246;FOLIO vide ou non reconnu dans Acts CSV
54822;30692;JJ171;246;FOLIO vide ou non reconnu dans Acts CSV
54823;30693;JJ171;247;FOLIO vide ou non reconnu dans Acts CSV
54824;30693;JJ171;247;FOLIO vide ou non reconnu dans Acts CSV
54825;30694;JJ171;248;FOLIO vide ou non reconnu dans Acts CSV
54826;30694;JJ171;248;FOLIO vide ou non reconnu dans Acts CSV
54827;30695;JJ171;249;FOLIO vide ou non reconnu dans Acts CSV
54828;30695;JJ171;249;FOLIO vide ou non reconnu dans Acts CSV
54829;30696;JJ171;250;FOLIO vide ou non reconnu dans Acts CSV
54830;30696;JJ171;250;FOLIO vide ou non reconnu dans Acts CSV
54831;30696;JJ171;250;FOLIO vide ou non reconnu dans Acts CSV
54832;30697;JJ171;251;FOLIO vide ou non reconnu dans Acts CSV
54833;30697;JJ171;251;FOLIO vide ou non reconnu dans Acts CSV
54834;30698;JJ171;252;FOLIO vide ou non reconnu dans Acts CSV
54835;30698;JJ171;252;FOLIO vide ou non reconnu dans Acts CSV
54836;30699;JJ171;253;FOLIO vide ou non reconnu dans Acts CSV
54837;30699;JJ171;253;FOLIO vide ou non reconnu dans Acts CSV
54838;30699;JJ171;253;FOLIO vide ou non reconnu dans Acts CSV
54839;30700;JJ171;254;FOLIO vide ou non reconnu dans Acts CSV
54840;30700;JJ171;254;FOLIO vide ou non reconnu dans Acts CSV
54841;30701;JJ171;255;FOLIO vide ou non reconnu dans Acts CSV
54842;30701;JJ171;255;FOLIO vide ou non reconnu dans Acts CSV
54843;30702;JJ171;256;FOLIO vide ou non reconnu dans Acts CSV
54844;30702;JJ171;256;FOLIO vide ou non reconnu dans Acts CSV
54845;30703;JJ171;257;FOLIO vide ou non reconnu dans Acts CSV
54846;30703;JJ171;257;FOLIO vide ou non reconnu dans Acts CSV
54847;30704;JJ171;258;FOLIO vide ou non reconnu dans Acts CSV
54848;30704;JJ171;258;FOLIO vide ou non reconnu dans Acts CSV
54849;30705;JJ171;259;FOLIO vide ou non reconnu dans Acts CSV
54850;30705;JJ171;259;FOLIO vide ou non reconnu dans Acts CSV
54851;30705;JJ171;259;FOLIO vide ou non reconnu dans Acts CSV
54852;30706;JJ171;260;FOLIO vide ou non reconnu dans Acts CSV
54853;30706;JJ171;260;FOLIO vide ou non reconnu dans Acts CSV
54854;30707;JJ171;261;FOLIO vide ou non reconnu dans Acts CSV
54855;30707;JJ171;261;FOLIO vide ou non reconnu dans Acts CSV
54856;30708;JJ171;262;FOLIO vide ou non reconnu dans Acts CSV
54857;30708;JJ171;262;FOLIO vide ou non reconnu dans Acts CSV
54858;30709;JJ171;263;FOLIO vide ou non reconnu dans Acts CSV
54859;30709;JJ171;263;FOLIO vide ou non reconnu dans Acts CSV
54860;30710;JJ171;264;FOLIO vide ou non reconnu dans Acts CSV
54861;30710;JJ171;264;FOLIO vide ou non reconnu dans Acts CSV
54862;30711;JJ171;265;FOLIO vide ou non reconnu dans Acts CSV
54863;30711;JJ171;265;FOLIO vide ou non reconnu dans Acts CSV
54864;30712;JJ171;266;FOLIO vide ou non reconnu dans Acts CSV
54865;30712;JJ171;266;FOLIO vide ou non reconnu dans Acts CSV
54866;30713;JJ171;267;FOLIO vide ou non reconnu dans Acts CSV
54867;30713;JJ171;267;FOLIO vide ou non reconnu dans Acts CSV
54868;30714;JJ171;268;FOLIO vide ou non reconnu dans Acts CSV
54869;30714;JJ171;268;FOLIO vide ou non reconnu dans Acts CSV
54870;30715;JJ171;269;FOLIO vide ou non reconnu dans Acts CSV
54871;30715;JJ171;269;FOLIO vide ou non reconnu dans Acts CSV
54872;30716;JJ171;270;FOLIO vide ou non reconnu dans Acts CSV
54873;30716;JJ171;270;FOLIO vide ou non reconnu dans Acts CSV
54874;30717;JJ171;271;FOLIO vide ou non reconnu dans Acts CSV
54875;30717;JJ171;271;FOLIO vide ou non reconnu dans Acts CSV
54876;30718;JJ171;272;FOLIO vide ou non reconnu dans Acts CSV
54877;30718;JJ171;272;FOLIO vide ou non reconnu dans Acts CSV
54878;30719;JJ171;273;FOLIO vide ou non reconnu dans Acts CSV
54879;30719;JJ171;273;FOLIO vide ou non reconnu dans Acts CSV
54880;30720;JJ171;274;FOLIO vide ou non reconnu dans Acts CSV
54881;30720;JJ171;274;FOLIO vide ou non reconnu dans Acts CSV
54882;30721;JJ171;275;FOLIO vide ou non reconnu dans Acts CSV
54883;30721;JJ171;275;FOLIO vide ou non reconnu dans Acts CSV
54884;30722;JJ171;276;
54885;30722;JJ171;276;
54886;30723;JJ171;277;FOLIO vide ou non reconnu dans Acts CSV
54887;30723;JJ171;277;FOLIO vide ou non reconnu dans Acts CSV
54888;30724;JJ171;278;FOLIO vide ou non reconnu dans Acts CSV
54889;30724;JJ171;278;FOLIO vide ou non reconnu dans Acts CSV
54890;30724;JJ171;278;FOLIO vide ou non reconnu dans Acts CSV
54891;30724;JJ171;278;FOLIO vide ou non reconnu dans Acts CSV
54892;30725;JJ171;279;FOLIO vide ou non reconnu dans Acts CSV
54893;30725;JJ171;279;FOLIO vide ou non reconnu dans Acts CSV
54894;30725;JJ171;279;FOLIO vide ou non reconnu dans Acts CSV
54895;30726;JJ171;280;FOLIO vide ou non reconnu dans Acts CSV
54896;30726;JJ171;280;FOLIO vide ou non reconnu dans Acts CSV
54897;30726;JJ171;280;FOLIO vide ou non reconnu dans Acts CSV
54898;30726;JJ171;280;FOLIO vide ou non reconnu dans Acts CSV
54899;30727;JJ171;281;FOLIO vide ou non reconnu dans Acts CSV
54900;30727;JJ171;281;FOLIO vide ou non reconnu dans Acts CSV
54901;30728;JJ171;282;FOLIO vide ou non reconnu dans Acts CSV
54902;30728;JJ171;282;FOLIO vide ou non reconnu dans Acts CSV
54903;30728;JJ171;282;FOLIO vide ou non reconnu dans Acts CSV
54904;30729;JJ171;283;FOLIO vide ou non reconnu dans Acts CSV
54905;30729;JJ171;283;FOLIO vide ou non reconnu dans Acts CSV
54906;30730;JJ171;284;FOLIO vide ou non reconnu dans Acts CSV
54907;30730;JJ171;284;FOLIO vide ou non reconnu dans Acts CSV
54908;30731;JJ171;285;FOLIO vide ou non reconnu dans Acts CSV
54909;30731;JJ171;285;FOLIO vide ou non reconnu dans Acts CSV
54910;30732;JJ171;286;FOLIO vide ou non reconnu dans Acts CSV
54911;30732;JJ171;286;FOLIO vide ou non reconnu dans Acts CSV
54912;30733;JJ171;287;FOLIO vide ou non reconnu dans Acts CSV
54913;30733;JJ171;287;FOLIO vide ou non reconnu dans Acts CSV
54914;30734;JJ171;288;FOLIO vide ou non reconnu dans Acts CSV
54915;30734;JJ171;288;FOLIO vide ou non reconnu dans Acts CSV
54916;30735;JJ171;289;FOLIO vide ou non reconnu dans Acts CSV
54917;30735;JJ171;289;FOLIO vide ou non reconnu dans Acts CSV
54918;30736;JJ171;290;FOLIO vide ou non reconnu dans Acts CSV
54919;30736;JJ171;290;FOLIO vide ou non reconnu dans Acts CSV
54920;30736;JJ171;290;FOLIO vide ou non reconnu dans Acts CSV
54921;30737;JJ171;291;
54922;30737;JJ171;291;
54923;30738;JJ171;292;
54924;30738;JJ171;292;
54925;30738;JJ171;292;
54926;30739;JJ171;293;FOLIO vide ou non reconnu dans Acts CSV
54927;30739;JJ171;293;FOLIO vide ou non reconnu dans Acts CSV
54928;30740;JJ171;294;FOLIO vide ou non reconnu dans Acts CSV
54929;30740;JJ171;294;FOLIO vide ou non reconnu dans Acts CSV
54930;30741;JJ171;295;FOLIO vide ou non reconnu dans Acts CSV
54931;30741;JJ171;295;FOLIO vide ou non reconnu dans Acts CSV
54932;30742;JJ171;296;FOLIO vide ou non reconnu dans Acts CSV
54933;30742;JJ171;296;FOLIO vide ou non reconnu dans Acts CSV
54934;30743;JJ171;297;FOLIO vide ou non reconnu dans Acts CSV
54935;30743;JJ171;297;FOLIO vide ou non reconnu dans Acts CSV
54936;30744;JJ171;298;FOLIO vide ou non reconnu dans Acts CSV
54937;30745;JJ171;299;FOLIO vide ou non reconnu dans Acts CSV
54938;30745;JJ171;299;FOLIO vide ou non reconnu dans Acts CSV
54939;30746;JJ171;300;FOLIO vide ou non reconnu dans Acts CSV
54940;30746;JJ171;300;FOLIO vide ou non reconnu dans Acts CSV
54941;30746;JJ171;300;FOLIO vide ou non reconnu dans Acts CSV
54942;30747;JJ171;301;FOLIO vide ou non reconnu dans Acts CSV
54943;30747;JJ171;301;FOLIO vide ou non reconnu dans Acts CSV
54944;30747;JJ171;301;FOLIO vide ou non reconnu dans Acts CSV
54945;30748;JJ171;302;FOLIO vide ou non reconnu dans Acts CSV
54946;30748;JJ171;302;FOLIO vide ou non reconnu dans Acts CSV
54947;30749;JJ171;303;FOLIO vide ou non reconnu dans Acts CSV
54948;30749;JJ171;303;FOLIO vide ou non reconnu dans Acts CSV
54949;30749;JJ171;303;FOLIO vide ou non reconnu dans Acts CSV
54950;30750;JJ171;304;FOLIO vide ou non reconnu dans Acts CSV
54951;30750;JJ171;304;FOLIO vide ou non reconnu dans Acts CSV
54952;30751;JJ171;305;FOLIO vide ou non reconnu dans Acts CSV
54953;30751;JJ171;305;FOLIO vide ou non reconnu dans Acts CSV
54954;30752;JJ171;306;FOLIO vide ou non reconnu dans Acts CSV
54955;30753;JJ171;307;
54956;30754;JJ171;308;FOLIO vide ou non reconnu dans Acts CSV
54957;30754;JJ171;308;FOLIO vide ou non reconnu dans Acts CSV
54958;30755;JJ171;309;FOLIO vide ou non reconnu dans Acts CSV
54959;30755;JJ171;309;FOLIO vide ou non reconnu dans Acts CSV
54960;30755;JJ171;309;FOLIO vide ou non reconnu dans Acts CSV
54961;30756;JJ171;310;FOLIO vide ou non reconnu dans Acts CSV
54962;30756;JJ171;310;FOLIO vide ou non reconnu dans Acts CSV
54963;30757;JJ171;311;FOLIO vide ou non reconnu dans Acts CSV
54964;30757;JJ171;311;FOLIO vide ou non reconnu dans Acts CSV
54965;30758;JJ171;312;FOLIO vide ou non reconnu dans Acts CSV
54966;30758;JJ171;312;FOLIO vide ou non reconnu dans Acts CSV
54967;30759;JJ171;313;FOLIO vide ou non reconnu dans Acts CSV
54968;30759;JJ171;313;FOLIO vide ou non reconnu dans Acts CSV
54969;30760;JJ171;314;FOLIO vide ou non reconnu dans Acts CSV
54970;30760;JJ171;314;FOLIO vide ou non reconnu dans Acts CSV
54971;30760;JJ171;314;FOLIO vide ou non reconnu dans Acts CSV
54972;30761;JJ171;315;FOLIO vide ou non reconnu dans Acts CSV
54973;30762;JJ171;316;FOLIO vide ou non reconnu dans Acts CSV
54974;30762;JJ171;316;FOLIO vide ou non reconnu dans Acts CSV
54975;30763;JJ171;317;FOLIO vide ou non reconnu dans Acts CSV
54976;30763;JJ171;317;FOLIO vide ou non reconnu dans Acts CSV
54977;30764;JJ171;318;FOLIO vide ou non reconnu dans Acts CSV
54978;30764;JJ171;318;FOLIO vide ou non reconnu dans Acts CSV
54979;30765;JJ171;319;
54980;30765;JJ171;319;
54981;30766;JJ171;320;FOLIO vide ou non reconnu dans Acts CSV
54982;30766;JJ171;320;FOLIO vide ou non reconnu dans Acts CSV
54983;30767;JJ171;321;FOLIO vide ou non reconnu dans Acts CSV
54984;30767;JJ171;321;FOLIO vide ou non reconnu dans Acts CSV
54985;30768;JJ171;322;FOLIO vide ou non reconnu dans Acts CSV
54986;30768;JJ171;322;FOLIO vide ou non reconnu dans Acts CSV
54987;30769;JJ171;323;FOLIO vide ou non reconnu dans Acts CSV
54988;30769;JJ171;323;FOLIO vide ou non reconnu dans Acts CSV
54989;30770;JJ171;324;FOLIO vide ou non reconnu dans Acts CSV
54990;30770;JJ171;324;FOLIO vide ou non reconnu dans Acts CSV
54991;30771;JJ171;325;FOLIO vide ou non reconnu dans Acts CSV
54992;30771;JJ171;325;FOLIO vide ou non reconnu dans Acts CSV
54993;30772;JJ171;326;FOLIO vide ou non reconnu dans Acts CSV
54994;30772;JJ171;326;FOLIO vide ou non reconnu dans Acts CSV
54995;30773;JJ171;327;FOLIO vide ou non reconnu dans Acts CSV
54996;30773;JJ171;327;FOLIO vide ou non reconnu dans Acts CSV
54997;30774;JJ171;328;FOLIO vide ou non reconnu dans Acts CSV
54998;30774;JJ171;328;FOLIO vide ou non reconnu dans Acts CSV
54999;30775;JJ171;329;FOLIO vide ou non reconnu dans Acts CSV
55000;30775;JJ171;329;FOLIO vide ou non reconnu dans Acts CSV
55001;30776;JJ171;330;FOLIO vide ou non reconnu dans Acts CSV
55002;30776;JJ171;330;FOLIO vide ou non reconnu dans Acts CSV
55003;30777;JJ171;331;
55004;30777;JJ171;331;
55005;30777;JJ171;331;
55006;30778;JJ171;332;FOLIO vide ou non reconnu dans Acts CSV
55007;30778;JJ171;332;FOLIO vide ou non reconnu dans Acts CSV
55008;30779;JJ171;333;
55009;30779;JJ171;333;
55010;30780;JJ171;334;FOLIO vide ou non reconnu dans Acts CSV
55011;30780;JJ171;334;FOLIO vide ou non reconnu dans Acts CSV
55012;30781;JJ171;335;FOLIO vide ou non reconnu dans Acts CSV
55013;30782;JJ171;336;FOLIO vide ou non reconnu dans Acts CSV
55014;30782;JJ171;336;FOLIO vide ou non reconnu dans Acts CSV
55015;30783;JJ171;337;FOLIO vide ou non reconnu dans Acts CSV
55016;30783;JJ171;337;FOLIO vide ou non reconnu dans Acts CSV
55017;30784;JJ171;338;FOLIO vide ou non reconnu dans Acts CSV
55018;30784;JJ171;338;FOLIO vide ou non reconnu dans Acts CSV
55019;30784;JJ171;338;FOLIO vide ou non reconnu dans Acts CSV
55020;30785;JJ171;339;FOLIO vide ou non reconnu dans Acts CSV
55021;30785;JJ171;339;FOLIO vide ou non reconnu dans Acts CSV
55022;30786;JJ171;340;FOLIO vide ou non reconnu dans Acts CSV
55023;30786;JJ171;340;FOLIO vide ou non reconnu dans Acts CSV
55024;30787;JJ171;341;FOLIO vide ou non reconnu dans Acts CSV
55025;30787;JJ171;341;FOLIO vide ou non reconnu dans Acts CSV
55026;30788;JJ171;342;FOLIO vide ou non reconnu dans Acts CSV
55027;30788;JJ171;342;FOLIO vide ou non reconnu dans Acts CSV
55028;30789;JJ171;343;FOLIO vide ou non reconnu dans Acts CSV
55029;30789;JJ171;343;FOLIO vide ou non reconnu dans Acts CSV
55030;30790;JJ171;344;FOLIO vide ou non reconnu dans Acts CSV
55031;30790;JJ171;344;FOLIO vide ou non reconnu dans Acts CSV
55032;30791;JJ171;345;FOLIO vide ou non reconnu dans Acts CSV
55033;30792;JJ171;346;FOLIO vide ou non reconnu dans Acts CSV
55034;30792;JJ171;346;FOLIO vide ou non reconnu dans Acts CSV
55035;30793;JJ171;347;FOLIO vide ou non reconnu dans Acts CSV
55036;30793;JJ171;347;FOLIO vide ou non reconnu dans Acts CSV
55037;30794;JJ171;348;FOLIO vide ou non reconnu dans Acts CSV
55038;30794;JJ171;348;FOLIO vide ou non reconnu dans Acts CSV
55039;30795;JJ171;349;FOLIO vide ou non reconnu dans Acts CSV
55040;30795;JJ171;349;FOLIO vide ou non reconnu dans Acts CSV
55041;30796;JJ171;350;FOLIO vide ou non reconnu dans Acts CSV
55042;30796;JJ171;350;FOLIO vide ou non reconnu dans Acts CSV
55043;30797;JJ171;351;FOLIO vide ou non reconnu dans Acts CSV
55044;30797;JJ171;351;FOLIO vide ou non reconnu dans Acts CSV
55045;30798;JJ171;352;FOLIO vide ou non reconnu dans Acts CSV
55046;30798;JJ171;352;FOLIO vide ou non reconnu dans Acts CSV
55047;30799;JJ171;353;FOLIO vide ou non reconnu dans Acts CSV
55048;30799;JJ171;353;FOLIO vide ou non reconnu dans Acts CSV
55049;30800;JJ171;354;FOLIO vide ou non reconnu dans Acts CSV
55050;30800;JJ171;354;FOLIO vide ou non reconnu dans Acts CSV
55051;30800;JJ171;354;FOLIO vide ou non reconnu dans Acts CSV
55052;30801;JJ171;355;FOLIO vide ou non reconnu dans Acts CSV
55053;30801;JJ171;355;FOLIO vide ou non reconnu dans Acts CSV
55054;30802;JJ171;356;FOLIO vide ou non reconnu dans Acts CSV
55055;30802;JJ171;356;FOLIO vide ou non reconnu dans Acts CSV
55056;30803;JJ171;357;FOLIO vide ou non reconnu dans Acts CSV
55057;30803;JJ171;357;FOLIO vide ou non reconnu dans Acts CSV
55058;30804;JJ171;358;FOLIO vide ou non reconnu dans Acts CSV
55059;30804;JJ171;358;FOLIO vide ou non reconnu dans Acts CSV
55060;30805;JJ171;359;FOLIO vide ou non reconnu dans Acts CSV
55061;30805;JJ171;359;FOLIO vide ou non reconnu dans Acts CSV
55062;30806;JJ171;360;FOLIO vide ou non reconnu dans Acts CSV
55063;30806;JJ171;360;FOLIO vide ou non reconnu dans Acts CSV
55064;30807;JJ171;361;FOLIO vide ou non reconnu dans Acts CSV
55065;30807;JJ171;361;FOLIO vide ou non reconnu dans Acts CSV
55066;30808;JJ171;362;FOLIO vide ou non reconnu dans Acts CSV
55067;30808;JJ171;362;FOLIO vide ou non reconnu dans Acts CSV
55068;30809;JJ171;363;FOLIO vide ou non reconnu dans Acts CSV
55069;30809;JJ171;363;FOLIO vide ou non reconnu dans Acts CSV
55070;30810;JJ171;364;FOLIO vide ou non reconnu dans Acts CSV
55071;30810;JJ171;364;FOLIO vide ou non reconnu dans Acts CSV
55072;30811;JJ171;365;
55073;30812;JJ171;366;
55074;30812;JJ171;366;
55075;30813;JJ171;367;FOLIO vide ou non reconnu dans Acts CSV
55076;30813;JJ171;367;FOLIO vide ou non reconnu dans Acts CSV
55077;30814;JJ171;368;FOLIO vide ou non reconnu dans Acts CSV
55078;30814;JJ171;368;FOLIO vide ou non reconnu dans Acts CSV
55079;30815;JJ171;369;FOLIO vide ou non reconnu dans Acts CSV
55080;30815;JJ171;369;FOLIO vide ou non reconnu dans Acts CSV
55081;30816;JJ171;370;FOLIO vide ou non reconnu dans Acts CSV
55082;30816;JJ171;370;FOLIO vide ou non reconnu dans Acts CSV
55083;30817;JJ171;371;FOLIO vide ou non reconnu dans Acts CSV
55084;30817;JJ171;371;FOLIO vide ou non reconnu dans Acts CSV
55085;30818;JJ171;372;FOLIO vide ou non reconnu dans Acts CSV
55086;30818;JJ171;372;FOLIO vide ou non reconnu dans Acts CSV
55087;30819;JJ171;373;FOLIO vide ou non reconnu dans Acts CSV
55088;30819;JJ171;373;FOLIO vide ou non reconnu dans Acts CSV
55089;30820;JJ171;374;FOLIO vide ou non reconnu dans Acts CSV
55090;30820;JJ171;374;FOLIO vide ou non reconnu dans Acts CSV
55091;30820;JJ171;374;FOLIO vide ou non reconnu dans Acts CSV
55092;30821;JJ171;375;FOLIO vide ou non reconnu dans Acts CSV
55093;30821;JJ171;375;FOLIO vide ou non reconnu dans Acts CSV
55094;30822;JJ171;376;FOLIO vide ou non reconnu dans Acts CSV
55095;30822;JJ171;376;FOLIO vide ou non reconnu dans Acts CSV
55096;30823;JJ171;377;FOLIO vide ou non reconnu dans Acts CSV
55097;30823;JJ171;377;FOLIO vide ou non reconnu dans Acts CSV
55098;30824;JJ171;378;FOLIO vide ou non reconnu dans Acts CSV
55099;30824;JJ171;378;FOLIO vide ou non reconnu dans Acts CSV
55100;30825;JJ171;379;FOLIO vide ou non reconnu dans Acts CSV
55101;30825;JJ171;379;FOLIO vide ou non reconnu dans Acts CSV
55102;30826;JJ171;380;FOLIO vide ou non reconnu dans Acts CSV
55103;30826;JJ171;380;FOLIO vide ou non reconnu dans Acts CSV
55104;30827;JJ171;381;FOLIO vide ou non reconnu dans Acts CSV
55105;30827;JJ171;381;FOLIO vide ou non reconnu dans Acts CSV
55106;30828;JJ171;382;FOLIO vide ou non reconnu dans Acts CSV
55107;30828;JJ171;382;FOLIO vide ou non reconnu dans Acts CSV
55108;30829;JJ171;383;FOLIO vide ou non reconnu dans Acts CSV
55109;30830;JJ171;384;FOLIO vide ou non reconnu dans Acts CSV
55110;30830;JJ171;384;FOLIO vide ou non reconnu dans Acts CSV
55111;30830;JJ171;384;FOLIO vide ou non reconnu dans Acts CSV
55112;30831;JJ171;385;FOLIO vide ou non reconnu dans Acts CSV
55113;30831;JJ171;385;FOLIO vide ou non reconnu dans Acts CSV
55114;30832;JJ171;386;FOLIO vide ou non reconnu dans Acts CSV
55115;30832;JJ171;386;FOLIO vide ou non reconnu dans Acts CSV
55116;30833;JJ171;387;FOLIO vide ou non reconnu dans Acts CSV
55117;30833;JJ171;387;FOLIO vide ou non reconnu dans Acts CSV
55118;30834;JJ171;388;FOLIO vide ou non reconnu dans Acts CSV
55119;30834;JJ171;388;FOLIO vide ou non reconnu dans Acts CSV
55120;30835;JJ171;389;FOLIO vide ou non reconnu dans Acts CSV
55121;30835;JJ171;389;FOLIO vide ou non reconnu dans Acts CSV
55122;30836;JJ171;390;FOLIO vide ou non reconnu dans Acts CSV
55123;30836;JJ171;390;FOLIO vide ou non reconnu dans Acts CSV
55124;30837;JJ171;391;FOLIO vide ou non reconnu dans Acts CSV
55125;30837;JJ171;391;FOLIO vide ou non reconnu dans Acts CSV
55126;30838;JJ171;392;FOLIO vide ou non reconnu dans Acts CSV
55127;30838;JJ171;392;FOLIO vide ou non reconnu dans Acts CSV
55128;30839;JJ171;393;FOLIO vide ou non reconnu dans Acts CSV
55129;30839;JJ171;393;FOLIO vide ou non reconnu dans Acts CSV
55130;30840;JJ171;394;FOLIO vide ou non reconnu dans Acts CSV
55131;30840;JJ171;394;FOLIO vide ou non reconnu dans Acts CSV
55132;30841;JJ171;395;
55133;30841;JJ171;395;
55134;30842;JJ171;396;FOLIO vide ou non reconnu dans Acts CSV
55135;30842;JJ171;396;FOLIO vide ou non reconnu dans Acts CSV
55136;30843;JJ171;397;FOLIO vide ou non reconnu dans Acts CSV
55137;30843;JJ171;397;FOLIO vide ou non reconnu dans Acts CSV
55138;30844;JJ171;398;FOLIO vide ou non reconnu dans Acts CSV
55139;30844;JJ171;398;FOLIO vide ou non reconnu dans Acts CSV
55140;30845;JJ171;399;FOLIO vide ou non reconnu dans Acts CSV
55141;30845;JJ171;399;FOLIO vide ou non reconnu dans Acts CSV
55142;30846;JJ171;400;FOLIO vide ou non reconnu dans Acts CSV
55143;30846;JJ171;400;FOLIO vide ou non reconnu dans Acts CSV
55144;30847;JJ171;401;FOLIO vide ou non reconnu dans Acts CSV
55145;30847;JJ171;401;FOLIO vide ou non reconnu dans Acts CSV
55146;30848;JJ171;402;FOLIO vide ou non reconnu dans Acts CSV
55147;30848;JJ171;402;FOLIO vide ou non reconnu dans Acts CSV
55148;30849;JJ171;403;FOLIO vide ou non reconnu dans Acts CSV
55149;30849;JJ171;403;FOLIO vide ou non reconnu dans Acts CSV
55150;30850;JJ171;404;FOLIO vide ou non reconnu dans Acts CSV
55151;30851;JJ171;405;FOLIO vide ou non reconnu dans Acts CSV
55152;30851;JJ171;405;FOLIO vide ou non reconnu dans Acts CSV
55153;30852;JJ171;406;FOLIO vide ou non reconnu dans Acts CSV
55154;30852;JJ171;406;FOLIO vide ou non reconnu dans Acts CSV
55155;30853;JJ171;407;FOLIO vide ou non reconnu dans Acts CSV
55156;30853;JJ171;407;FOLIO vide ou non reconnu dans Acts CSV
55157;30854;JJ171;408;FOLIO vide ou non reconnu dans Acts CSV
55158;30855;JJ171;409;FOLIO vide ou non reconnu dans Acts CSV
55159;30855;JJ171;409;FOLIO vide ou non reconnu dans Acts CSV
55160;30856;JJ171;410;FOLIO vide ou non reconnu dans Acts CSV
55161;30857;JJ171;411;FOLIO vide ou non reconnu dans Acts CSV
55162;30858;JJ171;412;FOLIO vide ou non reconnu dans Acts CSV
55163;30858;JJ171;412;FOLIO vide ou non reconnu dans Acts CSV
55164;30859;JJ171;413;FOLIO vide ou non reconnu dans Acts CSV
55165;30859;JJ171;413;FOLIO vide ou non reconnu dans Acts CSV
55166;30860;JJ171;414;FOLIO vide ou non reconnu dans Acts CSV
55167;30860;JJ171;414;FOLIO vide ou non reconnu dans Acts CSV
55168;30861;JJ171;415;FOLIO vide ou non reconnu dans Acts CSV
55169;30861;JJ171;415;FOLIO vide ou non reconnu dans Acts CSV
55170;30862;JJ171;416;FOLIO vide ou non reconnu dans Acts CSV
55171;30862;JJ171;416;FOLIO vide ou non reconnu dans Acts CSV
55172;30863;JJ171;417;FOLIO vide ou non reconnu dans Acts CSV
55173;30864;JJ171;418;FOLIO vide ou non reconnu dans Acts CSV
55174;30865;JJ171;419;FOLIO vide ou non reconnu dans Acts CSV
55175;30866;JJ171;420;FOLIO vide ou non reconnu dans Acts CSV
55176;30866;JJ171;420;FOLIO vide ou non reconnu dans Acts CSV
55177;30867;JJ171;421;FOLIO vide ou non reconnu dans Acts CSV
55178;30867;JJ171;421;FOLIO vide ou non reconnu dans Acts CSV
55179;30868;JJ171;422;FOLIO vide ou non reconnu dans Acts CSV
55180;30868;JJ171;422;FOLIO vide ou non reconnu dans Acts CSV
55181;30869;JJ171;423;FOLIO vide ou non reconnu dans Acts CSV
55182;30869;JJ171;423;FOLIO vide ou non reconnu dans Acts CSV
55183;30870;JJ171;424;FOLIO vide ou non reconnu dans Acts CSV
55184;30870;JJ171;424;FOLIO vide ou non reconnu dans Acts CSV
55185;30871;JJ171;425;FOLIO vide ou non reconnu dans Acts CSV
55186;30871;JJ171;425;FOLIO vide ou non reconnu dans Acts CSV
55187;30872;JJ171;426;FOLIO vide ou non reconnu dans Acts CSV
55188;30872;JJ171;426;FOLIO vide ou non reconnu dans Acts CSV
55189;30873;JJ171;427;FOLIO vide ou non reconnu dans Acts CSV
55190;30873;JJ171;427;FOLIO vide ou non reconnu dans Acts CSV
55191;30873;JJ171;427;FOLIO vide ou non reconnu dans Acts CSV
55192;30874;JJ171;428;FOLIO vide ou non reconnu dans Acts CSV
55193;30875;JJ171;429;FOLIO vide ou non reconnu dans Acts CSV
55194;30876;JJ171;429bis;FOLIO vide ou non reconnu dans Acts CSV
55195;30876;JJ171;429bis;FOLIO vide ou non reconnu dans Acts CSV
55196;30877;JJ171;430;FOLIO vide ou non reconnu dans Acts CSV
55197;30877;JJ171;430;FOLIO vide ou non reconnu dans Acts CSV
55198;30877,1;JJ171;430bis;
55199;30878;JJ171;431;
55200;30878;JJ171;431;
55201;30879;JJ171;432;FOLIO vide ou non reconnu dans Acts CSV
55202;30879;JJ171;432;FOLIO vide ou non reconnu dans Acts CSV
55203;30880;JJ171;433;FOLIO vide ou non reconnu dans Acts CSV
55204;30880;JJ171;433;FOLIO vide ou non reconnu dans Acts CSV
55205;30881;JJ171;434;FOLIO vide ou non reconnu dans Acts CSV
55206;30881;JJ171;434;FOLIO vide ou non reconnu dans Acts CSV
55207;30882;JJ171;435;FOLIO vide ou non reconnu dans Acts CSV
55208;30882;JJ171;435;FOLIO vide ou non reconnu dans Acts CSV
55209;30883;JJ171;436;
55210;30883;JJ171;436;
55211;30884;JJ171;437;FOLIO vide ou non reconnu dans Acts CSV
55212;30884;JJ171;437;FOLIO vide ou non reconnu dans Acts CSV
55213;30885;JJ171;438;FOLIO vide ou non reconnu dans Acts CSV
55214;30885;JJ171;438;FOLIO vide ou non reconnu dans Acts CSV
55215;30886;JJ171;439;FOLIO vide ou non reconnu dans Acts CSV
55216;30886;JJ171;439;FOLIO vide ou non reconnu dans Acts CSV
55217;30887;JJ171;440;FOLIO vide ou non reconnu dans Acts CSV
55218;30887;JJ171;440;FOLIO vide ou non reconnu dans Acts CSV
55219;30888;JJ171;441;
55220;30888;JJ171;441;
55221;30889;JJ171;442;
55222;30890;JJ171;443;
55223;30891;JJ171;444;
55224;30891;JJ171;444;
55225;30892;JJ171;445;
55226;30892;JJ171;445;
55227;30893;JJ171;446;
55228;30894;JJ171;447;
55229;30894;JJ171;447;
55230;30895;JJ171;448;
55231;30896;JJ171;449;
55232;30897;JJ171;450;
55233;30897;JJ171;450;
55234;30898;JJ171;451;FOLIO vide ou non reconnu dans Acts CSV
55235;30898;JJ171;451;FOLIO vide ou non reconnu dans Acts CSV
55236;30899;JJ171;452;FOLIO vide ou non reconnu dans Acts CSV
55237;30899;JJ171;452;FOLIO vide ou non reconnu dans Acts CSV
55238;30899;JJ171;452;FOLIO vide ou non reconnu dans Acts CSV
55239;30900;JJ171;453;FOLIO vide ou non reconnu dans Acts CSV
55240;30900;JJ171;453;FOLIO vide ou non reconnu dans Acts CSV
55241;30901;JJ171;454;FOLIO vide ou non reconnu dans Acts CSV
55242;30901;JJ171;454;FOLIO vide ou non reconnu dans Acts CSV
55243;30902;JJ171;455;FOLIO vide ou non reconnu dans Acts CSV
55244;30902;JJ171;455;FOLIO vide ou non reconnu dans Acts CSV
55245;30903;JJ171;456;FOLIO vide ou non reconnu dans Acts CSV
55246;30903;JJ171;456;FOLIO vide ou non reconnu dans Acts CSV
55247;30904;JJ171;457;FOLIO vide ou non reconnu dans Acts CSV
55248;30904;JJ171;457;FOLIO vide ou non reconnu dans Acts CSV
55249;30905;JJ171;458;FOLIO vide ou non reconnu dans Acts CSV
55250;30905;JJ171;458;FOLIO vide ou non reconnu dans Acts CSV
55251;30906;JJ171;459;FOLIO vide ou non reconnu dans Acts CSV
55252;30906;JJ171;459;FOLIO vide ou non reconnu dans Acts CSV
55253;30907;JJ171;460;FOLIO vide ou non reconnu dans Acts CSV
55254;30907;JJ171;460;FOLIO vide ou non reconnu dans Acts CSV
55255;30908;JJ171;461;FOLIO vide ou non reconnu dans Acts CSV
55256;30908;JJ171;461;FOLIO vide ou non reconnu dans Acts CSV
55257;30909;JJ171;462;FOLIO vide ou non reconnu dans Acts CSV
55258;30909;JJ171;462;FOLIO vide ou non reconnu dans Acts CSV
55259;30910;JJ171;463;FOLIO vide ou non reconnu dans Acts CSV
55260;30911;JJ171;464;FOLIO vide ou non reconnu dans Acts CSV
55261;30911;JJ171;464;FOLIO vide ou non reconnu dans Acts CSV
55262;30912;JJ171;465;FOLIO vide ou non reconnu dans Acts CSV
55263;30912;JJ171;465;FOLIO vide ou non reconnu dans Acts CSV
55264;30912;JJ171;465;FOLIO vide ou non reconnu dans Acts CSV
55265;30913;JJ171;466;FOLIO vide ou non reconnu dans Acts CSV
55266;30913;JJ171;466;FOLIO vide ou non reconnu dans Acts CSV
55267;30914;JJ171;467;FOLIO vide ou non reconnu dans Acts CSV
55268;30915;JJ171;468;FOLIO vide ou non reconnu dans Acts CSV
55269;30915;JJ171;468;FOLIO vide ou non reconnu dans Acts CSV
55270;30916;JJ171;469;FOLIO vide ou non reconnu dans Acts CSV
55271;30916;JJ171;469;FOLIO vide ou non reconnu dans Acts CSV
55272;30917;JJ171;470;FOLIO vide ou non reconnu dans Acts CSV
55273;30917;JJ171;470;FOLIO vide ou non reconnu dans Acts CSV
55274;30918;JJ171;471;FOLIO vide ou non reconnu dans Acts CSV
55275;30918;JJ171;471;FOLIO vide ou non reconnu dans Acts CSV
55276;30919;JJ171;472;FOLIO vide ou non reconnu dans Acts CSV
55277;30919;JJ171;472;FOLIO vide ou non reconnu dans Acts CSV
55278;30920;JJ171;473;FOLIO vide ou non reconnu dans Acts CSV
55279;30920;JJ171;473;FOLIO vide ou non reconnu dans Acts CSV
55280;30921;JJ171;474;FOLIO vide ou non reconnu dans Acts CSV
55281;30922;JJ171;475;FOLIO vide ou non reconnu dans Acts CSV
55282;30922;JJ171;475;FOLIO vide ou non reconnu dans Acts CSV
55283;30923;JJ171;476;FOLIO vide ou non reconnu dans Acts CSV
55284;30923;JJ171;476;FOLIO vide ou non reconnu dans Acts CSV
55285;30924;JJ171;477;FOLIO vide ou non reconnu dans Acts CSV
55286;30924;JJ171;477;FOLIO vide ou non reconnu dans Acts CSV
55287;30925;JJ171;478;FOLIO vide ou non reconnu dans Acts CSV
55288;30925;JJ171;478;FOLIO vide ou non reconnu dans Acts CSV
55289;30926;JJ171;479;FOLIO vide ou non reconnu dans Acts CSV
55290;30926;JJ171;479;FOLIO vide ou non reconnu dans Acts CSV
55291;30927;JJ171;480;FOLIO vide ou non reconnu dans Acts CSV
55292;30927;JJ171;480;FOLIO vide ou non reconnu dans Acts CSV
55293;30928;JJ171;481;FOLIO vide ou non reconnu dans Acts CSV
55294;30928;JJ171;481;FOLIO vide ou non reconnu dans Acts CSV
55295;30929;JJ171;482;
55296;30929;JJ171;482;
55297;30930;JJ171;483;FOLIO vide ou non reconnu dans Acts CSV
55298;30930;JJ171;483;FOLIO vide ou non reconnu dans Acts CSV
55299;30931;JJ171;484;FOLIO vide ou non reconnu dans Acts CSV
55300;30931;JJ171;484;FOLIO vide ou non reconnu dans Acts CSV
55301;30931;JJ171;484;FOLIO vide ou non reconnu dans Acts CSV
55302;30932;JJ171;485;FOLIO vide ou non reconnu dans Acts CSV
55303;30933;JJ171;486;FOLIO vide ou non reconnu dans Acts CSV
55304;30933;JJ171;486;FOLIO vide ou non reconnu dans Acts CSV
55305;30933;JJ171;486;FOLIO vide ou non reconnu dans Acts CSV
55306;30934;JJ171;487;FOLIO vide ou non reconnu dans Acts CSV
55307;30934;JJ171;487;FOLIO vide ou non reconnu dans Acts CSV
55308;30935;JJ171;488;FOLIO vide ou non reconnu dans Acts CSV
55309;30935;JJ171;488;FOLIO vide ou non reconnu dans Acts CSV
55310;30935,1;JJ171;488bis;
55311;30936;JJ171;489;FOLIO vide ou non reconnu dans Acts CSV
55312;30936;JJ171;489;FOLIO vide ou non reconnu dans Acts CSV
55313;30937;JJ171;490;FOLIO vide ou non reconnu dans Acts CSV
55314;30937;JJ171;490;FOLIO vide ou non reconnu dans Acts CSV
55315;30938;JJ171;491;FOLIO vide ou non reconnu dans Acts CSV
55316;30938;JJ171;491;FOLIO vide ou non reconnu dans Acts CSV
55317;30939;JJ171;492;FOLIO vide ou non reconnu dans Acts CSV
55318;30939;JJ171;492;FOLIO vide ou non reconnu dans Acts CSV
55319;30940;JJ171;493;FOLIO vide ou non reconnu dans Acts CSV
55320;30940;JJ171;493;FOLIO vide ou non reconnu dans Acts CSV
55321;30941;JJ171;494;FOLIO vide ou non reconnu dans Acts CSV
55322;30941;JJ171;494;FOLIO vide ou non reconnu dans Acts CSV
55323;30942;JJ171;495;FOLIO vide ou non reconnu dans Acts CSV
55324;30942;JJ171;495;FOLIO vide ou non reconnu dans Acts CSV
55325;30943;JJ171;496;
55326;30943;JJ171;496;
55327;30943;JJ171;496;
55328;30944;JJ171;497;FOLIO vide ou non reconnu dans Acts CSV
55329;30944;JJ171;497;FOLIO vide ou non reconnu dans Acts CSV
55330;30945;JJ171;498;
55331;30945;JJ171;498;
55332;30946;JJ171;499;FOLIO vide ou non reconnu dans Acts CSV
55333;30946;JJ171;499;FOLIO vide ou non reconnu dans Acts CSV
55334;30947;JJ171;500;
55335;30947;JJ171;500;
55336;30948;JJ171;501;FOLIO vide ou non reconnu dans Acts CSV
55337;30948;JJ171;501;FOLIO vide ou non reconnu dans Acts CSV
55338;30949;JJ171;502;FOLIO vide ou non reconnu dans Acts CSV
55339;30949;JJ171;502;FOLIO vide ou non reconnu dans Acts CSV
55340;30950;JJ171;503;FOLIO vide ou non reconnu dans Acts CSV
55341;30950;JJ171;503;FOLIO vide ou non reconnu dans Acts CSV
55342;30951;JJ171;504;FOLIO vide ou non reconnu dans Acts CSV
55343;30951;JJ171;504;FOLIO vide ou non reconnu dans Acts CSV
55344;30951;JJ171;504;FOLIO vide ou non reconnu dans Acts CSV
55345;30952;JJ171;505;FOLIO vide ou non reconnu dans Acts CSV
55346;30953;JJ171;506;FOLIO vide ou non reconnu dans Acts CSV
55347;30954;JJ171;507;FOLIO vide ou non reconnu dans Acts CSV
55348;30954;JJ171;507;FOLIO vide ou non reconnu dans Acts CSV
55349;30954;JJ171;507;FOLIO vide ou non reconnu dans Acts CSV
55350;30955;JJ171;508;FOLIO vide ou non reconnu dans Acts CSV
55351;30955,1;JJ171;508bis;
55352;30956;JJ171;509;FOLIO vide ou non reconnu dans Acts CSV
55353;30956;JJ171;509;FOLIO vide ou non reconnu dans Acts CSV
55354;30957;JJ171;510;FOLIO vide ou non reconnu dans Acts CSV
55355;30957;JJ171;510;FOLIO vide ou non reconnu dans Acts CSV
55356;30958;JJ171;511;FOLIO vide ou non reconnu dans Acts CSV
55357;30958;JJ171;511;FOLIO vide ou non reconnu dans Acts CSV
55358;30958;JJ171;511;FOLIO vide ou non reconnu dans Acts CSV
55359;30959;JJ171;512;FOLIO vide ou non reconnu dans Acts CSV
55360;30960;JJ171;513;FOLIO vide ou non reconnu dans Acts CSV
55361;30960;JJ171;513;FOLIO vide ou non reconnu dans Acts CSV
55362;30961;JJ171;514;FOLIO vide ou non reconnu dans Acts CSV
55363;30962;JJ171;515;FOLIO vide ou non reconnu dans Acts CSV
55364;30962;JJ171;515;FOLIO vide ou non reconnu dans Acts CSV
55365;30963;JJ171;516;
55366;30963;JJ171;516;
55367;30964;JJ171;517;FOLIO vide ou non reconnu dans Acts CSV
55368;30964;JJ171;517;FOLIO vide ou non reconnu dans Acts CSV
55369;30965;JJ171;518;FOLIO vide ou non reconnu dans Acts CSV
55370;30965;JJ171;518;FOLIO vide ou non reconnu dans Acts CSV
55371;30966;JJ171;519;FOLIO vide ou non reconnu dans Acts CSV
55372;30966;JJ171;519;FOLIO vide ou non reconnu dans Acts CSV
55373;30966;JJ171;519;FOLIO vide ou non reconnu dans Acts CSV
55374;30967;JJ171;520;FOLIO vide ou non reconnu dans Acts CSV
55375;30967;JJ171;520;FOLIO vide ou non reconnu dans Acts CSV
55376;30968;JJ171;521;
55386;30978;JJ172;1;FOLIO vide ou non reconnu dans Acts CSV
55387;30979;JJ172;2;FOLIO vide ou non reconnu dans Acts CSV
55388;30979;JJ172;2;FOLIO vide ou non reconnu dans Acts CSV
55389;30980;JJ172;3;FOLIO vide ou non reconnu dans Acts CSV
55390;30980;JJ172;3;FOLIO vide ou non reconnu dans Acts CSV
55391;30981;JJ172;4;FOLIO vide ou non reconnu dans Acts CSV
55392;30982;JJ172;5;FOLIO vide ou non reconnu dans Acts CSV
55393;30982;JJ172;5;FOLIO vide ou non reconnu dans Acts CSV
55394;30983;JJ172;6;FOLIO vide ou non reconnu dans Acts CSV
55395;30983;JJ172;6;FOLIO vide ou non reconnu dans Acts CSV
55396;30984;JJ172;7;FOLIO vide ou non reconnu dans Acts CSV
55397;30984;JJ172;7;FOLIO vide ou non reconnu dans Acts CSV
55398;30985;JJ172;8;FOLIO vide ou non reconnu dans Acts CSV
55399;30986;JJ172;9;FOLIO vide ou non reconnu dans Acts CSV
55400;30987;JJ172;10;FOLIO vide ou non reconnu dans Acts CSV
55401;30987;JJ172;10;FOLIO vide ou non reconnu dans Acts CSV
55402;30988;JJ172;11;FOLIO vide ou non reconnu dans Acts CSV
55403;30988;JJ172;11;FOLIO vide ou non reconnu dans Acts CSV
55404;30989;JJ172;12;FOLIO vide ou non reconnu dans Acts CSV
55405;30989;JJ172;12;FOLIO vide ou non reconnu dans Acts CSV
55406;30990;JJ172;13;FOLIO vide ou non reconnu dans Acts CSV
55407;30991;JJ172;14;FOLIO vide ou non reconnu dans Acts CSV
55408;30992;JJ172;15;FOLIO vide ou non reconnu dans Acts CSV
55409;30992;JJ172;15;FOLIO vide ou non reconnu dans Acts CSV
55410;30993;JJ172;16;FOLIO vide ou non reconnu dans Acts CSV
55411;30993;JJ172;16;FOLIO vide ou non reconnu dans Acts CSV
55412;30994;JJ172;17;FOLIO vide ou non reconnu dans Acts CSV
55413;30995;JJ172;18;FOLIO vide ou non reconnu dans Acts CSV
55414;30995;JJ172;18;FOLIO vide ou non reconnu dans Acts CSV
55415;30996;JJ172;19;FOLIO vide ou non reconnu dans Acts CSV
55416;30996;JJ172;19;FOLIO vide ou non reconnu dans Acts CSV
55417;30997;JJ172;20;FOLIO vide ou non reconnu dans Acts CSV
55418;30997;JJ172;20;FOLIO vide ou non reconnu dans Acts CSV
55419;30998;JJ172;21;FOLIO vide ou non reconnu dans Acts CSV
55420;30999;JJ172;22;FOLIO vide ou non reconnu dans Acts CSV
55421;30999;JJ172;22;FOLIO vide ou non reconnu dans Acts CSV
55422;31000;JJ172;23;FOLIO vide ou non reconnu dans Acts CSV
55423;31000;JJ172;23;FOLIO vide ou non reconnu dans Acts CSV
55424;31001;JJ172;24;FOLIO vide ou non reconnu dans Acts CSV
55425;31002;JJ172;25;FOLIO vide ou non reconnu dans Acts CSV
55426;31002;JJ172;25;FOLIO vide ou non reconnu dans Acts CSV
55427;31003;JJ172;26;FOLIO vide ou non reconnu dans Acts CSV
55428;31003;JJ172;26;FOLIO vide ou non reconnu dans Acts CSV
55429;31004;JJ172;27;FOLIO vide ou non reconnu dans Acts CSV
55430;31005;JJ172;28;FOLIO vide ou non reconnu dans Acts CSV
55431;31005;JJ172;28;FOLIO vide ou non reconnu dans Acts CSV
55432;31006;JJ172;29;FOLIO vide ou non reconnu dans Acts CSV
55433;31006;JJ172;29;FOLIO vide ou non reconnu dans Acts CSV
55434;31007;JJ172;30;FOLIO vide ou non reconnu dans Acts CSV
55435;31008;JJ172;31;FOLIO vide ou non reconnu dans Acts CSV
55436;31009;JJ172;32;FOLIO vide ou non reconnu dans Acts CSV
55437;31010;JJ172;33;FOLIO vide ou non reconnu dans Acts CSV
55438;31010;JJ172;33;FOLIO vide ou non reconnu dans Acts CSV
55439;31011;JJ172;34;FOLIO vide ou non reconnu dans Acts CSV
55440;31011;JJ172;34;FOLIO vide ou non reconnu dans Acts CSV
55441;31012;JJ172;35;FOLIO vide ou non reconnu dans Acts CSV
55442;31012;JJ172;35;FOLIO vide ou non reconnu dans Acts CSV
55443;31013;JJ172;36;FOLIO vide ou non reconnu dans Acts CSV
55444;31013;JJ172;36;FOLIO vide ou non reconnu dans Acts CSV
55445;31014;JJ172;37;FOLIO vide ou non reconnu dans Acts CSV
55446;31014;JJ172;37;FOLIO vide ou non reconnu dans Acts CSV
55447;31015;JJ172;38;FOLIO vide ou non reconnu dans Acts CSV
55448;31015;JJ172;38;FOLIO vide ou non reconnu dans Acts CSV
55449;31016;JJ172;39;FOLIO vide ou non reconnu dans Acts CSV
55450;31016;JJ172;39;FOLIO vide ou non reconnu dans Acts CSV
55451;31017;JJ172;40;FOLIO vide ou non reconnu dans Acts CSV
55452;31017;JJ172;40;FOLIO vide ou non reconnu dans Acts CSV
55453;31018;JJ172;41;FOLIO vide ou non reconnu dans Acts CSV
55454;31018;JJ172;41;FOLIO vide ou non reconnu dans Acts CSV
55455;31019;JJ172;42;FOLIO vide ou non reconnu dans Acts CSV
55456;31019;JJ172;42;FOLIO vide ou non reconnu dans Acts CSV
55457;31020;JJ172;43;FOLIO vide ou non reconnu dans Acts CSV
55458;31020;JJ172;43;FOLIO vide ou non reconnu dans Acts CSV
55459;31021;JJ172;44;FOLIO vide ou non reconnu dans Acts CSV
55460;31022;JJ172;45;FOLIO vide ou non reconnu dans Acts CSV
55461;31022;JJ172;45;FOLIO vide ou non reconnu dans Acts CSV
55462;31023;JJ172;46;FOLIO vide ou non reconnu dans Acts CSV
55463;31023;JJ172;46;FOLIO vide ou non reconnu dans Acts CSV
55464;31023;JJ172;46;FOLIO vide ou non reconnu dans Acts CSV
55465;31024;JJ172;47;FOLIO vide ou non reconnu dans Acts CSV
55466;31024;JJ172;47;FOLIO vide ou non reconnu dans Acts CSV
55467;31025;JJ172;48;FOLIO vide ou non reconnu dans Acts CSV
55468;31025;JJ172;48;FOLIO vide ou non reconnu dans Acts CSV
55469;31026;JJ172;49;FOLIO vide ou non reconnu dans Acts CSV
55470;31026;JJ172;49;FOLIO vide ou non reconnu dans Acts CSV
55471;31027;JJ172;50;FOLIO vide ou non reconnu dans Acts CSV
55472;31027;JJ172;50;FOLIO vide ou non reconnu dans Acts CSV
55473;31028;JJ172;51;FOLIO vide ou non reconnu dans Acts CSV
55474;31028;JJ172;51;FOLIO vide ou non reconnu dans Acts CSV
55475;31029;JJ172;52;FOLIO vide ou non reconnu dans Acts CSV
55476;31029;JJ172;52;FOLIO vide ou non reconnu dans Acts CSV
55477;31030;JJ172;53;FOLIO vide ou non reconnu dans Acts CSV
55478;31031;JJ172;54;FOLIO vide ou non reconnu dans Acts CSV
55479;31031;JJ172;54;FOLIO vide ou non reconnu dans Acts CSV
55480;31032;JJ172;55;FOLIO vide ou non reconnu dans Acts CSV
55481;31032;JJ172;55;FOLIO vide ou non reconnu dans Acts CSV
55482;31032;JJ172;55;FOLIO vide ou non reconnu dans Acts CSV
55483;31032;JJ172;55;FOLIO vide ou non reconnu dans Acts CSV
55484;31033;JJ172;56;FOLIO vide ou non reconnu dans Acts CSV
55485;31033;JJ172;56;FOLIO vide ou non reconnu dans Acts CSV
55486;31033;JJ172;56;FOLIO vide ou non reconnu dans Acts CSV
55487;31034;JJ172;57;FOLIO vide ou non reconnu dans Acts CSV
55488;31034;JJ172;57;FOLIO vide ou non reconnu dans Acts CSV
55489;31035;JJ172;58;FOLIO vide ou non reconnu dans Acts CSV
55490;31035;JJ172;58;FOLIO vide ou non reconnu dans Acts CSV
55491;31036;JJ172;59;FOLIO vide ou non reconnu dans Acts CSV
55492;31036;JJ172;59;FOLIO vide ou non reconnu dans Acts CSV
55493;31037;JJ172;60;FOLIO vide ou non reconnu dans Acts CSV
55494;31037;JJ172;60;FOLIO vide ou non reconnu dans Acts CSV
55495;31037;JJ172;60;FOLIO vide ou non reconnu dans Acts CSV
55496;31038;JJ172;61;FOLIO vide ou non reconnu dans Acts CSV
55497;31038;JJ172;61;FOLIO vide ou non reconnu dans Acts CSV
55498;31038;JJ172;61;FOLIO vide ou non reconnu dans Acts CSV
55499;31039;JJ172;62;FOLIO vide ou non reconnu dans Acts CSV
55500;31039;JJ172;62;FOLIO vide ou non reconnu dans Acts CSV
55501;31040;JJ172;63;FOLIO vide ou non reconnu dans Acts CSV
55502;31040;JJ172;63;FOLIO vide ou non reconnu dans Acts CSV
55503;31041;JJ172;64;FOLIO vide ou non reconnu dans Acts CSV
55504;31041;JJ172;64;FOLIO vide ou non reconnu dans Acts CSV
55505;31041;JJ172;64;FOLIO vide ou non reconnu dans Acts CSV
55506;31042;JJ172;65;FOLIO vide ou non reconnu dans Acts CSV
55507;31042;JJ172;65;FOLIO vide ou non reconnu dans Acts CSV
55508;31043;JJ172;66;FOLIO vide ou non reconnu dans Acts CSV
55509;31043;JJ172;66;FOLIO vide ou non reconnu dans Acts CSV
55510;31044;JJ172;67;FOLIO vide ou non reconnu dans Acts CSV
55511;31044;JJ172;67;FOLIO vide ou non reconnu dans Acts CSV
55512;31045;JJ172;68;FOLIO vide ou non reconnu dans Acts CSV
55513;31045;JJ172;68;FOLIO vide ou non reconnu dans Acts CSV
55514;31046;JJ172;69;FOLIO vide ou non reconnu dans Acts CSV
55515;31046;JJ172;69;FOLIO vide ou non reconnu dans Acts CSV
55516;31047;JJ172;70;FOLIO vide ou non reconnu dans Acts CSV
55517;31048;JJ172;71;FOLIO vide ou non reconnu dans Acts CSV
55518;31048;JJ172;71;FOLIO vide ou non reconnu dans Acts CSV
55519;31049;JJ172;72;FOLIO vide ou non reconnu dans Acts CSV
55520;31049;JJ172;72;FOLIO vide ou non reconnu dans Acts CSV
55521;31050;JJ172;73;FOLIO vide ou non reconnu dans Acts CSV
55522;31050;JJ172;73;FOLIO vide ou non reconnu dans Acts CSV
55523;31051;JJ172;74;FOLIO vide ou non reconnu dans Acts CSV
55524;31051;JJ172;74;FOLIO vide ou non reconnu dans Acts CSV
55525;31052;JJ172;75;FOLIO vide ou non reconnu dans Acts CSV
55526;31053;JJ172;76;FOLIO vide ou non reconnu dans Acts CSV
55527;31053;JJ172;76;FOLIO vide ou non reconnu dans Acts CSV
55528;31054;JJ172;77;FOLIO vide ou non reconnu dans Acts CSV
55529;31054;JJ172;77;FOLIO vide ou non reconnu dans Acts CSV
55530;31055;JJ172;78;FOLIO vide ou non reconnu dans Acts CSV
55531;31055;JJ172;78;FOLIO vide ou non reconnu dans Acts CSV
55532;31056;JJ172;79;FOLIO vide ou non reconnu dans Acts CSV
55533;31056;JJ172;79;FOLIO vide ou non reconnu dans Acts CSV
55534;31057;JJ172;80;FOLIO vide ou non reconnu dans Acts CSV
55535;31057;JJ172;80;FOLIO vide ou non reconnu dans Acts CSV
55536;31058;JJ172;81;FOLIO vide ou non reconnu dans Acts CSV
55537;31058;JJ172;81;FOLIO vide ou non reconnu dans Acts CSV
55538;31059;JJ172;82;FOLIO vide ou non reconnu dans Acts CSV
55539;31059;JJ172;82;FOLIO vide ou non reconnu dans Acts CSV
55540;31060;JJ172;83;FOLIO vide ou non reconnu dans Acts CSV
55541;31060;JJ172;83;FOLIO vide ou non reconnu dans Acts CSV
55542;31061;JJ172;84;FOLIO vide ou non reconnu dans Acts CSV
55543;31061;JJ172;84;FOLIO vide ou non reconnu dans Acts CSV
55544;31062;JJ172;85;FOLIO vide ou non reconnu dans Acts CSV
55545;31062;JJ172;85;FOLIO vide ou non reconnu dans Acts CSV
55546;31063;JJ172;86;FOLIO vide ou non reconnu dans Acts CSV
55547;31063;JJ172;86;FOLIO vide ou non reconnu dans Acts CSV
55548;31064;JJ172;87;FOLIO vide ou non reconnu dans Acts CSV
55549;31065;JJ172;88;FOLIO vide ou non reconnu dans Acts CSV
55550;31066;JJ172;89;FOLIO vide ou non reconnu dans Acts CSV
55551;31066;JJ172;89;FOLIO vide ou non reconnu dans Acts CSV
55552;31067;JJ172;90;FOLIO vide ou non reconnu dans Acts CSV
55553;31068;JJ172;91;FOLIO vide ou non reconnu dans Acts CSV
55554;31068;JJ172;91;FOLIO vide ou non reconnu dans Acts CSV
55555;31069;JJ172;92;FOLIO vide ou non reconnu dans Acts CSV
55556;31069;JJ172;92;FOLIO vide ou non reconnu dans Acts CSV
55557;31070;JJ172;93;FOLIO vide ou non reconnu dans Acts CSV
55558;31070;JJ172;93;FOLIO vide ou non reconnu dans Acts CSV
55559;31071;JJ172;94;FOLIO vide ou non reconnu dans Acts CSV
55560;31071;JJ172;94;FOLIO vide ou non reconnu dans Acts CSV
55561;31072;JJ172;95;FOLIO vide ou non reconnu dans Acts CSV
55562;31073;JJ172;96;FOLIO vide ou non reconnu dans Acts CSV
55563;31073;JJ172;96;FOLIO vide ou non reconnu dans Acts CSV
55564;31074;JJ172;97;FOLIO vide ou non reconnu dans Acts CSV
55565;31075;JJ172;98;FOLIO vide ou non reconnu dans Acts CSV
55566;31075;JJ172;98;FOLIO vide ou non reconnu dans Acts CSV
55567;31075;JJ172;98;FOLIO vide ou non reconnu dans Acts CSV
55568;31077;JJ172;100;FOLIO vide ou non reconnu dans Acts CSV
55569;31077;JJ172;100;FOLIO vide ou non reconnu dans Acts CSV
55570;31078;JJ172;101;FOLIO vide ou non reconnu dans Acts CSV
55571;31078;JJ172;101;FOLIO vide ou non reconnu dans Acts CSV
55572;31078;JJ172;101;FOLIO vide ou non reconnu dans Acts CSV
55573;31079;JJ172;102;FOLIO vide ou non reconnu dans Acts CSV
55574;31080;JJ172;103;FOLIO vide ou non reconnu dans Acts CSV
55575;31081;JJ172;104;FOLIO vide ou non reconnu dans Acts CSV
55576;31081;JJ172;104;FOLIO vide ou non reconnu dans Acts CSV
55577;31082;JJ172;105;FOLIO vide ou non reconnu dans Acts CSV
55578;31082;JJ172;105;FOLIO vide ou non reconnu dans Acts CSV
55579;31083;JJ172;106;
55580;31083;JJ172;106;
55581;31084;JJ172;107;FOLIO vide ou non reconnu dans Acts CSV
55582;31085;JJ172;108;FOLIO vide ou non reconnu dans Acts CSV
55583;31085;JJ172;108;FOLIO vide ou non reconnu dans Acts CSV
55584;31086;JJ172;109;FOLIO vide ou non reconnu dans Acts CSV
55585;31086;JJ172;109;FOLIO vide ou non reconnu dans Acts CSV
55586;31086;JJ172;109;FOLIO vide ou non reconnu dans Acts CSV
55587;31087;JJ172;110;FOLIO vide ou non reconnu dans Acts CSV
55588;31087;JJ172;110;FOLIO vide ou non reconnu dans Acts CSV
55589;31088;JJ172;111;FOLIO vide ou non reconnu dans Acts CSV
55590;31088;JJ172;111;FOLIO vide ou non reconnu dans Acts CSV
55591;31089;JJ172;112;FOLIO vide ou non reconnu dans Acts CSV
55592;31089;JJ172;112;FOLIO vide ou non reconnu dans Acts CSV
55593;31090;JJ172;113;FOLIO vide ou non reconnu dans Acts CSV
55594;31090;JJ172;113;FOLIO vide ou non reconnu dans Acts CSV
55595;31090;JJ172;113;FOLIO vide ou non reconnu dans Acts CSV
55596;31091;JJ172;114;FOLIO vide ou non reconnu dans Acts CSV
55597;31092;JJ172;115;FOLIO vide ou non reconnu dans Acts CSV
55598;31092;JJ172;115;FOLIO vide ou non reconnu dans Acts CSV
55599;31093;JJ172;116;FOLIO vide ou non reconnu dans Acts CSV
55600;31094;JJ172;117;FOLIO vide ou non reconnu dans Acts CSV
55601;31095;JJ172;118;FOLIO vide ou non reconnu dans Acts CSV
55602;31095;JJ172;118;FOLIO vide ou non reconnu dans Acts CSV
55603;31096;JJ172;119;FOLIO vide ou non reconnu dans Acts CSV
55604;31096;JJ172;119;FOLIO vide ou non reconnu dans Acts CSV
55605;31097;JJ172;120;FOLIO vide ou non reconnu dans Acts CSV
55606;31097;JJ172;120;FOLIO vide ou non reconnu dans Acts CSV
55607;31098;JJ172;121;FOLIO vide ou non reconnu dans Acts CSV
55608;31099;JJ172;122;FOLIO vide ou non reconnu dans Acts CSV
55609;31099;JJ172;122;FOLIO vide ou non reconnu dans Acts CSV
55610;31100;JJ172;123;FOLIO vide ou non reconnu dans Acts CSV
55611;31100;JJ172;123;FOLIO vide ou non reconnu dans Acts CSV
55612;31101;JJ172;124;FOLIO vide ou non reconnu dans Acts CSV
55613;31102;JJ172;125;FOLIO vide ou non reconnu dans Acts CSV
55614;31102;JJ172;125;FOLIO vide ou non reconnu dans Acts CSV
55615;31103;JJ172;126;FOLIO vide ou non reconnu dans Acts CSV
55616;31103;JJ172;126;FOLIO vide ou non reconnu dans Acts CSV
55617;31104;JJ172;127;FOLIO vide ou non reconnu dans Acts CSV
55618;31104;JJ172;127;FOLIO vide ou non reconnu dans Acts CSV
55619;31104;JJ172;127;FOLIO vide ou non reconnu dans Acts CSV
55620;31105;JJ172;128;FOLIO vide ou non reconnu dans Acts CSV
55621;31105;JJ172;128;FOLIO vide ou non reconnu dans Acts CSV
55622;31106;JJ172;129;FOLIO vide ou non reconnu dans Acts CSV
55623;31106;JJ172;129;FOLIO vide ou non reconnu dans Acts CSV
55624;31107;JJ172;130;FOLIO vide ou non reconnu dans Acts CSV
55625;31107;JJ172;130;FOLIO vide ou non reconnu dans Acts CSV
55626;31107;JJ172;130;FOLIO vide ou non reconnu dans Acts CSV
55627;31107;JJ172;130;FOLIO vide ou non reconnu dans Acts CSV
55628;31108;JJ172;131;FOLIO vide ou non reconnu dans Acts CSV
55629;31109;JJ172;132;FOLIO vide ou non reconnu dans Acts CSV
55630;31109;JJ172;132;FOLIO vide ou non reconnu dans Acts CSV
55631;31110;JJ172;133;FOLIO vide ou non reconnu dans Acts CSV
55632;31110;JJ172;133;FOLIO vide ou non reconnu dans Acts CSV
55633;31111;JJ172;134;FOLIO vide ou non reconnu dans Acts CSV
55634;31111;JJ172;134;FOLIO vide ou non reconnu dans Acts CSV
55635;31112;JJ172;135;FOLIO vide ou non reconnu dans Acts CSV
55636;31112;JJ172;135;FOLIO vide ou non reconnu dans Acts CSV
55637;31113;JJ172;136;FOLIO vide ou non reconnu dans Acts CSV
55638;31113;JJ172;136;FOLIO vide ou non reconnu dans Acts CSV
55639;31114;JJ172;137;FOLIO vide ou non reconnu dans Acts CSV
55640;31114;JJ172;137;FOLIO vide ou non reconnu dans Acts CSV
55641;31114;JJ172;137;FOLIO vide ou non reconnu dans Acts CSV
55642;31115;JJ172;138;FOLIO vide ou non reconnu dans Acts CSV
55643;31116;JJ172;139;FOLIO vide ou non reconnu dans Acts CSV
55644;31117;JJ172;140;FOLIO vide ou non reconnu dans Acts CSV
55645;31118;JJ172;141;FOLIO vide ou non reconnu dans Acts CSV
55646;31119;JJ172;142;FOLIO vide ou non reconnu dans Acts CSV
55647;31119;JJ172;142;FOLIO vide ou non reconnu dans Acts CSV
55648;31120;JJ172;143;FOLIO vide ou non reconnu dans Acts CSV
55649;31120;JJ172;143;FOLIO vide ou non reconnu dans Acts CSV
55650;31121;JJ172;144;FOLIO vide ou non reconnu dans Acts CSV
55651;31121;JJ172;144;FOLIO vide ou non reconnu dans Acts CSV
55652;31122;JJ172;145;FOLIO vide ou non reconnu dans Acts CSV
55653;31122;JJ172;145;FOLIO vide ou non reconnu dans Acts CSV
55654;31123;JJ172;146;FOLIO vide ou non reconnu dans Acts CSV
55655;31124;JJ172;147;FOLIO vide ou non reconnu dans Acts CSV
55656;31125;JJ172;148;FOLIO vide ou non reconnu dans Acts CSV
55657;31126;JJ172;149;FOLIO vide ou non reconnu dans Acts CSV
55658;31127;JJ172;150;FOLIO vide ou non reconnu dans Acts CSV
55659;31128;JJ172;151;FOLIO vide ou non reconnu dans Acts CSV
55660;31129;JJ172;152;FOLIO vide ou non reconnu dans Acts CSV
55661;31129;JJ172;152;FOLIO vide ou non reconnu dans Acts CSV
55662;31129;JJ172;152;FOLIO vide ou non reconnu dans Acts CSV
55663;31130;JJ172;153;FOLIO vide ou non reconnu dans Acts CSV
55664;31130;JJ172;153;FOLIO vide ou non reconnu dans Acts CSV
55665;31131;JJ172;154;FOLIO vide ou non reconnu dans Acts CSV
55666;31131;JJ172;154;FOLIO vide ou non reconnu dans Acts CSV
55667;31132;JJ172;155;FOLIO vide ou non reconnu dans Acts CSV
55668;31132;JJ172;155;FOLIO vide ou non reconnu dans Acts CSV
55669;31133;JJ172;156;FOLIO vide ou non reconnu dans Acts CSV
55670;31133;JJ172;156;FOLIO vide ou non reconnu dans Acts CSV
55671;31134;JJ172;157;FOLIO vide ou non reconnu dans Acts CSV
55672;31134;JJ172;157;FOLIO vide ou non reconnu dans Acts CSV
55673;31135;JJ172;158;FOLIO vide ou non reconnu dans Acts CSV
55674;31135;JJ172;158;FOLIO vide ou non reconnu dans Acts CSV
55675;31135;JJ172;158;FOLIO vide ou non reconnu dans Acts CSV
55676;31136;JJ172;159;FOLIO vide ou non reconnu dans Acts CSV
55677;31136;JJ172;159;FOLIO vide ou non reconnu dans Acts CSV
55678;31137;JJ172;160;FOLIO vide ou non reconnu dans Acts CSV
55679;31137;JJ172;160;FOLIO vide ou non reconnu dans Acts CSV
55680;31138;JJ172;161;FOLIO vide ou non reconnu dans Acts CSV
55681;31139;JJ172;162;FOLIO vide ou non reconnu dans Acts CSV
55682;31139;JJ172;162;FOLIO vide ou non reconnu dans Acts CSV
55683;31140;JJ172;163;FOLIO vide ou non reconnu dans Acts CSV
55684;31140;JJ172;163;FOLIO vide ou non reconnu dans Acts CSV
55685;31141;JJ172;164;FOLIO vide ou non reconnu dans Acts CSV
55686;31141;JJ172;164;FOLIO vide ou non reconnu dans Acts CSV
55687;31142;JJ172;165;FOLIO vide ou non reconnu dans Acts CSV
55688;31143;JJ172;166;FOLIO vide ou non reconnu dans Acts CSV
55689;31144;JJ172;167;FOLIO vide ou non reconnu dans Acts CSV
55690;31145;JJ172;168;FOLIO vide ou non reconnu dans Acts CSV
55691;31145;JJ172;168;FOLIO vide ou non reconnu dans Acts CSV
55692;31146;JJ172;169;FOLIO vide ou non reconnu dans Acts CSV
55693;31146;JJ172;169;FOLIO vide ou non reconnu dans Acts CSV
55694;31147;JJ172;170;FOLIO vide ou non reconnu dans Acts CSV
55695;31147;JJ172;170;FOLIO vide ou non reconnu dans Acts CSV
55696;31148;JJ172;171;FOLIO vide ou non reconnu dans Acts CSV
55697;31149;JJ172;172;FOLIO vide ou non reconnu dans Acts CSV
55698;31149;JJ172;172;FOLIO vide ou non reconnu dans Acts CSV
55699;31149;JJ172;172;FOLIO vide ou non reconnu dans Acts CSV
55700;31150;JJ172;173;FOLIO vide ou non reconnu dans Acts CSV
55701;31150;JJ172;173;FOLIO vide ou non reconnu dans Acts CSV
55702;31151;JJ172;174;FOLIO vide ou non reconnu dans Acts CSV
55703;31151;JJ172;174;FOLIO vide ou non reconnu dans Acts CSV
55704;31152;JJ172;175;FOLIO vide ou non reconnu dans Acts CSV
55705;31152;JJ172;175;FOLIO vide ou non reconnu dans Acts CSV
55706;31153;JJ172;176;FOLIO vide ou non reconnu dans Acts CSV
55707;31153;JJ172;176;FOLIO vide ou non reconnu dans Acts CSV
55708;31153;JJ172;176;FOLIO vide ou non reconnu dans Acts CSV
55709;31154;JJ172;177;FOLIO vide ou non reconnu dans Acts CSV
55710;31154;JJ172;177;FOLIO vide ou non reconnu dans Acts CSV
55711;31155;JJ172;178;FOLIO vide ou non reconnu dans Acts CSV
55712;31156;JJ172;179;FOLIO vide ou non reconnu dans Acts CSV
55713;31156;JJ172;179;FOLIO vide ou non reconnu dans Acts CSV
55714;31157;JJ172;180;FOLIO vide ou non reconnu dans Acts CSV
55715;31157;JJ172;180;FOLIO vide ou non reconnu dans Acts CSV
55716;31158;JJ172;181;FOLIO vide ou non reconnu dans Acts CSV
55717;31158;JJ172;181;FOLIO vide ou non reconnu dans Acts CSV
55718;31159;JJ172;182;FOLIO vide ou non reconnu dans Acts CSV
55719;31159;JJ172;182;FOLIO vide ou non reconnu dans Acts CSV
55720;31159;JJ172;182;FOLIO vide ou non reconnu dans Acts CSV
55721;31160;JJ172;183;FOLIO vide ou non reconnu dans Acts CSV
55722;31161;JJ172;184;FOLIO vide ou non reconnu dans Acts CSV
55723;31161;JJ172;184;FOLIO vide ou non reconnu dans Acts CSV
55724;31161;JJ172;184;FOLIO vide ou non reconnu dans Acts CSV
55725;31161;JJ172;184;FOLIO vide ou non reconnu dans Acts CSV
55726;31162;JJ172;185;FOLIO vide ou non reconnu dans Acts CSV
55727;31163;JJ172;186;FOLIO vide ou non reconnu dans Acts CSV
55728;31163;JJ172;186;FOLIO vide ou non reconnu dans Acts CSV
55729;31164;JJ172;187;
55730;31164;JJ172;187;
55731;31165;JJ172;188;FOLIO vide ou non reconnu dans Acts CSV
55732;31165;JJ172;188;FOLIO vide ou non reconnu dans Acts CSV
55733;31165;JJ172;188;FOLIO vide ou non reconnu dans Acts CSV
55734;31166;JJ172;189;FOLIO vide ou non reconnu dans Acts CSV
55735;31166;JJ172;189;FOLIO vide ou non reconnu dans Acts CSV
55736;31167;JJ172;190;FOLIO vide ou non reconnu dans Acts CSV
55737;31167;JJ172;190;FOLIO vide ou non reconnu dans Acts CSV
55738;31168;JJ172;191;FOLIO vide ou non reconnu dans Acts CSV
55739;31169;JJ172;192;FOLIO vide ou non reconnu dans Acts CSV
55740;31169;JJ172;192;FOLIO vide ou non reconnu dans Acts CSV
55741;31170;JJ172;193;FOLIO vide ou non reconnu dans Acts CSV
55742;31170;JJ172;193;FOLIO vide ou non reconnu dans Acts CSV
55743;31171;JJ172;194;FOLIO vide ou non reconnu dans Acts CSV
55744;31172;JJ172;195;FOLIO vide ou non reconnu dans Acts CSV
55745;31172;JJ172;195;FOLIO vide ou non reconnu dans Acts CSV
55746;31173;JJ172;196;FOLIO vide ou non reconnu dans Acts CSV
55747;31173;JJ172;196;FOLIO vide ou non reconnu dans Acts CSV
55748;31174;JJ172;197;FOLIO vide ou non reconnu dans Acts CSV
55749;31174;JJ172;197;FOLIO vide ou non reconnu dans Acts CSV
55750;31175;JJ172;198;FOLIO vide ou non reconnu dans Acts CSV
55751;31176;JJ172;199;FOLIO vide ou non reconnu dans Acts CSV
55752;31177;JJ172;200;FOLIO vide ou non reconnu dans Acts CSV
55753;31177;JJ172;200;FOLIO vide ou non reconnu dans Acts CSV
55754;31178;JJ172;201;FOLIO vide ou non reconnu dans Acts CSV
55755;31179;JJ172;202;FOLIO vide ou non reconnu dans Acts CSV
55756;31179;JJ172;202;FOLIO vide ou non reconnu dans Acts CSV
55757;31180;JJ172;203;
55758;31181;JJ172;204;FOLIO vide ou non reconnu dans Acts CSV
55759;31181;JJ172;204;FOLIO vide ou non reconnu dans Acts CSV
55760;31182;JJ172;205;FOLIO vide ou non reconnu dans Acts CSV
55761;31182;JJ172;205;FOLIO vide ou non reconnu dans Acts CSV
55762;31183;JJ172;206;FOLIO vide ou non reconnu dans Acts CSV
55763;31183;JJ172;206;FOLIO vide ou non reconnu dans Acts CSV
55764;31184;JJ172;207;FOLIO vide ou non reconnu dans Acts CSV
55765;31184;JJ172;207;FOLIO vide ou non reconnu dans Acts CSV
55766;31185;JJ172;208;FOLIO vide ou non reconnu dans Acts CSV
55767;31185;JJ172;208;FOLIO vide ou non reconnu dans Acts CSV
55768;31186;JJ172;209;FOLIO vide ou non reconnu dans Acts CSV
55769;31186;JJ172;209;FOLIO vide ou non reconnu dans Acts CSV
55770;31187;JJ172;210;FOLIO vide ou non reconnu dans Acts CSV
55771;31187;JJ172;210;FOLIO vide ou non reconnu dans Acts CSV
55772;31187;JJ172;210;FOLIO vide ou non reconnu dans Acts CSV
55773;31188;JJ172;211;FOLIO vide ou non reconnu dans Acts CSV
55774;31188;JJ172;211;FOLIO vide ou non reconnu dans Acts CSV
55775;31189;JJ172;212;FOLIO vide ou non reconnu dans Acts CSV
55776;31189;JJ172;212;FOLIO vide ou non reconnu dans Acts CSV
55777;31190;JJ172;213;FOLIO vide ou non reconnu dans Acts CSV
55778;31190;JJ172;213;FOLIO vide ou non reconnu dans Acts CSV
55779;31191;JJ172;214;FOLIO vide ou non reconnu dans Acts CSV
55780;31191;JJ172;214;FOLIO vide ou non reconnu dans Acts CSV
55781;31192;JJ172;215;FOLIO vide ou non reconnu dans Acts CSV
55782;31193;JJ172;216;FOLIO vide ou non reconnu dans Acts CSV
55783;31193;JJ172;216;FOLIO vide ou non reconnu dans Acts CSV
55784;31194;JJ172;217;FOLIO vide ou non reconnu dans Acts CSV
55785;31194;JJ172;217;FOLIO vide ou non reconnu dans Acts CSV
55786;31195;JJ172;218;FOLIO vide ou non reconnu dans Acts CSV
55787;31195;JJ172;218;FOLIO vide ou non reconnu dans Acts CSV
55788;31196;JJ172;219;FOLIO vide ou non reconnu dans Acts CSV
55789;31197;JJ172;220;FOLIO vide ou non reconnu dans Acts CSV
55790;31197;JJ172;220;FOLIO vide ou non reconnu dans Acts CSV
55791;31198;JJ172;221;FOLIO vide ou non reconnu dans Acts CSV
55792;31198;JJ172;221;FOLIO vide ou non reconnu dans Acts CSV
55793;31198;JJ172;221;FOLIO vide ou non reconnu dans Acts CSV
55794;31199;JJ172;222;FOLIO vide ou non reconnu dans Acts CSV
55795;31199;JJ172;222;FOLIO vide ou non reconnu dans Acts CSV
55796;31200;JJ172;223;FOLIO vide ou non reconnu dans Acts CSV
55797;31200;JJ172;223;FOLIO vide ou non reconnu dans Acts CSV
55798;31201;JJ172;224;FOLIO vide ou non reconnu dans Acts CSV
55799;31201;JJ172;224;FOLIO vide ou non reconnu dans Acts CSV
55800;31202;JJ172;225;FOLIO vide ou non reconnu dans Acts CSV
55801;31202;JJ172;225;FOLIO vide ou non reconnu dans Acts CSV
55802;31203;JJ172;226;FOLIO vide ou non reconnu dans Acts CSV
55803;31203;JJ172;226;FOLIO vide ou non reconnu dans Acts CSV
55804;31204;JJ172;227;FOLIO vide ou non reconnu dans Acts CSV
55805;31204;JJ172;227;FOLIO vide ou non reconnu dans Acts CSV
55806;31205;JJ172;228;FOLIO vide ou non reconnu dans Acts CSV
55807;31206;JJ172;229;FOLIO vide ou non reconnu dans Acts CSV
55808;31206;JJ172;229;FOLIO vide ou non reconnu dans Acts CSV
55809;31207;JJ172;230;FOLIO vide ou non reconnu dans Acts CSV
55810;31207;JJ172;230;FOLIO vide ou non reconnu dans Acts CSV
55811;31207;JJ172;230;FOLIO vide ou non reconnu dans Acts CSV
55812;31208;JJ172;231;FOLIO vide ou non reconnu dans Acts CSV
55813;31209;JJ172;232;FOLIO vide ou non reconnu dans Acts CSV
55814;31209;JJ172;232;FOLIO vide ou non reconnu dans Acts CSV
55815;31210;JJ172;233;FOLIO vide ou non reconnu dans Acts CSV
55816;31210;JJ172;233;FOLIO vide ou non reconnu dans Acts CSV
55817;31211;JJ172;234;FOLIO vide ou non reconnu dans Acts CSV
55818;31212;JJ172;235;FOLIO vide ou non reconnu dans Acts CSV
55819;31212;JJ172;235;FOLIO vide ou non reconnu dans Acts CSV
55820;31213;JJ172;236;FOLIO vide ou non reconnu dans Acts CSV
55821;31213;JJ172;236;FOLIO vide ou non reconnu dans Acts CSV
55822;31214;JJ172;237;FOLIO vide ou non reconnu dans Acts CSV
55823;31215;JJ172;238;FOLIO vide ou non reconnu dans Acts CSV
55824;31215;JJ172;238;FOLIO vide ou non reconnu dans Acts CSV
55825;31216;JJ172;239;FOLIO vide ou non reconnu dans Acts CSV
55826;31217;JJ172;240;FOLIO vide ou non reconnu dans Acts CSV
55827;31218;JJ172;241;FOLIO vide ou non reconnu dans Acts CSV
55828;31218;JJ172;241;FOLIO vide ou non reconnu dans Acts CSV
55829;31219;JJ172;242;FOLIO vide ou non reconnu dans Acts CSV
55830;31219;JJ172;242;FOLIO vide ou non reconnu dans Acts CSV
55831;31220;JJ172;243;FOLIO vide ou non reconnu dans Acts CSV
55832;31220;JJ172;243;FOLIO vide ou non reconnu dans Acts CSV
55833;31221;JJ172;244;FOLIO vide ou non reconnu dans Acts CSV
55834;31221;JJ172;244;FOLIO vide ou non reconnu dans Acts CSV
55835;31222;JJ172;245;FOLIO vide ou non reconnu dans Acts CSV
55836;31222;JJ172;245;FOLIO vide ou non reconnu dans Acts CSV
55837;31223;JJ172;246;
55838;31223;JJ172;246;
55839;31224;JJ172;247;FOLIO vide ou non reconnu dans Acts CSV
55840;31224;JJ172;247;FOLIO vide ou non reconnu dans Acts CSV
55841;31225;JJ172;248;FOLIO vide ou non reconnu dans Acts CSV
55842;31225;JJ172;248;FOLIO vide ou non reconnu dans Acts CSV
55843;31226;JJ172;249;FOLIO vide ou non reconnu dans Acts CSV
55844;31226;JJ172;249;FOLIO vide ou non reconnu dans Acts CSV
55845;31227;JJ172;250;FOLIO vide ou non reconnu dans Acts CSV
55846;31227;JJ172;250;FOLIO vide ou non reconnu dans Acts CSV
55847;31228;JJ172;251;FOLIO vide ou non reconnu dans Acts CSV
55848;31228;JJ172;251;FOLIO vide ou non reconnu dans Acts CSV
55849;31229;JJ172;252;FOLIO vide ou non reconnu dans Acts CSV
55850;31230;JJ172;253;FOLIO vide ou non reconnu dans Acts CSV
55851;31230;JJ172;253;FOLIO vide ou non reconnu dans Acts CSV
55852;31231;JJ172;254;FOLIO vide ou non reconnu dans Acts CSV
55853;31231;JJ172;254;FOLIO vide ou non reconnu dans Acts CSV
55854;31232;JJ172;255;FOLIO vide ou non reconnu dans Acts CSV
55855;31232;JJ172;255;FOLIO vide ou non reconnu dans Acts CSV
55856;31233;JJ172;256;FOLIO vide ou non reconnu dans Acts CSV
55857;31233;JJ172;256;FOLIO vide ou non reconnu dans Acts CSV
55858;31234;JJ172;257;FOLIO vide ou non reconnu dans Acts CSV
55859;31235;JJ172;258;FOLIO vide ou non reconnu dans Acts CSV
55860;31235;JJ172;258;FOLIO vide ou non reconnu dans Acts CSV
55861;31236;JJ172;259;FOLIO vide ou non reconnu dans Acts CSV
55862;31236;JJ172;259;FOLIO vide ou non reconnu dans Acts CSV
55863;31237;JJ172;260;FOLIO vide ou non reconnu dans Acts CSV
55864;31238;JJ172;261;FOLIO vide ou non reconnu dans Acts CSV
55865;31238;JJ172;261;FOLIO vide ou non reconnu dans Acts CSV
55866;31238;JJ172;261;FOLIO vide ou non reconnu dans Acts CSV
55867;31239;JJ172;262;FOLIO vide ou non reconnu dans Acts CSV
55868;31239;JJ172;262;FOLIO vide ou non reconnu dans Acts CSV
55869;31240;JJ172;263;FOLIO vide ou non reconnu dans Acts CSV
55870;31241;JJ172;264;FOLIO vide ou non reconnu dans Acts CSV
55871;31242;JJ172;265;FOLIO vide ou non reconnu dans Acts CSV
55872;31242;JJ172;265;FOLIO vide ou non reconnu dans Acts CSV
55873;31242,1;JJ172;265bis;
55874;31242,1;JJ172;265bis;
55875;31243;JJ172;266;FOLIO vide ou non reconnu dans Acts CSV
55876;31244;JJ172;267;FOLIO vide ou non reconnu dans Acts CSV
55877;31245;JJ172;268;FOLIO vide ou non reconnu dans Acts CSV
55878;31245;JJ172;268;FOLIO vide ou non reconnu dans Acts CSV
55879;31246;JJ172;269;
55880;31246;JJ172;269;
55881;31247;JJ172;270;FOLIO vide ou non reconnu dans Acts CSV
55882;31247;JJ172;270;FOLIO vide ou non reconnu dans Acts CSV
55883;31248;JJ172;271;FOLIO vide ou non reconnu dans Acts CSV
55884;31248;JJ172;271;FOLIO vide ou non reconnu dans Acts CSV
55885;31249;JJ172;272;FOLIO vide ou non reconnu dans Acts CSV
55886;31249;JJ172;272;FOLIO vide ou non reconnu dans Acts CSV
55887;31250;JJ172;273;FOLIO vide ou non reconnu dans Acts CSV
55888;31250;JJ172;273;FOLIO vide ou non reconnu dans Acts CSV
55889;31251;JJ172;274;FOLIO vide ou non reconnu dans Acts CSV
55890;31251;JJ172;274;FOLIO vide ou non reconnu dans Acts CSV
55891;31252;JJ172;275;FOLIO vide ou non reconnu dans Acts CSV
55892;31252;JJ172;275;FOLIO vide ou non reconnu dans Acts CSV
55893;31253;JJ172;276;
55894;31254;JJ172;277;FOLIO vide ou non reconnu dans Acts CSV
55895;31254;JJ172;277;FOLIO vide ou non reconnu dans Acts CSV
55896;31255;JJ172;278;FOLIO vide ou non reconnu dans Acts CSV
55897;31255;JJ172;278;FOLIO vide ou non reconnu dans Acts CSV
55898;31256;JJ172;279;FOLIO vide ou non reconnu dans Acts CSV
55899;31256;JJ172;279;FOLIO vide ou non reconnu dans Acts CSV
55900;31257;JJ172;280;FOLIO vide ou non reconnu dans Acts CSV
55901;31257;JJ172;280;FOLIO vide ou non reconnu dans Acts CSV
55902;31258;JJ172;281;FOLIO vide ou non reconnu dans Acts CSV
55903;31259;JJ172;282;FOLIO vide ou non reconnu dans Acts CSV
55904;31259;JJ172;282;FOLIO vide ou non reconnu dans Acts CSV
55905;31260;JJ172;283;FOLIO vide ou non reconnu dans Acts CSV
55906;31260;JJ172;283;FOLIO vide ou non reconnu dans Acts CSV
55907;31260;JJ172;283;FOLIO vide ou non reconnu dans Acts CSV
55908;31261;JJ172;284;FOLIO vide ou non reconnu dans Acts CSV
55909;31262;JJ172;285;FOLIO vide ou non reconnu dans Acts CSV
55910;31262;JJ172;285;FOLIO vide ou non reconnu dans Acts CSV
55911;31263;JJ172;286;FOLIO vide ou non reconnu dans Acts CSV
55912;31263;JJ172;286;FOLIO vide ou non reconnu dans Acts CSV
55913;31264;JJ172;287;FOLIO vide ou non reconnu dans Acts CSV
55914;31264;JJ172;287;FOLIO vide ou non reconnu dans Acts CSV
55915;31265;JJ172;288;FOLIO vide ou non reconnu dans Acts CSV
55916;31265;JJ172;288;FOLIO vide ou non reconnu dans Acts CSV
55917;31266;JJ172;289;FOLIO vide ou non reconnu dans Acts CSV
55918;31266;JJ172;289;FOLIO vide ou non reconnu dans Acts CSV
55919;31267;JJ172;290;FOLIO vide ou non reconnu dans Acts CSV
55920;31267;JJ172;290;FOLIO vide ou non reconnu dans Acts CSV
55921;31268;JJ172;291;FOLIO vide ou non reconnu dans Acts CSV
55922;31268;JJ172;291;FOLIO vide ou non reconnu dans Acts CSV
55923;31269;JJ172;292;FOLIO vide ou non reconnu dans Acts CSV
55924;31270;JJ172;293;FOLIO vide ou non reconnu dans Acts CSV
55925;31270;JJ172;293;FOLIO vide ou non reconnu dans Acts CSV
55926;31271;JJ172;294;FOLIO vide ou non reconnu dans Acts CSV
55927;31271;JJ172;294;FOLIO vide ou non reconnu dans Acts CSV
55928;31271;JJ172;294;FOLIO vide ou non reconnu dans Acts CSV
55929;31272;JJ172;295;FOLIO vide ou non reconnu dans Acts CSV
55930;31272;JJ172;295;FOLIO vide ou non reconnu dans Acts CSV
55931;31273;JJ172;296;FOLIO vide ou non reconnu dans Acts CSV
55932;31273;JJ172;296;FOLIO vide ou non reconnu dans Acts CSV
55933;31274;JJ172;297;FOLIO vide ou non reconnu dans Acts CSV
55934;31274;JJ172;297;FOLIO vide ou non reconnu dans Acts CSV
55935;31275;JJ172;298;FOLIO vide ou non reconnu dans Acts CSV
55936;31275;JJ172;298;FOLIO vide ou non reconnu dans Acts CSV
55937;31276;JJ172;299;FOLIO vide ou non reconnu dans Acts CSV
55938;31276;JJ172;299;FOLIO vide ou non reconnu dans Acts CSV
55939;31276;JJ172;299;FOLIO vide ou non reconnu dans Acts CSV
55940;31276;JJ172;299;FOLIO vide ou non reconnu dans Acts CSV
55941;31277;JJ172;300;FOLIO vide ou non reconnu dans Acts CSV
55942;31277;JJ172;300;FOLIO vide ou non reconnu dans Acts CSV
55943;31277;JJ172;300;FOLIO vide ou non reconnu dans Acts CSV
55944;31278;JJ172;301;FOLIO vide ou non reconnu dans Acts CSV
55945;31279;JJ172;302;FOLIO vide ou non reconnu dans Acts CSV
55946;31279;JJ172;302;FOLIO vide ou non reconnu dans Acts CSV
55947;31280;JJ172;303;FOLIO vide ou non reconnu dans Acts CSV
55948;31280;JJ172;303;FOLIO vide ou non reconnu dans Acts CSV
55949;31281;JJ172;304;FOLIO vide ou non reconnu dans Acts CSV
55950;31282;JJ172;305;FOLIO vide ou non reconnu dans Acts CSV
55951;31282;JJ172;305;FOLIO vide ou non reconnu dans Acts CSV
55952;31282;JJ172;305;FOLIO vide ou non reconnu dans Acts CSV
55953;31283;JJ172;306;FOLIO vide ou non reconnu dans Acts CSV
55954;31283;JJ172;306;FOLIO vide ou non reconnu dans Acts CSV
55955;31284;JJ172;307;FOLIO vide ou non reconnu dans Acts CSV
55956;31284;JJ172;307;FOLIO vide ou non reconnu dans Acts CSV
55957;31285;JJ172;308;FOLIO vide ou non reconnu dans Acts CSV
55958;31285;JJ172;308;FOLIO vide ou non reconnu dans Acts CSV
55959;31285;JJ172;308;FOLIO vide ou non reconnu dans Acts CSV
55960;31286;JJ172;309;FOLIO vide ou non reconnu dans Acts CSV
55961;31286;JJ172;309;FOLIO vide ou non reconnu dans Acts CSV
55962;31287;JJ172;310;FOLIO vide ou non reconnu dans Acts CSV
55963;31287;JJ172;310;FOLIO vide ou non reconnu dans Acts CSV
55964;31287;JJ172;310;FOLIO vide ou non reconnu dans Acts CSV
55965;31288;JJ172;311;
55966;31288;JJ172;311;
55967;31289;JJ172;312;FOLIO vide ou non reconnu dans Acts CSV
55968;31289;JJ172;312;FOLIO vide ou non reconnu dans Acts CSV
55969;31290;JJ172;313;FOLIO vide ou non reconnu dans Acts CSV
55970;31290;JJ172;313;FOLIO vide ou non reconnu dans Acts CSV
55971;31291;JJ172;314;FOLIO vide ou non reconnu dans Acts CSV
55972;31291;JJ172;314;FOLIO vide ou non reconnu dans Acts CSV
55973;31292;JJ172;315;FOLIO vide ou non reconnu dans Acts CSV
55974;31292;JJ172;315;FOLIO vide ou non reconnu dans Acts CSV
55975;31293;JJ172;316;FOLIO vide ou non reconnu dans Acts CSV
55976;31293;JJ172;316;FOLIO vide ou non reconnu dans Acts CSV
55977;31294;JJ172;317;
55978;31294;JJ172;317;
55979;31295;JJ172;318;FOLIO vide ou non reconnu dans Acts CSV
55980;31295;JJ172;318;FOLIO vide ou non reconnu dans Acts CSV
55981;31296;JJ172;319;FOLIO vide ou non reconnu dans Acts CSV
55982;31296;JJ172;319;FOLIO vide ou non reconnu dans Acts CSV
55983;31297;JJ172;320;FOLIO vide ou non reconnu dans Acts CSV
55984;31297;JJ172;320;FOLIO vide ou non reconnu dans Acts CSV
55985;31298;JJ172;321;FOLIO vide ou non reconnu dans Acts CSV
55986;31298;JJ172;321;FOLIO vide ou non reconnu dans Acts CSV
55987;31299;JJ172;322;FOLIO vide ou non reconnu dans Acts CSV
55988;31299;JJ172;322;FOLIO vide ou non reconnu dans Acts CSV
55989;31299;JJ172;322;FOLIO vide ou non reconnu dans Acts CSV
55990;31300;JJ172;323;FOLIO vide ou non reconnu dans Acts CSV
55991;31300;JJ172;323;FOLIO vide ou non reconnu dans Acts CSV
55992;31301;JJ172;324;FOLIO vide ou non reconnu dans Acts CSV
55993;31301;JJ172;324;FOLIO vide ou non reconnu dans Acts CSV
55994;31302;JJ172;325;FOLIO vide ou non reconnu dans Acts CSV
55995;31302;JJ172;325;FOLIO vide ou non reconnu dans Acts CSV
55996;31302;JJ172;325;FOLIO vide ou non reconnu dans Acts CSV
55997;31302;JJ172;325;FOLIO vide ou non reconnu dans Acts CSV
55998;31303;JJ172;326;FOLIO vide ou non reconnu dans Acts CSV
55999;31303;JJ172;326;FOLIO vide ou non reconnu dans Acts CSV
56000;31304;JJ172;327;FOLIO vide ou non reconnu dans Acts CSV
56001;31304;JJ172;327;FOLIO vide ou non reconnu dans Acts CSV
56002;31305;JJ172;328;FOLIO vide ou non reconnu dans Acts CSV
56003;31305;JJ172;328;FOLIO vide ou non reconnu dans Acts CSV
56004;31305;JJ172;328;FOLIO vide ou non reconnu dans Acts CSV
56005;31305;JJ172;328;FOLIO vide ou non reconnu dans Acts CSV
56006;31306;JJ172;329;FOLIO vide ou non reconnu dans Acts CSV
56007;31306;JJ172;329;FOLIO vide ou non reconnu dans Acts CSV
56008;31307;JJ172;330;FOLIO vide ou non reconnu dans Acts CSV
56009;31307;JJ172;330;FOLIO vide ou non reconnu dans Acts CSV
56010;31308;JJ172;331;FOLIO vide ou non reconnu dans Acts CSV
56011;31309;JJ172;332;FOLIO vide ou non reconnu dans Acts CSV
56012;31310;JJ172;333;FOLIO vide ou non reconnu dans Acts CSV
56013;31310;JJ172;333;FOLIO vide ou non reconnu dans Acts CSV
56014;31311;JJ172;334;FOLIO vide ou non reconnu dans Acts CSV
56015;31311;JJ172;334;FOLIO vide ou non reconnu dans Acts CSV
56016;31312;JJ172;335;FOLIO vide ou non reconnu dans Acts CSV
56017;31312;JJ172;335;FOLIO vide ou non reconnu dans Acts CSV
56018;31313;JJ172;336;FOLIO vide ou non reconnu dans Acts CSV
56019;31313;JJ172;336;FOLIO vide ou non reconnu dans Acts CSV
56020;31314;JJ172;337;FOLIO vide ou non reconnu dans Acts CSV
56021;31314;JJ172;337;FOLIO vide ou non reconnu dans Acts CSV
56022;31315;JJ172;338;FOLIO vide ou non reconnu dans Acts CSV
56023;31315;JJ172;338;FOLIO vide ou non reconnu dans Acts CSV
56024;31316;JJ172;339;FOLIO vide ou non reconnu dans Acts CSV
56025;31316;JJ172;339;FOLIO vide ou non reconnu dans Acts CSV
56026;31317;JJ172;340;FOLIO vide ou non reconnu dans Acts CSV
56027;31317;JJ172;340;FOLIO vide ou non reconnu dans Acts CSV
56028;31318;JJ172;341;FOLIO vide ou non reconnu dans Acts CSV
56029;31319;JJ172;342;FOLIO vide ou non reconnu dans Acts CSV
56030;31319;JJ172;342;FOLIO vide ou non reconnu dans Acts CSV
56031;31320;JJ172;343;FOLIO vide ou non reconnu dans Acts CSV
56032;31320;JJ172;343;FOLIO vide ou non reconnu dans Acts CSV
56033;31321;JJ172;344;FOLIO vide ou non reconnu dans Acts CSV
56034;31321;JJ172;344;FOLIO vide ou non reconnu dans Acts CSV
56035;31322;JJ172;345;FOLIO vide ou non reconnu dans Acts CSV
56036;31323;JJ172;346;FOLIO vide ou non reconnu dans Acts CSV
56037;31323;JJ172;346;FOLIO vide ou non reconnu dans Acts CSV
56038;31324;JJ172;347;FOLIO vide ou non reconnu dans Acts CSV
56039;31325;JJ172;348;FOLIO vide ou non reconnu dans Acts CSV
56040;31325;JJ172;348;FOLIO vide ou non reconnu dans Acts CSV
56041;31326;JJ172;349;FOLIO vide ou non reconnu dans Acts CSV
56042;31326;JJ172;349;FOLIO vide ou non reconnu dans Acts CSV
56043;31327;JJ172;350;FOLIO vide ou non reconnu dans Acts CSV
56044;31327;JJ172;350;FOLIO vide ou non reconnu dans Acts CSV
56045;31327;JJ172;350;FOLIO vide ou non reconnu dans Acts CSV
56046;31328;JJ172;351;FOLIO vide ou non reconnu dans Acts CSV
56047;31328;JJ172;351;FOLIO vide ou non reconnu dans Acts CSV
56048;31329;JJ172;352;FOLIO vide ou non reconnu dans Acts CSV
56049;31329;JJ172;352;FOLIO vide ou non reconnu dans Acts CSV
56050;31330;JJ172;353;FOLIO vide ou non reconnu dans Acts CSV
56051;31330;JJ172;353;FOLIO vide ou non reconnu dans Acts CSV
56052;31331;JJ172;354;FOLIO vide ou non reconnu dans Acts CSV
56053;31331;JJ172;354;FOLIO vide ou non reconnu dans Acts CSV
56054;31332;JJ172;355;FOLIO vide ou non reconnu dans Acts CSV
56055;31332;JJ172;355;FOLIO vide ou non reconnu dans Acts CSV
56056;31332;JJ172;355;FOLIO vide ou non reconnu dans Acts CSV
56057;31332;JJ172;355;FOLIO vide ou non reconnu dans Acts CSV
56058;31333;JJ172;356;FOLIO vide ou non reconnu dans Acts CSV
56059;31333;JJ172;356;FOLIO vide ou non reconnu dans Acts CSV
56060;31334;JJ172;357;FOLIO vide ou non reconnu dans Acts CSV
56061;31334;JJ172;357;FOLIO vide ou non reconnu dans Acts CSV
56062;31335;JJ172;358;FOLIO vide ou non reconnu dans Acts CSV
56063;31335;JJ172;358;FOLIO vide ou non reconnu dans Acts CSV
56064;31335;JJ172;358;FOLIO vide ou non reconnu dans Acts CSV
56065;31335;JJ172;358;FOLIO vide ou non reconnu dans Acts CSV
56066;31336;JJ172;359;FOLIO vide ou non reconnu dans Acts CSV
56067;31336;JJ172;359;FOLIO vide ou non reconnu dans Acts CSV
56068;31337;JJ172;360;FOLIO vide ou non reconnu dans Acts CSV
56069;31337;JJ172;360;FOLIO vide ou non reconnu dans Acts CSV
56070;31338;JJ172;361;FOLIO vide ou non reconnu dans Acts CSV
56071;31338;JJ172;361;FOLIO vide ou non reconnu dans Acts CSV
56072;31339;JJ172;361bis;FOLIO vide ou non reconnu dans Acts CSV
56073;31340;JJ172;362;FOLIO vide ou non reconnu dans Acts CSV
56074;31340;JJ172;362;FOLIO vide ou non reconnu dans Acts CSV
56075;31341;JJ172;363;FOLIO vide ou non reconnu dans Acts CSV
56076;31341;JJ172;363;FOLIO vide ou non reconnu dans Acts CSV
56077;31341;JJ172;363;FOLIO vide ou non reconnu dans Acts CSV
56078;31342;JJ172;364;FOLIO vide ou non reconnu dans Acts CSV
56079;31342;JJ172;364;FOLIO vide ou non reconnu dans Acts CSV
56080;31343;JJ172;365;FOLIO vide ou non reconnu dans Acts CSV
56081;31343;JJ172;365;FOLIO vide ou non reconnu dans Acts CSV
56082;31344;JJ172;366;FOLIO vide ou non reconnu dans Acts CSV
56083;31344;JJ172;366;FOLIO vide ou non reconnu dans Acts CSV
56084;31345;JJ172;367;FOLIO vide ou non reconnu dans Acts CSV
56085;31345;JJ172;367;FOLIO vide ou non reconnu dans Acts CSV
56086;31346;JJ172;368;FOLIO vide ou non reconnu dans Acts CSV
56087;31346;JJ172;368;FOLIO vide ou non reconnu dans Acts CSV
56088;31347;JJ172;369;FOLIO vide ou non reconnu dans Acts CSV
56089;31347;JJ172;369;FOLIO vide ou non reconnu dans Acts CSV
56090;31348;JJ172;370;FOLIO vide ou non reconnu dans Acts CSV
56091;31348;JJ172;370;FOLIO vide ou non reconnu dans Acts CSV
56092;31349;JJ172;371;FOLIO vide ou non reconnu dans Acts CSV
56093;31349;JJ172;371;FOLIO vide ou non reconnu dans Acts CSV
56094;31350;JJ172;372;FOLIO vide ou non reconnu dans Acts CSV
56095;31350;JJ172;372;FOLIO vide ou non reconnu dans Acts CSV
56096;31351;JJ172;373;FOLIO vide ou non reconnu dans Acts CSV
56097;31351;JJ172;373;FOLIO vide ou non reconnu dans Acts CSV
56098;31351;JJ172;373;FOLIO vide ou non reconnu dans Acts CSV
56099;31352;JJ172;374;FOLIO vide ou non reconnu dans Acts CSV
56100;31352;JJ172;374;FOLIO vide ou non reconnu dans Acts CSV
56101;31352;JJ172;374;FOLIO vide ou non reconnu dans Acts CSV
56102;31353;JJ172;375;FOLIO vide ou non reconnu dans Acts CSV
56103;31353;JJ172;375;FOLIO vide ou non reconnu dans Acts CSV
56104;31354;JJ172;376;FOLIO vide ou non reconnu dans Acts CSV
56105;31354;JJ172;376;FOLIO vide ou non reconnu dans Acts CSV
56106;31355;JJ172;377;FOLIO vide ou non reconnu dans Acts CSV
56107;31355;JJ172;377;FOLIO vide ou non reconnu dans Acts CSV
56108;31356;JJ172;378;FOLIO vide ou non reconnu dans Acts CSV
56109;31356;JJ172;378;FOLIO vide ou non reconnu dans Acts CSV
56110;31357;JJ172;379;
56111;31357;JJ172;379;
56112;31357;JJ172;379;
56113;31358;JJ172;380;FOLIO vide ou non reconnu dans Acts CSV
56114;31358;JJ172;380;FOLIO vide ou non reconnu dans Acts CSV
56115;31358;JJ172;380;FOLIO vide ou non reconnu dans Acts CSV
56116;31358;JJ172;380;FOLIO vide ou non reconnu dans Acts CSV
56117;31358;JJ172;380;FOLIO vide ou non reconnu dans Acts CSV
56118;31358;JJ172;380;FOLIO vide ou non reconnu dans Acts CSV
56119;31358;JJ172;380;FOLIO vide ou non reconnu dans Acts CSV
56120;31359;JJ172;381;FOLIO vide ou non reconnu dans Acts CSV
56121;31359;JJ172;381;FOLIO vide ou non reconnu dans Acts CSV
56122;31360;JJ172;382;FOLIO vide ou non reconnu dans Acts CSV
56123;31360;JJ172;382;FOLIO vide ou non reconnu dans Acts CSV
56124;31361;JJ172;383;FOLIO vide ou non reconnu dans Acts CSV
56125;31361;JJ172;383;FOLIO vide ou non reconnu dans Acts CSV
56128;31363;JJ172;385;FOLIO vide ou non reconnu dans Acts CSV
56129;31364;JJ172;386;FOLIO vide ou non reconnu dans Acts CSV
56130;31364;JJ172;386;FOLIO vide ou non reconnu dans Acts CSV
56131;31364;JJ172;386;FOLIO vide ou non reconnu dans Acts CSV
56132;31364;JJ172;386;FOLIO vide ou non reconnu dans Acts CSV
56133;31365;JJ172;387;FOLIO vide ou non reconnu dans Acts CSV
56134;31365;JJ172;387;FOLIO vide ou non reconnu dans Acts CSV
56135;31366;JJ172;388;FOLIO vide ou non reconnu dans Acts CSV
56136;31366;JJ172;388;FOLIO vide ou non reconnu dans Acts CSV
56137;31366;JJ172;388;FOLIO vide ou non reconnu dans Acts CSV
56138;31367;JJ172;389;FOLIO vide ou non reconnu dans Acts CSV
56139;31367;JJ172;389;FOLIO vide ou non reconnu dans Acts CSV
56140;31368;JJ172;390;FOLIO vide ou non reconnu dans Acts CSV
56141;31368;JJ172;390;FOLIO vide ou non reconnu dans Acts CSV
56142;31369;JJ172;391;FOLIO vide ou non reconnu dans Acts CSV
56143;31369;JJ172;391;FOLIO vide ou non reconnu dans Acts CSV
56144;31370;JJ172;392;FOLIO vide ou non reconnu dans Acts CSV
56145;31370;JJ172;392;FOLIO vide ou non reconnu dans Acts CSV
56146;31371;JJ172;393;FOLIO vide ou non reconnu dans Acts CSV
56147;31371;JJ172;393;FOLIO vide ou non reconnu dans Acts CSV
56148;31372;JJ172;394;FOLIO vide ou non reconnu dans Acts CSV
56149;31372;JJ172;394;FOLIO vide ou non reconnu dans Acts CSV
56150;31372;JJ172;394;FOLIO vide ou non reconnu dans Acts CSV
56151;31373;JJ172;395;FOLIO vide ou non reconnu dans Acts CSV
56152;31373;JJ172;395;FOLIO vide ou non reconnu dans Acts CSV
56153;31373;JJ172;395;FOLIO vide ou non reconnu dans Acts CSV
56154;31373;JJ172;395;FOLIO vide ou non reconnu dans Acts CSV
56155;31374;JJ172;396;FOLIO vide ou non reconnu dans Acts CSV
56156;31374;JJ172;396;FOLIO vide ou non reconnu dans Acts CSV
56157;31375;JJ172;397;FOLIO vide ou non reconnu dans Acts CSV
56158;31375;JJ172;397;FOLIO vide ou non reconnu dans Acts CSV
56159;31376;JJ172;398;FOLIO vide ou non reconnu dans Acts CSV
56160;31376;JJ172;398;FOLIO vide ou non reconnu dans Acts CSV
56161;31376;JJ172;398;FOLIO vide ou non reconnu dans Acts CSV
56162;31376;JJ172;398;FOLIO vide ou non reconnu dans Acts CSV
56163;31377;JJ172;399;
56164;31377;JJ172;399;
56165;31378;JJ172;400;FOLIO vide ou non reconnu dans Acts CSV
56166;31378;JJ172;400;FOLIO vide ou non reconnu dans Acts CSV
56167;31379;JJ172;401;FOLIO vide ou non reconnu dans Acts CSV
56168;31379;JJ172;401;FOLIO vide ou non reconnu dans Acts CSV
56169;31380;JJ172;402;FOLIO vide ou non reconnu dans Acts CSV
56170;31380;JJ172;402;FOLIO vide ou non reconnu dans Acts CSV
56171;31381;JJ172;403;FOLIO vide ou non reconnu dans Acts CSV
56172;31381;JJ172;403;FOLIO vide ou non reconnu dans Acts CSV
56173;31382;JJ172;404;FOLIO vide ou non reconnu dans Acts CSV
56174;31382;JJ172;404;FOLIO vide ou non reconnu dans Acts CSV
56175;31383;JJ172;405;FOLIO vide ou non reconnu dans Acts CSV
56176;31383;JJ172;405;FOLIO vide ou non reconnu dans Acts CSV
56177;31383;JJ172;405;FOLIO vide ou non reconnu dans Acts CSV
56178;31384;JJ172;406;FOLIO vide ou non reconnu dans Acts CSV
56179;31385;JJ172;407;FOLIO vide ou non reconnu dans Acts CSV
56180;31385;JJ172;407;FOLIO vide ou non reconnu dans Acts CSV
56181;31385;JJ172;407;FOLIO vide ou non reconnu dans Acts CSV
56182;31386;JJ172;408;FOLIO vide ou non reconnu dans Acts CSV
56183;31386;JJ172;408;FOLIO vide ou non reconnu dans Acts CSV
56184;31387;JJ172;409;FOLIO vide ou non reconnu dans Acts CSV
56185;31387;JJ172;409;FOLIO vide ou non reconnu dans Acts CSV
56186;31388;JJ172;410;FOLIO vide ou non reconnu dans Acts CSV
56187;31388;JJ172;410;FOLIO vide ou non reconnu dans Acts CSV
56188;31388;JJ172;410;FOLIO vide ou non reconnu dans Acts CSV
56189;31389;JJ172;411;FOLIO vide ou non reconnu dans Acts CSV
56190;31389;JJ172;411;FOLIO vide ou non reconnu dans Acts CSV
56191;31389;JJ172;411;FOLIO vide ou non reconnu dans Acts CSV
56192;31390;JJ172;412;FOLIO vide ou non reconnu dans Acts CSV
56193;31390;JJ172;412;FOLIO vide ou non reconnu dans Acts CSV
56194;31391;JJ172;413;FOLIO vide ou non reconnu dans Acts CSV
56195;31392;JJ172;414;FOLIO vide ou non reconnu dans Acts CSV
56196;31392;JJ172;414;FOLIO vide ou non reconnu dans Acts CSV
56197;31392;JJ172;414;FOLIO vide ou non reconnu dans Acts CSV
56198;31393;JJ172;415;FOLIO vide ou non reconnu dans Acts CSV
56199;31393;JJ172;415;FOLIO vide ou non reconnu dans Acts CSV
56200;31394;JJ172;416;FOLIO vide ou non reconnu dans Acts CSV
56201;31394;JJ172;416;FOLIO vide ou non reconnu dans Acts CSV
56202;31394;JJ172;416;FOLIO vide ou non reconnu dans Acts CSV
56203;31395;JJ172;417;FOLIO vide ou non reconnu dans Acts CSV
56204;31395;JJ172;417;FOLIO vide ou non reconnu dans Acts CSV
56205;31396;JJ172;418;FOLIO vide ou non reconnu dans Acts CSV
56206;31396;JJ172;418;FOLIO vide ou non reconnu dans Acts CSV
56207;31396;JJ172;418;FOLIO vide ou non reconnu dans Acts CSV
56208;31396;JJ172;418;FOLIO vide ou non reconnu dans Acts CSV
56209;31397;JJ172;419;FOLIO vide ou non reconnu dans Acts CSV
56210;31397;JJ172;419;FOLIO vide ou non reconnu dans Acts CSV
56211;31398;JJ172;420;FOLIO vide ou non reconnu dans Acts CSV
56212;31399;JJ172;421;FOLIO vide ou non reconnu dans Acts CSV
56213;31399;JJ172;421;FOLIO vide ou non reconnu dans Acts CSV
56214;31399;JJ172;421;FOLIO vide ou non reconnu dans Acts CSV
56215;31400;JJ172;422;FOLIO vide ou non reconnu dans Acts CSV
56216;31400;JJ172;422;FOLIO vide ou non reconnu dans Acts CSV
56217;31401;JJ172;423;FOLIO vide ou non reconnu dans Acts CSV
56218;31401;JJ172;423;FOLIO vide ou non reconnu dans Acts CSV
56219;31402;JJ172;424;FOLIO vide ou non reconnu dans Acts CSV
56220;31402;JJ172;424;FOLIO vide ou non reconnu dans Acts CSV
56221;31402;JJ172;424;FOLIO vide ou non reconnu dans Acts CSV
56222;31403;JJ172;425;
56223;31403;JJ172;425;
56224;31403;JJ172;425;
56225;31405;JJ172;427;FOLIO vide ou non reconnu dans Acts CSV
56226;31405;JJ172;427;FOLIO vide ou non reconnu dans Acts CSV
56227;31406;JJ172;428;FOLIO vide ou non reconnu dans Acts CSV
56228;31406;JJ172;428;FOLIO vide ou non reconnu dans Acts CSV
56229;31407;JJ172;429;FOLIO vide ou non reconnu dans Acts CSV
56230;31407;JJ172;429;FOLIO vide ou non reconnu dans Acts CSV
56231;31408;JJ172;430;FOLIO vide ou non reconnu dans Acts CSV
56232;31408;JJ172;430;FOLIO vide ou non reconnu dans Acts CSV
56233;31408;JJ172;430;FOLIO vide ou non reconnu dans Acts CSV
56234;31409;JJ172;431;FOLIO vide ou non reconnu dans Acts CSV
56235;31409;JJ172;431;FOLIO vide ou non reconnu dans Acts CSV
56236;31410;JJ172;432;FOLIO vide ou non reconnu dans Acts CSV
56237;31410;JJ172;432;FOLIO vide ou non reconnu dans Acts CSV
56238;31411;JJ172;433;FOLIO vide ou non reconnu dans Acts CSV
56239;31411;JJ172;433;FOLIO vide ou non reconnu dans Acts CSV
56240;31412;JJ172;434;FOLIO vide ou non reconnu dans Acts CSV
56241;31413;JJ172;435;FOLIO vide ou non reconnu dans Acts CSV
56242;31413;JJ172;435;FOLIO vide ou non reconnu dans Acts CSV
56243;31414;JJ172;436;FOLIO vide ou non reconnu dans Acts CSV
56244;31414;JJ172;436;FOLIO vide ou non reconnu dans Acts CSV
56245;31415;JJ172;437;FOLIO vide ou non reconnu dans Acts CSV
56246;31415;JJ172;437;FOLIO vide ou non reconnu dans Acts CSV
56247;31416;JJ172;438;FOLIO vide ou non reconnu dans Acts CSV
56248;31416;JJ172;438;FOLIO vide ou non reconnu dans Acts CSV
56249;31416;JJ172;438;FOLIO vide ou non reconnu dans Acts CSV
56250;31417;JJ172;439;FOLIO vide ou non reconnu dans Acts CSV
56251;31417;JJ172;439;FOLIO vide ou non reconnu dans Acts CSV
56252;31418;JJ172;440;FOLIO vide ou non reconnu dans Acts CSV
56253;31418;JJ172;440;FOLIO vide ou non reconnu dans Acts CSV
56254;31418;JJ172;440;FOLIO vide ou non reconnu dans Acts CSV
56255;31419;JJ172;441;FOLIO vide ou non reconnu dans Acts CSV
56256;31419;JJ172;441;FOLIO vide ou non reconnu dans Acts CSV
56257;31420;JJ172;442;FOLIO vide ou non reconnu dans Acts CSV
56258;31420;JJ172;442;FOLIO vide ou non reconnu dans Acts CSV
56259;31421;JJ172;443;FOLIO vide ou non reconnu dans Acts CSV
56260;31421;JJ172;443;FOLIO vide ou non reconnu dans Acts CSV
56261;31422;JJ172;444;FOLIO vide ou non reconnu dans Acts CSV
56262;31422;JJ172;444;FOLIO vide ou non reconnu dans Acts CSV
56263;31423;JJ172;445;FOLIO vide ou non reconnu dans Acts CSV
56264;31423;JJ172;445;FOLIO vide ou non reconnu dans Acts CSV
56265;31423;JJ172;445;FOLIO vide ou non reconnu dans Acts CSV
56266;31424;JJ172;446;FOLIO vide ou non reconnu dans Acts CSV
56267;31424;JJ172;446;FOLIO vide ou non reconnu dans Acts CSV
56268;31425;JJ172;447;FOLIO vide ou non reconnu dans Acts CSV
56269;31426;JJ172;448;FOLIO vide ou non reconnu dans Acts CSV
56270;31426;JJ172;448;FOLIO vide ou non reconnu dans Acts CSV
56271;31427;JJ172;449;FOLIO vide ou non reconnu dans Acts CSV
56272;31427;JJ172;449;FOLIO vide ou non reconnu dans Acts CSV
56273;31428;JJ172;450;FOLIO vide ou non reconnu dans Acts CSV
56274;31428;JJ172;450;FOLIO vide ou non reconnu dans Acts CSV
56275;31429;JJ172;451;FOLIO vide ou non reconnu dans Acts CSV
56276;31429;JJ172;451;FOLIO vide ou non reconnu dans Acts CSV
56277;31430;JJ172;452;FOLIO vide ou non reconnu dans Acts CSV
56278;31430;JJ172;452;FOLIO vide ou non reconnu dans Acts CSV
56279;31431;JJ172;453;FOLIO vide ou non reconnu dans Acts CSV
56280;31431;JJ172;453;FOLIO vide ou non reconnu dans Acts CSV
56281;31431;JJ172;453;FOLIO vide ou non reconnu dans Acts CSV
56282;31432;JJ172;454;FOLIO vide ou non reconnu dans Acts CSV
56283;31432;JJ172;454;FOLIO vide ou non reconnu dans Acts CSV
56284;31433;JJ172;455;FOLIO vide ou non reconnu dans Acts CSV
56285;31433;JJ172;455;FOLIO vide ou non reconnu dans Acts CSV
56286;31434;JJ172;456;FOLIO vide ou non reconnu dans Acts CSV
56287;31434;JJ172;456;FOLIO vide ou non reconnu dans Acts CSV
56288;31435;JJ172;457;FOLIO vide ou non reconnu dans Acts CSV
56289;31435;JJ172;457;FOLIO vide ou non reconnu dans Acts CSV
56290;31436;JJ172;458;FOLIO vide ou non reconnu dans Acts CSV
56291;31436;JJ172;458;FOLIO vide ou non reconnu dans Acts CSV
56292;31437;JJ172;459;FOLIO vide ou non reconnu dans Acts CSV
56293;31437;JJ172;459;FOLIO vide ou non reconnu dans Acts CSV
56294;31437;JJ172;459;FOLIO vide ou non reconnu dans Acts CSV
56295;31438;JJ172;460;FOLIO vide ou non reconnu dans Acts CSV
56296;31438;JJ172;460;FOLIO vide ou non reconnu dans Acts CSV
56297;31438;JJ172;460;FOLIO vide ou non reconnu dans Acts CSV
56298;31438;JJ172;460;FOLIO vide ou non reconnu dans Acts CSV
56299;31439;JJ172;461;FOLIO vide ou non reconnu dans Acts CSV
56300;31439;JJ172;461;FOLIO vide ou non reconnu dans Acts CSV
56301;31440;JJ172;462;FOLIO vide ou non reconnu dans Acts CSV
56302;31440;JJ172;462;FOLIO vide ou non reconnu dans Acts CSV
56303;31441;JJ172;463;FOLIO vide ou non reconnu dans Acts CSV
56304;31441;JJ172;463;FOLIO vide ou non reconnu dans Acts CSV
56305;31442;JJ172;464;FOLIO vide ou non reconnu dans Acts CSV
56306;31442;JJ172;464;FOLIO vide ou non reconnu dans Acts CSV
56307;31443;JJ172;465;FOLIO vide ou non reconnu dans Acts CSV
56308;31443;JJ172;465;FOLIO vide ou non reconnu dans Acts CSV
56309;31444;JJ172;466;FOLIO vide ou non reconnu dans Acts CSV
56310;31444;JJ172;466;FOLIO vide ou non reconnu dans Acts CSV
56311;31445;JJ172;467;FOLIO vide ou non reconnu dans Acts CSV
56312;31445;JJ172;467;FOLIO vide ou non reconnu dans Acts CSV
56313;31446;JJ172;468;FOLIO vide ou non reconnu dans Acts CSV
56314;31446;JJ172;468;FOLIO vide ou non reconnu dans Acts CSV
56315;31447;JJ172;469;FOLIO vide ou non reconnu dans Acts CSV
56316;31447;JJ172;469;FOLIO vide ou non reconnu dans Acts CSV
56317;31448;JJ172;470;FOLIO vide ou non reconnu dans Acts CSV
56318;31448;JJ172;470;FOLIO vide ou non reconnu dans Acts CSV
56319;31449;JJ172;471;FOLIO vide ou non reconnu dans Acts CSV
56320;31449;JJ172;471;FOLIO vide ou non reconnu dans Acts CSV
56321;31450;JJ172;472;FOLIO vide ou non reconnu dans Acts CSV
56322;31450;JJ172;472;FOLIO vide ou non reconnu dans Acts CSV
56323;31451;JJ172;473;FOLIO vide ou non reconnu dans Acts CSV
56324;31451;JJ172;473;FOLIO vide ou non reconnu dans Acts CSV
56325;31451;JJ172;473;FOLIO vide ou non reconnu dans Acts CSV
56326;31452;JJ172;474;FOLIO vide ou non reconnu dans Acts CSV
56327;31452;JJ172;474;FOLIO vide ou non reconnu dans Acts CSV
56328;31453;JJ172;475;FOLIO vide ou non reconnu dans Acts CSV
56329;31453;JJ172;475;FOLIO vide ou non reconnu dans Acts CSV
56330;31454;JJ172;476;FOLIO vide ou non reconnu dans Acts CSV
56331;31454;JJ172;476;FOLIO vide ou non reconnu dans Acts CSV
56332;31455;JJ172;477;FOLIO vide ou non reconnu dans Acts CSV
56333;31455;JJ172;477;FOLIO vide ou non reconnu dans Acts CSV
56334;31456;JJ172;478;
56335;31456;JJ172;478;
56336;31457;JJ172;479;FOLIO vide ou non reconnu dans Acts CSV
56337;31457;JJ172;479;FOLIO vide ou non reconnu dans Acts CSV
56338;31458;JJ172;480;FOLIO vide ou non reconnu dans Acts CSV
56339;31458;JJ172;480;FOLIO vide ou non reconnu dans Acts CSV
56340;31459;JJ172;481;FOLIO vide ou non reconnu dans Acts CSV
56341;31459;JJ172;481;FOLIO vide ou non reconnu dans Acts CSV
56342;31460;JJ172;482;FOLIO vide ou non reconnu dans Acts CSV
56343;31460;JJ172;482;FOLIO vide ou non reconnu dans Acts CSV
56344;31461;JJ172;483;FOLIO vide ou non reconnu dans Acts CSV
56345;31462;JJ172;484;FOLIO vide ou non reconnu dans Acts CSV
56346;31462;JJ172;484;FOLIO vide ou non reconnu dans Acts CSV
56347;31463;JJ172;485;FOLIO vide ou non reconnu dans Acts CSV
56348;31463;JJ172;485;FOLIO vide ou non reconnu dans Acts CSV
56349;31464;JJ172;486;FOLIO vide ou non reconnu dans Acts CSV
56350;31464;JJ172;486;FOLIO vide ou non reconnu dans Acts CSV
56351;31465;JJ172;487;FOLIO vide ou non reconnu dans Acts CSV
56352;31465;JJ172;487;FOLIO vide ou non reconnu dans Acts CSV
56353;31466;JJ172;488;FOLIO vide ou non reconnu dans Acts CSV
56354;31466;JJ172;488;FOLIO vide ou non reconnu dans Acts CSV
56355;31467;JJ172;489;FOLIO vide ou non reconnu dans Acts CSV
56356;31468;JJ172;490;FOLIO vide ou non reconnu dans Acts CSV
56357;31468;JJ172;490;FOLIO vide ou non reconnu dans Acts CSV
56358;31469;JJ172;491;FOLIO vide ou non reconnu dans Acts CSV
56359;31469;JJ172;491;FOLIO vide ou non reconnu dans Acts CSV
56360;31470;JJ172;492;FOLIO vide ou non reconnu dans Acts CSV
56361;31470;JJ172;492;FOLIO vide ou non reconnu dans Acts CSV
56362;31471;JJ172;493;FOLIO vide ou non reconnu dans Acts CSV
56363;31471;JJ172;493;FOLIO vide ou non reconnu dans Acts CSV
56364;31472;JJ172;494;FOLIO vide ou non reconnu dans Acts CSV
56365;31472;JJ172;494;FOLIO vide ou non reconnu dans Acts CSV
56366;31473;JJ172;495;FOLIO vide ou non reconnu dans Acts CSV
56367;31473;JJ172;495;FOLIO vide ou non reconnu dans Acts CSV
56368;31474;JJ172;496;FOLIO vide ou non reconnu dans Acts CSV
56369;31474;JJ172;496;FOLIO vide ou non reconnu dans Acts CSV
56370;31475;JJ172;497;FOLIO vide ou non reconnu dans Acts CSV
56371;31475;JJ172;497;FOLIO vide ou non reconnu dans Acts CSV
56372;31475;JJ172;497;FOLIO vide ou non reconnu dans Acts CSV
56373;31475;JJ172;497;FOLIO vide ou non reconnu dans Acts CSV
56374;31476;JJ172;498;FOLIO vide ou non reconnu dans Acts CSV
56375;31476;JJ172;498;FOLIO vide ou non reconnu dans Acts CSV
56376;31477;JJ172;499;FOLIO vide ou non reconnu dans Acts CSV
56377;31478;JJ172;500;FOLIO vide ou non reconnu dans Acts CSV
56378;31478;JJ172;500;FOLIO vide ou non reconnu dans Acts CSV
56379;31479;JJ172;501;FOLIO vide ou non reconnu dans Acts CSV
56380;31479;JJ172;501;FOLIO vide ou non reconnu dans Acts CSV
56381;31480;JJ172;502;FOLIO vide ou non reconnu dans Acts CSV
56382;31480;JJ172;502;FOLIO vide ou non reconnu dans Acts CSV
56383;31481;JJ172;503;FOLIO vide ou non reconnu dans Acts CSV
56384;31481;JJ172;503;FOLIO vide ou non reconnu dans Acts CSV
56385;31482;JJ172;504;FOLIO vide ou non reconnu dans Acts CSV
56386;31483;JJ172;505;FOLIO vide ou non reconnu dans Acts CSV
56387;31483;JJ172;505;FOLIO vide ou non reconnu dans Acts CSV
56388;31484;JJ172;506;FOLIO vide ou non reconnu dans Acts CSV
56389;31484;JJ172;506;FOLIO vide ou non reconnu dans Acts CSV
56390;31485;JJ172;507;FOLIO vide ou non reconnu dans Acts CSV
56391;31485;JJ172;507;FOLIO vide ou non reconnu dans Acts CSV
56392;31486;JJ172;508;FOLIO vide ou non reconnu dans Acts CSV
56393;31486;JJ172;508;FOLIO vide ou non reconnu dans Acts CSV
56394;31487;JJ172;509;FOLIO vide ou non reconnu dans Acts CSV
56395;31487;JJ172;509;FOLIO vide ou non reconnu dans Acts CSV
56396;31488;JJ172;510;FOLIO vide ou non reconnu dans Acts CSV
56397;31488;JJ172;510;FOLIO vide ou non reconnu dans Acts CSV
56398;31489;JJ172;511;FOLIO vide ou non reconnu dans Acts CSV
56399;31489;JJ172;511;FOLIO vide ou non reconnu dans Acts CSV
56400;31490;JJ172;512;FOLIO vide ou non reconnu dans Acts CSV
56401;31490;JJ172;512;FOLIO vide ou non reconnu dans Acts CSV
56402;31491;JJ172;513;FOLIO vide ou non reconnu dans Acts CSV
56403;31491;JJ172;513;FOLIO vide ou non reconnu dans Acts CSV
56404;31492;JJ172;514;FOLIO vide ou non reconnu dans Acts CSV
56405;31492;JJ172;514;FOLIO vide ou non reconnu dans Acts CSV
56406;31493;JJ172;515;FOLIO vide ou non reconnu dans Acts CSV
56407;31493;JJ172;515;FOLIO vide ou non reconnu dans Acts CSV
56408;31494;JJ172;516;FOLIO vide ou non reconnu dans Acts CSV
56409;31494;JJ172;516;FOLIO vide ou non reconnu dans Acts CSV
56410;31494;JJ172;516;FOLIO vide ou non reconnu dans Acts CSV
56411;31495;JJ172;517;FOLIO vide ou non reconnu dans Acts CSV
56412;31495;JJ172;517;FOLIO vide ou non reconnu dans Acts CSV
56413;31495;JJ172;517;FOLIO vide ou non reconnu dans Acts CSV
56414;31496;JJ172;518;FOLIO vide ou non reconnu dans Acts CSV
56415;31496;JJ172;518;FOLIO vide ou non reconnu dans Acts CSV
56416;31497;JJ172;519;FOLIO vide ou non reconnu dans Acts CSV
56417;31497;JJ172;519;FOLIO vide ou non reconnu dans Acts CSV
56418;31498;JJ172;520;FOLIO vide ou non reconnu dans Acts CSV
56419;31498;JJ172;520;FOLIO vide ou non reconnu dans Acts CSV
56420;31499;JJ172;521;FOLIO vide ou non reconnu dans Acts CSV
56421;31500;JJ172;522;FOLIO vide ou non reconnu dans Acts CSV
56422;31500;JJ172;522;FOLIO vide ou non reconnu dans Acts CSV
56423;31501;JJ172;523;FOLIO vide ou non reconnu dans Acts CSV
56424;31501;JJ172;523;FOLIO vide ou non reconnu dans Acts CSV
56425;31502;JJ172;524;
56426;31502;JJ172;524;
56427;31503;JJ172;525;FOLIO vide ou non reconnu dans Acts CSV
56428;31504;JJ172;526;FOLIO vide ou non reconnu dans Acts CSV
56429;31505;JJ172;527;FOLIO vide ou non reconnu dans Acts CSV
56430;31505;JJ172;527;FOLIO vide ou non reconnu dans Acts CSV
56431;31506;JJ172;528;FOLIO vide ou non reconnu dans Acts CSV
56432;31506;JJ172;528;FOLIO vide ou non reconnu dans Acts CSV
56433;31507;JJ172;529;FOLIO vide ou non reconnu dans Acts CSV
56434;31507;JJ172;529;FOLIO vide ou non reconnu dans Acts CSV
56435;31508;JJ172;530;FOLIO vide ou non reconnu dans Acts CSV
56436;31508;JJ172;530;FOLIO vide ou non reconnu dans Acts CSV
56437;31509;JJ172;531;FOLIO vide ou non reconnu dans Acts CSV
56438;31509;JJ172;531;FOLIO vide ou non reconnu dans Acts CSV
56439;31510;JJ172;532;FOLIO vide ou non reconnu dans Acts CSV
56440;31511;JJ172;533;FOLIO vide ou non reconnu dans Acts CSV
56441;31511;JJ172;533;FOLIO vide ou non reconnu dans Acts CSV
56442;31512;JJ172;534;FOLIO vide ou non reconnu dans Acts CSV
56443;31512;JJ172;534;FOLIO vide ou non reconnu dans Acts CSV
56444;31513;JJ172;535;FOLIO vide ou non reconnu dans Acts CSV
56445;31513;JJ172;535;FOLIO vide ou non reconnu dans Acts CSV
56446;31514;JJ172;536;FOLIO vide ou non reconnu dans Acts CSV
56447;31515;JJ172;537;FOLIO vide ou non reconnu dans Acts CSV
56448;31516;JJ172;538;FOLIO vide ou non reconnu dans Acts CSV
56449;31516;JJ172;538;FOLIO vide ou non reconnu dans Acts CSV
56450;31517;JJ172;539;FOLIO vide ou non reconnu dans Acts CSV
56451;31517;JJ172;539;FOLIO vide ou non reconnu dans Acts CSV
56452;31518;JJ172;540;FOLIO vide ou non reconnu dans Acts CSV
56453;31518;JJ172;540;FOLIO vide ou non reconnu dans Acts CSV
56454;31518;JJ172;540;FOLIO vide ou non reconnu dans Acts CSV
56455;31518;JJ172;540;FOLIO vide ou non reconnu dans Acts CSV
56456;31518;JJ172;540;FOLIO vide ou non reconnu dans Acts CSV
56457;31519;JJ172;541;FOLIO vide ou non reconnu dans Acts CSV
56458;31520;JJ172;542;FOLIO vide ou non reconnu dans Acts CSV
56459;31521;JJ172;543;FOLIO vide ou non reconnu dans Acts CSV
56460;31521;JJ172;543;FOLIO vide ou non reconnu dans Acts CSV
56461;31521;JJ172;543;FOLIO vide ou non reconnu dans Acts CSV
56462;31522;JJ172;544;FOLIO vide ou non reconnu dans Acts CSV
56463;31523;JJ172;545;FOLIO vide ou non reconnu dans Acts CSV
56464;31523;JJ172;545;FOLIO vide ou non reconnu dans Acts CSV
56465;31524;JJ172;546;FOLIO vide ou non reconnu dans Acts CSV
56466;31524;JJ172;546;FOLIO vide ou non reconnu dans Acts CSV
56467;31525;JJ172;547;FOLIO vide ou non reconnu dans Acts CSV
56468;31525;JJ172;547;FOLIO vide ou non reconnu dans Acts CSV
56469;31526;JJ172;548;FOLIO vide ou non reconnu dans Acts CSV
56470;31526;JJ172;548;FOLIO vide ou non reconnu dans Acts CSV
56471;31527;JJ172;549;FOLIO vide ou non reconnu dans Acts CSV
56472;31527;JJ172;549;FOLIO vide ou non reconnu dans Acts CSV
56473;31528;JJ172;550;FOLIO vide ou non reconnu dans Acts CSV
56474;31529;JJ172;551;FOLIO vide ou non reconnu dans Acts CSV
56475;31529;JJ172;551;FOLIO vide ou non reconnu dans Acts CSV
56476;31530;JJ172;552;FOLIO vide ou non reconnu dans Acts CSV
56477;31530;JJ172;552;FOLIO vide ou non reconnu dans Acts CSV
56478;31531;JJ172;553;FOLIO vide ou non reconnu dans Acts CSV
56479;31532;JJ172;554;FOLIO vide ou non reconnu dans Acts CSV
56480;31532;JJ172;554;FOLIO vide ou non reconnu dans Acts CSV
56481;31533;JJ172;555;FOLIO vide ou non reconnu dans Acts CSV
56482;31533;JJ172;555;FOLIO vide ou non reconnu dans Acts CSV
56483;31534;JJ172;556;FOLIO vide ou non reconnu dans Acts CSV
56484;31534;JJ172;556;FOLIO vide ou non reconnu dans Acts CSV
56485;31534;JJ172;556;FOLIO vide ou non reconnu dans Acts CSV
56486;31535;JJ172;557;FOLIO vide ou non reconnu dans Acts CSV
56487;31536;JJ172;558;FOLIO vide ou non reconnu dans Acts CSV
56488;31536;JJ172;558;FOLIO vide ou non reconnu dans Acts CSV
56489;31537;JJ172;559;FOLIO vide ou non reconnu dans Acts CSV
56490;31537;JJ172;559;FOLIO vide ou non reconnu dans Acts CSV
56491;31537;JJ172;559;FOLIO vide ou non reconnu dans Acts CSV
56492;31538;JJ172;560;FOLIO vide ou non reconnu dans Acts CSV
56493;31539;JJ172;561;FOLIO vide ou non reconnu dans Acts CSV
56494;31540;JJ172;562;FOLIO vide ou non reconnu dans Acts CSV
56495;31541;JJ172;563;FOLIO vide ou non reconnu dans Acts CSV
56496;31541;JJ172;563;FOLIO vide ou non reconnu dans Acts CSV
56497;31542;JJ172;564;FOLIO vide ou non reconnu dans Acts CSV
56498;31542;JJ172;564;FOLIO vide ou non reconnu dans Acts CSV
56499;31543;JJ172;565;FOLIO vide ou non reconnu dans Acts CSV
56500;31543;JJ172;565;FOLIO vide ou non reconnu dans Acts CSV
56501;31544;JJ172;566;FOLIO vide ou non reconnu dans Acts CSV
56502;31545;JJ172;567;FOLIO vide ou non reconnu dans Acts CSV
56503;31546;JJ172;568;FOLIO vide ou non reconnu dans Acts CSV
56504;31546;JJ172;568;FOLIO vide ou non reconnu dans Acts CSV
56505;31547;JJ172;569;FOLIO vide ou non reconnu dans Acts CSV
56506;31547;JJ172;569;FOLIO vide ou non reconnu dans Acts CSV
56507;31547;JJ172;569;FOLIO vide ou non reconnu dans Acts CSV
56508;31547;JJ172;569;FOLIO vide ou non reconnu dans Acts CSV
56509;31547;JJ172;569;FOLIO vide ou non reconnu dans Acts CSV
56510;31547;JJ172;569;FOLIO vide ou non reconnu dans Acts CSV
56511;31548;JJ172;570;FOLIO vide ou non reconnu dans Acts CSV
56512;31548;JJ172;570;FOLIO vide ou non reconnu dans Acts CSV
56513;31549;JJ172;571;
56514;31550;JJ172;572;FOLIO vide ou non reconnu dans Acts CSV
56515;31551;JJ172;573;FOLIO vide ou non reconnu dans Acts CSV
56516;31551;JJ172;573;FOLIO vide ou non reconnu dans Acts CSV
56517;31552;JJ172;574;FOLIO vide ou non reconnu dans Acts CSV
56518;31552;JJ172;574;FOLIO vide ou non reconnu dans Acts CSV
56519;31553;JJ172;575;FOLIO vide ou non reconnu dans Acts CSV
56520;31553;JJ172;575;FOLIO vide ou non reconnu dans Acts CSV
56521;31555;JJ172;577;FOLIO vide ou non reconnu dans Acts CSV
56522;31556;JJ172;578;FOLIO vide ou non reconnu dans Acts CSV
56523;31556;JJ172;578;FOLIO vide ou non reconnu dans Acts CSV
56524;31557;JJ172;579;FOLIO vide ou non reconnu dans Acts CSV
56525;31557;JJ172;579;FOLIO vide ou non reconnu dans Acts CSV
56526;31558;JJ172;580;FOLIO vide ou non reconnu dans Acts CSV
56527;31558;JJ172;580;FOLIO vide ou non reconnu dans Acts CSV
56528;31559;JJ172;581;FOLIO vide ou non reconnu dans Acts CSV
56529;31559;JJ172;581;FOLIO vide ou non reconnu dans Acts CSV
56530;31559;JJ172;581;FOLIO vide ou non reconnu dans Acts CSV
56531;31560;JJ172;582;FOLIO vide ou non reconnu dans Acts CSV
56532;31560;JJ172;582;FOLIO vide ou non reconnu dans Acts CSV
56533;31561;JJ172;583;FOLIO vide ou non reconnu dans Acts CSV
56534;31561;JJ172;583;FOLIO vide ou non reconnu dans Acts CSV
56535;31562;JJ172;584;FOLIO vide ou non reconnu dans Acts CSV
56536;31563;JJ172;585;FOLIO vide ou non reconnu dans Acts CSV
56537;31563;JJ172;585;FOLIO vide ou non reconnu dans Acts CSV
56538;31564;JJ172;586;FOLIO vide ou non reconnu dans Acts CSV
56539;31564;JJ172;586;FOLIO vide ou non reconnu dans Acts CSV
56540;31565;JJ172;587;FOLIO vide ou non reconnu dans Acts CSV
56541;31565;JJ172;587;FOLIO vide ou non reconnu dans Acts CSV
56542;31567;JJ172;589;FOLIO vide ou non reconnu dans Acts CSV
56543;31567;JJ172;589;FOLIO vide ou non reconnu dans Acts CSV
56544;31568;JJ172;590;FOLIO vide ou non reconnu dans Acts CSV
56545;31568;JJ172;590;FOLIO vide ou non reconnu dans Acts CSV
56546;31569;JJ172;591;FOLIO vide ou non reconnu dans Acts CSV
56547;31569;JJ172;591;FOLIO vide ou non reconnu dans Acts CSV
56548;31570;JJ172;592;FOLIO vide ou non reconnu dans Acts CSV
56549;31571;JJ172;593;FOLIO vide ou non reconnu dans Acts CSV
56550;31572;JJ172;594;FOLIO vide ou non reconnu dans Acts CSV
56551;31572;JJ172;594;FOLIO vide ou non reconnu dans Acts CSV
56552;31573;JJ172;595;FOLIO vide ou non reconnu dans Acts CSV
56553;31573;JJ172;595;FOLIO vide ou non reconnu dans Acts CSV
56554;31574;JJ172;596;FOLIO vide ou non reconnu dans Acts CSV
56555;31574;JJ172;596;FOLIO vide ou non reconnu dans Acts CSV
56556;31575;JJ172;597;FOLIO vide ou non reconnu dans Acts CSV
56557;31575;JJ172;597;FOLIO vide ou non reconnu dans Acts CSV
56558;31576;JJ172;598;FOLIO vide ou non reconnu dans Acts CSV
56559;31576;JJ172;598;FOLIO vide ou non reconnu dans Acts CSV
56560;31577;JJ172;599;FOLIO vide ou non reconnu dans Acts CSV
56561;31578;JJ172;600;FOLIO vide ou non reconnu dans Acts CSV
56562;31578;JJ172;600;FOLIO vide ou non reconnu dans Acts CSV
56563;31579;JJ172;601;FOLIO vide ou non reconnu dans Acts CSV
56564;31579;JJ172;601;FOLIO vide ou non reconnu dans Acts CSV
56565;31580;JJ172;602;FOLIO vide ou non reconnu dans Acts CSV
56566;31580;JJ172;602;FOLIO vide ou non reconnu dans Acts CSV
56567;31581;JJ172;603;FOLIO vide ou non reconnu dans Acts CSV
56568;31581;JJ172;603;FOLIO vide ou non reconnu dans Acts CSV
56569;31581;JJ172;603;FOLIO vide ou non reconnu dans Acts CSV
56570;31581;JJ172;603;FOLIO vide ou non reconnu dans Acts CSV
56571;31581;JJ172;603;FOLIO vide ou non reconnu dans Acts CSV
56572;31582;JJ172;604;FOLIO vide ou non reconnu dans Acts CSV
56573;31582;JJ172;604;FOLIO vide ou non reconnu dans Acts CSV
56574;31583;JJ172;605;FOLIO vide ou non reconnu dans Acts CSV
56575;31584;JJ172;606;FOLIO vide ou non reconnu dans Acts CSV
56576;31585;JJ172;607;FOLIO vide ou non reconnu dans Acts CSV
56577;31585;JJ172;607;FOLIO vide ou non reconnu dans Acts CSV
56578;31585;JJ172;607;FOLIO vide ou non reconnu dans Acts CSV
56579;31586;JJ172;608;FOLIO vide ou non reconnu dans Acts CSV
56580;31586;JJ172;608;FOLIO vide ou non reconnu dans Acts CSV
56581;31587;JJ172;609;FOLIO vide ou non reconnu dans Acts CSV
56582;31588;JJ172;610;FOLIO vide ou non reconnu dans Acts CSV
56583;31588;JJ172;610;FOLIO vide ou non reconnu dans Acts CSV
56584;31589;JJ172;611;FOLIO vide ou non reconnu dans Acts CSV
56585;31590;JJ172;612;FOLIO vide ou non reconnu dans Acts CSV
56586;31590;JJ172;612;FOLIO vide ou non reconnu dans Acts CSV
56587;31590;JJ172;612;FOLIO vide ou non reconnu dans Acts CSV
56588;31591;JJ172;613;FOLIO vide ou non reconnu dans Acts CSV
56589;31591;JJ172;613;FOLIO vide ou non reconnu dans Acts CSV
56590;31592;JJ172;614;FOLIO vide ou non reconnu dans Acts CSV
56591;31593;JJ172;615;FOLIO vide ou non reconnu dans Acts CSV
56592;31593;JJ172;615;FOLIO vide ou non reconnu dans Acts CSV
56593;31594;JJ172;616;FOLIO vide ou non reconnu dans Acts CSV
56594;31594;JJ172;616;FOLIO vide ou non reconnu dans Acts CSV
56595;31594;JJ172;616;FOLIO vide ou non reconnu dans Acts CSV
56596;31595;JJ172;617;FOLIO vide ou non reconnu dans Acts CSV
56597;31595;JJ172;617;FOLIO vide ou non reconnu dans Acts CSV
56598;31595;JJ172;617;FOLIO vide ou non reconnu dans Acts CSV
56599;31596;JJ172;618;FOLIO vide ou non reconnu dans Acts CSV
56600;31597;JJ172;619;FOLIO vide ou non reconnu dans Acts CSV
56601;31597;JJ172;619;FOLIO vide ou non reconnu dans Acts CSV
56602;31597;JJ172;619;FOLIO vide ou non reconnu dans Acts CSV
56603;31597;JJ172;619;FOLIO vide ou non reconnu dans Acts CSV
56604;31597;JJ172;619;FOLIO vide ou non reconnu dans Acts CSV
56605;31598;JJ172;620;FOLIO vide ou non reconnu dans Acts CSV
56606;31598;JJ172;620;FOLIO vide ou non reconnu dans Acts CSV
56607;31599;JJ172;621;FOLIO vide ou non reconnu dans Acts CSV
56608;31599;JJ172;621;FOLIO vide ou non reconnu dans Acts CSV
56609;31600;JJ172;622;FOLIO vide ou non reconnu dans Acts CSV
56610;31600;JJ172;622;FOLIO vide ou non reconnu dans Acts CSV
56611;31600;JJ172;622;FOLIO vide ou non reconnu dans Acts CSV
56612;31601;JJ172;623;FOLIO vide ou non reconnu dans Acts CSV
56613;31601;JJ172;623;FOLIO vide ou non reconnu dans Acts CSV
56614;31602;JJ172;624;FOLIO vide ou non reconnu dans Acts CSV
56615;31602;JJ172;624;FOLIO vide ou non reconnu dans Acts CSV
56616;31603;JJ172;625;FOLIO vide ou non reconnu dans Acts CSV
56617;31603;JJ172;625;FOLIO vide ou non reconnu dans Acts CSV
56618;31605;JJ172;627;FOLIO vide ou non reconnu dans Acts CSV
56619;31605;JJ172;627;FOLIO vide ou non reconnu dans Acts CSV
56620;31606;JJ172;628;FOLIO vide ou non reconnu dans Acts CSV
56621;31606;JJ172;628;FOLIO vide ou non reconnu dans Acts CSV
56622;31607;JJ172;629;FOLIO vide ou non reconnu dans Acts CSV
56623;31607;JJ172;629;FOLIO vide ou non reconnu dans Acts CSV
56624;31608;JJ172;630;FOLIO vide ou non reconnu dans Acts CSV
56625;31608;JJ172;630;FOLIO vide ou non reconnu dans Acts CSV
56626;31609;JJ172;631;FOLIO vide ou non reconnu dans Acts CSV
56627;31610;JJ172;632;FOLIO vide ou non reconnu dans Acts CSV
56628;31610;JJ172;632;FOLIO vide ou non reconnu dans Acts CSV
56629;31611;JJ172;633;FOLIO vide ou non reconnu dans Acts CSV
56630;31611;JJ172;633;FOLIO vide ou non reconnu dans Acts CSV
56631;31612;JJ172;634;FOLIO vide ou non reconnu dans Acts CSV
56632;31612;JJ172;634;FOLIO vide ou non reconnu dans Acts CSV
56633;31613;JJ172;635;FOLIO vide ou non reconnu dans Acts CSV
56634;31613;JJ172;635;FOLIO vide ou non reconnu dans Acts CSV
56635;31614;JJ172;636;FOLIO vide ou non reconnu dans Acts CSV
56636;31614;JJ172;636;FOLIO vide ou non reconnu dans Acts CSV
56637;31615;JJ172;637;FOLIO vide ou non reconnu dans Acts CSV
56638;31615;JJ172;637;FOLIO vide ou non reconnu dans Acts CSV
56639;31615;JJ172;637;FOLIO vide ou non reconnu dans Acts CSV
56640;31616;JJ172;638;FOLIO vide ou non reconnu dans Acts CSV
56641;31616;JJ172;638;FOLIO vide ou non reconnu dans Acts CSV
56642;31617;JJ172;639;FOLIO vide ou non reconnu dans Acts CSV
56643;31617;JJ172;639;FOLIO vide ou non reconnu dans Acts CSV
56644;31618;JJ172;640;FOLIO vide ou non reconnu dans Acts CSV
56645;31618;JJ172;640;FOLIO vide ou non reconnu dans Acts CSV
56646;31618;JJ172;640;FOLIO vide ou non reconnu dans Acts CSV
56647;31619;JJ172;641;
56648;31619;JJ172;641;
56649;31620;JJ172;642;FOLIO vide ou non reconnu dans Acts CSV
56650;31620;JJ172;642;FOLIO vide ou non reconnu dans Acts CSV
56651;31621;JJ172;643;FOLIO vide ou non reconnu dans Acts CSV
56652;31622;JJ172;644;FOLIO vide ou non reconnu dans Acts CSV
56653;31623;JJ172;645;FOLIO vide ou non reconnu dans Acts CSV
56654;31623;JJ172;645;FOLIO vide ou non reconnu dans Acts CSV
56655;31624;JJ172;646;FOLIO vide ou non reconnu dans Acts CSV
56656;31624;JJ172;646;FOLIO vide ou non reconnu dans Acts CSV
56657;31625;JJ172;647;FOLIO vide ou non reconnu dans Acts CSV
56658;31625;JJ172;647;FOLIO vide ou non reconnu dans Acts CSV
56659;31626;JJ172;648;FOLIO vide ou non reconnu dans Acts CSV
56660;31626;JJ172;648;FOLIO vide ou non reconnu dans Acts CSV
56661;31627;JJ172;649;FOLIO vide ou non reconnu dans Acts CSV
56662;31628;JJ172;650;FOLIO vide ou non reconnu dans Acts CSV
56663;31629;JJ172;651;FOLIO vide ou non reconnu dans Acts CSV
56664;31629;JJ172;651;FOLIO vide ou non reconnu dans Acts CSV
56665;31630;JJ172;652;FOLIO vide ou non reconnu dans Acts CSV
56666;31630;JJ172;652;FOLIO vide ou non reconnu dans Acts CSV
56667;31630;JJ172;652;FOLIO vide ou non reconnu dans Acts CSV
56668;31631;JJ172;653;FOLIO vide ou non reconnu dans Acts CSV
56669;31631;JJ172;653;FOLIO vide ou non reconnu dans Acts CSV
56670;31632;JJ172;654;FOLIO vide ou non reconnu dans Acts CSV
56671;31632;JJ172;654;FOLIO vide ou non reconnu dans Acts CSV
56672;31633;JJ172;655;FOLIO vide ou non reconnu dans Acts CSV
56673;31633;JJ172;655;FOLIO vide ou non reconnu dans Acts CSV
56674;31633;JJ172;655;FOLIO vide ou non reconnu dans Acts CSV
56675;31634;JJ172;656;FOLIO vide ou non reconnu dans Acts CSV
56676;31634;JJ172;656;FOLIO vide ou non reconnu dans Acts CSV
56677;31635;JJ172;657;FOLIO vide ou non reconnu dans Acts CSV
56678;31635;JJ172;657;FOLIO vide ou non reconnu dans Acts CSV
56679;31636;JJ172;658;FOLIO vide ou non reconnu dans Acts CSV
56680;31636;JJ172;658;FOLIO vide ou non reconnu dans Acts CSV
56681;31637;JJ172;659;FOLIO vide ou non reconnu dans Acts CSV
56682;31637;JJ172;659;FOLIO vide ou non reconnu dans Acts CSV
56683;31638;JJ172;660;FOLIO vide ou non reconnu dans Acts CSV
56684;31638;JJ172;660;FOLIO vide ou non reconnu dans Acts CSV
56685;31639;JJ172;661;FOLIO vide ou non reconnu dans Acts CSV
56686;31639;JJ172;661;FOLIO vide ou non reconnu dans Acts CSV
56687;31640;JJ172;662;FOLIO vide ou non reconnu dans Acts CSV
56688;31640;JJ172;662;FOLIO vide ou non reconnu dans Acts CSV
56689;31640;JJ172;662;FOLIO vide ou non reconnu dans Acts CSV
56690;31640;JJ172;662;FOLIO vide ou non reconnu dans Acts CSV
56691;31641;JJ172;663;FOLIO vide ou non reconnu dans Acts CSV
56692;31641;JJ172;663;FOLIO vide ou non reconnu dans Acts CSV
56693;31642;JJ172;664;FOLIO vide ou non reconnu dans Acts CSV
56694;31642;JJ172;664;FOLIO vide ou non reconnu dans Acts CSV
56695;31643;JJ172;665;FOLIO vide ou non reconnu dans Acts CSV
56696;31644;JJ172;666;FOLIO vide ou non reconnu dans Acts CSV
56697;31644;JJ172;666;FOLIO vide ou non reconnu dans Acts CSV
56698;31645;JJ172;667;FOLIO vide ou non reconnu dans Acts CSV
56699;31645;JJ172;667;FOLIO vide ou non reconnu dans Acts CSV
56700;31646;JJ172;668;FOLIO vide ou non reconnu dans Acts CSV
56701;31647;JJ172;669;FOLIO vide ou non reconnu dans Acts CSV
56702;31647;JJ172;669;FOLIO vide ou non reconnu dans Acts CSV
56703;31648;JJ172;670;FOLIO vide ou non reconnu dans Acts CSV
56704;31648;JJ172;670;FOLIO vide ou non reconnu dans Acts CSV
56705;31649;JJ172;671;FOLIO vide ou non reconnu dans Acts CSV
56706;31649;JJ172;671;FOLIO vide ou non reconnu dans Acts CSV
56707;31650;JJ172;672;FOLIO vide ou non reconnu dans Acts CSV
56708;31650;JJ172;672;FOLIO vide ou non reconnu dans Acts CSV
56709;31651;JJ172;673;FOLIO vide ou non reconnu dans Acts CSV
56710;31651;JJ172;673;FOLIO vide ou non reconnu dans Acts CSV
56711;31651;JJ172;673;FOLIO vide ou non reconnu dans Acts CSV
56712;31652;JJ172;674;FOLIO vide ou non reconnu dans Acts CSV
56713;31652;JJ172;674;FOLIO vide ou non reconnu dans Acts CSV
56714;31653;JJ172;675;FOLIO vide ou non reconnu dans Acts CSV
56715;31653;JJ172;675;FOLIO vide ou non reconnu dans Acts CSV
56725;31663;JJ173;1;FOLIO vide ou non reconnu dans Acts CSV
56726;31664;JJ173;2;FOLIO vide ou non reconnu dans Acts CSV
56727;31664;JJ173;2;FOLIO vide ou non reconnu dans Acts CSV
56728;31665;JJ173;3;FOLIO vide ou non reconnu dans Acts CSV
56729;31665;JJ173;3;FOLIO vide ou non reconnu dans Acts CSV
56730;31666;JJ173;4;FOLIO vide ou non reconnu dans Acts CSV
56731;31666;JJ173;4;FOLIO vide ou non reconnu dans Acts CSV
56732;31667;JJ173;5;FOLIO vide ou non reconnu dans Acts CSV
56733;31668;JJ173;6;FOLIO vide ou non reconnu dans Acts CSV
56734;31668;JJ173;6;FOLIO vide ou non reconnu dans Acts CSV
56735;31669;JJ173;7;FOLIO vide ou non reconnu dans Acts CSV
56736;31669;JJ173;7;FOLIO vide ou non reconnu dans Acts CSV
56737;31670;JJ173;8;FOLIO vide ou non reconnu dans Acts CSV
56738;31670;JJ173;8;FOLIO vide ou non reconnu dans Acts CSV
56739;31671;JJ173;9;FOLIO vide ou non reconnu dans Acts CSV
56740;31671;JJ173;9;FOLIO vide ou non reconnu dans Acts CSV
56741;31672;JJ173;10;FOLIO vide ou non reconnu dans Acts CSV
56742;31672;JJ173;10;FOLIO vide ou non reconnu dans Acts CSV
56743;31672;JJ173;10;FOLIO vide ou non reconnu dans Acts CSV
56744;31673;JJ173;11;FOLIO vide ou non reconnu dans Acts CSV
56745;31673;JJ173;11;FOLIO vide ou non reconnu dans Acts CSV
56746;31674;JJ173;12;FOLIO vide ou non reconnu dans Acts CSV
56747;31674;JJ173;12;FOLIO vide ou non reconnu dans Acts CSV
56748;31675;JJ173;13;FOLIO vide ou non reconnu dans Acts CSV
56749;31675;JJ173;13;FOLIO vide ou non reconnu dans Acts CSV
56750;31675;JJ173;13;FOLIO vide ou non reconnu dans Acts CSV
56751;31676;JJ173;14;FOLIO vide ou non reconnu dans Acts CSV
56752;31676;JJ173;14;FOLIO vide ou non reconnu dans Acts CSV
56753;31677;JJ173;15;FOLIO vide ou non reconnu dans Acts CSV
56754;31677;JJ173;15;FOLIO vide ou non reconnu dans Acts CSV
56755;31678;JJ173;16;FOLIO vide ou non reconnu dans Acts CSV
56756;31678;JJ173;16;FOLIO vide ou non reconnu dans Acts CSV
56757;31679;JJ173;17;FOLIO vide ou non reconnu dans Acts CSV
56758;31679;JJ173;17;FOLIO vide ou non reconnu dans Acts CSV
56759;31680;JJ173;18;FOLIO vide ou non reconnu dans Acts CSV
56760;31680;JJ173;18;FOLIO vide ou non reconnu dans Acts CSV
56761;31681;JJ173;19;FOLIO vide ou non reconnu dans Acts CSV
56762;31681;JJ173;19;FOLIO vide ou non reconnu dans Acts CSV
56763;31682;JJ173;20;FOLIO vide ou non reconnu dans Acts CSV
56764;31682;JJ173;20;FOLIO vide ou non reconnu dans Acts CSV
56765;31683;JJ173;21;FOLIO vide ou non reconnu dans Acts CSV
56766;31683;JJ173;21;FOLIO vide ou non reconnu dans Acts CSV
56767;31684;JJ173;22;FOLIO vide ou non reconnu dans Acts CSV
56768;31684;JJ173;22;FOLIO vide ou non reconnu dans Acts CSV
56769;31685;JJ173;23;
56770;31686;JJ173;24;
56771;31686;JJ173;24;
56772;31687;JJ173;25;FOLIO vide ou non reconnu dans Acts CSV
56773;31687;JJ173;25;FOLIO vide ou non reconnu dans Acts CSV
56774;31688;JJ173;26;FOLIO vide ou non reconnu dans Acts CSV
56775;31689;JJ173;27;FOLIO vide ou non reconnu dans Acts CSV
56776;31690;JJ173;28;FOLIO vide ou non reconnu dans Acts CSV
56777;31690;JJ173;28;FOLIO vide ou non reconnu dans Acts CSV
56778;31691;JJ173;29;FOLIO vide ou non reconnu dans Acts CSV
56779;31691;JJ173;29;FOLIO vide ou non reconnu dans Acts CSV
56780;31691;JJ173;29;FOLIO vide ou non reconnu dans Acts CSV
56781;31692;JJ173;30;FOLIO vide ou non reconnu dans Acts CSV
56782;31692;JJ173;30;FOLIO vide ou non reconnu dans Acts CSV
56783;31693;JJ173;31;FOLIO vide ou non reconnu dans Acts CSV
56784;31694;JJ173;32;FOLIO vide ou non reconnu dans Acts CSV
56785;31694;JJ173;32;FOLIO vide ou non reconnu dans Acts CSV
56786;31695;JJ173;33;FOLIO vide ou non reconnu dans Acts CSV
56787;31695;JJ173;33;FOLIO vide ou non reconnu dans Acts CSV
56788;31696;JJ173;34;FOLIO vide ou non reconnu dans Acts CSV
56789;31696;JJ173;34;FOLIO vide ou non reconnu dans Acts CSV
56790;31696;JJ173;34;FOLIO vide ou non reconnu dans Acts CSV
56791;31697;JJ173;35;FOLIO vide ou non reconnu dans Acts CSV
56792;31697;JJ173;35;FOLIO vide ou non reconnu dans Acts CSV
56793;31698;JJ173;36;FOLIO vide ou non reconnu dans Acts CSV
56794;31698;JJ173;36;FOLIO vide ou non reconnu dans Acts CSV
56795;31699;JJ173;37;FOLIO vide ou non reconnu dans Acts CSV
56796;31699;JJ173;37;FOLIO vide ou non reconnu dans Acts CSV
56797;31700;JJ173;38;FOLIO vide ou non reconnu dans Acts CSV
56798;31700;JJ173;38;FOLIO vide ou non reconnu dans Acts CSV
56799;31701;JJ173;39;FOLIO vide ou non reconnu dans Acts CSV
56800;31701;JJ173;39;FOLIO vide ou non reconnu dans Acts CSV
56801;31702;JJ173;40;FOLIO vide ou non reconnu dans Acts CSV
56802;31702;JJ173;40;FOLIO vide ou non reconnu dans Acts CSV
56803;31703;JJ173;41;FOLIO vide ou non reconnu dans Acts CSV
56804;31703;JJ173;41;FOLIO vide ou non reconnu dans Acts CSV
56805;31704;JJ173;42;FOLIO vide ou non reconnu dans Acts CSV
56806;31705;JJ173;43;
56807;31706;JJ173;44;
56808;31706;JJ173;44;
56809;31707;JJ173;45;FOLIO vide ou non reconnu dans Acts CSV
56810;31707;JJ173;45;FOLIO vide ou non reconnu dans Acts CSV
56811;31707;JJ173;45;FOLIO vide ou non reconnu dans Acts CSV
56812;31708;JJ173;46;FOLIO vide ou non reconnu dans Acts CSV
56813;31709;JJ173;47;
56814;31709;JJ173;47;
56815;31710;JJ173;48;FOLIO vide ou non reconnu dans Acts CSV
56816;31710;JJ173;48;FOLIO vide ou non reconnu dans Acts CSV
56817;31711;JJ173;49;FOLIO vide ou non reconnu dans Acts CSV
56818;31711;JJ173;49;FOLIO vide ou non reconnu dans Acts CSV
56819;31711;JJ173;49;FOLIO vide ou non reconnu dans Acts CSV
56820;31712;JJ173;50;
56821;31712;JJ173;50;
56822;31713;JJ173;51;FOLIO vide ou non reconnu dans Acts CSV
56823;31713;JJ173;51;FOLIO vide ou non reconnu dans Acts CSV
56824;31713;JJ173;51;FOLIO vide ou non reconnu dans Acts CSV
56825;31714;JJ173;52;FOLIO vide ou non reconnu dans Acts CSV
56826;31714;JJ173;52;FOLIO vide ou non reconnu dans Acts CSV
56827;31715;JJ173;53;FOLIO vide ou non reconnu dans Acts CSV
56828;31715;JJ173;53;FOLIO vide ou non reconnu dans Acts CSV
56829;31716;JJ173;54;FOLIO vide ou non reconnu dans Acts CSV
56830;31716;JJ173;54;FOLIO vide ou non reconnu dans Acts CSV
56831;31716;JJ173;54;FOLIO vide ou non reconnu dans Acts CSV
56832;31717;JJ173;55;FOLIO vide ou non reconnu dans Acts CSV
56833;31717;JJ173;55;FOLIO vide ou non reconnu dans Acts CSV
56834;31718;JJ173;56;FOLIO vide ou non reconnu dans Acts CSV
56835;31718,1;JJ173;56bis;FOLIO vide ou non reconnu dans Acts CSV
56836;31719;JJ173;57;FOLIO vide ou non reconnu dans Acts CSV
56837;31720;JJ173;58;FOLIO vide ou non reconnu dans Acts CSV
56838;31720;JJ173;58;FOLIO vide ou non reconnu dans Acts CSV
56839;31721;JJ173;59;FOLIO vide ou non reconnu dans Acts CSV
56840;31721;JJ173;59;FOLIO vide ou non reconnu dans Acts CSV
56841;31722;JJ173;60;FOLIO vide ou non reconnu dans Acts CSV
56842;31722;JJ173;60;FOLIO vide ou non reconnu dans Acts CSV
56843;31723;JJ173;61;FOLIO vide ou non reconnu dans Acts CSV
56844;31723;JJ173;61;FOLIO vide ou non reconnu dans Acts CSV
56845;31724;JJ173;62;FOLIO vide ou non reconnu dans Acts CSV
56846;31724;JJ173;62;FOLIO vide ou non reconnu dans Acts CSV
56847;31725;JJ173;63;FOLIO vide ou non reconnu dans Acts CSV
56848;31725;JJ173;63;FOLIO vide ou non reconnu dans Acts CSV
56849;31726;JJ173;64;FOLIO vide ou non reconnu dans Acts CSV
56850;31726;JJ173;64;FOLIO vide ou non reconnu dans Acts CSV
56851;31727;JJ173;65;FOLIO vide ou non reconnu dans Acts CSV
56852;31727;JJ173;65;FOLIO vide ou non reconnu dans Acts CSV
56853;31728;JJ173;66;FOLIO vide ou non reconnu dans Acts CSV
56854;31729;JJ173;67;FOLIO vide ou non reconnu dans Acts CSV
56855;31729;JJ173;67;FOLIO vide ou non reconnu dans Acts CSV
56856;31730;JJ173;68;FOLIO vide ou non reconnu dans Acts CSV
56857;31730;JJ173;68;FOLIO vide ou non reconnu dans Acts CSV
56858;31730;JJ173;68;FOLIO vide ou non reconnu dans Acts CSV
56859;31731;JJ173;69;
56860;31731;JJ173;69;
56861;31732;JJ173;70;FOLIO vide ou non reconnu dans Acts CSV
56862;31733;JJ173;71;FOLIO vide ou non reconnu dans Acts CSV
56863;31733;JJ173;71;FOLIO vide ou non reconnu dans Acts CSV
56864;31734;JJ173;72;FOLIO vide ou non reconnu dans Acts CSV
56865;31734;JJ173;72;FOLIO vide ou non reconnu dans Acts CSV
56866;31735;JJ173;73;FOLIO vide ou non reconnu dans Acts CSV
56867;31735;JJ173;73;FOLIO vide ou non reconnu dans Acts CSV
56868;31736;JJ173;74;FOLIO vide ou non reconnu dans Acts CSV
56869;31736;JJ173;74;FOLIO vide ou non reconnu dans Acts CSV
56870;31737;JJ173;75;FOLIO vide ou non reconnu dans Acts CSV
56871;31738;JJ173;76;FOLIO vide ou non reconnu dans Acts CSV
56872;31738;JJ173;76;FOLIO vide ou non reconnu dans Acts CSV
56873;31738;JJ173;76;FOLIO vide ou non reconnu dans Acts CSV
56874;31739;JJ173;77;FOLIO vide ou non reconnu dans Acts CSV
56875;31740;JJ173;78;FOLIO vide ou non reconnu dans Acts CSV
56876;31741;JJ173;79;FOLIO vide ou non reconnu dans Acts CSV
56877;31741;JJ173;79;FOLIO vide ou non reconnu dans Acts CSV
56878;31742;JJ173;80;FOLIO vide ou non reconnu dans Acts CSV
56879;31742;JJ173;80;FOLIO vide ou non reconnu dans Acts CSV
56880;31743;JJ173;81;FOLIO vide ou non reconnu dans Acts CSV
56881;31743;JJ173;81;FOLIO vide ou non reconnu dans Acts CSV
56882;31744;JJ173;82;FOLIO vide ou non reconnu dans Acts CSV
56883;31744;JJ173;82;FOLIO vide ou non reconnu dans Acts CSV
56884;31745;JJ173;83;FOLIO vide ou non reconnu dans Acts CSV
56885;31745;JJ173;83;FOLIO vide ou non reconnu dans Acts CSV
56886;31746;JJ173;84;FOLIO vide ou non reconnu dans Acts CSV
56887;31746;JJ173;84;FOLIO vide ou non reconnu dans Acts CSV
56888;31747;JJ173;85;FOLIO vide ou non reconnu dans Acts CSV
56889;31747;JJ173;85;FOLIO vide ou non reconnu dans Acts CSV
56890;31748;JJ173;86;FOLIO vide ou non reconnu dans Acts CSV
56891;31748;JJ173;86;FOLIO vide ou non reconnu dans Acts CSV
56892;31748;JJ173;86;FOLIO vide ou non reconnu dans Acts CSV
56893;31749;JJ173;87;FOLIO vide ou non reconnu dans Acts CSV
56894;31749;JJ173;87;FOLIO vide ou non reconnu dans Acts CSV
56895;31750;JJ173;88;FOLIO vide ou non reconnu dans Acts CSV
56896;31750;JJ173;88;FOLIO vide ou non reconnu dans Acts CSV
56897;31751;JJ173;89;FOLIO vide ou non reconnu dans Acts CSV
56898;31751;JJ173;89;FOLIO vide ou non reconnu dans Acts CSV
56899;31752;JJ173;90;FOLIO vide ou non reconnu dans Acts CSV
56900;31752;JJ173;90;FOLIO vide ou non reconnu dans Acts CSV
56901;31753;JJ173;91;FOLIO vide ou non reconnu dans Acts CSV
56902;31754;JJ173;92;FOLIO vide ou non reconnu dans Acts CSV
56903;31754;JJ173;92;FOLIO vide ou non reconnu dans Acts CSV
56904;31755;JJ173;93;FOLIO vide ou non reconnu dans Acts CSV
56905;31756;JJ173;94;FOLIO vide ou non reconnu dans Acts CSV
56906;31757;JJ173;95;FOLIO vide ou non reconnu dans Acts CSV
56907;31757;JJ173;95;FOLIO vide ou non reconnu dans Acts CSV
56908;31758;JJ173;96;FOLIO vide ou non reconnu dans Acts CSV
56909;31758;JJ173;96;FOLIO vide ou non reconnu dans Acts CSV
56910;31759;JJ173;97;FOLIO vide ou non reconnu dans Acts CSV
56911;31759;JJ173;97;FOLIO vide ou non reconnu dans Acts CSV
56912;31760;JJ173;98;FOLIO vide ou non reconnu dans Acts CSV
56913;31760;JJ173;98;FOLIO vide ou non reconnu dans Acts CSV
56914;31761;JJ173;99;FOLIO vide ou non reconnu dans Acts CSV
56915;31762;JJ173;100;FOLIO vide ou non reconnu dans Acts CSV
56916;31762;JJ173;100;FOLIO vide ou non reconnu dans Acts CSV
56917;31763;JJ173;101;FOLIO vide ou non reconnu dans Acts CSV
56918;31763;JJ173;101;FOLIO vide ou non reconnu dans Acts CSV
56919;31764;JJ173;102;FOLIO vide ou non reconnu dans Acts CSV
56920;31765;JJ173;103;FOLIO vide ou non reconnu dans Acts CSV
56921;31765;JJ173;103;FOLIO vide ou non reconnu dans Acts CSV
56922;31766;JJ173;104;FOLIO vide ou non reconnu dans Acts CSV
56923;31766;JJ173;104;FOLIO vide ou non reconnu dans Acts CSV
56924;31767;JJ173;105;FOLIO vide ou non reconnu dans Acts CSV
56925;31768;JJ173;106;FOLIO vide ou non reconnu dans Acts CSV
56926;31768;JJ173;106;FOLIO vide ou non reconnu dans Acts CSV
56927;31769;JJ173;107;FOLIO vide ou non reconnu dans Acts CSV
56928;31769;JJ173;107;FOLIO vide ou non reconnu dans Acts CSV
56929;31770;JJ173;108;FOLIO vide ou non reconnu dans Acts CSV
56930;31770;JJ173;108;FOLIO vide ou non reconnu dans Acts CSV
56931;31771;JJ173;109;FOLIO vide ou non reconnu dans Acts CSV
56932;31772;JJ173;110;FOLIO vide ou non reconnu dans Acts CSV
56933;31772;JJ173;110;FOLIO vide ou non reconnu dans Acts CSV
56934;31773;JJ173;111;FOLIO vide ou non reconnu dans Acts CSV
56935;31773;JJ173;111;FOLIO vide ou non reconnu dans Acts CSV
56936;31774;JJ173;112;FOLIO vide ou non reconnu dans Acts CSV
56937;31774;JJ173;112;FOLIO vide ou non reconnu dans Acts CSV
56938;31775;JJ173;113;FOLIO vide ou non reconnu dans Acts CSV
56939;31775;JJ173;113;FOLIO vide ou non reconnu dans Acts CSV
56940;31775;JJ173;113;FOLIO vide ou non reconnu dans Acts CSV
56941;31775;JJ173;113;FOLIO vide ou non reconnu dans Acts CSV
56942;31776;JJ173;114;FOLIO vide ou non reconnu dans Acts CSV
56943;31777;JJ173;115;FOLIO vide ou non reconnu dans Acts CSV
56944;31777;JJ173;115;FOLIO vide ou non reconnu dans Acts CSV
56945;31778;JJ173;116;FOLIO vide ou non reconnu dans Acts CSV
56946;31778;JJ173;116;FOLIO vide ou non reconnu dans Acts CSV
56947;31779;JJ173;117;FOLIO vide ou non reconnu dans Acts CSV
56948;31780;JJ173;118;FOLIO vide ou non reconnu dans Acts CSV
56949;31780;JJ173;118;FOLIO vide ou non reconnu dans Acts CSV
56950;31780;JJ173;118;FOLIO vide ou non reconnu dans Acts CSV
56951;31780;JJ173;118;FOLIO vide ou non reconnu dans Acts CSV
56952;31781;JJ173;119;FOLIO vide ou non reconnu dans Acts CSV
56953;31781;JJ173;119;FOLIO vide ou non reconnu dans Acts CSV
56954;31782;JJ173;120;FOLIO vide ou non reconnu dans Acts CSV
56955;31782;JJ173;120;FOLIO vide ou non reconnu dans Acts CSV
56956;31783;JJ173;121;FOLIO vide ou non reconnu dans Acts CSV
56957;31783;JJ173;121;FOLIO vide ou non reconnu dans Acts CSV
56958;31784;JJ173;122;FOLIO vide ou non reconnu dans Acts CSV
56959;31784;JJ173;122;FOLIO vide ou non reconnu dans Acts CSV
56960;31785;JJ173;123;FOLIO vide ou non reconnu dans Acts CSV
56961;31786;JJ173;124;FOLIO vide ou non reconnu dans Acts CSV
56962;31787;JJ173;125;FOLIO vide ou non reconnu dans Acts CSV
56963;31788;JJ173;126;FOLIO vide ou non reconnu dans Acts CSV
56964;31788;JJ173;126;FOLIO vide ou non reconnu dans Acts CSV
56965;31788;JJ173;126;FOLIO vide ou non reconnu dans Acts CSV
56966;31789;JJ173;127;FOLIO vide ou non reconnu dans Acts CSV
56967;31789;JJ173;127;FOLIO vide ou non reconnu dans Acts CSV
56968;31790;JJ173;128;FOLIO vide ou non reconnu dans Acts CSV
56969;31790;JJ173;128;FOLIO vide ou non reconnu dans Acts CSV
56970;31791;JJ173;129;FOLIO vide ou non reconnu dans Acts CSV
56971;31791;JJ173;129;FOLIO vide ou non reconnu dans Acts CSV
56972;31792;JJ173;130;FOLIO vide ou non reconnu dans Acts CSV
56973;31792;JJ173;130;FOLIO vide ou non reconnu dans Acts CSV
56974;31793;JJ173;131;FOLIO vide ou non reconnu dans Acts CSV
56975;31793;JJ173;131;FOLIO vide ou non reconnu dans Acts CSV
56976;31794;JJ173;132;
56977;31794;JJ173;132;
56978;31795;JJ173;133;FOLIO vide ou non reconnu dans Acts CSV
56979;31795;JJ173;133;FOLIO vide ou non reconnu dans Acts CSV
56980;31796;JJ173;134;FOLIO vide ou non reconnu dans Acts CSV
56981;31796;JJ173;134;FOLIO vide ou non reconnu dans Acts CSV
56982;31797;JJ173;135;FOLIO vide ou non reconnu dans Acts CSV
56983;31797;JJ173;135;FOLIO vide ou non reconnu dans Acts CSV
56984;31798;JJ173;136;FOLIO vide ou non reconnu dans Acts CSV
56985;31799;JJ173;137;
56986;31799;JJ173;137;
56987;31800;JJ173;138;FOLIO vide ou non reconnu dans Acts CSV
56988;31800;JJ173;138;FOLIO vide ou non reconnu dans Acts CSV
56989;31801;JJ173;139;FOLIO vide ou non reconnu dans Acts CSV
56990;31801;JJ173;139;FOLIO vide ou non reconnu dans Acts CSV
56991;31802;JJ173;140;FOLIO vide ou non reconnu dans Acts CSV
56992;31802;JJ173;140;FOLIO vide ou non reconnu dans Acts CSV
56993;31802;JJ173;140;FOLIO vide ou non reconnu dans Acts CSV
56994;31803;JJ173;141;FOLIO vide ou non reconnu dans Acts CSV
56995;31803;JJ173;141;FOLIO vide ou non reconnu dans Acts CSV
56996;31804;JJ173;142;FOLIO vide ou non reconnu dans Acts CSV
56997;31804;JJ173;142;FOLIO vide ou non reconnu dans Acts CSV
56998;31805;JJ173;143;FOLIO vide ou non reconnu dans Acts CSV
56999;31806;JJ173;144;FOLIO vide ou non reconnu dans Acts CSV
57000;31806;JJ173;144;FOLIO vide ou non reconnu dans Acts CSV
57001;31806;JJ173;144;FOLIO vide ou non reconnu dans Acts CSV
57002;31807;JJ173;145;FOLIO vide ou non reconnu dans Acts CSV
57003;31808;JJ173;146;
57004;31808;JJ173;146;
57005;31809;JJ173;147;FOLIO vide ou non reconnu dans Acts CSV
57006;31810;JJ173;148;FOLIO vide ou non reconnu dans Acts CSV
57007;31810;JJ173;148;FOLIO vide ou non reconnu dans Acts CSV
57008;31811;JJ173;149;FOLIO vide ou non reconnu dans Acts CSV
57009;31812;JJ173;150;FOLIO vide ou non reconnu dans Acts CSV
57010;31812;JJ173;150;FOLIO vide ou non reconnu dans Acts CSV
57011;31812;JJ173;150;FOLIO vide ou non reconnu dans Acts CSV
57012;31812;JJ173;150;FOLIO vide ou non reconnu dans Acts CSV
57013;31812;JJ173;150;FOLIO vide ou non reconnu dans Acts CSV
57014;31813;JJ173;151;FOLIO vide ou non reconnu dans Acts CSV
57015;31813;JJ173;151;FOLIO vide ou non reconnu dans Acts CSV
57016;31813;JJ173;151;FOLIO vide ou non reconnu dans Acts CSV
57017;31813;JJ173;151;FOLIO vide ou non reconnu dans Acts CSV
57018;31813;JJ173;151;FOLIO vide ou non reconnu dans Acts CSV
57019;31813;JJ173;151;FOLIO vide ou non reconnu dans Acts CSV
57020;31814;JJ173;152;FOLIO vide ou non reconnu dans Acts CSV
57021;31815;JJ173;153;
57022;31816;JJ173;154;FOLIO vide ou non reconnu dans Acts CSV
57023;31816;JJ173;154;FOLIO vide ou non reconnu dans Acts CSV
57024;31817;JJ173;155;FOLIO vide ou non reconnu dans Acts CSV
57025;31817;JJ173;155;FOLIO vide ou non reconnu dans Acts CSV
57026;31817;JJ173;155;FOLIO vide ou non reconnu dans Acts CSV
57027;31818;JJ173;156;FOLIO vide ou non reconnu dans Acts CSV
57028;31819;JJ173;157;FOLIO vide ou non reconnu dans Acts CSV
57029;31819;JJ173;157;FOLIO vide ou non reconnu dans Acts CSV
57030;31820;JJ173;158;FOLIO vide ou non reconnu dans Acts CSV
57031;31820;JJ173;158;FOLIO vide ou non reconnu dans Acts CSV
57032;31821;JJ173;159;FOLIO vide ou non reconnu dans Acts CSV
57033;31821;JJ173;159;FOLIO vide ou non reconnu dans Acts CSV
57034;31822;JJ173;160;FOLIO vide ou non reconnu dans Acts CSV
57035;31822;JJ173;160;FOLIO vide ou non reconnu dans Acts CSV
57036;31823;JJ173;161;FOLIO vide ou non reconnu dans Acts CSV
57037;31823;JJ173;161;FOLIO vide ou non reconnu dans Acts CSV
57038;31824;JJ173;162;FOLIO vide ou non reconnu dans Acts CSV
57039;31824;JJ173;162;FOLIO vide ou non reconnu dans Acts CSV
57040;31824;JJ173;162;FOLIO vide ou non reconnu dans Acts CSV
57041;31825;JJ173;163;FOLIO vide ou non reconnu dans Acts CSV
57042;31825;JJ173;163;FOLIO vide ou non reconnu dans Acts CSV
57043;31825;JJ173;163;FOLIO vide ou non reconnu dans Acts CSV
57044;31826;JJ173;164;FOLIO vide ou non reconnu dans Acts CSV
57045;31826;JJ173;164;FOLIO vide ou non reconnu dans Acts CSV
57046;31827;JJ173;165;FOLIO vide ou non reconnu dans Acts CSV
57047;31827;JJ173;165;FOLIO vide ou non reconnu dans Acts CSV
57048;31828;JJ173;166;FOLIO vide ou non reconnu dans Acts CSV
57049;31828;JJ173;166;FOLIO vide ou non reconnu dans Acts CSV
57050;31829;JJ173;167;FOLIO vide ou non reconnu dans Acts CSV
57051;31829;JJ173;167;FOLIO vide ou non reconnu dans Acts CSV
57052;31830;JJ173;168;FOLIO vide ou non reconnu dans Acts CSV
57053;31830;JJ173;168;FOLIO vide ou non reconnu dans Acts CSV
57054;31831;JJ173;169;FOLIO vide ou non reconnu dans Acts CSV
57055;31831;JJ173;169;FOLIO vide ou non reconnu dans Acts CSV
57056;31832;JJ173;170;FOLIO vide ou non reconnu dans Acts CSV
57057;31832;JJ173;170;FOLIO vide ou non reconnu dans Acts CSV
57058;31833;JJ173;171;FOLIO vide ou non reconnu dans Acts CSV
57059;31833;JJ173;171;FOLIO vide ou non reconnu dans Acts CSV
57060;31834;JJ173;172;FOLIO vide ou non reconnu dans Acts CSV
57061;31834;JJ173;172;FOLIO vide ou non reconnu dans Acts CSV
57062;31835;JJ173;173;FOLIO vide ou non reconnu dans Acts CSV
57063;31836;JJ173;174;FOLIO vide ou non reconnu dans Acts CSV
57064;31836;JJ173;174;FOLIO vide ou non reconnu dans Acts CSV
57065;31837;JJ173;175;FOLIO vide ou non reconnu dans Acts CSV
57066;31838;JJ173;176;FOLIO vide ou non reconnu dans Acts CSV
57067;31839;JJ173;177;FOLIO vide ou non reconnu dans Acts CSV
57068;31839;JJ173;177;FOLIO vide ou non reconnu dans Acts CSV
57069;31840;JJ173;178;FOLIO vide ou non reconnu dans Acts CSV
57070;31840;JJ173;178;FOLIO vide ou non reconnu dans Acts CSV
57071;31841;JJ173;179;FOLIO vide ou non reconnu dans Acts CSV
57072;31841;JJ173;179;FOLIO vide ou non reconnu dans Acts CSV
57073;31842;JJ173;180;
57074;31842;JJ173;180;
57075;31843;JJ173;181;FOLIO vide ou non reconnu dans Acts CSV
57076;31844;JJ173;182;FOLIO vide ou non reconnu dans Acts CSV
57077;31844;JJ173;182;FOLIO vide ou non reconnu dans Acts CSV
57078;31845;JJ173;183;FOLIO vide ou non reconnu dans Acts CSV
57079;31845;JJ173;183;FOLIO vide ou non reconnu dans Acts CSV
57080;31846;JJ173;184;FOLIO vide ou non reconnu dans Acts CSV
57081;31846;JJ173;184;FOLIO vide ou non reconnu dans Acts CSV
57082;31847;JJ173;185;FOLIO vide ou non reconnu dans Acts CSV
57083;31847;JJ173;185;FOLIO vide ou non reconnu dans Acts CSV
57084;31848;JJ173;186;FOLIO vide ou non reconnu dans Acts CSV
57085;31848;JJ173;186;FOLIO vide ou non reconnu dans Acts CSV
57086;31849;JJ173;187;FOLIO vide ou non reconnu dans Acts CSV
57087;31849;JJ173;187;FOLIO vide ou non reconnu dans Acts CSV
57088;31850;JJ173;188;FOLIO vide ou non reconnu dans Acts CSV
57089;31850;JJ173;188;FOLIO vide ou non reconnu dans Acts CSV
57090;31851;JJ173;189;FOLIO vide ou non reconnu dans Acts CSV
57091;31851;JJ173;189;FOLIO vide ou non reconnu dans Acts CSV
57092;31852;JJ173;190;FOLIO vide ou non reconnu dans Acts CSV
57093;31853;JJ173;191;FOLIO vide ou non reconnu dans Acts CSV
57094;31853;JJ173;191;FOLIO vide ou non reconnu dans Acts CSV
57095;31854;JJ173;192;FOLIO vide ou non reconnu dans Acts CSV
57096;31855;JJ173;193;FOLIO vide ou non reconnu dans Acts CSV
57097;31855;JJ173;193;FOLIO vide ou non reconnu dans Acts CSV
57098;31856;JJ173;194;FOLIO vide ou non reconnu dans Acts CSV
57099;31856;JJ173;194;FOLIO vide ou non reconnu dans Acts CSV
57100;31857;JJ173;195;FOLIO vide ou non reconnu dans Acts CSV
57101;31857;JJ173;195;FOLIO vide ou non reconnu dans Acts CSV
57102;31858;JJ173;196;FOLIO vide ou non reconnu dans Acts CSV
57103;31858;JJ173;196;FOLIO vide ou non reconnu dans Acts CSV
57104;31859;JJ173;197;FOLIO vide ou non reconnu dans Acts CSV
57105;31860;JJ173;198;FOLIO vide ou non reconnu dans Acts CSV
57106;31861;JJ173;199;FOLIO vide ou non reconnu dans Acts CSV
57107;31861;JJ173;199;FOLIO vide ou non reconnu dans Acts CSV
57108;31862;JJ173;200;FOLIO vide ou non reconnu dans Acts CSV
57109;31862;JJ173;200;FOLIO vide ou non reconnu dans Acts CSV
57110;31862;JJ173;200;FOLIO vide ou non reconnu dans Acts CSV
57111;31863;JJ173;201;FOLIO vide ou non reconnu dans Acts CSV
57112;31863;JJ173;201;FOLIO vide ou non reconnu dans Acts CSV
57113;31864;JJ173;202;FOLIO vide ou non reconnu dans Acts CSV
57114;31864;JJ173;202;FOLIO vide ou non reconnu dans Acts CSV
57115;31865;JJ173;203;FOLIO vide ou non reconnu dans Acts CSV
57116;31866;JJ173;204;FOLIO vide ou non reconnu dans Acts CSV
57117;31866;JJ173;204;FOLIO vide ou non reconnu dans Acts CSV
57118;31866;JJ173;204;FOLIO vide ou non reconnu dans Acts CSV
57119;31867;JJ173;205;FOLIO vide ou non reconnu dans Acts CSV
57120;31868;JJ173;206;FOLIO vide ou non reconnu dans Acts CSV
57121;31868;JJ173;206;FOLIO vide ou non reconnu dans Acts CSV
57122;31869;JJ173;207;FOLIO vide ou non reconnu dans Acts CSV
57123;31869;JJ173;207;FOLIO vide ou non reconnu dans Acts CSV
57124;31870;JJ173;208;FOLIO vide ou non reconnu dans Acts CSV
57125;31870;JJ173;208;FOLIO vide ou non reconnu dans Acts CSV
57126;31870;JJ173;208;FOLIO vide ou non reconnu dans Acts CSV
57127;31871;JJ173;209;FOLIO vide ou non reconnu dans Acts CSV
57128;31871;JJ173;209;FOLIO vide ou non reconnu dans Acts CSV
57129;31872;JJ173;210;FOLIO vide ou non reconnu dans Acts CSV
57130;31872;JJ173;210;FOLIO vide ou non reconnu dans Acts CSV
57131;31873;JJ173;211;FOLIO vide ou non reconnu dans Acts CSV
57132;31873;JJ173;211;FOLIO vide ou non reconnu dans Acts CSV
57133;31874;JJ173;212;FOLIO vide ou non reconnu dans Acts CSV
57134;31874;JJ173;212;FOLIO vide ou non reconnu dans Acts CSV
57135;31875;JJ173;213;FOLIO vide ou non reconnu dans Acts CSV
57136;31875;JJ173;213;FOLIO vide ou non reconnu dans Acts CSV
57137;31876;JJ173;214;FOLIO vide ou non reconnu dans Acts CSV
57138;31876;JJ173;214;FOLIO vide ou non reconnu dans Acts CSV
57139;31877;JJ173;215;FOLIO vide ou non reconnu dans Acts CSV
57140;31877;JJ173;215;FOLIO vide ou non reconnu dans Acts CSV
57141;31878;JJ173;216;FOLIO vide ou non reconnu dans Acts CSV
57142;31878;JJ173;216;FOLIO vide ou non reconnu dans Acts CSV
57143;31879;JJ173;217;FOLIO vide ou non reconnu dans Acts CSV
57144;31879;JJ173;217;FOLIO vide ou non reconnu dans Acts CSV
57145;31880;JJ173;218;FOLIO vide ou non reconnu dans Acts CSV
57146;31880;JJ173;218;FOLIO vide ou non reconnu dans Acts CSV
57147;31881;JJ173;219;FOLIO vide ou non reconnu dans Acts CSV
57148;31882;JJ173;220;FOLIO vide ou non reconnu dans Acts CSV
57149;31882;JJ173;220;FOLIO vide ou non reconnu dans Acts CSV
57150;31883;JJ173;221;FOLIO vide ou non reconnu dans Acts CSV
57151;31883;JJ173;221;FOLIO vide ou non reconnu dans Acts CSV
57152;31884;JJ173;222;FOLIO vide ou non reconnu dans Acts CSV
57153;31884;JJ173;222;FOLIO vide ou non reconnu dans Acts CSV
57154;31885;JJ173;223;FOLIO vide ou non reconnu dans Acts CSV
57155;31885;JJ173;223;FOLIO vide ou non reconnu dans Acts CSV
57156;31886;JJ173;224;FOLIO vide ou non reconnu dans Acts CSV
57157;31887;JJ173;225;FOLIO vide ou non reconnu dans Acts CSV
57158;31887;JJ173;225;FOLIO vide ou non reconnu dans Acts CSV
57159;31888;JJ173;226;FOLIO vide ou non reconnu dans Acts CSV
57160;31888;JJ173;226;FOLIO vide ou non reconnu dans Acts CSV
57161;31889;JJ173;227;FOLIO vide ou non reconnu dans Acts CSV
57162;31889;JJ173;227;FOLIO vide ou non reconnu dans Acts CSV
57163;31890;JJ173;228;FOLIO vide ou non reconnu dans Acts CSV
57164;31891;JJ173;229;FOLIO vide ou non reconnu dans Acts CSV
57165;31891;JJ173;229;FOLIO vide ou non reconnu dans Acts CSV
57166;31892;JJ173;230;FOLIO vide ou non reconnu dans Acts CSV
57167;31892;JJ173;230;FOLIO vide ou non reconnu dans Acts CSV
57168;31892;JJ173;230;FOLIO vide ou non reconnu dans Acts CSV
57169;31893;JJ173;231;FOLIO vide ou non reconnu dans Acts CSV
57170;31894;JJ173;232;FOLIO vide ou non reconnu dans Acts CSV
57171;31894;JJ173;232;FOLIO vide ou non reconnu dans Acts CSV
57172;31895;JJ173;233;FOLIO vide ou non reconnu dans Acts CSV
57173;31895;JJ173;233;FOLIO vide ou non reconnu dans Acts CSV
57174;31896;JJ173;234;FOLIO vide ou non reconnu dans Acts CSV
57175;31896;JJ173;234;FOLIO vide ou non reconnu dans Acts CSV
57176;31897;JJ173;235;FOLIO vide ou non reconnu dans Acts CSV
57177;31898;JJ173;236;FOLIO vide ou non reconnu dans Acts CSV
57178;31898;JJ173;236;FOLIO vide ou non reconnu dans Acts CSV
57179;31899;JJ173;237;FOLIO vide ou non reconnu dans Acts CSV
57180;31899;JJ173;237;FOLIO vide ou non reconnu dans Acts CSV
57181;31900;JJ173;238;FOLIO vide ou non reconnu dans Acts CSV
57182;31900;JJ173;238;FOLIO vide ou non reconnu dans Acts CSV
57183;31901;JJ173;239;FOLIO vide ou non reconnu dans Acts CSV
57184;31901;JJ173;239;FOLIO vide ou non reconnu dans Acts CSV
57185;31902;JJ173;240;FOLIO vide ou non reconnu dans Acts CSV
57186;31903;JJ173;241;FOLIO vide ou non reconnu dans Acts CSV
57187;31903;JJ173;241;FOLIO vide ou non reconnu dans Acts CSV
57188;31904;JJ173;242;FOLIO vide ou non reconnu dans Acts CSV
57189;31904;JJ173;242;FOLIO vide ou non reconnu dans Acts CSV
57190;31905;JJ173;243;FOLIO vide ou non reconnu dans Acts CSV
57191;31906;JJ173;244;FOLIO vide ou non reconnu dans Acts CSV
57192;31906;JJ173;244;FOLIO vide ou non reconnu dans Acts CSV
57193;31907;JJ173;245;FOLIO vide ou non reconnu dans Acts CSV
57194;31907;JJ173;245;FOLIO vide ou non reconnu dans Acts CSV
57195;31908;JJ173;246;FOLIO vide ou non reconnu dans Acts CSV
57196;31908;JJ173;246;FOLIO vide ou non reconnu dans Acts CSV
57197;31909;JJ173;247;FOLIO vide ou non reconnu dans Acts CSV
57198;31909;JJ173;247;FOLIO vide ou non reconnu dans Acts CSV
57199;31910;JJ173;248;FOLIO vide ou non reconnu dans Acts CSV
57200;31910;JJ173;248;FOLIO vide ou non reconnu dans Acts CSV
57201;31911;JJ173;249;FOLIO vide ou non reconnu dans Acts CSV
57202;31911;JJ173;249;FOLIO vide ou non reconnu dans Acts CSV
57203;31912;JJ173;250;FOLIO vide ou non reconnu dans Acts CSV
57204;31912;JJ173;250;FOLIO vide ou non reconnu dans Acts CSV
57205;31912;JJ173;250;FOLIO vide ou non reconnu dans Acts CSV
57206;31913;JJ173;251;FOLIO vide ou non reconnu dans Acts CSV
57207;31914;JJ173;252;FOLIO vide ou non reconnu dans Acts CSV
57208;31914;JJ173;252;FOLIO vide ou non reconnu dans Acts CSV
57209;31915;JJ173;253;FOLIO vide ou non reconnu dans Acts CSV
57210;31915;JJ173;253;FOLIO vide ou non reconnu dans Acts CSV
57211;31916;JJ173;254;FOLIO vide ou non reconnu dans Acts CSV
57212;31917;JJ173;255;FOLIO vide ou non reconnu dans Acts CSV
57213;31917;JJ173;255;FOLIO vide ou non reconnu dans Acts CSV
57214;31918;JJ173;256;FOLIO vide ou non reconnu dans Acts CSV
57215;31918;JJ173;256;FOLIO vide ou non reconnu dans Acts CSV
57216;31919;JJ173;257;FOLIO vide ou non reconnu dans Acts CSV
57217;31919;JJ173;257;FOLIO vide ou non reconnu dans Acts CSV
57218;31920;JJ173;258;FOLIO vide ou non reconnu dans Acts CSV
57219;31921;JJ173;259;FOLIO vide ou non reconnu dans Acts CSV
57220;31921;JJ173;259;FOLIO vide ou non reconnu dans Acts CSV
57221;31922;JJ173;260;FOLIO vide ou non reconnu dans Acts CSV
57222;31922;JJ173;260;FOLIO vide ou non reconnu dans Acts CSV
57223;31923;JJ173;261;FOLIO vide ou non reconnu dans Acts CSV
57224;31923;JJ173;261;FOLIO vide ou non reconnu dans Acts CSV
57225;31924;JJ173;262;FOLIO vide ou non reconnu dans Acts CSV
57226;31924;JJ173;262;FOLIO vide ou non reconnu dans Acts CSV
57227;31925;JJ173;263;
57228;31926;JJ173;264;FOLIO vide ou non reconnu dans Acts CSV
57229;31926;JJ173;264;FOLIO vide ou non reconnu dans Acts CSV
57230;31927;JJ173;265;FOLIO vide ou non reconnu dans Acts CSV
57231;31928;JJ173;266;FOLIO vide ou non reconnu dans Acts CSV
57232;31929;JJ173;267;FOLIO vide ou non reconnu dans Acts CSV
57233;31929;JJ173;267;FOLIO vide ou non reconnu dans Acts CSV
57234;31930;JJ173;268;FOLIO vide ou non reconnu dans Acts CSV
57235;31930;JJ173;268;FOLIO vide ou non reconnu dans Acts CSV
57236;31931;JJ173;269;FOLIO vide ou non reconnu dans Acts CSV
57237;31931;JJ173;269;FOLIO vide ou non reconnu dans Acts CSV
57238;31932;JJ173;270;FOLIO vide ou non reconnu dans Acts CSV
57239;31932;JJ173;270;FOLIO vide ou non reconnu dans Acts CSV
57240;31933;JJ173;271;FOLIO vide ou non reconnu dans Acts CSV
57241;31933;JJ173;271;FOLIO vide ou non reconnu dans Acts CSV
57242;31934;JJ173;272;FOLIO vide ou non reconnu dans Acts CSV
57243;31935;JJ173;273;FOLIO vide ou non reconnu dans Acts CSV
57244;31935;JJ173;273;FOLIO vide ou non reconnu dans Acts CSV
57245;31936;JJ173;274;FOLIO vide ou non reconnu dans Acts CSV
57246;31936;JJ173;274;FOLIO vide ou non reconnu dans Acts CSV
57247;31937;JJ173;275;FOLIO vide ou non reconnu dans Acts CSV
57248;31937;JJ173;275;FOLIO vide ou non reconnu dans Acts CSV
57249;31938;JJ173;276;FOLIO vide ou non reconnu dans Acts CSV
57250;31938;JJ173;276;FOLIO vide ou non reconnu dans Acts CSV
57251;31939;JJ173;277;FOLIO vide ou non reconnu dans Acts CSV
57252;31940;JJ173;278;FOLIO vide ou non reconnu dans Acts CSV
57253;31941;JJ173;279;FOLIO vide ou non reconnu dans Acts CSV
57254;31942;JJ173;280;FOLIO vide ou non reconnu dans Acts CSV
57255;31942;JJ173;280;FOLIO vide ou non reconnu dans Acts CSV
57256;31943;JJ173;281;FOLIO vide ou non reconnu dans Acts CSV
57257;31944;JJ173;282;FOLIO vide ou non reconnu dans Acts CSV
57258;31944;JJ173;282;FOLIO vide ou non reconnu dans Acts CSV
57259;31945;JJ173;283;FOLIO vide ou non reconnu dans Acts CSV
57260;31946;JJ173;284;FOLIO vide ou non reconnu dans Acts CSV
57261;31946;JJ173;284;FOLIO vide ou non reconnu dans Acts CSV
57262;31947;JJ173;285;FOLIO vide ou non reconnu dans Acts CSV
57263;31948;JJ173;286;FOLIO vide ou non reconnu dans Acts CSV
57264;31948;JJ173;286;FOLIO vide ou non reconnu dans Acts CSV
57265;31949;JJ173;287;
57266;31949;JJ173;287;
57267;31950;JJ173;288;FOLIO vide ou non reconnu dans Acts CSV
57268;31950;JJ173;288;FOLIO vide ou non reconnu dans Acts CSV
57269;31951;JJ173;289;FOLIO vide ou non reconnu dans Acts CSV
57270;31952;JJ173;290;FOLIO vide ou non reconnu dans Acts CSV
57271;31953;JJ173;291;FOLIO vide ou non reconnu dans Acts CSV
57272;31953;JJ173;291;FOLIO vide ou non reconnu dans Acts CSV
57273;31954;JJ173;292;FOLIO vide ou non reconnu dans Acts CSV
57274;31954;JJ173;292;FOLIO vide ou non reconnu dans Acts CSV
57275;31955;JJ173;293;FOLIO vide ou non reconnu dans Acts CSV
57276;31956;JJ173;294;FOLIO vide ou non reconnu dans Acts CSV
57277;31956;JJ173;294;FOLIO vide ou non reconnu dans Acts CSV
57278;31956;JJ173;294;FOLIO vide ou non reconnu dans Acts CSV
57279;31957;JJ173;295;FOLIO vide ou non reconnu dans Acts CSV
57280;31957;JJ173;295;FOLIO vide ou non reconnu dans Acts CSV
57281;31958;JJ173;296;FOLIO vide ou non reconnu dans Acts CSV
57282;31959;JJ173;297;FOLIO vide ou non reconnu dans Acts CSV
57283;31959;JJ173;297;FOLIO vide ou non reconnu dans Acts CSV
57284;31960;JJ173;298;FOLIO vide ou non reconnu dans Acts CSV
57285;31960;JJ173;298;FOLIO vide ou non reconnu dans Acts CSV
57286;31961;JJ173;299;FOLIO vide ou non reconnu dans Acts CSV
57287;31961;JJ173;299;FOLIO vide ou non reconnu dans Acts CSV
57288;31962;JJ173;300;FOLIO vide ou non reconnu dans Acts CSV
57289;31962;JJ173;300;FOLIO vide ou non reconnu dans Acts CSV
57290;31963;JJ173;301;FOLIO vide ou non reconnu dans Acts CSV
57291;31963;JJ173;301;FOLIO vide ou non reconnu dans Acts CSV
57292;31964;JJ173;302;FOLIO vide ou non reconnu dans Acts CSV
57293;31965;JJ173;303;FOLIO vide ou non reconnu dans Acts CSV
57294;31965;JJ173;303;FOLIO vide ou non reconnu dans Acts CSV
57295;31966;JJ173;304;FOLIO vide ou non reconnu dans Acts CSV
57296;31967;JJ173;305;FOLIO vide ou non reconnu dans Acts CSV
57297;31967;JJ173;305;FOLIO vide ou non reconnu dans Acts CSV
57298;31968;JJ173;306;FOLIO vide ou non reconnu dans Acts CSV
57299;31969;JJ173;307;FOLIO vide ou non reconnu dans Acts CSV
57300;31969;JJ173;307;FOLIO vide ou non reconnu dans Acts CSV
57301;31970;JJ173;308;FOLIO vide ou non reconnu dans Acts CSV
57302;31970;JJ173;308;FOLIO vide ou non reconnu dans Acts CSV
57303;31970;JJ173;308;FOLIO vide ou non reconnu dans Acts CSV
57304;31971;JJ173;309;FOLIO vide ou non reconnu dans Acts CSV
57305;31972;JJ173;310;FOLIO vide ou non reconnu dans Acts CSV
57306;31972;JJ173;310;FOLIO vide ou non reconnu dans Acts CSV
57307;31973;JJ173;311;FOLIO vide ou non reconnu dans Acts CSV
57308;31973;JJ173;311;FOLIO vide ou non reconnu dans Acts CSV
57309;31974;JJ173;312;FOLIO vide ou non reconnu dans Acts CSV
57310;31974;JJ173;312;FOLIO vide ou non reconnu dans Acts CSV
57311;31975;JJ173;313;FOLIO vide ou non reconnu dans Acts CSV
57312;31975;JJ173;313;FOLIO vide ou non reconnu dans Acts CSV
57313;31975;JJ173;313;FOLIO vide ou non reconnu dans Acts CSV
57314;31976;JJ173;314;FOLIO vide ou non reconnu dans Acts CSV
57315;31976;JJ173;314;FOLIO vide ou non reconnu dans Acts CSV
57316;31977;JJ173;315;FOLIO vide ou non reconnu dans Acts CSV
57317;31977;JJ173;315;FOLIO vide ou non reconnu dans Acts CSV
57318;31978;JJ173;316;FOLIO vide ou non reconnu dans Acts CSV
57319;31978;JJ173;316;FOLIO vide ou non reconnu dans Acts CSV
57320;31979;JJ173;317;FOLIO vide ou non reconnu dans Acts CSV
57321;31979;JJ173;317;FOLIO vide ou non reconnu dans Acts CSV
57322;31980;JJ173;318;FOLIO vide ou non reconnu dans Acts CSV
57323;31980;JJ173;318;FOLIO vide ou non reconnu dans Acts CSV
57324;31981;JJ173;319;FOLIO vide ou non reconnu dans Acts CSV
57325;31981;JJ173;319;FOLIO vide ou non reconnu dans Acts CSV
57326;31982;JJ173;320;FOLIO vide ou non reconnu dans Acts CSV
57327;31982;JJ173;320;FOLIO vide ou non reconnu dans Acts CSV
57328;31983;JJ173;321;FOLIO vide ou non reconnu dans Acts CSV
57329;31984;JJ173;322;FOLIO vide ou non reconnu dans Acts CSV
57330;31984;JJ173;322;FOLIO vide ou non reconnu dans Acts CSV
57331;31985;JJ173;323;FOLIO vide ou non reconnu dans Acts CSV
57332;31986;JJ173;324;FOLIO vide ou non reconnu dans Acts CSV
57333;31986;JJ173;324;FOLIO vide ou non reconnu dans Acts CSV
57334;31986;JJ173;324;FOLIO vide ou non reconnu dans Acts CSV
57335;31987;JJ173;325;FOLIO vide ou non reconnu dans Acts CSV
57336;31987;JJ173;325;FOLIO vide ou non reconnu dans Acts CSV
57337;31988;JJ173;326;FOLIO vide ou non reconnu dans Acts CSV
57338;31988;JJ173;326;FOLIO vide ou non reconnu dans Acts CSV
57339;31989;JJ173;327;FOLIO vide ou non reconnu dans Acts CSV
57340;31989;JJ173;327;FOLIO vide ou non reconnu dans Acts CSV
57341;31990;JJ173;328;FOLIO vide ou non reconnu dans Acts CSV
57342;31991;JJ173;329;FOLIO vide ou non reconnu dans Acts CSV
57343;31991;JJ173;329;FOLIO vide ou non reconnu dans Acts CSV
57344;31992;JJ173;330;FOLIO vide ou non reconnu dans Acts CSV
57345;31992;JJ173;330;FOLIO vide ou non reconnu dans Acts CSV
57346;31993;JJ173;331;FOLIO vide ou non reconnu dans Acts CSV
57347;31993;JJ173;331;FOLIO vide ou non reconnu dans Acts CSV
57348;31994;JJ173;332;FOLIO vide ou non reconnu dans Acts CSV
57349;31994;JJ173;332;FOLIO vide ou non reconnu dans Acts CSV
57350;31995;JJ173;333;FOLIO vide ou non reconnu dans Acts CSV
57351;31995;JJ173;333;FOLIO vide ou non reconnu dans Acts CSV
57352;31996;JJ173;334;FOLIO vide ou non reconnu dans Acts CSV
57353;31996;JJ173;334;FOLIO vide ou non reconnu dans Acts CSV
57354;31997;JJ173;335;FOLIO vide ou non reconnu dans Acts CSV
57355;31997;JJ173;335;FOLIO vide ou non reconnu dans Acts CSV
57356;31998;JJ173;336;FOLIO vide ou non reconnu dans Acts CSV
57357;31998;JJ173;336;FOLIO vide ou non reconnu dans Acts CSV
57358;31999;JJ173;337;FOLIO vide ou non reconnu dans Acts CSV
57359;31999;JJ173;337;FOLIO vide ou non reconnu dans Acts CSV
57360;32000;JJ173;338;FOLIO vide ou non reconnu dans Acts CSV
57361;32000;JJ173;338;FOLIO vide ou non reconnu dans Acts CSV
57362;32001;JJ173;339;FOLIO vide ou non reconnu dans Acts CSV
57363;32001;JJ173;339;FOLIO vide ou non reconnu dans Acts CSV
57364;32002;JJ173;340;FOLIO vide ou non reconnu dans Acts CSV
57365;32003;JJ173;341;FOLIO vide ou non reconnu dans Acts CSV
57366;32003;JJ173;341;FOLIO vide ou non reconnu dans Acts CSV
57367;32004;JJ173;342;FOLIO vide ou non reconnu dans Acts CSV
57368;32004;JJ173;342;FOLIO vide ou non reconnu dans Acts CSV
57369;32005;JJ173;343;FOLIO vide ou non reconnu dans Acts CSV
57370;32005;JJ173;343;FOLIO vide ou non reconnu dans Acts CSV
57371;32006;JJ173;344;FOLIO vide ou non reconnu dans Acts CSV
57372;32007;JJ173;345;FOLIO vide ou non reconnu dans Acts CSV
57373;32007;JJ173;345;FOLIO vide ou non reconnu dans Acts CSV
57374;32008;JJ173;346;FOLIO vide ou non reconnu dans Acts CSV
57375;32008;JJ173;346;FOLIO vide ou non reconnu dans Acts CSV
57376;32009;JJ173;347;FOLIO vide ou non reconnu dans Acts CSV
57377;32010;JJ173;348;FOLIO vide ou non reconnu dans Acts CSV
57378;32011;JJ173;349;FOLIO vide ou non reconnu dans Acts CSV
57379;32011;JJ173;349;FOLIO vide ou non reconnu dans Acts CSV
57380;32012;JJ173;350;FOLIO vide ou non reconnu dans Acts CSV
57381;32012;JJ173;350;FOLIO vide ou non reconnu dans Acts CSV
57382;32013;JJ173;351;FOLIO vide ou non reconnu dans Acts CSV
57383;32013;JJ173;351;FOLIO vide ou non reconnu dans Acts CSV
57384;32014;JJ173;352;FOLIO vide ou non reconnu dans Acts CSV
57385;32014;JJ173;352;FOLIO vide ou non reconnu dans Acts CSV
57386;32015;JJ173;353;FOLIO vide ou non reconnu dans Acts CSV
57387;32015;JJ173;353;FOLIO vide ou non reconnu dans Acts CSV
57388;32016;JJ173;354;FOLIO vide ou non reconnu dans Acts CSV
57389;32016;JJ173;354;FOLIO vide ou non reconnu dans Acts CSV
57390;32017;JJ173;355;FOLIO vide ou non reconnu dans Acts CSV
57391;32017;JJ173;355;FOLIO vide ou non reconnu dans Acts CSV
57392;32018;JJ173;356;FOLIO vide ou non reconnu dans Acts CSV
57393;32019;JJ173;357;FOLIO vide ou non reconnu dans Acts CSV
57394;32020;JJ173;358;FOLIO vide ou non reconnu dans Acts CSV
57395;32020;JJ173;358;FOLIO vide ou non reconnu dans Acts CSV
57396;32021;JJ173;359;FOLIO vide ou non reconnu dans Acts CSV
57397;32021;JJ173;359;FOLIO vide ou non reconnu dans Acts CSV
57398;32022;JJ173;360;FOLIO vide ou non reconnu dans Acts CSV
57399;32022;JJ173;360;FOLIO vide ou non reconnu dans Acts CSV
57400;32023;JJ173;361;FOLIO vide ou non reconnu dans Acts CSV
57401;32024;JJ173;362;FOLIO vide ou non reconnu dans Acts CSV
57402;32024;JJ173;362;FOLIO vide ou non reconnu dans Acts CSV
57403;32025;JJ173;363;FOLIO vide ou non reconnu dans Acts CSV
57404;32026;JJ173;364;FOLIO vide ou non reconnu dans Acts CSV
57405;32026;JJ173;364;FOLIO vide ou non reconnu dans Acts CSV
57406;32027;JJ173;365;FOLIO vide ou non reconnu dans Acts CSV
57407;32027;JJ173;365;FOLIO vide ou non reconnu dans Acts CSV
57408;32028;JJ173;366;FOLIO vide ou non reconnu dans Acts CSV
57409;32028;JJ173;366;FOLIO vide ou non reconnu dans Acts CSV
57410;32029;JJ173;367;FOLIO vide ou non reconnu dans Acts CSV
57411;32029;JJ173;367;FOLIO vide ou non reconnu dans Acts CSV
57412;32030;JJ173;368;FOLIO vide ou non reconnu dans Acts CSV
57413;32030;JJ173;368;FOLIO vide ou non reconnu dans Acts CSV
57414;32031;JJ173;369;FOLIO vide ou non reconnu dans Acts CSV
57415;32031;JJ173;369;FOLIO vide ou non reconnu dans Acts CSV
57416;32032;JJ173;370;FOLIO vide ou non reconnu dans Acts CSV
57417;32032;JJ173;370;FOLIO vide ou non reconnu dans Acts CSV
57418;32033;JJ173;371;FOLIO vide ou non reconnu dans Acts CSV
57419;32033;JJ173;371;FOLIO vide ou non reconnu dans Acts CSV
57420;32034;JJ173;372;FOLIO vide ou non reconnu dans Acts CSV
57421;32035;JJ173;373;FOLIO vide ou non reconnu dans Acts CSV
57422;32035;JJ173;373;FOLIO vide ou non reconnu dans Acts CSV
57423;32035;JJ173;373;FOLIO vide ou non reconnu dans Acts CSV
57424;32036;JJ173;374;FOLIO vide ou non reconnu dans Acts CSV
57425;32036;JJ173;374;FOLIO vide ou non reconnu dans Acts CSV
57426;32037;JJ173;375;FOLIO vide ou non reconnu dans Acts CSV
57427;32037;JJ173;375;FOLIO vide ou non reconnu dans Acts CSV
57428;32038;JJ173;376;FOLIO vide ou non reconnu dans Acts CSV
57429;32038;JJ173;376;FOLIO vide ou non reconnu dans Acts CSV
57430;32039;JJ173;377;FOLIO vide ou non reconnu dans Acts CSV
57431;32039;JJ173;377;FOLIO vide ou non reconnu dans Acts CSV
57432;32040;JJ173;378;FOLIO vide ou non reconnu dans Acts CSV
57433;32040;JJ173;378;FOLIO vide ou non reconnu dans Acts CSV
57434;32041;JJ173;379;FOLIO vide ou non reconnu dans Acts CSV
57435;32041;JJ173;379;FOLIO vide ou non reconnu dans Acts CSV
57436;32042;JJ173;380;FOLIO vide ou non reconnu dans Acts CSV
57437;32043;JJ173;381;FOLIO vide ou non reconnu dans Acts CSV
57438;32043;JJ173;381;FOLIO vide ou non reconnu dans Acts CSV
57439;32044;JJ173;382;FOLIO vide ou non reconnu dans Acts CSV
57440;32044;JJ173;382;FOLIO vide ou non reconnu dans Acts CSV
57441;32045;JJ173;383;FOLIO vide ou non reconnu dans Acts CSV
57442;32045;JJ173;383;FOLIO vide ou non reconnu dans Acts CSV
57443;32046;JJ173;384;FOLIO vide ou non reconnu dans Acts CSV
57444;32046;JJ173;384;FOLIO vide ou non reconnu dans Acts CSV
57445;32047;JJ173;385;FOLIO vide ou non reconnu dans Acts CSV
57446;32047;JJ173;385;FOLIO vide ou non reconnu dans Acts CSV
57447;32048;JJ173;386;FOLIO vide ou non reconnu dans Acts CSV
57448;32048;JJ173;386;FOLIO vide ou non reconnu dans Acts CSV
57449;32049;JJ173;387;
57450;32049;JJ173;387;
57451;32050;JJ173;388;FOLIO vide ou non reconnu dans Acts CSV
57452;32050;JJ173;388;FOLIO vide ou non reconnu dans Acts CSV
57453;32051;JJ173;389;FOLIO vide ou non reconnu dans Acts CSV
57454;32051;JJ173;389;FOLIO vide ou non reconnu dans Acts CSV
57455;32052;JJ173;390;FOLIO vide ou non reconnu dans Acts CSV
57456;32052;JJ173;390;FOLIO vide ou non reconnu dans Acts CSV
57457;32053;JJ173;391;FOLIO vide ou non reconnu dans Acts CSV
57458;32053;JJ173;391;FOLIO vide ou non reconnu dans Acts CSV
57459;32054;JJ173;392;FOLIO vide ou non reconnu dans Acts CSV
57460;32054;JJ173;392;FOLIO vide ou non reconnu dans Acts CSV
57461;32055;JJ173;393;FOLIO vide ou non reconnu dans Acts CSV
57462;32055;JJ173;393;FOLIO vide ou non reconnu dans Acts CSV
57463;32055;JJ173;393;FOLIO vide ou non reconnu dans Acts CSV
57464;32056;JJ173;394;FOLIO vide ou non reconnu dans Acts CSV
57465;32056;JJ173;394;FOLIO vide ou non reconnu dans Acts CSV
57466;32057;JJ173;395;FOLIO vide ou non reconnu dans Acts CSV
57467;32057;JJ173;395;FOLIO vide ou non reconnu dans Acts CSV
57468;32058;JJ173;396;FOLIO vide ou non reconnu dans Acts CSV
57469;32058;JJ173;396;FOLIO vide ou non reconnu dans Acts CSV
57470;32059;JJ173;397;
57471;32059;JJ173;397;
57472;32060;JJ173;398;FOLIO vide ou non reconnu dans Acts CSV
57473;32060;JJ173;398;FOLIO vide ou non reconnu dans Acts CSV
57474;32061;JJ173;399;FOLIO vide ou non reconnu dans Acts CSV
57475;32061;JJ173;399;FOLIO vide ou non reconnu dans Acts CSV
57476;32061;JJ173;399;FOLIO vide ou non reconnu dans Acts CSV
57477;32062;JJ173;400;FOLIO vide ou non reconnu dans Acts CSV
57478;32062;JJ173;400;FOLIO vide ou non reconnu dans Acts CSV
57479;32063;JJ173;401;FOLIO vide ou non reconnu dans Acts CSV
57480;32064;JJ173;402;FOLIO vide ou non reconnu dans Acts CSV
57481;32065;JJ173;403;FOLIO vide ou non reconnu dans Acts CSV
57482;32065;JJ173;403;FOLIO vide ou non reconnu dans Acts CSV
57483;32066;JJ173;404;FOLIO vide ou non reconnu dans Acts CSV
57484;32066;JJ173;404;FOLIO vide ou non reconnu dans Acts CSV
57485;32067;JJ173;405;FOLIO vide ou non reconnu dans Acts CSV
57486;32068;JJ173;406;FOLIO vide ou non reconnu dans Acts CSV
57487;32068;JJ173;406;FOLIO vide ou non reconnu dans Acts CSV
57488;32069;JJ173;407;FOLIO vide ou non reconnu dans Acts CSV
57489;32069;JJ173;407;FOLIO vide ou non reconnu dans Acts CSV
57490;32070;JJ173;408;
57491;32070;JJ173;408;
57492;32071;JJ173;409;FOLIO vide ou non reconnu dans Acts CSV
57493;32072;JJ173;410;FOLIO vide ou non reconnu dans Acts CSV
57494;32072;JJ173;410;FOLIO vide ou non reconnu dans Acts CSV
57495;32073;JJ173;411;FOLIO vide ou non reconnu dans Acts CSV
57496;32073;JJ173;411;FOLIO vide ou non reconnu dans Acts CSV
57497;32074;JJ173;412;FOLIO vide ou non reconnu dans Acts CSV
57498;32074;JJ173;412;FOLIO vide ou non reconnu dans Acts CSV
57499;32075;JJ173;413;FOLIO vide ou non reconnu dans Acts CSV
57500;32076;JJ173;414;FOLIO vide ou non reconnu dans Acts CSV
57501;32077;JJ173;415;
57502;32077;JJ173;415;
57503;32078;JJ173;416;FOLIO vide ou non reconnu dans Acts CSV
57504;32078;JJ173;416;FOLIO vide ou non reconnu dans Acts CSV
57505;32079;JJ173;417;FOLIO vide ou non reconnu dans Acts CSV
57506;32080;JJ173;418;FOLIO vide ou non reconnu dans Acts CSV
57507;32080;JJ173;418;FOLIO vide ou non reconnu dans Acts CSV
57508;32081;JJ173;419;FOLIO vide ou non reconnu dans Acts CSV
57509;32082;JJ173;420;FOLIO vide ou non reconnu dans Acts CSV
57510;32082;JJ173;420;FOLIO vide ou non reconnu dans Acts CSV
57511;32083;JJ173;421;FOLIO vide ou non reconnu dans Acts CSV
57512;32083;JJ173;421;FOLIO vide ou non reconnu dans Acts CSV
57513;32084;JJ173;422;FOLIO vide ou non reconnu dans Acts CSV
57514;32085;JJ173;423;FOLIO vide ou non reconnu dans Acts CSV
57515;32086;JJ173;424;FOLIO vide ou non reconnu dans Acts CSV
57516;32087;JJ173;425;FOLIO vide ou non reconnu dans Acts CSV
57517;32088;JJ173;426;FOLIO vide ou non reconnu dans Acts CSV
57518;32088;JJ173;426;FOLIO vide ou non reconnu dans Acts CSV
57519;32089;JJ173;427;
57520;32090;JJ173;428;FOLIO vide ou non reconnu dans Acts CSV
57521;32090;JJ173;428;FOLIO vide ou non reconnu dans Acts CSV
57522;32091;JJ173;429;FOLIO vide ou non reconnu dans Acts CSV
57523;32091;JJ173;429;FOLIO vide ou non reconnu dans Acts CSV
57524;32092;JJ173;430;FOLIO vide ou non reconnu dans Acts CSV
57525;32093;JJ173;431;FOLIO vide ou non reconnu dans Acts CSV
57526;32093;JJ173;431;FOLIO vide ou non reconnu dans Acts CSV
57527;32094;JJ173;432;FOLIO vide ou non reconnu dans Acts CSV
57528;32094;JJ173;432;FOLIO vide ou non reconnu dans Acts CSV
57529;32095;JJ173;433;FOLIO vide ou non reconnu dans Acts CSV
57530;32095;JJ173;433;FOLIO vide ou non reconnu dans Acts CSV
57531;32096;JJ173;434;FOLIO vide ou non reconnu dans Acts CSV
57532;32096;JJ173;434;FOLIO vide ou non reconnu dans Acts CSV
57533;32097;JJ173;435;FOLIO vide ou non reconnu dans Acts CSV
57534;32097;JJ173;435;FOLIO vide ou non reconnu dans Acts CSV
57535;32098;JJ173;436;FOLIO vide ou non reconnu dans Acts CSV
57536;32098;JJ173;436;FOLIO vide ou non reconnu dans Acts CSV
57537;32099;JJ173;437;FOLIO vide ou non reconnu dans Acts CSV
57538;32100;JJ173;438;FOLIO vide ou non reconnu dans Acts CSV
57539;32100;JJ173;438;FOLIO vide ou non reconnu dans Acts CSV
57540;32101;JJ173;439;FOLIO vide ou non reconnu dans Acts CSV
57541;32101;JJ173;439;FOLIO vide ou non reconnu dans Acts CSV
57542;32102;JJ173;440;FOLIO vide ou non reconnu dans Acts CSV
57543;32102;JJ173;440;FOLIO vide ou non reconnu dans Acts CSV
57544;32103;JJ173;441;FOLIO vide ou non reconnu dans Acts CSV
57545;32103;JJ173;441;FOLIO vide ou non reconnu dans Acts CSV
57546;32104;JJ173;442;FOLIO vide ou non reconnu dans Acts CSV
57547;32105;JJ173;443;FOLIO vide ou non reconnu dans Acts CSV
57548;32105;JJ173;443;FOLIO vide ou non reconnu dans Acts CSV
57549;32106;JJ173;444;
57550;32106;JJ173;444;
57551;32107;JJ173;445;FOLIO vide ou non reconnu dans Acts CSV
57552;32107;JJ173;445;FOLIO vide ou non reconnu dans Acts CSV
57553;32108;JJ173;446;FOLIO vide ou non reconnu dans Acts CSV
57554;32109;JJ173;447;FOLIO vide ou non reconnu dans Acts CSV
57555;32109;JJ173;447;FOLIO vide ou non reconnu dans Acts CSV
57556;32110;JJ173;448;FOLIO vide ou non reconnu dans Acts CSV
57557;32110;JJ173;448;FOLIO vide ou non reconnu dans Acts CSV
57558;32111;JJ173;449;FOLIO vide ou non reconnu dans Acts CSV
57559;32111;JJ173;449;FOLIO vide ou non reconnu dans Acts CSV
57560;32112;JJ173;450;FOLIO vide ou non reconnu dans Acts CSV
57561;32112;JJ173;450;FOLIO vide ou non reconnu dans Acts CSV
57562;32113;JJ173;451;FOLIO vide ou non reconnu dans Acts CSV
57563;32113;JJ173;451;FOLIO vide ou non reconnu dans Acts CSV
57564;32114;JJ173;452;FOLIO vide ou non reconnu dans Acts CSV
57565;32114;JJ173;452;FOLIO vide ou non reconnu dans Acts CSV
57566;32115;JJ173;453;FOLIO vide ou non reconnu dans Acts CSV
57567;32116;JJ173;454;FOLIO vide ou non reconnu dans Acts CSV
57568;32117;JJ173;455;FOLIO vide ou non reconnu dans Acts CSV
57569;32117;JJ173;455;FOLIO vide ou non reconnu dans Acts CSV
57570;32118;JJ173;456;FOLIO vide ou non reconnu dans Acts CSV
57571;32118;JJ173;456;FOLIO vide ou non reconnu dans Acts CSV
57572;32119;JJ173;457;FOLIO vide ou non reconnu dans Acts CSV
57573;32120;JJ173;458;FOLIO vide ou non reconnu dans Acts CSV
57574;32120;JJ173;458;FOLIO vide ou non reconnu dans Acts CSV
57575;32121;JJ173;459;FOLIO vide ou non reconnu dans Acts CSV
57576;32121;JJ173;459;FOLIO vide ou non reconnu dans Acts CSV
57577;32122;JJ173;460;FOLIO vide ou non reconnu dans Acts CSV
57578;32122;JJ173;460;FOLIO vide ou non reconnu dans Acts CSV
57579;32122;JJ173;460;FOLIO vide ou non reconnu dans Acts CSV
57580;32123;JJ173;461;FOLIO vide ou non reconnu dans Acts CSV
57581;32123;JJ173;461;FOLIO vide ou non reconnu dans Acts CSV
57582;32124;JJ173;462;FOLIO vide ou non reconnu dans Acts CSV
57583;32125;JJ173;463;FOLIO vide ou non reconnu dans Acts CSV
57584;32125;JJ173;463;FOLIO vide ou non reconnu dans Acts CSV
57585;32126;JJ173;464;FOLIO vide ou non reconnu dans Acts CSV
57586;32127;JJ173;465;FOLIO vide ou non reconnu dans Acts CSV
57587;32127;JJ173;465;FOLIO vide ou non reconnu dans Acts CSV
57588;32127;JJ173;465;FOLIO vide ou non reconnu dans Acts CSV
57589;32128;JJ173;466;FOLIO vide ou non reconnu dans Acts CSV
57590;32129;JJ173;467;FOLIO vide ou non reconnu dans Acts CSV
57591;32130;JJ173;468;FOLIO vide ou non reconnu dans Acts CSV
57592;32130;JJ173;468;FOLIO vide ou non reconnu dans Acts CSV
57593;32131;JJ173;469;FOLIO vide ou non reconnu dans Acts CSV
57594;32132;JJ173;470;FOLIO vide ou non reconnu dans Acts CSV
57595;32133;JJ173;471;FOLIO vide ou non reconnu dans Acts CSV
57596;32133;JJ173;471;FOLIO vide ou non reconnu dans Acts CSV
57597;32134;JJ173;472;FOLIO vide ou non reconnu dans Acts CSV
57598;32134;JJ173;472;FOLIO vide ou non reconnu dans Acts CSV
57599;32134;JJ173;472;FOLIO vide ou non reconnu dans Acts CSV
57600;32135;JJ173;473;FOLIO vide ou non reconnu dans Acts CSV
57601;32135;JJ173;473;FOLIO vide ou non reconnu dans Acts CSV
57602;32135;JJ173;473;FOLIO vide ou non reconnu dans Acts CSV
57603;32136;JJ173;474;FOLIO vide ou non reconnu dans Acts CSV
57604;32137;JJ173;475;FOLIO vide ou non reconnu dans Acts CSV
57605;32138;JJ173;476;FOLIO vide ou non reconnu dans Acts CSV
57606;32138;JJ173;476;FOLIO vide ou non reconnu dans Acts CSV
57607;32139;JJ173;477;FOLIO vide ou non reconnu dans Acts CSV
57608;32139;JJ173;477;FOLIO vide ou non reconnu dans Acts CSV
57609;32140;JJ173;478;FOLIO vide ou non reconnu dans Acts CSV
57610;32140;JJ173;478;FOLIO vide ou non reconnu dans Acts CSV
57611;32141;JJ173;479;
57612;32142;JJ173;480;FOLIO vide ou non reconnu dans Acts CSV
57613;32143;JJ173;481;FOLIO vide ou non reconnu dans Acts CSV
57614;32143;JJ173;481;FOLIO vide ou non reconnu dans Acts CSV
57615;32144;JJ173;482;FOLIO vide ou non reconnu dans Acts CSV
57616;32145;JJ173;483;FOLIO vide ou non reconnu dans Acts CSV
57617;32145;JJ173;483;FOLIO vide ou non reconnu dans Acts CSV
57618;32146;JJ173;484;FOLIO vide ou non reconnu dans Acts CSV
57619;32146;JJ173;484;FOLIO vide ou non reconnu dans Acts CSV
57620;32147;JJ173;485;FOLIO vide ou non reconnu dans Acts CSV
57621;32147;JJ173;485;FOLIO vide ou non reconnu dans Acts CSV
57622;32148;JJ173;486;FOLIO vide ou non reconnu dans Acts CSV
57623;32148;JJ173;486;FOLIO vide ou non reconnu dans Acts CSV
57624;32149;JJ173;487;FOLIO vide ou non reconnu dans Acts CSV
57625;32149;JJ173;487;FOLIO vide ou non reconnu dans Acts CSV
57626;32150;JJ173;488;FOLIO vide ou non reconnu dans Acts CSV
57627;32151;JJ173;489;FOLIO vide ou non reconnu dans Acts CSV
57628;32151;JJ173;489;FOLIO vide ou non reconnu dans Acts CSV
57629;32152;JJ173;490;FOLIO vide ou non reconnu dans Acts CSV
57630;32152;JJ173;490;FOLIO vide ou non reconnu dans Acts CSV
57631;32153;JJ173;491;FOLIO vide ou non reconnu dans Acts CSV
57632;32154;JJ173;492;FOLIO vide ou non reconnu dans Acts CSV
57633;32154;JJ173;492;FOLIO vide ou non reconnu dans Acts CSV
57634;32155;JJ173;493;FOLIO vide ou non reconnu dans Acts CSV
57635;32155;JJ173;493;FOLIO vide ou non reconnu dans Acts CSV
57636;32156;JJ173;494;FOLIO vide ou non reconnu dans Acts CSV
57637;32156;JJ173;494;FOLIO vide ou non reconnu dans Acts CSV
57638;32156;JJ173;494;FOLIO vide ou non reconnu dans Acts CSV
57639;32157;JJ173;495;FOLIO vide ou non reconnu dans Acts CSV
57640;32158;JJ173;496;FOLIO vide ou non reconnu dans Acts CSV
57641;32158;JJ173;496;FOLIO vide ou non reconnu dans Acts CSV
57642;32159;JJ173;497;FOLIO vide ou non reconnu dans Acts CSV
57643;32159;JJ173;497;FOLIO vide ou non reconnu dans Acts CSV
57644;32160;JJ173;498;FOLIO vide ou non reconnu dans Acts CSV
57645;32160;JJ173;498;FOLIO vide ou non reconnu dans Acts CSV
57646;32161;JJ173;499;FOLIO vide ou non reconnu dans Acts CSV
57647;32161;JJ173;499;FOLIO vide ou non reconnu dans Acts CSV
57648;32162;JJ173;500;FOLIO vide ou non reconnu dans Acts CSV
57649;32162;JJ173;500;FOLIO vide ou non reconnu dans Acts CSV
57650;32163;JJ173;501;FOLIO vide ou non reconnu dans Acts CSV
57651;32163;JJ173;501;FOLIO vide ou non reconnu dans Acts CSV
57652;32164;JJ173;502;FOLIO vide ou non reconnu dans Acts CSV
57653;32164;JJ173;502;FOLIO vide ou non reconnu dans Acts CSV
57654;32164;JJ173;502;FOLIO vide ou non reconnu dans Acts CSV
57655;32165;JJ173;503;FOLIO vide ou non reconnu dans Acts CSV
57656;32165;JJ173;503;FOLIO vide ou non reconnu dans Acts CSV
57657;32166;JJ173;504;FOLIO vide ou non reconnu dans Acts CSV
57658;32166;JJ173;504;FOLIO vide ou non reconnu dans Acts CSV
57659;32167;JJ173;505;FOLIO vide ou non reconnu dans Acts CSV
57660;32167;JJ173;505;FOLIO vide ou non reconnu dans Acts CSV
57661;32168;JJ173;506;FOLIO vide ou non reconnu dans Acts CSV
57662;32168;JJ173;506;FOLIO vide ou non reconnu dans Acts CSV
57663;32169;JJ173;507;FOLIO vide ou non reconnu dans Acts CSV
57664;32170;JJ173;508;FOLIO vide ou non reconnu dans Acts CSV
57665;32171;JJ173;509;FOLIO vide ou non reconnu dans Acts CSV
57666;32171;JJ173;509;FOLIO vide ou non reconnu dans Acts CSV
57667;32172;JJ173;510;FOLIO vide ou non reconnu dans Acts CSV
57668;32172;JJ173;510;FOLIO vide ou non reconnu dans Acts CSV
57669;32173;JJ173;511;FOLIO vide ou non reconnu dans Acts CSV
57670;32173;JJ173;511;FOLIO vide ou non reconnu dans Acts CSV
57671;32174;JJ173;512;FOLIO vide ou non reconnu dans Acts CSV
57672;32175;JJ173;513;FOLIO vide ou non reconnu dans Acts CSV
57673;32175;JJ173;513;FOLIO vide ou non reconnu dans Acts CSV
57674;32175;JJ173;513;FOLIO vide ou non reconnu dans Acts CSV
57675;32176;JJ173;514;FOLIO vide ou non reconnu dans Acts CSV
57676;32177;JJ173;515;FOLIO vide ou non reconnu dans Acts CSV
57677;32178;JJ173;516;FOLIO vide ou non reconnu dans Acts CSV
57678;32178;JJ173;516;FOLIO vide ou non reconnu dans Acts CSV
57679;32179;JJ173;517;FOLIO vide ou non reconnu dans Acts CSV
57680;32179;JJ173;517;FOLIO vide ou non reconnu dans Acts CSV
57681;32180;JJ173;518;FOLIO vide ou non reconnu dans Acts CSV
57682;32180;JJ173;518;FOLIO vide ou non reconnu dans Acts CSV
57683;32181;JJ173;519;FOLIO vide ou non reconnu dans Acts CSV
57684;32181;JJ173;519;FOLIO vide ou non reconnu dans Acts CSV
57685;32182;JJ173;520;FOLIO vide ou non reconnu dans Acts CSV
57686;32182;JJ173;520;FOLIO vide ou non reconnu dans Acts CSV
57687;32183;JJ173;521;FOLIO vide ou non reconnu dans Acts CSV
57688;32183;JJ173;521;FOLIO vide ou non reconnu dans Acts CSV
57689;32184;JJ173;522;FOLIO vide ou non reconnu dans Acts CSV
57690;32184;JJ173;522;FOLIO vide ou non reconnu dans Acts CSV
57691;32185;JJ173;523;FOLIO vide ou non reconnu dans Acts CSV
57692;32185;JJ173;523;FOLIO vide ou non reconnu dans Acts CSV
57693;32186;JJ173;524;FOLIO vide ou non reconnu dans Acts CSV
57694;32187;JJ173;525;FOLIO vide ou non reconnu dans Acts CSV
57695;32187;JJ173;525;FOLIO vide ou non reconnu dans Acts CSV
57696;32188;JJ173;526;FOLIO vide ou non reconnu dans Acts CSV
57697;32188;JJ173;526;FOLIO vide ou non reconnu dans Acts CSV
57698;32189;JJ173;527;FOLIO vide ou non reconnu dans Acts CSV
57699;32189;JJ173;527;FOLIO vide ou non reconnu dans Acts CSV
57700;32190;JJ173;528;FOLIO vide ou non reconnu dans Acts CSV
57701;32190;JJ173;528;FOLIO vide ou non reconnu dans Acts CSV
57702;32191;JJ173;529;FOLIO vide ou non reconnu dans Acts CSV
57703;32191;JJ173;529;FOLIO vide ou non reconnu dans Acts CSV
57704;32192;JJ173;530;FOLIO vide ou non reconnu dans Acts CSV
57705;32192;JJ173;530;FOLIO vide ou non reconnu dans Acts CSV
57706;32193;JJ173;531;FOLIO vide ou non reconnu dans Acts CSV
57707;32193;JJ173;531;FOLIO vide ou non reconnu dans Acts CSV
57708;32194;JJ173;532;FOLIO vide ou non reconnu dans Acts CSV
57709;32194;JJ173;532;FOLIO vide ou non reconnu dans Acts CSV
57710;32195;JJ173;533;FOLIO vide ou non reconnu dans Acts CSV
57711;32195;JJ173;533;FOLIO vide ou non reconnu dans Acts CSV
57712;32196;JJ173;534;FOLIO vide ou non reconnu dans Acts CSV
57713;32196;JJ173;534;FOLIO vide ou non reconnu dans Acts CSV
57714;32197;JJ173;535;FOLIO vide ou non reconnu dans Acts CSV
57715;32197;JJ173;535;FOLIO vide ou non reconnu dans Acts CSV
57716;32198;JJ173;536;FOLIO vide ou non reconnu dans Acts CSV
57717;32198;JJ173;536;FOLIO vide ou non reconnu dans Acts CSV
57718;32199;JJ173;537;FOLIO vide ou non reconnu dans Acts CSV
57719;32199;JJ173;537;FOLIO vide ou non reconnu dans Acts CSV
57720;32200;JJ173;538;FOLIO vide ou non reconnu dans Acts CSV
57721;32200;JJ173;538;FOLIO vide ou non reconnu dans Acts CSV
57722;32200;JJ173;538;FOLIO vide ou non reconnu dans Acts CSV
57723;32201;JJ173;539;FOLIO vide ou non reconnu dans Acts CSV
57724;32202;JJ173;540;FOLIO vide ou non reconnu dans Acts CSV
57725;32203;JJ173;541;FOLIO vide ou non reconnu dans Acts CSV
57726;32203;JJ173;541;FOLIO vide ou non reconnu dans Acts CSV
57727;32204;JJ173;542;FOLIO vide ou non reconnu dans Acts CSV
57728;32204;JJ173;542;FOLIO vide ou non reconnu dans Acts CSV
57729;32205;JJ173;543;FOLIO vide ou non reconnu dans Acts CSV
57730;32205;JJ173;543;FOLIO vide ou non reconnu dans Acts CSV
57731;32206;JJ173;544;FOLIO vide ou non reconnu dans Acts CSV
57732;32206;JJ173;544;FOLIO vide ou non reconnu dans Acts CSV
57733;32207;JJ173;544bis;FOLIO vide ou non reconnu dans Acts CSV
57734;32207;JJ173;544bis;FOLIO vide ou non reconnu dans Acts CSV
57735;32208;JJ173;545;FOLIO vide ou non reconnu dans Acts CSV
57736;32209;JJ173;546;FOLIO vide ou non reconnu dans Acts CSV
57737;32209;JJ173;546;FOLIO vide ou non reconnu dans Acts CSV
57738;32210;JJ173;547;FOLIO vide ou non reconnu dans Acts CSV
57739;32210;JJ173;547;FOLIO vide ou non reconnu dans Acts CSV
57740;32211;JJ173;548;FOLIO vide ou non reconnu dans Acts CSV
57741;32211;JJ173;548;FOLIO vide ou non reconnu dans Acts CSV
57742;32211;JJ173;548;FOLIO vide ou non reconnu dans Acts CSV
57743;32211;JJ173;548;FOLIO vide ou non reconnu dans Acts CSV
57744;32211;JJ173;548;FOLIO vide ou non reconnu dans Acts CSV
57745;32211;JJ173;548;FOLIO vide ou non reconnu dans Acts CSV
57746;32211;JJ173;548;FOLIO vide ou non reconnu dans Acts CSV
57747;32211;JJ173;548;FOLIO vide ou non reconnu dans Acts CSV
57748;32211;JJ173;548;FOLIO vide ou non reconnu dans Acts CSV
57749;32211;JJ173;548;FOLIO vide ou non reconnu dans Acts CSV
57750;32211;JJ173;548;FOLIO vide ou non reconnu dans Acts CSV
57751;32211;JJ173;548;FOLIO vide ou non reconnu dans Acts CSV
57752;32211;JJ173;548;FOLIO vide ou non reconnu dans Acts CSV
57753;32211;JJ173;548;FOLIO vide ou non reconnu dans Acts CSV
57754;32211;JJ173;548;FOLIO vide ou non reconnu dans Acts CSV
57755;32212;JJ173;549;FOLIO vide ou non reconnu dans Acts CSV
57756;32212;JJ173;549;FOLIO vide ou non reconnu dans Acts CSV
57757;32213;JJ173;550;FOLIO vide ou non reconnu dans Acts CSV
57758;32213;JJ173;550;FOLIO vide ou non reconnu dans Acts CSV
57759;32214;JJ173;551;FOLIO vide ou non reconnu dans Acts CSV
57760;32214;JJ173;551;FOLIO vide ou non reconnu dans Acts CSV
57761;32214;JJ173;551;FOLIO vide ou non reconnu dans Acts CSV
57762;32214;JJ173;551;FOLIO vide ou non reconnu dans Acts CSV
57763;32214;JJ173;551;FOLIO vide ou non reconnu dans Acts CSV
57764;32215;JJ173;552;FOLIO vide ou non reconnu dans Acts CSV
57765;32216;JJ173;553;FOLIO vide ou non reconnu dans Acts CSV
57766;32217;JJ173;554;FOLIO vide ou non reconnu dans Acts CSV
57767;32217;JJ173;554;FOLIO vide ou non reconnu dans Acts CSV
57768;32218;JJ173;555;FOLIO vide ou non reconnu dans Acts CSV
57769;32218;JJ173;555;FOLIO vide ou non reconnu dans Acts CSV
57770;32219;JJ173;556;
57771;32219;JJ173;556;
57772;32220;JJ173;557;FOLIO vide ou non reconnu dans Acts CSV
57773;32220;JJ173;557;FOLIO vide ou non reconnu dans Acts CSV
57774;32220;JJ173;557;FOLIO vide ou non reconnu dans Acts CSV
57775;32221;JJ173;558;FOLIO vide ou non reconnu dans Acts CSV
57776;32221;JJ173;558;FOLIO vide ou non reconnu dans Acts CSV
57777;32222;JJ173;559;FOLIO vide ou non reconnu dans Acts CSV
57778;32222;JJ173;559;FOLIO vide ou non reconnu dans Acts CSV
57779;32223;JJ173;560;
57780;32223;JJ173;560;
57781;32224;JJ173;561;FOLIO vide ou non reconnu dans Acts CSV
57782;32224;JJ173;561;FOLIO vide ou non reconnu dans Acts CSV
57783;32225;JJ173;562;FOLIO vide ou non reconnu dans Acts CSV
57784;32225;JJ173;562;FOLIO vide ou non reconnu dans Acts CSV
57785;32226;JJ173;563;FOLIO vide ou non reconnu dans Acts CSV
57786;32226;JJ173;563;FOLIO vide ou non reconnu dans Acts CSV
57787;32226;JJ173;563;FOLIO vide ou non reconnu dans Acts CSV
57788;32227;JJ173;564;FOLIO vide ou non reconnu dans Acts CSV
57789;32228;JJ173;565;FOLIO vide ou non reconnu dans Acts CSV
57790;32228;JJ173;565;FOLIO vide ou non reconnu dans Acts CSV
57791;32229;JJ173;566;FOLIO vide ou non reconnu dans Acts CSV
57792;32229;JJ173;566;FOLIO vide ou non reconnu dans Acts CSV
57793;32230;JJ173;567;FOLIO vide ou non reconnu dans Acts CSV
57794;32230;JJ173;567;FOLIO vide ou non reconnu dans Acts CSV
57795;32231;JJ173;568;FOLIO vide ou non reconnu dans Acts CSV
57796;32232;JJ173;569;FOLIO vide ou non reconnu dans Acts CSV
57797;32232;JJ173;569;FOLIO vide ou non reconnu dans Acts CSV
57798;32232;JJ173;569;FOLIO vide ou non reconnu dans Acts CSV
57799;32233;JJ173;570;FOLIO vide ou non reconnu dans Acts CSV
57800;32234;JJ173;571;FOLIO vide ou non reconnu dans Acts CSV
57801;32235;JJ173;572;FOLIO vide ou non reconnu dans Acts CSV
57802;32235;JJ173;572;FOLIO vide ou non reconnu dans Acts CSV
57803;32236;JJ173;573;FOLIO vide ou non reconnu dans Acts CSV
57804;32236;JJ173;573;FOLIO vide ou non reconnu dans Acts CSV
57805;32237;JJ173;574;FOLIO vide ou non reconnu dans Acts CSV
57806;32237;JJ173;574;FOLIO vide ou non reconnu dans Acts CSV
57807;32238;JJ173;575;FOLIO vide ou non reconnu dans Acts CSV
57808;32238;JJ173;575;FOLIO vide ou non reconnu dans Acts CSV
57809;32239;JJ173;576;FOLIO vide ou non reconnu dans Acts CSV
57810;32239;JJ173;576;FOLIO vide ou non reconnu dans Acts CSV
57811;32240;JJ173;577;FOLIO vide ou non reconnu dans Acts CSV
57812;32240;JJ173;577;FOLIO vide ou non reconnu dans Acts CSV
57813;32241;JJ173;578;FOLIO vide ou non reconnu dans Acts CSV
57814;32241;JJ173;578;FOLIO vide ou non reconnu dans Acts CSV
57815;32242;JJ173;579;FOLIO vide ou non reconnu dans Acts CSV
57816;32242;JJ173;579;FOLIO vide ou non reconnu dans Acts CSV
57817;32243;JJ173;580;FOLIO vide ou non reconnu dans Acts CSV
57818;32243;JJ173;580;FOLIO vide ou non reconnu dans Acts CSV
57819;32243;JJ173;580;FOLIO vide ou non reconnu dans Acts CSV
57820;32243;JJ173;580;FOLIO vide ou non reconnu dans Acts CSV
57821;32244;JJ173;581;FOLIO vide ou non reconnu dans Acts CSV
57822;32244;JJ173;581;FOLIO vide ou non reconnu dans Acts CSV
57823;32245;JJ173;582;FOLIO vide ou non reconnu dans Acts CSV
57824;32245;JJ173;582;FOLIO vide ou non reconnu dans Acts CSV
57825;32246;JJ173;583;FOLIO vide ou non reconnu dans Acts CSV
57826;32246;JJ173;583;FOLIO vide ou non reconnu dans Acts CSV
57827;32247;JJ173;584;FOLIO vide ou non reconnu dans Acts CSV
57828;32247;JJ173;584;FOLIO vide ou non reconnu dans Acts CSV
57829;32248;JJ173;585;FOLIO vide ou non reconnu dans Acts CSV
57830;32248;JJ173;585;FOLIO vide ou non reconnu dans Acts CSV
57831;32249;JJ173;586;FOLIO vide ou non reconnu dans Acts CSV
57832;32249;JJ173;586;FOLIO vide ou non reconnu dans Acts CSV
57833;32249;JJ173;586;FOLIO vide ou non reconnu dans Acts CSV
57834;32250;JJ173;587;FOLIO vide ou non reconnu dans Acts CSV
57835;32250;JJ173;587;FOLIO vide ou non reconnu dans Acts CSV
57836;32251;JJ173;588;FOLIO vide ou non reconnu dans Acts CSV
57837;32251;JJ173;588;FOLIO vide ou non reconnu dans Acts CSV
57838;32252;JJ173;589;FOLIO vide ou non reconnu dans Acts CSV
57839;32252;JJ173;589;FOLIO vide ou non reconnu dans Acts CSV
57840;32253;JJ173;590;FOLIO vide ou non reconnu dans Acts CSV
57841;32253;JJ173;590;FOLIO vide ou non reconnu dans Acts CSV
57842;32254;JJ173;591;FOLIO vide ou non reconnu dans Acts CSV
57843;32254;JJ173;591;FOLIO vide ou non reconnu dans Acts CSV
57844;32255;JJ173;592;FOLIO vide ou non reconnu dans Acts CSV
57845;32256;JJ173;593;FOLIO vide ou non reconnu dans Acts CSV
57846;32257;JJ173;594;FOLIO vide ou non reconnu dans Acts CSV
57847;32257;JJ173;594;FOLIO vide ou non reconnu dans Acts CSV
57848;32258;JJ173;595;FOLIO vide ou non reconnu dans Acts CSV
57849;32258;JJ173;595;FOLIO vide ou non reconnu dans Acts CSV
57850;32259;JJ173;596;FOLIO vide ou non reconnu dans Acts CSV
57851;32259;JJ173;596;FOLIO vide ou non reconnu dans Acts CSV
57852;32260;JJ173;597;FOLIO vide ou non reconnu dans Acts CSV
57853;32260;JJ173;597;FOLIO vide ou non reconnu dans Acts CSV
57854;32261;JJ173;598;FOLIO vide ou non reconnu dans Acts CSV
57855;32261;JJ173;598;FOLIO vide ou non reconnu dans Acts CSV
57856;32262;JJ173;599;FOLIO vide ou non reconnu dans Acts CSV
57857;32262;JJ173;599;FOLIO vide ou non reconnu dans Acts CSV
57858;32263;JJ173;600;FOLIO vide ou non reconnu dans Acts CSV
57859;32263;JJ173;600;FOLIO vide ou non reconnu dans Acts CSV
57860;32264;JJ173;601;FOLIO vide ou non reconnu dans Acts CSV
57861;32264;JJ173;601;FOLIO vide ou non reconnu dans Acts CSV
57862;32265;JJ173;602;FOLIO vide ou non reconnu dans Acts CSV
57863;32266;JJ173;603;FOLIO vide ou non reconnu dans Acts CSV
57864;32266;JJ173;603;FOLIO vide ou non reconnu dans Acts CSV
57865;32267;JJ173;604;FOLIO vide ou non reconnu dans Acts CSV
57866;32267;JJ173;604;FOLIO vide ou non reconnu dans Acts CSV
57867;32268;JJ173;605;FOLIO vide ou non reconnu dans Acts CSV
57868;32268;JJ173;605;FOLIO vide ou non reconnu dans Acts CSV
57869;32269;JJ173;606;FOLIO vide ou non reconnu dans Acts CSV
57870;32269;JJ173;606;FOLIO vide ou non reconnu dans Acts CSV
57871;32270;JJ173;607;FOLIO vide ou non reconnu dans Acts CSV
57872;32270;JJ173;607;FOLIO vide ou non reconnu dans Acts CSV
57873;32271;JJ173;608;FOLIO vide ou non reconnu dans Acts CSV
57874;32272;JJ173;609;FOLIO vide ou non reconnu dans Acts CSV
57875;32272;JJ173;609;FOLIO vide ou non reconnu dans Acts CSV
57876;32273;JJ173;610;FOLIO vide ou non reconnu dans Acts CSV
57877;32273;JJ173;610;FOLIO vide ou non reconnu dans Acts CSV
57878;32274;JJ173;611;FOLIO vide ou non reconnu dans Acts CSV
57879;32274;JJ173;611;FOLIO vide ou non reconnu dans Acts CSV
57880;32275;JJ173;612;FOLIO vide ou non reconnu dans Acts CSV
57881;32276;JJ173;613;FOLIO vide ou non reconnu dans Acts CSV
57882;32276;JJ173;613;FOLIO vide ou non reconnu dans Acts CSV
57883;32277;JJ173;614;FOLIO vide ou non reconnu dans Acts CSV
57884;32277;JJ173;614;FOLIO vide ou non reconnu dans Acts CSV
57885;32278;JJ173;615;
57886;32278;JJ173;615;
57887;32279;JJ173;616;FOLIO vide ou non reconnu dans Acts CSV
57888;32280;JJ173;617;FOLIO vide ou non reconnu dans Acts CSV
57889;32281;JJ173;618;FOLIO vide ou non reconnu dans Acts CSV
57890;32281;JJ173;618;FOLIO vide ou non reconnu dans Acts CSV
57891;32282;JJ173;619;
57892;32283;JJ173;620;FOLIO vide ou non reconnu dans Acts CSV
57893;32284;JJ173;621;FOLIO vide ou non reconnu dans Acts CSV
57894;32284;JJ173;621;FOLIO vide ou non reconnu dans Acts CSV
57895;32285;JJ173;622;FOLIO vide ou non reconnu dans Acts CSV
57896;32285;JJ173;622;FOLIO vide ou non reconnu dans Acts CSV
57897;32286;JJ173;623;FOLIO vide ou non reconnu dans Acts CSV
57898;32286;JJ173;623;FOLIO vide ou non reconnu dans Acts CSV
57899;32287;JJ173;624;FOLIO vide ou non reconnu dans Acts CSV
57900;32287;JJ173;624;FOLIO vide ou non reconnu dans Acts CSV
57901;32288;JJ173;625;FOLIO vide ou non reconnu dans Acts CSV
57902;32288;JJ173;625;FOLIO vide ou non reconnu dans Acts CSV
57903;32289;JJ173;626;FOLIO vide ou non reconnu dans Acts CSV
57904;32289;JJ173;626;FOLIO vide ou non reconnu dans Acts CSV
57905;32290;JJ173;627;FOLIO vide ou non reconnu dans Acts CSV
57906;32290;JJ173;627;FOLIO vide ou non reconnu dans Acts CSV
57907;32291;JJ173;628;FOLIO vide ou non reconnu dans Acts CSV
57908;32291;JJ173;628;FOLIO vide ou non reconnu dans Acts CSV
57909;32292;JJ173;629;FOLIO vide ou non reconnu dans Acts CSV
57910;32292;JJ173;629;FOLIO vide ou non reconnu dans Acts CSV
57911;32293;JJ173;630;
57912;32294;JJ173;631;FOLIO vide ou non reconnu dans Acts CSV
57913;32294;JJ173;631;FOLIO vide ou non reconnu dans Acts CSV
57914;32295;JJ173;632;FOLIO vide ou non reconnu dans Acts CSV
57915;32296;JJ173;633;FOLIO vide ou non reconnu dans Acts CSV
57916;32296;JJ173;633;FOLIO vide ou non reconnu dans Acts CSV
57917;32297;JJ173;634;FOLIO vide ou non reconnu dans Acts CSV
57918;32298;JJ173;635;FOLIO vide ou non reconnu dans Acts CSV
57919;32299;JJ173;636;FOLIO vide ou non reconnu dans Acts CSV
57920;32299;JJ173;636;FOLIO vide ou non reconnu dans Acts CSV
57921;32300;JJ173;637;FOLIO vide ou non reconnu dans Acts CSV
57922;32300;JJ173;637;FOLIO vide ou non reconnu dans Acts CSV
57923;32301;JJ173;638;
57924;32302;JJ173;639;FOLIO vide ou non reconnu dans Acts CSV
57925;32303;JJ173;640;FOLIO vide ou non reconnu dans Acts CSV
57926;32304;JJ173;641;FOLIO vide ou non reconnu dans Acts CSV
57927;32304;JJ173;641;FOLIO vide ou non reconnu dans Acts CSV
57928;32305;JJ173;642;FOLIO vide ou non reconnu dans Acts CSV
57929;32305;JJ173;642;FOLIO vide ou non reconnu dans Acts CSV
57930;32306;JJ173;643;FOLIO vide ou non reconnu dans Acts CSV
57931;32307;JJ173;644;FOLIO vide ou non reconnu dans Acts CSV
57932;32307;JJ173;644;FOLIO vide ou non reconnu dans Acts CSV
57933;32308;JJ173;645;FOLIO vide ou non reconnu dans Acts CSV
57934;32309;JJ173;645bis;FOLIO vide ou non reconnu dans Acts CSV
57935;32309;JJ173;645bis;FOLIO vide ou non reconnu dans Acts CSV
57936;32310;JJ173;646;FOLIO vide ou non reconnu dans Acts CSV
57937;32311;JJ173;647;FOLIO vide ou non reconnu dans Acts CSV
57938;32311;JJ173;647;FOLIO vide ou non reconnu dans Acts CSV
57939;32312;JJ173;648;FOLIO vide ou non reconnu dans Acts CSV
57940;32313;JJ173;649;FOLIO vide ou non reconnu dans Acts CSV
57941;32313;JJ173;649;FOLIO vide ou non reconnu dans Acts CSV
57942;32314;JJ173;650;FOLIO vide ou non reconnu dans Acts CSV
57943;32314;JJ173;650;FOLIO vide ou non reconnu dans Acts CSV
57944;32315;JJ173;651;FOLIO vide ou non reconnu dans Acts CSV
57945;32315;JJ173;651;FOLIO vide ou non reconnu dans Acts CSV
57946;32315;JJ173;651;FOLIO vide ou non reconnu dans Acts CSV
57947;32316;JJ173;652;FOLIO vide ou non reconnu dans Acts CSV
57948;32317;JJ173;653;FOLIO vide ou non reconnu dans Acts CSV
57949;32317;JJ173;653;FOLIO vide ou non reconnu dans Acts CSV
57950;32318;JJ173;654;FOLIO vide ou non reconnu dans Acts CSV
57951;32318;JJ173;654;FOLIO vide ou non reconnu dans Acts CSV
57952;32319;JJ173;655;FOLIO vide ou non reconnu dans Acts CSV
57953;32319;JJ173;655;FOLIO vide ou non reconnu dans Acts CSV
57954;32320;JJ173;656;FOLIO vide ou non reconnu dans Acts CSV
57955;32320;JJ173;656;FOLIO vide ou non reconnu dans Acts CSV
57956;32320;JJ173;656;FOLIO vide ou non reconnu dans Acts CSV
57957;32321;JJ173;657;
57958;32321;JJ173;657;
57959;32322;JJ173;658;FOLIO vide ou non reconnu dans Acts CSV
57960;32322;JJ173;658;FOLIO vide ou non reconnu dans Acts CSV
57961;32323;JJ173;659;FOLIO vide ou non reconnu dans Acts CSV
57962;32324;JJ173;660;FOLIO vide ou non reconnu dans Acts CSV
57963;32324;JJ173;660;FOLIO vide ou non reconnu dans Acts CSV
57964;32325;JJ173;661;FOLIO vide ou non reconnu dans Acts CSV
57965;32325;JJ173;661;FOLIO vide ou non reconnu dans Acts CSV
57966;32326;JJ173;662;FOLIO vide ou non reconnu dans Acts CSV
57967;32326;JJ173;662;FOLIO vide ou non reconnu dans Acts CSV
57968;32327;JJ173;663;FOLIO vide ou non reconnu dans Acts CSV
57969;32328;JJ173;664;FOLIO vide ou non reconnu dans Acts CSV
57970;32328;JJ173;664;FOLIO vide ou non reconnu dans Acts CSV
57971;32329;JJ173;665;FOLIO vide ou non reconnu dans Acts CSV
57972;32329;JJ173;665;FOLIO vide ou non reconnu dans Acts CSV
57973;32330;JJ173;666;FOLIO vide ou non reconnu dans Acts CSV
57974;32330;JJ173;666;FOLIO vide ou non reconnu dans Acts CSV
57975;32331;JJ173;667;FOLIO vide ou non reconnu dans Acts CSV
57976;32331;JJ173;667;FOLIO vide ou non reconnu dans Acts CSV
57977;32332;JJ173;668;FOLIO vide ou non reconnu dans Acts CSV
57978;32332;JJ173;668;FOLIO vide ou non reconnu dans Acts CSV
57979;32333;JJ173;669;FOLIO vide ou non reconnu dans Acts CSV
57980;32334;JJ173;670;
57981;32335;JJ173;671;FOLIO vide ou non reconnu dans Acts CSV
57982;32336;JJ173;672;FOLIO vide ou non reconnu dans Acts CSV
57983;32336;JJ173;672;FOLIO vide ou non reconnu dans Acts CSV
57984;32337;JJ173;673;FOLIO vide ou non reconnu dans Acts CSV
57985;32337;JJ173;673;FOLIO vide ou non reconnu dans Acts CSV
57986;32338;JJ173;674;FOLIO vide ou non reconnu dans Acts CSV
57987;32338;JJ173;674;FOLIO vide ou non reconnu dans Acts CSV
57988;32339;JJ173;675;FOLIO vide ou non reconnu dans Acts CSV
57989;32339;JJ173;675;FOLIO vide ou non reconnu dans Acts CSV
57990;32340;JJ173;676;FOLIO vide ou non reconnu dans Acts CSV
57991;32340;JJ173;676;FOLIO vide ou non reconnu dans Acts CSV
57992;32341;JJ173;677;FOLIO vide ou non reconnu dans Acts CSV
57993;32341;JJ173;677;FOLIO vide ou non reconnu dans Acts CSV
57994;32342;JJ173;678;FOLIO vide ou non reconnu dans Acts CSV
57995;32342;JJ173;678;FOLIO vide ou non reconnu dans Acts CSV
57996;32343;JJ173;679;FOLIO vide ou non reconnu dans Acts CSV
57997;32343;JJ173;679;FOLIO vide ou non reconnu dans Acts CSV
57998;32344;JJ173;680;FOLIO vide ou non reconnu dans Acts CSV
57999;32344;JJ173;680;FOLIO vide ou non reconnu dans Acts CSV
58000;32345;JJ173;681;FOLIO vide ou non reconnu dans Acts CSV
58001;32345;JJ173;681;FOLIO vide ou non reconnu dans Acts CSV
58002;32346;JJ173;682;FOLIO vide ou non reconnu dans Acts CSV
58003;32346;JJ173;682;FOLIO vide ou non reconnu dans Acts CSV
58004;32347;JJ173;683;FOLIO vide ou non reconnu dans Acts CSV
58005;32347;JJ173;683;FOLIO vide ou non reconnu dans Acts CSV
58006;32348;JJ173;684;FOLIO vide ou non reconnu dans Acts CSV
58007;32348;JJ173;684;FOLIO vide ou non reconnu dans Acts CSV
58008;32349;JJ173;685;FOLIO vide ou non reconnu dans Acts CSV
58009;32349;JJ173;685;FOLIO vide ou non reconnu dans Acts CSV
58010;32350;JJ173;686;FOLIO vide ou non reconnu dans Acts CSV
58011;32351;JJ173;687;FOLIO vide ou non reconnu dans Acts CSV
58012;32351;JJ173;687;FOLIO vide ou non reconnu dans Acts CSV
58013;32352;JJ173;688;FOLIO vide ou non reconnu dans Acts CSV
58014;32353;JJ173;689;FOLIO vide ou non reconnu dans Acts CSV
58015;32354;JJ173;690;
58016;32354;JJ173;690;
58017;32355;JJ173;691;FOLIO vide ou non reconnu dans Acts CSV
58018;32355;JJ173;691;FOLIO vide ou non reconnu dans Acts CSV
58019;32356;JJ173;692;FOLIO vide ou non reconnu dans Acts CSV
58020;32356;JJ173;692;FOLIO vide ou non reconnu dans Acts CSV
58021;32357;JJ173;693;FOLIO vide ou non reconnu dans Acts CSV
58022;32358;JJ173;694;FOLIO vide ou non reconnu dans Acts CSV
58023;32359;JJ173;695;FOLIO vide ou non reconnu dans Acts CSV
58024;32359;JJ173;695;FOLIO vide ou non reconnu dans Acts CSV
58025;32360;JJ173;696;FOLIO vide ou non reconnu dans Acts CSV
58026;32361;JJ173;697;FOLIO vide ou non reconnu dans Acts CSV
58027;32361;JJ173;697;FOLIO vide ou non reconnu dans Acts CSV
58028;32361;JJ173;697;FOLIO vide ou non reconnu dans Acts CSV
58029;32362;JJ173;698;
58030;32363;JJ173;699;FOLIO vide ou non reconnu dans Acts CSV
58031;32363;JJ173;699;FOLIO vide ou non reconnu dans Acts CSV
58032;32364;JJ173;700;FOLIO vide ou non reconnu dans Acts CSV
58033;32364;JJ173;700;FOLIO vide ou non reconnu dans Acts CSV
58034;32365;JJ173;701;FOLIO vide ou non reconnu dans Acts CSV
58035;32365;JJ173;701;FOLIO vide ou non reconnu dans Acts CSV
58036;32366;JJ173;702;FOLIO vide ou non reconnu dans Acts CSV
58037;32366;JJ173;702;FOLIO vide ou non reconnu dans Acts CSV
58038;32367;JJ173;703;FOLIO vide ou non reconnu dans Acts CSV
58039;32367;JJ173;703;FOLIO vide ou non reconnu dans Acts CSV
58040;32368;JJ173;704;FOLIO vide ou non reconnu dans Acts CSV
58041;32368;JJ173;704;FOLIO vide ou non reconnu dans Acts CSV
58042;32369;JJ173;705;FOLIO vide ou non reconnu dans Acts CSV
58043;32369;JJ173;705;FOLIO vide ou non reconnu dans Acts CSV
58044;32370;JJ173;706;FOLIO vide ou non reconnu dans Acts CSV
58045;32370;JJ173;706;FOLIO vide ou non reconnu dans Acts CSV
58046;32371;JJ173;707;FOLIO vide ou non reconnu dans Acts CSV
58047;32371;JJ173;707;FOLIO vide ou non reconnu dans Acts CSV
58048;32372;JJ173;708;FOLIO vide ou non reconnu dans Acts CSV
58049;32372;JJ173;708;FOLIO vide ou non reconnu dans Acts CSV
58050;32373;JJ173;709;FOLIO vide ou non reconnu dans Acts CSV
58051;32374;JJ173;710;FOLIO vide ou non reconnu dans Acts CSV
58052;32375;JJ173;711;FOLIO vide ou non reconnu dans Acts CSV
58053;32375;JJ173;711;FOLIO vide ou non reconnu dans Acts CSV
58054;32376;JJ173;712;FOLIO vide ou non reconnu dans Acts CSV
58055;32376;JJ173;712;FOLIO vide ou non reconnu dans Acts CSV
58056;32377;JJ173;713;FOLIO vide ou non reconnu dans Acts CSV
58057;32378;JJ173;714;FOLIO vide ou non reconnu dans Acts CSV
58058;32378;JJ173;714;FOLIO vide ou non reconnu dans Acts CSV
58059;32379;JJ173;715;FOLIO vide ou non reconnu dans Acts CSV
58060;32379;JJ173;715;FOLIO vide ou non reconnu dans Acts CSV
58061;32380;JJ173;716;
58062;32380;JJ173;716;
58063;32381;JJ173;717;FOLIO vide ou non reconnu dans Acts CSV
58064;32381;JJ173;717;FOLIO vide ou non reconnu dans Acts CSV
58065;32382;JJ173;718;FOLIO vide ou non reconnu dans Acts CSV
58066;32383;JJ173;719;FOLIO vide ou non reconnu dans Acts CSV
58067;32383;JJ173;719;FOLIO vide ou non reconnu dans Acts CSV
58068;32384;JJ173;720;FOLIO vide ou non reconnu dans Acts CSV
58069;32385;JJ173;721;FOLIO vide ou non reconnu dans Acts CSV
58070;32385;JJ173;721;FOLIO vide ou non reconnu dans Acts CSV
58071;32386;JJ173;722;FOLIO vide ou non reconnu dans Acts CSV
58072;32386;JJ173;722;FOLIO vide ou non reconnu dans Acts CSV
58073;32387;JJ173;723;FOLIO vide ou non reconnu dans Acts CSV
58074;32387;JJ173;723;FOLIO vide ou non reconnu dans Acts CSV
58075;32388;JJ173;724;FOLIO vide ou non reconnu dans Acts CSV
58076;32388;JJ173;724;FOLIO vide ou non reconnu dans Acts CSV
58077;32388;JJ173;724;FOLIO vide ou non reconnu dans Acts CSV
58078;32389;JJ173;725;FOLIO vide ou non reconnu dans Acts CSV
58079;32390;JJ173;726;FOLIO vide ou non reconnu dans Acts CSV
58080;32390;JJ173;726;FOLIO vide ou non reconnu dans Acts CSV
58081;32390;JJ173;726;FOLIO vide ou non reconnu dans Acts CSV
58082;32391;JJ173;727;FOLIO vide ou non reconnu dans Acts CSV
58083;32392;JJ173;728;FOLIO vide ou non reconnu dans Acts CSV
58084;32392;JJ173;728;FOLIO vide ou non reconnu dans Acts CSV
58085;32393;JJ173;729;FOLIO vide ou non reconnu dans Acts CSV
58086;32393;JJ173;729;FOLIO vide ou non reconnu dans Acts CSV
58087;32394;JJ173;730;FOLIO vide ou non reconnu dans Acts CSV
58088;32394;JJ173;730;FOLIO vide ou non reconnu dans Acts CSV
58089;32395;JJ173;731;FOLIO vide ou non reconnu dans Acts CSV
58090;32395;JJ173;731;FOLIO vide ou non reconnu dans Acts CSV
58091;32396;JJ173;732;
58092;32396;JJ173;732;
58093;32397;JJ173;733;FOLIO vide ou non reconnu dans Acts CSV
58094;32397;JJ173;733;FOLIO vide ou non reconnu dans Acts CSV
58095;32398;JJ173;734;FOLIO vide ou non reconnu dans Acts CSV
58096;32398;JJ173;734;FOLIO vide ou non reconnu dans Acts CSV
58097;32399;JJ173;735;FOLIO vide ou non reconnu dans Acts CSV
58098;32400;JJ173;736;FOLIO vide ou non reconnu dans Acts CSV
58099;32400;JJ173;736;FOLIO vide ou non reconnu dans Acts CSV
58100;32401;JJ173;737;FOLIO vide ou non reconnu dans Acts CSV
58101;32401;JJ173;737;FOLIO vide ou non reconnu dans Acts CSV
58102;32402;JJ173;738;FOLIO vide ou non reconnu dans Acts CSV
58103;32403;JJ173;739;FOLIO vide ou non reconnu dans Acts CSV
58104;32403;JJ173;739;FOLIO vide ou non reconnu dans Acts CSV
58105;32404;JJ173;740;FOLIO vide ou non reconnu dans Acts CSV
58106;32404;JJ173;740;FOLIO vide ou non reconnu dans Acts CSV
58107;32405;JJ173;741;FOLIO vide ou non reconnu dans Acts CSV
58108;32405;JJ173;741;FOLIO vide ou non reconnu dans Acts CSV
58109;32406;JJ173;742;FOLIO vide ou non reconnu dans Acts CSV
58110;32407;JJ173;743;FOLIO vide ou non reconnu dans Acts CSV
58111;32407;JJ173;743;FOLIO vide ou non reconnu dans Acts CSV
58112;32408;JJ173;744;FOLIO vide ou non reconnu dans Acts CSV
58113;32408;JJ173;744;FOLIO vide ou non reconnu dans Acts CSV
58114;32409;JJ173;745;FOLIO vide ou non reconnu dans Acts CSV
58115;32410;JJ173;746;FOLIO vide ou non reconnu dans Acts CSV
58116;32410;JJ173;746;FOLIO vide ou non reconnu dans Acts CSV
58117;32410;JJ173;746;FOLIO vide ou non reconnu dans Acts CSV
58118;32411;JJ173;747;FOLIO vide ou non reconnu dans Acts CSV
58119;32411;JJ173;747;FOLIO vide ou non reconnu dans Acts CSV
58120;32412;JJ173;748;FOLIO vide ou non reconnu dans Acts CSV
58121;32413;JJ173;749;FOLIO vide ou non reconnu dans Acts CSV
58122;32414;JJ173;750;FOLIO vide ou non reconnu dans Acts CSV
58123;32414;JJ173;750;FOLIO vide ou non reconnu dans Acts CSV
58124;32415;JJ173;751;FOLIO vide ou non reconnu dans Acts CSV
58125;32415;JJ173;751;FOLIO vide ou non reconnu dans Acts CSV
58126;32415;JJ173;751;FOLIO vide ou non reconnu dans Acts CSV
58127;32416;JJ173;752;FOLIO vide ou non reconnu dans Acts CSV
58128;32417;JJ173;753;FOLIO vide ou non reconnu dans Acts CSV
58129;32417;JJ173;753;FOLIO vide ou non reconnu dans Acts CSV
58130;32418;JJ173;754;FOLIO vide ou non reconnu dans Acts CSV
58131;32418;JJ173;754;FOLIO vide ou non reconnu dans Acts CSV
58132;32419;JJ173;755;FOLIO vide ou non reconnu dans Acts CSV
58133;32419;JJ173;755;FOLIO vide ou non reconnu dans Acts CSV
58134;32420;JJ173;756;FOLIO vide ou non reconnu dans Acts CSV
58135;32420;JJ173;756;FOLIO vide ou non reconnu dans Acts CSV
58136;32421;JJ173;757;FOLIO vide ou non reconnu dans Acts CSV
58137;32421;JJ173;757;FOLIO vide ou non reconnu dans Acts CSV
58138;32422;JJ173;758;FOLIO vide ou non reconnu dans Acts CSV
58139;32422;JJ173;758;FOLIO vide ou non reconnu dans Acts CSV
58140;32423;JJ173;759;FOLIO vide ou non reconnu dans Acts CSV
58141;32424;JJ173;760;FOLIO vide ou non reconnu dans Acts CSV
58142;32425;JJ173;761;FOLIO vide ou non reconnu dans Acts CSV
58143;32425;JJ173;761;FOLIO vide ou non reconnu dans Acts CSV
58144;32426;JJ173;762;FOLIO vide ou non reconnu dans Acts CSV
58145;32426;JJ173;762;FOLIO vide ou non reconnu dans Acts CSV
58146;32427;JJ173;763;
58154;32437;JJ174;1;FOLIO vide ou non reconnu dans Acts CSV
58155;32438;JJ174;2;FOLIO vide ou non reconnu dans Acts CSV
58156;32438;JJ174;2;FOLIO vide ou non reconnu dans Acts CSV
58157;32438;JJ174;2;FOLIO vide ou non reconnu dans Acts CSV
58158;32439;JJ174;3;FOLIO vide ou non reconnu dans Acts CSV
58159;32439;JJ174;3;FOLIO vide ou non reconnu dans Acts CSV
58160;32440;JJ174;4;FOLIO vide ou non reconnu dans Acts CSV
58161;32440;JJ174;4;FOLIO vide ou non reconnu dans Acts CSV
58162;32441;JJ174;5;FOLIO vide ou non reconnu dans Acts CSV
58163;32442;JJ174;6;FOLIO vide ou non reconnu dans Acts CSV
58164;32442;JJ174;6;FOLIO vide ou non reconnu dans Acts CSV
58165;32443;JJ174;7;FOLIO vide ou non reconnu dans Acts CSV
58166;32443;JJ174;7;FOLIO vide ou non reconnu dans Acts CSV
58167;32444;JJ174;8;FOLIO vide ou non reconnu dans Acts CSV
58168;32445;JJ174;9;FOLIO vide ou non reconnu dans Acts CSV
58169;32445;JJ174;9;FOLIO vide ou non reconnu dans Acts CSV
58170;32446;JJ174;10;FOLIO vide ou non reconnu dans Acts CSV
58171;32446;JJ174;10;FOLIO vide ou non reconnu dans Acts CSV
58172;32447;JJ174;11;FOLIO vide ou non reconnu dans Acts CSV
58173;32448;JJ174;12;FOLIO vide ou non reconnu dans Acts CSV
58174;32448;JJ174;12;FOLIO vide ou non reconnu dans Acts CSV
58175;32449;JJ174;13;FOLIO vide ou non reconnu dans Acts CSV
58176;32450;JJ174;14;FOLIO vide ou non reconnu dans Acts CSV
58177;32451;JJ174;15;FOLIO vide ou non reconnu dans Acts CSV
58178;32452;JJ174;16;FOLIO vide ou non reconnu dans Acts CSV
58179;32452;JJ174;16;FOLIO vide ou non reconnu dans Acts CSV
58180;32453;JJ174;17;FOLIO vide ou non reconnu dans Acts CSV
58181;32453;JJ174;17;FOLIO vide ou non reconnu dans Acts CSV
58182;32454;JJ174;18;FOLIO vide ou non reconnu dans Acts CSV
58183;32455;JJ174;19;FOLIO vide ou non reconnu dans Acts CSV
58184;32455;JJ174;19;FOLIO vide ou non reconnu dans Acts CSV
58185;32456;JJ174;20;FOLIO vide ou non reconnu dans Acts CSV
58186;32456;JJ174;20;FOLIO vide ou non reconnu dans Acts CSV
58187;32457;JJ174;21;FOLIO vide ou non reconnu dans Acts CSV
58188;32458;JJ174;22;FOLIO vide ou non reconnu dans Acts CSV
58189;32459;JJ174;23;
58190;32460;JJ174;24;
58191;32461;JJ174;25;FOLIO vide ou non reconnu dans Acts CSV
58192;32461;JJ174;25;FOLIO vide ou non reconnu dans Acts CSV
58193;32462;JJ174;26;
58194;32463;JJ174;27;FOLIO vide ou non reconnu dans Acts CSV
58195;32463;JJ174;27;FOLIO vide ou non reconnu dans Acts CSV
58196;32464;JJ174;28;FOLIO vide ou non reconnu dans Acts CSV
58197;32465;JJ174;29;FOLIO vide ou non reconnu dans Acts CSV
58198;32465;JJ174;29;FOLIO vide ou non reconnu dans Acts CSV
58199;32466;JJ174;30;FOLIO vide ou non reconnu dans Acts CSV
58200;32467;JJ174;31;FOLIO vide ou non reconnu dans Acts CSV
58201;32468;JJ174;32;FOLIO vide ou non reconnu dans Acts CSV
58202;32468;JJ174;32;FOLIO vide ou non reconnu dans Acts CSV
58203;32469;JJ174;33;FOLIO vide ou non reconnu dans Acts CSV
58204;32470;JJ174;34;FOLIO vide ou non reconnu dans Acts CSV
58205;32470;JJ174;34;FOLIO vide ou non reconnu dans Acts CSV
58206;32471;JJ174;35;FOLIO vide ou non reconnu dans Acts CSV
58207;32472;JJ174;36;FOLIO vide ou non reconnu dans Acts CSV
58208;32473;JJ174;37;FOLIO vide ou non reconnu dans Acts CSV
58209;32473;JJ174;37;FOLIO vide ou non reconnu dans Acts CSV
58210;32474;JJ174;38;FOLIO vide ou non reconnu dans Acts CSV
58211;32474;JJ174;38;FOLIO vide ou non reconnu dans Acts CSV
58212;32475;JJ174;39;FOLIO vide ou non reconnu dans Acts CSV
58213;32475;JJ174;39;FOLIO vide ou non reconnu dans Acts CSV
58214;32476;JJ174;40;
58215;32477;JJ174;41;FOLIO vide ou non reconnu dans Acts CSV
58216;32477;JJ174;41;FOLIO vide ou non reconnu dans Acts CSV
58217;32478;JJ174;42;
58218;32478;JJ174;42;
58219;32479;JJ174;43;FOLIO vide ou non reconnu dans Acts CSV
58220;32480;JJ174;44;FOLIO vide ou non reconnu dans Acts CSV
58221;32480;JJ174;44;FOLIO vide ou non reconnu dans Acts CSV
58222;32481;JJ174;45;FOLIO vide ou non reconnu dans Acts CSV
58223;32481;JJ174;45;FOLIO vide ou non reconnu dans Acts CSV
58224;32482;JJ174;46;FOLIO vide ou non reconnu dans Acts CSV
58225;32482;JJ174;46;FOLIO vide ou non reconnu dans Acts CSV
58226;32483;JJ174;46bis;FOLIO vide ou non reconnu dans Acts CSV
58227;32483;JJ174;46bis;FOLIO vide ou non reconnu dans Acts CSV
58228;32485;JJ174;47;FOLIO vide ou non reconnu dans Acts CSV
58229;32485;JJ174;47;FOLIO vide ou non reconnu dans Acts CSV
58230;32486;JJ174;48;FOLIO vide ou non reconnu dans Acts CSV
58231;32486;JJ174;48;FOLIO vide ou non reconnu dans Acts CSV
58232;32486;JJ174;48;FOLIO vide ou non reconnu dans Acts CSV
58233;32487;JJ174;49;FOLIO vide ou non reconnu dans Acts CSV
58234;32487;JJ174;49;FOLIO vide ou non reconnu dans Acts CSV
58235;32488;JJ174;50;FOLIO vide ou non reconnu dans Acts CSV
58236;32488;JJ174;50;FOLIO vide ou non reconnu dans Acts CSV
58237;32489;JJ174;51;FOLIO vide ou non reconnu dans Acts CSV
58238;32489;JJ174;51;FOLIO vide ou non reconnu dans Acts CSV
58239;32490;JJ174;52;FOLIO vide ou non reconnu dans Acts CSV
58240;32490;JJ174;52;FOLIO vide ou non reconnu dans Acts CSV
58241;32491;JJ174;53;FOLIO vide ou non reconnu dans Acts CSV
58242;32491;JJ174;53;FOLIO vide ou non reconnu dans Acts CSV
58243;32492;JJ174;54;FOLIO vide ou non reconnu dans Acts CSV
58244;32493;JJ174;55;FOLIO vide ou non reconnu dans Acts CSV
58245;32494;JJ174;56;FOLIO vide ou non reconnu dans Acts CSV
58246;32494;JJ174;56;FOLIO vide ou non reconnu dans Acts CSV
58247;32495;JJ174;57;FOLIO vide ou non reconnu dans Acts CSV
58248;32495;JJ174;57;FOLIO vide ou non reconnu dans Acts CSV
58249;32496;JJ174;58;FOLIO vide ou non reconnu dans Acts CSV
58250;32496;JJ174;58;FOLIO vide ou non reconnu dans Acts CSV
58251;32497;JJ174;59;FOLIO vide ou non reconnu dans Acts CSV
58252;32497;JJ174;59;FOLIO vide ou non reconnu dans Acts CSV
58253;32498;JJ174;60;
58254;32498;JJ174;60;
58255;32499;JJ174;61;FOLIO vide ou non reconnu dans Acts CSV
58256;32499;JJ174;61;FOLIO vide ou non reconnu dans Acts CSV
58257;32500;JJ174;62;FOLIO vide ou non reconnu dans Acts CSV
58258;32500;JJ174;62;FOLIO vide ou non reconnu dans Acts CSV
58259;32501;JJ174;63;FOLIO vide ou non reconnu dans Acts CSV
58260;32501;JJ174;63;FOLIO vide ou non reconnu dans Acts CSV
58261;32502;JJ174;64;FOLIO vide ou non reconnu dans Acts CSV
58262;32503;JJ174;65;FOLIO vide ou non reconnu dans Acts CSV
58263;32504;JJ174;66;FOLIO vide ou non reconnu dans Acts CSV
58264;32504;JJ174;66;FOLIO vide ou non reconnu dans Acts CSV
58265;32505;JJ174;67;FOLIO vide ou non reconnu dans Acts CSV
58266;32505;JJ174;67;FOLIO vide ou non reconnu dans Acts CSV
58267;32506;JJ174;68;FOLIO vide ou non reconnu dans Acts CSV
58268;32506;JJ174;68;FOLIO vide ou non reconnu dans Acts CSV
58269;32507;JJ174;69;
58270;32508;JJ174;70;FOLIO vide ou non reconnu dans Acts CSV
58271;32508;JJ174;70;FOLIO vide ou non reconnu dans Acts CSV
58272;32509;JJ174;71;FOLIO vide ou non reconnu dans Acts CSV
58273;32509;JJ174;71;FOLIO vide ou non reconnu dans Acts CSV
58274;32510;JJ174;72;FOLIO vide ou non reconnu dans Acts CSV
58275;32510;JJ174;72;FOLIO vide ou non reconnu dans Acts CSV
58276;32511;JJ174;73;FOLIO vide ou non reconnu dans Acts CSV
58277;32512;JJ174;74;FOLIO vide ou non reconnu dans Acts CSV
58278;32512;JJ174;74;FOLIO vide ou non reconnu dans Acts CSV
58279;32513;JJ174;75;
58280;32513;JJ174;75;
58281;32514;JJ174;76;FOLIO vide ou non reconnu dans Acts CSV
58282;32514;JJ174;76;FOLIO vide ou non reconnu dans Acts CSV
58283;32515;JJ174;77;FOLIO vide ou non reconnu dans Acts CSV
58284;32515;JJ174;77;FOLIO vide ou non reconnu dans Acts CSV
58285;32516;JJ174;78;FOLIO vide ou non reconnu dans Acts CSV
58286;32516;JJ174;78;FOLIO vide ou non reconnu dans Acts CSV
58287;32517;JJ174;79;FOLIO vide ou non reconnu dans Acts CSV
58288;32517;JJ174;79;FOLIO vide ou non reconnu dans Acts CSV
58289;32518;JJ174;80;FOLIO vide ou non reconnu dans Acts CSV
58290;32518;JJ174;80;FOLIO vide ou non reconnu dans Acts CSV
58291;32519;JJ174;81;FOLIO vide ou non reconnu dans Acts CSV
58292;32519;JJ174;81;FOLIO vide ou non reconnu dans Acts CSV
58293;32520;JJ174;82;FOLIO vide ou non reconnu dans Acts CSV
58294;32520;JJ174;82;FOLIO vide ou non reconnu dans Acts CSV
58295;32521;JJ174;83;FOLIO vide ou non reconnu dans Acts CSV
58296;32522;JJ174;84;FOLIO vide ou non reconnu dans Acts CSV
58297;32523;JJ174;85;FOLIO vide ou non reconnu dans Acts CSV
58298;32523;JJ174;85;FOLIO vide ou non reconnu dans Acts CSV
58299;32524;JJ174;86;FOLIO vide ou non reconnu dans Acts CSV
58300;32524;JJ174;86;FOLIO vide ou non reconnu dans Acts CSV
58301;32525;JJ174;87;FOLIO vide ou non reconnu dans Acts CSV
58302;32526;JJ174;88;FOLIO vide ou non reconnu dans Acts CSV
58303;32526;JJ174;88;FOLIO vide ou non reconnu dans Acts CSV
58304;32527;JJ174;89;FOLIO vide ou non reconnu dans Acts CSV
58305;32528;JJ174;90;FOLIO vide ou non reconnu dans Acts CSV
58306;32528;JJ174;90;FOLIO vide ou non reconnu dans Acts CSV
58307;32529;JJ174;91;FOLIO vide ou non reconnu dans Acts CSV
58308;32530;JJ174;92;FOLIO vide ou non reconnu dans Acts CSV
58309;32530;JJ174;92;FOLIO vide ou non reconnu dans Acts CSV
58310;32531;JJ174;93;FOLIO vide ou non reconnu dans Acts CSV
58311;32531;JJ174;93;FOLIO vide ou non reconnu dans Acts CSV
58312;32532;JJ174;94;FOLIO vide ou non reconnu dans Acts CSV
58313;32533;JJ174;95;FOLIO vide ou non reconnu dans Acts CSV
58314;32533;JJ174;95;FOLIO vide ou non reconnu dans Acts CSV
58315;32534;JJ174;96;FOLIO vide ou non reconnu dans Acts CSV
58316;32534;JJ174;96;FOLIO vide ou non reconnu dans Acts CSV
58317;32535;JJ174;97;FOLIO vide ou non reconnu dans Acts CSV
58318;32536;JJ174;98;FOLIO vide ou non reconnu dans Acts CSV
58319;32536;JJ174;98;FOLIO vide ou non reconnu dans Acts CSV
58320;32537;JJ174;99;FOLIO vide ou non reconnu dans Acts CSV
58321;32538;JJ174;100;FOLIO vide ou non reconnu dans Acts CSV
58322;32539;JJ174;101;FOLIO vide ou non reconnu dans Acts CSV
58323;32539;JJ174;101;FOLIO vide ou non reconnu dans Acts CSV
58324;32540;JJ174;102;FOLIO vide ou non reconnu dans Acts CSV
58325;32541;JJ174;103;FOLIO vide ou non reconnu dans Acts CSV
58326;32542;JJ174;104;FOLIO vide ou non reconnu dans Acts CSV
58327;32542;JJ174;104;FOLIO vide ou non reconnu dans Acts CSV
58328;32542;JJ174;104;FOLIO vide ou non reconnu dans Acts CSV
58329;32543;JJ174;105;FOLIO vide ou non reconnu dans Acts CSV
58330;32544;JJ174;106;FOLIO vide ou non reconnu dans Acts CSV
58331;32544;JJ174;106;FOLIO vide ou non reconnu dans Acts CSV
58332;32545;JJ174;107;FOLIO vide ou non reconnu dans Acts CSV
58333;32545;JJ174;107;FOLIO vide ou non reconnu dans Acts CSV
58334;32546;JJ174;108;FOLIO vide ou non reconnu dans Acts CSV
58335;32546;JJ174;108;FOLIO vide ou non reconnu dans Acts CSV
58336;32547;JJ174;109;FOLIO vide ou non reconnu dans Acts CSV
58337;32547;JJ174;109;FOLIO vide ou non reconnu dans Acts CSV
58338;32548;JJ174;110;FOLIO vide ou non reconnu dans Acts CSV
58339;32549;JJ174;111;FOLIO vide ou non reconnu dans Acts CSV
58340;32550;JJ174;112;
58341;32551;JJ174;113;FOLIO vide ou non reconnu dans Acts CSV
58342;32551;JJ174;113;FOLIO vide ou non reconnu dans Acts CSV
58343;32552;JJ174;114;FOLIO vide ou non reconnu dans Acts CSV
58344;32553;JJ174;115;FOLIO vide ou non reconnu dans Acts CSV
58345;32553;JJ174;115;FOLIO vide ou non reconnu dans Acts CSV
58346;32554;JJ174;116;FOLIO vide ou non reconnu dans Acts CSV
58347;32555;JJ174;117;FOLIO vide ou non reconnu dans Acts CSV
58348;32555;JJ174;117;FOLIO vide ou non reconnu dans Acts CSV
58349;32556;JJ174;118;FOLIO vide ou non reconnu dans Acts CSV
58350;32556;JJ174;118;FOLIO vide ou non reconnu dans Acts CSV
58351;32557;JJ174;119;FOLIO vide ou non reconnu dans Acts CSV
58352;32557;JJ174;119;FOLIO vide ou non reconnu dans Acts CSV
58353;32558;JJ174;120;FOLIO vide ou non reconnu dans Acts CSV
58354;32559;JJ174;121;FOLIO vide ou non reconnu dans Acts CSV
58355;32559;JJ174;121;FOLIO vide ou non reconnu dans Acts CSV
58356;32560;JJ174;122;FOLIO vide ou non reconnu dans Acts CSV
58357;32560;JJ174;122;FOLIO vide ou non reconnu dans Acts CSV
58358;32561;JJ174;123;FOLIO vide ou non reconnu dans Acts CSV
58359;32561;JJ174;123;FOLIO vide ou non reconnu dans Acts CSV
58360;32561;JJ174;123;FOLIO vide ou non reconnu dans Acts CSV
58361;32562;JJ174;124;FOLIO vide ou non reconnu dans Acts CSV
58362;32562;JJ174;124;FOLIO vide ou non reconnu dans Acts CSV
58363;32563;JJ174;125;FOLIO vide ou non reconnu dans Acts CSV
58364;32563;JJ174;125;FOLIO vide ou non reconnu dans Acts CSV
58365;32564;JJ174;126;FOLIO vide ou non reconnu dans Acts CSV
58366;32564;JJ174;126;FOLIO vide ou non reconnu dans Acts CSV
58367;32565;JJ174;127;FOLIO vide ou non reconnu dans Acts CSV
58368;32566;JJ174;128;FOLIO vide ou non reconnu dans Acts CSV
58369;32566;JJ174;128;FOLIO vide ou non reconnu dans Acts CSV
58370;32566;JJ174;128;FOLIO vide ou non reconnu dans Acts CSV
58371;32567;JJ174;129;FOLIO vide ou non reconnu dans Acts CSV
58372;32567;JJ174;129;FOLIO vide ou non reconnu dans Acts CSV
58373;32568;JJ174;130;FOLIO vide ou non reconnu dans Acts CSV
58374;32568;JJ174;130;FOLIO vide ou non reconnu dans Acts CSV
58375;32569;JJ174;131;FOLIO vide ou non reconnu dans Acts CSV
58376;32569;JJ174;131;FOLIO vide ou non reconnu dans Acts CSV
58377;32570;JJ174;132;FOLIO vide ou non reconnu dans Acts CSV
58378;32571;JJ174;133;FOLIO vide ou non reconnu dans Acts CSV
58379;32571;JJ174;133;FOLIO vide ou non reconnu dans Acts CSV
58380;32572;JJ174;134;FOLIO vide ou non reconnu dans Acts CSV
58381;32573;JJ174;135;FOLIO vide ou non reconnu dans Acts CSV
58382;32573;JJ174;135;FOLIO vide ou non reconnu dans Acts CSV
58383;32574;JJ174;136;FOLIO vide ou non reconnu dans Acts CSV
58384;32574;JJ174;136;FOLIO vide ou non reconnu dans Acts CSV
58385;32575;JJ174;137;FOLIO vide ou non reconnu dans Acts CSV
58386;32576;JJ174;138;FOLIO vide ou non reconnu dans Acts CSV
58387;32576;JJ174;138;FOLIO vide ou non reconnu dans Acts CSV
58388;32577;JJ174;139;FOLIO vide ou non reconnu dans Acts CSV
58389;32577;JJ174;139;FOLIO vide ou non reconnu dans Acts CSV
58390;32578;JJ174;140;FOLIO vide ou non reconnu dans Acts CSV
58391;32579;JJ174;141;FOLIO vide ou non reconnu dans Acts CSV
58392;32580;JJ174;142;FOLIO vide ou non reconnu dans Acts CSV
58393;32580;JJ174;142;FOLIO vide ou non reconnu dans Acts CSV
58394;32581;JJ174;143;FOLIO vide ou non reconnu dans Acts CSV
58395;32581;JJ174;143;FOLIO vide ou non reconnu dans Acts CSV
58396;32582;JJ174;144;FOLIO vide ou non reconnu dans Acts CSV
58397;32582;JJ174;144;FOLIO vide ou non reconnu dans Acts CSV
58398;32583;JJ174;145;FOLIO vide ou non reconnu dans Acts CSV
58399;32583;JJ174;145;FOLIO vide ou non reconnu dans Acts CSV
58400;32584;JJ174;146;FOLIO vide ou non reconnu dans Acts CSV
58401;32584;JJ174;146;FOLIO vide ou non reconnu dans Acts CSV
58402;32585;JJ174;147;FOLIO vide ou non reconnu dans Acts CSV
58403;32586;JJ174;148;FOLIO vide ou non reconnu dans Acts CSV
58404;32586;JJ174;148;FOLIO vide ou non reconnu dans Acts CSV
58405;32587;JJ174;149;FOLIO vide ou non reconnu dans Acts CSV
58406;32587;JJ174;149;FOLIO vide ou non reconnu dans Acts CSV
58407;32588;JJ174;150;FOLIO vide ou non reconnu dans Acts CSV
58408;32589;JJ174;151;
58409;32589;JJ174;151;
58410;32590;JJ174;152;FOLIO vide ou non reconnu dans Acts CSV
58411;32590;JJ174;152;FOLIO vide ou non reconnu dans Acts CSV
58412;32591;JJ174;153;FOLIO vide ou non reconnu dans Acts CSV
58413;32591;JJ174;153;FOLIO vide ou non reconnu dans Acts CSV
58414;32591;JJ174;153;FOLIO vide ou non reconnu dans Acts CSV
58415;32592;JJ174;154;FOLIO vide ou non reconnu dans Acts CSV
58416;32593;JJ174;155;FOLIO vide ou non reconnu dans Acts CSV
58417;32593;JJ174;155;FOLIO vide ou non reconnu dans Acts CSV
58418;32594;JJ174;156;FOLIO vide ou non reconnu dans Acts CSV
58419;32594;JJ174;156;FOLIO vide ou non reconnu dans Acts CSV
58420;32595;JJ174;157;FOLIO vide ou non reconnu dans Acts CSV
58421;32595;JJ174;157;FOLIO vide ou non reconnu dans Acts CSV
58422;32596;JJ174;158;FOLIO vide ou non reconnu dans Acts CSV
58423;32596;JJ174;158;FOLIO vide ou non reconnu dans Acts CSV
58424;32597;JJ174;159;FOLIO vide ou non reconnu dans Acts CSV
58425;32597;JJ174;159;FOLIO vide ou non reconnu dans Acts CSV
58426;32598;JJ174;160;
58427;32598;JJ174;160;
58428;32599;JJ174;161;FOLIO vide ou non reconnu dans Acts CSV
58429;32599;JJ174;161;FOLIO vide ou non reconnu dans Acts CSV
58430;32600;JJ174;162;FOLIO vide ou non reconnu dans Acts CSV
58431;32601;JJ174;163;FOLIO vide ou non reconnu dans Acts CSV
58432;32601;JJ174;163;FOLIO vide ou non reconnu dans Acts CSV
58433;32602;JJ174;164;FOLIO vide ou non reconnu dans Acts CSV
58434;32602;JJ174;164;FOLIO vide ou non reconnu dans Acts CSV
58435;32603;JJ174;165;FOLIO vide ou non reconnu dans Acts CSV
58436;32603;JJ174;165;FOLIO vide ou non reconnu dans Acts CSV
58437;32604;JJ174;166;FOLIO vide ou non reconnu dans Acts CSV
58438;32604;JJ174;166;FOLIO vide ou non reconnu dans Acts CSV
58439;32605;JJ174;167;FOLIO vide ou non reconnu dans Acts CSV
58440;32605;JJ174;167;FOLIO vide ou non reconnu dans Acts CSV
58441;32606;JJ174;168;FOLIO vide ou non reconnu dans Acts CSV
58442;32606;JJ174;168;FOLIO vide ou non reconnu dans Acts CSV
58443;32607;JJ174;169;FOLIO vide ou non reconnu dans Acts CSV
58444;32607;JJ174;169;FOLIO vide ou non reconnu dans Acts CSV
58445;32608;JJ174;170;FOLIO vide ou non reconnu dans Acts CSV
58446;32609;JJ174;171;FOLIO vide ou non reconnu dans Acts CSV
58447;32609;JJ174;171;FOLIO vide ou non reconnu dans Acts CSV
58448;32610;JJ174;172;FOLIO vide ou non reconnu dans Acts CSV
58449;32610;JJ174;172;FOLIO vide ou non reconnu dans Acts CSV
58450;32611;JJ174;173;FOLIO vide ou non reconnu dans Acts CSV
58451;32611;JJ174;173;FOLIO vide ou non reconnu dans Acts CSV
58452;32612;JJ174;174;FOLIO vide ou non reconnu dans Acts CSV
58453;32613;JJ174;175;FOLIO vide ou non reconnu dans Acts CSV
58454;32613;JJ174;175;FOLIO vide ou non reconnu dans Acts CSV
58455;32614;JJ174;176;FOLIO vide ou non reconnu dans Acts CSV
58456;32614;JJ174;176;FOLIO vide ou non reconnu dans Acts CSV
58457;32615;JJ174;177;FOLIO vide ou non reconnu dans Acts CSV
58458;32615;JJ174;177;FOLIO vide ou non reconnu dans Acts CSV
58459;32616;JJ174;178;FOLIO vide ou non reconnu dans Acts CSV
58460;32616;JJ174;178;FOLIO vide ou non reconnu dans Acts CSV
58461;32617;JJ174;179;FOLIO vide ou non reconnu dans Acts CSV
58462;32617;JJ174;179;FOLIO vide ou non reconnu dans Acts CSV
58463;32618;JJ174;180;FOLIO vide ou non reconnu dans Acts CSV
58464;32618;JJ174;180;FOLIO vide ou non reconnu dans Acts CSV
58465;32619;JJ174;181;FOLIO vide ou non reconnu dans Acts CSV
58466;32619;JJ174;181;FOLIO vide ou non reconnu dans Acts CSV
58467;32620;JJ174;182;
58468;32620;JJ174;182;
58469;32621;JJ174;183;FOLIO vide ou non reconnu dans Acts CSV
58470;32622;JJ174;184;FOLIO vide ou non reconnu dans Acts CSV
58471;32622;JJ174;184;FOLIO vide ou non reconnu dans Acts CSV
58472;32623;JJ174;185;FOLIO vide ou non reconnu dans Acts CSV
58473;32623;JJ174;185;FOLIO vide ou non reconnu dans Acts CSV
58474;32624;JJ174;186;FOLIO vide ou non reconnu dans Acts CSV
58475;32624;JJ174;186;FOLIO vide ou non reconnu dans Acts CSV
58476;32625;JJ174;187;FOLIO vide ou non reconnu dans Acts CSV
58477;32626;JJ174;188;FOLIO vide ou non reconnu dans Acts CSV
58478;32626;JJ174;188;FOLIO vide ou non reconnu dans Acts CSV
58479;32627;JJ174;189;FOLIO vide ou non reconnu dans Acts CSV
58480;32627;JJ174;189;FOLIO vide ou non reconnu dans Acts CSV
58481;32627;JJ174;189;FOLIO vide ou non reconnu dans Acts CSV
58482;32628;JJ174;190;FOLIO vide ou non reconnu dans Acts CSV
58483;32629;JJ174;191;FOLIO vide ou non reconnu dans Acts CSV
58484;32629;JJ174;191;FOLIO vide ou non reconnu dans Acts CSV
58485;32630;JJ174;192;FOLIO vide ou non reconnu dans Acts CSV
58486;32630;JJ174;192;FOLIO vide ou non reconnu dans Acts CSV
58487;32631;JJ174;193;FOLIO vide ou non reconnu dans Acts CSV
58488;32631;JJ174;193;FOLIO vide ou non reconnu dans Acts CSV
58489;32632;JJ174;194;FOLIO vide ou non reconnu dans Acts CSV
58490;32632;JJ174;194;FOLIO vide ou non reconnu dans Acts CSV
58491;32633;JJ174;195;FOLIO vide ou non reconnu dans Acts CSV
58492;32633;JJ174;195;FOLIO vide ou non reconnu dans Acts CSV
58493;32634;JJ174;196;FOLIO vide ou non reconnu dans Acts CSV
58494;32634;JJ174;196;FOLIO vide ou non reconnu dans Acts CSV
58495;32635;JJ174;197;FOLIO vide ou non reconnu dans Acts CSV
58496;32636;JJ174;198;FOLIO vide ou non reconnu dans Acts CSV
58497;32636;JJ174;198;FOLIO vide ou non reconnu dans Acts CSV
58498;32637;JJ174;199;FOLIO vide ou non reconnu dans Acts CSV
58499;32638;JJ174;200;FOLIO vide ou non reconnu dans Acts CSV
58500;32639;JJ174;201;FOLIO vide ou non reconnu dans Acts CSV
58501;32639;JJ174;201;FOLIO vide ou non reconnu dans Acts CSV
58502;32640;JJ174;202;FOLIO vide ou non reconnu dans Acts CSV
58503;32640;JJ174;202;FOLIO vide ou non reconnu dans Acts CSV
58504;32641;JJ174;203;FOLIO vide ou non reconnu dans Acts CSV
58505;32641;JJ174;203;FOLIO vide ou non reconnu dans Acts CSV
58506;32642;JJ174;204;FOLIO vide ou non reconnu dans Acts CSV
58507;32643;JJ174;205;FOLIO vide ou non reconnu dans Acts CSV
58508;32643;JJ174;205;FOLIO vide ou non reconnu dans Acts CSV
58509;32644;JJ174;206;FOLIO vide ou non reconnu dans Acts CSV
58510;32644;JJ174;206;FOLIO vide ou non reconnu dans Acts CSV
58511;32645;JJ174;207;FOLIO vide ou non reconnu dans Acts CSV
58512;32645;JJ174;207;FOLIO vide ou non reconnu dans Acts CSV
58513;32646;JJ174;208;FOLIO vide ou non reconnu dans Acts CSV
58514;32647;JJ174;209;FOLIO vide ou non reconnu dans Acts CSV
58515;32647;JJ174;209;FOLIO vide ou non reconnu dans Acts CSV
58516;32648;JJ174;210;FOLIO vide ou non reconnu dans Acts CSV
58517;32648;JJ174;210;FOLIO vide ou non reconnu dans Acts CSV
58518;32649;JJ174;211;FOLIO vide ou non reconnu dans Acts CSV
58519;32649;JJ174;211;FOLIO vide ou non reconnu dans Acts CSV
58520;32650;JJ174;212;FOLIO vide ou non reconnu dans Acts CSV
58521;32650;JJ174;212;FOLIO vide ou non reconnu dans Acts CSV
58522;32650;JJ174;212;FOLIO vide ou non reconnu dans Acts CSV
58523;32650;JJ174;212;FOLIO vide ou non reconnu dans Acts CSV
58524;32650;JJ174;212;FOLIO vide ou non reconnu dans Acts CSV
58525;32650;JJ174;212;FOLIO vide ou non reconnu dans Acts CSV
58526;32651;JJ174;213;FOLIO vide ou non reconnu dans Acts CSV
58527;32652;JJ174;214;FOLIO vide ou non reconnu dans Acts CSV
58528;32652;JJ174;214;FOLIO vide ou non reconnu dans Acts CSV
58529;32653;JJ174;215;FOLIO vide ou non reconnu dans Acts CSV
58530;32653;JJ174;215;FOLIO vide ou non reconnu dans Acts CSV
58531;32654;JJ174;216;FOLIO vide ou non reconnu dans Acts CSV
58532;32655;JJ174;217;FOLIO vide ou non reconnu dans Acts CSV
58533;32655;JJ174;217;FOLIO vide ou non reconnu dans Acts CSV
58534;32655;JJ174;217;FOLIO vide ou non reconnu dans Acts CSV
58535;32656;JJ174;218;FOLIO vide ou non reconnu dans Acts CSV
58536;32656;JJ174;218;FOLIO vide ou non reconnu dans Acts CSV
58537;32657;JJ174;219;FOLIO vide ou non reconnu dans Acts CSV
58538;32657;JJ174;219;FOLIO vide ou non reconnu dans Acts CSV
58539;32658;JJ174;220;FOLIO vide ou non reconnu dans Acts CSV
58540;32658;JJ174;220;FOLIO vide ou non reconnu dans Acts CSV
58541;32659;JJ174;221;FOLIO vide ou non reconnu dans Acts CSV
58542;32659;JJ174;221;FOLIO vide ou non reconnu dans Acts CSV
58543;32660;JJ174;222;FOLIO vide ou non reconnu dans Acts CSV
58544;32660;JJ174;222;FOLIO vide ou non reconnu dans Acts CSV
58545;32661;JJ174;223;FOLIO vide ou non reconnu dans Acts CSV
58546;32662;JJ174;224;FOLIO vide ou non reconnu dans Acts CSV
58547;32662;JJ174;224;FOLIO vide ou non reconnu dans Acts CSV
58548;32663;JJ174;225;FOLIO vide ou non reconnu dans Acts CSV
58549;32663;JJ174;225;FOLIO vide ou non reconnu dans Acts CSV
58550;32663;JJ174;225;FOLIO vide ou non reconnu dans Acts CSV
58551;32664;JJ174;226;FOLIO vide ou non reconnu dans Acts CSV
58552;32665;JJ174;227;FOLIO vide ou non reconnu dans Acts CSV
58553;32665;JJ174;227;FOLIO vide ou non reconnu dans Acts CSV
58554;32666;JJ174;228;FOLIO vide ou non reconnu dans Acts CSV
58555;32666;JJ174;228;FOLIO vide ou non reconnu dans Acts CSV
58556;32667;JJ174;229;FOLIO vide ou non reconnu dans Acts CSV
58557;32667;JJ174;229;FOLIO vide ou non reconnu dans Acts CSV
58558;32667;JJ174;229;FOLIO vide ou non reconnu dans Acts CSV
58559;32668;JJ174;230;FOLIO vide ou non reconnu dans Acts CSV
58560;32669;JJ174;231;FOLIO vide ou non reconnu dans Acts CSV
58561;32670;JJ174;232;FOLIO vide ou non reconnu dans Acts CSV
58562;32670;JJ174;232;FOLIO vide ou non reconnu dans Acts CSV
58563;32671;JJ174;233;FOLIO vide ou non reconnu dans Acts CSV
58564;32671;JJ174;233;FOLIO vide ou non reconnu dans Acts CSV
58565;32672;JJ174;234;FOLIO vide ou non reconnu dans Acts CSV
58566;32672;JJ174;234;FOLIO vide ou non reconnu dans Acts CSV
58567;32673;JJ174;235;FOLIO vide ou non reconnu dans Acts CSV
58568;32674;JJ174;236;FOLIO vide ou non reconnu dans Acts CSV
58569;32675;JJ174;237;FOLIO vide ou non reconnu dans Acts CSV
58570;32675;JJ174;237;FOLIO vide ou non reconnu dans Acts CSV
58571;32676;JJ174;238;FOLIO vide ou non reconnu dans Acts CSV
58572;32676;JJ174;238;FOLIO vide ou non reconnu dans Acts CSV
58573;32677;JJ174;239;FOLIO vide ou non reconnu dans Acts CSV
58574;32677;JJ174;239;FOLIO vide ou non reconnu dans Acts CSV
58575;32678;JJ174;240;FOLIO vide ou non reconnu dans Acts CSV
58576;32679;JJ174;241;FOLIO vide ou non reconnu dans Acts CSV
58577;32680;JJ174;242;FOLIO vide ou non reconnu dans Acts CSV
58578;32680;JJ174;242;FOLIO vide ou non reconnu dans Acts CSV
58579;32681;JJ174;243;FOLIO vide ou non reconnu dans Acts CSV
58580;32681;JJ174;243;FOLIO vide ou non reconnu dans Acts CSV
58581;32682;JJ174;244;
58582;32683;JJ174;245;FOLIO vide ou non reconnu dans Acts CSV
58583;32684;JJ174;246;FOLIO vide ou non reconnu dans Acts CSV
58584;32684;JJ174;246;FOLIO vide ou non reconnu dans Acts CSV
58585;32685;JJ174;247;FOLIO vide ou non reconnu dans Acts CSV
58586;32685;JJ174;247;FOLIO vide ou non reconnu dans Acts CSV
58587;32686;JJ174;248;FOLIO vide ou non reconnu dans Acts CSV
58588;32686;JJ174;248;FOLIO vide ou non reconnu dans Acts CSV
58589;32687;JJ174;249;FOLIO vide ou non reconnu dans Acts CSV
58590;32688;JJ174;250;FOLIO vide ou non reconnu dans Acts CSV
58591;32689;JJ174;251;FOLIO vide ou non reconnu dans Acts CSV
58592;32690;JJ174;252;FOLIO vide ou non reconnu dans Acts CSV
58593;32690;JJ174;252;FOLIO vide ou non reconnu dans Acts CSV
58594;32691;JJ174;253;FOLIO vide ou non reconnu dans Acts CSV
58595;32691;JJ174;253;FOLIO vide ou non reconnu dans Acts CSV
58596;32692;JJ174;254;FOLIO vide ou non reconnu dans Acts CSV
58597;32693;JJ174;255;FOLIO vide ou non reconnu dans Acts CSV
58598;32693;JJ174;255;FOLIO vide ou non reconnu dans Acts CSV
58599;32694;JJ174;256;FOLIO vide ou non reconnu dans Acts CSV
58600;32694;JJ174;256;FOLIO vide ou non reconnu dans Acts CSV
58601;32695;JJ174;257;FOLIO vide ou non reconnu dans Acts CSV
58602;32695;JJ174;257;FOLIO vide ou non reconnu dans Acts CSV
58603;32696;JJ174;258;FOLIO vide ou non reconnu dans Acts CSV
58604;32697;JJ174;259;FOLIO vide ou non reconnu dans Acts CSV
58605;32698;JJ174;260;FOLIO vide ou non reconnu dans Acts CSV
58606;32698;JJ174;260;FOLIO vide ou non reconnu dans Acts CSV
58607;32699;JJ174;261;FOLIO vide ou non reconnu dans Acts CSV
58608;32699;JJ174;261;FOLIO vide ou non reconnu dans Acts CSV
58609;32700;JJ174;262;FOLIO vide ou non reconnu dans Acts CSV
58610;32700;JJ174;262;FOLIO vide ou non reconnu dans Acts CSV
58611;32700;JJ174;262;FOLIO vide ou non reconnu dans Acts CSV
58612;32701;JJ174;263;FOLIO vide ou non reconnu dans Acts CSV
58613;32702;JJ174;264;FOLIO vide ou non reconnu dans Acts CSV
58614;32702;JJ174;264;FOLIO vide ou non reconnu dans Acts CSV
58615;32702;JJ174;264;FOLIO vide ou non reconnu dans Acts CSV
58616;32703;JJ174;265;FOLIO vide ou non reconnu dans Acts CSV
58617;32704;JJ174;266;FOLIO vide ou non reconnu dans Acts CSV
58618;32704;JJ174;266;FOLIO vide ou non reconnu dans Acts CSV
58619;32705;JJ174;267;FOLIO vide ou non reconnu dans Acts CSV
58620;32706;JJ174;268;FOLIO vide ou non reconnu dans Acts CSV
58621;32706;JJ174;268;FOLIO vide ou non reconnu dans Acts CSV
58622;32707;JJ174;269;FOLIO vide ou non reconnu dans Acts CSV
58623;32707;JJ174;269;FOLIO vide ou non reconnu dans Acts CSV
58624;32708;JJ174;270;FOLIO vide ou non reconnu dans Acts CSV
58625;32708;JJ174;270;FOLIO vide ou non reconnu dans Acts CSV
58626;32709;JJ174;271;FOLIO vide ou non reconnu dans Acts CSV
58627;32709;JJ174;271;FOLIO vide ou non reconnu dans Acts CSV
58628;32710;JJ174;272;FOLIO vide ou non reconnu dans Acts CSV
58629;32711;JJ174;273;FOLIO vide ou non reconnu dans Acts CSV
58630;32712;JJ174;274;FOLIO vide ou non reconnu dans Acts CSV
58631;32713;JJ174;275;FOLIO vide ou non reconnu dans Acts CSV
58632;32713;JJ174;275;FOLIO vide ou non reconnu dans Acts CSV
58633;32713;JJ174;275;FOLIO vide ou non reconnu dans Acts CSV
58634;32714;JJ174;276;FOLIO vide ou non reconnu dans Acts CSV
58635;32714;JJ174;276;FOLIO vide ou non reconnu dans Acts CSV
58636;32715;JJ174;277;FOLIO vide ou non reconnu dans Acts CSV
58637;32716;JJ174;278;FOLIO vide ou non reconnu dans Acts CSV
58638;32716;JJ174;278;FOLIO vide ou non reconnu dans Acts CSV
58639;32717;JJ174;279;FOLIO vide ou non reconnu dans Acts CSV
58640;32717;JJ174;279;FOLIO vide ou non reconnu dans Acts CSV
58641;32718;JJ174;280;FOLIO vide ou non reconnu dans Acts CSV
58642;32719;JJ174;281;FOLIO vide ou non reconnu dans Acts CSV
58643;32719;JJ174;281;FOLIO vide ou non reconnu dans Acts CSV
58644;32720;JJ174;282;FOLIO vide ou non reconnu dans Acts CSV
58645;32721;JJ174;283;FOLIO vide ou non reconnu dans Acts CSV
58646;32722;JJ174;284;FOLIO vide ou non reconnu dans Acts CSV
58647;32723;JJ174;285;FOLIO vide ou non reconnu dans Acts CSV
58648;32723,1;JJ174;285bis;FOLIO vide ou non reconnu dans Acts CSV
58649;32724;JJ174;286;FOLIO vide ou non reconnu dans Acts CSV
58650;32725;JJ174;287;FOLIO vide ou non reconnu dans Acts CSV
58651;32726;JJ174;288;
58652;32726;JJ174;288;
58653;32727;JJ174;289;FOLIO vide ou non reconnu dans Acts CSV
58654;32728;JJ174;290;FOLIO vide ou non reconnu dans Acts CSV
58655;32729;JJ174;291;FOLIO vide ou non reconnu dans Acts CSV
58656;32730;JJ174;292;FOLIO vide ou non reconnu dans Acts CSV
58657;32730;JJ174;292;FOLIO vide ou non reconnu dans Acts CSV
58658;32731;JJ174;293;FOLIO vide ou non reconnu dans Acts CSV
58659;32731;JJ174;293;FOLIO vide ou non reconnu dans Acts CSV
58660;32732;JJ174;294;FOLIO vide ou non reconnu dans Acts CSV
58661;32732;JJ174;294;FOLIO vide ou non reconnu dans Acts CSV
58662;32733;JJ174;295;FOLIO vide ou non reconnu dans Acts CSV
58663;32733;JJ174;295;FOLIO vide ou non reconnu dans Acts CSV
58664;32734;JJ174;296;FOLIO vide ou non reconnu dans Acts CSV
58665;32734;JJ174;296;FOLIO vide ou non reconnu dans Acts CSV
58666;32735;JJ174;297;FOLIO vide ou non reconnu dans Acts CSV
58667;32736;JJ174;298;
58668;32736;JJ174;298;
58669;32737;JJ174;299;FOLIO vide ou non reconnu dans Acts CSV
58670;32737;JJ174;299;FOLIO vide ou non reconnu dans Acts CSV
58671;32739;JJ174;301;FOLIO vide ou non reconnu dans Acts CSV
58672;32739;JJ174;301;FOLIO vide ou non reconnu dans Acts CSV
58673;32740;JJ174;302;FOLIO vide ou non reconnu dans Acts CSV
58674;32740;JJ174;302;FOLIO vide ou non reconnu dans Acts CSV
58675;32741;JJ174;303;FOLIO vide ou non reconnu dans Acts CSV
58676;32741;JJ174;303;FOLIO vide ou non reconnu dans Acts CSV
58677;32742;JJ174;304;FOLIO vide ou non reconnu dans Acts CSV
58678;32743;JJ174;305;FOLIO vide ou non reconnu dans Acts CSV
58679;32744;JJ174;306;FOLIO vide ou non reconnu dans Acts CSV
58680;32744;JJ174;306;FOLIO vide ou non reconnu dans Acts CSV
58681;32745;JJ174;307;FOLIO vide ou non reconnu dans Acts CSV
58682;32746;JJ174;308;FOLIO vide ou non reconnu dans Acts CSV
58683;32747;JJ174;309;FOLIO vide ou non reconnu dans Acts CSV
58684;32747;JJ174;309;FOLIO vide ou non reconnu dans Acts CSV
58685;32748;JJ174;310;FOLIO vide ou non reconnu dans Acts CSV
58686;32748;JJ174;310;FOLIO vide ou non reconnu dans Acts CSV
58687;32749;JJ174;311;
58688;32749;JJ174;311;
58689;32750;JJ174;312;FOLIO vide ou non reconnu dans Acts CSV
58690;32751;JJ174;313;FOLIO vide ou non reconnu dans Acts CSV
58691;32752;JJ174;314;FOLIO vide ou non reconnu dans Acts CSV
58692;32752;JJ174;314;FOLIO vide ou non reconnu dans Acts CSV
58693;32753;JJ174;315;FOLIO vide ou non reconnu dans Acts CSV
58694;32754;JJ174;316;FOLIO vide ou non reconnu dans Acts CSV
58695;32755;JJ174;317;FOLIO vide ou non reconnu dans Acts CSV
58696;32755;JJ174;317;FOLIO vide ou non reconnu dans Acts CSV
58697;32756;JJ174;318;FOLIO vide ou non reconnu dans Acts CSV
58698;32756;JJ174;318;FOLIO vide ou non reconnu dans Acts CSV
58699;32757;JJ174;319;FOLIO vide ou non reconnu dans Acts CSV
58700;32758;JJ174;320;
58701;32759;JJ174;321;FOLIO vide ou non reconnu dans Acts CSV
58702;32760;JJ174;322;FOLIO vide ou non reconnu dans Acts CSV
58703;32761;JJ174;323;FOLIO vide ou non reconnu dans Acts CSV
58704;32762;JJ174;324;FOLIO vide ou non reconnu dans Acts CSV
58705;32762;JJ174;324;FOLIO vide ou non reconnu dans Acts CSV
58706;32763;JJ174;325;FOLIO vide ou non reconnu dans Acts CSV
58707;32764;JJ174;326;FOLIO vide ou non reconnu dans Acts CSV
58708;32765;JJ174;327;FOLIO vide ou non reconnu dans Acts CSV
58709;32765;JJ174;327;FOLIO vide ou non reconnu dans Acts CSV
58710;32766;JJ174;328;FOLIO vide ou non reconnu dans Acts CSV
58711;32766;JJ174;328;FOLIO vide ou non reconnu dans Acts CSV
58712;32767;JJ174;329;FOLIO vide ou non reconnu dans Acts CSV
58713;32768;JJ174;330;FOLIO vide ou non reconnu dans Acts CSV
58714;32768;JJ174;330;FOLIO vide ou non reconnu dans Acts CSV
58715;32769;JJ174;331;
58716;32769,1;JJ174;331bis;
58717;32769,1;JJ174;331bis;
58718;32770;JJ174;332;FOLIO vide ou non reconnu dans Acts CSV
58719;32770;JJ174;332;FOLIO vide ou non reconnu dans Acts CSV
58720;32771;JJ174;333;FOLIO vide ou non reconnu dans Acts CSV
58721;32771;JJ174;333;FOLIO vide ou non reconnu dans Acts CSV
58722;32772;JJ174;334;FOLIO vide ou non reconnu dans Acts CSV
58723;32773;JJ174;335;FOLIO vide ou non reconnu dans Acts CSV
58724;32773;JJ174;335;FOLIO vide ou non reconnu dans Acts CSV
58725;32774;JJ174;336;FOLIO vide ou non reconnu dans Acts CSV
58726;32775;JJ174;337;FOLIO vide ou non reconnu dans Acts CSV
58727;32775;JJ174;337;FOLIO vide ou non reconnu dans Acts CSV
58728;32776;JJ174;338;FOLIO vide ou non reconnu dans Acts CSV
58729;32776;JJ174;338;FOLIO vide ou non reconnu dans Acts CSV
58730;32777;JJ174;339;FOLIO vide ou non reconnu dans Acts CSV
58731;32778;JJ174;340;FOLIO vide ou non reconnu dans Acts CSV
58732;32778;JJ174;340;FOLIO vide ou non reconnu dans Acts CSV
58733;32779;JJ174;341;FOLIO vide ou non reconnu dans Acts CSV
58734;32780;JJ174;342;FOLIO vide ou non reconnu dans Acts CSV
58735;32781;JJ174;343;FOLIO vide ou non reconnu dans Acts CSV
58736;32781;JJ174;343;FOLIO vide ou non reconnu dans Acts CSV
58737;32782;JJ174;344;FOLIO vide ou non reconnu dans Acts CSV
58738;32783;JJ174;345;FOLIO vide ou non reconnu dans Acts CSV
58739;32784;JJ174;346;FOLIO vide ou non reconnu dans Acts CSV
58740;32784;JJ174;346;FOLIO vide ou non reconnu dans Acts CSV
58741;32785;JJ174;347;FOLIO vide ou non reconnu dans Acts CSV
58742;32785;JJ174;347;FOLIO vide ou non reconnu dans Acts CSV
58743;32786;JJ174;348;FOLIO vide ou non reconnu dans Acts CSV
58744;32786;JJ174;348;FOLIO vide ou non reconnu dans Acts CSV
58745;32786;JJ174;348;FOLIO vide ou non reconnu dans Acts CSV
58746;32787;JJ174;349;FOLIO vide ou non reconnu dans Acts CSV
58747;32787;JJ174;349;FOLIO vide ou non reconnu dans Acts CSV
58748;32788;JJ174;350;FOLIO vide ou non reconnu dans Acts CSV
58749;32788;JJ174;350;FOLIO vide ou non reconnu dans Acts CSV
58750;32789;JJ174;351;FOLIO vide ou non reconnu dans Acts CSV
58751;32790;JJ174;352;FOLIO vide ou non reconnu dans Acts CSV
58752;32791;JJ174;353;FOLIO vide ou non reconnu dans Acts CSV
58753;32791;JJ174;353;FOLIO vide ou non reconnu dans Acts CSV
58754;32791;JJ174;353;FOLIO vide ou non reconnu dans Acts CSV
58755;32792;JJ174;354;FOLIO vide ou non reconnu dans Acts CSV
58756;32793;JJ174;355;FOLIO vide ou non reconnu dans Acts CSV
58757;32794;JJ174;356;FOLIO vide ou non reconnu dans Acts CSV
58758;32794;JJ174;356;FOLIO vide ou non reconnu dans Acts CSV
58759;32795;JJ174;357;FOLIO vide ou non reconnu dans Acts CSV
58760;32796;JJ174;358;FOLIO vide ou non reconnu dans Acts CSV
58761;32796;JJ174;358;FOLIO vide ou non reconnu dans Acts CSV
58762;32797;JJ174;359;FOLIO vide ou non reconnu dans Acts CSV
58763;32797;JJ174;359;FOLIO vide ou non reconnu dans Acts CSV
58764;32797;JJ174;359;FOLIO vide ou non reconnu dans Acts CSV
58765;32798;JJ174;360;FOLIO vide ou non reconnu dans Acts CSV
58766;32798;JJ174;360;FOLIO vide ou non reconnu dans Acts CSV
58767;32799;JJ174;361;
58768;32799;JJ174;361;
58777;32809;JJ175;1;FOLIO vide ou non reconnu dans Acts CSV
58778;32809;JJ175;1;FOLIO vide ou non reconnu dans Acts CSV
58779;32810;JJ175;2;FOLIO vide ou non reconnu dans Acts CSV
58780;32810;JJ175;2;FOLIO vide ou non reconnu dans Acts CSV
58781;32811;JJ175;3;FOLIO vide ou non reconnu dans Acts CSV
58782;32812;JJ175;4;FOLIO vide ou non reconnu dans Acts CSV
58783;32812;JJ175;4;FOLIO vide ou non reconnu dans Acts CSV
58784;32813;JJ175;5;FOLIO vide ou non reconnu dans Acts CSV
58785;32813;JJ175;5;FOLIO vide ou non reconnu dans Acts CSV
58786;32814;JJ175;6;FOLIO vide ou non reconnu dans Acts CSV
58787;32814;JJ175;6;FOLIO vide ou non reconnu dans Acts CSV
58788;32815;JJ175;7;FOLIO vide ou non reconnu dans Acts CSV
58789;32815;JJ175;7;FOLIO vide ou non reconnu dans Acts CSV
58790;32816;JJ175;8;FOLIO vide ou non reconnu dans Acts CSV
58791;32817;JJ175;9;
58792;32817;JJ175;9;
58793;32818;JJ175;10;FOLIO vide ou non reconnu dans Acts CSV
58794;32818;JJ175;10;FOLIO vide ou non reconnu dans Acts CSV
58795;32819;JJ175;11;FOLIO vide ou non reconnu dans Acts CSV
58796;32820;JJ175;12;FOLIO vide ou non reconnu dans Acts CSV
58797;32820;JJ175;12;FOLIO vide ou non reconnu dans Acts CSV
58798;32821;JJ175;13;FOLIO vide ou non reconnu dans Acts CSV
58799;32821;JJ175;13;FOLIO vide ou non reconnu dans Acts CSV
58800;32822;JJ175;14;FOLIO vide ou non reconnu dans Acts CSV
58801;32823;JJ175;15;FOLIO vide ou non reconnu dans Acts CSV
58802;32823;JJ175;15;FOLIO vide ou non reconnu dans Acts CSV
58803;32824;JJ175;16;FOLIO vide ou non reconnu dans Acts CSV
58804;32824;JJ175;16;FOLIO vide ou non reconnu dans Acts CSV
58805;32825;JJ175;17;FOLIO vide ou non reconnu dans Acts CSV
58806;32826;JJ175;18;FOLIO vide ou non reconnu dans Acts CSV
58807;32826;JJ175;18;FOLIO vide ou non reconnu dans Acts CSV
58808;32827;JJ175;19;FOLIO vide ou non reconnu dans Acts CSV
58809;32828;JJ175;20;FOLIO vide ou non reconnu dans Acts CSV
58810;32829;JJ175;21;FOLIO vide ou non reconnu dans Acts CSV
58811;32829;JJ175;21;FOLIO vide ou non reconnu dans Acts CSV
58812;32830;JJ175;22;FOLIO vide ou non reconnu dans Acts CSV
58813;32831;JJ175;23;FOLIO vide ou non reconnu dans Acts CSV
58814;32831;JJ175;23;FOLIO vide ou non reconnu dans Acts CSV
58815;32832;JJ175;24;FOLIO vide ou non reconnu dans Acts CSV
58816;32833;JJ175;25;FOLIO vide ou non reconnu dans Acts CSV
58817;32833;JJ175;25;FOLIO vide ou non reconnu dans Acts CSV
58818;32834;JJ175;26;FOLIO vide ou non reconnu dans Acts CSV
58819;32835;JJ175;27;FOLIO vide ou non reconnu dans Acts CSV
58820;32836;JJ175;28;FOLIO vide ou non reconnu dans Acts CSV
58821;32836;JJ175;28;FOLIO vide ou non reconnu dans Acts CSV
58822;32837;JJ175;29;FOLIO vide ou non reconnu dans Acts CSV
58823;32838;JJ175;30;FOLIO vide ou non reconnu dans Acts CSV
58824;32839;JJ175;31;FOLIO vide ou non reconnu dans Acts CSV
58825;32839;JJ175;31;FOLIO vide ou non reconnu dans Acts CSV
58826;32840;JJ175;32;FOLIO vide ou non reconnu dans Acts CSV
58827;32840;JJ175;32;FOLIO vide ou non reconnu dans Acts CSV
58828;32841;JJ175;33;FOLIO vide ou non reconnu dans Acts CSV
58829;32841;JJ175;33;FOLIO vide ou non reconnu dans Acts CSV
58830;32842;JJ175;34;FOLIO vide ou non reconnu dans Acts CSV
58831;32842;JJ175;34;FOLIO vide ou non reconnu dans Acts CSV
58832;32843;JJ175;35;FOLIO vide ou non reconnu dans Acts CSV
58833;32843;JJ175;35;FOLIO vide ou non reconnu dans Acts CSV
58834;32844;JJ175;36;FOLIO vide ou non reconnu dans Acts CSV
58835;32845;JJ175;37;FOLIO vide ou non reconnu dans Acts CSV
58836;32845;JJ175;37;FOLIO vide ou non reconnu dans Acts CSV
58837;32846;JJ175;38;FOLIO vide ou non reconnu dans Acts CSV
58838;32847;JJ175;39;FOLIO vide ou non reconnu dans Acts CSV
58839;32847;JJ175;39;FOLIO vide ou non reconnu dans Acts CSV
58840;32848;JJ175;40;FOLIO vide ou non reconnu dans Acts CSV
58841;32849;JJ175;41;FOLIO vide ou non reconnu dans Acts CSV
58842;32849;JJ175;41;FOLIO vide ou non reconnu dans Acts CSV
58843;32850;JJ175;42;FOLIO vide ou non reconnu dans Acts CSV
58844;32851;JJ175;43;FOLIO vide ou non reconnu dans Acts CSV
58845;32851;JJ175;43;FOLIO vide ou non reconnu dans Acts CSV
58846;32852;JJ175;44;FOLIO vide ou non reconnu dans Acts CSV
58847;32853;JJ175;45;FOLIO vide ou non reconnu dans Acts CSV
58848;32853;JJ175;45;FOLIO vide ou non reconnu dans Acts CSV
58849;32854;JJ175;46;FOLIO vide ou non reconnu dans Acts CSV
58850;32855;JJ175;47;FOLIO vide ou non reconnu dans Acts CSV
58851;32855;JJ175;47;FOLIO vide ou non reconnu dans Acts CSV
58852;32856;JJ175;48;FOLIO vide ou non reconnu dans Acts CSV
58853;32856;JJ175;48;FOLIO vide ou non reconnu dans Acts CSV
58854;32857;JJ175;49;FOLIO vide ou non reconnu dans Acts CSV
58855;32858;JJ175;50;FOLIO vide ou non reconnu dans Acts CSV
58856;32858;JJ175;50;FOLIO vide ou non reconnu dans Acts CSV
58857;32859;JJ175;51;FOLIO vide ou non reconnu dans Acts CSV
58858;32860;JJ175;52;FOLIO vide ou non reconnu dans Acts CSV
58859;32861;JJ175;53;FOLIO vide ou non reconnu dans Acts CSV
58860;32862;JJ175;54;FOLIO vide ou non reconnu dans Acts CSV
58861;32862;JJ175;54;FOLIO vide ou non reconnu dans Acts CSV
58862;32863;JJ175;55;FOLIO vide ou non reconnu dans Acts CSV
58863;32863;JJ175;55;FOLIO vide ou non reconnu dans Acts CSV
58864;32864;JJ175;56;FOLIO vide ou non reconnu dans Acts CSV
58865;32865;JJ175;57;FOLIO vide ou non reconnu dans Acts CSV
58866;32865;JJ175;57;FOLIO vide ou non reconnu dans Acts CSV
58867;32866;JJ175;58;FOLIO vide ou non reconnu dans Acts CSV
58868;32866;JJ175;58;FOLIO vide ou non reconnu dans Acts CSV
58869;32867;JJ175;59;FOLIO vide ou non reconnu dans Acts CSV
58870;32868;JJ175;60;FOLIO vide ou non reconnu dans Acts CSV
58871;32868;JJ175;60;FOLIO vide ou non reconnu dans Acts CSV
58872;32869;JJ175;61;FOLIO vide ou non reconnu dans Acts CSV
58873;32870;JJ175;62;FOLIO vide ou non reconnu dans Acts CSV
58874;32871;JJ175;63;FOLIO vide ou non reconnu dans Acts CSV
58875;32872;JJ175;64;FOLIO vide ou non reconnu dans Acts CSV
58876;32873;JJ175;65;FOLIO vide ou non reconnu dans Acts CSV
58877;32874;JJ175;66;FOLIO vide ou non reconnu dans Acts CSV
58878;32875;JJ175;67;FOLIO vide ou non reconnu dans Acts CSV
58879;32875;JJ175;67;FOLIO vide ou non reconnu dans Acts CSV
58880;32876;JJ175;68;FOLIO vide ou non reconnu dans Acts CSV
58881;32877;JJ175;69;
58882;32877;JJ175;69;
58883;32878;JJ175;70;FOLIO vide ou non reconnu dans Acts CSV
58884;32879;JJ175;71;FOLIO vide ou non reconnu dans Acts CSV
58885;32879;JJ175;71;FOLIO vide ou non reconnu dans Acts CSV
58886;32880;JJ175;72;FOLIO vide ou non reconnu dans Acts CSV
58887;32881;JJ175;73;FOLIO vide ou non reconnu dans Acts CSV
58888;32881;JJ175;73;FOLIO vide ou non reconnu dans Acts CSV
58889;32882;JJ175;74;FOLIO vide ou non reconnu dans Acts CSV
58890;32883;JJ175;75;FOLIO vide ou non reconnu dans Acts CSV
58891;32884;JJ175;76;FOLIO vide ou non reconnu dans Acts CSV
58892;32884;JJ175;76;FOLIO vide ou non reconnu dans Acts CSV
58893;32885;JJ175;77;FOLIO vide ou non reconnu dans Acts CSV
58894;32886;JJ175;78;FOLIO vide ou non reconnu dans Acts CSV
58895;32886;JJ175;78;FOLIO vide ou non reconnu dans Acts CSV
58896;32887;JJ175;79;FOLIO vide ou non reconnu dans Acts CSV
58897;32887;JJ175;79;FOLIO vide ou non reconnu dans Acts CSV
58898;32888;JJ175;80;FOLIO vide ou non reconnu dans Acts CSV
58899;32889;JJ175;81;FOLIO vide ou non reconnu dans Acts CSV
58900;32890;JJ175;82;FOLIO vide ou non reconnu dans Acts CSV
58901;32890;JJ175;82;FOLIO vide ou non reconnu dans Acts CSV
58902;32891;JJ175;83;FOLIO vide ou non reconnu dans Acts CSV
58903;32891;JJ175;83;FOLIO vide ou non reconnu dans Acts CSV
58904;32892;JJ175;84;FOLIO vide ou non reconnu dans Acts CSV
58905;32893;JJ175;85;FOLIO vide ou non reconnu dans Acts CSV
58906;32893;JJ175;85;FOLIO vide ou non reconnu dans Acts CSV
58907;32894;JJ175;86;FOLIO vide ou non reconnu dans Acts CSV
58908;32895;JJ175;87;FOLIO vide ou non reconnu dans Acts CSV
58909;32895;JJ175;87;FOLIO vide ou non reconnu dans Acts CSV
58910;32896;JJ175;88;FOLIO vide ou non reconnu dans Acts CSV
58911;32897;JJ175;89;FOLIO vide ou non reconnu dans Acts CSV
58912;32897;JJ175;89;FOLIO vide ou non reconnu dans Acts CSV
58913;32898;JJ175;90;FOLIO vide ou non reconnu dans Acts CSV
58914;32899;JJ175;91;FOLIO vide ou non reconnu dans Acts CSV
58915;32899;JJ175;91;FOLIO vide ou non reconnu dans Acts CSV
58916;32900;JJ175;92;FOLIO vide ou non reconnu dans Acts CSV
58917;32901;JJ175;93;FOLIO vide ou non reconnu dans Acts CSV
58918;32902;JJ175;94;FOLIO vide ou non reconnu dans Acts CSV
58919;32902;JJ175;94;FOLIO vide ou non reconnu dans Acts CSV
58920;32903;JJ175;95;FOLIO vide ou non reconnu dans Acts CSV
58921;32904;JJ175;96;FOLIO vide ou non reconnu dans Acts CSV
58922;32904;JJ175;96;FOLIO vide ou non reconnu dans Acts CSV
58923;32905;JJ175;97;FOLIO vide ou non reconnu dans Acts CSV
58924;32906;JJ175;98;FOLIO vide ou non reconnu dans Acts CSV
58925;32907;JJ175;99;FOLIO vide ou non reconnu dans Acts CSV
58926;32907;JJ175;99;FOLIO vide ou non reconnu dans Acts CSV
58927;32908;JJ175;100;FOLIO vide ou non reconnu dans Acts CSV
58928;32908;JJ175;100;FOLIO vide ou non reconnu dans Acts CSV
58929;32909;JJ175;101;FOLIO vide ou non reconnu dans Acts CSV
58930;32910;JJ175;102;FOLIO vide ou non reconnu dans Acts CSV
58931;32910;JJ175;102;FOLIO vide ou non reconnu dans Acts CSV
58932;32911;JJ175;103;FOLIO vide ou non reconnu dans Acts CSV
58933;32912;JJ175;104;FOLIO vide ou non reconnu dans Acts CSV
58934;32912;JJ175;104;FOLIO vide ou non reconnu dans Acts CSV
58935;32913;JJ175;105;FOLIO vide ou non reconnu dans Acts CSV
58936;32914;JJ175;106;FOLIO vide ou non reconnu dans Acts CSV
58937;32915;JJ175;107;FOLIO vide ou non reconnu dans Acts CSV
58938;32915;JJ175;107;FOLIO vide ou non reconnu dans Acts CSV
58939;32916;JJ175;108;FOLIO vide ou non reconnu dans Acts CSV
58940;32917;JJ175;109;FOLIO vide ou non reconnu dans Acts CSV
58941;32917;JJ175;109;FOLIO vide ou non reconnu dans Acts CSV
58942;32918;JJ175;110;FOLIO vide ou non reconnu dans Acts CSV
58943;32918;JJ175;110;FOLIO vide ou non reconnu dans Acts CSV
58944;32919;JJ175;111;FOLIO vide ou non reconnu dans Acts CSV
58945;32920;JJ175;112;FOLIO vide ou non reconnu dans Acts CSV
58946;32920;JJ175;112;FOLIO vide ou non reconnu dans Acts CSV
58947;32921;JJ175;113;FOLIO vide ou non reconnu dans Acts CSV
58948;32922;JJ175;114;FOLIO vide ou non reconnu dans Acts CSV
58949;32923;JJ175;115;FOLIO vide ou non reconnu dans Acts CSV
58950;32924;JJ175;116;FOLIO vide ou non reconnu dans Acts CSV
58951;32924;JJ175;116;FOLIO vide ou non reconnu dans Acts CSV
58952;32925;JJ175;117;FOLIO vide ou non reconnu dans Acts CSV
58953;32925;JJ175;117;FOLIO vide ou non reconnu dans Acts CSV
58954;32926;JJ175;118;FOLIO vide ou non reconnu dans Acts CSV
58955;32927;JJ175;119;FOLIO vide ou non reconnu dans Acts CSV
58956;32927;JJ175;119;FOLIO vide ou non reconnu dans Acts CSV
58957;32928;JJ175;120;FOLIO vide ou non reconnu dans Acts CSV
58958;32928;JJ175;120;FOLIO vide ou non reconnu dans Acts CSV
58959;32929;JJ175;121;FOLIO vide ou non reconnu dans Acts CSV
58960;32930;JJ175;122;FOLIO vide ou non reconnu dans Acts CSV
58961;32931;JJ175;123;FOLIO vide ou non reconnu dans Acts CSV
58962;32931;JJ175;123;FOLIO vide ou non reconnu dans Acts CSV
58963;32932;JJ175;124;FOLIO vide ou non reconnu dans Acts CSV
58964;32932;JJ175;124;FOLIO vide ou non reconnu dans Acts CSV
58965;32933;JJ175;125;FOLIO vide ou non reconnu dans Acts CSV
58966;32933;JJ175;125;FOLIO vide ou non reconnu dans Acts CSV
58967;32934;JJ175;126;FOLIO vide ou non reconnu dans Acts CSV
58968;32934;JJ175;126;FOLIO vide ou non reconnu dans Acts CSV
58969;32935;JJ175;127;FOLIO vide ou non reconnu dans Acts CSV
58970;32936;JJ175;128;FOLIO vide ou non reconnu dans Acts CSV
58971;32936;JJ175;128;FOLIO vide ou non reconnu dans Acts CSV
58972;32937;JJ175;129;FOLIO vide ou non reconnu dans Acts CSV
58973;32938;JJ175;130;
58974;32939;JJ175;131;FOLIO vide ou non reconnu dans Acts CSV
58975;32940;JJ175;132;FOLIO vide ou non reconnu dans Acts CSV
58976;32940;JJ175;132;FOLIO vide ou non reconnu dans Acts CSV
58977;32941;JJ175;133;FOLIO vide ou non reconnu dans Acts CSV
58978;32942;JJ175;134;FOLIO vide ou non reconnu dans Acts CSV
58979;32943;JJ175;135;FOLIO vide ou non reconnu dans Acts CSV
58980;32943;JJ175;135;FOLIO vide ou non reconnu dans Acts CSV
58981;32944;JJ175;136;FOLIO vide ou non reconnu dans Acts CSV
58982;32945;JJ175;137;FOLIO vide ou non reconnu dans Acts CSV
58983;32946;JJ175;138;FOLIO vide ou non reconnu dans Acts CSV
58984;32946;JJ175;138;FOLIO vide ou non reconnu dans Acts CSV
58985;32947;JJ175;139;FOLIO vide ou non reconnu dans Acts CSV
58986;32948;JJ175;140;FOLIO vide ou non reconnu dans Acts CSV
58987;32948;JJ175;140;FOLIO vide ou non reconnu dans Acts CSV
58988;32949;JJ175;141;FOLIO vide ou non reconnu dans Acts CSV
58989;32950;JJ175;142;FOLIO vide ou non reconnu dans Acts CSV
58990;32950;JJ175;142;FOLIO vide ou non reconnu dans Acts CSV
58991;32951;JJ175;143;FOLIO vide ou non reconnu dans Acts CSV
58992;32951;JJ175;143;FOLIO vide ou non reconnu dans Acts CSV
58993;32952;JJ175;144;FOLIO vide ou non reconnu dans Acts CSV
58994;32952;JJ175;144;FOLIO vide ou non reconnu dans Acts CSV
58995;32953;JJ175;145;FOLIO vide ou non reconnu dans Acts CSV
58996;32954;JJ175;146;FOLIO vide ou non reconnu dans Acts CSV
58997;32954;JJ175;146;FOLIO vide ou non reconnu dans Acts CSV
58998;32955;JJ175;147;FOLIO vide ou non reconnu dans Acts CSV
58999;32956;JJ175;148;FOLIO vide ou non reconnu dans Acts CSV
59000;32956;JJ175;148;FOLIO vide ou non reconnu dans Acts CSV
59001;32956;JJ175;148;FOLIO vide ou non reconnu dans Acts CSV
59002;32957;JJ175;149;FOLIO vide ou non reconnu dans Acts CSV
59003;32958;JJ175;150;FOLIO vide ou non reconnu dans Acts CSV
59004;32958;JJ175;150;FOLIO vide ou non reconnu dans Acts CSV
59005;32959;JJ175;151;FOLIO vide ou non reconnu dans Acts CSV
59006;32959;JJ175;151;FOLIO vide ou non reconnu dans Acts CSV
59007;32960;JJ175;152;FOLIO vide ou non reconnu dans Acts CSV
59008;32961;JJ175;153;FOLIO vide ou non reconnu dans Acts CSV
59009;32961;JJ175;153;FOLIO vide ou non reconnu dans Acts CSV
59010;32962;JJ175;154;FOLIO vide ou non reconnu dans Acts CSV
59011;32962;JJ175;154;FOLIO vide ou non reconnu dans Acts CSV
59012;32963;JJ175;155;FOLIO vide ou non reconnu dans Acts CSV
59013;32964;JJ175;156;FOLIO vide ou non reconnu dans Acts CSV
59014;32964;JJ175;156;FOLIO vide ou non reconnu dans Acts CSV
59015;32965;JJ175;157;FOLIO vide ou non reconnu dans Acts CSV
59016;32966;JJ175;158;FOLIO vide ou non reconnu dans Acts CSV
59017;32967;JJ175;159;FOLIO vide ou non reconnu dans Acts CSV
59018;32968;JJ175;160;FOLIO vide ou non reconnu dans Acts CSV
59019;32968;JJ175;160;FOLIO vide ou non reconnu dans Acts CSV
59020;32969;JJ175;161;FOLIO vide ou non reconnu dans Acts CSV
59021;32969;JJ175;161;FOLIO vide ou non reconnu dans Acts CSV
59022;32970;JJ175;162;FOLIO vide ou non reconnu dans Acts CSV
59023;32971;JJ175;163;FOLIO vide ou non reconnu dans Acts CSV
59024;32971;JJ175;163;FOLIO vide ou non reconnu dans Acts CSV
59025;32972;JJ175;164;FOLIO vide ou non reconnu dans Acts CSV
59026;32972;JJ175;164;FOLIO vide ou non reconnu dans Acts CSV
59027;32973;JJ175;165;FOLIO vide ou non reconnu dans Acts CSV
59028;32974;JJ175;166;FOLIO vide ou non reconnu dans Acts CSV
59029;32975;JJ175;167;FOLIO vide ou non reconnu dans Acts CSV
59030;32975;JJ175;167;FOLIO vide ou non reconnu dans Acts CSV
59031;32976;JJ175;168;FOLIO vide ou non reconnu dans Acts CSV
59032;32977;JJ175;169;FOLIO vide ou non reconnu dans Acts CSV
59033;32978;JJ175;170;FOLIO vide ou non reconnu dans Acts CSV
59034;32979;JJ175;171;FOLIO vide ou non reconnu dans Acts CSV
59035;32979;JJ175;171;FOLIO vide ou non reconnu dans Acts CSV
59036;32980;JJ175;172;FOLIO vide ou non reconnu dans Acts CSV
59037;32981;JJ175;173;FOLIO vide ou non reconnu dans Acts CSV
59038;32981;JJ175;173;FOLIO vide ou non reconnu dans Acts CSV
59039;32982;JJ175;174;FOLIO vide ou non reconnu dans Acts CSV
59040;32982;JJ175;174;FOLIO vide ou non reconnu dans Acts CSV
59041;32983;JJ175;175;FOLIO vide ou non reconnu dans Acts CSV
59042;32983;JJ175;175;FOLIO vide ou non reconnu dans Acts CSV
59043;32984;JJ175;176;FOLIO vide ou non reconnu dans Acts CSV
59044;32985;JJ175;177;
59045;32985;JJ175;177;
59046;32986;JJ175;178;FOLIO vide ou non reconnu dans Acts CSV
59047;32987;JJ175;179;FOLIO vide ou non reconnu dans Acts CSV
59048;32987;JJ175;179;FOLIO vide ou non reconnu dans Acts CSV
59049;32988;JJ175;180;FOLIO vide ou non reconnu dans Acts CSV
59050;32988;JJ175;180;FOLIO vide ou non reconnu dans Acts CSV
59051;32989;JJ175;181;FOLIO vide ou non reconnu dans Acts CSV
59052;32989;JJ175;181;FOLIO vide ou non reconnu dans Acts CSV
59053;32990;JJ175;182;FOLIO vide ou non reconnu dans Acts CSV
59054;32990;JJ175;182;FOLIO vide ou non reconnu dans Acts CSV
59055;32991;JJ175;183;FOLIO vide ou non reconnu dans Acts CSV
59056;32991;JJ175;183;FOLIO vide ou non reconnu dans Acts CSV
59057;32992;JJ175;184;FOLIO vide ou non reconnu dans Acts CSV
59058;32992;JJ175;184;FOLIO vide ou non reconnu dans Acts CSV
59059;32993;JJ175;185;FOLIO vide ou non reconnu dans Acts CSV
59060;32993;JJ175;185;FOLIO vide ou non reconnu dans Acts CSV
59061;32994;JJ175;186;FOLIO vide ou non reconnu dans Acts CSV
59062;32995;JJ175;187;FOLIO vide ou non reconnu dans Acts CSV
59063;32996;JJ175;188;FOLIO vide ou non reconnu dans Acts CSV
59064;32996;JJ175;188;FOLIO vide ou non reconnu dans Acts CSV
59065;32997;JJ175;189;FOLIO vide ou non reconnu dans Acts CSV
59066;32997;JJ175;189;FOLIO vide ou non reconnu dans Acts CSV
59067;32998;JJ175;190;FOLIO vide ou non reconnu dans Acts CSV
59068;32998;JJ175;190;FOLIO vide ou non reconnu dans Acts CSV
59069;32999;JJ175;191;FOLIO vide ou non reconnu dans Acts CSV
59070;32999;JJ175;191;FOLIO vide ou non reconnu dans Acts CSV
59071;33000;JJ175;192;FOLIO vide ou non reconnu dans Acts CSV
59072;33000;JJ175;192;FOLIO vide ou non reconnu dans Acts CSV
59073;33001;JJ175;193;FOLIO vide ou non reconnu dans Acts CSV
59074;33001;JJ175;193;FOLIO vide ou non reconnu dans Acts CSV
59075;33002;JJ175;194;FOLIO vide ou non reconnu dans Acts CSV
59076;33002;JJ175;194;FOLIO vide ou non reconnu dans Acts CSV
59077;33003;JJ175;195;FOLIO vide ou non reconnu dans Acts CSV
59078;33003;JJ175;195;FOLIO vide ou non reconnu dans Acts CSV
59079;33004;JJ175;196;FOLIO vide ou non reconnu dans Acts CSV
59080;33005;JJ175;197;FOLIO vide ou non reconnu dans Acts CSV
59081;33006;JJ175;198;FOLIO vide ou non reconnu dans Acts CSV
59082;33006;JJ175;198;FOLIO vide ou non reconnu dans Acts CSV
59083;33007;JJ175;199;FOLIO vide ou non reconnu dans Acts CSV
59084;33007;JJ175;199;FOLIO vide ou non reconnu dans Acts CSV
59085;33008;JJ175;200;FOLIO vide ou non reconnu dans Acts CSV
59086;33009;JJ175;201;FOLIO vide ou non reconnu dans Acts CSV
59087;33010;JJ175;202;FOLIO vide ou non reconnu dans Acts CSV
59088;33011;JJ175;203;FOLIO vide ou non reconnu dans Acts CSV
59089;33011;JJ175;203;FOLIO vide ou non reconnu dans Acts CSV
59090;33011;JJ175;203;FOLIO vide ou non reconnu dans Acts CSV
59091;33012;JJ175;204;FOLIO vide ou non reconnu dans Acts CSV
59092;33013;JJ175;205;FOLIO vide ou non reconnu dans Acts CSV
59093;33013;JJ175;205;FOLIO vide ou non reconnu dans Acts CSV
59094;33014;JJ175;206;FOLIO vide ou non reconnu dans Acts CSV
59095;33015;JJ175;207;FOLIO vide ou non reconnu dans Acts CSV
59096;33015;JJ175;207;FOLIO vide ou non reconnu dans Acts CSV
59097;33016;JJ175;208;FOLIO vide ou non reconnu dans Acts CSV
59098;33017;JJ175;209;FOLIO vide ou non reconnu dans Acts CSV
59099;33017;JJ175;209;FOLIO vide ou non reconnu dans Acts CSV
59100;33018;JJ175;210;FOLIO vide ou non reconnu dans Acts CSV
59101;33018;JJ175;210;FOLIO vide ou non reconnu dans Acts CSV
59102;33019;JJ175;211;FOLIO vide ou non reconnu dans Acts CSV
59103;33019;JJ175;211;FOLIO vide ou non reconnu dans Acts CSV
59104;33020;JJ175;212;FOLIO vide ou non reconnu dans Acts CSV
59105;33021;JJ175;213;FOLIO vide ou non reconnu dans Acts CSV
59106;33021;JJ175;213;FOLIO vide ou non reconnu dans Acts CSV
59107;33022;JJ175;214;FOLIO vide ou non reconnu dans Acts CSV
59108;33023;JJ175;215;FOLIO vide ou non reconnu dans Acts CSV
59109;33024;JJ175;216;FOLIO vide ou non reconnu dans Acts CSV
59110;33024;JJ175;216;FOLIO vide ou non reconnu dans Acts CSV
59111;33025;JJ175;217;FOLIO vide ou non reconnu dans Acts CSV
59112;33025;JJ175;217;FOLIO vide ou non reconnu dans Acts CSV
59113;33026;JJ175;218;FOLIO vide ou non reconnu dans Acts CSV
59114;33026;JJ175;218;FOLIO vide ou non reconnu dans Acts CSV
59115;33027;JJ175;219;FOLIO vide ou non reconnu dans Acts CSV
59116;33028;JJ175;220;FOLIO vide ou non reconnu dans Acts CSV
59117;33028;JJ175;220;FOLIO vide ou non reconnu dans Acts CSV
59118;33029;JJ175;221;FOLIO vide ou non reconnu dans Acts CSV
59119;33029;JJ175;221;FOLIO vide ou non reconnu dans Acts CSV
59120;33030;JJ175;222;FOLIO vide ou non reconnu dans Acts CSV
59121;33031;JJ175;223;FOLIO vide ou non reconnu dans Acts CSV
59122;33031;JJ175;223;FOLIO vide ou non reconnu dans Acts CSV
59123;33032;JJ175;224;FOLIO vide ou non reconnu dans Acts CSV
59124;33033;JJ175;225;FOLIO vide ou non reconnu dans Acts CSV
59125;33033;JJ175;225;FOLIO vide ou non reconnu dans Acts CSV
59126;33034;JJ175;226;FOLIO vide ou non reconnu dans Acts CSV
59127;33035;JJ175;227;FOLIO vide ou non reconnu dans Acts CSV
59128;33035;JJ175;227;FOLIO vide ou non reconnu dans Acts CSV
59129;33036;JJ175;228;FOLIO vide ou non reconnu dans Acts CSV
59130;33037;JJ175;229;FOLIO vide ou non reconnu dans Acts CSV
59131;33037;JJ175;229;FOLIO vide ou non reconnu dans Acts CSV
59132;33038;JJ175;230;FOLIO vide ou non reconnu dans Acts CSV
59133;33038;JJ175;230;FOLIO vide ou non reconnu dans Acts CSV
59134;33039;JJ175;231;FOLIO vide ou non reconnu dans Acts CSV
59135;33040;JJ175;232;FOLIO vide ou non reconnu dans Acts CSV
59136;33040;JJ175;232;FOLIO vide ou non reconnu dans Acts CSV
59137;33041;JJ175;233;FOLIO vide ou non reconnu dans Acts CSV
59138;33041;JJ175;233;FOLIO vide ou non reconnu dans Acts CSV
59139;33042;JJ175;234;FOLIO vide ou non reconnu dans Acts CSV
59140;33042;JJ175;234;FOLIO vide ou non reconnu dans Acts CSV
59141;33043;JJ175;235;FOLIO vide ou non reconnu dans Acts CSV
59142;33043;JJ175;235;FOLIO vide ou non reconnu dans Acts CSV
59143;33043;JJ175;235;FOLIO vide ou non reconnu dans Acts CSV
59144;33044;JJ175;236;FOLIO vide ou non reconnu dans Acts CSV
59145;33044;JJ175;236;FOLIO vide ou non reconnu dans Acts CSV
59146;33044;JJ175;236;FOLIO vide ou non reconnu dans Acts CSV
59147;33045;JJ175;237;FOLIO vide ou non reconnu dans Acts CSV
59148;33046;JJ175;238;FOLIO vide ou non reconnu dans Acts CSV
59149;33047;JJ175;239;FOLIO vide ou non reconnu dans Acts CSV
59150;33047;JJ175;239;FOLIO vide ou non reconnu dans Acts CSV
59151;33048;JJ175;240;FOLIO vide ou non reconnu dans Acts CSV
59152;33048;JJ175;240;FOLIO vide ou non reconnu dans Acts CSV
59153;33049;JJ175;241;FOLIO vide ou non reconnu dans Acts CSV
59154;33049;JJ175;241;FOLIO vide ou non reconnu dans Acts CSV
59155;33050;JJ175;242;FOLIO vide ou non reconnu dans Acts CSV
59156;33050;JJ175;242;FOLIO vide ou non reconnu dans Acts CSV
59157;33051;JJ175;243;FOLIO vide ou non reconnu dans Acts CSV
59158;33051;JJ175;243;FOLIO vide ou non reconnu dans Acts CSV
59159;33052;JJ175;244;FOLIO vide ou non reconnu dans Acts CSV
59160;33053;JJ175;245;FOLIO vide ou non reconnu dans Acts CSV
59161;33053;JJ175;245;FOLIO vide ou non reconnu dans Acts CSV
59162;33054;JJ175;246;FOLIO vide ou non reconnu dans Acts CSV
59163;33055;JJ175;247;FOLIO vide ou non reconnu dans Acts CSV
59164;33056;JJ175;248;FOLIO vide ou non reconnu dans Acts CSV
59165;33056;JJ175;248;FOLIO vide ou non reconnu dans Acts CSV
59166;33057;JJ175;249;FOLIO vide ou non reconnu dans Acts CSV
59167;33057;JJ175;249;FOLIO vide ou non reconnu dans Acts CSV
59168;33058;JJ175;250;FOLIO vide ou non reconnu dans Acts CSV
59169;33058;JJ175;250;FOLIO vide ou non reconnu dans Acts CSV
59170;33059;JJ175;251;FOLIO vide ou non reconnu dans Acts CSV
59171;33060;JJ175;252;FOLIO vide ou non reconnu dans Acts CSV
59172;33060;JJ175;252;FOLIO vide ou non reconnu dans Acts CSV
59173;33061;JJ175;253;FOLIO vide ou non reconnu dans Acts CSV
59174;33062;JJ175;254;FOLIO vide ou non reconnu dans Acts CSV
59175;33062;JJ175;254;FOLIO vide ou non reconnu dans Acts CSV
59176;33063;JJ175;255;FOLIO vide ou non reconnu dans Acts CSV
59177;33063;JJ175;255;FOLIO vide ou non reconnu dans Acts CSV
59178;33064;JJ175;256;FOLIO vide ou non reconnu dans Acts CSV
59179;33065;JJ175;257;FOLIO vide ou non reconnu dans Acts CSV
59180;33065;JJ175;257;FOLIO vide ou non reconnu dans Acts CSV
59181;33066;JJ175;258;FOLIO vide ou non reconnu dans Acts CSV
59182;33067;JJ175;258bis;FOLIO vide ou non reconnu dans Acts CSV
59183;33068;JJ175;259;FOLIO vide ou non reconnu dans Acts CSV
59184;33068;JJ175;259;FOLIO vide ou non reconnu dans Acts CSV
59185;33069;JJ175;260;FOLIO vide ou non reconnu dans Acts CSV
59186;33070;JJ175;261;FOLIO vide ou non reconnu dans Acts CSV
59187;33071;JJ175;262;FOLIO vide ou non reconnu dans Acts CSV
59188;33071;JJ175;262;FOLIO vide ou non reconnu dans Acts CSV
59189;33072;JJ175;263;FOLIO vide ou non reconnu dans Acts CSV
59190;33073;JJ175;264;FOLIO vide ou non reconnu dans Acts CSV
59191;33074;JJ175;265;FOLIO vide ou non reconnu dans Acts CSV
59192;33074;JJ175;265;FOLIO vide ou non reconnu dans Acts CSV
59193;33075;JJ175;266;FOLIO vide ou non reconnu dans Acts CSV
59194;33075;JJ175;266;FOLIO vide ou non reconnu dans Acts CSV
59195;33076;JJ175;267;FOLIO vide ou non reconnu dans Acts CSV
59196;33077;JJ175;268;FOLIO vide ou non reconnu dans Acts CSV
59197;33078;JJ175;269;FOLIO vide ou non reconnu dans Acts CSV
59198;33078;JJ175;269;FOLIO vide ou non reconnu dans Acts CSV
59199;33079;JJ175;270;FOLIO vide ou non reconnu dans Acts CSV
59200;33079;JJ175;270;FOLIO vide ou non reconnu dans Acts CSV
59201;33080;JJ175;271;FOLIO vide ou non reconnu dans Acts CSV
59202;33081;JJ175;272;FOLIO vide ou non reconnu dans Acts CSV
59203;33081;JJ175;272;FOLIO vide ou non reconnu dans Acts CSV
59204;33082;JJ175;273;FOLIO vide ou non reconnu dans Acts CSV
59205;33083;JJ175;274;FOLIO vide ou non reconnu dans Acts CSV
59206;33083;JJ175;274;FOLIO vide ou non reconnu dans Acts CSV
59207;33084;JJ175;275;FOLIO vide ou non reconnu dans Acts CSV
59208;33084;JJ175;275;FOLIO vide ou non reconnu dans Acts CSV
59209;33085;JJ175;276;FOLIO vide ou non reconnu dans Acts CSV
59210;33085;JJ175;276;FOLIO vide ou non reconnu dans Acts CSV
59211;33086;JJ175;277;FOLIO vide ou non reconnu dans Acts CSV
59212;33087;JJ175;278;FOLIO vide ou non reconnu dans Acts CSV
59213;33088;JJ175;279;FOLIO vide ou non reconnu dans Acts CSV
59214;33088;JJ175;279;FOLIO vide ou non reconnu dans Acts CSV
59215;33089;JJ175;280;FOLIO vide ou non reconnu dans Acts CSV
59216;33089;JJ175;280;FOLIO vide ou non reconnu dans Acts CSV
59217;33090;JJ175;281;FOLIO vide ou non reconnu dans Acts CSV
59218;33090;JJ175;281;FOLIO vide ou non reconnu dans Acts CSV
59219;33091;JJ175;282;FOLIO vide ou non reconnu dans Acts CSV
59220;33091;JJ175;282;FOLIO vide ou non reconnu dans Acts CSV
59221;33092;JJ175;283;FOLIO vide ou non reconnu dans Acts CSV
59222;33092;JJ175;283;FOLIO vide ou non reconnu dans Acts CSV
59223;33093;JJ175;284;FOLIO vide ou non reconnu dans Acts CSV
59224;33094;JJ175;285;FOLIO vide ou non reconnu dans Acts CSV
59225;33094;JJ175;285;FOLIO vide ou non reconnu dans Acts CSV
59226;33095;JJ175;286;FOLIO vide ou non reconnu dans Acts CSV
59227;33096;JJ175;287;FOLIO vide ou non reconnu dans Acts CSV
59228;33096;JJ175;287;FOLIO vide ou non reconnu dans Acts CSV
59229;33097;JJ175;288;FOLIO vide ou non reconnu dans Acts CSV
59230;33098;JJ175;289;FOLIO vide ou non reconnu dans Acts CSV
59231;33098;JJ175;289;FOLIO vide ou non reconnu dans Acts CSV
59232;33099;JJ175;290;FOLIO vide ou non reconnu dans Acts CSV
59233;33100;JJ175;291;FOLIO vide ou non reconnu dans Acts CSV
59234;33101;JJ175;292;FOLIO vide ou non reconnu dans Acts CSV
59235;33101;JJ175;292;FOLIO vide ou non reconnu dans Acts CSV
59236;33102;JJ175;293;FOLIO vide ou non reconnu dans Acts CSV
59237;33102;JJ175;293;FOLIO vide ou non reconnu dans Acts CSV
59238;33103;JJ175;294;FOLIO vide ou non reconnu dans Acts CSV
59239;33103;JJ175;294;FOLIO vide ou non reconnu dans Acts CSV
59240;33104;JJ175;295;FOLIO vide ou non reconnu dans Acts CSV
59241;33104;JJ175;295;FOLIO vide ou non reconnu dans Acts CSV
59242;33105;JJ175;296;FOLIO vide ou non reconnu dans Acts CSV
59243;33106;JJ175;297;FOLIO vide ou non reconnu dans Acts CSV
59244;33106;JJ175;297;FOLIO vide ou non reconnu dans Acts CSV
59245;33107;JJ175;298;FOLIO vide ou non reconnu dans Acts CSV
59246;33107;JJ175;298;FOLIO vide ou non reconnu dans Acts CSV
59247;33108;JJ175;299;FOLIO vide ou non reconnu dans Acts CSV
59248;33109;JJ175;300;FOLIO vide ou non reconnu dans Acts CSV
59249;33109;JJ175;300;FOLIO vide ou non reconnu dans Acts CSV
59250;33110;JJ175;301;FOLIO vide ou non reconnu dans Acts CSV
59251;33111;JJ175;302;FOLIO vide ou non reconnu dans Acts CSV
59252;33112;JJ175;303;FOLIO vide ou non reconnu dans Acts CSV
59253;33112;JJ175;303;FOLIO vide ou non reconnu dans Acts CSV
59254;33113;JJ175;304;FOLIO vide ou non reconnu dans Acts CSV
59255;33114;JJ175;305;FOLIO vide ou non reconnu dans Acts CSV
59256;33115;JJ175;306;FOLIO vide ou non reconnu dans Acts CSV
59257;33115;JJ175;306;FOLIO vide ou non reconnu dans Acts CSV
59258;33116;JJ175;307;FOLIO vide ou non reconnu dans Acts CSV
59259;33116;JJ175;307;FOLIO vide ou non reconnu dans Acts CSV
59260;33117;JJ175;308;FOLIO vide ou non reconnu dans Acts CSV
59261;33118;JJ175;309;FOLIO vide ou non reconnu dans Acts CSV
59262;33118;JJ175;309;FOLIO vide ou non reconnu dans Acts CSV
59263;33119;JJ175;310;FOLIO vide ou non reconnu dans Acts CSV
59264;33119;JJ175;310;FOLIO vide ou non reconnu dans Acts CSV
59265;33120;JJ175;311;FOLIO vide ou non reconnu dans Acts CSV
59266;33121;JJ175;312;FOLIO vide ou non reconnu dans Acts CSV
59267;33122;JJ175;313;FOLIO vide ou non reconnu dans Acts CSV
59268;33122;JJ175;313;FOLIO vide ou non reconnu dans Acts CSV
59269;33122;JJ175;313;FOLIO vide ou non reconnu dans Acts CSV
59270;33123;JJ175;314;FOLIO vide ou non reconnu dans Acts CSV
59271;33124;JJ175;315;FOLIO vide ou non reconnu dans Acts CSV
59272;33124;JJ175;315;FOLIO vide ou non reconnu dans Acts CSV
59273;33125;JJ175;316;FOLIO vide ou non reconnu dans Acts CSV
59274;33125;JJ175;316;FOLIO vide ou non reconnu dans Acts CSV
59275;33126;JJ175;317;FOLIO vide ou non reconnu dans Acts CSV
59276;33126;JJ175;317;FOLIO vide ou non reconnu dans Acts CSV
59277;33127;JJ175;318;FOLIO vide ou non reconnu dans Acts CSV
59278;33128;JJ175;319;FOLIO vide ou non reconnu dans Acts CSV
59279;33129;JJ175;320;FOLIO vide ou non reconnu dans Acts CSV
59280;33129;JJ175;320;FOLIO vide ou non reconnu dans Acts CSV
59281;33130;JJ175;321;FOLIO vide ou non reconnu dans Acts CSV
59282;33130;JJ175;321;FOLIO vide ou non reconnu dans Acts CSV
59283;33130;JJ175;321;FOLIO vide ou non reconnu dans Acts CSV
59284;33131;JJ175;322;FOLIO vide ou non reconnu dans Acts CSV
59285;33132;JJ175;323;FOLIO vide ou non reconnu dans Acts CSV
59286;33132;JJ175;323;FOLIO vide ou non reconnu dans Acts CSV
59287;33132;JJ175;323;FOLIO vide ou non reconnu dans Acts CSV
59288;33132;JJ175;323;FOLIO vide ou non reconnu dans Acts CSV
59289;33132;JJ175;323;FOLIO vide ou non reconnu dans Acts CSV
59290;33132;JJ175;323;FOLIO vide ou non reconnu dans Acts CSV
59291;33133;JJ175;324;FOLIO vide ou non reconnu dans Acts CSV
59292;33134;JJ175;325;FOLIO vide ou non reconnu dans Acts CSV
59293;33135;JJ175;326;FOLIO vide ou non reconnu dans Acts CSV
59294;33135;JJ175;326;FOLIO vide ou non reconnu dans Acts CSV
59295;33136;JJ175;327;FOLIO vide ou non reconnu dans Acts CSV
59296;33136;JJ175;327;FOLIO vide ou non reconnu dans Acts CSV
59297;33136,11;JJ175;328;
59298;33136,12;JJ175;329;FOLIO vide ou non reconnu dans Acts CSV
59299;33136,13;JJ175;330;FOLIO vide ou non reconnu dans Acts CSV
59300;33136,13;JJ175;330;FOLIO vide ou non reconnu dans Acts CSV
59301;33136,14;JJ175;331;FOLIO vide ou non reconnu dans Acts CSV
59302;33136,14;JJ175;331;FOLIO vide ou non reconnu dans Acts CSV
59303;33136,15;JJ175;332;FOLIO vide ou non reconnu dans Acts CSV
59304;33136,15;JJ175;332;FOLIO vide ou non reconnu dans Acts CSV
59305;33136,16;JJ175;333;FOLIO vide ou non reconnu dans Acts CSV
59306;33136,16;JJ175;333;FOLIO vide ou non reconnu dans Acts CSV
59307;33136,17;JJ175;334;FOLIO vide ou non reconnu dans Acts CSV
59308;33136,18;JJ175;335;FOLIO vide ou non reconnu dans Acts CSV
59309;33136,19;JJ175;336;FOLIO vide ou non reconnu dans Acts CSV
59310;33136,19;JJ175;336;FOLIO vide ou non reconnu dans Acts CSV
59312;33136,2;JJ175;337;FOLIO vide ou non reconnu dans Acts CSV
59313;33136,2;JJ175;337;FOLIO vide ou non reconnu dans Acts CSV
59314;33136,21;JJ175;338;FOLIO vide ou non reconnu dans Acts CSV
59315;33136,21;JJ175;338;FOLIO vide ou non reconnu dans Acts CSV
59316;33136,22;JJ175;339;FOLIO vide ou non reconnu dans Acts CSV
59317;33136,22;JJ175;339;FOLIO vide ou non reconnu dans Acts CSV
59318;33136,23;JJ175;340;FOLIO vide ou non reconnu dans Acts CSV
59319;33136,24;JJ175;341;FOLIO vide ou non reconnu dans Acts CSV
59320;33136,24;JJ175;341;FOLIO vide ou non reconnu dans Acts CSV
59321;33136,25;JJ175;342;FOLIO vide ou non reconnu dans Acts CSV
59322;33136,25;JJ175;342;FOLIO vide ou non reconnu dans Acts CSV
59323;33136,26;JJ175;343;FOLIO vide ou non reconnu dans Acts CSV
59324;33136,27;JJ175;344;FOLIO vide ou non reconnu dans Acts CSV
59325;33136,27;JJ175;344;FOLIO vide ou non reconnu dans Acts CSV
59326;33136,28;JJ175;345;FOLIO vide ou non reconnu dans Acts CSV
59327;33136,28;JJ175;345;FOLIO vide ou non reconnu dans Acts CSV
59328;33136,29;JJ175;346;FOLIO vide ou non reconnu dans Acts CSV
59329;33136,29;JJ175;346;FOLIO vide ou non reconnu dans Acts CSV
59330;33136,3;JJ175;347;FOLIO vide ou non reconnu dans Acts CSV
59331;33136,3;JJ175;347;FOLIO vide ou non reconnu dans Acts CSV
59332;33136,31;JJ175;348;FOLIO vide ou non reconnu dans Acts CSV
59333;33136,32;JJ175;349;FOLIO vide ou non reconnu dans Acts CSV
59334;33136,33;JJ175;350;FOLIO vide ou non reconnu dans Acts CSV
59335;33136,34;JJ175;351;FOLIO vide ou non reconnu dans Acts CSV
59336;33136,34;JJ175;351;FOLIO vide ou non reconnu dans Acts CSV
59337;33136,35;JJ175;352;FOLIO vide ou non reconnu dans Acts CSV
59338;33136,36;JJ175;353;FOLIO vide ou non reconnu dans Acts CSV
59339;33136,36;JJ175;353;FOLIO vide ou non reconnu dans Acts CSV
59340;33136,37;JJ175;354;FOLIO vide ou non reconnu dans Acts CSV
59341;33136,37;JJ175;354;FOLIO vide ou non reconnu dans Acts CSV
59342;33136,38;JJ175;355;FOLIO vide ou non reconnu dans Acts CSV
59343;33136,39;JJ175;356;FOLIO vide ou non reconnu dans Acts CSV
59344;33136,4;JJ175;357;FOLIO vide ou non reconnu dans Acts CSV
59345;33136,41;JJ175;358;FOLIO vide ou non reconnu dans Acts CSV
59346;33136,42;JJ175;359;FOLIO vide ou non reconnu dans Acts CSV
59347;33136,42;JJ175;359;FOLIO vide ou non reconnu dans Acts CSV
59348;33136,43;JJ175;360;FOLIO vide ou non reconnu dans Acts CSV
59349;33136,44;JJ175;361;FOLIO vide ou non reconnu dans Acts CSV
59350;33136,45;JJ175;362;FOLIO vide ou non reconnu dans Acts CSV
59351;33136,45;JJ175;362;FOLIO vide ou non reconnu dans Acts CSV
59352;33136,46;JJ175;363;FOLIO vide ou non reconnu dans Acts CSV
59353;33136,46;JJ175;363;FOLIO vide ou non reconnu dans Acts CSV
59354;33136,47;JJ175;364;FOLIO vide ou non reconnu dans Acts CSV
59355;33136,47;JJ175;364;FOLIO vide ou non reconnu dans Acts CSV
59356;33136,48;JJ175;365;FOLIO vide ou non reconnu dans Acts CSV
59357;33136,48;JJ175;365;FOLIO vide ou non reconnu dans Acts CSV
59358;33136,49;JJ175;366;FOLIO vide ou non reconnu dans Acts CSV
59359;33136,49;JJ175;366;FOLIO vide ou non reconnu dans Acts CSV
59360;33136,5;JJ175;367;FOLIO vide ou non reconnu dans Acts CSV
59361;33136,5;JJ175;367;FOLIO vide ou non reconnu dans Acts CSV
59362;33136,51;JJ175;368;FOLIO vide ou non reconnu dans Acts CSV
59363;33136,52;JJ175;369;FOLIO vide ou non reconnu dans Acts CSV
59364;33136,52;JJ175;369;FOLIO vide ou non reconnu dans Acts CSV
59365;33136,521;JJ175;369bis;FOLIO vide ou non reconnu dans Acts CSV
59366;33136,521;JJ175;369bis;FOLIO vide ou non reconnu dans Acts CSV
59367;33136,53;JJ175;370;FOLIO vide ou non reconnu dans Acts CSV
59368;33136,54;JJ175;371;FOLIO vide ou non reconnu dans Acts CSV
59369;33136,54;JJ175;371;FOLIO vide ou non reconnu dans Acts CSV
59370;33136,55;JJ175;372;FOLIO vide ou non reconnu dans Acts CSV
59371;33136,55;JJ175;372;FOLIO vide ou non reconnu dans Acts CSV
59372;33136,56;JJ175;373;FOLIO vide ou non reconnu dans Acts CSV
59373;33136,56;JJ175;373;FOLIO vide ou non reconnu dans Acts CSV
59374;33136,57;JJ175;374;FOLIO vide ou non reconnu dans Acts CSV
59375;33136,58;JJ175;375;FOLIO vide ou non reconnu dans Acts CSV
59376;33136,58;JJ175;375;FOLIO vide ou non reconnu dans Acts CSV
59377;33136,59;JJ175;376;FOLIO vide ou non reconnu dans Acts CSV
59378;33136,6;JJ175;377;FOLIO vide ou non reconnu dans Acts CSV
59379;33136,6;JJ175;377;FOLIO vide ou non reconnu dans Acts CSV
59380;33136,61;JJ175;378;
59384;33137;JJ176;1;FOLIO vide ou non reconnu dans Acts CSV
59385;33137;JJ176;1;FOLIO vide ou non reconnu dans Acts CSV
59386;33138;JJ176;2;FOLIO vide ou non reconnu dans Acts CSV
59387;33138;JJ176;2;FOLIO vide ou non reconnu dans Acts CSV
59388;33139;JJ176;3;FOLIO vide ou non reconnu dans Acts CSV
59389;33139;JJ176;3;FOLIO vide ou non reconnu dans Acts CSV
59390;33140;JJ176;4;
59391;33140;JJ176;4;
59392;33141;JJ176;5;FOLIO vide ou non reconnu dans Acts CSV
59393;33141;JJ176;5;FOLIO vide ou non reconnu dans Acts CSV
59394;33141;JJ176;5;FOLIO vide ou non reconnu dans Acts CSV
59395;33142;JJ176;6;FOLIO vide ou non reconnu dans Acts CSV
59396;33142;JJ176;6;FOLIO vide ou non reconnu dans Acts CSV
59397;33143;JJ176;7;FOLIO vide ou non reconnu dans Acts CSV
59398;33144;JJ176;8;FOLIO vide ou non reconnu dans Acts CSV
59399;33144;JJ176;8;FOLIO vide ou non reconnu dans Acts CSV
59400;33145;JJ176;9;FOLIO vide ou non reconnu dans Acts CSV
59401;33145;JJ176;9;FOLIO vide ou non reconnu dans Acts CSV
59402;33146;JJ176;10;FOLIO vide ou non reconnu dans Acts CSV
59403;33146;JJ176;10;FOLIO vide ou non reconnu dans Acts CSV
59404;33147;JJ176;11;
59405;33147;JJ176;11;
59406;33147;JJ176;11;
59407;33148;JJ176;12;
59408;33148;JJ176;12;
59409;33149;JJ176;13;FOLIO vide ou non reconnu dans Acts CSV
59410;33149;JJ176;13;FOLIO vide ou non reconnu dans Acts CSV
59411;33150;JJ176;14;FOLIO vide ou non reconnu dans Acts CSV
59412;33150;JJ176;14;FOLIO vide ou non reconnu dans Acts CSV
59413;33151;JJ176;15;FOLIO vide ou non reconnu dans Acts CSV
59414;33151;JJ176;15;FOLIO vide ou non reconnu dans Acts CSV
59415;33152;JJ176;16;FOLIO vide ou non reconnu dans Acts CSV
59416;33152;JJ176;16;FOLIO vide ou non reconnu dans Acts CSV
59417;33152;JJ176;16;FOLIO vide ou non reconnu dans Acts CSV
59418;33153;JJ176;17;FOLIO vide ou non reconnu dans Acts CSV
59419;33153;JJ176;17;FOLIO vide ou non reconnu dans Acts CSV
59420;33154;JJ176;18;FOLIO vide ou non reconnu dans Acts CSV
59421;33154;JJ176;18;FOLIO vide ou non reconnu dans Acts CSV
59422;33155;JJ176;19;FOLIO vide ou non reconnu dans Acts CSV
59423;33155;JJ176;19;FOLIO vide ou non reconnu dans Acts CSV
59424;33156;JJ176;20;FOLIO vide ou non reconnu dans Acts CSV
59425;33156;JJ176;20;FOLIO vide ou non reconnu dans Acts CSV
59426;33157;JJ176;21;FOLIO vide ou non reconnu dans Acts CSV
59427;33158;JJ176;22;FOLIO vide ou non reconnu dans Acts CSV
59428;33158;JJ176;22;FOLIO vide ou non reconnu dans Acts CSV
59429;33159;JJ176;23;FOLIO vide ou non reconnu dans Acts CSV
59430;33159;JJ176;23;FOLIO vide ou non reconnu dans Acts CSV
59431;33160;JJ176;24;FOLIO vide ou non reconnu dans Acts CSV
59432;33160;JJ176;24;FOLIO vide ou non reconnu dans Acts CSV
59433;33161;JJ176;25;FOLIO vide ou non reconnu dans Acts CSV
59434;33161;JJ176;25;FOLIO vide ou non reconnu dans Acts CSV
59435;33162;JJ176;26;FOLIO vide ou non reconnu dans Acts CSV
59436;33162;JJ176;26;FOLIO vide ou non reconnu dans Acts CSV
59437;33163;JJ176;27;FOLIO vide ou non reconnu dans Acts CSV
59438;33163;JJ176;27;FOLIO vide ou non reconnu dans Acts CSV
59439;33164;JJ176;28;FOLIO vide ou non reconnu dans Acts CSV
59440;33164;JJ176;28;FOLIO vide ou non reconnu dans Acts CSV
59441;33164;JJ176;28;FOLIO vide ou non reconnu dans Acts CSV
59442;33165;JJ176;29;FOLIO vide ou non reconnu dans Acts CSV
59443;33165;JJ176;29;FOLIO vide ou non reconnu dans Acts CSV
59444;33166;JJ176;30;FOLIO vide ou non reconnu dans Acts CSV
59445;33166;JJ176;30;FOLIO vide ou non reconnu dans Acts CSV
59446;33167;JJ176;31;FOLIO vide ou non reconnu dans Acts CSV
59447;33167;JJ176;31;FOLIO vide ou non reconnu dans Acts CSV
59448;33168;JJ176;32;FOLIO vide ou non reconnu dans Acts CSV
59449;33168;JJ176;32;FOLIO vide ou non reconnu dans Acts CSV
59450;33168;JJ176;32;FOLIO vide ou non reconnu dans Acts CSV
59451;33169;JJ176;33;
59452;33169;JJ176;33;
59453;33170;JJ176;34;FOLIO vide ou non reconnu dans Acts CSV
59454;33170;JJ176;34;FOLIO vide ou non reconnu dans Acts CSV
59455;33171;JJ176;35;FOLIO vide ou non reconnu dans Acts CSV
59456;33171;JJ176;35;FOLIO vide ou non reconnu dans Acts CSV
59457;33172;JJ176;36;
59458;33172;JJ176;36;
59459;33172;JJ176;36;
59460;33173;JJ176;37;FOLIO vide ou non reconnu dans Acts CSV
59461;33173;JJ176;37;FOLIO vide ou non reconnu dans Acts CSV
59462;33174;JJ176;38;FOLIO vide ou non reconnu dans Acts CSV
59463;33174;JJ176;38;FOLIO vide ou non reconnu dans Acts CSV
59464;33175;JJ176;39;FOLIO vide ou non reconnu dans Acts CSV
59465;33175;JJ176;39;FOLIO vide ou non reconnu dans Acts CSV
59466;33176;JJ176;40;FOLIO vide ou non reconnu dans Acts CSV
59467;33176;JJ176;40;FOLIO vide ou non reconnu dans Acts CSV
59468;33176;JJ176;40;FOLIO vide ou non reconnu dans Acts CSV
59469;33177;JJ176;41;
59470;33177;JJ176;41;
59471;33177;JJ176;41;
59472;33178;JJ176;42;FOLIO vide ou non reconnu dans Acts CSV
59473;33178;JJ176;42;FOLIO vide ou non reconnu dans Acts CSV
59474;33178,1;JJ176;42bis;FOLIO vide ou non reconnu dans Acts CSV
59475;33179;JJ176;43;FOLIO vide ou non reconnu dans Acts CSV
59476;33180;JJ176;44;FOLIO vide ou non reconnu dans Acts CSV
59477;33180;JJ176;44;FOLIO vide ou non reconnu dans Acts CSV
59478;33181;JJ176;45;FOLIO vide ou non reconnu dans Acts CSV
59479;33182;JJ176;46;FOLIO vide ou non reconnu dans Acts CSV
59480;33183;JJ176;47;
59481;33183;JJ176;47;
59482;33183;JJ176;47;
59483;33183,1;JJ176;48;FOLIO vide ou non reconnu dans Acts CSV
59484;33183,1;JJ176;48;FOLIO vide ou non reconnu dans Acts CSV
59485;33183,1;JJ176;48;FOLIO vide ou non reconnu dans Acts CSV
59486;33184;JJ176;48bis;FOLIO vide ou non reconnu dans Acts CSV
59487;33185;JJ176;49;FOLIO vide ou non reconnu dans Acts CSV
59488;33186;JJ176;50;FOLIO vide ou non reconnu dans Acts CSV
59489;33187;JJ176;51;FOLIO vide ou non reconnu dans Acts CSV
59490;33188;JJ176;52;FOLIO vide ou non reconnu dans Acts CSV
59491;33188;JJ176;52;FOLIO vide ou non reconnu dans Acts CSV
59492;33189;JJ176;53;FOLIO vide ou non reconnu dans Acts CSV
59493;33189;JJ176;53;FOLIO vide ou non reconnu dans Acts CSV
59494;33190;JJ176;54;FOLIO vide ou non reconnu dans Acts CSV
59495;33191;JJ176;55;FOLIO vide ou non reconnu dans Acts CSV
59496;33192;JJ176;56;FOLIO vide ou non reconnu dans Acts CSV
59497;33192;JJ176;56;FOLIO vide ou non reconnu dans Acts CSV
59498;33193;JJ176;57;FOLIO vide ou non reconnu dans Acts CSV
59499;33194;JJ176;58;FOLIO vide ou non reconnu dans Acts CSV
59500;33194;JJ176;58;FOLIO vide ou non reconnu dans Acts CSV
59501;33195;JJ176;59;
59502;33196;JJ176;60;
59503;33196;JJ176;60;
59504;33197;JJ176;61;FOLIO vide ou non reconnu dans Acts CSV
59505;33197;JJ176;61;FOLIO vide ou non reconnu dans Acts CSV
59506;33198;JJ176;62;FOLIO vide ou non reconnu dans Acts CSV
59507;33199;JJ176;63;FOLIO vide ou non reconnu dans Acts CSV
59508;33199;JJ176;63;FOLIO vide ou non reconnu dans Acts CSV
59509;33200;JJ176;64;FOLIO vide ou non reconnu dans Acts CSV
59510;33200;JJ176;64;FOLIO vide ou non reconnu dans Acts CSV
59511;33201;JJ176;65;FOLIO vide ou non reconnu dans Acts CSV
59512;33201;JJ176;65;FOLIO vide ou non reconnu dans Acts CSV
59513;33202;JJ176;66;FOLIO vide ou non reconnu dans Acts CSV
59514;33203;JJ176;67;FOLIO vide ou non reconnu dans Acts CSV
59515;33204;JJ176;68;
59516;33204;JJ176;68;
59517;33205;JJ176;69;FOLIO vide ou non reconnu dans Acts CSV
59518;33206;JJ176;70;FOLIO vide ou non reconnu dans Acts CSV
59519;33207;JJ176;71;
59520;33207;JJ176;71;
59521;33208;JJ176;72;FOLIO vide ou non reconnu dans Acts CSV
59522;33209;JJ176;73;FOLIO vide ou non reconnu dans Acts CSV
59523;33209;JJ176;73;FOLIO vide ou non reconnu dans Acts CSV
59524;33210;JJ176;74;FOLIO vide ou non reconnu dans Acts CSV
59525;33211;JJ176;75;FOLIO vide ou non reconnu dans Acts CSV
59526;33212;JJ176;76;FOLIO vide ou non reconnu dans Acts CSV
59527;33212;JJ176;76;FOLIO vide ou non reconnu dans Acts CSV
59528;33213;JJ176;77;FOLIO vide ou non reconnu dans Acts CSV
59529;33214;JJ176;78;FOLIO vide ou non reconnu dans Acts CSV
59530;33214;JJ176;78;FOLIO vide ou non reconnu dans Acts CSV
59531;33215;JJ176;79;
59532;33215;JJ176;79;
59533;33216;JJ176;80;FOLIO vide ou non reconnu dans Acts CSV
59534;33217;JJ176;81;FOLIO vide ou non reconnu dans Acts CSV
59535;33217;JJ176;81;FOLIO vide ou non reconnu dans Acts CSV
59536;33218;JJ176;82;FOLIO vide ou non reconnu dans Acts CSV
59537;33219;JJ176;83;FOLIO vide ou non reconnu dans Acts CSV
59538;33220;JJ176;84;
59539;33220;JJ176;84;
59540;33221;JJ176;85;FOLIO vide ou non reconnu dans Acts CSV
59541;33221;JJ176;85;FOLIO vide ou non reconnu dans Acts CSV
59542;33222;JJ176;86;FOLIO vide ou non reconnu dans Acts CSV
59543;33222;JJ176;86;FOLIO vide ou non reconnu dans Acts CSV
59544;33223;JJ176;87;FOLIO vide ou non reconnu dans Acts CSV
59545;33223;JJ176;87;FOLIO vide ou non reconnu dans Acts CSV
59546;33224;JJ176;88;FOLIO vide ou non reconnu dans Acts CSV
59547;33224;JJ176;88;FOLIO vide ou non reconnu dans Acts CSV
59548;33225;JJ176;89;FOLIO vide ou non reconnu dans Acts CSV
59549;33225;JJ176;89;FOLIO vide ou non reconnu dans Acts CSV
59550;33226;JJ176;90;FOLIO vide ou non reconnu dans Acts CSV
59551;33226;JJ176;90;FOLIO vide ou non reconnu dans Acts CSV
59552;33227;JJ176;91;FOLIO vide ou non reconnu dans Acts CSV
59553;33228;JJ176;92;FOLIO vide ou non reconnu dans Acts CSV
59554;33229;JJ176;93;FOLIO vide ou non reconnu dans Acts CSV
59555;33230;JJ176;94;FOLIO vide ou non reconnu dans Acts CSV
59556;33230;JJ176;94;FOLIO vide ou non reconnu dans Acts CSV
59557;33231;JJ176;95;FOLIO vide ou non reconnu dans Acts CSV
59558;33232;JJ176;96;FOLIO vide ou non reconnu dans Acts CSV
59559;33232;JJ176;96;FOLIO vide ou non reconnu dans Acts CSV
59560;33233;JJ176;97;FOLIO vide ou non reconnu dans Acts CSV
59561;33233;JJ176;97;FOLIO vide ou non reconnu dans Acts CSV
59562;33234;JJ176;98;FOLIO vide ou non reconnu dans Acts CSV
59563;33234;JJ176;98;FOLIO vide ou non reconnu dans Acts CSV
59564;33234;JJ176;98;FOLIO vide ou non reconnu dans Acts CSV
59565;33235;JJ176;99;FOLIO vide ou non reconnu dans Acts CSV
59566;33235;JJ176;99;FOLIO vide ou non reconnu dans Acts CSV
59567;33236;JJ176;100;FOLIO vide ou non reconnu dans Acts CSV
59568;33236;JJ176;100;FOLIO vide ou non reconnu dans Acts CSV
59569;33237;JJ176;101;FOLIO vide ou non reconnu dans Acts CSV
59570;33237;JJ176;101;FOLIO vide ou non reconnu dans Acts CSV
59571;33238;JJ176;102;FOLIO vide ou non reconnu dans Acts CSV
59572;33238;JJ176;102;FOLIO vide ou non reconnu dans Acts CSV
59573;33239;JJ176;103;FOLIO vide ou non reconnu dans Acts CSV
59574;33239;JJ176;103;FOLIO vide ou non reconnu dans Acts CSV
59575;33240;JJ176;104;FOLIO vide ou non reconnu dans Acts CSV
59576;33240;JJ176;104;FOLIO vide ou non reconnu dans Acts CSV
59577;33241;JJ176;105;FOLIO vide ou non reconnu dans Acts CSV
59578;33241;JJ176;105;FOLIO vide ou non reconnu dans Acts CSV
59579;33242;JJ176;105bis;FOLIO vide ou non reconnu dans Acts CSV
59580;33242;JJ176;105bis;FOLIO vide ou non reconnu dans Acts CSV
59581;33243;JJ176;106;FOLIO vide ou non reconnu dans Acts CSV
59582;33244;JJ176;107;FOLIO vide ou non reconnu dans Acts CSV
59583;33245;JJ176;108;FOLIO vide ou non reconnu dans Acts CSV
59584;33246;JJ176;109;FOLIO vide ou non reconnu dans Acts CSV
59585;33247;JJ176;110;
59586;33248;JJ176;111;FOLIO vide ou non reconnu dans Acts CSV
59587;33249;JJ176;112;FOLIO vide ou non reconnu dans Acts CSV
59588;33249;JJ176;112;FOLIO vide ou non reconnu dans Acts CSV
59589;33250;JJ176;113;FOLIO vide ou non reconnu dans Acts CSV
59590;33250;JJ176;113;FOLIO vide ou non reconnu dans Acts CSV
59591;33251;JJ176;114;FOLIO vide ou non reconnu dans Acts CSV
59592;33251;JJ176;114;FOLIO vide ou non reconnu dans Acts CSV
59593;33252;JJ176;115;FOLIO vide ou non reconnu dans Acts CSV
59594;33252;JJ176;115;FOLIO vide ou non reconnu dans Acts CSV
59595;33253;JJ176;116;FOLIO vide ou non reconnu dans Acts CSV
59596;33253;JJ176;116;FOLIO vide ou non reconnu dans Acts CSV
59597;33254;JJ176;117;FOLIO vide ou non reconnu dans Acts CSV
59598;33254;JJ176;117;FOLIO vide ou non reconnu dans Acts CSV
59599;33255;JJ176;118;FOLIO vide ou non reconnu dans Acts CSV
59600;33255;JJ176;118;FOLIO vide ou non reconnu dans Acts CSV
59601;33256;JJ176;119;FOLIO vide ou non reconnu dans Acts CSV
59602;33256;JJ176;119;FOLIO vide ou non reconnu dans Acts CSV
59603;33257;JJ176;120;FOLIO vide ou non reconnu dans Acts CSV
59604;33257;JJ176;120;FOLIO vide ou non reconnu dans Acts CSV
59605;33258;JJ176;121;FOLIO vide ou non reconnu dans Acts CSV
59606;33258;JJ176;121;FOLIO vide ou non reconnu dans Acts CSV
59607;33259;JJ176;122;FOLIO vide ou non reconnu dans Acts CSV
59608;33259;JJ176;122;FOLIO vide ou non reconnu dans Acts CSV
59609;33260;JJ176;123;FOLIO vide ou non reconnu dans Acts CSV
59610;33260;JJ176;123;FOLIO vide ou non reconnu dans Acts CSV
59611;33261;JJ176;124;FOLIO vide ou non reconnu dans Acts CSV
59612;33261;JJ176;124;FOLIO vide ou non reconnu dans Acts CSV
59613;33261,1;JJ176;124bis;FOLIO vide ou non reconnu dans Acts CSV
59614;33262;JJ176;125;FOLIO vide ou non reconnu dans Acts CSV
59615;33262;JJ176;125;FOLIO vide ou non reconnu dans Acts CSV
59616;33263;JJ176;126;FOLIO vide ou non reconnu dans Acts CSV
59617;33263;JJ176;126;FOLIO vide ou non reconnu dans Acts CSV
59618;33264;JJ176;127;
59619;33264;JJ176;127;
59620;33264;JJ176;127;
59621;33265;JJ176;128;FOLIO vide ou non reconnu dans Acts CSV
59622;33265;JJ176;128;FOLIO vide ou non reconnu dans Acts CSV
59623;33266;JJ176;129;
59624;33266;JJ176;129;
59625;33267;JJ176;130;FOLIO vide ou non reconnu dans Acts CSV
59626;33268;JJ176;131;FOLIO vide ou non reconnu dans Acts CSV
59627;33269;JJ176;132;FOLIO vide ou non reconnu dans Acts CSV
59628;33269;JJ176;132;FOLIO vide ou non reconnu dans Acts CSV
59629;33270;JJ176;133;FOLIO vide ou non reconnu dans Acts CSV
59630;33270;JJ176;133;FOLIO vide ou non reconnu dans Acts CSV
59631;33271;JJ176;134;FOLIO vide ou non reconnu dans Acts CSV
59632;33271;JJ176;134;FOLIO vide ou non reconnu dans Acts CSV
59633;33272;JJ176;135;FOLIO vide ou non reconnu dans Acts CSV
59634;33272;JJ176;135;FOLIO vide ou non reconnu dans Acts CSV
59635;33273;JJ176;136;FOLIO vide ou non reconnu dans Acts CSV
59636;33273;JJ176;136;FOLIO vide ou non reconnu dans Acts CSV
59637;33274;JJ176;137;FOLIO vide ou non reconnu dans Acts CSV
59638;33274;JJ176;137;FOLIO vide ou non reconnu dans Acts CSV
59639;33275;JJ176;138;FOLIO vide ou non reconnu dans Acts CSV
59640;33276;JJ176;139;FOLIO vide ou non reconnu dans Acts CSV
59641;33276;JJ176;139;FOLIO vide ou non reconnu dans Acts CSV
59642;33277;JJ176;140;FOLIO vide ou non reconnu dans Acts CSV
59643;33277;JJ176;140;FOLIO vide ou non reconnu dans Acts CSV
59644;33278;JJ176;141;
59645;33278;JJ176;141;
59646;33278;JJ176;141;
59647;33279;JJ176;142;
59648;33279;JJ176;142;
59649;33280;JJ176;143;FOLIO vide ou non reconnu dans Acts CSV
59650;33280;JJ176;143;FOLIO vide ou non reconnu dans Acts CSV
59651;33281;JJ176;144;
59652;33282;JJ176;145;FOLIO vide ou non reconnu dans Acts CSV
59653;33282;JJ176;145;FOLIO vide ou non reconnu dans Acts CSV
59654;33283;JJ176;146;FOLIO vide ou non reconnu dans Acts CSV
59655;33283;JJ176;146;FOLIO vide ou non reconnu dans Acts CSV
59656;33284;JJ176;147;FOLIO vide ou non reconnu dans Acts CSV
59657;33284;JJ176;147;FOLIO vide ou non reconnu dans Acts CSV
59658;33285;JJ176;148;FOLIO vide ou non reconnu dans Acts CSV
59659;33285;JJ176;148;FOLIO vide ou non reconnu dans Acts CSV
59660;33286;JJ176;149;FOLIO vide ou non reconnu dans Acts CSV
59661;33287;JJ176;150;FOLIO vide ou non reconnu dans Acts CSV
59662;33288;JJ176;151;FOLIO vide ou non reconnu dans Acts CSV
59663;33288;JJ176;151;FOLIO vide ou non reconnu dans Acts CSV
59664;33288;JJ176;151;FOLIO vide ou non reconnu dans Acts CSV
59665;33288;JJ176;151;FOLIO vide ou non reconnu dans Acts CSV
59666;33288;JJ176;151;FOLIO vide ou non reconnu dans Acts CSV
59667;33288;JJ176;151;FOLIO vide ou non reconnu dans Acts CSV
59668;33288;JJ176;151;FOLIO vide ou non reconnu dans Acts CSV
59669;33288;JJ176;151;FOLIO vide ou non reconnu dans Acts CSV
59670;33288;JJ176;151;FOLIO vide ou non reconnu dans Acts CSV
59671;33288;JJ176;151;FOLIO vide ou non reconnu dans Acts CSV
59672;33288;JJ176;151;FOLIO vide ou non reconnu dans Acts CSV
59673;33289;JJ176;152;FOLIO vide ou non reconnu dans Acts CSV
59674;33289;JJ176;152;FOLIO vide ou non reconnu dans Acts CSV
59675;33290;JJ176;153;
59676;33290;JJ176;153;
59677;33290;JJ176;153;
59678;33290;JJ176;153;
59679;33291;JJ176;154;FOLIO vide ou non reconnu dans Acts CSV
59680;33291;JJ176;154;FOLIO vide ou non reconnu dans Acts CSV
59681;33291;JJ176;154;FOLIO vide ou non reconnu dans Acts CSV
59682;33292;JJ176;155;
59683;33292;JJ176;155;
59684;33292;JJ176;155;
59685;33292;JJ176;155;
59686;33292;JJ176;155;
59687;33293;JJ176;156;
59688;33293;JJ176;156;
59689;33294;JJ176;157;
59690;33294;JJ176;157;
59691;33294;JJ176;157;
59692;33295;JJ176;158;
59693;33295;JJ176;158;
59694;33296;JJ176;159;
59695;33296;JJ176;159;
59696;33297;JJ176;160;
59697;33297;JJ176;160;
59698;33297;JJ176;160;
59699;33298;JJ176;161;
59700;33298;JJ176;161;
59701;33299;JJ176;162;
59702;33299;JJ176;162;
59703;33300;JJ176;163;
59704;33301;JJ176;164;
59705;33302;JJ176;165;FOLIO vide ou non reconnu dans Acts CSV
59706;33303;JJ176;166;
59707;33303;JJ176;166;
59708;33304;JJ176;167;FOLIO vide ou non reconnu dans Acts CSV
59709;33304;JJ176;167;FOLIO vide ou non reconnu dans Acts CSV
59710;33305;JJ176;168;FOLIO vide ou non reconnu dans Acts CSV
59711;33305;JJ176;168;FOLIO vide ou non reconnu dans Acts CSV
59712;33306;JJ176;169;
59713;33306;JJ176;169;
59714;33306;JJ176;169;
59715;33306;JJ176;169;
59716;33307;JJ176;170;FOLIO vide ou non reconnu dans Acts CSV
59717;33307;JJ176;170;FOLIO vide ou non reconnu dans Acts CSV
59718;33308;JJ176;171;
59719;33308;JJ176;171;
59720;33309;JJ176;172;
59721;33309;JJ176;172;
59722;33309;JJ176;172;
59723;33310;JJ176;173;FOLIO vide ou non reconnu dans Acts CSV
59724;33310;JJ176;173;FOLIO vide ou non reconnu dans Acts CSV
59725;33310;JJ176;173;FOLIO vide ou non reconnu dans Acts CSV
59726;33311;JJ176;174;FOLIO vide ou non reconnu dans Acts CSV
59727;33311;JJ176;174;FOLIO vide ou non reconnu dans Acts CSV
59728;33312;JJ176;175;
59729;33312;JJ176;175;
59730;33313;JJ176;176;
59731;33313;JJ176;176;
59732;33313;JJ176;176;
59733;33314;JJ176;177;
59734;33314;JJ176;177;
59735;33315;JJ176;178;
59736;33315;JJ176;178;
59737;33315;JJ176;178;
59738;33316;JJ176;179;
59739;33316;JJ176;179;
59740;33317;JJ176;180;FOLIO vide ou non reconnu dans Acts CSV
59741;33317;JJ176;180;FOLIO vide ou non reconnu dans Acts CSV
59742;33318;JJ176;181;
59743;33319;JJ176;182;
59744;33319;JJ176;182;
59745;33319;JJ176;182;
59746;33319;JJ176;182;
59747;33319;JJ176;182;
59748;33319;JJ176;182;
59749;33320;JJ176;183;FOLIO vide ou non reconnu dans Acts CSV
59750;33320;JJ176;183;FOLIO vide ou non reconnu dans Acts CSV
59751;33321;JJ176;184;FOLIO vide ou non reconnu dans Acts CSV
59752;33321;JJ176;184;FOLIO vide ou non reconnu dans Acts CSV
59753;33321;JJ176;184;FOLIO vide ou non reconnu dans Acts CSV
59754;33321;JJ176;184;FOLIO vide ou non reconnu dans Acts CSV
59755;33322;JJ176;185;
59756;33322;JJ176;185;
59757;33323;JJ176;186;FOLIO vide ou non reconnu dans Acts CSV
59758;33323;JJ176;186;FOLIO vide ou non reconnu dans Acts CSV
59759;33323;JJ176;186;FOLIO vide ou non reconnu dans Acts CSV
59760;33324;JJ176;187;
59761;33325;JJ176;188;FOLIO vide ou non reconnu dans Acts CSV
59762;33325;JJ176;188;FOLIO vide ou non reconnu dans Acts CSV
59763;33326;JJ176;189;
59764;33326;JJ176;189;
59765;33327;JJ176;190;
59766;33327;JJ176;190;
59767;33328;JJ176;191;
59768;33328;JJ176;191;
59769;33329;JJ176;192;
59770;33330;JJ176;193;
59771;33331;JJ176;194;
59772;33332;JJ176;195;
59773;33332;JJ176;195;
59774;33333;JJ176;196;
59775;33333;JJ176;196;
59776;33334;JJ176;197;FOLIO vide ou non reconnu dans Acts CSV
59777;33334;JJ176;197;FOLIO vide ou non reconnu dans Acts CSV
59778;33335;JJ176;198;FOLIO vide ou non reconnu dans Acts CSV
59779;33335;JJ176;198;FOLIO vide ou non reconnu dans Acts CSV
59780;33336;JJ176;199;FOLIO vide ou non reconnu dans Acts CSV
59781;33336;JJ176;199;FOLIO vide ou non reconnu dans Acts CSV
59782;33337;JJ176;200;FOLIO vide ou non reconnu dans Acts CSV
59783;33337;JJ176;200;FOLIO vide ou non reconnu dans Acts CSV
59784;33338;JJ176;201;FOLIO vide ou non reconnu dans Acts CSV
59785;33339;JJ176;202;
59786;33339;JJ176;202;
59787;33339;JJ176;202;
59788;33339;JJ176;202;
59789;33340;JJ176;203;FOLIO vide ou non reconnu dans Acts CSV
59790;33340;JJ176;203;FOLIO vide ou non reconnu dans Acts CSV
59791;33341;JJ176;204;FOLIO vide ou non reconnu dans Acts CSV
59792;33341;JJ176;204;FOLIO vide ou non reconnu dans Acts CSV
59793;33341;JJ176;204;FOLIO vide ou non reconnu dans Acts CSV
59794;33342;JJ176;205;
59795;33342;JJ176;205;
59796;33342;JJ176;205;
59797;33342;JJ176;205;
59798;33342;JJ176;205;
59799;33342;JJ176;205;
59800;33342;JJ176;205;
59801;33342;JJ176;205;
59802;33342;JJ176;205;
59803;33342;JJ176;205;
59804;33342;JJ176;205;
59805;33342;JJ176;205;
59806;33342;JJ176;205;
59807;33342;JJ176;205;
59808;33342;JJ176;205;
59809;33343;JJ176;206;FOLIO vide ou non reconnu dans Acts CSV
59810;33343;JJ176;206;FOLIO vide ou non reconnu dans Acts CSV
59811;33343;JJ176;206;FOLIO vide ou non reconnu dans Acts CSV
59812;33343;JJ176;206;FOLIO vide ou non reconnu dans Acts CSV
59813;33344;JJ176;207;
59814;33344;JJ176;207;
59815;33345;JJ176;208;FOLIO vide ou non reconnu dans Acts CSV
59816;33345;JJ176;208;FOLIO vide ou non reconnu dans Acts CSV
59817;33346;JJ176;209;
59818;33346;JJ176;209;
59819;33346;JJ176;209;
59820;33346;JJ176;209;
59821;33347;JJ176;210;
59822;33347;JJ176;210;
59823;33347;JJ176;210;
59824;33347;JJ176;210;
59825;33348;JJ176;211;
59826;33348;JJ176;211;
59827;33348;JJ176;211;
59828;33349;JJ176;212;
59829;33349;JJ176;212;
59830;33349;JJ176;212;
59831;33350;JJ176;213;
59832;33350;JJ176;213;
59833;33350;JJ176;213;
59834;33350;JJ176;213;
59835;33350;JJ176;213;
59836;33351;JJ176;214;FOLIO vide ou non reconnu dans Acts CSV
59837;33351;JJ176;214;FOLIO vide ou non reconnu dans Acts CSV
59838;33351;JJ176;214;FOLIO vide ou non reconnu dans Acts CSV
59839;33352;JJ176;215;FOLIO vide ou non reconnu dans Acts CSV
59840;33352;JJ176;215;FOLIO vide ou non reconnu dans Acts CSV
59841;33353;JJ176;216;FOLIO vide ou non reconnu dans Acts CSV
59842;33353;JJ176;216;FOLIO vide ou non reconnu dans Acts CSV
59843;33353;JJ176;216;FOLIO vide ou non reconnu dans Acts CSV
59844;33354;JJ176;217;
59845;33354;JJ176;217;
59846;33354;JJ176;217;
59847;33354;JJ176;217;
59848;33354;JJ176;217;
59849;33354;JJ176;217;
59850;33355;JJ176;218;FOLIO vide ou non reconnu dans Acts CSV
59851;33355;JJ176;218;FOLIO vide ou non reconnu dans Acts CSV
59852;33356;JJ176;219;
59853;33356;JJ176;219;
59854;33356;JJ176;219;
59855;33357;JJ176;220;
59856;33357;JJ176;220;
59857;33358;JJ176;221;FOLIO vide ou non reconnu dans Acts CSV
59858;33358;JJ176;221;FOLIO vide ou non reconnu dans Acts CSV
59859;33358;JJ176;221;FOLIO vide ou non reconnu dans Acts CSV
59860;33359;JJ176;222;FOLIO vide ou non reconnu dans Acts CSV
59861;33359;JJ176;222;FOLIO vide ou non reconnu dans Acts CSV
59862;33359;JJ176;222;FOLIO vide ou non reconnu dans Acts CSV
59863;33360;JJ176;223;FOLIO vide ou non reconnu dans Acts CSV
59864;33360;JJ176;223;FOLIO vide ou non reconnu dans Acts CSV
59865;33360,1;JJ176;223bis;FOLIO vide ou non reconnu dans Acts CSV
59866;33360,1;JJ176;223bis;FOLIO vide ou non reconnu dans Acts CSV
59867;33361;JJ176;224;FOLIO vide ou non reconnu dans Acts CSV
59868;33361;JJ176;224;FOLIO vide ou non reconnu dans Acts CSV
59869;33362;JJ176;225;FOLIO vide ou non reconnu dans Acts CSV
59870;33362;JJ176;225;FOLIO vide ou non reconnu dans Acts CSV
59871;33362;JJ176;225;FOLIO vide ou non reconnu dans Acts CSV
59872;33363;JJ176;226;FOLIO vide ou non reconnu dans Acts CSV
59873;33363;JJ176;226;FOLIO vide ou non reconnu dans Acts CSV
59874;33364;JJ176;227;FOLIO vide ou non reconnu dans Acts CSV
59875;33364;JJ176;227;FOLIO vide ou non reconnu dans Acts CSV
59876;33365;JJ176;228;FOLIO vide ou non reconnu dans Acts CSV
59877;33365;JJ176;228;FOLIO vide ou non reconnu dans Acts CSV
59878;33366;JJ176;229;FOLIO vide ou non reconnu dans Acts CSV
59879;33366;JJ176;229;FOLIO vide ou non reconnu dans Acts CSV
59880;33366;JJ176;229;FOLIO vide ou non reconnu dans Acts CSV
59881;33367;JJ176;230;
59882;33367;JJ176;230;
59883;33367;JJ176;230;
59884;33368;JJ176;231;
59885;33368;JJ176;231;
59886;33369;JJ176;232;
59887;33369;JJ176;232;
59888;33369;JJ176;232;
59889;33369;JJ176;232;
59890;33370;JJ176;233;FOLIO vide ou non reconnu dans Acts CSV
59891;33370;JJ176;233;FOLIO vide ou non reconnu dans Acts CSV
59892;33370;JJ176;233;FOLIO vide ou non reconnu dans Acts CSV
59893;33371;JJ176;234;FOLIO vide ou non reconnu dans Acts CSV
59894;33371;JJ176;234;FOLIO vide ou non reconnu dans Acts CSV
59895;33371;JJ176;234;FOLIO vide ou non reconnu dans Acts CSV
59896;33372;JJ176;235;FOLIO vide ou non reconnu dans Acts CSV
59897;33372;JJ176;235;FOLIO vide ou non reconnu dans Acts CSV
59898;33373;JJ176;236;FOLIO vide ou non reconnu dans Acts CSV
59899;33373;JJ176;236;FOLIO vide ou non reconnu dans Acts CSV
59900;33373;JJ176;236;FOLIO vide ou non reconnu dans Acts CSV
59901;33374;JJ176;237;FOLIO vide ou non reconnu dans Acts CSV
59902;33374;JJ176;237;FOLIO vide ou non reconnu dans Acts CSV
59903;33374;JJ176;237;FOLIO vide ou non reconnu dans Acts CSV
59904;33374;JJ176;237;FOLIO vide ou non reconnu dans Acts CSV
59905;33375;JJ176;238;FOLIO vide ou non reconnu dans Acts CSV
59906;33375;JJ176;238;FOLIO vide ou non reconnu dans Acts CSV
59907;33375;JJ176;238;FOLIO vide ou non reconnu dans Acts CSV
59908;33376;JJ176;239;FOLIO vide ou non reconnu dans Acts CSV
59909;33376;JJ176;239;FOLIO vide ou non reconnu dans Acts CSV
59910;33377;JJ176;240;FOLIO vide ou non reconnu dans Acts CSV
59911;33377;JJ176;240;FOLIO vide ou non reconnu dans Acts CSV
59912;33378;JJ176;241;FOLIO vide ou non reconnu dans Acts CSV
59913;33378;JJ176;241;FOLIO vide ou non reconnu dans Acts CSV
59914;33378;JJ176;241;FOLIO vide ou non reconnu dans Acts CSV
59915;33379;JJ176;242;
59916;33379;JJ176;242;
59917;33380;JJ176;243;FOLIO vide ou non reconnu dans Acts CSV
59918;33380;JJ176;243;FOLIO vide ou non reconnu dans Acts CSV
59919;33381;JJ176;244;FOLIO vide ou non reconnu dans Acts CSV
59920;33381;JJ176;244;FOLIO vide ou non reconnu dans Acts CSV
59921;33381;JJ176;244;FOLIO vide ou non reconnu dans Acts CSV
59922;33382;JJ176;245;FOLIO vide ou non reconnu dans Acts CSV
59923;33382;JJ176;245;FOLIO vide ou non reconnu dans Acts CSV
59924;33382;JJ176;245;FOLIO vide ou non reconnu dans Acts CSV
59925;33383;JJ176;246;FOLIO vide ou non reconnu dans Acts CSV
59926;33383;JJ176;246;FOLIO vide ou non reconnu dans Acts CSV
59927;33384;JJ176;247;FOLIO vide ou non reconnu dans Acts CSV
59928;33384;JJ176;247;FOLIO vide ou non reconnu dans Acts CSV
59929;33384;JJ176;247;FOLIO vide ou non reconnu dans Acts CSV
59930;33385;JJ176;248;FOLIO vide ou non reconnu dans Acts CSV
59931;33385;JJ176;248;FOLIO vide ou non reconnu dans Acts CSV
59932;33386;JJ176;249;FOLIO vide ou non reconnu dans Acts CSV
59933;33386;JJ176;249;FOLIO vide ou non reconnu dans Acts CSV
59934;33387;JJ176;250;FOLIO vide ou non reconnu dans Acts CSV
59935;33387;JJ176;250;FOLIO vide ou non reconnu dans Acts CSV
59936;33387;JJ176;250;FOLIO vide ou non reconnu dans Acts CSV
59937;33388;JJ176;251;FOLIO vide ou non reconnu dans Acts CSV
59938;33388;JJ176;251;FOLIO vide ou non reconnu dans Acts CSV
59939;33389;JJ176;252;FOLIO vide ou non reconnu dans Acts CSV
59940;33390;JJ176;253;FOLIO vide ou non reconnu dans Acts CSV
59941;33390;JJ176;253;FOLIO vide ou non reconnu dans Acts CSV
59942;33391;JJ176;254;FOLIO vide ou non reconnu dans Acts CSV
59943;33391;JJ176;254;FOLIO vide ou non reconnu dans Acts CSV
59944;33392;JJ176;255;FOLIO vide ou non reconnu dans Acts CSV
59945;33392;JJ176;255;FOLIO vide ou non reconnu dans Acts CSV
59946;33393;JJ176;256;FOLIO vide ou non reconnu dans Acts CSV
59947;33393;JJ176;256;FOLIO vide ou non reconnu dans Acts CSV
59948;33394;JJ176;257;FOLIO vide ou non reconnu dans Acts CSV
59949;33394;JJ176;257;FOLIO vide ou non reconnu dans Acts CSV
59950;33395;JJ176;258;FOLIO vide ou non reconnu dans Acts CSV
59951;33395;JJ176;258;FOLIO vide ou non reconnu dans Acts CSV
59952;33396;JJ176;259;FOLIO vide ou non reconnu dans Acts CSV
59953;33396;JJ176;259;FOLIO vide ou non reconnu dans Acts CSV
59954;33397;JJ176;260;
59955;33397;JJ176;260;
59956;33398;JJ176;261;
59957;33398;JJ176;261;
59958;33399;JJ176;262;FOLIO vide ou non reconnu dans Acts CSV
59959;33399;JJ176;262;FOLIO vide ou non reconnu dans Acts CSV
59960;33400;JJ176;263;FOLIO vide ou non reconnu dans Acts CSV
59961;33401;JJ176;264;FOLIO vide ou non reconnu dans Acts CSV
59962;33401;JJ176;264;FOLIO vide ou non reconnu dans Acts CSV
59963;33402;JJ176;265;FOLIO vide ou non reconnu dans Acts CSV
59964;33402;JJ176;265;FOLIO vide ou non reconnu dans Acts CSV
59965;33403;JJ176;266;FOLIO vide ou non reconnu dans Acts CSV
59966;33403;JJ176;266;FOLIO vide ou non reconnu dans Acts CSV
59967;33404;JJ176;267;FOLIO vide ou non reconnu dans Acts CSV
59968;33404;JJ176;267;FOLIO vide ou non reconnu dans Acts CSV
59969;33405;JJ176;268;FOLIO vide ou non reconnu dans Acts CSV
59970;33406;JJ176;269;FOLIO vide ou non reconnu dans Acts CSV
59971;33406;JJ176;269;FOLIO vide ou non reconnu dans Acts CSV
59972;33407;JJ176;270;FOLIO vide ou non reconnu dans Acts CSV
59973;33407;JJ176;270;FOLIO vide ou non reconnu dans Acts CSV
59974;33408;JJ176;271;FOLIO vide ou non reconnu dans Acts CSV
59975;33408;JJ176;271;FOLIO vide ou non reconnu dans Acts CSV
59976;33409;JJ176;272;FOLIO vide ou non reconnu dans Acts CSV
59977;33409;JJ176;272;FOLIO vide ou non reconnu dans Acts CSV
59978;33410;JJ176;273;FOLIO vide ou non reconnu dans Acts CSV
59979;33410;JJ176;273;FOLIO vide ou non reconnu dans Acts CSV
59980;33411;JJ176;274;FOLIO vide ou non reconnu dans Acts CSV
59981;33411;JJ176;274;FOLIO vide ou non reconnu dans Acts CSV
59982;33411;JJ176;274;FOLIO vide ou non reconnu dans Acts CSV
59983;33412;JJ176;275;FOLIO vide ou non reconnu dans Acts CSV
59984;33412;JJ176;275;FOLIO vide ou non reconnu dans Acts CSV
59985;33413;JJ176;276;FOLIO vide ou non reconnu dans Acts CSV
59986;33413;JJ176;276;FOLIO vide ou non reconnu dans Acts CSV
59987;33414;JJ176;277;FOLIO vide ou non reconnu dans Acts CSV
59988;33414;JJ176;277;FOLIO vide ou non reconnu dans Acts CSV
59989;33415;JJ176;278;FOLIO vide ou non reconnu dans Acts CSV
59990;33415;JJ176;278;FOLIO vide ou non reconnu dans Acts CSV
59991;33416;JJ176;279;FOLIO vide ou non reconnu dans Acts CSV
59992;33416;JJ176;279;FOLIO vide ou non reconnu dans Acts CSV
59993;33417;JJ176;280;FOLIO vide ou non reconnu dans Acts CSV
59994;33417;JJ176;280;FOLIO vide ou non reconnu dans Acts CSV
59995;33418;JJ176;281;FOLIO vide ou non reconnu dans Acts CSV
59996;33418;JJ176;281;FOLIO vide ou non reconnu dans Acts CSV
59997;33419;JJ176;282;FOLIO vide ou non reconnu dans Acts CSV
59998;33419;JJ176;282;FOLIO vide ou non reconnu dans Acts CSV
59999;33419;JJ176;282;FOLIO vide ou non reconnu dans Acts CSV
60000;33420;JJ176;283;FOLIO vide ou non reconnu dans Acts CSV
60001;33420;JJ176;283;FOLIO vide ou non reconnu dans Acts CSV
60002;33421;JJ176;284;FOLIO vide ou non reconnu dans Acts CSV
60003;33421;JJ176;284;FOLIO vide ou non reconnu dans Acts CSV
60004;33422;JJ176;285;FOLIO vide ou non reconnu dans Acts CSV
60005;33422;JJ176;285;FOLIO vide ou non reconnu dans Acts CSV
60006;33422;JJ176;285;FOLIO vide ou non reconnu dans Acts CSV
60007;33423;JJ176;286;FOLIO vide ou non reconnu dans Acts CSV
60008;33423;JJ176;286;FOLIO vide ou non reconnu dans Acts CSV
60009;33424;JJ176;287;FOLIO vide ou non reconnu dans Acts CSV
60010;33424;JJ176;287;FOLIO vide ou non reconnu dans Acts CSV
60011;33424;JJ176;287;FOLIO vide ou non reconnu dans Acts CSV
60012;33425;JJ176;288;FOLIO vide ou non reconnu dans Acts CSV
60013;33425;JJ176;288;FOLIO vide ou non reconnu dans Acts CSV
60014;33426;JJ176;289;FOLIO vide ou non reconnu dans Acts CSV
60015;33427;JJ176;290;FOLIO vide ou non reconnu dans Acts CSV
60016;33427;JJ176;290;FOLIO vide ou non reconnu dans Acts CSV
60017;33427;JJ176;290;FOLIO vide ou non reconnu dans Acts CSV
60018;33428;JJ176;291;FOLIO vide ou non reconnu dans Acts CSV
60019;33428;JJ176;291;FOLIO vide ou non reconnu dans Acts CSV
60020;33429;JJ176;292;FOLIO vide ou non reconnu dans Acts CSV
60021;33429;JJ176;292;FOLIO vide ou non reconnu dans Acts CSV
60022;33430;JJ176;293;FOLIO vide ou non reconnu dans Acts CSV
60023;33430;JJ176;293;FOLIO vide ou non reconnu dans Acts CSV
60024;33431;JJ176;294;FOLIO vide ou non reconnu dans Acts CSV
60025;33431;JJ176;294;FOLIO vide ou non reconnu dans Acts CSV
60026;33432;JJ176;295;FOLIO vide ou non reconnu dans Acts CSV
60027;33432;JJ176;295;FOLIO vide ou non reconnu dans Acts CSV
60028;33433;JJ176;296;FOLIO vide ou non reconnu dans Acts CSV
60029;33433;JJ176;296;FOLIO vide ou non reconnu dans Acts CSV
60030;33434;JJ176;297;FOLIO vide ou non reconnu dans Acts CSV
60031;33434;JJ176;297;FOLIO vide ou non reconnu dans Acts CSV
60032;33434;JJ176;297;FOLIO vide ou non reconnu dans Acts CSV
60033;33435;JJ176;298;FOLIO vide ou non reconnu dans Acts CSV
60034;33435;JJ176;298;FOLIO vide ou non reconnu dans Acts CSV
60035;33436;JJ176;299;FOLIO vide ou non reconnu dans Acts CSV
60036;33436;JJ176;299;FOLIO vide ou non reconnu dans Acts CSV
60037;33437;JJ176;300;FOLIO vide ou non reconnu dans Acts CSV
60038;33437;JJ176;300;FOLIO vide ou non reconnu dans Acts CSV
60039;33437;JJ176;300;FOLIO vide ou non reconnu dans Acts CSV
60040;33438;JJ176;301;FOLIO vide ou non reconnu dans Acts CSV
60041;33438;JJ176;301;FOLIO vide ou non reconnu dans Acts CSV
60042;33439;JJ176;302;FOLIO vide ou non reconnu dans Acts CSV
60043;33439;JJ176;302;FOLIO vide ou non reconnu dans Acts CSV
60044;33440;JJ176;303;FOLIO vide ou non reconnu dans Acts CSV
60045;33440;JJ176;303;FOLIO vide ou non reconnu dans Acts CSV
60046;33441;JJ176;304;FOLIO vide ou non reconnu dans Acts CSV
60047;33442;JJ176;305;FOLIO vide ou non reconnu dans Acts CSV
60048;33442;JJ176;305;FOLIO vide ou non reconnu dans Acts CSV
60049;33443;JJ176;306;FOLIO vide ou non reconnu dans Acts CSV
60050;33443;JJ176;306;FOLIO vide ou non reconnu dans Acts CSV
60051;33444;JJ176;307;FOLIO vide ou non reconnu dans Acts CSV
60052;33444;JJ176;307;FOLIO vide ou non reconnu dans Acts CSV
60053;33445;JJ176;308;FOLIO vide ou non reconnu dans Acts CSV
60054;33445;JJ176;308;FOLIO vide ou non reconnu dans Acts CSV
60055;33446;JJ176;309;FOLIO vide ou non reconnu dans Acts CSV
60056;33447;JJ176;310;FOLIO vide ou non reconnu dans Acts CSV
60057;33448;JJ176;311;FOLIO vide ou non reconnu dans Acts CSV
60058;33448;JJ176;311;FOLIO vide ou non reconnu dans Acts CSV
60059;33449;JJ176;312;FOLIO vide ou non reconnu dans Acts CSV
60060;33449;JJ176;312;FOLIO vide ou non reconnu dans Acts CSV
60061;33450;JJ176;313;FOLIO vide ou non reconnu dans Acts CSV
60062;33451;JJ176;314;FOLIO vide ou non reconnu dans Acts CSV
60063;33452;JJ176;315;FOLIO vide ou non reconnu dans Acts CSV
60064;33452;JJ176;315;FOLIO vide ou non reconnu dans Acts CSV
60065;33453;JJ176;316;FOLIO vide ou non reconnu dans Acts CSV
60066;33454;JJ176;317;FOLIO vide ou non reconnu dans Acts CSV
60067;33454;JJ176;317;FOLIO vide ou non reconnu dans Acts CSV
60068;33455;JJ176;318;FOLIO vide ou non reconnu dans Acts CSV
60069;33455;JJ176;318;FOLIO vide ou non reconnu dans Acts CSV
60070;33456;JJ176;319;FOLIO vide ou non reconnu dans Acts CSV
60071;33456;JJ176;319;FOLIO vide ou non reconnu dans Acts CSV
60072;33457;JJ176;320;FOLIO vide ou non reconnu dans Acts CSV
60073;33457;JJ176;320;FOLIO vide ou non reconnu dans Acts CSV
60074;33458;JJ176;321;FOLIO vide ou non reconnu dans Acts CSV
60075;33458;JJ176;321;FOLIO vide ou non reconnu dans Acts CSV
60076;33459;JJ176;322;FOLIO vide ou non reconnu dans Acts CSV
60077;33460;JJ176;323;FOLIO vide ou non reconnu dans Acts CSV
60078;33460;JJ176;323;FOLIO vide ou non reconnu dans Acts CSV
60079;33461;JJ176;324;FOLIO vide ou non reconnu dans Acts CSV
60080;33461;JJ176;324;FOLIO vide ou non reconnu dans Acts CSV
60081;33462;JJ176;325;FOLIO vide ou non reconnu dans Acts CSV
60082;33462;JJ176;325;FOLIO vide ou non reconnu dans Acts CSV
60083;33463;JJ176;326;FOLIO vide ou non reconnu dans Acts CSV
60084;33463;JJ176;326;FOLIO vide ou non reconnu dans Acts CSV
60085;33464;JJ176;327;FOLIO vide ou non reconnu dans Acts CSV
60086;33464;JJ176;327;FOLIO vide ou non reconnu dans Acts CSV
60087;33465;JJ176;328;FOLIO vide ou non reconnu dans Acts CSV
60088;33466;JJ176;329;FOLIO vide ou non reconnu dans Acts CSV
60089;33466;JJ176;329;FOLIO vide ou non reconnu dans Acts CSV
60090;33467;JJ176;330;FOLIO vide ou non reconnu dans Acts CSV
60091;33467;JJ176;330;FOLIO vide ou non reconnu dans Acts CSV
60092;33468;JJ176;331;FOLIO vide ou non reconnu dans Acts CSV
60093;33469;JJ176;332;FOLIO vide ou non reconnu dans Acts CSV
60094;33469;JJ176;332;FOLIO vide ou non reconnu dans Acts CSV
60095;33470;JJ176;333;FOLIO vide ou non reconnu dans Acts CSV
60096;33471;JJ176;334;FOLIO vide ou non reconnu dans Acts CSV
60097;33472;JJ176;335;FOLIO vide ou non reconnu dans Acts CSV
60098;33473;JJ176;336;FOLIO vide ou non reconnu dans Acts CSV
60099;33474;JJ176;337;FOLIO vide ou non reconnu dans Acts CSV
60100;33475;JJ176;338;FOLIO vide ou non reconnu dans Acts CSV
60101;33475;JJ176;338;FOLIO vide ou non reconnu dans Acts CSV
60102;33476;JJ176;339;FOLIO vide ou non reconnu dans Acts CSV
60103;33476;JJ176;339;FOLIO vide ou non reconnu dans Acts CSV
60104;33477;JJ176;340;
60105;33477,1;JJ176;340bis;FOLIO vide ou non reconnu dans Acts CSV
60106;33478;JJ176;341;FOLIO vide ou non reconnu dans Acts CSV
60107;33479;JJ176;342;FOLIO vide ou non reconnu dans Acts CSV
60108;33479;JJ176;342;FOLIO vide ou non reconnu dans Acts CSV
60109;33479;JJ176;342;FOLIO vide ou non reconnu dans Acts CSV
60110;33480;JJ176;343;FOLIO vide ou non reconnu dans Acts CSV
60111;33481;JJ176;344;FOLIO vide ou non reconnu dans Acts CSV
60112;33482;JJ176;345;FOLIO vide ou non reconnu dans Acts CSV
60113;33483;JJ176;346;FOLIO vide ou non reconnu dans Acts CSV
60114;33483;JJ176;346;FOLIO vide ou non reconnu dans Acts CSV
60115;33484;JJ176;347;FOLIO vide ou non reconnu dans Acts CSV
60116;33484;JJ176;347;FOLIO vide ou non reconnu dans Acts CSV
60117;33485;JJ176;348;FOLIO vide ou non reconnu dans Acts CSV
60118;33485;JJ176;348;FOLIO vide ou non reconnu dans Acts CSV
60119;33486;JJ176;349;FOLIO vide ou non reconnu dans Acts CSV
60120;33486;JJ176;349;FOLIO vide ou non reconnu dans Acts CSV
60121;33487;JJ176;350;FOLIO vide ou non reconnu dans Acts CSV
60122;33487;JJ176;350;FOLIO vide ou non reconnu dans Acts CSV
60123;33488;JJ176;351;FOLIO vide ou non reconnu dans Acts CSV
60124;33488;JJ176;351;FOLIO vide ou non reconnu dans Acts CSV
60125;33489;JJ176;352;FOLIO vide ou non reconnu dans Acts CSV
60126;33490;JJ176;353;FOLIO vide ou non reconnu dans Acts CSV
60127;33491;JJ176;354;FOLIO vide ou non reconnu dans Acts CSV
60128;33492;JJ176;355;FOLIO vide ou non reconnu dans Acts CSV
60129;33493;JJ176;356;
60130;33493;JJ176;356;
60131;33494;JJ176;357;FOLIO vide ou non reconnu dans Acts CSV
60132;33494;JJ176;357;FOLIO vide ou non reconnu dans Acts CSV
60133;33495;JJ176;358;
60134;33496;JJ176;359;FOLIO vide ou non reconnu dans Acts CSV
60135;33497;JJ176;360;FOLIO vide ou non reconnu dans Acts CSV
60136;33497;JJ176;360;FOLIO vide ou non reconnu dans Acts CSV
60137;33498;JJ176;361;FOLIO vide ou non reconnu dans Acts CSV
60138;33499;JJ176;362;FOLIO vide ou non reconnu dans Acts CSV
60139;33500;JJ176;363;FOLIO vide ou non reconnu dans Acts CSV
60140;33501;JJ176;364;FOLIO vide ou non reconnu dans Acts CSV
60141;33501;JJ176;364;FOLIO vide ou non reconnu dans Acts CSV
60142;33502;JJ176;365;FOLIO vide ou non reconnu dans Acts CSV
60143;33502;JJ176;365;FOLIO vide ou non reconnu dans Acts CSV
60144;33503;JJ176;366;
60145;33503;JJ176;366;
60146;33504;JJ176;367;FOLIO vide ou non reconnu dans Acts CSV
60147;33505;JJ176;368;FOLIO vide ou non reconnu dans Acts CSV
60148;33506;JJ176;369;FOLIO vide ou non reconnu dans Acts CSV
60149;33506;JJ176;369;FOLIO vide ou non reconnu dans Acts CSV
60150;33507;JJ176;370;
60151;33508;JJ176;371;FOLIO vide ou non reconnu dans Acts CSV
60152;33509;JJ176;372;
60153;33510;JJ176;373;FOLIO vide ou non reconnu dans Acts CSV
60154;33510;JJ176;373;FOLIO vide ou non reconnu dans Acts CSV
60155;33511;JJ176;374;FOLIO vide ou non reconnu dans Acts CSV
60156;33512;JJ176;375;
60157;33513;JJ176;376;FOLIO vide ou non reconnu dans Acts CSV
60158;33513;JJ176;376;FOLIO vide ou non reconnu dans Acts CSV
60159;33514;JJ176;377;FOLIO vide ou non reconnu dans Acts CSV
60160;33514;JJ176;377;FOLIO vide ou non reconnu dans Acts CSV
60161;33515;JJ176;378;
60162;33516;JJ176;379;
60163;33517;JJ176;380;
60164;33517;JJ176;380;
60165;33518;JJ176;381;
60166;33519;JJ176;382;
60167;33519;JJ176;382;
60168;33520;JJ176;383;FOLIO vide ou non reconnu dans Acts CSV
60169;33520;JJ176;383;FOLIO vide ou non reconnu dans Acts CSV
60170;33521;JJ176;384;FOLIO vide ou non reconnu dans Acts CSV
60171;33521;JJ176;384;FOLIO vide ou non reconnu dans Acts CSV
60172;33522;JJ176;385;
60173;33523;JJ176;386;FOLIO vide ou non reconnu dans Acts CSV
60174;33523;JJ176;386;FOLIO vide ou non reconnu dans Acts CSV
60175;33523;JJ176;386;FOLIO vide ou non reconnu dans Acts CSV
60176;33523;JJ176;386;FOLIO vide ou non reconnu dans Acts CSV
60177;33523;JJ176;386;FOLIO vide ou non reconnu dans Acts CSV
60178;33524;JJ176;387;FOLIO vide ou non reconnu dans Acts CSV
60179;33525;JJ176;388;FOLIO vide ou non reconnu dans Acts CSV
60180;33526;JJ176;389;FOLIO vide ou non reconnu dans Acts CSV
60181;33527;JJ176;390;
60182;33527;JJ176;390;
60183;33528;JJ176;391;FOLIO vide ou non reconnu dans Acts CSV
60184;33529;JJ176;392;
60185;33529;JJ176;392;
60186;33530;JJ176;393;FOLIO vide ou non reconnu dans Acts CSV
60187;33531;JJ176;394;FOLIO vide ou non reconnu dans Acts CSV
60188;33531;JJ176;394;FOLIO vide ou non reconnu dans Acts CSV
60189;33532;JJ176;395;
60190;33533;JJ176;396;
60191;33533;JJ176;396;
60192;33534;JJ176;397;
60193;33535;JJ176;398;FOLIO vide ou non reconnu dans Acts CSV
60194;33535;JJ176;398;FOLIO vide ou non reconnu dans Acts CSV
60195;33536;JJ176;399;FOLIO vide ou non reconnu dans Acts CSV
60196;33536;JJ176;399;FOLIO vide ou non reconnu dans Acts CSV
60197;33537;JJ176;400;
60198;33537;JJ176;400;
60199;33538;JJ176;401;FOLIO vide ou non reconnu dans Acts CSV
60200;33539;JJ176;402;FOLIO vide ou non reconnu dans Acts CSV
60201;33539;JJ176;402;FOLIO vide ou non reconnu dans Acts CSV
60202;33540;JJ176;403;
60203;33541;JJ176;404;FOLIO vide ou non reconnu dans Acts CSV
60204;33541;JJ176;404;FOLIO vide ou non reconnu dans Acts CSV
60205;33542;JJ176;405;FOLIO vide ou non reconnu dans Acts CSV
60206;33543;JJ176;406;FOLIO vide ou non reconnu dans Acts CSV
60207;33544;JJ176;407;FOLIO vide ou non reconnu dans Acts CSV
60208;33545;JJ176;408;FOLIO vide ou non reconnu dans Acts CSV
60209;33546;JJ176;409;
60210;33547;JJ176;410;FOLIO vide ou non reconnu dans Acts CSV
60211;33547;JJ176;410;FOLIO vide ou non reconnu dans Acts CSV
60212;33548;JJ176;411;
60213;33549;JJ176;412;
60214;33549,1;JJ176;412bis;FOLIO vide ou non reconnu dans Acts CSV
60215;33550;JJ176;413;FOLIO vide ou non reconnu dans Acts CSV
60216;33551;JJ176;414;FOLIO vide ou non reconnu dans Acts CSV
60217;33552;JJ176;415;
60218;33552;JJ176;415;
60219;33553;JJ176;416;
60220;33554;JJ176;417;
60221;33555;JJ176;418;
60222;33556;JJ176;419;
60223;33557;JJ176;420;
60224;33557;JJ176;420;
60225;33558;JJ176;421;FOLIO vide ou non reconnu dans Acts CSV
60226;33559;JJ176;422;
60227;33559;JJ176;422;
60228;33560;JJ176;423;
60229;33561;JJ176;424;
60230;33562;JJ176;425;
60231;33563;JJ176;426;FOLIO vide ou non reconnu dans Acts CSV
60232;33563;JJ176;426;FOLIO vide ou non reconnu dans Acts CSV
60233;33564;JJ176;427;FOLIO vide ou non reconnu dans Acts CSV
60234;33564;JJ176;427;FOLIO vide ou non reconnu dans Acts CSV
60235;33564;JJ176;427;FOLIO vide ou non reconnu dans Acts CSV
60236;33565;JJ176;428;FOLIO vide ou non reconnu dans Acts CSV
60237;33565;JJ176;428;FOLIO vide ou non reconnu dans Acts CSV
60238;33566;JJ176;429;FOLIO vide ou non reconnu dans Acts CSV
60239;33566;JJ176;429;FOLIO vide ou non reconnu dans Acts CSV
60240;33566;JJ176;429;FOLIO vide ou non reconnu dans Acts CSV
60241;33567;JJ176;430;FOLIO vide ou non reconnu dans Acts CSV
60242;33567;JJ176;430;FOLIO vide ou non reconnu dans Acts CSV
60243;33568;JJ176;431;FOLIO vide ou non reconnu dans Acts CSV
60244;33569;JJ176;432;FOLIO vide ou non reconnu dans Acts CSV
60245;33570;JJ176;433;
60246;33571;JJ176;434;
60247;33572;JJ176;435;
60248;33572;JJ176;435;
60249;33573;JJ176;436;
60250;33573;JJ176;436;
60251;33574;JJ176;437;
60252;33575;JJ176;438;FOLIO vide ou non reconnu dans Acts CSV
60253;33576;JJ176;439;FOLIO vide ou non reconnu dans Acts CSV
60254;33577;JJ176;440;FOLIO vide ou non reconnu dans Acts CSV
60255;33577;JJ176;440;FOLIO vide ou non reconnu dans Acts CSV
60256;33578;JJ176;441;FOLIO vide ou non reconnu dans Acts CSV
60257;33579;JJ176;442;FOLIO vide ou non reconnu dans Acts CSV
60258;33580;JJ176;443;FOLIO vide ou non reconnu dans Acts CSV
60259;33581;JJ176;444;FOLIO vide ou non reconnu dans Acts CSV
60260;33582;JJ176;445;FOLIO vide ou non reconnu dans Acts CSV
60261;33582;JJ176;445;FOLIO vide ou non reconnu dans Acts CSV
60262;33582;JJ176;445;FOLIO vide ou non reconnu dans Acts CSV
60263;33583;JJ176;446;FOLIO vide ou non reconnu dans Acts CSV
60264;33584;JJ176;447;FOLIO vide ou non reconnu dans Acts CSV
60265;33585;JJ176;448;FOLIO vide ou non reconnu dans Acts CSV
60266;33585;JJ176;448;FOLIO vide ou non reconnu dans Acts CSV
60267;33586;JJ176;449;FOLIO vide ou non reconnu dans Acts CSV
60268;33587;JJ176;450;FOLIO vide ou non reconnu dans Acts CSV
60269;33588;JJ176;451;FOLIO vide ou non reconnu dans Acts CSV
60270;33589;JJ176;452;FOLIO vide ou non reconnu dans Acts CSV
60271;33590;JJ176;453;FOLIO vide ou non reconnu dans Acts CSV
60272;33591;JJ176;454;
60273;33591;JJ176;454;
60274;33592;JJ176;455;FOLIO vide ou non reconnu dans Acts CSV
60275;33593;JJ176;456;FOLIO vide ou non reconnu dans Acts CSV
60276;33594;JJ176;457;FOLIO vide ou non reconnu dans Acts CSV
60277;33595;JJ176;458;FOLIO vide ou non reconnu dans Acts CSV
60278;33595;JJ176;458;FOLIO vide ou non reconnu dans Acts CSV
60279;33596;JJ176;459;FOLIO vide ou non reconnu dans Acts CSV
60280;33597;JJ176;460;FOLIO vide ou non reconnu dans Acts CSV
60281;33597;JJ176;460;FOLIO vide ou non reconnu dans Acts CSV
60282;33598;JJ176;461;FOLIO vide ou non reconnu dans Acts CSV
60283;33598;JJ176;461;FOLIO vide ou non reconnu dans Acts CSV
60284;33599;JJ176;462;FOLIO vide ou non reconnu dans Acts CSV
60285;33599;JJ176;462;FOLIO vide ou non reconnu dans Acts CSV
60286;33600;JJ176;463;FOLIO vide ou non reconnu dans Acts CSV
60287;33601;JJ176;464;FOLIO vide ou non reconnu dans Acts CSV
60288;33602;JJ176;465;FOLIO vide ou non reconnu dans Acts CSV
60289;33603;JJ176;466;FOLIO vide ou non reconnu dans Acts CSV
60290;33604;JJ176;467;FOLIO vide ou non reconnu dans Acts CSV
60291;33605;JJ176;468;FOLIO vide ou non reconnu dans Acts CSV
60292;33606;JJ176;469;FOLIO vide ou non reconnu dans Acts CSV
60293;33606;JJ176;469;FOLIO vide ou non reconnu dans Acts CSV
60294;33607;JJ176;470;FOLIO vide ou non reconnu dans Acts CSV
60295;33608;JJ176;471;FOLIO vide ou non reconnu dans Acts CSV
60296;33609;JJ176;472;FOLIO vide ou non reconnu dans Acts CSV
60297;33609;JJ176;472;FOLIO vide ou non reconnu dans Acts CSV
60298;33610;JJ176;473;FOLIO vide ou non reconnu dans Acts CSV
60299;33610;JJ176;473;FOLIO vide ou non reconnu dans Acts CSV
60300;33611;JJ176;474;FOLIO vide ou non reconnu dans Acts CSV
60301;33612;JJ176;475;FOLIO vide ou non reconnu dans Acts CSV
60302;33613;JJ176;476;FOLIO vide ou non reconnu dans Acts CSV
60303;33613;JJ176;476;FOLIO vide ou non reconnu dans Acts CSV
60304;33614;JJ176;477;FOLIO vide ou non reconnu dans Acts CSV
60305;33615;JJ176;478;FOLIO vide ou non reconnu dans Acts CSV
60306;33616;JJ176;479;FOLIO vide ou non reconnu dans Acts CSV
60307;33616;JJ176;479;FOLIO vide ou non reconnu dans Acts CSV
60308;33617;JJ176;480;FOLIO vide ou non reconnu dans Acts CSV
60309;33618;JJ176;481;FOLIO vide ou non reconnu dans Acts CSV
60310;33618;JJ176;481;FOLIO vide ou non reconnu dans Acts CSV
60311;33619;JJ176;482;
60312;33619;JJ176;482;
60313;33620;JJ176;483;FOLIO vide ou non reconnu dans Acts CSV
60314;33620;JJ176;483;FOLIO vide ou non reconnu dans Acts CSV
60315;33621;JJ176;484;FOLIO vide ou non reconnu dans Acts CSV
60316;33621;JJ176;484;FOLIO vide ou non reconnu dans Acts CSV
60317;33622;JJ176;485;FOLIO vide ou non reconnu dans Acts CSV
60318;33623;JJ176;486;FOLIO vide ou non reconnu dans Acts CSV
60319;33623;JJ176;486;FOLIO vide ou non reconnu dans Acts CSV
60320;33624;JJ176;487;FOLIO vide ou non reconnu dans Acts CSV
60321;33624;JJ176;487;FOLIO vide ou non reconnu dans Acts CSV
60322;33625;JJ176;488;FOLIO vide ou non reconnu dans Acts CSV
60323;33625;JJ176;488;FOLIO vide ou non reconnu dans Acts CSV
60324;33626;JJ176;489;FOLIO vide ou non reconnu dans Acts CSV
60325;33626;JJ176;489;FOLIO vide ou non reconnu dans Acts CSV
60326;33627;JJ176;490;FOLIO vide ou non reconnu dans Acts CSV
60327;33628;JJ176;491;FOLIO vide ou non reconnu dans Acts CSV
60328;33629;JJ176;492;FOLIO vide ou non reconnu dans Acts CSV
60329;33629;JJ176;492;FOLIO vide ou non reconnu dans Acts CSV
60330;33630;JJ176;493;FOLIO vide ou non reconnu dans Acts CSV
60331;33630;JJ176;493;FOLIO vide ou non reconnu dans Acts CSV
60332;33631;JJ176;494;FOLIO vide ou non reconnu dans Acts CSV
60333;33631;JJ176;494;FOLIO vide ou non reconnu dans Acts CSV
60334;33632;JJ176;495;FOLIO vide ou non reconnu dans Acts CSV
60335;33633;JJ176;496;FOLIO vide ou non reconnu dans Acts CSV
60336;33633;JJ176;496;FOLIO vide ou non reconnu dans Acts CSV
60337;33634;JJ176;497;FOLIO vide ou non reconnu dans Acts CSV
60338;33635;JJ176;498;FOLIO vide ou non reconnu dans Acts CSV
60339;33636;JJ176;499;FOLIO vide ou non reconnu dans Acts CSV
60340;33636;JJ176;499;FOLIO vide ou non reconnu dans Acts CSV
60341;33637;JJ176;500;FOLIO vide ou non reconnu dans Acts CSV
60342;33638;JJ176;501;FOLIO vide ou non reconnu dans Acts CSV
60343;33638;JJ176;501;FOLIO vide ou non reconnu dans Acts CSV
60344;33639;JJ176;502;FOLIO vide ou non reconnu dans Acts CSV
60345;33639;JJ176;502;FOLIO vide ou non reconnu dans Acts CSV
60346;33640;JJ176;503;FOLIO vide ou non reconnu dans Acts CSV
60347;33641;JJ176;504;
60348;33642;JJ176;505;
60349;33642;JJ176;505;
60350;33643;JJ176;506;FOLIO vide ou non reconnu dans Acts CSV
60351;33644;JJ176;507;FOLIO vide ou non reconnu dans Acts CSV
60352;33645;JJ176;508;FOLIO vide ou non reconnu dans Acts CSV
60353;33646;JJ176;509;FOLIO vide ou non reconnu dans Acts CSV
60354;33647;JJ176;510;FOLIO vide ou non reconnu dans Acts CSV
60355;33647;JJ176;510;FOLIO vide ou non reconnu dans Acts CSV
60356;33648;JJ176;511;FOLIO vide ou non reconnu dans Acts CSV
60357;33648;JJ176;511;FOLIO vide ou non reconnu dans Acts CSV
60358;33648;JJ176;511;FOLIO vide ou non reconnu dans Acts CSV
60359;33649;JJ176;512;FOLIO vide ou non reconnu dans Acts CSV
60360;33650;JJ176;513;FOLIO vide ou non reconnu dans Acts CSV
60361;33650;JJ176;513;FOLIO vide ou non reconnu dans Acts CSV
60362;33651;JJ176;514;FOLIO vide ou non reconnu dans Acts CSV
60363;33651;JJ176;514;FOLIO vide ou non reconnu dans Acts CSV
60364;33652;JJ176;515;FOLIO vide ou non reconnu dans Acts CSV
60365;33652;JJ176;515;FOLIO vide ou non reconnu dans Acts CSV
60366;33653;JJ176;516;FOLIO vide ou non reconnu dans Acts CSV
60367;33654;JJ176;517;FOLIO vide ou non reconnu dans Acts CSV
60368;33654;JJ176;517;FOLIO vide ou non reconnu dans Acts CSV
60369;33655;JJ176;518;
60370;33656;JJ176;519;FOLIO vide ou non reconnu dans Acts CSV
60371;33657;JJ176;520;FOLIO vide ou non reconnu dans Acts CSV
60372;33657;JJ176;520;FOLIO vide ou non reconnu dans Acts CSV
60373;33658;JJ176;521;FOLIO vide ou non reconnu dans Acts CSV
60374;33658;JJ176;521;FOLIO vide ou non reconnu dans Acts CSV
60375;33658;JJ176;521;FOLIO vide ou non reconnu dans Acts CSV
60376;33659;JJ176;522;FOLIO vide ou non reconnu dans Acts CSV
60377;33660;JJ176;523;FOLIO vide ou non reconnu dans Acts CSV
60378;33660;JJ176;523;FOLIO vide ou non reconnu dans Acts CSV
60379;33661;JJ176;524;FOLIO vide ou non reconnu dans Acts CSV
60380;33662;JJ176;525;FOLIO vide ou non reconnu dans Acts CSV
60381;33663;JJ176;526;FOLIO vide ou non reconnu dans Acts CSV
60382;33663;JJ176;526;FOLIO vide ou non reconnu dans Acts CSV
60383;33664;JJ176;527;FOLIO vide ou non reconnu dans Acts CSV
60384;33664;JJ176;527;FOLIO vide ou non reconnu dans Acts CSV
60385;33664;JJ176;527;FOLIO vide ou non reconnu dans Acts CSV
60386;33665;JJ176;528;FOLIO vide ou non reconnu dans Acts CSV
60387;33665;JJ176;528;FOLIO vide ou non reconnu dans Acts CSV
60388;33666;JJ176;529;FOLIO vide ou non reconnu dans Acts CSV
60389;33666;JJ176;529;FOLIO vide ou non reconnu dans Acts CSV
60390;33667;JJ176;530;FOLIO vide ou non reconnu dans Acts CSV
60391;33667;JJ176;530;FOLIO vide ou non reconnu dans Acts CSV
60392;33668;JJ176;531;FOLIO vide ou non reconnu dans Acts CSV
60393;33668;JJ176;531;FOLIO vide ou non reconnu dans Acts CSV
60394;33669;JJ176;532;FOLIO vide ou non reconnu dans Acts CSV
60395;33670;JJ176;533;FOLIO vide ou non reconnu dans Acts CSV
60396;33671;JJ176;534;FOLIO vide ou non reconnu dans Acts CSV
60397;33672;JJ176;535;FOLIO vide ou non reconnu dans Acts CSV
60398;33673;JJ176;536;FOLIO vide ou non reconnu dans Acts CSV
60399;33674;JJ176;537;FOLIO vide ou non reconnu dans Acts CSV
60400;33675;JJ176;538;FOLIO vide ou non reconnu dans Acts CSV
60401;33676;JJ176;539;FOLIO vide ou non reconnu dans Acts CSV
60402;33677;JJ176;540;FOLIO vide ou non reconnu dans Acts CSV
60403;33678;JJ176;541;
60404;33678;JJ176;541;
60405;33679;JJ176;542;FOLIO vide ou non reconnu dans Acts CSV
60406;33680;JJ176;543;FOLIO vide ou non reconnu dans Acts CSV
60407;33681;JJ176;544;
60408;33681;JJ176;544;
60409;33682;JJ176;545;FOLIO vide ou non reconnu dans Acts CSV
60410;33683;JJ176;546;FOLIO vide ou non reconnu dans Acts CSV
60411;33684;JJ176;547;FOLIO vide ou non reconnu dans Acts CSV
60412;33685;JJ176;548;FOLIO vide ou non reconnu dans Acts CSV
60413;33685;JJ176;548;FOLIO vide ou non reconnu dans Acts CSV
60414;33686;JJ176;549;FOLIO vide ou non reconnu dans Acts CSV
60415;33687;JJ176;550;FOLIO vide ou non reconnu dans Acts CSV
60416;33688;JJ176;551;FOLIO vide ou non reconnu dans Acts CSV
60417;33689;JJ176;552;FOLIO vide ou non reconnu dans Acts CSV
60418;33690;JJ176;553;FOLIO vide ou non reconnu dans Acts CSV
60419;33691;JJ176;554;FOLIO vide ou non reconnu dans Acts CSV
60420;33692;JJ176;555;FOLIO vide ou non reconnu dans Acts CSV
60421;33693;JJ176;556;FOLIO vide ou non reconnu dans Acts CSV
60422;33694;JJ176;557;FOLIO vide ou non reconnu dans Acts CSV
60423;33695;JJ176;558;FOLIO vide ou non reconnu dans Acts CSV
60424;33695;JJ176;558;FOLIO vide ou non reconnu dans Acts CSV
60425;33696;JJ176;559;FOLIO vide ou non reconnu dans Acts CSV
60426;33696;JJ176;559;FOLIO vide ou non reconnu dans Acts CSV
60427;33697;JJ176;560;FOLIO vide ou non reconnu dans Acts CSV
60428;33697;JJ176;560;FOLIO vide ou non reconnu dans Acts CSV
60429;33698;JJ176;561;FOLIO vide ou non reconnu dans Acts CSV
60430;33699;JJ176;562;FOLIO vide ou non reconnu dans Acts CSV
60431;33699;JJ176;562;FOLIO vide ou non reconnu dans Acts CSV
60432;33699;JJ176;562;FOLIO vide ou non reconnu dans Acts CSV
60433;33700;JJ176;563;FOLIO vide ou non reconnu dans Acts CSV
60434;33700;JJ176;563;FOLIO vide ou non reconnu dans Acts CSV
60435;33701;JJ176;564;FOLIO vide ou non reconnu dans Acts CSV
60436;33701;JJ176;564;FOLIO vide ou non reconnu dans Acts CSV
60437;33701;JJ176;564;FOLIO vide ou non reconnu dans Acts CSV
60438;33702;JJ176;565;FOLIO vide ou non reconnu dans Acts CSV
60439;33702;JJ176;565;FOLIO vide ou non reconnu dans Acts CSV
60440;33703;JJ176;566;FOLIO vide ou non reconnu dans Acts CSV
60441;33703;JJ176;566;FOLIO vide ou non reconnu dans Acts CSV
60442;33704;JJ176;567;FOLIO vide ou non reconnu dans Acts CSV
60443;33704;JJ176;567;FOLIO vide ou non reconnu dans Acts CSV
60444;33705;JJ176;568;FOLIO vide ou non reconnu dans Acts CSV
60445;33705;JJ176;568;FOLIO vide ou non reconnu dans Acts CSV
60446;33706;JJ176;569;FOLIO vide ou non reconnu dans Acts CSV
60447;33706;JJ176;569;FOLIO vide ou non reconnu dans Acts CSV
60448;33707;JJ176;570;FOLIO vide ou non reconnu dans Acts CSV
60449;33707;JJ176;570;FOLIO vide ou non reconnu dans Acts CSV
60450;33708;JJ176;571;FOLIO vide ou non reconnu dans Acts CSV
60451;33708;JJ176;571;FOLIO vide ou non reconnu dans Acts CSV
60452;33709;JJ176;572;FOLIO vide ou non reconnu dans Acts CSV
60453;33709;JJ176;572;FOLIO vide ou non reconnu dans Acts CSV
60454;33710;JJ176;573;FOLIO vide ou non reconnu dans Acts CSV
60455;33710;JJ176;573;FOLIO vide ou non reconnu dans Acts CSV
60456;33711;JJ176;574;FOLIO vide ou non reconnu dans Acts CSV
60457;33711;JJ176;574;FOLIO vide ou non reconnu dans Acts CSV
60458;33712;JJ176;575;FOLIO vide ou non reconnu dans Acts CSV
60459;33712;JJ176;575;FOLIO vide ou non reconnu dans Acts CSV
60460;33712;JJ176;575;FOLIO vide ou non reconnu dans Acts CSV
60461;33713;JJ176;576;FOLIO vide ou non reconnu dans Acts CSV
60462;33713;JJ176;576;FOLIO vide ou non reconnu dans Acts CSV
60463;33714;JJ176;577;FOLIO vide ou non reconnu dans Acts CSV
60464;33714;JJ176;577;FOLIO vide ou non reconnu dans Acts CSV
60465;33715;JJ176;578;FOLIO vide ou non reconnu dans Acts CSV
60466;33715;JJ176;578;FOLIO vide ou non reconnu dans Acts CSV
60467;33716;JJ176;579;FOLIO vide ou non reconnu dans Acts CSV
60468;33716;JJ176;579;FOLIO vide ou non reconnu dans Acts CSV
60469;33717;JJ176;580;FOLIO vide ou non reconnu dans Acts CSV
60470;33717;JJ176;580;FOLIO vide ou non reconnu dans Acts CSV
60471;33717;JJ176;580;FOLIO vide ou non reconnu dans Acts CSV
60472;33718;JJ176;581;FOLIO vide ou non reconnu dans Acts CSV
60473;33718;JJ176;581;FOLIO vide ou non reconnu dans Acts CSV
60474;33718;JJ176;581;FOLIO vide ou non reconnu dans Acts CSV
60475;33719;JJ176;582;FOLIO vide ou non reconnu dans Acts CSV
60476;33719;JJ176;582;FOLIO vide ou non reconnu dans Acts CSV
60477;33720;JJ176;583;FOLIO vide ou non reconnu dans Acts CSV
60478;33720;JJ176;583;FOLIO vide ou non reconnu dans Acts CSV
60479;33721;JJ176;584;FOLIO vide ou non reconnu dans Acts CSV
60480;33721;JJ176;584;FOLIO vide ou non reconnu dans Acts CSV
60481;33722;JJ176;585;FOLIO vide ou non reconnu dans Acts CSV
60482;33722;JJ176;585;FOLIO vide ou non reconnu dans Acts CSV
60483;33722;JJ176;585;FOLIO vide ou non reconnu dans Acts CSV
60484;33723;JJ176;586;FOLIO vide ou non reconnu dans Acts CSV
60485;33723;JJ176;586;FOLIO vide ou non reconnu dans Acts CSV
60486;33724;JJ176;587;FOLIO vide ou non reconnu dans Acts CSV
60487;33724;JJ176;587;FOLIO vide ou non reconnu dans Acts CSV
60488;33725;JJ176;588;FOLIO vide ou non reconnu dans Acts CSV
60489;33725;JJ176;588;FOLIO vide ou non reconnu dans Acts CSV
60490;33726;JJ176;589;FOLIO vide ou non reconnu dans Acts CSV
60491;33726;JJ176;589;FOLIO vide ou non reconnu dans Acts CSV
60492;33727;JJ176;590;FOLIO vide ou non reconnu dans Acts CSV
60493;33728;JJ176;591;FOLIO vide ou non reconnu dans Acts CSV
60494;33728;JJ176;591;FOLIO vide ou non reconnu dans Acts CSV
60495;33729;JJ176;592;FOLIO vide ou non reconnu dans Acts CSV
60496;33730;JJ176;593;FOLIO vide ou non reconnu dans Acts CSV
60497;33730;JJ176;593;FOLIO vide ou non reconnu dans Acts CSV
60498;33731;JJ176;594;FOLIO vide ou non reconnu dans Acts CSV
60499;33732;JJ176;595;FOLIO vide ou non reconnu dans Acts CSV
60500;33732;JJ176;595;FOLIO vide ou non reconnu dans Acts CSV
60501;33733;JJ176;596;FOLIO vide ou non reconnu dans Acts CSV
60502;33734;JJ176;597;FOLIO vide ou non reconnu dans Acts CSV
60503;33734;JJ176;597;FOLIO vide ou non reconnu dans Acts CSV
60504;33735;JJ176;598;FOLIO vide ou non reconnu dans Acts CSV
60505;33736;JJ176;599;FOLIO vide ou non reconnu dans Acts CSV
60506;33737;JJ176;600;FOLIO vide ou non reconnu dans Acts CSV
60507;33737;JJ176;600;FOLIO vide ou non reconnu dans Acts CSV
60508;33738;JJ176;601;FOLIO vide ou non reconnu dans Acts CSV
60509;33738;JJ176;601;FOLIO vide ou non reconnu dans Acts CSV
60510;33739;JJ176;602;FOLIO vide ou non reconnu dans Acts CSV
60511;33739;JJ176;602;FOLIO vide ou non reconnu dans Acts CSV
60512;33740;JJ176;603;FOLIO vide ou non reconnu dans Acts CSV
60513;33740;JJ176;603;FOLIO vide ou non reconnu dans Acts CSV
60514;33741;JJ176;604;FOLIO vide ou non reconnu dans Acts CSV
60515;33742;JJ176;605;
60516;33742;JJ176;605;
60517;33742;JJ176;605;
60518;33742,1;JJ176;605bis;FOLIO vide ou non reconnu dans Acts CSV
60519;33743;JJ176;606;FOLIO vide ou non reconnu dans Acts CSV
60520;33744;JJ176;607;FOLIO vide ou non reconnu dans Acts CSV
60521;33745;JJ176;608;FOLIO vide ou non reconnu dans Acts CSV
60522;33745;JJ176;608;FOLIO vide ou non reconnu dans Acts CSV
60523;33746;JJ176;609;FOLIO vide ou non reconnu dans Acts CSV
60524;33746;JJ176;609;FOLIO vide ou non reconnu dans Acts CSV
60525;33747;JJ176;610;FOLIO vide ou non reconnu dans Acts CSV
60526;33747;JJ176;610;FOLIO vide ou non reconnu dans Acts CSV
60527;33748;JJ176;611;FOLIO vide ou non reconnu dans Acts CSV
60528;33749;JJ176;612;FOLIO vide ou non reconnu dans Acts CSV
60529;33749;JJ176;612;FOLIO vide ou non reconnu dans Acts CSV
60530;33750;JJ176;613;FOLIO vide ou non reconnu dans Acts CSV
60531;33750;JJ176;613;FOLIO vide ou non reconnu dans Acts CSV
60532;33751;JJ176;614;FOLIO vide ou non reconnu dans Acts CSV
60533;33751;JJ176;614;FOLIO vide ou non reconnu dans Acts CSV
60534;33752;JJ176;615;FOLIO vide ou non reconnu dans Acts CSV
60535;33753;JJ176;616;FOLIO vide ou non reconnu dans Acts CSV
60536;33754;JJ176;617;FOLIO vide ou non reconnu dans Acts CSV
60537;33754;JJ176;617;FOLIO vide ou non reconnu dans Acts CSV
60538;33755;JJ176;618;FOLIO vide ou non reconnu dans Acts CSV
60539;33755;JJ176;618;FOLIO vide ou non reconnu dans Acts CSV
60540;33756;JJ176;619;FOLIO vide ou non reconnu dans Acts CSV
60541;33756;JJ176;619;FOLIO vide ou non reconnu dans Acts CSV
60542;33757;JJ176;620;FOLIO vide ou non reconnu dans Acts CSV
60543;33757;JJ176;620;FOLIO vide ou non reconnu dans Acts CSV
60544;33758;JJ176;621;FOLIO vide ou non reconnu dans Acts CSV
60545;33758;JJ176;621;FOLIO vide ou non reconnu dans Acts CSV
60546;33759;JJ176;622;FOLIO vide ou non reconnu dans Acts CSV
60547;33759;JJ176;622;FOLIO vide ou non reconnu dans Acts CSV
60548;33760;JJ176;623;FOLIO vide ou non reconnu dans Acts CSV
60549;33760;JJ176;623;FOLIO vide ou non reconnu dans Acts CSV
60550;33761;JJ176;624;FOLIO vide ou non reconnu dans Acts CSV
60551;33761;JJ176;624;FOLIO vide ou non reconnu dans Acts CSV
60552;33762;JJ176;625;FOLIO vide ou non reconnu dans Acts CSV
60553;33762;JJ176;625;FOLIO vide ou non reconnu dans Acts CSV
60554;33762;JJ176;625;FOLIO vide ou non reconnu dans Acts CSV
60555;33763;JJ176;626;FOLIO vide ou non reconnu dans Acts CSV
60556;33763;JJ176;626;FOLIO vide ou non reconnu dans Acts CSV
60557;33764;JJ176;627;FOLIO vide ou non reconnu dans Acts CSV
60558;33764;JJ176;627;FOLIO vide ou non reconnu dans Acts CSV
60559;33765;JJ176;628;FOLIO vide ou non reconnu dans Acts CSV
60560;33765;JJ176;628;FOLIO vide ou non reconnu dans Acts CSV
60561;33765;JJ176;628;FOLIO vide ou non reconnu dans Acts CSV
60562;33766;JJ176;629;FOLIO vide ou non reconnu dans Acts CSV
60563;33766;JJ176;629;FOLIO vide ou non reconnu dans Acts CSV
60564;33767;JJ176;630;FOLIO vide ou non reconnu dans Acts CSV
60565;33767;JJ176;630;FOLIO vide ou non reconnu dans Acts CSV
60566;33768;JJ176;631;FOLIO vide ou non reconnu dans Acts CSV
60567;33768;JJ176;631;FOLIO vide ou non reconnu dans Acts CSV
60568;33768;JJ176;631;FOLIO vide ou non reconnu dans Acts CSV
60569;33769;JJ176;632;FOLIO vide ou non reconnu dans Acts CSV
60570;33769;JJ176;632;FOLIO vide ou non reconnu dans Acts CSV
60571;33770;JJ176;633;FOLIO vide ou non reconnu dans Acts CSV
60572;33770;JJ176;633;FOLIO vide ou non reconnu dans Acts CSV
60573;33770;JJ176;633;FOLIO vide ou non reconnu dans Acts CSV
60574;33771;JJ176;634;FOLIO vide ou non reconnu dans Acts CSV
60575;33771;JJ176;634;FOLIO vide ou non reconnu dans Acts CSV
60576;33772;JJ176;635;FOLIO vide ou non reconnu dans Acts CSV
60577;33772;JJ176;635;FOLIO vide ou non reconnu dans Acts CSV
60578;33773;JJ176;636;FOLIO vide ou non reconnu dans Acts CSV
60579;33773;JJ176;636;FOLIO vide ou non reconnu dans Acts CSV
60580;33774;JJ176;637;FOLIO vide ou non reconnu dans Acts CSV
60581;33774;JJ176;637;FOLIO vide ou non reconnu dans Acts CSV
60582;33775;JJ176;638;FOLIO vide ou non reconnu dans Acts CSV
60583;33775;JJ176;638;FOLIO vide ou non reconnu dans Acts CSV
60584;33775;JJ176;638;FOLIO vide ou non reconnu dans Acts CSV
60585;33776;JJ176;639;FOLIO vide ou non reconnu dans Acts CSV
60586;33776;JJ176;639;FOLIO vide ou non reconnu dans Acts CSV
60587;33776;JJ176;639;FOLIO vide ou non reconnu dans Acts CSV
60588;33777;JJ176;640;FOLIO vide ou non reconnu dans Acts CSV
60589;33777;JJ176;640;FOLIO vide ou non reconnu dans Acts CSV
60590;33778;JJ176;641;FOLIO vide ou non reconnu dans Acts CSV
60591;33778;JJ176;641;FOLIO vide ou non reconnu dans Acts CSV
60592;33779;JJ176;642;FOLIO vide ou non reconnu dans Acts CSV
60593;33779;JJ176;642;FOLIO vide ou non reconnu dans Acts CSV
60594;33780;JJ176;643;FOLIO vide ou non reconnu dans Acts CSV
60595;33781;JJ176;644;FOLIO vide ou non reconnu dans Acts CSV
60596;33781;JJ176;644;FOLIO vide ou non reconnu dans Acts CSV
60597;33781;JJ176;644;FOLIO vide ou non reconnu dans Acts CSV
60598;33782;JJ176;645;FOLIO vide ou non reconnu dans Acts CSV
60599;33782;JJ176;645;FOLIO vide ou non reconnu dans Acts CSV
60600;33783;JJ176;646;FOLIO vide ou non reconnu dans Acts CSV
60601;33783;JJ176;646;FOLIO vide ou non reconnu dans Acts CSV
60602;33784;JJ176;647;FOLIO vide ou non reconnu dans Acts CSV
60603;33784;JJ176;647;FOLIO vide ou non reconnu dans Acts CSV
60604;33785;JJ176;648;FOLIO vide ou non reconnu dans Acts CSV
60605;33785;JJ176;648;FOLIO vide ou non reconnu dans Acts CSV
60606;33786;JJ176;649;FOLIO vide ou non reconnu dans Acts CSV
60607;33786;JJ176;649;FOLIO vide ou non reconnu dans Acts CSV
60608;33786;JJ176;649;FOLIO vide ou non reconnu dans Acts CSV
60609;33787;JJ176;650;FOLIO vide ou non reconnu dans Acts CSV
60610;33787;JJ176;650;FOLIO vide ou non reconnu dans Acts CSV
60611;33787;JJ176;650;FOLIO vide ou non reconnu dans Acts CSV
60612;33788;JJ176;651;FOLIO vide ou non reconnu dans Acts CSV
60613;33788;JJ176;651;FOLIO vide ou non reconnu dans Acts CSV
60614;33789;JJ176;652;FOLIO vide ou non reconnu dans Acts CSV
60615;33789;JJ176;652;FOLIO vide ou non reconnu dans Acts CSV
60616;33790;JJ176;653;FOLIO vide ou non reconnu dans Acts CSV
60617;33790;JJ176;653;FOLIO vide ou non reconnu dans Acts CSV
60618;33791;JJ176;654;FOLIO vide ou non reconnu dans Acts CSV
60619;33791;JJ176;654;FOLIO vide ou non reconnu dans Acts CSV
60620;33792;JJ176;655;FOLIO vide ou non reconnu dans Acts CSV
60621;33792;JJ176;655;FOLIO vide ou non reconnu dans Acts CSV
60622;33793;JJ176;656;
60623;33793;JJ176;656;
60624;33794;JJ176;657;FOLIO vide ou non reconnu dans Acts CSV
60625;33794;JJ176;657;FOLIO vide ou non reconnu dans Acts CSV
60626;33795;JJ176;658;FOLIO vide ou non reconnu dans Acts CSV
60627;33795;JJ176;658;FOLIO vide ou non reconnu dans Acts CSV
60628;33796;JJ176;659;FOLIO vide ou non reconnu dans Acts CSV
60629;33796;JJ176;659;FOLIO vide ou non reconnu dans Acts CSV
60630;33797;JJ176;660;FOLIO vide ou non reconnu dans Acts CSV
60631;33797;JJ176;660;FOLIO vide ou non reconnu dans Acts CSV
60632;33797;JJ176;660;FOLIO vide ou non reconnu dans Acts CSV
60633;33798;JJ176;661;FOLIO vide ou non reconnu dans Acts CSV
60634;33798;JJ176;661;FOLIO vide ou non reconnu dans Acts CSV
60635;33799;JJ176;662;FOLIO vide ou non reconnu dans Acts CSV
60636;33799;JJ176;662;FOLIO vide ou non reconnu dans Acts CSV
60637;33800;JJ176;663;FOLIO vide ou non reconnu dans Acts CSV
60638;33800;JJ176;663;FOLIO vide ou non reconnu dans Acts CSV
60639;33801;JJ176;664;FOLIO vide ou non reconnu dans Acts CSV
60640;33801;JJ176;664;FOLIO vide ou non reconnu dans Acts CSV
60641;33801;JJ176;664;FOLIO vide ou non reconnu dans Acts CSV
60642;33802;JJ176;665;FOLIO vide ou non reconnu dans Acts CSV
60643;33802;JJ176;665;FOLIO vide ou non reconnu dans Acts CSV
60644;33802;JJ176;665;FOLIO vide ou non reconnu dans Acts CSV
60645;33803;JJ176;666;FOLIO vide ou non reconnu dans Acts CSV
60646;33803;JJ176;666;FOLIO vide ou non reconnu dans Acts CSV
60647;33803;JJ176;666;FOLIO vide ou non reconnu dans Acts CSV
60648;33804;JJ176;667;FOLIO vide ou non reconnu dans Acts CSV
60649;33804;JJ176;667;FOLIO vide ou non reconnu dans Acts CSV
60650;33804;JJ176;667;FOLIO vide ou non reconnu dans Acts CSV
60651;33805;JJ176;668;FOLIO vide ou non reconnu dans Acts CSV
60652;33805;JJ176;668;FOLIO vide ou non reconnu dans Acts CSV
60653;33806;JJ176;669;FOLIO vide ou non reconnu dans Acts CSV
60654;33806;JJ176;669;FOLIO vide ou non reconnu dans Acts CSV
60655;33807;JJ176;670;FOLIO vide ou non reconnu dans Acts CSV
60656;33808;JJ176;671;FOLIO vide ou non reconnu dans Acts CSV
60657;33808;JJ176;671;FOLIO vide ou non reconnu dans Acts CSV
60658;33809;JJ176;672;FOLIO vide ou non reconnu dans Acts CSV
60659;33809;JJ176;672;FOLIO vide ou non reconnu dans Acts CSV
60660;33810;JJ176;673;FOLIO vide ou non reconnu dans Acts CSV
60661;33810;JJ176;673;FOLIO vide ou non reconnu dans Acts CSV
60662;33810;JJ176;673;FOLIO vide ou non reconnu dans Acts CSV
60663;33811;JJ176;674;FOLIO vide ou non reconnu dans Acts CSV
60664;33811;JJ176;674;FOLIO vide ou non reconnu dans Acts CSV
60665;33812;JJ176;675;FOLIO vide ou non reconnu dans Acts CSV
60666;33812;JJ176;675;FOLIO vide ou non reconnu dans Acts CSV
60667;33812;JJ176;675;FOLIO vide ou non reconnu dans Acts CSV
60668;33813;JJ176;676;FOLIO vide ou non reconnu dans Acts CSV
60669;33813;JJ176;676;FOLIO vide ou non reconnu dans Acts CSV
60670;33813;JJ176;676;FOLIO vide ou non reconnu dans Acts CSV
60671;33814;JJ176;677;FOLIO vide ou non reconnu dans Acts CSV
60672;33814;JJ176;677;FOLIO vide ou non reconnu dans Acts CSV
60673;33814;JJ176;677;FOLIO vide ou non reconnu dans Acts CSV
60674;33815;JJ176;678;FOLIO vide ou non reconnu dans Acts CSV
60675;33815;JJ176;678;FOLIO vide ou non reconnu dans Acts CSV
60676;33816;JJ176;679;FOLIO vide ou non reconnu dans Acts CSV
60677;33816;JJ176;679;FOLIO vide ou non reconnu dans Acts CSV
60678;33816;JJ176;679;FOLIO vide ou non reconnu dans Acts CSV
60679;33817;JJ176;680;FOLIO vide ou non reconnu dans Acts CSV
60680;33817;JJ176;680;FOLIO vide ou non reconnu dans Acts CSV
60681;33818;JJ176;681;FOLIO vide ou non reconnu dans Acts CSV
60682;33818;JJ176;681;FOLIO vide ou non reconnu dans Acts CSV
60683;33819;JJ176;682;FOLIO vide ou non reconnu dans Acts CSV
60684;33819;JJ176;682;FOLIO vide ou non reconnu dans Acts CSV
60685;33820;JJ176;683;FOLIO vide ou non reconnu dans Acts CSV
60686;33820;JJ176;683;FOLIO vide ou non reconnu dans Acts CSV
60687;33821;JJ176;684;FOLIO vide ou non reconnu dans Acts CSV
60688;33821;JJ176;684;FOLIO vide ou non reconnu dans Acts CSV
60689;33822;JJ176;685;FOLIO vide ou non reconnu dans Acts CSV
60690;33822;JJ176;685;FOLIO vide ou non reconnu dans Acts CSV
60691;33823;JJ176;686;FOLIO vide ou non reconnu dans Acts CSV
60692;33823;JJ176;686;FOLIO vide ou non reconnu dans Acts CSV
60693;33823;JJ176;686;FOLIO vide ou non reconnu dans Acts CSV
60694;33824;JJ176;687;FOLIO vide ou non reconnu dans Acts CSV
60695;33824;JJ176;687;FOLIO vide ou non reconnu dans Acts CSV
60696;33825;JJ176;688;FOLIO vide ou non reconnu dans Acts CSV
60697;33825;JJ176;688;FOLIO vide ou non reconnu dans Acts CSV
60698;33825;JJ176;688;FOLIO vide ou non reconnu dans Acts CSV
60699;33826;JJ176;689;FOLIO vide ou non reconnu dans Acts CSV
60700;33826;JJ176;689;FOLIO vide ou non reconnu dans Acts CSV
60701;33827;JJ176;690;FOLIO vide ou non reconnu dans Acts CSV
60702;33827;JJ176;690;FOLIO vide ou non reconnu dans Acts CSV
60703;33828;JJ176;691;FOLIO vide ou non reconnu dans Acts CSV
60704;33828;JJ176;691;FOLIO vide ou non reconnu dans Acts CSV
60705;33829;JJ176;692;FOLIO vide ou non reconnu dans Acts CSV
60706;33829;JJ176;692;FOLIO vide ou non reconnu dans Acts CSV
60707;33829;JJ176;692;FOLIO vide ou non reconnu dans Acts CSV
60708;33830;JJ176;693;FOLIO vide ou non reconnu dans Acts CSV
60709;33830;JJ176;693;FOLIO vide ou non reconnu dans Acts CSV
60710;33831;JJ176;694;FOLIO vide ou non reconnu dans Acts CSV
60711;33831;JJ176;694;FOLIO vide ou non reconnu dans Acts CSV
60712;33832;JJ176;695;FOLIO vide ou non reconnu dans Acts CSV
60713;33832;JJ176;695;FOLIO vide ou non reconnu dans Acts CSV
60714;33833;JJ176;696;FOLIO vide ou non reconnu dans Acts CSV
60715;33833;JJ176;696;FOLIO vide ou non reconnu dans Acts CSV
60716;33834;JJ176;697;FOLIO vide ou non reconnu dans Acts CSV
60717;33834;JJ176;697;FOLIO vide ou non reconnu dans Acts CSV
60718;33835;JJ176;698;FOLIO vide ou non reconnu dans Acts CSV
60719;33835;JJ176;698;FOLIO vide ou non reconnu dans Acts CSV
60720;33836;JJ176;699;FOLIO vide ou non reconnu dans Acts CSV
60721;33836;JJ176;699;FOLIO vide ou non reconnu dans Acts CSV
60722;33836;JJ176;699;FOLIO vide ou non reconnu dans Acts CSV
60723;33837;JJ176;700;FOLIO vide ou non reconnu dans Acts CSV
60724;33837;JJ176;700;FOLIO vide ou non reconnu dans Acts CSV
60725;33838;JJ176;701;FOLIO vide ou non reconnu dans Acts CSV
60726;33838;JJ176;701;FOLIO vide ou non reconnu dans Acts CSV
60727;33839;JJ176;702;FOLIO vide ou non reconnu dans Acts CSV
60728;33839;JJ176;702;FOLIO vide ou non reconnu dans Acts CSV
60729;33840;JJ176;703;FOLIO vide ou non reconnu dans Acts CSV
60730;33840;JJ176;703;FOLIO vide ou non reconnu dans Acts CSV
60731;33841;JJ176;704;FOLIO vide ou non reconnu dans Acts CSV
60732;33841;JJ176;704;FOLIO vide ou non reconnu dans Acts CSV
60733;33841;JJ176;704;FOLIO vide ou non reconnu dans Acts CSV
60734;33842;JJ176;705;FOLIO vide ou non reconnu dans Acts CSV
60735;33842;JJ176;705;FOLIO vide ou non reconnu dans Acts CSV
60736;33843;JJ176;706;FOLIO vide ou non reconnu dans Acts CSV
60737;33843;JJ176;706;FOLIO vide ou non reconnu dans Acts CSV
60738;33844;JJ176;707;FOLIO vide ou non reconnu dans Acts CSV
60739;33845;JJ176;708;FOLIO vide ou non reconnu dans Acts CSV
60740;33846;JJ176;709;FOLIO vide ou non reconnu dans Acts CSV
60741;33847;JJ176;710;FOLIO vide ou non reconnu dans Acts CSV
60742;33847;JJ176;710;FOLIO vide ou non reconnu dans Acts CSV
60743;33848;JJ176;711;FOLIO vide ou non reconnu dans Acts CSV
60744;33848;JJ176;711;FOLIO vide ou non reconnu dans Acts CSV
60745;33848;JJ176;711;FOLIO vide ou non reconnu dans Acts CSV
60746;33849;JJ176;712;FOLIO vide ou non reconnu dans Acts CSV
60747;33850;JJ176;713;
60748;33850;JJ176;713;
60749;33851;JJ176;714;FOLIO vide ou non reconnu dans Acts CSV
60750;33851;JJ176;714;FOLIO vide ou non reconnu dans Acts CSV
60751;33852;JJ176;715;FOLIO vide ou non reconnu dans Acts CSV
60752;33852;JJ176;715;FOLIO vide ou non reconnu dans Acts CSV
60753;33853;JJ176;716;FOLIO vide ou non reconnu dans Acts CSV
60754;33854;JJ176;717;FOLIO vide ou non reconnu dans Acts CSV
60755;33854;JJ176;717;FOLIO vide ou non reconnu dans Acts CSV
60756;33855;JJ176;718;FOLIO vide ou non reconnu dans Acts CSV
60757;33855;JJ176;718;FOLIO vide ou non reconnu dans Acts CSV
60758;33856;JJ176;719;FOLIO vide ou non reconnu dans Acts CSV
60759;33856;JJ176;719;FOLIO vide ou non reconnu dans Acts CSV
60760;33857;JJ176;720;FOLIO vide ou non reconnu dans Acts CSV
60761;33857;JJ176;720;FOLIO vide ou non reconnu dans Acts CSV
60762;33858;JJ176;721;FOLIO vide ou non reconnu dans Acts CSV
60763;33858;JJ176;721;FOLIO vide ou non reconnu dans Acts CSV
60764;33859;JJ176;722;FOLIO vide ou non reconnu dans Acts CSV
60765;33859;JJ176;722;FOLIO vide ou non reconnu dans Acts CSV
60766;33859;JJ176;722;FOLIO vide ou non reconnu dans Acts CSV
60767;33860;JJ176;723;FOLIO vide ou non reconnu dans Acts CSV
60768;33860;JJ176;723;FOLIO vide ou non reconnu dans Acts CSV
60769;33861;JJ176;724;FOLIO vide ou non reconnu dans Acts CSV
60770;33861;JJ176;724;FOLIO vide ou non reconnu dans Acts CSV
60771;33861;JJ176;724;FOLIO vide ou non reconnu dans Acts CSV
60772;33862;JJ176;725;FOLIO vide ou non reconnu dans Acts CSV
60773;33862;JJ176;725;FOLIO vide ou non reconnu dans Acts CSV
60774;33863;JJ176;726;FOLIO vide ou non reconnu dans Acts CSV
60775;33863;JJ176;726;FOLIO vide ou non reconnu dans Acts CSV
60776;33864;JJ176;727;FOLIO vide ou non reconnu dans Acts CSV
60777;33865;JJ176;728;FOLIO vide ou non reconnu dans Acts CSV
60778;33865;JJ176;728;FOLIO vide ou non reconnu dans Acts CSV
60779;33865;JJ176;728;FOLIO vide ou non reconnu dans Acts CSV
60780;33866;JJ176;729;FOLIO vide ou non reconnu dans Acts CSV
60781;33866;JJ176;729;FOLIO vide ou non reconnu dans Acts CSV
60782;33867;JJ176;730;FOLIO vide ou non reconnu dans Acts CSV
60783;33867;JJ176;730;FOLIO vide ou non reconnu dans Acts CSV
60784;33868;JJ176;731;FOLIO vide ou non reconnu dans Acts CSV
60785;33868;JJ176;731;FOLIO vide ou non reconnu dans Acts CSV
60786;33869;JJ176;732;FOLIO vide ou non reconnu dans Acts CSV
60787;33869;JJ176;732;FOLIO vide ou non reconnu dans Acts CSV
60788;33870;JJ176;733;FOLIO vide ou non reconnu dans Acts CSV
60789;33870;JJ176;733;FOLIO vide ou non reconnu dans Acts CSV
60790;33870;JJ176;733;FOLIO vide ou non reconnu dans Acts CSV
60791;33871;JJ176;734;FOLIO vide ou non reconnu dans Acts CSV
60792;33871;JJ176;734;FOLIO vide ou non reconnu dans Acts CSV
60793;33872;JJ176;735;FOLIO vide ou non reconnu dans Acts CSV
60794;33872;JJ176;735;FOLIO vide ou non reconnu dans Acts CSV
60795;33873;JJ176;736;FOLIO vide ou non reconnu dans Acts CSV
60796;33873;JJ176;736;FOLIO vide ou non reconnu dans Acts CSV
60797;33874;JJ176;737;FOLIO vide ou non reconnu dans Acts CSV
60798;33874;JJ176;737;FOLIO vide ou non reconnu dans Acts CSV
60799;33875;JJ176;738;FOLIO vide ou non reconnu dans Acts CSV
60800;33875;JJ176;738;FOLIO vide ou non reconnu dans Acts CSV
60801;33876;JJ176;739;FOLIO vide ou non reconnu dans Acts CSV
60802;33876;JJ176;739;FOLIO vide ou non reconnu dans Acts CSV
60803;33877;JJ176;740;FOLIO vide ou non reconnu dans Acts CSV
60804;33877;JJ176;740;FOLIO vide ou non reconnu dans Acts CSV
60805;33877;JJ176;740;FOLIO vide ou non reconnu dans Acts CSV
60806;33878;JJ176;741;FOLIO vide ou non reconnu dans Acts CSV
60807;33878;JJ176;741;FOLIO vide ou non reconnu dans Acts CSV
60808;33879;JJ176;742;FOLIO vide ou non reconnu dans Acts CSV
60809;33879;JJ176;742;FOLIO vide ou non reconnu dans Acts CSV
60810;33880;JJ176;743;FOLIO vide ou non reconnu dans Acts CSV
60811;33881;JJ176;744;FOLIO vide ou non reconnu dans Acts CSV
60812;33882;JJ176;745;FOLIO vide ou non reconnu dans Acts CSV
60813;33883;JJ176;746;FOLIO vide ou non reconnu dans Acts CSV
60814;33884;JJ176;747;FOLIO vide ou non reconnu dans Acts CSV
60815;33884;JJ176;747;FOLIO vide ou non reconnu dans Acts CSV
60816;33884;JJ176;747;FOLIO vide ou non reconnu dans Acts CSV
60817;33885;JJ176;748;FOLIO vide ou non reconnu dans Acts CSV
60818;33885;JJ176;748;FOLIO vide ou non reconnu dans Acts CSV
60819;33886;JJ176;749;FOLIO vide ou non reconnu dans Acts CSV
60820;33886;JJ176;749;FOLIO vide ou non reconnu dans Acts CSV
60821;33886;JJ176;749;FOLIO vide ou non reconnu dans Acts CSV
60822;33887;JJ176;750;FOLIO vide ou non reconnu dans Acts CSV
60823;33887;JJ176;750;FOLIO vide ou non reconnu dans Acts CSV
60824;33887;JJ176;750;FOLIO vide ou non reconnu dans Acts CSV
60825;33888;JJ176;751;FOLIO vide ou non reconnu dans Acts CSV
60826;33888;JJ176;751;FOLIO vide ou non reconnu dans Acts CSV
60827;33888;JJ176;751;FOLIO vide ou non reconnu dans Acts CSV
60828;33889;JJ176;752;FOLIO vide ou non reconnu dans Acts CSV
60829;33889;JJ176;752;FOLIO vide ou non reconnu dans Acts CSV
60830;33890;JJ176;753;FOLIO vide ou non reconnu dans Acts CSV
60831;33890;JJ176;753;FOLIO vide ou non reconnu dans Acts CSV
60832;33890;JJ176;753;FOLIO vide ou non reconnu dans Acts CSV
60833;33891;JJ176;754;FOLIO vide ou non reconnu dans Acts CSV
60834;33891;JJ176;754;FOLIO vide ou non reconnu dans Acts CSV
60835;33892;JJ176;755;FOLIO vide ou non reconnu dans Acts CSV
60836;33892;JJ176;755;FOLIO vide ou non reconnu dans Acts CSV
60837;33893;JJ176;756;FOLIO vide ou non reconnu dans Acts CSV
60838;33893;JJ176;756;FOLIO vide ou non reconnu dans Acts CSV
60839;33894;JJ176;757;FOLIO vide ou non reconnu dans Acts CSV
60840;33894;JJ176;757;FOLIO vide ou non reconnu dans Acts CSV
60841;33895;JJ176;758;FOLIO vide ou non reconnu dans Acts CSV
60842;33895;JJ176;758;FOLIO vide ou non reconnu dans Acts CSV
60843;33896;JJ176;759;FOLIO vide ou non reconnu dans Acts CSV
60844;33896;JJ176;759;FOLIO vide ou non reconnu dans Acts CSV
60845;33897;JJ176;760;FOLIO vide ou non reconnu dans Acts CSV
60846;33897;JJ176;760;FOLIO vide ou non reconnu dans Acts CSV
60847;33898;JJ176;761;FOLIO vide ou non reconnu dans Acts CSV
60848;33898;JJ176;761;FOLIO vide ou non reconnu dans Acts CSV
60849;33899;JJ176;762;FOLIO vide ou non reconnu dans Acts CSV
60850;33899;JJ176;762;FOLIO vide ou non reconnu dans Acts CSV
60851;33900;JJ176;763;FOLIO vide ou non reconnu dans Acts CSV
60852;33900;JJ176;763;FOLIO vide ou non reconnu dans Acts CSV
60853;33901;JJ176;764;FOLIO vide ou non reconnu dans Acts CSV
60854;33901;JJ176;764;FOLIO vide ou non reconnu dans Acts CSV
60855;33901;JJ176;764;FOLIO vide ou non reconnu dans Acts CSV
60856;33902;JJ176;765;FOLIO vide ou non reconnu dans Acts CSV
60857;33903;JJ176;766;FOLIO vide ou non reconnu dans Acts CSV
60858;33903;JJ176;766;FOLIO vide ou non reconnu dans Acts CSV
60859;33904;JJ176;767;FOLIO vide ou non reconnu dans Acts CSV
60860;33905;JJ176;768;FOLIO vide ou non reconnu dans Acts CSV
60861;33905;JJ176;768;FOLIO vide ou non reconnu dans Acts CSV
60862;33906;JJ176;769;FOLIO vide ou non reconnu dans Acts CSV
60863;33907;JJ176;770;FOLIO vide ou non reconnu dans Acts CSV
60864;33907;JJ176;770;FOLIO vide ou non reconnu dans Acts CSV
60865;33908;JJ176;771;FOLIO vide ou non reconnu dans Acts CSV
60866;33909;JJ176;772;FOLIO vide ou non reconnu dans Acts CSV
60867;33909;JJ176;772;FOLIO vide ou non reconnu dans Acts CSV
60868;33910;JJ176;773;FOLIO vide ou non reconnu dans Acts CSV
60869;33910;JJ176;773;FOLIO vide ou non reconnu dans Acts CSV
60870;33911;JJ176;774;FOLIO vide ou non reconnu dans Acts CSV
60871;33912;JJ176;775;FOLIO vide ou non reconnu dans Acts CSV
60872;33913;JJ176;776;FOLIO vide ou non reconnu dans Acts CSV
60873;33913;JJ176;776;FOLIO vide ou non reconnu dans Acts CSV
60874;33914;JJ176;777;FOLIO vide ou non reconnu dans Acts CSV
60875;33914;JJ176;777;FOLIO vide ou non reconnu dans Acts CSV
60876;33915;JJ176;778;FOLIO vide ou non reconnu dans Acts CSV
60877;33915;JJ176;778;FOLIO vide ou non reconnu dans Acts CSV
60878;33916;JJ176;779;FOLIO vide ou non reconnu dans Acts CSV
60879;33916;JJ176;779;FOLIO vide ou non reconnu dans Acts CSV
60880;33916;JJ176;779;FOLIO vide ou non reconnu dans Acts CSV
60881;33917;JJ176;780;FOLIO vide ou non reconnu dans Acts CSV
60882;33917;JJ176;780;FOLIO vide ou non reconnu dans Acts CSV
60883;33918;JJ176;781;FOLIO vide ou non reconnu dans Acts CSV
60884;33918;JJ176;781;FOLIO vide ou non reconnu dans Acts CSV
60885;33919;JJ176;782;FOLIO vide ou non reconnu dans Acts CSV
60886;33919;JJ176;782;FOLIO vide ou non reconnu dans Acts CSV
60887;33920;JJ176;783;
60888;33920;JJ176;783;
60899;33930;JJ177;1;FOLIO vide ou non reconnu dans Acts CSV
60900;33931;JJ177;2;FOLIO vide ou non reconnu dans Acts CSV
60901;33931;JJ177;2;FOLIO vide ou non reconnu dans Acts CSV
60902;33932;JJ177;3;
60903;33932;JJ177;3;
60904;33933;JJ177;4;
60905;33933;JJ177;4;
60906;33934;JJ177;5;FOLIO vide ou non reconnu dans Acts CSV
60907;33934;JJ177;5;FOLIO vide ou non reconnu dans Acts CSV
60908;33935;JJ177;6;FOLIO vide ou non reconnu dans Acts CSV
60909;33935;JJ177;6;FOLIO vide ou non reconnu dans Acts CSV
60910;33936;JJ177;7;FOLIO vide ou non reconnu dans Acts CSV
60911;33936;JJ177;7;FOLIO vide ou non reconnu dans Acts CSV
60912;33937;JJ177;8;FOLIO vide ou non reconnu dans Acts CSV
60913;33938;JJ177;9;FOLIO vide ou non reconnu dans Acts CSV
60914;33938;JJ177;9;FOLIO vide ou non reconnu dans Acts CSV
60915;33939;JJ177;10;FOLIO vide ou non reconnu dans Acts CSV
60916;33939;JJ177;10;FOLIO vide ou non reconnu dans Acts CSV
60917;33940;JJ177;11;FOLIO vide ou non reconnu dans Acts CSV
60918;33940;JJ177;11;FOLIO vide ou non reconnu dans Acts CSV
60919;33940;JJ177;11;FOLIO vide ou non reconnu dans Acts CSV
60920;33941;JJ177;12;FOLIO vide ou non reconnu dans Acts CSV
60921;33941;JJ177;12;FOLIO vide ou non reconnu dans Acts CSV
60922;33942;JJ177;13;FOLIO vide ou non reconnu dans Acts CSV
60923;33942;JJ177;13;FOLIO vide ou non reconnu dans Acts CSV
60924;33943;JJ177;14;FOLIO vide ou non reconnu dans Acts CSV
60925;33943;JJ177;14;FOLIO vide ou non reconnu dans Acts CSV
60926;33944;JJ177;15;
60927;33944;JJ177;15;
60928;33945;JJ177;16;FOLIO vide ou non reconnu dans Acts CSV
60929;33945;JJ177;16;FOLIO vide ou non reconnu dans Acts CSV
60930;33945;JJ177;16;FOLIO vide ou non reconnu dans Acts CSV
60931;33946;JJ177;17;
60932;33946;JJ177;17;
60933;33947;JJ177;18;FOLIO vide ou non reconnu dans Acts CSV
60934;33947;JJ177;18;FOLIO vide ou non reconnu dans Acts CSV
60935;33948;JJ177;19;
60936;33948;JJ177;19;
60937;33949;JJ177;20;FOLIO vide ou non reconnu dans Acts CSV
60938;33949;JJ177;20;FOLIO vide ou non reconnu dans Acts CSV
60939;33950;JJ177;21;FOLIO vide ou non reconnu dans Acts CSV
60940;33950;JJ177;21;FOLIO vide ou non reconnu dans Acts CSV
60941;33951;JJ177;22;FOLIO vide ou non reconnu dans Acts CSV
60942;33951;JJ177;22;FOLIO vide ou non reconnu dans Acts CSV
60943;33952;JJ177;23;
60944;33952;JJ177;23;
60945;33953;JJ177;24;FOLIO vide ou non reconnu dans Acts CSV
60946;33953;JJ177;24;FOLIO vide ou non reconnu dans Acts CSV
60947;33954;JJ177;25;FOLIO vide ou non reconnu dans Acts CSV
60948;33954;JJ177;25;FOLIO vide ou non reconnu dans Acts CSV
60949;33955;JJ177;26;
60950;33955;JJ177;26;
60951;33956;JJ177;27;
60952;33956;JJ177;27;
60953;33957;JJ177;28;FOLIO vide ou non reconnu dans Acts CSV
60954;33957;JJ177;28;FOLIO vide ou non reconnu dans Acts CSV
60955;33958;JJ177;29;FOLIO vide ou non reconnu dans Acts CSV
60956;33958;JJ177;29;FOLIO vide ou non reconnu dans Acts CSV
60957;33959;JJ177;30;FOLIO vide ou non reconnu dans Acts CSV
60958;33959;JJ177;30;FOLIO vide ou non reconnu dans Acts CSV
60959;33960;JJ177;31;FOLIO vide ou non reconnu dans Acts CSV
60960;33960;JJ177;31;FOLIO vide ou non reconnu dans Acts CSV
60961;33961;JJ177;32;FOLIO vide ou non reconnu dans Acts CSV
60962;33961;JJ177;32;FOLIO vide ou non reconnu dans Acts CSV
60963;33962;JJ177;33;
60964;33962;JJ177;33;
60965;33963;JJ177;34;FOLIO vide ou non reconnu dans Acts CSV
60966;33963;JJ177;34;FOLIO vide ou non reconnu dans Acts CSV
60967;33963;JJ177;34;FOLIO vide ou non reconnu dans Acts CSV
60968;33964;JJ177;35;FOLIO vide ou non reconnu dans Acts CSV
60969;33964;JJ177;35;FOLIO vide ou non reconnu dans Acts CSV
60970;33965;JJ177;36;FOLIO vide ou non reconnu dans Acts CSV
60971;33965;JJ177;36;FOLIO vide ou non reconnu dans Acts CSV
60972;33966;JJ177;37;FOLIO vide ou non reconnu dans Acts CSV
60973;33966;JJ177;37;FOLIO vide ou non reconnu dans Acts CSV
60974;33967;JJ177;38;FOLIO vide ou non reconnu dans Acts CSV
60975;33967;JJ177;38;FOLIO vide ou non reconnu dans Acts CSV
60976;33968;JJ177;39;FOLIO vide ou non reconnu dans Acts CSV
60977;33968;JJ177;39;FOLIO vide ou non reconnu dans Acts CSV
60978;33969;JJ177;40;FOLIO vide ou non reconnu dans Acts CSV
60979;33969;JJ177;40;FOLIO vide ou non reconnu dans Acts CSV
60980;33970;JJ177;41;FOLIO vide ou non reconnu dans Acts CSV
60981;33970;JJ177;41;FOLIO vide ou non reconnu dans Acts CSV
60982;33971;JJ177;42;FOLIO vide ou non reconnu dans Acts CSV
60983;33971;JJ177;42;FOLIO vide ou non reconnu dans Acts CSV
60984;33971,2;JJ177;42_2;FOLIO vide ou non reconnu dans Acts CSV
60985;33971,3;JJ177;42_3;FOLIO vide ou non reconnu dans Acts CSV
60986;33971,4;JJ177;42_4;FOLIO vide ou non reconnu dans Acts CSV
60987;33971,5;JJ177;42_5;FOLIO vide ou non reconnu dans Acts CSV
60988;33971,6;JJ177;42_6;FOLIO vide ou non reconnu dans Acts CSV
60989;33971,6;JJ177;42_6;FOLIO vide ou non reconnu dans Acts CSV
60990;33972;JJ177;43;FOLIO vide ou non reconnu dans Acts CSV
60991;33973;JJ177;43bis;FOLIO vide ou non reconnu dans Acts CSV
60992;33974;JJ177;44;FOLIO vide ou non reconnu dans Acts CSV
60993;33975;JJ177;45;FOLIO vide ou non reconnu dans Acts CSV
60994;33975;JJ177;45;FOLIO vide ou non reconnu dans Acts CSV
60995;33976;JJ177;46;FOLIO vide ou non reconnu dans Acts CSV
60996;33976;JJ177;46;FOLIO vide ou non reconnu dans Acts CSV
60997;33977;JJ177;47;FOLIO vide ou non reconnu dans Acts CSV
60998;33978;JJ177;48;FOLIO vide ou non reconnu dans Acts CSV
60999;33978;JJ177;48;FOLIO vide ou non reconnu dans Acts CSV
61000;33979;JJ177;49;FOLIO vide ou non reconnu dans Acts CSV
61001;33979;JJ177;49;FOLIO vide ou non reconnu dans Acts CSV
61002;33980;JJ177;50;FOLIO vide ou non reconnu dans Acts CSV
61003;33980;JJ177;50;FOLIO vide ou non reconnu dans Acts CSV
61004;33981;JJ177;51;FOLIO vide ou non reconnu dans Acts CSV
61005;33981;JJ177;51;FOLIO vide ou non reconnu dans Acts CSV
61006;33982;JJ177;52;FOLIO vide ou non reconnu dans Acts CSV
61007;33982;JJ177;52;FOLIO vide ou non reconnu dans Acts CSV
61008;33983;JJ177;53;FOLIO vide ou non reconnu dans Acts CSV
61009;33983;JJ177;53;FOLIO vide ou non reconnu dans Acts CSV
61010;33984;JJ177;54;FOLIO vide ou non reconnu dans Acts CSV
61011;33984;JJ177;54;FOLIO vide ou non reconnu dans Acts CSV
61012;33985;JJ177;55;FOLIO vide ou non reconnu dans Acts CSV
61013;33985;JJ177;55;FOLIO vide ou non reconnu dans Acts CSV
61014;33985;JJ177;55;FOLIO vide ou non reconnu dans Acts CSV
61015;33985;JJ177;55;FOLIO vide ou non reconnu dans Acts CSV
61016;33985;JJ177;55;FOLIO vide ou non reconnu dans Acts CSV
61017;33986;JJ177;56;FOLIO vide ou non reconnu dans Acts CSV
61018;33986;JJ177;56;FOLIO vide ou non reconnu dans Acts CSV
61019;33986;JJ177;56;FOLIO vide ou non reconnu dans Acts CSV
61020;33987;JJ177;57;FOLIO vide ou non reconnu dans Acts CSV
61021;33987;JJ177;57;FOLIO vide ou non reconnu dans Acts CSV
61022;33988;JJ177;58;FOLIO vide ou non reconnu dans Acts CSV
61023;33988;JJ177;58;FOLIO vide ou non reconnu dans Acts CSV
61024;33989;JJ177;59;FOLIO vide ou non reconnu dans Acts CSV
61025;33989;JJ177;59;FOLIO vide ou non reconnu dans Acts CSV
61026;33990;JJ177;60;FOLIO vide ou non reconnu dans Acts CSV
61027;33990;JJ177;60;FOLIO vide ou non reconnu dans Acts CSV
61028;33991;JJ177;61;FOLIO vide ou non reconnu dans Acts CSV
61029;33991;JJ177;61;FOLIO vide ou non reconnu dans Acts CSV
61030;33992;JJ177;62;
61031;33992;JJ177;62;
61032;33993;JJ177;63;FOLIO vide ou non reconnu dans Acts CSV
61033;33993;JJ177;63;FOLIO vide ou non reconnu dans Acts CSV
61034;33993;JJ177;63;FOLIO vide ou non reconnu dans Acts CSV
61035;33994;JJ177;64;FOLIO vide ou non reconnu dans Acts CSV
61036;33995;JJ177;65;FOLIO vide ou non reconnu dans Acts CSV
61037;33996;JJ177;66;FOLIO vide ou non reconnu dans Acts CSV
61038;33996;JJ177;66;FOLIO vide ou non reconnu dans Acts CSV
61039;33997;JJ177;67;FOLIO vide ou non reconnu dans Acts CSV
61040;33997;JJ177;67;FOLIO vide ou non reconnu dans Acts CSV
61041;33998;JJ177;68;FOLIO vide ou non reconnu dans Acts CSV
61042;33999;JJ177;69;FOLIO vide ou non reconnu dans Acts CSV
61043;34000;JJ177;70;
61044;34000;JJ177;70;
61045;34001;JJ177;71;FOLIO vide ou non reconnu dans Acts CSV
61046;34002;JJ177;72;FOLIO vide ou non reconnu dans Acts CSV
61047;34003;JJ177;73;FOLIO vide ou non reconnu dans Acts CSV
61048;34004;JJ177;74;
61049;34004;JJ177;74;
61050;34005;JJ177;75;
61051;34005;JJ177;75;
61052;34006;JJ177;76;FOLIO vide ou non reconnu dans Acts CSV
61053;34006;JJ177;76;FOLIO vide ou non reconnu dans Acts CSV
61054;34006;JJ177;76;FOLIO vide ou non reconnu dans Acts CSV
61055;34007;JJ177;77;FOLIO vide ou non reconnu dans Acts CSV
61056;34007;JJ177;77;FOLIO vide ou non reconnu dans Acts CSV
61057;34008;JJ177;78;FOLIO vide ou non reconnu dans Acts CSV
61058;34008;JJ177;78;FOLIO vide ou non reconnu dans Acts CSV
61059;34009;JJ177;79;FOLIO vide ou non reconnu dans Acts CSV
61060;34010;JJ177;80;
61061;34011;JJ177;81;
61062;34011;JJ177;81;
61063;34012;JJ177;82;
61064;34012;JJ177;82;
61065;34013;JJ177;83;
61066;34013;JJ177;83;
61067;34014;JJ177;84;FOLIO vide ou non reconnu dans Acts CSV
61068;34015;JJ177;85;FOLIO vide ou non reconnu dans Acts CSV
61069;34015;JJ177;85;FOLIO vide ou non reconnu dans Acts CSV
61070;34016;JJ177;86;FOLIO vide ou non reconnu dans Acts CSV
61071;34016;JJ177;86;FOLIO vide ou non reconnu dans Acts CSV
61072;34017;JJ177;87;FOLIO vide ou non reconnu dans Acts CSV
61073;34017;JJ177;87;FOLIO vide ou non reconnu dans Acts CSV
61074;34017;JJ177;87;FOLIO vide ou non reconnu dans Acts CSV
61075;34018;JJ177;88;
61076;34018;JJ177;88;
61077;34019;JJ177;89;
61078;34020;JJ177;90;FOLIO vide ou non reconnu dans Acts CSV
61079;34020;JJ177;90;FOLIO vide ou non reconnu dans Acts CSV
61080;34020;JJ177;90;FOLIO vide ou non reconnu dans Acts CSV
61081;34021;JJ177;91;
61082;34021;JJ177;91;
61083;34022;JJ177;92;
61084;34022;JJ177;92;
61085;34023;JJ177;93;
61086;34023;JJ177;93;
61087;34023;JJ177;93;
61088;34024;JJ177;94;
61089;34024;JJ177;94;
61090;34024;JJ177;94;
61091;34025;JJ177;95;
61092;34025;JJ177;95;
61093;34025;JJ177;95;
61094;34026;JJ177;96;FOLIO vide ou non reconnu dans Acts CSV
61095;34026;JJ177;96;FOLIO vide ou non reconnu dans Acts CSV
61096;34027;JJ177;97;
61097;34027;JJ177;97;
61098;34028;JJ177;98;FOLIO vide ou non reconnu dans Acts CSV
61099;34028;JJ177;98;FOLIO vide ou non reconnu dans Acts CSV
61100;34029;JJ177;99;
61101;34029;JJ177;99;
61102;34030;JJ177;100;FOLIO vide ou non reconnu dans Acts CSV
61103;34030;JJ177;100;FOLIO vide ou non reconnu dans Acts CSV
61104;34031;JJ177;101;FOLIO vide ou non reconnu dans Acts CSV
61105;34031;JJ177;101;FOLIO vide ou non reconnu dans Acts CSV
61106;34032;JJ177;102;FOLIO vide ou non reconnu dans Acts CSV
61107;34032;JJ177;102;FOLIO vide ou non reconnu dans Acts CSV
61108;34032;JJ177;102;FOLIO vide ou non reconnu dans Acts CSV
61109;34033;JJ177;103;FOLIO vide ou non reconnu dans Acts CSV
61110;34033;JJ177;103;FOLIO vide ou non reconnu dans Acts CSV
61111;34033;JJ177;103;FOLIO vide ou non reconnu dans Acts CSV
61112;34034;JJ177;104;
61113;34034;JJ177;104;
61114;34035;JJ177;105;
61115;34035;JJ177;105;
61116;34035;JJ177;105;
61117;34035;JJ177;105;
61118;34036;JJ177;106;
61119;34036;JJ177;106;
61120;34037;JJ177;107;FOLIO vide ou non reconnu dans Acts CSV
61121;34037;JJ177;107;FOLIO vide ou non reconnu dans Acts CSV
61122;34037;JJ177;107;FOLIO vide ou non reconnu dans Acts CSV
61123;34037;JJ177;107;FOLIO vide ou non reconnu dans Acts CSV
61124;34038;JJ177;108;
61125;34039;JJ177;109;FOLIO vide ou non reconnu dans Acts CSV
61126;34039;JJ177;109;FOLIO vide ou non reconnu dans Acts CSV
61127;34040;JJ177;110;
61128;34040;JJ177;110;
61129;34041;JJ177;111;FOLIO vide ou non reconnu dans Acts CSV
61130;34041;JJ177;111;FOLIO vide ou non reconnu dans Acts CSV
61131;34041;JJ177;111;FOLIO vide ou non reconnu dans Acts CSV
61132;34042;JJ177;112;
61133;34042;JJ177;112;
61134;34043;JJ177;113;FOLIO vide ou non reconnu dans Acts CSV
61135;34044;JJ177;114;FOLIO vide ou non reconnu dans Acts CSV
61136;34044;JJ177;114;FOLIO vide ou non reconnu dans Acts CSV
61137;34045;JJ177;115;FOLIO vide ou non reconnu dans Acts CSV
61138;34045;JJ177;115;FOLIO vide ou non reconnu dans Acts CSV
61139;34046;JJ177;116;FOLIO vide ou non reconnu dans Acts CSV
61140;34046;JJ177;116;FOLIO vide ou non reconnu dans Acts CSV
61141;34047;JJ177;117;FOLIO vide ou non reconnu dans Acts CSV
61142;34047;JJ177;117;FOLIO vide ou non reconnu dans Acts CSV
61143;34048;JJ177;118;
61144;34048;JJ177;118;
61145;34049;JJ177;119;FOLIO vide ou non reconnu dans Acts CSV
61146;34049;JJ177;119;FOLIO vide ou non reconnu dans Acts CSV
61147;34050;JJ177;120;FOLIO vide ou non reconnu dans Acts CSV
61148;34050;JJ177;120;FOLIO vide ou non reconnu dans Acts CSV
61149;34050;JJ177;120;FOLIO vide ou non reconnu dans Acts CSV
61150;34051;JJ177;121;
61151;34051;JJ177;121;
61152;34051;JJ177;121;
61153;34051;JJ177;121;
61154;34051;JJ177;121;
61155;34051;JJ177;121;
61156;34051;JJ177;121;
61157;34051;JJ177;121;
61158;34052;JJ177;122;
61159;34052;JJ177;122;
61160;34052;JJ177;122;
61161;34052;JJ177;122;
61162;34052;JJ177;122;
61163;34053;JJ177;123;FOLIO vide ou non reconnu dans Acts CSV
61164;34053;JJ177;123;FOLIO vide ou non reconnu dans Acts CSV
61165;34054;JJ177;124;FOLIO vide ou non reconnu dans Acts CSV
61166;34054;JJ177;124;FOLIO vide ou non reconnu dans Acts CSV
61167;34054;JJ177;124;FOLIO vide ou non reconnu dans Acts CSV
61168;34054;JJ177;124;FOLIO vide ou non reconnu dans Acts CSV
61169;34055;JJ177;125;
61170;34055;JJ177;125;
61171;34055;JJ177;125;
61172;34056;JJ177;126;FOLIO vide ou non reconnu dans Acts CSV
61173;34056;JJ177;126;FOLIO vide ou non reconnu dans Acts CSV
61174;34056;JJ177;126;FOLIO vide ou non reconnu dans Acts CSV
61175;34056;JJ177;126;FOLIO vide ou non reconnu dans Acts CSV
61176;34057;JJ177;127;
61177;34057;JJ177;127;
61178;34057;JJ177;127;
61179;34057;JJ177;127;
61180;34057;JJ177;127;
61181;34057;JJ177;127;
61182;34058;JJ177;128;FOLIO vide ou non reconnu dans Acts CSV
61183;34058;JJ177;128;FOLIO vide ou non reconnu dans Acts CSV
61184;34059;JJ177;129;FOLIO vide ou non reconnu dans Acts CSV
61185;34059;JJ177;129;FOLIO vide ou non reconnu dans Acts CSV
61186;34059;JJ177;129;FOLIO vide ou non reconnu dans Acts CSV
61187;34059;JJ177;129;FOLIO vide ou non reconnu dans Acts CSV
61188;34059;JJ177;129;FOLIO vide ou non reconnu dans Acts CSV
61189;34059;JJ177;129;FOLIO vide ou non reconnu dans Acts CSV
61190;34060;JJ177;130;FOLIO vide ou non reconnu dans Acts CSV
61191;34060;JJ177;130;FOLIO vide ou non reconnu dans Acts CSV
61192;34061;JJ177;131;FOLIO vide ou non reconnu dans Acts CSV
61193;34062;JJ177;132;
61194;34062;JJ177;132;
61195;34063;JJ177;133;
61196;34063;JJ177;133;
61197;34063;JJ177;133;
61198;34064;JJ177;134;FOLIO vide ou non reconnu dans Acts CSV
61199;34064;JJ177;134;FOLIO vide ou non reconnu dans Acts CSV
61200;34064;JJ177;134;FOLIO vide ou non reconnu dans Acts CSV
61201;34065;JJ177;135;
61202;34065;JJ177;135;
61203;34066;JJ177;136;FOLIO vide ou non reconnu dans Acts CSV
61204;34066;JJ177;136;FOLIO vide ou non reconnu dans Acts CSV
61205;34066;JJ177;136;FOLIO vide ou non reconnu dans Acts CSV
61206;34067;JJ177;137;
61207;34067;JJ177;137;
61208;34068;JJ177;138;FOLIO vide ou non reconnu dans Acts CSV
61209;34068;JJ177;138;FOLIO vide ou non reconnu dans Acts CSV
61210;34069;JJ177;139;FOLIO vide ou non reconnu dans Acts CSV
61211;34069;JJ177;139;FOLIO vide ou non reconnu dans Acts CSV
61212;34070;JJ177;140;
61213;34070;JJ177;140;
61214;34071;JJ177;141;FOLIO vide ou non reconnu dans Acts CSV
61215;34071;JJ177;141;FOLIO vide ou non reconnu dans Acts CSV
61216;34072;JJ177;142;
61217;34072;JJ177;142;
61218;34073;JJ177;142bis;
61219;34074;JJ177;143;FOLIO vide ou non reconnu dans Acts CSV
61220;34075;JJ177;144;FOLIO vide ou non reconnu dans Acts CSV
61221;34075;JJ177;144;FOLIO vide ou non reconnu dans Acts CSV
61222;34076;JJ177;145;FOLIO vide ou non reconnu dans Acts CSV
61223;34076;JJ177;145;FOLIO vide ou non reconnu dans Acts CSV
61224;34077;JJ177;146;FOLIO vide ou non reconnu dans Acts CSV
61225;34077;JJ177;146;FOLIO vide ou non reconnu dans Acts CSV
61226;34078;JJ177;147;
61227;34078;JJ177;147;
61228;34079;JJ177;148;
61229;34079;JJ177;148;
61230;34080;JJ177;149;FOLIO vide ou non reconnu dans Acts CSV
61231;34080;JJ177;149;FOLIO vide ou non reconnu dans Acts CSV
61232;34081;JJ177;150;
61233;34082;JJ177;151;
61234;34082;JJ177;151;
61235;34082;JJ177;151;
61236;34082;JJ177;151;
61237;34082;JJ177;151;
61238;34082;JJ177;151;
61239;34082;JJ177;151;
61240;34082;JJ177;151;
61241;34082;JJ177;151;
61242;34082;JJ177;151;
61243;34083;JJ177;152;FOLIO vide ou non reconnu dans Acts CSV
61244;34084;JJ177;153;FOLIO vide ou non reconnu dans Acts CSV
61245;34085;JJ177;154;FOLIO vide ou non reconnu dans Acts CSV
61246;34085;JJ177;154;FOLIO vide ou non reconnu dans Acts CSV
61247;34086;JJ177;155;
61248;34086;JJ177;155;
61249;34087;JJ177;156;FOLIO vide ou non reconnu dans Acts CSV
61250;34087;JJ177;156;FOLIO vide ou non reconnu dans Acts CSV
61251;34088;JJ177;157;
61252;34088;JJ177;157;
61253;34089;JJ177;158;
61254;34090;JJ177;158_2;
61255;34091;JJ177;158_3;
61256;34092;JJ177;158_4;
61257;34093;JJ177;159;
61258;34093;JJ177;159;
61259;34093;JJ177;159;
61260;34094;JJ177;160;FOLIO vide ou non reconnu dans Acts CSV
61261;34094;JJ177;160;FOLIO vide ou non reconnu dans Acts CSV
61262;34095;JJ177;161;FOLIO vide ou non reconnu dans Acts CSV
61263;34095;JJ177;161;FOLIO vide ou non reconnu dans Acts CSV
61264;34096;JJ177;162;FOLIO vide ou non reconnu dans Acts CSV
61265;34096;JJ177;162;FOLIO vide ou non reconnu dans Acts CSV
61266;34096;JJ177;162;FOLIO vide ou non reconnu dans Acts CSV
61267;34097;JJ177;163;
61268;34097;JJ177;163;
61269;34098;JJ177;164;FOLIO vide ou non reconnu dans Acts CSV
61270;34098;JJ177;164;FOLIO vide ou non reconnu dans Acts CSV
61271;34099;JJ177;165;FOLIO vide ou non reconnu dans Acts CSV
61272;34099;JJ177;165;FOLIO vide ou non reconnu dans Acts CSV
61273;34100;JJ177;166;
61274;34100;JJ177;166;
61275;34101;JJ177;167;FOLIO vide ou non reconnu dans Acts CSV
61276;34101;JJ177;167;FOLIO vide ou non reconnu dans Acts CSV
61277;34102;JJ177;168;
61278;34102;JJ177;168;
61279;34103;JJ177;169;FOLIO vide ou non reconnu dans Acts CSV
61280;34103;JJ177;169;FOLIO vide ou non reconnu dans Acts CSV
61281;34103;JJ177;169;FOLIO vide ou non reconnu dans Acts CSV
61282;34104;JJ177;170;
61283;34104;JJ177;170;
61284;34105;JJ177;171;
61285;34105;JJ177;171;
61286;34106;JJ177;172;
61287;34106;JJ177;172;
61288;34106;JJ177;172;
61289;34107;JJ177;173;
61290;34107;JJ177;173;
61291;34108;JJ177;174;FOLIO vide ou non reconnu dans Acts CSV
61292;34108;JJ177;174;FOLIO vide ou non reconnu dans Acts CSV
61293;34108;JJ177;174;FOLIO vide ou non reconnu dans Acts CSV
61294;34109;JJ177;175;
61295;34109;JJ177;175;
61296;34110;JJ177;176;FOLIO vide ou non reconnu dans Acts CSV
61297;34110;JJ177;176;FOLIO vide ou non reconnu dans Acts CSV
61298;34110;JJ177;176;FOLIO vide ou non reconnu dans Acts CSV
61299;34111;JJ177;177;FOLIO vide ou non reconnu dans Acts CSV
61300;34111;JJ177;177;FOLIO vide ou non reconnu dans Acts CSV
61301;34112;JJ177;178;FOLIO vide ou non reconnu dans Acts CSV
61302;34113;JJ177;178bis;
61303;34114;JJ177;179;FOLIO vide ou non reconnu dans Acts CSV
61304;34114;JJ177;179;FOLIO vide ou non reconnu dans Acts CSV
61305;34114;JJ177;179;FOLIO vide ou non reconnu dans Acts CSV
61306;34114;JJ177;179;FOLIO vide ou non reconnu dans Acts CSV
61307;34114;JJ177;179;FOLIO vide ou non reconnu dans Acts CSV
61308;34115;JJ177;180;
61309;34115;JJ177;180;
61310;34116;JJ177;181;FOLIO vide ou non reconnu dans Acts CSV
61311;34116;JJ177;181;FOLIO vide ou non reconnu dans Acts CSV
61312;34116;JJ177;181;FOLIO vide ou non reconnu dans Acts CSV
61313;34116;JJ177;181;FOLIO vide ou non reconnu dans Acts CSV
61314;34117;JJ177;182;
61315;34117;JJ177;182;
61316;34118;JJ177;183;FOLIO vide ou non reconnu dans Acts CSV
61317;34118;JJ177;183;FOLIO vide ou non reconnu dans Acts CSV
61318;34119;JJ177;184;
61319;34119;JJ177;184;
61320;34120;JJ177;185;
61321;34120;JJ177;185;
61322;34121;JJ177;186;
61323;34121;JJ177;186;
61324;34122;JJ177;187;FOLIO vide ou non reconnu dans Acts CSV
61325;34122;JJ177;187;FOLIO vide ou non reconnu dans Acts CSV
61326;34122;JJ177;187;FOLIO vide ou non reconnu dans Acts CSV
61327;34123;JJ177;188;
61328;34123;JJ177;188;
61329;34124;JJ177;189;FOLIO vide ou non reconnu dans Acts CSV
61330;34124;JJ177;189;FOLIO vide ou non reconnu dans Acts CSV
61331;34124;JJ177;189;FOLIO vide ou non reconnu dans Acts CSV
61332;34125;JJ177;190;
61333;34125;JJ177;190;
61334;34126;JJ177;191;FOLIO vide ou non reconnu dans Acts CSV
61335;34127;JJ177;192;FOLIO vide ou non reconnu dans Acts CSV
61336;34127;JJ177;192;FOLIO vide ou non reconnu dans Acts CSV
61337;34128;JJ177;193;FOLIO vide ou non reconnu dans Acts CSV
61338;34128;JJ177;193;FOLIO vide ou non reconnu dans Acts CSV
61339;34129;JJ177;194;
61340;34129;JJ177;194;
61341;34130;JJ177;195;
61342;34130;JJ177;195;
61343;34131;JJ177;196;
61344;34131;JJ177;196;
61345;34132;JJ177;197;
61346;34132;JJ177;197;
61347;34133;JJ177;198;
61348;34133;JJ177;198;
61349;34134;JJ177;199;FOLIO vide ou non reconnu dans Acts CSV
61350;34134;JJ177;199;FOLIO vide ou non reconnu dans Acts CSV
61351;34135;JJ177;200;FOLIO vide ou non reconnu dans Acts CSV
61352;34136;JJ177;201;
61353;34136;JJ177;201;
61354;34137;JJ177;202;
61355;34137;JJ177;202;
61356;34137;JJ177;202;
61357;34138;JJ177;203;FOLIO vide ou non reconnu dans Acts CSV
61358;34139;JJ177;204;
61359;34139;JJ177;204;
61360;34140;JJ177;205;
61361;34140;JJ177;205;
61362;34141;JJ177;206;FOLIO vide ou non reconnu dans Acts CSV
61363;34141;JJ177;206;FOLIO vide ou non reconnu dans Acts CSV
61364;34142;JJ177;207;FOLIO vide ou non reconnu dans Acts CSV
61365;34142;JJ177;207;FOLIO vide ou non reconnu dans Acts CSV
61366;34143;JJ177;208;
61367;34143;JJ177;208;
61368;34144;JJ177;209;
61369;34144;JJ177;209;
61370;34144;JJ177;209;
61371;34145;JJ177;210;FOLIO vide ou non reconnu dans Acts CSV
61372;34145;JJ177;210;FOLIO vide ou non reconnu dans Acts CSV
61373;34146;JJ177;211;
61374;34146;JJ177;211;
61375;34147;JJ177;212;FOLIO vide ou non reconnu dans Acts CSV
61376;34147;JJ177;212;FOLIO vide ou non reconnu dans Acts CSV
61377;34148;JJ177;213;
61378;34148;JJ177;213;
61379;34149;JJ177;214;
61380;34149;JJ177;214;
61381;34150;JJ177;215;FOLIO vide ou non reconnu dans Acts CSV
61382;34150;JJ177;215;FOLIO vide ou non reconnu dans Acts CSV
61383;34151;JJ177;216;
61384;34151;JJ177;216;
61385;34152;JJ177;217;
61386;34152;JJ177;217;
61387;34153;JJ177;218;FOLIO vide ou non reconnu dans Acts CSV
61388;34154;JJ177;219;
61389;34154;JJ177;219;
61390;34155;JJ177;220;
61391;34155;JJ177;220;
61392;34156;JJ177;221;FOLIO vide ou non reconnu dans Acts CSV
61393;34156;JJ177;221;FOLIO vide ou non reconnu dans Acts CSV
61394;34157;JJ177;222;
61395;34157;JJ177;222;
61396;34157;JJ177;222;
61397;34158;JJ177;223;FOLIO vide ou non reconnu dans Acts CSV
61398;34158;JJ177;223;FOLIO vide ou non reconnu dans Acts CSV
61399;34158;JJ177;223;FOLIO vide ou non reconnu dans Acts CSV
61400;34159;JJ177;224;
61401;34159;JJ177;224;
61402;34160;JJ177;225;FOLIO vide ou non reconnu dans Acts CSV
61403;34160;JJ177;225;FOLIO vide ou non reconnu dans Acts CSV
61404;34161;JJ177;226;
61405;34161;JJ177;226;
61406;34162;JJ177;227;FOLIO vide ou non reconnu dans Acts CSV
61407;34162;JJ177;227;FOLIO vide ou non reconnu dans Acts CSV
61408;34163;JJ177;228;
61409;34163;JJ177;228;
61410;34164;JJ177;229;FOLIO vide ou non reconnu dans Acts CSV
61411;34164;JJ177;229;FOLIO vide ou non reconnu dans Acts CSV
61412;34164;JJ177;229;FOLIO vide ou non reconnu dans Acts CSV
61413;34164;JJ177;229;FOLIO vide ou non reconnu dans Acts CSV
61414;34165;JJ177;230;FOLIO vide ou non reconnu dans Acts CSV
61415;34165;JJ177;230;FOLIO vide ou non reconnu dans Acts CSV
61416;34165;JJ177;230;FOLIO vide ou non reconnu dans Acts CSV
61417;34166;JJ177;231;FOLIO vide ou non reconnu dans Acts CSV
61418;34166;JJ177;231;FOLIO vide ou non reconnu dans Acts CSV
61419;34167;JJ177;232;FOLIO vide ou non reconnu dans Acts CSV
61420;34167;JJ177;232;FOLIO vide ou non reconnu dans Acts CSV
61421;34168;JJ177;233;FOLIO vide ou non reconnu dans Acts CSV
61422;34168;JJ177;233;FOLIO vide ou non reconnu dans Acts CSV
61423;34168;JJ177;233;FOLIO vide ou non reconnu dans Acts CSV
61424;34169;JJ177;234;FOLIO vide ou non reconnu dans Acts CSV
61425;34169;JJ177;234;FOLIO vide ou non reconnu dans Acts CSV
61426;34170;JJ177;235;FOLIO vide ou non reconnu dans Acts CSV
61427;34171;JJ177;236;
61428;34171;JJ177;236;
61429;34171;JJ177;236;
61430;34172;JJ177;237;
61431;34173;JJ177;238;
61432;34173;JJ177;238;
61433;34173;JJ177;238;
61434;34173;JJ177;238;
61435;34174;JJ177;239;FOLIO vide ou non reconnu dans Acts CSV
61436;34174;JJ177;239;FOLIO vide ou non reconnu dans Acts CSV
61437;34175;JJ177;240;FOLIO vide ou non reconnu dans Acts CSV
61438;34175;JJ177;240;FOLIO vide ou non reconnu dans Acts CSV
61439;34175;JJ177;240;FOLIO vide ou non reconnu dans Acts CSV
61440;34176;JJ177;241;FOLIO vide ou non reconnu dans Acts CSV
61441;34176;JJ177;241;FOLIO vide ou non reconnu dans Acts CSV
61442;34177;JJ177;242;
61443;34177;JJ177;242;
61444;34178;JJ177;243;
61445;34178;JJ177;243;
61446;34179;JJ177;244;FOLIO vide ou non reconnu dans Acts CSV
61447;34179;JJ177;244;FOLIO vide ou non reconnu dans Acts CSV
61448;34180;JJ177;245;
61449;34180;JJ177;245;
61450;34181;JJ177;246;
61451;34181;JJ177;246;
61452;34181;JJ177;246;
61464;34191;JJ178;1;FOLIO vide ou non reconnu dans Acts CSV
61465;34191;JJ178;1;FOLIO vide ou non reconnu dans Acts CSV
61466;34192;JJ178;2;FOLIO vide ou non reconnu dans Acts CSV
61467;34192;JJ178;2;FOLIO vide ou non reconnu dans Acts CSV
61468;34193;JJ178;3;FOLIO vide ou non reconnu dans Acts CSV
61469;34193;JJ178;3;FOLIO vide ou non reconnu dans Acts CSV
61470;34193;JJ178;3;FOLIO vide ou non reconnu dans Acts CSV
61471;34193;JJ178;3;FOLIO vide ou non reconnu dans Acts CSV
61472;34194;JJ178;4;FOLIO vide ou non reconnu dans Acts CSV
61473;34194;JJ178;4;FOLIO vide ou non reconnu dans Acts CSV
61474;34194;JJ178;4;FOLIO vide ou non reconnu dans Acts CSV
61475;34195;JJ178;5;FOLIO vide ou non reconnu dans Acts CSV
61476;34195;JJ178;5;FOLIO vide ou non reconnu dans Acts CSV
61477;34196;JJ178;6;FOLIO vide ou non reconnu dans Acts CSV
61478;34196;JJ178;6;FOLIO vide ou non reconnu dans Acts CSV
61479;34196;JJ178;6;FOLIO vide ou non reconnu dans Acts CSV
61480;34197;JJ178;7;FOLIO vide ou non reconnu dans Acts CSV
61481;34197;JJ178;7;FOLIO vide ou non reconnu dans Acts CSV
61482;34198;JJ178;8;FOLIO vide ou non reconnu dans Acts CSV
61483;34199;JJ178;9;
61484;34199;JJ178;9;
61485;34200;JJ178;10;
61486;34201;JJ178;11;FOLIO vide ou non reconnu dans Acts CSV
61487;34201;JJ178;11;FOLIO vide ou non reconnu dans Acts CSV
61488;34202;JJ178;12;FOLIO vide ou non reconnu dans Acts CSV
61489;34203;JJ178;13;FOLIO vide ou non reconnu dans Acts CSV
61490;34204;JJ178;14;
61491;34204;JJ178;14;
61492;34204;JJ178;14;
61493;34205;JJ178;15;FOLIO vide ou non reconnu dans Acts CSV
61494;34206;JJ178;16;
61495;34207;JJ178;17;FOLIO vide ou non reconnu dans Acts CSV
61496;34207;JJ178;17;FOLIO vide ou non reconnu dans Acts CSV
61497;34208;JJ178;18;
61498;34208;JJ178;18;
61499;34209;JJ178;19;FOLIO vide ou non reconnu dans Acts CSV
61500;34210;JJ178;20;FOLIO vide ou non reconnu dans Acts CSV
61501;34210;JJ178;20;FOLIO vide ou non reconnu dans Acts CSV
61502;34211;JJ178;21;
61503;34211;JJ178;21;
61504;34211;JJ178;21;
61505;34212;JJ178;22;FOLIO vide ou non reconnu dans Acts CSV
61506;34212;JJ178;22;FOLIO vide ou non reconnu dans Acts CSV
61507;34212;JJ178;22;FOLIO vide ou non reconnu dans Acts CSV
61508;34212;JJ178;22;FOLIO vide ou non reconnu dans Acts CSV
61509;34213;JJ178;23;FOLIO vide ou non reconnu dans Acts CSV
61510;34213;JJ178;23;FOLIO vide ou non reconnu dans Acts CSV
61511;34213;JJ178;23;FOLIO vide ou non reconnu dans Acts CSV
61512;34214;JJ178;24;
61513;34214;JJ178;24;
61514;34215;JJ178;25;FOLIO vide ou non reconnu dans Acts CSV
61515;34215;JJ178;25;FOLIO vide ou non reconnu dans Acts CSV
61516;34216;JJ178;26;FOLIO vide ou non reconnu dans Acts CSV
61517;34216;JJ178;26;FOLIO vide ou non reconnu dans Acts CSV
61518;34216;JJ178;26;FOLIO vide ou non reconnu dans Acts CSV
61519;34216;JJ178;26;FOLIO vide ou non reconnu dans Acts CSV
61520;34216;JJ178;26;FOLIO vide ou non reconnu dans Acts CSV
61521;34216;JJ178;26;FOLIO vide ou non reconnu dans Acts CSV
61522;34217;JJ178;27;FOLIO vide ou non reconnu dans Acts CSV
61523;34217;JJ178;27;FOLIO vide ou non reconnu dans Acts CSV
61524;34218;JJ178;28;FOLIO vide ou non reconnu dans Acts CSV
61525;34218;JJ178;28;FOLIO vide ou non reconnu dans Acts CSV
61526;34219;JJ178;29;
61527;34219;JJ178;29;
61528;34220;JJ178;30;FOLIO vide ou non reconnu dans Acts CSV
61529;34220;JJ178;30;FOLIO vide ou non reconnu dans Acts CSV
61530;34221;JJ178;31;FOLIO vide ou non reconnu dans Acts CSV
61531;34221;JJ178;31;FOLIO vide ou non reconnu dans Acts CSV
61532;34222;JJ178;32;FOLIO vide ou non reconnu dans Acts CSV
61533;34223;JJ178;33;FOLIO vide ou non reconnu dans Acts CSV
61534;34223;JJ178;33;FOLIO vide ou non reconnu dans Acts CSV
61535;34223;JJ178;33;FOLIO vide ou non reconnu dans Acts CSV
61536;34224;JJ178;34;FOLIO vide ou non reconnu dans Acts CSV
61537;34224;JJ178;34;FOLIO vide ou non reconnu dans Acts CSV
61538;34225;JJ178;35;
61539;34225;JJ178;35;
61540;34226;JJ178;36;FOLIO vide ou non reconnu dans Acts CSV
61541;34227;JJ178;37;
61542;34228;JJ178;38;FOLIO vide ou non reconnu dans Acts CSV
61543;34228;JJ178;38;FOLIO vide ou non reconnu dans Acts CSV
61544;34229;JJ178;39;FOLIO vide ou non reconnu dans Acts CSV
61545;34229;JJ178;39;FOLIO vide ou non reconnu dans Acts CSV
61546;34229;JJ178;39;FOLIO vide ou non reconnu dans Acts CSV
61547;34229;JJ178;39;FOLIO vide ou non reconnu dans Acts CSV
61548;34230;JJ178;40;FOLIO vide ou non reconnu dans Acts CSV
61549;34230;JJ178;40;FOLIO vide ou non reconnu dans Acts CSV
61550;34231;JJ178;41;
61551;34231;JJ178;41;
61552;34232;JJ178;42;
61553;34233;JJ178;43;FOLIO vide ou non reconnu dans Acts CSV
61554;34233;JJ178;43;FOLIO vide ou non reconnu dans Acts CSV
61555;34234;JJ178;44;FOLIO vide ou non reconnu dans Acts CSV
61556;34235;JJ178;45;
61557;34236;JJ178;46;FOLIO vide ou non reconnu dans Acts CSV
61558;34236;JJ178;46;FOLIO vide ou non reconnu dans Acts CSV
61559;34236;JJ178;46;FOLIO vide ou non reconnu dans Acts CSV
61560;34237;JJ178;47;FOLIO vide ou non reconnu dans Acts CSV
61561;34237;JJ178;47;FOLIO vide ou non reconnu dans Acts CSV
61562;34238;JJ178;48;FOLIO vide ou non reconnu dans Acts CSV
61563;34238;JJ178;48;FOLIO vide ou non reconnu dans Acts CSV
61564;34239;JJ178;49;FOLIO vide ou non reconnu dans Acts CSV
61565;34240;JJ178;50;
61566;34241;JJ178;51;
61567;34241;JJ178;51;
61568;34242;JJ178;52;FOLIO vide ou non reconnu dans Acts CSV
61569;34242;JJ178;52;FOLIO vide ou non reconnu dans Acts CSV
61570;34242;JJ178;52;FOLIO vide ou non reconnu dans Acts CSV
61571;34243;JJ178;53;FOLIO vide ou non reconnu dans Acts CSV
61572;34244;JJ178;54;
61573;34244;JJ178;54;
61574;34245;JJ178;55;FOLIO vide ou non reconnu dans Acts CSV
61575;34245;JJ178;55;FOLIO vide ou non reconnu dans Acts CSV
61576;34246;JJ178;56;
61577;34246;JJ178;56;
61578;34247;JJ178;57;
61579;34247;JJ178;57;
61580;34248;JJ178;58;FOLIO vide ou non reconnu dans Acts CSV
61581;34248;JJ178;58;FOLIO vide ou non reconnu dans Acts CSV
61582;34249;JJ178;59;
61583;34249;JJ178;59;
61584;34250;JJ178;60;FOLIO vide ou non reconnu dans Acts CSV
61585;34250;JJ178;60;FOLIO vide ou non reconnu dans Acts CSV
61586;34250,1;JJ178;60_2;FOLIO vide ou non reconnu dans Acts CSV
61587;34250,2;JJ178;60_3;FOLIO vide ou non reconnu dans Acts CSV
61588;34250,3;JJ178;60_4;FOLIO vide ou non reconnu dans Acts CSV
61589;34250,4;JJ178;60_5;FOLIO vide ou non reconnu dans Acts CSV
61590;34251;JJ178;61;FOLIO vide ou non reconnu dans Acts CSV
61591;34251;JJ178;61;FOLIO vide ou non reconnu dans Acts CSV
61592;34252;JJ178;62;FOLIO vide ou non reconnu dans Acts CSV
61593;34252;JJ178;62;FOLIO vide ou non reconnu dans Acts CSV
61594;34252;JJ178;62;FOLIO vide ou non reconnu dans Acts CSV
61595;34253;JJ178;62bis;FOLIO vide ou non reconnu dans Acts CSV
61596;34254;JJ178;63;FOLIO vide ou non reconnu dans Acts CSV
61597;34254;JJ178;63;FOLIO vide ou non reconnu dans Acts CSV
61598;34254;JJ178;63;FOLIO vide ou non reconnu dans Acts CSV
61599;34255;JJ178;64;
61600;34255;JJ178;64;
61601;34256;JJ178;65;FOLIO vide ou non reconnu dans Acts CSV
61602;34257;JJ178;66;FOLIO vide ou non reconnu dans Acts CSV
61603;34257;JJ178;66;FOLIO vide ou non reconnu dans Acts CSV
61604;34257;JJ178;66;FOLIO vide ou non reconnu dans Acts CSV
61605;34257;JJ178;66;FOLIO vide ou non reconnu dans Acts CSV
61606;34258;JJ178;67;FOLIO vide ou non reconnu dans Acts CSV
61607;34259;JJ178;68;FOLIO vide ou non reconnu dans Acts CSV
61608;34259;JJ178;68;FOLIO vide ou non reconnu dans Acts CSV
61609;34260;JJ178;69;FOLIO vide ou non reconnu dans Acts CSV
61610;34261;JJ178;70;FOLIO vide ou non reconnu dans Acts CSV
61611;34261;JJ178;70;FOLIO vide ou non reconnu dans Acts CSV
61612;34262;JJ178;71;FOLIO vide ou non reconnu dans Acts CSV
61613;34262;JJ178;71;FOLIO vide ou non reconnu dans Acts CSV
61614;34263;JJ178;72;FOLIO vide ou non reconnu dans Acts CSV
61615;34263;JJ178;72;FOLIO vide ou non reconnu dans Acts CSV
61616;34264;JJ178;73;
61617;34264;JJ178;73;
61618;34265;JJ178;74;
61619;34265;JJ178;74;
61620;34265;JJ178;74;
61621;34266;JJ178;75;
61622;34266;JJ178;75;
61623;34266;JJ178;75;
61624;34267;JJ178;76;FOLIO vide ou non reconnu dans Acts CSV
61625;34267;JJ178;76;FOLIO vide ou non reconnu dans Acts CSV
61626;34267;JJ178;76;FOLIO vide ou non reconnu dans Acts CSV
61627;34268;JJ178;77;FOLIO vide ou non reconnu dans Acts CSV
61628;34269;JJ178;78;FOLIO vide ou non reconnu dans Acts CSV
61629;34269;JJ178;78;FOLIO vide ou non reconnu dans Acts CSV
61630;34270;JJ178;79;
61631;34270;JJ178;79;
61632;34271;JJ178;80;FOLIO vide ou non reconnu dans Acts CSV
61633;34272;JJ178;81;FOLIO vide ou non reconnu dans Acts CSV
61634;34272;JJ178;81;FOLIO vide ou non reconnu dans Acts CSV
61635;34273;JJ178;82;FOLIO vide ou non reconnu dans Acts CSV
61636;34273;JJ178;82;FOLIO vide ou non reconnu dans Acts CSV
61637;34273;JJ178;82;FOLIO vide ou non reconnu dans Acts CSV
61638;34274;JJ178;83;FOLIO vide ou non reconnu dans Acts CSV
61639;34275;JJ178;84;
61640;34275;JJ178;84;
61641;34275;JJ178;84;
61642;34276;JJ178;85;
61643;34276;JJ178;85;
61644;34277;JJ178;86;FOLIO vide ou non reconnu dans Acts CSV
61645;34277;JJ178;86;FOLIO vide ou non reconnu dans Acts CSV
61646;34277;JJ178;86;FOLIO vide ou non reconnu dans Acts CSV
61647;34278;JJ178;87;
61648;34278;JJ178;87;
61649;34279;JJ178;88;FOLIO vide ou non reconnu dans Acts CSV
61650;34279;JJ178;88;FOLIO vide ou non reconnu dans Acts CSV
61651;34279;JJ178;88;FOLIO vide ou non reconnu dans Acts CSV
61652;34279;JJ178;88;FOLIO vide ou non reconnu dans Acts CSV
61653;34279;JJ178;88;FOLIO vide ou non reconnu dans Acts CSV
61654;34279;JJ178;88;FOLIO vide ou non reconnu dans Acts CSV
61655;34279;JJ178;88;FOLIO vide ou non reconnu dans Acts CSV
61656;34279;JJ178;88;FOLIO vide ou non reconnu dans Acts CSV
61657;34279;JJ178;88;FOLIO vide ou non reconnu dans Acts CSV
61658;34279;JJ178;88;FOLIO vide ou non reconnu dans Acts CSV
61659;34279;JJ178;88;FOLIO vide ou non reconnu dans Acts CSV
61660;34280;JJ178;89;FOLIO vide ou non reconnu dans Acts CSV
61661;34280;JJ178;89;FOLIO vide ou non reconnu dans Acts CSV
61662;34281;JJ178;90;FOLIO vide ou non reconnu dans Acts CSV
61663;34281;JJ178;90;FOLIO vide ou non reconnu dans Acts CSV
61664;34282;JJ178;91;FOLIO vide ou non reconnu dans Acts CSV
61665;34282;JJ178;91;FOLIO vide ou non reconnu dans Acts CSV
61666;34283;JJ178;92;FOLIO vide ou non reconnu dans Acts CSV
61667;34283;JJ178;92;FOLIO vide ou non reconnu dans Acts CSV
61668;34284;JJ178;93;
61669;34284;JJ178;93;
61670;34285;JJ178;94;FOLIO vide ou non reconnu dans Acts CSV
61671;34285;JJ178;94;FOLIO vide ou non reconnu dans Acts CSV
61672;34286;JJ178;95;
61673;34286;JJ178;95;
61674;34286;JJ178;95;
61675;34286;JJ178;95;
61676;34287;JJ178;96;FOLIO vide ou non reconnu dans Acts CSV
61677;34287;JJ178;96;FOLIO vide ou non reconnu dans Acts CSV
61678;34288;JJ178;97;FOLIO vide ou non reconnu dans Acts CSV
61679;34288;JJ178;97;FOLIO vide ou non reconnu dans Acts CSV
61680;34288;JJ178;97;FOLIO vide ou non reconnu dans Acts CSV
61681;34289;JJ178;98;FOLIO vide ou non reconnu dans Acts CSV
61682;34289;JJ178;98;FOLIO vide ou non reconnu dans Acts CSV
61683;34290;JJ178;99;FOLIO vide ou non reconnu dans Acts CSV
61684;34290;JJ178;99;FOLIO vide ou non reconnu dans Acts CSV
61685;34291;JJ178;100;FOLIO vide ou non reconnu dans Acts CSV
61686;34291;JJ178;100;FOLIO vide ou non reconnu dans Acts CSV
61687;34292;JJ178;101;
61688;34292;JJ178;101;
61689;34293;JJ178;102;FOLIO vide ou non reconnu dans Acts CSV
61690;34293;JJ178;102;FOLIO vide ou non reconnu dans Acts CSV
61691;34294;JJ178;103;
61692;34294;JJ178;103;
61693;34294;JJ178;103;
61694;34295;JJ178;104;FOLIO vide ou non reconnu dans Acts CSV
61695;34295;JJ178;104;FOLIO vide ou non reconnu dans Acts CSV
61696;34296;JJ178;105;
61697;34297;JJ178;106;FOLIO vide ou non reconnu dans Acts CSV
61698;34297;JJ178;106;FOLIO vide ou non reconnu dans Acts CSV
61699;34297;JJ178;106;FOLIO vide ou non reconnu dans Acts CSV
61700;34298;JJ178;107;FOLIO vide ou non reconnu dans Acts CSV
61701;34298;JJ178;107;FOLIO vide ou non reconnu dans Acts CSV
61702;34299;JJ178;108;FOLIO vide ou non reconnu dans Acts CSV
61703;34300;JJ178;109;FOLIO vide ou non reconnu dans Acts CSV
61704;34300;JJ178;109;FOLIO vide ou non reconnu dans Acts CSV
61705;34300;JJ178;109;FOLIO vide ou non reconnu dans Acts CSV
61706;34301;JJ178;110;
61707;34301;JJ178;110;
61708;34302;JJ178;111;
61709;34302;JJ178;111;
61710;34303;JJ178;112;FOLIO vide ou non reconnu dans Acts CSV
61711;34303;JJ178;112;FOLIO vide ou non reconnu dans Acts CSV
61712;34304;JJ178;113;FOLIO vide ou non reconnu dans Acts CSV
61713;34304;JJ178;113;FOLIO vide ou non reconnu dans Acts CSV
61714;34305;JJ178;114;FOLIO vide ou non reconnu dans Acts CSV
61715;34306;JJ178;115;FOLIO vide ou non reconnu dans Acts CSV
61716;34306;JJ178;115;FOLIO vide ou non reconnu dans Acts CSV
61717;34307;JJ178;116;FOLIO vide ou non reconnu dans Acts CSV
61718;34307;JJ178;116;FOLIO vide ou non reconnu dans Acts CSV
61719;34308;JJ178;117;FOLIO vide ou non reconnu dans Acts CSV
61720;34308;JJ178;117;FOLIO vide ou non reconnu dans Acts CSV
61721;34309;JJ178;118;FOLIO vide ou non reconnu dans Acts CSV
61722;34309;JJ178;118;FOLIO vide ou non reconnu dans Acts CSV
61723;34310;JJ178;119;FOLIO vide ou non reconnu dans Acts CSV
61724;34310;JJ178;119;FOLIO vide ou non reconnu dans Acts CSV
61725;34311;JJ178;120;FOLIO vide ou non reconnu dans Acts CSV
61726;34311;JJ178;120;FOLIO vide ou non reconnu dans Acts CSV
61727;34312;JJ178;121;
61728;34312;JJ178;121;
61729;34312;JJ178;121;
61730;34313;JJ178;122;FOLIO vide ou non reconnu dans Acts CSV
61731;34313;JJ178;122;FOLIO vide ou non reconnu dans Acts CSV
61732;34314;JJ178;123;FOLIO vide ou non reconnu dans Acts CSV
61733;34314;JJ178;123;FOLIO vide ou non reconnu dans Acts CSV
61734;34315;JJ178;124;FOLIO vide ou non reconnu dans Acts CSV
61735;34316;JJ178;125;FOLIO vide ou non reconnu dans Acts CSV
61736;34316;JJ178;125;FOLIO vide ou non reconnu dans Acts CSV
61737;34317;JJ178;126;FOLIO vide ou non reconnu dans Acts CSV
61738;34317;JJ178;126;FOLIO vide ou non reconnu dans Acts CSV
61739;34318;JJ178;127;FOLIO vide ou non reconnu dans Acts CSV
61740;34319;JJ178;128;FOLIO vide ou non reconnu dans Acts CSV
61741;34320;JJ178;129;
61742;34320;JJ178;129;
61743;34321;JJ178;130;FOLIO vide ou non reconnu dans Acts CSV
61744;34321;JJ178;130;FOLIO vide ou non reconnu dans Acts CSV
61745;34322;JJ178;131;FOLIO vide ou non reconnu dans Acts CSV
61746;34322;JJ178;131;FOLIO vide ou non reconnu dans Acts CSV
61747;34323;JJ178;132;
61748;34323;JJ178;132;
61749;34324;JJ178;133;FOLIO vide ou non reconnu dans Acts CSV
61750;34324;JJ178;133;FOLIO vide ou non reconnu dans Acts CSV
61751;34325;JJ178;134;
61752;34325;JJ178;134;
61753;34326;JJ178;135;FOLIO vide ou non reconnu dans Acts CSV
61754;34327;JJ178;136;FOLIO vide ou non reconnu dans Acts CSV
61755;34327;JJ178;136;FOLIO vide ou non reconnu dans Acts CSV
61756;34328;JJ178;137;FOLIO vide ou non reconnu dans Acts CSV
61757;34329;JJ178;138;
61758;34329;JJ178;138;
61759;34330;JJ178;139;FOLIO vide ou non reconnu dans Acts CSV
61760;34330;JJ178;139;FOLIO vide ou non reconnu dans Acts CSV
61761;34331;JJ178;140;
61762;34331;JJ178;140;
61763;34332;JJ178;141;FOLIO vide ou non reconnu dans Acts CSV
61764;34332;JJ178;141;FOLIO vide ou non reconnu dans Acts CSV
61765;34333;JJ178;142;
61766;34333;JJ178;142;
61767;34334;JJ178;143;FOLIO vide ou non reconnu dans Acts CSV
61768;34334;JJ178;143;FOLIO vide ou non reconnu dans Acts CSV
61769;34335;JJ178;144;FOLIO vide ou non reconnu dans Acts CSV
61770;34335;JJ178;144;FOLIO vide ou non reconnu dans Acts CSV
61771;34336;JJ178;145;FOLIO vide ou non reconnu dans Acts CSV
61772;34337;JJ178;146;
61773;34337;JJ178;146;
61774;34338;JJ178;147;
61775;34338;JJ178;147;
61776;34339;JJ178;148;
61777;34340;JJ178;149;FOLIO vide ou non reconnu dans Acts CSV
61778;34340;JJ178;149;FOLIO vide ou non reconnu dans Acts CSV
61779;34341;JJ178;150;FOLIO vide ou non reconnu dans Acts CSV
61780;34341;JJ178;150;FOLIO vide ou non reconnu dans Acts CSV
61781;34342;JJ178;151;FOLIO vide ou non reconnu dans Acts CSV
61782;34342;JJ178;151;FOLIO vide ou non reconnu dans Acts CSV
61783;34343;JJ178;152;FOLIO vide ou non reconnu dans Acts CSV
61784;34343;JJ178;152;FOLIO vide ou non reconnu dans Acts CSV
61785;34344;JJ178;153;
61786;34344;JJ178;153;
61787;34345;JJ178;154;FOLIO vide ou non reconnu dans Acts CSV
61788;34345;JJ178;154;FOLIO vide ou non reconnu dans Acts CSV
61789;34346;JJ178;155;FOLIO vide ou non reconnu dans Acts CSV
61790;34346;JJ178;155;FOLIO vide ou non reconnu dans Acts CSV
61791;34347;JJ178;156;FOLIO vide ou non reconnu dans Acts CSV
61792;34348;JJ178;157;FOLIO vide ou non reconnu dans Acts CSV
61793;34349;JJ178;158;FOLIO vide ou non reconnu dans Acts CSV
61794;34349;JJ178;158;FOLIO vide ou non reconnu dans Acts CSV
61795;34349;JJ178;158;FOLIO vide ou non reconnu dans Acts CSV
61796;34350;JJ178;159;
61797;34350;JJ178;159;
61798;34351;JJ178;160;FOLIO vide ou non reconnu dans Acts CSV
61799;34352;JJ178;161;FOLIO vide ou non reconnu dans Acts CSV
61800;34352;JJ178;161;FOLIO vide ou non reconnu dans Acts CSV
61801;34353;JJ178;162;FOLIO vide ou non reconnu dans Acts CSV
61802;34353;JJ178;162;FOLIO vide ou non reconnu dans Acts CSV
61803;34354;JJ178;163;FOLIO vide ou non reconnu dans Acts CSV
61804;34354;JJ178;163;FOLIO vide ou non reconnu dans Acts CSV
61805;34354;JJ178;163;FOLIO vide ou non reconnu dans Acts CSV
61806;34355;JJ178;164;
61807;34355;JJ178;164;
61808;34356;JJ178;165;FOLIO vide ou non reconnu dans Acts CSV
61809;34357;JJ178;166;
61810;34357;JJ178;166;
61811;34358;JJ178;167;
61812;34358;JJ178;167;
61813;34359;JJ178;168;FOLIO vide ou non reconnu dans Acts CSV
61814;34359;JJ178;168;FOLIO vide ou non reconnu dans Acts CSV
61815;34359;JJ178;168;FOLIO vide ou non reconnu dans Acts CSV
61816;34360;JJ178;169;FOLIO vide ou non reconnu dans Acts CSV
61817;34360;JJ178;169;FOLIO vide ou non reconnu dans Acts CSV
61818;34361;JJ178;170;
61819;34361;JJ178;170;
61820;34362;JJ178;171;FOLIO vide ou non reconnu dans Acts CSV
61821;34362;JJ178;171;FOLIO vide ou non reconnu dans Acts CSV
61822;34363;JJ178;172;FOLIO vide ou non reconnu dans Acts CSV
61823;34363;JJ178;172;FOLIO vide ou non reconnu dans Acts CSV
61824;34364;JJ178;173;FOLIO vide ou non reconnu dans Acts CSV
61825;34365;JJ178;174;FOLIO vide ou non reconnu dans Acts CSV
61826;34365;JJ178;174;FOLIO vide ou non reconnu dans Acts CSV
61827;34366;JJ178;175;FOLIO vide ou non reconnu dans Acts CSV
61828;34366;JJ178;175;FOLIO vide ou non reconnu dans Acts CSV
61829;34367;JJ178;176;
61830;34367;JJ178;176;
61831;34368;JJ178;177;FOLIO vide ou non reconnu dans Acts CSV
61832;34369;JJ178;178;
61833;34369;JJ178;178;
61834;34370;JJ178;179;FOLIO vide ou non reconnu dans Acts CSV
61835;34371;JJ178;180;FOLIO vide ou non reconnu dans Acts CSV
61836;34372;JJ178;181;
61837;34372;JJ178;181;
61838;34373;JJ178;182;FOLIO vide ou non reconnu dans Acts CSV
61839;34373;JJ178;182;FOLIO vide ou non reconnu dans Acts CSV
61840;34374;JJ178;183;FOLIO vide ou non reconnu dans Acts CSV
61841;34374;JJ178;183;FOLIO vide ou non reconnu dans Acts CSV
61842;34374;JJ178;183;FOLIO vide ou non reconnu dans Acts CSV
61843;34374;JJ178;183;FOLIO vide ou non reconnu dans Acts CSV
61844;34375;JJ178;184;
61845;34375;JJ178;184;
61846;34375;JJ178;184;
61847;34376;JJ178;185;
61848;34376;JJ178;185;
61849;34377;JJ178;186;
61850;34377;JJ178;186;
61851;34378;JJ178;187;FOLIO vide ou non reconnu dans Acts CSV
61852;34378;JJ178;187;FOLIO vide ou non reconnu dans Acts CSV
61853;34379;JJ178;188;
61854;34379;JJ178;188;
61855;34380;JJ178;189;FOLIO vide ou non reconnu dans Acts CSV
61856;34380;JJ178;189;FOLIO vide ou non reconnu dans Acts CSV
61857;34381;JJ178;190;FOLIO vide ou non reconnu dans Acts CSV
61858;34382;JJ178;191;FOLIO vide ou non reconnu dans Acts CSV
61859;34383;JJ178;192;
61860;34384;JJ178;193;FOLIO vide ou non reconnu dans Acts CSV
61861;34385;JJ178;194;
61862;34385;JJ178;194;
61863;34386;JJ178;195;FOLIO vide ou non reconnu dans Acts CSV
61864;34386;JJ178;195;FOLIO vide ou non reconnu dans Acts CSV
61865;34387;JJ178;196;
61866;34388;JJ178;197;FOLIO vide ou non reconnu dans Acts CSV
61867;34388;JJ178;197;FOLIO vide ou non reconnu dans Acts CSV
61868;34389;JJ178;198;
61869;34390;JJ178;199;FOLIO vide ou non reconnu dans Acts CSV
61870;34391;JJ178;200;
61871;34391;JJ178;200;
61872;34392;JJ178;201;
61873;34392;JJ178;201;
61874;34393;JJ178;202;FOLIO vide ou non reconnu dans Acts CSV
61875;34393;JJ178;202;FOLIO vide ou non reconnu dans Acts CSV
61876;34394;JJ178;203;FOLIO vide ou non reconnu dans Acts CSV
61877;34394;JJ178;203;FOLIO vide ou non reconnu dans Acts CSV
61878;34395;JJ178;204;
61879;34395;JJ178;204;
61880;34395;JJ178;204;
61881;34396;JJ178;205;FOLIO vide ou non reconnu dans Acts CSV
61882;34396;JJ178;205;FOLIO vide ou non reconnu dans Acts CSV
61883;34397;JJ178;206;
61884;34397;JJ178;206;
61885;34398;JJ178;207;FOLIO vide ou non reconnu dans Acts CSV
61886;34398;JJ178;207;FOLIO vide ou non reconnu dans Acts CSV
61887;34398;JJ178;207;FOLIO vide ou non reconnu dans Acts CSV
61888;34399;JJ178;208;FOLIO vide ou non reconnu dans Acts CSV
61889;34400;JJ178;209;
61890;34401;JJ178;210;FOLIO vide ou non reconnu dans Acts CSV
61891;34401;JJ178;210;FOLIO vide ou non reconnu dans Acts CSV
61892;34402;JJ178;211;FOLIO vide ou non reconnu dans Acts CSV
61893;34402;JJ178;211;FOLIO vide ou non reconnu dans Acts CSV
61894;34402;JJ178;211;FOLIO vide ou non reconnu dans Acts CSV
61895;34402;JJ178;211;FOLIO vide ou non reconnu dans Acts CSV
61896;34403;JJ178;212;FOLIO vide ou non reconnu dans Acts CSV
61897;34404;JJ178;213;FOLIO vide ou non reconnu dans Acts CSV
61898;34404;JJ178;213;FOLIO vide ou non reconnu dans Acts CSV
61899;34405;JJ178;214;FOLIO vide ou non reconnu dans Acts CSV
61900;34406;JJ178;215;FOLIO vide ou non reconnu dans Acts CSV
61901;34406;JJ178;215;FOLIO vide ou non reconnu dans Acts CSV
61902;34406;JJ178;215;FOLIO vide ou non reconnu dans Acts CSV
61903;34407;JJ178;216;FOLIO vide ou non reconnu dans Acts CSV
61904;34407;JJ178;216;FOLIO vide ou non reconnu dans Acts CSV
61905;34408;JJ178;217;FOLIO vide ou non reconnu dans Acts CSV
61906;34409;JJ178;218;FOLIO vide ou non reconnu dans Acts CSV
61907;34409;JJ178;218;FOLIO vide ou non reconnu dans Acts CSV
61908;34410;JJ178;219;FOLIO vide ou non reconnu dans Acts CSV
61909;34410;JJ178;219;FOLIO vide ou non reconnu dans Acts CSV
61910;34411;JJ178;220;
61911;34411;JJ178;220;
61912;34412;JJ178;221;FOLIO vide ou non reconnu dans Acts CSV
61913;34412;JJ178;221;FOLIO vide ou non reconnu dans Acts CSV
61914;34413;JJ178;222;
61915;34413;JJ178;222;
61916;34414;JJ178;223;FOLIO vide ou non reconnu dans Acts CSV
61917;34414;JJ178;223;FOLIO vide ou non reconnu dans Acts CSV
61918;34415;JJ178;224;FOLIO vide ou non reconnu dans Acts CSV
61919;34415;JJ178;224;FOLIO vide ou non reconnu dans Acts CSV
61920;34416;JJ178;225;
61921;34416;JJ178;225;
61922;34417;JJ178;226;FOLIO vide ou non reconnu dans Acts CSV
61923;34417;JJ178;226;FOLIO vide ou non reconnu dans Acts CSV
61924;34418;JJ178;227;
61925;34418;JJ178;227;
61926;34419;JJ178;228;FOLIO vide ou non reconnu dans Acts CSV
61927;34419;JJ178;228;FOLIO vide ou non reconnu dans Acts CSV
61928;34420;JJ178;229;FOLIO vide ou non reconnu dans Acts CSV
61929;34420;JJ178;229;FOLIO vide ou non reconnu dans Acts CSV
61930;34421;JJ178;230;FOLIO vide ou non reconnu dans Acts CSV
61931;34422;JJ178;231;FOLIO vide ou non reconnu dans Acts CSV
61932;34423;JJ178;232;FOLIO vide ou non reconnu dans Acts CSV
61933;34423;JJ178;232;FOLIO vide ou non reconnu dans Acts CSV
61934;34424;JJ178;233;FOLIO vide ou non reconnu dans Acts CSV
61935;34424;JJ178;233;FOLIO vide ou non reconnu dans Acts CSV
61936;34425;JJ178;234;FOLIO vide ou non reconnu dans Acts CSV
61937;34425;JJ178;234;FOLIO vide ou non reconnu dans Acts CSV
61938;34426;JJ178;235;FOLIO vide ou non reconnu dans Acts CSV
61939;34426;JJ178;235;FOLIO vide ou non reconnu dans Acts CSV
61940;34427;JJ178;236;
61941;34427;JJ178;236;
61942;34428;JJ178;237;FOLIO vide ou non reconnu dans Acts CSV
61943;34428;JJ178;237;FOLIO vide ou non reconnu dans Acts CSV
61944;34429;JJ178;238;FOLIO vide ou non reconnu dans Acts CSV
61945;34429;JJ178;238;FOLIO vide ou non reconnu dans Acts CSV
61946;34430;JJ178;239;
61947;34430;JJ178;239;
61948;34431;JJ178;240;FOLIO vide ou non reconnu dans Acts CSV
61949;34431;JJ178;240;FOLIO vide ou non reconnu dans Acts CSV
61950;34432;JJ178;241;
61951;34432;JJ178;241;
61952;34433;JJ178;242;FOLIO vide ou non reconnu dans Acts CSV
61953;34433;JJ178;242;FOLIO vide ou non reconnu dans Acts CSV
61954;34434;JJ178;243;FOLIO vide ou non reconnu dans Acts CSV
61955;34434;JJ178;243;FOLIO vide ou non reconnu dans Acts CSV
61956;34435;JJ178;244;FOLIO vide ou non reconnu dans Acts CSV
61957;34435;JJ178;244;FOLIO vide ou non reconnu dans Acts CSV
61958;34436;JJ178;245;
61959;34436;JJ178;245;
61960;34437;JJ178;246;FOLIO vide ou non reconnu dans Acts CSV
61961;34437;JJ178;246;FOLIO vide ou non reconnu dans Acts CSV
61962;34437;JJ178;246;FOLIO vide ou non reconnu dans Acts CSV
61963;34438;JJ178;247;
61964;34438;JJ178;247;
61965;34439;JJ178;248;FOLIO vide ou non reconnu dans Acts CSV
61966;34439;JJ178;248;FOLIO vide ou non reconnu dans Acts CSV
61967;34440;JJ178;249;FOLIO vide ou non reconnu dans Acts CSV
61968;34440;JJ178;249;FOLIO vide ou non reconnu dans Acts CSV
61969;34441;JJ178;250;FOLIO vide ou non reconnu dans Acts CSV
61970;34441;JJ178;250;FOLIO vide ou non reconnu dans Acts CSV
61971;34442;JJ178;251;
61972;34443;JJ178;252;FOLIO vide ou non reconnu dans Acts CSV
61973;34443;JJ178;252;FOLIO vide ou non reconnu dans Acts CSV
61974;34444;JJ178;253;FOLIO vide ou non reconnu dans Acts CSV
61975;34444;JJ178;253;FOLIO vide ou non reconnu dans Acts CSV
61976;34445;JJ178;254;
61977;34445;JJ178;254;
61978;34446;JJ178;255;
61979;34446;JJ178;255;
61980;34447;JJ178;256;FOLIO vide ou non reconnu dans Acts CSV
61981;34448;JJ178;257;
61982;34448;JJ178;257;
61983;34449;JJ178;258;FOLIO vide ou non reconnu dans Acts CSV
61984;34449;JJ178;258;FOLIO vide ou non reconnu dans Acts CSV
61995;34458;JJ179;0;FOLIO vide ou non reconnu dans Acts CSV
61996;34459;JJ179;1;FOLIO vide ou non reconnu dans Acts CSV
61997;34459;JJ179;1;FOLIO vide ou non reconnu dans Acts CSV
61998;34460;JJ179;2;FOLIO vide ou non reconnu dans Acts CSV
61999;34461;JJ179;3;FOLIO vide ou non reconnu dans Acts CSV
62000;34461;JJ179;3;FOLIO vide ou non reconnu dans Acts CSV
62001;34462;JJ179;4;FOLIO vide ou non reconnu dans Acts CSV
62002;34463;JJ179;5;
62003;34463;JJ179;5;
62004;34464;JJ179;6;FOLIO vide ou non reconnu dans Acts CSV
62005;34464;JJ179;6;FOLIO vide ou non reconnu dans Acts CSV
62006;34464;JJ179;6;FOLIO vide ou non reconnu dans Acts CSV
62007;34465;JJ179;7;FOLIO vide ou non reconnu dans Acts CSV
62008;34465;JJ179;7;FOLIO vide ou non reconnu dans Acts CSV
62009;34466;JJ179;8;
62010;34466;JJ179;8;
62011;34467;JJ179;9;FOLIO vide ou non reconnu dans Acts CSV
62012;34467;JJ179;9;FOLIO vide ou non reconnu dans Acts CSV
62013;34468;JJ179;10;FOLIO vide ou non reconnu dans Acts CSV
62014;34469;JJ179;10bis;FOLIO vide ou non reconnu dans Acts CSV
62015;34470;JJ179;11;
62016;34470;JJ179;11;
62017;34471;JJ179;12;FOLIO vide ou non reconnu dans Acts CSV
62018;34472;JJ179;13;FOLIO vide ou non reconnu dans Acts CSV
62019;34472;JJ179;13;FOLIO vide ou non reconnu dans Acts CSV
62020;34472;JJ179;13;FOLIO vide ou non reconnu dans Acts CSV
62021;34473;JJ179;14;FOLIO vide ou non reconnu dans Acts CSV
62022;34473;JJ179;14;FOLIO vide ou non reconnu dans Acts CSV
62023;34474;JJ179;15;
62024;34474;JJ179;15;
62025;34475;JJ179;16;FOLIO vide ou non reconnu dans Acts CSV
62026;34475;JJ179;16;FOLIO vide ou non reconnu dans Acts CSV
62027;34476;JJ179;17;FOLIO vide ou non reconnu dans Acts CSV
62028;34476;JJ179;17;FOLIO vide ou non reconnu dans Acts CSV
62029;34477;JJ179;18;
62030;34477;JJ179;18;
62031;34478;JJ179;19;
62032;34478;JJ179;19;
62033;34479;JJ179;20;
62034;34480;JJ179;21;
62035;34480;JJ179;21;
62036;34481;JJ179;22;
62037;34482;JJ179;23;
62038;34483;JJ179;24;
62039;34484;JJ179;25;
62040;34485;JJ179;26;
62041;34486;JJ179;27;
62042;34486;JJ179;27;
62043;34487;JJ179;28;FOLIO vide ou non reconnu dans Acts CSV
62044;34487;JJ179;28;FOLIO vide ou non reconnu dans Acts CSV
62045;34488;JJ179;29;FOLIO vide ou non reconnu dans Acts CSV
62046;34488;JJ179;29;FOLIO vide ou non reconnu dans Acts CSV
62047;34489;JJ179;30;
62048;34489;JJ179;30;
62049;34490;JJ179;31;FOLIO vide ou non reconnu dans Acts CSV
62050;34491;JJ179;32;
62051;34491;JJ179;32;
62052;34492;JJ179;33;
62053;34492;JJ179;33;
62054;34493;JJ179;34;FOLIO vide ou non reconnu dans Acts CSV
62055;34493;JJ179;34;FOLIO vide ou non reconnu dans Acts CSV
62056;34494;JJ179;35;FOLIO vide ou non reconnu dans Acts CSV
62057;34494;JJ179;35;FOLIO vide ou non reconnu dans Acts CSV
62058;34495;JJ179;36;FOLIO vide ou non reconnu dans Acts CSV
62059;34496;JJ179;37;FOLIO vide ou non reconnu dans Acts CSV
62060;34496;JJ179;37;FOLIO vide ou non reconnu dans Acts CSV
62061;34496;JJ179;37;FOLIO vide ou non reconnu dans Acts CSV
62062;34497;JJ179;38;FOLIO vide ou non reconnu dans Acts CSV
62063;34498;JJ179;39;
62064;34498;JJ179;39;
62065;34499;JJ179;40;FOLIO vide ou non reconnu dans Acts CSV
62066;34499;JJ179;40;FOLIO vide ou non reconnu dans Acts CSV
62067;34500;JJ179;41;FOLIO vide ou non reconnu dans Acts CSV
62068;34500;JJ179;41;FOLIO vide ou non reconnu dans Acts CSV
62069;34500;JJ179;41;FOLIO vide ou non reconnu dans Acts CSV
62070;34501;JJ179;42;FOLIO vide ou non reconnu dans Acts CSV
62071;34501;JJ179;42;FOLIO vide ou non reconnu dans Acts CSV
62072;34501;JJ179;42;FOLIO vide ou non reconnu dans Acts CSV
62073;34501;JJ179;42;FOLIO vide ou non reconnu dans Acts CSV
62074;34501;JJ179;42;FOLIO vide ou non reconnu dans Acts CSV
62075;34501;JJ179;42;FOLIO vide ou non reconnu dans Acts CSV
62076;34501;JJ179;42;FOLIO vide ou non reconnu dans Acts CSV
62077;34502;JJ179;43;FOLIO vide ou non reconnu dans Acts CSV
62078;34502;JJ179;43;FOLIO vide ou non reconnu dans Acts CSV
62079;34503;JJ179;44;FOLIO vide ou non reconnu dans Acts CSV
62080;34503;JJ179;44;FOLIO vide ou non reconnu dans Acts CSV
62081;34504;JJ179;45;FOLIO vide ou non reconnu dans Acts CSV
62082;34504;JJ179;45;FOLIO vide ou non reconnu dans Acts CSV
62083;34505;JJ179;46;
62084;34505;JJ179;46;
62085;34506;JJ179;47;FOLIO vide ou non reconnu dans Acts CSV
62086;34506;JJ179;47;FOLIO vide ou non reconnu dans Acts CSV
62087;34507;JJ179;48;
62088;34507;JJ179;48;
62089;34508;JJ179;49;FOLIO vide ou non reconnu dans Acts CSV
62090;34508;JJ179;49;FOLIO vide ou non reconnu dans Acts CSV
62091;34509;JJ179;50;
62092;34509;JJ179;50;
62093;34510;JJ179;51;FOLIO vide ou non reconnu dans Acts CSV
62094;34511;JJ179;52;FOLIO vide ou non reconnu dans Acts CSV
62095;34511;JJ179;52;FOLIO vide ou non reconnu dans Acts CSV
62096;34512;JJ179;53;
62097;34513;JJ179;54;
62098;34514;JJ179;55;
62099;34515;JJ179;56;
62100;34515;JJ179;56;
62101;34516;JJ179;57;FOLIO vide ou non reconnu dans Acts CSV
62102;34516;JJ179;57;FOLIO vide ou non reconnu dans Acts CSV
62103;34517;JJ179;58;
62104;34517;JJ179;58;
62105;34518;JJ179;59;FOLIO vide ou non reconnu dans Acts CSV
62106;34518;JJ179;59;FOLIO vide ou non reconnu dans Acts CSV
62107;34519;JJ179;60;FOLIO vide ou non reconnu dans Acts CSV
62108;34519;JJ179;60;FOLIO vide ou non reconnu dans Acts CSV
62109;34520;JJ179;61;FOLIO vide ou non reconnu dans Acts CSV
62110;34520;JJ179;61;FOLIO vide ou non reconnu dans Acts CSV
62111;34521;JJ179;62;FOLIO vide ou non reconnu dans Acts CSV
62112;34521;JJ179;62;FOLIO vide ou non reconnu dans Acts CSV
62113;34522;JJ179;63;FOLIO vide ou non reconnu dans Acts CSV
62114;34522;JJ179;63;FOLIO vide ou non reconnu dans Acts CSV
62115;34523;JJ179;64;FOLIO vide ou non reconnu dans Acts CSV
62116;34523;JJ179;64;FOLIO vide ou non reconnu dans Acts CSV
62117;34523;JJ179;64;FOLIO vide ou non reconnu dans Acts CSV
62118;34524;JJ179;65;
62119;34524;JJ179;65;
62120;34525;JJ179;66;FOLIO vide ou non reconnu dans Acts CSV
62121;34525;JJ179;66;FOLIO vide ou non reconnu dans Acts CSV
62122;34525;JJ179;66;FOLIO vide ou non reconnu dans Acts CSV
62123;34526;JJ179;67;FOLIO vide ou non reconnu dans Acts CSV
62124;34526;JJ179;67;FOLIO vide ou non reconnu dans Acts CSV
62125;34527;JJ179;68;
62126;34527;JJ179;68;
62127;34528;JJ179;69;FOLIO vide ou non reconnu dans Acts CSV
62128;34528;JJ179;69;FOLIO vide ou non reconnu dans Acts CSV
62129;34528;JJ179;69;FOLIO vide ou non reconnu dans Acts CSV
62130;34529;JJ179;70;
62131;34529;JJ179;70;
62132;34530;JJ179;71;
62133;34530;JJ179;71;
62134;34531;JJ179;72;
62135;34531;JJ179;72;
62136;34531;JJ179;72;
62137;34532;JJ179;73;FOLIO vide ou non reconnu dans Acts CSV
62138;34532;JJ179;73;FOLIO vide ou non reconnu dans Acts CSV
62139;34532;JJ179;73;FOLIO vide ou non reconnu dans Acts CSV
62140;34533;JJ179;74;
62141;34533;JJ179;74;
62142;34534;JJ179;75;
62143;34534;JJ179;75;
62144;34535;JJ179;76;FOLIO vide ou non reconnu dans Acts CSV
62145;34535;JJ179;76;FOLIO vide ou non reconnu dans Acts CSV
62146;34536;JJ179;77;FOLIO vide ou non reconnu dans Acts CSV
62147;34537;JJ179;78;
62148;34537;JJ179;78;
62149;34538;JJ179;79;FOLIO vide ou non reconnu dans Acts CSV
62150;34538;JJ179;79;FOLIO vide ou non reconnu dans Acts CSV
62151;34539;JJ179;80;FOLIO vide ou non reconnu dans Acts CSV
62152;34539;JJ179;80;FOLIO vide ou non reconnu dans Acts CSV
62153;34540;JJ179;81;FOLIO vide ou non reconnu dans Acts CSV
62154;34540;JJ179;81;FOLIO vide ou non reconnu dans Acts CSV
62155;34540;JJ179;81;FOLIO vide ou non reconnu dans Acts CSV
62156;34541;JJ179;82;FOLIO vide ou non reconnu dans Acts CSV
62157;34541;JJ179;82;FOLIO vide ou non reconnu dans Acts CSV
62158;34541;JJ179;82;FOLIO vide ou non reconnu dans Acts CSV
62159;34542;JJ179;83;
62160;34543;JJ179;84;FOLIO vide ou non reconnu dans Acts CSV
62161;34543;JJ179;84;FOLIO vide ou non reconnu dans Acts CSV
62162;34544;JJ179;85;FOLIO vide ou non reconnu dans Acts CSV
62163;34544;JJ179;85;FOLIO vide ou non reconnu dans Acts CSV
62164;34545;JJ179;86;FOLIO vide ou non reconnu dans Acts CSV
62165;34545;JJ179;86;FOLIO vide ou non reconnu dans Acts CSV
62166;34546;JJ179;87;FOLIO vide ou non reconnu dans Acts CSV
62167;34546;JJ179;87;FOLIO vide ou non reconnu dans Acts CSV
62168;34547;JJ179;88;FOLIO vide ou non reconnu dans Acts CSV
62169;34547;JJ179;88;FOLIO vide ou non reconnu dans Acts CSV
62170;34548;JJ179;89;FOLIO vide ou non reconnu dans Acts CSV
62171;34549;JJ179;90;FOLIO vide ou non reconnu dans Acts CSV
62172;34549;JJ179;90;FOLIO vide ou non reconnu dans Acts CSV
62173;34550;JJ179;91;
62174;34550;JJ179;91;
62175;34551;JJ179;92;FOLIO vide ou non reconnu dans Acts CSV
62176;34551;JJ179;92;FOLIO vide ou non reconnu dans Acts CSV
62177;34552;JJ179;93;FOLIO vide ou non reconnu dans Acts CSV
62178;34552;JJ179;93;FOLIO vide ou non reconnu dans Acts CSV
62179;34552;JJ179;93;FOLIO vide ou non reconnu dans Acts CSV
62180;34553;JJ179;94;FOLIO vide ou non reconnu dans Acts CSV
62181;34553;JJ179;94;FOLIO vide ou non reconnu dans Acts CSV
62182;34554;JJ179;95;FOLIO vide ou non reconnu dans Acts CSV
62183;34554;JJ179;95;FOLIO vide ou non reconnu dans Acts CSV
62184;34555;JJ179;96;FOLIO vide ou non reconnu dans Acts CSV
62185;34555;JJ179;96;FOLIO vide ou non reconnu dans Acts CSV
62186;34556;JJ179;97;FOLIO vide ou non reconnu dans Acts CSV
62187;34557;JJ179;98;FOLIO vide ou non reconnu dans Acts CSV
62188;34558;JJ179;99;FOLIO vide ou non reconnu dans Acts CSV
62189;34558;JJ179;99;FOLIO vide ou non reconnu dans Acts CSV
62190;34559;JJ179;100;FOLIO vide ou non reconnu dans Acts CSV
62191;34559;JJ179;100;FOLIO vide ou non reconnu dans Acts CSV
62192;34560;JJ179;101;
62193;34561;JJ179;102;FOLIO vide ou non reconnu dans Acts CSV
62194;34562;JJ179;103;FOLIO vide ou non reconnu dans Acts CSV
62195;34562;JJ179;103;FOLIO vide ou non reconnu dans Acts CSV
62196;34563;JJ179;104;FOLIO vide ou non reconnu dans Acts CSV
62197;34563;JJ179;104;FOLIO vide ou non reconnu dans Acts CSV
62198;34564;JJ179;105;FOLIO vide ou non reconnu dans Acts CSV
62199;34564;JJ179;105;FOLIO vide ou non reconnu dans Acts CSV
62200;34565;JJ179;106;
62201;34566;JJ179;107;
62202;34566;JJ179;107;
62203;34567;JJ179;108;FOLIO vide ou non reconnu dans Acts CSV
62204;34567;JJ179;108;FOLIO vide ou non reconnu dans Acts CSV
62205;34568;JJ179;109;FOLIO vide ou non reconnu dans Acts CSV
62206;34568;JJ179;109;FOLIO vide ou non reconnu dans Acts CSV
62207;34569;JJ179;110;FOLIO vide ou non reconnu dans Acts CSV
62208;34569;JJ179;110;FOLIO vide ou non reconnu dans Acts CSV
62209;34570;JJ179;111;FOLIO vide ou non reconnu dans Acts CSV
62210;34570;JJ179;111;FOLIO vide ou non reconnu dans Acts CSV
62211;34571;JJ179;112;
62212;34571;JJ179;112;
62213;34571;JJ179;112;
62214;34572;JJ179;113;FOLIO vide ou non reconnu dans Acts CSV
62215;34573;JJ179;114;
62216;34574;JJ179;115;FOLIO vide ou non reconnu dans Acts CSV
62217;34574;JJ179;115;FOLIO vide ou non reconnu dans Acts CSV
62218;34574;JJ179;115;FOLIO vide ou non reconnu dans Acts CSV
62219;34575;JJ179;116;FOLIO vide ou non reconnu dans Acts CSV
62220;34575;JJ179;116;FOLIO vide ou non reconnu dans Acts CSV
62221;34576;JJ179;117;FOLIO vide ou non reconnu dans Acts CSV
62222;34577;JJ179;118;FOLIO vide ou non reconnu dans Acts CSV
62223;34577;JJ179;118;FOLIO vide ou non reconnu dans Acts CSV
62224;34578;JJ179;119;FOLIO vide ou non reconnu dans Acts CSV
62225;34578;JJ179;119;FOLIO vide ou non reconnu dans Acts CSV
62226;34579;JJ179;120;
62227;34579;JJ179;120;
62228;34579;JJ179;120;
62229;34580;JJ179;121;FOLIO vide ou non reconnu dans Acts CSV
62230;34580;JJ179;121;FOLIO vide ou non reconnu dans Acts CSV
62231;34581;JJ179;122;
62232;34581;JJ179;122;
62233;34582;JJ179;123;
62234;34582;JJ179;123;
62235;34582;JJ179;123;
62236;34583;JJ179;124;FOLIO vide ou non reconnu dans Acts CSV
62237;34583;JJ179;124;FOLIO vide ou non reconnu dans Acts CSV
62238;34584;JJ179;125;FOLIO vide ou non reconnu dans Acts CSV
62239;34585;JJ179;126;
62240;34586;JJ179;127;FOLIO vide ou non reconnu dans Acts CSV
62241;34586;JJ179;127;FOLIO vide ou non reconnu dans Acts CSV
62242;34587;JJ179;128;
62243;34588;JJ179;129;FOLIO vide ou non reconnu dans Acts CSV
62244;34589;JJ179;130;
62245;34589;JJ179;130;
62246;34590;JJ179;131;FOLIO vide ou non reconnu dans Acts CSV
62247;34591;JJ179;132;
62248;34591;JJ179;132;
62249;34592;JJ179;133;FOLIO vide ou non reconnu dans Acts CSV
62250;34593;JJ179;134;
62251;34593;JJ179;134;
62252;34594;JJ179;135;FOLIO vide ou non reconnu dans Acts CSV
62253;34594;JJ179;135;FOLIO vide ou non reconnu dans Acts CSV
62254;34595;JJ179;136;FOLIO vide ou non reconnu dans Acts CSV
62255;34596;JJ179;137;FOLIO vide ou non reconnu dans Acts CSV
62256;34597;JJ179;138;
62257;34598;JJ179;139;FOLIO vide ou non reconnu dans Acts CSV
62258;34598;JJ179;139;FOLIO vide ou non reconnu dans Acts CSV
62259;34599;JJ179;140;FOLIO vide ou non reconnu dans Acts CSV
62260;34599;JJ179;140;FOLIO vide ou non reconnu dans Acts CSV
62261;34600;JJ179;141;FOLIO vide ou non reconnu dans Acts CSV
62262;34600;JJ179;141;FOLIO vide ou non reconnu dans Acts CSV
62263;34600;JJ179;141;FOLIO vide ou non reconnu dans Acts CSV
62264;34600;JJ179;141;FOLIO vide ou non reconnu dans Acts CSV
62265;34601;JJ179;142;
62266;34602;JJ179;143;FOLIO vide ou non reconnu dans Acts CSV
62267;34602;JJ179;143;FOLIO vide ou non reconnu dans Acts CSV
62268;34603;JJ179;144;FOLIO vide ou non reconnu dans Acts CSV
62269;34603;JJ179;144;FOLIO vide ou non reconnu dans Acts CSV
62270;34603;JJ179;144;FOLIO vide ou non reconnu dans Acts CSV
62271;34604;JJ179;145;FOLIO vide ou non reconnu dans Acts CSV
62272;34604;JJ179;145;FOLIO vide ou non reconnu dans Acts CSV
62273;34605;JJ179;146;FOLIO vide ou non reconnu dans Acts CSV
62274;34606;JJ179;147;
62275;34606;JJ179;147;
62276;34607;JJ179;148;
62277;34607;JJ179;148;
62278;34607;JJ179;148;
62279;34608;JJ179;149;FOLIO vide ou non reconnu dans Acts CSV
62280;34608,1;JJ179;149bis;FOLIO vide ou non reconnu dans Acts CSV
62281;34608,1;JJ179;149bis;FOLIO vide ou non reconnu dans Acts CSV
62282;34609;JJ179;150;FOLIO vide ou non reconnu dans Acts CSV
62283;34609;JJ179;150;FOLIO vide ou non reconnu dans Acts CSV
62284;34610;JJ179;151;
62285;34610;JJ179;151;
62286;34611;JJ179;152;
62287;34611;JJ179;152;
62288;34615;JJ179;153;
62289;34615;JJ179;153;
62290;34616;JJ179;154;FOLIO vide ou non reconnu dans Acts CSV
62291;34616;JJ179;154;FOLIO vide ou non reconnu dans Acts CSV
62292;34617;JJ179;155;FOLIO vide ou non reconnu dans Acts CSV
62293;34617;JJ179;155;FOLIO vide ou non reconnu dans Acts CSV
62294;34617;JJ179;155;FOLIO vide ou non reconnu dans Acts CSV
62295;34618;JJ179;156;FOLIO vide ou non reconnu dans Acts CSV
62296;34618;JJ179;156;FOLIO vide ou non reconnu dans Acts CSV
62297;34619;JJ179;157;
62298;34619;JJ179;157;
62299;34619;JJ179;157;
62300;34620;JJ179;158;
62301;34620;JJ179;158;
62302;34621;JJ179;159;FOLIO vide ou non reconnu dans Acts CSV
62303;34621;JJ179;159;FOLIO vide ou non reconnu dans Acts CSV
62304;34622;JJ179;160;FOLIO vide ou non reconnu dans Acts CSV
62305;34622;JJ179;160;FOLIO vide ou non reconnu dans Acts CSV
62306;34622;JJ179;160;FOLIO vide ou non reconnu dans Acts CSV
62307;34623;JJ179;161;
62308;34623;JJ179;161;
62309;34624;JJ179;162;
62310;34624;JJ179;162;
62311;34625;JJ179;163;
62312;34625;JJ179;163;
62313;34626;JJ179;164;
62314;34626;JJ179;164;
62315;34627;JJ179;165;FOLIO vide ou non reconnu dans Acts CSV
62316;34627;JJ179;165;FOLIO vide ou non reconnu dans Acts CSV
62317;34628;JJ179;166;FOLIO vide ou non reconnu dans Acts CSV
62318;34628;JJ179;166;FOLIO vide ou non reconnu dans Acts CSV
62319;34629;JJ179;167;
62320;34629;JJ179;167;
62321;34630;JJ179;168;
62322;34630;JJ179;168;
62323;34630;JJ179;168;
62324;34631;JJ179;169;
62325;34631;JJ179;169;
62326;34632;JJ179;170;
62327;34632;JJ179;170;
62328;34632;JJ179;170;
62329;34633;JJ179;171;FOLIO vide ou non reconnu dans Acts CSV
62330;34633;JJ179;171;FOLIO vide ou non reconnu dans Acts CSV
62331;34634;JJ179;172;FOLIO vide ou non reconnu dans Acts CSV
62332;34634;JJ179;172;FOLIO vide ou non reconnu dans Acts CSV
62333;34635;JJ179;173;FOLIO vide ou non reconnu dans Acts CSV
62334;34636;JJ179;174;FOLIO vide ou non reconnu dans Acts CSV
62335;34636;JJ179;174;FOLIO vide ou non reconnu dans Acts CSV
62336;34637;JJ179;175;FOLIO vide ou non reconnu dans Acts CSV
62337;34637;JJ179;175;FOLIO vide ou non reconnu dans Acts CSV
62338;34638;JJ179;176;FOLIO vide ou non reconnu dans Acts CSV
62339;34638;JJ179;176;FOLIO vide ou non reconnu dans Acts CSV
62340;34639;JJ179;177;FOLIO vide ou non reconnu dans Acts CSV
62341;34639;JJ179;177;FOLIO vide ou non reconnu dans Acts CSV
62342;34640;JJ179;178;
62343;34640;JJ179;178;
62344;34641;JJ179;179;
62345;34641;JJ179;179;
62346;34642;JJ179;180;
62347;34642;JJ179;180;
62348;34642;JJ179;180;
62349;34643;JJ179;181;FOLIO vide ou non reconnu dans Acts CSV
62350;34643;JJ179;181;FOLIO vide ou non reconnu dans Acts CSV
62351;34644;JJ179;182;FOLIO vide ou non reconnu dans Acts CSV
62352;34644;JJ179;182;FOLIO vide ou non reconnu dans Acts CSV
62353;34645;JJ179;183;
62354;34645;JJ179;183;
62355;34646;JJ179;184;FOLIO vide ou non reconnu dans Acts CSV
62356;34646;JJ179;184;FOLIO vide ou non reconnu dans Acts CSV
62357;34646;JJ179;184;FOLIO vide ou non reconnu dans Acts CSV
62358;34647;JJ179;185;FOLIO vide ou non reconnu dans Acts CSV
62359;34647;JJ179;185;FOLIO vide ou non reconnu dans Acts CSV
62360;34648;JJ179;186;
62361;34648;JJ179;186;
62362;34649;JJ179;187;
62363;34649;JJ179;187;
62364;34650;JJ179;188;FOLIO vide ou non reconnu dans Acts CSV
62365;34650;JJ179;188;FOLIO vide ou non reconnu dans Acts CSV
62366;34651;JJ179;189;FOLIO vide ou non reconnu dans Acts CSV
62367;34651;JJ179;189;FOLIO vide ou non reconnu dans Acts CSV
62368;34652;JJ179;190;FOLIO vide ou non reconnu dans Acts CSV
62369;34652;JJ179;190;FOLIO vide ou non reconnu dans Acts CSV
62370;34653;JJ179;191;FOLIO vide ou non reconnu dans Acts CSV
62371;34653;JJ179;191;FOLIO vide ou non reconnu dans Acts CSV
62372;34654;JJ179;192;
62373;34654;JJ179;192;
62374;34655;JJ179;193;FOLIO vide ou non reconnu dans Acts CSV
62375;34655;JJ179;193;FOLIO vide ou non reconnu dans Acts CSV
62376;34655;JJ179;193;FOLIO vide ou non reconnu dans Acts CSV
62377;34656;JJ179;194;
62378;34656;JJ179;194;
62379;34656;JJ179;194;
62380;34657;JJ179;195;
62381;34657;JJ179;195;
62382;34657;JJ179;195;
62383;34658;JJ179;196;FOLIO vide ou non reconnu dans Acts CSV
62384;34659;JJ179;197;FOLIO vide ou non reconnu dans Acts CSV
62385;34659;JJ179;197;FOLIO vide ou non reconnu dans Acts CSV
62386;34660;JJ179;198;FOLIO vide ou non reconnu dans Acts CSV
62387;34660;JJ179;198;FOLIO vide ou non reconnu dans Acts CSV
62388;34661;JJ179;199;FOLIO vide ou non reconnu dans Acts CSV
62389;34661;JJ179;199;FOLIO vide ou non reconnu dans Acts CSV
62390;34662;JJ179;200;FOLIO vide ou non reconnu dans Acts CSV
62391;34662,1;JJ179;200bis;FOLIO vide ou non reconnu dans Acts CSV
62392;34662,1;JJ179;200bis;FOLIO vide ou non reconnu dans Acts CSV
62393;34663;JJ179;201;FOLIO vide ou non reconnu dans Acts CSV
62394;34663;JJ179;201;FOLIO vide ou non reconnu dans Acts CSV
62395;34664;JJ179;202;
62396;34664;JJ179;202;
62397;34664;JJ179;202;
62398;34665;JJ179;203;
62399;34666;JJ179;204;FOLIO vide ou non reconnu dans Acts CSV
62400;34667;JJ179;204bis;FOLIO vide ou non reconnu dans Acts CSV
62401;34668;JJ179;205;FOLIO vide ou non reconnu dans Acts CSV
62402;34668;JJ179;205;FOLIO vide ou non reconnu dans Acts CSV
62403;34669;JJ179;206;FOLIO vide ou non reconnu dans Acts CSV
62404;34669;JJ179;206;FOLIO vide ou non reconnu dans Acts CSV
62405;34670;JJ179;207;
62406;34670;JJ179;207;
62407;34671;JJ179;208;
62408;34671;JJ179;208;
62409;34672;JJ179;209;
62410;34672;JJ179;209;
62411;34673;JJ179;210;
62412;34673;JJ179;210;
62413;34674;JJ179;211;FOLIO vide ou non reconnu dans Acts CSV
62414;34674;JJ179;211;FOLIO vide ou non reconnu dans Acts CSV
62415;34675;JJ179;212;FOLIO vide ou non reconnu dans Acts CSV
62416;34675;JJ179;212;FOLIO vide ou non reconnu dans Acts CSV
62417;34676;JJ179;213;FOLIO vide ou non reconnu dans Acts CSV
62418;34677;JJ179;214;
62419;34677;JJ179;214;
62420;34677;JJ179;214;
62421;34678;JJ179;215;FOLIO vide ou non reconnu dans Acts CSV
62422;34678;JJ179;215;FOLIO vide ou non reconnu dans Acts CSV
62423;34679;JJ179;216;FOLIO vide ou non reconnu dans Acts CSV
62424;34679;JJ179;216;FOLIO vide ou non reconnu dans Acts CSV
62425;34680;JJ179;217;FOLIO vide ou non reconnu dans Acts CSV
62426;34681;JJ179;218;
62427;34681;JJ179;218;
62428;34682;JJ179;219;FOLIO vide ou non reconnu dans Acts CSV
62429;34682;JJ179;219;FOLIO vide ou non reconnu dans Acts CSV
62430;34683;JJ179;220;FOLIO vide ou non reconnu dans Acts CSV
62431;34683;JJ179;220;FOLIO vide ou non reconnu dans Acts CSV
62432;34684;JJ179;221;FOLIO vide ou non reconnu dans Acts CSV
62433;34684;JJ179;221;FOLIO vide ou non reconnu dans Acts CSV
62434;34685;JJ179;222;
62435;34685;JJ179;222;
62436;34686;JJ179;223;FOLIO vide ou non reconnu dans Acts CSV
62437;34686;JJ179;223;FOLIO vide ou non reconnu dans Acts CSV
62438;34687;JJ179;224;
62439;34687;JJ179;224;
62440;34688;JJ179;225;FOLIO vide ou non reconnu dans Acts CSV
62441;34688;JJ179;225;FOLIO vide ou non reconnu dans Acts CSV
62442;34689;JJ179;226;
62443;34689;JJ179;226;
62444;34690;JJ179;227;FOLIO vide ou non reconnu dans Acts CSV
62445;34690;JJ179;227;FOLIO vide ou non reconnu dans Acts CSV
62446;34691;JJ179;228;FOLIO vide ou non reconnu dans Acts CSV
62447;34691;JJ179;228;FOLIO vide ou non reconnu dans Acts CSV
62448;34691;JJ179;228;FOLIO vide ou non reconnu dans Acts CSV
62449;34691;JJ179;228;FOLIO vide ou non reconnu dans Acts CSV
62450;34692;JJ179;229;FOLIO vide ou non reconnu dans Acts CSV
62451;34692;JJ179;229;FOLIO vide ou non reconnu dans Acts CSV
62452;34693;JJ179;230;
62453;34693;JJ179;230;
62454;34693;JJ179;230;
62455;34694;JJ179;231;FOLIO vide ou non reconnu dans Acts CSV
62456;34694;JJ179;231;FOLIO vide ou non reconnu dans Acts CSV
62457;34694;JJ179;231;FOLIO vide ou non reconnu dans Acts CSV
62458;34695;JJ179;232;FOLIO vide ou non reconnu dans Acts CSV
62459;34695;JJ179;232;FOLIO vide ou non reconnu dans Acts CSV
62460;34696;JJ179;233;
62461;34696;JJ179;233;
62462;34697;JJ179;234;FOLIO vide ou non reconnu dans Acts CSV
62463;34697;JJ179;234;FOLIO vide ou non reconnu dans Acts CSV
62464;34698;JJ179;235;
62465;34698;JJ179;235;
62466;34698;JJ179;235;
62467;34699;JJ179;236;
62468;34699;JJ179;236;
62469;34700;JJ179;237;FOLIO vide ou non reconnu dans Acts CSV
62470;34700;JJ179;237;FOLIO vide ou non reconnu dans Acts CSV
62471;34701;JJ179;238;FOLIO vide ou non reconnu dans Acts CSV
62472;34701;JJ179;238;FOLIO vide ou non reconnu dans Acts CSV
62473;34702;JJ179;239;FOLIO vide ou non reconnu dans Acts CSV
62474;34702;JJ179;239;FOLIO vide ou non reconnu dans Acts CSV
62475;34703;JJ179;240;FOLIO vide ou non reconnu dans Acts CSV
62476;34703;JJ179;240;FOLIO vide ou non reconnu dans Acts CSV
62477;34704;JJ179;241;FOLIO vide ou non reconnu dans Acts CSV
62478;34704;JJ179;241;FOLIO vide ou non reconnu dans Acts CSV
62479;34705;JJ179;242;FOLIO vide ou non reconnu dans Acts CSV
62480;34705;JJ179;242;FOLIO vide ou non reconnu dans Acts CSV
62481;34705;JJ179;242;FOLIO vide ou non reconnu dans Acts CSV
62482;34706;JJ179;243;FOLIO vide ou non reconnu dans Acts CSV
62483;34706;JJ179;243;FOLIO vide ou non reconnu dans Acts CSV
62484;34707;JJ179;244;FOLIO vide ou non reconnu dans Acts CSV
62485;34707;JJ179;244;FOLIO vide ou non reconnu dans Acts CSV
62486;34708;JJ179;245;FOLIO vide ou non reconnu dans Acts CSV
62487;34708;JJ179;245;FOLIO vide ou non reconnu dans Acts CSV
62488;34709;JJ179;246;
62489;34709;JJ179;246;
62490;34710;JJ179;247;
62491;34710;JJ179;247;
62492;34710;JJ179;247;
62493;34710;JJ179;247;
62494;34710;JJ179;247;
62495;34710;JJ179;247;
62496;34710,1;JJ179;247bis;
62497;34711;JJ179;248;
62498;34711;JJ179;248;
62499;34712;JJ179;249;
62500;34712;JJ179;249;
62501;34713;JJ179;250;
62502;34714;JJ179;251;
62503;34714;JJ179;251;
62504;34714;JJ179;251;
62505;34715;JJ179;252;FOLIO vide ou non reconnu dans Acts CSV
62506;34715;JJ179;252;FOLIO vide ou non reconnu dans Acts CSV
62507;34716;JJ179;253;FOLIO vide ou non reconnu dans Acts CSV
62508;34716;JJ179;253;FOLIO vide ou non reconnu dans Acts CSV
62509;34717;JJ179;254;
62510;34717;JJ179;254;
62511;34718;JJ179;255;
62512;34718;JJ179;255;
62513;34719;JJ179;256;FOLIO vide ou non reconnu dans Acts CSV
62514;34719;JJ179;256;FOLIO vide ou non reconnu dans Acts CSV
62515;34720;JJ179;257;
62516;34721;JJ179;258;FOLIO vide ou non reconnu dans Acts CSV
62517;34721;JJ179;258;FOLIO vide ou non reconnu dans Acts CSV
62518;34722;JJ179;259;FOLIO vide ou non reconnu dans Acts CSV
62519;34722;JJ179;259;FOLIO vide ou non reconnu dans Acts CSV
62520;34723;JJ179;260;
62521;34723;JJ179;260;
62522;34723;JJ179;260;
62523;34724;JJ179;261;FOLIO vide ou non reconnu dans Acts CSV
62524;34724;JJ179;261;FOLIO vide ou non reconnu dans Acts CSV
62525;34725;JJ179;262;
62526;34725;JJ179;262;
62527;34726;JJ179;263;FOLIO vide ou non reconnu dans Acts CSV
62528;34726;JJ179;263;FOLIO vide ou non reconnu dans Acts CSV
62529;34727;JJ179;264;FOLIO vide ou non reconnu dans Acts CSV
62530;34728;JJ179;265;FOLIO vide ou non reconnu dans Acts CSV
62531;34729;JJ179;266;
62532;34729;JJ179;266;
62533;34730;JJ179;267;FOLIO vide ou non reconnu dans Acts CSV
62534;34730;JJ179;267;FOLIO vide ou non reconnu dans Acts CSV
62535;34731;JJ179;268;FOLIO vide ou non reconnu dans Acts CSV
62536;34731;JJ179;268;FOLIO vide ou non reconnu dans Acts CSV
62537;34731;JJ179;268;FOLIO vide ou non reconnu dans Acts CSV
62538;34732;JJ179;269;FOLIO vide ou non reconnu dans Acts CSV
62539;34733;JJ179;270;FOLIO vide ou non reconnu dans Acts CSV
62540;34733;JJ179;270;FOLIO vide ou non reconnu dans Acts CSV
62541;34734;JJ179;271;FOLIO vide ou non reconnu dans Acts CSV
62542;34734;JJ179;271;FOLIO vide ou non reconnu dans Acts CSV
62543;34734;JJ179;271;FOLIO vide ou non reconnu dans Acts CSV
62544;34735;JJ179;272;
62545;34735;JJ179;272;
62546;34736;JJ179;273;
62547;34737;JJ179;274;
62548;34738;JJ179;275;FOLIO vide ou non reconnu dans Acts CSV
62549;34738;JJ179;275;FOLIO vide ou non reconnu dans Acts CSV
62550;34738;JJ179;275;FOLIO vide ou non reconnu dans Acts CSV
62551;34739;JJ179;276;
62552;34739;JJ179;276;
62553;34739;JJ179;276;
62554;34740;JJ179;277;FOLIO vide ou non reconnu dans Acts CSV
62555;34740;JJ179;277;FOLIO vide ou non reconnu dans Acts CSV
62556;34741;JJ179;278;FOLIO vide ou non reconnu dans Acts CSV
62557;34741;JJ179;278;FOLIO vide ou non reconnu dans Acts CSV
62558;34742;JJ179;279;FOLIO vide ou non reconnu dans Acts CSV
62559;34742;JJ179;279;FOLIO vide ou non reconnu dans Acts CSV
62560;34743;JJ179;280;FOLIO vide ou non reconnu dans Acts CSV
62561;34743;JJ179;280;FOLIO vide ou non reconnu dans Acts CSV
62562;34743;JJ179;280;FOLIO vide ou non reconnu dans Acts CSV
62563;34744;JJ179;281;
62564;34744;JJ179;281;
62565;34745;JJ179;282;
62566;34746;JJ179;283;FOLIO vide ou non reconnu dans Acts CSV
62567;34746;JJ179;283;FOLIO vide ou non reconnu dans Acts CSV
62568;34747;JJ179;284;
62569;34747;JJ179;284;
62570;34748;JJ179;285;FOLIO vide ou non reconnu dans Acts CSV
62571;34748;JJ179;285;FOLIO vide ou non reconnu dans Acts CSV
62572;34749;JJ179;286;FOLIO vide ou non reconnu dans Acts CSV
62573;34750;JJ179;287;FOLIO vide ou non reconnu dans Acts CSV
62574;34750;JJ179;287;FOLIO vide ou non reconnu dans Acts CSV
62575;34751;JJ179;288;FOLIO vide ou non reconnu dans Acts CSV
62576;34752;JJ179;289;FOLIO vide ou non reconnu dans Acts CSV
62577;34752;JJ179;289;FOLIO vide ou non reconnu dans Acts CSV
62578;34753;JJ179;290;FOLIO vide ou non reconnu dans Acts CSV
62579;34753;JJ179;290;FOLIO vide ou non reconnu dans Acts CSV
62580;34754;JJ179;291;
62581;34754;JJ179;291;
62582;34755;JJ179;292;FOLIO vide ou non reconnu dans Acts CSV
62583;34755;JJ179;292;FOLIO vide ou non reconnu dans Acts CSV
62584;34756;JJ179;293;FOLIO vide ou non reconnu dans Acts CSV
62585;34757;JJ179;294;FOLIO vide ou non reconnu dans Acts CSV
62586;34757;JJ179;294;FOLIO vide ou non reconnu dans Acts CSV
62587;34758;JJ179;295;
62588;34758;JJ179;295;
62589;34759;JJ179;296;FOLIO vide ou non reconnu dans Acts CSV
62590;34760;JJ179;297;
62591;34760;JJ179;297;
62592;34761;JJ179;298;
62593;34761;JJ179;298;
62594;34761;JJ179;298;
62595;34762;JJ179;299;
62596;34762;JJ179;299;
62597;34763;JJ179;300;
62598;34763;JJ179;300;
62599;34764;JJ179;301;
62600;34764;JJ179;301;
62601;34764;JJ179;301;
62602;34765;JJ179;302;FOLIO vide ou non reconnu dans Acts CSV
62603;34765;JJ179;302;FOLIO vide ou non reconnu dans Acts CSV
62604;34766;JJ179;303;FOLIO vide ou non reconnu dans Acts CSV
62605;34766;JJ179;303;FOLIO vide ou non reconnu dans Acts CSV
62606;34767;JJ179;304;FOLIO vide ou non reconnu dans Acts CSV
62607;34768;JJ179;305;FOLIO vide ou non reconnu dans Acts CSV
62608;34768;JJ179;305;FOLIO vide ou non reconnu dans Acts CSV
62609;34769;JJ179;306;FOLIO vide ou non reconnu dans Acts CSV
62610;34769;JJ179;306;FOLIO vide ou non reconnu dans Acts CSV
62611;34770;JJ179;307;FOLIO vide ou non reconnu dans Acts CSV
62612;34770;JJ179;307;FOLIO vide ou non reconnu dans Acts CSV
62613;34771;JJ179;308;
62614;34771;JJ179;308;
62615;34772;JJ179;309;
62616;34772;JJ179;309;
62617;34773;JJ179;310;
62618;34773;JJ179;310;
62619;34774;JJ179;311;FOLIO vide ou non reconnu dans Acts CSV
62620;34774;JJ179;311;FOLIO vide ou non reconnu dans Acts CSV
62621;34775;JJ179;312;
62622;34775;JJ179;312;
62623;34776;JJ179;313;
62624;34776;JJ179;313;
62625;34777;JJ179;314;FOLIO vide ou non reconnu dans Acts CSV
62626;34777;JJ179;314;FOLIO vide ou non reconnu dans Acts CSV
62627;34778;JJ179;315;FOLIO vide ou non reconnu dans Acts CSV
62628;34778;JJ179;315;FOLIO vide ou non reconnu dans Acts CSV
62629;34779;JJ179;316;
62630;34779;JJ179;316;
62631;34780;JJ179;317;FOLIO vide ou non reconnu dans Acts CSV
62632;34780;JJ179;317;FOLIO vide ou non reconnu dans Acts CSV
62633;34781;JJ179;318;FOLIO vide ou non reconnu dans Acts CSV
62634;34781;JJ179;318;FOLIO vide ou non reconnu dans Acts CSV
62635;34782;JJ179;319;FOLIO vide ou non reconnu dans Acts CSV
62636;34782;JJ179;319;FOLIO vide ou non reconnu dans Acts CSV
62637;34783;JJ179;320;FOLIO vide ou non reconnu dans Acts CSV
62638;34783;JJ179;320;FOLIO vide ou non reconnu dans Acts CSV
62639;34783;JJ179;320;FOLIO vide ou non reconnu dans Acts CSV
62640;34784;JJ179;321;
62641;34784;JJ179;321;
62642;34784;JJ179;321;
62643;34784;JJ179;321;
62644;34785;JJ179;322;
62645;34786;JJ179;323;FOLIO vide ou non reconnu dans Acts CSV
62646;34787;JJ179;324;FOLIO vide ou non reconnu dans Acts CSV
62647;34788;JJ179;325;FOLIO vide ou non reconnu dans Acts CSV
62648;34788;JJ179;325;FOLIO vide ou non reconnu dans Acts CSV
62649;34789;JJ179;326;
62650;34789;JJ179;326;
62651;34790;JJ179;327;
62652;34790;JJ179;327;
62653;34791;JJ179;328;FOLIO vide ou non reconnu dans Acts CSV
62654;34791;JJ179;328;FOLIO vide ou non reconnu dans Acts CSV
62655;34791;JJ179;328;FOLIO vide ou non reconnu dans Acts CSV
62656;34792;JJ179;329;FOLIO vide ou non reconnu dans Acts CSV
62657;34793;JJ179;330;FOLIO vide ou non reconnu dans Acts CSV
62658;34794;JJ179;331;FOLIO vide ou non reconnu dans Acts CSV
62659;34794;JJ179;331;FOLIO vide ou non reconnu dans Acts CSV
62660;34795;JJ179;332;FOLIO vide ou non reconnu dans Acts CSV
62661;34795;JJ179;332;FOLIO vide ou non reconnu dans Acts CSV
62662;34796;JJ179;333;FOLIO vide ou non reconnu dans Acts CSV
62663;34796;JJ179;333;FOLIO vide ou non reconnu dans Acts CSV
62664;34797;JJ179;334;
62665;34797;JJ179;334;
62666;34798;JJ179;335;FOLIO vide ou non reconnu dans Acts CSV
62667;34798;JJ179;335;FOLIO vide ou non reconnu dans Acts CSV
62668;34799;JJ179;336;
62669;34799;JJ179;336;
62670;34800;JJ179;337;
62671;34800;JJ179;337;
62672;34801;JJ179;338;
62673;34801;JJ179;338;
62674;34802;JJ179;339;FOLIO vide ou non reconnu dans Acts CSV
62675;34803;JJ179;340;FOLIO vide ou non reconnu dans Acts CSV
62676;34803;JJ179;340;FOLIO vide ou non reconnu dans Acts CSV
62677;34804;JJ179;341;
62678;34804;JJ179;341;
62679;34805;JJ179;342;
62680;34805;JJ179;342;
62681;34806;JJ179;343;
62682;34807;JJ179;344;
62683;34807;JJ179;344;
62684;34808;JJ179;345;FOLIO vide ou non reconnu dans Acts CSV
62685;34808;JJ179;345;FOLIO vide ou non reconnu dans Acts CSV
62686;34809;JJ179;346;FOLIO vide ou non reconnu dans Acts CSV
62687;34809;JJ179;346;FOLIO vide ou non reconnu dans Acts CSV
62688;34810;JJ179;347;FOLIO vide ou non reconnu dans Acts CSV
62689;34810;JJ179;347;FOLIO vide ou non reconnu dans Acts CSV
62690;34811;JJ179;348;
62691;34811;JJ179;348;
62692;34812;JJ179;349;FOLIO vide ou non reconnu dans Acts CSV
62693;34812;JJ179;349;FOLIO vide ou non reconnu dans Acts CSV
62694;34812;JJ179;349;FOLIO vide ou non reconnu dans Acts CSV
62695;34813;JJ179;350;FOLIO vide ou non reconnu dans Acts CSV
62696;34814;JJ179;351;FOLIO vide ou non reconnu dans Acts CSV
62697;34814;JJ179;351;FOLIO vide ou non reconnu dans Acts CSV
62698;34815;JJ179;352;
62699;34815;JJ179;352;
62700;34816;JJ179;353;FOLIO vide ou non reconnu dans Acts CSV
62701;34816;JJ179;353;FOLIO vide ou non reconnu dans Acts CSV
62702;34817;JJ179;354;FOLIO vide ou non reconnu dans Acts CSV
62703;34817;JJ179;354;FOLIO vide ou non reconnu dans Acts CSV
62704;34818;JJ179;355;FOLIO vide ou non reconnu dans Acts CSV
62705;34818;JJ179;355;FOLIO vide ou non reconnu dans Acts CSV
62706;34818;JJ179;355;FOLIO vide ou non reconnu dans Acts CSV
62707;34819;JJ179;356;
62708;34820;JJ179;357;FOLIO vide ou non reconnu dans Acts CSV
62709;34820;JJ179;357;FOLIO vide ou non reconnu dans Acts CSV
62710;34821;JJ179;358;FOLIO vide ou non reconnu dans Acts CSV
62711;34822;JJ179;359;
62712;34822;JJ179;359;
62713;34823;JJ179;360;FOLIO vide ou non reconnu dans Acts CSV
62714;34823;JJ179;360;FOLIO vide ou non reconnu dans Acts CSV
62715;34824;JJ179;361;FOLIO vide ou non reconnu dans Acts CSV
62716;34824;JJ179;361;FOLIO vide ou non reconnu dans Acts CSV
62717;34825;JJ179;362;
62718;34826;JJ179;363;
62719;34826;JJ179;363;
62720;34827;JJ179;364;
62721;34827;JJ179;364;
62722;34828;JJ179;365;
62723;34828;JJ179;365;
62724;34829;JJ179;366;
62725;34829;JJ179;366;
62726;34830;JJ179;367;
62727;34830;JJ179;367;
62728;34831;JJ179;368;FOLIO vide ou non reconnu dans Acts CSV
62729;34831;JJ179;368;FOLIO vide ou non reconnu dans Acts CSV
62730;34832;JJ179;369;FOLIO vide ou non reconnu dans Acts CSV
62731;34832;JJ179;369;FOLIO vide ou non reconnu dans Acts CSV
62732;34833;JJ179;370;FOLIO vide ou non reconnu dans Acts CSV
62733;34833;JJ179;370;FOLIO vide ou non reconnu dans Acts CSV
62734;34834;JJ179;371;FOLIO vide ou non reconnu dans Acts CSV
62735;34834;JJ179;371;FOLIO vide ou non reconnu dans Acts CSV
62736;34835;JJ179;372;FOLIO vide ou non reconnu dans Acts CSV
62737;34836;JJ179;373;
62738;34836;JJ179;373;
62739;34836;JJ179;373;
62740;34837;JJ179;374;FOLIO vide ou non reconnu dans Acts CSV
62741;34837;JJ179;374;FOLIO vide ou non reconnu dans Acts CSV
62742;34838;JJ179;375;FOLIO vide ou non reconnu dans Acts CSV
62743;34838;JJ179;375;FOLIO vide ou non reconnu dans Acts CSV
62744;34838;JJ179;375;FOLIO vide ou non reconnu dans Acts CSV
62745;34839;JJ179;376;FOLIO vide ou non reconnu dans Acts CSV
62746;34839;JJ179;376;FOLIO vide ou non reconnu dans Acts CSV
62747;34840;JJ179;377;FOLIO vide ou non reconnu dans Acts CSV
62748;34840;JJ179;377;FOLIO vide ou non reconnu dans Acts CSV
62749;34841;JJ179;378;FOLIO vide ou non reconnu dans Acts CSV
62750;34841;JJ179;378;FOLIO vide ou non reconnu dans Acts CSV
62751;34842;JJ179;379;
62752;34842;JJ179;379;
62759;34852;JJ180;1;FOLIO vide ou non reconnu dans Acts CSV
62760;34853;JJ180;2;FOLIO vide ou non reconnu dans Acts CSV
62761;34854;JJ180;3;FOLIO vide ou non reconnu dans Acts CSV
62762;34854;JJ180;3;FOLIO vide ou non reconnu dans Acts CSV
62763;34855;JJ180;4;FOLIO vide ou non reconnu dans Acts CSV
62764;34855;JJ180;4;FOLIO vide ou non reconnu dans Acts CSV
62765;34856;JJ180;5;FOLIO vide ou non reconnu dans Acts CSV
62766;34856;JJ180;5;FOLIO vide ou non reconnu dans Acts CSV
62767;34857;JJ180;6;FOLIO vide ou non reconnu dans Acts CSV
62768;34858;JJ180;7;FOLIO vide ou non reconnu dans Acts CSV
62769;34858;JJ180;7;FOLIO vide ou non reconnu dans Acts CSV
62770;34859;JJ180;8;
62771;34860;JJ180;9;FOLIO vide ou non reconnu dans Acts CSV
62772;34860;JJ180;9;FOLIO vide ou non reconnu dans Acts CSV
62773;34861;JJ180;10;FOLIO vide ou non reconnu dans Acts CSV
62774;34862;JJ180;11;FOLIO vide ou non reconnu dans Acts CSV
62775;34862;JJ180;11;FOLIO vide ou non reconnu dans Acts CSV
62776;34863;JJ180;12;FOLIO vide ou non reconnu dans Acts CSV
62777;34863;JJ180;12;FOLIO vide ou non reconnu dans Acts CSV
62778;34864;JJ180;13;FOLIO vide ou non reconnu dans Acts CSV
62779;34864;JJ180;13;FOLIO vide ou non reconnu dans Acts CSV
62780;34865;JJ180;14;FOLIO vide ou non reconnu dans Acts CSV
62781;34865;JJ180;14;FOLIO vide ou non reconnu dans Acts CSV
62782;34866;JJ180;15;FOLIO vide ou non reconnu dans Acts CSV
62783;34866;JJ180;15;FOLIO vide ou non reconnu dans Acts CSV
62784;34866;JJ180;15;FOLIO vide ou non reconnu dans Acts CSV
62785;34867;JJ180;16;
62786;34867;JJ180;16;
62787;34868;JJ180;17;FOLIO vide ou non reconnu dans Acts CSV
62788;34868;JJ180;17;FOLIO vide ou non reconnu dans Acts CSV
62789;34869;JJ180;18;FOLIO vide ou non reconnu dans Acts CSV
62790;34870;JJ180;19;FOLIO vide ou non reconnu dans Acts CSV
62791;34870;JJ180;19;FOLIO vide ou non reconnu dans Acts CSV
62792;34871;JJ180;20;
62793;34872;JJ180;21;FOLIO vide ou non reconnu dans Acts CSV
62794;34872;JJ180;21;FOLIO vide ou non reconnu dans Acts CSV
62795;34872;JJ180;21;FOLIO vide ou non reconnu dans Acts CSV
62796;34873;JJ180;22;FOLIO vide ou non reconnu dans Acts CSV
62797;34874;JJ180;23;FOLIO vide ou non reconnu dans Acts CSV
62798;34875;JJ180;24;FOLIO vide ou non reconnu dans Acts CSV
62799;34875;JJ180;24;FOLIO vide ou non reconnu dans Acts CSV
62800;34876;JJ180;25;FOLIO vide ou non reconnu dans Acts CSV
62801;34877;JJ180;26;FOLIO vide ou non reconnu dans Acts CSV
62802;34877;JJ180;26;FOLIO vide ou non reconnu dans Acts CSV
62803;34877;JJ180;26;FOLIO vide ou non reconnu dans Acts CSV
62804;34878;JJ180;27;
62805;34878;JJ180;27;
62806;34879;JJ180;28;
62807;34879;JJ180;28;
62808;34880;JJ180;29;
62809;34881;JJ180;30;FOLIO vide ou non reconnu dans Acts CSV
62810;34882;JJ180;31;
62811;34883;JJ180;32;FOLIO vide ou non reconnu dans Acts CSV
62812;34883;JJ180;32;FOLIO vide ou non reconnu dans Acts CSV
62813;34884;JJ180;33;FOLIO vide ou non reconnu dans Acts CSV
62814;34884;JJ180;33;FOLIO vide ou non reconnu dans Acts CSV
62815;34885;JJ180;34;FOLIO vide ou non reconnu dans Acts CSV
62816;34886;JJ180;35;FOLIO vide ou non reconnu dans Acts CSV
62817;34887;JJ180;36;FOLIO vide ou non reconnu dans Acts CSV
62818;34887;JJ180;36;FOLIO vide ou non reconnu dans Acts CSV
62819;34888;JJ180;37;FOLIO vide ou non reconnu dans Acts CSV
62820;34888;JJ180;37;FOLIO vide ou non reconnu dans Acts CSV
62821;34889;JJ180;38;FOLIO vide ou non reconnu dans Acts CSV
62822;34889;JJ180;38;FOLIO vide ou non reconnu dans Acts CSV
62823;34890;JJ180;39;FOLIO vide ou non reconnu dans Acts CSV
62824;34891;JJ180;40;FOLIO vide ou non reconnu dans Acts CSV
62825;34891;JJ180;40;FOLIO vide ou non reconnu dans Acts CSV
62826;34892;JJ180;41;FOLIO vide ou non reconnu dans Acts CSV
62827;34892;JJ180;41;FOLIO vide ou non reconnu dans Acts CSV
62828;34893;JJ180;42;FOLIO vide ou non reconnu dans Acts CSV
62829;34893;JJ180;42;FOLIO vide ou non reconnu dans Acts CSV
62830;34894;JJ180;43;FOLIO vide ou non reconnu dans Acts CSV
62831;34894;JJ180;43;FOLIO vide ou non reconnu dans Acts CSV
62832;34895;JJ180;44;
62833;34895;JJ180;44;
62834;34895;JJ180;44;
62835;34896;JJ180;45;FOLIO vide ou non reconnu dans Acts CSV
62836;34896;JJ180;45;FOLIO vide ou non reconnu dans Acts CSV
62837;34897;JJ180;46;FOLIO vide ou non reconnu dans Acts CSV
62838;34898;JJ180;47;
62839;34898;JJ180;47;
62840;34899;JJ180;48;FOLIO vide ou non reconnu dans Acts CSV
62841;34900;JJ180;49;
62842;34900;JJ180;49;
62843;34900;JJ180;49;
62844;34901;JJ180;50;FOLIO vide ou non reconnu dans Acts CSV
62845;34902;JJ180;51;FOLIO vide ou non reconnu dans Acts CSV
62846;34902;JJ180;51;FOLIO vide ou non reconnu dans Acts CSV
62847;34902;JJ180;51;FOLIO vide ou non reconnu dans Acts CSV
62848;34903;JJ180;52;
62849;34903;JJ180;52;
62850;34903;JJ180;52;
62851;34904;JJ180;53;FOLIO vide ou non reconnu dans Acts CSV
62852;34905;JJ180;54;FOLIO vide ou non reconnu dans Acts CSV
62853;34906;JJ180;55;FOLIO vide ou non reconnu dans Acts CSV
62854;34906;JJ180;55;FOLIO vide ou non reconnu dans Acts CSV
62855;34907;JJ180;56;FOLIO vide ou non reconnu dans Acts CSV
62856;34908;JJ180;57;FOLIO vide ou non reconnu dans Acts CSV
62857;34908;JJ180;57;FOLIO vide ou non reconnu dans Acts CSV
62858;34909;JJ180;58;FOLIO vide ou non reconnu dans Acts CSV
62859;34909;JJ180;58;FOLIO vide ou non reconnu dans Acts CSV
62860;34910;JJ180;59;FOLIO vide ou non reconnu dans Acts CSV
62861;34910;JJ180;59;FOLIO vide ou non reconnu dans Acts CSV
62862;34911;JJ180;60;
62863;34911;JJ180;60;
62864;34912;JJ180;61;FOLIO vide ou non reconnu dans Acts CSV
62865;34913;JJ180;62;FOLIO vide ou non reconnu dans Acts CSV
62866;34913;JJ180;62;FOLIO vide ou non reconnu dans Acts CSV
62867;34914;JJ180;63;
62868;34914;JJ180;63;
62869;34915;JJ180;64;FOLIO '28' (Acts CSV) ≠ folio réel de la zone '28v'
62870;34915;JJ180;64;FOLIO '28' (Acts CSV) ≠ folio réel de la zone '28v'
62871;34916;JJ180;65;
62872;34916;JJ180;65;
62873;34917;JJ180;66;
62874;34917;JJ180;66;
62875;34917;JJ180;66;
62876;34918;JJ180;67;FOLIO vide ou non reconnu dans Acts CSV
62877;34918;JJ180;67;FOLIO vide ou non reconnu dans Acts CSV
62878;34919;JJ180;68;FOLIO vide ou non reconnu dans Acts CSV
62879;34919;JJ180;68;FOLIO vide ou non reconnu dans Acts CSV
62880;34920;JJ180;69;FOLIO vide ou non reconnu dans Acts CSV
62881;34921;JJ180;70;FOLIO vide ou non reconnu dans Acts CSV
62882;34922;JJ180;71;FOLIO vide ou non reconnu dans Acts CSV
62883;34922;JJ180;71;FOLIO vide ou non reconnu dans Acts CSV
62884;34923;JJ180;72;
62885;34923;JJ180;72;
62886;34924;JJ180;73;FOLIO vide ou non reconnu dans Acts CSV
62887;34924;JJ180;73;FOLIO vide ou non reconnu dans Acts CSV
62888;34925;JJ180;74;FOLIO vide ou non reconnu dans Acts CSV
62889;34925;JJ180;74;FOLIO vide ou non reconnu dans Acts CSV
62890;34926;JJ180;75;FOLIO vide ou non reconnu dans Acts CSV
62891;34926;JJ180;75;FOLIO vide ou non reconnu dans Acts CSV
62892;34927;JJ180;76;FOLIO vide ou non reconnu dans Acts CSV
62893;34928;JJ180;77;
62894;34928;JJ180;77;
62895;34929;JJ180;78;
62896;34929;JJ180;78;
62897;34930;JJ180;79;FOLIO vide ou non reconnu dans Acts CSV
62898;34930;JJ180;79;FOLIO vide ou non reconnu dans Acts CSV
62899;34931;JJ180;80;
62900;34932;JJ180;81;FOLIO vide ou non reconnu dans Acts CSV
62901;34932;JJ180;81;FOLIO vide ou non reconnu dans Acts CSV
62902;34932;JJ180;81;FOLIO vide ou non reconnu dans Acts CSV
62903;34933;JJ180;82;FOLIO vide ou non reconnu dans Acts CSV
62904;34934;JJ180;83;FOLIO vide ou non reconnu dans Acts CSV
62905;34934;JJ180;83;FOLIO vide ou non reconnu dans Acts CSV
62906;34935;JJ180;84;FOLIO vide ou non reconnu dans Acts CSV
62907;34935;JJ180;84;FOLIO vide ou non reconnu dans Acts CSV
62908;34936;JJ180;85;FOLIO vide ou non reconnu dans Acts CSV
62909;34937;JJ180;86;FOLIO vide ou non reconnu dans Acts CSV
62910;34937;JJ180;86;FOLIO vide ou non reconnu dans Acts CSV
62911;34938;JJ180;87;FOLIO vide ou non reconnu dans Acts CSV
62912;34938;JJ180;87;FOLIO vide ou non reconnu dans Acts CSV
62913;34939;JJ180;88;FOLIO vide ou non reconnu dans Acts CSV
62914;34940;JJ180;89;FOLIO vide ou non reconnu dans Acts CSV
62915;34941;JJ180;90;FOLIO vide ou non reconnu dans Acts CSV
62916;34941;JJ180;90;FOLIO vide ou non reconnu dans Acts CSV
62917;34942;JJ180;91;
62918;34943;JJ180;92;
62919;34943;JJ180;92;
62920;34943;JJ180;92;
62921;34944;JJ180;93;
62922;34944;JJ180;93;
62923;34945;JJ180;94;
62924;34946;JJ180;95;FOLIO vide ou non reconnu dans Acts CSV
62925;34947;JJ180;96;FOLIO vide ou non reconnu dans Acts CSV
62926;34947;JJ180;96;FOLIO vide ou non reconnu dans Acts CSV
62927;34948;JJ180;97;FOLIO vide ou non reconnu dans Acts CSV
62928;34948;JJ180;97;FOLIO vide ou non reconnu dans Acts CSV
62929;34949;JJ180;98;FOLIO vide ou non reconnu dans Acts CSV
62930;34949;JJ180;98;FOLIO vide ou non reconnu dans Acts CSV
62931;34950;JJ180;99;FOLIO vide ou non reconnu dans Acts CSV
62932;34951;JJ180;100;FOLIO vide ou non reconnu dans Acts CSV
62933;34952;JJ180;101;FOLIO vide ou non reconnu dans Acts CSV
62934;34952;JJ180;101;FOLIO vide ou non reconnu dans Acts CSV
62935;34953;JJ180;102;FOLIO vide ou non reconnu dans Acts CSV
62936;34953;JJ180;102;FOLIO vide ou non reconnu dans Acts CSV
62937;34954;JJ180;103;
62938;34955;JJ180;104;FOLIO vide ou non reconnu dans Acts CSV
62939;34955;JJ180;104;FOLIO vide ou non reconnu dans Acts CSV
62940;34956;JJ180;105;FOLIO vide ou non reconnu dans Acts CSV
62941;34956;JJ180;105;FOLIO vide ou non reconnu dans Acts CSV
62942;34957;JJ180;106;FOLIO vide ou non reconnu dans Acts CSV
62943;34957;JJ180;106;FOLIO vide ou non reconnu dans Acts CSV
62944;34958;JJ180;107;FOLIO vide ou non reconnu dans Acts CSV
62945;34958;JJ180;107;FOLIO vide ou non reconnu dans Acts CSV
62946;34959;JJ180;108;FOLIO vide ou non reconnu dans Acts CSV
62947;34959;JJ180;108;FOLIO vide ou non reconnu dans Acts CSV
62948;34960;JJ180;109;
62949;34960;JJ180;109;
62950;34961;JJ180;110;FOLIO vide ou non reconnu dans Acts CSV
62951;34961;JJ180;110;FOLIO vide ou non reconnu dans Acts CSV
62952;34962;JJ180;111;
62953;34963;JJ180;112;FOLIO vide ou non reconnu dans Acts CSV
62954;34963;JJ180;112;FOLIO vide ou non reconnu dans Acts CSV
62955;34963;JJ180;112;FOLIO vide ou non reconnu dans Acts CSV
62956;34964;JJ180;113;FOLIO vide ou non reconnu dans Acts CSV
62957;34964;JJ180;113;FOLIO vide ou non reconnu dans Acts CSV
62958;34965;JJ180;114;FOLIO vide ou non reconnu dans Acts CSV
62959;34965;JJ180;114;FOLIO vide ou non reconnu dans Acts CSV
62960;34966;JJ180;115;FOLIO vide ou non reconnu dans Acts CSV
62961;34966;JJ180;115;FOLIO vide ou non reconnu dans Acts CSV
62962;34967;JJ180;116;FOLIO vide ou non reconnu dans Acts CSV
62963;34967;JJ180;116;FOLIO vide ou non reconnu dans Acts CSV
62964;34968;JJ180;117;FOLIO vide ou non reconnu dans Acts CSV
62965;34969;JJ180;118;FOLIO vide ou non reconnu dans Acts CSV
62966;34970;JJ180;119;FOLIO vide ou non reconnu dans Acts CSV
62967;34970;JJ180;119;FOLIO vide ou non reconnu dans Acts CSV
62968;34970;JJ180;119;FOLIO vide ou non reconnu dans Acts CSV
62969;34971;JJ180;120;FOLIO vide ou non reconnu dans Acts CSV
62970;34971;JJ180;120;FOLIO vide ou non reconnu dans Acts CSV
62971;34972;JJ180;121;FOLIO vide ou non reconnu dans Acts CSV
62972;34973;JJ180;122;FOLIO vide ou non reconnu dans Acts CSV
62973;34973;JJ180;122;FOLIO vide ou non reconnu dans Acts CSV
62974;34974;JJ180;123;FOLIO vide ou non reconnu dans Acts CSV
62975;34974;JJ180;123;FOLIO vide ou non reconnu dans Acts CSV
62976;34975;JJ180;124;FOLIO vide ou non reconnu dans Acts CSV
62977;34975;JJ180;124;FOLIO vide ou non reconnu dans Acts CSV
62978;34976;JJ180;125;FOLIO vide ou non reconnu dans Acts CSV
62979;34976;JJ180;125;FOLIO vide ou non reconnu dans Acts CSV
62980;34977;JJ180;126;FOLIO vide ou non reconnu dans Acts CSV
62981;34977;JJ180;126;FOLIO vide ou non reconnu dans Acts CSV
62982;34978;JJ180;127;FOLIO vide ou non reconnu dans Acts CSV
62983;34979;JJ180;128;FOLIO vide ou non reconnu dans Acts CSV
62984;34979;JJ180;128;FOLIO vide ou non reconnu dans Acts CSV
62985;34980;JJ180;129;FOLIO vide ou non reconnu dans Acts CSV
62986;34980;JJ180;129;FOLIO vide ou non reconnu dans Acts CSV
62987;34981;JJ180;130;FOLIO vide ou non reconnu dans Acts CSV
62988;34981;JJ180;130;FOLIO vide ou non reconnu dans Acts CSV
62989;34982;JJ180;131;
62990;34982;JJ180;131;
62991;34983;JJ180;132;FOLIO vide ou non reconnu dans Acts CSV
62992;34984;JJ180;133;
62993;34984;JJ180;133;
62994;34984;JJ180;133;
62995;34984;JJ180;133;
62996;34984;JJ180;133;
62997;34985;JJ180;134;FOLIO vide ou non reconnu dans Acts CSV
62998;34985;JJ180;134;FOLIO vide ou non reconnu dans Acts CSV
62999;34986;JJ180;135;FOLIO vide ou non reconnu dans Acts CSV
63000;34987;JJ180;136;FOLIO vide ou non reconnu dans Acts CSV
63001;34988;JJ180;137;FOLIO vide ou non reconnu dans Acts CSV
63002;34989;JJ180;138;FOLIO vide ou non reconnu dans Acts CSV
63003;34989;JJ180;138;FOLIO vide ou non reconnu dans Acts CSV
63004;34990;JJ180;139;FOLIO vide ou non reconnu dans Acts CSV
63005;34990;JJ180;139;FOLIO vide ou non reconnu dans Acts CSV
63006;34991;JJ180;140;FOLIO vide ou non reconnu dans Acts CSV
63007;34991;JJ180;140;FOLIO vide ou non reconnu dans Acts CSV
63008;34992;JJ180;141;FOLIO vide ou non reconnu dans Acts CSV
63009;34992;JJ180;141;FOLIO vide ou non reconnu dans Acts CSV
63010;34993;JJ180;142;FOLIO vide ou non reconnu dans Acts CSV
63011;34993;JJ180;142;FOLIO vide ou non reconnu dans Acts CSV
63012;34994;JJ180;143;FOLIO vide ou non reconnu dans Acts CSV
63013;34994;JJ180;143;FOLIO vide ou non reconnu dans Acts CSV
63014;34995;JJ180;144;FOLIO vide ou non reconnu dans Acts CSV
63015;34995;JJ180;144;FOLIO vide ou non reconnu dans Acts CSV
63016;34996;JJ180;145;FOLIO vide ou non reconnu dans Acts CSV
63017;34996;JJ180;145;FOLIO vide ou non reconnu dans Acts CSV
63018;34997;JJ180;146;FOLIO vide ou non reconnu dans Acts CSV
63019;34998;JJ180;147;FOLIO vide ou non reconnu dans Acts CSV
63020;34998;JJ180;147;FOLIO vide ou non reconnu dans Acts CSV
63021;34999;JJ180;148;FOLIO vide ou non reconnu dans Acts CSV
63022;34999;JJ180;148;FOLIO vide ou non reconnu dans Acts CSV
63023;35000;JJ180;149;FOLIO vide ou non reconnu dans Acts CSV
63024;35000,1;JJ180;149bis;FOLIO vide ou non reconnu dans Acts CSV
63025;35001;JJ180;150;FOLIO vide ou non reconnu dans Acts CSV
63026;35002;JJ180;151;
63027;35003;JJ180;152;FOLIO vide ou non reconnu dans Acts CSV
63028;35003;JJ180;152;FOLIO vide ou non reconnu dans Acts CSV
63029;35004;JJ180;153;FOLIO vide ou non reconnu dans Acts CSV
63030;35004;JJ180;153;FOLIO vide ou non reconnu dans Acts CSV
63031;35005;JJ180;154;
63032;35006;JJ180;155;FOLIO vide ou non reconnu dans Acts CSV
63033;35006;JJ180;155;FOLIO vide ou non reconnu dans Acts CSV
63034;35007;JJ180;156;FOLIO vide ou non reconnu dans Acts CSV
