acte_id	volume	act_number	new_numbering	folio_raw	folio_norm	verified	note	conc_Guerin_act	conc_Guerin_head	conc_Guerin_locus	conc_Longnon_act	conc_Longnon_head	conc_Longnon_locus	conc_Viard_act	conc_Viard_head	conc_Viard_locus	conc_Gascogne_act	conc_Gascogne_head	conc_Gascogne_locus	conc_Languedoc_act	conc_Languedoc_head	conc_Languedoc_locus	conc_Loire_act	conc_Loire_head	conc_Loire_locus	conc_Rouergue_act	conc_Rouergue_head	conc_Rouergue_locus	conc_IR421-JJA-JJ79A_act	conc_IR421-JJA-JJ79A_head	conc_IR421-JJA-JJ79A_locus	conc_IR422-JJ80-155_act	conc_IR422-JJ80-155_head	conc_IR422-JJ80-155_locus	conc_IR423-JJ156-211_act	conc_IR423-JJ156-211_head	conc_IR423-JJ156-211_locus
25573.0	JJ160	1		1	1r	1.0																													1	1	
25574.0	JJ160	2		1v	1v	0.0																													2	2	
25574.1	JJ160	2bis		2	2r																																
25575.0	JJ160	3		2v	2v	1.0																													3	3	
25576.0	JJ160	4		3	3r	1.0																													4	4	
25577.0	JJ160	5		4	4r	1.0																													5	5	
25578.0	JJ160	6		4v	4v	1.0																													6	6	
25579.0	JJ160	7		6	6r	1.0											7	1062	6																7	7	
25580.0	JJ160	8		7	7r	1.0																													8	8	
25581.0	JJ160	9		8	8r	1.0																													9	9	
25582.0	JJ160	10		8v	8v	1.0																													10	10	
25583.0	JJ160	11		9	9r	1.0																													11	11	
25584.0	JJ160	12		9v	9v	1.0														12	3321	9v													12	12	
25585.0	JJ160	13		10v	10v	1.0																													13	13	
25586.0	JJ160	14		12v	12v	1.0																													14	14	
25587.0	JJ160	15		13	13r	1.0																													15	15	
25588.0	JJ160	16		13v	13v	1.0																													16	16	
25589.0	JJ160	17		14	14r	1.0																													17	17	
25590.0	JJ160	18		14	14r	1.0																													18	18	
25591.0	JJ160	19		15	15r	1.0																													19	19	
25592.0	JJ160	20		15v	15v	1.0														20	3322	15v													20	20	
25593.0	JJ160	21		17	17r	1.0																													21	21	
25594.0	JJ160	22		18	18r	1.0																													22	22	
25595.0	JJ160	23		19	19r	0.0																													23	23	
25597.0	JJ160	25		19v	19v	1.0	Numéro 24 omis dans la numérotation, qui passe de 23 à 25 sans aucune lacune matérielle ou textuelle																												25	25	
25598.0	JJ160	26		20v	20v	1.0																													26	26	
25599.0	JJ160	27		22	22r	1.0																													27	27	
25600.0	JJ160	28		22v	22v	1.0																													28	28	
25601.0	JJ160	29		22v	22v	1.0																													29	29	
25602.0	JJ160	30		23v	23v	1.0														30	3323	23v													30	30	
25603.0	JJ160	31		24v	24v	1.0																													31	31	
25604.0	JJ160	32		25	25r	1.0																													32	32	
25605.0	JJ160	33		26v	26v	1.0														33	3324	26v													33	33	
25606.0	JJ160	34		31	31r	1.0																													34	34	
25607.0	JJ160	35		31v	31v	1.0																													35	35	
25608.0	JJ160	36		33	33r	1.0																													36	36	
25609.0	JJ160	37		34	34r	1.0																													37	37	
25610.0	JJ160	38		35	35r	1.0																													38	38	
25611.0	JJ160	39		36	36r	1.0																													39	39	
25612.0	JJ160	40		36v	36v	1.0																													40	40	
25613.0	JJ160	41		37v	37v	1.0																													41	41	
25614.0	JJ160	42		38	38r	1.0																													42	42	
25615.0	JJ160	43		38v	38v	1.0																													43	43	
25616.0	JJ160	44		39	39r	1.0																													44	44	
25617.0	JJ160	45		40	40r	1.0																													45	45	
25618.0	JJ160	46		40v	40v	1.0																													46	46	
25619.0	JJ160	47		40v	40v	1.0																													47	47	
25620.0	JJ160	48		41	41r	1.0																													48	48	
25621.0	JJ160	49		41v	41v	1.0																													49	49	
25622.0	JJ160	50		41v	41v	1.0																													50	50	
25623.0	JJ160	51		42	42r	1.0																													51	51	
25624.0	JJ160	52		42v	42v	1.0														52	3325	42v													52	52	
25625.0	JJ160	53		43	43r	1.0																													53	53	
25626.0	JJ160	54		43v	43v	1.0																													54	54	
25627.0	JJ160	55		44v	44v	1.0																													55	55	
25628.0	JJ160	56		45	45r	1.0																													56	56	
25629.0	JJ160	57		45v	45v	1.0																													57	57	
25630.0	JJ160	58		45v	45v	1.0																													58	58	
25631.0	JJ160	59		46v	46v	1.0																													59	59	
25632.0	JJ160	60		47	47r	1.0																													60	60	
25633.0	JJ160	61		47v	47v	1.0																													61	61	
25634.0	JJ160	62		48	48r	1.0																													62	62	
25635.0	JJ160	63		49	49r	0.0														63	3326	49													63	63	
25635.1	JJ160	63bis		49v	49v																																
25636.0	JJ160	64		49v	49v	1.0																													64	64	
25637.0	JJ160	65		50v	50v	1.0																													65	65	
25638.0	JJ160	66		51v	51v	1.0																													66	66	
25639.0	JJ160	67		54	54r	1.0																													67	67	
25640.0	JJ160	68		54v	54v	1.0																													68	68	
25641.0	JJ160	69		55	55r	0.0																													69	69	
25641.1	JJ160	69bis		57	57r																																
25642.0	JJ160	70		57	57r	1.0														70	3327	57													70	70	
25643.0	JJ160	71		58	58r	1.0														71	3328	58													71	71	
25644.0	JJ160	72		58v	58v	1.0														72	3329	58v													72	72	
25645.0	JJ160	73		59	59r	1.0																													73	73	
25646.0	JJ160	74		Vacat		1.0	No image available																												74	74	
25647.0	JJ160	75		60v	60v	1.0		75	DCCCCX	folÂ 60Â vÂ°																									75	75	
25648.0	JJ160	76		61	61r	1.0																													76	76	
25649.0	JJ160	77		61v	61v	1.0																													77	77	
25650.0	JJ160	78		62	62r	1.0														78	3330	62													78	78	
25651.0	JJ160	79		63	63r	1.0														79	3331	63													79	79	
25652.0	JJ160	80		63v	63v	1.0																	80	2068	63v										80	80	
25653.0	JJ160	81		64v	64v	1.0																	81	2069	64v										81	81	
25654.0	JJ160	82		64v	64v	1.0																													82	82	
25655.0	JJ160	83		65	65r	1.0																													83	83	
25656.0	JJ160	84		65v	65v	1.0														84	3332	65v													84	84	
25657.0	JJ160	85		66v	66v	1.0																													85	85	
25658.0	JJ160	86		67	67r	1.0																													86	86	
25659.0	JJ160	87		67v	67v	1.0																													87	87	
25660.0	JJ160	88		68v	68v	1.0																													88	88	
25661.0	JJ160	89		69	69r	1.0																													89	89	
25662.0	JJ160	90		70	70r	0.0																													90	90	
25662.1	JJ160	90bis		70	70r		Cancellé ?																														
25662.2	JJ160	90ter		70	70r		Cancellé ? Quasiment effacé																														
25663.0	JJ160	91		70v	70v	1.0		91	DCCCCXI	folÂ 70Â vÂ°																									91	91	
25664.0	JJ160	92		71	71r	0.0																													92	92	
25664.1	JJ160	92bis		72v	72v																																
25665.0	JJ160	93		72v	72v	1.0																													93	93	
25666.0	JJ160	94		73v	73v	1.0																													94	94	
25667.0	JJ160	95		74	74r	1.0																													95	95	
25668.0	JJ160	96		74v	74v	1.0																	96	2070	74v										96	96	
25669.0	JJ160	97		75	75r	1.0																													97	97	
25670.0	JJ160	98		75v	75v	1.0																													98	98	
25671.0	JJ160	99		76	76r	1.0																	99	2071	76										99	99	
25672.0	JJ160	100		76v	76v	1.0																													100	100	
25673.0	JJ160	101		77	77r	1.0																													101	101	
25674.0	JJ160	102		78	78r	1.0																													102	102	
25675.0	JJ160	103		78v	78v	1.0																													103	103	
25676.0	JJ160	104		79	79r	1.0																													104	104	
25677.0	JJ160	105		79v	79v	1.0		105	DCCCCXII	folÂ 79Â vÂ°																									105	105	
25678.0	JJ160	106		80	80r	1.0																													106	106	
25679.0	JJ160	107		80v	80v	1.0																													107	107	
25680.0	JJ160	108		81	81r	1.0																													108	108	
25681.0	JJ160	109		81v	81v	1.0																													109	109	
25682.0	JJ160	110		81v	81v	1.0																													110	110	
25683.0	JJ160	111		82v	82v	1.0																													111	111	
25684.0	JJ160	112		83v	83v	1.0																	112	2072	83v										112	112	
25685.0	JJ160	113		84	84r	1.0																													113	113	
25686.0	JJ160	114		85	85r	1.0																													114	114	
25687.0	JJ160	115		85v	85v	1.0																	115	2073	85v										115	115	
25688.0	JJ160	116		86	86r	1.0																													116	116	
25689.0	JJ160	117		87	87r	1.0																													117	117	
25690.0	JJ160	118		87v	87v	1.0																													118	118	
25691.0	JJ160	119		88v	88v	1.0																													119	119	
25692.0	JJ160	120		89v	89v	1.0																													120	120	
25693.0	JJ160	121		90	90r	1.0																													121	121	
25694.0	JJ160	122		90v	90v	1.0																													122	122	
25695.0	JJ160	123		91	91r	1.0																													123	123	
25696.0	JJ160	124		92	92r	1.0																													124	124	
25697.0	JJ160	125		92v	92v	1.0																													125	125	
25698.0	JJ160	126		93	93r	1.0																													126	126	
25699.0	JJ160	127		93v	93v	1.0																	127	2074	93v										127	127	
25700.0	JJ160	128		94	94r	1.0																													128	128	
25701.0	JJ160	129		94v	94v	1.0																													129	129	
25702.0	JJ160	130		95	95r	1.0																													130	130	
25703.0	JJ160	131		95v	95v	1.0																													131	131	
25704.0	JJ160	132		96	96r	1.0																													132	132	
25705.0	JJ160	133		96	96r	1.0																													133	133	
25706.0	JJ160	134		96v	96v	1.0																													134	134	
25707.0	JJ160	135		97	97r	1.0																													135	135	
25708.0	JJ160	136		98	98r	1.0																													136	136	
25709.0	JJ160	137		98	98r	1.0																	137	2075	98										137	137	
25710.0	JJ160	138		99	99r	1.0																													138	138	
25711.0	JJ160	139		99v	99v	1.0																													139	139	
25712.0	JJ160	140		100v	100v	1.0																													140	140	
25713.0	JJ160	141		101	101r	1.0																													141	141	
25714.0	JJ160	142		102	102r	1.0																													142	142	
25715.0	JJ160	143		103	103r	1.0																													143	143	
25716.0	JJ160	144		103v	103v	1.0																													144	144	
25717.0	JJ160	145		104	104r	1.0																													145	145	
25718.0	JJ160	146		104v	104v	1.0																													146	146	
25719.0	JJ160	147		105	105r	1.0																													147	147	
25720.0	JJ160	148		105v	105v	1.0																	148	2076	105v										148	148	
25721.0	JJ160	149		106	106r	1.0																													149	149	
25722.0	JJ160	150		106v	106v	1.0																													150	150	
25723.0	JJ160	151		107v	107v	1.0																	151	2077	107v										151	151	
25724.0	JJ160	152		108	108r	1.0																													152	152	
25725.0	JJ160	153		109	109r	1.0																													153	153	
25726.0	JJ160	154		109v	109v	1.0																													154	154	
25727.0	JJ160	155		110	110r	1.0																													155	155	
25728.0	JJ160	156		111	111r	1.0																	156	2078	111										156	156	
25729.0	JJ160	157		111v	111v	1.0																													157	157	
25730.0	JJ160	158		112v	112v	1.0																													158	158	
25731.0	JJ160	159		113v	113v	1.0																	159	2079	113v										159	159	
25732.0	JJ160	160		114	114r	1.0																	160	2080	114										160	160	
25733.0	JJ160	161		114	114r	1.0																													161	161	
25734.0	JJ160	162		114v	114v	1.0																													162	162	
25735.0	JJ160	163		115	115r	1.0																													163	163	
25736.0	JJ160	164		115v	115v	1.0																													164	164	
25737.0	JJ160	165		116	116r	1.0																													165	165	
25738.0	JJ160	166		116v	116v	1.0														166	3333	116v													166	166	
25739.0	JJ160	167		117	117r	1.0														167	3334	117													167	167	
25740.0	JJ160	168		118	118r	1.0																													168	168	
25741.0	JJ160	169		118v	118v	1.0																													169	169	
25742.0	JJ160	170		119	119r	1.0														170	3335	119													170	170	
25743.0	JJ160	171		119v	119v	1.0														171	3336	119v													171	171	
25744.0	JJ160	172		120	120r	0.0																													172	172	
25744.1	JJ160	172bis		120v	120v																																
25744.2	JJ160	172ter		120v	120v																																
25745.0	JJ160	173		121	121r	1.0																													173	173	
25746.0	JJ160	174		121v	121v	1.0																													174	174	
25747.0	JJ160	175		122	122r	1.0																													175	175	
25748.0	JJ160	176		122v	122v	1.0														176	3337	122v													176	176	
25749.0	JJ160	177		123	123r	1.0																													177	177	
25750.0	JJ160	178		123v	123v	1.0																													178	178	
25751.0	JJ160	179		124	124r	1.0																													179	179	
25752.0	JJ160	180		124v	124v	1.0																													180	180	
25753.0	JJ160	181		125	125r	1.0																													181	181	
25754.0	JJ160	182		125	125r	1.0																													182	182	
25755.0	JJ160	183		125v	125v	1.0																													183	183	
25756.0	JJ160	184		126	126r	1.0											184	1063	126																184	184	
25757.0	JJ160	185		127	127r	1.0																													185	185	
25758.0	JJ160	186		128v	128v	1.0																													186	186	
25759.0	JJ160	187		129	129r	1.0																													187	187	
25760.0	JJ160	188		129v	129v	1.0																													188	188	
25761.0	JJ160	189		130	130r	1.0																													189	189	
25762.0	JJ160	190		131	131r	1.0																													190	190	
25763.0	JJ160	191		131v	131v	1.0																													191	191	
25764.0	JJ160	192		132v	132v	1.0																													192	192	
25765.0	JJ160	193		133	133r	1.0																													193	193	
25766.0	JJ160	194		133v	133v	1.0																													194	194	
25767.0	JJ160	195		134	134r	1.0																													195	195	
25768.0	JJ160	196		134v	134v	1.0																													196	196	
25769.0	JJ160	197		135	135r	1.0																	197	2081	135										197	197	
25770.0	JJ160	198		135v	135v	1.0																													198	198	
25771.0	JJ160	199		135v	135v	1.0																													199	199	
25772.0	JJ160	200		136	136r	1.0																													200	200	
25773.0	JJ160	201		136v	136v	1.0																													201	201	
25774.0	JJ160	202		137	137r	1.0																													202	202	
25775.0	JJ160	203		138	138r	1.0																													203	203	
25776.0	JJ160	204		138	138r	1.0																													204	204	
25777.0	JJ160	205		138v	138v	1.0																													205	205	
25778.0	JJ160	206		139	139r	1.0																													206	206	
25779.0	JJ160	207		139v	139v	1.0																	207	2082	139v										207	207	
25780.0	JJ160	208		140v	140v	1.0																													208	208	
25781.0	JJ160	209		141v	141v	1.0																													209	209	
25782.0	JJ160	210		142	142r	1.0	Acte retourné																												210	210	
25783.0	JJ160	211		142v	142v	1.0																													211	211	
25784.0	JJ160	212		143	143r	1.0		212	DCCCCXIII	folÂ 143																									212	212	
25785.0	JJ160	213		143v	143v	1.0																													213	213	
25786.0	JJ160	214		144v	144v	1.0																													214	214	
25787.0	JJ160	215		145	145r	1.0																													215	215	
25788.0	JJ160	216		145v	145v	1.0																													216	216	
25789.0	JJ160	217		148	148r	1.0											217	1064	148																217	217	
25790.0	JJ160	218		149	149r	1.0																													218	218	
25791.0	JJ160	219		150	150r	1.0																													219	219	
25792.0	JJ160	220		151	151r	1.0														220	3338	151													220	220	
25793.0	JJ160	221		151v	151v	1.0																													221	221	
25794.0	JJ160	222		152	152r	1.0																													222	222	
25795.0	JJ160	223		152v	152v	1.0		223	DCCCCXIV	folÂ 152Â vÂ°																									223	223	
25796.0	JJ160	224		153v	153v	1.0																													224	224	
25797.0	JJ160	225		156v	156v	1.0																													225	225	
25798.0	JJ160	226		157	157r	1.0																													226	226	
25799.0	JJ160	227		158v	158v	1.0																													227	227	
25800.0	JJ160	228		159	159r	1.0																													228	228	
25801.0	JJ160	229		159v	159v	1.0																													229	229	
25802.0	JJ160	230		160	160r	0.0																	230	2083	160										230	230	
25803.0	JJ160	230bis		160v	160v																		230bis	2084	160v										230bis	230bis	
25804.0	JJ160	231		161	161r	1.0																													231	231	
25805.0	JJ160	232		161v	161v	1.0																													232	232	
25806.0	JJ160	233		162	162r	1.0																													233	233	
25807.0	JJ160	234		163	163r	1.0																	234	2085	163										234	234	
25808.0	JJ160	235		164	164r	1.0																													235	235	
25809.0	JJ160	236		164v	164v	1.0																													236	236	
25810.0	JJ160	237		165	165r	1.0																													237	237	
25811.0	JJ160	238		165v	165v	1.0																													238	238	
25812.0	JJ160	239		166v	166v	1.0																													239	239	
25813.0	JJ160	240		167	167r	1.0																													240	240	
25814.0	JJ160	241		167v	167v	1.0																													241	241	
25815.0	JJ160	242		168	168r	1.0											242	1065	168																242	242	
25816.0	JJ160	243		169	169r	1.0											243	1066	169																243	243	
25817.0	JJ160	244		170v	170v	1.0																													244	244	
25818.0	JJ160	245		170v	170v	1.0		245	DCCCCXV	folÂ 170Â vÂ°																									245	245	
25819.0	JJ160	246		171v	171v	1.0																													246	246	
25820.0	JJ160	247		172	172r	1.0																													247	247	
25821.0	JJ160	248		173	173r	1.0																	248	2086	173										248	248	
25822.0	JJ160	249		173v	173v	1.0																													249	249	
25823.0	JJ160	250		174	174r	1.0																													250	250	
25824.0	JJ160	251		174v	174v	1.0																													251	251	
25825.0	JJ160	252		174v	174v	1.0																													252	252	
25826.0	JJ160	253		175	175r	1.0																													253	253	
25827.0	JJ160	254		175v	175v	1.0																													254	254	
25828.0	JJ160	255		176	176r	1.0																													255	255	
25829.0	JJ160	256		176v	176v	1.0														256	3339	176v													256	256	
25830.0	JJ160	257		177v	177v	1.0																													257	257	
25831.0	JJ160	258		178	178r	1.0																													258	258	
25832.0	JJ160	259		178v	178v	1.0																													259	259	
25833.0	JJ160	260		179v	179v	1.0																	260	2087	179v										260	260	
25834.0	JJ160	261		181v	181v	1.0																													261	261	
25835.0	JJ160	262		182v	182v	1.0																													262	262	
25836.0	JJ160	263		183	183r	1.0														263	3340	183													263	263	
25837.0	JJ160	264		183v	183v	1.0																													264	264	
25838.0	JJ160	265		184	184r	1.0		265	DCCCCXVIII	folÂ 184																									265	265	
25839.0	JJ160	266		184v	184v	1.0																													266	266	
25840.0	JJ160	267		185v	185v	1.0																													267	267	
25841.0	JJ160	268		186	186r	1.0		268	DCCCCXVI	folÂ 186																									268	268	
25842.0	JJ160	269		186v	186v	1.0																													269	269	
25843.0	JJ160	270		187	187r	1.0																													270	270	
25844.0	JJ160	271		187v	187v	1.0																													271	271	
25845.0	JJ160	272		188	188r	1.0																													272	272	
25846.0	JJ160	273		189	189r	1.0														273	3341	189													273	273	
25847.0	JJ160	274		189v	189v	1.0																													274	274	
25848.0	JJ160	275		190v	190v	1.0																													275	275	
25849.0	JJ160	276		191	191r	1.0																													276	276	
25850.0	JJ160	277		191v	191v	1.0																													277	277	
25851.0	JJ160	278		198v	198v	1.0																													278	278	
25852.0	JJ160	279		199	199r	1.0		279	DCCCCXVII	folÂ 199																									279	279	
25853.0	JJ160	280		199v	199v	1.0																													280	280	
25854.0	JJ160	281		200	200r	1.0																													281	281	
25855.0	JJ160	282		200bis	200bisr	1.0																													282	282	
25856.0	JJ160	283		200bisv	200bisv	1.0																	283	2088	200bisv										283	283	
25857.0	JJ160	284		201v	201v	1.0																													284	284	
25858.0	JJ160	285		202	202r	1.0																													285	285	
25859.0	JJ160	286		203	203r	1.0																													286	286	
25860.0	JJ160	287		203v	203v	1.0																													287	287	
25861.0	JJ160	288		204v	204v	1.0																													288	288	
25862.0	JJ160	289		205	205r	1.0																													289	289	
25863.0	JJ160	290		206	206r	1.0																													290	290	
25864.0	JJ160	291		207	207r	1.0																													291	291	
25865.0	JJ160	292		208	208r	1.0																													292	292	
25866.0	JJ160	293		208v	208v	1.0																													293	293	
25867.0	JJ160	294		210	210r	1.0																													294	294	
25868.0	JJ160	295		211v	211v	1.0																													295	295	
25869.0	JJ160	296		212v	212v	1.0																													296	296	
25870.0	JJ160	297		213	213r	1.0																													297	297	
25871.0	JJ160	298		214	214r	1.0																													298	298	
25872.0	JJ160	299		214v	214v	1.0																													299	299	
25873.0	JJ160	300		215	215r	1.0																													300	300	
25874.0	JJ160	301		Vacat		1.0	No image available																												301	301	
25875.0	JJ160	302		Vacat		1.0	No image available																												302	302	
25876.0	JJ160	303		216v	216v	1.0																													303	303	
25877.0	JJ160	304		218v	218v	1.0																													304	304	
25878.0	JJ160	305		219v	219v	1.0																													305	305	
25879.0	JJ160	306		220	220r	1.0																													306	306	
25880.0	JJ160	307		220v	220v	1.0																	307	2089	220v										307	307	
25881.0	JJ160	308		222	222r	1.0																													308	308	
25882.0	JJ160	309		222	222r	1.0																	309	2090	222										309	309	
25883.0	JJ160	310		222v	222v	1.0																													310	310	
25884.0	JJ160	311		223v	223v	1.0																													311	311	
25885.0	JJ160	312		224	224r	1.0																													312	312	
25886.0	JJ160	313		224v	224v	1.0																													313	313	
25887.0	JJ160	314		225	225r	1.0																													314	314	
25888.0	JJ160	315		225v	225v	1.0																													315	315	
25889.0	JJ160	316		226	226r	1.0																													316	316	
25890.0	JJ160	317		227	227r	1.0																													317	317	
25891.0	JJ160	318		227v	227v	1.0																													318	318	
25892.0	JJ160	319		228	228r	1.0																													319	319	
25893.0	JJ160	320		228v	228v	1.0														320	3342	228v													320	320	
25894.0	JJ160	321		229v	229v	1.0																													321	321	
25895.0	JJ160	322		230	230r	1.0																													322	322	
25896.0	JJ160	323		230v	230v	1.0																													323	323	
25897.0	JJ160	324		231v	231v	1.0																													324	324	
25898.0	JJ160	325		232	232r	1.0																													325	325	
25899.0	JJ160	326		233	233r	1.0																													326	326	
25900.0	JJ160	327		233v	233v	1.0																													327	327	
25901.0	JJ160	328		234	234r	1.0																													328	328	
25902.0	JJ160	329		234v	234v	1.0																													329	329	
25903.0	JJ160	330		235	235r	1.0																	330	2091	235										330	330	
25904.0	JJ160	331		236	236r	1.0																													331	331	
25905.0	JJ160	332		236v	236v	1.0																													332	332	
25906.0	JJ160	333		237	237r	1.0																	333	2092	237										333	333	
25907.0	JJ160	334		238	238r	1.0																													334	334	
25908.0	JJ160	335		238v	238v	1.0																													335	335	
25909.0	JJ160	336		239	239r	1.0																													336	336	
25910.0	JJ160	337		241v	241v	1.0																	337	2093	241v										337	337	
25911.0	JJ160	338		242	242r	1.0																													338	338	
25912.0	JJ160	339		243	243r	1.0														339	3343	243													339	339	
25913.0	JJ160	340		243v	243v	1.0																													340	340	
25914.0	JJ160	341		244	244r	1.0																													341	341	
25915.0	JJ160	342		244v	244v	1.0																													342	342	
25916.0	JJ160	343		245v	245v	1.0																													343	343	
25917.0	JJ160	344		246	246r	1.0																													344	344	
25918.0	JJ160	345		247	247r	1.0																													345	345	
25919.0	JJ160	346		247v	247v	1.0																													346	346	
25920.0	JJ160	347		248	248r	1.0																													347	347	
25921.0	JJ160	348		248v	248v	1.0																													348	348	
25922.0	JJ160	349		249	249r	1.0																													349	349	
25923.0	JJ160	350		250	250r	1.0																	350	2094	250										350	350	
25924.0	JJ160	351		250v	250v	1.0																													351	351	
25925.0	JJ160	352		251	251r	1.0																													352	352	
25926.0	JJ160	353		252	252r	1.0																													353	353	
25927.0	JJ160	354		252v	252v	1.0																													354	354	
25928.0	JJ160	355		254v	254v	1.0																													355	355	
25929.0	JJ160	356		255	255r	1.0																													356	356	
25930.0	JJ160	357		256	256r	1.0																													357	357	
25931.0	JJ160	358		256v	256v	1.0																	358	2095	256v										358	358	
25932.0	JJ160	359		257	257r	1.0																	359	2096	257										359	359	
25933.0	JJ160	360		257v	257v	1.0											360	1067	257v	360	3344	257v													360	360	
25934.0	JJ160	361		258v	258v	1.0																													361	361	
25935.0	JJ160	362		259v	259v	1.0																													362	362	
25936.0	JJ160	363		260	260r	1.0																													363	363	
25937.0	JJ160	364		260v	260v	1.0																													364	364	
25938.0	JJ160	365		261	261r	1.0																													365	365	
25939.0	JJ160	366		261v	261v	1.0																													366	366	
25940.0	JJ160	367		262	262r	1.0																													367	367	
25941.0	JJ160	368		262v	262v	1.0																													368	368	
25942.0	JJ160	369		263	263r	1.0																													369	369	
25943.0	JJ160	370		263v	263v	1.0																													370	370	
25944.0	JJ160	371		264v	264v	1.0																													371	371	
25945.0	JJ160	372		264v	264v	1.0																	372	2097	264v										372	372	
25946.0	JJ160	373		265	265r	0.0																													373	373	
25947.0	JJ160	373bis		266	266r																														373bis	373bis	
25948.0	JJ160	374		266v	266v	1.0											374	1068	266v																374	374	
25949.0	JJ160	375		267	267r	1.0																													375	375	
25950.0	JJ160	376		268	268r	1.0																													376	376	
25951.0	JJ160	377		268v	268v	1.0																													377	377	
25952.0	JJ160	378		268v	268v	1.0																													378	378	
25953.0	JJ160	379		269v	269v	1.0																													379	379	
25954.0	JJ160	380		269v	269v	1.0																													380	380	
25955.0	JJ160	381		270	270r	1.0																													381	381	
25956.0	JJ160	382		270v	270v	1.0																													382	382	
25957.0	JJ160	383		271	271r	1.0																													383	383	
25958.0	JJ160	384		271v	271v	1.0																													384	384	
25959.0	JJ160	385		272	272r	1.0																													385	385	
25960.0	JJ160	386		273	273r	1.0														386	3345	273													386	386	
25961.0	JJ160	387		273v	273v	1.0																													387	387	
25962.0	JJ160	388		274	274r	1.0																													388	388	
25963.0	JJ160	389		274v	274v	1.0														389	3346	274v													389	389	
25964.0	JJ160	390		275	275r	1.0																													390	390	
25965.0	JJ160	391		275	275r	1.0																													391	391	
25966.0	JJ160	392		276	276r	1.0																													392	392	
25967.0	JJ160	393		276v	276v	1.0																													393	393	
25968.0	JJ160	394		276v	276v	1.0																													394	394	
25969.0	JJ160	395		277v	277v	1.0																													395	395	
25970.0	JJ160	396		277bis	277bisr	1.0																													396	396	
25971.0	JJ160	397		277bisv	277bisv	1.0																													397	397	
25972.0	JJ160	398		278	278r	1.0																													398	398	
25973.0	JJ160	399		278v	278v	1.0																													399	399	
25974.0	JJ160	400		279	279r	1.0																													400	400	
25975.0	JJ160	401		279v	279v	1.0																													401	401	
25976.0	JJ160	402		280	280r	1.0																													402	402	
25977.0	JJ160	403		280v	280v	1.0																													403	403	
25978.0	JJ160	404		281	281r	1.0																													404	404	
25979.0	JJ160	405		281	281r	1.0														405	3347	281													405	405	
25980.0	JJ160	406		282	282r	1.0																													406	406	
25981.0	JJ160	407		282v	282v	1.0																													407	407	
25982.0	JJ160	408		283	283r	1.0																													408	408	
25983.0	JJ160	409		284	284r	1.0																	409	2098	284										409	409	
25984.0	JJ160	410		284	284r	1.0																													410	410	
25985.0	JJ160	411		284v	284v	1.0																													411	411	
25986.0	JJ160	412		285v	285v	1.0																													412	412	
25987.0	JJ160	413		286	286r	1.0																	413	2099	286										413	413	
25988.0	JJ160	414		286v	286v	1.0																	414	2100	286v										414	414	
25989.0	JJ160	415		287v	287v	1.0																													415	415	
25990.0	JJ160	416		288v	288v	1.0																															
25991.0	JJ160	417		289	289r	1.0																															
25992.0	JJ160	418		289v	289v	1.0																													418	418	
25993.0	JJ160	419		290	290r	1.0																													419	419	
25994.0	JJ160	420		290v	290v	1.0																													420	420	
25995.0	JJ160	421		291	291r	1.0																													421	421	
25996.0	JJ160	422		291v	291v	1.0																													422	422	
25997.0	JJ160	423		292	292r	1.0																													423	423	
25998.0	JJ160	424		292v	292v	1.0																													424	424	
25999.0	JJ160	425		293	293r	1.0																													425	425	
26000.0	JJ160	426		293	293r	1.0																													426	426	
26001.0	JJ160	427		294v	294v	1.0																													427	427	
26002.0	JJ160	428		295	295r	1.0																	428	2101	295										428	428	
26003.0	JJ160	429		296	296r	1.0																													429	429	
26004.0	JJ160	430		296v	296v	1.0																													430	430	
26005.0	JJ160	431		297	297r	1.0																													431	431	
26006.0	JJ160	432		297v	297v	1.0																													432	432	
26007.0	JJ160	433		298	298r	1.0																													433	433	
26008.0	JJ160	434		298v	298v	1.0																													434	434	
26009.0	JJ160	435		298v	298v	1.0																													435	435	
26010.0	JJ160	436		299	299r	1.0																													436	436	
26011.0	JJ160	437		300	300r	1.0																													437	437	
26012.0	JJ160	438		300v	300v	1.0																													438	438	
26013.0	JJ160	439		300v	300v	1.0																													439	439	
26014.0	JJ160	440		301	301r	1.0																													440	440	
26015.0	JJ160	441		302	302r	1.0																													441	441	
26016.0	JJ160	442		303	303r	1.0																													442	442	
26017.0	JJ160	443		303v	303v	1.0																													443	443	
26018.0	JJ160	444		304v	304v	1.0																	444	2102	304v										444	444	
26019.0	JJ160	445		305	305r	1.0																													445	445	
26020.0	JJ160	446		305v	305v	1.0																													446	446	
26021.0	JJ160	447		309	309r	1.0																													447	447	
26022.0	JJ160	448		309v	309v	1.0																													448	448	
26023.0	JJ160	449		310	310r	1.0																													449	449	
26024.0	JJ160	450		311	311r	1.0																													450	450	
26025.0	JJ160	451		311v	311v	1.0																													451	451	
26026.0	JJ160	452		312	312r	1.0																													452	452	
26027.0	JJ160	453		312v	312v	0.0																	453	2103	312v										453	453	
26037.0	JJ161	1		1	1r	1.0																													1	1	
26038.0	JJ161	2		1v	1v	1.0																													2	2	
26039.0	JJ161	3		2v	2v	1.0																													3	3	
26040.0	JJ161	4		3	3r	1.0																													4	4	
26041.0	JJ161	5		3v	3v	1.0																													5	5	
26042.0	JJ161	6		4	4r	1.0																													6	6	
26043.0	JJ161	7		4v	4v	1.0																													7	7	
26044.0	JJ161	8		5	5r	1.0																													8	8	
26045.0	JJ161	9		6	6r	1.0																													9	9	
26046.0	JJ161	10		7	7r	1.0																													10	10	
26047.0	JJ161	11		7v	7v	1.0																													11	11	
26048.0	JJ161	12		8	8r	1.0																													12	12	
26049.0	JJ161	13		9	9r	1.0																	13	2104	9										13	13	
26050.0	JJ161	14		9v	9v	1.0																													14	14	
26051.0	JJ161	15		10	10r	1.0																													15	15	
26052.0	JJ161	16		10v	10v	1.0																													16	16	
26053.0	JJ161	17		12	12r	1.0																													17	17	
26054.0	JJ161	18		13v	13v	1.0																													18	18	
26055.0	JJ161	19		14	14r	1.0																													19	19	
26056.0	JJ161	20		14v	14v	1.0																													20	20	
26057.0	JJ161	21		15	15r	1.0																													21	21	
26058.0	JJ161	22		16	16r	1.0																													22	22	
26059.0	JJ161	23		16	16r	1.0																													23	23	
26060.0	JJ161	24		16v	16v	1.0																													24	24	
26061.0	JJ161	25		17	17r	1.0																													25	25	
26062.0	JJ161	26		18	18r	1.0																													26	26	
26063.0	JJ161	27		18v	18v	1.0																													27	27	
26064.0	JJ161	28		19	19r	1.0											28	1069	19																28	28	
26065.0	JJ161	29		20v	20v	1.0																													29	29	
26066.0	JJ161	30		21	21r	1.0																													30	30	
26067.0	JJ161	31		21v	21v	1.0																													31	31	
26068.0	JJ161	32		22v	22v	1.0																													32	32	
26069.0	JJ161	33		23	23r	1.0																													33	33	
26070.0	JJ161	34		24	24r	1.0																													34	34	
26071.0	JJ161	35		24v	24v	1.0																													35	35	
26072.0	JJ161	36		25	25r	1.0																													36	36	
26073.0	JJ161	37		25v	25v	1.0																													37	37	
26074.0	JJ161	38		25v	25v	1.0														38	3348	25v													38	38	
26075.0	JJ161	39		26	26r	1.0																													39	39	
26076.0	JJ161	40		27	27r	1.0																													40	40	
26077.0	JJ161	41		27v	27v	1.0																													41	41	
26078.0	JJ161	42		27v	27v	1.0																													42	42	
26079.0	JJ161	43		27v	27v	1.0																													43	43	
26080.0	JJ161	44		27v	27v	1.0																	44	2105	27v										44	44	
26081.0	JJ161	45		28	28r	1.0																	45	2106	28										45	45	
26082.0	JJ161	46		28	28r	1.0																	46	2107	28										46	46	
26083.0	JJ161	47		28v	28v	1.0																													47	47	
26084.0	JJ161	48		29	29r	1.0																													48	48	
26085.0	JJ161	49		29v	29v	1.0																													49	49	
26086.0	JJ161	50		30	30r	1.0																													50	50	
26087.0	JJ161	51		30v	30v	1.0																													51	51	
26088.0	JJ161	52		31	31r	1.0																													52	52	
26089.0	JJ161	53		32	32r	1.0																													53	53	
26090.0	JJ161	54		32v	32v	1.0																													54	54	
26091.0	JJ161	55		33	33r	1.0																													55	55	
26092.0	JJ161	56		33v	33v	1.0																													56	56	
26093.0	JJ161	57		34	34r	1.0																													57	57	
26094.0	JJ161	58		34v	34v	1.0																													58	58	
26095.0	JJ161	59		35	35r	1.0																													59	59	
26096.0	JJ161	60		35v	35v	1.0																													60	60	
26097.0	JJ161	61		37	37r	1.0																													61	61	
26098.0	JJ161	62		37v	37v	1.0																													62	62	
26099.0	JJ161	63		38	38r	1.0																													63	63	
26100.0	JJ161	64		39	39r	1.0																													64	64	
26101.0	JJ161	65		39v	39v	1.0																													65	65	
26102.0	JJ161	66		40	40r	1.0																													66	66	
26103.0	JJ161	67		40v	40v	1.0																													67	67	
26104.0	JJ161	68		41	41r	1.0																													68	68	
26105.0	JJ161	69		42	42r	1.0																													69	69	
26106.0	JJ161	70		43v	43v	1.0																													70	70	
26107.0	JJ161	71		44	44r	1.0																													71	71	
26108.0	JJ161	72		45	45r	1.0																													72	72	
26109.0	JJ161	73		46	46r	1.0																													73	73	
26110.0	JJ161	74		47	47r	1.0																													74	74	
26111.0	JJ161	75		48v	48v	1.0																													75	75	
26112.0	JJ161	76		49	49r	1.0																													76	76	
26113.0	JJ161	77		49	49r	1.0																													77	77	
26114.0	JJ161	78		50	50r	1.0																													78	78	
26115.0	JJ161	79		51	51r	1.0																													79	79	
26116.0	JJ161	80		51v	51v	1.0																													80	80	
26117.0	JJ161	81		51v	51v	1.0																													81	81	
26118.0	JJ161	82		52v	52v	1.0																													82	82	
26119.0	JJ161	83		53v	53v	1.0																													83	83	
26120.0	JJ161	84		53bisv	53bisv	1.0														84	3349	53bisv													84	84	
26121.0	JJ161	85		54	54r	1.0																													85	85	
26122.0	JJ161	86		55	55r	1.0																													86	86	
26123.0	JJ161	87		55v	55v	1.0																													87	87	
26124.0	JJ161	88		56	56r	1.0																													88	88	
26125.0	JJ161	89		56v	56v	1.0																													89	89	
26126.0	JJ161	90		57	57r	1.0																													90	90	
26127.0	JJ161	91		57v	57v	1.0																													91	91	
26128.0	JJ161	92		58	58r	1.0																													92	92	
26129.0	JJ161	93		58v	58v	1.0																	93	2108	58v										93	93	
26130.0	JJ161	94		59	59r	1.0																													94	94	
26131.0	JJ161	95		60	60r	1.0																													95	95	
26132.0	JJ161	96		61	61r	1.0																													96	96	
26133.0	JJ161	97		61	61r	1.0																													97	97	
26134.0	JJ161	98		61v	61v	1.0																													98	98	
26135.0	JJ161	99		62	62r	1.0																													99	99	
26136.0	JJ161	100		64	64r	1.0														100	3350	64													100	100	
26137.0	JJ161	101		64v	64v	1.0																													101	101	
26138.0	JJ161	102		65	65r	1.0																													102	102	
26139.0	JJ161	103		65v	65v	1.0																													103	103	
26140.0	JJ161	104		65v	65v	1.0														104	3351	65v													104	104	
26141.0	JJ161	105		69v	69v	0.0																													105	105	
26141.1	JJ161	105bis		70	70r																																
26142.0	JJ161	106		70	70r	1.0																													106	106	
26143.0	JJ161	107		70v	70v	1.0																													107	107	
26144.0	JJ161	108		71	71r	1.0														108	3352	71													108	108	
26145.0	JJ161	109		72	72r	1.0																													109	109	
26146.0	JJ161	110		72v	72v	1.0																													110	110	
26147.0	JJ161	111		73	73r	1.0																													111	111	
26148.0	JJ161	112		74	74r	1.0																													112	112	
26149.0	JJ161	113		75	75r	1.0																													113	113	
26150.0	JJ161	114		76	76r	1.0																													114	114	
26151.0	JJ161	115		76v	76v	1.0																													115	115	
26152.0	JJ161	116		77	77r	1.0																													116	116	
26153.0	JJ161	117		77v	77v	1.0																													117	117	
26154.0	JJ161	118		78	78r	1.0																													118	118	
26155.0	JJ161	119		79v	79v	1.0																													119	119	
26156.0	JJ161	120		79v	79v	1.0																													120	120	
26157.0	JJ161	121		80v	80v	1.0																													121	121	
26158.0	JJ161	122		82v	82v	1.0																													122	122	
26159.0	JJ161	123		83	83r	1.0																													123	123	
26160.0	JJ161	124		83v	83v	1.0																													124	124	
26161.0	JJ161	125		83v	83v	1.0																													125	125	
26162.0	JJ161	126		84	84r	1.0																													126	126	
26163.0	JJ161	127		84v	84v	1.0																													127	127	
26164.0	JJ161	128		85	85r	1.0																													128	128	
26165.0	JJ161	129		85v	85v	1.0																													129	129	
26166.0	JJ161	130		86	86r	1.0																													130	130	
26167.0	JJ161	131		86v	86v	1.0																													131	131	
26168.0	JJ161	132		87v	87v	1.0																													132	132	
26169.0	JJ161	133		88	88r	1.0																													133	133	
26170.0	JJ161	134		Vacat		1.0	No image available (non signalé dans ARCA)																134	2109	89										134	134	
26171.0	JJ161	135		90	90r	1.0																													135	135	
26172.0	JJ161	136		91v	91v	1.0																													136	136	
26173.0	JJ161	137		94	94r	1.0														137	3353	94													137	137	
26174.0	JJ161	138		95	95r	0.0																													138	138	
26174.1	JJ161	138bis		95v	95v		Cancellé. Copie non achevée																														
26175.0	JJ161	139		95v	95v	1.0																													139	139	
26176.0	JJ161	140		96	96r	1.0																													140	140	
26177.0	JJ161	141		97	97r	1.0																													141	141	
26178.0	JJ161	142		97v	97v	1.0																													142	142	
26179.0	JJ161	143		98	98r	0.0																													143	143	
26180.0	JJ161	143bis		98v	98v															143bis	3354	98v															
26181.0	JJ161	144		99	99r	1.0																													144	144	
26182.0	JJ161	145		100	100r	1.0																	145	2110	100										145	145	
26183.0	JJ161	146		100v	100v	1.0																													146	146	
26184.0	JJ161	147		101	101r	1.0																													147	147	
26185.0	JJ161	148		101	101r	1.0																													148	148	
26186.0	JJ161	149		102	102r	1.0																													149	149	
26187.0	JJ161	150		102	102r	1.0																													150	150	
26188.0	JJ161	151		103	103r	1.0																													151	151	
26189.0	JJ161	152		104	104r	1.0																													152	152	
26190.0	JJ161	153		104v	104v	1.0																													153	153	
26191.0	JJ161	154		105	105r	1.0																													154	154	
26192.0	JJ161	155		105v	105v	1.0																													155	155	
26193.0	JJ161	156		106	106r	1.0																													156	156	
26194.0	JJ161	157		106v	106v	1.0																													157	157	
26195.0	JJ161	158		108v	108v	1.0																													158	158	
26196.0	JJ161	159		109	109r	1.0																													159	159	
26197.0	JJ161	160		109v	109v	1.0																													160	160	
26198.0	JJ161	161		110	110r	1.0																													161	161	
26199.0	JJ161	162		111	111r	1.0																													162	162	
26200.0	JJ161	163		111v	111v	1.0																													163	163	
26201.0	JJ161	164		113	113r	1.0																													164	164	
26202.0	JJ161	165		114	114r	1.0																													165	165	
26203.0	JJ161	166		Vacat		1.0	No image available																												166	166	
26204.0	JJ161	167		Vacat		1.0	No image available																												167	167	
26205.0	JJ161	168		115v	115v	1.0																													168	168	
26206.0	JJ161	169		116v	116v	1.0																													169	169	
26207.0	JJ161	170		117	117r	1.0																													170	170	
26208.0	JJ161	171		117v	117v	1.0																													171	171	
26209.0	JJ161	172		118	118r	1.0																													172	172	
26210.0	JJ161	173		118v	118v	1.0														173	3355	118v													173	173	
26211.0	JJ161	174		119v	119v	1.0																													174	174	
26212.0	JJ161	175		120v	120v	1.0																	175	2111	120v										175	175	
26213.0	JJ161	176		121	121r	1.0																													176	176	
26214.0	JJ161	177		Vacat		1.0	No image available																												177	177	
26215.0	JJ161	178		123	123r	1.0																													178	178	
26216.0	JJ161	179		123v	123v	1.0																													179	179	
26217.0	JJ161	180		124	124r	1.0																													180	180	
26218.0	JJ161	181		125	125r	1.0																													181	181	
26219.0	JJ161	182		125v	125v	1.0																	182	2112	125v										182	182	
26220.0	JJ161	183		126	126r	1.0																													183	183	
26221.0	JJ161	184		126v	126v	1.0																													184	184	
26222.0	JJ161	185		126v	126v	1.0																													185	185	
26223.0	JJ161	186		127	127r	1.0																													186	186	
26224.0	JJ161	187		128	128r	1.0																													187	187	
26225.0	JJ161	188		128v	128v	1.0																													188	188	
26226.0	JJ161	189		129	129r	1.0																													189	189	
26227.0	JJ161	190		129v	129v	1.0																	190	2113	129v										190	190	
26228.0	JJ161	191		130	130r	1.0																													191	191	
26229.0	JJ161	192		130v	130v	1.0																													192	192	
26230.0	JJ161	193		131	131r	1.0																	193	2114	131										193	193	
26231.0	JJ161	194		131v	131v	1.0																													194	194	
26232.0	JJ161	195		132	132r	1.0														195	3356	132													195	195	
26233.0	JJ161	196		132v	132v	1.0																													196	196	
26234.0	JJ161	197		133	133r	1.0																													197	197	
26235.0	JJ161	198		134	134r	1.0																													198	198	
26236.0	JJ161	199		134v	134v	1.0																													199	199	
26237.0	JJ161	200		135v	135v	1.0														200	3357	135v													200	200	
26238.0	JJ161	201		137v	137v	1.0																													201	201	
26239.0	JJ161	202		138	138r	1.0																													202	202	
26240.0	JJ161	203		138v	138v	1.0																													203	203	
26241.0	JJ161	204		139	139r	1.0														204	3358	139													204	204	
26242.0	JJ161	205		139v	139v	1.0																													205	205	
26243.0	JJ161	206		140v	140v	1.0														206	3359	140v													206	206	
26244.0	JJ161	207		141	141r	1.0																													207	207	
26245.0	JJ161	208		142	142r	1.0																													208	208	
26246.0	JJ161	209		147	147r	1.0																													209	209	
26247.0	JJ161	210		147v	147v	1.0																	210	2115	147v										210	210	
26248.0	JJ161	211		148v	148v	1.0																													211	211	
26249.0	JJ161	212		149	149r	1.0														212	3360	149													212	212	
26250.0	JJ161	213		149v	149v	1.0																													213	213	
26251.0	JJ161	214		150	150r	1.0																													214	214	
26252.0	JJ161	215		150v	150v	1.0																													215	215	
26253.0	JJ161	216		150v	150v	1.0														216	3361	150v													216	216	
26254.0	JJ161	217		152	152r	1.0																													217	217	
26255.0	JJ161	218		152v	152v	1.0																													218	218	
26256.0	JJ161	219		153v	153v	1.0																													219	219	
26257.0	JJ161	220		154	154r	1.0																													220	220	
26258.0	JJ161	221		155	155r	1.0																	221	2116	155										221	221	
26259.0	JJ161	222		155	155r	1.0																													222	222	
26260.0	JJ161	223		156	156r	1.0																													223	223	
26261.0	JJ161	224		156v	156v	1.0																													224	224	
26262.0	JJ161	225		157	157r	1.0																													225	225	
26263.0	JJ161	226		157v	157v	1.0																													226	226	
26264.0	JJ161	227		158v	158v	1.0																													227	227	
26265.0	JJ161	228		158v	158v	1.0																													228	228	
26266.0	JJ161	229		158v	158v	1.0																													229	229	
26267.0	JJ161	230		158v	158v	1.0																	230	2117	158v										230	230	
26268.0	JJ161	231		158v	158v	1.0																													231	231	
26269.0	JJ161	232		158v	158v	1.0																													232	232	
26270.0	JJ161	233		158v	158v	1.0																													233	233	
26271.0	JJ161	234		158v	158v	1.0																													234	234	
26272.0	JJ161	235		158v	158v	1.0																													235	235	
26273.0	JJ161	236		158v	158v	1.0																													236	236	
26274.0	JJ161	237		158v	158v	1.0																													237	237	
26275.0	JJ161	238		159	159r	1.0																													238	238	
26276.0	JJ161	239		159v	159v	1.0																													239	239	
26277.0	JJ161	240		160	160r	1.0																													240	240	
26278.0	JJ161	241		160	160r	1.0																													241	241	
26279.0	JJ161	242		160v	160v	1.0																													242	242	
26280.0	JJ161	243		160v	160v	1.0																													243	243	
26281.0	JJ161	244		161v	161v	1.0																													244	244	
26282.0	JJ161	245		162v	162v	1.0																													245	245	
26283.0	JJ161	246		163	163r	1.0																													246	246	
26284.0	JJ161	247		163v	163v	1.0																													247	247	
26285.0	JJ161	248		164	164r	1.0																													248	248	
26286.0	JJ161	249		165	165r	1.0																													249	249	
26287.0	JJ161	250		166	166r	1.0																													250	250	
26288.0	JJ161	251		166v	166v	1.0																													251	251	
26289.0	JJ161	252		167	167r	1.0																	252	2118	167										252	252	
26290.0	JJ161	253		167v	167v	1.0																	253	2119	167v										253	253	
26291.0	JJ161	254		168	168r	1.0																													254	254	
26292.0	JJ161	255		169v	169v	1.0																													255	255	
26293.0	JJ161	256		169v	169v	1.0		256	DCCCCXIX	169v																									256	256	
26294.0	JJ161	257		170v	170v	1.0																													257	257	
26295.0	JJ161	258		172	172r	1.0		258	DCCCCXX	folÂ 172																									258	258	
26296.0	JJ161	259		172v	172v	1.0																													259	259	
26297.0	JJ161	260		173	173r	1.0																	260	2120	173										260	260	
26298.0	JJ161	261		173v	173v	1.0																													261	261	
26299.0	JJ161	262		174v	174v	1.0																	262	2121	174v										262	262	
26300.0	JJ161	263		175	175r	1.0																													263	263	
26301.0	JJ161	264		176	176r	1.0																													264	264	
26302.0	JJ161	265		176v	176v	1.0																													265	265	
26303.0	JJ161	266		177	177r	1.0														266	3362	177													266	266	
26304.0	JJ161	267		178	178r	1.0																													267	267	
26305.0	JJ161	268		178v	178v	1.0											268	1070	178v																268	268	
26306.0	JJ161	269		179v	179v	1.0																													269	269	
26307.0	JJ161	270		180	180r	1.0																													270	270	
26308.0	JJ161	271		181	181r	1.0																													271	271	
26309.0	JJ161	272		181v	181v	1.0																													272	272	
26310.0	JJ161	273		182	182r	1.0																													273	273	
26311.0	JJ161	274		182v	182v	1.0																													274	274	
26312.0	JJ161	275		183v	183v	1.0																													275	275	
26313.0	JJ161	276		184v	184v	1.0																													276	276	
26314.0	JJ161	277		185	185r	1.0																													277	277	
26315.0	JJ161	278		186	186r	1.0																													278	278	
26316.0	JJ161	279		186v	186v	1.0																													279	279	
26317.0	JJ161	280		187	187r	1.0																													280	280	
26318.0	JJ161	281		188	188r	1.0														281	3363	188													281	281	
26319.0	JJ161	282		189	189r	1.0																													282	282	
26320.0	JJ161	283		192	192r	1.0																													283	283	
26321.0	JJ161	284		192v	192v	1.0																													284	284	
26322.0	JJ161	285		192v	192v	1.0																													285	285	
26323.0	JJ161	286		193	193r	1.0																													286	286	
26324.0	JJ161	287		193v	193v	1.0																													287	287	
26325.0	JJ161	288		194	194r	1.0																	288	2122	194										288	288	
26326.0	JJ161	289		195	195r	1.0																	289	2123	195										289	289	
26327.0	JJ161	290		195v	195v	1.0														290	3364	195v													290	290	
26328.0	JJ161	291		196v	196v	1.0																													291	291	
26329.0	JJ161	292		197	197r	1.0																													292	292	
26330.0	JJ161	293		197	197r	1.0																	293	2124	197										293	293	
26331.0	JJ161	294		198	198r	1.0																													294	294	
26332.0	JJ161	295		198v	198v	1.0																													295	295	
26333.0	JJ161	296		199	199r	1.0																													296	296	
26334.0	JJ161	297		200	200r	1.0																	297	2125	200										297	297	
26335.0	JJ161	298		200v	200v	1.0																													298	298	
26336.0	JJ161	299		201v	201v	1.0																													299	299	
26337.0	JJ161	300		202	202r	1.0																													300	300	
26338.0	JJ161	301		202v	202v	1.0																	301	2126	202v										301	301	
26339.0	JJ161	302		203	203r	0.0																													302	302	
26341.0	JJ161	304		204	204r	1.0	Numéro 303 omis dans la numérotation, qui passe de 302 à 304 sans aucune lacune matérielle ou textuelle																												304	304	
26342.0	JJ161	305		204v	204v	1.0																													305	305	
26343.0	JJ161	306		205	205r	1.0																													306	306	
26344.0	JJ161	307		Vacat		1.0	No image available																												307	307	
26345.0	JJ161	308		207	207r	1.0																													308	308	
26346.0	JJ161	309		207v	207v	1.0																													309	309	
26347.0	JJ161	310		208v	208v	1.0														310	3365	208v													310	310	
26348.0	JJ161	311		209	209r	1.0																													311	311	
26349.0	JJ161	312		210	210r	1.0																													312	312	
26350.0	JJ161	313		211	211r	1.0																													313	313	
26351.0	JJ161	314		212	212r	1.0																													314	314	
26352.0	JJ161	315		212v	212v	1.0																													315	315	
26353.0	JJ161	316		213	213r	1.0																													316	316	
26354.0	JJ161	317		213v	213v	1.0																													317	317	
26355.0	JJ161	318		214	214r	1.0														318	3366	214													318	318	
26356.0	JJ161	319		214v	214v	1.0																													319	319	
26357.0	JJ161	320		215v	215v	1.0																	320	2127	215v										320	320	
26358.0	JJ161	321		216	216r	1.0		321	DCCCCXXI	folÂ 216																									321	321	
26359.0	JJ161	322		Vacat		1.0	No image available																												322	322	
26360.0	JJ161	323		218	218r	1.0																													323	323	
26361.0	JJ161	324		218v	218v	1.0														324	3367	218v													324	324	
26362.0	JJ161	325		219v	219v	1.0																	325	2128	219v										325	325	
26363.0	JJ161	326		220	220r	1.0																													326	326	
26364.0	JJ161	327		220v	220v	1.0																													327	327	
26365.0	JJ161	328		221	221r	1.0																													328	328	
26366.0	JJ161	329		221v	221v	0.0																													329	329	
26368.0	JJ161	331		222v	222v	1.0	Numéro 330 omis dans la numérotation, qui passe de 329 à 331 sans aucune lacune matérielle ou textuelle																												331	331	
26369.0	JJ161	332		224v	224v	1.0																													332	332	
26370.0	JJ161	333		225	225r	1.0																													333	333	
26371.0	JJ161	334		225v	225v	1.0																													334	334	
26372.0	JJ161	335		228	228r	1.0														335	3368	228													335	335	
26373.0	JJ161	336		228	228r	1.0																													336	336	
26374.0	JJ161	337		229	229r	1.0														337	3369	229													337	337	
26375.0	JJ161	338		234	234r	1.0														338	3370	234													338	338	
26376.0	JJ161	339		234v	234v	1.0																													339	339	
26377.0	JJ161	340		235	235r	1.0																													340	340	
26378.0	JJ161	341		235	235r	1.0																													341	341	
26379.0	JJ161	342		235v	235v	1.0																													342	342	
26380.0	JJ161	343		236v	236v	1.0																													343	343	
26381.0	JJ161	344		237	237r	1.0																													344	344	
26382.0	JJ161	345		262v	262v	1.0																													345	345	
26383.0	JJ161	346		263	263r	1.0																													346	346	
26384.0	JJ161	347		263	263r	1.0																													347	347	
26385.0	JJ161	348		263	263r	1.0																													348	348	
26386.0	JJ161	349		263v	263v	1.0											349	1071	263v																349	349	
26387.0	JJ161	350		264	264r	1.0																	350	2129	264										350	350	
26388.0	JJ161	351		264v	264v	1.0																													351	351	
26389.0	JJ161	352		265	265r	1.0																													352	352	
26390.0	JJ161	353		266v	266v	1.0																													353	353	
26391.0	JJ161	354		267v	267v	0.0																													354	354	
26392.0	JJ161	354bis		267v	267v																														354bis	354bis	
26393.0	JJ161	355		268	268r	1.0																													355	355	
26394.0	JJ161	356		269	269r	1.0																													356	356	
26395.0	JJ161	357		269v	269v	1.0																													357	357	
26396.0	JJ161	358		270v	270v	1.0																													358	358	
26397.0	JJ161	359		271	271r	0.0																													359	359	
26397.1	JJ161	359bis		271v	271v		Cancellé. AF d'un acte indéterminé																														
26398.0	JJ161	360		272	272r	1.0																													360	360	
26399.0	JJ161	361		273	273r	1.0														361	3371	273													361	361	
26400.0	JJ161	362		273	273r	1.0																													362	362	
26401.0	JJ161	363		273v	273v	1.0																													363	363	
26402.0	JJ161	364		274	274r	1.0																													364	364	
26403.0	JJ161	365		275	275r	1.0																													365	365	
26404.0	JJ161	366		275v	275v	1.0																													366	366	
26405.0	JJ161	367		276v	276v	1.0																													367	367	
26406.0	JJ161	368		277	277r	1.0																													368	368	
26407.0	JJ161	369		277	277r	1.0																													369	369	
26408.0	JJ161	370		279	279r	1.0																													370	370	
26409.0	JJ161	371		279v	279v	1.0																													371	371	
26410.0	JJ161	372		280	280r	1.0																													372	372	
26411.0	JJ161	373		280v	280v	0.0																													373	373	
26412.0	JJ161	373bis		280v	280v																														373bis	373bis	
26413.0	JJ161	374		281	281r	1.0																													374	374	
26414.0	JJ161	375		281v	281v	1.0																													375	375	
26415.0	JJ161	376		281v	281v	1.0																													376	376	
26416.0	JJ161	377		Vacat		1.0	No image available																												377	377	
26417.0	JJ161	378		283v	283v	1.0																													378	378	
26418.0	JJ161	379		284	284r	1.0																													379	379	
26419.0	JJ161	380		285	285r	1.0																													380	380	
26420.0	JJ161	381		286	286r	1.0																													381	381	
26421.0	JJ161	382		286v	286v	1.0														382	3372	286v													382	382	
26422.0	JJ161	383		287	287r	1.0																													383	383	
26423.0	JJ161	384		290	290r	1.0														384	3373	290													384	384	
26424.0	JJ161	385		290v	290v	1.0																	385	2130	290v										385	385	
26425.0	JJ161	386		291v	291v	0.0																													386	386	
26435.0	JJ162	1		1	1r	1.0																													1	1	
26436.0	JJ162	2		13	13r	1.0																	2	2131	13										2	2	
26437.0	JJ162	3		13v	13v	1.0																													3	3	
26438.0	JJ162	4		14v	14v	1.0																													4	4	
26439.0	JJ162	5		15v	15v	1.0											5	1072	15v																5	5	
26440.0	JJ162	6		16	16r	1.0																													6	6	
26441.0	JJ162	7		17	17r	1.0																													7	7	
26442.0	JJ162	8		17v	17v	1.0																													8	8	
26443.0	JJ162	9		19	19r	1.0																													9	9	
26444.0	JJ162	10		20v	20v	1.0																													10	10	
26445.0	JJ162	11		21	21r	1.0																													11	11	
26446.0	JJ162	12		21v	21v	1.0																													12	12	
26447.0	JJ162	13		22	22r	1.0																													13	13	
26448.0	JJ162	14		23	23r	1.0																													14	14	
26449.0	JJ162	15		24	24r	1.0																													15	15	
26450.0	JJ162	16		24v	24v	1.0																													16	16	
26451.0	JJ162	17		25	25r	1.0																													17	17	
26452.0	JJ162	18		25v	25v	1.0																													18	18	
26453.0	JJ162	19		26v	26v	1.0																													19	19	
26454.0	JJ162	20		27	27r	1.0																													20	20	
26455.0	JJ162	21		27v	27v	1.0											21	1073	27v																21	21	
26456.0	JJ162	22		29	29r	1.0											22	1073	29																		
26457.0	JJ162	23		30	30r	1.0											23	1073	30																		
26458.0	JJ162	24		31	31r	1.0											24	1073	31																		
26459.0	JJ162	25		32	32r	1.0																													25	25	
26460.0	JJ162	26		33	33r	1.0																													26	26	
26461.0	JJ162	27		33v	33v	1.0																													27	27	
26462.0	JJ162	28		35	35r	1.0																													28	28	
26463.0	JJ162	29		35v	35v	1.0																													29	29	
26464.0	JJ162	30		36v	36v	1.0																													30	30	
26465.0	JJ162	31		37	37r	1.0																	31	2133	37										31	31	
26466.0	JJ162	32		37v	37v	1.0																													32	32	
26467.0	JJ162	33		38	38r	1.0																													33	33	
26468.0	JJ162	34		38v	38v	1.0																													34	34	
26469.0	JJ162	35		39v	39v	1.0																													35	35	
26470.0	JJ162	36		40	40r	1.0																													36	36	
26471.0	JJ162	37		40v	40v	1.0																													37	37	
26472.0	JJ162	38		41v	41v	1.0																													38	38	
26473.0	JJ162	39		42v	42v	1.0														39	3374	42v													39	39	
26474.0	JJ162	40		43v	43v	1.0																													40	40	
26475.0	JJ162	41		44	44r	1.0																													41	41	
26476.0	JJ162	42		44v	44v	1.0																													42	42	
26477.0	JJ162	43		45	45r	0.0																													43	43	
26477.1	JJ162	43bis		45v	45v																																
26478.0	JJ162	44		46	46r	1.0																													44	44	
26479.0	JJ162	45		46v	46v	1.0																													45	45	
26480.0	JJ162	46		48	48r	1.0																													46	46	
26481.0	JJ162	47		48v	48v	1.0																													47	47	
26482.0	JJ162	48		49	49r	1.0																													48	48	
26483.0	JJ162	49		49v	49v	1.0																													49	49	
26484.0	JJ162	50		50	50r	1.0																													50	50	
26485.0	JJ162	51		50	50r	0.0																													51	51	
26485.1	JJ162	51bis		50v	50v		Copie non achevée																														
26486.0	JJ162	52		50v	50v	1.0																													52	52	
26487.0	JJ162	53		51v	51v	1.0																													53	53	
26488.0	JJ162	54		52	52r	1.0																													54	54	
26489.0	JJ162	55		52	52r	1.0																													55	55	
26490.0	JJ162	56		53	53r	1.0																													56	56	
26491.0	JJ162	57		53v	53v	1.0																													57	57	
26492.0	JJ162	58		54	54r	1.0																													58	58	
26493.0	JJ162	59		54	54r	1.0																													59	59	
26494.0	JJ162	60		55v	55v	1.0																													60	60	
26495.0	JJ162	61		56	56r	1.0																													61	61	
26496.0	JJ162	62		56v	56v	0.0																													62	62	
26498.0	JJ162	64		57v	57v	1.0	Numéro 63 omis dans la numérotation, qui passe de 62 à 64 sans aucune lacune matérielle ou textuelle																												64	64	
26499.0	JJ162	65		58	58r	1.0																													65	65	
26500.0	JJ162	66		58v	58v	1.0																													66	66	
26501.0	JJ162	67		59	59r	1.0																													67	67	
26502.0	JJ162	68		59v	59v	1.0																	68	2132	59v										68	68	
26503.0	JJ162	69		60	60r	1.0																													69	69	
26504.0	JJ162	70		60v	60v	1.0																													70	70	
26505.0	JJ162	71		61	61r	1.0																													71	71	
26506.0	JJ162	72		63	63r	1.0																													72	72	
26507.0	JJ162	73		63v	63v	1.0																													73	73	
26508.0	JJ162	74		64v	64v	1.0																													74	74	
26509.0	JJ162	75		64v	64v	1.0																													75	75	
26510.0	JJ162	76		65v	65v	1.0																													76	76	
26511.0	JJ162	77		66	66r	1.0																													77	77	
26512.0	JJ162	78		67	67r	1.0																													78	78	
26513.0	JJ162	79		67v	67v	1.0																													79	79	
26514.0	JJ162	80		68	68r	1.0																													80	80	
26515.0	JJ162	81		69	69r	1.0																													81	81	
26516.0	JJ162	82		69v	69v	1.0																													82	82	
26517.0	JJ162	83		71v	71v	1.0																													83	83	
26518.0	JJ162	84		72	72r	1.0																													84	84	
26519.0	JJ162	85		73	73r	1.0																	85	2134	73										85	85	
26520.0	JJ162	86		73v	73v	0.0																													86	86	
26520.1	JJ162	86bis		74v	74v																																
26521.0	JJ162	87		75	75r	1.0																													87	87	
26522.0	JJ162	88		76	76r	1.0																													88	88	
26523.0	JJ162	89		76v	76v	1.0																	89	2135	76v										89	89	
26524.0	JJ162	90		77	77r	1.0																													90	90	
26525.0	JJ162	91		77v	77v	1.0														91	3375	77v													91	91	
26526.0	JJ162	92		77v	77v	1.0																													92	92	
26527.0	JJ162	93		78v	78v	1.0																													93	93	
26528.0	JJ162	94		79	79r	1.0																													94	94	
26529.0	JJ162	95		79v	79v	1.0																													95	95	
26530.0	JJ162	96		80v	80v	1.0																													96	96	
26531.0	JJ162	97		81v	81v	1.0																													97	97	
26532.0	JJ162	98		82	82r	1.0																													98	98	
26533.0	JJ162	99		82v	82v	1.0																													99	99	
26534.0	JJ162	100		83	83r	1.0																													100	100	
26535.0	JJ162	101		83v	83v	1.0																													101	101	
26536.0	JJ162	102		84v	84v	1.0																													102	102	
26537.0	JJ162	103		85	85r	1.0																													103	103	
26538.0	JJ162	104		86	86r	1.0																													104	104	
26539.0	JJ162	105		87	87r	1.0																													105	105	
26540.0	JJ162	106		87v	87v	1.0																													106	106	
26541.0	JJ162	107		88v	88v	1.0																													107	107	
26542.0	JJ162	108		89v	89v	1.0																													108	108	
26543.0	JJ162	109		90	90r	1.0																													109	109	
26544.0	JJ162	110		90v	90v	1.0														110	3376	90v													110	110	
26545.0	JJ162	111		91	91r	1.0																													111	111	
26546.0	JJ162	112		91v	91v	1.0																													112	112	
26547.0	JJ162	113		92	92r	1.0																													113	113	
26548.0	JJ162	114		92v	92v	1.0																													114	114	
26549.0	JJ162	115		93	93r	1.0																	115	2136	93										115	115	
26550.0	JJ162	116		93v	93v	1.0																													116	116	
26551.0	JJ162	117		94	94r	1.0											117	1074	94	117	3377	94													117	117	
26552.0	JJ162	118		95	95r	1.0																													118	118	
26553.0	JJ162	119		96	96r	1.0																													119	119	
26554.0	JJ162	120		97	97r	1.0																													120	120	
26555.0	JJ162	121		97	97r	1.0																													121	121	
26556.0	JJ162	122		98	98r	1.0																													122	122	
26557.0	JJ162	123		98v	98v	1.0																													123	123	
26558.0	JJ162	124		99	99r	1.0																													124	124	
26559.0	JJ162	125		99v	99v	0.0																													125	125	
26559.1	JJ162	125bis		100	100r		Cancellé. Copie non achevée																														
26560.0	JJ162	126		100v	100v	1.0																													126	126	
26561.0	JJ162	127		101	101r	1.0																													127	127	
26562.0	JJ162	128		102	102r	1.0																													128	128	
26563.0	JJ162	129		102v	102v	1.0																													129	129	
26564.0	JJ162	130		104	104r	1.0																	130	2137	104										130	130	
26565.0	JJ162	131		104v	104v	1.0																													131	131	
26566.0	JJ162	132		105	105r	1.0																													132	132	
26567.0	JJ162	133		105bis	105bisr	1.0																													133	133	
26568.0	JJ162	134		105bisv	105bisv	1.0																	134	2138	105bisv										134	134	
26569.0	JJ162	135		107	107r	1.0																													135	135	
26570.0	JJ162	136		108	108r	1.0																													136	136	
26571.0	JJ162	137		108v	108v	1.0																													137	137	
26572.0	JJ162	138		110	110r	1.0																													138	138	
26573.0	JJ162	139		111	111r	1.0																													139	139	
26574.0	JJ162	140		112v	112v	1.0																													140	140	
26575.0	JJ162	141		113	113r	0.0																													141	141	
26575.1	JJ162	141bis		114	114r																																
26576.0	JJ162	142		114v	114v	1.0																													142	142	
26577.0	JJ162	143		115v	115v	1.0																													143	143	
26578.0	JJ162	144		116	116r	1.0																													144	144	
26579.0	JJ162	145		117	117r	1.0																													145	145	
26580.0	JJ162	146		117v	117v	1.0																													146	146	
26581.0	JJ162	147		118	118r	1.0																													147	147	
26582.0	JJ162	148		118v	118v	1.0																													148	148	
26583.0	JJ162	149		119	119r	1.0																													149	149	
26584.0	JJ162	150		119v	119v	1.0																													150	150	
26585.0	JJ162	151		121	121r	1.0																													151	151	
26586.0	JJ162	152		121	121r	1.0																	152	2139	121										152	152	
26587.0	JJ162	153		122	122r	1.0																													153	153	
26588.0	JJ162	154		122v	122v	1.0																													154	154	
26589.0	JJ162	155		122v	122v	1.0																	155	2140	122v										155	155	
26590.0	JJ162	156		123	123r	1.0																	156	2141	123										156	156	
26591.0	JJ162	157		123v	123v	1.0																													157	157	
26592.0	JJ162	158		124	124r	1.0																													158	158	
26593.0	JJ162	159		124v	124v	1.0																													159	159	
26594.0	JJ162	160		125	125r	1.0											160	1075	125																160	160	
26595.0	JJ162	161		126	126r	1.0																													161	161	
26596.0	JJ162	162		126v	126v	1.0																													162	162	
26597.0	JJ162	163		127	127r	1.0																													163	163	
26598.0	JJ162	164		128	128r	1.0																													164	164	
26599.0	JJ162	165		128v	128v	1.0																	165	2142	128v										165	165	
26600.0	JJ162	166		129	129r	1.0																													166	166	
26601.0	JJ162	167		129v	129v	1.0																													167	167	
26602.0	JJ162	168		130	130r	1.0																													168	168	
26603.0	JJ162	169		130v	130v	1.0																													169	169	
26604.0	JJ162	170		132	132r	1.0											170	1076	132																170	170	
26605.0	JJ162	171		132v	132v	1.0											171	1077	132v																171	171	
26606.0	JJ162	172		133v	133v	0.0																													172	172	
26606.1	JJ162	172bis		134	134r		Cancellé. Copie non achevée																														
26607.0	JJ162	173		134	134r	1.0																													173	173	
26608.0	JJ162	174		134v	134v	1.0																													174	174	
26609.0	JJ162	175		134v	134v	1.0		175	DCCCCXXIV	134v																									175	175	
26610.0	JJ162	176		135v	135v	1.0																													176	176	
26611.0	JJ162	177		136v	136v	1.0																	177	2143	136v										177	177	
26612.0	JJ162	178		138	138r	1.0																													178	178	
26613.0	JJ162	179		139	139r	1.0																													179	179	
26614.0	JJ162	180		140	140r	1.0																													180	180	
26615.0	JJ162	181		140v	140v	1.0																	181	2144	140v										181	181	
26616.0	JJ162	182		141v	141v	1.0											182	1078	141v																182	182	
26617.0	JJ162	183		142	142r	1.0																													183	183	
26618.0	JJ162	184		142v	142v	1.0																													184	184	
26619.0	JJ162	185		144	144r	1.0		185	DCCCCXXIII	folÂ 144																									185	185	
26620.0	JJ162	186		145	145r	1.0		186	DCCCCXXIII	fol145																									186	186	
26621.0	JJ162	187		145	145r	1.0																													187	187	
26622.0	JJ162	188		145v	145v	1.0																													188	188	
26623.0	JJ162	189		147	147r	1.0																													189	189	
26624.0	JJ162	190		148	148r	1.0																													190	190	
26625.0	JJ162	191		149	149r	1.0																													191	191	
26626.0	JJ162	192		149v	149v	1.0																													192	192	
26627.0	JJ162	193		150v	150v	1.0											193	1079	150v																193	193	
26628.0	JJ162	194		151v	151v	1.0																													194	194	
26629.0	JJ162	195		152	152r	1.0																													195	195	
26630.0	JJ162	196		153	153r	1.0																													196	196	
26631.0	JJ162	197		153v	153v	1.0																													197	197	
26632.0	JJ162	198		154	154r	1.0														198	3378	154													198	198	
26633.0	JJ162	199		155	155r	0.0																													199	199	
26634.0	JJ162	180bis	200	156	156r																														200	200	
26635.0	JJ162	181bis	201	156v	156v																		201 (Anc. n°181bis)	2145	156v										201	201	
26636.0	JJ162	182bis	202	157	157r																														202	202	
26637.0	JJ162	183bis	203	157v	157v																														203	203	
26638.0	JJ162	184bis	204	158	158r			184bis	DCCCCXXII	folÂ 158																									204	204	
26639.0	JJ162	185bis	205	159	159r																														205	205	
26640.0	JJ162	186bis	206	159v	159v																														206	206	
26641.0	JJ162	187bis	207	160v	160v																														207	207	
26642.0	JJ162	188bis	208	161v	161v																														208	208	
26643.0	JJ162	189bis	209	162	162r																														209	209	
26644.0	JJ162	190bis	210	162	162r																														210	210	
26645.0	JJ162	191bis	211	162v	162v																														211	211	
26646.0	JJ162	192bis	212	163	163r																														212	212	
26647.0	JJ162	193bis	213	163v	163v																														213	213	
26648.0	JJ162	194bis	214	163v	163v																														214	214	
26649.0	JJ162	194ter	215	164	164r																														215	215	
26650.0	JJ162	195bis	216	168	168r																		216 (Anc. n°195bis)	2146	168										216	216	
26651.0	JJ162	196bis	217	168v	168v																		217 (Anc. n°196bis)	2147	168v										217	217	
26652.0	JJ162	197bis	218	169	169r																														218	218	
26653.0	JJ162	198bis	219	170	170r																														219	219	
26654.0	JJ162	199bis	220	170v	170v																		220 (Anc. n°199bis)	2148	170v										220	220	
26655.0	JJ162	200	221	171	171r	1.0																	221 (Anc. n°200)	2149	171										221	221	
26656.0	JJ162	201		171v	171v	1.0																													222	222	
26657.0	JJ162	202	222	171v	171v	1.0																	222 (Anc. n°202)	2150	171v										223	223	
26658.0	JJ162	203	223	172	172r	1.0																													224	224	
26659.0	JJ162	204	224	173v	173v	1.0																													225	225	
26660.0	JJ162	205		174	174r	1.0																													226	226	
26661.0	JJ162	206	225	174	174r	1.0																													227	227	
26662.0	JJ162	207	226	174v	174v	1.0																	226 (Anc. n°207)	2151	174v										228	228	
26663.0	JJ162	208	227	175	175r	1.0																													229	229	
26664.0	JJ162	209	228	176	176r	1.0																													230	230	
26665.0	JJ162	210	229	177	177r	1.0																													231	231	
26666.0	JJ162	211	230	178	178r	1.0											211	1080	178																232	232	
26667.0	JJ162	212	231	179v	179v	1.0																													233	233	
26668.0	JJ162	213	232	180	180r	1.0																													234	234	
26669.0	JJ162	214	233	181	181r	1.0																													235	235	
26670.0	JJ162	215	234	181v	181v	1.0																													236	236	
26671.0	JJ162	216	235	182	182r	1.0														216 (Nouv. n°235)	3379	182													237	237	
26672.0	JJ162	217	236	183	183r	1.0																													238	238	
26673.0	JJ162	218	237	184	184r	1.0														218 (Nouv. n°237)	3380	184													239	239	
26674.0	JJ162	219	238	185v	185v	1.0																													240	240	
26675.0	JJ162	220	239	185v	185v	1.0																													241	241	
26676.0	JJ162	221	240	186	186r	1.0																													242	242	
26677.0	JJ162	222		186v	186v	1.0																													243	243	
26678.0	JJ162	223	241	186v	186v	1.0																													244	244	
26679.0	JJ162	224	242	187v	187v	1.0																													245	245	
26680.0	JJ162	225	243	188	188r	1.0																													246	246	
26681.0	JJ162	226	244	189	189r	1.0																													247	247	
26682.0	JJ162	227	245	189v	189v	1.0																													248	248	
26683.0	JJ162	228	246	190	190r	1.0																													249	249	
26684.0	JJ162	229	247	190v	190v	1.0																													250	250	
26685.0	JJ162	230	248	191	191r	1.0																													251	251	
26686.0	JJ162	231	249	192	192r	1.0																													252	252	
26687.0	JJ162	232	250	192	192r	1.0																													253	253	
26688.0	JJ162	233	251	192v	192v	1.0														233 (Nouv. n°251)	3381	192v													254	254	
26689.0	JJ162	234	252	193v	193v	1.0																													255	255	
26690.0	JJ162	235	253	194	194r	1.0																													256	256	
26691.0	JJ162	236	254	194v	194v	1.0																													257	257	
26692.0	JJ162	237	255	195	195r	1.0																													258	258	
26693.0	JJ162	238	256	195v	195v	1.0																													259	259	
26694.0	JJ162	239		197v	197v	1.0																													260	260	
26695.0	JJ162	240		198	198r	1.0											240	1081	198																261	261	
26696.0	JJ162	241	259	198v	198v	1.0																													262	262	
26697.0	JJ162	242	260	199	199r	1.0																													263	263	
26698.0	JJ162	243	261	199	199r	1.0																													264	264	
26699.0	JJ162	244	262	199v	199v	1.0																													265	265	
26700.0	JJ162	245	263	200	200r	1.0																													266	266	
26701.0	JJ162	246	264	200v	200v	1.0																													267	267	
26702.0	JJ162	247	265	201	201r	1.0																													268	268	
26703.0	JJ162	248	266	202	202r	1.0																													269	269	
26704.0	JJ162	249	267	202	202r	1.0																													270	270	
26705.0	JJ162	250	268	202v	202v	1.0																													271	271	
26706.0	JJ162	251	269	203v	203v	1.0																													272	272	
26707.0	JJ162	252	270	203v	203v	1.0																													273	273	
26708.0	JJ162	253		204v	204v	0.0																													274	274	
26708.1	JJ162	253bis		204v	204v																																
26708.2	JJ162	253ter		204v	204v																																
26709.0	JJ162	254	271	204v	204v	1.0																													275	275	
26710.0	JJ162	255	272	205	205r	1.0														255 (Nouv. n°272)	3382	205													276	276	
26711.0	JJ162	256		205v	205v	1.0																													277	277	
26712.0	JJ162	257	273	205v	205v	1.0																													278	278	
26713.0	JJ162	258	274	207	207r	1.0																													279	279	
26714.0	JJ162	259	275	207v	207v	1.0																													280	280	
26715.0	JJ162	260	276	208	208r	1.0														260 (Nouv. n°276)	3384	208													281	281	
26716.0	JJ162	261	277	208v	208v	1.0														261 (Nouv. n°277)	3385	208v													282	282	
26717.0	JJ162	262	278	208v	208v	1.0														262 (Nouv. n°278)	3386	208v													283	283	
26718.0	JJ162	263	279	208v	208v	1.0																													284	284	
26719.0	JJ162	264	280	209	209r	1.0																													285	285	
26720.0	JJ162	265	281	209v	209v	1.0																													286	286	
26721.0	JJ162	266	282	210	210r	1.0																													287	287	
26722.0	JJ162	267	283	210v	210v	1.0																													288	288	
26723.0	JJ162	268	284	211	211r	1.0																													289	289	
26724.0	JJ162	269	285	211	211r	1.0																													290	290	
26725.0	JJ162	270	286	211v	211v	1.0																													291	291	
26726.0	JJ162	271	287	212	212r	1.0																	287 (Anc. n°271)	2152	212										292	292	
26727.0	JJ162	272	288	212v	212v	0.0		272	DCCCCXXV	212v																									293	293	
26728.0	JJ162	274	289	213	213r	1.0	Numéro 273 omis dans l'ancienne numérotation, qui passe de 272 à 274 sans aucune lacune matérielle ou textuelle																												294	294	
26729.0	JJ162	275	290	213v	213v	1.0																													295	295	
26730.0	JJ162	276	291	214	214r	1.0																													296	296	
26731.0	JJ162	277		214v	214v	1.0																													297	297	
26732.0	JJ162	278	292	214v	214v	1.0																													298	298	
26733.0	JJ162	279	293	215	215r	1.0																													299	299	
26734.0	JJ162	280	294	215v	215v	1.0																	294 (Anc. n°280)	2153	215v										300	300	
26735.0	JJ162	281	295	216	216r	1.0																													301	301	
26736.0	JJ162	282	296	216v	216v	1.0																													302	302	
26737.0	JJ162	283	297	217	217r	1.0																													303	303	
26738.0	JJ162	284	298	217v	217v	1.0														284 (Nouv. n°298)	3387	217v													304	304	
26739.0	JJ162	285	299	218	218r	1.0														285 (Nouv. n°299)	3388	218													305	305	
26740.0	JJ162	286	300	218v	218v	1.0																													306	306	
26741.0	JJ162	287	301	219v	219v	1.0																													307	307	
26742.0	JJ162	288	302	220	220r	1.0														288 (Nouv. n°302)	3389	220													308	308	
26743.0	JJ162	289	303	224	224r	1.0														289 (Nouv. n°303)	3390	224													309	309	
26744.0	JJ162	290	304	225v	225v	1.0														290 (Nouv. n°304)	3391	225v													310	310	
26745.0	JJ162	291	305	226	226r	1.0		291	DCCCCXXVI	folÂ 226																									311	311	
26746.0	JJ162	292	306	226v	226v	1.0																	306 (Anc. n°292)	2154	226v										312	312	
26747.0	JJ162	293	307	227	227r	1.0														293 (Nouv. n°307)	3392	227													313	313	
26748.0	JJ162	294	308	227v	227v	1.0																													314	314	
26749.0	JJ162	295	309	228	228r	1.0																													315	315	
26750.0	JJ162	296	310	228v	228v	1.0																													315bis	315bis	
26751.0	JJ162	297	311	229v	229v	1.0																													316	316	
26752.0	JJ162	298	312	230	230r	1.0																													317	317	
26753.0	JJ162	299	313	231	231r	1.0																													318	318	
26754.0	JJ162	300	314	231	231r	1.0																													319	319	
26755.0	JJ162	301	315	232	232r	0.0																													320	320	
26756.0	JJ162	301bis	315bis	232v	232v																														321	321	
26757.0	JJ162	302	316	233	233r	1.0																													322	322	
26758.0	JJ162	303	317	234	234r	1.0																													323	323	
26759.0	JJ162	304	318	234v	234v	1.0																													324	324	
26760.0	JJ162	305	319	235	235r	1.0																													325	325	
26761.0	JJ162	306	320	235v	235v	1.0														306 (Nouv. n°320)	3393	235v													326	326	
26762.0	JJ162	307	321	236	236r	1.0																													327	327	
26763.0	JJ162	308	322	236v	236v	1.0																													328	328	
26764.0	JJ162	309	323	237	237r	1.0														309 (Nouv. n°323)	3394	237													329	329	
26765.0	JJ162	310	324	237v	237v	1.0																													330	330	
26766.0	JJ162	311	325	238v	238v	1.0																													331	331	
26767.0	JJ162	312	326	239	239r	1.0																	326 (Anc. n°312)	2155	239										332	332	
26768.0	JJ162	313	327	239v	239v	1.0																													333	333	
26769.0	JJ162	314		239v	239v	1.0																													334	334	
26770.0	JJ162	315	328	240	240r	1.0																													335	335	
26771.0	JJ162	316	329	241v	241v	1.0														316 (Nouv. n°329)	3395	241v													336	336	
26772.0	JJ162	317	330	242	242r	1.0																													337	337	
26773.0	JJ162	318	331	242v	242v	1.0																													338	338	
26774.0	JJ162	319	332	243	243r	1.0																													339	339	
26775.0	JJ162	320	333	248	248r	1.0																													340	340	
26776.0	JJ162	321	334	248	248r	1.0																													341	341	
26777.0	JJ162	322	335	248v	248v	1.0																													342	342	
26778.0	JJ162	323	336	249	249r	1.0														323 (Nouv. n°336)	3396	249													343	343	
26779.0	JJ162	324	337	251v	251v	1.0																													344	344	
26780.0	JJ162	325	338	252	252r	1.0																													345	345	
26781.0	JJ162	326	339	252v	252v	1.0																													346	346	
26782.0	JJ162	327	340	253	253r	1.0																													347	347	
26783.0	JJ162	328	341	253v	253v	1.0																													348	348	
26784.0	JJ162	329	342	255	255r	1.0																													349	349	
26785.0	JJ162	330	343	255v	255v	1.0																													350	350	
26786.0	JJ162	331	344	256	256r	1.0																	331 (Nouv. n°344)	2156	256										351	351	
26787.0	JJ162	332	345	259	259r	1.0																													352	352	
26788.0	JJ162	333	346	259v	259v	1.0																													353	353	
26789.0	JJ162	334	347	260	260r	1.0																													354	354	
26790.0	JJ162	335	348	260	260r	1.0																	348 (Anc. n°335)	2157	260										355	355	
26791.0	JJ162	336	349	261	261r	1.0																													356	356	
26792.0	JJ162	337		262	262r	1.0																													357	357	
26793.0	JJ162	338		262	262r	1.0																													358	358	
26794.0	JJ162	339	350	262	262r	1.0														339 (Nouv. n°350)	3397	262													359	359	
26795.0	JJ162	340	351	263	263r	1.0																													360	360	
26796.0	JJ162	341	352	264	264r	1.0																													361	361	
26797.0	JJ162	342	353	265	265r	1.0																													362	362	
26798.0	JJ162	343	354	265	265r	1.0																													363	363	
26799.0	JJ162	344	355	266	266r	0.0																													364	364	
26800.0	JJ162	346	356	266v	266v	1.0	Numéro 345 omis dans l'ancienne numérotation, qui passe de 344 à 346 sans aucune lacune matérielle ou textuelle																												365	365	
26801.0	JJ162	347	357	267	267r	1.0																													366	366	
26802.0	JJ162	348	358	267v	267v	1.0																													367	367	
26803.0	JJ162	349	359	267v	267v	1.0		349	DCCCCXXVII	folÂ 267Â vÂ°																									368	368	
26804.0	JJ162	350	360	268v	268v	1.0																													369	369	
26805.0	JJ162	351		269	269r	1.0																													370	370	
26806.0	JJ162	352	361	269	269r	1.0														352 (Nouv. n°361)	3398	269													371	371	
26807.0	JJ162	353	362	270	270r	1.0														353 (Nouv. n°362)	3399	270													372	372	
26808.0	JJ162	354	363	271	271r	1.0																													373	373	
26809.0	JJ162	355	364	271v	271v	1.0																													374	374	
26810.0	JJ162	356	365	272	272r	1.0																													375	375	
26811.0	JJ162	357	366	272	272r	1.0																													376	376	
26812.0	JJ162	358	367	272v	272v	1.0																													377	377	
26813.0	JJ162	359	368	273	273r	1.0																													378	378	
26814.0	JJ162	360	369	274	274r	1.0																													379	379	
26815.0	JJ162	361	370	274	274r	1.0																													380	380	
26816.0	JJ162	362	371	274v	274v	1.0											371 (Anc. n°362)	1082	274v																381	381	
26817.0	JJ162	363	372	275	275r	1.0																													382	382	
26818.0	JJ162	364	373	275v	275v	1.0																													383	383	
26820.0	JJ162	365	374	276	276r	1.0																													384	384	
26823.0	JJ162	366	375	276	276r	1.0																	375 (Anc. n°366)	2158	276										385	385	
26824.0	JJ162	367	376	276v	276v	1.0																													386	386	
26825.0	JJ162	368	377	277	277r	1.0																													387	387	
26826.0	JJ162	369	378	278	278r	1.0														369 (Nouv. n°378)	3400	278													388	388	
26827.0	JJ162	370	379	280	280r	1.0																													389	389	
26828.0	JJ162	371	380	280v	280v	1.0																													390	390	
26829.0	JJ162	372	381	281	281r	1.0																													391	391	
26830.0	JJ162	373	382	281v	281v	1.0																													392	392	
26831.0	JJ162	374	383	282	282r	1.0														374 (Nouv. n°383)	3401	282													393	393	
26832.0	JJ162	375	384	282v	282v	1.0														375 (Nouv. n°384)	3402	282v													394	394	
26833.0	JJ162	376	385	282v	282v	1.0														376 (Nouv. n°385)	3403	282v													395	395	
26834.0	JJ162	377	386	282v	282v	1.0														377 (Nouv. n°386)	3404	282v													396	396	
26835.0	JJ162	378	387	283	283r	1.0																													397	397	
26836.0	JJ162	379	388	283v	283v	1.0																													398	398	
26837.0	JJ162	380	389	284	284r	1.0																													399	399	
26838.0	JJ162	381	390	284v	284v	1.0																													400	400	
26839.0	JJ162	382	391	285	285r	1.0																													401	401	
26840.0	JJ162	383	392	286	286r	1.0		383	DCCCCXXVIII	folÂ 286													392 (Anc. n°383)	2159	286										402	402	
26841.0	JJ162	384	393	286v	286v	1.0		384	DCCCCXXIX|DCCCXLIV	folÂ 286Â vÂ°																									403	403	
26842.0	JJ162	385	394	287v	287v	1.0																													404	404	
26843.0	JJ162	386	395	288v	288v	1.0																													405	405	
26844.0	JJ162	387	396	289v	289v	1.0																													406	406	
26844.1	JJ162	388	397	289v	289v	1.0																															
26844.2	JJ162	389	398	290	290r	1.0																															
26844.3	JJ162	390	399	290v	290v	1.0																															
26844.4	JJ162	391	400	291	291r	1.0																	400 (Anc. n°391)	2160	291												
26844.5	JJ162	392	401	291v	291v	1.0																															
26844.6	JJ162	393	402	292	292r	1.0																															
26844.7	JJ162	394	403	292	292r	1.0																															
26844.8	JJ162	395	404	292v	292v	1.0														395 (Nouv. n°404)	3405	292v															
26844.9	JJ162	396	405	293	293r	1.0																															
26844.11	JJ162	397	406	293v	293v	0.0																															
26845.0	JJ163	1		1	1r	1.0																													1	1	
26846.0	JJ163	2		1v	1v	1.0																													2	2	
26847.0	JJ163	3		2	2r	1.0																													3	3	
26848.0	JJ163	4		2	2r	0.0																													4	4	
26848.1	JJ163	4bis		2v	2v																		4bis	2161	2v												
26849.0	JJ163	5		2v	2v	1.0																													5	5	
26850.0	JJ163	6		3	3r	1.0																													6	6	
26851.0	JJ163	7		3v	3v	1.0																													7	7	
26852.0	JJ163	8		3v	3v	1.0																													8	8	
26853.0	JJ163	9		4	4r	1.0																													9	9	
26854.0	JJ163	10		4	4r	1.0																													10	10	
26855.0	JJ163	11		4v	4v	1.0																													11	11	
26856.0	JJ163	12		4v	4v	1.0														12	3406	4v													12	12	
26857.0	JJ163	13		5	5r	1.0																													13	13	
26858.0	JJ163	14		5v	5v	1.0																													14	14	
26859.0	JJ163	15		6	6r	1.0																													15	15	
26860.0	JJ163	16		6	6r	1.0																													16	16	
26861.0	JJ163	17		7	7r	1.0																	17	2162	7										17	17	
26862.0	JJ163	18		7v	7v	1.0																	18	2163	7v										18	18	
26863.0	JJ163	19		7v	7v	1.0																													19	19	
26864.0	JJ163	20		8	8r	1.0																													20	20	
26865.0	JJ163	21		8v	8v	1.0																													21	21	
26866.0	JJ163	22		9	9r	1.0																													22	22	
26867.0	JJ163	23		9	9r	1.0																													23	23	
26868.0	JJ163	24		9v	9v	1.0																													24	24	
26869.0	JJ163	25		10	10r	1.0																													25	25	
26870.0	JJ163	26		10v	10v	1.0																													26	26	
26871.0	JJ163	27		10v	10v	1.0														27	3407	10v													27	27	
26872.0	JJ163	28		11	11r	1.0																													28	28	
26873.0	JJ163	29		11v	11v	1.0																													29	29	
26874.0	JJ163	30		12	12r	1.0																	30	2164	12										30	30	
26875.0	JJ163	31		12v	12v	1.0																													31	31	
26876.0	JJ163	32		13	13r	1.0																													32	32	
26877.0	JJ163	33		13v	13v	1.0																													33	33	
26878.0	JJ163	34		14	14r	1.0		34	DCCCCXXX	folÂ 14																									34	34	
26879.0	JJ163	35		14v	14v	1.0																													35	35	
26880.0	JJ163	36		15	15r	1.0																	36	2165	15										36	36	
26881.0	JJ163	37		15v	15v	1.0																													37	37	
26882.0	JJ163	38		16	16r	1.0																													38	38	
26883.0	JJ163	39		16	16r	1.0		39	DCCCCXXXI	folÂ 16																									39	39	
26884.0	JJ163	40		16v	16v	1.0		40	DCCCCXXXII	16v																									40	40	
26885.0	JJ163	41		17	17r	1.0																													41	41	
26886.0	JJ163	42		17	17r	1.0																													42	42	
26887.0	JJ163	43		17v	17v	1.0																													43	43	
26888.0	JJ163	44		18	18r	1.0																													44	44	
26889.0	JJ163	45		18v	18v	1.0																													45	45	
26890.0	JJ163	46		19	19r	0.0																													46	46	
26891.0	JJ163	46bis		20	20r																														46bis	46bis	
26892.0	JJ163	47		20	20r	1.0																													47	47	
26893.0	JJ163	48		21	21r	1.0																													48	48	
26894.0	JJ163	49		21v	21v	0.0																													49	49	
26895.0	JJ163	49bis		22	22r																														49bis	49bis	
26896.0	JJ163	50		22	22r	1.0																													50	50	
26897.0	JJ163	51		22v	22v	1.0																													51	51	
26898.0	JJ163	52		23	23r	1.0																													52	52	
26899.0	JJ163	53		23v	23v	1.0																													53	53	
26900.0	JJ163	54		24v	24v	1.0																													54	54	
26901.0	JJ163	55		25	25r	1.0																													55	55	
26902.0	JJ163	56		25	25r	1.0											56	1083	25																56	56	
26903.0	JJ163	57		26	26r	1.0																													57	57	
26904.0	JJ163	58		26v	26v	1.0																													58	58	
26905.0	JJ163	59		27	27r	1.0																													59	59	
26906.0	JJ163	60		28	28r	1.0																													60	60	
26907.0	JJ163	61		28v	28v	1.0																													61	61	
26908.0	JJ163	62		29v	29v	1.0		62	DCCCCXXXIII	29v																									62	62	
26909.0	JJ163	63		29v	29v	1.0		63	DCCCCXXXIII	29v																									63	63	
26910.0	JJ163	64		29v	29v	1.0		64	DCCCCXXXIV	29v													64	2166	29v										64	64	
26911.0	JJ163	65		30	30r	1.0																	65	2167	30										65	65	
26912.0	JJ163	66		30v	30v	1.0																													66	66	
26913.0	JJ163	67		31	31r	1.0																													67	67	
26914.0	JJ163	68		31v	31v	1.0																													68	68	
26915.0	JJ163	69		31v	31v	0.0																													69	69	
26916.0	JJ163	69bis		32	32r																														69bis	69bis	
26917.0	JJ163	70		32	32r	1.0														70	3408	32													70	70	
26918.0	JJ163	71		33	33r	1.0																													71	71	
26919.0	JJ163	72		33	33r	1.0																													72	72	
26920.0	JJ163	73		33v	33v	1.0																													73	73	
26921.0	JJ163	74		33v	33v	1.0																													74	74	
26922.0	JJ163	75		34	34r	1.0																													75	75	
26923.0	JJ163	76		34v	34v	1.0														76	3409	34v													76	76	
26924.0	JJ163	77		35	35r	1.0																													77	77	
26925.0	JJ163	78		35v	35v	1.0																													78	78	
26926.0	JJ163	79		36	36r	1.0																													79	79	
26927.0	JJ163	80		36v	36v	1.0																													80	80	
26928.0	JJ163	81		36v	36v	1.0																													81	81	
26929.0	JJ163	82		37v	37v	1.0		82	DCCCCXXXV	37v																									82	82	
26930.0	JJ163	83		38	38r	0.0																													83	83	
26932.0	JJ163	85		38v	38v	1.0	Numéro 84 omis dans la numérotation, qui passe de 83 à 85 sans aucune lacune matérielle ou textuelle																												85	85	
26933.0	JJ163	86		39v	39v	1.0																													86	86	
26934.0	JJ163	87		40	40r	1.0																													87	87	
26935.0	JJ163	88		40v	40v	1.0																	88	2168	40v										88	88	
26936.0	JJ163	89		41	41r	1.0																													89	89	
26937.0	JJ163	90		44v	44v	1.0																													90	90	
26938.0	JJ163	91		45	45r	1.0																													91	91	
26939.0	JJ163	92		45v	45v	1.0																	92	2169	45v										92	92	
26940.0	JJ163	93		46	46r	1.0																													93	93	
26941.0	JJ163	94		46	46r	1.0																													94	94	
26942.0	JJ163	95		49	49r	1.0											95	1084	49	95	3410	49													95	95	
26943.0	JJ163	96		49	49r	1.0																	96	2170	49										96	96	
26944.0	JJ163	97		50	50r	1.0																													97	97	
26945.0	JJ163	98		50v	50v	1.0																													98	98	
26946.0	JJ163	99		51	51r	1.0																	99	2171	51										99	99	
26947.0	JJ163	100		51v	51v	1.0																	100	2172	51v										100	100	
26948.0	JJ163	101		52v	52v	1.0																	101	2173	52v										101	101	
26949.0	JJ163	102		53	53r	1.0																													102	102	
26950.0	JJ163	103		54v	54v	1.0																	103	2174	54v										103	103	
26951.0	JJ163	104		55	55r	1.0																													104	104	
26952.0	JJ163	105		55v	55v	1.0																	105	2175	55v										105	105	
26953.0	JJ163	106		57	57r	1.0																													106	106	
26954.0	JJ163	107		57v	57v	1.0											107	1085	57v																107	107	
26955.0	JJ163	108		58v	58v	1.0		108	DCCCCXXXVI	58v													108	2176	58v										108	108	
26956.0	JJ163	109		59	59r	1.0																													109	109	
26957.0	JJ163	110		59v	59v	1.0																													110	110	
26958.0	JJ163	111		60	60r	1.0																													111	111	
26959.0	JJ163	112		60v	60v	1.0																	112	2177	60v										112	112	
26960.0	JJ163	113		61	61r	1.0											113	1086	61																113	113	
26961.0	JJ163	114		62v	62v	1.0																													114	114	
26962.0	JJ163	115		63	63r	1.0																													115	115	
26963.0	JJ163	116		63	63r	1.0														116	3411	63													116	116	
26964.0	JJ163	117		63v	63v	1.0		117	DCCCCXXXVII	63v																									117	117	
26965.0	JJ163	118		64v	64v	1.0																													118	118	
26966.0	JJ163	119		65	65r	1.0																													119	119	
26967.0	JJ163	120		65v	65v	1.0																													120	120	
26968.0	JJ163	121		66	66r	1.0																													121	121	
26969.0	JJ163	122		66v	66v	1.0																													122	122	
26970.0	JJ163	123		67	67r	1.0																													123	123	
26971.0	JJ163	124		67v	67v	1.0																													124	124	
26972.0	JJ163	125		68	68r	1.0																													125	125	
26973.0	JJ163	126		68	68r	1.0																													126	126	
26974.0	JJ163	127		69v	69v	1.0																	127	2178	69v										127	127	
26975.0	JJ163	128		70	70r	1.0																													128	128	
26976.0	JJ163	129		70v	70v	1.0																													129	129	
26977.0	JJ163	130		71	71r	1.0																													130	130	
26978.0	JJ163	131		71v	71v	1.0																													131	131	
26979.0	JJ163	132		72	72r	1.0																													132	132	
26980.0	JJ163	133		72v	72v	1.0																													133	133	
26981.0	JJ163	134		73	73r	1.0																													134	134	
26982.0	JJ163	135		77v	77v	1.0																													135	135	
26983.0	JJ163	136		78	78r	1.0																													136	136	
26984.0	JJ163	137		78	78r	1.0																													137	137	
26985.0	JJ163	138		78v	78v	1.0																													138	138	
26986.0	JJ163	139		79	79r	1.0											139	1087	79																139	139	
26987.0	JJ163	140		79v	79v	1.0																													140	140	
26988.0	JJ163	141		80	80r	1.0																													141	141	
26989.0	JJ163	142		80	80r	1.0											142	1088	80	142	3412	80													142	142	
26990.0	JJ163	143		81	81r	1.0																													143	143	
26991.0	JJ163	144		82	82r	1.0																													144	144	
26992.0	JJ163	145		82	82r	1.0																													145	145	
26993.0	JJ163	146		82	82r	1.0																	146	2179	82										146	146	
26994.0	JJ163	147		82bisv	82bisv	1.0																													147	147	
26995.0	JJ163	148		83	83r	1.0																													148	148	
26996.0	JJ163	149		83	83r	1.0																													149	149	
26997.0	JJ163	150		84v	84v	1.0																													150	150	
26998.0	JJ163	151		85	85r	1.0																													151	151	
26999.0	JJ163	152		85	85r	1.0																													152	152	
27000.0	JJ163	153		85v	85v	1.0																													153	153	
27001.0	JJ163	154		86	86r	1.0																													154	154	
27002.0	JJ163	155		86v	86v	1.0																	155	2180	86v										155	155	
27003.0	JJ163	156		87	87r	1.0																													156	156	
27004.0	JJ163	157		87v	87v	1.0																													157	157	
27005.0	JJ163	158		88	88r	1.0																													158	158	
27006.0	JJ163	159		88v	88v	1.0																	159	2181	88v										159	159	
27007.0	JJ163	160		89	89r	1.0														160	3413	89													160	160	
27008.0	JJ163	161		93v	93v	1.0																													161	161	
27009.0	JJ163	162		94	94r	1.0																													162	162	
27010.0	JJ163	163		94v	94v	1.0																													163	163	
27011.0	JJ163	164		95	95r	1.0														164	3414	95													164	164	
27012.0	JJ163	165		95v	95v	1.0																													165	165	
27013.0	JJ163	166		96	96r	1.0																													166	166	
27014.0	JJ163	167		96	96r	1.0																													167	167	
27015.0	JJ163	168		97	97r	1.0																													168	168	
27016.0	JJ163	169		97v	97v	1.0																													169	169	
27017.0	JJ163	170		98	98r	1.0																													170	170	
27018.0	JJ163	171		98v	98v	1.0																													171	171	
27019.0	JJ163	172		99v	99v	1.0																													172	172	
27020.0	JJ163	173		100	100r	1.0																													173	173	
27021.0	JJ163	174		100v	100v	1.0																													174	174	
27022.0	JJ163	175		100v	100v	1.0																													175	175	
27023.0	JJ163	176		101	101r	1.0																													176	176	
27024.0	JJ163	177		101v	101v	1.0																													177	177	
27025.0	JJ163	178		102	102r	1.0																													178	178	
27026.0	JJ163	179		102	102r	1.0																													179	179	
27027.0	JJ163	180		102v	102v	1.0																	180	2182	102v										180	180	
27028.0	JJ163	181		103	103r	1.0																													181	181	
27029.0	JJ163	182		103v	103v	1.0																													182	182	
27030.0	JJ163	183		103v	103v	1.0																	183	2183	103v										183	183	
27031.0	JJ163	184		104	104r	1.0																	184	2184	104										184	184	
27032.0	JJ163	185		104v	104v	1.0																													185	185	
27033.0	JJ163	186		104v	104v	1.0																													186	186	
27034.0	JJ163	187		105	105r	1.0																													187	187	
27035.0	JJ163	188		105v	105v	1.0																													188	188	
27036.0	JJ163	189		106	106r	1.0																													189	189	
27037.0	JJ163	190		106	106r	1.0																													190	190	
27038.0	JJ163	191		107	107r	1.0																													191	191	
27039.0	JJ163	192		107	107r	1.0																	192	2185	107										192	192	
27040.0	JJ163	193		107v	107v	1.0																													193	193	
27041.0	JJ163	194		108	108r	1.0																													194	194	
27042.0	JJ163	195		108v	108v	1.0																													195	195	
27043.0	JJ163	196		109	109r	1.0																													196	196	
27044.0	JJ163	197		109	109r	1.0																													197	197	
27045.0	JJ163	198		109v	109v	1.0																													198	198	
27046.0	JJ163	199		110	110r	1.0																													199	199	
27047.0	JJ163	200		110	110r	1.0																													200	200	
27048.0	JJ163	201		110v	110v	1.0																													201	201	
27049.0	JJ163	202		111	111r	1.0																													202	202	
27050.0	JJ163	203		111v	111v	1.0																													203	203	
27051.0	JJ163	204		112	112r	1.0																	204	2186	112										204	204	
27052.0	JJ163	205		112v	112v	1.0																													205	205	
27053.0	JJ163	206		113	113r	1.0																													206	206	
27054.0	JJ163	207		114	114r	1.0																													207	207	
27055.0	JJ163	208		114v	114v	1.0																													208	208	
27056.0	JJ163	209		115	115r	1.0																													209	209	
27057.0	JJ163	210		115v	115v	1.0																													210	210	
27058.0	JJ163	211		116	116r	1.0																													211	211	
27059.0	JJ163	212		116v	116v	1.0																													212	212	
27060.0	JJ163	213		117v	117v	1.0																													213	213	
27061.0	JJ163	214		117v	117v	1.0																													214	214	
27062.0	JJ163	215		118	118r	1.0																													215	215	
27063.0	JJ163	216		119	119r	1.0																													216	216	
27064.0	JJ163	217		119	119r	1.0																													217	217	
27065.0	JJ163	218		120	120r	1.0																													218	218	
27066.0	JJ163	219		120	120r	1.0																													219	219	
27067.0	JJ163	220		120v	120v	1.0																													220	220	
27068.0	JJ163	221		120v	120v	1.0																													221	221	
27069.0	JJ163	222		121v	121v	1.0																													222	222	
27070.0	JJ163	223		122	122r	1.0																				223.0	407.0	122							223	223	
27071.0	JJ163	224		123v	123v	1.0																													224	224	
27072.0	JJ163	225		127v	127v	0.0																													225	225	
27073.0	JJ163	225bis		128v	128v																		225bis	2187	128v										225bis	225bis	
27074.0	JJ163	226		128v	128v	1.0																													226	226	
27075.0	JJ163	227		129	129r	1.0																													227	227	
27076.0	JJ163	228		129	129r	1.0														228	3415	129													228	228	
27077.0	JJ163	229		130	130r	1.0														229	3416	130													229	229	
27078.0	JJ163	230		130v	130v	1.0																													230	230	
27079.0	JJ163	231		131	131r	1.0																													231	231	
27080.0	JJ163	232		131	131r	1.0																													232	232	
27081.0	JJ163	233		131v	131v	1.0		233	DCCCCXXXVIII	131v																									233	233	
27082.0	JJ163	234		132	132r	1.0																													234	234	
27083.0	JJ163	235		132v	132v	1.0																													235	235	
27084.0	JJ163	236		132v	132v	1.0																													236	236	
27085.0	JJ163	237		133	133r	1.0																													237	237	
27086.0	JJ163	238		133v	133v	1.0																													238	238	
27087.0	JJ163	239		134	134r	1.0																													239	239	
27088.0	JJ163	240		134v	134v	1.0																													240	240	
27089.0	JJ163	241		135	135r	1.0																													241	241	
27090.0	JJ163	242		135v	135v	1.0																													242	242	
27091.0	JJ163	243		135v	135v	1.0																													243	243	
27092.0	JJ163	244		136	136r	1.0																													244	244	
27093.0	JJ163	245		136v	136v	1.0																													245	245	
27094.0	JJ163	246		137v	137v	1.0																													246	246	
27095.0	JJ163	247		138	138r	1.0																													247	247	
27096.0	JJ163	248		138v	138v	1.0																													248	248	
27097.0	JJ163	249		139v	139v	1.0																													249	249	
27098.0	JJ163	250		140v	140v	1.0																													250	250	
27099.0	JJ163	251		141	141r	1.0																													251	251	
27100.0	JJ163	252		141v	141v	1.0																	252	2188	141v										252	252	
27101.0	JJ163	253		142	142r	1.0																													253	253	
27102.0	JJ163	254		142v	142v	0.0																													254	254	
27103.0	JJ163	254bis		143	143r																														254bis	254bis	
27104.0	JJ163	255		144	144r	1.0																													255	255	
27105.0	JJ163	256		144v	144v	1.0																													256	256	
27106.0	JJ163	257		144v	144v	1.0																													257	257	
27107.0	JJ163	258		145	145r	1.0																													258	258	
27108.0	JJ163	259		145v	145v	1.0																													259	259	
27109.0	JJ163	260		146	146r	1.0																	260	2189	146										260	260	
27110.0	JJ163	261		146v	146v	1.0																													261	261	
27111.0	JJ163	262		147	147r	1.0																													262	262	
27112.0	JJ163	263		147v	147v	1.0																													263	263	
27113.0	JJ163	264		148	148r	0.0																													264	264	
27114.0	JJ163	264bis		148v	148v																														264bis	264bis	
27115.0	JJ163	265		148v	148v	1.0																													265	265	
27116.0	JJ163	266		149	149r	1.0																													266	266	
27117.0	JJ163	267		149	149r	1.0																													267	267	
27118.0	JJ163	268		150	150r	1.0																													268	268	
27119.0	JJ163	269		150v	150v	1.0																	269	2190	150v										269	269	
27120.0	JJ163	270		151	151r	1.0																	270	2191	151										270	270	
27121.0	JJ163	271		151v	151v	1.0																	271	2192	151v										271	271	
27122.0	JJ163	272		152	152r	1.0																													272	272	
27123.0	JJ163	273		152v	152v	1.0																													273	273	
27124.0	JJ163	274		153	153r	1.0																													274	274	
27125.0	JJ163	275		154	154r	1.0																													275	275	
27126.0	JJ163	276		154	154r	1.0																													276	276	
27127.0	JJ163	277		155	155r	1.0																													277	277	
27128.0	JJ163	278		155v	155v	1.0																													278	278	
27129.0	JJ163	279		156	156r	1.0																													279	279	
27130.0	JJ163	280		156v	156v	1.0																													280	280	
27131.0	JJ163	281		157	157r	1.0																													281	281	
27132.0	JJ163	282		158	158r	1.0																	282	2193	158										282	282	
27133.0	JJ163	283		159	159r	1.0																													283	283	
27134.0	JJ163	284		159v	159v	1.0																													284	284	
27135.0	JJ163	285		160	160r	1.0																													285	285	
27136.0	JJ163	286		160v	160v	1.0																													286	286	
27137.0	JJ163	287		161	161r	1.0																													287	287	
27138.0	JJ163	288		162	162r	1.0																													288	288	
27139.0	JJ163	289		163	163r	1.0																													289	289	
27140.0	JJ163	290		164	164r	1.0																													290	290	
27141.0	JJ163	291		165	165r	1.0																													291	291	
27142.0	JJ163	292		167	167r	1.0																													292	292	
27143.0	JJ163	293		168	168r	1.0																													293	293	
27144.0	JJ163	294		169	169r	1.0																													294	294	
27145.0	JJ163	295		170	170r	1.0																													295	295	
27146.0	JJ163	296		170	170r	1.0																													296	296	
27147.0	JJ163	297		171	171r	1.0																													297	297	
27148.0	JJ163	298		171v	171v	1.0																	298	2194	171v										298	298	
27149.0	JJ163	299		171v	171v	1.0																													299	299	
27150.0	JJ163	300		172	172r	1.0																													300	300	
27151.0	JJ163	301		172v	172v	1.0											301	1089	172v	301	3417	172v													301	301	
27152.0	JJ163	302		173v	173v	0.0																													302	302	
27153.0	JJ163	302bis		174	174r																														302bis	302bis	
27154.0	JJ163	303		174	174r	1.0														303	3418	174													303	303	
27155.0	JJ163	304		174v	174v	1.0														304	3425	174v													304	304	
27156.0	JJ163	305		175	175r	1.0																	305	2195	175										305	305	
27157.0	JJ163	306		175v	175v	1.0																													306	306	
27158.0	JJ163	307		175v	175v	1.0																													307	307	
27159.0	JJ163	308		176	176r	1.0																													308	308	
27160.0	JJ163	309		176v	176v	1.0																	309	2196	176v										309	309	
27161.0	JJ163	310		177	177r	1.0																	310	2197	177										310	310	
27162.0	JJ163	311		177v	177v	1.0																													311	311	
27163.0	JJ163	312		178	178r	1.0																													312	312	
27164.0	JJ163	313		178v	178v	1.0																													313	313	
27165.0	JJ163	314		179	179r	1.0																													314	314	
27166.0	JJ163	315		179v	179v	1.0																													315	315	
27167.0	JJ163	316		180	180r	1.0																													316	316	
27168.0	JJ163	317		180v	180v	1.0																													317	317	
27169.0	JJ163	318		181	181r	1.0																													318	318	
27170.0	JJ163	319		182	182r	1.0																													319	319	
27171.0	JJ163	320		182v	182v	1.0																													320	320	
27172.0	JJ163	321		183	183r	1.0																													321	321	
27173.0	JJ163	322		184	184r	1.0																													322	322	
27174.0	JJ163	323		184v	184v	1.0																	323	2198	184v										323	323	
27175.0	JJ163	324		185v	185v	1.0																													324	324	
27176.0	JJ163	325		186	186r	1.0																													325	325	
27177.0	JJ163	326		186v	186v	1.0																													326	326	
27178.0	JJ163	327		187	187r	1.0																													327	327	
27179.0	JJ163	328		187v	187v	1.0																													328	328	
27180.0	JJ163	329		189	189r	1.0																													329	329	
27181.0	JJ163	330		189	189r	1.0																													330	330	
27182.0	JJ163	331		189v	189v	1.0																													331	331	
27183.0	JJ163	332		190	190r	0.0																													332	332	
27185.0	JJ163	334		190v	190v	1.0	Numéro 333 omis dans la numérotation, qui passe de 332 à 334 sans aucune lacune matérielle ou textuelle																334	2199	190v										334	334	
27186.0	JJ163	335		191v	191v	1.0																	335	2200	191v										335	335	
27187.0	JJ163	336		192	192r	1.0																													336	336	
27188.0	JJ163	337		192v	192v	1.0																													337	337	
27189.0	JJ163	338		193	193r	1.0																	338	2201	193										338	338	
27190.0	JJ163	339		193v	193v	1.0																	339	2202	193v										339	339	
27191.0	JJ163	340		193v	193v	1.0																	340	2203	193v										340	340	
27192.0	JJ163	341		194	194r	1.0																													341	341	
27193.0	JJ163	342		194v	194v	1.0																													342	342	
27194.0	JJ163	343		195	195r	1.0																													343	343	
27195.0	JJ163	344		195v	195v	1.0																	344	2204	195v										344	344	
27196.0	JJ163	345		196	196r	1.0																													345	345	
27197.0	JJ163	346		196v	196v	1.0																													346	346	
27198.0	JJ163	347		197	197r	1.0																													347	347	
27199.0	JJ163	348		197v	197v	1.0																													348	348	
27200.0	JJ163	349		197v	197v	1.0																													349	349	
27201.0	JJ163	350		198	198r	1.0																													350	350	
27202.0	JJ163	351		198v	198v	1.0																													351	351	
27203.0	JJ163	352		199	199r	1.0																													352	352	
27204.0	JJ163	353		200	200r	1.0																													353	353	
27205.0	JJ163	354		200v	200v	1.0																													354	354	
27206.0	JJ163	355		200v	200v	1.0																													355	355	
27207.0	JJ163	356		201	201r	1.0																													356	356	
27208.0	JJ163	357		201v	201v	1.0																													357	357	
27209.0	JJ163	358		201v	201v	1.0																													358	358	
27210.0	JJ163	359		201v	201v	1.0																													359	359	
27211.0	JJ163	360		201v	201v	1.0																													360	360	
27212.0	JJ163	361		201v	201v	1.0																													361	361	
27213.0	JJ163	362		202	202r	1.0																													362	362	
27214.0	JJ163	363		202v	202v	1.0																													363	363	
27215.0	JJ163	364		203	203r	1.0																													364	364	
27216.0	JJ163	365		203v	203v	1.0																													365	365	
27217.0	JJ163	366		204	204r	1.0																													366	366	
27218.0	JJ163	367		204v	204v	1.0																													367	367	
27219.0	JJ163	368		205	205r	1.0																													368	368	
27220.0	JJ163	369		205v	205v	1.0																													369	369	
27221.0	JJ163	370		206	206r	1.0																	370	2205	206										370	370	
27222.0	JJ163	371		206v	206v	1.0																													371	371	
27223.0	JJ163	372		207	207r	1.0														372	3419	207													372	372	
27224.0	JJ163	373		207v	207v	1.0																													373	373	
27225.0	JJ163	374		207v	207v	1.0																													374	374	
27226.0	JJ163	375		208	208r	1.0																													375	375	
27227.0	JJ163	376		209	209r	1.0																													376	376	
27228.0	JJ163	377		209v	209v	0.0																													377	377	
27228.1	JJ163	377bis		210v	210v																																
27229.0	JJ163	378		210v	210v	1.0																													378	378	
27230.0	JJ163	379		211v	211v	1.0																													379	379	
27231.0	JJ163	380		212	212r	1.0																	380	2206	212										380	380	
27232.0	JJ163	381		212v	212v	1.0																													381	381	
27233.0	JJ163	382		213	213r	0.0														382	3420	213													382	382	
27235.0	JJ163	384		214	214r	1.0	Numéro 383 omis dans la numérotation, qui passe de 382 à 384 sans aucune lacune matérielle ou textuelle													384	3421	214													384	384	
27236.0	JJ163	385		214v	214v	1.0																													385	385	
27237.0	JJ163	386		215	215r	1.0																													386	386	
27238.0	JJ163	387		216	216r	1.0																													387	387	
27239.0	JJ163	388		216v	216v	1.0																													388	388	
27240.0	JJ163	389		217	217r	1.0																													389	389	
27241.0	JJ163	390		218	218r	1.0																													390	390	
27242.0	JJ163	391		218v	218v	1.0																													391	391	
27243.0	JJ163	392		219	219r	1.0																													392	392	
27244.0	JJ163	393		219v	219v	1.0																													393	393	
27245.0	JJ163	394		220	220r	1.0																													394	394	
27246.0	JJ163	395		220v	220v	0.0																													395	395	
27247.0	JJ163	395bis		221	221r																														395bis	395bis	
27248.0	JJ163	396		221	221r	1.0																													396	396	
27249.0	JJ163	397		222	222r	1.0														397	3422	222													397	397	
27250.0	JJ163	398		222	222r	1.0																	398	2207	222										398	398	
27251.0	JJ163	399		223	223r	1.0														399	3423	223													399	399	
27252.0	JJ163	400		223v	223v	1.0														400	3424	223v													400	400	
27253.0	JJ163	401		224	224r	1.0																													401	401	
27254.0	JJ163	402		226v	226v	1.0																													402	402	
27255.0	JJ163	403		227	227r	1.0																													403	403	
27256.0	JJ163	404		228v	228v	1.0																													404	404	
27257.0	JJ163	405		229	229r	1.0																													405	405	
27258.0	JJ163	406		229	229r	1.0																													406	406	
27259.0	JJ163	407		229v	229v	1.0																													407	407	
27260.0	JJ163	408		230	230r	1.0																													408	408	
27261.0	JJ163	409		231	231r	1.0																													409	409	
27262.0	JJ163	410		232	232r	1.0																													410	410	
27263.0	JJ163	411		232v	232v	1.0																													411	411	
27264.0	JJ163	412		233	233r	1.0																													412	412	
27265.0	JJ163	413		234	234r	1.0																													413	413	
27266.0	JJ163	414		234v	234v	1.0																													414	414	
27267.0	JJ163	415		235v	235v	1.0																	415	2208	235v										415	415	
27268.0	JJ163	416		236	236r	1.0																													416	416	
27269.0	JJ163	417		238	238r	1.0																													417	417	
27270.0	JJ163	418		239	239r	1.0																													418	418	
27271.0	JJ163	419		239v	239v	1.0																													419	419	
27272.0	JJ163	420		240	240r	1.0																													420	420	
27273.0	JJ163	421		240v	240v	1.0																													421	421	
27274.0	JJ163	422		241	241r	1.0																													422	422	
27275.0	JJ163	423		241	241r	1.0																													423	423	
27276.0	JJ163	424		242	242r	1.0																													424	424	
27277.0	JJ163	425		242v	242v	1.0																													425	425	
27278.0	JJ163	426		243	243r	1.0																													426	426	
27279.0	JJ163	427		243	243r	1.0																													427	427	
27280.0	JJ163	428		243v	243v	1.0																													428	428	
27281.0	JJ163	429		243v	243v	1.0																													429	429	
27282.0	JJ163	430		244v	244v	1.0																													430	430	
27283.0	JJ163	431		245	245r	1.0																													431	431	
27284.0	JJ163	432		245	245r	1.0																													432	432	
27285.0	JJ163	433		245v	245v	1.0																													433	433	
27286.0	JJ163	434		246v	246v	1.0																													434	434	
27287.0	JJ163	435		247	247r	1.0																													435	435	
27288.0	JJ163	436		248	248r	1.0																				436.0	408.0	248							436	436	
27289.0	JJ163	437		248	248r	1.0														437	3426	248													437	437	
27290.0	JJ163	438		248v	248v	1.0																													438	438	
27291.0	JJ163	439		249	249r	1.0														439	3427	249													439	439	
27292.0	JJ163	440		250	250r	1.0																													440	440	
27293.0	JJ163	441		250	250r	1.0																													441	441	
27294.0	JJ163	442		250v	250v	1.0														442	3428	250v													442	442	
27295.0	JJ163	443		251	251r	1.0																													443	443	
27296.0	JJ163	444		251v	251v	1.0																													444	444	
27297.0	JJ163	445		251v	251v	1.0																													445	445	
27298.0	JJ163	446		252	252r	1.0																													446	446	
27299.0	JJ163	447		252v	252v	1.0														447	3429	252v													447	447	
27300.0	JJ163	448		253	253r	1.0											448	1090	253	448	3430	253													448	448	
27301.0	JJ163	449		253v	253v	1.0																													449	449	
27302.0	JJ163	450		253v	253v	1.0																													450	450	
27303.0	JJ163	451		254	254r	1.0																													451	451	
27304.0	JJ163	452		254v	254v	1.0																													452	452	
27305.0	JJ163	453		255	255r	1.0																													453	453	
27306.0	JJ163	454		255v	255v	1.0																													454	454	
27307.0	JJ163	455		256	256r	1.0																													455	455	
27308.0	JJ163	456		256	256r	1.0																	456	2209	256										456	456	
27309.0	JJ163	457		257	257r	1.0																	457	2210	257										457	457	
27310.0	JJ163	458		257v	257v	1.0																	458	2211	257v										458	458	
27311.0	JJ163	459		258	258r	1.0																													459	459	
27312.0	JJ163	460		258v	258v	1.0																													460	460	
27313.0	JJ163	461		258v	258v	1.0																													461	461	
27314.0	JJ163	462		258v	258v	1.0														462	3431	258v													462	462	
27315.0	JJ163	463		259	259r	1.0																													463	463	
27316.0	JJ163	464		259v	259v	1.0																													464	464	
27317.0	JJ163	465		259v	259v	1.0																													465	465	
27318.0	JJ163	466		260v	260v	1.0																	466	2212	260v										466	466	
27319.0	JJ163	467		260v	260v	1.0																													467	467	
27320.0	JJ163	468		261	261r	1.0		468	DCCCCXL	folÂ 261																									468	468	
27321.0	JJ163	469		261v	261v	1.0																													469	469	
27322.0	JJ163	470		262	262r	1.0																													470	470	
27323.0	JJ163	471		262	262r	1.0																													471	471	
27324.0	JJ163	472		263	263r	1.0																													472	472	
27325.0	JJ163	473		263	263r	1.0																													473	473	
27326.0	JJ163	474		264	264r	1.0																													474	474	
27327.0	JJ163	475		264	264r	1.0																													475	475	
27328.0	JJ163	476		264v	264v	1.0																													476	476	
27329.0	JJ163	477		265v	265v	1.0																													477	477	
27330.0	JJ163	478		266	266r	1.0																													478	478	
27331.0	JJ163	479		266v	266v	1.0																													479	479	
27332.0	JJ163	480		266v	266v	1.0																													480	480	
27333.0	JJ163	481		267	267r	1.0																													481	481	
27334.0	JJ163	482		267v	267v	1.0																	482	2213	267v										482	482	
27335.0	JJ163	483		268	268r	1.0																													483	483	
27336.0	JJ163	484		268v	268v	1.0																	484	2214	268v										484	484	
27337.0	JJ163	485		269	269r	1.0																													485	485	
27338.0	JJ163	486		269v	269v	1.0																													486	486	
27339.0	JJ163	487		270	270r	1.0																	487	2215	270										487	487	
27340.0	JJ163	488		270	270r	1.0																	488	2216	270										488	488	
27341.0	JJ163	489		270v	270v	1.0																													489	489	
27342.0	JJ163	490		271	271r	0.0																													490	490	
27352.0	JJ164	1		1	1r	1.0																													1	1	
27353.0	JJ164	2		1v	1v	1.0																	2	2217	1v										2	2	
27354.0	JJ164	3		2	2r	1.0																													3	3	
27355.0	JJ164	4		3	3r	1.0																													4	4	
27356.0	JJ164	5		3v	3v	1.0																													5	5	
27357.0	JJ164	6		4	4r	1.0																													6	6	
27358.0	JJ164	7		4	4r	1.0																													7	7	
27359.0	JJ164	8		4v	4v	1.0																													8	8	
27360.0	JJ164	9		5	5r	1.0																													9	9	
27361.0	JJ164	10		5v	5v	1.0		10	DCCCCXXXIX	5v																									10	10	
27362.0	JJ164	11		6	6r	1.0																													11	11	
27363.0	JJ164	12		7	7r	1.0																													12	12	
27364.0	JJ164	13		7	7r	1.0																													13	13	
27365.0	JJ164	14		7v	7v	1.0																													14	14	
27366.0	JJ164	15		7v	7v	1.0																													15	15	
27367.0	JJ164	16		8	8r	1.0																													16	16	
27368.0	JJ164	17		8v	8v	1.0																													17	17	
27369.0	JJ164	18		9	9r	1.0																													18	18	
27370.0	JJ164	19		9v	9v	1.0																													19	19	
27371.0	JJ164	20		10	10r	1.0																													20	20	
27372.0	JJ164	21		10v	10v	1.0																													21	21	
27373.0	JJ164	22		11v	11v	1.0																													22	22	
27374.0	JJ164	23		12v	12v	1.0																													23	23	
27375.0	JJ164	24		14	14r	1.0																													24	24	
27376.0	JJ164	25		15	15r	1.0																													25	25	
27377.0	JJ164	26		15v	15v	1.0											26	1091	15v																26	26	
27378.0	JJ164	27		16	16r	1.0																													27	27	
27379.0	JJ164	28		17	17r	1.0																	28	2218	17										28	28	
27380.0	JJ164	29		17v	17v	1.0																													29	29	
27381.0	JJ164	30		18	18r	1.0																													30	30	
27382.0	JJ164	31		19	19r	1.0																													31	31	
27383.0	JJ164	32		19v	19v	1.0																													32	32	
27384.0	JJ164	33		20	20r	1.0																													33	33	
27385.0	JJ164	34		20	20r	1.0																	34	2219	20										34	34	
27386.0	JJ164	35		20v	20v	1.0																													35	35	
27387.0	JJ164	36		20v	20v	1.0																													36	36	
27388.0	JJ164	37		21v	21v	1.0																													37	37	
27389.0	JJ164	38		22	22r	1.0																													38	38	
27390.0	JJ164	39		22	22r	1.0																													39	39	
27391.0	JJ164	40		22v	22v	1.0																													40	40	
27392.0	JJ164	41		23	23r	1.0																													41	41	
27393.0	JJ164	42		23v	23v	1.0											42	1092	23v																42	42	
27394.0	JJ164	43		24v	24v	1.0																													43	43	
27395.0	JJ164	44		25	25r	1.0											44	1093	25																44	44	
27396.0	JJ164	45		25v	25v	1.0																													45	45	
27397.0	JJ164	46		28v	28v	1.0																													46	46	
27398.0	JJ164	47		29v	29v	1.0																													47	47	
27399.0	JJ164	48		30	30r	1.0																													48	48	
27400.0	JJ164	49		30v	30v	1.0																													49	49	
27401.0	JJ164	50		31	31r	1.0																													50	50	
27402.0	JJ164	51		31v	31v	1.0																													51	51	
27403.0	JJ164	52		32	32r	1.0																													52	52	
27404.0	JJ164	53		32v	32v	1.0														53	3432	32v													53	53	
27406.0	JJ164	54		33	33r	0.0																	54	2220	33										54	54	
27407.0	JJ164	54bis		33	33r																														54bis	54bis	
27408.0	JJ164	55		33v	33v	1.0																	55	2221	33v										55	55	
27409.0	JJ164	56		34	34r	1.0																	56	2222	34										56	56	
27410.0	JJ164	57		34v	34v	1.0																	57	2223	34v										57	57	
27411.0	JJ164	58		35	35r	1.0											58	1094	35																58	58	
27412.0	JJ164	59		35v	35v	1.0																													59	59	
27413.0	JJ164	60		36	36r	1.0																													60	60	
27414.0	JJ164	61		36v	36v	1.0																													61	61	
27415.0	JJ164	62		36v	36v	1.0																													62	62	
27416.0	JJ164	63		37v	37v	1.0																													63	63	
27417.0	JJ164	64		38	38r	1.0																													64	64	
27418.0	JJ164	65		38v	38v	1.0																													65	65	
27419.0	JJ164	66		39	39r	1.0																													66	66	
27420.0	JJ164	67		39v	39v	1.0																													67	67	
27421.0	JJ164	68		40	40r	1.0																													68	68	
27422.0	JJ164	69		41	41r	1.0																													69	69	
27423.0	JJ164	70		41	41r	1.0																													70	70	
27424.0	JJ164	71		41v	41v	1.0																													71	71	
27425.0	JJ164	72		42	42r	1.0																													72	72	
27426.0	JJ164	73		42v	42v	1.0														73	3433	42v													73	73	
27427.0	JJ164	74		43	43r	1.0																													74	74	
27428.0	JJ164	75		44	44r	1.0																													75	75	
27429.0	JJ164	76		44	44r	1.0																													76	76	
27430.0	JJ164	77		44v	44v	1.0																													77	77	
27431.0	JJ164	78		45	45r	1.0																													78	78	
27433.0	JJ164	79		45v	45v	0.0																													79	79	
27435.0	JJ164	70bis	80	46v	46v		Ancienne numérotation  initiale 70																												80	80	
27436.0	JJ164	71bis	81	47	47r		Ancienne numérotation  initiale 71																												81	81	
27437.0	JJ164	72bis	82	47	47r		Ancienne numérotation  initiale 72																												82	82	
27438.0	JJ164	73bis	83	48	48r		Ancienne numérotation  initiale 73																												83	83	
27439.0	JJ164	74bis	84	48v	48v		Ancienne numérotation  initiale 74																												84	84	
27440.0	JJ164	75bis	85	49	49r		Ancienne numérotation  initiale 75																												85	85	
27441.0	JJ164	76bis	86	49	49r		Ancienne numérotation  initiale 76																												86	86	
27442.0	JJ164	77bis	86bis	49v	49v		Ancienne numérotation  initiale 77																												86bis	86bis	
27443.0	JJ164	78bis	87	50	50r		Ancienne numérotation  initiale 78																78bis	2224	50										87	87	
27444.0	JJ164	79bis	88	51	51r		Ancienne numérotation  initiale 79																79bis	2225	51										88	88	
27445.0	JJ164	80	89	51v	51v	1.0																													89	89	
27446.0	JJ164	81	90	52	52r	1.0																	81	2226	52										90	90	
27447.0	JJ164	82	91	52v	52v	1.0																													91	91	
27447.1	JJ164	83	92	53	53r	1.0																															
27447.2	JJ164	84	93	53	53r	1.0																															
27447.3	JJ164	85	94	53v	53v	1.0																	85	2227	53v												
27447.4	JJ164	86	95	54	54r	1.0																															
27447.5	JJ164	87	96	54	54r	1.0																															
27447.6	JJ164	88	97	55	55r	1.0																															
27447.7	JJ164	89	98	55v	55v	0.0																															
27447.8	JJ164	89bis	99	56	56r		Ancienne numérotation  initiale 89																														
27447.9	JJ164	90	100	56	56r	1.0																															
27447.11	JJ164	91	101	57	57r	1.0											101 (Anc. n°91)	1095	57																		
27448.0	JJ164	92	102	57v	57v	1.0																	92	2228	57v										92	92	
27449.0	JJ164	93		58	58r	1.0																													93	93	
27450.0	JJ164	94	103	58	58r	1.0																													94	94	
27451.0	JJ164	95		59	59r	1.0																													95	95	
27452.0	JJ164	96		59	59r	1.0																													96	96	
27453.0	JJ164	97	104	59	59r	1.0														97	3434	59													97	97	
27454.0	JJ164	98	105	59v	59v	1.0																													98	98	
27455.0	JJ164	99	106	60	60r	1.0																													99	99	
27456.0	JJ164	100	107	60v	60v	1.0																													100	100	
27457.0	JJ164	101	108	61	61r	1.0														101	3435	61													101	101	
27458.0	JJ164	102	109	61v	61v	1.0																													102	102	
27459.0	JJ164	103	110	62	62r	1.0																													103	103	
27460.0	JJ164	104		62v	62v	1.0																													104	104	
27461.0	JJ164	105	111	63	63r	1.0																													105	105	
27462.0	JJ164	106	112	63v	63v	1.0																													106	106	
27463.0	JJ164	107	113	63v	63v	1.0																													107	107	
27464.0	JJ164	108	114	64v	64v	1.0																													108	108	
27465.0	JJ164	109	115	65	65r	1.0																													109	109	
27466.0	JJ164	110	116	65v	65v	1.0																													110	110	
27467.0	JJ164	111	117	66	66r	1.0																													111	111	
27468.0	JJ164	112	118	66v	66v	1.0																													112	112	
27469.0	JJ164	113	119	67	67r	1.0																													113	113	
27470.0	JJ164	114	120	67v	67v	1.0																													114	114	
27471.0	JJ164	115	121	68	68r	1.0																	115	2229	68										115	115	
27472.0	JJ164	116	122	68	68r	1.0																													116	116	
27473.0	JJ164	117	123	68v	68v	1.0																													117	117	
27474.0	JJ164	118	124	69	69r	1.0																	118	2230	69										118	118	
27475.0	JJ164	119		69v	69v	1.0																													119	119	
27476.0	JJ164	120	125	69v	69v	1.0																													120	120	
27477.0	JJ164	121	126	70v	70v	1.0																													121	121	
27478.0	JJ164	122	127	71	71r	1.0																													122	122	
27479.0	JJ164	123	128	71v	71v	1.0																													123	123	
27480.0	JJ164	124	129	72	72r	1.0																													124	124	
27481.0	JJ164	125	130	72v	72v	1.0														125	3436	72v													125	125	
27482.0	JJ164	126	131	73	73r	1.0																													126	126	
27483.0	JJ164	127	132	73v	73v	1.0																													127	127	
27484.0	JJ164	128	133	74	74r	1.0																													128	128	
27485.0	JJ164	129	134	74v	74v	1.0																													129	129	
27486.0	JJ164	130	135	75	75r	1.0																													130	130	
27487.0	JJ164	131		75v	75v	1.0																													131	131	
27488.0	JJ164	132	136	75v	75v	1.0																													132	132	
27489.0	JJ164	133	137	76	76r	1.0																													133	133	
27490.0	JJ164	134	138	76	76r	1.0																													134	134	
27491.0	JJ164	135	139	77	77r	1.0		135	DCCCCXLII	folÂ 77																									135	135	
27492.0	JJ164	136	140	77v	77v	0.0																													136	136	
27494.0	JJ164	138	141	79v	79v	1.0	Numéro 137 (Anc. Num.) omis dans la numérotation, qui passe de 136 à 138 sans aucune lacune matérielle ou textuelle																												138	138	
27495.0	JJ164	139	142	80v	80v	1.0																	139	2231	80v										139	139	
27496.0	JJ164	140	143	81	81r	1.0																													140	140	
27497.0	JJ164	141	144	81v	81v	1.0																													141	141	
27498.0	JJ164	142	145	82	82r	1.0																													142	142	
27499.0	JJ164	143	146	82v	82v	1.0																													143	143	
27500.0	JJ164	144	147	82v	82v	1.0																													144	144	
27501.0	JJ164	145	148	83	83r	1.0																													145	145	
27502.0	JJ164	146	149	83v	83v	1.0		146	DCCCCXLIII	83v																									146	146	
27503.0	JJ164	147	150	84	84r	1.0																													147	147	
27504.0	JJ164	148	151	84v	84v	1.0																	148	2232	84v										148	148	
27505.0	JJ164	149	152	85	85r	1.0																													149	149	
27506.0	JJ164	150	153	86	86r	1.0																													150	150	
27507.0	JJ164	151	154	86v	86v	1.0																													151	151	
27508.0	JJ164	152	155	87	87r	1.0																													152	152	
27509.0	JJ164	153	156	87v	87v	1.0																													153	153	
27510.0	JJ164	154	157	87v	87v	1.0																													154	154	
27511.0	JJ164	155	158	88	88r	1.0																													155	155	
27512.0	JJ164	156	159	88v	88v	1.0																													156	156	
27513.0	JJ164	157	160	89	89r	1.0																	157	2233	89										157	157	
27514.0	JJ164	158	161	89v	89v	1.0																													158	158	
27515.0	JJ164	159	162	89v	89v	1.0		159	DCCCCXLV	89v																									159	159	
27516.0	JJ164	160	163	90	90r	1.0																													160	160	
27517.0	JJ164	161	164	90v	90v	1.0																													161	161	
27518.0	JJ164	162	165	91	91r	1.0														162	3437	91													162	162	
27519.0	JJ164	163	166	91v	91v	1.0																	163	2234	91v										163	163	
27520.0	JJ164	164	167	92	92r	1.0																													164	164	
27521.0	JJ164	165	168	92v	92v	1.0																													165	165	
27522.0	JJ164	166	169	93	93r	1.0																													166	166	
27523.0	JJ164	167	170	93v	93v	1.0																													167	167	
27524.0	JJ164	168	171	93v	93v	1.0		168	DCCCCXLIV	93v																									168	168	
27525.0	JJ164	169	172	94v	94v	1.0																													169	169	
27526.0	JJ164	170	173	95	95r	1.0																													170	170	
27527.0	JJ164	171	174	95v	95v	1.0																													171	171	
27528.0	JJ164	172	175	96	96r	1.0																													172	172	
27529.0	JJ164	173	176	96v	96v	1.0																													173	173	
27530.0	JJ164	174	177	97	97r	1.0																													174	174	
27531.0	JJ164	175	178	97v	97v	1.0																													175	175	
27532.0	JJ164	176	179	98	98r	1.0																													176	176	
27533.0	JJ164	177	180	98v	98v	1.0																	177	2235	98v										177	177	
27534.0	JJ164	178	181	99	99r	1.0														178	3438	99													178	178	
27535.0	JJ164	179	182	99	99r	1.0																	179	2236	99										179	179	
27536.0	JJ164	180	183	100	100r	1.0																													180	180	
27537.0	JJ164	181	184	100v	100v	1.0																													181	181	
27538.0	JJ164	182	185	101	101r	1.0																													182	182	
27539.0	JJ164	183	186	101	101r	1.0																													183	183	
27540.0	JJ164	184	187	101v	101v	1.0																													184	184	
27541.0	JJ164	185	188	102	102r	1.0																													185	185	
27542.0	JJ164	186	189	102v	102v	1.0																													186	186	
27543.0	JJ164	187	190	103	103r	1.0																													187	187	
27544.0	JJ164	188	191	103	103r	1.0																	188	2237	103										188	188	
27545.0	JJ164	189	192	103v	103v	1.0																													189	189	
27546.0	JJ164	190	193	104	104r	1.0																													190	190	
27547.0	JJ164	191	194	104v	104v	1.0																													191	191	
27548.0	JJ164	192	195	105	105r	1.0																													192	192	
27549.0	JJ164	193	196	105v	105v	1.0																	193	2238	105v										193	193	
27550.0	JJ164	194	197	106	106r	1.0																													194	194	
27551.0	JJ164	195	198	106v	106v	1.0																													195	195	
27552.0	JJ164	196	199	107	107r	1.0																													196	196	
27553.0	JJ164	197	200	107	107r	1.0																													197	197	
27554.0	JJ164	198	201	107v	107v	1.0																													198	198	
27555.0	JJ164	199	202	108	108r	1.0																													199	199	
27556.0	JJ164	200	203	109	109r	1.0																													200	200	
27557.0	JJ164	201	204	109v	109v	1.0																	201	2239	109v										201	201	
27558.0	JJ164	202	205	109v	109v	1.0																													202	202	
27559.0	JJ164	203	206	110	110r	1.0																	203	2240	110										203	203	
27560.0	JJ164	204	207	110v	110v	1.0																													204	204	
27561.0	JJ164	205	208	111	111r	1.0																													205	205	
27562.0	JJ164	206	209	111v	111v	1.0																													206	206	
27563.0	JJ164	207	210	112	112r	1.0																													207	207	
27564.0	JJ164	208	211	112	112r	1.0																													208	208	
27565.0	JJ164	209	212	112v	112v	1.0																													209	209	
27566.0	JJ164	210	213	113	113r	1.0																													210	210	
27567.0	JJ164	211		113v	113v	1.0																													211	211	
27568.0	JJ164	212	214	113v	113v	1.0																													212	212	
27569.0	JJ164	213	215	114	114r	1.0																													213	213	
27570.0	JJ164	214	216	114v	114v	1.0																													214	214	
27571.0	JJ164	215	217	115	115r	1.0																													215	215	
27572.0	JJ164	216	218	115	115r	1.0																													216	216	
27573.0	JJ164	217	219	115v	115v	1.0																													217	217	
27574.0	JJ164	218	220	116	116r	1.0																													218	218	
27575.0	JJ164	219	221	116v	116v	1.0																													219	219	
27576.0	JJ164	220	222	117	117r	1.0																													220	220	
27577.0	JJ164	221	223	117v	117v	1.0																													221	221	
27578.0	JJ164	222	224	118	118r	1.0																													222	222	
27579.0	JJ164	223	225	118v	118v	1.0																													223	223	
27580.0	JJ164	224	226	119	119r	1.0																													224	224	
27581.0	JJ164	225	227	119v	119v	1.0																													225	225	
27582.0	JJ164	226	228	120v	120v	1.0																													226	226	
27583.0	JJ164	227	229	121	121r	1.0																													227	227	
27584.0	JJ164	228	230	121v	121v	1.0																													228	228	
27585.0	JJ164	229	231	122v	122v	1.0																													229	229	
27586.0	JJ164	230	232	123v	123v	1.0																													230	230	
27587.0	JJ164	231	233	124	124r	1.0																													231	231	
27588.0	JJ164	232	234	125	125r	1.0																													232	232	
27589.0	JJ164	233	235	125v	125v	1.0																													233	233	
27590.0	JJ164	234	236	126	126r	1.0																													234	234	
27591.0	JJ164	235	237	129	129r	1.0																													235	235	
27592.0	JJ164	236	238	129v	129v	1.0																													236	236	
27593.0	JJ164	237	239	130	130r	1.0																													237	237	
27594.0	JJ164	238	240	130v	130v	1.0																													238	238	
27595.0	JJ164	239	241	131	131r	1.0																													239	239	
27596.0	JJ164	240	242	131v	131v	1.0																	240	2241	131v										240	240	
27597.0	JJ164	241	243	132	132r	1.0		241	DCCCCXLVI	folÂ 132																									241	241	
27598.0	JJ164	242	244	132v	132v	1.0																													242	242	
27599.0	JJ164	243	245	133	133r	1.0																													243	243	
27600.0	JJ164	244	246	133v	133v	1.0																													244	244	
27601.0	JJ164	245	247	134	134r	1.0																													245	245	
27602.0	JJ164	246	248	134v	134v	1.0																													246	246	
27603.0	JJ164	247	249	135	135r	1.0																													247	247	
27604.0	JJ164	248	250	135v	135v	1.0																	248	2242	135v										248	248	
27605.0	JJ164	249	251	136	136r	1.0																													249	249	
27606.0	JJ164	250	252	136v	136v	1.0																													250	250	
27607.0	JJ164	251	253	136v	136v	1.0																													251	251	
27608.0	JJ164	252	254	137	137r	1.0																													252	252	
27609.0	JJ164	253	255	138	138r	1.0																	253	2243	138										253	253	
27610.0	JJ164	254	256	138v	138v	1.0																													254	254	
27611.0	JJ164	255	257	138v	138v	1.0																													255	255	
27612.0	JJ164	256	258	139	139r	1.0																													256	256	
27613.0	JJ164	257	259	139v	139v	1.0		257	DCCCCXLVII	139v																									257	257	
27614.0	JJ164	258	260	140	140r	1.0																													258	258	
27615.0	JJ164	259	261	140v	140v	1.0																													259	259	
27616.0	JJ164	260	262	141v	141v	1.0		260	DCCCCXLI	141v																									260	260	
27617.0	JJ164	261		141v	141v	1.0																													261	261	
27618.0	JJ164	262	263	142	142r	1.0																													262	262	
27619.0	JJ164	263	264	142v	142v	1.0																													263	263	
27620.0	JJ164	264	265	142v	142v	1.0																													264	264	
27621.0	JJ164	265	266	143	143r	1.0																													265	265	
27622.0	JJ164	266	267	143v	143v	1.0																													266	266	
27623.0	JJ164	267	268	144	144r	1.0																													267	267	
27624.0	JJ164	268	269	144v	144v	1.0																													268	268	
27625.0	JJ164	269	270	144v	144v	1.0																	269	2244	144v										269	269	
27626.0	JJ164	270	271	145	145r	1.0																													270	270	
27627.0	JJ164	271	272	145v	145v	1.0																													271	271	
27628.0	JJ164	272		145v	145v	1.0																													272	272	
27629.0	JJ164	273		146	146r	1.0																													273	273	
27630.0	JJ164	274		146	146r	1.0																	274	2245	146										274	274	
27631.0	JJ164	275		146v	146v	1.0																													275	275	
27632.0	JJ164	276		147	147r	1.0																	276	2246	147										276	276	
27633.0	JJ164	277		147v	147v	1.0																	277	2247	147v										277	277	
27634.0	JJ164	278		148	148r	1.0																													278	278	
27635.0	JJ164	279		148v	148v	1.0																													279	279	
27636.0	JJ164	280		149	149r	1.0																	280	2248	149										280	280	
27637.0	JJ164	281		149	149r	1.0																													281	281	
27638.0	JJ164	282		150	150r	1.0																													282	282	
27639.0	JJ164	283		150	150r	1.0																													283	283	
27640.0	JJ164	284		150v	150v	0.0																													284	284	
27642.0	JJ164	286		151	151r	1.0	Numéro 285 omis dans la numérotation, qui passe de 284 à 286 sans aucune lacune matérielle ou textuelle																286	2249	151										286	286	
27643.0	JJ164	287		151v	151v	1.0																	287	2250	151v										287	287	
27644.0	JJ164	288		152	152r	1.0																													288	288	
27645.0	JJ164	289		152	152r	1.0																													289	289	
27646.0	JJ164	290		152v	152v	1.0																													290	290	
27647.0	JJ164	291		153	153r	1.0																													291	291	
27648.0	JJ164	292		153v	153v	1.0		292	DCCCCXLVIII	153v																									292	292	
27649.0	JJ164	293		154	154r	1.0																													293	293	
27650.0	JJ164	294		154v	154v	1.0																													294	294	
27651.0	JJ164	295		155	155r	1.0																													295	295	
27652.0	JJ164	296		155	155r	1.0																													296	296	
27653.0	JJ164	297		155	155r	1.0																													297	297	
27654.0	JJ164	298		155v	155v	1.0																													298	298	
27655.0	JJ164	299		156	156r	1.0																													299	299	
27656.0	JJ164	300		156	156r	1.0		300	DCCCCXLIX	folÂ 156																									300	300	
27657.0	JJ164	301		157	157r	1.0																													301	301	
27658.0	JJ164	302		157v	157v	1.0																													302	302	
27659.0	JJ164	303		158	158r	1.0																													303	303	
27660.0	JJ164	304		158v	158v	1.0																													304	304	
27661.0	JJ164	305		159	159r	1.0																	305	2251	159										305	305	
27662.0	JJ164	306		159v	159v	1.0																	306	2252	159v										306	306	
27663.0	JJ164	307		160	160r	1.0																													307	307	
27664.0	JJ164	308		160v	160v	1.0																													308	308	
27665.0	JJ164	309		161v	161v	1.0																													309	309	
27666.0	JJ164	310		161v	161v	1.0																													310	310	
27667.0	JJ164	311		162	162r	1.0																													311	311	
27668.0	JJ164	312		162v	162v	1.0																													312	312	
27669.0	JJ164	313		163	163r	1.0																													313	313	
27670.0	JJ164	314		163v	163v	1.0																													314	314	
27671.0	JJ164	315		164	164r	1.0																													315	315	
27672.0	JJ164	316		164v	164v	1.0																													316	316	
27673.0	JJ164	317		165v	165v	1.0																	317	2253	165v										317	317	
27674.0	JJ164	318		166	166r	1.0																													318	318	
27675.0	JJ164	319		167v	167v	1.0																													319	319	
27676.0	JJ164	320		168v	168v	1.0																													320	320	
27677.0	JJ164	321		169	169r	1.0																													321	321	
27678.0	JJ164	322		169v	169v	1.0																													322	322	
27679.0	JJ164	323		170	170r	1.0																	323	2254	170										323	323	
27680.0	JJ164	324		170v	170v	1.0																													324	324	
27681.0	JJ164	325		171	171r	1.0																													325	325	
27682.0	JJ164	326		172	172r	1.0																													326	326	
27683.0	JJ164	327		172v	172v	1.0																													327	327	
27684.0	JJ164	328		173	173r	1.0																													328	328	
27685.0	JJ164	329		173v	173v	1.0																													329	329	
27686.0	JJ164	330		174	174r	1.0																													330	330	
27687.0	JJ164	331		175v	175v	1.0																													331	331	
27688.0	JJ164	332		176	176r	1.0																													332	332	
27689.0	JJ164	333		176v	176v	1.0																													333	333	
27690.0	JJ164	334		177	177r	1.0																													334	334	
27691.0	JJ164	335		177v	177v	1.0																	335	2255	177v										335	335	
27692.0	JJ164	336		178	178r	1.0																													336	336	
27693.0	JJ164	337		178v	178v	1.0																													337	337	
27694.0	JJ164	338		178v	178v	1.0																													338	338	
27695.0	JJ164	339		179	179r	1.0																													339	339	
27696.0	JJ164	340		179	179r	1.0																													340	340	
27697.0	JJ164	341		180	180r	1.0																													341	341	
27698.0	JJ164	342		180	180r	1.0																													342	342	
27699.0	JJ164	343		181	181r	1.0																													343	343	
27700.0	JJ164	344		181v	181v	1.0																	344	2256	181v										344	344	
27701.0	JJ164	345		182	182r	1.0																													345	345	
27702.0	JJ164	346		182v	182v	1.0																													346	346	
27703.0	JJ164	347		183	183r	1.0																													347	347	
27704.0	JJ164	348		183v	183v	1.0																													348	348	
27705.0	JJ164	349		183v	183v	1.0																													349	349	
27706.0	JJ164	350		184	184r	1.0																													350	350	
27707.0	JJ164	351		185	185r	1.0																													351	351	
27708.0	JJ164	352		185	185r	1.0																													352	352	
27709.0	JJ164	353		185v	185v	1.0																													353	353	
27710.0	JJ164	354		186v	186v	1.0																													354	354	
27711.0	JJ164	355		187	187r	1.0																													355	355	
27712.0	JJ164	356		188	188r	1.0																													356	356	
27713.0	JJ164	357		188v	188v	1.0																													357	357	
27714.0	JJ164	358		189v	189v	1.0																													358	358	
27715.0	JJ164	359		190	190r	1.0																													359	359	
27716.0	JJ164	360		190v	190v	1.0																													360	360	
27717.0	JJ164	361		192	192r	1.0																													361	361	
27718.0	JJ164	362		194v	194v	1.0																													362	362	
27719.0	JJ164	363		195	195r	1.0																													363	363	
27720.0	JJ164	364		195v	195v	1.0																													364	364	
27721.0	JJ164	365		196v	196v	1.0																													365	365	
27722.0	JJ164	366		197v	197v	1.0																													366	366	
27723.0	JJ164	367		197v	197v	1.0																													367	367	
27724.0	JJ164	368		197v	197v	0.0																													368	368	
27725.0	JJ164	368bis		198	198r		"369 corrigé en 368 (pas de ""bis"" dans la version manuscrite)."																														
27726.0	JJ164	370		198v	198v	1.0	Numéro 369 omis dans la numérotation, qui passe de 368bis à 370 sans aucune lacune matérielle ou textuelle																												370	370	
27727.0	JJ164	371		198v	198v	1.0																													371	371	
27728.0	JJ164	372		199	199r	1.0																													372	372	
27729.0	JJ164	373		199v	199v	1.0																													373	373	
27730.0	JJ164	374		200	200r	1.0																													374	374	
27731.0	JJ164	375		200	200r	1.0																													375	375	
27732.0	JJ164	376		200	200r	1.0																													376	376	
27733.0	JJ164	377		201	201r	1.0														377	3439	201													377	377	
27734.0	JJ164	378		201v	201v	1.0														378	3440	201v													378	378	
27735.0	JJ164	379		202	202r	1.0																													379	379	
27736.0	JJ164	380		202v	202v	1.0																													380	380	
27737.0	JJ164	381		203	203r	1.0																													381	381	
27738.0	JJ164	382		203v	203v	1.0														382	3441	203v													382	382	
27739.0	JJ164	383		204	204r	1.0																													383	383	
27740.0	JJ164	384		204v	204v	1.0																													384	384	
27741.0	JJ164	385		205v	205v	0.0																													385	385	
27751.0	JJ165	1		1	1r	1.0																													1	1	
27752.0	JJ165	2		4	4r	1.0																													2	2	
27753.0	JJ165	3		6v	6v	1.0																													3	3	
27754.0	JJ165	4		7v	7v	1.0																													4	4	
27755.0	JJ165	5		9	9r	1.0																													5	5	
27756.0	JJ165	6		9v	9v	1.0																													6	6	
27757.0	JJ165	7		10	10r	1.0																													7	7	
27758.0	JJ165	8		10v	10v	1.0																													8	8	
27759.0	JJ165	9		11	11r	1.0																													9	9	
27760.0	JJ165	10		11v	11v	1.0																													10	10	
27761.0	JJ165	11		11v	11v	1.0																													11	11	
27762.0	JJ165	12		12v	12v	1.0																													12	12	
27763.0	JJ165	13		13	13r	1.0																													13	13	
27764.0	JJ165	14		13	13r	1.0																													14	14	
27765.0	JJ165	15		13v	13v	1.0																	15	2257	13v										15	15	
27766.0	JJ165	16		14	14r	1.0																													16	16	
27767.0	JJ165	17		14v	14v	1.0														17	3442	14v													17	17	
27768.0	JJ165	18		15	15r	1.0														18	3443	15													18	18	
27769.0	JJ165	19		15v	15v	1.0																													19	19	
27770.0	JJ165	20		15v	15v	1.0																													20	20	
27771.0	JJ165	21		16v	16v	1.0																													21	21	
27772.0	JJ165	22		17	17r	1.0																													22	22	
27773.0	JJ165	23		17v	17v	1.0																													23	23	
27774.0	JJ165	24		18	18r	1.0																													24	24	
27775.0	JJ165	25		18v	18v	1.0																													25	25	
27776.0	JJ165	26		19v	19v	1.0																													26	26	
27777.0	JJ165	27		20	20r	1.0														27	3444	20													27	27	
27778.0	JJ165	28		20v	20v	1.0																													28	28	
27779.0	JJ165	29		21	21r	1.0																													29	29	
27780.0	JJ165	30		22	22r	1.0																	30	2258	22										30	30	
27781.0	JJ165	31		22v	22v	1.0																													31	31	
27782.0	JJ165	32		23	23r	1.0																	32	2259	23										32	32	
27783.0	JJ165	33		23v	23v	1.0																													33	33	
27784.0	JJ165	34		24	24r	1.0																													34	34	
27785.0	JJ165	35		25	25r	1.0																													35	35	
27786.0	JJ165	36		25v	25v	1.0																													36	36	
27787.0	JJ165	37		26	26r	1.0																													37	37	
27788.0	JJ165	38		26v	26v	1.0																													38	38	
27789.0	JJ165	39		27	27r	1.0																													39	39	
27790.0	JJ165	40		27v	27v	1.0																													40	40	
27791.0	JJ165	41		28	28r	1.0																													41	41	
27792.0	JJ165	42		28v	28v	1.0																													42	42	
27793.0	JJ165	43		29	29r	1.0																													43	43	
27794.0	JJ165	44		29v	29v	1.0																													44	44	
27795.0	JJ165	45		30v	30v	1.0																													45	45	
27796.0	JJ165	46		31	31r	1.0																	46	2260	31										46	46	
27797.0	JJ165	47		31v	31v	1.0																													47	47	
27798.0	JJ165	48		32v	32v	1.0																													48	48	
27799.0	JJ165	49		33	33r	1.0											49	1096	33																49	49	
27800.0	JJ165	50		33v	33v	1.0																													50	50	
27801.0	JJ165	51		34	34r	1.0																													51	51	
27802.0	JJ165	52		34v	34v	1.0																													52	52	
27803.0	JJ165	53		35	35r	1.0																													53	53	
27804.0	JJ165	54		35v	35v	1.0																													54	54	
27805.0	JJ165	55		36	36r	1.0																													55	55	
27806.0	JJ165	56		36v	36v	1.0																													56	56	
27807.0	JJ165	57		37	37r	1.0																													57	57	
27808.0	JJ165	58		37v	37v	1.0																													58	58	
27809.0	JJ165	59		38	38r	1.0																													59	59	
27810.0	JJ165	60		39	39r	1.0														60	3445	39													60	60	
27811.0	JJ165	61		40v	40v	1.0																													61	61	
27812.0	JJ165	62		41v	41v	1.0																													62	62	
27813.0	JJ165	63		42	42r	1.0																													63	63	
27814.0	JJ165	64		43	43r	1.0																													64	64	
27815.0	JJ165	65		44	44r	1.0																													65	65	
27816.0	JJ165	66		44v	44v	1.0																													66	66	
27817.0	JJ165	67		45v	45v	1.0																													67	67	
27818.0	JJ165	68		46v	46v	1.0																													68	68	
27819.0	JJ165	69		47	47r	1.0																													69	69	
27820.0	JJ165	70		48	48r	1.0																													70	70	
27821.0	JJ165	71		49	49r	1.0																													71	71	
27822.0	JJ165	72		49v	49v	1.0																	72	2261	49v										72	72	
27823.0	JJ165	73		50v	50v	1.0																													73	73	
27824.0	JJ165	74		52	52r	1.0																													74	74	
27825.0	JJ165	75		53	53r	1.0																													75	75	
27826.0	JJ165	76		53v	53v	1.0																													76	76	
27827.0	JJ165	77		54	54r	1.0																													77	77	
27828.0	JJ165	78		55	55r	1.0																													78	78	
27829.0	JJ165	79		55v	55v	1.0																													79	79	
27830.0	JJ165	80		56	56r	1.0																													80	80	
27831.0	JJ165	81		57	57r	1.0																													81	81	
27832.0	JJ165	82		57v	57v	1.0																													82	82	
27833.0	JJ165	83		58	58r	1.0																	83	2262	58										83	83	
27834.0	JJ165	84		58v	58v	1.0																													84	84	
27835.0	JJ165	85		58v	58v	1.0																													85	85	
27836.0	JJ165	86		58v	58v	1.0																													86	86	
27837.0	JJ165	87		59	59r	1.0																													87	87	
27838.0	JJ165	88		59v	59v	1.0																													88	88	
27839.0	JJ165	89		60v	60v	1.0																													89	89	
27840.0	JJ165	90		61	61r	1.0																													90	90	
27841.0	JJ165	91		61v	61v	1.0																													91	91	
27842.0	JJ165	92		62	62r	1.0																													92	92	
27843.0	JJ165	93		62v	62v	0.0																													93	93	
27845.0	JJ165	95		63	63r	1.0	Numéro 94 omis dans la numérotation, qui passe de 93 à 95 sans aucune lacune matérielle ou textuelle																												95	95	
27846.0	JJ165	96		63v	63v	1.0																													96	96	
27847.0	JJ165	97		63v	63v	1.0											97	1097	63v																97	97	
27848.0	JJ165	98		64	64r	1.0																													98	98	
27849.0	JJ165	99		64v	64v	1.0																													99	99	
27850.0	JJ165	100		65	65r	1.0																													100	100	
27851.0	JJ165	101		65v	65v	1.0																													101	101	
27852.0	JJ165	102		66	66r	1.0																													102	102	
27853.0	JJ165	103		66v	66v	1.0																													103	103	
27854.0	JJ165	104		66v	66v	1.0																													104	104	
27855.0	JJ165	105		67	67r	1.0																													105	105	
27856.0	JJ165	106		68	68r	1.0																													106	106	
27857.0	JJ165	107		69	69r	1.0																													107	107	
27858.0	JJ165	108		69	69r	1.0																													108	108	
27859.0	JJ165	109		69v	69v	1.0																													109	109	
27860.0	JJ165	110		70	70r	1.0																													110	110	
27861.0	JJ165	111		70v	70v	1.0																													111	111	
27862.0	JJ165	112		70v	70v	1.0																													112	112	
27863.0	JJ165	113		71	71r	1.0																													113	113	
27864.0	JJ165	114		71v	71v	1.0																													114	114	
27865.0	JJ165	115		72	72r	1.0		115	DCCCCL	folÂ 72																									115	115	
27866.0	JJ165	116		72v	72v	1.0																													116	116	
27867.0	JJ165	117		73	73r	1.0																													117	117	
27868.0	JJ165	118		73v	73v	1.0																													118	118	
27869.0	JJ165	119		74	74r	1.0														119	3446	74													119	119	
27870.0	JJ165	120		74v	74v	1.0																													120	120	
27871.0	JJ165	121		75v	75v	1.0																	121	2263	75v										121	121	
27872.0	JJ165	122		76	76r	1.0																													122	122	
27873.0	JJ165	123		76	76r	1.0																	123	2264	76										123	123	
27874.0	JJ165	124		77	77r	1.0																													124	124	
27875.0	JJ165	125		77v	77v	1.0														125	3447	77v													125	125	
27876.0	JJ165	126		78	78r	1.0																													126	126	
27877.0	JJ165	127		78v	78v	1.0																													127	127	
27878.0	JJ165	128		79	79r	1.0																													128	128	
27879.0	JJ165	129		79v	79v	1.0																													129	129	
27880.0	JJ165	130		80	80r	1.0																													130	130	
27881.0	JJ165	131		80v	80v	1.0																	131	2265	80v										131	131	
27882.0	JJ165	132		81v	81v	1.0																													132	132	
27883.0	JJ165	133		82	82r	1.0																													133	133	
27884.0	JJ165	134		83v	83v	1.0																													134	134	
27885.0	JJ165	135		84	84r	1.0																													135	135	
27886.0	JJ165	136		85	85r	1.0																	136	2266	85										136	136	
27887.0	JJ165	137		85v	85v	1.0																													137	137	
27888.0	JJ165	138		86	86r	1.0																													138	138	
27889.0	JJ165	139		86v	86v	1.0																													139	139	
27890.0	JJ165	140		87	87r	1.0																													140	140	
27891.0	JJ165	141		87v	87v	1.0																													141	141	
27892.0	JJ165	142		88v	88v	1.0		142	DCCCCLI	88v																									142	142	
27893.0	JJ165	143		89	89r	1.0																													143	143	
27894.0	JJ165	144		89v	89v	1.0																													144	144	
27895.0	JJ165	145		90v	90v	1.0																													145	145	
27896.0	JJ165	146		91	91r	1.0																													146	146	
27897.0	JJ165	147		92	92r	1.0																													147	147	
27898.0	JJ165	148		92v	92v	1.0																													148	148	
27899.0	JJ165	149		93	93r	1.0																													149	149	
27900.0	JJ165	150		94	94r	1.0																													150	150	
27901.0	JJ165	151		94v	94v	1.0																													151	151	
27902.0	JJ165	152		95	95r	1.0														152	3448	95													152	152	
27903.0	JJ165	153		95v	95v	1.0																													153	153	
27904.0	JJ165	154		96	96r	1.0																													154	154	
27905.0	JJ165	155		96v	96v	1.0																													155	155	
27906.0	JJ165	156		97	97r	1.0																													156	156	
27907.0	JJ165	157		97v	97v	1.0																													157	157	
27908.0	JJ165	158		97v	97v	1.0		158	DCCCCLIII	97v																									158	158	
27909.0	JJ165	159		98v	98v	1.0																	159	2267	98v										159	159	
27910.0	JJ165	160		99	99r	1.0																													160	160	
27911.0	JJ165	161		99	99r	1.0																													161	161	
27912.0	JJ165	162		99v	99v	1.0																													162	162	
27913.0	JJ165	163		100v	100v	1.0																													163	163	
27914.0	JJ165	164		101	101r	1.0																													164	164	
27915.0	JJ165	165		101	101r	1.0																													165	165	
27916.0	JJ165	166		101	101r	1.0																													166	166	
27917.0	JJ165	167		101	101r	1.0																													167	167	
27918.0	JJ165	168		101	101r	1.0																													168	168	
27919.0	JJ165	169		101v	101v	1.0											169	1098	101v																169	169	
27920.0	JJ165	170		102	102r	1.0																													170	170	
27921.0	JJ165	171		102v	102v	1.0																	171	2268	102v										171	171	
27922.0	JJ165	172		103	103r	1.0											172	1099	103																172	172	
27923.0	JJ165	173		103v	103v	1.0																													173	173	
27924.0	JJ165	174		104	104r	1.0																													174	174	
27925.0	JJ165	175		104	104r	1.0																													175	175	
27926.0	JJ165	176		104v	104v	1.0																													176	176	
27927.0	JJ165	177		104v	104v	0.0		177	DCCCCLII	104v																									177	177	
27929.0	JJ165	179		105v	105v	1.0	Numéro 178 omis dans la numérotation, qui passe de 177 à 179 sans aucune lacune matérielle ou textuelle																179	2269	105v										179	179	
27930.0	JJ165	180		106	106r	1.0											180	1100	106																180	180	
27931.0	JJ165	181		107v	107v	1.0																													181	181	
27932.0	JJ165	182		107v	107v	1.0																													182	182	
27933.0	JJ165	183		108	108r	1.0																													183	183	
27934.0	JJ165	184		109	109r	1.0																													184	184	
27935.0	JJ165	185		110	110r	1.0																													185	185	
27936.0	JJ165	186		110v	110v	1.0																													186	186	
27937.0	JJ165	187		110v	110v	1.0																													187	187	
27938.0	JJ165	188		111	111r	1.0																													188	188	
27939.0	JJ165	189		111	111r	1.0																													189	189	
27940.0	JJ165	190		112	112r	1.0																													190	190	
27941.0	JJ165	191		115v	115v	1.0																													191	191	
27942.0	JJ165	192		115v	115v	1.0																													192	192	
27943.0	JJ165	193		116	116r	1.0																													193	193	
27944.0	JJ165	194		116	116r	1.0																													194	194	
27945.0	JJ165	195		116v	116v	1.0																													195	195	
27946.0	JJ165	196		116v	116v	1.0																													196	196	
27947.0	JJ165	197		117v	117v	1.0																													197	197	
27948.0	JJ165	198		118	118r	1.0																													198	198	
27949.0	JJ165	199		118v	118v	1.0																													199	199	
27950.0	JJ165	200		119	119r	1.0																													200	200	
27951.0	JJ165	201		119v	119v	1.0																													201	201	
27952.0	JJ165	202		120	120r	1.0																	202	2270	120										202	202	
27953.0	JJ165	203		120v	120v	1.0																													203	203	
27954.0	JJ165	204		121	121r	1.0																													204	204	
27955.0	JJ165	205		121v	121v	1.0																													205	205	
27956.0	JJ165	206		122	122r	1.0																	206	2271	122										206	206	
27957.0	JJ165	207		122v	122v	1.0														207	3449	122v													207	207	
27958.0	JJ165	208		123v	123v	1.0																													208	208	
27959.0	JJ165	209		124	124r	1.0																													209	209	
27960.0	JJ165	210		124v	124v	1.0																													210	210	
27961.0	JJ165	211		125	125r	1.0														211	3450	125													211	211	
27962.0	JJ165	212		125v	125v	1.0																													212	212	
27963.0	JJ165	213		125v	125v	1.0																													213	213	
27964.0	JJ165	214		126	126r	1.0																													214	214	
27965.0	JJ165	215		126v	126v	1.0																													215	215	
27966.0	JJ165	216		127	127r	1.0																													216	216	
27967.0	JJ165	217		127v	127v	1.0																													217	217	
27968.0	JJ165	218		128	128r	1.0																													218	218	
27969.0	JJ165	219		130	130r	1.0														219	3451	130													219	219	
27970.0	JJ165	220		130v	130v	1.0																													220	220	
27971.0	JJ165	221		131v	131v	1.0																													221	221	
27972.0	JJ165	222		132	132r	1.0																													222	222	
27973.0	JJ165	223		132v	132v	1.0																													223	223	
27974.0	JJ165	224		133	133r	1.0																	224	2272	133										224	224	
27975.0	JJ165	225		133v	133v	1.0																													225	225	
27976.0	JJ165	226		134	134r	1.0																													226	226	
27977.0	JJ165	227		134v	134v	1.0																													227	227	
27978.0	JJ165	228		135	135r	1.0																													228	228	
27979.0	JJ165	229		136	136r	1.0																													229	229	
27980.0	JJ165	230		136v	136v	1.0																													230	230	
27981.0	JJ165	231		137	137r	1.0																													231	231	
27982.0	JJ165	232		137v	137v	1.0																													232	232	
27983.0	JJ165	233		138	138r	1.0																	233	2273	138										233	233	
27984.0	JJ165	234		138v	138v	1.0																													234	234	
27985.0	JJ165	235		139v	139v	1.0																													235	235	
27986.0	JJ165	236		140	140r	1.0																													236	236	
27987.0	JJ165	237		141	141r	1.0																													237	237	
27988.0	JJ165	238		141v	141v	1.0																	238	2274	141v										238	238	
27989.0	JJ165	239		142	142r	1.0																													239	239	
27990.0	JJ165	240		142v	142v	1.0																													240	240	
27991.0	JJ165	241		143	143r	1.0																													241	241	
27992.0	JJ165	242		143v	143v	1.0																													242	242	
27993.0	JJ165	243		143v	143v	1.0																													243	243	
27994.0	JJ165	244		144	144r	1.0																													244	244	
27995.0	JJ165	245		145	145r	1.0																													245	245	
27996.0	JJ165	246		145	145r	1.0																													246	246	
27997.0	JJ165	247		145v	145v	1.0																													247	247	
27998.0	JJ165	248		146	146r	1.0																													248	248	
27999.0	JJ165	249		147	147r	1.0																													249	249	
28000.0	JJ165	250		147	147r	1.0																													250	250	
28001.0	JJ165	251		147v	147v	1.0														251	3452	147v													251	251	
28002.0	JJ165	252		148v	148v	1.0																	252	2276	148v										252	252	
28003.0	JJ165	253		148v	148v	1.0																	253	2275	148v										253	253	
28004.0	JJ165	254		149	149r	1.0											254	1101	149																254	254	
28005.0	JJ165	255		149v	149v	1.0											255	1101	149v																255	255	
28006.0	JJ165	256		149v	149v	1.0																													256	256	
28007.0	JJ165	257		150	150r	1.0																													257	257	
28008.0	JJ165	258		150	150r	1.0																													258	258	
28009.0	JJ165	259		150v	150v	1.0																													259	259	
28010.0	JJ165	260		151	151r	1.0																													260	260	
28011.0	JJ165	261		153	153r	1.0																													261	261	
28012.0	JJ165	262		154	154r	1.0																													262	262	
28013.0	JJ165	263		154v	154v	1.0																													263	263	
28014.0	JJ165	264		155v	155v	1.0														264	3453	155v													264	264	
28015.0	JJ165	265		159	159r	1.0																	265	2277	159										265	265	
28016.0	JJ165	266		159v	159v	1.0																													266	266	
28017.0	JJ165	267		160	160r	0.0														267	3454	160													267	267	
28017.1	JJ165	267bis		160v	160v																																
28018.0	JJ165	268		160v	160v	1.0																													268	268	
28019.0	JJ165	269		161	161r	1.0																													269	269	
28020.0	JJ165	270		161v	161v	1.0																													270	270	
28021.0	JJ165	271		162v	162v	1.0																													271	271	
28022.0	JJ165	272		163	163r	1.0																													272	272	
28023.0	JJ165	273		163v	163v	1.0														273	3455	163v													273	273	
28024.0	JJ165	274		164v	164v	1.0																													274	274	
28025.0	JJ165	275		164v	164v	1.0																													275	275	
28026.0	JJ165	276		165	165r	1.0																													276	276	
28027.0	JJ165	277		165v	165v	1.0																													277	277	
28028.0	JJ165	278		165v	165v	1.0																													278	278	
28029.0	JJ165	279		166v	166v	1.0																													279	279	
28030.0	JJ165	280		167	167r	1.0																													280	280	
28031.0	JJ165	281		167v	167v	1.0																													281	281	
28032.0	JJ165	282		168	168r	0.0																													282	282	
28032.1	JJ165	282bis		169	169r																																
28033.0	JJ165	283		169	169r	1.0																													283	283	
28034.0	JJ165	284		169	169r	1.0																													284	284	
28035.0	JJ165	285		169	169r	1.0																	285	2278	169										285	285	
28036.0	JJ165	286		170	170r	1.0																	286	2279	170										286	286	
28037.0	JJ165	287		170	170r	1.0																	287	2280	170										287	287	
28038.0	JJ165	288		170	170r	1.0																													288	288	
28039.0	JJ165	289		170	170r	1.0																													289	289	
28040.0	JJ165	290		175	175r	1.0														290	3456	175													290	290	
28041.0	JJ165	291		177	177r	1.0																													291	291	
28042.0	JJ165	292		177	177r	1.0																													292	292	
28043.0	JJ165	293		177v	177v	1.0																	293	2281	177v										293	293	
28044.0	JJ165	294		178	178r	1.0																													294	294	
28045.0	JJ165	295		178v	178v	1.0																													295	295	
28046.0	JJ165	296		179v	179v	1.0																													296	296	
28047.0	JJ165	297		180	180r	1.0																													297	297	
28048.0	JJ165	298		181	181r	1.0																													298	298	
28049.0	JJ165	299		181v	181v	1.0																													299	299	
28050.0	JJ165	300		182	182r	1.0																													300	300	
28051.0	JJ165	301		182v	182v	1.0																													301	301	
28052.0	JJ165	302		183	183r	1.0																													302	302	
28053.0	JJ165	303		183v	183v	1.0																													303	303	
28054.0	JJ165	304		184v	184v	1.0																	304	2282	184v										304	304	
28055.0	JJ165	305		185	185r	1.0																													305	305	
28056.0	JJ165	306		185v	185v	1.0																													306	306	
28057.0	JJ165	307		186	186r	1.0																													307	307	
28058.0	JJ165	308		186v	186v	1.0																													308	308	
28059.0	JJ165	309		187	187r	1.0																													309	309	
28060.0	JJ165	310		187	187r	1.0																	310	2283	187										310	310	
28061.0	JJ165	311		187v	187v	1.0																													311	311	
28062.0	JJ165	312		188	188r	1.0																													312	312	
28063.0	JJ165	313		188v	188v	0.0																													313	313	
28065.0	JJ165	315		189	189r	1.0	Numéro 314 omis dans la numérotation, qui passe de 313 à 315 sans aucune lacune matérielle ou textuelle																												315	315	
28066.0	JJ165	316		189v	189v	1.0																													316	316	
28067.0	JJ165	317		190	190r	1.0																													317	317	
28068.0	JJ165	318		190v	190v	1.0																													318	318	
28069.0	JJ165	319		191	191r	1.0																													319	319	
28070.0	JJ165	320		193v	193v	0.0																													320	320	
28070.1	JJ165	320bis		194	194r																																
28071.0	JJ165	321		194v	194v	0.0																													321	321	
28071.1	JJ165	321bis		195	195r																																
28072.0	JJ165	322		195	195r	1.0																													322	322	
28073.0	JJ165	323		195v	195v	1.0																													323	323	
28074.0	JJ165	324		195v	195v	1.0																													324	324	
28075.0	JJ165	325		196	196r	0.0																													325	325	
28075.1	JJ165	325bis		196v	196v																																
28076.0	JJ165	326		196v	196v	1.0																													326	326	
28077.0	JJ165	327		197	197r	1.0																													327	327	
28078.0	JJ165	328		197v	197v	1.0																													328	328	
28079.0	JJ165	329		198	198r	1.0																													329	329	
28080.0	JJ165	330		199	199r	1.0																													330	330	
28081.0	JJ165	331		199v	199v	1.0																													331	331	
28082.0	JJ165	332		199v	199v	1.0																													332	332	
28083.0	JJ165	333		200	200r	1.0											333	1102	200																333	333	
28084.0	JJ165	334		200v	200v	1.0											334	1103	200v																334	334	
28085.0	JJ165	335		201v	201v	1.0																													335	335	
28086.0	JJ165	336		202	202r	1.0																													336	336	
28087.0	JJ165	337		202v	202v	1.0																													337	337	
28088.0	JJ165	338		203	203r	1.0																													338	338	
28089.0	JJ165	339		203v	203v	1.0																													339	339	
28090.0	JJ165	340		204	204r	1.0																													340	340	
28091.0	JJ165	341		205	205r	1.0																													341	341	
28092.0	JJ165	342		205	205r	1.0																													342	342	
28093.0	JJ165	343		206	206r	1.0																	343	2284	206										343	343	
28094.0	JJ165	344		206v	206v	1.0																													344	344	
28095.0	JJ165	345		206v	206v	1.0																													345	345	
28096.0	JJ165	346		207	207r	1.0																													346	346	
28097.0	JJ165	347		208	208r	1.0																													347	347	
28098.0	JJ165	348		208v	208v	1.0																													348	348	
28099.0	JJ165	349		209	209r	1.0																													349	349	
28100.0	JJ165	350		209	209r	1.0																													350	350	
28101.0	JJ165	351		209v	209v	1.0																	351	2285	209v										351	351	
28102.0	JJ165	352		210	210r	1.0																													352	352	
28103.0	JJ165	353		211	211r	1.0																													353	353	
28104.0	JJ165	354		211	211r	1.0																													354	354	
28105.0	JJ165	355		212	212r	1.0																													355	355	
28106.0	JJ165	356		212v	212v	1.0																													356	356	
28107.0	JJ165	357		213	213r	1.0																													357	357	
28108.0	JJ165	358		213v	213v	1.0																													358	358	
28109.0	JJ165	359		214	214r	1.0																													359	359	
28110.0	JJ165	360		214	214r	1.0																	360	2286	214										360	360	
28111.0	JJ165	361		215	215r	1.0														361	3457	215													361	361	
28112.0	JJ165	362		218v	218v	1.0																													362	362	
28113.0	JJ165	363		218v	218v	1.0																	363	2287	218v										363	363	
28114.0	JJ165	364		219	219r	1.0											364	1104	219																364	364	
28115.0	JJ165	365		220	220r	1.0																													365	365	
28116.0	JJ165	366		220v	220v	1.0																													366	366	
28117.0	JJ165	367		221	221r	1.0																													367	367	
28118.0	JJ165	368		222	222r	1.0																													368	368	
28119.0	JJ165	369		222v	222v	1.0																													369	369	
28120.0	JJ165	370		223	223r	1.0																													370	370	
28121.0	JJ165	371		223v	223v	1.0																													371	371	
28122.0	JJ165	372		224	224r	1.0																													372	372	
28123.0	JJ165	373		224	224r	1.0																													373	373	
28124.0	JJ165	374		224	224r	1.0																													374	374	
28125.0	JJ165	375		224v	224v	1.0																													375	375	
28126.0	JJ165	376		225v	225v	1.0																													376	376	
28127.0	JJ165	377		226	226r	1.0																													377	377	
28128.0	JJ165	378		226v	226v	1.0																	378	2288	226v										378	378	
28129.0	JJ165	379		227v	227v	1.0																													379	379	
28130.0	JJ165	380		228	228r	1.0																													380	380	
28131.0	JJ165	381		228	228r	1.0																													381	381	
28132.0	JJ165	382		228v	228v	1.0																													382	382	
28133.0	JJ165	383		229	229r	1.0																	383	2289	229										383	383	
28134.0	JJ165	384		229v	229v	1.0																													384	384	
28135.0	JJ165	385		230	230r	0.0																													385	385	
28136.0	JJ165	385bis		230	230r		"Numérotation initiale 385 (pas de ""bis"" visible)"																												385bis	385bis	
28137.0	JJ165	386		230v	230v	1.0														386	3458	230v													386	386	
28138.0	JJ165	387		231	231r	1.0																													387	387	
28139.0	JJ165	388		231v	231v	1.0																													388	388	
28140.0	JJ165	389		232	232r	1.0																													389	389	
28141.0	JJ165	390		232v	232v	1.0														390	3459	232v													390	390	
28142.0	JJ165	391		233	233r	1.0																													391	391	
28143.0	JJ165	392		233v	233v	1.0																													392	392	
28144.0	JJ165	393		234	234r	1.0																													393	393	
28145.0	JJ165	394		235	235r	1.0																													394	394	
28146.0	JJ165	395		235v	235v	1.0																													395	395	
28147.0	JJ165	396		236	236r	1.0																													396	396	
28148.0	JJ165	397		237	237r	1.0																													397	397	
28149.0	JJ165	398		237v	237v	1.0																													398	398	
28150.0	JJ165	399		238v	238v	1.0																													399	399	
28151.0	JJ165	400		239	239r	1.0																													400	400	
28152.0	JJ165	401		239	239r	1.0																													401	401	
28153.0	JJ165	402		239v	239v	1.0																													402	402	
28154.0	JJ165	403		240	240r	1.0																													403	403	
28155.0	JJ165	404		240	240r	1.0																													404	404	
28156.0	JJ165	405		240v	240v	1.0																													405	405	
28157.0	JJ165	406		241v	241v	1.0														406	3460	241v													406	406	
28158.0	JJ165	407		242v	242v	1.0																													407	407	
28159.0	JJ165	408		243	243r	1.0																													408	408	
28160.0	JJ165	409		243v	243v	1.0																													409	409	
28161.0	JJ165	410		244	244r	1.0																													410	410	
28162.0	JJ165	411		244v	244v	1.0																													411	411	
28163.0	JJ165	412		245	245r	1.0																													412	412	
28164.0	JJ165	413		246	246r	1.0																													413	413	
28165.0	JJ165	414		247	247r	1.0																													414	414	
28166.0	JJ165	415		247	247r	1.0																													415	415	
28167.0	JJ165	416		247v	247v	1.0																													416	416	
28168.0	JJ165	417		248	248r	1.0																	417	2290	248										417	417	
28169.0	JJ165	418		248	248r	1.0																													418	418	
28170.0	JJ165	419		248v	248v	1.0																													419	419	
28171.0	JJ165	420		249	249r	1.0																													420	420	
28172.0	JJ165	421		249v	249v	1.0																													421	421	
28173.0	JJ165	422		250	250r	1.0																													422	422	
28174.0	JJ165	423		250v	250v	1.0														423	3461	250v													423	423	
28175.0	JJ165	424		253	253r	1.0																													424	424	
28176.0	JJ165	425		254v	254v	0.0																													425	425	
28186.0	JJ166	1		1	1r	1.0																													1	1	
28187.0	JJ166	2		1v	1v	1.0																													2	2	
28188.0	JJ166	3		4	4r	1.0																													3	3	
28189.0	JJ166	4		4v	4v	1.0																													4	4	
28190.0	JJ166	5		5v	5v	1.0																													5	5	
28191.0	JJ166	6		6v	6v	1.0																													6	6	
28192.0	JJ166	7		7v	7v	1.0																													7	7	
28193.0	JJ166	8		9	9r	1.0																													8	8	
28194.0	JJ166	9		9v	9v	1.0																													9	9	
28195.0	JJ166	10		10	10r	1.0																													10	10	
28196.0	JJ166	11		10v	10v	1.0																													11	11	
28197.0	JJ166	12		10v	10v	1.0																													12	12	
28198.0	JJ166	13		11	11r	1.0																													13	13	
28199.0	JJ166	14		11v	11v	1.0																													14	14	
28200.0	JJ166	15		12	12r	1.0																													15	15	
28201.0	JJ166	16		12v	12v	1.0																													16	16	
28202.0	JJ166	17		13	13r	1.0																													17	17	
28203.0	JJ166	18		13v	13v	1.0																													18	18	
28204.0	JJ166	19		14	14r	1.0																													19	19	
28205.0	JJ166	20		14v	14v	1.0																													20	20	
28206.0	JJ166	21		14v	14v	1.0																													21	21	
28207.0	JJ166	22		14v	14v	1.0																													22	22	
28208.0	JJ166	23		14v	14v	1.0																													23	23	
28209.0	JJ166	24		14v	14v	1.0																													24	24	
28210.0	JJ166	25		15v	15v	1.0																													25	25	
28211.0	JJ166	26		16	16r	1.0																													26	26	
28212.0	JJ166	27		16v	16v	1.0																													27	27	
28213.0	JJ166	28		17	17r	1.0																													28	28	
28214.0	JJ166	29		18	18r	1.0																													29	29	
28215.0	JJ166	30		18v	18v	0.0																													30	30	
28216.0	JJ166	30_2		19v	19v																														30bis	30bis	
28217.0	JJ166	31		20	20r	1.0																													31	31	
28218.0	JJ166	32		20v	20v	1.0																													32	32	
28219.0	JJ166	33		21	21r	1.0																													33	33	
28220.0	JJ166	34		21v	21v	1.0																													34	34	
28221.0	JJ166	35		22	22r	1.0																													35	35	
28222.0	JJ166	36		23	23r	1.0																													36	36	
28223.0	JJ166	37		23v	23v	1.0																													37	37	
28224.0	JJ166	38		24	24r	1.0																													38	38	
28225.0	JJ166	39		25	25r	1.0																													39	39	
28226.0	JJ166	40		25v	25v	1.0																													40	40	
28227.0	JJ166	41		26v	26v	1.0																													41	41	
28228.0	JJ166	42		27v	27v	1.0																													42	42	
28229.0	JJ166	43		28v	28v	1.0																													43	43	
28230.0	JJ166	44		29v	29v	1.0																													44	44	
28231.0	JJ166	45		30	30r	1.0																													45	45	
28232.0	JJ166	46		31	31r	1.0																													46	46	
28233.0	JJ166	47		32	32r	1.0																													47	47	
28234.0	JJ166	48		33	33r	1.0																													48	48	
28235.0	JJ166	49		33v	33v	1.0																													49	49	
28236.0	JJ166	50		34v	34v	1.0																													50	50	
28237.0	JJ166	51		35	35r	1.0																													51	51	
28238.0	JJ166	52		35v	35v	1.0																													52	52	
28239.0	JJ166	53		35v	35v	1.0																													53	53	
28240.0	JJ166	54		36	36r	1.0																													54	54	
28241.0	JJ166	55		36v	36v	1.0																													55	55	
28242.0	JJ166	56		37v	37v	1.0																													56	56	
28243.0	JJ166	57		37v	37v	1.0																													57	57	
28244.0	JJ166	58		38v	38v	1.0																													58	58	
28245.0	JJ166	59		39	39r	1.0																													59	59	
28246.0	JJ166	60		40	40r	1.0																													60	60	
28247.0	JJ166	61		41	41r	1.0																													61	61	
28248.0	JJ166	62		41v	41v	1.0																													62	62	
28249.0	JJ166	63		42	42r	1.0																													63	63	
28250.0	JJ166	64		43	43r	1.0																													64	64	
28251.0	JJ166	65		44	44r	1.0																													65	65	
28252.0	JJ166	66		44v	44v	1.0																													66	66	
28253.0	JJ166	67		45v	45v	1.0																													67	67	
28254.0	JJ166	68		46v	46v	1.0																													68	68	
28255.0	JJ166	69		47	47r	1.0																													69	69	
28256.0	JJ166	70		48	48r	1.0																													70	70	
28257.0	JJ166	71		48v	48v	1.0																													71	71	
28258.0	JJ166	72		49	49r	1.0																													72	72	
28259.0	JJ166	73		49v	49v	1.0																													73	73	
28260.0	JJ166	74		50	50r	1.0																													74	74	
28261.0	JJ166	75		51	51r	1.0																													75	75	
28262.0	JJ166	76		51v	51v	1.0																													76	76	
28263.0	JJ166	77		53	53r	1.0																													77	77	
28264.0	JJ166	78		53	53r	1.0																													78	78	
28265.0	JJ166	79		53v	53v	1.0																													79	79	
28266.0	JJ166	80		54v	54v	1.0																													80	80	
28267.0	JJ166	81		55v	55v	0.0																													81	81	
28267.1	JJ166	81bis		56	56r																																
28268.0	JJ166	82		57	57r	1.0																													82	82	
28269.0	JJ166	83		57v	57v	1.0																													83	83	
28270.0	JJ166	84		58	58r	1.0																													84	84	
28271.0	JJ166	85		58v	58v	1.0																													85	85	
28272.0	JJ166	86		58v	58v	1.0																													86	86	
28273.0	JJ166	87		59	59r	1.0																													87	87	
28274.0	JJ166	88		59v	59v	1.0																													88	88	
28275.0	JJ166	89		60	60r	1.0																													89	89	
28276.0	JJ166	90		60	60r	1.0																													90	90	
28277.0	JJ166	91		60v	60v	1.0																													91	91	
28278.0	JJ166	92		61	61r	1.0																													92	92	
28279.0	JJ166	93		61v	61v	1.0																													93	93	
28280.0	JJ166	94		62	62r	1.0																													94	94	
28281.0	JJ166	95		62	62r	1.0																													95	95	
28282.0	JJ166	96		62	62r	1.0																													96	96	
28283.0	JJ166	97		62v	62v	1.0																	97	2291	62v										97	97	
28284.0	JJ166	98		63	63r	1.0																													98	98	
28285.0	JJ166	99		63v	63v	1.0																													99	99	
28286.0	JJ166	100		64	64r	1.0																													100	100	
28287.0	JJ166	101		64v	64v	1.0																	101	2292	64v										101	101	
28288.0	JJ166	102		65	65r	1.0																													102	102	
28289.0	JJ166	103		65	65r	1.0																													103	103	
28290.0	JJ166	104		65v	65v	1.0																													104	104	
28291.0	JJ166	105		66	66r	1.0																													105	105	
28292.0	JJ166	106		67	67r	1.0																													106	106	
28293.0	JJ166	107		68	68r	1.0																													107	107	
28294.0	JJ166	108		68v	68v	1.0		108	DCCCCLIV	68v																									108	108	
28295.0	JJ166	109		69v	69v	1.0																													109	109	
28296.0	JJ166	110		70	70r	1.0																													110	110	
28298.0	JJ166	111		71v	71v	1.0																													111	111	
28300.0	JJ166	112		72	72r	1.0																													112	112	
28302.0	JJ166	113		73	73r	0.0																													113	113	
28302.1	JJ166	110bis		74	74r																																
28302.2	JJ166	111bis		74v	74v																																
28302.3	JJ166	112bis		75	75r																																
28303.0	JJ166	113bis		75v	75v																														113bis	113bis	
28304.0	JJ166	114		76	76r	1.0																													114	114	
28305.0	JJ166	115		76v	76v	1.0																													115	115	
28306.0	JJ166	116		77	77r	1.0																													116	116	
28307.0	JJ166	117		77	77r	1.0																													117	117	
28308.0	JJ166	118		77v	77v	1.0																													118	118	
28309.0	JJ166	119		78	78r	1.0																													119	119	
28310.0	JJ166	120		78v	78v	1.0																													120	120	
28311.0	JJ166	121		79	79r	1.0																													121	121	
28312.0	JJ166	122		79	79r	1.0																													122	122	
28313.0	JJ166	123		80	80r	1.0																													123	123	
28314.0	JJ166	124		80v	80v	1.0																	124	2293	80v										124	124	
28315.0	JJ166	125		81	81r	1.0																													125	125	
28316.0	JJ166	126		81v	81v	1.0																													126	126	
28317.0	JJ166	127		82	82r	1.0																													127	127	
28318.0	JJ166	128		83	83r	1.0																													128	128	
28319.0	JJ166	129		83v	83v	1.0																													129	129	
28320.0	JJ166	130		89	89r	1.0																													130	130	
28321.0	JJ166	131		90	90r	1.0																													131	131	
28322.0	JJ166	132		90	90r	1.0																													132	132	
28323.0	JJ166	133		90v	90v	1.0																													133	133	
28324.0	JJ166	134		91	91r	1.0																													134	134	
28325.0	JJ166	135		91v	91v	1.0																													135	135	
28326.0	JJ166	136		92	92r	1.0																													136	136	
28327.0	JJ166	137		92v	92v	1.0																													137	137	
28328.0	JJ166	138		93	93r	0.0																													138	138	
28328.1	JJ166	138bis		93	93r																																
28329.0	JJ166	139		93v	93v	1.0																													139	139	
28330.0	JJ166	140		94	94r	1.0																													140	140	
28331.0	JJ166	141		94v	94v	1.0																													141	141	
28332.0	JJ166	142		95	95r	0.0																	142	2294	95										142	142	
28333.0	JJ166	142bis		95	95r																														142bis	142bis	
28334.0	JJ166	143		95	95r	1.0																													143	143	
28335.0	JJ166	144		95v	95v	1.0																													144	144	
28336.0	JJ166	145		96	96r	1.0																	145	2295	96										145	145	
28337.0	JJ166	146		96v	96v	1.0																													146	146	
28338.0	JJ166	147		97v	97v	1.0																													147	147	
28339.0	JJ166	148		98	98r	1.0																													148	148	
28340.0	JJ166	149		99	99r	1.0																													149	149	
28341.0	JJ166	150		100	100r	1.0																													150	150	
28342.0	JJ166	151		100v	100v	1.0																													151	151	
28343.0	JJ166	152		101v	101v	1.0																													152	152	
28344.0	JJ166	153		102	102r	1.0																													153	153	
28345.0	JJ166	154		103	103r	1.0														154	3462	103													154	154	
28346.0	JJ166	155		105	105r	1.0																													155	155	
28347.0	JJ166	156		106	106r	1.0																													156	156	
28348.0	JJ166	157		106v	106v	1.0																													157	157	
28349.0	JJ166	158		107	107r	1.0																													158	158	
28350.0	JJ166	159		107v	107v	1.0																	159	2296	107v										159	159	
28351.0	JJ166	160		108	108r	1.0																	160	2297	108										160	160	
28352.0	JJ166	161		108v	108v	1.0																													161	161	
28353.0	JJ166	162		109	109r	1.0																													162	162	
28354.0	JJ166	163		109v	109v	1.0																													163	163	
28355.0	JJ166	164		110	110r	1.0																													164	164	
28356.0	JJ166	165		110v	110v	1.0																													165	165	
28357.0	JJ166	166		111	111r	1.0																													166	166	
28358.0	JJ166	167		111v	111v	1.0																													167	167	
28359.0	JJ166	168		112v	112v	1.0																													168	168	
28360.0	JJ166	169		113	113r	1.0																													169	169	
28361.0	JJ166	170		114	114r	1.0																													170	170	
28362.0	JJ166	171		114v	114v	1.0																													171	171	
28363.0	JJ166	172		115	115r	1.0																													172	172	
28364.0	JJ166	173		115	115r	1.0																													173	173	
28365.0	JJ166	174		115v	115v	1.0		174	DCCCCLV	115v																									174	174	
28366.0	JJ166	175		116	116r	1.0																													175	175	
28367.0	JJ166	176		117	117r	0.0	AF (début de l'acte non présent dans le registre)													176	3463	117													176	176	
28370.0	JJ166	179		117	117r	1.0	Numéros 177 et 178 omis dans la numérotation (mais indiqués dans la table des matières), qui passe de 176 à 179 sans aucune lacune matérielle ou textuelle																												179	179	
28371.0	JJ166	180		118	118r	1.0																													180	180	
28372.0	JJ166	181		118v	118v	1.0																													181	181	
28373.0	JJ166	182		119	119r	1.0																													182	182	
28374.0	JJ166	183		119	119r	1.0																	183	2298	119										183	183	
28375.0	JJ166	184		120	120r	1.0																													184	184	
28376.0	JJ166	185		120v	120v	1.0														185	3464	120v													185	185	
28377.0	JJ166	186		121	121r	1.0																	186	2299	121										186	186	
28378.0	JJ166	187		121v	121v	1.0																	187	2300	121v										187	187	
28379.0	JJ166	188		122	122r	1.0																													188	188	
28380.0	JJ166	189		123	123r	1.0																	189	2301	123										189	189	
28381.0	JJ166	190		123v	123v	1.0																													190	190	
28382.0	JJ166	191		124v	124v	1.0																													191	191	
28383.0	JJ166	192		125	125r	1.0																													192	192	
28384.0	JJ166	193		127v	127v	1.0																													193	193	
28385.0	JJ166	194		128	128r	1.0																													194	194	
28386.0	JJ166	195		128v	128v	1.0																													195	195	
28387.0	JJ166	196		129	129r	1.0																													196	196	
28388.0	JJ166	197		129v	129v	1.0																													197	197	
28389.0	JJ166	198		130	130r	1.0																													198	198	
28390.0	JJ166	199		130v	130v	1.0																													199	199	
28391.0	JJ166	200		131	131r	1.0																													200	200	
28392.0	JJ166	201		132	132r	1.0																													201	201	
28393.0	JJ166	202		133	133r	1.0																													202	202	
28394.0	JJ166	203		133	133r	1.0																													203	203	
28395.0	JJ166	204		134	134r	1.0																													204	204	
28396.0	JJ166	205		134v	134v	1.0																													205	205	
28397.0	JJ166	206		135	135r	0.0																													206	206	
28398.0	JJ166	206bis		136	136r																														206bis	206bis	
28399.0	JJ166	207		136v	136v	1.0																													207	207	
28400.0	JJ166	208		137v	137v	1.0																													208	208	
28401.0	JJ166	209		138	138r	1.0																													209	209	
28402.0	JJ166	210		138v	138v	1.0																													210	210	
28403.0	JJ166	211		139v	139v	1.0																	211	2302	139v										211	211	
28404.0	JJ166	212		140	140r	1.0																													212	212	
28405.0	JJ166	213		140v	140v	1.0																													213	213	
28406.0	JJ166	214		141	141r	1.0																													214	214	
28407.0	JJ166	215		141v	141v	1.0																													215	215	
28408.0	JJ166	216		142	142r	1.0																													216	216	
28409.0	JJ166	217		142v	142v	1.0											217	1105	142v																217	217	
28410.0	JJ166	218		143v	143v	1.0														218	3465	143v													218	218	
28411.0	JJ166	219		144	144r	1.0																													219	219	
28412.0	JJ166	220		144v	144v	1.0																													220	220	
28413.0	JJ166	221		146v	146v	1.0																													221	221	
28414.0	JJ166	222		147	147r	1.0																													222	222	
28415.0	JJ166	223		147v	147v	1.0																													223	223	
28416.0	JJ166	224		148	148r	1.0																													224	224	
28417.0	JJ166	225		149	149r	1.0																													225	225	
28418.0	JJ166	226		Vacat		1.0	No image available																												226	226	
28419.0	JJ166	227		Vacat		1.0	No image available																												227	227	
28420.0	JJ166	228		150v	150v	1.0																													228	228	
28421.0	JJ166	229		150v	150v	1.0																													229	229	
28422.0	JJ166	230		151	151r	1.0																													230	230	
28423.0	JJ166	231		151v	151v	1.0																													231	231	
28424.0	JJ166	232		152	152r	1.0																													232	232	
28425.0	JJ166	233		153	153r	1.0		233	DCCCCLVI	folÂ 153																									233	233	
28426.0	JJ166	234		153v	153v	1.0																													234	234	
28427.0	JJ166	235		154	154r	1.0																													235	235	
28428.0	JJ166	236		156	156r	1.0																													236	236	
28429.0	JJ166	237		156v	156v	1.0																													237	237	
28430.0	JJ166	238		157	157r	1.0																													238	238	
28431.0	JJ166	239		158	158r	1.0																													239	239	
28432.0	JJ166	240		158v	158v	1.0																													240	240	
28433.0	JJ166	241		159	159r	1.0																													241	241	
28434.0	JJ166	242		159v	159v	1.0																													242	242	
28435.0	JJ166	243		160	160r	1.0																													243	243	
28436.0	JJ166	244		161	161r	1.0														244	3466	161													244	244	
28437.0	JJ166	245		162	162r	1.0																													245	245	
28438.0	JJ166	246		162v	162v	1.0																													246	246	
28439.0	JJ166	247		163	163r	1.0																													247	247	
28440.0	JJ166	248		163v	163v	1.0																													248	248	
28441.0	JJ166	249		164	164r	1.0														249	3467	164													249	249	
28442.0	JJ166	250		164v	164v	1.0																													250	250	
28443.0	JJ166	251		165	165r	1.0																													251	251	
28444.0	JJ166	252		166	166r	1.0		252	DCCCCLVII	folÂ 166																									252	252	
28445.0	JJ166	253		166	166r	1.0																													253	253	
28446.0	JJ166	254		167	167r	1.0																													254	254	
28447.0	JJ166	255		168v	168v	1.0																													255	255	
28448.0	JJ166	256		169	169r	1.0																													256	256	
28449.0	JJ166	257		169v	169v	1.0																													257	257	
28450.0	JJ166	258		170	170r	1.0																													258	258	
28451.0	JJ166	259		170v	170v	1.0																	259	2303	170v										259	259	
28452.0	JJ166	260		171	171r	1.0																													260	260	
28453.0	JJ166	261		171v	171v	1.0																													261	261	
28454.0	JJ166	262		172	172r	1.0																													262	262	
28455.0	JJ166	263		173	173r	0.0																													263	263	
28457.0	JJ166	265		173	173r	1.0	Numéro 264 omis dans la numérotation, qui passe de 263 à 265 sans aucune lacune matérielle ou textuelle																												265	265	
28458.0	JJ166	266		174	174r	1.0																													266	266	
28459.0	JJ166	267		174v	174v	1.0																													267	267	
28460.0	JJ166	268		175v	175v	1.0																													268	268	
28461.0	JJ166	269		176	176r	1.0																													269	269	
28462.0	JJ166	270		176v	176v	1.0																													270	270	
28463.0	JJ166	271		177	177r	1.0																													271	271	
28464.0	JJ166	272		177v	177v	0.0																													272	272	
28465.0	JJ166	272bis		178	178r																														272bis	272bis	
28466.0	JJ166	273		190	190r	1.0																													273	273	
28467.0	JJ166	274		190v	190v	1.0																													274	274	
28468.0	JJ166	275		191	191r	1.0																													275	275	
28469.0	JJ166	276		192	192r	1.0																													276	276	
28470.0	JJ166	277		192	192r	1.0																	277	2304	192										277	277	
28471.0	JJ166	278		193	193r	1.0																													278	278	
28472.0	JJ166	279		194	194r	1.0																													279	279	
28473.0	JJ166	280		194v	194v	1.0																													280	280	
28474.0	JJ166	281		195	195r	1.0																													281	281	
28475.0	JJ166	282		196v	196v	1.0																													282	282	
28476.0	JJ166	283		197	197r	1.0																													283	283	
28477.0	JJ166	284		197v	197v	1.0																													284	284	
28478.0	JJ166	285		198	198r	1.0																													285	285	
28479.0	JJ166	286		198v	198v	1.0																	286	2305	198v										286	286	
28480.0	JJ166	287		199	199r	1.0																													287	287	
28481.0	JJ166	288		199	199r	1.0																													288	288	
28482.0	JJ166	289		199v	199v	1.0																													289	289	
28483.0	JJ166	290		200	200r	1.0																													290	290	
28484.0	JJ166	291		200v	200v	1.0																													291	291	
28485.0	JJ166	292		201	201r	1.0																													292	292	
28486.0	JJ166	293		201v	201v	1.0																													293	293	
28487.0	JJ166	294		202	202r	1.0																													294	294	
28488.0	JJ166	295		202v	202v	1.0																	295	2306	202v										295	295	
28489.0	JJ166	296		203	203r	1.0																	296	2308	203										296	296	
28490.0	JJ166	297		204	204r	1.0																													297	297	
28491.0	JJ166	298		204v	204v	1.0																	298	2307	204v										298	298	
28492.0	JJ166	299		204v	204v	1.0																													299	299	
28493.0	JJ166	300		205	205r	1.0																													300	300	
28494.0	JJ166	301		205v	205v	1.0																													301	301	
28495.0	JJ166	302		206	206r	1.0														302	3468	206													302	302	
28496.0	JJ166	303		206v	206v	1.0																													303	303	
28497.0	JJ166	304		207	207r	1.0														304	3469	207													304	304	
28498.0	JJ166	305		207v	207v	1.0																	305	2309	207v										305	305	
28499.0	JJ166	306		208	208r	1.0																													306	306	
28500.0	JJ166	307		208v	208v	1.0																													307	307	
28501.0	JJ166	308		208v	208v	1.0																													308	308	
28502.0	JJ166	309		209	209r	1.0																													309	309	
28503.0	JJ166	310		209v	209v	1.0																													310	310	
28504.0	JJ166	311		210	210r	1.0																													311	311	
28505.0	JJ166	312		210v	210v	1.0																													312	312	
28506.0	JJ166	313		211	211r	0.0																													313	313	
28506.1	JJ166	313bis		211v	211v																																
28507.0	JJ166	314		211v	211v	1.0																													314	314	
28508.0	JJ166	315		212	212r	1.0														315	3470	212													315	315	
28509.0	JJ166	316		212v	212v	1.0														316	3471	212v													316	316	
28510.0	JJ166	317		213	213r	1.0																	317	2310	213										317	317	
28511.0	JJ166	318		213	213r	1.0																													318	318	
28512.0	JJ166	319		214v	214v	1.0																													319	319	
28513.0	JJ166	320		215	215r	1.0														320	3472	215													320	320	
28514.0	JJ166	321		216	216r	1.0																													321	321	
28515.0	JJ166	322		216	216r	1.0																													322	322	
28516.0	JJ166	323		217	217r	1.0																													323	323	
28517.0	JJ166	324		217v	217v	1.0																													324	324	
28518.0	JJ166	325		218	218r	1.0																													325	325	
28519.0	JJ166	326		218v	218v	1.0																	326	2311	218v										326	326	
28520.0	JJ166	327		219	219r	1.0																													327	327	
28521.0	JJ166	328		220	220r	1.0																	328	2312	220										328	328	
28522.0	JJ166	329		221	221r	1.0																													329	329	
28523.0	JJ166	330		221v	221v	1.0																													330	330	
28524.0	JJ166	331		222	222r	1.0																													331	331	
28525.0	JJ166	332		222	222r	1.0																													332	332	
28526.0	JJ166	333		222	222r	1.0																													333	333	
28527.0	JJ166	334		222v	222v	1.0																													334	334	
28528.0	JJ166	335		222v	222v	1.0																													335	335	
28529.0	JJ166	336		223	223r	1.0																													336	336	
28530.0	JJ166	337		224	224r	1.0																													337	337	
28531.0	JJ166	338		224v	224v	1.0																													338	338	
28532.0	JJ166	339		225v	225v	1.0																													339	339	
28533.0	JJ166	340		226	226r	1.0																													340	340	
28534.0	JJ166	341		226v	226v	1.0														341	3473	226v													341	341	
28535.0	JJ166	342		226v	226v	1.0																													342	342	
28536.0	JJ166	343		227v	227v	1.0																													343	343	
28537.0	JJ166	344		227v	227v	1.0														344	3474	227v													344	344	
28538.0	JJ166	345		228v	228v	1.0																													345	345	
28539.0	JJ166	346		228v	228v	1.0																													346	346	
28540.0	JJ166	347		229v	229v	1.0																													347	347	
28541.0	JJ166	348		230	230r	1.0																													348	348	
28542.0	JJ166	349		230v	230v	1.0																													349	349	
28543.0	JJ166	350		231v	231v	1.0																													350	350	
28544.0	JJ166	351		232v	232v	1.0														351	3475	232v													351	351	
28545.0	JJ166	352		233	233r	1.0																													352	352	
28546.0	JJ166	353		233v	233v	1.0																													353	353	
28547.0	JJ166	354		234	234r	1.0																													354	354	
28548.0	JJ166	355		234v	234v	1.0																													355	355	
28549.0	JJ166	356		235	235r	1.0																													356	356	
28550.0	JJ166	357		236	236r	1.0																													357	357	
28551.0	JJ166	358		237	237r	1.0														358	3476	237													358	358	
28552.0	JJ166	359		237v	237v	1.0		359	DCCCCLVIII	237v																									359	359	
28553.0	JJ166	360		239	239r	1.0																													360	360	
28554.0	JJ166	361		239v	239v	1.0																													361	361	
28555.0	JJ166	362		240	240r	1.0																													362	362	
28556.0	JJ166	363		240v	240v	1.0																													363	363	
28557.0	JJ166	364		242	242r	1.0																													364	364	
28558.0	JJ166	365		242v	242v	1.0														365	3477	242v													365	365	
28559.0	JJ166	366		243	243r	1.0																													366	366	
28560.0	JJ166	367		244	244r	0.0																													367	367	
28562.0	JJ166	369		244v	244v	1.0	Numéro 368 omis dans la numérotation, qui passe de 367 à 369 sans aucune lacune matérielle ou textuelle																												369	369	
28563.0	JJ166	370		245	245r	1.0																													370	370	
28564.0	JJ166	371		245v	245v	1.0																	371	2313	245v										371	371	
28565.0	JJ166	372		246	246r	1.0																													372	372	
28566.0	JJ166	373		247	247r	1.0																													373	373	
28567.0	JJ166	374		247v	247v	1.0																													374	374	
28568.0	JJ166	375		248	248r	0.0																													375	375	
28570.0	JJ166	377		249	249r	1.0	Numéro 376 omis dans la numérotation, qui passe de 375 à 377 sans aucune lacune matérielle ou textuelle																												377	377	
28571.0	JJ166	378		250	250r	1.0																													378	378	
28572.0	JJ166	379		250v	250v	1.0																													379	379	
28573.0	JJ166	380		251	251r	1.0																													380	380	
28574.0	JJ166	381		251v	251v	1.0																													381	381	
28575.0	JJ166	382		252v	252v	1.0																													382	382	
28576.0	JJ166	383		253	253r	1.0																	383	2314	253										383	383	
28577.0	JJ166	384		253v	253v	1.0																													384	384	
28578.0	JJ166	385		254	254r	1.0																													385	385	
28579.0	JJ166	386		254v	254v	1.0																													386	386	
28580.0	JJ166	387		255	255r	1.0														387	3478	255													387	387	
28581.0	JJ166	388		255v	255v	1.0																													388	388	
28582.0	JJ166	389		256	256r	1.0																													389	389	
28583.0	JJ166	390		256v	256v	1.0																													390	390	
28584.0	JJ166	391		257	257r	0.0																													391	391	
28584.1	JJ166	391bis		258	258r		Copie non achevée. Numérotation incertaine : la tranche du manuscrit empêche de voir si la copie s'est vue attribuer ou pas un numéro. Les quelques éléments lisibles dans la rubrique et le destinataire de l'acte (un certain Simon de Boulainvilliers) ne se retrouvent pas dans la table des matières du registre. Cette dernière observation amène à supposer une numérotation 391bis.																														
28607.0	JJ166	414		259	259r	1.0	Numéros 392 à 413 omis dans la numérotation, qui passe de 391bis à 414 sans aucune lacune matérielle ou textuelle																												414	414	
28608.0	JJ166	415		259v	259v	1.0																													415	415	
28609.0	JJ166	416		259v	259v	1.0																													416	416	
28610.0	JJ166	417		260	260r	1.0																													417	417	
28611.0	JJ166	418		260v	260v	1.0																													418	418	
28612.0	JJ166	419		261	261r	1.0																													419	419	
28613.0	JJ166	420		261v	261v	1.0																													420	420	
28614.0	JJ166	421		262	262r	1.0														421	3479	262													421	421	
28615.0	JJ166	422		262v	262v	1.0																													422	422	
28616.0	JJ166	423		263	263r	1.0														423	3480	263													423	423	
28617.0	JJ166	424		263v	263v	1.0														424	3481	263v				424.0	410.0	263v							424	424	
28618.0	JJ166	425		264v	264v	1.0																													425	425	
28619.0	JJ166	426		265	265r	1.0																													426	426	
28620.0	JJ166	427		265v	265v	1.0																													427	427	
28621.0	JJ166	428		266	266r	1.0																													428	428	
28622.0	JJ166	429		266v	266v	1.0																													429	429	
28623.0	JJ166	430		267	267r	1.0																													430	430	
28624.0	JJ166	431		268v	268v	1.0																													431	431	
28625.0	JJ166	432		269v	269v	1.0																													432	432	
28626.0	JJ166	433		270	270r	1.0																													433	433	
28627.0	JJ166	434		270v	270v	1.0														434	3482	270v													434	434	
28628.0	JJ166	435		271	271r	1.0																													435	435	
28629.0	JJ166	436		271v	271v	1.0																	436	2316	271v										436	436	
28630.0	JJ166	437		274	274r	1.0																													437	437	
28631.0	JJ166	438		274v	274v	1.0																													438	438	
28632.0	JJ166	439		275	275r	1.0																													439	439	
28633.0	JJ166	440		275v	275v	1.0																													440	440	
28634.0	JJ166	441		276	276r	1.0																													441	441	
28635.0	JJ166	442		276v	276v	1.0																													442	442	
28636.0	JJ166	443		277v	277v	1.0																													443	443	
28637.0	JJ166	444		278	278r	1.0																	444	2315	278										444	444	
28638.0	JJ166	445		278v	278v	1.0																													445	445	
28639.0	JJ166	446		279	279r	1.0																													446	446	
28640.0	JJ166	447		279	279r	1.0																													447	447	
28641.0	JJ166	448		280	280r	1.0																													448	448	
28642.0	JJ166	449		280v	280v	1.0																													449	449	
28643.0	JJ166	450		281v	281v	0.0														450	3483	281v													450	450	
28653.0	JJ167	1		1	1r	1.0																	1	2317	8												
28654.0	JJ167	2		2	2r	1.0																	2	2318	8v												
28655.0	JJ167	3		4	4r	1.0																															
28656.0	JJ167	4		5	5r	1.0																															
28657.0	JJ167	5		9	9r	1.0																															
28658.0	JJ167	6		10	10r	0.0																															
28658.1	JJ167	6bis		11	11r																																
28659.0	JJ167	7		12	12r	1.0																															
28660.0	JJ167	8		14	14r	1.0																															
28661.0	JJ167	9		16	16r	1.0																															
28662.0	JJ167	10		17	17r	1.0																															
28663.0	JJ167	11		19	19r	1.0																															
28664.0	JJ167	12		20	20r	1.0																	12	2319	20												
28665.0	JJ167	13		21	21r	1.0																	13	2320	20v												
28666.0	JJ167	14		21	21r	1.0																															
28667.0	JJ167	15		25	25r	1.0																															
28668.0	JJ167	16		26	26r	1.0																															
28669.0	JJ167	17		27	27r	1.0																															
28670.0	JJ167	18		28	28r	1.0																															
28671.0	JJ167	19		29	29r	1.0																															
28672.0	JJ167	20		30	30r	1.0														20	3484	29															
28673.0	JJ167	21		31	31r	1.0																	21	2321	30												
28674.0	JJ167	22		33	33r	0.0																	22	2322	32												
28674.1	JJ167	22bis		34bis	34bisr																																
28675.0	JJ167	23		35	35r	1.0																															
28676.0	JJ167	24		44	44r	1.0														24	3485	44															
28677.0	JJ167	25		45	45r	1.0																															
28678.0	JJ167	26		49	49r	1.0																															
28679.0	JJ167	27		50	50r	1.0																															
28680.0	JJ167	28		51	51r	1.0														28	3486	51															
28681.0	JJ167	29		52	52r	1.0																															
28682.0	JJ167	30		55	55r	1.0																															
28683.0	JJ167	31		56	56r	1.0																															
28684.0	JJ167	32		57	57r	1.0														32	3487	57															
28685.0	JJ167	33		58	58r	1.0											33	1109	477v																		
28686.0	JJ167	34		60	60r	1.0																															
28687.0	JJ167	35		60	60r	1.0																															
28688.0	JJ167	36		60	60r	1.0																															
28689.0	JJ167	37		60	60r	1.0																															
28690.0	JJ167	38		61	61r	1.0														38	3488	61															
28691.0	JJ167	39		62	62r	1.0																															
28692.0	JJ167	40		64	64r	1.0																															
28693.0	JJ167	41		65	65r	1.0																															
28694.0	JJ167	42		66	66r	1.0																	42	2323	54v												
28695.0	JJ167	43		67	67r	1.0																															
28696.0	JJ167	44		71	71r	1.0																															
28697.0	JJ167	45		72	72r	1.0																															
28698.0	JJ167	46		73	73r	1.0																															
28699.0	JJ167	47		75	75r	1.0																															
28700.0	JJ167	48		77	77r	1.0																															
28701.0	JJ167	49		79	79r	1.0														49	3489	79															
28702.0	JJ167	50		81	81r	1.0																															
28703.0	JJ167	51		82	82r	1.0																															
28704.0	JJ167	52		83	83r	1.0														52	3490	83															
28705.0	JJ167	53		85	85r	1.0																															
28706.0	JJ167	54		85	85r	1.0																															
28707.0	JJ167	55		86	86r	1.0																															
28708.0	JJ167	56		87	87r	1.0																															
28709.0	JJ167	57		89	89r	1.0																															
28710.0	JJ167	58		90	90r	1.0		58	DCCCCLX	pÂ 90																											
28711.0	JJ167	59		92	92r	1.0																															
28712.0	JJ167	60		93	93r	1.0														60	3491	93															
28713.0	JJ167	61		94	94r	1.0																															
28714.0	JJ167	62		95	95r	1.0																															
28715.0	JJ167	63		97	97r	1.0																															
28716.0	JJ167	64		98	98r	1.0																															
28717.0	JJ167	65		99	99r	1.0																															
28718.0	JJ167	66		100	100r	1.0																															
28719.0	JJ167	67		102	102r	1.0																															
28720.0	JJ167	68		103	103r	1.0																															
28721.0	JJ167	69		104	104r	1.0																															
28722.0	JJ167	70		105	105r	1.0																															
28723.0	JJ167	71		106	106r	1.0																															
28724.0	JJ167	72		107	107r	1.0																															
28725.0	JJ167	73		109	109r	1.0																															
28726.0	JJ167	74		109	109r	1.0																															
28727.0	JJ167	75		110	110r	1.0														75	3492	110-112															
28728.0	JJ167	76		112	112r	1.0																															
28729.0	JJ167	77		113	113r	1.0														77	3493	113															
28730.0	JJ167	78		114	114r	1.0		78	DCCCCLXI	pÂ 114																											
28731.0	JJ167	79		115	115r	1.0																															
28732.0	JJ167	80		117	117r	1.0																	80	2324	117												
28733.0	JJ167	81		118	118r	1.0																	81	2325	117v												
28734.0	JJ167	82		119	119r	1.0																															
28735.0	JJ167	83		120	120r	0.0																															
28737.0	JJ167	85		122	122r	1.0	Numéro 84 omis dans la numérotation, qui passe de 83 à 85 sans aucune lacune matérielle ou textuelle  (à moins qu'il manque un feuillet)																														
28738.0	JJ167	86		123	123r	1.0																															
28739.0	JJ167	87		126	126r	1.0																															
28740.0	JJ167	88		129	129r	1.0																	88	2326	126v												
28741.0	JJ167	89		131	131r	1.0																	89	2327	131												
28742.0	JJ167	90		131	131r	1.0																															
28743.0	JJ167	91		133	133r	1.0																															
28744.0	JJ167	92		134	134r	1.0																	92	2328	134v												
28745.0	JJ167	93		135	135r	1.0																															
28746.0	JJ167	94		140	140r	1.0																															
28747.0	JJ167	95		141	141r	1.0																															
28748.0	JJ167	96		142	142r	1.0																															
28749.0	JJ167	97		145	145r	1.0											97	1106	145																		
28750.0	JJ167	98		147	147r	1.0																															
28751.0	JJ167	99		148	148r	1.0																															
28752.0	JJ167	100		149	149r	1.0																															
28753.0	JJ167	101		150	150r	1.0																															
28754.0	JJ167	102		151	151r	1.0																															
28755.0	JJ167	103		152	152r	1.0																															
28756.0	JJ167	104		153	153r	1.0		104	DCCCCLXII	pÂ 153													104	2329	152v												
28757.0	JJ167	105		156	156r	1.0														105	3494	156															
28758.0	JJ167	106		157	157r	1.0														106	3495	157															
28759.0	JJ167	107		157	157r	1.0																															
28760.0	JJ167	108		159	159r	1.0																															
28761.0	JJ167	109		160	160r	1.0																															
28762.0	JJ167	110		161	161r	1.0																															
28763.0	JJ167	111		163	163r	1.0																															
28764.0	JJ167	112		164	164r	1.0																															
28765.0	JJ167	113		165	165r	1.0																															
28766.0	JJ167	114		166	166r	1.0																															
28767.0	JJ167	115		168	168r	1.0																															
28768.0	JJ167	116		170	170r	1.0																	116	2330	173v												
28769.0	JJ167	117		171	171r	1.0																															
28770.0	JJ167	118		173	173r	1.0																	118	2331	173												
28771.0	JJ167	119		174	174r	1.0														119	3496	174															
28772.0	JJ167	120		175	175r	1.0														120	3497	175															
28773.0	JJ167	121		176	176r	1.0														121	3498	176															
28774.0	JJ167	122		176	176r	1.0														122	3499	176															
28775.0	JJ167	123		176	176r	1.0																															
28776.0	JJ167	124		178	178r	1.0																															
28777.0	JJ167	125		179	179r	1.0																															
28778.0	JJ167	126		200	200r	1.0																															
28779.0	JJ167	127		201	201r	1.0																															
28780.0	JJ167	128		203	203r	1.0																															
28781.0	JJ167	129		203	203r	1.0																															
28782.0	JJ167	130		205	205r	1.0																															
28783.0	JJ167	131		206	206r	1.0																															
28784.0	JJ167	132		207	207r	1.0																															
28785.0	JJ167	133		208	208r	1.0																															
28786.0	JJ167	134		209	209r	0.0																															
28786.1	JJ167	134bis		210	210r																																
28787.0	JJ167	135		211	211r	1.0																															
28788.0	JJ167	136		212	212r	1.0																															
28789.0	JJ167	137		213	213r	1.0																															
28790.0	JJ167	138		215	215r	1.0																															
28791.0	JJ167	139		217	217r	1.0																															
28792.0	JJ167	140		219	219r	1.0																															
28793.0	JJ167	141		220	220r	1.0																															
28794.0	JJ167	142		221	221r	1.0																															
28795.0	JJ167	143		223	223r	1.0																															
28796.0	JJ167	144		224	224r	1.0																															
28797.0	JJ167	145		224	224r	1.0																															
28798.0	JJ167	146		226	226r	1.0																															
28799.0	JJ167	147		227	227r	1.0																															
28800.0	JJ167	148		228	228r	1.0																	148	2332	227v												
28801.0	JJ167	149		230	230r	1.0																															
28802.0	JJ167	150		231	231r	1.0																															
28803.0	JJ167	151		233	233r	1.0																															
28804.0	JJ167	152		233	233r	1.0																															
28805.0	JJ167	153		235	235r	1.0																	153	2333	237												
28806.0	JJ167	154		236	236r	1.0																															
28807.0	JJ167	155		237	237r	1.0																	155	2334	235												
28808.0	JJ167	156		238	238r	1.0																															
28809.0	JJ167	157		239	239r	1.0																															
28810.0	JJ167	158		241	241r	1.0																															
28811.0	JJ167	159		242	242r	1.0																															
28812.0	JJ167	160		243	243r	1.0																															
28813.0	JJ167	161		244	244r	1.0																															
28814.0	JJ167	162		247	247r	1.0																															
28815.0	JJ167	163		249	249r	1.0																															
28816.0	JJ167	164		250	250r	1.0																															
28817.0	JJ167	165		251	251r	1.0														165	3500	251															
28818.0	JJ167	166		253	253r	1.0																															
28819.0	JJ167	167		254	254r	1.0																															
28820.0	JJ167	168		255	255r	1.0																															
28821.0	JJ167	169		257	257r	1.0																	169	2335	257												
28822.0	JJ167	170		258	258r	1.0																															
28823.0	JJ167	171		259	259r	1.0																															
28824.0	JJ167	172		261	261r	1.0																															
28825.0	JJ167	173		263	263r	1.0																															
28826.0	JJ167	174		264	264r	1.0																															
28827.0	JJ167	175		265	265r	1.0														175	3501	265															
28828.0	JJ167	176		267	267r	1.0																															
28829.0	JJ167	177		269	269r	1.0																															
28830.0	JJ167	178		270	270r	1.0																															
28831.0	JJ167	179		271	271r	1.0																															
28832.0	JJ167	180		272	272r	1.0																															
28833.0	JJ167	181		274	274r	1.0																															
28834.0	JJ167	182		276	276r	0.0																	182	2336	276v												
28834.1	JJ167	182bis		278	278r																																
28835.0	JJ167	183		279	279r	1.0																															
28836.0	JJ167	184		280	280r	1.0														184	3502	230															
28837.0	JJ167	185		281	281r	1.0														185	3503	231															
28838.0	JJ167	186		281	281r	1.0														186	3504	231															
28839.0	JJ167	187		283	283r	1.0																															
28840.0	JJ167	188		284	284r	1.0																															
28841.0	JJ167	189		286	286r	1.0																															
28842.0	JJ167	190		287	287r	1.0																															
28843.0	JJ167	191		288	288r	1.0																															
28844.0	JJ167	192		289	289r	1.0																															
28845.0	JJ167	193		291	291r	1.0																															
28846.0	JJ167	194		293	293r	1.0																															
28847.0	JJ167	195		294	294r	1.0																	195	2337	293v												
28848.0	JJ167	196		295	295r	1.0																															
28849.0	JJ167	197		296	296r	1.0																															
28850.0	JJ167	198		298	298r	1.0																															
28851.0	JJ167	199		299	299r	1.0																															
28852.0	JJ167	200		301	301r	1.0																															
28853.0	JJ167	201		302	302r	1.0																															
28854.0	JJ167	202		304	304r	1.0																															
28855.0	JJ167	203		304	304r	1.0																															
28856.0	JJ167	204		306	306r	1.0																															
28857.0	JJ167	205		307	307r	1.0											205	1107	307																		
28858.0	JJ167	206		308	308r	1.0																															
28859.0	JJ167	207		312	312r	1.0																															
28860.0	JJ167	208		315	315r	1.0																															
28861.0	JJ167	209		321	321r	1.0																															
28862.0	JJ167	210		326	326r	1.0																															
28863.0	JJ167	211		327	327r	1.0																															
28864.0	JJ167	212		328	328r	1.0																															
28865.0	JJ167	213		329	329r	1.0																															
28866.0	JJ167	214		331	331r	1.0																															
28867.0	JJ167	215		332	332r	1.0														215	3505	332															
28868.0	JJ167	216		333	333r	1.0														216	3506	333															
28869.0	JJ167	217		334	334r	1.0																															
28870.0	JJ167	218		335	335r	1.0																															
28871.0	JJ167	219		336	336r	1.0																															
28872.0	JJ167	220		337	337r	1.0																															
28873.0	JJ167	221		338	338r	1.0																															
28874.0	JJ167	222		340	340r	1.0														222	3507	240															
28875.0	JJ167	223		341	341r	1.0														223	3508	341															
28876.0	JJ167	224		341	341r	1.0														224	3509	341															
28877.0	JJ167	225		342	342r	1.0																	225	2338	391v												
28878.0	JJ167	226		343	343r	1.0																															
28879.0	JJ167	227		344	344r	1.0																															
28880.0	JJ167	228		345	345r	1.0																															
28881.0	JJ167	229		347	347r	1.0																															
28882.0	JJ167	230		348	348r	1.0																	230	2339	347												
28883.0	JJ167	231		349	349r	1.0																															
28884.0	JJ167	232		352	352r	1.0																															
28885.0	JJ167	233		353	353r	1.0																															
28886.0	JJ167	234		354	354r	1.0																															
28887.0	JJ167	235		356	356r	1.0																	235	2340	355v												
28888.0	JJ167	236		358	358r	1.0																															
28889.0	JJ167	237		359	359r	1.0																															
28890.0	JJ167	238		360	360r	1.0																	238	2341	360v												
28891.0	JJ167	239		361	361r	1.0																															
28892.0	JJ167	240		362	362r	1.0																															
28893.0	JJ167	241		363	363r	1.0																															
28894.0	JJ167	242		364	364r	1.0																															
28895.0	JJ167	243		365	365r	1.0																															
28896.0	JJ167	244		368	368r	1.0																															
28897.0	JJ167	245		369	369r	1.0																															
28898.0	JJ167	246		370	370r	1.0																															
28899.0	JJ167	247		371	371r	1.0																															
28900.0	JJ167	248		372	372r	1.0																															
28901.0	JJ167	249		374	374r	1.0																															
28902.0	JJ167	250		375	375r	1.0																															
28903.0	JJ167	251		376	376r	1.0																															
28904.0	JJ167	252		379	379r	1.0																															
28905.0	JJ167	253		380	380r	1.0																															
28906.0	JJ167	254		382	382r	1.0																	254	2342	380v												
28907.0	JJ167	255		386	386r	1.0																															
28908.0	JJ167	256		387	387r	1.0																															
28909.0	JJ167	257		388	388r	1.0																															
28910.0	JJ167	258		389	389r	1.0																															
28911.0	JJ167	259		391	391r	1.0																															
28912.0	JJ167	260		392	392r	1.0																															
28913.0	JJ167	261				1.0																															
28914.0	JJ167	262				1.0																															
28915.0	JJ167	263				1.0																															
28916.0	JJ167	264				1.0																															
28917.0	JJ167	265				1.0																															
28918.0	JJ167	266				1.0																															
28919.0	JJ167	267				1.0																															
28920.0	JJ167	268				1.0																															
28921.0	JJ167	269				1.0																															
28922.0	JJ167	270				1.0																															
28923.0	JJ167	271				1.0																															
28924.0	JJ167	272				1.0																															
28925.0	JJ167	273				1.0																															
28926.0	JJ167	274				1.0																															
28927.0	JJ167	275				1.0																															
28928.0	JJ167	276				1.0																															
28929.0	JJ167	277				1.0																															
28930.0	JJ167	278		411	411r	1.0														278	3510	411															
28931.0	JJ167	279		412	412r	1.0														279	3511	412															
28932.0	JJ167	280		412	412r	1.0														280	3512	412															
28933.0	JJ167	281		412	412r	1.0														281	3513	412															
28934.0	JJ167	282				1.0																															
28935.0	JJ167	283				1.0																															
28936.0	JJ167	284				1.0																															
28937.0	JJ167	285				1.0																															
28938.0	JJ167	286				1.0																															
28939.0	JJ167	287				1.0																															
28940.0	JJ167	288				1.0																															
28941.0	JJ167	289				1.0																															
28942.0	JJ167	290				1.0																															
28943.0	JJ167	291				0.0	Numéro 292 omis dans la numérotation, qui passe de 291 à 293 sans aucune lacune matérielle ou textuelle  (à moins qu'il manque un feuillet)																														
28945.0	JJ167	293				1.0																															
28946.0	JJ167	294				1.0																															
28947.0	JJ167	295				1.0																															
28948.0	JJ167	296				1.0																															
28949.0	JJ167	297		435	435r	1.0																	297	2343	435												
28950.0	JJ167	298				1.0																															
28951.0	JJ167	299				1.0																															
28952.0	JJ167	300				1.0																															
28953.0	JJ167	301		437v	437v	0.0	Numéros 302 et 303 omis dans la numérotation, qui passe de 301 à 304 sans aucune lacune matérielle ou textuelle  (à moins qu'il manque un feuillet)																301	2344	437v												
28956.0	JJ167	304		438v	438v	1.0		304	DCCCCLXV	pÂ 438																											
28957.0	JJ167	305		439	439r	1.0																	305	2345	439												
28958.0	JJ167	306				1.0																															
28959.0	JJ167	307		442v	442v	1.0																	307	2346	442v												
28960.0	JJ167	308		444v	444v	1.0																	308	2347	444v												
28961.0	JJ167	309		445v	445v	1.0																	309	2348	445v												
28962.0	JJ167	310		448v	448v	1.0											310	1108	448v																		
28963.0	JJ167	311				1.0																															
28964.0	JJ167	312				1.0																															
28965.0	JJ167	313				1.0																															
28966.0	JJ167	314				1.0																															
28967.0	JJ167	315		455	455r	1.0																	315	2349	455												
28968.0	JJ167	316				1.0																															
28969.0	JJ167	317		458	458r	1.0		317	DCCCCLXIV	pÂ 458																											
28970.0	JJ167	318				1.0																															
28971.0	JJ167	319		460	460r	1.0		319	DCCCCLXVI	pÂ 460																											
28972.0	JJ167	320				1.0																															
28973.0	JJ167	321				1.0																															
28974.0	JJ167	322				1.0																															
28975.0	JJ167	323		466	466r	1.0		323	DCCCCLXVIII	pÂ 466																											
28976.0	JJ167	324		467	467r	1.0																	324	2350	467												
28977.0	JJ167	325				1.0																															
28978.0	JJ167	326				1.0																															
28979.0	JJ167	327				1.0																															
28980.0	JJ167	328				1.0																															
28981.0	JJ167	329				1.0																															
28982.0	JJ167	330				1.0																															
28983.0	JJ167	331		475	475r	1.0		331	DCCCCLXIX	pÂ 475																											
28984.0	JJ167	332		486	486r	1.0																	332	2351	486												
28985.0	JJ167	333				1.0																															
28986.0	JJ167	334				1.0																															
28987.0	JJ167	335		481	481r	1.0		335	DCCCCLXX	pÂ 481																											
28988.0	JJ167	336				1.0																															
28989.0	JJ167	337				1.0																															
28990.0	JJ167	338				1.0																															
28991.0	JJ167	339				1.0																															
28992.0	JJ167	340				1.0																															
28993.0	JJ167	341				1.0																															
28994.0	JJ167	342				1.0																															
28995.0	JJ167	343				1.0																															
28996.0	JJ167	344				1.0																															
28997.0	JJ167	345		498v	498v	1.0																	345	2352	498v												
28998.0	JJ167	346		500	500r	1.0		346	DCCCCLXVII	pÂ 500																											
28999.0	JJ167	347				1.0																															
29000.0	JJ167	348				1.0																															
29001.0	JJ167	349				1.0																															
29002.0	JJ167	350				1.0																															
29003.0	JJ167	351		505	505r	0.0	Numéro 352 omis dans la numérotation, qui passe de 351 à 353 sans aucune lacune matérielle ou textuelle																351	2353	505												
29005.0	JJ167	353				1.0																															
29006.0	JJ167	354				1.0																															
29007.0	JJ167	355		508	508r	1.0														355	3514	508															
29008.0	JJ167	356				1.0																															
29009.0	JJ167	357				1.0																															
29010.0	JJ167	358				1.0																															
29011.0	JJ167	359				1.0																															
29012.0	JJ167	360		513	513r	1.0																	360	2354	511												
29013.0	JJ167	361				1.0																															
29014.0	JJ167	362		515	515r	1.0																	362	2355	512												
29015.0	JJ167	363		516	516r	1.0																	363	2356	512v												
29016.0	JJ167	364		516	516r	1.0																	364	2357	512v												
29017.0	JJ167	365				1.0																															
29018.0	JJ167	366		518	518r	1.0																	366	2358	513v												
29019.0	JJ167	367				0.0																															
29019.1	JJ167	367bis					deux chartes numérotées 367																														
29020.0	JJ167	368				1.0																															
29021.0	JJ167	369		523	523r	1.0																	369	2359	523												
29022.0	JJ167	370				1.0																															
29023.0	JJ167	371				1.0																															
29024.0	JJ167	372		527	527r	0.0														372	3515	529															
29024.1	JJ167	372bis		529	529r		notée bis dans la numérotation initiale																														
29025.0	JJ167	373				1.0																															
29026.0	JJ167	374				1.0																															
29027.0	JJ167	375		533v	533v	1.0											375	1110	533v																		
29028.0	JJ167	376				1.0																															
29029.0	JJ167	377				1.0																															
29030.0	JJ167	378		538v	538v	1.0																	378	2360	538v												
29031.0	JJ167	379				1.0																															
29032.0	JJ167	380				1.0																															
29033.0	JJ167	381				1.0																															
29034.0	JJ167	382		547	547r	1.0														382	3516	517															
29035.0	JJ167	383				1.0																															
29036.0	JJ167	384		550	550r	1.0														384	3517	550															
29037.0	JJ167	385				1.0																															
29038.0	JJ167	386				1.0																															
29039.0	JJ167	387				1.0																															
29040.0	JJ167	388				1.0																															
29041.0	JJ167	389				1.0																															
29042.0	JJ167	390				1.0																															
29043.0	JJ167	391				1.0																															
29044.0	JJ167	392				0.0	Numéro 393 omis dans la numérotation, qui passe de 392 à 394 sans aucune lacune matérielle ou textuelle																														
29046.0	JJ167	394				1.0																															
29047.0	JJ167	395				1.0																															
29048.0	JJ167	396				1.0																															
29049.0	JJ167	397				1.0																															
29050.0	JJ167	398				1.0																															
29051.0	JJ167	399				1.0																															
29052.0	JJ167	400				1.0																															
29053.0	JJ167	401				1.0																															
29054.0	JJ167	402				1.0																															
29055.0	JJ167	403		565	565r	1.0																	403	2361	564												
29056.0	JJ167	404		565	565r	1.0																															
29057.0	JJ167	405		566	566r	1.0																	405	2362	564v												
29058.0	JJ167	406				1.0																															
29059.0	JJ167	407				1.0																															
29060.0	JJ167	408				1.0																															
29061.0	JJ167	409				1.0																															
29062.0	JJ167	410				1.0																															
29063.0	JJ167	411				1.0																															
29064.0	JJ167	412				0.0	Numéros 413 et 414 omis dans la numérotation, qui passe de 412 à 415 (sans aucune lacune matérielle ou textuelle?)																														
29067.0	JJ167	415				1.0																															
29068.0	JJ167	416				1.0																															
29069.0	JJ167	417				0.0																															
29069.1	JJ167	417bis		581	581r		bis déjà présent dans la numérotation initiale 																														
29070.0	JJ167	418		582	582r	1.0																	418	2363	583v												
29071.0	JJ167	419				1.0																															
29072.0	JJ167	420				1.0																															
29073.0	JJ167	421		585	585r	1.0																	421	2364	585												
29074.0	JJ167	422		587	587r	1.0														422	3518	587															
29075.0	JJ167	423				1.0																															
29076.0	JJ167	424				1.0																															
29077.0	JJ167	425				1.0																															
29078.0	JJ167	426				1.0																															
29079.0	JJ167	427				1.0																															
29080.0	JJ167	428				1.0																															
29081.0	JJ167	429				1.0																															
29082.0	JJ167	430				1.0																															
29083.0	JJ167	431				1.0																															
29084.0	JJ167	432				1.0																															
29085.0	JJ167	433				1.0																															
29086.0	JJ167	434				1.0																															
29087.0	JJ167	435				1.0																															
29088.0	JJ167	436				1.0																															
29089.0	JJ167	437				1.0																															
29090.0	JJ167	438				1.0																															
29091.0	JJ167	439				1.0																															
29092.0	JJ167	440				1.0																															
29093.0	JJ167	441				1.0																															
29094.0	JJ167	442				1.0																															
29095.0	JJ167	443				1.0																															
29096.0	JJ167	444				1.0																															
29097.0	JJ167	445				1.0																															
29098.0	JJ167	446				1.0																															
29099.0	JJ167	447				1.0																															
29100.0	JJ167	448				1.0																															
29101.0	JJ167	449				1.0																															
29102.0	JJ167	450				1.0																															
29103.0	JJ167	451				1.0																															
29104.0	JJ167	452				1.0																															
29105.0	JJ167	453				1.0																															
29106.0	JJ167	454				1.0																															
29107.0	JJ167	455				1.0																															
29108.0	JJ167	456				1.0																															
29109.0	JJ167	457				1.0																															
29110.0	JJ167	458				1.0																															
29111.0	JJ167	459		624	624r	1.0																	459	2365	624v												
29112.0	JJ167	460		625	625r	1.0																	460	2366	625												
29113.0	JJ167	461		626	626r	1.0														461	3519	626															
29114.0	JJ167	462				1.0																															
29115.0	JJ167	463				1.0																															
29116.0	JJ167	464				1.0																															
29117.0	JJ167	465				1.0																															
29118.0	JJ167	466				1.0																															
29119.0	JJ167	467				1.0																															
29120.0	JJ167	468				1.0																															
29121.0	JJ167	469				1.0																															
29122.0	JJ167	470				1.0																															
29123.0	JJ167	471				1.0																															
29124.0	JJ167	472				1.0																															
29125.0	JJ167	473		639	639r	1.0		473	DCCCCLXXI	pÂ 639																											
29126.0	JJ167	474		640	640r	1.0																	474	2367	639v												
29127.0	JJ167	475				1.0																															
29128.0	JJ167	476				1.0																															
29129.0	JJ167	477				1.0																															
29130.0	JJ167	478		645	645r	1.0		478	DCCCCLXXII	pÂ 645																											
29131.0	JJ167	479		677	677r	1.0																	479	2368	677												
29132.0	JJ167	480				1.0																															
29133.0	JJ167	481				1.0																															
29134.0	JJ167	482		650	650r	1.0		482	DCCCCLXXIII	pÂ 650																											
29135.0	JJ167	483		652	652r	1.0																	483	2369	652												
29136.0	JJ167	484		653	653r	1.0																															
29137.0	JJ167	485				1.0																															
29138.0	JJ167	486				1.0																															
29139.0	JJ167	487				1.0																															
29140.0	JJ167	488				1.0																															
29141.0	JJ167	489				1.0																															
29142.0	JJ167	490				1.0																															
29143.0	JJ167	491				1.0																															
29144.0	JJ167	492				1.0																															
29145.0	JJ167	493				0.0																															
29146.0	JJ168	1				1.0																													1	1	
29147.0	JJ168	2				1.0																													2	2	
29148.0	JJ168	3				1.0																													3	3	
29149.0	JJ168	4				1.0																													4	4	
29150.0	JJ168	5		4v	4v	1.0																	5	2370	4v										5	5	
29151.0	JJ168	6				1.0																													6	6	
29152.0	JJ168	7				1.0																													7	7	
29153.0	JJ168	8				1.0																													8	8	
29154.0	JJ168	9				1.0																													9	9	
29155.0	JJ168	10				1.0																													10	10	
29156.0	JJ168	11				1.0																													11	11	
29157.0	JJ168	12				1.0																													12	12	
29158.0	JJ168	13				1.0																													13	13	
29159.0	JJ168	14				0.0																													14	14	
29160.0	JJ168	14bis																																	14bis	14bis	
29161.0	JJ168	15				1.0																													15	15	
29162.0	JJ168	16				1.0																													16	16	
29163.0	JJ168	17		13	13r	1.0																	17	2371	13										17	17	
29164.0	JJ168	18				1.0																													18	18	
29165.0	JJ168	19		14v	14v	1.0																	19	2372	14v										19	19	
29166.0	JJ168	20				1.0																													20	20	
29167.0	JJ168	21				1.0																													21	21	
29168.0	JJ168	22		17	17r	1.0														22	3520	17													22	22	
29169.0	JJ168	23				1.0																													23	23	
29170.0	JJ168	24		18	18r	1.0																	24	2373	18										24	24	
29171.0	JJ168	25				1.0																													25	25	
29172.0	JJ168	26				0.0	Numéro 27 omis dans la numérotation, qui passe de 26 à 28 sans aucune lacune matérielle ou textuelle																												26	26	
29174.0	JJ168	28				1.0																													28	28	
29175.0	JJ168	29				1.0																													29	29	
29176.0	JJ168	30				1.0																													30	30	
29177.0	JJ168	31				1.0																													31	31	
29178.0	JJ168	32				1.0																													32	32	
29179.0	JJ168	33				1.0																													33	33	
29180.0	JJ168	34				1.0																													34	34	
29181.0	JJ168	35				1.0																													35	35	
29182.0	JJ168	36		29	29r	1.0														36	3521	29													36	36	
29183.0	JJ168	37				1.0																													37	37	
29184.0	JJ168	38				1.0																													38	38	
29185.0	JJ168	39				1.0																													39	39	
29186.0	JJ168	40				1.0																													40	40	
29187.0	JJ168	41				1.0																													41	41	
29188.0	JJ168	42				1.0																													42	42	
29189.0	JJ168	43				1.0																													43	43	
29190.0	JJ168	44				1.0																													44	44	
29191.0	JJ168	45				1.0																													45	45	
29192.0	JJ168	46				1.0																													46	46	
29193.0	JJ168	47		37	37r	1.0																	47	2374	37										47	47	
29194.0	JJ168	48		38	38r	1.0																	48	2375	38										48	48	
29195.0	JJ168	49				1.0																													49	49	
29196.0	JJ168	50				1.0																													50	50	
29197.0	JJ168	51				1.0																													51	51	
29198.0	JJ168	52				1.0																													52	52	
29199.0	JJ168	53				1.0																													53	53	
29200.0	JJ168	54				1.0																													54	54	
29201.0	JJ168	55				1.0																													55	55	
29202.0	JJ168	56				1.0																													56	56	
29203.0	JJ168	57				1.0																													57	57	
29204.0	JJ168	58				1.0																													58	58	
29205.0	JJ168	59				1.0																													59	59	
29206.0	JJ168	60				1.0																													60	60	
29207.0	JJ168	61				1.0																													61	61	
29208.0	JJ168	62				1.0																													62	62	
29209.0	JJ168	63				1.0																													63	63	
29210.0	JJ168	64				1.0																													64	64	
29211.0	JJ168	65		48v	48v	1.0																	65	2376	48v										65	65	
29212.0	JJ168	66				1.0																													66	66	
29213.0	JJ168	67		56	56r	1.0																	67	2377	56										67	67	
29214.0	JJ168	68				0.0																													68	68	
29215.0	JJ168	68bis																																	68bis	68bis	
29216.0	JJ168	69				1.0																													69	69	
29217.0	JJ168	70				1.0																															
29218.0	JJ168	71				1.0																															
29219.0	JJ168	72				1.0																															
29220.0	JJ168	73				1.0																													73	73	
29221.0	JJ168	74				1.0																													74	74	
29222.0	JJ168	75				1.0																													75	75	
29223.0	JJ168	76				1.0																													76	76	
29224.0	JJ168	77				1.0																													77	77	
29225.0	JJ168	78				1.0																													78	78	
29226.0	JJ168	79				1.0																													79	79	
29227.0	JJ168	80				1.0																													80	80	
29228.0	JJ168	81				0.0																													81	81	
29229.0	JJ168	81bis																																	81bis	81bis	
29230.0	JJ168	82				1.0																													82	82	
29231.0	JJ168	83				1.0																													83	83	
29232.0	JJ168	84				1.0																													84	84	
29233.0	JJ168	85				1.0																													85	85	
29234.0	JJ168	86				1.0																													86	86	
29235.0	JJ168	87				1.0																													87	87	
29236.0	JJ168	88		68	68r	1.0																	88	2378	68										88	88	
29237.0	JJ168	89				1.0																													89	89	
29238.0	JJ168	90				1.0																													90	90	
29239.0	JJ168	91				1.0																													91	91	
29240.0	JJ168	92		70v	70v	1.0														92	3522	70v													92	92	
29241.0	JJ168	93		71	71r	1.0														93	3523	71													93	93	
29242.0	JJ168	94		71v	71v	1.0														94	3524	71v													94	94	
29243.0	JJ168	95		71v	71v	1.0														95	3525	71v													95	95	
29244.0	JJ168	96				1.0																													96	96	
29245.0	JJ168	97		72	72r	1.0																	97	2379	72										97	97	
29246.0	JJ168	98				1.0																													98	98	
29247.0	JJ168	99				1.0																													99	99	
29248.0	JJ168	100				1.0																													100	100	
29249.0	JJ168	101		74	74r	1.0		101	DCCCCLIX	folÂ 74																									101	101	
29250.0	JJ168	102		75	75r	1.0														102	3526	75													102	102	
29251.0	JJ168	103				1.0																													103	103	
29252.0	JJ168	104		76v	76v	1.0		104	DCCCCLXIII	folÂ 76Â vÂ°																									104	104	
29253.0	JJ168	105		77	77r	1.0														105	3527	77													105	105	
29254.0	JJ168	106		Vacat		1.0	image NIA																												106	106	
29255.0	JJ168	107		Vacat		1.0	image NIA																												107	107	
29256.0	JJ168	108				1.0																													108	108	
29257.0	JJ168	109				1.0																													109	109	
29258.0	JJ168	110				1.0																													110	110	
29259.0	JJ168	111		80v	80v	1.0														111	3528	80v													111	111	
29260.0	JJ168	112				1.0																													112	112	
29261.0	JJ168	113				1.0																													113	113	
29262.0	JJ168	114				1.0																													114	114	
29263.0	JJ168	115				1.0																													115	115	
29264.0	JJ168	116		83v	83v	1.0																	116	2380	83v										116	116	
29265.0	JJ168	117		84	84r	1.0																													117	117	
29266.0	JJ168	118		85	85r	1.0																													118	118	
29267.0	JJ168	119		85	85r	1.0																	119	2381	85										119	119	
29268.0	JJ168	120				1.0																													120	120	
29269.0	JJ168	121				1.0																													121	121	
29270.0	JJ168	122				1.0																													122	122	
29271.0	JJ168	123				1.0																													123	123	
29272.0	JJ168	124				1.0																													124	124	
29273.0	JJ168	125				1.0																													125	125	
29274.0	JJ168	126				1.0																													126	126	
29275.0	JJ168	127		89v	89v	1.0											127	1111	89v																127	127	
29276.0	JJ168	128				1.0																													128	128	
29277.0	JJ168	129				1.0																													129	129	
29278.0	JJ168	130				1.0																													130	130	
29279.0	JJ168	131		91v	91v	0.0																	131	2382	91v										131	131	
29279.1	JJ168	131bis		92v	92v		cancellé, non numéroté initialement																														
29280.0	JJ168	132				1.0																													132	132	
29281.0	JJ168	133				1.0																													133	133	
29282.0	JJ168	134				1.0																													134	134	
29283.0	JJ168	135				1.0																													135	135	
29284.0	JJ168	136				1.0																													136	136	
29285.0	JJ168	137				1.0																													137	137	
29286.0	JJ168	138				1.0																													138	138	
29287.0	JJ168	139				1.0																													139	139	
29288.0	JJ168	140		99v	99v	1.0																													140	140	
29289.0	JJ168	141		100	100r	1.0																													141	141	
29290.0	JJ168	142		100v	100v	1.0																	142	2383	100v										142	142	
29291.0	JJ168	143				1.0																													143	143	
29292.0	JJ168	144				1.0																													144	144	
29293.0	JJ168	145				1.0																													145	145	
29294.0	JJ168	146				1.0																													146	146	
29295.0	JJ168	147				1.0																													147	147	
29296.0	JJ168	148				1.0																													148	148	
29297.0	JJ168	149				1.0																													149	149	
29298.0	JJ168	150				1.0																													150	150	
29299.0	JJ168	151				1.0																													151	151	
29300.0	JJ168	152				1.0																													152	152	
29301.0	JJ168	153				1.0																													153	153	
29302.0	JJ168	154				1.0																													154	154	
29303.0	JJ168	155				1.0																													155	155	
29304.0	JJ168	156				1.0																													156	156	
29305.0	JJ168	157				1.0																													157	157	
29306.0	JJ168	158				1.0																													158	158	
29307.0	JJ168	159				1.0																													159	159	
29308.0	JJ168	160				1.0																													160	160	
29309.0	JJ168	161				1.0																													161	161	
29310.0	JJ168	162				1.0																													162	162	
29311.0	JJ168	163				1.0																													163	163	
29312.0	JJ168	164				1.0																													164	164	
29313.0	JJ168	165		114	114r	1.0																				165.0	411.0	114							165	165	
29314.0	JJ168	166				1.0																													166	166	
29315.0	JJ168	167		115v	115v	1.0														167	3529	115v													167	167	
29316.0	JJ168	168				1.0																													168	168	
29317.0	JJ168	169				1.0																													169	169	
29318.0	JJ168	170				1.0																													170	170	
29319.0	JJ168	171				1.0																													171	171	
29320.0	JJ168	172		119	119r	1.0																	172	2384	119										172	172	
29321.0	JJ168	173		119v	119v	1.0																	173	2385	119v										173	173	
29322.0	JJ168	174				1.0																													174	174	
29323.0	JJ168	175				1.0																													175	175	
29324.0	JJ168	176				1.0																													176	176	
29325.0	JJ168	177				1.0																													177	177	
29326.0	JJ168	178		123	123r	1.0																	178	2386	123										178	178	
29327.0	JJ168	179				1.0																													179	179	
29328.0	JJ168	180				1.0																													180	180	
29329.0	JJ168	181		126v	126v	1.0																	181	2387	126v										181	181	
29330.0	JJ168	182				1.0																													182	182	
29331.0	JJ168	183		128v	128v	1.0														183	3530	128													183	183	
29332.0	JJ168	184				1.0																													184	184	
29333.0	JJ168	185				1.0																													185	185	
29334.0	JJ168	186				1.0																													186	186	
29335.0	JJ168	187				1.0																													187	187	
29336.0	JJ168	188				1.0																													188	188	
29337.0	JJ168	189				1.0																													189	189	
29338.0	JJ168	190				1.0																													190	190	
29339.0	JJ168	191				1.0																													191	191	
29340.0	JJ168	192				1.0																													192	192	
29341.0	JJ168	193		133	133r	1.0														193	3531	133													193	193	
29342.0	JJ168	194		134	134r	1.0														194	3532	134Ã 136v													194	194	
29343.0	JJ168	195				1.0																													195	195	
29344.0	JJ168	196				1.0																													196	196	
29345.0	JJ168	197				1.0																													197	197	
29346.0	JJ168	198				1.0																													198	198	
29347.0	JJ168	199				1.0																													199	199	
29348.0	JJ168	200				1.0																													200	200	
29349.0	JJ168	201				1.0																													201	201	
29350.0	JJ168	202				1.0																													202	202	
29351.0	JJ168	203				1.0																													203	203	
29352.0	JJ168	204		142v	142v	1.0														204	3533	142v													204	204	
29353.0	JJ168	205		143v	143v	1.0														205	3534	143v													205	205	
29354.0	JJ168	206		144	144r	1.0														206	3535	144													206	206	
29355.0	JJ168	207		144v	144v	1.0														207	3536	144v													207	207	
29356.0	JJ168	208		145	145r	1.0														208	3537	145													208	208	
29357.0	JJ168	209		145	145r	1.0														209	3538	145													209	209	
29358.0	JJ168	210		145	145r	1.0														210	3539	145													210	210	
29359.0	JJ168	211		145	145r	1.0														211	3540	145													211	211	
29360.0	JJ168	212		145	145r	1.0														212	3541	145													212	212	
29361.0	JJ168	213		145v	145v	1.0														213	3542	145v													213	213	
29362.0	JJ168	214		145v	145v	1.0														214	3543	145v													214	214	
29363.0	JJ168	215		145v	145v	1.0														215	3544	145v													215	215	
29364.0	JJ168	216		146	146r	1.0														216	3545	146													216	216	
29365.0	JJ168	217		146	146r	1.0														217	3546	146													217	217	
29366.0	JJ168	218		146	146r	1.0														218	3547	146													218	218	
29367.0	JJ168	219		146v	146v	1.0														219	3548	146v													219	219	
29368.0	JJ168	220		146v	146v	1.0														220	3549	146v													220	220	
29369.0	JJ168	221		146v	146v	1.0														221	3550	146v													221	221	
29370.0	JJ168	222		147	147r	1.0														222	3551	147													222	222	
29371.0	JJ168	223		147	147r	1.0														223	3552	147													223	223	
29372.0	JJ168	224		147	147r	1.0														224	3553	147													224	224	
29373.0	JJ168	225		147	147r	1.0														225	3554	147													225	225	
29374.0	JJ168	226		147v	147v	1.0														226	3555	147v													226	226	
29375.0	JJ168	227		147v	147v	1.0														227	3556	147v													227	227	
29376.0	JJ168	228		147v	147v	0.0														228	3557	147v													228	228	
29377.0	JJ168	228bis		148	148r															228bis	3558	148															
29378.0	JJ168	229		148	148r	1.0														229	3559	148													229	229	
29379.0	JJ168	230		148	148r	1.0														230	3560	148													230	230	
29380.0	JJ168	231				1.0																													231	231	
29381.0	JJ168	232		149	149r	1.0																	232	2388	149										232	232	
29382.0	JJ168	233				1.0																													233	233	
29383.0	JJ168	234				1.0																													234	234	
29384.0	JJ168	235				1.0																													235	235	
29385.0	JJ168	236				1.0																													236	236	
29386.0	JJ168	237				1.0																													237	237	
29387.0	JJ168	238		153	153r	1.0																	238	2389	153										238	238	
29388.0	JJ168	239		153v	153v	1.0																	239	2391	153v										239	239	
29389.0	JJ168	240				1.0																													240	240	
29390.0	JJ168	241				1.0																													241	241	
29391.0	JJ168	242				1.0																													242	242	
29392.0	JJ168	243				1.0																													243	243	
29393.0	JJ168	244				1.0																													244	244	
29394.0	JJ168	245				1.0																													245	245	
29395.0	JJ168	246		159	159r	1.0														246	3561	159													246	246	
29396.0	JJ168	247				1.0																													247	247	
29397.0	JJ168	248				1.0																													248	248	
29398.0	JJ168	249				1.0																													249	249	
29399.0	JJ168	250		162v	162v	1.0														250	3562	162v													250	250	
29400.0	JJ168	251		163v	163v	1.0														251	3563	163v													251	251	
29401.0	JJ168	252				1.0																													252	252	
29402.0	JJ168	253				1.0																													253	253	
29403.0	JJ168	254				1.0																													254	254	
29404.0	JJ168	255		165v	165v	1.0																	255	2392	165v										255	255	
29405.0	JJ168	256				1.0																													256	256	
29406.0	JJ168	257				1.0																													257	257	
29407.0	JJ168	258				1.0																													258	258	
29408.0	JJ168	259				1.0																													259	259	
29409.0	JJ168	260				1.0																													260	260	
29410.0	JJ168	261				1.0																													261	261	
29411.0	JJ168	262				1.0																													262	262	
29412.0	JJ168	263				1.0																													263	263	
29413.0	JJ168	264				1.0																													264	264	
29414.0	JJ168	265		172	172r	1.0																				265.0	412.0	172							265	265	
29415.0	JJ168	266				1.0																													266	266	
29416.0	JJ168	267				1.0																													267	267	
29417.0	JJ168	268				1.0																													268	268	
29418.0	JJ168	269				1.0																													269	269	
29419.0	JJ168	270				1.0																													270	270	
29420.0	JJ168	271		176	176r	1.0																	271	2393	176										271	271	
29421.0	JJ168	272		177	177r	1.0																	272	2394	177										272	272	
29422.0	JJ168	273		178	178r	1.0														273	3564	178													273	273	
29423.0	JJ168	274				1.0																													274	274	
29424.0	JJ168	275				1.0																													275	275	
29425.0	JJ168	276				1.0																													276	276	
29426.0	JJ168	277		180	180r	1.0																	277	2395	180										277	277	
29427.0	JJ168	278				1.0																													278	278	
29428.0	JJ168	279				1.0																													279	279	
29429.0	JJ168	280				1.0																													280	280	
29430.0	JJ168	281				1.0																													281	281	
29431.0	JJ168	282		183	183r	1.0																	282	2396	183										282	282	
29432.0	JJ168	283		184	184r	1.0																	283	2397	184										283	283	
29433.0	JJ168	284				1.0																													284	284	
29434.0	JJ168	285				1.0																													285	285	
29435.0	JJ168	286				1.0																													286	286	
29436.0	JJ168	287				1.0																													287	287	
29437.0	JJ168	288				1.0																													288	288	
29438.0	JJ168	289				1.0																													289	289	
29439.0	JJ168	290		190	190r	1.0		290	DCCCCLXXV	folÂ 190																									290	290	
29440.0	JJ168	291				1.0																													291	291	
29441.0	JJ168	292				1.0																													292	292	
29442.0	JJ168	293				1.0																													293	293	
29443.0	JJ168	294				1.0																													294	294	
29444.0	JJ168	295				1.0																													295	295	
29445.0	JJ168	296				1.0																													296	296	
29446.0	JJ168	297				1.0																													297	297	
29447.0	JJ168	298				1.0																													298	298	
29448.0	JJ168	299		195v	195v	1.0														299	3565	195v													299	299	
29449.0	JJ168	300				1.0																													300	300	
29450.0	JJ168	301				1.0																													301	301	
29451.0	JJ168	302				1.0																													302	302	
29452.0	JJ168	303				1.0																													303	303	
29453.0	JJ168	304				1.0																													304	304	
29454.0	JJ168	305				1.0																													305	305	
29455.0	JJ168	306				1.0																													306	306	
29456.0	JJ168	307				1.0																													307	307	
29457.0	JJ168	308				1.0																													308	308	
29458.0	JJ168	309				1.0																													309	309	
29459.0	JJ168	310				1.0																													310	310	
29460.0	JJ168	311				1.0																													311	311	
29461.0	JJ168	312		204	204r	1.0																				312.0	413.0	204							312	312	
29462.0	JJ168	313				1.0																													313	313	
29463.0	JJ168	314				1.0																													314	314	
29464.0	JJ168	315				1.0																													315	315	
29465.0	JJ168	316				1.0																													316	316	
29466.0	JJ168	317				1.0																													317	317	
29467.0	JJ168	318		208	208r	1.0																	318	2398	208										318	318	
29468.0	JJ168	319		208v	208v	1.0																	319	2399	208v										319	319	
29469.0	JJ168	320				1.0																													320	320	
29470.0	JJ168	321				1.0																													321	321	
29471.0	JJ168	322				1.0																													322	322	
29472.0	JJ168	323		210v	210v	1.0														323	3566	210v													323	323	
29473.0	JJ168	324		212	212r	1.0														324	3567	212													324	324	
29474.0	JJ168	325				1.0																													325	325	
29475.0	JJ168	326				1.0																													326	326	
29476.0	JJ168	327		214v	214v	1.0																	327	2400	214v										327	327	
29477.0	JJ168	328				1.0																													328	328	
29478.0	JJ168	329				1.0																													329	329	
29479.0	JJ168	330				1.0																													330	330	
29480.0	JJ168	331				1.0																													331	331	
29481.0	JJ168	332		225	225r	1.0																	332	2401	225										332	332	
29482.0	JJ168	333				1.0																													333	333	
29483.0	JJ168	334				1.0																													334	334	
29484.0	JJ168	335		226v	226v	1.0																	335	2390	226v										335	335	
29485.0	JJ168	336				1.0																													336	336	
29486.0	JJ168	337				1.0																													337	337	
29487.0	JJ168	338				1.0																													338	338	
29488.0	JJ168	339				1.0																													339	339	
29489.0	JJ168	340				1.0																													340	340	
29490.0	JJ168	341				1.0																													341	341	
29491.0	JJ168	342				0.0	Numéro 343 omis dans la numérotation, qui passe de 342 à 344 sans aucune lacune matérielle ou textuelle																												342	342	
29493.0	JJ168	344				1.0																													344	344	
29494.0	JJ168	345				1.0																													345	345	
29495.0	JJ168	346				1.0																													346	346	
29496.0	JJ168	347				1.0																													347	347	
29497.0	JJ168	348				1.0																													348	348	
29498.0	JJ168	349		233v	233v	1.0		349	DCCCCLXXVI	folÂ 233Â vÂ°																									349	349	
29499.0	JJ168	350		234v	234v	1.0														350	3568	234v													350	350	
29500.0	JJ168	351				1.0																													351	351	
29501.0	JJ168	352				1.0																													352	352	
29502.0	JJ168	353				1.0																													353	353	
29503.0	JJ168	354		236v	236v	1.0		354	DCCCCLXXVII	folÂ 236Â vÂ°																									354	354	
29504.0	JJ168	355				1.0																													355	355	
29505.0	JJ168	356				1.0																													356	356	
29506.0	JJ168	357				1.0																													357	357	
29507.0	JJ168	358				1.0																													358	358	
29508.0	JJ168	359				1.0																													359	359	
29509.0	JJ168	360		240v	240v	1.0																	360	2402	240v										360	360	
29510.0	JJ168	361				1.0																													361	361	
29511.0	JJ168	362		242	242r	0.0	Numéro 363 omis dans la numérotation, qui passe de 362 à 364 sans aucune lacune matérielle ou textuelle										362	1112	242																362	362	
29513.0	JJ168	364				1.0																													364	364	
29514.0	JJ168	365				1.0																													365	365	
29515.0	JJ168	366				1.0																													366	366	
29516.0	JJ168	367		244v	244v	1.0																	367	2403	244v										367	367	
29517.0	JJ168	368				1.0																													368	368	
29518.0	JJ168	369				1.0																													369	369	
29519.0	JJ168	370				1.0																													370	370	
29520.0	JJ168	371				1.0																													371	371	
29521.0	JJ168	372				1.0																													372	372	
29522.0	JJ168	373				1.0																													373	373	
29523.0	JJ168	374				1.0																													374	374	
29524.0	JJ168	375		250	250r	1.0														375	3569	250													375	375	
29525.0	JJ168	376				1.0																													376	376	
29526.0	JJ168	377				1.0																													377	377	
29527.0	JJ168	378				1.0																													378	378	
29528.0	JJ168	379				1.0																													379	379	
29529.0	JJ168	380				1.0																													380	380	
29530.0	JJ168	381				1.0																													381	381	
29531.0	JJ168	382				1.0																													382	382	
29532.0	JJ168	383				1.0																													383	383	
29533.0	JJ168	384				1.0																													384	384	
29534.0	JJ168	385				1.0																													385	385	
29535.0	JJ168	386				1.0																													386	386	
29536.0	JJ168	387				1.0																													387	387	
29537.0	JJ168	388				1.0																													388	388	
29538.0	JJ168	389				1.0																													389	389	
29539.0	JJ168	390				1.0																													390	390	
29540.0	JJ168	391				1.0																													391	391	
29541.0	JJ168	392				1.0																													392	392	
29542.0	JJ168	393				1.0																													393	393	
29543.0	JJ168	394				1.0																													394	394	
29544.0	JJ168	395				0.0																													395	395	
29544.1	JJ168	395bis																																			
29545.0	JJ168	396		263v	263v	1.0		396	DCCCCLXXVIII	folÂ 263Â vÂ°																									396	396	
29546.0	JJ168	397				1.0																													397	397	
29547.0	JJ168	398				1.0																													398	398	
29548.0	JJ168	399				1.0																													399	399	
29549.0	JJ168	400		266	266r	1.0																	400	2404	266										400	400	
29550.0	JJ168	401				1.0																													401	401	
29551.0	JJ168	402				1.0																													402	402	
29552.0	JJ168	403				1.0																													403	403	
29553.0	JJ168	404		268	268r	1.0																	404	2405	268										404	404	
29554.0	JJ168	405				1.0																													405	405	
29555.0	JJ168	406				1.0																													406	406	
29556.0	JJ168	407				1.0																													407	407	
29557.0	JJ168	408		270	270r	1.0																	408	2406	270										408	408	
29558.0	JJ168	409		271	271r	1.0																	409	2408	271										409	409	
29559.0	JJ168	410				1.0																													410	410	
29560.0	JJ168	411				1.0																													411	411	
29561.0	JJ168	412		272v	272v	1.0																	412	2407	272v										412	412	
29562.0	JJ168	413				1.0																													413	413	
29563.0	JJ168	414				1.0																													414	414	
29564.0	JJ168	415				1.0																													415	415	
29565.0	JJ168	416				1.0																													416	416	
29566.0	JJ168	417				1.0																													417	417	
29567.0	JJ168	418				1.0																													418	418	
29568.0	JJ168	419				1.0																													419	419	
29569.0	JJ168	420				1.0																															
29570.0	JJ168	421				1.0																															
29571.0	JJ168	422				1.0																															
29572.0	JJ168	423				1.0																															
29573.0	JJ168	424				1.0																															
29574.0	JJ168	425				1.0																															
29575.0	JJ168	426				1.0																															
29576.0	JJ168	427				1.0																															
29577.0	JJ168	428				0.0																															
29578.0	JJ169	1				1.0																													1	1	
29579.0	JJ169	2				1.0																													2	2	
29580.0	JJ169	3				1.0																													3	3	
29581.0	JJ169	4				1.0																													4	4	
29582.0	JJ169	5				1.0																													5	5	
29583.0	JJ169	6				1.0																													6	6	
29584.0	JJ169	7				1.0																													7	7	
29585.0	JJ169	8				1.0																													8	8	
29586.0	JJ169	9				1.0																													9	9	
29587.0	JJ169	10				1.0																													10	10	
29588.0	JJ169	11				1.0																													11	11	
29589.0	JJ169	12		7	7r	1.0																	12	2409	7										12	12	
29590.0	JJ169	13				1.0																													13	13	
29591.0	JJ169	14				1.0																													14	14	
29592.0	JJ169	15				1.0																													15	15	
29593.0	JJ169	16				1.0																													16	16	
29594.0	JJ169	17				1.0																													17	17	
29595.0	JJ169	18				1.0																													18	18	
29596.0	JJ169	19		11v	11v	1.0														19	3570	11v													19	19	
29597.0	JJ169	20		12	12r	1.0											20	1113	12	20	3571	12													20	20	
29598.0	JJ169	21		13	13r	1.0																	21	2410	13										21	21	
29599.0	JJ169	22				1.0																													22	22	
29600.0	JJ169	23				1.0																													23	23	
29601.0	JJ169	24				1.0																													24	24	
29602.0	JJ169	25				1.0																													25	25	
29603.0	JJ169	26				1.0																													26	26	
29604.0	JJ169	27				1.0																													27	27	
29605.0	JJ169	28				1.0																													28	28	
29606.0	JJ169	29				0.0																													29	29	
29607.0	JJ169	30_a		19	19r		la numérotation alphabétique est initiale																30	2411	19										30	30	
29608.0	JJ169	31_a		19v	19v		la numérotation alphabétique est initiale																31	2412	19v										31	31	
29609.0	JJ169	32_a		20v	20v		la numérotation alphabétique est initiale													32	3572	20v	32	2413	21v										32	32	
29609.1	JJ169	33_a		21	21r		la numérotation alphabétique est initiale																														
29609.2	JJ169	31_b		21v	21v		la numérotation alphabétique est initiale																														
29609.3	JJ169	32_b		22v	22v		la numérotation alphabétique est initiale																														
29610.0	JJ169	33_b		23	23r		la numérotation alphabétique est initiale	33	DCCCCLXXIV	folÂ 23																									33	33	
29611.0	JJ169	34				1.0																													34	34	
29612.0	JJ169	35				1.0																													35	35	
29613.0	JJ169	36		28	28r	1.0																	36	2414	28										36	36	
29614.0	JJ169	37				1.0																													37	37	
29615.0	JJ169	38				1.0																													38	38	
29616.0	JJ169	39				1.0																													39	39	
29617.0	JJ169	40				1.0																													40	40	
29618.0	JJ169	41				1.0																													41	41	
29619.0	JJ169	42				1.0																													42	42	
29620.0	JJ169	43				1.0																													43	43	
29621.0	JJ169	44				1.0																													44	44	
29622.0	JJ169	45				1.0																													45	45	
29623.0	JJ169	46				1.0																													46	46	
29624.0	JJ169	47		34v	34v	1.0																	47	2415	34v										47	47	
29625.0	JJ169	48				1.0																													48	48	
29626.0	JJ169	49				1.0																													49	49	
29627.0	JJ169	50				1.0																													50	50	
29628.0	JJ169	51				1.0																													51	51	
29629.0	JJ169	52				1.0																													52	52	
29630.0	JJ169	53				1.0																													53	53	
29631.0	JJ169	54				1.0																													54	54	
29632.0	JJ169	55				1.0																													55	55	
29633.0	JJ169	56				1.0																													56	56	
29634.0	JJ169	57				1.0																													57	57	
29635.0	JJ169	58				1.0																													58	58	
29636.0	JJ169	59				1.0																													59	59	
29637.0	JJ169	60		43v	43v	1.0																	60	2416	43v										60	60	
29638.0	JJ169	61				1.0																													61	61	
29639.0	JJ169	62		45	45r	1.0														62	3573	45													62	62	
29640.0	JJ169	63				1.0																													63	63	
29641.0	JJ169	64				1.0																													64	64	
29642.0	JJ169	65				1.0																													65	65	
29643.0	JJ169	66				1.0																													66	66	
29644.0	JJ169	67		48	48r	1.0														67	3574	48													67	67	
29645.0	JJ169	68				1.0																													68	68	
29646.0	JJ169	69		50v	50v	1.0		69	DCCCCLXXIX	folÂ 50Â vÂ°																									69	69	
29647.0	JJ169	70				1.0																													70	70	
29648.0	JJ169	71				1.0																													71	71	
29649.0	JJ169	72				1.0																													72	72	
29650.0	JJ169	73				1.0																													73	73	
29651.0	JJ169	74				1.0																													74	74	
29652.0	JJ169	75		54v	54v	1.0																	75	2417	54v										75	75	
29653.0	JJ169	76				1.0																													76	76	
29654.0	JJ169	77		56	56r	1.0														77	3575	56													77	77	
29655.0	JJ169	78		57	57r	1.0																				78.0	414.0	57							78	78	
29656.0	JJ169	79				1.0																													79	79	
29657.0	JJ169	80				1.0																													80	80	
29658.0	JJ169	81				1.0																													81	81	
29659.0	JJ169	82				1.0																													82	82	
29660.0	JJ169	83				1.0																													83	83	
29661.0	JJ169	84		61	61r	1.0																	84	2418	61										84	84	
29662.0	JJ169	85		62	62r	1.0																	85	2419	62										85	85	
29663.0	JJ169	86				1.0																													86	86	
29664.0	JJ169	87				1.0																													87	87	
29665.0	JJ169	88				1.0																													88	88	
29666.0	JJ169	89				1.0																													89	89	
29667.0	JJ169	90				1.0																													90	90	
29668.0	JJ169	91		65v	65v	1.0																	91	2420	65v										91	91	
29669.0	JJ169	92				1.0																													92	92	
29670.0	JJ169	93				1.0																													93	93	
29671.0	JJ169	94				1.0																													94	94	
29672.0	JJ169	95				1.0																													95	95	
29673.0	JJ169	96		68v	68v	0.0																													96	96	
29673.1	JJ169	96bis		69r	69r		bis non initiale																														
29674.0	JJ169	97		69r	69r	1.0																													97	97	
29675.0	JJ169	98		69r	69r	1.0																													98	98	
29676.0	JJ169	99				1.0																													99	99	
29677.0	JJ169	100		70v	70v	1.0																	100	2421	70v										100	100	
29678.0	JJ169	101				1.0																													101	101	
29679.0	JJ169	102				1.0																													102	102	
29680.0	JJ169	103				1.0																													103	103	
29681.0	JJ169	104				1.0																													104	104	
29682.0	JJ169	105				1.0																													105	105	
29683.0	JJ169	106				1.0																													106	106	
29684.0	JJ169	107				1.0																													107	107	
29685.0	JJ169	108				1.0																													108	108	
29686.0	JJ169	109				1.0																													109	109	
29687.0	JJ169	110		77	77r	1.0																	110	2422	77										110	110	
29688.0	JJ169	111				1.0																													111	111	
29689.0	JJ169	112				1.0																													112	112	
29690.0	JJ169	113		79	79r	1.0		113	DCCCCLXXXI	folÂ 79																									113	113	
29691.0	JJ169	114				1.0																													114	114	
29692.0	JJ169	115				1.0																													115	115	
29693.0	JJ169	116				1.0																													116	116	
29694.0	JJ169	117				1.0																													117	117	
29695.0	JJ169	118				1.0																													118	118	
29696.0	JJ169	119				1.0																													119	119	
29697.0	JJ169	120				1.0																													120	120	
29698.0	JJ169	121				1.0																													121	121	
29699.0	JJ169	122				1.0																													122	122	
29700.0	JJ169	123		85	85r	1.0																	123	2423	85										123	123	
29701.0	JJ169	124				1.0																													124	124	
29702.0	JJ169	125				1.0																													125	125	
29703.0	JJ169	126				1.0																													126	126	
29704.0	JJ169	127				1.0																													127	127	
29705.0	JJ169	128				1.0																													128	128	
29706.0	JJ169	129				1.0																													129	129	
29707.0	JJ169	130				1.0																													130	130	
29708.0	JJ169	131				1.0																													131	131	
29709.0	JJ169	132				1.0																													132	132	
29710.0	JJ169	133				1.0																													133	133	
29711.0	JJ169	134				1.0																													134	134	
29712.0	JJ169	135		93v	93v	1.0											135	1114	111v																135	135	
29713.0	JJ169	136				1.0																													136	136	
29714.0	JJ169	137				1.0																													137	137	
29715.0	JJ169	138				1.0																													138	138	
29716.0	JJ169	139		96	96r	1.0																	139	2424	96										139	139	
29717.0	JJ169	140				1.0																													140	140	
29718.0	JJ169	141				1.0																													141	141	
29719.0	JJ169	142				1.0																													142	142	
29720.0	JJ169	143				1.0																													143	143	
29721.0	JJ169	144				1.0																													144	144	
29722.0	JJ169	145				1.0																													145	145	
29723.0	JJ169	146				1.0																													146	146	
29724.0	JJ169	147				1.0																													147	147	
29725.0	JJ169	148				1.0																													148	148	
29726.0	JJ169	149				1.0																													149	149	
29727.0	JJ169	150				1.0																													150	150	
29728.0	JJ169	151				1.0																													151	151	
29729.0	JJ169	152				1.0																													152	152	
29730.0	JJ169	153		110	110r	1.0																	153	2425	110										153	153	
29731.0	JJ169	154		111	111r	1.0																	154	2426	111										154	154	
29732.0	JJ169	155				1.0																													155	155	
29733.0	JJ169	156				1.0																													156	156	
29734.0	JJ169	157		113v	113v	1.0		157	DCCCCLXXX	folÂ 113Â vÂ°																									157	157	
29735.0	JJ169	158				1.0																													158	158	
29736.0	JJ169	159		114v	114v	1.0																	159	2427	114v										159	159	
29737.0	JJ169	160				1.0																													160	160	
29738.0	JJ169	161				1.0																													161	161	
29739.0	JJ169	162				1.0																													162	162	
29740.0	JJ169	163		117	117r	1.0														163	3576	117													163	163	
29741.0	JJ169	164				1.0																													164	164	
29742.0	JJ169	165		118	118r	1.0																	165	2428	118										165	165	
29743.0	JJ169	166				1.0																													166	166	
29744.0	JJ169	167				1.0																													167	167	
29745.0	JJ169	168				1.0																													168	168	
29746.0	JJ169	169		121v	121v	1.0																	169	2429	121v										169	169	
29747.0	JJ169	170				1.0																													170	170	
29748.0	JJ169	171				1.0																													171	171	
29749.0	JJ169	172				1.0																													172	172	
29750.0	JJ169	173		124	124r	1.0																													173	173	
29751.0	JJ169	174				1.0																													174	174	
29752.0	JJ169	175				1.0																													175	175	
29753.0	JJ169	176		126v	126v	1.0																													176	176	
29754.0	JJ169	177				1.0																													177	177	
29755.0	JJ169	178				1.0																													178	178	
29756.0	JJ169	179				1.0																													179	179	
29757.0	JJ169	180		129v	129v	1.0																													180	180	
29758.0	JJ169	181				1.0																													181	181	
29759.0	JJ169	182				1.0																													182	182	
29760.0	JJ169	183				1.0																													183	183	
29761.0	JJ169	184				1.0																													184	184	
29762.0	JJ169	185				1.0																													185	185	
29763.0	JJ169	186				0.0																													186	186	
29763.1	JJ169	186bis		133v	133v		charte non numérotée initialement																														
29764.0	JJ169	187				1.0																													187	187	
29765.0	JJ169	188				1.0																													188	188	
29766.0	JJ169	189				1.0																													189	189	
29767.0	JJ169	190		135	135r	1.0											190	1115	135	190	3577	135v													190	190	
29768.0	JJ169	191				1.0																													191	191	
29769.0	JJ169	192				1.0																													192	192	
29770.0	JJ169	193				1.0																													193	193	
29771.0	JJ169	194				1.0																													194	194	
29772.0	JJ169	195				1.0																													195	195	
29773.0	JJ169	196				1.0																													196	196	
29774.0	JJ169	197				1.0																													197	197	
29775.0	JJ169	198				1.0																													198	198	
29776.0	JJ169	199				1.0																													199	199	
29777.0	JJ169	200		143r	143r	1.0																													200	200	
29778.0	JJ169	201				1.0																													201	201	
29779.0	JJ169	202				1.0																													202	202	
29780.0	JJ169	203				1.0																													203	203	
29781.0	JJ169	204				1.0																													204	204	
29782.0	JJ169	205				1.0																													205	205	
29783.0	JJ169	206				1.0																													206	206	
29784.0	JJ169	207				1.0																													207	207	
29785.0	JJ169	208				1.0																													208	208	
29786.0	JJ169	209				1.0																													209	209	
29787.0	JJ169	210		151r	151r	1.0																													210	210	
29788.0	JJ169	211				1.0																													211	211	
29789.0	JJ169	212				1.0																													212	212	
29790.0	JJ169	213				1.0																													213	213	
29791.0	JJ169	214				1.0																													214	214	
29792.0	JJ169	215				1.0																													215	215	
29793.0	JJ169	216				1.0																													216	216	
29794.0	JJ169	217				1.0																													217	217	
29795.0	JJ169	218				1.0																													218	218	
29796.0	JJ169	219		156v	156v	1.0														219	3578	156v													219	219	
29797.0	JJ169	220				1.0																													220	220	
29798.0	JJ169	221				1.0																													221	221	
29799.0	JJ169	222				1.0																													222	222	
29800.0	JJ169	223				1.0																													223	223	
29801.0	JJ169	224				1.0																													224	224	
29802.0	JJ169	225				1.0																													225	225	
29803.0	JJ169	226		161	161r	1.0														226	3579	161													226	226	
29804.0	JJ169	227				1.0																													227	227	
29805.0	JJ169	228				1.0																													228	228	
29806.0	JJ169	229				1.0																													229	229	
29807.0	JJ169	230				1.0																													230	230	
29808.0	JJ169	231				1.0																													231	231	
29809.0	JJ169	232				1.0																													232	232	
29810.0	JJ169	233		165v	165v	1.0																	233	2430	165v										233	233	
29811.0	JJ169	234		166v	166v	1.0																	234	2431	167v										234	234	
29812.0	JJ169	235		167v	167v	1.0																	235	2432	167v										235	235	
29813.0	JJ169	236				1.0																													236	236	
29814.0	JJ169	237		169	169r	1.0														237	3580	169													237	237	
29815.0	JJ169	238				1.0																													238	238	
29816.0	JJ169	239				1.0																													239	239	
29817.0	JJ169	240				1.0																													240	240	
29818.0	JJ169	241				1.0																													241	241	
29819.0	JJ169	242				1.0																													242	242	
29820.0	JJ169	243				1.0																													243	243	
29821.0	JJ169	244				1.0																													244	244	
29822.0	JJ169	245				1.0																													245	245	
29823.0	JJ169	246				1.0																													246	246	
29825.0	JJ169	247		178	178r	1.0																	247	2434	178										247	247	
29828.0	JJ169	248		178v	178v	1.0																	248	2435	178v										248	248	
29829.0	JJ169	249				1.0																													249	249	
29830.0	JJ169	250				1.0																													250	250	
29831.0	JJ169	251		181	181r	1.0														251	3581	181													251	251	
29832.0	JJ169	252				1.0																													252	252	
29833.0	JJ169	253				1.0																													253	253	
29834.0	JJ169	254				1.0																													254	254	
29835.0	JJ169	255				1.0																													255	255	
29836.0	JJ169	256				1.0																													256	256	
29837.0	JJ169	257				1.0																													257	257	
29838.0	JJ169	258				1.0																													258	258	
29839.0	JJ169	259		187	187r	1.0														259	3582	187													259	259	
29840.0	JJ169	260		187v	187v	1.0														260	3583	187v													260	260	
29841.0	JJ169	261		187v	187v	1.0														261	3584	187v													261	261	
29842.0	JJ169	262		188	188r	1.0														262	3585	188													262	262	
29843.0	JJ169	263		188v	188v	1.0														263	3586	188v													263	263	
29844.0	JJ169	264		189	189r	1.0														264	3587	189													264	264	
29845.0	JJ169	265		189v	189v	1.0														265	3588	189v													265	265	
29846.0	JJ169	266		189v	189v	1.0														266	3589	189v													266	266	
29847.0	JJ169	267		189v	189v	1.0														267	3590	189v													267	267	
29848.0	JJ169	268				1.0																													268	268	
29849.0	JJ169	269				1.0																													269	269	
29850.0	JJ169	270				1.0																													270	270	
29851.0	JJ169	271				1.0																													271	271	
29852.0	JJ169	272				1.0																													272	272	
29853.0	JJ169	273				1.0																													273	273	
29854.0	JJ169	274				1.0																													274	274	
29855.0	JJ169	275				1.0																													275	275	
29856.0	JJ169	276				1.0																													276	276	
29857.0	JJ169	277		196	196r	1.0																	277	2436	196										277	277	
29858.0	JJ169	278				1.0																													278	278	
29859.0	JJ169	279				1.0																													279	279	
29860.0	JJ169	280				1.0																													280	280	
29861.0	JJ169	281				1.0																													281	281	
29862.0	JJ169	282				1.0																													282	282	
29863.0	JJ169	283				1.0																													283	283	
29864.0	JJ169	284		201	201r	1.0																	284	2437	201										284	284	
29865.0	JJ169	285				1.0																													285	285	
29866.0	JJ169	286				1.0																													286	286	
29867.0	JJ169	287				1.0																													287	287	
29868.0	JJ169	288				1.0																													288	288	
29869.0	JJ169	289				1.0																													289	289	
29870.0	JJ169	290		205	205r	1.0																	290	2438	205										290	290	
29871.0	JJ169	291				1.0																													291	291	
29872.0	JJ169	292		206v	206v	1.0																				292.0	415.0	206v							292	292	
29873.0	JJ169	293				0.0	Numéro 294 omis dans la numérotation, qui passe de 293 à 295 sans aucune lacune matérielle ou textuelle																												293	293	
29875.0	JJ169	295		207	207r	1.0																													295	295	
29876.0	JJ169	296		208	208r	1.0														296	3591	208													296	296	
29877.0	JJ169	297				1.0																													297	297	
29878.0	JJ169	298				1.0																													298	298	
29879.0	JJ169	299				1.0																													299	299	
29880.0	JJ169	300				1.0																													300	300	
29881.0	JJ169	301				1.0																													301	301	
29882.0	JJ169	302				1.0																													302	302	
29883.0	JJ169	303				1.0																													303	303	
29884.0	JJ169	304				1.0																													304	304	
29885.0	JJ169	305				1.0																													305	305	
29886.0	JJ169	306				1.0																													306	306	
29887.0	JJ169	307		211v	211v	1.0																	307	2439	211v										307	307	
29888.0	JJ169	308				1.0																													308	308	
29889.0	JJ169	309				1.0																													309	309	
29890.0	JJ169	310				1.0																													310	310	
29891.0	JJ169	311				1.0																													311	311	
29892.0	JJ169	312				1.0																													312	312	
29893.0	JJ169	313				1.0																													313	313	
29894.0	JJ169	314				1.0																													314	314	
29895.0	JJ169	315				1.0																													315	315	
29896.0	JJ169	316				1.0																													316	316	
29897.0	JJ169	317				1.0																													317	317	
29898.0	JJ169	318				1.0																													318	318	
29899.0	JJ169	319				1.0																													319	319	
29900.0	JJ169	320				1.0																													320	320	
29901.0	JJ169	321				1.0																													321	321	
29902.0	JJ169	322				1.0																													322	322	
29903.0	JJ169	323				1.0																													323	323	
29904.0	JJ169	324				1.0																													324	324	
29905.0	JJ169	325				1.0																													325	325	
29906.0	JJ169	326				1.0																													326	326	
29907.0	JJ169	327		225	225r	1.0														327	3592	225													327	327	
29908.0	JJ169	328				1.0																													328	328	
29909.0	JJ169	329				1.0																													329	329	
29910.0	JJ169	330				1.0																													330	330	
29911.0	JJ169	331				1.0																													331	331	
29912.0	JJ169	332				1.0																													332	332	
29913.0	JJ169	333				1.0																													333	333	
29914.0	JJ169	334				1.0																													334	334	
29915.0	JJ169	335		229v	229v	0.0	Numéro 336 omis dans la numérotation, qui passe de 335 à 337 sans aucune lacune matérielle ou textuelle																												335	335	
29917.0	JJ169	337				1.0																													337	337	
29918.0	JJ169	338		230v	230v	1.0																													338	338	
29919.0	JJ169	339				1.0																													339	339	
29920.0	JJ169	340		231v	231v	1.0																													340	340	
29921.0	JJ169	341		231v	231v	1.0																													341	341	
29922.0	JJ169	342		231v	231v	1.0																													342	342	
29923.0	JJ169	343		231v	231v	1.0																													343	343	
29924.0	JJ169	344		231v	231v	1.0																	344	2440	231										344	344	
29925.0	JJ169	345				1.0																													345	345	
29926.0	JJ169	346				1.0																													346	346	
29927.0	JJ169	347		233	233r	1.0											347	1116	233																347	347	
29928.0	JJ169	348		233v	233v	1.0											348	1117	fol-233v																348	348	
29929.0	JJ169	349				1.0																													349	349	
29930.0	JJ169	350		234v	234v	1.0																	350	2441	234v										350	350	
29931.0	JJ169	351				1.0																													351	351	
29932.0	JJ169	352				1.0																													352	352	
29933.0	JJ169	353				1.0																													353	353	
29934.0	JJ169	354		237	237r	1.0																	354	2442	237										354	354	
29935.0	JJ169	355				1.0																													355	355	
29936.0	JJ169	356		239	239r	1.0																	356	2443	239										356	356	
29937.0	JJ169	357		239v	239v	1.0																	357	2444	239v										357	357	
29938.0	JJ169	358		240	240r	1.0																	358	2445	240										358	358	
29939.0	JJ169	359				1.0																													359	359	
29940.0	JJ169	360				1.0																													360	360	
29941.0	JJ169	361				1.0																													361	361	
29942.0	JJ169	362				1.0																													362	362	
29943.0	JJ169	363				1.0																													363	363	
29944.0	JJ169	364				1.0																													364	364	
29945.0	JJ169	365				1.0																													365	365	
29946.0	JJ169	366				1.0																													366	366	
29947.0	JJ169	367				1.0																													367	367	
29948.0	JJ169	368		Vacat		1.0																													368	368	
29949.0	JJ169	369		Vacat		1.0																													369	369	
29950.0	JJ169	370		Vacat		1.0																													370	370	
29951.0	JJ169	371		248	248r	1.0		371	DCCCCLXXXII	folÂ 248																									371	371	
29952.0	JJ169	372				1.0																													372	372	
29953.0	JJ169	373				1.0																													373	373	
29954.0	JJ169	374				1.0																													374	374	
29955.0	JJ169	375				1.0																													375	375	
29956.0	JJ169	376				1.0																													376	376	
29957.0	JJ169	377		252v	252v	1.0														377	3593	252v													377	377	
29958.0	JJ169	378				1.0																													378	378	
29959.0	JJ169	379				1.0																													379	379	
29960.0	JJ169	380				1.0																													380	380	
29961.0	JJ169	381				1.0																													381	381	
29962.0	JJ169	382				1.0																													382	382	
29963.0	JJ169	383				1.0																													383	383	
29964.0	JJ169	384				1.0																													384	384	
29965.0	JJ169	385				1.0																													385	385	
29966.0	JJ169	386				1.0																													386	386	
29967.0	JJ169	387		258	258r	1.0		387	DCCCCLXXXIII	folÂ 258																									387	387	
29968.0	JJ169	388				1.0																													388	388	
29969.0	JJ169	389				1.0																													389	389	
29970.0	JJ169	390				1.0																													390	390	
29971.0	JJ169	391		261	261r	1.0																	391	2446	261										391	391	
29972.0	JJ169	392		261	261r	1.0														392	3594	261													392	392	
29973.0	JJ169	393				1.0																													393	393	
29974.0	JJ169	394				1.0																													394	394	
29975.0	JJ169	395				1.0																													395	395	
29976.0	JJ169	396		264	264r	1.0														396	3595	264													396	396	
29977.0	JJ169	397				1.0																													397	397	
29978.0	JJ169	398				1.0																													398	398	
29979.0	JJ169	399				1.0																													399	399	
29980.0	JJ169	400		266v	266v	1.0														400	3596	266v													400	400	
29981.0	JJ169	401				1.0																													401	401	
29982.0	JJ169	402				1.0																													402	402	
29983.0	JJ169	403				1.0																													403	403	
29984.0	JJ169	404				1.0																													404	404	
29985.0	JJ169	405				1.0																													405	405	
29986.0	JJ169	406				1.0																													406	406	
29987.0	JJ169	407				1.0																													407	407	
29988.0	JJ169	408				1.0																													408	408	
29989.0	JJ169	409				1.0																													409	409	
29990.0	JJ169	410		273	273r	1.0											410	1118	273	410	3597	273													410	410	
29991.0	JJ169	411				1.0																													411	411	
29992.0	JJ169	412				0.0	Numéro 413 omis dans la numérotation, qui passe de 412 à 414 sans aucune lacune matérielle ou textuelle																												412	412	
29994.0	JJ169	414				1.0																													414	414	
29995.0	JJ169	415		278v	278v	1.0																	415	2447	278v										415	415	
29996.0	JJ169	416		278	278r	1.0		416	DCCCCLXXXIV	folÂ 278																									416	416	
29997.0	JJ169	417		278v	278v	1.0																	417	2448	278v										417	417	
29998.0	JJ169	418		280	280r	1.0																	418	2449	280										418	418	
29999.0	JJ169	419				1.0																													419	419	
30000.0	JJ169	420				1.0																													420	420	
30001.0	JJ169	421				1.0																													421	421	
30002.0	JJ169	422				1.0																													422	422	
30003.0	JJ169	423		283	283r	1.0																	423	2450	283										423	423	
30004.0	JJ169	424		283v	283v	0.0	4 chartes numérotées 424																424	2451	283v										424	424	
30004.1	JJ169	424bis					4 chartes numérotées 424																														
30004.2	JJ169	424tris					4 chartes numérotées 424																														
30004.3	JJ169	424quater					4 chartes numérotées 424																426bis	2453	284												
30005.0	JJ169	425				1.0																													425	425	
30006.0	JJ169	426		284v	284v																		426	2452	284v										426	426	
30008.0	JJ169	427		286	286r	1.0																	427	2454	286										427	427	
30009.0	JJ169	428		286v	286v	1.0																	428	2455	286v										428	428	
30010.0	JJ169	429				1.0																													429	429	
30011.0	JJ169	430				1.0																													430	430	
30012.0	JJ169	431				1.0																													431	431	
30013.0	JJ169	432				1.0																													432	432	
30014.0	JJ169	433		291	291r	1.0																	433	2456	291										433	433	
30015.0	JJ169	434		292	292r	1.0																	434	2457	292										434	434	
30016.0	JJ169	435				1.0																													435	435	
30017.0	JJ169	436				1.0																													436	436	
30018.0	JJ169	437				1.0																													437	437	
30019.0	JJ169	438		294v	294v	1.0																	438	2458	294v										438	438	
30020.0	JJ169	439		295v	295v	1.0																	439	2459	295v										439	439	
30021.0	JJ169	440		296	296r	1.0																	440	2460	296										440	440	
30022.0	JJ169	441				1.0																													441	441	
30023.0	JJ169	442				1.0																													442	442	
30024.0	JJ169	443				1.0																													443	443	
30025.0	JJ169	444				1.0																													444	444	
30026.0	JJ169	445		299	299r	1.0																	445	2461	299										445	445	
30027.0	JJ169	446				1.0																													446	446	
30028.0	JJ169	447				1.0																													447	447	
30029.0	JJ169	448				1.0																													448	448	
30030.0	JJ169	449		301v	301v	1.0																	449	2462	301										449	449	
30031.0	JJ169	450		302v	302v	1.0														450	3598	302v													450	450	
30032.0	JJ169	451				1.0																													451	451	
30033.0	JJ169	452		304v	304v	1.0																	452	2463	304v										452	452	
30034.0	JJ169	453				1.0																													453	453	
30035.0	JJ169	454				1.0																													454	454	
30036.0	JJ169	455				1.0																													455	455	
30037.0	JJ169	456		307v	307v	1.0											456	1119	307v																456	456	
30038.0	JJ169	457		308	308r	1.0																	457	2464	308										457	457	
30039.0	JJ169	458				1.0																													458	458	
30040.0	JJ169	459				1.0																													459	459	
30041.0	JJ169	460				1.0																													460	460	
30042.0	JJ169	461				1.0																													461	461	
30043.0	JJ169	462		314	314r	1.0																	462	2465	314										462	462	
30044.0	JJ169	463				1.0																													463	463	
30045.0	JJ169	464		315	315r	1.0																	464	2466	315										464	464	
30046.0	JJ169	465				1.0																													465	465	
30047.0	JJ169	466		327	327r	1.0																	466	2467	327										466	466	
30048.0	JJ169	467				1.0																													467	467	
30049.0	JJ169	468		317v	317v	1.0																	468	2468	317v										468	468	
30050.0	JJ169	469				1.0																													469	469	
30051.0	JJ169	470				1.0																													470	470	
30052.0	JJ169	471				1.0																													471	471	
30053.0	JJ169	472				1.0																													472	472	
30054.0	JJ169	473				1.0																													473	473	
30055.0	JJ169	474				1.0																													474	474	
30056.0	JJ169	475				1.0																													475	475	
30057.0	JJ169	476		323	323r	1.0																	476	2469	323										476	476	
30058.0	JJ169	477				1.0																													477	477	
30059.0	JJ169	478				1.0																													478	478	
30060.0	JJ169	479				1.0																													479	479	
30061.0	JJ169	480				1.0																													480	480	
30062.0	JJ169	481				1.0																													481	481	
30063.0	JJ169	482		327v	327v	1.0														482	3599	327v													482	482	
30064.0	JJ169	483		330	330r	1.0																	483	2470	330										483	483	
30065.0	JJ169	484		330v	330v	1.0																	484	2471	330v										484	484	
30066.0	JJ169	485				1.0																													485	485	
30067.0	JJ169	486				1.0																													486	486	
30068.0	JJ169	487				1.0																													487	487	
30069.0	JJ169	488		333v	333v	1.0																	488	2472	333v										488	488	
30070.0	JJ169	489				1.0																													489	489	
30071.0	JJ169	490				1.0																													490	490	
30072.0	JJ169	491				1.0																													491	491	
30073.0	JJ169	492				1.0																													492	492	
30074.0	JJ169	493				1.0																													493	493	
30075.0	JJ169	494				1.0																													494	494	
30076.0	JJ169	495				1.0																													495	495	
30077.0	JJ169	496				1.0																													496	496	
30078.0	JJ169	497				0.0																													497	497	
30079.0	JJ169	497bis																																	497bis	497bis	
30080.0	JJ169	498				1.0																													498	498	
30081.0	JJ169	499				1.0																													499	499	
30082.0	JJ169	500				1.0																													500	500	
30083.0	JJ169	501				1.0																													501	501	
30084.0	JJ169	502				1.0																													502	502	
30085.0	JJ169	503				1.0																													503	503	
30086.0	JJ169	504		343	343r	1.0																	504	2473	343										504	504	
30087.0	JJ169	505				1.0																													505	505	
30088.0	JJ169	506				1.0																													506	506	
30089.0	JJ169	507				1.0																													507	507	
30090.0	JJ169	508				1.0																													508	508	
30091.0	JJ169	509				1.0																													509	509	
30092.0	JJ169	510				1.0																													510	510	
30093.0	JJ169	511				1.0																													511	511	
30094.0	JJ169	512				1.0																													512	512	
30095.0	JJ169	513				1.0																													513	513	
30096.0	JJ169	514				1.0																													514	514	
30097.0	JJ169	515				1.0																													515	515	
30098.0	JJ169	516		351	351r	1.0																	516	2474	351										516	516	
30099.0	JJ169	517				1.0																													517	517	
30100.0	JJ169	518				1.0																													518	518	
30101.0	JJ169	519				1.0																													519	519	
30102.0	JJ169	520				1.0																													520	520	
30103.0	JJ169	521		354	354r	1.0																	521	2475	354										521	521	
30104.0	JJ169	522				1.0																													522	522	
30105.0	JJ169	523				1.0																													523	523	
30106.0	JJ169	524				1.0																													524	524	
30107.0	JJ169	525				1.0																													525	525	
30108.0	JJ169	526				1.0																													526	526	
30109.0	JJ169	527				1.0																													527	527	
30110.0	JJ169	528				1.0																													528	528	
30111.0	JJ169	529				1.0																													529	529	
30112.0	JJ169	530				1.0																													530	530	
30113.0	JJ169	531		360v	360v	1.0											531	1120	360v																531	531	
30114.0	JJ169	532				1.0																													532	532	
30115.0	JJ169	533				1.0																													533	533	
30116.0	JJ169	534				1.0																													534	534	
30117.0	JJ169	535				1.0																															
30118.0	JJ169	536				1.0																															
30119.0	JJ169	537				1.0																															
30120.0	JJ169	538				1.0																															
30121.0	JJ169	539				1.0																															
30122.0	JJ169	540				1.0																															
30123.0	JJ169	541				1.0																															
30124.0	JJ169	542				1.0																															
30125.0	JJ169	543				0.0																															
