liaison_id	acte_id	act_number	register	folio_norm	image_id	image_order	zone_id	class_id	class_name	role	zone_order_in_image	zone_order_global	abs_x	abs_y	abs_w	abs_h	statut_zone	statut_structure
1	25573.0	1	JJ160	1r	19	1	17.0	1.0	AI	AI	40.0	1.0	0.0	40.0	1070.0	1293.0	valide	valide_AI_AM_AF
2	25573.0	1	JJ160	1r	20	2	18.0	2.0	AF	AF	3.0	2.0	64.0	3.0	1134.0	964.0	valide	valide_AI_AM_AF
3	25574.0	2	JJ160	1v	20	1	19.0	1.0	AI	AI	965.0	1.0	41.0	965.0	1159.0	485.0	valide	valide_AI_AM_AF
4	25574.0	2	JJ160	1v	21	2	20.0	2.0	AF	AF	29.0	2.0	0.0	29.0	1097.0	928.0	valide	valide_AI_AM_AF
5	25574.1	2bis	JJ160	2r	21	1	21.0	0.0	AC	AC	957.0	1.0	1.0	957.0	1168.0	374.0	valide	
6	25575.0	3	JJ160	2v	22	1	22.0	0.0	AC	AC	21.0	1.0	88.0	21.0	1112.0	1445.0	valide	
7	25576.0	4	JJ160	3r	23	1	23.0	1.0	AI	AI	58.0	1.0	1.0	58.0	1072.0	1275.0	valide	valide_AI_AM_AF
8	25576.0	4	JJ160	3r	24	2	24.0	3.0	AM	AM	27.0	2.0	82.0	27.0	1117.0	1432.0	valide	valide_AI_AM_AF
9	25576.0	4	JJ160	3r	25	3	25.0	2.0	AF	AF	34.0	3.0	0.0	34.0	1106.0	688.0	valide	valide_AI_AM_AF
10	25577.0	5	JJ160	4r	25	1	26.0	1.0	AI	AI	722.0	1.0	1.0	722.0	1099.0	607.0	valide	valide_AI_AM_AF
11	25577.0	5	JJ160	4r	26	2	27.0	2.0	AF	AF	4.0	2.0	80.0	4.0	1117.0	764.0	valide	valide_AI_AM_AF
12	25578.0	6	JJ160	4v	26	1	28.0	1.0	AI	AI	769.0	1.0	91.0	769.0	1108.0	683.0	valide	valide_AI_AM_AF
13	25578.0	6	JJ160	4v	27	2	29.0	3.0	AM	AM	46.0	2.0	1.0	46.0	1043.0	1283.0	valide	valide_AI_AM_AF
14	25578.0	6	JJ160	4v	28	3	30.0	3.0	AM	AM	34.0	3.0	80.0	34.0	1119.0	1414.0	valide	valide_AI_AM_AF
15	25578.0	6	JJ160	4v	29	4	31.0	2.0	AF	AF	51.0	4.0	1.0	51.0	1073.0	787.0	valide	valide_AI_AM_AF
16	25579.0	7	JJ160	6r	29	1	32.0	1.0	AI	AI	836.0	1.0	1.0	836.0	1125.0	494.0	valide	valide_AI_AM_AF
17	25579.0	7	JJ160	6r	30	2	33.0	3.0	AM	AM	40.0	2.0	76.0	40.0	1122.0	1403.0	valide	valide_AI_AM_AF
18	25579.0	7	JJ160	6r	31	3	34.0	2.0	AF	AF	54.0	3.0	1.0	54.0	1124.0	553.0	valide	valide_AI_AM_AF
19	25580.0	8	JJ160	7r	31	1	35.0	1.0	AI	AI	602.0	1.0	0.0	602.0	1088.0	729.0	valide	valide_AI_AM_AF
20	25580.0	8	JJ160	7r	32	2	36.0	2.0	AF	AF	30.0	2.0	67.0	30.0	1131.0	1425.0	valide	valide_AI_AM_AF
21	25581.0	9	JJ160	8r	33	1	37.0	0.0	AC	AC	59.0	1.0	0.0	59.0	1061.0	1279.0	valide	
22	25582.0	10	JJ160	8v	34	1	38.0	0.0	AC	AC	38.0	1.0	76.0	38.0	1124.0	1429.0	valide	
23	25583.0	11	JJ160	9r	35	1	39.0	0.0	AC	AC	59.0	1.0	0.0	59.0	1083.0	1280.0	valide	
24	25584.0	12	JJ160	9v	36	1	40.0	1.0	AI	AI	23.0	1.0	61.0	23.0	1138.0	1436.0	valide	valide_AI_AM_AF
25	25584.0	12	JJ160	9v	37	2	41.0	3.0	AM	AM	44.0	2.0	0.0	44.0	1067.0	1294.0	valide	valide_AI_AM_AF
26	25584.0	12	JJ160	9v	38	3	42.0	2.0	AF	AF	3.0	3.0	11.0	3.0	1186.0	469.0	valide	valide_AI_AM_AF
27	25585.0	13	JJ160	10v	38	1	43.0	1.0	AI	AI	476.0	1.0	99.0	476.0	1101.0	1001.0	valide	valide_AI_AM_AF
28	25585.0	13	JJ160	10v	39	2	44.0	3.0	AM	AM	39.0	2.0	1.0	39.0	1067.0	1296.0	valide	valide_AI_AM_AF
29	25585.0	13	JJ160	10v	40	3	45.0	3.0	AM	AM	2.0	3.0	64.0	2.0	1135.0	1463.0	valide	valide_AI_AM_AF
30	25585.0	13	JJ160	10v	41	4	46.0	2.0	AF	AF	51.0	4.0	2.0	51.0	1059.0	1289.0	valide	valide_AI_AM_AF
31	25586.0	14	JJ160	12v	42	1	47.0	0.0	AC	AC	27.0	1.0	79.0	27.0	1120.0	1432.0	valide	
32	25587.0	15	JJ160	13r	43	1	48.0	0.0	AC	AC	54.0	1.0	1.0	54.0	1066.0	1280.0	valide	
33	25588.0	16	JJ160	13v	44	1	49.0	1.0	AI	AI	32.0	1.0	50.0	32.0	1149.0	1457.0	valide	valide_AI_AM_AF
34	25588.0	16	JJ160	13v	45	2	50.0	2.0	AF	AF	12.0	2.0	3.0	12.0	1196.0	306.0	valide	valide_AI_AM_AF
35	25589.0	17	JJ160	14r	45	1	51.0	0.0	AC	AC	317.0	1.0	0.0	317.0	1156.0	89.0	valide	
36	25590.0	18	JJ160	14r	45	1	52.0	1.0	AI	AI	380.0	1.0	0.0	380.0	1111.0	954.0	valide	valide_AI_AM_AF
37	25590.0	18	JJ160	14r	46	2	53.0	3.0	AM	AM	13.0	2.0	57.0	13.0	1142.0	1471.0	valide	valide_AI_AM_AF
38	25590.0	18	JJ160	14r	47	3	54.0	2.0	AF	AF	17.0	3.0	1.0	17.0	1143.0	717.0	valide	valide_AI_AM_AF
39	25591.0	19	JJ160	15r	47	1	55.0	1.0	AI	AI	735.0	1.0	0.0	735.0	1098.0	592.0	valide	valide_AI_AM_AF
40	25591.0	19	JJ160	15r	48	2	56.0	2.0	AF	AF	24.0	2.0	39.0	24.0	1159.0	1079.0	valide	valide_AI_AM_AF
41	25592.0	20	JJ160	15v	48	1	57.0	1.0	AI	AI	1102.0	1.0	31.0	1102.0	1168.0	360.0	valide	valide_AI_AM_AF
42	25592.0	20	JJ160	15v	49	2	58.0	3.0	AM	AM	42.0	2.0	1.0	42.0	1057.0	1297.0	valide	valide_AI_AM_AF
43	25592.0	20	JJ160	15v	50	3	59.0	2.0	AF	AF	12.0	3.0	1.0	12.0	1198.0	1459.0	valide	valide_AI_AM_AF
44	25593.0	21	JJ160	17r	51	1	60.0	1.0	AI	AI	49.0	1.0	0.0	49.0	1043.0	1282.0	valide	valide_AI_AM_AF
45	25593.0	21	JJ160	17r	52	2	61.0	3.0	AM	AM	3.0	2.0	1.0	3.0	1198.0	1459.0	valide	valide_AI_AM_AF
46	25593.0	21	JJ160	17r	53	3	62.0	2.0	AF	AF	46.0	3.0	0.0	46.0	1050.0	504.0	valide	valide_AI_AM_AF
47	25594.0	22	JJ160	18r	53	1	63.0	1.0	AI	AI	551.0	1.0	0.0	551.0	1072.0	780.0	valide	valide_AI_AM_AF
48	25594.0	22	JJ160	18r	54	2	64.0	2.0	AF	AF	48.0	2.0	3.0	48.0	1196.0	1423.0	valide	valide_AI_AM_AF
49	25595.0	23	JJ160	19r	55	1	65.0	0.0	AC	AC	40.0	1.0	0.0	40.0	1040.0	1289.0	valide	
50	25597.0	25	JJ160	19v	56	1	66.0	1.0	AI	AI	48.0	1.0	1.0	48.0	1198.0	1416.0	valide	valide_AI_AM_AF
51	25597.0	25	JJ160	19v	57	2	67.0	2.0	AF	AF	41.0	2.0	0.0	41.0	1031.0	1294.0	valide	valide_AI_AM_AF
52	25598.0	26	JJ160	20v	58	1	68.0	1.0	AI	AI	43.0	1.0	7.0	43.0	1193.0	1425.0	valide	valide_AI_AM_AF
53	25598.0	26	JJ160	20v	59	2	69.0	3.0	AM	AM	43.0	2.0	0.0	43.0	1076.0	1303.0	valide	valide_AI_AM_AF
54	25598.0	26	JJ160	20v	60	3	70.0	2.0	AF	AF	46.0	3.0	3.0	46.0	1196.0	1424.0	valide	valide_AI_AM_AF
55	25599.0	27	JJ160	22r	61	1	71.0	1.0	AI	AI	54.0	1.0	0.0	54.0	1076.0	1283.0	valide	valide_AI_AM_AF
56	25599.0	27	JJ160	22r	62	2	72.0	2.0	AF	AF	31.0	2.0	3.0	31.0	1197.0	457.0	valide	valide_AI_AM_AF
57	25600.0	28	JJ160	22v	62	1	73.0	0.0	AC	AC	478.0	1.0	45.0	478.0	1089.0	69.0	valide	
58	25601.0	29	JJ160	22v	62	1	74.0	1.0	AI	AI	535.0	1.0	10.0	535.0	1189.0	935.0	valide	valide_AI_AM_AF
59	25601.0	29	JJ160	22v	63	2	75.0	2.0	AF	AF	36.0	2.0	0.0	36.0	1056.0	1305.0	valide	valide_AI_AM_AF
60	25602.0	30	JJ160	23v	64	1	76.0	1.0	AI	AI	32.0	1.0	2.0	32.0	1198.0	1434.0	valide	valide_AI_AM_AF
61	25602.0	30	JJ160	23v	65	2	77.0	2.0	AF	AF	31.0	2.0	0.0	31.0	1055.0	1302.0	valide	valide_AI_AM_AF
62	25603.0	31	JJ160	24v	66	1	78.0	0.0	AC	AC	34.0	1.0	2.0	34.0	1197.0	1435.0	valide	
63	25604.0	32	JJ160	25r	67	1	79.0	1.0	AI	AI	41.0	1.0	0.0	41.0	1083.0	1297.0	valide	valide_AI_AM_AF
64	25604.0	32	JJ160	25r	68	2	80.0	3.0	AM	AM	40.0	2.0	6.0	40.0	1194.0	1429.0	valide	valide_AI_AM_AF
65	25604.0	32	JJ160	25r	69	3	81.0	3.0	AM	AM	36.0	3.0	0.0	36.0	1045.0	1301.0	valide	valide_AI_AM_AF
66	25604.0	32	JJ160	25r	70	4	82.0	2.0	AF	AF	21.0	4.0	2.0	21.0	1198.0	735.0	valide	valide_AI_AM_AF
67	25605.0	33	JJ160	26v	70	1	83.0	1.0	AI	AI	758.0	1.0	6.0	758.0	1193.0	711.0	valide	valide_AI_AM_AF
68	25605.0	33	JJ160	26v	71	2	84.0	3.0	AM	AM	36.0	2.0	0.0	36.0	1081.0	1302.0	valide	valide_AI_AM_AF
69	25605.0	33	JJ160	26v	72	3	85.0	3.0	AM	AM	33.0	3.0	1.0	33.0	1199.0	1435.0	valide	valide_AI_AM_AF
70	25605.0	33	JJ160	26v	73	4	86.0	3.0	AM	AM	30.0	4.0	0.0	30.0	1039.0	1305.0	valide	valide_AI_AM_AF
71	25605.0	33	JJ160	26v	74	5	87.0	3.0	AM	AM	35.0	5.0	0.0	35.0	1200.0	1435.0	valide	valide_AI_AM_AF
72	25605.0	33	JJ160	26v	75	6	88.0	3.0	AM	AM	38.0	6.0	0.0	38.0	1062.0	1298.0	valide	valide_AI_AM_AF
73	25605.0	33	JJ160	26v	76	7	89.0	3.0	AM	AM	27.0	7.0	2.0	27.0	1197.0	1443.0	valide	valide_AI_AM_AF
74	25605.0	33	JJ160	26v	77	8	90.0	3.0	AM	AM	34.0	8.0	0.0	34.0	1044.0	1304.0	valide	valide_AI_AM_AF
75	25605.0	33	JJ160	26v	78	9	91.0	2.0	AF	AF	37.0	9.0	5.0	37.0	1195.0	1433.0	valide	valide_AI_AM_AF
76	25606.0	34	JJ160	31r	79	1	92.0	0.0	AC	AC	53.0	1.0	0.0	53.0	1058.0	1284.0	valide	
77	25607.0	35	JJ160	31v	80	1	93.0	1.0	AI	AI	46.0	1.0	1.0	46.0	1198.0	1424.0	valide	valide_AI_AM_AF
78	25607.0	35	JJ160	31v	81	2	94.0	3.0	AM	AM	41.0	2.0	0.0	41.0	1032.0	1297.0	valide	valide_AI_AM_AF
79	25607.0	35	JJ160	31v	82	3	95.0	2.0	AF	AF	25.0	3.0	2.0	25.0	1198.0	1446.0	valide	valide_AI_AM_AF
80	25608.0	36	JJ160	33r	83	1	96.0	1.0	AI	AI	46.0	1.0	0.0	46.0	1047.0	1294.0	valide	valide_AI_AM_AF
81	25608.0	36	JJ160	33r	84	2	97.0	2.0	AF	AF	43.0	2.0	13.0	43.0	1187.0	1406.0	valide	valide_AI_AM_AF
82	25609.0	37	JJ160	34r	85	1	98.0	1.0	AI	AI	41.0	1.0	0.0	41.0	1030.0	1294.0	valide	valide_AI_AM_AF
83	25609.0	37	JJ160	34r	86	2	99.0	3.0	AM	AM	48.0	2.0	11.0	48.0	1189.0	1395.0	valide	valide_AI_AM_AF
84	25609.0	37	JJ160	34r	87	3	100.0	2.0	AF	AF	32.0	3.0	0.0	32.0	1141.0	399.0	valide	valide_AI_AM_AF
85	25610.0	38	JJ160	35r	87	1	101.0	1.0	AI	AI	430.0	1.0	0.0	430.0	1059.0	904.0	valide	valide_AI_AM_AF
86	25610.0	38	JJ160	35r	88	2	102.0	3.0	AM	AM	43.0	2.0	1.0	43.0	1198.0	1405.0	valide	valide_AI_AM_AF
87	25610.0	38	JJ160	35r	89	3	103.0	2.0	AF	AF	24.0	3.0	0.0	24.0	1047.0	500.0	valide	valide_AI_AM_AF
88	25611.0	39	JJ160	36r	89	1	104.0	1.0	AI	AI	526.0	1.0	0.0	526.0	1039.0	810.0	valide	valide_AI_AM_AF
89	25611.0	39	JJ160	36r	90	2	105.0	2.0	AF	AF	27.0	2.0	6.0	27.0	1194.0	1055.0	valide	valide_AI_AM_AF
90	25612.0	40	JJ160	36v	90	1	106.0	1.0	AI	AI	1079.0	1.0	1.0	1079.0	1198.0	367.0	valide	valide_AI_AM_AF
91	25612.0	40	JJ160	36v	91	2	107.0	2.0	AF	AF	40.0	2.0	0.0	40.0	1059.0	1302.0	valide	valide_AI_AM_AF
92	25613.0	41	JJ160	37v	92	1	108.0	0.0	AC	AC	29.0	1.0	2.0	29.0	1197.0	1418.0	valide	
93	25614.0	42	JJ160	38r	93	1	109.0	1.0	AI	AI	53.0	1.0	0.0	53.0	1035.0	1294.0	valide	valide_AI_AM_AF
94	25614.0	42	JJ160	38r	94	2	110.0	2.0	AF	AF	28.0	2.0	9.0	28.0	1190.0	643.0	valide	valide_AI_AM_AF
95	25615.0	43	JJ160	38v	94	1	111.0	1.0	AI	AI	670.0	1.0	11.0	670.0	1188.0	779.0	valide	valide_AI_AM_AF
96	25615.0	43	JJ160	38v	95	2	112.0	2.0	AF	AF	48.0	2.0	0.0	48.0	1065.0	627.0	valide	valide_AI_AM_AF
97	25616.0	44	JJ160	39r	95	1	113.0	1.0	AI	AI	674.0	1.0	0.0	674.0	1027.0	659.0	valide	valide_AI_AM_AF
98	25616.0	44	JJ160	39r	96	2	114.0	2.0	AF	AF	37.0	2.0	0.0	37.0	1200.0	1413.0	valide	valide_AI_AM_AF
99	25617.0	45	JJ160	40r	97	1	115.0	1.0	AI	AI	50.0	1.0	0.0	50.0	1031.0	1296.0	valide	valide_AI_AM_AF
100	25617.0	45	JJ160	40r	98	2	116.0	2.0	AF	AF	23.0	2.0	5.0	23.0	1194.0	421.0	valide	valide_AI_AM_AF
101	25618.0	46	JJ160	40v	98	1	117.0	0.0	AC	AC	443.0	1.0	0.0	443.0	1199.0	93.0	valide	
102	25619.0	47	JJ160	40v	98	1	118.0	0.0	AC	AC	532.0	1.0	0.0	532.0	1199.0	916.0	valide	
103	25620.0	48	JJ160	41r	99	1	119.0	0.0	AC	AC	44.0	1.0	0.0	44.0	1053.0	1298.0	valide	
104	25621.0	49	JJ160	41v	100	1	120.0	0.0	AC	AC	25.0	1.0	0.0	25.0	1200.0	915.0	valide	
105	25622.0	50	JJ160	41v	100	1	121.0	1.0	AI	AI	942.0	1.0	0.0	942.0	1199.0	506.0	valide	valide_AI_AM_AF
106	25622.0	50	JJ160	41v	101	2	122.0	2.0	AF	AF	25.0	2.0	0.0	25.0	1088.0	392.0	valide	valide_AI_AM_AF
107	25623.0	51	JJ160	42r	101	1	123.0	1.0	AI	AI	416.0	1.0	0.0	416.0	1049.0	932.0	valide	valide_AI_AM_AF
108	25623.0	51	JJ160	42r	102	2	124.0	2.0	AF	AF	25.0	2.0	3.0	25.0	1197.0	488.0	valide	valide_AI_AM_AF
109	25624.0	52	JJ160	42v	102	1	125.0	1.0	AI	AI	515.0	1.0	0.0	515.0	1199.0	931.0	valide	valide_AI_AM_AF
110	25624.0	52	JJ160	42v	103	2	126.0	2.0	AF	AF	27.0	2.0	0.0	27.0	1035.0	803.0	valide	valide_AI_AM_AF
111	25625.0	53	JJ160	43r	103	1	127.0	1.0	AI	AI	825.0	1.0	0.0	825.0	1022.0	510.0	valide	valide_AI_AM_AF
112	25625.0	53	JJ160	43r	104	2	128.0	2.0	AF	AF	22.0	2.0	2.0	22.0	1198.0	742.0	valide	valide_AI_AM_AF
113	25626.0	54	JJ160	43v	104	1	129.0	1.0	AI	AI	764.0	1.0	0.0	764.0	1199.0	683.0	valide	valide_AI_AM_AF
114	25626.0	54	JJ160	43v	105	2	130.0	3.0	AM	AM	41.0	2.0	0.0	41.0	1056.0	1307.0	valide	valide_AI_AM_AF
115	25626.0	54	JJ160	43v	106	3	131.0	2.0	AF	AF	18.0	3.0	3.0	18.0	1197.0	482.0	valide	valide_AI_AM_AF
116	25627.0	55	JJ160	44v	106	1	132.0	1.0	AI	AI	499.0	1.0	0.0	499.0	1199.0	945.0	valide	valide_AI_AM_AF
117	25627.0	55	JJ160	44v	107	2	133.0	2.0	AF	AF	3.0	2.0	0.0	3.0	1193.0	395.0	valide	valide_AI_AM_AF
118	25628.0	56	JJ160	45r	107	1	134.0	0.0	AC	AC	395.0	1.0	0.0	395.0	1068.0	946.0	valide	
119	25629.0	57	JJ160	45v	108	1	135.0	0.0	AC	AC	17.0	1.0	1.0	17.0	1199.0	977.0	valide	
120	25630.0	58	JJ160	45v	108	1	136.0	1.0	AI	AI	994.0	1.0	1.0	994.0	1198.0	450.0	valide	valide_AI_AM_AF
121	25630.0	58	JJ160	45v	109	2	137.0	2.0	AF	AF	37.0	2.0	0.0	37.0	1042.0	1308.0	valide	valide_AI_AM_AF
122	25631.0	59	JJ160	46v	110	1	138.0	0.0	AC	AC	17.0	1.0	0.0	17.0	1200.0	1428.0	valide	
123	25632.0	60	JJ160	47r	111	1	139.0	0.0	AC	AC	65.0	1.0	0.0	65.0	1063.0	1285.0	valide	
124	25633.0	61	JJ160	47v	112	1	140.0	1.0	AI	AI	25.0	1.0	0.0	25.0	1199.0	1421.0	valide	valide_AI_AM_AF
125	25633.0	61	JJ160	47v	113	2	141.0	2.0	AF	AF	19.0	2.0	0.0	19.0	1059.0	828.0	valide	valide_AI_AM_AF
126	25634.0	62	JJ160	48r	113	1	142.0	1.0	AI	AI	839.0	1.0	0.0	839.0	1039.0	489.0	valide	valide_AI_AM_AF
127	25634.0	62	JJ160	48r	114	2	143.0	2.0	AF	AF	15.0	2.0	1.0	15.0	1198.0	1434.0	valide	valide_AI_AM_AF
128	25635.0	63	JJ160	49r	115	1	144.0	0.0	AC	AC	47.0	1.0	0.0	47.0	1039.0	1297.0	valide	
129	25635.1	63bis	JJ160	49v	116	1	145.0	0.0	AC	AC	12.0	1.0	0.0	12.0	1199.0	695.0	valide	
130	25636.0	64	JJ160	49v	116	1	146.0	1.0	AI	AI	709.0	1.0	2.0	709.0	1197.0	736.0	valide	valide_AI_AM_AF
131	25636.0	64	JJ160	49v	117	2	147.0	3.0	AM	AM	40.0	2.0	0.0	40.0	1058.0	1304.0	valide	valide_AI_AM_AF
132	25636.0	64	JJ160	49v	118	3	148.0	2.0	AF	AF	25.0	3.0	2.0	25.0	1198.0	574.0	valide	valide_AI_AM_AF
133	25637.0	65	JJ160	50v	118	1	149.0	1.0	AI	AI	601.0	1.0	0.0	601.0	1200.0	822.0	valide	valide_AI_AM_AF
134	25637.0	65	JJ160	50v	119	2	150.0	3.0	AM	AM	5.0	2.0	4.0	5.0	1196.0	1296.0	valide	valide_AI_AM_AF
135	25637.0	65	JJ160	50v	120	3	151.0	2.0	AF	AF	14.0	3.0	2.0	14.0	1198.0	433.0	valide	valide_AI_AM_AF
136	25638.0	66	JJ160	51v	120	1	152.0	1.0	AI	AI	448.0	1.0	0.0	448.0	1200.0	970.0	valide	valide_AI_AM_AF
137	25638.0	66	JJ160	51v	121	2	153.0	3.0	AM	AM	9.0	2.0	1.0	9.0	1018.0	1290.0	valide	valide_AI_AM_AF
138	25638.0	66	JJ160	51v	122	3	154.0	3.0	AM	AM	42.0	3.0	0.0	42.0	1200.0	1373.0	valide	valide_AI_AM_AF
139	25638.0	66	JJ160	51v	123	4	155.0	3.0	AM	AM	23.0	4.0	0.0	23.0	1049.0	1278.0	valide	valide_AI_AM_AF
140	25638.0	66	JJ160	51v	124	5	156.0	3.0	AM	AM	51.0	5.0	0.0	51.0	1200.0	1366.0	valide	valide_AI_AM_AF
141	25638.0	66	JJ160	51v	125	6	157.0	2.0	AF	AF	37.0	6.0	1.0	37.0	1199.0	523.0	valide	valide_AI_AM_AF
142	25639.0	67	JJ160	54r	125	1	158.0	1.0	AI	AI	560.0	1.0	0.0	560.0	1018.0	742.0	valide	valide_AI_AM_AF
143	25639.0	67	JJ160	54r	126	2	159.0	2.0	AF	AF	50.0	2.0	2.0	50.0	1198.0	417.0	valide	valide_AI_AM_AF
144	25640.0	68	JJ160	54v	126	1	160.0	0.0	AC	AC	466.0	1.0	0.0	466.0	1200.0	951.0	valide	
145	25641.0	69	JJ160	55r	127	1	161.0	1.0	AI	AI	41.0	1.0	1.0	41.0	1019.0	1265.0	valide	valide_AI_AM_AF
146	25641.0	69	JJ160	55r	128	2	162.0	3.0	AM	AM	49.0	2.0	0.0	49.0	1200.0	1369.0	valide	valide_AI_AM_AF
147	25641.0	69	JJ160	55r	129	3	163.0	3.0	AM	AM	41.0	3.0	0.0	41.0	1017.0	1262.0	valide	valide_AI_AM_AF
148	25641.0	69	JJ160	55r	130	4	164.0	2.0	AF	AF	48.0	4.0	0.0	48.0	1200.0	1376.0	valide	valide_AI_AM_AF
149	25641.1	69bis	JJ160	57r	131	1	165.0	0.0	AC	AC	28.0	1.0	3.0	28.0	1197.0	878.0	valide	
150	25642.0	70	JJ160	57r	131	1	166.0	1.0	AI	AI	904.0	1.0	1.0	904.0	1030.0	381.0	valide	valide_AI_AM_AF
151	25642.0	70	JJ160	57r	132	2	167.0	2.0	AF	AF	34.0	2.0	0.0	34.0	1200.0	1388.0	valide	valide_AI_AM_AF
152	25643.0	71	JJ160	58r	133	1	168.0	1.0	AI	AI	43.0	1.0	0.0	43.0	1021.0	1254.0	valide	valide_AI_AM_AF
153	25643.0	71	JJ160	58r	134	2	169.0	2.0	AF	AF	36.0	2.0	0.0	36.0	1197.0	414.0	valide	valide_AI_AM_AF
154	25644.0	72	JJ160	58v	134	1	170.0	1.0	AI	AI	450.0	1.0	0.0	450.0	1200.0	967.0	valide	valide_AI_AM_AF
155	25644.0	72	JJ160	58v	135	2	171.0	2.0	AF	AF	20.0	2.0	4.0	20.0	1196.0	836.0	valide	valide_AI_AM_AF
156	25645.0	73	JJ160	59r	135	1	172.0	1.0	AI	AI	847.0	1.0	0.0	847.0	1027.0	436.0	valide	structure_invalide
157	25645.0	73	JJ160	59r	136	2											zone_suite_manquante	structure_invalide
158	25647.0	75	JJ160	60v	138	1	175.0	0.0	AC	AC	51.0	1.0	0.0	51.0	1199.0	1365.0	valide	
159	25648.0	76	JJ160	61r	139	1	176.0	0.0	AC	AC	52.0	1.0	0.0	52.0	1052.0	1242.0	valide	
160	25649.0	77	JJ160	61v	140	1	177.0	1.0	AI	AI	41.0	1.0	0.0	41.0	1200.0	1377.0	valide	valide_AI_AM_AF
161	25649.0	77	JJ160	61v	141	2	178.0	2.0	AF	AF	36.0	2.0	3.0	36.0	1197.0	320.0	valide	valide_AI_AM_AF
162	25650.0	78	JJ160	62r	141	1	179.0	1.0	AI	AI	353.0	1.0	0.0	353.0	1016.0	936.0	valide	valide_AI_AM_AF
163	25650.0	78	JJ160	62r	142	2	180.0	2.0	AF	AF	36.0	2.0	9.0	36.0	1191.0	1388.0	valide	valide_AI_AM_AF
164	25651.0	79	JJ160	63r	143	1	181.0	1.0	AI	AI	49.0	1.0	0.0	49.0	1017.0	1242.0	valide	valide_AI_AM_AF
165	25651.0	79	JJ160	63r	144	2	182.0	2.0	AF	AF	26.0	2.0	4.0	26.0	1196.0	938.0	valide	valide_AI_AM_AF
166	25652.0	80	JJ160	63v	144	1	183.0	1.0	AI	AI	960.0	1.0	5.0	960.0	1195.0	455.0	valide	valide_AI_AM_AF
167	25652.0	80	JJ160	63v	145	2	184.0	2.0	AF	AF	49.0	2.0	2.0	49.0	1015.0	1242.0	valide	valide_AI_AM_AF
168	25653.0	81	JJ160	64v	146	1	185.0	0.0	AC	AC	49.0	1.0	6.0	49.0	1194.0	873.0	valide	
169	25654.0	82	JJ160	64v	146	1	186.0	1.0	AI	AI	923.0	1.0	0.0	923.0	1200.0	490.0	valide	valide_AI_AM_AF
170	25654.0	82	JJ160	64v	147	2	187.0	2.0	AF	AF	42.0	2.0	5.0	42.0	1195.0	720.0	valide	valide_AI_AM_AF
171	25655.0	83	JJ160	65r	147	1	188.0	1.0	AI	AI	749.0	1.0	0.0	749.0	1043.0	534.0	valide	valide_AI_AM_AF
172	25655.0	83	JJ160	65r	148	2	189.0	2.0	AF	AF	32.0	2.0	0.0	32.0	1200.0	827.0	valide	valide_AI_AM_AF
173	25656.0	84	JJ160	65v	148	1	190.0	1.0	AI	AI	857.0	1.0	0.0	857.0	1200.0	551.0	valide	valide_AI_AM_AF
174	25656.0	84	JJ160	65v	149	2	191.0	3.0	AM	AM	46.0	2.0	0.0	46.0	1043.0	1242.0	valide	valide_AI_AM_AF
175	25656.0	84	JJ160	65v	150	3	192.0	2.0	AF	AF	39.0	3.0	0.0	39.0	1200.0	664.0	valide	valide_AI_AM_AF
176	25657.0	85	JJ160	66v	150	1	193.0	1.0	AI	AI	702.0	1.0	0.0	702.0	1200.0	722.0	valide	valide_AI_AM_AF
177	25657.0	85	JJ160	66v	151	2	194.0	2.0	AF	AF	35.0	2.0	6.0	35.0	1194.0	991.0	valide	valide_AI_AM_AF
178	25658.0	86	JJ160	67r	151	1	195.0	1.0	AI	AI	1025.0	1.0	2.0	1025.0	1142.0	259.0	valide	valide_AI_AM_AF
179	25658.0	86	JJ160	67r	152	2	196.0	2.0	AF	AF	42.0	2.0	0.0	42.0	1200.0	796.0	valide	valide_AI_AM_AF
180	25659.0	87	JJ160	67v	152	1	197.0	1.0	AI	AI	838.0	1.0	1.0	838.0	1199.0	565.0	valide	valide_AI_AM_AF
181	25659.0	87	JJ160	67v	153	2	198.0	3.0	AM	AM	51.0	2.0	1.0	51.0	1034.0	1247.0	valide	valide_AI_AM_AF
182	25659.0	87	JJ160	67v	154	3	199.0	2.0	AF	AF	24.0	3.0	3.0	24.0	1197.0	319.0	valide	valide_AI_AM_AF
183	25660.0	88	JJ160	68v	154	1	200.0	1.0	AI	AI	345.0	1.0	0.0	345.0	1200.0	1061.0	valide	valide_AI_AM_AF
184	25660.0	88	JJ160	68v	155	2	201.0	2.0	AF	AF	40.0	2.0	4.0	40.0	1196.0	639.0	valide	valide_AI_AM_AF
185	25661.0	89	JJ160	69r	155	1	202.0	1.0	AI	AI	676.0	1.0	0.0	676.0	1044.0	606.0	valide	valide_AI_AM_AF
186	25661.0	89	JJ160	69r	156	2	203.0	2.0	AF	AF	34.0	2.0	2.0	34.0	1198.0	1377.0	valide	valide_AI_AM_AF
187	25662.0	90	JJ160	70r	157	1	204.0	0.0	AC	AC	43.0	1.0	0.0	43.0	1061.0	844.0	valide	
188	25662.1	90bis	JJ160	70r	157	1	205.0	0.0	AC	AC	886.0	1.0	0.0	886.0	1035.0	80.0	valide	
189	25662.2	90ter	JJ160	70r	157	1	206.0	0.0	AC	AC	971.0	1.0	77.0	971.0	796.0	120.0	valide	
190	25663.0	91	JJ160	70v	158	1	207.0	0.0	AC	AC	41.0	1.0	0.0	41.0	1200.0	1370.0	valide	
191	25664.0	92	JJ160	71r	159	1	208.0	1.0	AI	AI	54.0	1.0	0.0	54.0	1053.0	1246.0	valide	valide_AI_AM_AF
192	25664.0	92	JJ160	71r	160	2	209.0	3.0	AM	AM	46.0	2.0	0.0	46.0	1200.0	1365.0	valide	valide_AI_AM_AF
193	25664.0	92	JJ160	71r	161	3	210.0	2.0	AF	AF	49.0	3.0	1.0	49.0	1031.0	1279.0	valide	valide_AI_AM_AF
194	25665.0	93	JJ160	72v	162	1	211.0	0.0	AC	AC	39.0	1.0	0.0	39.0	1200.0	818.0	valide	
195	25666.0	94	JJ160	73v	164	1	214.0	0.0	AC	AC	40.0	1.0	0.0	40.0	1200.0	1348.0	valide	
196	25667.0	95	JJ160	74r	165	1	215.0	0.0	AC	AC	40.0	1.0	0.0	40.0	1032.0	1250.0	valide	
197	25668.0	96	JJ160	74v	166	1	216.0	1.0	AI	AI	34.0	1.0	0.0	34.0	1200.0	1348.0	valide	valide_AI_AM_AF
198	25668.0	96	JJ160	74v	167	2	217.0	2.0	AF	AF	14.0	2.0	0.0	14.0	1169.0	570.0	valide	valide_AI_AM_AF
199	25669.0	97	JJ160	75r	167	1	218.0	1.0	AI	AI	578.0	1.0	0.0	578.0	1019.0	686.0	valide	valide_AI_AM_AF
200	25669.0	97	JJ160	75r	168	2	219.0	2.0	AF	AF	17.0	2.0	7.0	17.0	1193.0	370.0	valide	valide_AI_AM_AF
201	25670.0	98	JJ160	75v	168	1	220.0	1.0	AI	AI	385.0	1.0	0.0	385.0	1200.0	998.0	valide	valide_AI_AM_AF
202	25670.0	98	JJ160	75v	169	2	221.0	2.0	AF	AF	7.0	2.0	1.0	7.0	1199.0	678.0	valide	valide_AI_AM_AF
203	25671.0	99	JJ160	76r	169	1	222.0	1.0	AI	AI	685.0	1.0	0.0	685.0	1034.0	580.0	valide	valide_AI_AM_AF
204	25671.0	99	JJ160	76r	170	2	223.0	2.0	AF	AF	24.0	2.0	0.0	24.0	1200.0	413.0	valide	valide_AI_AM_AF
205	25672.0	100	JJ160	76v	170	1	224.0	1.0	AI	AI	437.0	1.0	80.0	437.0	1120.0	951.0	valide	valide_AI_AM_AF
206	25672.0	100	JJ160	76v	171	2	225.0	2.0	AF	AF	16.0	2.0	3.0	16.0	1197.0	587.0	valide	valide_AI_AM_AF
207	25673.0	101	JJ160	77r	171	1	226.0	1.0	AI	AI	604.0	1.0	1.0	604.0	1045.0	663.0	valide	valide_AI_AM_AF
208	25673.0	101	JJ160	77r	172	2	227.0	3.0	AM	AM	27.0	2.0	0.0	27.0	1200.0	1361.0	valide	valide_AI_AM_AF
209	25673.0	101	JJ160	77r	173	3	228.0	2.0	AF	AF	23.0	3.0	0.0	23.0	1200.0	451.0	valide	valide_AI_AM_AF
210	25674.0	102	JJ160	78r	173	1	229.0	1.0	AI	AI	475.0	1.0	1.0	475.0	1052.0	810.0	valide	valide_AI_AM_AF
211	25674.0	102	JJ160	78r	174	2	230.0	2.0	AF	AF	15.0	2.0	0.0	15.0	1199.0	348.0	valide	valide_AI_AM_AF
212	25675.0	103	JJ160	78v	174	1	231.0	0.0	AC	AC	364.0	1.0	0.0	364.0	1200.0	1019.0	valide	
213	25676.0	104	JJ160	79r	175	1	232.0	0.0	AC	AC	27.0	1.0	2.0	27.0	1061.0	1265.0	valide	
214	25677.0	105	JJ160	79v	176	1	233.0	0.0	AC	AC	7.0	1.0	0.0	7.0	1200.0	1380.0	valide	
215	25678.0	106	JJ160	80r	177	1	234.0	1.0	AI	AI	20.0	1.0	1.0	20.0	1064.0	1262.0	valide	valide_AI_AM_AF
216	25678.0	106	JJ160	80r	178	2	235.0	2.0	AF	AF	5.0	2.0	0.0	5.0	1200.0	1151.0	valide	valide_AI_AM_AF
217	25679.0	107	JJ160	80v	178	1	236.0	0.0	AC	AC	1124.0	1.0	0.0	1124.0	1199.0	246.0	valide	
218	25680.0	108	JJ160	81r	179	1	237.0	1.0	AI	AI	31.0	1.0	1.0	31.0	1048.0	1256.0	valide	valide_AI_AM_AF
219	25680.0	108	JJ160	81r	180	2	238.0	2.0	AF	AF	17.0	2.0	0.0	17.0	1199.0	452.0	valide	valide_AI_AM_AF
220	25681.0	109	JJ160	81v	180	1	239.0	0.0	AC	AC	470.0	1.0	193.0	470.0	1007.0	117.0	valide	
221	25682.0	110	JJ160	81v	180	1	240.0	1.0	AI	AI	588.0	1.0	0.0	588.0	1200.0	785.0	valide	valide_AI_AM_AF
222	25682.0	110	JJ160	81v	181	2	241.0	3.0	AM	AM	27.0	2.0	1.0	27.0	1069.0	1259.0	valide	valide_AI_AM_AF
223	25682.0	110	JJ160	81v	182	3	242.0	2.0	AF	AF	27.0	3.0	89.0	27.0	1110.0	742.0	valide	valide_AI_AM_AF
224	25683.0	111	JJ160	82v	182	1	243.0	1.0	AI	AI	770.0	1.0	0.0	770.0	1200.0	594.0	valide	valide_AI_AM_AF
225	25683.0	111	JJ160	82v	183	2	244.0	2.0	AF	AF	28.0	2.0	6.0	28.0	1145.0	1263.0	valide	valide_AI_AM_AF
226	25684.0	112	JJ160	83v	184	1	245.0	1.0	AI	AI	26.0	1.0	0.0	26.0	1200.0	1359.0	valide	valide_AI_AM_AF
227	25684.0	112	JJ160	83v	185	2	246.0	2.0	AF	AF	25.0	2.0	0.0	25.0	1200.0	506.0	valide	valide_AI_AM_AF
228	25685.0	113	JJ160	84r	185	1	247.0	1.0	AI	AI	536.0	1.0	1.0	536.0	1052.0	739.0	valide	valide_AI_AM_AF
229	25685.0	113	JJ160	84r	186	2	248.0	3.0	AM	AM	8.0	2.0	0.0	8.0	1200.0	1378.0	valide	valide_AI_AM_AF
230	25685.0	113	JJ160	84r	187	3	249.0	2.0	AF	AF	33.0	3.0	0.0	33.0	1200.0	452.0	valide	valide_AI_AM_AF
231	25686.0	114	JJ160	85r	187	1	250.0	1.0	AI	AI	484.0	1.0	0.0	484.0	1054.0	800.0	valide	valide_AI_AM_AF
232	25686.0	114	JJ160	85r	188	2	251.0	2.0	AF	AF	12.0	2.0	8.0	12.0	1192.0	463.0	valide	valide_AI_AM_AF
233	25687.0	115	JJ160	85v	188	1	252.0	1.0	AI	AI	474.0	1.0	197.0	474.0	1003.0	917.0	valide	valide_AI_AM_AF
234	25687.0	115	JJ160	85v	189	2	253.0	2.0	AF	AF	26.0	2.0	4.0	26.0	1176.0	715.0	valide	valide_AI_AM_AF
235	25688.0	116	JJ160	86r	189	1	254.0	1.0	AI	AI	746.0	1.0	1.0	746.0	1049.0	526.0	valide	valide_AI_AM_AF
236	25688.0	116	JJ160	86r	190	2	255.0	2.0	AF	AF	7.0	2.0	0.0	7.0	1200.0	1395.0	valide	valide_AI_AM_AF
237	25689.0	117	JJ160	87r	191	1	256.0	1.0	AI	AI	31.0	1.0	3.0	31.0	1123.0	1263.0	valide	valide_AI_AM_AF
238	25689.0	117	JJ160	87r	192	2	257.0	2.0	AF	AF	9.0	2.0	32.0	9.0	1168.0	950.0	valide	valide_AI_AM_AF
239	25690.0	118	JJ160	87v	192	1	258.0	1.0	AI	AI	955.0	1.0	0.0	955.0	1200.0	424.0	valide	valide_AI_AM_AF
240	25690.0	118	JJ160	87v	193	2	259.0	3.0	AM	AM	27.0	2.0	2.0	27.0	1066.0	1271.0	valide	valide_AI_AM_AF
241	25690.0	118	JJ160	87v	194	3	260.0	2.0	AF	AF	31.0	3.0	127.0	31.0	1073.0	774.0	valide	valide_AI_AM_AF
242	25691.0	119	JJ160	88v	194	1	261.0	1.0	AI	AI	804.0	1.0	3.0	804.0	1197.0	590.0	valide	valide_AI_AM_AF
243	25691.0	119	JJ160	88v	195	2	262.0	2.0	AF	AF	8.0	2.0	2.0	8.0	1149.0	1281.0	valide	valide_AI_AM_AF
244	25692.0	120	JJ160	89v	196	1	263.0	0.0	AC	AC	35.0	1.0	5.0	35.0	1195.0	1366.0	valide	
245	25693.0	121	JJ160	90r	197	1	264.0	1.0	AI	AI	19.0	1.0	1.0	19.0	1051.0	1262.0	valide	valide_AI_AM_AF
246	25693.0	121	JJ160	90r	198	2	265.0	2.0	AF	AF	6.0	2.0	27.0	6.0	1173.0	760.0	valide	valide_AI_AM_AF
247	25694.0	122	JJ160	90v	198	1	266.0	1.0	AI	AI	762.0	1.0	204.0	762.0	996.0	614.0	valide	valide_AI_AM_AF
248	25694.0	122	JJ160	90v	199	2	267.0	2.0	AF	AF	19.0	2.0	1.0	19.0	1181.0	693.0	valide	valide_AI_AM_AF
249	25695.0	123	JJ160	91r	199	1	268.0	1.0	AI	AI	710.0	1.0	0.0	710.0	1043.0	554.0	valide	valide_AI_AM_AF
250	25695.0	123	JJ160	91r	200	2	269.0	2.0	AF	AF	8.0	2.0	0.0	8.0	1200.0	1393.0	valide	valide_AI_AM_AF
251	25696.0	124	JJ160	92r	201	1	270.0	1.0	AI	AI	27.0	1.0	1.0	27.0	1032.0	1255.0	valide	valide_AI_AM_AF
252	25696.0	124	JJ160	92r	202	2	271.0	2.0	AF	AF	6.0	2.0	80.0	6.0	1120.0	701.0	valide	valide_AI_AM_AF
253	25697.0	125	JJ160	92v	202	1	272.0	1.0	AI	AI	708.0	1.0	199.0	708.0	1000.0	683.0	valide	valide_AI_AM_AF
254	25697.0	125	JJ160	92v	203	2	273.0	2.0	AF	AF	21.0	2.0	0.0	21.0	1116.0	775.0	valide	valide_AI_AM_AF
255	25698.0	126	JJ160	93r	203	1	274.0	1.0	AI	AI	797.0	1.0	2.0	797.0	1060.0	463.0	valide	valide_AI_AM_AF
256	25698.0	126	JJ160	93r	204	2	275.0	2.0	AF	AF	12.0	2.0	0.0	12.0	1200.0	775.0	valide	valide_AI_AM_AF
257	25699.0	127	JJ160	93v	204	1	276.0	1.0	AI	AI	785.0	1.0	0.0	785.0	1200.0	613.0	valide	valide_AI_AM_AF
258	25699.0	127	JJ160	93v	205	2	277.0	2.0	AF	AF	37.0	2.0	0.0	37.0	1041.0	626.0	valide	valide_AI_AM_AF
259	25700.0	128	JJ160	94r	205	1	278.0	1.0	AI	AI	663.0	1.0	0.0	663.0	1015.0	623.0	valide	valide_AI_AM_AF
260	25700.0	128	JJ160	94r	206	2	279.0	2.0	AF	AF	8.0	2.0	0.0	8.0	1200.0	551.0	valide	valide_AI_AM_AF
261	25701.0	129	JJ160	94v	206	1	280.0	0.0	AC	AC	557.0	1.0	0.0	557.0	1200.0	811.0	valide	
262	25702.0	130	JJ160	95r	207	1	281.0	0.0	AC	AC	15.0	1.0	0.0	15.0	1038.0	1295.0	valide	
263	25703.0	131	JJ160	95v	208	1	282.0	0.0	AC	AC	22.0	1.0	0.0	22.0	1200.0	1354.0	valide	
264	25704.0	132	JJ160	96r	209	1	283.0	0.0	AC	AC	8.0	1.0	0.0	8.0	1045.0	1209.0	valide	
265	25705.0	133	JJ160	96r	209	1	284.0	0.0	AC	AC	1134.0	1.0	1.0	1134.0	1055.0	161.0	valide	
266	25706.0	134	JJ160	96v	210	1	285.0	0.0	AC	AC	24.0	1.0	0.0	24.0	1200.0	1352.0	valide	
267	25707.0	135	JJ160	97r	211	1	286.0	1.0	AI	AI	18.0	1.0	0.0	18.0	1022.0	1299.0	valide	valide_AI_AM_AF
268	25707.0	135	JJ160	97r	212	2	287.0	2.0	AF	AF	34.0	2.0	0.0	34.0	1199.0	1349.0	valide	valide_AI_AM_AF
269	25708.0	136	JJ160	98r	213	1	288.0	0.0	AC	AC	8.0	1.0	0.0	8.0	1036.0	959.0	valide	
270	25709.0	137	JJ160	98r	213	1	289.0	1.0	AI	AI	965.0	1.0	1.0	965.0	1026.0	324.0	valide	valide_AI_AM_AF
271	25709.0	137	JJ160	98r	214	2	290.0	2.0	AF	AF	35.0	2.0	0.0	35.0	1199.0	1336.0	valide	valide_AI_AM_AF
272	25710.0	138	JJ160	99r	215	1	291.0	1.0	AI	AI	8.0	1.0	0.0	8.0	1037.0	1304.0	valide	valide_AI_AM_AF
273	25710.0	138	JJ160	99r	216	2	292.0	2.0	AF	AF	9.0	2.0	7.0	9.0	1192.0	403.0	valide	valide_AI_AM_AF
274	25711.0	139	JJ160	99v	216	1	293.0	1.0	AI	AI	400.0	1.0	1.0	400.0	1198.0	959.0	valide	valide_AI_AM_AF
275	25711.0	139	JJ160	99v	217	2	294.0	3.0	AM	AM	11.0	2.0	0.0	11.0	1039.0	1304.0	valide	valide_AI_AM_AF
276	25711.0	139	JJ160	99v	218	3	295.0	2.0	AF	AF	7.0	3.0	0.0	7.0	1199.0	658.0	valide	valide_AI_AM_AF
277	25712.0	140	JJ160	100v	218	1	296.0	0.0	AC	AC	663.0	1.0	0.0	663.0	1199.0	700.0	valide	
278	25713.0	141	JJ160	101r	219	1	297.0	1.0	AI	AI	8.0	1.0	0.0	8.0	1012.0	1307.0	valide	valide_AI_AM_AF
279	25713.0	141	JJ160	101r	220	2	298.0	3.0	AM	AM	8.0	2.0	0.0	8.0	1200.0	1362.0	valide	valide_AI_AM_AF
280	25713.0	141	JJ160	101r	221	3	299.0	2.0	AF	AF	3.0	3.0	2.0	3.0	1198.0	470.0	valide	valide_AI_AM_AF
281	25714.0	142	JJ160	102r	221	1	300.0	1.0	AI	AI	475.0	1.0	0.0	475.0	1016.0	825.0	valide	valide_AI_AM_AF
282	25714.0	142	JJ160	102r	222	2	301.0	2.0	AF	AF	13.0	2.0	0.0	13.0	1199.0	1365.0	valide	valide_AI_AM_AF
283	25715.0	143	JJ160	103r	223	1	302.0	1.0	AI	AI	26.0	1.0	0.0	26.0	1015.0	1289.0	valide	valide_AI_AM_AF
284	25715.0	143	JJ160	103r	224	2	303.0	2.0	AF	AF	21.0	2.0	0.0	21.0	1198.0	509.0	valide	valide_AI_AM_AF
285	25716.0	144	JJ160	103v	224	1	304.0	1.0	AI	AI	529.0	1.0	40.0	529.0	1159.0	855.0	valide	valide_AI_AM_AF
286	25716.0	144	JJ160	103v	225	2	305.0	2.0	AF	AF	9.0	2.0	1.0	9.0	1199.0	745.0	valide	valide_AI_AM_AF
287	25717.0	145	JJ160	104r	225	1	306.0	1.0	AI	AI	749.0	1.0	0.0	749.0	1052.0	550.0	valide	valide_AI_AM_AF
288	25717.0	145	JJ160	104r	226	2	307.0	2.0	AF	AF	14.0	2.0	10.0	14.0	1189.0	597.0	valide	valide_AI_AM_AF
289	25718.0	146	JJ160	104v	226	1	308.0	1.0	AI	AI	610.0	1.0	0.0	610.0	1199.0	752.0	valide	valide_AI_AM_AF
290	25718.0	146	JJ160	104v	227	2	309.0	2.0	AF	AF	5.0	2.0	1.0	5.0	1199.0	879.0	valide	valide_AI_AM_AF
291	25719.0	147	JJ160	105r	227	1	310.0	1.0	AI	AI	883.0	1.0	1.0	883.0	1048.0	406.0	valide	valide_AI_AM_AF
292	25719.0	147	JJ160	105r	228	2	311.0	2.0	AF	AF	20.0	2.0	0.0	20.0	1199.0	730.0	valide	valide_AI_AM_AF
293	25720.0	148	JJ160	105v	228	1	312.0	1.0	AI	AI	746.0	1.0	0.0	746.0	1199.0	610.0	valide	valide_AI_AM_AF
294	25720.0	148	JJ160	105v	229	2	313.0	2.0	AF	AF	9.0	2.0	0.0	9.0	1200.0	843.0	valide	valide_AI_AM_AF
295	25721.0	149	JJ160	106r	229	1	314.0	1.0	AI	AI	852.0	1.0	1.0	852.0	1058.0	430.0	valide	valide_AI_AM_AF
296	25721.0	149	JJ160	106r	230	2	315.0	2.0	AF	AF	15.0	2.0	0.0	15.0	1199.0	978.0	valide	valide_AI_AM_AF
297	25722.0	150	JJ160	106v	230	1	316.0	1.0	AI	AI	991.0	1.0	0.0	991.0	1200.0	368.0	valide	valide_AI_AM_AF
298	25722.0	150	JJ160	106v	231	2	317.0	2.0	AF	AF	17.0	2.0	0.0	17.0	1050.0	1298.0	valide	valide_AI_AM_AF
299	25723.0	151	JJ160	107v	232	1	318.0	1.0	AI	AI	28.0	1.0	0.0	28.0	1200.0	1361.0	valide	valide_AI_AM_AF
300	25723.0	151	JJ160	107v	233	2	319.0	2.0	AF	AF	9.0	2.0	0.0	9.0	1200.0	719.0	valide	valide_AI_AM_AF
301	25724.0	152	JJ160	108r	233	1	320.0	1.0	AI	AI	698.0	1.0	0.0	698.0	1014.0	590.0	valide	valide_AI_AM_AF
302	25724.0	152	JJ160	108r	234	2	321.0	2.0	AF	AF	26.0	2.0	0.0	26.0	1200.0	1351.0	valide	valide_AI_AM_AF
303	25725.0	153	JJ160	109r	235	1	322.0	0.0	AC	AC	25.0	1.0	1.0	25.0	1018.0	1290.0	valide	
304	25726.0	154	JJ160	109v	236	1	323.0	0.0	AC	AC	30.0	1.0	0.0	30.0	1200.0	1341.0	valide	
305	25727.0	155	JJ160	110r	237	1	324.0	1.0	AI	AI	34.0	1.0	0.0	34.0	1024.0	1277.0	valide	valide_AI_AM_AF
306	25727.0	155	JJ160	110r	238	2	325.0	2.0	AF	AF	36.0	2.0	206.0	36.0	994.0	1337.0	valide	valide_AI_AM_AF
307	25728.0	156	JJ160	111r	239	1	326.0	1.0	AI	AI	36.0	1.0	0.0	36.0	1057.0	1279.0	valide	valide_AI_AM_AF
308	25728.0	156	JJ160	111r	240	2	327.0	2.0	AF	AF	27.0	2.0	11.0	27.0	1188.0	342.0	valide	valide_AI_AM_AF
309	25729.0	157	JJ160	111v	240	1	328.0	1.0	AI	AI	369.0	1.0	209.0	369.0	991.0	1000.0	valide	valide_AI_AM_AF
310	25729.0	157	JJ160	111v	241	2	329.0	2.0	AF	AF	15.0	2.0	0.0	15.0	1050.0	1293.0	valide	valide_AI_AM_AF
311	25730.0	158	JJ160	112v	242	1	330.0	1.0	AI	AI	26.0	1.0	92.0	26.0	1108.0	1343.0	valide	valide_AI_AM_AF
312	25730.0	158	JJ160	112v	243	2	331.0	3.0	AM	AM	10.0	2.0	1.0	10.0	1044.0	1302.0	valide	valide_AI_AM_AF
313	25730.0	158	JJ160	112v	244	3	332.0	2.0	AF	AF	12.0	3.0	8.0	12.0	1192.0	313.0	valide	valide_AI_AM_AF
314	25731.0	159	JJ160	113v	244	1	333.0	0.0	AC	AC	324.0	1.0	210.0	324.0	990.0	1042.0	valide	
315	25732.0	160	JJ160	114r	245	1	334.0	0.0	AC	AC	42.0	1.0	0.0	42.0	1052.0	815.0	valide	
316	25733.0	161	JJ160	114r	245	1	335.0	1.0	AI	AI	854.0	1.0	1.0	854.0	1054.0	435.0	valide	valide_AI_AM_AF
317	25733.0	161	JJ160	114r	246	2	336.0	2.0	AF	AF	21.0	2.0	4.0	21.0	1195.0	834.0	valide	valide_AI_AM_AF
318	25734.0	162	JJ160	114v	246	1	337.0	1.0	AI	AI	854.0	1.0	115.0	854.0	1085.0	480.0	valide	valide_AI_AM_AF
319	25734.0	162	JJ160	114v	247	2	338.0	2.0	AF	AF	23.0	2.0	4.0	23.0	1196.0	641.0	valide	valide_AI_AM_AF
320	25735.0	163	JJ160	115r	247	1	339.0	1.0	AI	AI	664.0	1.0	0.0	664.0	1062.0	627.0	valide	valide_AI_AM_AF
321	25735.0	163	JJ160	115r	248	2	340.0	2.0	AF	AF	35.0	2.0	6.0	35.0	1194.0	536.0	valide	valide_AI_AM_AF
322	25736.0	164	JJ160	115v	248	1	341.0	0.0	AC	AC	569.0	1.0	0.0	569.0	1200.0	802.0	valide	
323	25737.0	165	JJ160	116r	249	1	342.0	1.0	AI	AI	36.0	1.0	1.0	36.0	1023.0	1277.0	valide	valide_AI_AM_AF
324	25737.0	165	JJ160	116r	250	2	343.0	2.0	AF	AF	31.0	2.0	0.0	31.0	1200.0	938.0	valide	valide_AI_AM_AF
325	25738.0	166	JJ160	116v	250	1	344.0	1.0	AI	AI	967.0	1.0	5.0	967.0	1195.0	386.0	valide	valide_AI_AM_AF
326	25738.0	166	JJ160	116v	251	2	345.0	2.0	AF	AF	24.0	2.0	3.0	24.0	1197.0	796.0	valide	valide_AI_AM_AF
327	25739.0	167	JJ160	117r	251	1	346.0	1.0	AI	AI	818.0	1.0	0.0	818.0	1052.0	478.0	valide	valide_AI_AM_AF
328	25739.0	167	JJ160	117r	252	2	347.0	3.0	AM	AM	39.0	2.0	204.0	39.0	995.0	1330.0	valide	valide_AI_AM_AF
329	25739.0	167	JJ160	117r	253	3	348.0	2.0	AF	AF	33.0	3.0	1.0	33.0	1180.0	402.0	valide	valide_AI_AM_AF
330	25740.0	168	JJ160	118r	253	1	349.0	0.0	AC	AC	435.0	1.0	0.0	435.0	1057.0	864.0	valide	
331	25741.0	169	JJ160	118v	254	1	350.0	0.0	AC	AC	40.0	1.0	2.0	40.0	1198.0	1324.0	valide	
332	25742.0	170	JJ160	119r	255	1	351.0	1.0	AI	AI	45.0	1.0	0.0	45.0	1051.0	1249.0	valide	valide_AI_AM_AF
333	25742.0	170	JJ160	119r	256	2	352.0	2.0	AF	AF	18.0	2.0	11.0	18.0	1189.0	669.0	valide	valide_AI_AM_AF
334	25743.0	171	JJ160	119v	256	1	353.0	0.0	AC	AC	684.0	1.0	0.0	684.0	1200.0	644.0	valide	
335	25744.0	172	JJ160	120r	257	1	354.0	1.0	AI	AI	39.0	1.0	0.0	39.0	1053.0	1270.0	valide	valide_AI_AM_AF
336	25744.0	172	JJ160	120r	258	2	355.0	2.0	AF	AF	41.0	2.0	0.0	41.0	1200.0	778.0	valide	valide_AI_AM_AF
337	25744.1	172bis	JJ160	120v	258	1	356.0	0.0	AC	AC	982.0	1.0	367.0	982.0	277.0	61.0	valide	
338	25744.2	172ter	JJ160	120v	258	1	357.0	0.0	AC	AC	1026.0	1.0	377.0	1026.0	459.0	49.0	valide	
339	25745.0	173	JJ160	121r	259	1	358.0	0.0	AC	AC	37.0	1.0	0.0	37.0	1054.0	1276.0	valide	
340	25746.0	174	JJ160	121v	260	1	359.0	0.0	AC	AC	40.0	1.0	11.0	40.0	1189.0	1331.0	valide	
341	25747.0	175	JJ160	122r	261	1	360.0	0.0	AC	AC	44.0	1.0	0.0	44.0	1058.0	1241.0	valide	
342	25748.0	176	JJ160	122v	262	1	361.0	1.0	AI	AI	38.0	1.0	2.0	38.0	1198.0	1335.0	valide	valide_AI_AM_AF
343	25748.0	176	JJ160	122v	263	2	362.0	2.0	AF	AF	27.0	2.0	0.0	27.0	1057.0	816.0	valide	valide_AI_AM_AF
344	25749.0	177	JJ160	123r	263	1	363.0	1.0	AI	AI	841.0	1.0	4.0	841.0	1195.0	437.0	valide	valide_AI_AM_AF
345	25749.0	177	JJ160	123r	264	2	364.0	2.0	AF	AF	24.0	2.0	0.0	24.0	1200.0	635.0	valide	valide_AI_AM_AF
346	25750.0	178	JJ160	123v	264	1	365.0	1.0	AI	AI	656.0	1.0	0.0	656.0	1200.0	678.0	valide	valide_AI_AM_AF
347	25750.0	178	JJ160	123v	265	2	366.0	2.0	AF	AF	16.0	2.0	0.0	16.0	1200.0	677.0	valide	valide_AI_AM_AF
348	25751.0	179	JJ160	124r	265	1	367.0	1.0	AI	AI	693.0	1.0	0.0	693.0	1038.0	586.0	valide	valide_AI_AM_AF
349	25751.0	179	JJ160	124r	266	2	368.0	2.0	AF	AF	18.0	2.0	7.0	18.0	1193.0	346.0	valide	valide_AI_AM_AF
350	25752.0	180	JJ160	124v	266	1	369.0	0.0	AC	AC	362.0	1.0	5.0	362.0	1195.0	1005.0	valide	
351	25753.0	181	JJ160	125r	267	1	370.0	0.0	AC	AC	40.0	1.0	0.0	40.0	1054.0	770.0	valide	
352	25754.0	182	JJ160	125r	267	1	371.0	1.0	AI	AI	807.0	1.0	1.0	807.0	1064.0	467.0	valide	valide_AI_AM_AF
353	25754.0	182	JJ160	125r	268	2	372.0	2.0	AF	AF	34.0	2.0	11.0	34.0	1189.0	633.0	valide	valide_AI_AM_AF
354	25755.0	183	JJ160	125v	268	1	373.0	1.0	AI	AI	665.0	1.0	0.0	665.0	1200.0	667.0	valide	valide_AI_AM_AF
355	25755.0	183	JJ160	125v	269	2	374.0	2.0	AF	AF	3.0	2.0	3.0	3.0	1197.0	461.0	valide	valide_AI_AM_AF
356	25756.0	184	JJ160	126r	269	1	375.0	1.0	AI	AI	465.0	1.0	0.0	465.0	1060.0	825.0	valide	valide_AI_AM_AF
357	25756.0	184	JJ160	126r	270	2	376.0	2.0	AF	AF	42.0	2.0	8.0	42.0	1192.0	1306.0	valide	valide_AI_AM_AF
358	25757.0	185	JJ160	127r	271	1	377.0	1.0	AI	AI	10.0	1.0	0.0	10.0	1047.0	1294.0	valide	valide_AI_AM_AF
359	25757.0	185	JJ160	127r	272	2	378.0	3.0	AM	AM	32.0	2.0	1.0	32.0	1198.0	1322.0	valide	valide_AI_AM_AF
360	25757.0	185	JJ160	127r	273	3	379.0	2.0	AF	AF	7.0	3.0	4.0	7.0	1195.0	1302.0	valide	valide_AI_AM_AF
361	25758.0	186	JJ160	128v	274	1	380.0	1.0	AI	AI	43.0	1.0	13.0	43.0	1187.0	1311.0	valide	valide_AI_AM_AF
362	25758.0	186	JJ160	128v	275	2	381.0	2.0	AF	AF	3.0	2.0	1.0	3.0	1199.0	413.0	valide	valide_AI_AM_AF
363	25759.0	187	JJ160	129r	275	1	382.0	1.0	AI	AI	418.0	1.0	0.0	418.0	1054.0	887.0	valide	valide_AI_AM_AF
364	25759.0	187	JJ160	129r	276	2	383.0	2.0	AF	AF	16.0	2.0	0.0	16.0	1199.0	609.0	valide	valide_AI_AM_AF
365	25760.0	188	JJ160	129v	276	1	384.0	1.0	AI	AI	626.0	1.0	0.0	626.0	1200.0	712.0	valide	valide_AI_AM_AF
366	25760.0	188	JJ160	129v	277	2	385.0	2.0	AF	AF	2.0	2.0	4.0	2.0	1196.0	910.0	valide	valide_AI_AM_AF
367	25761.0	189	JJ160	130r	277	1	386.0	1.0	AI	AI	908.0	1.0	1.0	908.0	1040.0	377.0	valide	valide_AI_AM_AF
368	25761.0	189	JJ160	130r	278	2	387.0	3.0	AM	AM	22.0	2.0	0.0	22.0	1200.0	1329.0	valide	valide_AI_AM_AF
369	25761.0	189	JJ160	130r	279	3	388.0	2.0	AF	AF	3.0	3.0	1.0	3.0	1199.0	544.0	valide	valide_AI_AM_AF
370	25762.0	190	JJ160	131r	279	1	389.0	1.0	AI	AI	552.0	1.0	0.0	552.0	1065.0	735.0	valide	valide_AI_AM_AF
371	25762.0	190	JJ160	131r	280	2	390.0	2.0	AF	AF	10.0	2.0	153.0	10.0	1047.0	924.0	valide	valide_AI_AM_AF
372	25763.0	191	JJ160	131v	280	1	391.0	1.0	AI	AI	931.0	1.0	0.0	931.0	1200.0	391.0	valide	valide_AI_AM_AF
373	25763.0	191	JJ160	131v	281	2	392.0	2.0	AF	AF	3.0	2.0	0.0	3.0	1049.0	1309.0	valide	valide_AI_AM_AF
374	25764.0	192	JJ160	132v	282	1	393.0	0.0	AC	AC	6.0	1.0	5.0	6.0	1195.0	1335.0	valide	
375	25765.0	193	JJ160	133r	283	1	394.0	0.0	AC	AC	48.0	1.0	0.0	48.0	1058.0	1252.0	valide	
376	25766.0	194	JJ160	133v	284	1	395.0	1.0	AI	AI	46.0	1.0	35.0	46.0	1165.0	1313.0	valide	valide_AI_AM_AF
377	25766.0	194	JJ160	133v	285	2	396.0	2.0	AF	AF	3.0	2.0	3.0	3.0	1197.0	364.0	valide	valide_AI_AM_AF
378	25767.0	195	JJ160	134r	285	1	397.0	0.0	AC	AC	366.0	1.0	0.0	366.0	1061.0	942.0	valide	
379	25768.0	196	JJ160	134v	286	1	398.0	0.0	AC	AC	45.0	1.0	9.0	45.0	1191.0	1323.0	valide	
380	25769.0	197	JJ160	135r	287	1	399.0	0.0	AC	AC	12.0	1.0	0.0	12.0	1059.0	1305.0	valide	
381	25770.0	198	JJ160	135v	288	1	400.0	0.0	AC	AC	29.0	1.0	208.0	29.0	992.0	899.0	valide	
382	25771.0	199	JJ160	135v	288	1	401.0	1.0	AI	AI	926.0	1.0	3.0	926.0	1197.0	406.0	valide	valide_AI_AM_AF
383	25771.0	199	JJ160	135v	289	2	402.0	2.0	AF	AF	3.0	2.0	1.0	3.0	1199.0	916.0	valide	valide_AI_AM_AF
384	25772.0	200	JJ160	136r	289	1	403.0	1.0	AI	AI	920.0	1.0	4.0	920.0	1196.0	372.0	valide	valide_AI_AM_AF
385	25772.0	200	JJ160	136r	290	2	404.0	2.0	AF	AF	5.0	2.0	206.0	5.0	993.0	781.0	valide	valide_AI_AM_AF
386	25773.0	201	JJ160	136v	290	1	405.0	1.0	AI	AI	783.0	1.0	118.0	783.0	1082.0	553.0	valide	valide_AI_AM_AF
387	25773.0	201	JJ160	136v	291	2	406.0	2.0	AF	AF	6.0	2.0	0.0	6.0	1200.0	768.0	valide	valide_AI_AM_AF
388	25774.0	202	JJ160	137r	291	1	407.0	1.0	AI	AI	773.0	1.0	4.0	773.0	1196.0	511.0	valide	valide_AI_AM_AF
389	25774.0	202	JJ160	137r	292	2	408.0	3.0	AM	AM	32.0	2.0	208.0	32.0	991.0	1337.0	valide	valide_AI_AM_AF
390	25774.0	202	JJ160	137r	293	3	409.0	2.0	AF	AF	4.0	3.0	2.0	4.0	1198.0	455.0	valide	valide_AI_AM_AF
391	25775.0	203	JJ160	138r	293	1	410.0	0.0	AC	AC	461.0	1.0	2.0	461.0	1044.0	93.0	valide	
392	25776.0	204	JJ160	138r	293	1	411.0	1.0	AI	AI	547.0	1.0	0.0	547.0	1054.0	766.0	valide	valide_AI_AM_AF
393	25776.0	204	JJ160	138r	294	2	412.0	2.0	AF	AF	6.0	2.0	40.0	6.0	1160.0	837.0	valide	valide_AI_AM_AF
394	25777.0	205	JJ160	138v	294	1	413.0	1.0	AI	AI	843.0	1.0	146.0	843.0	1054.0	453.0	valide	valide_AI_AM_AF
395	25777.0	205	JJ160	138v	295	2	414.0	2.0	AF	AF	7.0	2.0	0.0	7.0	1200.0	718.0	valide	valide_AI_AM_AF
396	25778.0	206	JJ160	139r	295	1	415.0	1.0	AI	AI	723.0	1.0	0.0	723.0	1061.0	559.0	valide	valide_AI_AM_AF
397	25778.0	206	JJ160	139r	296	2	416.0	2.0	AF	AF	9.0	2.0	170.0	9.0	1029.0	593.0	valide	valide_AI_AM_AF
398	25779.0	207	JJ160	139v	296	1	417.0	1.0	AI	AI	604.0	1.0	218.0	604.0	980.0	696.0	valide	valide_AI_AM_AF
399	25779.0	207	JJ160	139v	297	2	418.0	2.0	AF	AF	20.0	2.0	5.0	20.0	1195.0	1293.0	valide	valide_AI_AM_AF
400	25780.0	208	JJ160	140v	298	1	419.0	1.0	AI	AI	28.0	1.0	223.0	28.0	977.0	1293.0	valide	valide_AI_AM_AF
401	25780.0	208	JJ160	140v	299	2	420.0	2.0	AF	AF	30.0	2.0	5.0	30.0	1194.0	1288.0	valide	valide_AI_AM_AF
402	25781.0	209	JJ160	141v	300	1	421.0	0.0	AC	AC	7.0	1.0	217.0	7.0	982.0	1323.0	valide	
403	25782.0	210	JJ160	142r	301	1	422.0	0.0	AC	AC	43.0	1.0	4.0	43.0	1173.0	1267.0	valide	
404	25783.0	211	JJ160	142v	302	1	423.0	0.0	AC	AC	13.0	1.0	229.0	13.0	971.0	1314.0	valide	
405	25784.0	212	JJ160	143r	303	1	424.0	1.0	AI	AI	47.0	1.0	0.0	47.0	1058.0	1247.0	valide	valide_AI_AM_AF
406	25784.0	212	JJ160	143r	304	2	425.0	2.0	AF	AF	13.0	2.0	197.0	13.0	1002.0	680.0	valide	valide_AI_AM_AF
407	25785.0	213	JJ160	143v	304	1	426.0	1.0	AI	AI	691.0	1.0	223.0	691.0	975.0	604.0	valide	valide_AI_AM_AF
408	25785.0	213	JJ160	143v	305	2	427.0	2.0	AF	AF	31.0	2.0	3.0	31.0	1197.0	1284.0	valide	valide_AI_AM_AF
409	25786.0	214	JJ160	144v	306	1	428.0	0.0	AC	AC	31.0	1.0	222.0	31.0	977.0	1292.0	valide	
410	25787.0	215	JJ160	145r	307	1	429.0	0.0	AC	AC	49.0	1.0	4.0	49.0	1189.0	1266.0	valide	
411	25788.0	216	JJ160	145v	308	1	430.0	1.0	AI	AI	35.0	1.0	225.0	35.0	975.0	1293.0	valide	valide_AI_AM_AF
412	25788.0	216	JJ160	145v	309	2	431.0	3.0	AM	AM	29.0	2.0	1.0	29.0	1062.0	1286.0	valide	valide_AI_AM_AF
413	25788.0	216	JJ160	145v	310	3	432.0	3.0	AM	AM	23.0	3.0	229.0	23.0	969.0	1306.0	valide	valide_AI_AM_AF
414	25788.0	216	JJ160	145v	311	4	433.0	3.0	AM	AM	35.0	4.0	5.0	35.0	1195.0	1276.0	valide	valide_AI_AM_AF
415	25788.0	216	JJ160	145v	312	5	434.0	3.0	AM	AM	14.0	5.0	215.0	14.0	984.0	1297.0	valide	valide_AI_AM_AF
416	25788.0	216	JJ160	145v	313	6	435.0	2.0	AF	AF	33.0	6.0	0.0	33.0	1200.0	501.0	valide	valide_AI_AM_AF
417	25789.0	217	JJ160	148r	313	1	436.0	1.0	AI	AI	536.0	1.0	4.0	536.0	1196.0	743.0	valide	valide_AI_AM_AF
418	25789.0	217	JJ160	148r	314	2	437.0	2.0	AF	AF	10.0	2.0	169.0	10.0	1031.0	1310.0	valide	valide_AI_AM_AF
419	25790.0	218	JJ160	149r	315	1	438.0	1.0	AI	AI	52.0	1.0	2.0	52.0	1193.0	1247.0	valide	valide_AI_AM_AF
420	25790.0	218	JJ160	149r	316	2	439.0	3.0	AM	AM	28.0	2.0	224.0	28.0	975.0	1303.0	valide	valide_AI_AM_AF
421	25790.0	218	JJ160	149r	317	3	440.0	2.0	AF	AF	23.0	3.0	4.0	23.0	1196.0	743.0	valide	valide_AI_AM_AF
422	25791.0	219	JJ160	150r	317	1	441.0	1.0	AI	AI	764.0	1.0	6.0	764.0	1194.0	516.0	valide	valide_AI_AM_AF
423	25791.0	219	JJ160	150r	318	2	442.0	2.0	AF	AF	22.0	2.0	152.0	22.0	1048.0	1308.0	valide	valide_AI_AM_AF
424	25792.0	220	JJ160	151r	319	1	443.0	1.0	AI	AI	51.0	1.0	0.0	51.0	1062.0	1252.0	valide	valide_AI_AM_AF
425	25792.0	220	JJ160	151r	320	2	444.0	2.0	AF	AF	16.0	2.0	122.0	16.0	1078.0	512.0	valide	valide_AI_AM_AF
426	25793.0	221	JJ160	151v	320	1	445.0	1.0	AI	AI	530.0	1.0	94.0	530.0	1105.0	788.0	valide	valide_AI_AM_AF
427	25793.0	221	JJ160	151v	321	2	446.0	2.0	AF	AF	43.0	2.0	1.0	43.0	1190.0	520.0	valide	valide_AI_AM_AF
428	25794.0	222	JJ160	152r	321	1	447.0	1.0	AI	AI	566.0	1.0	0.0	566.0	1056.0	720.0	valide	valide_AI_AM_AF
429	25794.0	222	JJ160	152r	322	2	448.0	2.0	AF	AF	17.0	2.0	64.0	17.0	1135.0	717.0	valide	valide_AI_AM_AF
430	25795.0	223	JJ160	152v	322	1	449.0	1.0	AI	AI	734.0	1.0	75.0	734.0	1125.0	564.0	valide	valide_AI_AM_AF
431	25795.0	223	JJ160	152v	323	2	450.0	2.0	AF	AF	43.0	2.0	3.0	43.0	1136.0	1265.0	valide	valide_AI_AM_AF
432	25796.0	224	JJ160	153v	324	1	451.0	1.0	AI	AI	15.0	1.0	233.0	15.0	967.0	1314.0	valide	valide_AI_AM_AF
433	25796.0	224	JJ160	153v	325	2	452.0	3.0	AM	AM	34.0	2.0	4.0	34.0	1159.0	1280.0	valide	valide_AI_AM_AF
434	25796.0	224	JJ160	153v	326	3	453.0	3.0	AM	AM	13.0	3.0	240.0	13.0	959.0	1301.0	valide	valide_AI_AM_AF
435	25796.0	224	JJ160	153v	327	4	454.0	3.0	AM	AM	8.0	4.0	4.0	8.0	1191.0	1284.0	valide	valide_AI_AM_AF
436	25796.0	224	JJ160	153v	328	5	455.0	3.0	AM	AM	7.0	5.0	219.0	7.0	980.0	1289.0	valide	valide_AI_AM_AF
437	25796.0	224	JJ160	153v	329	6	456.0	2.0	AF	AF	3.0	6.0	0.0	3.0	1046.0	1301.0	valide	valide_AI_AM_AF
438	25797.0	225	JJ160	156v	330	1	457.0	0.0	AC	AC	13.0	1.0	221.0	13.0	978.0	1282.0	valide	
439	25798.0	226	JJ160	157r	331	1	458.0	1.0	AI	AI	18.0	1.0	0.0	18.0	1053.0	1273.0	valide	valide_AI_AM_AF
440	25798.0	226	JJ160	157r	332	2	459.0	3.0	AM	AM	11.0	2.0	219.0	11.0	980.0	1297.0	valide	valide_AI_AM_AF
441	25798.0	226	JJ160	157r	333	3	460.0	2.0	AF	AF	14.0	3.0	0.0	14.0	1059.0	1293.0	valide	valide_AI_AM_AF
442	25799.0	227	JJ160	158v	334	1	461.0	0.0	AC	AC	46.0	1.0	222.0	46.0	977.0	1264.0	valide	
443	25800.0	228	JJ160	159r	335	1	462.0	0.0	AC	AC	44.0	1.0	0.0	44.0	1074.0	1286.0	valide	
444	25801.0	229	JJ160	159v	336	1	463.0	0.0	AC	AC	36.0	1.0	213.0	36.0	987.0	1293.0	valide	
445	25802.0	230	JJ160	160r	337	1	464.0	0.0	AC	AC	38.0	1.0	0.0	38.0	1082.0	1271.0	valide	
446	25803.0	230bis	JJ160	160v	338	1	465.0	0.0	AC	AC	27.0	1.0	187.0	27.0	1008.0	1292.0	valide	
447	25804.0	231	JJ160	161r	339	1	466.0	1.0	AI	AI	12.0	1.0	0.0	12.0	1060.0	1307.0	valide	valide_AI_AM_AF
448	25804.0	231	JJ160	161r	340	2	467.0	2.0	AF	AF	24.0	2.0	55.0	24.0	1145.0	421.0	valide	valide_AI_AM_AF
449	25805.0	232	JJ160	161v	340	1	468.0	0.0	AC	AC	445.0	1.0	220.0	445.0	978.0	865.0	valide	
450	25806.0	233	JJ160	162r	341	1	469.0	1.0	AI	AI	32.0	1.0	0.0	32.0	1082.0	1261.0	valide	valide_AI_AM_AF
451	25806.0	233	JJ160	162r	342	2	470.0	2.0	AF	AF	34.0	2.0	73.0	34.0	1125.0	1271.0	valide	valide_AI_AM_AF
452	25807.0	234	JJ160	163r	343	1	471.0	1.0	AI	AI	30.0	1.0	1.0	30.0	1115.0	1271.0	valide	valide_AI_AM_AF
453	25807.0	234	JJ160	163r	344	2	472.0	2.0	AF	AF	31.0	2.0	220.0	31.0	979.0	1298.0	valide	valide_AI_AM_AF
454	25808.0	235	JJ160	164r	345	1	473.0	0.0	AC	AC	38.0	1.0	0.0	38.0	1085.0	1261.0	valide	
455	25809.0	236	JJ160	164v	346	1	474.0	1.0	AI	AI	32.0	1.0	218.0	32.0	982.0	1278.0	valide	valide_AI_AM_AF
456	25809.0	236	JJ160	164v	347	2	475.0	2.0	AF	AF	31.0	2.0	0.0	31.0	1094.0	602.0	valide	valide_AI_AM_AF
457	25810.0	237	JJ160	165r	347	1	476.0	1.0	AI	AI	633.0	1.0	0.0	633.0	1060.0	683.0	valide	valide_AI_AM_AF
458	25810.0	237	JJ160	165r	348	2	477.0	2.0	AF	AF	20.0	2.0	18.0	20.0	1181.0	825.0	valide	valide_AI_AM_AF
459	25811.0	238	JJ160	165v	348	1	478.0	1.0	AI	AI	841.0	1.0	183.0	841.0	1016.0	457.0	valide	valide_AI_AM_AF
460	25811.0	238	JJ160	165v	349	2	479.0	3.0	AM	AM	30.0	2.0	2.0	30.0	1039.0	1296.0	valide	valide_AI_AM_AF
461	25811.0	238	JJ160	165v	350	3	480.0	2.0	AF	AF	17.0	3.0	24.0	17.0	1176.0	626.0	valide	valide_AI_AM_AF
462	25812.0	239	JJ160	166v	350	1	481.0	0.0	AC	AC	641.0	1.0	221.0	641.0	978.0	658.0	valide	
463	25813.0	240	JJ160	167r	351	1	482.0	1.0	AI	AI	42.0	1.0	0.0	42.0	1075.0	1286.0	valide	valide_AI_AM_AF
464	25813.0	240	JJ160	167r	352	2	483.0	2.0	AF	AF	34.0	2.0	22.0	34.0	1177.0	300.0	valide	valide_AI_AM_AF
465	25814.0	241	JJ160	167v	352	1	484.0	1.0	AI	AI	331.0	1.0	223.0	331.0	976.0	998.0	valide	valide_AI_AM_AF
466	25814.0	241	JJ160	167v	353	2	485.0	2.0	AF	AF	16.0	2.0	1.0	16.0	1149.0	494.0	valide	valide_AI_AM_AF
467	25815.0	242	JJ160	168r	353	1	486.0	1.0	AI	AI	512.0	1.0	1.0	512.0	1035.0	817.0	valide	valide_AI_AM_AF
468	25815.0	242	JJ160	168r	354	2	487.0	3.0	AM	AM	28.0	2.0	216.0	28.0	984.0	1297.0	valide	valide_AI_AM_AF
469	25815.0	242	JJ160	168r	355	3	488.0	2.0	AF	AF	18.0	3.0	0.0	18.0	1157.0	641.0	valide	valide_AI_AM_AF
470	25816.0	243	JJ160	169r	355	1	489.0	1.0	AI	AI	659.0	1.0	0.0	659.0	1054.0	659.0	valide	valide_AI_AM_AF
471	25816.0	243	JJ160	169r	356	2	490.0	3.0	AM	AM	31.0	2.0	225.0	31.0	975.0	1299.0	valide	valide_AI_AM_AF
472	25816.0	243	JJ160	169r	357	3	491.0	2.0	AF	AF	34.0	3.0	2.0	34.0	1048.0	1296.0	valide	valide_AI_AM_AF
473	25817.0	244	JJ160	170v	358	1	492.0	0.0	AC	AC	22.0	1.0	87.0	22.0	1113.0	952.0	valide	
474	25818.0	245	JJ160	170v	358	1	493.0	1.0	AI	AI	970.0	1.0	58.0	970.0	1141.0	325.0	valide	valide_AI_AM_AF
475	25818.0	245	JJ160	170v	359	2	494.0	3.0	AM	AM	35.0	2.0	1.0	35.0	1128.0	1279.0	valide	valide_AI_AM_AF
476	25818.0	245	JJ160	170v	360	3	495.0	2.0	AF	AF	9.0	3.0	16.0	9.0	1184.0	371.0	valide	valide_AI_AM_AF
477	25819.0	246	JJ160	171v	360	1	496.0	1.0	AI	AI	380.0	1.0	158.0	380.0	1041.0	947.0	valide	valide_AI_AM_AF
478	25819.0	246	JJ160	171v	361	2	497.0	2.0	AF	AF	16.0	2.0	0.0	16.0	1196.0	910.0	valide	valide_AI_AM_AF
479	25820.0	247	JJ160	172r	361	1	498.0	1.0	AI	AI	924.0	1.0	1.0	924.0	1126.0	367.0	valide	valide_AI_AM_AF
480	25820.0	247	JJ160	172r	362	2	499.0	3.0	AM	AM	21.0	2.0	241.0	21.0	959.0	1301.0	valide	valide_AI_AM_AF
481	25820.0	247	JJ160	172r	363	3	500.0	2.0	AF	AF	22.0	3.0	0.0	22.0	1109.0	950.0	valide	valide_AI_AM_AF
482	25821.0	248	JJ160	173r	363	1	501.0	1.0	AI	AI	966.0	1.0	0.0	966.0	1190.0	325.0	valide	valide_AI_AM_AF
483	25821.0	248	JJ160	173r	364	2	502.0	2.0	AF	AF	24.0	2.0	199.0	24.0	1001.0	975.0	valide	valide_AI_AM_AF
484	25822.0	249	JJ160	173v	364	1	503.0	0.0	AC	AC	987.0	1.0	275.0	987.0	575.0	94.0	valide	
485	25823.0	250	JJ160	174r	365	1	504.0	1.0	AI	AI	26.0	1.0	0.0	26.0	1107.0	1317.0	valide	valide_AI_AM_AF
486	25823.0	250	JJ160	174r	366	2	505.0	2.0	AF	AF	14.0	2.0	169.0	14.0	1031.0	633.0	valide	valide_AI_AM_AF
487	25824.0	251	JJ160	174v	366	1	506.0	0.0	AC	AC	601.0	1.0	253.0	601.0	446.0	68.0	valide	
488	25825.0	252	JJ160	174v	366	1	507.0	0.0	AC	AC	667.0	1.0	101.0	667.0	1099.0	501.0	valide	
489	25826.0	253	JJ160	175r	367	1	508.0	1.0	AI	AI	31.0	1.0	0.0	31.0	1167.0	1327.0	valide	valide_AI_AM_AF
490	25826.0	253	JJ160	175r	368	2	509.0	2.0	AF	AF	12.0	2.0	12.0	12.0	1188.0	463.0	valide	valide_AI_AM_AF
491	25827.0	254	JJ160	175v	368	1	510.0	1.0	AI	AI	473.0	1.0	214.0	473.0	987.0	832.0	valide	valide_AI_AM_AF
492	25827.0	254	JJ160	175v	369	2	511.0	2.0	AF	AF	8.0	2.0	1.0	8.0	1186.0	1031.0	valide	valide_AI_AM_AF
493	25828.0	255	JJ160	176r	369	1	512.0	1.0	AI	AI	1042.0	1.0	1.0	1042.0	1194.0	279.0	valide	valide_AI_AM_AF
494	25828.0	255	JJ160	176r	370	2	513.0	2.0	AF	AF	15.0	2.0	193.0	15.0	1006.0	878.0	valide	valide_AI_AM_AF
495	25829.0	256	JJ160	176v	370	1	514.0	1.0	AI	AI	895.0	1.0	57.0	895.0	1143.0	385.0	valide	valide_AI_AM_AF
496	25829.0	256	JJ160	176v	371	2	515.0	3.0	AM	AM	3.0	2.0	0.0	3.0	1139.0	1348.0	valide	valide_AI_AM_AF
497	25829.0	256	JJ160	176v	372	3	516.0	2.0	AF	AF	21.0	3.0	0.0	21.0	1200.0	364.0	valide	valide_AI_AM_AF
498	25830.0	257	JJ160	177v	372	1	517.0	1.0	AI	AI	387.0	1.0	225.0	387.0	975.0	915.0	valide	valide_AI_AM_AF
499	25830.0	257	JJ160	177v	373	2	518.0	2.0	AF	AF	3.0	2.0	1.0	3.0	1179.0	898.0	valide	valide_AI_AM_AF
500	25831.0	258	JJ160	178r	373	1	519.0	1.0	AI	AI	899.0	1.0	1.0	899.0	1167.0	428.0	valide	valide_AI_AM_AF
501	25831.0	258	JJ160	178r	374	2	520.0	2.0	AF	AF	9.0	2.0	217.0	9.0	983.0	803.0	valide	valide_AI_AM_AF
502	25832.0	259	JJ160	178v	374	1	521.0	1.0	AI	AI	811.0	1.0	127.0	811.0	1073.0	480.0	valide	valide_AI_AM_AF
503	25832.0	259	JJ160	178v	375	2	522.0	3.0	AM	AM	4.0	2.0	0.0	4.0	1099.0	1355.0	valide	valide_AI_AM_AF
504	25832.0	259	JJ160	178v	376	3	523.0	2.0	AF	AF	11.0	3.0	143.0	11.0	1057.0	673.0	valide	valide_AI_AM_AF
505	25833.0	260	JJ160	179v	376	1	524.0	1.0	AI	AI	682.0	1.0	66.0	682.0	1134.0	599.0	valide	valide_AI_AM_AF
506	25833.0	260	JJ160	179v	377	2	525.0	3.0	AM	AM	9.0	2.0	0.0	9.0	1099.0	1327.0	valide	valide_AI_AM_AF
507	25833.0	260	JJ160	179v	378	3	526.0	3.0	AM	AM	7.0	3.0	227.0	7.0	973.0	1283.0	valide	valide_AI_AM_AF
508	25833.0	260	JJ160	179v	379	4	527.0	3.0	AM	AM	15.0	4.0	0.0	15.0	1172.0	1326.0	valide	valide_AI_AM_AF
509	25833.0	260	JJ160	179v	380	5	528.0	2.0	AF	AF	12.0	5.0	3.0	12.0	1197.0	960.0	valide	valide_AI_AM_AF
510	25834.0	261	JJ160	181v	380	1	529.0	1.0	AI	AI	983.0	1.0	201.0	983.0	999.0	296.0	valide	valide_AI_AM_AF
511	25834.0	261	JJ160	181v	381	2	530.0	2.0	AF	AF	8.0	2.0	1.0	8.0	1125.0	1344.0	valide	valide_AI_AM_AF
512	25835.0	262	JJ160	182v	382	1	531.0	0.0	AC	AC	40.0	1.0	219.0	40.0	981.0	1265.0	valide	
513	25836.0	263	JJ160	183r	383	1	532.0	1.0	AI	AI	7.0	1.0	0.0	7.0	1141.0	1343.0	valide	valide_AI_AM_AF
514	25836.0	263	JJ160	183r	384	2	533.0	2.0	AF	AF	47.0	2.0	154.0	47.0	1046.0	547.0	valide	valide_AI_AM_AF
515	25837.0	264	JJ160	183v	384	1	534.0	1.0	AI	AI	593.0	1.0	192.0	593.0	1007.0	707.0	valide	valide_AI_AM_AF
516	25837.0	264	JJ160	183v	385	2	535.0	2.0	AF	AF	4.0	2.0	0.0	4.0	1199.0	689.0	valide	valide_AI_AM_AF
517	25838.0	265	JJ160	184r	385	1	536.0	1.0	AI	AI	697.0	1.0	0.0	697.0	1100.0	629.0	valide	valide_AI_AM_AF
518	25838.0	265	JJ160	184r	386	2	537.0	2.0	AF	AF	31.0	2.0	220.0	31.0	980.0	801.0	valide	valide_AI_AM_AF
519	25839.0	266	JJ160	184v	386	1	538.0	1.0	AI	AI	832.0	1.0	173.0	832.0	1027.0	477.0	valide	valide_AI_AM_AF
520	25839.0	266	JJ160	184v	387	2	539.0	2.0	AF	AF	4.0	2.0	0.0	4.0	1145.0	1335.0	valide	valide_AI_AM_AF
521	25840.0	267	JJ160	185v	388	1	540.0	1.0	AI	AI	42.0	1.0	228.0	42.0	972.0	1265.0	valide	valide_AI_AM_AF
522	25840.0	267	JJ160	185v	389	2	541.0	2.0	AF	AF	2.0	2.0	1.0	2.0	1199.0	367.0	valide	valide_AI_AM_AF
523	25841.0	268	JJ160	186r	389	1	542.0	1.0	AI	AI	368.0	1.0	0.0	368.0	1147.0	961.0	valide	valide_AI_AM_AF
524	25841.0	268	JJ160	186r	390	2	543.0	2.0	AF	AF	36.0	2.0	202.0	36.0	998.0	535.0	valide	valide_AI_AM_AF
525	25842.0	269	JJ160	186v	390	1	544.0	0.0	AC	AC	570.0	1.0	239.0	570.0	961.0	724.0	valide	
526	25843.0	270	JJ160	187r	391	1	545.0	1.0	AI	AI	20.0	1.0	0.0	20.0	1149.0	1314.0	valide	valide_AI_AM_AF
527	25843.0	270	JJ160	187r	392	2	546.0	2.0	AF	AF	9.0	2.0	1.0	9.0	1199.0	702.0	valide	valide_AI_AM_AF
528	25844.0	271	JJ160	187v	392	1	547.0	1.0	AI	AI	709.0	1.0	90.0	709.0	1110.0	577.0	valide	valide_AI_AM_AF
529	25844.0	271	JJ160	187v	393	2	548.0	2.0	AF	AF	14.0	2.0	0.0	14.0	1107.0	674.0	valide	valide_AI_AM_AF
530	25845.0	272	JJ160	188r	393	1	549.0	1.0	AI	AI	687.0	1.0	1.0	687.0	1141.0	637.0	valide	valide_AI_AM_AF
531	25845.0	272	JJ160	188r	394	2	550.0	2.0	AF	AF	12.0	2.0	19.0	12.0	1180.0	1304.0	valide	valide_AI_AM_AF
532	25846.0	273	JJ160	189r	395	1	551.0	1.0	AI	AI	31.0	1.0	0.0	31.0	1089.0	1308.0	valide	valide_AI_AM_AF
533	25846.0	273	JJ160	189r	396	2	552.0	2.0	AF	AF	10.0	2.0	2.0	10.0	1197.0	597.0	valide	valide_AI_AM_AF
534	25847.0	274	JJ160	189v	396	1	553.0	1.0	AI	AI	608.0	1.0	84.0	608.0	1115.0	686.0	valide	valide_AI_AM_AF
535	25847.0	274	JJ160	189v	397	2	554.0	3.0	AM	AM	7.0	2.0	1.0	7.0	1052.0	1322.0	valide	valide_AI_AM_AF
536	25847.0	274	JJ160	189v	398	3	555.0	2.0	AF	AF	11.0	3.0	12.0	11.0	1187.0	595.0	valide	valide_AI_AM_AF
537	25848.0	275	JJ160	190v	398	1	556.0	0.0	AC	AC	605.0	1.0	214.0	605.0	986.0	706.0	valide	
538	25849.0	276	JJ160	191r	399	1	557.0	0.0	AC	AC	36.0	1.0	1.0	36.0	1085.0	1322.0	valide	
539	25850.0	277	JJ160	191v	400	1	558.0	1.0	AI	AI	34.0	1.0	6.0	34.0	1194.0	1288.0	valide	valide_AI_AM_AF
540	25850.0	277	JJ160	191v	401	2	559.0	3.0	AM	AM	9.0	2.0	2.0	9.0	1065.0	1352.0	valide	valide_AI_AM_AF
541	25850.0	277	JJ160	191v	402	3	560.0	3.0	AM	AM	21.0	3.0	189.0	21.0	1010.0	1295.0	valide	valide_AI_AM_AF
542	25850.0	277	JJ160	191v	403	4	561.0	3.0	AM	AM	18.0	4.0	2.0	18.0	1054.0	1341.0	valide	valide_AI_AM_AF
543	25850.0	277	JJ160	191v	404	5	562.0	3.0	AM	AM	31.0	5.0	26.0	31.0	1173.0	1280.0	valide	valide_AI_AM_AF
544	25850.0	277	JJ160	191v	405	6	563.0	3.0	AM	AM	19.0	6.0	1.0	19.0	1071.0	1333.0	valide	valide_AI_AM_AF
545	25850.0	277	JJ160	191v	406	7	564.0	3.0	AM	AM	51.0	7.0	197.0	51.0	1002.0	1267.0	valide	valide_AI_AM_AF
546	25850.0	277	JJ160	191v	407	8	565.0	3.0	AM	AM	3.0	8.0	0.0	3.0	1095.0	1364.0	valide	valide_AI_AM_AF
547	25850.0	277	JJ160	191v	408	9	566.0	3.0	AM	AM	47.0	9.0	204.0	47.0	995.0	1271.0	valide	valide_AI_AM_AF
548	25850.0	277	JJ160	191v	409	10	567.0	3.0	AM	AM	23.0	10.0	0.0	23.0	1088.0	1349.0	valide	valide_AI_AM_AF
549	25850.0	277	JJ160	191v	410	11	568.0	3.0	AM	AM	45.0	11.0	197.0	45.0	1003.0	1247.0	valide	valide_AI_AM_AF
550	25850.0	277	JJ160	191v	411	12	569.0	3.0	AM	AM	13.0	12.0	0.0	13.0	1101.0	1359.0	valide	valide_AI_AM_AF
551	25850.0	277	JJ160	191v	412	13	570.0	3.0	AM	AM	40.0	13.0	197.0	40.0	1002.0	1264.0	valide	valide_AI_AM_AF
552	25850.0	277	JJ160	191v	413	14	571.0	3.0	AM	AM	5.0	14.0	0.0	5.0	1076.0	1370.0	valide	valide_AI_AM_AF
553	25850.0	277	JJ160	191v	414	15	572.0	2.0	AF	AF	39.0	15.0	0.0	39.0	1199.0	383.0	valide	valide_AI_AM_AF
554	25851.0	278	JJ160	198v	414	1	573.0	0.0	AC	AC	420.0	1.0	104.0	420.0	1096.0	854.0	valide	
555	25852.0	279	JJ160	199r	415	1	574.0	0.0	AC	AC	26.0	1.0	2.0	26.0	1095.0	1341.0	valide	
556	25853.0	280	JJ160	199v	416	1	575.0	1.0	AI	AI	46.0	1.0	48.0	46.0	1152.0	1229.0	valide	valide_AI_AM_AF
557	25853.0	280	JJ160	199v	417	2	576.0	2.0	AF	AF	2.0	2.0	0.0	2.0	1200.0	406.0	valide	valide_AI_AM_AF
558	25854.0	281	JJ160	200r	417	1	577.0	1.0	AI	AI	407.0	1.0	0.0	407.0	1102.0	956.0	valide	valide_AI_AM_AF
559	25854.0	281	JJ160	200r	418	2	578.0	3.0	AM	AM	41.0	2.0	26.0	41.0	1174.0	1237.0	valide	valide_AI_AM_AF
560	25854.0	281	JJ160	200r	419	3	579.0	2.0	AF	AF	2.0	3.0	2.0	2.0	1198.0	985.0	valide	valide_AI_AM_AF
561	25855.0	282	JJ160	200bisr	419	1	580.0	0.0	AC	AC	980.0	1.0	1.0	980.0	1199.0	381.0	valide	
562	25856.0	283	JJ160	200bisv	420	1	581.0	1.0	AI	AI	42.0	1.0	28.0	42.0	1172.0	1240.0	valide	valide_AI_AM_AF
563	25856.0	283	JJ160	200bisv	421	2	582.0	3.0	AM	AM	1.0	2.0	0.0	1.0	1103.0	1387.0	valide	valide_AI_AM_AF
564	25856.0	283	JJ160	200bisv	422	3	583.0	2.0	AF	AF	22.0	3.0	15.0	22.0	1185.0	859.0	valide	valide_AI_AM_AF
565	25857.0	284	JJ160	201v	422	1	584.0	1.0	AI	AI	879.0	1.0	9.0	879.0	1191.0	388.0	valide	valide_AI_AM_AF
566	25857.0	284	JJ160	201v	423	2	585.0	2.0	AF	AF	5.0	2.0	1.0	5.0	1199.0	920.0	valide	valide_AI_AM_AF
567	25858.0	285	JJ160	202r	423	1	586.0	1.0	AI	AI	922.0	1.0	0.0	922.0	1199.0	451.0	valide	valide_AI_AM_AF
568	25858.0	285	JJ160	202r	424	2	587.0	3.0	AM	AM	35.0	2.0	142.0	35.0	1058.0	1244.0	valide	valide_AI_AM_AF
569	25858.0	285	JJ160	202r	425	3	588.0	2.0	AF	AF	9.0	3.0	1.0	9.0	1199.0	704.0	valide	valide_AI_AM_AF
570	25859.0	286	JJ160	203r	425	1	589.0	1.0	AI	AI	714.0	1.0	0.0	714.0	1179.0	655.0	valide	valide_AI_AM_AF
571	25859.0	286	JJ160	203r	426	2	590.0	2.0	AF	AF	33.0	2.0	15.0	33.0	1185.0	751.0	valide	valide_AI_AM_AF
572	25860.0	287	JJ160	203v	426	1	591.0	1.0	AI	AI	783.0	1.0	6.0	783.0	1194.0	486.0	valide	valide_AI_AM_AF
573	25860.0	287	JJ160	203v	427	2	592.0	3.0	AM	AM	33.0	2.0	0.0	33.0	1103.0	1363.0	valide	valide_AI_AM_AF
574	25860.0	287	JJ160	203v	428	3	593.0	2.0	AF	AF	37.0	3.0	98.0	37.0	1102.0	455.0	valide	valide_AI_AM_AF
575	25861.0	288	JJ160	204v	428	1	594.0	1.0	AI	AI	492.0	1.0	169.0	492.0	1030.0	806.0	valide	valide_AI_AM_AF
576	25861.0	288	JJ160	204v	429	2	595.0	2.0	AF	AF	4.0	2.0	1.0	4.0	1199.0	810.0	valide	valide_AI_AM_AF
577	25862.0	289	JJ160	205r	429	1	596.0	1.0	AI	AI	809.0	1.0	0.0	809.0	1200.0	582.0	valide	valide_AI_AM_AF
578	25862.0	289	JJ160	205r	430	2	597.0	2.0	AF	AF	35.0	2.0	23.0	35.0	1176.0	1264.0	valide	valide_AI_AM_AF
579	25863.0	290	JJ160	206r	431	1	598.0	1.0	AI	AI	28.0	1.0	0.0	28.0	1099.0	1355.0	valide	valide_AI_AM_AF
580	25863.0	290	JJ160	206r	432	2	599.0	3.0	AM	AM	24.0	2.0	104.0	24.0	1096.0	1261.0	valide	valide_AI_AM_AF
581	25863.0	290	JJ160	206r	433	3	600.0	2.0	AF	AF	8.0	3.0	2.0	8.0	1198.0	412.0	valide	valide_AI_AM_AF
582	25864.0	291	JJ160	207r	433	1	601.0	1.0	AI	AI	419.0	1.0	0.0	419.0	1172.0	972.0	valide	valide_AI_AM_AF
583	25864.0	291	JJ160	207r	434	2	602.0	3.0	AM	AM	9.0	2.0	250.0	9.0	949.0	1270.0	valide	valide_AI_AM_AF
584	25864.0	291	JJ160	207r	435	3	603.0	2.0	AF	AF	22.0	3.0	1.0	22.0	1182.0	509.0	valide	valide_AI_AM_AF
585	25865.0	292	JJ160	208r	435	1	604.0	1.0	AI	AI	530.0	1.0	0.0	530.0	1175.0	861.0	valide	valide_AI_AM_AF
586	25865.0	292	JJ160	208r	436	2	605.0	2.0	AF	AF	23.0	2.0	17.0	23.0	1183.0	776.0	valide	valide_AI_AM_AF
587	25866.0	293	JJ160	208v	436	1	606.0	1.0	AI	AI	800.0	1.0	16.0	800.0	1183.0	467.0	valide	valide_AI_AM_AF
588	25866.0	293	JJ160	208v	437	2	607.0	3.0	AM	AM	35.0	2.0	0.0	35.0	1107.0	1360.0	valide	valide_AI_AM_AF
589	25866.0	293	JJ160	208v	438	3	608.0	3.0	AM	AM	31.0	3.0	247.0	31.0	952.0	1270.0	valide	valide_AI_AM_AF
590	25866.0	293	JJ160	208v	439	4	609.0	2.0	AF	AF	31.0	4.0	0.0	31.0	1117.0	805.0	valide	valide_AI_AM_AF
591	25867.0	294	JJ160	210r	439	1	610.0	1.0	AI	AI	835.0	1.0	0.0	835.0	1199.0	560.0	valide	valide_AI_AM_AF
592	25867.0	294	JJ160	210r	440	2	611.0	3.0	AM	AM	39.0	2.0	130.0	39.0	1070.0	1264.0	valide	valide_AI_AM_AF
593	25867.0	294	JJ160	210r	441	3	612.0	3.0	AM	AM	41.0	3.0	0.0	41.0	1115.0	1353.0	valide	valide_AI_AM_AF
594	25867.0	294	JJ160	210r	442	4	613.0	2.0	AF	AF	25.0	4.0	54.0	25.0	1146.0	990.0	valide	valide_AI_AM_AF
595	25868.0	295	JJ160	211v	442	1	614.0	1.0	AI	AI	1015.0	1.0	9.0	1015.0	1190.0	254.0	valide	valide_AI_AM_AF
596	25868.0	295	JJ160	211v	443	2	615.0	2.0	AF	AF	28.0	2.0	0.0	28.0	1116.0	1363.0	valide	valide_AI_AM_AF
597	25869.0	296	JJ160	212v	444	1	616.0	1.0	AI	AI	15.0	1.0	259.0	15.0	941.0	1278.0	valide	valide_AI_AM_AF
598	25869.0	296	JJ160	212v	445	2	617.0	2.0	AF	AF	30.0	2.0	0.0	30.0	1118.0	584.0	valide	valide_AI_AM_AF
599	25870.0	297	JJ160	213r	445	1	618.0	1.0	AI	AI	615.0	1.0	0.0	615.0	1175.0	776.0	valide	valide_AI_AM_AF
600	25870.0	297	JJ160	213r	446	2	619.0	2.0	AF	AF	4.0	2.0	13.0	4.0	1187.0	1291.0	valide	valide_AI_AM_AF
601	25871.0	298	JJ160	214r	447	1	620.0	1.0	AI	AI	22.0	1.0	0.0	22.0	1158.0	1373.0	valide	valide_AI_AM_AF
602	25871.0	298	JJ160	214r	448	2	621.0	2.0	AF	AF	11.0	2.0	15.0	11.0	1185.0	451.0	valide	valide_AI_AM_AF
603	25872.0	299	JJ160	214v	448	1	622.0	0.0	AC	AC	460.0	1.0	110.0	460.0	1090.0	810.0	valide	
604	25873.0	300	JJ160	215r	449	1	623.0	1.0	AI	AI	56.0	1.0	0.0	56.0	1024.0	1340.0	valide	structure_invalide
605	25873.0	300	JJ160	215r	450	2											zone_suite_manquante	structure_invalide
606	25876.0	303	JJ160	216v	452	1	627.0	1.0	AI	AI	648.0	1.0	17.0	648.0	1183.0	618.0	valide	valide_AI_AM_AF
607	25876.0	303	JJ160	216v	453	2	628.0	3.0	AM	AM	23.0	2.0	0.0	23.0	1112.0	1360.0	valide	valide_AI_AM_AF
608	25876.0	303	JJ160	216v	454	3	629.0	3.0	AM	AM	18.0	3.0	96.0	18.0	1104.0	1257.0	valide	valide_AI_AM_AF
609	25876.0	303	JJ160	216v	455	4	630.0	2.0	AF	AF	29.0	4.0	0.0	29.0	1123.0	1366.0	valide	valide_AI_AM_AF
610	25877.0	304	JJ160	218v	456	1	631.0	1.0	AI	AI	15.0	1.0	258.0	15.0	942.0	1276.0	valide	valide_AI_AM_AF
611	25877.0	304	JJ160	218v	457	2	632.0	2.0	AF	AF	8.0	2.0	0.0	8.0	1115.0	1385.0	valide	valide_AI_AM_AF
612	25878.0	305	JJ160	219v	458	1	633.0	1.0	AI	AI	25.0	1.0	55.0	25.0	1145.0	1256.0	valide	valide_AI_AM_AF
613	25878.0	305	JJ160	219v	459	2	634.0	2.0	AF	AF	25.0	2.0	0.0	25.0	1121.0	744.0	valide	valide_AI_AM_AF
614	25879.0	306	JJ160	220r	459	1	635.0	1.0	AI	AI	768.0	1.0	0.0	768.0	1192.0	628.0	valide	valide_AI_AM_AF
615	25879.0	306	JJ160	220r	460	2	636.0	2.0	AF	AF	12.0	2.0	78.0	12.0	1122.0	819.0	valide	valide_AI_AM_AF
616	25880.0	307	JJ160	220v	460	1	637.0	1.0	AI	AI	832.0	1.0	21.0	832.0	1178.0	432.0	valide	valide_AI_AM_AF
617	25880.0	307	JJ160	220v	461	2	638.0	3.0	AM	AM	28.0	2.0	0.0	28.0	1118.0	1364.0	valide	valide_AI_AM_AF
618	25880.0	307	JJ160	220v	462	3	639.0	2.0	AF	AF	10.0	3.0	25.0	10.0	1175.0	1287.0	valide	valide_AI_AM_AF
619	25881.0	308	JJ160	222r	463	1	640.0	0.0	AC	AC	24.0	1.0	0.0	24.0	1187.0	1021.0	valide	
620	25882.0	309	JJ160	222r	463	1	641.0	1.0	AI	AI	1046.0	1.0	3.0	1046.0	1197.0	344.0	valide	valide_AI_AM_AF
621	25882.0	309	JJ160	222r	464	2	642.0	2.0	AF	AF	14.0	2.0	8.0	14.0	1192.0	837.0	valide	valide_AI_AM_AF
622	25883.0	310	JJ160	222v	464	1	643.0	1.0	AI	AI	852.0	1.0	43.0	852.0	1157.0	412.0	valide	valide_AI_AM_AF
623	25883.0	310	JJ160	222v	465	2	644.0	2.0	AF	AF	37.0	2.0	0.0	37.0	1117.0	1358.0	valide	valide_AI_AM_AF
624	25884.0	311	JJ160	223v	466	1	645.0	1.0	AI	AI	28.0	1.0	233.0	28.0	967.0	1259.0	valide	valide_AI_AM_AF
625	25884.0	311	JJ160	223v	467	2	646.0	2.0	AF	AF	18.0	2.0	2.0	18.0	1198.0	402.0	valide	valide_AI_AM_AF
626	25885.0	312	JJ160	224r	467	1	647.0	1.0	AI	AI	421.0	1.0	0.0	421.0	1177.0	971.0	valide	valide_AI_AM_AF
627	25885.0	312	JJ160	224r	468	2	648.0	2.0	AF	AF	15.0	2.0	16.0	15.0	1184.0	986.0	valide	valide_AI_AM_AF
628	25886.0	313	JJ160	224v	468	1	649.0	1.0	AI	AI	995.0	1.0	13.0	995.0	1186.0	261.0	valide	valide_AI_AM_AF
629	25886.0	313	JJ160	224v	469	2	650.0	2.0	AF	AF	2.0	2.0	2.0	2.0	1198.0	859.0	valide	valide_AI_AM_AF
630	25887.0	314	JJ160	225r	469	1	651.0	1.0	AI	AI	858.0	1.0	0.0	858.0	1197.0	507.0	valide	valide_AI_AM_AF
631	25887.0	314	JJ160	225r	470	2	652.0	2.0	AF	AF	21.0	2.0	121.0	21.0	1079.0	913.0	valide	valide_AI_AM_AF
632	25888.0	315	JJ160	225v	470	1	653.0	1.0	AI	AI	932.0	1.0	149.0	932.0	1050.0	324.0	valide	valide_AI_AM_AF
633	25888.0	315	JJ160	225v	471	2	654.0	2.0	AF	AF	2.0	2.0	2.0	2.0	1155.0	1041.0	valide	valide_AI_AM_AF
634	25889.0	316	JJ160	226r	471	1	655.0	1.0	AI	AI	1034.0	1.0	0.0	1034.0	1192.0	333.0	valide	valide_AI_AM_AF
635	25889.0	316	JJ160	226r	472	2	656.0	2.0	AF	AF	23.0	2.0	15.0	23.0	1185.0	1273.0	valide	valide_AI_AM_AF
636	25890.0	317	JJ160	227r	473	1	657.0	1.0	AI	AI	5.0	1.0	0.0	5.0	1107.0	1342.0	valide	valide_AI_AM_AF
637	25890.0	317	JJ160	227r	474	2	658.0	2.0	AF	AF	4.0	2.0	32.0	4.0	1167.0	342.0	valide	valide_AI_AM_AF
638	25891.0	318	JJ160	227v	474	1	659.0	1.0	AI	AI	346.0	1.0	141.0	346.0	1058.0	935.0	valide	valide_AI_AM_AF
639	25891.0	318	JJ160	227v	475	2	660.0	2.0	AF	AF	5.0	2.0	0.0	5.0	1114.0	690.0	valide	valide_AI_AM_AF
640	25892.0	319	JJ160	228r	475	1	661.0	1.0	AI	AI	695.0	1.0	0.0	695.0	1138.0	643.0	valide	valide_AI_AM_AF
641	25892.0	319	JJ160	228r	476	2	662.0	2.0	AF	AF	13.0	2.0	20.0	13.0	1180.0	632.0	valide	valide_AI_AM_AF
642	25893.0	320	JJ160	228v	476	1	663.0	1.0	AI	AI	644.0	1.0	209.0	644.0	991.0	623.0	valide	valide_AI_AM_AF
643	25893.0	320	JJ160	228v	477	2	664.0	2.0	AF	AF	10.0	2.0	1.0	10.0	1126.0	1372.0	valide	valide_AI_AM_AF
644	25894.0	321	JJ160	229v	478	1	665.0	0.0	AC	AC	45.0	1.0	159.0	45.0	1041.0	1242.0	valide	
645	25895.0	322	JJ160	230r	479	1	666.0	0.0	AC	AC	38.0	1.0	0.0	38.0	1113.0	1340.0	valide	
646	25896.0	323	JJ160	230v	480	1	667.0	1.0	AI	AI	47.0	1.0	177.0	47.0	1023.0	1240.0	valide	valide_AI_AM_AF
647	25896.0	323	JJ160	230v	481	2	668.0	3.0	AM	AM	22.0	2.0	1.0	22.0	1144.0	1379.0	valide	valide_AI_AM_AF
648	25896.0	323	JJ160	230v	482	3	669.0	2.0	AF	AF	27.0	3.0	137.0	27.0	1063.0	590.0	valide	valide_AI_AM_AF
649	25897.0	324	JJ160	231v	482	1	670.0	1.0	AI	AI	615.0	1.0	27.0	615.0	1173.0	656.0	valide	valide_AI_AM_AF
650	25897.0	324	JJ160	231v	483	2	671.0	2.0	AF	AF	11.0	2.0	0.0	11.0	1200.0	540.0	valide	valide_AI_AM_AF
651	25898.0	325	JJ160	232r	483	1	672.0	1.0	AI	AI	552.0	1.0	1.0	552.0	1198.0	845.0	valide	valide_AI_AM_AF
652	25898.0	325	JJ160	232r	484	2	673.0	2.0	AF	AF	47.0	2.0	62.0	47.0	1136.0	1219.0	valide	valide_AI_AM_AF
653	25899.0	326	JJ160	233r	485	1	674.0	0.0	AC	AC	35.0	1.0	1.0	35.0	1199.0	1366.0	valide	
654	25900.0	327	JJ160	233v	486	1	675.0	0.0	AC	AC	45.0	1.0	32.0	45.0	1167.0	1219.0	valide	
655	25901.0	328	JJ160	234r	487	1	676.0	0.0	AC	AC	27.0	1.0	1.0	27.0	1122.0	1361.0	valide	
656	25902.0	329	JJ160	234v	488	1	677.0	1.0	AI	AI	27.0	1.0	89.0	27.0	1110.0	1241.0	valide	valide_AI_AM_AF
657	25902.0	329	JJ160	234v	489	2	678.0	2.0	AF	AF	3.0	2.0	1.0	3.0	1199.0	1005.0	valide	valide_AI_AM_AF
658	25903.0	330	JJ160	235r	489	1	679.0	1.0	AI	AI	1010.0	1.0	0.0	1010.0	1200.0	352.0	valide	valide_AI_AM_AF
659	25903.0	330	JJ160	235r	490	2	680.0	2.0	AF	AF	30.0	2.0	219.0	30.0	979.0	1237.0	valide	valide_AI_AM_AF
660	25904.0	331	JJ160	236r	491	1	681.0	1.0	AI	AI	6.0	1.0	0.0	6.0	1188.0	1384.0	valide	valide_AI_AM_AF
661	25904.0	331	JJ160	236r	492	2	682.0	2.0	AF	AF	42.0	2.0	29.0	42.0	1169.0	575.0	valide	valide_AI_AM_AF
662	25905.0	332	JJ160	236v	492	1	683.0	1.0	AI	AI	616.0	1.0	39.0	616.0	1159.0	635.0	valide	valide_AI_AM_AF
663	25905.0	332	JJ160	236v	493	2	684.0	2.0	AF	AF	3.0	2.0	0.0	3.0	1200.0	1003.0	valide	valide_AI_AM_AF
664	25906.0	333	JJ160	237r	493	1	685.0	1.0	AI	AI	1003.0	1.0	1.0	1003.0	1199.0	361.0	valide	valide_AI_AM_AF
665	25906.0	333	JJ160	237r	494	2	686.0	2.0	AF	AF	34.0	2.0	204.0	34.0	995.0	1231.0	valide	valide_AI_AM_AF
666	25907.0	334	JJ160	238r	495	1	687.0	0.0	AC	AC	38.0	1.0	1.0	38.0	1124.0	1355.0	valide	
667	25908.0	335	JJ160	238v	496	1	688.0	1.0	AI	AI	48.0	1.0	30.0	48.0	1169.0	1218.0	valide	valide_AI_AM_AF
668	25908.0	335	JJ160	238v	497	2	689.0	2.0	AF	AF	3.0	2.0	0.0	3.0	1200.0	492.0	valide	valide_AI_AM_AF
669	25909.0	336	JJ160	239r	497	1	690.0	1.0	AI	AI	495.0	1.0	1.0	495.0	1199.0	905.0	valide	valide_AI_AM_AF
670	25909.0	336	JJ160	239r	498	2	691.0	3.0	AM	AM	48.0	2.0	130.0	48.0	1069.0	1220.0	valide	valide_AI_AM_AF
671	25909.0	336	JJ160	239r	499	3	692.0	3.0	AM	AM	16.0	3.0	1.0	16.0	1136.0	1389.0	valide	valide_AI_AM_AF
672	25909.0	336	JJ160	239r	500	4	693.0	3.0	AM	AM	45.0	4.0	30.0	45.0	1168.0	1226.0	valide	valide_AI_AM_AF
673	25909.0	336	JJ160	239r	501	5	694.0	3.0	AM	AM	15.0	5.0	1.0	15.0	1199.0	1387.0	valide	valide_AI_AM_AF
674	25909.0	336	JJ160	239r	502	6	695.0	2.0	AF	AF	41.0	6.0	20.0	41.0	1180.0	665.0	valide	valide_AI_AM_AF
675	25910.0	337	JJ160	241v	502	1	696.0	1.0	AI	AI	705.0	1.0	10.0	705.0	1190.0	558.0	valide	valide_AI_AM_AF
676	25910.0	337	JJ160	241v	503	2	697.0	2.0	AF	AF	2.0	2.0	0.0	2.0	1200.0	1028.0	valide	valide_AI_AM_AF
677	25911.0	338	JJ160	242r	503	1	698.0	1.0	AI	AI	1013.0	1.0	0.0	1013.0	1200.0	384.0	valide	valide_AI_AM_AF
678	25911.0	338	JJ160	242r	504	2	699.0	2.0	AF	AF	45.0	2.0	59.0	45.0	1141.0	1245.0	valide	valide_AI_AM_AF
679	25912.0	339	JJ160	243r	505	1	700.0	1.0	AI	AI	8.0	1.0	1.0	8.0	1120.0	1393.0	valide	valide_AI_AM_AF
680	25912.0	339	JJ160	243r	506	2	701.0	2.0	AF	AF	48.0	2.0	215.0	48.0	985.0	638.0	valide	valide_AI_AM_AF
681	25913.0	340	JJ160	243v	506	1	702.0	0.0	AC	AC	684.0	1.0	154.0	684.0	1046.0	583.0	valide	
682	25914.0	341	JJ160	244r	507	1	703.0	0.0	AC	AC	5.0	1.0	1.0	5.0	1185.0	1393.0	valide	
683	25915.0	342	JJ160	244v	508	1	704.0	1.0	AI	AI	50.0	1.0	101.0	50.0	1099.0	1225.0	valide	valide_AI_AM_AF
684	25915.0	342	JJ160	244v	509	2	705.0	2.0	AF	AF	4.0	2.0	1.0	4.0	1119.0	1398.0	valide	valide_AI_AM_AF
685	25916.0	343	JJ160	245v	510	1	706.0	1.0	AI	AI	51.0	1.0	236.0	51.0	964.0	1218.0	valide	valide_AI_AM_AF
686	25916.0	343	JJ160	245v	511	2	707.0	2.0	AF	AF	1.0	2.0	1.0	1.0	1199.0	341.0	valide	valide_AI_AM_AF
687	25917.0	344	JJ160	246r	511	1	708.0	1.0	AI	AI	343.0	1.0	1.0	343.0	1112.0	1056.0	valide	valide_AI_AM_AF
688	25917.0	344	JJ160	246r	512	2	709.0	2.0	AF	AF	47.0	2.0	19.0	47.0	1181.0	1224.0	valide	valide_AI_AM_AF
689	25918.0	345	JJ160	247r	513	1	710.0	0.0	AC	AC	9.0	1.0	1.0	9.0	1120.0	1391.0	valide	
690	25919.0	346	JJ160	247v	514	1	711.0	0.0	AC	AC	45.0	1.0	5.0	45.0	1195.0	1229.0	valide	
691	25920.0	347	JJ160	248r	515	1	712.0	1.0	AI	AI	5.0	1.0	1.0	5.0	1196.0	1388.0	valide	valide_AI_AM_AF
692	25920.0	347	JJ160	248r	516	2	713.0	2.0	AF	AF	23.0	2.0	18.0	23.0	1182.0	584.0	valide	valide_AI_AM_AF
693	25921.0	348	JJ160	248v	516	1	714.0	1.0	AI	AI	606.0	1.0	39.0	606.0	1161.0	657.0	valide	valide_AI_AM_AF
694	25921.0	348	JJ160	248v	517	2	715.0	2.0	AF	AF	4.0	2.0	0.0	4.0	1132.0	785.0	valide	valide_AI_AM_AF
695	25922.0	349	JJ160	249r	517	1	716.0	1.0	AI	AI	786.0	1.0	0.0	786.0	1197.0	599.0	valide	valide_AI_AM_AF
696	25922.0	349	JJ160	249r	518	2	717.0	2.0	AF	AF	31.0	2.0	32.0	31.0	1168.0	1241.0	valide	valide_AI_AM_AF
697	25923.0	350	JJ160	250r	519	1	718.0	0.0	AC	AC	9.0	1.0	1.0	9.0	1129.0	1390.0	valide	
698	25924.0	351	JJ160	250v	520	1	719.0	1.0	AI	AI	43.0	1.0	190.0	43.0	1010.0	1230.0	valide	valide_AI_AM_AF
699	25924.0	351	JJ160	250v	521	2	720.0	2.0	AF	AF	3.0	2.0	2.0	3.0	1197.0	709.0	valide	valide_AI_AM_AF
700	25925.0	352	JJ160	251r	521	1	721.0	1.0	AI	AI	711.0	1.0	0.0	711.0	1197.0	671.0	valide	valide_AI_AM_AF
701	25925.0	352	JJ160	251r	522	2	722.0	2.0	AF	AF	35.0	2.0	55.0	35.0	1145.0	1256.0	valide	valide_AI_AM_AF
702	25926.0	353	JJ160	252r	523	1	723.0	1.0	AI	AI	6.0	1.0	1.0	6.0	1129.0	1396.0	valide	valide_AI_AM_AF
703	25926.0	353	JJ160	252r	524	2	724.0	2.0	AF	AF	36.0	2.0	177.0	36.0	1023.0	733.0	valide	valide_AI_AM_AF
704	25927.0	354	JJ160	252v	524	1	725.0	1.0	AI	AI	767.0	1.0	8.0	767.0	1191.0	495.0	valide	valide_AI_AM_AF
705	25927.0	354	JJ160	252v	525	2	726.0	3.0	AM	AM	3.0	2.0	1.0	3.0	1128.0	1399.0	valide	valide_AI_AM_AF
706	25927.0	354	JJ160	252v	526	3	727.0	3.0	AM	AM	25.0	3.0	224.0	25.0	976.0	1264.0	valide	valide_AI_AM_AF
707	25927.0	354	JJ160	252v	527	4	728.0	2.0	AF	AF	3.0	4.0	1.0	3.0	1198.0	1397.0	valide	valide_AI_AM_AF
708	25928.0	355	JJ160	254v	528	1	729.0	1.0	AI	AI	38.0	1.0	65.0	38.0	1135.0	1247.0	valide	valide_AI_AM_AF
709	25928.0	355	JJ160	254v	529	2	730.0	2.0	AF	AF	3.0	2.0	0.0	3.0	1200.0	579.0	valide	valide_AI_AM_AF
710	25929.0	356	JJ160	255r	529	1	731.0	1.0	AI	AI	585.0	1.0	0.0	585.0	1198.0	815.0	valide	valide_AI_AM_AF
711	25929.0	356	JJ160	255r	530	2	732.0	2.0	AF	AF	34.0	2.0	32.0	34.0	1168.0	1254.0	valide	valide_AI_AM_AF
712	25930.0	357	JJ160	256r	531	1	733.0	0.0	AC	AC	10.0	1.0	1.0	10.0	1142.0	1394.0	valide	
713	25931.0	358	JJ160	256v	532	1	734.0	1.0	AI	AI	48.0	1.0	151.0	48.0	1049.0	1237.0	valide	valide_AI_AM_AF
714	25931.0	358	JJ160	256v	533	2	735.0	2.0	AF	AF	2.0	2.0	1.0	2.0	1199.0	829.0	valide	valide_AI_AM_AF
715	25932.0	359	JJ160	257r	533	1	736.0	1.0	AI	AI	825.0	1.0	0.0	825.0	1200.0	574.0	valide	valide_AI_AM_AF
716	25932.0	359	JJ160	257r	534	2	737.0	2.0	AF	AF	32.0	2.0	32.0	32.0	1166.0	675.0	valide	valide_AI_AM_AF
717	25933.0	360	JJ160	257v	534	1	738.0	1.0	AI	AI	708.0	1.0	5.0	708.0	1193.0	548.0	valide	valide_AI_AM_AF
718	25933.0	360	JJ160	257v	535	2	739.0	3.0	AM	AM	4.0	2.0	1.0	4.0	1134.0	1398.0	valide	valide_AI_AM_AF
719	25933.0	360	JJ160	257v	536	3	740.0	2.0	AF	AF	35.0	3.0	141.0	35.0	1056.0	688.0	valide	valide_AI_AM_AF
720	25934.0	361	JJ160	258v	536	1	741.0	1.0	AI	AI	724.0	1.0	5.0	724.0	1193.0	534.0	valide	valide_AI_AM_AF
721	25934.0	361	JJ160	258v	537	2	742.0	2.0	AF	AF	11.0	2.0	1.0	11.0	1126.0	1393.0	valide	valide_AI_AM_AF
722	25935.0	362	JJ160	259v	538	1	743.0	0.0	AC	AC	41.0	1.0	49.0	41.0	1149.0	1232.0	valide	
723	25936.0	363	JJ160	260r	539	1	744.0	0.0	AC	AC	11.0	1.0	1.0	11.0	1124.0	1386.0	valide	
724	25937.0	364	JJ160	260v	540	1	745.0	0.0	AC	AC	39.0	1.0	91.0	39.0	1107.0	1228.0	valide	
725	25938.0	365	JJ160	261r	541	1	746.0	1.0	AI	AI	9.0	1.0	1.0	9.0	1087.0	1390.0	valide	valide_AI_AM_AF
726	25938.0	365	JJ160	261r	542	2	747.0	2.0	AF	AF	32.0	2.0	105.0	32.0	1093.0	677.0	valide	valide_AI_AM_AF
727	25939.0	366	JJ160	261v	542	1	748.0	1.0	AI	AI	709.0	1.0	13.0	709.0	1185.0	547.0	valide	valide_AI_AM_AF
728	25939.0	366	JJ160	261v	543	2	749.0	2.0	AF	AF	2.0	2.0	0.0	2.0	1200.0	413.0	valide	valide_AI_AM_AF
729	25940.0	367	JJ160	262r	543	1	750.0	1.0	AI	AI	415.0	1.0	1.0	415.0	1141.0	989.0	valide	valide_AI_AM_AF
730	25940.0	367	JJ160	262r	544	2	751.0	2.0	AF	AF	36.0	2.0	14.0	36.0	1184.0	511.0	valide	valide_AI_AM_AF
731	25941.0	368	JJ160	262v	544	1	752.0	1.0	AI	AI	549.0	1.0	120.0	549.0	1077.0	709.0	valide	valide_AI_AM_AF
732	25941.0	368	JJ160	262v	545	2	753.0	2.0	AF	AF	5.0	2.0	0.0	5.0	1198.0	1041.0	valide	valide_AI_AM_AF
733	25942.0	369	JJ160	263r	545	1	754.0	1.0	AI	AI	1048.0	1.0	0.0	1048.0	1198.0	348.0	valide	valide_AI_AM_AF
734	25942.0	369	JJ160	263r	546	2	755.0	2.0	AF	AF	31.0	2.0	138.0	31.0	1059.0	944.0	valide	valide_AI_AM_AF
735	25943.0	370	JJ160	263v	546	1	756.0	1.0	AI	AI	974.0	1.0	4.0	974.0	1194.0	282.0	valide	valide_AI_AM_AF
736	25943.0	370	JJ160	263v	547	2	757.0	2.0	AF	AF	2.0	2.0	0.0	2.0	1195.0	1410.0	valide	valide_AI_AM_AF
737	25944.0	371	JJ160	264v	548	1	758.0	0.0	AC	AC	43.0	1.0	16.0	43.0	1182.0	931.0	valide	
738	25945.0	372	JJ160	264v	548	1	759.0	1.0	AI	AI	977.0	1.0	4.0	977.0	1193.0	281.0	valide	valide_AI_AM_AF
739	25945.0	372	JJ160	264v	549	2	760.0	2.0	AF	AF	5.0	2.0	0.0	5.0	1196.0	973.0	valide	valide_AI_AM_AF
740	25946.0	373	JJ160	265r	549	1	761.0	1.0	AI	AI	981.0	1.0	0.0	981.0	1198.0	417.0	valide	valide_AI_AM_AF
741	25946.0	373	JJ160	265r	550	2	762.0	2.0	AF	AF	35.0	2.0	4.0	35.0	1195.0	1244.0	valide	valide_AI_AM_AF
742	25947.0	373bis	JJ160	266r	551	1	763.0	1.0	AI	AI	39.0	1.0	0.0	39.0	1191.0	1374.0	valide	valide_AI_AM_AF
743	25947.0	373bis	JJ160	266r	552	2	764.0	2.0	AF	AF	46.0	2.0	14.0	46.0	1184.0	527.0	valide	valide_AI_AM_AF
744	25948.0	374	JJ160	266v	552	1	765.0	1.0	AI	AI	575.0	1.0	111.0	575.0	1086.0	686.0	valide	valide_AI_AM_AF
745	25948.0	374	JJ160	266v	553	2	766.0	2.0	AF	AF	11.0	2.0	0.0	11.0	1194.0	759.0	valide	valide_AI_AM_AF
746	25949.0	375	JJ160	267r	553	1	767.0	1.0	AI	AI	767.0	1.0	0.0	767.0	1198.0	636.0	valide	valide_AI_AM_AF
747	25949.0	375	JJ160	267r	554	2	768.0	2.0	AF	AF	45.0	2.0	63.0	45.0	1136.0	1211.0	valide	valide_AI_AM_AF
748	25950.0	376	JJ160	268r	555	1	769.0	0.0	AC	AC	46.0	1.0	3.0	46.0	1196.0	1404.0	valide	
749	25951.0	377	JJ160	268v	556	1	770.0	0.0	AC	AC	45.0	1.0	28.0	45.0	1171.0	727.0	valide	
750	25952.0	378	JJ160	268v	556	1	771.0	1.0	AI	AI	772.0	1.0	1.0	772.0	1199.0	481.0	valide	valide_AI_AM_AF
751	25952.0	378	JJ160	268v	557	2	772.0	2.0	AF	AF	3.0	2.0	1.0	3.0	1197.0	1411.0	valide	valide_AI_AM_AF
752	25953.0	379	JJ160	269v	558	1	773.0	0.0	AC	AC	37.0	1.0	21.0	37.0	1179.0	690.0	valide	
753	25954.0	380	JJ160	269v	558	1	774.0	1.0	AI	AI	724.0	1.0	1.0	724.0	1199.0	523.0	valide	valide_AI_AM_AF
754	25954.0	380	JJ160	269v	559	2	775.0	2.0	AF	AF	4.0	2.0	2.0	4.0	1196.0	726.0	valide	valide_AI_AM_AF
755	25955.0	381	JJ160	270r	559	1	776.0	1.0	AI	AI	731.0	1.0	0.0	731.0	1194.0	681.0	valide	valide_AI_AM_AF
756	25955.0	381	JJ160	270r	560	2	777.0	2.0	AF	AF	43.0	2.0	31.0	43.0	1169.0	767.0	valide	valide_AI_AM_AF
757	25956.0	382	JJ160	270v	560	1	778.0	1.0	AI	AI	808.0	1.0	29.0	808.0	1171.0	439.0	valide	valide_AI_AM_AF
758	25956.0	382	JJ160	270v	561	2	779.0	2.0	AF	AF	4.0	2.0	2.0	4.0	1198.0	634.0	valide	valide_AI_AM_AF
759	25957.0	383	JJ160	271r	561	1	780.0	1.0	AI	AI	638.0	1.0	0.0	638.0	1194.0	757.0	valide	valide_AI_AM_AF
760	25957.0	383	JJ160	271r	562	2	781.0	2.0	AF	AF	44.0	2.0	16.0	44.0	1184.0	595.0	valide	valide_AI_AM_AF
761	25958.0	384	JJ160	271v	562	1	782.0	1.0	AI	AI	639.0	1.0	13.0	639.0	1187.0	612.0	valide	valide_AI_AM_AF
762	25958.0	384	JJ160	271v	563	2	783.0	2.0	AF	AF	5.0	2.0	2.0	5.0	1197.0	935.0	valide	valide_AI_AM_AF
763	25959.0	385	JJ160	272r	563	1	784.0	1.0	AI	AI	936.0	1.0	0.0	936.0	1196.0	444.0	valide	valide_AI_AM_AF
764	25959.0	385	JJ160	272r	564	2	785.0	2.0	AF	AF	28.0	2.0	23.0	28.0	1177.0	1249.0	valide	valide_AI_AM_AF
765	25960.0	386	JJ160	273r	565	1	786.0	1.0	AI	AI	12.0	1.0	0.0	12.0	1193.0	1398.0	valide	valide_AI_AM_AF
766	25960.0	386	JJ160	273r	566	2	787.0	2.0	AF	AF	44.0	2.0	109.0	44.0	1091.0	531.0	valide	valide_AI_AM_AF
767	25961.0	387	JJ160	273v	566	1	788.0	1.0	AI	AI	574.0	1.0	16.0	574.0	1184.0	681.0	valide	valide_AI_AM_AF
768	25961.0	387	JJ160	273v	567	2	789.0	2.0	AF	AF	8.0	2.0	4.0	8.0	1195.0	509.0	valide	valide_AI_AM_AF
769	25962.0	388	JJ160	274r	567	1	790.0	1.0	AI	AI	515.0	1.0	0.0	515.0	1192.0	894.0	valide	valide_AI_AM_AF
770	25962.0	388	JJ160	274r	568	2	791.0	2.0	AF	AF	38.0	2.0	61.0	38.0	1139.0	856.0	valide	valide_AI_AM_AF
771	25963.0	389	JJ160	274v	568	1	792.0	0.0	AC	AC	890.0	1.0	15.0	890.0	1185.0	358.0	valide	
772	25964.0	390	JJ160	275r	569	1	793.0	0.0	AC	AC	9.0	1.0	2.0	9.0	1196.0	953.0	valide	
773	25965.0	391	JJ160	275r	569	1	794.0	1.0	AI	AI	957.0	1.0	1.0	957.0	1198.0	447.0	valide	valide_AI_AM_AF
774	25965.0	391	JJ160	275r	570	2	795.0	2.0	AF	AF	18.0	2.0	14.0	18.0	1185.0	1260.0	valide	valide_AI_AM_AF
775	25966.0	392	JJ160	276r	571	1	796.0	0.0	AC	AC	5.0	1.0	1.0	5.0	1194.0	1399.0	valide	
776	25967.0	393	JJ160	276v	572	1	797.0	0.0	AC	AC	15.0	1.0	19.0	15.0	1180.0	930.0	valide	
777	25968.0	394	JJ160	276v	572	1	798.0	1.0	AI	AI	938.0	1.0	70.0	938.0	1130.0	309.0	valide	valide_AI_AM_AF
778	25968.0	394	JJ160	276v	573	2	799.0	3.0	AM	AM	6.0	2.0	1.0	6.0	1190.0	1405.0	valide	valide_AI_AM_AF
779	25968.0	394	JJ160	276v	574	3	800.0	2.0	AF	AF	34.0	3.0	125.0	34.0	1075.0	351.0	valide	valide_AI_AM_AF
780	25969.0	395	JJ160	277v	574	1	801.0	1.0	AI	AI	386.0	1.0	126.0	386.0	1074.0	890.0	valide	valide_AI_AM_AF
781	25969.0	395	JJ160	277v	575	2	802.0	2.0	AF	AF	4.0	2.0	6.0	4.0	1191.0	435.0	valide	valide_AI_AM_AF
782	25970.0	396	JJ160	277bisr	575	1	803.0	1.0	AI	AI	441.0	1.0	1.0	441.0	1195.0	973.0	valide	valide_AI_AM_AF
783	25970.0	396	JJ160	277bisr	576	2	804.0	2.0	AF	AF	17.0	2.0	73.0	17.0	1126.0	459.0	valide	valide_AI_AM_AF
784	25971.0	397	JJ160	277bisv	576	1	805.0	0.0	AC	AC	475.0	1.0	143.0	475.0	1057.0	798.0	valide	
785	25972.0	398	JJ160	278r	577	1	806.0	0.0	AC	AC	20.0	1.0	1.0	20.0	1196.0	1400.0	valide	
786	25973.0	399	JJ160	278v	578	1	807.0	1.0	AI	AI	33.0	1.0	0.0	33.0	1200.0	1248.0	valide	valide_AI_AM_AF
787	25973.0	399	JJ160	278v	579	2	808.0	2.0	AF	AF	7.0	2.0	8.0	7.0	1190.0	446.0	valide	valide_AI_AM_AF
788	25974.0	400	JJ160	279r	579	1	809.0	1.0	AI	AI	457.0	1.0	0.0	457.0	1198.0	960.0	valide	valide_AI_AM_AF
789	25974.0	400	JJ160	279r	580	2	810.0	2.0	AF	AF	29.0	2.0	25.0	29.0	1174.0	885.0	valide	valide_AI_AM_AF
790	25975.0	401	JJ160	279v	580	1	811.0	1.0	AI	AI	909.0	1.0	237.0	909.0	962.0	349.0	valide	valide_AI_AM_AF
791	25975.0	401	JJ160	279v	581	2	812.0	2.0	AF	AF	9.0	2.0	4.0	9.0	1193.0	997.0	valide	valide_AI_AM_AF
792	25976.0	402	JJ160	280r	581	1	813.0	1.0	AI	AI	1010.0	1.0	0.0	1010.0	1197.0	404.0	valide	valide_AI_AM_AF
793	25976.0	402	JJ160	280r	582	2	814.0	2.0	AF	AF	13.0	2.0	79.0	13.0	1120.0	767.0	valide	valide_AI_AM_AF
794	25977.0	403	JJ160	280v	582	1	815.0	0.0	AC	AC	782.0	1.0	64.0	782.0	1136.0	478.0	valide	
795	25978.0	404	JJ160	281r	583	1	816.0	0.0	AC	AC	11.0	1.0	3.0	11.0	1196.0	1085.0	valide	
796	25979.0	405	JJ160	281r	583	1	817.0	1.0	AI	AI	1095.0	1.0	0.0	1095.0	1198.0	310.0	valide	valide_AI_AM_AF
797	25979.0	405	JJ160	281r	584	2	818.0	3.0	AM	AM	8.0	2.0	10.0	8.0	1190.0	1241.0	valide	valide_AI_AM_AF
798	25979.0	405	JJ160	281r	585	3	819.0	2.0	AF	AF	7.0	3.0	4.0	7.0	1194.0	734.0	valide	valide_AI_AM_AF
799	25980.0	406	JJ160	282r	585	1	820.0	1.0	AI	AI	741.0	1.0	0.0	741.0	1198.0	663.0	valide	valide_AI_AM_AF
800	25980.0	406	JJ160	282r	586	2	821.0	2.0	AF	AF	34.0	2.0	13.0	34.0	1187.0	798.0	valide	valide_AI_AM_AF
801	25981.0	407	JJ160	282v	586	1	822.0	1.0	AI	AI	832.0	1.0	9.0	832.0	1191.0	437.0	valide	valide_AI_AM_AF
802	25981.0	407	JJ160	282v	587	2	823.0	2.0	AF	AF	4.0	2.0	3.0	4.0	1194.0	706.0	valide	valide_AI_AM_AF
803	25982.0	408	JJ160	283r	587	1	824.0	1.0	AI	AI	710.0	1.0	0.0	710.0	1197.0	698.0	valide	valide_AI_AM_AF
804	25982.0	408	JJ160	283r	588	2	825.0	2.0	AF	AF	40.0	2.0	40.0	40.0	1160.0	1253.0	valide	valide_AI_AM_AF
805	25983.0	409	JJ160	284r	589	1	826.0	0.0	AC	AC	4.0	1.0	3.0	4.0	1195.0	970.0	valide	
806	25984.0	410	JJ160	284r	589	1	827.0	1.0	AI	AI	981.0	1.0	1.0	981.0	1197.0	425.0	valide	valide_AI_AM_AF
807	25984.0	410	JJ160	284r	590	2	828.0	2.0	AF	AF	39.0	2.0	64.0	39.0	1136.0	821.0	valide	valide_AI_AM_AF
808	25985.0	411	JJ160	284v	590	1	829.0	1.0	AI	AI	860.0	1.0	6.0	860.0	1194.0	417.0	valide	valide_AI_AM_AF
809	25985.0	411	JJ160	284v	591	2	830.0	2.0	AF	AF	3.0	2.0	2.0	3.0	1196.0	1413.0	valide	valide_AI_AM_AF
810	25986.0	412	JJ160	285v	592	1	831.0	1.0	AI	AI	52.0	1.0	119.0	52.0	1081.0	1243.0	valide	valide_AI_AM_AF
811	25986.0	412	JJ160	285v	593	2	832.0	2.0	AF	AF	4.0	2.0	3.0	4.0	1192.0	656.0	valide	valide_AI_AM_AF
812	25987.0	413	JJ160	286r	593	1	833.0	1.0	AI	AI	659.0	1.0	1.0	659.0	1196.0	754.0	valide	valide_AI_AM_AF
813	25987.0	413	JJ160	286r	594	2	834.0	2.0	AF	AF	37.0	2.0	56.0	37.0	1143.0	825.0	valide	valide_AI_AM_AF
814	25988.0	414	JJ160	286v	594	1	835.0	1.0	AI	AI	861.0	1.0	42.0	861.0	1158.0	410.0	valide	valide_AI_AM_AF
815	25988.0	414	JJ160	286v	595	2	836.0	3.0	AM	AM	8.0	2.0	1.0	8.0	1193.0	1410.0	valide	valide_AI_AM_AF
816	25988.0	414	JJ160	286v	596	3	837.0	2.0	AF	AF	32.0	3.0	16.0	32.0	1184.0	901.0	valide	valide_AI_AM_AF
817	25989.0	415	JJ160	287v	596	1	838.0	1.0	AI	AI	928.0	1.0	196.0	928.0	1003.0	327.0	valide	valide_AI_AM_AF
818	25989.0	415	JJ160	287v	597	2	839.0	2.0	AF	AF	4.0	2.0	2.0	4.0	1194.0	1417.0	valide	valide_AI_AM_AF
819	25990.0	416	JJ160	288v	598	1	840.0	0.0	AC	AC	33.0	1.0	139.0	33.0	1061.0	1226.0	valide	
820	25991.0	417	JJ160	289r	599	1	841.0	1.0	AI	AI	9.0	1.0	0.0	9.0	1198.0	1402.0	valide	valide_AI_AM_AF
821	25991.0	417	JJ160	289r	600	2	842.0	2.0	AF	AF	20.0	2.0	39.0	20.0	1160.0	276.0	valide	valide_AI_AM_AF
822	25992.0	418	JJ160	289v	600	1	843.0	1.0	AI	AI	294.0	1.0	42.0	294.0	1157.0	962.0	valide	valide_AI_AM_AF
823	25992.0	418	JJ160	289v	601	2	844.0	2.0	AF	AF	5.0	2.0	5.0	5.0	1194.0	815.0	valide	valide_AI_AM_AF
824	25993.0	419	JJ160	290r	601	1	845.0	1.0	AI	AI	824.0	1.0	0.0	824.0	1199.0	616.0	valide	valide_AI_AM_AF
825	25993.0	419	JJ160	290r	602	2	846.0	2.0	AF	AF	16.0	2.0	10.0	16.0	1189.0	371.0	valide	valide_AI_AM_AF
826	25994.0	420	JJ160	290v	602	1	847.0	1.0	AI	AI	388.0	1.0	29.0	388.0	1170.0	867.0	valide	valide_AI_AM_AF
827	25994.0	420	JJ160	290v	603	2	848.0	2.0	AF	AF	3.0	2.0	4.0	3.0	1195.0	539.0	valide	valide_AI_AM_AF
828	25995.0	421	JJ160	291r	603	1	849.0	1.0	AI	AI	535.0	1.0	0.0	535.0	1196.0	903.0	valide	valide_AI_AM_AF
829	25995.0	421	JJ160	291r	604	2	850.0	2.0	AF	AF	20.0	2.0	44.0	20.0	1155.0	316.0	valide	valide_AI_AM_AF
830	25996.0	422	JJ160	291v	604	1	851.0	0.0	AC	AC	337.0	1.0	20.0	337.0	1179.0	925.0	valide	
831	25997.0	423	JJ160	292r	605	1	852.0	1.0	AI	AI	10.0	1.0	1.0	10.0	1198.0	1422.0	valide	valide_AI_AM_AF
832	25997.0	423	JJ160	292r	606	2	853.0	2.0	AF	AF	11.0	2.0	19.0	11.0	1180.0	969.0	valide	valide_AI_AM_AF
833	25998.0	424	JJ160	292v	606	1	854.0	0.0	AC	AC	975.0	1.0	8.0	975.0	1191.0	260.0	valide	
834	25999.0	425	JJ160	293r	607	1	855.0	0.0	AC	AC	5.0	1.0	3.0	5.0	1197.0	1058.0	valide	
835	26000.0	426	JJ160	293r	607	1	856.0	1.0	AI	AI	1059.0	1.0	1.0	1059.0	1199.0	386.0	valide	valide_AI_AM_AF
836	26000.0	426	JJ160	293r	608	2	857.0	3.0	AM	AM	37.0	2.0	30.0	37.0	1169.0	1224.0	valide	valide_AI_AM_AF
837	26000.0	426	JJ160	293r	609	3	858.0	2.0	AF	AF	5.0	3.0	3.0	5.0	1194.0	1446.0	valide	valide_AI_AM_AF
838	26001.0	427	JJ160	294v	610	1	859.0	1.0	AI	AI	25.0	1.0	29.0	25.0	1170.0	1220.0	valide	valide_AI_AM_AF
839	26001.0	427	JJ160	294v	611	2	860.0	2.0	AF	AF	5.0	2.0	3.0	5.0	1196.0	770.0	valide	valide_AI_AM_AF
840	26002.0	428	JJ160	295r	611	1	861.0	1.0	AI	AI	773.0	1.0	1.0	773.0	1196.0	655.0	valide	valide_AI_AM_AF
841	26002.0	428	JJ160	295r	612	2	862.0	2.0	AF	AF	25.0	2.0	26.0	25.0	1173.0	1229.0	valide	valide_AI_AM_AF
842	26003.0	429	JJ160	296r	613	1	863.0	0.0	AC	AC	12.0	1.0	3.0	12.0	1196.0	1441.0	valide	
843	26004.0	430	JJ160	296v	614	1	864.0	0.0	AC	AC	31.0	1.0	23.0	31.0	1176.0	1227.0	valide	
844	26005.0	431	JJ160	297r	615	1	865.0	1.0	AI	AI	9.0	1.0	1.0	9.0	1197.0	1433.0	valide	valide_AI_AM_AF
845	26005.0	431	JJ160	297r	616	2	866.0	2.0	AF	AF	3.0	2.0	12.0	3.0	1187.0	337.0	valide	valide_AI_AM_AF
846	26006.0	432	JJ160	297v	616	1	867.0	1.0	AI	AI	340.0	1.0	22.0	340.0	1177.0	910.0	valide	valide_AI_AM_AF
847	26006.0	432	JJ160	297v	617	2	868.0	2.0	AF	AF	4.0	2.0	4.0	4.0	1195.0	655.0	valide	valide_AI_AM_AF
848	26007.0	433	JJ160	298r	617	1	869.0	1.0	AI	AI	659.0	1.0	1.0	659.0	1197.0	773.0	valide	valide_AI_AM_AF
849	26007.0	433	JJ160	298r	618	2	870.0	2.0	AF	AF	4.0	2.0	28.0	4.0	1171.0	770.0	valide	valide_AI_AM_AF
850	26008.0	434	JJ160	298v	618	1	871.0	0.0	AC	AC	771.0	1.0	186.0	771.0	1013.0	63.0	valide	
851	26009.0	435	JJ160	298v	618	1	872.0	1.0	AI	AI	827.0	1.0	7.0	827.0	1193.0	400.0	valide	valide_AI_AM_AF
852	26009.0	435	JJ160	298v	619	2	873.0	2.0	AF	AF	4.0	2.0	4.0	4.0	1196.0	1098.0	valide	valide_AI_AM_AF
853	26010.0	436	JJ160	299r	619	1	874.0	1.0	AI	AI	1094.0	1.0	4.0	1094.0	1196.0	347.0	valide	valide_AI_AM_AF
854	26010.0	436	JJ160	299r	620	2	875.0	2.0	AF	AF	10.0	2.0	23.0	10.0	1176.0	1250.0	valide	valide_AI_AM_AF
855	26011.0	437	JJ160	300r	621	1	876.0	1.0	AI	AI	8.0	1.0	3.0	8.0	1195.0	1443.0	valide	valide_AI_AM_AF
856	26011.0	437	JJ160	300r	622	2	877.0	2.0	AF	AF	17.0	2.0	19.0	17.0	1179.0	708.0	valide	valide_AI_AM_AF
857	26012.0	438	JJ160	300v	622	1	878.0	0.0	AC	AC	687.0	1.0	255.0	687.0	782.0	75.0	valide	
858	26013.0	439	JJ160	300v	622	1	879.0	1.0	AI	AI	759.0	1.0	11.0	759.0	1188.0	481.0	valide	valide_AI_AM_AF
859	26013.0	439	JJ160	300v	623	2	880.0	2.0	AF	AF	7.0	2.0	5.0	7.0	1195.0	942.0	valide	valide_AI_AM_AF
860	26014.0	440	JJ160	301r	623	1	881.0	1.0	AI	AI	949.0	1.0	2.0	949.0	1197.0	487.0	valide	valide_AI_AM_AF
861	26014.0	440	JJ160	301r	624	2	882.0	2.0	AF	AF	11.0	2.0	16.0	11.0	1184.0	1236.0	valide	valide_AI_AM_AF
862	26015.0	441	JJ160	302r	625	1	883.0	1.0	AI	AI	7.0	1.0	1.0	7.0	1199.0	1445.0	valide	valide_AI_AM_AF
863	26015.0	441	JJ160	302r	626	2	884.0	2.0	AF	AF	11.0	2.0	16.0	11.0	1183.0	1266.0	valide	valide_AI_AM_AF
864	26016.0	442	JJ160	303r	627	1	885.0	1.0	AI	AI	7.0	1.0	1.0	7.0	1197.0	1439.0	valide	valide_AI_AM_AF
865	26016.0	442	JJ160	303r	628	2	886.0	2.0	AF	AF	11.0	2.0	37.0	11.0	1161.0	624.0	valide	valide_AI_AM_AF
866	26017.0	443	JJ160	303v	628	1	887.0	1.0	AI	AI	631.0	1.0	21.0	631.0	1177.0	611.0	valide	valide_AI_AM_AF
867	26017.0	443	JJ160	303v	629	2	888.0	2.0	AF	AF	4.0	2.0	3.0	4.0	1196.0	1441.0	valide	valide_AI_AM_AF
868	26018.0	444	JJ160	304v	630	1	889.0	0.0	AC	AC	19.0	1.0	15.0	19.0	1183.0	1242.0	valide	
869	26019.0	445	JJ160	305r	631	1	890.0	1.0	AI	AI	28.0	1.0	1.0	28.0	1198.0	1447.0	valide	valide_AI_AM_AF
870	26019.0	445	JJ160	305r	632	2	891.0	2.0	AF	AF	27.0	2.0	16.0	27.0	1182.0	790.0	valide	valide_AI_AM_AF
871	26020.0	446	JJ160	305v	632	1	892.0	1.0	AI	AI	816.0	1.0	15.0	816.0	1183.0	437.0	valide	valide_AI_AM_AF
872	26020.0	446	JJ160	305v	633	2	893.0	3.0	AM	AM	9.0	2.0	1.0	9.0	1198.0	1464.0	valide	valide_AI_AM_AF
873	26020.0	446	JJ160	305v	634	3	894.0	3.0	AM	AM	37.0	3.0	12.0	37.0	1186.0	1234.0	valide	valide_AI_AM_AF
874	26020.0	446	JJ160	305v	635	4	895.0	3.0	AM	AM	9.0	4.0	1.0	9.0	1197.0	1466.0	valide	valide_AI_AM_AF
875	26020.0	446	JJ160	305v	636	5	896.0	3.0	AM	AM	34.0	5.0	12.0	34.0	1186.0	1242.0	valide	valide_AI_AM_AF
876	26020.0	446	JJ160	305v	637	6	897.0	3.0	AM	AM	11.0	6.0	1.0	11.0	1197.0	1454.0	valide	valide_AI_AM_AF
877	26020.0	446	JJ160	305v	638	7	898.0	3.0	AM	AM	33.0	7.0	9.0	33.0	1189.0	1237.0	valide	valide_AI_AM_AF
878	26020.0	446	JJ160	305v	639	8	899.0	2.0	AF	AF	18.0	8.0	2.0	18.0	1197.0	545.0	valide	valide_AI_AM_AF
879	26021.0	447	JJ160	309r	639	1	900.0	1.0	AI	AI	564.0	1.0	1.0	564.0	1198.0	895.0	valide	valide_AI_AM_AF
880	26021.0	447	JJ160	309r	640	2	901.0	2.0	AF	AF	31.0	2.0	3.0	31.0	1197.0	277.0	valide	valide_AI_AM_AF
881	26023.0	449	JJ160	310r	641	1	904.0	1.0	AI	AI	844.0	1.0	1.0	844.0	1198.0	605.0	valide	valide_AI_AM_AF
882	26023.0	449	JJ160	310r	642	2	905.0	2.0	AF	AF	31.0	2.0	28.0	31.0	1172.0	1246.0	valide	valide_AI_AM_AF
883	26024.0	450	JJ160	311r	643	1	906.0	1.0	AI	AI	31.0	1.0	1.0	31.0	1199.0	1436.0	valide	valide_AI_AM_AF
884	26024.0	450	JJ160	311r	644	2	907.0	2.0	AF	AF	25.0	2.0	12.0	25.0	1188.0	787.0	valide	valide_AI_AM_AF
885	26025.0	451	JJ160	311v	644	1	908.0	1.0	AI	AI	810.0	1.0	27.0	810.0	1173.0	451.0	valide	valide_AI_AM_AF
886	26025.0	451	JJ160	311v	645	2	909.0	2.0	AF	AF	5.0	2.0	1.0	5.0	1198.0	700.0	valide	valide_AI_AM_AF
887	26026.0	452	JJ160	312r	645	1	910.0	0.0	AC	AC	702.0	1.0	1.0	702.0	1198.0	764.0	valide	
888	26027.0	453	JJ160	312v	646	1	911.0	0.0	AC	AC	30.0	1.0	76.0	30.0	1124.0	1247.0	valide	
889	26037.0	1	JJ161	1r	665	1	928.0	1.0	AI	AI	4.0	1.0	1.0	4.0	1126.0	1326.0	valide	valide_AI_AM_AF
890	26037.0	1	JJ161	1r	666	2	929.0	2.0	AF	AF	1.0	2.0	2.0	1.0	1198.0	594.0	valide	valide_AI_AM_AF
891	26038.0	2	JJ161	1v	666	1	930.0	1.0	AI	AI	591.0	1.0	4.0	591.0	1196.0	855.0	valide	valide_AI_AM_AF
892	26038.0	2	JJ161	1v	667	2	931.0	2.0	AF	AF	31.0	2.0	1.0	31.0	1095.0	1299.0	valide	valide_AI_AM_AF
893	26039.0	3	JJ161	2v	668	1	932.0	1.0	AI	AI	34.0	1.0	8.0	34.0	1192.0	1398.0	valide	valide_AI_AM_AF
894	26039.0	3	JJ161	2v	669	2	933.0	2.0	AF	AF	11.0	2.0	2.0	11.0	1197.0	297.0	valide	valide_AI_AM_AF
895	26040.0	4	JJ161	3r	669	1	934.0	1.0	AI	AI	306.0	1.0	1.0	306.0	1084.0	1014.0	valide	valide_AI_AM_AF
896	26040.0	4	JJ161	3r	670	2	935.0	2.0	AF	AF	6.0	2.0	5.0	6.0	1195.0	474.0	valide	valide_AI_AM_AF
897	26041.0	5	JJ161	3v	670	1	936.0	0.0	AC	AC	478.0	1.0	8.0	478.0	1192.0	936.0	valide	
898	26042.0	6	JJ161	4r	671	1	937.0	0.0	AC	AC	32.0	1.0	0.0	32.0	1077.0	1300.0	valide	
899	26043.0	7	JJ161	4v	672	1	938.0	1.0	AI	AI	16.0	1.0	10.0	16.0	1190.0	1404.0	valide	valide_AI_AM_AF
900	26043.0	7	JJ161	4v	673	2	939.0	2.0	AF	AF	13.0	2.0	0.0	13.0	1195.0	399.0	valide	valide_AI_AM_AF
901	26044.0	8	JJ161	5r	673	1	940.0	1.0	AI	AI	412.0	1.0	0.0	412.0	1090.0	910.0	valide	valide_AI_AM_AF
902	26044.0	8	JJ161	5r	674	2	941.0	2.0	AF	AF	9.0	2.0	7.0	9.0	1193.0	1416.0	valide	valide_AI_AM_AF
903	26045.0	9	JJ161	6r	675	1	942.0	1.0	AI	AI	36.0	1.0	0.0	36.0	1065.0	1285.0	valide	valide_AI_AM_AF
904	26045.0	9	JJ161	6r	676	2	943.0	2.0	AF	AF	10.0	2.0	10.0	10.0	1190.0	1409.0	valide	valide_AI_AM_AF
905	26046.0	10	JJ161	7r	677	1	944.0	1.0	AI	AI	32.0	1.0	0.0	32.0	1062.0	1292.0	valide	valide_AI_AM_AF
906	26046.0	10	JJ161	7r	678	2	945.0	2.0	AF	AF	11.0	2.0	4.0	11.0	1196.0	517.0	valide	valide_AI_AM_AF
907	26047.0	11	JJ161	7v	678	1	946.0	1.0	AI	AI	526.0	1.0	5.0	526.0	1195.0	893.0	valide	valide_AI_AM_AF
908	26047.0	11	JJ161	7v	679	2	947.0	2.0	AF	AF	15.0	2.0	1.0	15.0	1179.0	522.0	valide	valide_AI_AM_AF
909	26048.0	12	JJ161	8r	679	1	948.0	1.0	AI	AI	532.0	1.0	0.0	532.0	1082.0	779.0	valide	valide_AI_AM_AF
910	26048.0	12	JJ161	8r	680	2	949.0	2.0	AF	AF	8.0	2.0	2.0	8.0	1197.0	1427.0	valide	valide_AI_AM_AF
911	26049.0	13	JJ161	9r	681	1	950.0	0.0	AC	AC	20.0	1.0	0.0	20.0	1082.0	1317.0	valide	
912	26050.0	14	JJ161	9v	682	1	951.0	0.0	AC	AC	3.0	1.0	0.0	3.0	1199.0	1421.0	valide	
913	26051.0	15	JJ161	10r	683	1	952.0	0.0	AC	AC	36.0	1.0	2.0	36.0	1047.0	1293.0	valide	
914	26052.0	16	JJ161	10v	684	1	953.0	1.0	AI	AI	6.0	1.0	4.0	6.0	1196.0	1418.0	valide	valide_AI_AM_AF
915	26052.0	16	JJ161	10v	685	2	954.0	3.0	AM	AM	26.0	2.0	0.0	26.0	1086.0	1307.0	valide	valide_AI_AM_AF
916	26052.0	16	JJ161	10v	686	3	955.0	3.0	AM	AM	6.0	3.0	3.0	6.0	1197.0	1428.0	valide	valide_AI_AM_AF
917	26052.0	16	JJ161	10v	687	4	956.0	2.0	AF	AF	7.0	4.0	1.0	7.0	1119.0	789.0	valide	valide_AI_AM_AF
918	26053.0	17	JJ161	12r	687	1	957.0	1.0	AI	AI	797.0	1.0	2.0	797.0	1156.0	523.0	valide	valide_AI_AM_AF
919	26053.0	17	JJ161	12r	688	2	958.0	3.0	AM	AM	4.0	2.0	5.0	4.0	1195.0	1416.0	valide	valide_AI_AM_AF
920	26053.0	17	JJ161	12r	689	3	959.0	2.0	AF	AF	9.0	3.0	1.0	9.0	1095.0	1314.0	valide	valide_AI_AM_AF
921	26054.0	18	JJ161	13v	690	1	960.0	0.0	AC	AC	4.0	1.0	13.0	4.0	1186.0	1423.0	valide	
922	26055.0	19	JJ161	14r	691	1	961.0	1.0	AI	AI	37.0	1.0	0.0	37.0	1085.0	1290.0	valide	valide_AI_AM_AF
923	26055.0	19	JJ161	14r	692	2	962.0	2.0	AF	AF	8.0	2.0	3.0	8.0	1197.0	620.0	valide	valide_AI_AM_AF
924	26056.0	20	JJ161	14v	692	1	963.0	1.0	AI	AI	627.0	1.0	2.0	627.0	1197.0	822.0	valide	valide_AI_AM_AF
925	26056.0	20	JJ161	14v	693	2	964.0	2.0	AF	AF	11.0	2.0	0.0	11.0	1198.0	708.0	valide	valide_AI_AM_AF
926	26057.0	21	JJ161	15r	693	1	965.0	1.0	AI	AI	717.0	1.0	0.0	717.0	1094.0	595.0	valide	valide_AI_AM_AF
927	26057.0	21	JJ161	15r	694	2	966.0	3.0	AM	AM	11.0	2.0	2.0	11.0	1197.0	1435.0	valide	valide_AI_AM_AF
928	26057.0	21	JJ161	15r	695	3	967.0	2.0	AF	AF	12.0	3.0	2.0	12.0	1163.0	984.0	valide	valide_AI_AM_AF
929	26058.0	22	JJ161	16r	695	1	968.0	0.0	AC	AC	979.0	1.0	11.0	979.0	1010.0	75.0	valide	
930	26059.0	23	JJ161	16r	695	1	969.0	1.0	AI	AI	1016.0	1.0	0.0	1016.0	1165.0	292.0	valide	valide_AI_AM_AF
931	26059.0	23	JJ161	16r	696	2	970.0	2.0	AF	AF	27.0	2.0	1.0	27.0	1199.0	1171.0	valide	valide_AI_AM_AF
932	26060.0	24	JJ161	16v	696	1	971.0	0.0	AC	AC	1182.0	1.0	137.0	1182.0	1041.0	198.0	valide	
933	26061.0	25	JJ161	17r	697	1	972.0	1.0	AI	AI	22.0	1.0	0.0	22.0	1087.0	1301.0	valide	valide_AI_AM_AF
934	26061.0	25	JJ161	17r	698	2	973.0	2.0	AF	AF	15.0	2.0	2.0	15.0	1198.0	1436.0	valide	valide_AI_AM_AF
935	26062.0	26	JJ161	18r	699	1	974.0	1.0	AI	AI	30.0	1.0	0.0	30.0	1059.0	1313.0	valide	valide_AI_AM_AF
936	26062.0	26	JJ161	18r	700	2	975.0	2.0	AF	AF	4.0	2.0	2.0	4.0	1197.0	495.0	valide	valide_AI_AM_AF
937	26063.0	27	JJ161	18v	700	1	976.0	1.0	AI	AI	499.0	1.0	2.0	499.0	1197.0	922.0	valide	valide_AI_AM_AF
938	26063.0	27	JJ161	18v	701	2	977.0	2.0	AF	AF	15.0	2.0	1.0	15.0	1173.0	537.0	valide	valide_AI_AM_AF
939	26064.0	28	JJ161	19r	701	1	978.0	1.0	AI	AI	552.0	1.0	0.0	552.0	1070.0	783.0	valide	valide_AI_AM_AF
940	26064.0	28	JJ161	19r	702	2	979.0	3.0	AM	AM	13.0	2.0	3.0	13.0	1195.0	1408.0	valide	valide_AI_AM_AF
941	26064.0	28	JJ161	19r	703	3	980.0	3.0	AM	AM	23.0	3.0	0.0	23.0	1059.0	1319.0	valide	valide_AI_AM_AF
942	26064.0	28	JJ161	19r	704	4	981.0	2.0	AF	AF	8.0	4.0	12.0	8.0	1187.0	447.0	valide	valide_AI_AM_AF
943	26065.0	29	JJ161	20v	704	1	982.0	0.0	AC	AC	454.0	1.0	3.0	454.0	1195.0	960.0	valide	
944	26066.0	30	JJ161	21r	705	1	983.0	1.0	AI	AI	34.0	1.0	0.0	34.0	1067.0	1301.0	valide	valide_AI_AM_AF
945	26066.0	30	JJ161	21r	706	2	984.0	2.0	AF	AF	4.0	2.0	0.0	4.0	1198.0	632.0	valide	valide_AI_AM_AF
946	26067.0	31	JJ161	21v	706	1	985.0	1.0	AI	AI	636.0	1.0	9.0	636.0	1189.0	785.0	valide	valide_AI_AM_AF
947	26067.0	31	JJ161	21v	707	2	986.0	2.0	AF	AF	15.0	2.0	2.0	15.0	1060.0	1320.0	valide	valide_AI_AM_AF
948	26068.0	32	JJ161	22v	708	1	987.0	1.0	AI	AI	28.0	1.0	0.0	28.0	1199.0	1397.0	valide	valide_AI_AM_AF
949	26068.0	32	JJ161	22v	709	2	988.0	2.0	AF	AF	14.0	2.0	2.0	14.0	1191.0	523.0	valide	valide_AI_AM_AF
950	26069.0	33	JJ161	23r	709	1	989.0	1.0	AI	AI	539.0	1.0	0.0	539.0	1068.0	785.0	valide	valide_AI_AM_AF
951	26069.0	33	JJ161	23r	710	2	990.0	3.0	AM	AM	21.0	2.0	0.0	21.0	1199.0	1404.0	valide	valide_AI_AM_AF
952	26069.0	33	JJ161	23r	711	3	991.0	2.0	AF	AF	17.0	3.0	0.0	17.0	1092.0	596.0	valide	valide_AI_AM_AF
953	26070.0	34	JJ161	24r	711	1	992.0	1.0	AI	AI	613.0	1.0	0.0	613.0	1070.0	711.0	valide	valide_AI_AM_AF
954	26070.0	34	JJ161	24r	712	2	993.0	2.0	AF	AF	4.0	2.0	0.0	4.0	1198.0	678.0	valide	valide_AI_AM_AF
955	26071.0	35	JJ161	24v	712	1	994.0	0.0	AC	AC	681.0	1.0	0.0	681.0	1199.0	748.0	valide	
956	26072.0	36	JJ161	25r	713	1	995.0	1.0	AI	AI	40.0	1.0	0.0	40.0	1067.0	1299.0	valide	valide_AI_AM_AF
957	26072.0	36	JJ161	25r	714	2	996.0	2.0	AF	AF	8.0	2.0	0.0	8.0	1198.0	813.0	valide	valide_AI_AM_AF
958	26073.0	37	JJ161	25v	714	1	997.0	0.0	AC	AC	819.0	1.0	8.0	819.0	1191.0	172.0	valide	
959	26074.0	38	JJ161	25v	714	1	998.0	1.0	AI	AI	991.0	1.0	2.0	991.0	1198.0	435.0	valide	valide_AI_AM_AF
960	26074.0	38	JJ161	25v	715	2	999.0	2.0	AF	AF	5.0	2.0	1.0	5.0	1066.0	870.0	valide	valide_AI_AM_AF
961	26075.0	39	JJ161	26r	715	1	1000.0	1.0	AI	AI	874.0	1.0	0.0	874.0	1167.0	458.0	valide	valide_AI_AM_AF
962	26075.0	39	JJ161	26r	716	2	1001.0	2.0	AF	AF	30.0	2.0	0.0	30.0	1198.0	1397.0	valide	valide_AI_AM_AF
963	26076.0	40	JJ161	27r	717	1	1002.0	1.0	AI	AI	12.0	1.0	0.0	12.0	1069.0	1334.0	valide	valide_AI_AM_AF
964	26076.0	40	JJ161	27r	718	2	1003.0	2.0	AF	AF	27.0	2.0	1.0	27.0	1197.0	884.0	valide	valide_AI_AM_AF
965	26077.0	41	JJ161	27v	718	1	1004.0	0.0	AC	AC	899.0	1.0	125.0	899.0	1055.0	65.0	valide	
966	26078.0	42	JJ161	27v	718	1	1005.0	0.0	AC	AC	966.0	1.0	177.0	966.0	602.0	23.0	valide	
967	26079.0	43	JJ161	27v	718	1	1006.0	0.0	AC	AC	990.0	1.0	178.0	990.0	936.0	15.0	valide	
968	26080.0	44	JJ161	27v	718	1	1007.0	1.0	AI	AI	1011.0	1.0	1.0	1011.0	1198.0	415.0	valide	valide_AI_AM_AF
969	26080.0	44	JJ161	27v	719	2	1008.0	2.0	AF	AF	4.0	2.0	0.0	4.0	1089.0	996.0	valide	valide_AI_AM_AF
970	26081.0	45	JJ161	28r	719	1	1009.0	0.0	AC	AC	983.0	1.0	0.0	983.0	1176.0	48.0	valide	
971	26082.0	46	JJ161	28r	719	1	1010.0	0.0	AC	AC	1019.0	1.0	34.0	1019.0	756.0	71.0	valide	
972	26083.0	47	JJ161	28v	720	1	1011.0	0.0	AC	AC	5.0	1.0	0.0	5.0	1199.0	1413.0	valide	
973	26084.0	48	JJ161	29r	721	1	1012.0	0.0	AC	AC	4.0	1.0	0.0	4.0	1068.0	1294.0	valide	
974	26085.0	49	JJ161	29v	722	1	1015.0	1.0	AI	AI	736.0	1.0	0.0	736.0	1199.0	691.0	valide	valide_AI_AM_AF
975	26085.0	49	JJ161	29v	723	2	1016.0	2.0	AF	AF	10.0	2.0	0.0	10.0	1099.0	914.0	valide	valide_AI_AM_AF
976	26086.0	50	JJ161	30r	723	1	1017.0	1.0	AI	AI	924.0	1.0	1.0	924.0	1167.0	387.0	valide	valide_AI_AM_AF
977	26086.0	50	JJ161	30r	724	2	1018.0	2.0	AF	AF	8.0	2.0	0.0	8.0	1198.0	647.0	valide	valide_AI_AM_AF
978	26087.0	51	JJ161	30v	724	1	1019.0	1.0	AI	AI	654.0	1.0	0.0	654.0	1199.0	772.0	valide	valide_AI_AM_AF
979	26087.0	51	JJ161	30v	725	2	1020.0	2.0	AF	AF	18.0	2.0	1.0	18.0	1065.0	843.0	valide	valide_AI_AM_AF
980	26088.0	52	JJ161	31r	725	1	1021.0	1.0	AI	AI	865.0	1.0	0.0	865.0	1166.0	445.0	valide	valide_AI_AM_AF
981	26088.0	52	JJ161	31r	726	2	1022.0	2.0	AF	AF	7.0	2.0	17.0	7.0	1182.0	1420.0	valide	valide_AI_AM_AF
982	26089.0	53	JJ161	32r	727	1	1023.0	0.0	AC	AC	38.0	1.0	0.0	38.0	1091.0	1291.0	valide	
983	26090.0	54	JJ161	32v	728	1	1024.0	0.0	AC	AC	3.0	1.0	0.0	3.0	1198.0	1423.0	valide	
984	26091.0	55	JJ161	33r	729	1	1025.0	0.0	AC	AC	23.0	1.0	1.0	23.0	1048.0	1315.0	valide	
985	26092.0	56	JJ161	33v	730	1	1026.0	0.0	AC	AC	8.0	1.0	0.0	8.0	1199.0	1416.0	valide	
986	26093.0	57	JJ161	34r	731	1	1027.0	0.0	AC	AC	23.0	1.0	1.0	23.0	1048.0	1323.0	valide	
987	26094.0	58	JJ161	34v	732	1	1028.0	1.0	AI	AI	12.0	1.0	4.0	12.0	1196.0	1404.0	valide	valide_AI_AM_AF
988	26094.0	58	JJ161	34v	733	2	1029.0	2.0	AF	AF	21.0	2.0	0.0	21.0	1102.0	651.0	valide	valide_AI_AM_AF
989	26095.0	59	JJ161	35r	733	1	1030.0	1.0	AI	AI	671.0	1.0	0.0	671.0	1075.0	662.0	valide	valide_AI_AM_AF
990	26095.0	59	JJ161	35r	734	2	1031.0	2.0	AF	AF	6.0	2.0	0.0	6.0	1199.0	787.0	valide	valide_AI_AM_AF
991	26096.0	60	JJ161	35v	734	1	1032.0	1.0	AI	AI	793.0	1.0	0.0	793.0	1200.0	623.0	valide	valide_AI_AM_AF
992	26096.0	60	JJ161	35v	735	2	1033.0	3.0	AM	AM	27.0	2.0	0.0	27.0	1065.0	1316.0	valide	valide_AI_AM_AF
993	26096.0	60	JJ161	35v	736	3	1034.0	3.0	AM	AM	6.0	3.0	19.0	6.0	1181.0	1409.0	valide	valide_AI_AM_AF
994	26096.0	60	JJ161	35v	737	4	1035.0	2.0	AF	AF	12.0	4.0	0.0	12.0	1054.0	744.0	valide	valide_AI_AM_AF
995	26097.0	61	JJ161	37r	737	1	1036.0	1.0	AI	AI	753.0	1.0	0.0	753.0	1090.0	556.0	valide	valide_AI_AM_AF
996	26097.0	61	JJ161	37r	738	2	1037.0	2.0	AF	AF	9.0	2.0	157.0	9.0	1042.0	928.0	valide	valide_AI_AM_AF
997	26098.0	62	JJ161	37v	738	1	1038.0	1.0	AI	AI	937.0	1.0	0.0	937.0	1200.0	480.0	valide	valide_AI_AM_AF
998	26098.0	62	JJ161	37v	739	2	1039.0	2.0	AF	AF	20.0	2.0	1.0	20.0	1072.0	887.0	valide	valide_AI_AM_AF
999	26099.0	63	JJ161	38r	739	1	1040.0	1.0	AI	AI	904.0	1.0	2.0	904.0	1103.0	407.0	valide	valide_AI_AM_AF
1000	26099.0	63	JJ161	38r	740	2	1041.0	2.0	AF	AF	4.0	2.0	0.0	4.0	1200.0	1419.0	valide	valide_AI_AM_AF
1001	26100.0	64	JJ161	39r	741	1	1042.0	0.0	AC	AC	35.0	1.0	0.0	35.0	1073.0	1299.0	valide	
1002	26101.0	65	JJ161	39v	742	1	1043.0	0.0	AC	AC	26.0	1.0	0.0	26.0	1199.0	1389.0	valide	
1003	26102.0	66	JJ161	40r	743	1	1044.0	0.0	AC	AC	12.0	1.0	0.0	12.0	1059.0	1320.0	valide	
1004	26103.0	67	JJ161	40v	744	1	1045.0	0.0	AC	AC	24.0	1.0	0.0	24.0	1199.0	1383.0	valide	
1005	26104.0	68	JJ161	41r	745	1	1046.0	1.0	AI	AI	8.0	1.0	1.0	8.0	1039.0	1324.0	valide	valide_AI_AM_AF
1006	26104.0	68	JJ161	41r	746	2	1047.0	3.0	AM	AM	4.0	2.0	0.0	4.0	1199.0	1400.0	valide	valide_AI_AM_AF
1007	26104.0	68	JJ161	41r	747	3	1048.0	2.0	AF	AF	2.0	3.0	1.0	2.0	1199.0	310.0	valide	valide_AI_AM_AF
1008	26105.0	69	JJ161	42r	747	1	1049.0	1.0	AI	AI	310.0	1.0	1.0	310.0	1045.0	1016.0	valide	valide_AI_AM_AF
1009	26105.0	69	JJ161	42r	748	2	1050.0	3.0	AM	AM	11.0	2.0	0.0	11.0	1199.0	1389.0	valide	valide_AI_AM_AF
1010	26105.0	69	JJ161	42r	749	3	1051.0	3.0	AM	AM	17.0	3.0	0.0	17.0	1060.0	1311.0	valide	valide_AI_AM_AF
1011	26105.0	69	JJ161	42r	750	4	1052.0	2.0	AF	AF	9.0	4.0	0.0	9.0	1199.0	881.0	valide	valide_AI_AM_AF
1012	26106.0	70	JJ161	43v	750	1	1053.0	1.0	AI	AI	894.0	1.0	0.0	894.0	1199.0	513.0	valide	valide_AI_AM_AF
1013	26106.0	70	JJ161	43v	751	2	1054.0	2.0	AF	AF	8.0	2.0	1.0	8.0	1142.0	992.0	valide	valide_AI_AM_AF
1014	26107.0	71	JJ161	44r	751	1	1055.0	1.0	AI	AI	997.0	1.0	1.0	997.0	1199.0	320.0	valide	valide_AI_AM_AF
1015	26107.0	71	JJ161	44r	752	2	1056.0	3.0	AM	AM	1.0	2.0	0.0	1.0	1199.0	1400.0	valide	valide_AI_AM_AF
1016	26107.0	71	JJ161	44r	753	3	1057.0	2.0	AF	AF	9.0	3.0	1.0	9.0	1170.0	921.0	valide	valide_AI_AM_AF
1017	26108.0	72	JJ161	45r	753	1	1058.0	1.0	AI	AI	933.0	1.0	0.0	933.0	1197.0	385.0	valide	valide_AI_AM_AF
1018	26108.0	72	JJ161	45r	754	2	1059.0	3.0	AM	AM	2.0	2.0	0.0	2.0	1199.0	1407.0	valide	valide_AI_AM_AF
1019	26108.0	72	JJ161	45r	755	3	1060.0	2.0	AF	AF	22.0	3.0	1.0	22.0	1125.0	496.0	valide	valide_AI_AM_AF
1020	26109.0	73	JJ161	46r	755	1	1061.0	1.0	AI	AI	520.0	1.0	0.0	520.0	1094.0	793.0	valide	valide_AI_AM_AF
1021	26109.0	73	JJ161	46r	756	2	1062.0	3.0	AM	AM	7.0	2.0	0.0	7.0	1199.0	1398.0	valide	valide_AI_AM_AF
1022	26109.0	73	JJ161	46r	757	3	1063.0	2.0	AF	AF	16.0	3.0	1.0	16.0	1113.0	880.0	valide	valide_AI_AM_AF
1023	26110.0	74	JJ161	47r	757	1	1064.0	1.0	AI	AI	898.0	1.0	1.0	898.0	1194.0	406.0	valide	valide_AI_AM_AF
1024	26110.0	74	JJ161	47r	758	2	1065.0	3.0	AM	AM	1.0	2.0	0.0	1.0	1199.0	1409.0	valide	valide_AI_AM_AF
1025	26110.0	74	JJ161	47r	759	3	1066.0	3.0	AM	AM	35.0	3.0	1.0	35.0	1072.0	1303.0	valide	valide_AI_AM_AF
1026	26110.0	74	JJ161	47r	760	4	1067.0	2.0	AF	AF	7.0	4.0	5.0	7.0	1193.0	618.0	valide	valide_AI_AM_AF
1027	26111.0	75	JJ161	48v	760	1	1068.0	0.0	AC	AC	625.0	1.0	0.0	625.0	1199.0	784.0	valide	
1028	26112.0	76	JJ161	49r	761	1	1069.0	0.0	AC	AC	14.0	1.0	0.0	14.0	1119.0	1050.0	valide	
1029	26113.0	77	JJ161	49r	761	1	1070.0	1.0	AI	AI	1065.0	1.0	1.0	1065.0	1198.0	263.0	valide	valide_AI_AM_AF
1030	26113.0	77	JJ161	49r	762	2	1071.0	3.0	AM	AM	2.0	2.0	0.0	2.0	1199.0	1405.0	valide	valide_AI_AM_AF
1031	26113.0	77	JJ161	49r	763	3	1072.0	2.0	AF	AF	8.0	3.0	1.0	8.0	1185.0	623.0	valide	valide_AI_AM_AF
1032	26114.0	78	JJ161	50r	763	1	1073.0	1.0	AI	AI	631.0	1.0	0.0	631.0	1101.0	693.0	valide	valide_AI_AM_AF
1033	26114.0	78	JJ161	50r	764	2	1074.0	3.0	AM	AM	3.0	2.0	0.0	3.0	1199.0	1405.0	valide	valide_AI_AM_AF
1034	26114.0	78	JJ161	50r	765	3	1075.0	2.0	AF	AF	7.0	3.0	0.0	7.0	1197.0	387.0	valide	valide_AI_AM_AF
1035	26115.0	79	JJ161	51r	765	1	1076.0	1.0	AI	AI	394.0	1.0	0.0	394.0	1055.0	940.0	valide	valide_AI_AM_AF
1036	26115.0	79	JJ161	51r	766	2	1077.0	2.0	AF	AF	14.0	2.0	0.0	14.0	1199.0	617.0	valide	valide_AI_AM_AF
1037	26116.0	80	JJ161	51v	766	1	1078.0	0.0	AC	AC	622.0	1.0	154.0	622.0	1026.0	76.0	valide	
1038	26117.0	81	JJ161	51v	766	1	1079.0	1.0	AI	AI	698.0	1.0	0.0	698.0	1199.0	711.0	valide	valide_AI_AM_AF
1039	26117.0	81	JJ161	51v	767	2	1080.0	3.0	AM	AM	36.0	2.0	0.0	36.0	1057.0	1300.0	valide	valide_AI_AM_AF
1040	26117.0	81	JJ161	51v	768	3	1081.0	2.0	AF	AF	4.0	3.0	0.0	4.0	1199.0	522.0	valide	valide_AI_AM_AF
1041	26118.0	82	JJ161	52v	768	1	1082.0	1.0	AI	AI	526.0	1.0	0.0	526.0	1199.0	883.0	valide	valide_AI_AM_AF
1042	26118.0	82	JJ161	52v	769	2	1083.0	2.0	AF	AF	31.0	2.0	1.0	31.0	1056.0	1311.0	valide	valide_AI_AM_AF
1043	26119.0	83	JJ161	53v	770	1	1084.0	1.0	AI	AI	14.0	1.0	0.0	14.0	1199.0	1394.0	valide	valide_AI_AM_AF
1044	26119.0	83	JJ161	53v	771	2	1085.0	2.0	AF	AF	35.0	2.0	1.0	35.0	1123.0	1307.0	valide	valide_AI_AM_AF
1045	26120.0	84	JJ161	53bisv	772	1	1086.0	1.0	AI	AI	10.0	1.0	0.0	10.0	1199.0	1398.0	valide	valide_AI_AM_AF
1046	26120.0	84	JJ161	53bisv	773	2	1087.0	2.0	AF	AF	24.0	2.0	0.0	24.0	1098.0	579.0	valide	valide_AI_AM_AF
1047	26121.0	85	JJ161	54r	773	1	1088.0	1.0	AI	AI	602.0	1.0	1.0	602.0	1135.0	705.0	valide	valide_AI_AM_AF
1048	26121.0	85	JJ161	54r	774	2	1089.0	2.0	AF	AF	1.0	2.0	0.0	1.0	1199.0	1405.0	valide	valide_AI_AM_AF
1049	26122.0	86	JJ161	55r	775	1	1090.0	0.0	AC	AC	38.0	1.0	0.0	38.0	1074.0	1288.0	valide	
1050	26123.0	87	JJ161	55v	776	1	1091.0	0.0	AC	AC	14.0	1.0	0.0	14.0	1200.0	1378.0	valide	
1051	26124.0	88	JJ161	56r	777	1	1092.0	1.0	AI	AI	13.0	1.0	0.0	13.0	1087.0	1311.0	valide	valide_AI_AM_AF
1052	26124.0	88	JJ161	56r	778	2	1093.0	2.0	AF	AF	1.0	2.0	0.0	1.0	1200.0	816.0	valide	valide_AI_AM_AF
1053	26125.0	89	JJ161	56v	778	1	1094.0	1.0	AI	AI	819.0	1.0	1.0	819.0	1199.0	574.0	valide	valide_AI_AM_AF
1054	26125.0	89	JJ161	56v	779	2	1095.0	2.0	AF	AF	10.0	2.0	0.0	10.0	1054.0	1126.0	valide	valide_AI_AM_AF
1055	26126.0	90	JJ161	57r	779	1	1096.0	0.0	AC	AC	1126.0	1.0	1.0	1126.0	1192.0	178.0	valide	
1056	26127.0	91	JJ161	57v	780	1	1097.0	1.0	AI	AI	11.0	1.0	0.0	11.0	1200.0	1376.0	valide	valide_AI_AM_AF
1057	26127.0	91	JJ161	57v	781	2	1098.0	2.0	AF	AF	15.0	2.0	2.0	15.0	1179.0	494.0	valide	valide_AI_AM_AF
1058	26128.0	92	JJ161	58r	781	1	1099.0	1.0	AI	AI	510.0	1.0	0.0	510.0	1089.0	804.0	valide	valide_AI_AM_AF
1059	26128.0	92	JJ161	58r	782	2	1100.0	2.0	AF	AF	5.0	2.0	2.0	5.0	1198.0	416.0	valide	valide_AI_AM_AF
1060	26129.0	93	JJ161	58v	782	1	1101.0	1.0	AI	AI	421.0	1.0	0.0	421.0	1200.0	969.0	valide	valide_AI_AM_AF
1061	26129.0	93	JJ161	58v	783	2	1102.0	2.0	AF	AF	13.0	2.0	1.0	13.0	1135.0	643.0	valide	valide_AI_AM_AF
1062	26130.0	94	JJ161	59r	783	1	1103.0	1.0	AI	AI	656.0	1.0	0.0	656.0	1088.0	653.0	valide	valide_AI_AM_AF
1063	26130.0	94	JJ161	59r	784	2	1104.0	2.0	AF	AF	13.0	2.0	0.0	13.0	1200.0	1377.0	valide	valide_AI_AM_AF
1064	26131.0	95	JJ161	60r	785	1	1105.0	1.0	AI	AI	41.0	1.0	0.0	41.0	1059.0	1285.0	valide	valide_AI_AM_AF
1065	26131.0	95	JJ161	60r	786	2	1106.0	2.0	AF	AF	10.0	2.0	0.0	10.0	1200.0	1384.0	valide	valide_AI_AM_AF
1066	26132.0	96	JJ161	61r	787	1	1107.0	0.0	AC	AC	25.0	1.0	1.0	25.0	1075.0	999.0	valide	
1067	26133.0	97	JJ161	61r	787	1	1108.0	1.0	AI	AI	1010.0	1.0	0.0	1010.0	1184.0	301.0	valide	valide_AI_AM_AF
1068	26133.0	97	JJ161	61r	788	2	1109.0	2.0	AF	AF	17.0	2.0	0.0	17.0	1200.0	845.0	valide	valide_AI_AM_AF
1069	26134.0	98	JJ161	61v	788	1	1110.0	1.0	AI	AI	849.0	1.0	0.0	849.0	1199.0	545.0	valide	valide_AI_AM_AF
1070	26134.0	98	JJ161	61v	789	2	1111.0	2.0	AF	AF	26.0	2.0	1.0	26.0	1149.0	1007.0	valide	valide_AI_AM_AF
1071	26135.0	99	JJ161	62r	789	1	1112.0	1.0	AI	AI	1032.0	1.0	0.0	1032.0	1188.0	281.0	valide	valide_AI_AM_AF
1072	26135.0	99	JJ161	62r	790	2	1113.0	3.0	AM	AM	11.0	2.0	0.0	11.0	1200.0	1381.0	valide	valide_AI_AM_AF
1073	26135.0	99	JJ161	62r	791	3	1114.0	3.0	AM	AM	42.0	3.0	0.0	42.0	1058.0	1293.0	valide	valide_AI_AM_AF
1074	26135.0	99	JJ161	62r	792	4	1115.0	2.0	AF	AF	8.0	4.0	0.0	8.0	1200.0	1385.0	valide	valide_AI_AM_AF
1075	26136.0	100	JJ161	64r	793	1	1116.0	1.0	AI	AI	43.0	1.0	0.0	43.0	1055.0	1302.0	valide	valide_AI_AM_AF
1076	26136.0	100	JJ161	64r	794	2	1117.0	2.0	AF	AF	8.0	2.0	0.0	8.0	1199.0	650.0	valide	valide_AI_AM_AF
1077	26137.0	101	JJ161	64v	794	1	1118.0	0.0	AC	AC	656.0	1.0	0.0	656.0	1200.0	737.0	valide	
1078	26138.0	102	JJ161	65r	795	1	1119.0	0.0	AC	AC	14.0	1.0	0.0	14.0	1082.0	1329.0	valide	
1079	26139.0	103	JJ161	65v	796	1	1120.0	0.0	AC	AC	12.0	1.0	5.0	12.0	1195.0	976.0	valide	
1080	26140.0	104	JJ161	65v	796	1	1121.0	1.0	AI	AI	990.0	1.0	0.0	990.0	1200.0	402.0	valide	valide_AI_AM_AF
1081	26140.0	104	JJ161	65v	797	2	1122.0	3.0	AM	AM	15.0	2.0	0.0	15.0	1055.0	1326.0	valide	valide_AI_AM_AF
1082	26140.0	104	JJ161	65v	798	3	1123.0	3.0	AM	AM	0.0	3.0	17.0	0.0	1183.0	1387.0	valide	valide_AI_AM_AF
1083	26140.0	104	JJ161	65v	799	4	1124.0	3.0	AM	AM	4.0	4.0	1.0	4.0	1036.0	1334.0	valide	valide_AI_AM_AF
1084	26140.0	104	JJ161	65v	800	5	1125.0	3.0	AM	AM	0.0	5.0	76.0	0.0	1124.0	1386.0	valide	valide_AI_AM_AF
1085	26140.0	104	JJ161	65v	801	6	1126.0	3.0	AM	AM	0.0	6.0	0.0	0.0	1062.0	1339.0	valide	valide_AI_AM_AF
1086	26140.0	104	JJ161	65v	802	7	1127.0	3.0	AM	AM	0.0	7.0	5.0	0.0	1195.0	1390.0	valide	valide_AI_AM_AF
1087	26140.0	104	JJ161	65v	803	8	1128.0	2.0	AF	AF	0.0	8.0	2.0	0.0	1034.0	1344.0	valide	valide_AI_AM_AF
1088	26141.0	105	JJ161	69v	804	1	1129.0	0.0	AC	AC	6.0	1.0	0.0	6.0	1200.0	1384.0	valide	
1089	26141.1	105bis	JJ161	70r	805	1	1130.0	0.0	AC	AC	4.0	1.0	1.0	4.0	1089.0	919.0	valide	
1090	26142.0	106	JJ161	70r	805	1	1131.0	1.0	AI	AI	921.0	1.0	1.0	921.0	1116.0	395.0	valide	valide_AI_AM_AF
1091	26142.0	106	JJ161	70r	806	2	1132.0	2.0	AF	AF	10.0	2.0	0.0	10.0	1200.0	901.0	valide	valide_AI_AM_AF
1092	26143.0	107	JJ161	70v	806	1	1133.0	1.0	AI	AI	912.0	1.0	0.0	912.0	1199.0	473.0	valide	valide_AI_AM_AF
1093	26143.0	107	JJ161	70v	807	2	1134.0	2.0	AF	AF	8.0	2.0	2.0	8.0	1165.0	602.0	valide	valide_AI_AM_AF
1094	26144.0	108	JJ161	71r	807	1	1135.0	1.0	AI	AI	609.0	1.0	0.0	609.0	1025.0	710.0	valide	valide_AI_AM_AF
1095	26144.0	108	JJ161	71r	808	2	1136.0	2.0	AF	AF	10.0	2.0	0.0	10.0	1200.0	1374.0	valide	valide_AI_AM_AF
1096	26145.0	109	JJ161	72r	809	1	1137.0	0.0	AC	AC	37.0	1.0	0.0	37.0	1084.0	1296.0	valide	
1097	26146.0	110	JJ161	72v	810	1	1138.0	0.0	AC	AC	41.0	1.0	0.0	41.0	1200.0	1343.0	valide	
1098	26147.0	111	JJ161	73r	811	1	1139.0	1.0	AI	AI	37.0	1.0	0.0	37.0	1054.0	1298.0	valide	valide_AI_AM_AF
1099	26147.0	111	JJ161	73r	812	2	1140.0	3.0	AM	AM	16.0	2.0	1.0	16.0	1199.0	1369.0	valide	valide_AI_AM_AF
1100	26147.0	111	JJ161	73r	813	3	1141.0	2.0	AF	AF	34.0	3.0	0.0	34.0	1093.0	570.0	valide	valide_AI_AM_AF
1101	26148.0	112	JJ161	74r	813	1	1142.0	1.0	AI	AI	605.0	1.0	1.0	605.0	1057.0	713.0	valide	valide_AI_AM_AF
1102	26148.0	112	JJ161	74r	814	2	1143.0	3.0	AM	AM	29.0	2.0	0.0	29.0	1200.0	1356.0	valide	valide_AI_AM_AF
1103	26148.0	112	JJ161	74r	815	3	1144.0	2.0	AF	AF	15.0	3.0	1.0	15.0	1163.0	482.0	valide	valide_AI_AM_AF
1104	26149.0	113	JJ161	75r	815	1	1145.0	1.0	AI	AI	499.0	1.0	0.0	499.0	1088.0	830.0	valide	valide_AI_AM_AF
1105	26149.0	113	JJ161	75r	816	2	1146.0	2.0	AF	AF	31.0	2.0	0.0	31.0	1200.0	1351.0	valide	valide_AI_AM_AF
1106	26150.0	114	JJ161	76r	817	1	1147.0	1.0	AI	AI	32.0	1.0	0.0	32.0	1057.0	1298.0	valide	valide_AI_AM_AF
1107	26150.0	114	JJ161	76r	818	2	1148.0	2.0	AF	AF	14.0	2.0	0.0	14.0	1199.0	540.0	valide	valide_AI_AM_AF
1108	26151.0	115	JJ161	76v	818	1	1149.0	1.0	AI	AI	553.0	1.0	0.0	553.0	1200.0	832.0	valide	valide_AI_AM_AF
1109	26151.0	115	JJ161	76v	819	2	1150.0	2.0	AF	AF	15.0	2.0	1.0	15.0	1092.0	673.0	valide	valide_AI_AM_AF
1110	26152.0	116	JJ161	77r	819	1	1151.0	1.0	AI	AI	688.0	1.0	0.0	688.0	1080.0	622.0	valide	valide_AI_AM_AF
1111	26152.0	116	JJ161	77r	820	2	1152.0	2.0	AF	AF	5.0	2.0	191.0	5.0	1008.0	774.0	valide	valide_AI_AM_AF
1112	26153.0	117	JJ161	77v	820	1	1153.0	0.0	AC	AC	780.0	1.0	208.0	780.0	992.0	248.0	valide	
1113	26154.0	118	JJ161	78r	821	1	1154.0	1.0	AI	AI	33.0	1.0	0.0	33.0	1058.0	1300.0	valide	valide_AI_AM_AF
1114	26154.0	118	JJ161	78r	822	2	1155.0	3.0	AM	AM	36.0	2.0	168.0	36.0	1030.0	1341.0	valide	valide_AI_AM_AF
1115	26154.0	118	JJ161	78r	823	3	1156.0	2.0	AF	AF	27.0	3.0	2.0	27.0	1034.0	1313.0	valide	valide_AI_AM_AF
1116	26155.0	119	JJ161	79v	824	1	1157.0	0.0	AC	AC	45.0	1.0	0.0	45.0	1199.0	905.0	valide	
1117	26156.0	120	JJ161	79v	824	1	1158.0	1.0	AI	AI	953.0	1.0	0.0	953.0	1199.0	422.0	valide	valide_AI_AM_AF
1118	26156.0	120	JJ161	79v	825	2	1159.0	2.0	AF	AF	14.0	2.0	2.0	14.0	1035.0	1318.0	valide	valide_AI_AM_AF
1119	26157.0	121	JJ161	80v	826	1	1160.0	1.0	AI	AI	46.0	1.0	1.0	46.0	1198.0	1330.0	valide	valide_AI_AM_AF
1120	26157.0	121	JJ161	80v	827	2	1161.0	3.0	AM	AM	28.0	2.0	0.0	28.0	1057.0	1308.0	valide	valide_AI_AM_AF
1121	26157.0	121	JJ161	80v	828	3	1162.0	3.0	AM	AM	27.0	3.0	0.0	27.0	1199.0	1350.0	valide	valide_AI_AM_AF
1122	26157.0	121	JJ161	80v	829	4	1163.0	2.0	AF	AF	18.0	4.0	1.0	18.0	1035.0	1328.0	valide	valide_AI_AM_AF
1123	26158.0	122	JJ161	82v	830	1	1164.0	1.0	AI	AI	35.0	1.0	0.0	35.0	1199.0	1342.0	valide	valide_AI_AM_AF
1124	26158.0	122	JJ161	82v	831	2	1165.0	2.0	AF	AF	16.0	2.0	1.0	16.0	1110.0	734.0	valide	valide_AI_AM_AF
1125	26159.0	123	JJ161	83r	831	1	1166.0	1.0	AI	AI	746.0	1.0	0.0	746.0	1054.0	590.0	valide	valide_AI_AM_AF
1126	26159.0	123	JJ161	83r	832	2	1167.0	2.0	AF	AF	13.0	2.0	2.0	13.0	1197.0	1076.0	valide	valide_AI_AM_AF
1127	26160.0	124	JJ161	83v	832	1	1168.0	0.0	AC	AC	1091.0	1.0	4.0	1091.0	1195.0	39.0	valide	
1128	26161.0	125	JJ161	83v	832	1	1169.0	0.0	AC	AC	1133.0	1.0	236.0	1133.0	812.0	79.0	valide	
1129	26162.0	126	JJ161	84r	833	1	1170.0	0.0	AC	AC	32.0	1.0	0.0	32.0	1071.0	1309.0	valide	
1130	26163.0	127	JJ161	84v	834	1	1171.0	1.0	AI	AI	40.0	1.0	115.0	40.0	1083.0	1335.0	valide	valide_AI_AM_AF
1131	26163.0	127	JJ161	84v	835	2	1172.0	2.0	AF	AF	9.0	2.0	1.0	9.0	1101.0	477.0	valide	valide_AI_AM_AF
1132	26164.0	128	JJ161	85r	835	1	1173.0	0.0	AC	AC	485.0	1.0	0.0	485.0	1083.0	863.0	valide	
1133	26165.0	129	JJ161	85v	836	1	1174.0	0.0	AC	AC	18.0	1.0	34.0	18.0	1165.0	1358.0	valide	
1134	26166.0	130	JJ161	86r	837	1	1175.0	1.0	AI	AI	23.0	1.0	0.0	23.0	1057.0	1317.0	valide	valide_AI_AM_AF
1135	26166.0	130	JJ161	86r	838	2	1176.0	2.0	AF	AF	9.0	2.0	3.0	9.0	1196.0	847.0	valide	valide_AI_AM_AF
1136	26167.0	131	JJ161	86v	838	1	1177.0	1.0	AI	AI	856.0	1.0	11.0	856.0	1187.0	519.0	valide	valide_AI_AM_AF
1137	26167.0	131	JJ161	86v	839	2	1178.0	3.0	AM	AM	10.0	2.0	0.0	10.0	1041.0	1330.0	valide	valide_AI_AM_AF
1138	26167.0	131	JJ161	86v	840	3	1179.0	2.0	AF	AF	12.0	3.0	5.0	12.0	1194.0	395.0	valide	valide_AI_AM_AF
1139	26168.0	132	JJ161	87v	840	1	1180.0	1.0	AI	AI	408.0	1.0	0.0	408.0	1199.0	957.0	valide	valide_AI_AM_AF
1140	26168.0	132	JJ161	87v	841	2	1181.0	2.0	AF	AF	12.0	2.0	0.0	12.0	1087.0	733.0	valide	valide_AI_AM_AF
1141	26169.0	133	JJ161	88r	841	1	1182.0	1.0	AI	AI	745.0	1.0	0.0	745.0	1158.0	577.0	valide	valide_AI_AM_AF
1142	26169.0	133	JJ161	88r	842	2	1183.0	3.0	AM	AM	13.0	2.0	207.0	13.0	991.0	1344.0	valide	valide_AI_AM_AF
1143	26169.0	133	JJ161	88r	843	3	1184.0	2.0	AF	AF	8.0	3.0	1.0	8.0	1189.0	369.0	valide	valide_AI_AM_AF
1144	26171.0	135	JJ161	90r	843	1	1185.0	1.0	AI	AI	375.0	1.0	0.0	375.0	1080.0	959.0	valide	valide_AI_AM_AF
1145	26171.0	135	JJ161	90r	844	2	1186.0	3.0	AM	AM	9.0	2.0	207.0	9.0	992.0	1357.0	valide	valide_AI_AM_AF
1146	26171.0	135	JJ161	90r	845	3	1187.0	3.0	AM	AM	18.0	3.0	0.0	18.0	1057.0	1306.0	valide	valide_AI_AM_AF
1147	26171.0	135	JJ161	90r	846	4	1188.0	2.0	AF	AF	4.0	4.0	12.0	4.0	1187.0	460.0	valide	valide_AI_AM_AF
1148	26172.0	136	JJ161	91v	846	1	1189.0	1.0	AI	AI	465.0	1.0	202.0	465.0	996.0	878.0	valide	valide_AI_AM_AF
1149	26172.0	136	JJ161	91v	847	2	1190.0	3.0	AM	AM	17.0	2.0	0.0	17.0	1056.0	1298.0	valide	valide_AI_AM_AF
1150	26172.0	136	JJ161	91v	848	3	1191.0	3.0	AM	AM	5.0	3.0	208.0	5.0	990.0	1364.0	valide	valide_AI_AM_AF
1151	26172.0	136	JJ161	91v	849	4	1192.0	3.0	AM	AM	29.0	4.0	0.0	29.0	1069.0	1285.0	valide	valide_AI_AM_AF
1152	26172.0	136	JJ161	91v	850	5	1193.0	2.0	AF	AF	4.0	5.0	211.0	4.0	987.0	1356.0	valide	valide_AI_AM_AF
1153	26173.0	137	JJ161	94r	851	1	1194.0	1.0	AI	AI	23.0	1.0	0.0	23.0	1081.0	1314.0	valide	valide_AI_AM_AF
1154	26173.0	137	JJ161	94r	852	2	1195.0	3.0	AM	AM	6.0	2.0	207.0	6.0	992.0	1334.0	valide	valide_AI_AM_AF
1155	26173.0	137	JJ161	94r	853	3	1196.0	2.0	AF	AF	10.0	3.0	0.0	10.0	1071.0	700.0	valide	valide_AI_AM_AF
1156	26174.0	138	JJ161	95r	853	1	1197.0	1.0	AI	AI	708.0	1.0	0.0	708.0	1060.0	609.0	valide	valide_AI_AM_AF
1157	26174.0	138	JJ161	95r	854	2	1198.0	2.0	AF	AF	5.0	2.0	205.0	5.0	993.0	954.0	valide	valide_AI_AM_AF
1158	26174.1	138bis	JJ161	95v	854	1	1199.0	0.0	AC	AC	969.0	1.0	373.0	969.0	333.0	19.0	valide	
1159	26175.0	139	JJ161	95v	854	1	1200.0	1.0	AI	AI	996.0	1.0	5.0	996.0	1194.0	332.0	valide	valide_AI_AM_AF
1160	26175.0	139	JJ161	95v	855	2	1201.0	2.0	AF	AF	6.0	2.0	0.0	6.0	1200.0	828.0	valide	valide_AI_AM_AF
1161	26176.0	140	JJ161	96r	855	1	1202.0	1.0	AI	AI	830.0	1.0	0.0	830.0	1136.0	478.0	valide	valide_AI_AM_AF
1162	26176.0	140	JJ161	96r	856	2	1203.0	2.0	AF	AF	3.0	2.0	209.0	3.0	990.0	1341.0	valide	valide_AI_AM_AF
1163	26177.0	141	JJ161	97r	857	1	1204.0	0.0	AC	AC	14.0	1.0	0.0	14.0	1073.0	1314.0	valide	
1164	26178.0	142	JJ161	97v	858	1	1205.0	0.0	AC	AC	11.0	1.0	209.0	11.0	989.0	1334.0	valide	
1165	26179.0	143	JJ161	98r	859	1	1206.0	0.0	AC	AC	21.0	1.0	0.0	21.0	1081.0	1292.0	valide	
1166	26180.0	143bis	JJ161	98v	860	1	1207.0	0.0	AC	AC	6.0	1.0	15.0	6.0	1183.0	1359.0	valide	
1167	26181.0	144	JJ161	99r	861	1	1208.0	1.0	AI	AI	22.0	1.0	1.0	22.0	1063.0	1285.0	valide	valide_AI_AM_AF
1168	26181.0	144	JJ161	99r	862	2	1209.0	2.0	AF	AF	7.0	2.0	156.0	7.0	1043.0	1351.0	valide	valide_AI_AM_AF
1169	26182.0	145	JJ161	100r	863	1	1210.0	0.0	AC	AC	31.0	1.0	0.0	31.0	1070.0	1284.0	valide	
1170	26183.0	146	JJ161	100v	864	1	1211.0	1.0	AI	AI	20.0	1.0	207.0	20.0	992.0	1342.0	valide	valide_AI_AM_AF
1171	26183.0	146	JJ161	100v	865	2	1212.0	2.0	AF	AF	10.0	2.0	1.0	10.0	1099.0	507.0	valide	valide_AI_AM_AF
1172	26184.0	147	JJ161	101r	865	1	1213.0	0.0	AC	AC	524.0	1.0	48.0	524.0	724.0	50.0	valide	
1173	26185.0	148	JJ161	101r	865	1	1214.0	1.0	AI	AI	582.0	1.0	0.0	582.0	1065.0	736.0	valide	valide_AI_AM_AF
1174	26185.0	148	JJ161	101r	866	2	1215.0	2.0	AF	AF	15.0	2.0	210.0	15.0	989.0	1351.0	valide	valide_AI_AM_AF
1175	26186.0	149	JJ161	102r	867	1	1216.0	0.0	AC	AC	14.0	1.0	0.0	14.0	1108.0	979.0	valide	
1176	26187.0	150	JJ161	102r	867	1	1217.0	1.0	AI	AI	971.0	1.0	0.0	971.0	1191.0	361.0	valide	valide_AI_AM_AF
1177	26187.0	150	JJ161	102r	868	2	1218.0	3.0	AM	AM	46.0	2.0	208.0	46.0	990.0	1319.0	valide	valide_AI_AM_AF
1178	26187.0	150	JJ161	102r	869	3	1219.0	2.0	AF	AF	12.0	3.0	2.0	12.0	1140.0	395.0	valide	valide_AI_AM_AF
1179	26188.0	151	JJ161	103r	869	1	1220.0	1.0	AI	AI	407.0	1.0	0.0	407.0	1049.0	920.0	valide	valide_AI_AM_AF
1180	26188.0	151	JJ161	103r	870	2	1221.0	2.0	AF	AF	4.0	2.0	56.0	4.0	1143.0	1341.0	valide	valide_AI_AM_AF
1181	26189.0	152	JJ161	104r	871	1	1222.0	1.0	AI	AI	26.0	1.0	0.0	26.0	1056.0	1298.0	valide	valide_AI_AM_AF
1182	26189.0	152	JJ161	104r	872	2	1223.0	2.0	AF	AF	4.0	2.0	48.0	4.0	1150.0	443.0	valide	valide_AI_AM_AF
1183	26190.0	153	JJ161	104v	872	1	1224.0	1.0	AI	AI	445.0	1.0	210.0	445.0	988.0	918.0	valide	valide_AI_AM_AF
1184	26190.0	153	JJ161	104v	873	2	1225.0	2.0	AF	AF	10.0	2.0	1.0	10.0	1095.0	353.0	valide	valide_AI_AM_AF
1185	26191.0	154	JJ161	105r	873	1	1226.0	1.0	AI	AI	360.0	1.0	0.0	360.0	1070.0	970.0	valide	valide_AI_AM_AF
1186	26191.0	154	JJ161	105r	874	2	1227.0	2.0	AF	AF	3.0	2.0	10.0	3.0	1189.0	421.0	valide	valide_AI_AM_AF
1187	26192.0	155	JJ161	105v	874	1	1228.0	1.0	AI	AI	426.0	1.0	187.0	426.0	1011.0	937.0	valide	valide_AI_AM_AF
1188	26192.0	155	JJ161	105v	875	2	1229.0	2.0	AF	AF	4.0	2.0	0.0	4.0	1096.0	717.0	valide	valide_AI_AM_AF
1189	26193.0	156	JJ161	106r	875	1	1230.0	0.0	AC	AC	718.0	1.0	0.0	718.0	1142.0	591.0	valide	
1190	26194.0	157	JJ161	106v	876	1	1231.0	1.0	AI	AI	41.0	1.0	200.0	41.0	998.0	1324.0	valide	valide_AI_AM_AF
1191	26194.0	157	JJ161	106v	877	2	1232.0	3.0	AM	AM	5.0	2.0	0.0	5.0	1085.0	1308.0	valide	valide_AI_AM_AF
1192	26194.0	157	JJ161	106v	878	3	1233.0	3.0	AM	AM	25.0	3.0	28.0	25.0	1170.0	1340.0	valide	valide_AI_AM_AF
1193	26194.0	157	JJ161	106v	879	4	1234.0	2.0	AF	AF	3.0	4.0	0.0	3.0	1037.0	1308.0	valide	valide_AI_AM_AF
1194	26195.0	158	JJ161	108v	880	1	1235.0	0.0	AC	AC	3.0	1.0	153.0	3.0	1045.0	1365.0	valide	
1195	26196.0	159	JJ161	109r	881	1	1236.0	1.0	AI	AI	8.0	1.0	1.0	8.0	1035.0	1306.0	valide	valide_AI_AM_AF
1196	26196.0	159	JJ161	109r	882	2	1237.0	2.0	AF	AF	2.0	2.0	17.0	2.0	1181.0	484.0	valide	valide_AI_AM_AF
1197	26197.0	160	JJ161	109v	882	1	1238.0	0.0	AC	AC	488.0	1.0	151.0	488.0	1046.0	873.0	valide	
1198	26198.0	161	JJ161	110r	883	1	1239.0	1.0	AI	AI	18.0	1.0	0.0	18.0	1061.0	1323.0	valide	valide_AI_AM_AF
1199	26198.0	161	JJ161	110r	884	2	1240.0	2.0	AF	AF	6.0	2.0	195.0	6.0	1004.0	1365.0	valide	valide_AI_AM_AF
1200	26199.0	162	JJ161	111r	885	1	1241.0	1.0	AI	AI	32.0	1.0	0.0	32.0	1071.0	1295.0	valide	valide_AI_AM_AF
1201	26199.0	162	JJ161	111r	886	2	1242.0	2.0	AF	AF	3.0	2.0	47.0	3.0	1152.0	1033.0	valide	valide_AI_AM_AF
1202	26200.0	163	JJ161	111v	886	1	1243.0	1.0	AI	AI	1041.0	1.0	2.0	1041.0	1198.0	308.0	valide	valide_AI_AM_AF
1203	26200.0	163	JJ161	111v	887	2	1244.0	3.0	AM	AM	10.0	2.0	0.0	10.0	1087.0	1296.0	valide	valide_AI_AM_AF
1204	26200.0	163	JJ161	111v	888	3	1245.0	3.0	AM	AM	8.0	3.0	211.0	8.0	988.0	1347.0	valide	valide_AI_AM_AF
1205	26200.0	163	JJ161	111v	889	4	1246.0	2.0	AF	AF	12.0	4.0	0.0	12.0	1094.0	650.0	valide	valide_AI_AM_AF
1206	26201.0	164	JJ161	113r	889	1	1247.0	1.0	AI	AI	662.0	1.0	0.0	662.0	1096.0	644.0	valide	valide_AI_AM_AF
1207	26201.0	164	JJ161	113r	890	2	1248.0	2.0	AF	AF	4.0	2.0	215.0	4.0	984.0	1349.0	valide	valide_AI_AM_AF
1208	26202.0	165	JJ161	114r	891	1	1249.0	1.0	AI	AI	31.0	1.0	0.0	31.0	1086.0	1279.0	valide	structure_invalide
1209	26202.0	165	JJ161	114r	892	2											zone_suite_manquante	structure_invalide
1210	26205.0	168	JJ161	115v	894	1	1253.0	1.0	AI	AI	764.0	1.0	197.0	764.0	1002.0	590.0	valide	valide_AI_AM_AF
1211	26205.0	168	JJ161	115v	895	2	1254.0	2.0	AF	AF	7.0	2.0	0.0	7.0	1044.0	1329.0	valide	valide_AI_AM_AF
1212	26206.0	169	JJ161	116v	896	1	1255.0	1.0	AI	AI	30.0	1.0	214.0	30.0	985.0	1325.0	valide	valide_AI_AM_AF
1213	26206.0	169	JJ161	116v	897	2	1256.0	2.0	AF	AF	10.0	2.0	1.0	10.0	1167.0	504.0	valide	valide_AI_AM_AF
1214	26207.0	170	JJ161	117r	897	1	1257.0	1.0	AI	AI	491.0	1.0	0.0	491.0	1039.0	852.0	valide	valide_AI_AM_AF
1215	26207.0	170	JJ161	117r	898	2	1258.0	2.0	AF	AF	8.0	2.0	0.0	8.0	1200.0	453.0	valide	valide_AI_AM_AF
1216	26208.0	171	JJ161	117v	898	1	1259.0	0.0	AC	AC	460.0	1.0	219.0	460.0	980.0	894.0	valide	
1217	26209.0	172	JJ161	118r	899	1	1260.0	0.0	AC	AC	39.0	1.0	0.0	39.0	1076.0	1311.0	valide	
1218	26210.0	173	JJ161	118v	900	1	1261.0	1.0	AI	AI	32.0	1.0	219.0	32.0	981.0	1324.0	valide	valide_AI_AM_AF
1219	26210.0	173	JJ161	118v	901	2	1262.0	2.0	AF	AF	31.0	2.0	1.0	31.0	1044.0	1322.0	valide	valide_AI_AM_AF
1220	26211.0	174	JJ161	119v	902	1	1263.0	1.0	AI	AI	19.0	1.0	28.0	19.0	1172.0	1334.0	valide	valide_AI_AM_AF
1221	26211.0	174	JJ161	119v	903	2	1264.0	3.0	AM	AM	20.0	2.0	0.0	20.0	1062.0	1343.0	valide	valide_AI_AM_AF
1222	26211.0	174	JJ161	119v	904	3	1265.0	2.0	AF	AF	17.0	3.0	29.0	17.0	1171.0	561.0	valide	valide_AI_AM_AF
1223	26212.0	175	JJ161	120v	904	1	1266.0	1.0	AI	AI	577.0	1.0	247.0	577.0	953.0	765.0	valide	valide_AI_AM_AF
1224	26212.0	175	JJ161	120v	905	2	1267.0	2.0	AF	AF	30.0	2.0	0.0	30.0	1110.0	644.0	valide	valide_AI_AM_AF
1225	26213.0	176	JJ161	121r	905	1	1268.0	1.0	AI	AI	674.0	1.0	0.0	674.0	1022.0	663.0	valide	structure_invalide
1226	26213.0	176	JJ161	121r	906	2											zone_suite_manquante	structure_invalide
1227	26215.0	178	JJ161	123r	909	1	1272.0	0.0	AC	AC	39.0	1.0	0.0	39.0	1040.0	1315.0	valide	
1228	26216.0	179	JJ161	123v	910	1	1273.0	1.0	AI	AI	46.0	1.0	138.0	46.0	1062.0	1277.0	valide	valide_AI_AM_AF
1229	26216.0	179	JJ161	123v	911	2	1274.0	2.0	AF	AF	34.0	2.0	0.0	34.0	1025.0	666.0	valide	valide_AI_AM_AF
1230	26217.0	180	JJ161	124r	911	1	1275.0	1.0	AI	AI	701.0	1.0	0.0	701.0	1005.0	630.0	valide	valide_AI_AM_AF
1231	26217.0	180	JJ161	124r	912	2	1276.0	2.0	AF	AF	37.0	2.0	68.0	37.0	1132.0	1287.0	valide	valide_AI_AM_AF
1232	26218.0	181	JJ161	125r	913	1	1277.0	1.0	AI	AI	38.0	1.0	0.0	38.0	1014.0	1309.0	valide	valide_AI_AM_AF
1233	26218.0	181	JJ161	125r	914	2	1278.0	2.0	AF	AF	29.0	2.0	167.0	29.0	1033.0	532.0	valide	valide_AI_AM_AF
1234	26219.0	182	JJ161	125v	914	1	1279.0	0.0	AC	AC	559.0	1.0	239.0	559.0	961.0	743.0	valide	
1235	26220.0	183	JJ161	126r	915	1	1280.0	1.0	AI	AI	29.0	1.0	0.0	29.0	1012.0	1317.0	valide	valide_AI_AM_AF
1236	26220.0	183	JJ161	126r	916	2	1281.0	2.0	AF	AF	13.0	2.0	70.0	13.0	1130.0	497.0	valide	valide_AI_AM_AF
1237	26221.0	184	JJ161	126v	916	1	1282.0	0.0	AC	AC	505.0	1.0	249.0	505.0	894.0	64.0	valide	
1238	26222.0	185	JJ161	126v	916	1	1283.0	1.0	AI	AI	555.0	1.0	247.0	555.0	953.0	748.0	valide	valide_AI_AM_AF
1239	26222.0	185	JJ161	126v	917	2	1284.0	2.0	AF	AF	5.0	2.0	0.0	5.0	1200.0	633.0	valide	valide_AI_AM_AF
1240	26223.0	186	JJ161	127r	917	1	1285.0	1.0	AI	AI	642.0	1.0	0.0	642.0	1003.0	690.0	valide	valide_AI_AM_AF
1241	26223.0	186	JJ161	127r	918	2	1286.0	2.0	AF	AF	23.0	2.0	261.0	23.0	939.0	1288.0	valide	valide_AI_AM_AF
1242	26224.0	187	JJ161	128r	919	1	1287.0	0.0	AC	AC	20.0	1.0	1.0	20.0	1106.0	1327.0	valide	
1243	26225.0	188	JJ161	128v	920	1	1288.0	1.0	AI	AI	39.0	1.0	228.0	39.0	972.0	1278.0	valide	valide_AI_AM_AF
1244	26225.0	188	JJ161	128v	921	2	1289.0	2.0	AF	AF	6.0	2.0	2.0	6.0	1118.0	469.0	valide	valide_AI_AM_AF
1245	26226.0	189	JJ161	129r	921	1	1290.0	1.0	AI	AI	476.0	1.0	0.0	476.0	1004.0	857.0	valide	valide_AI_AM_AF
1246	26226.0	189	JJ161	129r	922	2	1291.0	2.0	AF	AF	24.0	2.0	59.0	24.0	1141.0	552.0	valide	valide_AI_AM_AF
1247	26227.0	190	JJ161	129v	922	1	1292.0	1.0	AI	AI	576.0	1.0	251.0	576.0	949.0	716.0	valide	valide_AI_AM_AF
1248	26227.0	190	JJ161	129v	923	2	1293.0	2.0	AF	AF	12.0	2.0	0.0	12.0	1009.0	647.0	valide	valide_AI_AM_AF
1249	26228.0	191	JJ161	130r	923	1	1294.0	1.0	AI	AI	658.0	1.0	0.0	658.0	1006.0	658.0	valide	valide_AI_AM_AF
1250	26228.0	191	JJ161	130r	924	2	1295.0	2.0	AF	AF	30.0	2.0	228.0	30.0	972.0	657.0	valide	valide_AI_AM_AF
1251	26229.0	192	JJ161	130v	924	1	1296.0	1.0	AI	AI	687.0	1.0	39.0	687.0	1161.0	603.0	valide	valide_AI_AM_AF
1252	26229.0	192	JJ161	130v	925	2	1297.0	2.0	AF	AF	5.0	2.0	0.0	5.0	1200.0	796.0	valide	valide_AI_AM_AF
1253	26230.0	193	JJ161	131r	925	1	1298.0	1.0	AI	AI	794.0	1.0	0.0	794.0	1006.0	524.0	valide	valide_AI_AM_AF
1254	26230.0	193	JJ161	131r	926	2	1299.0	2.0	AF	AF	13.0	2.0	111.0	13.0	1089.0	647.0	valide	valide_AI_AM_AF
1255	26231.0	194	JJ161	131v	926	1	1300.0	1.0	AI	AI	656.0	1.0	203.0	656.0	997.0	653.0	valide	valide_AI_AM_AF
1256	26231.0	194	JJ161	131v	927	2	1301.0	2.0	AF	AF	5.0	2.0	2.0	5.0	1064.0	912.0	valide	valide_AI_AM_AF
1257	26232.0	195	JJ161	132r	927	1	1302.0	1.0	AI	AI	911.0	1.0	0.0	911.0	1068.0	422.0	valide	valide_AI_AM_AF
1258	26232.0	195	JJ161	132r	928	2	1303.0	2.0	AF	AF	9.0	2.0	12.0	9.0	1188.0	955.0	valide	valide_AI_AM_AF
1259	26233.0	196	JJ161	132v	928	1	1304.0	1.0	AI	AI	964.0	1.0	0.0	964.0	1200.0	327.0	valide	valide_AI_AM_AF
1260	26233.0	196	JJ161	132v	929	2	1305.0	2.0	AF	AF	3.0	2.0	0.0	3.0	1198.0	736.0	valide	valide_AI_AM_AF
1261	26234.0	197	JJ161	133r	929	1	1306.0	1.0	AI	AI	731.0	1.0	0.0	731.0	1004.0	628.0	valide	valide_AI_AM_AF
1262	26234.0	197	JJ161	133r	930	2	1307.0	2.0	AF	AF	8.0	2.0	251.0	8.0	949.0	1321.0	valide	valide_AI_AM_AF
1263	26235.0	198	JJ161	134r	931	1	1308.0	1.0	AI	AI	11.0	1.0	0.0	11.0	1028.0	1337.0	valide	valide_AI_AM_AF
1264	26235.0	198	JJ161	134r	932	2	1309.0	2.0	AF	AF	3.0	2.0	9.0	3.0	1191.0	482.0	valide	valide_AI_AM_AF
1265	26236.0	199	JJ161	134v	932	1	1310.0	1.0	AI	AI	485.0	1.0	248.0	485.0	951.0	805.0	valide	valide_AI_AM_AF
1266	26236.0	199	JJ161	134v	933	2	1311.0	2.0	AF	AF	1.0	2.0	0.0	1.0	1053.0	1352.0	valide	valide_AI_AM_AF
1267	26237.0	200	JJ161	135v	934	1	1312.0	1.0	AI	AI	10.0	1.0	245.0	10.0	955.0	1269.0	valide	valide_AI_AM_AF
1268	26237.0	200	JJ161	135v	935	2	1313.0	3.0	AM	AM	2.0	2.0	0.0	2.0	1022.0	1338.0	valide	valide_AI_AM_AF
1269	26237.0	200	JJ161	135v	936	3	1314.0	3.0	AM	AM	3.0	3.0	240.0	3.0	960.0	1275.0	valide	valide_AI_AM_AF
1270	26237.0	200	JJ161	135v	937	4	1315.0	2.0	AF	AF	1.0	4.0	0.0	1.0	1024.0	1326.0	valide	valide_AI_AM_AF
1271	26238.0	201	JJ161	137v	938	1	1316.0	1.0	AI	AI	5.0	1.0	237.0	5.0	963.0	1271.0	valide	valide_AI_AM_AF
1272	26238.0	201	JJ161	137v	939	2	1317.0	2.0	AF	AF	3.0	2.0	0.0	3.0	1165.0	744.0	valide	valide_AI_AM_AF
1273	26239.0	202	JJ161	138r	939	1	1318.0	1.0	AI	AI	744.0	1.0	0.0	744.0	1194.0	560.0	valide	valide_AI_AM_AF
1274	26239.0	202	JJ161	138r	940	2	1319.0	2.0	AF	AF	1.0	2.0	11.0	1.0	1189.0	437.0	valide	valide_AI_AM_AF
1275	26240.0	203	JJ161	138v	940	1	1320.0	1.0	AI	AI	437.0	1.0	246.0	437.0	954.0	848.0	valide	valide_AI_AM_AF
1276	26240.0	203	JJ161	138v	941	2	1321.0	2.0	AF	AF	2.0	2.0	0.0	2.0	1149.0	852.0	valide	valide_AI_AM_AF
1277	26241.0	204	JJ161	139r	941	1	1322.0	1.0	AI	AI	851.0	1.0	0.0	851.0	1079.0	463.0	valide	valide_AI_AM_AF
1278	26241.0	204	JJ161	139r	942	2	1323.0	2.0	AF	AF	16.0	2.0	14.0	16.0	1185.0	827.0	valide	valide_AI_AM_AF
1279	26242.0	205	JJ161	139v	942	1	1324.0	1.0	AI	AI	838.0	1.0	3.0	838.0	1197.0	475.0	valide	valide_AI_AM_AF
1280	26242.0	205	JJ161	139v	943	2	1325.0	2.0	AF	AF	4.0	2.0	0.0	4.0	1140.0	1340.0	valide	valide_AI_AM_AF
1281	26243.0	206	JJ161	140v	944	1	1326.0	1.0	AI	AI	44.0	1.0	15.0	44.0	1185.0	1303.0	valide	valide_AI_AM_AF
1282	26243.0	206	JJ161	140v	945	2	1327.0	2.0	AF	AF	2.0	2.0	0.0	2.0	1192.0	995.0	valide	valide_AI_AM_AF
1283	26244.0	207	JJ161	141r	945	1	1328.0	1.0	AI	AI	994.0	1.0	0.0	994.0	1196.0	319.0	valide	valide_AI_AM_AF
1284	26244.0	207	JJ161	141r	946	2	1329.0	2.0	AF	AF	30.0	2.0	84.0	30.0	1116.0	1304.0	valide	valide_AI_AM_AF
1285	26245.0	208	JJ161	142r	947	1	1330.0	1.0	AI	AI	34.0	1.0	0.0	34.0	1012.0	1321.0	valide	valide_AI_AM_AF
1286	26245.0	208	JJ161	142r	948	2	1331.0	3.0	AM	AM	20.0	2.0	191.0	20.0	1009.0	1317.0	valide	valide_AI_AM_AF
1287	26245.0	208	JJ161	142r	949	3	1332.0	3.0	AM	AM	31.0	3.0	0.0	31.0	1024.0	1326.0	valide	valide_AI_AM_AF
1288	26245.0	208	JJ161	142r	950	4	1333.0	3.0	AM	AM	23.0	4.0	173.0	23.0	1027.0	1274.0	valide	valide_AI_AM_AF
1289	26245.0	208	JJ161	142r	951	5	1334.0	3.0	AM	AM	30.0	5.0	0.0	30.0	1017.0	1327.0	valide	valide_AI_AM_AF
1290	26245.0	208	JJ161	142r	952	6	1335.0	3.0	AM	AM	41.0	6.0	242.0	41.0	958.0	1298.0	valide	valide_AI_AM_AF
1291	26245.0	208	JJ161	142r	953	7	1336.0	3.0	AM	AM	17.0	7.0	0.0	17.0	1024.0	1339.0	valide	valide_AI_AM_AF
1292	26245.0	208	JJ161	142r	954	8	1337.0	3.0	AM	AM	35.0	8.0	222.0	35.0	978.0	1297.0	valide	valide_AI_AM_AF
1293	26245.0	208	JJ161	142r	955	9	1338.0	3.0	AM	AM	26.0	9.0	0.0	26.0	1024.0	1331.0	valide	valide_AI_AM_AF
1294	26245.0	208	JJ161	142r	956	10	1339.0	3.0	AM	AM	39.0	10.0	215.0	39.0	985.0	1304.0	valide	valide_AI_AM_AF
1295	26245.0	208	JJ161	142r	957	11	1340.0	2.0	AF	AF	16.0	11.0	0.0	16.0	1116.0	526.0	valide	valide_AI_AM_AF
1296	26246.0	209	JJ161	147r	957	1	1341.0	1.0	AI	AI	542.0	1.0	0.0	542.0	1007.0	807.0	valide	valide_AI_AM_AF
1297	26246.0	209	JJ161	147r	958	2	1342.0	2.0	AF	AF	30.0	2.0	163.0	30.0	1037.0	513.0	valide	valide_AI_AM_AF
1298	26247.0	210	JJ161	147v	958	1	1343.0	1.0	AI	AI	544.0	1.0	231.0	544.0	969.0	782.0	valide	valide_AI_AM_AF
1299	26247.0	210	JJ161	147v	959	2	1344.0	2.0	AF	AF	13.0	2.0	0.0	13.0	1174.0	1331.0	valide	valide_AI_AM_AF
1300	26248.0	211	JJ161	148v	960	1	1345.0	0.0	AC	AC	51.0	1.0	97.0	51.0	1103.0	1265.0	valide	
1301	26249.0	212	JJ161	149r	961	1	1346.0	1.0	AI	AI	8.0	1.0	0.0	8.0	1045.0	1345.0	valide	valide_AI_AM_AF
1302	26249.0	212	JJ161	149r	962	2	1347.0	2.0	AF	AF	25.0	2.0	57.0	25.0	1142.0	500.0	valide	valide_AI_AM_AF
1303	26250.0	213	JJ161	149v	962	1	1348.0	0.0	AC	AC	524.0	1.0	17.0	524.0	1183.0	787.0	valide	
1304	26251.0	214	JJ161	150r	963	1	1349.0	0.0	AC	AC	24.0	1.0	0.0	24.0	1047.0	1329.0	valide	
1305	26252.0	215	JJ161	150v	964	1	1350.0	0.0	AC	AC	36.0	1.0	214.0	36.0	985.0	777.0	valide	
1306	26253.0	216	JJ161	150v	964	1	1351.0	1.0	AI	AI	812.0	1.0	1.0	812.0	1199.0	481.0	valide	valide_AI_AM_AF
1307	26253.0	216	JJ161	150v	965	2	1352.0	3.0	AM	AM	12.0	2.0	0.0	12.0	1029.0	1334.0	valide	valide_AI_AM_AF
1308	26253.0	216	JJ161	150v	966	3	1353.0	3.0	AM	AM	32.0	3.0	88.0	32.0	1111.0	1286.0	valide	valide_AI_AM_AF
1309	26253.0	216	JJ161	150v	967	4	1354.0	2.0	AF	AF	5.0	4.0	0.0	5.0	1197.0	402.0	valide	valide_AI_AM_AF
1310	26254.0	217	JJ161	152r	967	1	1355.0	1.0	AI	AI	407.0	1.0	0.0	407.0	1011.0	946.0	valide	valide_AI_AM_AF
1311	26254.0	217	JJ161	152r	968	2	1356.0	2.0	AF	AF	33.0	2.0	19.0	33.0	1181.0	438.0	valide	valide_AI_AM_AF
1312	26255.0	218	JJ161	152v	968	1	1357.0	1.0	AI	AI	472.0	1.0	187.0	472.0	1013.0	854.0	valide	valide_AI_AM_AF
1313	26255.0	218	JJ161	152v	969	2	1358.0	2.0	AF	AF	12.0	2.0	0.0	12.0	1147.0	1339.0	valide	valide_AI_AM_AF
1314	26256.0	219	JJ161	153v	970	1	1359.0	1.0	AI	AI	59.0	1.0	147.0	59.0	1053.0	1276.0	valide	valide_AI_AM_AF
1315	26256.0	219	JJ161	153v	971	2	1360.0	2.0	AF	AF	14.0	2.0	0.0	14.0	1150.0	408.0	valide	valide_AI_AM_AF
1316	26257.0	220	JJ161	154r	971	1	1361.0	1.0	AI	AI	422.0	1.0	0.0	422.0	1025.0	932.0	valide	valide_AI_AM_AF
1317	26257.0	220	JJ161	154r	972	2	1362.0	2.0	AF	AF	28.0	2.0	164.0	28.0	1036.0	1297.0	valide	valide_AI_AM_AF
1318	26258.0	221	JJ161	155r	973	1	1363.0	0.0	AC	AC	14.0	1.0	0.0	14.0	1067.0	957.0	valide	
1319	26259.0	222	JJ161	155r	973	1	1364.0	1.0	AI	AI	972.0	1.0	0.0	972.0	1186.0	384.0	valide	valide_AI_AM_AF
1320	26259.0	222	JJ161	155r	974	2	1365.0	2.0	AF	AF	24.0	2.0	211.0	24.0	989.0	1310.0	valide	valide_AI_AM_AF
1321	26260.0	223	JJ161	156r	975	1	1366.0	0.0	AC	AC	36.0	1.0	0.0	36.0	1026.0	1313.0	valide	
1322	26261.0	224	JJ161	156v	976	1	1367.0	0.0	AC	AC	35.0	1.0	239.0	35.0	960.0	1296.0	valide	
1323	26262.0	225	JJ161	157r	977	1	1368.0	1.0	AI	AI	11.0	1.0	0.0	11.0	1088.0	1343.0	valide	valide_AI_AM_AF
1324	26262.0	225	JJ161	157r	978	2	1369.0	2.0	AF	AF	12.0	2.0	50.0	12.0	1149.0	365.0	valide	valide_AI_AM_AF
1325	26263.0	226	JJ161	157v	978	1	1370.0	1.0	AI	AI	377.0	1.0	157.0	377.0	1042.0	945.0	valide	valide_AI_AM_AF
1326	26263.0	226	JJ161	157v	979	2	1371.0	3.0	AM	AM	17.0	2.0	0.0	17.0	1010.0	1341.0	valide	valide_AI_AM_AF
1327	26263.0	226	JJ161	157v	980	3	1372.0	2.0	AF	AF	11.0	3.0	13.0	11.0	1186.0	403.0	valide	valide_AI_AM_AF
1328	26264.0	227	JJ161	158v	980	1	1373.0	0.0	AC	AC	408.0	1.0	297.0	408.0	852.0	59.0	valide	
1329	26265.0	228	JJ161	158v	980	1	1374.0	0.0	AC	AC	467.0	1.0	297.0	467.0	848.0	34.0	valide	
1330	26266.0	229	JJ161	158v	980	1	1375.0	0.0	AC	AC	496.0	1.0	281.0	496.0	854.0	54.0	valide	
1331	26267.0	230	JJ161	158v	980	1	1376.0	0.0	AC	AC	537.0	1.0	282.0	537.0	860.0	58.0	valide	
1332	26268.0	231	JJ161	158v	980	1	1377.0	0.0	AC	AC	583.0	1.0	274.0	583.0	862.0	58.0	valide	
1333	26269.0	232	JJ161	158v	980	1	1378.0	0.0	AC	AC	615.0	1.0	295.0	615.0	823.0	57.0	valide	
1334	26270.0	233	JJ161	158v	980	1	1379.0	0.0	AC	AC	647.0	1.0	276.0	647.0	837.0	68.0	valide	
1335	26271.0	234	JJ161	158v	980	1	1380.0	0.0	AC	AC	700.0	1.0	283.0	700.0	820.0	56.0	valide	
1336	26272.0	235	JJ161	158v	980	1	1381.0	0.0	AC	AC	750.0	1.0	279.0	750.0	849.0	65.0	valide	
1337	26273.0	236	JJ161	158v	980	1	1382.0	0.0	AC	AC	803.0	1.0	276.0	803.0	876.0	34.0	valide	
1338	26274.0	237	JJ161	158v	980	1	1383.0	1.0	AI	AI	846.0	1.0	32.0	846.0	1167.0	441.0	valide	valide_AI_AM_AF
1339	26274.0	237	JJ161	158v	981	2	1384.0	2.0	AF	AF	6.0	2.0	0.0	6.0	1197.0	1298.0	valide	valide_AI_AM_AF
1340	26275.0	238	JJ161	159r	981	1	1385.0	0.0	AC	AC	1100.0	1.0	0.0	1100.0	1199.0	257.0	valide	
1341	26276.0	239	JJ161	159v	982	1	1386.0	1.0	AI	AI	30.0	1.0	235.0	30.0	964.0	1290.0	valide	valide_AI_AM_AF
1342	26276.0	239	JJ161	159v	983	2	1387.0	2.0	AF	AF	30.0	2.0	1.0	30.0	1185.0	410.0	valide	valide_AI_AM_AF
1343	26277.0	240	JJ161	160r	983	1	1388.0	0.0	AC	AC	437.0	1.0	1.0	437.0	1021.0	156.0	valide	
1344	26278.0	241	JJ161	160r	983	1	1389.0	1.0	AI	AI	594.0	1.0	1.0	594.0	1010.0	778.0	valide	valide_AI_AM_AF
1345	26278.0	241	JJ161	160r	984	2	1390.0	2.0	AF	AF	14.0	2.0	21.0	14.0	1178.0	851.0	valide	valide_AI_AM_AF
1346	26279.0	242	JJ161	160v	984	1	1391.0	0.0	AC	AC	850.0	1.0	244.0	850.0	926.0	69.0	valide	
1347	26280.0	243	JJ161	160v	984	1	1392.0	1.0	AI	AI	911.0	1.0	59.0	911.0	1140.0	374.0	valide	valide_AI_AM_AF
1348	26280.0	243	JJ161	160v	985	2	1393.0	3.0	AM	AM	45.0	2.0	1.0	45.0	1018.0	1327.0	valide	valide_AI_AM_AF
1349	26280.0	243	JJ161	160v	986	3	1394.0	2.0	AF	AF	7.0	3.0	79.0	7.0	1120.0	620.0	valide	valide_AI_AM_AF
1350	26281.0	244	JJ161	161v	986	1	1395.0	1.0	AI	AI	625.0	1.0	96.0	625.0	1103.0	665.0	valide	valide_AI_AM_AF
1351	26281.0	244	JJ161	161v	987	2	1396.0	2.0	AF	AF	39.0	2.0	2.0	39.0	1094.0	1326.0	valide	valide_AI_AM_AF
1352	26282.0	245	JJ161	162v	988	1	1397.0	0.0	AC	AC	69.0	1.0	15.0	69.0	1184.0	1278.0	valide	
1353	26283.0	246	JJ161	163r	989	1	1398.0	0.0	AC	AC	52.0	1.0	0.0	52.0	1033.0	1319.0	valide	
1354	26284.0	247	JJ161	163v	990	1	1399.0	1.0	AI	AI	69.0	1.0	248.0	69.0	950.0	1276.0	valide	valide_AI_AM_AF
1355	26284.0	247	JJ161	163v	991	2	1400.0	2.0	AF	AF	13.0	2.0	1.0	13.0	1120.0	1017.0	valide	valide_AI_AM_AF
1356	26285.0	248	JJ161	164r	991	1	1401.0	1.0	AI	AI	1027.0	1.0	0.0	1027.0	1153.0	339.0	valide	valide_AI_AM_AF
1357	26285.0	248	JJ161	164r	992	2	1402.0	2.0	AF	AF	41.0	2.0	12.0	41.0	1187.0	1306.0	valide	valide_AI_AM_AF
1358	26286.0	249	JJ161	165r	993	1	1403.0	1.0	AI	AI	38.0	1.0	1.0	38.0	1044.0	1309.0	valide	valide_AI_AM_AF
1359	26286.0	249	JJ161	165r	994	2	1404.0	3.0	AM	AM	34.0	2.0	67.0	34.0	1132.0	1289.0	valide	valide_AI_AM_AF
1360	26286.0	249	JJ161	165r	995	3	1405.0	2.0	AF	AF	22.0	3.0	0.0	22.0	1042.0	767.0	valide	valide_AI_AM_AF
1361	26287.0	250	JJ161	166r	995	1	1406.0	1.0	AI	AI	787.0	1.0	2.0	787.0	1072.0	582.0	valide	valide_AI_AM_AF
1362	26287.0	250	JJ161	166r	996	2	1407.0	2.0	AF	AF	15.0	2.0	4.0	15.0	1194.0	405.0	valide	valide_AI_AM_AF
1363	26288.0	251	JJ161	166v	996	1	1408.0	0.0	AC	AC	419.0	1.0	26.0	419.0	1173.0	888.0	valide	
1364	26289.0	252	JJ161	167r	997	1	1409.0	1.0	AI	AI	33.0	1.0	0.0	33.0	1043.0	1305.0	valide	valide_AI_AM_AF
1365	26289.0	252	JJ161	167r	998	2	1410.0	2.0	AF	AF	18.0	2.0	44.0	18.0	1155.0	538.0	valide	valide_AI_AM_AF
1366	26290.0	253	JJ161	167v	998	1	1411.0	1.0	AI	AI	555.0	1.0	235.0	555.0	964.0	753.0	valide	valide_AI_AM_AF
1367	26290.0	253	JJ161	167v	999	2	1412.0	2.0	AF	AF	6.0	2.0	0.0	6.0	1200.0	597.0	valide	valide_AI_AM_AF
1368	26291.0	254	JJ161	168r	999	1	1413.0	1.0	AI	AI	606.0	1.0	1.0	606.0	1047.0	717.0	valide	valide_AI_AM_AF
1369	26291.0	254	JJ161	168r	1000	2	1414.0	3.0	AM	AM	29.0	2.0	31.0	29.0	1168.0	1279.0	valide	valide_AI_AM_AF
1370	26291.0	254	JJ161	168r	1001	3	1415.0	2.0	AF	AF	14.0	3.0	0.0	14.0	1030.0	1334.0	valide	valide_AI_AM_AF
1371	26292.0	255	JJ161	169v	1002	1	1416.0	0.0	AC	AC	13.0	1.0	9.0	13.0	1190.0	793.0	valide	
1372	26293.0	256	JJ161	169v	1002	1	1417.0	1.0	AI	AI	806.0	1.0	19.0	806.0	1179.0	480.0	valide	valide_AI_AM_AF
1373	26293.0	256	JJ161	169v	1003	2	1418.0	2.0	AF	AF	12.0	2.0	1.0	12.0	1062.0	1312.0	valide	valide_AI_AM_AF
1374	26294.0	257	JJ161	170v	1004	1	1419.0	1.0	AI	AI	10.0	1.0	73.0	10.0	1126.0	1301.0	valide	valide_AI_AM_AF
1375	26294.0	257	JJ161	170v	1005	2	1420.0	3.0	AM	AM	22.0	2.0	0.0	22.0	1026.0	1315.0	valide	valide_AI_AM_AF
1376	26294.0	257	JJ161	170v	1006	3	1421.0	3.0	AM	AM	19.0	3.0	250.0	19.0	949.0	1305.0	valide	valide_AI_AM_AF
1377	26294.0	257	JJ161	170v	1007	4	1422.0	2.0	AF	AF	11.0	4.0	1.0	11.0	1064.0	489.0	valide	valide_AI_AM_AF
1378	26295.0	258	JJ161	172r	1007	1	1423.0	0.0	AC	AC	500.0	1.0	0.0	500.0	1027.0	826.0	valide	
1379	26296.0	259	JJ161	172v	1008	1	1424.0	0.0	AC	AC	18.0	1.0	12.0	18.0	1186.0	1300.0	valide	
1380	26297.0	260	JJ161	173r	1009	1	1425.0	1.0	AI	AI	42.0	1.0	0.0	42.0	1045.0	1304.0	valide	valide_AI_AM_AF
1381	26297.0	260	JJ161	173r	1010	2	1426.0	2.0	AF	AF	41.0	2.0	9.0	41.0	1189.0	513.0	valide	valide_AI_AM_AF
1382	26298.0	261	JJ161	173v	1010	1	1427.0	1.0	AI	AI	558.0	1.0	105.0	558.0	1094.0	759.0	valide	valide_AI_AM_AF
1383	26298.0	261	JJ161	173v	1011	2	1428.0	3.0	AM	AM	37.0	2.0	0.0	37.0	1022.0	1321.0	valide	valide_AI_AM_AF
1384	26298.0	261	JJ161	173v	1012	3	1429.0	2.0	AF	AF	38.0	3.0	21.0	38.0	1178.0	959.0	valide	valide_AI_AM_AF
1385	26299.0	262	JJ161	174v	1012	1	1430.0	1.0	AI	AI	1008.0	1.0	8.0	1008.0	1190.0	278.0	valide	valide_AI_AM_AF
1386	26299.0	262	JJ161	174v	1013	2	1431.0	2.0	AF	AF	10.0	2.0	2.0	10.0	1121.0	1084.0	valide	valide_AI_AM_AF
1387	26300.0	263	JJ161	175r	1013	1	1432.0	1.0	AI	AI	1096.0	1.0	0.0	1096.0	1200.0	244.0	valide	valide_AI_AM_AF
1388	26300.0	263	JJ161	175r	1014	2	1433.0	2.0	AF	AF	36.0	2.0	259.0	36.0	940.0	1277.0	valide	valide_AI_AM_AF
1389	26301.0	264	JJ161	176r	1015	1	1434.0	1.0	AI	AI	38.0	1.0	0.0	38.0	1031.0	1298.0	valide	valide_AI_AM_AF
1390	26301.0	264	JJ161	176r	1016	2	1435.0	2.0	AF	AF	11.0	2.0	11.0	11.0	1189.0	918.0	valide	valide_AI_AM_AF
1391	26302.0	265	JJ161	176v	1016	1	1436.0	1.0	AI	AI	934.0	1.0	5.0	934.0	1195.0	341.0	valide	valide_AI_AM_AF
1392	26302.0	265	JJ161	176v	1017	2	1437.0	2.0	AF	AF	6.0	2.0	0.0	6.0	1200.0	838.0	valide	valide_AI_AM_AF
1393	26303.0	266	JJ161	177r	1017	1	1438.0	1.0	AI	AI	843.0	1.0	1.0	843.0	1138.0	477.0	valide	valide_AI_AM_AF
1394	26303.0	266	JJ161	177r	1018	2	1439.0	2.0	AF	AF	24.0	2.0	262.0	24.0	938.0	1268.0	valide	valide_AI_AM_AF
1395	26304.0	267	JJ161	178r	1019	1	1440.0	1.0	AI	AI	43.0	1.0	0.0	43.0	1021.0	1286.0	valide	valide_AI_AM_AF
1396	26304.0	267	JJ161	178r	1020	2	1441.0	2.0	AF	AF	9.0	2.0	12.0	9.0	1188.0	494.0	valide	valide_AI_AM_AF
1397	26305.0	268	JJ161	178v	1020	1	1442.0	1.0	AI	AI	502.0	1.0	112.0	502.0	1088.0	803.0	valide	valide_AI_AM_AF
1398	26305.0	268	JJ161	178v	1021	2	1443.0	2.0	AF	AF	21.0	2.0	2.0	21.0	1044.0	1301.0	valide	valide_AI_AM_AF
1399	26306.0	269	JJ161	179v	1022	1	1444.0	0.0	AC	AC	34.0	1.0	24.0	34.0	1176.0	1272.0	valide	
1400	26307.0	270	JJ161	180r	1023	1	1445.0	1.0	AI	AI	38.0	1.0	1.0	38.0	1036.0	1306.0	valide	valide_AI_AM_AF
1401	26307.0	270	JJ161	180r	1024	2	1446.0	2.0	AF	AF	14.0	2.0	20.0	14.0	1180.0	1301.0	valide	valide_AI_AM_AF
1402	26308.0	271	JJ161	181r	1025	1	1447.0	1.0	AI	AI	39.0	1.0	0.0	39.0	1034.0	1325.0	valide	valide_AI_AM_AF
1403	26308.0	271	JJ161	181r	1026	2	1448.0	2.0	AF	AF	11.0	2.0	34.0	11.0	1166.0	505.0	valide	valide_AI_AM_AF
1404	26309.0	272	JJ161	181v	1026	1	1449.0	1.0	AI	AI	517.0	1.0	239.0	517.0	961.0	799.0	valide	valide_AI_AM_AF
1405	26309.0	272	JJ161	181v	1027	2	1450.0	2.0	AF	AF	14.0	2.0	2.0	14.0	1140.0	399.0	valide	valide_AI_AM_AF
1406	26310.0	273	JJ161	182r	1027	1	1451.0	1.0	AI	AI	412.0	1.0	0.0	412.0	1010.0	953.0	valide	valide_AI_AM_AF
1407	26310.0	273	JJ161	182r	1028	2	1452.0	2.0	AF	AF	10.0	2.0	4.0	10.0	1196.0	864.0	valide	valide_AI_AM_AF
1408	26311.0	274	JJ161	182v	1028	1	1453.0	1.0	AI	AI	867.0	1.0	6.0	867.0	1194.0	430.0	valide	valide_AI_AM_AF
1409	26311.0	274	JJ161	182v	1029	2	1454.0	3.0	AM	AM	20.0	2.0	0.0	20.0	1028.0	1352.0	valide	valide_AI_AM_AF
1410	26311.0	274	JJ161	182v	1030	3	1455.0	2.0	AF	AF	9.0	3.0	7.0	9.0	1193.0	781.0	valide	valide_AI_AM_AF
1411	26312.0	275	JJ161	183v	1030	1	1456.0	1.0	AI	AI	789.0	1.0	53.0	789.0	1147.0	514.0	valide	valide_AI_AM_AF
1412	26312.0	275	JJ161	183v	1031	2	1457.0	2.0	AF	AF	7.0	2.0	1.0	7.0	1085.0	1362.0	valide	valide_AI_AM_AF
1413	26313.0	276	JJ161	184v	1032	1	1458.0	1.0	AI	AI	26.0	1.0	9.0	26.0	1191.0	1287.0	valide	valide_AI_AM_AF
1414	26313.0	276	JJ161	184v	1033	2	1459.0	2.0	AF	AF	24.0	2.0	0.0	24.0	1058.0	561.0	valide	valide_AI_AM_AF
1415	26314.0	277	JJ161	185r	1033	1	1460.0	1.0	AI	AI	586.0	1.0	0.0	586.0	1088.0	750.0	valide	valide_AI_AM_AF
1416	26314.0	277	JJ161	185r	1034	2	1461.0	3.0	AM	AM	7.0	2.0	20.0	7.0	1179.0	1300.0	valide	valide_AI_AM_AF
1417	26314.0	277	JJ161	185r	1035	3	1462.0	2.0	AF	AF	7.0	3.0	0.0	7.0	1200.0	526.0	valide	valide_AI_AM_AF
1418	26315.0	278	JJ161	186r	1035	1	1463.0	1.0	AI	AI	534.0	1.0	0.0	534.0	1044.0	849.0	valide	valide_AI_AM_AF
1419	26315.0	278	JJ161	186r	1036	2	1464.0	2.0	AF	AF	7.0	2.0	8.0	7.0	1190.0	466.0	valide	valide_AI_AM_AF
1420	26316.0	279	JJ161	186v	1036	1	1465.0	1.0	AI	AI	473.0	1.0	193.0	473.0	1005.0	823.0	valide	valide_AI_AM_AF
1421	26316.0	279	JJ161	186v	1037	2	1466.0	2.0	AF	AF	17.0	2.0	0.0	17.0	1039.0	684.0	valide	valide_AI_AM_AF
1422	26317.0	280	JJ161	187r	1037	1	1467.0	1.0	AI	AI	702.0	1.0	0.0	702.0	1077.0	682.0	valide	valide_AI_AM_AF
1423	26317.0	280	JJ161	187r	1038	2	1468.0	2.0	AF	AF	30.0	2.0	196.0	30.0	1002.0	1275.0	valide	valide_AI_AM_AF
1424	26318.0	281	JJ161	188r	1039	1	1469.0	1.0	AI	AI	30.0	1.0	0.0	30.0	1029.0	1349.0	valide	valide_AI_AM_AF
1425	26318.0	281	JJ161	188r	1040	2	1470.0	2.0	AF	AF	2.0	2.0	209.0	2.0	990.0	1303.0	valide	valide_AI_AM_AF
1426	26319.0	282	JJ161	189r	1041	1	1471.0	1.0	AI	AI	44.0	1.0	0.0	44.0	1018.0	1339.0	valide	valide_AI_AM_AF
1427	26319.0	282	JJ161	189r	1042	2	1472.0	3.0	AM	AM	11.0	2.0	212.0	11.0	987.0	1295.0	valide	valide_AI_AM_AF
1428	26319.0	282	JJ161	189r	1043	3	1473.0	3.0	AM	AM	40.0	3.0	0.0	40.0	1031.0	1338.0	valide	valide_AI_AM_AF
1429	26319.0	282	JJ161	189r	1044	4	1474.0	3.0	AM	AM	22.0	4.0	253.0	22.0	945.0	1283.0	valide	valide_AI_AM_AF
1430	26319.0	282	JJ161	189r	1045	5	1475.0	3.0	AM	AM	36.0	5.0	0.0	36.0	1036.0	1341.0	valide	valide_AI_AM_AF
1431	26319.0	282	JJ161	189r	1046	6	1476.0	2.0	AF	AF	27.0	6.0	80.0	27.0	1119.0	1268.0	valide	valide_AI_AM_AF
1432	26320.0	283	JJ161	192r	1047	1	1477.0	0.0	AC	AC	44.0	1.0	0.0	44.0	1052.0	1336.0	valide	
1433	26321.0	284	JJ161	192v	1048	1	1478.0	0.0	AC	AC	9.0	1.0	54.0	9.0	1145.0	965.0	valide	
1434	26322.0	285	JJ161	192v	1048	1	1479.0	0.0	AC	AC	971.0	1.0	0.0	971.0	1197.0	295.0	valide	
1435	26323.0	286	JJ161	193r	1049	1	1482.0	1.0	AI	AI	963.0	1.0	0.0	963.0	1165.0	419.0	valide	valide_AI_AM_AF
1436	26323.0	286	JJ161	193r	1050	2	1483.0	2.0	AF	AF	13.0	2.0	3.0	13.0	1196.0	961.0	valide	valide_AI_AM_AF
1437	26324.0	287	JJ161	193v	1050	1	1484.0	1.0	AI	AI	961.0	1.0	5.0	961.0	1194.0	306.0	valide	valide_AI_AM_AF
1438	26324.0	287	JJ161	193v	1051	2	1485.0	2.0	AF	AF	5.0	2.0	0.0	5.0	1200.0	713.0	valide	valide_AI_AM_AF
1439	26325.0	288	JJ161	194r	1051	1	1486.0	1.0	AI	AI	721.0	1.0	1.0	721.0	1056.0	662.0	valide	valide_AI_AM_AF
1440	26325.0	288	JJ161	194r	1052	2	1487.0	3.0	AM	AM	18.0	2.0	39.0	18.0	1159.0	1289.0	valide	valide_AI_AM_AF
1441	26325.0	288	JJ161	194r	1053	3	1488.0	2.0	AF	AF	6.0	3.0	0.0	6.0	1200.0	479.0	valide	valide_AI_AM_AF
1442	26326.0	289	JJ161	195r	1053	1	1489.0	1.0	AI	AI	487.0	1.0	0.0	487.0	1151.0	911.0	valide	valide_AI_AM_AF
1443	26326.0	289	JJ161	195r	1054	2	1490.0	2.0	AF	AF	11.0	2.0	4.0	11.0	1195.0	626.0	valide	valide_AI_AM_AF
1444	26327.0	290	JJ161	195v	1054	1	1491.0	1.0	AI	AI	637.0	1.0	68.0	637.0	1131.0	661.0	valide	valide_AI_AM_AF
1445	26327.0	290	JJ161	195v	1055	2	1492.0	3.0	AM	AM	21.0	2.0	0.0	21.0	1044.0	1377.0	valide	valide_AI_AM_AF
1446	26327.0	290	JJ161	195v	1056	3	1493.0	2.0	AF	AF	5.0	3.0	61.0	5.0	1137.0	625.0	valide	valide_AI_AM_AF
1447	26328.0	291	JJ161	196v	1056	1	1494.0	0.0	AC	AC	629.0	1.0	104.0	629.0	1094.0	656.0	valide	
1448	26329.0	292	JJ161	197r	1057	1	1495.0	0.0	AC	AC	10.0	1.0	0.0	10.0	1173.0	971.0	valide	
1449	26330.0	293	JJ161	197r	1057	1	1496.0	1.0	AI	AI	981.0	1.0	0.0	981.0	1200.0	419.0	valide	valide_AI_AM_AF
1450	26330.0	293	JJ161	197r	1058	2	1497.0	2.0	AF	AF	26.0	2.0	213.0	26.0	985.0	1280.0	valide	valide_AI_AM_AF
1451	26331.0	294	JJ161	198r	1059	1	1498.0	1.0	AI	AI	13.0	1.0	0.0	13.0	1135.0	1386.0	valide	valide_AI_AM_AF
1452	26331.0	294	JJ161	198r	1060	2	1499.0	2.0	AF	AF	9.0	2.0	63.0	9.0	1135.0	521.0	valide	valide_AI_AM_AF
1453	26332.0	295	JJ161	198v	1060	1	1500.0	1.0	AI	AI	528.0	1.0	252.0	528.0	946.0	772.0	valide	valide_AI_AM_AF
1454	26332.0	295	JJ161	198v	1061	2	1501.0	2.0	AF	AF	3.0	2.0	0.0	3.0	1200.0	743.0	valide	valide_AI_AM_AF
1455	26333.0	296	JJ161	199r	1061	1	1502.0	1.0	AI	AI	746.0	1.0	0.0	746.0	1004.0	655.0	valide	valide_AI_AM_AF
1456	26333.0	296	JJ161	199r	1062	2	1503.0	2.0	AF	AF	31.0	2.0	69.0	31.0	1129.0	1268.0	valide	valide_AI_AM_AF
1457	26334.0	297	JJ161	200r	1063	1	1504.0	1.0	AI	AI	21.0	1.0	0.0	21.0	1086.0	1377.0	valide	valide_AI_AM_AF
1458	26334.0	297	JJ161	200r	1064	2	1505.0	2.0	AF	AF	15.0	2.0	12.0	15.0	1187.0	455.0	valide	valide_AI_AM_AF
1459	26335.0	298	JJ161	200v	1064	1	1506.0	1.0	AI	AI	470.0	1.0	42.0	470.0	1156.0	839.0	valide	valide_AI_AM_AF
1460	26335.0	298	JJ161	200v	1065	2	1507.0	2.0	AF	AF	8.0	2.0	2.0	8.0	1198.0	1370.0	valide	valide_AI_AM_AF
1461	26336.0	299	JJ161	201v	1066	1	1508.0	0.0	AC	AC	38.0	1.0	17.0	38.0	1182.0	1270.0	valide	
1462	26337.0	300	JJ161	202r	1067	1	1509.0	0.0	AC	AC	41.0	1.0	1.0	41.0	1099.0	1304.0	valide	
1463	26338.0	301	JJ161	202v	1068	1	1510.0	0.0	AC	AC	13.0	1.0	31.0	13.0	1168.0	1287.0	valide	
1464	26339.0	302	JJ161	203r	1069	1	1511.0	1.0	AI	AI	40.0	1.0	1.0	40.0	1068.0	1317.0	valide	valide_AI_AM_AF
1465	26339.0	302	JJ161	203r	1070	2	1512.0	3.0	AM	AM	30.0	2.0	34.0	30.0	1164.0	1269.0	valide	valide_AI_AM_AF
1466	26339.0	302	JJ161	203r	1071	3	1513.0	2.0	AF	AF	5.0	3.0	0.0	5.0	1200.0	441.0	valide	valide_AI_AM_AF
1467	26341.0	304	JJ161	204r	1071	1	1514.0	0.0	AC	AC	446.0	1.0	1.0	446.0	1185.0	911.0	valide	
1468	26342.0	305	JJ161	204v	1072	1	1515.0	0.0	AC	AC	29.0	1.0	254.0	29.0	945.0	1273.0	valide	
1469	26343.0	306	JJ161	205r	1073	1	1516.0	1.0	AI	AI	43.0	1.0	0.0	43.0	1061.0	1344.0	valide	structure_invalide
1470	26343.0	306	JJ161	205r	1074	2											zone_suite_manquante	structure_invalide
1471	26345.0	308	JJ161	207r	1077	1	1521.0	1.0	AI	AI	561.0	1.0	1.0	561.0	1087.0	794.0	valide	valide_AI_AM_AF
1472	26345.0	308	JJ161	207r	1078	2	1522.0	2.0	AF	AF	17.0	2.0	7.0	17.0	1192.0	622.0	valide	valide_AI_AM_AF
1473	26346.0	309	JJ161	207v	1078	1	1523.0	1.0	AI	AI	637.0	1.0	98.0	637.0	1100.0	640.0	valide	valide_AI_AM_AF
1474	26346.0	309	JJ161	207v	1079	2	1524.0	2.0	AF	AF	38.0	2.0	1.0	38.0	1195.0	1325.0	valide	valide_AI_AM_AF
1475	26347.0	310	JJ161	208v	1080	1	1525.0	1.0	AI	AI	43.0	1.0	254.0	43.0	944.0	1254.0	valide	valide_AI_AM_AF
1476	26347.0	310	JJ161	208v	1081	2	1526.0	2.0	AF	AF	11.0	2.0	2.0	11.0	1198.0	655.0	valide	valide_AI_AM_AF
1477	26348.0	311	JJ161	209r	1081	1	1527.0	1.0	AI	AI	669.0	1.0	1.0	669.0	1111.0	680.0	valide	valide_AI_AM_AF
1478	26348.0	311	JJ161	209r	1082	2	1528.0	3.0	AM	AM	34.0	2.0	56.0	34.0	1143.0	1266.0	valide	valide_AI_AM_AF
1479	26348.0	311	JJ161	209r	1083	3	1529.0	2.0	AF	AF	13.0	3.0	0.0	13.0	1200.0	825.0	valide	valide_AI_AM_AF
1480	26349.0	312	JJ161	210r	1083	1	1530.0	1.0	AI	AI	837.0	1.0	0.0	837.0	1198.0	510.0	valide	valide_AI_AM_AF
1481	26349.0	312	JJ161	210r	1084	2	1531.0	3.0	AM	AM	22.0	2.0	32.0	22.0	1166.0	1279.0	valide	valide_AI_AM_AF
1482	26349.0	312	JJ161	210r	1085	3	1532.0	2.0	AF	AF	14.0	3.0	0.0	14.0	1200.0	767.0	valide	valide_AI_AM_AF
1483	26350.0	313	JJ161	211r	1085	1	1533.0	1.0	AI	AI	785.0	1.0	1.0	785.0	1015.0	563.0	valide	valide_AI_AM_AF
1484	26350.0	313	JJ161	211r	1086	2	1534.0	2.0	AF	AF	27.0	2.0	11.0	27.0	1187.0	1280.0	valide	valide_AI_AM_AF
1485	26351.0	314	JJ161	212r	1087	1	1535.0	0.0	AC	AC	51.0	1.0	1.0	51.0	1102.0	1323.0	valide	
1486	26352.0	315	JJ161	212v	1088	1	1536.0	0.0	AC	AC	37.0	1.0	16.0	37.0	1183.0	1268.0	valide	
1487	26353.0	316	JJ161	213r	1089	1	1537.0	1.0	AI	AI	37.0	1.0	0.0	37.0	1173.0	1368.0	valide	valide_AI_AM_AF
1488	26353.0	316	JJ161	213r	1090	2	1538.0	2.0	AF	AF	13.0	2.0	9.0	13.0	1189.0	611.0	valide	valide_AI_AM_AF
1489	26354.0	317	JJ161	213v	1090	1	1539.0	1.0	AI	AI	626.0	1.0	22.0	626.0	1177.0	661.0	valide	valide_AI_AM_AF
1490	26354.0	317	JJ161	213v	1091	2	1540.0	2.0	AF	AF	103.0	2.0	56.0	103.0	924.0	249.0	valide	valide_AI_AM_AF
1491	26355.0	318	JJ161	214r	1091	1	1541.0	1.0	AI	AI	336.0	1.0	1.0	336.0	1106.0	1063.0	valide	valide_AI_AM_AF
1492	26355.0	318	JJ161	214r	1092	2	1542.0	2.0	AF	AF	18.0	2.0	6.0	18.0	1192.0	940.0	valide	valide_AI_AM_AF
1493	26356.0	319	JJ161	214v	1092	1	1543.0	1.0	AI	AI	975.0	1.0	14.0	975.0	1185.0	296.0	valide	valide_AI_AM_AF
1494	26356.0	319	JJ161	214v	1093	2	1544.0	3.0	AM	AM	46.0	2.0	1.0	46.0	1079.0	1360.0	valide	valide_AI_AM_AF
1495	26356.0	319	JJ161	214v	1094	3	1545.0	2.0	AF	AF	8.0	3.0	6.0	8.0	1193.0	668.0	valide	valide_AI_AM_AF
1496	26357.0	320	JJ161	215v	1094	1	1546.0	1.0	AI	AI	676.0	1.0	54.0	676.0	1144.0	600.0	valide	valide_AI_AM_AF
1497	26357.0	320	JJ161	215v	1095	2	1547.0	2.0	AF	AF	3.0	2.0	0.0	3.0	1200.0	779.0	valide	valide_AI_AM_AF
1498	26358.0	321	JJ161	216r	1095	1	1548.0	1.0	AI	AI	786.0	1.0	0.0	786.0	1200.0	611.0	valide	structure_invalide
1499	26358.0	321	JJ161	216r	1096	2											zone_suite_manquante	structure_invalide
1500	26360.0	323	JJ161	218r	1099	1	1553.0	1.0	AI	AI	529.0	1.0	1.0	529.0	1096.0	878.0	valide	valide_AI_AM_AF
1501	26360.0	323	JJ161	218r	1100	2	1554.0	2.0	AF	AF	2.0	2.0	0.0	2.0	1198.0	356.0	valide	valide_AI_AM_AF
1502	26361.0	324	JJ161	218v	1100	1	1555.0	1.0	AI	AI	357.0	1.0	268.0	357.0	930.0	945.0	valide	valide_AI_AM_AF
1503	26361.0	324	JJ161	218v	1101	2	1556.0	2.0	AF	AF	16.0	2.0	1.0	16.0	1189.0	1385.0	valide	valide_AI_AM_AF
1504	26362.0	325	JJ161	219v	1102	1	1557.0	0.0	AC	AC	21.0	1.0	17.0	21.0	1182.0	1282.0	valide	
1505	26363.0	326	JJ161	220r	1103	1	1558.0	1.0	AI	AI	28.0	1.0	0.0	28.0	1173.0	1378.0	valide	valide_AI_AM_AF
1506	26363.0	326	JJ161	220r	1104	2	1559.0	2.0	AF	AF	6.0	2.0	9.0	6.0	1189.0	610.0	valide	valide_AI_AM_AF
1507	26364.0	327	JJ161	220v	1104	1	1560.0	0.0	AC	AC	614.0	1.0	54.0	614.0	1145.0	675.0	valide	
1508	26365.0	328	JJ161	221r	1105	1	1561.0	1.0	AI	AI	25.0	1.0	1.0	25.0	1091.0	1377.0	valide	valide_AI_AM_AF
1509	26365.0	328	JJ161	221r	1106	2	1562.0	2.0	AF	AF	3.0	2.0	0.0	3.0	1199.0	639.0	valide	valide_AI_AM_AF
1510	26366.0	329	JJ161	221v	1106	1	1563.0	1.0	AI	AI	642.0	1.0	178.0	642.0	1020.0	634.0	valide	valide_AI_AM_AF
1511	26366.0	329	JJ161	221v	1107	2	1564.0	2.0	AF	AF	2.0	2.0	1.0	2.0	1199.0	1404.0	valide	valide_AI_AM_AF
1512	26368.0	331	JJ161	222v	1108	1	1565.0	1.0	AI	AI	11.0	1.0	218.0	11.0	981.0	1287.0	valide	valide_AI_AM_AF
1513	26368.0	331	JJ161	222v	1109	2	1566.0	3.0	AM	AM	3.0	2.0	1.0	3.0	1188.0	1400.0	valide	valide_AI_AM_AF
1514	26368.0	331	JJ161	222v	1110	3	1567.0	3.0	AM	AM	2.0	3.0	225.0	2.0	973.0	1295.0	valide	valide_AI_AM_AF
1515	26368.0	331	JJ161	222v	1111	4	1568.0	3.0	AM	AM	2.0	4.0	1.0	2.0	1182.0	1375.0	valide	valide_AI_AM_AF
1516	26368.0	331	JJ161	222v	1112	5	1569.0	2.0	AF	AF	2.0	5.0	3.0	2.0	1195.0	397.0	valide	valide_AI_AM_AF
1517	26369.0	332	JJ161	224v	1112	1	1570.0	1.0	AI	AI	401.0	1.0	68.0	401.0	1130.0	879.0	valide	valide_AI_AM_AF
1518	26369.0	332	JJ161	224v	1113	2	1571.0	2.0	AF	AF	1.0	2.0	0.0	1.0	1200.0	501.0	valide	valide_AI_AM_AF
1519	26370.0	333	JJ161	225r	1113	1	1572.0	1.0	AI	AI	503.0	1.0	0.0	503.0	1186.0	890.0	valide	valide_AI_AM_AF
1520	26370.0	333	JJ161	225r	1114	2	1573.0	2.0	AF	AF	6.0	2.0	3.0	6.0	1197.0	636.0	valide	valide_AI_AM_AF
1521	26371.0	334	JJ161	225v	1114	1	1574.0	1.0	AI	AI	643.0	1.0	93.0	643.0	1107.0	640.0	valide	valide_AI_AM_AF
1522	26371.0	334	JJ161	225v	1115	2	1575.0	3.0	AM	AM	9.0	2.0	1.0	9.0	1103.0	1396.0	valide	valide_AI_AM_AF
1523	26371.0	334	JJ161	225v	1116	3	1576.0	3.0	AM	AM	27.0	3.0	237.0	27.0	963.0	1290.0	valide	valide_AI_AM_AF
1524	26371.0	334	JJ161	225v	1117	4	1577.0	3.0	AM	AM	19.0	4.0	1.0	19.0	1099.0	1382.0	valide	valide_AI_AM_AF
1525	26371.0	334	JJ161	225v	1118	5	1578.0	2.0	AF	AF	23.0	5.0	90.0	23.0	1110.0	1289.0	valide	valide_AI_AM_AF
1526	26372.0	335	JJ161	228r	1119	1	1579.0	0.0	AC	AC	24.0	1.0	1.0	24.0	1111.0	1081.0	valide	
1527	26373.0	336	JJ161	228r	1119	1	1580.0	0.0	AC	AC	1096.0	1.0	0.0	1096.0	1200.0	260.0	valide	
1528	26374.0	337	JJ161	229r	1121	1	1583.0	1.0	AI	AI	29.0	1.0	0.0	29.0	1087.0	1367.0	valide	structure_invalide
1529	26374.0	337	JJ161	229r	1122	2	1584.0	3.0	AM	AM	23.0	2.0	207.0	23.0	993.0	1297.0	valide	structure_invalide
1530	26374.0	337	JJ161	229r	1123	3	1585.0	3.0	AM	AM	33.0	3.0	1.0	33.0	1126.0	1372.0	valide	structure_invalide
1531	26374.0	337	JJ161	229r	1124	4	1586.0	3.0	AM	AM	23.0	4.0	80.0	23.0	1119.0	1291.0	valide	structure_invalide
1532	26374.0	337	JJ161	229r	1125	5	1587.0	3.0	AM	AM	33.0	5.0	1.0	33.0	1108.0	1369.0	valide	structure_invalide
1533	26374.0	337	JJ161	229r	1126	6	1588.0	3.0	AM	AM	21.0	6.0	176.0	21.0	1024.0	1297.0	valide	structure_invalide
1534	26374.0	337	JJ161	229r	1127	7	1589.0	3.0	AM	AM	7.0	7.0	1.0	7.0	1198.0	1359.0	valide	structure_invalide
1535	26374.0	337	JJ161	229r	1128	8											zone_suite_manquante	structure_invalide
1536	26375.0	338	JJ161	234r	1131	1	1593.0	1.0	AI	AI	40.0	1.0	1.0	40.0	1094.0	1308.0	valide	valide_AI_AM_AF
1537	26375.0	338	JJ161	234r	1132	2	1594.0	2.0	AF	AF	21.0	2.0	15.0	21.0	1185.0	614.0	valide	valide_AI_AM_AF
1538	26376.0	339	JJ161	234v	1132	1	1595.0	1.0	AI	AI	634.0	1.0	57.0	634.0	1143.0	653.0	valide	valide_AI_AM_AF
1539	26376.0	339	JJ161	234v	1133	2	1596.0	2.0	AF	AF	8.0	2.0	0.0	8.0	1200.0	647.0	valide	valide_AI_AM_AF
1540	26377.0	340	JJ161	235r	1133	1	1597.0	0.0	AC	AC	647.0	1.0	54.0	647.0	608.0	38.0	valide	
1541	26378.0	341	JJ161	235r	1133	1	1598.0	1.0	AI	AI	705.0	1.0	1.0	705.0	1199.0	656.0	valide	valide_AI_AM_AF
1542	26378.0	341	JJ161	235r	1134	2	1599.0	2.0	AF	AF	13.0	2.0	7.0	13.0	1193.0	832.0	valide	valide_AI_AM_AF
1543	26379.0	342	JJ161	235v	1134	1	1600.0	1.0	AI	AI	844.0	1.0	44.0	844.0	1156.0	443.0	valide	valide_AI_AM_AF
1544	26379.0	342	JJ161	235v	1135	2	1601.0	3.0	AM	AM	4.0	2.0	1.0	4.0	1176.0	1395.0	valide	valide_AI_AM_AF
1545	26379.0	342	JJ161	235v	1136	3	1602.0	2.0	AF	AF	4.0	3.0	35.0	4.0	1165.0	560.0	valide	valide_AI_AM_AF
1546	26380.0	343	JJ161	236v	1136	1	1603.0	0.0	AC	AC	562.0	1.0	248.0	562.0	951.0	752.0	valide	
1547	26381.0	344	JJ161	237r	1137	1	1604.0	1.0	AI	AI	24.0	1.0	0.0	24.0	1122.0	1372.0	valide	valide_AI_AM_AF
1548	26381.0	344	JJ161	237r	1138	2	1605.0	3.0	AM	AM	6.0	2.0	193.0	6.0	1007.0	1309.0	valide	valide_AI_AM_AF
1549	26381.0	344	JJ161	237r	1139	3	1606.0	3.0	AM	AM	14.0	3.0	9.0	14.0	1044.0	1375.0	valide	valide_AI_AM_AF
1550	26381.0	344	JJ161	237r	1140	4	1607.0	3.0	AM	AM	3.0	4.0	224.0	3.0	976.0	1310.0	valide	valide_AI_AM_AF
1551	26381.0	344	JJ161	237r	1141	5	1608.0	3.0	AM	AM	6.0	5.0	2.0	6.0	1044.0	1381.0	valide	valide_AI_AM_AF
1552	26381.0	344	JJ161	237r	1142	6	1609.0	3.0	AM	AM	8.0	6.0	139.0	8.0	1061.0	1304.0	valide	valide_AI_AM_AF
1553	26381.0	344	JJ161	237r	1143	7	1610.0	3.0	AM	AM	20.0	7.0	1.0	20.0	1059.0	1378.0	valide	valide_AI_AM_AF
1554	26381.0	344	JJ161	237r	1144	8	1611.0	3.0	AM	AM	7.0	8.0	71.0	7.0	1129.0	1302.0	valide	valide_AI_AM_AF
1555	26381.0	344	JJ161	237r	1145	9	1612.0	3.0	AM	AM	14.0	9.0	0.0	14.0	1073.0	1385.0	valide	valide_AI_AM_AF
1556	26381.0	344	JJ161	237r	1146	10	1613.0	3.0	AM	AM	26.0	10.0	98.0	26.0	1102.0	1280.0	valide	valide_AI_AM_AF
1557	26381.0	344	JJ161	237r	1147	11	1614.0	3.0	AM	AM	12.0	11.0	0.0	12.0	1064.0	1364.0	valide	valide_AI_AM_AF
1558	26381.0	344	JJ161	237r	1148	12	1615.0	3.0	AM	AM	3.0	12.0	27.0	3.0	1173.0	1299.0	valide	valide_AI_AM_AF
1559	26381.0	344	JJ161	237r	1149	13	1616.0	3.0	AM	AM	3.0	13.0	5.0	3.0	1052.0	1365.0	valide	valide_AI_AM_AF
1560	26381.0	344	JJ161	237r	1150	14	1617.0	3.0	AM	AM	1.0	14.0	239.0	1.0	961.0	1302.0	valide	valide_AI_AM_AF
1561	26381.0	344	JJ161	237r	1151	15	1618.0	3.0	AM	AM	3.0	15.0	1.0	3.0	1045.0	1351.0	valide	valide_AI_AM_AF
1562	26381.0	344	JJ161	237r	1152	16	1619.0	3.0	AM	AM	2.0	16.0	246.0	2.0	954.0	1300.0	valide	valide_AI_AM_AF
1563	26381.0	344	JJ161	237r	1153	17	1620.0	3.0	AM	AM	7.0	17.0	5.0	7.0	1046.0	1381.0	valide	valide_AI_AM_AF
1564	26381.0	344	JJ161	237r	1154	18	1621.0	3.0	AM	AM	4.0	18.0	244.0	4.0	956.0	1307.0	valide	valide_AI_AM_AF
1565	26381.0	344	JJ161	237r	1155	19	1622.0	3.0	AM	AM	10.0	19.0	4.0	10.0	1057.0	1384.0	valide	valide_AI_AM_AF
1566	26381.0	344	JJ161	237r	1156	20	1623.0	3.0	AM	AM	23.0	20.0	242.0	23.0	958.0	1286.0	valide	valide_AI_AM_AF
1567	26381.0	344	JJ161	237r	1157	21	1624.0	3.0	AM	AM	2.0	21.0	10.0	2.0	1042.0	1394.0	valide	valide_AI_AM_AF
1568	26381.0	344	JJ161	237r	1158	22	1625.0	3.0	AM	AM	24.0	22.0	17.0	24.0	1182.0	1292.0	valide	valide_AI_AM_AF
1569	26381.0	344	JJ161	237r	1159	23	1626.0	3.0	AM	AM	5.0	23.0	7.0	5.0	1093.0	1398.0	valide	valide_AI_AM_AF
1570	26381.0	344	JJ161	237r	1160	24	1627.0	3.0	AM	AM	21.0	24.0	242.0	21.0	958.0	1292.0	valide	valide_AI_AM_AF
1571	26381.0	344	JJ161	237r	1161	25	1628.0	3.0	AM	AM	8.0	25.0	2.0	8.0	1064.0	1396.0	valide	valide_AI_AM_AF
1572	26381.0	344	JJ161	237r	1162	26	1629.0	3.0	AM	AM	26.0	26.0	38.0	26.0	1161.0	1278.0	valide	valide_AI_AM_AF
1573	26381.0	344	JJ161	237r	1163	27	1630.0	3.0	AM	AM	8.0	27.0	0.0	8.0	1087.0	1383.0	valide	valide_AI_AM_AF
1574	26381.0	344	JJ161	237r	1164	28	1631.0	3.0	AM	AM	25.0	28.0	145.0	25.0	1055.0	1275.0	valide	valide_AI_AM_AF
1575	26381.0	344	JJ161	237r	1165	29	1632.0	3.0	AM	AM	0.0	29.0	0.0	0.0	1155.0	1416.0	valide	valide_AI_AM_AF
1576	26381.0	344	JJ161	237r	1166	30	1633.0	3.0	AM	AM	20.0	30.0	56.0	20.0	1144.0	1276.0	valide	valide_AI_AM_AF
1577	26381.0	344	JJ161	237r	1167	31	1634.0	3.0	AM	AM	7.0	31.0	0.0	7.0	1057.0	1357.0	valide	valide_AI_AM_AF
1578	26381.0	344	JJ161	237r	1168	32	1635.0	3.0	AM	AM	6.0	32.0	199.0	6.0	1000.0	1282.0	valide	valide_AI_AM_AF
1579	26381.0	344	JJ161	237r	1169	33	1636.0	3.0	AM	AM	3.0	33.0	0.0	3.0	1171.0	1409.0	valide	valide_AI_AM_AF
1580	26381.0	344	JJ161	237r	1170	34	1637.0	3.0	AM	AM	11.0	34.0	243.0	11.0	956.0	1282.0	valide	valide_AI_AM_AF
1581	26381.0	344	JJ161	237r	1171	35	1638.0	3.0	AM	AM	7.0	35.0	0.0	7.0	1055.0	1390.0	valide	valide_AI_AM_AF
1582	26381.0	344	JJ161	237r	1172	36	1639.0	3.0	AM	AM	34.0	36.0	238.0	34.0	961.0	1262.0	valide	valide_AI_AM_AF
1583	26381.0	344	JJ161	237r	1173	37	1640.0	3.0	AM	AM	4.0	37.0	0.0	4.0	1055.0	1399.0	valide	valide_AI_AM_AF
1584	26381.0	344	JJ161	237r	1174	38	1641.0	3.0	AM	AM	27.0	38.0	236.0	27.0	964.0	1260.0	valide	valide_AI_AM_AF
1585	26381.0	344	JJ161	237r	1175	39	1642.0	3.0	AM	AM	4.0	39.0	0.0	4.0	1192.0	1400.0	valide	valide_AI_AM_AF
1586	26381.0	344	JJ161	237r	1176	40	1643.0	3.0	AM	AM	21.0	40.0	217.0	21.0	982.0	1268.0	valide	valide_AI_AM_AF
1587	26381.0	344	JJ161	237r	1177	41	1644.0	3.0	AM	AM	6.0	41.0	0.0	6.0	1199.0	1401.0	valide	valide_AI_AM_AF
1588	26381.0	344	JJ161	237r	1178	42	1645.0	3.0	AM	AM	25.0	42.0	152.0	25.0	1047.0	1274.0	valide	valide_AI_AM_AF
1589	26381.0	344	JJ161	237r	1179	43	1646.0	3.0	AM	AM	13.0	43.0	0.0	13.0	1198.0	1410.0	valide	valide_AI_AM_AF
1590	26381.0	344	JJ161	237r	1180	44	1647.0	3.0	AM	AM	24.0	44.0	215.0	24.0	984.0	1272.0	valide	valide_AI_AM_AF
1591	26381.0	344	JJ161	237r	1181	45	1648.0	3.0	AM	AM	28.0	45.0	1.0	28.0	1189.0	1392.0	valide	valide_AI_AM_AF
1592	26381.0	344	JJ161	237r	1182	46	1649.0	3.0	AM	AM	21.0	46.0	145.0	21.0	1054.0	1282.0	valide	valide_AI_AM_AF
1593	26381.0	344	JJ161	237r	1183	47	1650.0	3.0	AM	AM	7.0	47.0	0.0	7.0	1198.0	1424.0	valide	valide_AI_AM_AF
1594	26381.0	344	JJ161	237r	1184	48	1651.0	3.0	AM	AM	15.0	48.0	203.0	15.0	996.0	1290.0	valide	valide_AI_AM_AF
1595	26381.0	344	JJ161	237r	1185	49	1652.0	3.0	AM	AM	0.0	49.0	0.0	0.0	1175.0	1433.0	valide	valide_AI_AM_AF
1596	26381.0	344	JJ161	237r	1186	50	1653.0	3.0	AM	AM	26.0	50.0	165.0	26.0	1034.0	1269.0	valide	valide_AI_AM_AF
1597	26381.0	344	JJ161	237r	1187	51	1654.0	2.0	AF	AF	23.0	51.0	0.0	23.0	1199.0	1414.0	valide	valide_AI_AM_AF
1598	26382.0	345	JJ161	262v	1188	1	1655.0	1.0	AI	AI	39.0	1.0	20.0	39.0	1179.0	1266.0	valide	valide_AI_AM_AF
1599	26382.0	345	JJ161	262v	1189	2	1656.0	2.0	AF	AF	12.0	2.0	2.0	12.0	1197.0	367.0	valide	valide_AI_AM_AF
1600	26383.0	346	JJ161	263r	1189	1	1657.0	0.0	AC	AC	387.0	1.0	6.0	387.0	1172.0	34.0	valide	
1601	26384.0	347	JJ161	263r	1189	1	1658.0	0.0	AC	AC	411.0	1.0	29.0	411.0	500.0	33.0	valide	
1602	26385.0	348	JJ161	263r	1189	1	1659.0	1.0	AI	AI	497.0	1.0	0.0	497.0	1199.0	942.0	valide	valide_AI_AM_AF
1603	26385.0	348	JJ161	263r	1190	2	1660.0	2.0	AF	AF	22.0	2.0	5.0	22.0	1194.0	807.0	valide	valide_AI_AM_AF
1604	26386.0	349	JJ161	263v	1190	1	1661.0	1.0	AI	AI	829.0	1.0	250.0	829.0	948.0	448.0	valide	valide_AI_AM_AF
1605	26386.0	349	JJ161	263v	1191	2	1662.0	2.0	AF	AF	3.0	2.0	0.0	3.0	1200.0	933.0	valide	valide_AI_AM_AF
1606	26387.0	350	JJ161	264r	1191	1	1663.0	1.0	AI	AI	939.0	1.0	0.0	939.0	1200.0	490.0	valide	valide_AI_AM_AF
1607	26387.0	350	JJ161	264r	1192	2	1664.0	2.0	AF	AF	17.0	2.0	21.0	17.0	1177.0	689.0	valide	valide_AI_AM_AF
1608	26388.0	351	JJ161	264v	1192	1	1665.0	1.0	AI	AI	708.0	1.0	7.0	708.0	1191.0	553.0	valide	valide_AI_AM_AF
1609	26388.0	351	JJ161	264v	1193	2	1666.0	2.0	AF	AF	3.0	2.0	0.0	3.0	1199.0	1015.0	valide	valide_AI_AM_AF
1610	26389.0	352	JJ161	265r	1193	1	1667.0	1.0	AI	AI	1020.0	1.0	0.0	1020.0	1199.0	400.0	valide	valide_AI_AM_AF
1611	26389.0	352	JJ161	265r	1194	2	1668.0	3.0	AM	AM	30.0	2.0	55.0	30.0	1143.0	1257.0	valide	valide_AI_AM_AF
1612	26389.0	352	JJ161	265r	1195	3	1669.0	3.0	AM	AM	14.0	3.0	0.0	14.0	1197.0	1414.0	valide	valide_AI_AM_AF
1613	26389.0	352	JJ161	265r	1196	4	1670.0	2.0	AF	AF	15.0	4.0	10.0	15.0	1188.0	700.0	valide	valide_AI_AM_AF
1614	26390.0	353	JJ161	266v	1196	1	1671.0	1.0	AI	AI	713.0	1.0	16.0	713.0	1182.0	547.0	valide	valide_AI_AM_AF
1615	26390.0	353	JJ161	266v	1197	2	1672.0	2.0	AF	AF	7.0	2.0	2.0	7.0	1198.0	1412.0	valide	valide_AI_AM_AF
1616	26391.0	354	JJ161	267v	1198	1	1673.0	0.0	AC	AC	18.0	1.0	212.0	18.0	986.0	935.0	valide	
1617	26392.0	354bis	JJ161	267v	1198	1	1674.0	1.0	AI	AI	952.0	1.0	216.0	952.0	983.0	305.0	valide	valide_AI_AM_AF
1618	26392.0	354bis	JJ161	267v	1199	2	1675.0	2.0	AF	AF	3.0	2.0	2.0	3.0	1198.0	872.0	valide	valide_AI_AM_AF
1619	26393.0	355	JJ161	268r	1199	1	1676.0	1.0	AI	AI	870.0	1.0	2.0	870.0	1197.0	559.0	valide	valide_AI_AM_AF
1620	26393.0	355	JJ161	268r	1200	2	1677.0	2.0	AF	AF	3.0	2.0	18.0	3.0	1180.0	1277.0	valide	valide_AI_AM_AF
1621	26394.0	356	JJ161	269r	1201	1	1678.0	1.0	AI	AI	21.0	1.0	0.0	21.0	1191.0	1417.0	valide	valide_AI_AM_AF
1622	26394.0	356	JJ161	269r	1202	2	1679.0	2.0	AF	AF	11.0	2.0	0.0	11.0	1199.0	370.0	valide	valide_AI_AM_AF
1623	26395.0	357	JJ161	269v	1202	1	1680.0	1.0	AI	AI	381.0	1.0	199.0	381.0	999.0	897.0	valide	valide_AI_AM_AF
1624	26395.0	357	JJ161	269v	1203	2	1681.0	3.0	AM	AM	8.0	2.0	1.0	8.0	1188.0	1436.0	valide	valide_AI_AM_AF
1625	26395.0	357	JJ161	269v	1204	3	1682.0	2.0	AF	AF	9.0	3.0	6.0	9.0	1193.0	397.0	valide	valide_AI_AM_AF
1626	26396.0	358	JJ161	270v	1204	1	1683.0	1.0	AI	AI	406.0	1.0	246.0	406.0	952.0	878.0	valide	valide_AI_AM_AF
1627	26396.0	358	JJ161	270v	1205	2	1684.0	2.0	AF	AF	4.0	2.0	4.0	4.0	1196.0	608.0	valide	valide_AI_AM_AF
1628	26397.0	359	JJ161	271r	1205	1	1685.0	1.0	AI	AI	615.0	1.0	0.0	615.0	1194.0	832.0	valide	valide_AI_AM_AF
1629	26397.0	359	JJ161	271r	1206	2	1686.0	2.0	AF	AF	19.0	2.0	2.0	19.0	1196.0	425.0	valide	valide_AI_AM_AF
1630	26397.1	359bis	JJ161	271v	1206	1	1687.0	0.0	AC	AC	445.0	1.0	23.0	445.0	1175.0	818.0	valide	
1631	26398.0	360	JJ161	272r	1207	1	1688.0	1.0	AI	AI	41.0	1.0	0.0	41.0	1191.0	1405.0	valide	valide_AI_AM_AF
1632	26398.0	360	JJ161	272r	1208	2	1689.0	2.0	AF	AF	24.0	2.0	93.0	24.0	1105.0	1261.0	valide	valide_AI_AM_AF
1633	26399.0	361	JJ161	273r	1209	1	1690.0	0.0	AC	AC	34.0	1.0	1.0	34.0	1194.0	934.0	valide	
1634	26400.0	362	JJ161	273r	1209	1	1691.0	1.0	AI	AI	966.0	1.0	1.0	966.0	1198.0	481.0	valide	valide_AI_AM_AF
1635	26400.0	362	JJ161	273r	1210	2	1692.0	2.0	AF	AF	10.0	2.0	3.0	10.0	1196.0	776.0	valide	valide_AI_AM_AF
1636	26401.0	363	JJ161	273v	1210	1	1693.0	1.0	AI	AI	786.0	1.0	99.0	786.0	1099.0	475.0	valide	valide_AI_AM_AF
1637	26401.0	363	JJ161	273v	1211	2	1694.0	2.0	AF	AF	8.0	2.0	3.0	8.0	1197.0	1121.0	valide	valide_AI_AM_AF
1638	26402.0	364	JJ161	274r	1211	1	1695.0	1.0	AI	AI	1126.0	1.0	1.0	1126.0	1198.0	299.0	valide	valide_AI_AM_AF
1639	26402.0	364	JJ161	274r	1212	2	1696.0	2.0	AF	AF	13.0	2.0	21.0	13.0	1178.0	1267.0	valide	valide_AI_AM_AF
1640	26403.0	365	JJ161	275r	1213	1	1697.0	1.0	AI	AI	31.0	1.0	0.0	31.0	1194.0	1405.0	valide	valide_AI_AM_AF
1641	26403.0	365	JJ161	275r	1214	2	1698.0	2.0	AF	AF	6.0	2.0	10.0	6.0	1188.0	598.0	valide	valide_AI_AM_AF
1642	26404.0	366	JJ161	275v	1214	1	1699.0	1.0	AI	AI	604.0	1.0	230.0	604.0	968.0	659.0	valide	valide_AI_AM_AF
1643	26404.0	366	JJ161	275v	1215	2	1700.0	3.0	AM	AM	28.0	2.0	1.0	28.0	1192.0	1411.0	valide	valide_AI_AM_AF
1644	26404.0	366	JJ161	275v	1216	3	1701.0	2.0	AF	AF	24.0	3.0	0.0	24.0	1199.0	392.0	valide	valide_AI_AM_AF
1645	26405.0	367	JJ161	276v	1216	1	1702.0	0.0	AC	AC	416.0	1.0	242.0	416.0	958.0	878.0	valide	
1646	26406.0	368	JJ161	277r	1217	1	1703.0	0.0	AC	AC	29.0	1.0	2.0	29.0	1195.0	920.0	valide	
1647	26407.0	369	JJ161	277r	1217	1	1704.0	1.0	AI	AI	950.0	1.0	1.0	950.0	1197.0	501.0	valide	valide_AI_AM_AF
1648	26407.0	369	JJ161	277r	1218	2	1705.0	3.0	AM	AM	17.0	2.0	184.0	17.0	1016.0	1276.0	valide	valide_AI_AM_AF
1649	26407.0	369	JJ161	277r	1219	3	1706.0	3.0	AM	AM	6.0	3.0	1.0	6.0	1162.0	1437.0	valide	valide_AI_AM_AF
1650	26407.0	369	JJ161	277r	1220	4	1707.0	3.0	AM	AM	25.0	4.0	172.0	25.0	1028.0	1260.0	valide	valide_AI_AM_AF
1651	26407.0	369	JJ161	277r	1221	5	1708.0	2.0	AF	AF	12.0	5.0	3.0	12.0	1197.0	486.0	valide	valide_AI_AM_AF
1652	26408.0	370	JJ161	279r	1221	1	1709.0	0.0	AC	AC	497.0	1.0	2.0	497.0	1198.0	957.0	valide	
1653	26409.0	371	JJ161	279v	1222	1	1710.0	1.0	AI	AI	39.0	1.0	17.0	39.0	1183.0	1246.0	valide	valide_AI_AM_AF
1654	26409.0	371	JJ161	279v	1223	2	1711.0	2.0	AF	AF	4.0	2.0	3.0	4.0	1197.0	539.0	valide	valide_AI_AM_AF
1655	26410.0	372	JJ161	280r	1223	1	1712.0	1.0	AI	AI	541.0	1.0	0.0	541.0	1124.0	912.0	valide	valide_AI_AM_AF
1656	26410.0	372	JJ161	280r	1224	2	1713.0	2.0	AF	AF	23.0	2.0	10.0	23.0	1190.0	651.0	valide	valide_AI_AM_AF
1657	26411.0	373	JJ161	280v	1224	1	1714.0	0.0	AC	AC	695.0	1.0	220.0	695.0	980.0	579.0	valide	
1658	26412.0	373bis	JJ161	280v	1224	1	1715.0	1.0	AI	AI	696.0	1.0	207.0	696.0	993.0	576.0	valide	valide_AI_AM_AF
1659	26412.0	373bis	JJ161	280v	1225	2	1716.0	2.0	AF	AF	9.0	2.0	3.0	9.0	1196.0	694.0	valide	valide_AI_AM_AF
1660	26413.0	374	JJ161	281r	1225	1	1717.0	0.0	AC	AC	703.0	1.0	1.0	703.0	1196.0	706.0	valide	
1661	26414.0	375	JJ161	281v	1226	1	1718.0	0.0	AC	AC	27.0	1.0	24.0	27.0	1176.0	784.0	valide	
1662	26415.0	376	JJ161	281v	1226	1	1719.0	1.0	AI	AI	811.0	1.0	239.0	811.0	961.0	462.0	valide	structure_invalide
1663	26415.0	376	JJ161	281v	1227	2	1720.0	3.0	AM	AM	9.0	2.0	0.0	9.0	1150.0	1406.0	valide	structure_invalide
1664	26415.0	376	JJ161	281v	1228	3											zone_suite_manquante	structure_invalide
1665	26417.0	378	JJ161	283v	1230	1	1724.0	0.0	AC	AC	667.0	1.0	233.0	667.0	967.0	603.0	valide	
1666	26418.0	379	JJ161	284r	1231	1	1725.0	1.0	AI	AI	10.0	1.0	1.0	10.0	1194.0	1391.0	valide	valide_AI_AM_AF
1667	26418.0	379	JJ161	284r	1232	2	1726.0	2.0	AF	AF	24.0	2.0	78.0	24.0	1122.0	1242.0	valide	valide_AI_AM_AF
1668	26419.0	380	JJ161	285r	1233	1	1727.0	1.0	AI	AI	9.0	1.0	0.0	9.0	1172.0	1436.0	valide	valide_AI_AM_AF
1669	26419.0	380	JJ161	285r	1234	2	1728.0	3.0	AM	AM	3.0	2.0	215.0	3.0	985.0	1276.0	valide	valide_AI_AM_AF
1670	26419.0	380	JJ161	285r	1235	3	1729.0	2.0	AF	AF	0.0	3.0	6.0	0.0	1194.0	376.0	valide	valide_AI_AM_AF
1671	26420.0	381	JJ161	286r	1235	1	1730.0	0.0	AC	AC	377.0	1.0	0.0	377.0	1087.0	1069.0	valide	
1672	26421.0	382	JJ161	286v	1236	1	1731.0	1.0	AI	AI	11.0	1.0	65.0	11.0	1135.0	1274.0	valide	valide_AI_AM_AF
1673	26421.0	382	JJ161	286v	1237	2	1732.0	2.0	AF	AF	2.0	2.0	1.0	2.0	1198.0	1057.0	valide	valide_AI_AM_AF
1674	26422.0	383	JJ161	287r	1237	1	1733.0	1.0	AI	AI	1062.0	1.0	0.0	1062.0	1199.0	409.0	valide	valide_AI_AM_AF
1675	26422.0	383	JJ161	287r	1238	2	1734.0	3.0	AM	AM	11.0	2.0	98.0	11.0	1102.0	1269.0	valide	valide_AI_AM_AF
1676	26422.0	383	JJ161	287r	1239	3	1735.0	3.0	AM	AM	6.0	3.0	0.0	6.0	1198.0	1473.0	valide	valide_AI_AM_AF
1677	26422.0	383	JJ161	287r	1240	4	1736.0	3.0	AM	AM	8.0	4.0	68.0	8.0	1132.0	1261.0	valide	valide_AI_AM_AF
1678	26422.0	383	JJ161	287r	1241	5	1737.0	3.0	AM	AM	2.0	5.0	1.0	2.0	1199.0	1453.0	valide	valide_AI_AM_AF
1679	26422.0	383	JJ161	287r	1242	6	1738.0	2.0	AF	AF	6.0	6.0	39.0	6.0	1161.0	1265.0	valide	valide_AI_AM_AF
1680	26423.0	384	JJ161	290r	1243	1	1739.0	1.0	AI	AI	18.0	1.0	0.0	18.0	1198.0	1437.0	valide	valide_AI_AM_AF
1681	26423.0	384	JJ161	290r	1244	2	1740.0	2.0	AF	AF	3.0	2.0	6.0	3.0	1194.0	897.0	valide	valide_AI_AM_AF
1682	26424.0	385	JJ161	290v	1244	1	1741.0	1.0	AI	AI	895.0	1.0	144.0	895.0	1056.0	368.0	valide	valide_AI_AM_AF
1683	26424.0	385	JJ161	290v	1245	2	1742.0	3.0	AM	AM	5.0	2.0	1.0	5.0	1199.0	1475.0	valide	valide_AI_AM_AF
1684	26424.0	385	JJ161	290v	1246	3	1743.0	2.0	AF	AF	7.0	3.0	10.0	7.0	1190.0	502.0	valide	valide_AI_AM_AF
1685	26425.0	386	JJ161	291v	1246	1	1744.0	1.0	AI	AI	510.0	1.0	193.0	510.0	1007.0	761.0	valide	valide_AI_AM_AF
1686	26425.0	386	JJ161	291v	1247	2	1745.0	3.0	AM	AM	17.0	2.0	1.0	17.0	1199.0	1424.0	valide	valide_AI_AM_AF
1687	26425.0	386	JJ161	291v	1248	3	1746.0	2.0	AF	AF	26.0	3.0	224.0	26.0	976.0	1254.0	valide	valide_AI_AM_AF
1688	26435.0	1	JJ162	1r	1269	1	1765.0	1.0	AI	AI	39.0	1.0	0.0	39.0	1027.0	1260.0	valide	valide_AI_AM_AF
1689	26435.0	1	JJ162	1r	1270	2	1766.0	3.0	AM	AM	47.0	2.0	62.0	47.0	1138.0	1449.0	valide	valide_AI_AM_AF
1690	26435.0	1	JJ162	1r	1271	3	1767.0	3.0	AM	AM	27.0	3.0	0.0	27.0	1049.0	1281.0	valide	valide_AI_AM_AF
1691	26435.0	1	JJ162	1r	1272	4	1768.0	3.0	AM	AM	62.0	4.0	62.0	62.0	1137.0	1439.0	valide	valide_AI_AM_AF
1692	26435.0	1	JJ162	1r	1273	5	1769.0	3.0	AM	AM	35.0	5.0	0.0	35.0	1028.0	1274.0	valide	valide_AI_AM_AF
1693	26435.0	1	JJ162	1r	1274	6	1770.0	3.0	AM	AM	46.0	6.0	59.0	46.0	1141.0	1445.0	valide	valide_AI_AM_AF
1694	26435.0	1	JJ162	1r	1275	7	1771.0	3.0	AM	AM	39.0	7.0	0.0	39.0	1042.0	1270.0	valide	valide_AI_AM_AF
1695	26435.0	1	JJ162	1r	1276	8	1772.0	3.0	AM	AM	54.0	8.0	55.0	54.0	1145.0	1439.0	valide	valide_AI_AM_AF
1696	26435.0	1	JJ162	1r	1277	9	1773.0	3.0	AM	AM	28.0	9.0	0.0	28.0	1024.0	1285.0	valide	valide_AI_AM_AF
1697	26435.0	1	JJ162	1r	1278	10	1774.0	3.0	AM	AM	48.0	10.0	65.0	48.0	1135.0	1438.0	valide	valide_AI_AM_AF
1698	26435.0	1	JJ162	1r	1279	11	1775.0	3.0	AM	AM	31.0	11.0	0.0	31.0	1032.0	1268.0	valide	valide_AI_AM_AF
1699	26435.0	1	JJ162	1r	1280	12	1776.0	3.0	AM	AM	44.0	12.0	54.0	44.0	1146.0	1435.0	valide	valide_AI_AM_AF
1700	26435.0	1	JJ162	1r	1281	13	1777.0	3.0	AM	AM	26.0	13.0	0.0	26.0	1033.0	1260.0	valide	valide_AI_AM_AF
1701	26435.0	1	JJ162	1r	1282	14	1778.0	3.0	AM	AM	13.0	14.0	1.0	13.0	1197.0	1433.0	valide	valide_AI_AM_AF
1702	26435.0	1	JJ162	1r	1283	15	1779.0	3.0	AM	AM	32.0	15.0	0.0	32.0	1036.0	1261.0	valide	valide_AI_AM_AF
1703	26435.0	1	JJ162	1r	1284	16	1780.0	3.0	AM	AM	37.0	16.0	4.0	37.0	1195.0	1413.0	valide	valide_AI_AM_AF
1704	26435.0	1	JJ162	1r	1285	17	1781.0	3.0	AM	AM	21.0	17.0	1.0	21.0	1012.0	1279.0	valide	valide_AI_AM_AF
1705	26435.0	1	JJ162	1r	1286	18	1782.0	3.0	AM	AM	43.0	18.0	2.0	43.0	1196.0	1417.0	valide	valide_AI_AM_AF
1706	26435.0	1	JJ162	1r	1287	19	1783.0	3.0	AM	AM	38.0	19.0	0.0	38.0	1020.0	1281.0	valide	valide_AI_AM_AF
1707	26435.0	1	JJ162	1r	1288	20	1784.0	3.0	AM	AM	49.0	20.0	3.0	49.0	1196.0	1421.0	valide	valide_AI_AM_AF
1708	26435.0	1	JJ162	1r	1289	21	1785.0	3.0	AM	AM	14.0	21.0	1.0	14.0	1019.0	1287.0	valide	valide_AI_AM_AF
1709	26435.0	1	JJ162	1r	1290	22	1786.0	3.0	AM	AM	42.0	22.0	3.0	42.0	1196.0	1431.0	valide	valide_AI_AM_AF
1710	26435.0	1	JJ162	1r	1291	23	1787.0	2.0	AF	AF	30.0	23.0	1.0	30.0	1036.0	1286.0	valide	valide_AI_AM_AF
1711	26436.0	2	JJ162	13r	1293	1	1788.0	1.0	AI	AI	46.0	1.0	0.0	46.0	1033.0	1272.0	valide	valide_AI_AM_AF
1712	26436.0	2	JJ162	13r	1294	2	1789.0	2.0	AF	AF	45.0	2.0	1.0	45.0	1198.0	881.0	valide	valide_AI_AM_AF
1713	26437.0	3	JJ162	13v	1294	1	1790.0	1.0	AI	AI	923.0	1.0	0.0	923.0	1199.0	554.0	valide	valide_AI_AM_AF
1714	26437.0	3	JJ162	13v	1295	2	1791.0	3.0	AM	AM	35.0	2.0	0.0	35.0	1034.0	1287.0	valide	valide_AI_AM_AF
1715	26437.0	3	JJ162	13v	1296	3	1792.0	2.0	AF	AF	49.0	3.0	1.0	49.0	1198.0	443.0	valide	valide_AI_AM_AF
1716	26438.0	4	JJ162	14v	1296	1	1793.0	1.0	AI	AI	492.0	1.0	2.0	492.0	1197.0	986.0	valide	valide_AI_AM_AF
1717	26438.0	4	JJ162	14v	1297	2	1794.0	3.0	AM	AM	38.0	2.0	0.0	38.0	1035.0	1285.0	valide	valide_AI_AM_AF
1718	26438.0	4	JJ162	14v	1298	3	1795.0	2.0	AF	AF	6.0	3.0	11.0	6.0	1187.0	341.0	valide	valide_AI_AM_AF
1719	26439.0	5	JJ162	15v	1298	1	1796.0	1.0	AI	AI	348.0	1.0	3.0	348.0	1197.0	1103.0	valide	valide_AI_AM_AF
1720	26439.0	5	JJ162	15v	1299	2	1797.0	2.0	AF	AF	20.0	2.0	0.0	20.0	1200.0	699.0	valide	valide_AI_AM_AF
1721	26440.0	6	JJ162	16r	1299	1	1798.0	1.0	AI	AI	720.0	1.0	0.0	720.0	1045.0	575.0	valide	valide_AI_AM_AF
1722	26440.0	6	JJ162	16r	1300	2	1799.0	2.0	AF	AF	26.0	2.0	3.0	26.0	1196.0	1423.0	valide	valide_AI_AM_AF
1723	26441.0	7	JJ162	17r	1301	1	1800.0	1.0	AI	AI	39.0	1.0	0.0	39.0	1016.0	1275.0	valide	valide_AI_AM_AF
1724	26441.0	7	JJ162	17r	1302	2	1801.0	2.0	AF	AF	27.0	2.0	3.0	27.0	1196.0	681.0	valide	valide_AI_AM_AF
1725	26442.0	8	JJ162	17v	1302	1	1802.0	1.0	AI	AI	708.0	1.0	3.0	708.0	1196.0	743.0	valide	valide_AI_AM_AF
1726	26442.0	8	JJ162	17v	1303	2	1803.0	3.0	AM	AM	22.0	2.0	0.0	22.0	1047.0	1281.0	valide	valide_AI_AM_AF
1727	26442.0	8	JJ162	17v	1304	3	1804.0	2.0	AF	AF	19.0	3.0	1.0	19.0	1198.0	1432.0	valide	valide_AI_AM_AF
1728	26443.0	9	JJ162	19r	1305	1	1805.0	1.0	AI	AI	36.0	1.0	0.0	36.0	1014.0	1261.0	valide	valide_AI_AM_AF
1729	26443.0	9	JJ162	19r	1306	2	1806.0	3.0	AM	AM	7.0	2.0	3.0	7.0	1196.0	1444.0	valide	valide_AI_AM_AF
1730	26443.0	9	JJ162	19r	1307	3	1807.0	3.0	AM	AM	25.0	3.0	0.0	25.0	1040.0	1272.0	valide	valide_AI_AM_AF
1731	26443.0	9	JJ162	19r	1308	4	1808.0	2.0	AF	AF	6.0	4.0	1.0	6.0	1198.0	983.0	valide	valide_AI_AM_AF
1732	26444.0	10	JJ162	20v	1308	1	1809.0	0.0	AC	AC	992.0	1.0	1.0	992.0	1198.0	461.0	valide	
1733	26445.0	11	JJ162	21r	1309	1	1810.0	1.0	AI	AI	38.0	1.0	0.0	38.0	1018.0	1280.0	valide	valide_AI_AM_AF
1734	26445.0	11	JJ162	21r	1310	2	1811.0	2.0	AF	AF	14.0	2.0	2.0	14.0	1197.0	870.0	valide	valide_AI_AM_AF
1735	26446.0	12	JJ162	21v	1310	1	1812.0	1.0	AI	AI	882.0	1.0	0.0	882.0	1199.0	570.0	valide	valide_AI_AM_AF
1736	26446.0	12	JJ162	21v	1311	2	1813.0	2.0	AF	AF	20.0	2.0	3.0	20.0	1197.0	888.0	valide	valide_AI_AM_AF
1737	26447.0	13	JJ162	22r	1311	1	1814.0	1.0	AI	AI	898.0	1.0	0.0	898.0	1040.0	392.0	valide	valide_AI_AM_AF
1738	26447.0	13	JJ162	22r	1312	2	1815.0	2.0	AF	AF	44.0	2.0	3.0	44.0	1196.0	1410.0	valide	valide_AI_AM_AF
1739	26448.0	14	JJ162	23r	1313	1	1816.0	1.0	AI	AI	48.0	1.0	0.0	48.0	1039.0	1275.0	valide	valide_AI_AM_AF
1740	26448.0	14	JJ162	23r	1314	2	1817.0	2.0	AF	AF	49.0	2.0	2.0	49.0	1197.0	1404.0	valide	valide_AI_AM_AF
1741	26449.0	15	JJ162	24r	1315	1	1818.0	1.0	AI	AI	42.0	1.0	0.0	42.0	1040.0	1269.0	valide	valide_AI_AM_AF
1742	26449.0	15	JJ162	24r	1316	2	1819.0	2.0	AF	AF	36.0	2.0	0.0	36.0	1199.0	830.0	valide	valide_AI_AM_AF
1743	26450.0	16	JJ162	24v	1316	1	1820.0	1.0	AI	AI	868.0	1.0	0.0	868.0	1199.0	582.0	valide	valide_AI_AM_AF
1744	26450.0	16	JJ162	24v	1317	2	1821.0	2.0	AF	AF	16.0	2.0	2.0	16.0	1198.0	839.0	valide	valide_AI_AM_AF
1745	26451.0	17	JJ162	25r	1317	1	1822.0	1.0	AI	AI	849.0	1.0	0.0	849.0	1008.0	436.0	valide	valide_AI_AM_AF
1746	26451.0	17	JJ162	25r	1318	2	1823.0	2.0	AF	AF	23.0	2.0	3.0	23.0	1196.0	716.0	valide	valide_AI_AM_AF
1747	26452.0	18	JJ162	25v	1318	1	1824.0	1.0	AI	AI	739.0	1.0	2.0	739.0	1197.0	712.0	valide	valide_AI_AM_AF
1748	26452.0	18	JJ162	25v	1319	2	1825.0	2.0	AF	AF	32.0	2.0	0.0	32.0	1034.0	1274.0	valide	valide_AI_AM_AF
1749	26453.0	19	JJ162	26v	1320	1	1826.0	1.0	AI	AI	30.0	1.0	2.0	30.0	1198.0	1420.0	valide	valide_AI_AM_AF
1750	26453.0	19	JJ162	26v	1321	2	1827.0	2.0	AF	AF	16.0	2.0	2.0	16.0	1198.0	349.0	valide	valide_AI_AM_AF
1751	26454.0	20	JJ162	27r	1321	1	1828.0	1.0	AI	AI	364.0	1.0	0.0	364.0	1040.0	913.0	valide	valide_AI_AM_AF
1752	26454.0	20	JJ162	27r	1322	2	1829.0	2.0	AF	AF	5.0	2.0	1.0	5.0	1198.0	967.0	valide	valide_AI_AM_AF
1753	26455.0	21	JJ162	27v	1322	1	1830.0	1.0	AI	AI	970.0	1.0	0.0	970.0	1200.0	481.0	valide	valide_AI_AM_AF
1754	26455.0	21	JJ162	27v	1323	2	1831.0	3.0	AM	AM	26.0	2.0	1.0	26.0	1020.0	1252.0	valide	valide_AI_AM_AF
1755	26455.0	21	JJ162	27v	1324	3	1832.0	2.0	AF	AF	23.0	3.0	0.0	23.0	1198.0	1446.0	valide	valide_AI_AM_AF
1756	26456.0	22	JJ162	29r	1325	1	1833.0	1.0	AI	AI	40.0	1.0	0.0	40.0	1037.0	1241.0	valide	valide_AI_AM_AF
1757	26456.0	22	JJ162	29r	1326	2	1834.0	3.0	AM	AM	22.0	2.0	0.0	22.0	1198.0	1451.0	valide	valide_AI_AM_AF
1758	26456.0	22	JJ162	29r	1327	3	1835.0	2.0	AF	AF	15.0	3.0	1.0	15.0	1199.0	494.0	valide	valide_AI_AM_AF
1759	26457.0	23	JJ162	30r	1327	1	1836.0	1.0	AI	AI	508.0	1.0	0.0	508.0	1022.0	791.0	valide	valide_AI_AM_AF
1760	26457.0	23	JJ162	30r	1328	2	1837.0	3.0	AM	AM	29.0	2.0	1.0	29.0	1198.0	1437.0	valide	valide_AI_AM_AF
1761	26457.0	23	JJ162	30r	1329	3	1838.0	2.0	AF	AF	15.0	3.0	0.0	15.0	1200.0	533.0	valide	valide_AI_AM_AF
1762	26458.0	24	JJ162	31r	1329	1	1839.0	1.0	AI	AI	549.0	1.0	0.0	549.0	1017.0	747.0	valide	valide_AI_AM_AF
1763	26458.0	24	JJ162	31r	1330	2	1840.0	3.0	AM	AM	23.0	2.0	1.0	23.0	1199.0	1442.0	valide	valide_AI_AM_AF
1764	26458.0	24	JJ162	31r	1331	3	1841.0	2.0	AF	AF	29.0	3.0	3.0	29.0	1197.0	725.0	valide	valide_AI_AM_AF
1765	26459.0	25	JJ162	32r	1331	1	1842.0	1.0	AI	AI	755.0	1.0	1.0	755.0	1032.0	531.0	valide	valide_AI_AM_AF
1766	26459.0	25	JJ162	32r	1332	2	1843.0	2.0	AF	AF	12.0	2.0	2.0	12.0	1198.0	1454.0	valide	valide_AI_AM_AF
1767	26460.0	26	JJ162	33r	1333	1	1844.0	1.0	AI	AI	38.0	1.0	0.0	38.0	1042.0	1268.0	valide	valide_AI_AM_AF
1768	26460.0	26	JJ162	33r	1334	2	1845.0	2.0	AF	AF	16.0	2.0	2.0	16.0	1198.0	495.0	valide	valide_AI_AM_AF
1769	26461.0	27	JJ162	33v	1334	1	1846.0	1.0	AI	AI	513.0	1.0	1.0	513.0	1198.0	948.0	valide	valide_AI_AM_AF
1770	26461.0	27	JJ162	33v	1335	2	1847.0	3.0	AM	AM	39.0	2.0	0.0	39.0	1041.0	1254.0	valide	valide_AI_AM_AF
1771	26461.0	27	JJ162	33v	1336	3	1848.0	2.0	AF	AF	25.0	3.0	1.0	25.0	1198.0	1438.0	valide	valide_AI_AM_AF
1772	26462.0	28	JJ162	35r	1337	1	1849.0	1.0	AI	AI	44.0	1.0	0.0	44.0	1033.0	1245.0	valide	valide_AI_AM_AF
1773	26462.0	28	JJ162	35r	1338	2	1850.0	2.0	AF	AF	12.0	2.0	0.0	12.0	1200.0	613.0	valide	valide_AI_AM_AF
1774	26463.0	29	JJ162	35v	1338	1	1851.0	1.0	AI	AI	625.0	1.0	0.0	625.0	1199.0	823.0	valide	valide_AI_AM_AF
1775	26463.0	29	JJ162	35v	1339	2	1852.0	3.0	AM	AM	38.0	2.0	1.0	38.0	1026.0	1245.0	valide	valide_AI_AM_AF
1776	26463.0	29	JJ162	35v	1340	3	1853.0	2.0	AF	AF	5.0	3.0	2.0	5.0	1198.0	566.0	valide	valide_AI_AM_AF
1777	26464.0	30	JJ162	36v	1340	1	1854.0	0.0	AC	AC	568.0	1.0	0.0	568.0	1200.0	880.0	valide	
1778	26465.0	31	JJ162	37r	1341	1	1855.0	0.0	AC	AC	34.0	1.0	1.0	34.0	1020.0	1260.0	valide	
1779	26466.0	32	JJ162	37v	1342	1	1856.0	1.0	AI	AI	6.0	1.0	0.0	6.0	1200.0	1437.0	valide	valide_AI_AM_AF
1780	26466.0	32	JJ162	37v	1343	2	1857.0	2.0	AF	AF	7.0	2.0	2.0	7.0	1198.0	587.0	valide	valide_AI_AM_AF
1781	26467.0	33	JJ162	38r	1343	1	1858.0	1.0	AI	AI	595.0	1.0	0.0	595.0	1027.0	690.0	valide	valide_AI_AM_AF
1782	26467.0	33	JJ162	38r	1344	2	1859.0	2.0	AF	AF	6.0	2.0	1.0	6.0	1199.0	789.0	valide	valide_AI_AM_AF
1783	26468.0	34	JJ162	38v	1344	1	1860.0	1.0	AI	AI	795.0	1.0	0.0	795.0	1199.0	647.0	valide	valide_AI_AM_AF
1784	26468.0	34	JJ162	38v	1345	2	1861.0	2.0	AF	AF	20.0	2.0	0.0	20.0	1032.0	1278.0	valide	valide_AI_AM_AF
1785	26469.0	35	JJ162	39v	1346	1	1862.0	0.0	AC	AC	7.0	1.0	0.0	7.0	1200.0	1440.0	valide	
1786	26470.0	36	JJ162	40r	1347	1	1863.0	0.0	AC	AC	35.0	1.0	0.0	35.0	1032.0	1262.0	valide	
1787	26471.0	37	JJ162	40v	1348	1	1864.0	1.0	AI	AI	14.0	1.0	0.0	14.0	1200.0	1431.0	valide	valide_AI_AM_AF
1788	26471.0	37	JJ162	40v	1349	2	1865.0	3.0	AM	AM	20.0	2.0	1.0	20.0	1014.0	1274.0	valide	valide_AI_AM_AF
1789	26471.0	37	JJ162	40v	1350	3	1866.0	2.0	AF	AF	6.0	3.0	0.0	6.0	1200.0	591.0	valide	valide_AI_AM_AF
1790	26472.0	38	JJ162	41v	1350	1	1867.0	1.0	AI	AI	590.0	1.0	0.0	590.0	1200.0	858.0	valide	valide_AI_AM_AF
1791	26472.0	38	JJ162	41v	1351	2	1868.0	3.0	AM	AM	20.0	2.0	2.0	20.0	1016.0	1264.0	valide	valide_AI_AM_AF
1792	26472.0	38	JJ162	41v	1352	3	1869.0	2.0	AF	AF	6.0	3.0	2.0	6.0	1196.0	527.0	valide	valide_AI_AM_AF
1793	26473.0	39	JJ162	42v	1352	1	1870.0	1.0	AI	AI	537.0	1.0	8.0	537.0	1191.0	892.0	valide	valide_AI_AM_AF
1794	26473.0	39	JJ162	42v	1353	2	1871.0	2.0	AF	AF	6.0	2.0	0.0	6.0	1029.0	1289.0	valide	valide_AI_AM_AF
1795	26474.0	40	JJ162	43v	1354	1	1872.0	0.0	AC	AC	15.0	1.0	3.0	15.0	1196.0	1415.0	valide	
1796	26475.0	41	JJ162	44r	1355	1	1873.0	1.0	AI	AI	33.0	1.0	0.0	33.0	1032.0	1255.0	valide	valide_AI_AM_AF
1797	26475.0	41	JJ162	44r	1356	2	1874.0	2.0	AF	AF	5.0	2.0	0.0	5.0	1199.0	541.0	valide	valide_AI_AM_AF
1798	26476.0	42	JJ162	44v	1356	1	1875.0	0.0	AC	AC	546.0	1.0	0.0	546.0	1199.0	856.0	valide	
1799	26477.0	43	JJ162	45r	1357	1	1876.0	1.0	AI	AI	20.0	1.0	0.0	20.0	1009.0	1271.0	valide	valide_AI_AM_AF
1800	26477.0	43	JJ162	45r	1358	2	1877.0	2.0	AF	AF	2.0	2.0	0.0	2.0	1200.0	912.0	valide	valide_AI_AM_AF
1801	26477.1	43bis	JJ162	45v	1358	1	1878.0	0.0	AC	AC	911.0	1.0	269.0	911.0	548.0	62.0	valide	
1802	26478.0	44	JJ162	46r	1359	1	1879.0	1.0	AI	AI	14.0	1.0	0.0	14.0	1011.0	1262.0	valide	valide_AI_AM_AF
1803	26478.0	44	JJ162	46r	1360	2	1880.0	2.0	AF	AF	6.0	2.0	0.0	6.0	1199.0	839.0	valide	valide_AI_AM_AF
1804	26479.0	45	JJ162	46v	1360	1	1881.0	1.0	AI	AI	844.0	1.0	0.0	844.0	1200.0	554.0	valide	valide_AI_AM_AF
1805	26479.0	45	JJ162	46v	1361	2	1882.0	3.0	AM	AM	9.0	2.0	0.0	9.0	1017.0	1264.0	valide	valide_AI_AM_AF
1806	26479.0	45	JJ162	46v	1362	3	1883.0	3.0	AM	AM	9.0	3.0	0.0	9.0	1199.0	1395.0	valide	valide_AI_AM_AF
1807	26479.0	45	JJ162	46v	1363	4	1884.0	2.0	AF	AF	3.0	4.0	0.0	3.0	1200.0	314.0	valide	valide_AI_AM_AF
1808	26480.0	46	JJ162	48r	1363	1	1885.0	1.0	AI	AI	315.0	1.0	0.0	315.0	1032.0	958.0	valide	valide_AI_AM_AF
1809	26480.0	46	JJ162	48r	1364	2	1886.0	2.0	AF	AF	7.0	2.0	0.0	7.0	1198.0	705.0	valide	valide_AI_AM_AF
1810	26481.0	47	JJ162	48v	1364	1	1887.0	1.0	AI	AI	711.0	1.0	0.0	711.0	1199.0	712.0	valide	valide_AI_AM_AF
1811	26481.0	47	JJ162	48v	1365	2	1888.0	2.0	AF	AF	3.0	2.0	0.0	3.0	1197.0	681.0	valide	valide_AI_AM_AF
1812	26482.0	48	JJ162	49r	1365	1	1889.0	1.0	AI	AI	677.0	1.0	0.0	677.0	1034.0	581.0	valide	valide_AI_AM_AF
1813	26482.0	48	JJ162	49r	1366	2	1890.0	2.0	AF	AF	8.0	2.0	1.0	8.0	1197.0	712.0	valide	valide_AI_AM_AF
1814	26483.0	49	JJ162	49v	1366	1	1891.0	1.0	AI	AI	720.0	1.0	0.0	720.0	1199.0	691.0	valide	valide_AI_AM_AF
1815	26483.0	49	JJ162	49v	1367	2	1892.0	2.0	AF	AF	6.0	2.0	0.0	6.0	1196.0	745.0	valide	valide_AI_AM_AF
1816	26484.0	50	JJ162	50r	1367	1	1893.0	0.0	AC	AC	708.0	1.0	38.0	708.0	501.0	49.0	valide	
1817	26485.0	51	JJ162	50r	1367	1	1894.0	1.0	AI	AI	784.0	1.0	0.0	784.0	1030.0	476.0	valide	valide_AI_AM_AF
1818	26485.0	51	JJ162	50r	1368	2	1895.0	2.0	AF	AF	7.0	2.0	0.0	7.0	1199.0	772.0	valide	valide_AI_AM_AF
1819	26485.1	51bis	JJ162	50v	1368	1	1896.0	0.0	AC	AC	761.0	1.0	2.0	761.0	1158.0	90.0	valide	
1820	26486.0	52	JJ162	50v	1368	1	1897.0	1.0	AI	AI	846.0	1.0	2.0	846.0	1198.0	571.0	valide	valide_AI_AM_AF
1821	26486.0	52	JJ162	50v	1369	2	1898.0	3.0	AM	AM	9.0	2.0	0.0	9.0	1020.0	1267.0	valide	valide_AI_AM_AF
1822	26486.0	52	JJ162	50v	1370	3	1899.0	2.0	AF	AF	15.0	3.0	2.0	15.0	1197.0	595.0	valide	valide_AI_AM_AF
1823	26487.0	53	JJ162	51v	1370	1	1900.0	1.0	AI	AI	613.0	1.0	0.0	613.0	1199.0	807.0	valide	valide_AI_AM_AF
1824	26487.0	53	JJ162	51v	1371	2	1901.0	2.0	AF	AF	0.0	2.0	0.0	0.0	1200.0	720.0	valide	valide_AI_AM_AF
1825	26488.0	54	JJ162	52r	1371	1	1902.0	0.0	AC	AC	729.0	1.0	7.0	729.0	473.0	61.0	valide	
1826	26489.0	55	JJ162	52r	1371	1	1903.0	1.0	AI	AI	793.0	1.0	0.0	793.0	1031.0	481.0	valide	valide_AI_AM_AF
1827	26489.0	55	JJ162	52r	1372	2	1904.0	2.0	AF	AF	10.0	2.0	60.0	10.0	1139.0	1405.0	valide	valide_AI_AM_AF
1828	26490.0	56	JJ162	53r	1373	1	1905.0	1.0	AI	AI	37.0	1.0	0.0	37.0	1035.0	1231.0	valide	valide_AI_AM_AF
1829	26490.0	56	JJ162	53r	1374	2	1906.0	2.0	AF	AF	9.0	2.0	0.0	9.0	1198.0	331.0	valide	valide_AI_AM_AF
1830	26491.0	57	JJ162	53v	1374	1	1907.0	1.0	AI	AI	340.0	1.0	0.0	340.0	1199.0	1063.0	valide	valide_AI_AM_AF
1831	26491.0	57	JJ162	53v	1375	2	1908.0	2.0	AF	AF	25.0	2.0	0.0	25.0	1200.0	406.0	valide	valide_AI_AM_AF
1832	26492.0	58	JJ162	54r	1375	1	1909.0	0.0	AC	AC	360.0	1.0	0.0	360.0	1018.0	88.0	valide	
1833	26493.0	59	JJ162	54r	1375	1	1910.0	1.0	AI	AI	446.0	1.0	0.0	446.0	1034.0	821.0	valide	valide_AI_AM_AF
1834	26493.0	59	JJ162	54r	1376	2	1911.0	3.0	AM	AM	26.0	2.0	0.0	26.0	1199.0	1378.0	valide	valide_AI_AM_AF
1835	26493.0	59	JJ162	54r	1377	3	1912.0	2.0	AF	AF	28.0	3.0	0.0	28.0	1020.0	1238.0	valide	valide_AI_AM_AF
1836	26494.0	60	JJ162	55v	1378	1	1913.0	0.0	AC	AC	35.0	1.0	0.0	35.0	1199.0	1370.0	valide	
1837	26495.0	61	JJ162	56r	1379	1	1914.0	1.0	AI	AI	45.0	1.0	0.0	45.0	1008.0	1217.0	valide	valide_AI_AM_AF
1838	26495.0	61	JJ162	56r	1380	2	1915.0	2.0	AF	AF	6.0	2.0	0.0	6.0	1199.0	685.0	valide	valide_AI_AM_AF
1839	26496.0	62	JJ162	56v	1380	1	1916.0	1.0	AI	AI	694.0	1.0	0.0	694.0	1199.0	702.0	valide	valide_AI_AM_AF
1840	26496.0	62	JJ162	56v	1381	2	1917.0	2.0	AF	AF	34.0	2.0	0.0	34.0	1025.0	1231.0	valide	valide_AI_AM_AF
1841	26498.0	64	JJ162	57v	1382	1	1918.0	0.0	AC	AC	11.0	1.0	0.0	11.0	1199.0	1396.0	valide	
1842	26499.0	65	JJ162	58r	1383	1	1919.0	1.0	AI	AI	40.0	1.0	0.0	40.0	1018.0	1224.0	valide	valide_AI_AM_AF
1843	26499.0	65	JJ162	58r	1384	2	1920.0	2.0	AF	AF	6.0	2.0	0.0	6.0	1198.0	512.0	valide	valide_AI_AM_AF
1844	26500.0	66	JJ162	58v	1384	1	1921.0	1.0	AI	AI	518.0	1.0	20.0	518.0	1179.0	896.0	valide	valide_AI_AM_AF
1845	26500.0	66	JJ162	58v	1385	2	1922.0	2.0	AF	AF	13.0	2.0	0.0	13.0	1194.0	460.0	valide	valide_AI_AM_AF
1846	26501.0	67	JJ162	59r	1385	1	1923.0	1.0	AI	AI	476.0	1.0	0.0	476.0	1009.0	784.0	valide	valide_AI_AM_AF
1847	26501.0	67	JJ162	59r	1386	2	1924.0	2.0	AF	AF	3.0	2.0	0.0	3.0	1199.0	671.0	valide	valide_AI_AM_AF
1848	26502.0	68	JJ162	59v	1386	1	1925.0	1.0	AI	AI	673.0	1.0	0.0	673.0	1199.0	733.0	valide	valide_AI_AM_AF
1849	26502.0	68	JJ162	59v	1387	2	1926.0	2.0	AF	AF	34.0	2.0	0.0	34.0	1182.0	335.0	valide	valide_AI_AM_AF
1850	26503.0	69	JJ162	60r	1387	1	1927.0	0.0	AC	AC	369.0	1.0	1.0	369.0	1022.0	896.0	valide	
1851	26504.0	70	JJ162	60v	1388	1	1928.0	0.0	AC	AC	8.0	1.0	0.0	8.0	1199.0	1400.0	valide	
1852	26505.0	71	JJ162	61r	1389	1	1929.0	1.0	AI	AI	44.0	1.0	0.0	44.0	1009.0	1215.0	valide	valide_AI_AM_AF
1853	26505.0	71	JJ162	61r	1390	2	1930.0	3.0	AM	AM	20.0	2.0	0.0	20.0	1199.0	1394.0	valide	valide_AI_AM_AF
1854	26505.0	71	JJ162	61r	1391	3	1931.0	3.0	AM	AM	32.0	3.0	0.0	32.0	1013.0	1235.0	valide	valide_AI_AM_AF
1855	26505.0	71	JJ162	61r	1392	4	1932.0	3.0	AM	AM	7.0	4.0	0.0	7.0	1199.0	1410.0	valide	valide_AI_AM_AF
1856	26505.0	71	JJ162	61r	1393	5	1933.0	2.0	AF	AF	46.0	5.0	0.0	46.0	1031.0	536.0	valide	valide_AI_AM_AF
1857	26506.0	72	JJ162	63r	1393	1	1934.0	1.0	AI	AI	582.0	1.0	0.0	582.0	1008.0	675.0	valide	valide_AI_AM_AF
1858	26506.0	72	JJ162	63r	1394	2	1935.0	2.0	AF	AF	6.0	2.0	1.0	6.0	1197.0	957.0	valide	valide_AI_AM_AF
1859	26507.0	73	JJ162	63v	1394	1	1936.0	1.0	AI	AI	961.0	1.0	0.0	961.0	1198.0	455.0	valide	valide_AI_AM_AF
1860	26507.0	73	JJ162	63v	1395	2	1937.0	2.0	AF	AF	37.0	2.0	0.0	37.0	1015.0	1231.0	valide	valide_AI_AM_AF
1861	26508.0	74	JJ162	64v	1396	1	1938.0	0.0	AC	AC	25.0	1.0	0.0	25.0	1198.0	1026.0	valide	
1862	26509.0	75	JJ162	64v	1396	1	1939.0	1.0	AI	AI	1050.0	1.0	0.0	1050.0	1197.0	357.0	valide	valide_AI_AM_AF
1863	26509.0	75	JJ162	64v	1397	2	1940.0	3.0	AM	AM	14.0	2.0	0.0	14.0	1007.0	1250.0	valide	valide_AI_AM_AF
1864	26509.0	75	JJ162	64v	1398	3	1941.0	2.0	AF	AF	1.0	3.0	0.0	1.0	1198.0	828.0	valide	valide_AI_AM_AF
1865	26510.0	76	JJ162	65v	1398	1	1942.0	1.0	AI	AI	829.0	1.0	0.0	829.0	1199.0	570.0	valide	valide_AI_AM_AF
1866	26510.0	76	JJ162	65v	1399	2	1943.0	2.0	AF	AF	7.0	2.0	0.0	7.0	1199.0	532.0	valide	valide_AI_AM_AF
1867	26511.0	77	JJ162	66r	1399	1	1944.0	1.0	AI	AI	541.0	1.0	0.0	541.0	1044.0	712.0	valide	valide_AI_AM_AF
1868	26511.0	77	JJ162	66r	1400	2	1945.0	3.0	AM	AM	12.0	2.0	0.0	12.0	1199.0	1405.0	valide	valide_AI_AM_AF
1869	26511.0	77	JJ162	66r	1401	3	1946.0	2.0	AF	AF	4.0	3.0	2.0	4.0	1198.0	512.0	valide	valide_AI_AM_AF
1870	26512.0	78	JJ162	67r	1401	1	1947.0	1.0	AI	AI	511.0	1.0	0.0	511.0	1026.0	746.0	valide	valide_AI_AM_AF
1871	26512.0	78	JJ162	67r	1402	2	1948.0	2.0	AF	AF	13.0	2.0	0.0	13.0	1199.0	922.0	valide	valide_AI_AM_AF
1872	26513.0	79	JJ162	67v	1402	1	1949.0	1.0	AI	AI	932.0	1.0	0.0	932.0	1197.0	488.0	valide	valide_AI_AM_AF
1873	26513.0	79	JJ162	67v	1403	2	1950.0	2.0	AF	AF	7.0	2.0	0.0	7.0	1200.0	772.0	valide	valide_AI_AM_AF
1874	26514.0	80	JJ162	68r	1403	1	1951.0	1.0	AI	AI	771.0	1.0	0.0	771.0	1035.0	480.0	valide	valide_AI_AM_AF
1875	26514.0	80	JJ162	68r	1404	2	1952.0	2.0	AF	AF	2.0	2.0	0.0	2.0	1199.0	1430.0	valide	valide_AI_AM_AF
1876	26515.0	81	JJ162	69r	1405	1	1953.0	1.0	AI	AI	42.0	1.0	0.0	42.0	1010.0	1230.0	valide	valide_AI_AM_AF
1877	26515.0	81	JJ162	69r	1406	2	1954.0	2.0	AF	AF	42.0	2.0	0.0	42.0	1199.0	492.0	valide	valide_AI_AM_AF
1878	26516.0	82	JJ162	69v	1406	1	1955.0	1.0	AI	AI	532.0	1.0	0.0	532.0	1199.0	902.0	valide	valide_AI_AM_AF
1879	26516.0	82	JJ162	69v	1407	2	1956.0	3.0	AM	AM	43.0	2.0	0.0	43.0	1017.0	1231.0	valide	valide_AI_AM_AF
1880	26516.0	82	JJ162	69v	1408	3	1957.0	3.0	AM	AM	18.0	3.0	0.0	18.0	1199.0	1414.0	valide	valide_AI_AM_AF
1881	26516.0	82	JJ162	69v	1409	4	1958.0	2.0	AF	AF	27.0	4.0	1.0	27.0	1008.0	1246.0	valide	valide_AI_AM_AF
1882	26517.0	83	JJ162	71v	1410	1	1959.0	1.0	AI	AI	10.0	1.0	0.0	10.0	1200.0	1399.0	valide	valide_AI_AM_AF
1883	26517.0	83	JJ162	71v	1411	2	1960.0	2.0	AF	AF	7.0	2.0	0.0	7.0	1200.0	700.0	valide	valide_AI_AM_AF
1884	26518.0	84	JJ162	72r	1411	1	1961.0	1.0	AI	AI	703.0	1.0	0.0	703.0	1044.0	551.0	valide	valide_AI_AM_AF
1885	26518.0	84	JJ162	72r	1412	2	1962.0	3.0	AM	AM	3.0	2.0	0.0	3.0	1200.0	1407.0	valide	valide_AI_AM_AF
1886	26518.0	84	JJ162	72r	1413	3	1963.0	2.0	AF	AF	8.0	3.0	0.0	8.0	1200.0	519.0	valide	valide_AI_AM_AF
1887	26519.0	85	JJ162	73r	1413	1	1964.0	1.0	AI	AI	529.0	1.0	0.0	529.0	1018.0	723.0	valide	valide_AI_AM_AF
1888	26519.0	85	JJ162	73r	1414	2	1965.0	2.0	AF	AF	4.0	2.0	0.0	4.0	1200.0	1067.0	valide	valide_AI_AM_AF
1889	26520.0	86	JJ162	73v	1414	1	1966.0	1.0	AI	AI	1084.0	1.0	0.0	1084.0	1200.0	314.0	valide	valide_AI_AM_AF
1890	26520.0	86	JJ162	73v	1415	2	1967.0	3.0	AM	AM	8.0	2.0	0.0	8.0	1005.0	1235.0	valide	valide_AI_AM_AF
1891	26520.0	86	JJ162	73v	1416	3	1968.0	2.0	AF	AF	3.0	3.0	0.0	3.0	1200.0	1053.0	valide	valide_AI_AM_AF
1892	26520.1	86bis	JJ162	74v	1416	1	1969.0	1.0	AI	AI	1075.0	1.0	7.0	1075.0	1193.0	335.0	valide	valide_AI_AM_AF
1893	26520.1	86bis	JJ162	74v	1417	2	1970.0	2.0	AF	AF	132.0	2.0	57.0	132.0	306.0	464.0	valide	valide_AI_AM_AF
1894	26521.0	87	JJ162	75r	1417	1	1971.0	1.0	AI	AI	609.0	1.0	4.0	609.0	1185.0	586.0	valide	valide_AI_AM_AF
1895	26521.0	87	JJ162	75r	1418	2	1972.0	2.0	AF	AF	9.0	2.0	3.0	9.0	1197.0	1402.0	valide	valide_AI_AM_AF
1896	26522.0	88	JJ162	76r	1419	1	1973.0	1.0	AI	AI	27.0	1.0	0.0	27.0	1007.0	1234.0	valide	valide_AI_AM_AF
1897	26522.0	88	JJ162	76r	1420	2	1974.0	2.0	AF	AF	5.0	2.0	7.0	5.0	1193.0	515.0	valide	valide_AI_AM_AF
1898	26523.0	89	JJ162	76v	1420	1	1975.0	0.0	AC	AC	519.0	1.0	0.0	519.0	1200.0	896.0	valide	
1899	26524.0	90	JJ162	77r	1421	1	1976.0	0.0	AC	AC	18.0	1.0	0.0	18.0	1023.0	1232.0	valide	
1900	26525.0	91	JJ162	77v	1422	1	1977.0	0.0	AC	AC	11.0	1.0	0.0	11.0	1199.0	820.0	valide	
1901	26526.0	92	JJ162	77v	1422	1	1978.0	1.0	AI	AI	830.0	1.0	0.0	830.0	1200.0	586.0	valide	valide_AI_AM_AF
1902	26526.0	92	JJ162	77v	1423	2	1979.0	2.0	AF	AF	21.0	2.0	0.0	21.0	1017.0	1233.0	valide	valide_AI_AM_AF
1903	26527.0	93	JJ162	78v	1424	1	1980.0	0.0	AC	AC	6.0	1.0	189.0	6.0	1011.0	1406.0	valide	
1904	26528.0	94	JJ162	79r	1425	1	1981.0	1.0	AI	AI	33.0	1.0	0.0	33.0	1004.0	1218.0	valide	valide_AI_AM_AF
1905	26528.0	94	JJ162	79r	1426	2	1982.0	2.0	AF	AF	13.0	2.0	0.0	13.0	1200.0	636.0	valide	valide_AI_AM_AF
1906	26529.0	95	JJ162	79v	1426	1	1983.0	1.0	AI	AI	648.0	1.0	0.0	648.0	1200.0	744.0	valide	valide_AI_AM_AF
1907	26529.0	95	JJ162	79v	1427	2	1984.0	3.0	AM	AM	14.0	2.0	0.0	14.0	1009.0	1234.0	valide	valide_AI_AM_AF
1908	26529.0	95	JJ162	79v	1428	3	1985.0	2.0	AF	AF	9.0	3.0	0.0	9.0	1200.0	527.0	valide	valide_AI_AM_AF
1909	26530.0	96	JJ162	80v	1428	1	1986.0	1.0	AI	AI	537.0	1.0	0.0	537.0	1200.0	854.0	valide	valide_AI_AM_AF
1910	26530.0	96	JJ162	80v	1429	2	1987.0	3.0	AM	AM	10.0	2.0	0.0	10.0	1009.0	1249.0	valide	valide_AI_AM_AF
1911	26530.0	96	JJ162	80v	1430	3	1988.0	2.0	AF	AF	8.0	3.0	5.0	8.0	1195.0	506.0	valide	valide_AI_AM_AF
1912	26531.0	97	JJ162	81v	1430	1	1989.0	1.0	AI	AI	516.0	1.0	0.0	516.0	1200.0	871.0	valide	valide_AI_AM_AF
1913	26531.0	97	JJ162	81v	1431	2	1990.0	2.0	AF	AF	4.0	2.0	0.0	4.0	1028.0	531.0	valide	valide_AI_AM_AF
1914	26532.0	98	JJ162	82r	1431	1	1991.0	0.0	AC	AC	533.0	1.0	0.0	533.0	1020.0	714.0	valide	
1915	26533.0	99	JJ162	82v	1432	1	1992.0	1.0	AI	AI	16.0	1.0	0.0	16.0	1200.0	1371.0	valide	valide_AI_AM_AF
1916	26533.0	99	JJ162	82v	1433	2	1993.0	2.0	AF	AF	13.0	2.0	0.0	13.0	1032.0	576.0	valide	valide_AI_AM_AF
1917	26534.0	100	JJ162	83r	1433	1	1994.0	1.0	AI	AI	589.0	1.0	0.0	589.0	1023.0	659.0	valide	valide_AI_AM_AF
1918	26534.0	100	JJ162	83r	1434	2	1995.0	2.0	AF	AF	9.0	2.0	0.0	9.0	1199.0	821.0	valide	valide_AI_AM_AF
1919	26535.0	101	JJ162	83v	1434	1	1996.0	1.0	AI	AI	830.0	1.0	0.0	830.0	1198.0	536.0	valide	valide_AI_AM_AF
1920	26535.0	101	JJ162	83v	1435	2	1997.0	2.0	AF	AF	12.0	2.0	0.0	12.0	1020.0	1268.0	valide	valide_AI_AM_AF
1921	26536.0	102	JJ162	84v	1436	1	1998.0	0.0	AC	AC	6.0	1.0	0.0	6.0	1199.0	1393.0	valide	
1922	26537.0	103	JJ162	85r	1437	1	1999.0	1.0	AI	AI	27.0	1.0	0.0	27.0	1006.0	1250.0	valide	valide_AI_AM_AF
1923	26537.0	103	JJ162	85r	1438	2	2000.0	3.0	AM	AM	7.0	2.0	0.0	7.0	1199.0	1374.0	valide	valide_AI_AM_AF
1924	26537.0	103	JJ162	85r	1439	3	2001.0	2.0	AF	AF	25.0	3.0	0.0	25.0	1025.0	640.0	valide	valide_AI_AM_AF
1925	26538.0	104	JJ162	86r	1439	1	2002.0	1.0	AI	AI	658.0	1.0	0.0	658.0	1020.0	613.0	valide	valide_AI_AM_AF
1926	26538.0	104	JJ162	86r	1440	2	2003.0	2.0	AF	AF	8.0	2.0	0.0	8.0	1200.0	1353.0	valide	valide_AI_AM_AF
1927	26539.0	105	JJ162	87r	1441	1	2004.0	1.0	AI	AI	30.0	1.0	0.0	30.0	1014.0	1247.0	valide	valide_AI_AM_AF
1928	26539.0	105	JJ162	87r	1442	2	2005.0	2.0	AF	AF	6.0	2.0	0.0	6.0	1200.0	523.0	valide	valide_AI_AM_AF
1929	26540.0	106	JJ162	87v	1442	1	2006.0	1.0	AI	AI	530.0	1.0	178.0	530.0	1022.0	849.0	valide	valide_AI_AM_AF
1930	26540.0	106	JJ162	87v	1443	2	2007.0	2.0	AF	AF	3.0	2.0	0.0	3.0	1016.0	1264.0	valide	valide_AI_AM_AF
1931	26541.0	107	JJ162	88v	1444	1	2008.0	1.0	AI	AI	7.0	1.0	0.0	7.0	1200.0	1372.0	valide	valide_AI_AM_AF
1932	26541.0	107	JJ162	88v	1445	2	2009.0	3.0	AM	AM	9.0	2.0	0.0	9.0	1026.0	1262.0	valide	valide_AI_AM_AF
1933	26541.0	107	JJ162	88v	1446	3	2010.0	2.0	AF	AF	4.0	3.0	0.0	4.0	1199.0	495.0	valide	valide_AI_AM_AF
1934	26542.0	108	JJ162	89v	1446	1	2011.0	1.0	AI	AI	500.0	1.0	0.0	500.0	1200.0	891.0	valide	valide_AI_AM_AF
1935	26542.0	108	JJ162	89v	1447	2	2012.0	2.0	AF	AF	4.0	2.0	0.0	4.0	1174.0	414.0	valide	valide_AI_AM_AF
1936	26543.0	109	JJ162	90r	1447	1	2013.0	0.0	AC	AC	417.0	1.0	0.0	417.0	1023.0	858.0	valide	
1937	26544.0	110	JJ162	90v	1448	1	2014.0	1.0	AI	AI	11.0	1.0	9.0	11.0	1191.0	1379.0	valide	valide_AI_AM_AF
1938	26544.0	110	JJ162	90v	1449	2	2015.0	2.0	AF	AF	4.0	2.0	0.0	4.0	1194.0	454.0	valide	valide_AI_AM_AF
1939	26545.0	111	JJ162	91r	1449	1	2016.0	1.0	AI	AI	458.0	1.0	0.0	458.0	1004.0	815.0	valide	valide_AI_AM_AF
1940	26545.0	111	JJ162	91r	1450	2	2017.0	2.0	AF	AF	3.0	2.0	0.0	3.0	1199.0	629.0	valide	valide_AI_AM_AF
1941	26546.0	112	JJ162	91v	1450	1	2018.0	1.0	AI	AI	633.0	1.0	0.0	633.0	1200.0	758.0	valide	valide_AI_AM_AF
1942	26546.0	112	JJ162	91v	1451	2	2019.0	2.0	AF	AF	3.0	2.0	0.0	3.0	1200.0	458.0	valide	valide_AI_AM_AF
1943	26547.0	113	JJ162	92r	1451	1	2020.0	1.0	AI	AI	459.0	1.0	0.0	459.0	1016.0	820.0	valide	valide_AI_AM_AF
1944	26547.0	113	JJ162	92r	1452	2	2021.0	2.0	AF	AF	2.0	2.0	0.0	2.0	1199.0	727.0	valide	valide_AI_AM_AF
1945	26548.0	114	JJ162	92v	1452	1	2022.0	0.0	AC	AC	724.0	1.0	25.0	724.0	1174.0	661.0	valide	
1946	26549.0	115	JJ162	93r	1453	1	2023.0	1.0	AI	AI	22.0	1.0	0.0	22.0	1006.0	1228.0	valide	valide_AI_AM_AF
1947	26549.0	115	JJ162	93r	1454	2	2024.0	2.0	AF	AF	1.0	2.0	3.0	1.0	1197.0	496.0	valide	valide_AI_AM_AF
1948	26550.0	116	JJ162	93v	1454	1	2025.0	1.0	AI	AI	498.0	1.0	0.0	498.0	1199.0	855.0	valide	valide_AI_AM_AF
1949	26550.0	116	JJ162	93v	1455	2	2026.0	2.0	AF	AF	3.0	2.0	0.0	3.0	1200.0	715.0	valide	valide_AI_AM_AF
1950	26551.0	117	JJ162	94r	1455	1	2027.0	1.0	AI	AI	712.0	1.0	0.0	712.0	1024.0	537.0	valide	valide_AI_AM_AF
1951	26551.0	117	JJ162	94r	1456	2	2028.0	3.0	AM	AM	3.0	2.0	0.0	3.0	1199.0	1376.0	valide	valide_AI_AM_AF
1952	26551.0	117	JJ162	94r	1457	3	2029.0	2.0	AF	AF	4.0	3.0	0.0	4.0	1196.0	424.0	valide	valide_AI_AM_AF
1953	26552.0	118	JJ162	95r	1457	1	2030.0	1.0	AI	AI	428.0	1.0	0.0	428.0	1006.0	838.0	valide	valide_AI_AM_AF
1954	26552.0	118	JJ162	95r	1458	2	2031.0	3.0	AM	AM	2.0	2.0	0.0	2.0	1200.0	1380.0	valide	valide_AI_AM_AF
1955	26552.0	118	JJ162	95r	1459	3	2032.0	2.0	AF	AF	35.0	3.0	0.0	35.0	1022.0	663.0	valide	valide_AI_AM_AF
1956	26553.0	119	JJ162	96r	1459	1	2033.0	1.0	AI	AI	697.0	1.0	0.0	697.0	1002.0	553.0	valide	valide_AI_AM_AF
1957	26553.0	119	JJ162	96r	1460	2	2034.0	2.0	AF	AF	2.0	2.0	0.0	2.0	1200.0	1368.0	valide	valide_AI_AM_AF
1958	26554.0	120	JJ162	97r	1461	1	2035.0	0.0	AC	AC	27.0	1.0	1.0	27.0	1013.0	777.0	valide	
1959	26555.0	121	JJ162	97r	1461	1	2036.0	1.0	AI	AI	801.0	1.0	0.0	801.0	1023.0	476.0	valide	valide_AI_AM_AF
1960	26555.0	121	JJ162	97r	1462	2	2037.0	2.0	AF	AF	1.0	2.0	0.0	1.0	1200.0	1387.0	valide	valide_AI_AM_AF
1961	26556.0	122	JJ162	98r	1463	1	2038.0	1.0	AI	AI	16.0	1.0	0.0	16.0	1010.0	1255.0	valide	valide_AI_AM_AF
1962	26556.0	122	JJ162	98r	1464	2	2039.0	2.0	AF	AF	2.0	2.0	0.0	2.0	1200.0	872.0	valide	valide_AI_AM_AF
1963	26557.0	123	JJ162	98v	1464	1	2040.0	1.0	AI	AI	872.0	1.0	7.0	872.0	1193.0	517.0	valide	valide_AI_AM_AF
1964	26557.0	123	JJ162	98v	1465	2	2041.0	2.0	AF	AF	12.0	2.0	0.0	12.0	1017.0	728.0	valide	valide_AI_AM_AF
1965	26558.0	124	JJ162	99r	1465	1	2042.0	1.0	AI	AI	741.0	1.0	0.0	741.0	1007.0	503.0	valide	valide_AI_AM_AF
1966	26558.0	124	JJ162	99r	1466	2	2043.0	2.0	AF	AF	3.0	2.0	2.0	3.0	1198.0	1025.0	valide	valide_AI_AM_AF
1967	26559.0	125	JJ162	99v	1466	1	2044.0	1.0	AI	AI	1055.0	1.0	9.0	1055.0	1191.0	336.0	valide	valide_AI_AM_AF
1968	26559.0	125	JJ162	99v	1467	2	2045.0	2.0	AF	AF	7.0	2.0	0.0	7.0	1020.0	961.0	valide	valide_AI_AM_AF
1969	26559.1	125bis	JJ162	100r	1467	1	2046.0	0.0	AC	AC	972.0	1.0	0.0	972.0	1200.0	314.0	valide	
1970	26560.0	126	JJ162	100v	1468	1	2047.0	0.0	AC	AC	39.0	1.0	2.0	39.0	1198.0	1362.0	valide	
1971	26561.0	127	JJ162	101r	1469	1	2048.0	1.0	AI	AI	17.0	1.0	0.0	17.0	1006.0	1265.0	valide	valide_AI_AM_AF
1972	26561.0	127	JJ162	101r	1470	2	2049.0	3.0	AM	AM	12.0	2.0	0.0	12.0	1200.0	1388.0	valide	valide_AI_AM_AF
1973	26561.0	127	JJ162	101r	1471	3	2050.0	2.0	AF	AF	4.0	3.0	0.0	4.0	1191.0	366.0	valide	valide_AI_AM_AF
1974	26562.0	128	JJ162	102r	1471	1	2051.0	1.0	AI	AI	368.0	1.0	0.0	368.0	1032.0	914.0	valide	valide_AI_AM_AF
1975	26562.0	128	JJ162	102r	1472	2	2052.0	2.0	AF	AF	3.0	2.0	199.0	3.0	1000.0	1005.0	valide	valide_AI_AM_AF
1976	26563.0	129	JJ162	102v	1472	1	2053.0	1.0	AI	AI	1009.0	1.0	6.0	1009.0	1194.0	372.0	valide	valide_AI_AM_AF
1977	26563.0	129	JJ162	102v	1473	2	2054.0	3.0	AM	AM	6.0	2.0	0.0	6.0	998.0	1276.0	valide	valide_AI_AM_AF
1978	26563.0	129	JJ162	102v	1474	3	2055.0	2.0	AF	AF	26.0	3.0	0.0	26.0	1200.0	1358.0	valide	valide_AI_AM_AF
1979	26564.0	130	JJ162	104r	1475	1	2056.0	1.0	AI	AI	16.0	1.0	0.0	16.0	1019.0	1253.0	valide	valide_AI_AM_AF
1980	26564.0	130	JJ162	104r	1476	2	2057.0	2.0	AF	AF	6.0	2.0	0.0	6.0	1200.0	730.0	valide	valide_AI_AM_AF
1981	26565.0	131	JJ162	104v	1476	1	2058.0	1.0	AI	AI	736.0	1.0	0.0	736.0	1200.0	631.0	valide	valide_AI_AM_AF
1982	26565.0	131	JJ162	104v	1477	2	2059.0	2.0	AF	AF	4.0	2.0	0.0	4.0	1200.0	524.0	valide	valide_AI_AM_AF
1983	26566.0	132	JJ162	105r	1477	1	2060.0	1.0	AI	AI	531.0	1.0	0.0	531.0	1019.0	755.0	valide	valide_AI_AM_AF
1984	26566.0	132	JJ162	105r	1478	2	2061.0	2.0	AF	AF	3.0	2.0	11.0	3.0	1189.0	1374.0	valide	valide_AI_AM_AF
1985	26567.0	133	JJ162	105bisr	1479	1	2062.0	1.0	AI	AI	24.0	1.0	0.0	24.0	1005.0	1257.0	valide	valide_AI_AM_AF
1986	26567.0	133	JJ162	105bisr	1480	2	2063.0	2.0	AF	AF	8.0	2.0	8.0	8.0	1192.0	582.0	valide	valide_AI_AM_AF
1987	26568.0	134	JJ162	105bisv	1480	1	2064.0	1.0	AI	AI	592.0	1.0	0.0	592.0	1199.0	786.0	valide	valide_AI_AM_AF
1988	26568.0	134	JJ162	105bisv	1481	2	2065.0	3.0	AM	AM	9.0	2.0	0.0	9.0	1012.0	1269.0	valide	valide_AI_AM_AF
1989	26568.0	134	JJ162	105bisv	1482	3	2066.0	3.0	AM	AM	11.0	3.0	79.0	11.0	1110.0	1368.0	valide	valide_AI_AM_AF
1990	26568.0	134	JJ162	105bisv	1483	4	2067.0	2.0	AF	AF	3.0	4.0	0.0	3.0	1197.0	908.0	valide	valide_AI_AM_AF
1991	26569.0	135	JJ162	107r	1483	1	2068.0	1.0	AI	AI	915.0	1.0	0.0	915.0	1073.0	330.0	valide	valide_AI_AM_AF
1992	26569.0	135	JJ162	107r	1484	2	2069.0	2.0	AF	AF	7.0	2.0	0.0	7.0	1200.0	1371.0	valide	valide_AI_AM_AF
1993	26570.0	136	JJ162	108r	1485	1	2070.0	1.0	AI	AI	8.0	1.0	0.0	8.0	994.0	1263.0	valide	valide_AI_AM_AF
1994	26570.0	136	JJ162	108r	1486	2	2071.0	2.0	AF	AF	6.0	2.0	0.0	6.0	1199.0	879.0	valide	valide_AI_AM_AF
1995	26571.0	137	JJ162	108v	1486	1	2072.0	1.0	AI	AI	884.0	1.0	3.0	884.0	1196.0	475.0	valide	valide_AI_AM_AF
1996	26571.0	137	JJ162	108v	1487	2	2073.0	3.0	AM	AM	14.0	2.0	0.0	14.0	997.0	1268.0	valide	valide_AI_AM_AF
1997	26571.0	137	JJ162	108v	1488	3	2074.0	3.0	AM	AM	31.0	3.0	3.0	31.0	1197.0	1347.0	valide	valide_AI_AM_AF
1998	26571.0	137	JJ162	108v	1489	4	2075.0	2.0	AF	AF	4.0	4.0	0.0	4.0	1200.0	716.0	valide	valide_AI_AM_AF
1999	26572.0	138	JJ162	110r	1489	1	2076.0	1.0	AI	AI	716.0	1.0	0.0	716.0	1031.0	560.0	valide	valide_AI_AM_AF
2000	26572.0	138	JJ162	110r	1490	2	2077.0	2.0	AF	AF	32.0	2.0	0.0	32.0	1199.0	1343.0	valide	valide_AI_AM_AF
2001	26573.0	139	JJ162	111r	1491	1	2078.0	1.0	AI	AI	20.0	1.0	0.0	20.0	994.0	1260.0	valide	valide_AI_AM_AF
2002	26573.0	139	JJ162	111r	1492	2	2079.0	3.0	AM	AM	28.0	2.0	0.0	28.0	1199.0	1349.0	valide	valide_AI_AM_AF
2003	26573.0	139	JJ162	111r	1493	3	2080.0	3.0	AM	AM	7.0	3.0	0.0	7.0	1025.0	1267.0	valide	valide_AI_AM_AF
2004	26573.0	139	JJ162	111r	1494	4	2081.0	2.0	AF	AF	15.0	4.0	4.0	15.0	1196.0	362.0	valide	valide_AI_AM_AF
2005	26574.0	140	JJ162	112v	1494	1	2082.0	1.0	AI	AI	378.0	1.0	7.0	378.0	1193.0	999.0	valide	valide_AI_AM_AF
2006	26574.0	140	JJ162	112v	1495	2	2083.0	2.0	AF	AF	5.0	2.0	0.0	5.0	1200.0	515.0	valide	valide_AI_AM_AF
2007	26575.0	141	JJ162	113r	1495	1	2084.0	1.0	AI	AI	520.0	1.0	0.0	520.0	1011.0	742.0	valide	valide_AI_AM_AF
2008	26575.0	141	JJ162	113r	1496	2	2085.0	2.0	AF	AF	13.0	2.0	30.0	13.0	1170.0	1363.0	valide	valide_AI_AM_AF
2009	26575.1	141bis	JJ162	114r	1497	1	2086.0	1.0	AI	AI	14.0	1.0	0.0	14.0	1024.0	1259.0	valide	valide_AI_AM_AF
2010	26575.1	141bis	JJ162	114r	1498	2	2087.0	2.0	AF	AF	12.0	2.0	0.0	12.0	1199.0	696.0	valide	valide_AI_AM_AF
2011	26576.0	142	JJ162	114v	1498	1	2088.0	1.0	AI	AI	709.0	1.0	0.0	709.0	1199.0	668.0	valide	valide_AI_AM_AF
2012	26576.0	142	JJ162	114v	1499	2	2089.0	2.0	AF	AF	8.0	2.0	0.0	8.0	1008.0	1272.0	valide	valide_AI_AM_AF
2013	26577.0	143	JJ162	115v	1500	1	2090.0	0.0	AC	AC	20.0	1.0	0.0	20.0	1200.0	1347.0	valide	
2014	26578.0	144	JJ162	116r	1501	1	2091.0	1.0	AI	AI	15.0	1.0	0.0	15.0	1193.0	1240.0	valide	valide_AI_AM_AF
2015	26578.0	144	JJ162	116r	1502	2	2092.0	2.0	AF	AF	16.0	2.0	0.0	16.0	1199.0	1354.0	valide	valide_AI_AM_AF
2016	26579.0	145	JJ162	117r	1503	1	2093.0	1.0	AI	AI	43.0	1.0	0.0	43.0	1029.0	1215.0	valide	valide_AI_AM_AF
2017	26579.0	145	JJ162	117r	1504	2	2094.0	2.0	AF	AF	20.0	2.0	8.0	20.0	1192.0	554.0	valide	valide_AI_AM_AF
2018	26580.0	146	JJ162	117v	1504	1	2095.0	1.0	AI	AI	574.0	1.0	0.0	574.0	1199.0	798.0	valide	valide_AI_AM_AF
2019	26580.0	146	JJ162	117v	1505	2	2096.0	2.0	AF	AF	3.0	2.0	0.0	3.0	1200.0	387.0	valide	valide_AI_AM_AF
2020	26581.0	147	JJ162	118r	1505	1	2097.0	1.0	AI	AI	390.0	1.0	0.0	390.0	1028.0	864.0	valide	valide_AI_AM_AF
2021	26581.0	147	JJ162	118r	1506	2	2098.0	2.0	AF	AF	10.0	2.0	2.0	10.0	1197.0	375.0	valide	valide_AI_AM_AF
2022	26582.0	148	JJ162	118v	1506	1	2099.0	1.0	AI	AI	383.0	1.0	0.0	383.0	1199.0	985.0	valide	valide_AI_AM_AF
2023	26582.0	148	JJ162	118v	1507	2	2100.0	2.0	AF	AF	3.0	2.0	0.0	3.0	1199.0	318.0	valide	valide_AI_AM_AF
2024	26583.0	149	JJ162	119r	1507	1	2101.0	1.0	AI	AI	321.0	1.0	0.0	321.0	1015.0	935.0	valide	valide_AI_AM_AF
2025	26583.0	149	JJ162	119r	1508	2	2102.0	2.0	AF	AF	42.0	2.0	1.0	42.0	1199.0	537.0	valide	valide_AI_AM_AF
2026	26584.0	150	JJ162	119v	1508	1	2103.0	1.0	AI	AI	574.0	1.0	1.0	574.0	1199.0	805.0	valide	valide_AI_AM_AF
2027	26584.0	150	JJ162	119v	1509	2	2104.0	3.0	AM	AM	34.0	2.0	0.0	34.0	1013.0	1224.0	valide	valide_AI_AM_AF
2028	26584.0	150	JJ162	119v	1510	3	2105.0	2.0	AF	AF	37.0	3.0	0.0	37.0	1199.0	1333.0	valide	valide_AI_AM_AF
2029	26585.0	151	JJ162	121r	1511	1	2106.0	0.0	AC	AC	8.0	1.0	0.0	8.0	1058.0	948.0	valide	
2030	26586.0	152	JJ162	121r	1511	1	2107.0	1.0	AI	AI	950.0	1.0	0.0	950.0	1012.0	296.0	valide	valide_AI_AM_AF
2031	26586.0	152	JJ162	121r	1512	2	2108.0	3.0	AM	AM	3.0	2.0	12.0	3.0	1187.0	1355.0	valide	valide_AI_AM_AF
2032	26586.0	152	JJ162	121r	1513	3	2109.0	2.0	AF	AF	2.0	3.0	0.0	2.0	1199.0	295.0	valide	valide_AI_AM_AF
2033	26587.0	153	JJ162	122r	1513	1	2110.0	1.0	AI	AI	296.0	1.0	0.0	296.0	1001.0	955.0	valide	valide_AI_AM_AF
2034	26587.0	153	JJ162	122r	1514	2	2111.0	2.0	AF	AF	10.0	2.0	3.0	10.0	1196.0	643.0	valide	valide_AI_AM_AF
2035	26588.0	154	JJ162	122v	1514	1	2112.0	0.0	AC	AC	613.0	1.0	201.0	613.0	928.0	89.0	valide	
2036	26589.0	155	JJ162	122v	1514	1	2113.0	1.0	AI	AI	692.0	1.0	0.0	692.0	1200.0	642.0	valide	valide_AI_AM_AF
2037	26589.0	155	JJ162	122v	1515	2	2114.0	2.0	AF	AF	4.0	2.0	0.0	4.0	1200.0	431.0	valide	valide_AI_AM_AF
2038	26590.0	156	JJ162	123r	1515	1	2115.0	1.0	AI	AI	433.0	1.0	0.0	433.0	1026.0	816.0	valide	valide_AI_AM_AF
2039	26590.0	156	JJ162	123r	1516	2	2116.0	2.0	AF	AF	3.0	2.0	10.0	3.0	1189.0	668.0	valide	valide_AI_AM_AF
2040	26591.0	157	JJ162	123v	1516	1	2117.0	0.0	AC	AC	666.0	1.0	3.0	666.0	1196.0	684.0	valide	
2041	26592.0	158	JJ162	124r	1517	1	2118.0	1.0	AI	AI	12.0	1.0	0.0	12.0	1014.0	1241.0	valide	valide_AI_AM_AF
2042	26592.0	158	JJ162	124r	1518	2	2119.0	2.0	AF	AF	4.0	2.0	7.0	4.0	1193.0	717.0	valide	valide_AI_AM_AF
2043	26593.0	159	JJ162	124v	1518	1	2120.0	1.0	AI	AI	720.0	1.0	13.0	720.0	1187.0	631.0	valide	valide_AI_AM_AF
2044	26593.0	159	JJ162	124v	1519	2	2121.0	2.0	AF	AF	2.0	2.0	0.0	2.0	1200.0	515.0	valide	valide_AI_AM_AF
2045	26594.0	160	JJ162	125r	1519	1	2122.0	1.0	AI	AI	521.0	1.0	0.0	521.0	1031.0	729.0	valide	valide_AI_AM_AF
2046	26594.0	160	JJ162	125r	1520	2	2123.0	2.0	AF	AF	20.0	2.0	4.0	20.0	1196.0	1332.0	valide	valide_AI_AM_AF
2047	26595.0	161	JJ162	126r	1521	1	2124.0	0.0	AC	AC	17.0	1.0	0.0	17.0	1020.0	1251.0	valide	
2048	26596.0	162	JJ162	126v	1522	1	2127.0	1.0	AI	AI	446.0	1.0	4.0	446.0	1196.0	899.0	valide	valide_AI_AM_AF
2049	26596.0	162	JJ162	126v	1523	2	2128.0	2.0	AF	AF	4.0	2.0	0.0	4.0	1200.0	743.0	valide	valide_AI_AM_AF
2050	26597.0	163	JJ162	127r	1523	1	2129.0	1.0	AI	AI	745.0	1.0	0.0	745.0	1009.0	500.0	valide	valide_AI_AM_AF
2051	26597.0	163	JJ162	127r	1524	2	2130.0	3.0	AM	AM	14.0	2.0	24.0	14.0	1176.0	1330.0	valide	valide_AI_AM_AF
2052	26597.0	163	JJ162	127r	1525	3	2131.0	2.0	AF	AF	9.0	3.0	0.0	9.0	1200.0	843.0	valide	valide_AI_AM_AF
2053	26598.0	164	JJ162	128r	1525	1	2132.0	1.0	AI	AI	848.0	1.0	0.0	848.0	1000.0	393.0	valide	valide_AI_AM_AF
2054	26598.0	164	JJ162	128r	1526	2	2133.0	2.0	AF	AF	2.0	2.0	16.0	2.0	1184.0	886.0	valide	valide_AI_AM_AF
2055	26599.0	165	JJ162	128v	1526	1	2134.0	1.0	AI	AI	888.0	1.0	151.0	888.0	1049.0	436.0	valide	valide_AI_AM_AF
2056	26599.0	165	JJ162	128v	1527	2	2135.0	2.0	AF	AF	4.0	2.0	0.0	4.0	1200.0	696.0	valide	valide_AI_AM_AF
2057	26600.0	166	JJ162	129r	1527	1	2136.0	1.0	AI	AI	697.0	1.0	0.0	697.0	1033.0	546.0	valide	valide_AI_AM_AF
2058	26600.0	166	JJ162	129r	1528	2	2137.0	2.0	AF	AF	1.0	2.0	1.0	1.0	1198.0	621.0	valide	valide_AI_AM_AF
2059	26601.0	167	JJ162	129v	1528	1	2138.0	1.0	AI	AI	623.0	1.0	17.0	623.0	1181.0	727.0	valide	valide_AI_AM_AF
2060	26601.0	167	JJ162	129v	1529	2	2139.0	2.0	AF	AF	6.0	2.0	0.0	6.0	1200.0	585.0	valide	valide_AI_AM_AF
2061	26602.0	168	JJ162	130r	1529	1	2140.0	1.0	AI	AI	591.0	1.0	0.0	591.0	996.0	654.0	valide	valide_AI_AM_AF
2062	26602.0	168	JJ162	130r	1530	2	2141.0	2.0	AF	AF	6.0	2.0	2.0	6.0	1196.0	780.0	valide	valide_AI_AM_AF
2063	26603.0	169	JJ162	130v	1530	1	2142.0	1.0	AI	AI	783.0	1.0	4.0	783.0	1194.0	557.0	valide	valide_AI_AM_AF
2064	26603.0	169	JJ162	130v	1531	2	2143.0	3.0	AM	AM	5.0	2.0	0.0	5.0	989.0	1260.0	valide	valide_AI_AM_AF
2065	26603.0	169	JJ162	130v	1532	3	2144.0	2.0	AF	AF	13.0	3.0	4.0	13.0	1194.0	1346.0	valide	valide_AI_AM_AF
2066	26604.0	170	JJ162	132r	1533	1	2145.0	1.0	AI	AI	30.0	1.0	0.0	30.0	1006.0	1248.0	valide	valide_AI_AM_AF
2067	26604.0	170	JJ162	132r	1534	2	2146.0	2.0	AF	AF	10.0	2.0	1.0	10.0	1197.0	742.0	valide	valide_AI_AM_AF
2068	26605.0	171	JJ162	132v	1534	1	2147.0	1.0	AI	AI	751.0	1.0	3.0	751.0	1195.0	607.0	valide	valide_AI_AM_AF
2069	26605.0	171	JJ162	132v	1535	2	2148.0	2.0	AF	AF	11.0	2.0	0.0	11.0	1003.0	1274.0	valide	valide_AI_AM_AF
2070	26606.0	172	JJ162	133v	1536	1	2149.0	0.0	AC	AC	23.0	1.0	3.0	23.0	1196.0	1332.0	valide	
2071	26606.1	172bis	JJ162	134r	1537	1	2150.0	0.0	AC	AC	4.0	1.0	0.0	4.0	1196.0	325.0	valide	
2072	26607.0	173	JJ162	134r	1537	1	2151.0	0.0	AC	AC	327.0	1.0	0.0	327.0	1043.0	953.0	valide	
2073	26608.0	174	JJ162	134v	1538	1	2152.0	0.0	AC	AC	18.0	1.0	0.0	18.0	1197.0	824.0	valide	
2074	26609.0	175	JJ162	134v	1538	1	2153.0	1.0	AI	AI	836.0	1.0	2.0	836.0	1196.0	520.0	valide	valide_AI_AM_AF
2075	26609.0	175	JJ162	134v	1539	2	2154.0	3.0	AM	AM	4.0	2.0	0.0	4.0	1003.0	1281.0	valide	valide_AI_AM_AF
2076	26609.0	175	JJ162	134v	1540	3	2155.0	2.0	AF	AF	7.0	3.0	4.0	7.0	1196.0	990.0	valide	valide_AI_AM_AF
2077	26610.0	176	JJ162	135v	1540	1	2156.0	1.0	AI	AI	990.0	1.0	5.0	990.0	1195.0	354.0	valide	valide_AI_AM_AF
2078	26610.0	176	JJ162	135v	1541	2	2157.0	3.0	AM	AM	9.0	2.0	0.0	9.0	1024.0	1263.0	valide	valide_AI_AM_AF
2079	26610.0	176	JJ162	135v	1542	3	2158.0	2.0	AF	AF	12.0	3.0	8.0	12.0	1192.0	582.0	valide	valide_AI_AM_AF
2080	26611.0	177	JJ162	136v	1542	1	2159.0	1.0	AI	AI	589.0	1.0	9.0	589.0	1191.0	751.0	valide	valide_AI_AM_AF
2081	26611.0	177	JJ162	136v	1543	2	2160.0	3.0	AM	AM	9.0	2.0	0.0	9.0	1027.0	1271.0	valide	valide_AI_AM_AF
2082	26611.0	177	JJ162	136v	1544	3	2161.0	3.0	AM	AM	7.0	3.0	22.0	7.0	1178.0	1336.0	valide	valide_AI_AM_AF
2083	26611.0	177	JJ162	136v	1545	4	2162.0	2.0	AF	AF	5.0	4.0	0.0	5.0	1199.0	393.0	valide	valide_AI_AM_AF
2084	26612.0	178	JJ162	138r	1545	1	2163.0	1.0	AI	AI	396.0	1.0	0.0	396.0	1029.0	884.0	valide	valide_AI_AM_AF
2085	26612.0	178	JJ162	138r	1546	2	2164.0	2.0	AF	AF	28.0	2.0	7.0	28.0	1193.0	1318.0	valide	valide_AI_AM_AF
2086	26613.0	179	JJ162	139r	1547	1	2165.0	1.0	AI	AI	19.0	1.0	0.0	19.0	1024.0	1234.0	valide	valide_AI_AM_AF
2087	26613.0	179	JJ162	139r	1548	2	2166.0	2.0	AF	AF	23.0	2.0	10.0	23.0	1190.0	1323.0	valide	valide_AI_AM_AF
2088	26614.0	180	JJ162	140r	1549	1	2167.0	1.0	AI	AI	6.0	1.0	0.0	6.0	1029.0	1262.0	valide	valide_AI_AM_AF
2089	26614.0	180	JJ162	140r	1550	2	2168.0	2.0	AF	AF	10.0	2.0	11.0	10.0	1189.0	771.0	valide	valide_AI_AM_AF
2090	26615.0	181	JJ162	140v	1550	1	2169.0	1.0	AI	AI	775.0	1.0	4.0	775.0	1196.0	567.0	valide	valide_AI_AM_AF
2091	26615.0	181	JJ162	140v	1551	2	2170.0	2.0	AF	AF	4.0	2.0	0.0	4.0	1011.0	1254.0	valide	valide_AI_AM_AF
2092	26616.0	182	JJ162	141v	1552	1	2171.0	1.0	AI	AI	35.0	1.0	115.0	35.0	1085.0	1307.0	valide	valide_AI_AM_AF
2093	26616.0	182	JJ162	141v	1553	2	2172.0	2.0	AF	AF	3.0	2.0	0.0	3.0	1200.0	829.0	valide	valide_AI_AM_AF
2094	26617.0	183	JJ162	142r	1553	1	2173.0	1.0	AI	AI	833.0	1.0	0.0	833.0	1113.0	411.0	valide	valide_AI_AM_AF
2095	26617.0	183	JJ162	142r	1554	2	2174.0	2.0	AF	AF	6.0	2.0	0.0	6.0	1199.0	789.0	valide	valide_AI_AM_AF
2096	26618.0	184	JJ162	142v	1554	1	2175.0	1.0	AI	AI	793.0	1.0	12.0	793.0	1188.0	523.0	valide	valide_AI_AM_AF
2097	26618.0	184	JJ162	142v	1555	2	2176.0	3.0	AM	AM	6.0	2.0	0.0	6.0	1023.0	1270.0	valide	valide_AI_AM_AF
2098	26618.0	184	JJ162	142v	1556	3	2177.0	3.0	AM	AM	26.0	3.0	221.0	26.0	978.0	1316.0	valide	valide_AI_AM_AF
2099	26618.0	184	JJ162	142v	1557	4	2178.0	2.0	AF	AF	4.0	4.0	0.0	4.0	1199.0	338.0	valide	valide_AI_AM_AF
2100	26619.0	185	JJ162	144r	1557	1	2179.0	1.0	AI	AI	343.0	1.0	0.0	343.0	1011.0	938.0	valide	valide_AI_AM_AF
2101	26619.0	185	JJ162	144r	1558	2	2180.0	3.0	AM	AM	22.0	2.0	4.0	22.0	1196.0	1322.0	valide	valide_AI_AM_AF
2102	26619.0	185	JJ162	144r	1559	3	2181.0	2.0	AF	AF	6.0	3.0	0.0	6.0	1200.0	612.0	valide	valide_AI_AM_AF
2103	26620.0	186	JJ162	145r	1559	1	2182.0	0.0	AC	AC	593.0	1.0	0.0	593.0	1050.0	97.0	valide	
2104	26621.0	187	JJ162	145r	1559	1	2183.0	1.0	AI	AI	686.0	1.0	0.0	686.0	1045.0	556.0	valide	valide_AI_AM_AF
2105	26621.0	187	JJ162	145r	1560	2	2184.0	2.0	AF	AF	7.0	2.0	16.0	7.0	1183.0	712.0	valide	valide_AI_AM_AF
2106	26622.0	188	JJ162	145v	1560	1	2185.0	1.0	AI	AI	718.0	1.0	21.0	718.0	1179.0	621.0	valide	valide_AI_AM_AF
2107	26622.0	188	JJ162	145v	1561	2	2186.0	3.0	AM	AM	9.0	2.0	0.0	9.0	1081.0	1251.0	valide	valide_AI_AM_AF
2108	26622.0	188	JJ162	145v	1562	3	2187.0	3.0	AM	AM	11.0	3.0	7.0	11.0	1193.0	1340.0	valide	valide_AI_AM_AF
2109	26622.0	188	JJ162	145v	1563	4	2188.0	2.0	AF	AF	5.0	4.0	0.0	5.0	1199.0	954.0	valide	valide_AI_AM_AF
2110	26623.0	189	JJ162	147r	1563	1	2189.0	1.0	AI	AI	952.0	1.0	0.0	952.0	1059.0	291.0	valide	valide_AI_AM_AF
2111	26623.0	189	JJ162	147r	1564	2	2190.0	2.0	AF	AF	4.0	2.0	11.0	4.0	1189.0	1347.0	valide	valide_AI_AM_AF
2112	26624.0	190	JJ162	148r	1565	1	2191.0	1.0	AI	AI	17.0	1.0	0.0	17.0	1030.0	1257.0	valide	valide_AI_AM_AF
2113	26624.0	190	JJ162	148r	1566	2	2192.0	3.0	AM	AM	2.0	2.0	3.0	2.0	1197.0	1347.0	valide	valide_AI_AM_AF
2114	26624.0	190	JJ162	148r	1567	3	2193.0	2.0	AF	AF	10.0	3.0	0.0	10.0	1038.0	555.0	valide	valide_AI_AM_AF
2115	26625.0	191	JJ162	149r	1567	1	2194.0	1.0	AI	AI	564.0	1.0	0.0	564.0	1044.0	684.0	valide	valide_AI_AM_AF
2116	26625.0	191	JJ162	149r	1568	2	2195.0	2.0	AF	AF	10.0	2.0	5.0	10.0	1194.0	811.0	valide	valide_AI_AM_AF
2117	26626.0	192	JJ162	149v	1568	1	2196.0	1.0	AI	AI	816.0	1.0	0.0	816.0	1200.0	504.0	valide	valide_AI_AM_AF
2118	26626.0	192	JJ162	149v	1569	2	2197.0	2.0	AF	AF	9.0	2.0	0.0	9.0	1029.0	1262.0	valide	valide_AI_AM_AF
2119	26627.0	193	JJ162	150v	1570	1	2198.0	1.0	AI	AI	29.0	1.0	0.0	29.0	1200.0	1311.0	valide	valide_AI_AM_AF
2120	26627.0	193	JJ162	150v	1571	2	2199.0	2.0	AF	AF	10.0	2.0	0.0	10.0	1020.0	1257.0	valide	valide_AI_AM_AF
2121	26628.0	194	JJ162	151v	1572	1	2200.0	1.0	AI	AI	9.0	1.0	4.0	9.0	1195.0	1338.0	valide	valide_AI_AM_AF
2122	26628.0	194	JJ162	151v	1573	2	2201.0	2.0	AF	AF	4.0	2.0	0.0	4.0	1200.0	490.0	valide	valide_AI_AM_AF
2123	26629.0	195	JJ162	152r	1573	1	2202.0	1.0	AI	AI	493.0	1.0	0.0	493.0	1041.0	764.0	valide	valide_AI_AM_AF
2124	26629.0	195	JJ162	152r	1574	2	2203.0	2.0	AF	AF	0.0	2.0	116.0	0.0	1084.0	1351.0	valide	valide_AI_AM_AF
2125	26630.0	196	JJ162	153r	1575	1	2204.0	1.0	AI	AI	18.0	1.0	0.0	18.0	1003.0	1245.0	valide	valide_AI_AM_AF
2126	26630.0	196	JJ162	153r	1576	2	2205.0	2.0	AF	AF	1.0	2.0	0.0	1.0	1199.0	291.0	valide	valide_AI_AM_AF
2127	26631.0	197	JJ162	153v	1576	1	2206.0	1.0	AI	AI	290.0	1.0	1.0	290.0	1199.0	1058.0	valide	valide_AI_AM_AF
2128	26631.0	197	JJ162	153v	1577	2	2207.0	2.0	AF	AF	6.0	2.0	0.0	6.0	1033.0	815.0	valide	valide_AI_AM_AF
2129	26632.0	198	JJ162	154r	1577	1	2208.0	1.0	AI	AI	820.0	1.0	2.0	820.0	1017.0	431.0	valide	valide_AI_AM_AF
2130	26632.0	198	JJ162	154r	1578	2	2209.0	3.0	AM	AM	2.0	2.0	207.0	2.0	993.0	1347.0	valide	valide_AI_AM_AF
2131	26632.0	198	JJ162	154r	1579	3	2210.0	2.0	AF	AF	14.0	3.0	0.0	14.0	1017.0	572.0	valide	valide_AI_AM_AF
2132	26633.0	199	JJ162	155r	1579	1	2211.0	1.0	AI	AI	586.0	1.0	1.0	586.0	991.0	664.0	valide	valide_AI_AM_AF
2133	26633.0	199	JJ162	155r	1580	2	2212.0	2.0	AF	AF	15.0	2.0	1.0	15.0	1199.0	1334.0	valide	valide_AI_AM_AF
2134	26634.0	180bis	JJ162	156r	1581	1	2213.0	0.0	AC	AC	17.0	1.0	0.0	17.0	1028.0	1258.0	valide	
2135	26635.0	181bis	JJ162	156v	1582	1	2214.0	1.0	AI	AI	9.0	1.0	4.0	9.0	1196.0	1334.0	valide	valide_AI_AM_AF
2136	26635.0	181bis	JJ162	156v	1583	2	2215.0	2.0	AF	AF	3.0	2.0	0.0	3.0	1040.0	508.0	valide	valide_AI_AM_AF
2137	26636.0	182bis	JJ162	157r	1583	1	2216.0	1.0	AI	AI	512.0	1.0	0.0	512.0	1022.0	741.0	valide	valide_AI_AM_AF
2138	26636.0	182bis	JJ162	157r	1584	2	2217.0	2.0	AF	AF	2.0	2.0	12.0	2.0	1188.0	519.0	valide	valide_AI_AM_AF
2139	26637.0	183bis	JJ162	157v	1584	1	2218.0	1.0	AI	AI	521.0	1.0	13.0	521.0	1187.0	827.0	valide	valide_AI_AM_AF
2140	26637.0	183bis	JJ162	157v	1585	2	2219.0	2.0	AF	AF	5.0	2.0	0.0	5.0	1030.0	825.0	valide	valide_AI_AM_AF
2141	26638.0	184bis	JJ162	158r	1585	1	2220.0	1.0	AI	AI	830.0	1.0	2.0	830.0	988.0	421.0	valide	valide_AI_AM_AF
2142	26638.0	184bis	JJ162	158r	1586	2	2221.0	3.0	AM	AM	1.0	2.0	123.0	1.0	1077.0	1346.0	valide	valide_AI_AM_AF
2143	26638.0	184bis	JJ162	158r	1587	3	2222.0	2.0	AF	AF	4.0	3.0	0.0	4.0	1038.0	653.0	valide	valide_AI_AM_AF
2144	26639.0	185bis	JJ162	159r	1587	1	2223.0	1.0	AI	AI	655.0	1.0	0.0	655.0	1031.0	597.0	valide	valide_AI_AM_AF
2145	26639.0	185bis	JJ162	159r	1588	2	2224.0	2.0	AF	AF	2.0	2.0	11.0	2.0	1189.0	773.0	valide	valide_AI_AM_AF
2146	26640.0	186bis	JJ162	159v	1588	1	2225.0	1.0	AI	AI	772.0	1.0	24.0	772.0	1176.0	553.0	valide	valide_AI_AM_AF
2147	26640.0	186bis	JJ162	159v	1589	2	2226.0	3.0	AM	AM	2.0	2.0	0.0	2.0	1021.0	1246.0	valide	valide_AI_AM_AF
2148	26640.0	186bis	JJ162	159v	1590	3	2227.0	2.0	AF	AF	2.0	3.0	14.0	2.0	1186.0	472.0	valide	valide_AI_AM_AF
2149	26641.0	187bis	JJ162	160v	1590	1	2228.0	1.0	AI	AI	476.0	1.0	143.0	476.0	1057.0	869.0	valide	valide_AI_AM_AF
2150	26641.0	187bis	JJ162	160v	1591	2	2229.0	3.0	AM	AM	3.0	2.0	0.0	3.0	1029.0	1244.0	valide	valide_AI_AM_AF
2151	26641.0	187bis	JJ162	160v	1592	3	2230.0	2.0	AF	AF	1.0	3.0	4.0	1.0	1196.0	438.0	valide	valide_AI_AM_AF
2152	26642.0	188bis	JJ162	161v	1592	1	2231.0	0.0	AC	AC	433.0	1.0	20.0	433.0	1180.0	896.0	valide	
2153	26643.0	189bis	JJ162	162r	1593	1	2232.0	0.0	AC	AC	9.0	1.0	0.0	9.0	1025.0	682.0	valide	
2154	26644.0	190bis	JJ162	162r	1593	1	2233.0	1.0	AI	AI	690.0	1.0	0.0	690.0	1041.0	560.0	valide	valide_AI_AM_AF
2155	26644.0	190bis	JJ162	162r	1594	2	2234.0	2.0	AF	AF	2.0	2.0	66.0	2.0	1132.0	664.0	valide	valide_AI_AM_AF
2156	26645.0	191bis	JJ162	162v	1594	1	2235.0	1.0	AI	AI	665.0	1.0	106.0	665.0	1092.0	672.0	valide	valide_AI_AM_AF
2157	26645.0	191bis	JJ162	162v	1595	2	2236.0	2.0	AF	AF	3.0	2.0	0.0	3.0	1031.0	478.0	valide	valide_AI_AM_AF
2158	26646.0	192bis	JJ162	163r	1595	1	2237.0	0.0	AC	AC	479.0	1.0	0.0	479.0	1046.0	774.0	valide	
2159	26647.0	193bis	JJ162	163v	1596	1	2238.0	0.0	AC	AC	3.0	1.0	3.0	3.0	1197.0	724.0	valide	
2160	26648.0	194bis	JJ162	163v	1596	1	2239.0	0.0	AC	AC	726.0	1.0	8.0	726.0	1192.0	619.0	valide	
2161	26649.0	194ter	JJ162	164r	1597	1	2240.0	1.0	AI	AI	7.0	1.0	0.0	7.0	1010.0	1278.0	valide	valide_AI_AM_AF
2162	26649.0	194ter	JJ162	164r	1598	2	2241.0	3.0	AM	AM	2.0	2.0	86.0	2.0	1114.0	1344.0	valide	valide_AI_AM_AF
2163	26649.0	194ter	JJ162	164r	1599	3	2242.0	3.0	AM	AM	9.0	3.0	0.0	9.0	1015.0	1276.0	valide	valide_AI_AM_AF
2164	26649.0	194ter	JJ162	164r	1600	4	2243.0	3.0	AM	AM	7.0	4.0	10.0	7.0	1190.0	1322.0	valide	valide_AI_AM_AF
2165	26649.0	194ter	JJ162	164r	1601	5	2244.0	3.0	AM	AM	9.0	5.0	0.0	9.0	1009.0	1265.0	valide	valide_AI_AM_AF
2166	26649.0	194ter	JJ162	164r	1602	6	2245.0	3.0	AM	AM	4.0	6.0	130.0	4.0	1069.0	1326.0	valide	valide_AI_AM_AF
2167	26649.0	194ter	JJ162	164r	1603	7	2246.0	3.0	AM	AM	4.0	7.0	0.0	4.0	1015.0	1278.0	valide	valide_AI_AM_AF
2168	26649.0	194ter	JJ162	164r	1604	8	2247.0	3.0	AM	AM	16.0	8.0	214.0	16.0	986.0	1329.0	valide	valide_AI_AM_AF
2169	26649.0	194ter	JJ162	164r	1605	9	2248.0	2.0	AF	AF	4.0	9.0	0.0	4.0	1032.0	672.0	valide	valide_AI_AM_AF
2170	26650.0	195bis	JJ162	168r	1605	1	2249.0	1.0	AI	AI	678.0	1.0	0.0	678.0	1047.0	591.0	valide	valide_AI_AM_AF
2171	26650.0	195bis	JJ162	168r	1606	2	2250.0	2.0	AF	AF	10.0	2.0	3.0	10.0	1196.0	726.0	valide	valide_AI_AM_AF
2172	26651.0	196bis	JJ162	168v	1606	1	2251.0	1.0	AI	AI	735.0	1.0	19.0	735.0	1181.0	605.0	valide	valide_AI_AM_AF
2173	26651.0	196bis	JJ162	168v	1607	2	2252.0	2.0	AF	AF	5.0	2.0	0.0	5.0	1198.0	759.0	valide	valide_AI_AM_AF
2174	26652.0	197bis	JJ162	169r	1607	1	2253.0	1.0	AI	AI	764.0	1.0	0.0	764.0	1033.0	490.0	valide	valide_AI_AM_AF
2175	26652.0	197bis	JJ162	169r	1608	2	2254.0	2.0	AF	AF	2.0	2.0	14.0	2.0	1186.0	1343.0	valide	valide_AI_AM_AF
2176	26653.0	198bis	JJ162	170r	1609	1	2255.0	1.0	AI	AI	7.0	1.0	0.0	7.0	1017.0	1259.0	valide	valide_AI_AM_AF
2177	26653.0	198bis	JJ162	170r	1610	2	2256.0	2.0	AF	AF	11.0	2.0	3.0	11.0	1196.0	624.0	valide	valide_AI_AM_AF
2178	26654.0	199bis	JJ162	170v	1610	1	2257.0	1.0	AI	AI	633.0	1.0	2.0	633.0	1198.0	677.0	valide	valide_AI_AM_AF
2179	26654.0	199bis	JJ162	170v	1611	2	2258.0	2.0	AF	AF	3.0	2.0	0.0	3.0	1200.0	856.0	valide	valide_AI_AM_AF
2180	26655.0	200	JJ162	171r	1611	1	2259.0	1.0	AI	AI	848.0	1.0	1.0	848.0	1028.0	432.0	valide	valide_AI_AM_AF
2181	26655.0	200	JJ162	171r	1612	2	2260.0	2.0	AF	AF	18.0	2.0	5.0	18.0	1195.0	859.0	valide	valide_AI_AM_AF
2182	26656.0	201	JJ162	171v	1612	1	2261.0	0.0	AC	AC	859.0	1.0	233.0	859.0	922.0	78.0	valide	
2183	26657.0	202	JJ162	171v	1612	1	2262.0	1.0	AI	AI	926.0	1.0	42.0	926.0	1157.0	417.0	valide	valide_AI_AM_AF
2184	26657.0	202	JJ162	171v	1613	2	2263.0	2.0	AF	AF	7.0	2.0	0.0	7.0	1012.0	753.0	valide	valide_AI_AM_AF
2185	26658.0	203	JJ162	172r	1613	1	2264.0	1.0	AI	AI	759.0	1.0	1.0	759.0	1036.0	501.0	valide	valide_AI_AM_AF
2186	26658.0	203	JJ162	172r	1614	2	2265.0	3.0	AM	AM	24.0	2.0	14.0	24.0	1185.0	1320.0	valide	valide_AI_AM_AF
2187	26658.0	203	JJ162	172r	1615	3	2266.0	2.0	AF	AF	5.0	3.0	1.0	5.0	1026.0	1257.0	valide	valide_AI_AM_AF
2188	26659.0	204	JJ162	173v	1616	1	2267.0	1.0	AI	AI	40.0	1.0	3.0	40.0	1197.0	1299.0	valide	valide_AI_AM_AF
2189	26659.0	204	JJ162	173v	1617	2	2268.0	2.0	AF	AF	1.0	2.0	0.0	1.0	1139.0	317.0	valide	valide_AI_AM_AF
2190	26660.0	205	JJ162	174r	1617	1	2269.0	0.0	AC	AC	284.0	1.0	28.0	284.0	637.0	44.0	valide	
2191	26661.0	206	JJ162	174r	1617	1	2270.0	1.0	AI	AI	320.0	1.0	0.0	320.0	1025.0	946.0	valide	valide_AI_AM_AF
2192	26661.0	206	JJ162	174r	1618	2	2271.0	2.0	AF	AF	4.0	2.0	16.0	4.0	1184.0	473.0	valide	valide_AI_AM_AF
2193	26662.0	207	JJ162	174v	1618	1	2272.0	1.0	AI	AI	476.0	1.0	120.0	476.0	1080.0	855.0	valide	valide_AI_AM_AF
2194	26662.0	207	JJ162	174v	1619	2	2273.0	2.0	AF	AF	6.0	2.0	0.0	6.0	1020.0	721.0	valide	valide_AI_AM_AF
2195	26663.0	208	JJ162	175r	1619	1	2274.0	1.0	AI	AI	724.0	1.0	0.0	724.0	1040.0	572.0	valide	valide_AI_AM_AF
2196	26663.0	208	JJ162	175r	1620	2	2275.0	3.0	AM	AM	2.0	2.0	147.0	2.0	1053.0	1343.0	valide	valide_AI_AM_AF
2197	26663.0	208	JJ162	175r	1621	3	2276.0	2.0	AF	AF	7.0	3.0	0.0	7.0	993.0	506.0	valide	valide_AI_AM_AF
2198	26664.0	209	JJ162	176r	1621	1	2277.0	1.0	AI	AI	512.0	1.0	0.0	512.0	999.0	798.0	valide	valide_AI_AM_AF
2199	26664.0	209	JJ162	176r	1622	2	2278.0	3.0	AM	AM	3.0	2.0	124.0	3.0	1076.0	1341.0	valide	valide_AI_AM_AF
2200	26664.0	209	JJ162	176r	1623	3	2279.0	2.0	AF	AF	3.0	3.0	0.0	3.0	1024.0	853.0	valide	valide_AI_AM_AF
2201	26665.0	210	JJ162	177r	1623	1	2280.0	1.0	AI	AI	854.0	1.0	0.0	854.0	1020.0	408.0	valide	valide_AI_AM_AF
2202	26665.0	210	JJ162	177r	1624	2	2281.0	2.0	AF	AF	5.0	2.0	6.0	5.0	1194.0	1339.0	valide	valide_AI_AM_AF
2203	26666.0	211	JJ162	178r	1625	1	2282.0	1.0	AI	AI	10.0	1.0	0.0	10.0	1026.0	1279.0	valide	valide_AI_AM_AF
2204	26666.0	211	JJ162	178r	1626	2	2283.0	3.0	AM	AM	2.0	2.0	18.0	2.0	1182.0	1339.0	valide	valide_AI_AM_AF
2205	26666.0	211	JJ162	178r	1627	3	2284.0	3.0	AM	AM	5.0	3.0	0.0	5.0	1024.0	1281.0	valide	valide_AI_AM_AF
2206	26666.0	211	JJ162	178r	1628	4	2285.0	2.0	AF	AF	5.0	4.0	13.0	5.0	1187.0	633.0	valide	valide_AI_AM_AF
2207	26667.0	212	JJ162	179v	1628	1	2286.0	1.0	AI	AI	636.0	1.0	30.0	636.0	1170.0	688.0	valide	valide_AI_AM_AF
2208	26667.0	212	JJ162	179v	1629	2	2287.0	2.0	AF	AF	3.0	2.0	0.0	3.0	1033.0	895.0	valide	valide_AI_AM_AF
2209	26668.0	213	JJ162	180r	1629	1	2288.0	1.0	AI	AI	900.0	1.0	0.0	900.0	1039.0	362.0	valide	valide_AI_AM_AF
2210	26668.0	213	JJ162	180r	1630	2	2289.0	2.0	AF	AF	3.0	2.0	68.0	3.0	1132.0	1341.0	valide	valide_AI_AM_AF
2211	26669.0	214	JJ162	181r	1631	1	2290.0	1.0	AI	AI	26.0	1.0	0.0	26.0	1016.0	1258.0	valide	valide_AI_AM_AF
2212	26669.0	214	JJ162	181r	1632	2	2291.0	2.0	AF	AF	3.0	2.0	11.0	3.0	1188.0	569.0	valide	valide_AI_AM_AF
2213	26670.0	215	JJ162	181v	1632	1	2292.0	1.0	AI	AI	569.0	1.0	25.0	569.0	1175.0	750.0	valide	valide_AI_AM_AF
2214	26670.0	215	JJ162	181v	1633	2	2293.0	2.0	AF	AF	6.0	2.0	1.0	6.0	1050.0	586.0	valide	valide_AI_AM_AF
2215	26671.0	216	JJ162	182r	1633	1	2294.0	1.0	AI	AI	593.0	1.0	0.0	593.0	1007.0	693.0	valide	valide_AI_AM_AF
2216	26671.0	216	JJ162	182r	1634	2	2295.0	3.0	AM	AM	3.0	2.0	47.0	3.0	1153.0	1333.0	valide	valide_AI_AM_AF
2217	26671.0	216	JJ162	182r	1635	3	2296.0	2.0	AF	AF	2.0	3.0	1.0	2.0	1006.0	429.0	valide	valide_AI_AM_AF
2218	26672.0	217	JJ162	183r	1635	1	2297.0	1.0	AI	AI	430.0	1.0	1.0	430.0	1046.0	844.0	valide	valide_AI_AM_AF
2219	26672.0	217	JJ162	183r	1636	2	2298.0	3.0	AM	AM	1.0	2.0	164.0	1.0	1035.0	1336.0	valide	valide_AI_AM_AF
2220	26672.0	217	JJ162	183r	1637	3	2299.0	2.0	AF	AF	3.0	3.0	1.0	3.0	1035.0	589.0	valide	valide_AI_AM_AF
2221	26673.0	218	JJ162	184r	1637	1	2300.0	1.0	AI	AI	593.0	1.0	0.0	593.0	1052.0	689.0	valide	valide_AI_AM_AF
2222	26673.0	218	JJ162	184r	1638	2	2301.0	3.0	AM	AM	1.0	2.0	203.0	1.0	996.0	1334.0	valide	valide_AI_AM_AF
2223	26673.0	218	JJ162	184r	1639	3	2302.0	2.0	AF	AF	0.0	3.0	1.0	0.0	1026.0	1266.0	valide	valide_AI_AM_AF
2224	26674.0	219	JJ162	185v	1640	1	2303.0	0.0	AC	AC	5.0	1.0	9.0	5.0	1191.0	705.0	valide	
2225	26675.0	220	JJ162	185v	1640	1	2304.0	0.0	AC	AC	709.0	1.0	61.0	709.0	1138.0	620.0	valide	
2226	26676.0	221	JJ162	186r	1641	1	2305.0	1.0	AI	AI	13.0	1.0	1.0	13.0	1044.0	1284.0	valide	valide_AI_AM_AF
2227	26676.0	221	JJ162	186r	1642	2	2306.0	2.0	AF	AF	2.0	2.0	9.0	2.0	1191.0	475.0	valide	valide_AI_AM_AF
2228	26677.0	222	JJ162	186v	1642	1	2307.0	0.0	AC	AC	464.0	1.0	243.0	464.0	907.0	51.0	valide	
2229	26678.0	223	JJ162	186v	1642	1	2308.0	1.0	AI	AI	491.0	1.0	169.0	491.0	1030.0	845.0	valide	valide_AI_AM_AF
2230	26678.0	223	JJ162	186v	1643	2	2309.0	3.0	AM	AM	0.0	2.0	0.0	0.0	1038.0	1267.0	valide	valide_AI_AM_AF
2231	26678.0	223	JJ162	186v	1644	3	2310.0	2.0	AF	AF	2.0	3.0	15.0	2.0	1185.0	507.0	valide	valide_AI_AM_AF
2232	26679.0	224	JJ162	187v	1644	1	2311.0	1.0	AI	AI	509.0	1.0	191.0	509.0	1009.0	829.0	valide	valide_AI_AM_AF
2233	26679.0	224	JJ162	187v	1645	2	2312.0	2.0	AF	AF	24.0	2.0	1.0	24.0	1046.0	468.0	valide	valide_AI_AM_AF
2234	26680.0	225	JJ162	188r	1645	1	2313.0	1.0	AI	AI	492.0	1.0	0.0	492.0	1005.0	824.0	valide	valide_AI_AM_AF
2235	26680.0	225	JJ162	188r	1646	2	2314.0	3.0	AM	AM	2.0	2.0	27.0	2.0	1173.0	1320.0	valide	valide_AI_AM_AF
2236	26680.0	225	JJ162	188r	1647	3	2315.0	2.0	AF	AF	14.0	3.0	3.0	14.0	1197.0	419.0	valide	valide_AI_AM_AF
2237	26681.0	226	JJ162	189r	1647	1	2316.0	1.0	AI	AI	430.0	1.0	0.0	430.0	1049.0	864.0	valide	valide_AI_AM_AF
2238	26681.0	226	JJ162	189r	1648	2	2317.0	2.0	AF	AF	5.0	2.0	14.0	5.0	1185.0	512.0	valide	valide_AI_AM_AF
2239	26682.0	227	JJ162	189v	1648	1	2318.0	1.0	AI	AI	516.0	1.0	36.0	516.0	1164.0	796.0	valide	valide_AI_AM_AF
2240	26682.0	227	JJ162	189v	1649	2	2319.0	2.0	AF	AF	44.0	2.0	0.0	44.0	1009.0	434.0	valide	valide_AI_AM_AF
2241	26683.0	228	JJ162	190r	1649	1	2320.0	0.0	AC	AC	478.0	1.0	0.0	478.0	1052.0	824.0	valide	
2242	26684.0	229	JJ162	190v	1650	1	2321.0	1.0	AI	AI	5.0	1.0	187.0	5.0	1013.0	1322.0	valide	valide_AI_AM_AF
2243	26684.0	229	JJ162	190v	1651	2	2322.0	2.0	AF	AF	3.0	2.0	2.0	3.0	1198.0	394.0	valide	valide_AI_AM_AF
2244	26685.0	230	JJ162	191r	1651	1	2323.0	1.0	AI	AI	395.0	1.0	0.0	395.0	1007.0	904.0	valide	valide_AI_AM_AF
2245	26685.0	230	JJ162	191r	1652	2	2324.0	3.0	AM	AM	1.0	2.0	29.0	1.0	1171.0	1334.0	valide	valide_AI_AM_AF
2246	26685.0	230	JJ162	191r	1653	3	2325.0	2.0	AF	AF	18.0	3.0	0.0	18.0	1000.0	352.0	valide	valide_AI_AM_AF
2247	26686.0	231	JJ162	192r	1653	1	2326.0	0.0	AC	AC	369.0	1.0	0.0	369.0	1020.0	467.0	valide	
2248	26687.0	232	JJ162	192r	1653	1	2327.0	1.0	AI	AI	837.0	1.0	0.0	837.0	1047.0	438.0	valide	valide_AI_AM_AF
2249	26687.0	232	JJ162	192r	1654	2	2328.0	2.0	AF	AF	3.0	2.0	9.0	3.0	1191.0	673.0	valide	valide_AI_AM_AF
2250	26688.0	233	JJ162	192v	1654	1	2329.0	1.0	AI	AI	676.0	1.0	27.0	676.0	1172.0	626.0	valide	valide_AI_AM_AF
2251	26688.0	233	JJ162	192v	1655	2	2330.0	2.0	AF	AF	14.0	2.0	0.0	14.0	1031.0	1267.0	valide	valide_AI_AM_AF
2252	26689.0	234	JJ162	193v	1656	1	2331.0	0.0	AC	AC	8.0	1.0	11.0	8.0	1189.0	1325.0	valide	
2253	26690.0	235	JJ162	194r	1657	1	2332.0	1.0	AI	AI	37.0	1.0	0.0	37.0	1034.0	1250.0	valide	valide_AI_AM_AF
2254	26690.0	235	JJ162	194r	1658	2	2333.0	2.0	AF	AF	2.0	2.0	15.0	2.0	1185.0	455.0	valide	valide_AI_AM_AF
2255	26691.0	236	JJ162	194v	1658	1	2334.0	1.0	AI	AI	457.0	1.0	219.0	457.0	981.0	869.0	valide	valide_AI_AM_AF
2256	26691.0	236	JJ162	194v	1659	2	2335.0	2.0	AF	AF	5.0	2.0	3.0	5.0	1197.0	326.0	valide	valide_AI_AM_AF
2257	26692.0	237	JJ162	195r	1659	1	2336.0	1.0	AI	AI	332.0	1.0	0.0	332.0	1013.0	974.0	valide	valide_AI_AM_AF
2258	26692.0	237	JJ162	195r	1660	2	2337.0	2.0	AF	AF	1.0	2.0	19.0	1.0	1181.0	356.0	valide	valide_AI_AM_AF
2259	26693.0	238	JJ162	195v	1660	1	2338.0	1.0	AI	AI	354.0	1.0	191.0	354.0	1009.0	975.0	valide	valide_AI_AM_AF
2260	26693.0	238	JJ162	195v	1661	2	2339.0	3.0	AM	AM	36.0	2.0	0.0	36.0	1042.0	1286.0	valide	valide_AI_AM_AF
2261	26693.0	238	JJ162	195v	1662	3	2340.0	3.0	AM	AM	2.0	3.0	231.0	2.0	969.0	1325.0	valide	valide_AI_AM_AF
2262	26693.0	238	JJ162	195v	1663	4	2341.0	3.0	AM	AM	36.0	4.0	0.0	36.0	1031.0	1286.0	valide	valide_AI_AM_AF
2263	26693.0	238	JJ162	195v	1664	5	2342.0	2.0	AF	AF	2.0	5.0	10.0	2.0	1190.0	893.0	valide	valide_AI_AM_AF
2264	26694.0	239	JJ162	197v	1664	1	2343.0	1.0	AI	AI	894.0	1.0	254.0	894.0	946.0	413.0	valide	valide_AI_AM_AF
2265	26694.0	239	JJ162	197v	1665	2	2344.0	2.0	AF	AF	36.0	2.0	0.0	36.0	1046.0	454.0	valide	valide_AI_AM_AF
2266	26695.0	240	JJ162	198r	1665	1	2345.0	1.0	AI	AI	487.0	1.0	0.0	487.0	1004.0	791.0	valide	valide_AI_AM_AF
2267	26695.0	240	JJ162	198r	1666	2	2346.0	2.0	AF	AF	1.0	2.0	28.0	1.0	1172.0	317.0	valide	valide_AI_AM_AF
2268	26696.0	241	JJ162	198v	1666	1	2347.0	1.0	AI	AI	316.0	1.0	245.0	316.0	955.0	1009.0	valide	valide_AI_AM_AF
2269	26696.0	241	JJ162	198v	1667	2	2348.0	2.0	AF	AF	7.0	2.0	2.0	7.0	1198.0	271.0	valide	valide_AI_AM_AF
2270	26697.0	242	JJ162	199r	1667	1	2349.0	0.0	AC	AC	280.0	1.0	0.0	280.0	1014.0	592.0	valide	
2271	26698.0	243	JJ162	199r	1667	1	2350.0	1.0	AI	AI	872.0	1.0	0.0	872.0	1048.0	403.0	valide	valide_AI_AM_AF
2272	26698.0	243	JJ162	199r	1668	2	2351.0	2.0	AF	AF	9.0	2.0	10.0	9.0	1190.0	599.0	valide	valide_AI_AM_AF
2273	26699.0	244	JJ162	199v	1668	1	2352.0	1.0	AI	AI	607.0	1.0	96.0	607.0	1104.0	711.0	valide	valide_AI_AM_AF
2274	26699.0	244	JJ162	199v	1669	2	2353.0	2.0	AF	AF	27.0	2.0	0.0	27.0	1008.0	383.0	valide	valide_AI_AM_AF
2275	26700.0	245	JJ162	200r	1669	1	2354.0	1.0	AI	AI	412.0	1.0	0.0	412.0	1010.0	873.0	valide	valide_AI_AM_AF
2276	26700.0	245	JJ162	200r	1670	2	2355.0	2.0	AF	AF	3.0	2.0	181.0	3.0	1018.0	662.0	valide	valide_AI_AM_AF
2277	26701.0	246	JJ162	200v	1670	1	2356.0	1.0	AI	AI	666.0	1.0	255.0	666.0	945.0	652.0	valide	valide_AI_AM_AF
2278	26701.0	246	JJ162	200v	1671	2	2357.0	2.0	AF	AF	30.0	2.0	0.0	30.0	1038.0	769.0	valide	valide_AI_AM_AF
2279	26702.0	247	JJ162	201r	1671	1	2358.0	1.0	AI	AI	793.0	1.0	0.0	793.0	1047.0	481.0	valide	valide_AI_AM_AF
2280	26702.0	247	JJ162	201r	1672	2	2359.0	2.0	AF	AF	4.0	2.0	112.0	4.0	1088.0	1309.0	valide	valide_AI_AM_AF
2281	26703.0	248	JJ162	202r	1673	1	2360.0	0.0	AC	AC	8.0	1.0	0.0	8.0	1052.0	818.0	valide	
2282	26704.0	249	JJ162	202r	1673	1	2361.0	1.0	AI	AI	825.0	1.0	0.0	825.0	1049.0	492.0	valide	valide_AI_AM_AF
2283	26704.0	249	JJ162	202r	1674	2	2362.0	2.0	AF	AF	3.0	2.0	40.0	3.0	1160.0	504.0	valide	valide_AI_AM_AF
2284	26705.0	250	JJ162	202v	1674	1	2363.0	1.0	AI	AI	507.0	1.0	167.0	507.0	1033.0	783.0	valide	valide_AI_AM_AF
2285	26705.0	250	JJ162	202v	1675	2	2364.0	2.0	AF	AF	13.0	2.0	0.0	13.0	1039.0	1288.0	valide	valide_AI_AM_AF
2286	26706.0	251	JJ162	203v	1676	1	2365.0	0.0	AC	AC	5.0	1.0	8.0	5.0	1191.0	894.0	valide	
2287	26707.0	252	JJ162	203v	1676	1	2366.0	1.0	AI	AI	903.0	1.0	0.0	903.0	1200.0	384.0	valide	valide_AI_AM_AF
2288	26707.0	252	JJ162	203v	1677	2	2367.0	3.0	AM	AM	27.0	2.0	0.0	27.0	1062.0	1270.0	valide	valide_AI_AM_AF
2289	26707.0	252	JJ162	203v	1678	3	2368.0	2.0	AF	AF	2.0	3.0	5.0	2.0	1195.0	549.0	valide	valide_AI_AM_AF
2290	26708.0	253	JJ162	204v	1678	1	2369.0	0.0	AC	AC	525.0	1.0	230.0	525.0	917.0	33.0	valide	
2291	26708.1	253bis	JJ162	204v	1678	1	2370.0	0.0	AC	AC	553.0	1.0	335.0	553.0	511.0	21.0	valide	
2292	26708.2	253ter	JJ162	204v	1678	1	2371.0	0.0	AC	AC	575.0	1.0	420.0	575.0	409.0	18.0	valide	
2293	26709.0	254	JJ162	204v	1678	1	2372.0	1.0	AI	AI	605.0	1.0	115.0	605.0	1085.0	685.0	valide	valide_AI_AM_AF
2294	26709.0	254	JJ162	204v	1679	2	2373.0	2.0	AF	AF	8.0	2.0	0.0	8.0	1059.0	670.0	valide	valide_AI_AM_AF
2295	26710.0	255	JJ162	205r	1679	1	2374.0	1.0	AI	AI	676.0	1.0	0.0	676.0	1062.0	595.0	valide	valide_AI_AM_AF
2296	26710.0	255	JJ162	205r	1680	2	2375.0	2.0	AF	AF	3.0	2.0	7.0	3.0	1193.0	750.0	valide	valide_AI_AM_AF
2297	26711.0	256	JJ162	205v	1680	1	2376.0	0.0	AC	AC	750.0	1.0	206.0	750.0	994.0	79.0	valide	
2298	26712.0	257	JJ162	205v	1680	1	2377.0	1.0	AI	AI	824.0	1.0	10.0	824.0	1190.0	463.0	valide	valide_AI_AM_AF
2299	26712.0	257	JJ162	205v	1681	2	2378.0	3.0	AM	AM	14.0	2.0	0.0	14.0	1065.0	1261.0	valide	valide_AI_AM_AF
2300	26712.0	257	JJ162	205v	1682	3	2379.0	3.0	AM	AM	1.0	3.0	3.0	1.0	1197.0	1293.0	valide	valide_AI_AM_AF
2301	26712.0	257	JJ162	205v	1683	4	2380.0	2.0	AF	AF	2.0	4.0	2.0	2.0	1198.0	469.0	valide	valide_AI_AM_AF
2302	26713.0	258	JJ162	207r	1683	1	2381.0	0.0	AC	AC	470.0	1.0	0.0	470.0	1064.0	805.0	valide	
2303	26714.0	259	JJ162	207v	1684	1	2382.0	0.0	AC	AC	4.0	1.0	14.0	4.0	1186.0	1311.0	valide	
2304	26715.0	260	JJ162	208r	1685	1	2383.0	1.0	AI	AI	35.0	1.0	0.0	35.0	1015.0	1229.0	valide	valide_AI_AM_AF
2305	26715.0	260	JJ162	208r	1686	2	2384.0	2.0	AF	AF	0.0	2.0	18.0	0.0	1182.0	291.0	valide	valide_AI_AM_AF
2306	26716.0	261	JJ162	208v	1686	1	2385.0	0.0	AC	AC	288.0	1.0	112.0	288.0	1088.0	176.0	valide	
2307	26717.0	262	JJ162	208v	1686	1	2386.0	0.0	AC	AC	464.0	1.0	256.0	464.0	944.0	296.0	valide	
2308	26718.0	263	JJ162	208v	1686	1	2387.0	1.0	AI	AI	760.0	1.0	233.0	760.0	967.0	542.0	valide	valide_AI_AM_AF
2309	26718.0	263	JJ162	208v	1687	2	2388.0	2.0	AF	AF	23.0	2.0	0.0	23.0	1051.0	588.0	valide	valide_AI_AM_AF
2310	26719.0	264	JJ162	209r	1687	1	2389.0	1.0	AI	AI	611.0	1.0	0.0	611.0	1066.0	662.0	valide	valide_AI_AM_AF
2311	26719.0	264	JJ162	209r	1688	2	2390.0	2.0	AF	AF	0.0	2.0	0.0	0.0	1200.0	337.0	valide	valide_AI_AM_AF
2312	26720.0	265	JJ162	209v	1688	1	2391.0	0.0	AC	AC	333.0	1.0	246.0	333.0	954.0	990.0	valide	
2313	26721.0	266	JJ162	210r	1689	1	2392.0	1.0	AI	AI	37.0	1.0	1.0	37.0	1040.0	1251.0	valide	valide_AI_AM_AF
2314	26721.0	266	JJ162	210r	1690	2	2393.0	2.0	AF	AF	1.0	2.0	0.0	1.0	1200.0	343.0	valide	valide_AI_AM_AF
2315	26722.0	267	JJ162	210v	1690	1	2394.0	1.0	AI	AI	341.0	1.0	73.0	341.0	1127.0	985.0	valide	valide_AI_AM_AF
2316	26722.0	267	JJ162	210v	1691	2	2395.0	2.0	AF	AF	32.0	2.0	0.0	32.0	1036.0	388.0	valide	valide_AI_AM_AF
2317	26723.0	268	JJ162	211r	1691	1	2396.0	0.0	AC	AC	418.0	1.0	0.0	418.0	1019.0	523.0	valide	
2318	26724.0	269	JJ162	211r	1691	1	2397.0	1.0	AI	AI	941.0	1.0	0.0	941.0	1053.0	330.0	valide	valide_AI_AM_AF
2319	26724.0	269	JJ162	211r	1692	2	2398.0	2.0	AF	AF	1.0	2.0	15.0	1.0	1185.0	975.0	valide	valide_AI_AM_AF
2320	26725.0	270	JJ162	211v	1692	1	2399.0	1.0	AI	AI	972.0	1.0	185.0	972.0	1015.0	328.0	valide	valide_AI_AM_AF
2321	26725.0	270	JJ162	211v	1693	2	2400.0	2.0	AF	AF	5.0	2.0	0.0	5.0	1200.0	808.0	valide	valide_AI_AM_AF
2322	26726.0	271	JJ162	212r	1693	1	2401.0	1.0	AI	AI	807.0	1.0	0.0	807.0	1057.0	479.0	valide	valide_AI_AM_AF
2323	26726.0	271	JJ162	212r	1694	2	2402.0	2.0	AF	AF	2.0	2.0	0.0	2.0	1200.0	490.0	valide	valide_AI_AM_AF
2324	26727.0	272	JJ162	212v	1694	1	2403.0	0.0	AC	AC	491.0	1.0	249.0	491.0	951.0	832.0	valide	
2325	26728.0	274	JJ162	213r	1695	1	2404.0	1.0	AI	AI	32.0	1.0	0.0	32.0	1039.0	1249.0	valide	valide_AI_AM_AF
2326	26728.0	274	JJ162	213r	1696	2	2405.0	2.0	AF	AF	0.0	2.0	0.0	0.0	1200.0	318.0	valide	valide_AI_AM_AF
2327	26729.0	275	JJ162	213v	1696	1	2406.0	0.0	AC	AC	315.0	1.0	163.0	315.0	1037.0	1007.0	valide	
2328	26730.0	276	JJ162	214r	1697	1	2407.0	1.0	AI	AI	39.0	1.0	0.0	39.0	1008.0	1261.0	valide	valide_AI_AM_AF
2329	26730.0	276	JJ162	214r	1698	2	2408.0	2.0	AF	AF	1.0	2.0	1.0	1.0	1199.0	436.0	valide	valide_AI_AM_AF
2330	26731.0	277	JJ162	214v	1698	1	2409.0	0.0	AC	AC	412.0	1.0	220.0	412.0	959.0	74.0	valide	
2331	26732.0	278	JJ162	214v	1698	1	2410.0	1.0	AI	AI	478.0	1.0	229.0	478.0	971.0	815.0	valide	valide_AI_AM_AF
2332	26732.0	278	JJ162	214v	1699	2	2411.0	2.0	AF	AF	28.0	2.0	0.0	28.0	1065.0	631.0	valide	valide_AI_AM_AF
2333	26733.0	279	JJ162	215r	1699	1	2412.0	1.0	AI	AI	661.0	1.0	0.0	661.0	1003.0	619.0	valide	valide_AI_AM_AF
2334	26733.0	279	JJ162	215r	1700	2	2413.0	2.0	AF	AF	3.0	2.0	66.0	3.0	1134.0	675.0	valide	valide_AI_AM_AF
2335	26734.0	280	JJ162	215v	1700	1	2414.0	1.0	AI	AI	678.0	1.0	98.0	678.0	1102.0	613.0	valide	valide_AI_AM_AF
2336	26734.0	280	JJ162	215v	1701	2	2415.0	2.0	AF	AF	34.0	2.0	0.0	34.0	1028.0	403.0	valide	valide_AI_AM_AF
2337	26735.0	281	JJ162	216r	1701	1	2416.0	0.0	AC	AC	438.0	1.0	0.0	438.0	1036.0	851.0	valide	
2338	26736.0	282	JJ162	216v	1702	1	2417.0	1.0	AI	AI	10.0	1.0	202.0	10.0	998.0	1303.0	valide	valide_AI_AM_AF
2339	26736.0	282	JJ162	216v	1703	2	2418.0	2.0	AF	AF	1.0	2.0	3.0	1.0	1197.0	303.0	valide	valide_AI_AM_AF
2340	26737.0	283	JJ162	217r	1703	1	2419.0	1.0	AI	AI	301.0	1.0	1.0	301.0	1063.0	1011.0	valide	valide_AI_AM_AF
2341	26737.0	283	JJ162	217r	1704	2	2420.0	2.0	AF	AF	3.0	2.0	20.0	3.0	1180.0	530.0	valide	valide_AI_AM_AF
2342	26738.0	284	JJ162	217v	1704	1	2421.0	0.0	AC	AC	533.0	1.0	132.0	533.0	1068.0	764.0	valide	
2343	26739.0	285	JJ162	218r	1705	1	2422.0	1.0	AI	AI	35.0	1.0	0.0	35.0	1023.0	1288.0	valide	valide_AI_AM_AF
2344	26739.0	285	JJ162	218r	1706	2	2423.0	2.0	AF	AF	2.0	2.0	1.0	2.0	1199.0	583.0	valide	valide_AI_AM_AF
2345	26740.0	286	JJ162	218v	1706	1	2424.0	1.0	AI	AI	584.0	1.0	225.0	584.0	975.0	739.0	valide	valide_AI_AM_AF
2346	26740.0	286	JJ162	218v	1707	2	2425.0	3.0	AM	AM	20.0	2.0	1.0	20.0	1074.0	1312.0	valide	valide_AI_AM_AF
2347	26740.0	286	JJ162	218v	1708	3	2426.0	2.0	AF	AF	2.0	3.0	0.0	2.0	1200.0	774.0	valide	valide_AI_AM_AF
2348	26741.0	287	JJ162	219v	1708	1	2427.0	1.0	AI	AI	775.0	1.0	53.0	775.0	1147.0	514.0	valide	valide_AI_AM_AF
2349	26741.0	287	JJ162	219v	1709	2	2428.0	2.0	AF	AF	6.0	2.0	1.0	6.0	1142.0	652.0	valide	valide_AI_AM_AF
2350	26742.0	288	JJ162	220r	1709	1	2429.0	1.0	AI	AI	656.0	1.0	0.0	656.0	1052.0	637.0	valide	valide_AI_AM_AF
2351	26742.0	288	JJ162	220r	1710	2	2430.0	3.0	AM	AM	1.0	2.0	238.0	1.0	962.0	1323.0	valide	valide_AI_AM_AF
2352	26742.0	288	JJ162	220r	1711	3	2431.0	3.0	AM	AM	27.0	3.0	0.0	27.0	1068.0	1271.0	valide	valide_AI_AM_AF
2353	26742.0	288	JJ162	220r	1712	4	2432.0	3.0	AM	AM	1.0	4.0	132.0	1.0	1068.0	1318.0	valide	valide_AI_AM_AF
2354	26742.0	288	JJ162	220r	1713	5	2433.0	3.0	AM	AM	19.0	5.0	0.0	19.0	1071.0	1281.0	valide	valide_AI_AM_AF
2355	26742.0	288	JJ162	220r	1714	6	2434.0	3.0	AM	AM	2.0	6.0	247.0	2.0	953.0	1322.0	valide	valide_AI_AM_AF
2356	26742.0	288	JJ162	220r	1715	7	2435.0	3.0	AM	AM	2.0	7.0	0.0	2.0	1065.0	1318.0	valide	valide_AI_AM_AF
2357	26742.0	288	JJ162	220r	1716	8	2436.0	2.0	AF	AF	0.0	8.0	94.0	0.0	1106.0	1326.0	valide	valide_AI_AM_AF
2358	26743.0	289	JJ162	224r	1717	1	2437.0	1.0	AI	AI	27.0	1.0	0.0	27.0	1038.0	1294.0	valide	valide_AI_AM_AF
2359	26743.0	289	JJ162	224r	1718	2	2438.0	3.0	AM	AM	1.0	2.0	251.0	1.0	949.0	1323.0	valide	valide_AI_AM_AF
2360	26743.0	289	JJ162	224r	1719	3	2439.0	3.0	AM	AM	3.0	3.0	0.0	3.0	1055.0	1275.0	valide	valide_AI_AM_AF
2361	26743.0	289	JJ162	224r	1720	4	2440.0	2.0	AF	AF	2.0	4.0	5.0	2.0	1195.0	400.0	valide	valide_AI_AM_AF
2362	26744.0	290	JJ162	225v	1720	1	2441.0	1.0	AI	AI	403.0	1.0	164.0	403.0	1036.0	900.0	valide	valide_AI_AM_AF
2363	26744.0	290	JJ162	225v	1721	2	2442.0	2.0	AF	AF	10.0	2.0	2.0	10.0	1035.0	727.0	valide	valide_AI_AM_AF
2364	26745.0	291	JJ162	226r	1721	1	2443.0	1.0	AI	AI	720.0	1.0	0.0	720.0	1016.0	574.0	valide	valide_AI_AM_AF
2365	26745.0	291	JJ162	226r	1722	2	2444.0	2.0	AF	AF	3.0	2.0	0.0	3.0	1200.0	600.0	valide	valide_AI_AM_AF
2366	26746.0	292	JJ162	226v	1722	1	2445.0	1.0	AI	AI	603.0	1.0	176.0	603.0	1024.0	701.0	valide	valide_AI_AM_AF
2367	26746.0	292	JJ162	226v	1723	2	2446.0	2.0	AF	AF	9.0	2.0	1.0	9.0	1075.0	763.0	valide	valide_AI_AM_AF
2368	26747.0	293	JJ162	227r	1723	1	2447.0	1.0	AI	AI	771.0	1.0	0.0	771.0	1139.0	538.0	valide	valide_AI_AM_AF
2369	26747.0	293	JJ162	227r	1724	2	2448.0	2.0	AF	AF	2.0	2.0	4.0	2.0	1196.0	866.0	valide	valide_AI_AM_AF
2370	26748.0	294	JJ162	227v	1724	1	2449.0	1.0	AI	AI	868.0	1.0	45.0	868.0	1155.0	424.0	valide	valide_AI_AM_AF
2371	26748.0	294	JJ162	227v	1725	2	2450.0	2.0	AF	AF	26.0	2.0	2.0	26.0	1038.0	874.0	valide	valide_AI_AM_AF
2372	26749.0	295	JJ162	228r	1725	1	2451.0	1.0	AI	AI	895.0	1.0	0.0	895.0	1054.0	395.0	valide	valide_AI_AM_AF
2373	26749.0	295	JJ162	228r	1726	2	2452.0	2.0	AF	AF	5.0	2.0	0.0	5.0	1200.0	756.0	valide	valide_AI_AM_AF
2374	26750.0	296	JJ162	228v	1726	1	2453.0	1.0	AI	AI	760.0	1.0	13.0	760.0	1187.0	541.0	valide	valide_AI_AM_AF
2375	26750.0	296	JJ162	228v	1727	2	2454.0	2.0	AF	AF	41.0	2.0	1.0	41.0	1027.0	1278.0	valide	valide_AI_AM_AF
2376	26751.0	297	JJ162	229v	1728	1	2455.0	0.0	AC	AC	5.0	1.0	7.0	5.0	1193.0	1317.0	valide	
2377	26752.0	298	JJ162	230r	1729	1	2456.0	1.0	AI	AI	46.0	1.0	1.0	46.0	1028.0	1238.0	valide	valide_AI_AM_AF
2378	26752.0	298	JJ162	230r	1730	2	2457.0	2.0	AF	AF	1.0	2.0	118.0	1.0	1082.0	1296.0	valide	valide_AI_AM_AF
2379	26753.0	299	JJ162	231r	1731	1	2458.0	0.0	AC	AC	47.0	1.0	0.0	47.0	1049.0	776.0	valide	
2380	26754.0	300	JJ162	231r	1731	1	2459.0	1.0	AI	AI	821.0	1.0	0.0	821.0	1060.0	466.0	valide	valide_AI_AM_AF
2381	26754.0	300	JJ162	231r	1732	2	2460.0	2.0	AF	AF	2.0	2.0	12.0	2.0	1187.0	1331.0	valide	valide_AI_AM_AF
2382	26755.0	301	JJ162	232r	1733	1	2461.0	0.0	AC	AC	45.0	1.0	0.0	45.0	1068.0	1295.0	valide	
2383	26756.0	301bis	JJ162	232v	1734	1	2462.0	1.0	AI	AI	3.0	1.0	181.0	3.0	1019.0	1328.0	valide	valide_AI_AM_AF
2384	26756.0	301bis	JJ162	232v	1735	2	2463.0	2.0	AF	AF	36.0	2.0	1.0	36.0	1055.0	736.0	valide	valide_AI_AM_AF
2385	26757.0	302	JJ162	233r	1735	1	2464.0	1.0	AI	AI	769.0	1.0	0.0	769.0	1069.0	570.0	valide	valide_AI_AM_AF
2386	26757.0	302	JJ162	233r	1736	2	2465.0	2.0	AF	AF	2.0	2.0	17.0	2.0	1183.0	1315.0	valide	valide_AI_AM_AF
2387	26758.0	303	JJ162	234r	1737	1	2466.0	0.0	AC	AC	45.0	1.0	1.0	45.0	1041.0	1288.0	valide	
2388	26759.0	304	JJ162	234v	1738	1	2467.0	0.0	AC	AC	14.0	1.0	13.0	14.0	1186.0	1295.0	valide	
2389	26760.0	305	JJ162	235r	1739	1	2468.0	0.0	AC	AC	39.0	1.0	1.0	39.0	1055.0	1294.0	valide	
2390	26761.0	306	JJ162	235v	1740	1	2469.0	1.0	AI	AI	4.0	1.0	18.0	4.0	1181.0	1301.0	valide	valide_AI_AM_AF
2391	26761.0	306	JJ162	235v	1741	2	2470.0	2.0	AF	AF	17.0	2.0	1.0	17.0	1031.0	770.0	valide	valide_AI_AM_AF
2392	26762.0	307	JJ162	236r	1741	1	2471.0	1.0	AI	AI	775.0	1.0	1.0	775.0	1094.0	563.0	valide	valide_AI_AM_AF
2393	26762.0	307	JJ162	236r	1742	2	2472.0	2.0	AF	AF	6.0	2.0	4.0	6.0	1194.0	788.0	valide	valide_AI_AM_AF
2394	26763.0	308	JJ162	236v	1742	1	2473.0	1.0	AI	AI	791.0	1.0	110.0	791.0	1089.0	499.0	valide	valide_AI_AM_AF
2395	26763.0	308	JJ162	236v	1743	2	2474.0	2.0	AF	AF	4.0	2.0	2.0	4.0	1029.0	669.0	valide	valide_AI_AM_AF
2396	26764.0	309	JJ162	237r	1743	1	2475.0	1.0	AI	AI	668.0	1.0	0.0	668.0	1062.0	662.0	valide	valide_AI_AM_AF
2397	26764.0	309	JJ162	237r	1744	2	2476.0	2.0	AF	AF	1.0	2.0	4.0	1.0	1194.0	927.0	valide	valide_AI_AM_AF
2398	26765.0	310	JJ162	237v	1744	1	2477.0	1.0	AI	AI	929.0	1.0	168.0	929.0	1030.0	360.0	valide	valide_AI_AM_AF
2399	26765.0	310	JJ162	237v	1745	2	2478.0	2.0	AF	AF	17.0	2.0	1.0	17.0	1036.0	1313.0	valide	valide_AI_AM_AF
2400	26766.0	311	JJ162	238v	1746	1	2479.0	0.0	AC	AC	3.0	1.0	0.0	3.0	1199.0	1323.0	valide	
2401	26767.0	312	JJ162	239r	1747	1	2480.0	0.0	AC	AC	36.0	1.0	0.0	36.0	1066.0	1303.0	valide	
2402	26768.0	313	JJ162	239v	1748	1	2481.0	0.0	AC	AC	2.0	1.0	4.0	2.0	1195.0	1004.0	valide	
2403	26769.0	314	JJ162	239v	1748	1	2482.0	0.0	AC	AC	1005.0	1.0	0.0	1005.0	1199.0	286.0	valide	
2404	26770.0	315	JJ162	240r	1749	1	2483.0	1.0	AI	AI	46.0	1.0	1.0	46.0	1056.0	1303.0	valide	valide_AI_AM_AF
2405	26770.0	315	JJ162	240r	1750	2	2484.0	3.0	AM	AM	1.0	2.0	78.0	1.0	1121.0	1310.0	valide	valide_AI_AM_AF
2406	26770.0	315	JJ162	240r	1751	3	2485.0	3.0	AM	AM	45.0	3.0	0.0	45.0	1063.0	1284.0	valide	valide_AI_AM_AF
2407	26770.0	315	JJ162	240r	1752	4	2486.0	2.0	AF	AF	1.0	4.0	4.0	1.0	1195.0	952.0	valide	valide_AI_AM_AF
2408	26771.0	316	JJ162	241v	1752	1	2487.0	1.0	AI	AI	965.0	1.0	103.0	965.0	1095.0	323.0	valide	valide_AI_AM_AF
2409	26771.0	316	JJ162	241v	1753	2	2488.0	2.0	AF	AF	26.0	2.0	0.0	26.0	1090.0	601.0	valide	valide_AI_AM_AF
2410	26772.0	317	JJ162	242r	1753	1	2489.0	1.0	AI	AI	626.0	1.0	0.0	626.0	1065.0	706.0	valide	valide_AI_AM_AF
2411	26772.0	317	JJ162	242r	1754	2	2490.0	2.0	AF	AF	6.0	2.0	6.0	6.0	1193.0	662.0	valide	valide_AI_AM_AF
2412	26773.0	318	JJ162	242v	1754	1	2491.0	1.0	AI	AI	669.0	1.0	29.0	669.0	1170.0	635.0	valide	valide_AI_AM_AF
2413	26773.0	318	JJ162	242v	1755	2	2492.0	2.0	AF	AF	20.0	2.0	1.0	20.0	1045.0	595.0	valide	valide_AI_AM_AF
2414	26774.0	319	JJ162	243r	1755	1	2493.0	1.0	AI	AI	610.0	1.0	0.0	610.0	1067.0	741.0	valide	valide_AI_AM_AF
2415	26774.0	319	JJ162	243r	1756	2	2494.0	3.0	AM	AM	7.0	2.0	3.0	7.0	1197.0	1325.0	valide	valide_AI_AM_AF
2416	26774.0	319	JJ162	243r	1757	3	2495.0	3.0	AM	AM	41.0	3.0	0.0	41.0	1058.0	1279.0	valide	valide_AI_AM_AF
2417	26774.0	319	JJ162	243r	1758	4	2496.0	3.0	AM	AM	4.0	4.0	2.0	4.0	1198.0	1317.0	valide	valide_AI_AM_AF
2418	26774.0	319	JJ162	243r	1759	5	2497.0	3.0	AM	AM	3.0	5.0	0.0	3.0	1065.0	1332.0	valide	valide_AI_AM_AF
2419	26774.0	319	JJ162	243r	1760	6	2498.0	3.0	AM	AM	2.0	6.0	20.0	2.0	1180.0	1318.0	valide	valide_AI_AM_AF
2420	26774.0	319	JJ162	243r	1761	7	2499.0	3.0	AM	AM	22.0	7.0	0.0	22.0	1059.0	1321.0	valide	valide_AI_AM_AF
2421	26774.0	319	JJ162	243r	1762	8	2500.0	3.0	AM	AM	2.0	8.0	15.0	2.0	1185.0	1332.0	valide	valide_AI_AM_AF
2422	26774.0	319	JJ162	243r	1763	9	2501.0	3.0	AM	AM	12.0	9.0	1.0	12.0	1062.0	1338.0	valide	valide_AI_AM_AF
2423	26774.0	319	JJ162	243r	1764	10	2502.0	2.0	AF	AF	3.0	10.0	12.0	3.0	1187.0	1332.0	valide	valide_AI_AM_AF
2424	26775.0	320	JJ162	248r	1765	1	2503.0	0.0	AC	AC	43.0	1.0	0.0	43.0	1079.0	680.0	valide	
2425	26776.0	321	JJ162	248r	1765	1	2504.0	1.0	AI	AI	721.0	1.0	0.0	721.0	1063.0	629.0	valide	valide_AI_AM_AF
2426	26776.0	321	JJ162	248r	1766	2	2505.0	2.0	AF	AF	3.0	2.0	2.0	3.0	1197.0	782.0	valide	valide_AI_AM_AF
2427	26777.0	322	JJ162	248v	1766	1	2506.0	1.0	AI	AI	786.0	1.0	3.0	786.0	1196.0	520.0	valide	valide_AI_AM_AF
2428	26777.0	322	JJ162	248v	1767	2	2507.0	2.0	AF	AF	28.0	2.0	1.0	28.0	1046.0	921.0	valide	valide_AI_AM_AF
2429	26778.0	323	JJ162	249r	1767	1	2508.0	1.0	AI	AI	950.0	1.0	0.0	950.0	1066.0	400.0	valide	valide_AI_AM_AF
2430	26778.0	323	JJ162	249r	1768	2	2509.0	3.0	AM	AM	4.0	2.0	107.0	4.0	1093.0	1330.0	valide	valide_AI_AM_AF
2431	26778.0	323	JJ162	249r	1769	3	2510.0	3.0	AM	AM	43.0	3.0	0.0	43.0	1062.0	1306.0	valide	valide_AI_AM_AF
2432	26778.0	323	JJ162	249r	1770	4	2511.0	3.0	AM	AM	6.0	4.0	225.0	6.0	974.0	1331.0	valide	valide_AI_AM_AF
2433	26778.0	323	JJ162	249r	1771	5	2512.0	3.0	AM	AM	9.0	5.0	0.0	9.0	1061.0	1334.0	valide	valide_AI_AM_AF
2434	26778.0	323	JJ162	249r	1772	6	2513.0	2.0	AF	AF	4.0	6.0	12.0	4.0	1188.0	555.0	valide	valide_AI_AM_AF
2435	26779.0	324	JJ162	251v	1772	1	2514.0	1.0	AI	AI	558.0	1.0	33.0	558.0	1166.0	752.0	valide	valide_AI_AM_AF
2436	26779.0	324	JJ162	251v	1773	2	2515.0	2.0	AF	AF	23.0	2.0	1.0	23.0	1051.0	525.0	valide	valide_AI_AM_AF
2437	26780.0	325	JJ162	252r	1773	1	2516.0	1.0	AI	AI	550.0	1.0	0.0	550.0	1064.0	799.0	valide	valide_AI_AM_AF
2438	26780.0	325	JJ162	252r	1774	2	2517.0	2.0	AF	AF	4.0	2.0	77.0	4.0	1122.0	699.0	valide	valide_AI_AM_AF
2439	26781.0	326	JJ162	252v	1774	1	2518.0	1.0	AI	AI	701.0	1.0	102.0	701.0	1098.0	610.0	valide	valide_AI_AM_AF
2440	26781.0	326	JJ162	252v	1775	2	2519.0	2.0	AF	AF	30.0	2.0	0.0	30.0	1049.0	575.0	valide	valide_AI_AM_AF
2441	26782.0	327	JJ162	253r	1775	1	2520.0	1.0	AI	AI	606.0	1.0	0.0	606.0	1068.0	744.0	valide	valide_AI_AM_AF
2442	26782.0	327	JJ162	253r	1776	2	2521.0	2.0	AF	AF	0.0	2.0	0.0	0.0	1200.0	319.0	valide	valide_AI_AM_AF
2443	26783.0	328	JJ162	253v	1776	1	2522.0	1.0	AI	AI	319.0	1.0	173.0	319.0	1026.0	1008.0	valide	valide_AI_AM_AF
2444	26783.0	328	JJ162	253v	1777	2	2523.0	3.0	AM	AM	13.0	2.0	0.0	13.0	1064.0	1336.0	valide	valide_AI_AM_AF
2445	26783.0	328	JJ162	253v	1778	3	2524.0	3.0	AM	AM	2.0	3.0	132.0	2.0	1068.0	1330.0	valide	valide_AI_AM_AF
2446	26783.0	328	JJ162	253v	1779	4	2525.0	2.0	AF	AF	9.0	4.0	0.0	9.0	1185.0	356.0	valide	valide_AI_AM_AF
2447	26784.0	329	JJ162	255r	1779	1	2526.0	1.0	AI	AI	364.0	1.0	0.0	364.0	1065.0	984.0	valide	valide_AI_AM_AF
2448	26784.0	329	JJ162	255r	1780	2	2527.0	2.0	AF	AF	3.0	2.0	2.0	3.0	1198.0	329.0	valide	valide_AI_AM_AF
2449	26785.0	330	JJ162	255v	1780	1	2528.0	0.0	AC	AC	329.0	1.0	168.0	329.0	1032.0	1006.0	valide	
2450	26786.0	331	JJ162	256r	1781	1	2529.0	1.0	AI	AI	43.0	1.0	1.0	43.0	1062.0	1305.0	valide	valide_AI_AM_AF
2451	26786.0	331	JJ162	256r	1782	2	2530.0	3.0	AM	AM	2.0	2.0	249.0	2.0	951.0	1333.0	valide	valide_AI_AM_AF
2452	26786.0	331	JJ162	256r	1783	3	2531.0	3.0	AM	AM	42.0	3.0	1.0	42.0	1053.0	1308.0	valide	valide_AI_AM_AF
2453	26786.0	331	JJ162	256r	1784	4	2532.0	3.0	AM	AM	4.0	4.0	251.0	4.0	949.0	1332.0	valide	valide_AI_AM_AF
2454	26786.0	331	JJ162	256r	1785	5	2533.0	3.0	AM	AM	44.0	5.0	0.0	44.0	1062.0	1305.0	valide	valide_AI_AM_AF
2455	26786.0	331	JJ162	256r	1786	6	2534.0	2.0	AF	AF	4.0	6.0	249.0	4.0	951.0	1338.0	valide	valide_AI_AM_AF
2456	26787.0	332	JJ162	259r	1787	1	2535.0	1.0	AI	AI	46.0	1.0	0.0	46.0	1062.0	1300.0	valide	valide_AI_AM_AF
2457	26787.0	332	JJ162	259r	1788	2	2536.0	2.0	AF	AF	2.0	2.0	10.0	2.0	1190.0	357.0	valide	valide_AI_AM_AF
2458	26788.0	333	JJ162	259v	1788	1	2537.0	0.0	AC	AC	357.0	1.0	249.0	357.0	951.0	974.0	valide	
2459	26789.0	334	JJ162	260r	1789	1	2538.0	0.0	AC	AC	44.0	1.0	0.0	44.0	1054.0	807.0	valide	
2460	26790.0	335	JJ162	260r	1789	1	2539.0	1.0	AI	AI	836.0	1.0	0.0	836.0	1066.0	512.0	valide	valide_AI_AM_AF
2461	26790.0	335	JJ162	260r	1790	2	2540.0	2.0	AF	AF	9.0	2.0	126.0	9.0	1074.0	1317.0	valide	valide_AI_AM_AF
2462	26791.0	336	JJ162	261r	1791	1	2541.0	1.0	AI	AI	51.0	1.0	0.0	51.0	1057.0	1283.0	valide	valide_AI_AM_AF
2463	26791.0	336	JJ162	261r	1792	2	2542.0	3.0	AM	AM	6.0	2.0	128.0	6.0	1072.0	1309.0	valide	valide_AI_AM_AF
2464	26791.0	336	JJ162	261r	1793	3	2543.0	2.0	AF	AF	43.0	3.0	1.0	43.0	1062.0	319.0	valide	valide_AI_AM_AF
2465	26792.0	337	JJ162	262r	1793	1	2544.0	0.0	AC	AC	352.0	1.0	49.0	352.0	509.0	28.0	valide	
2466	26793.0	338	JJ162	262r	1793	1	2545.0	0.0	AC	AC	373.0	1.0	55.0	373.0	492.0	29.0	valide	
2467	26794.0	339	JJ162	262r	1793	1	2546.0	1.0	AI	AI	477.0	1.0	0.0	477.0	1062.0	875.0	valide	valide_AI_AM_AF
2468	26794.0	339	JJ162	262r	1794	2	2547.0	3.0	AM	AM	4.0	2.0	215.0	4.0	985.0	1310.0	valide	valide_AI_AM_AF
2469	26794.0	339	JJ162	262r	1795	3	2548.0	2.0	AF	AF	23.0	3.0	1.0	23.0	1054.0	787.0	valide	valide_AI_AM_AF
2470	26795.0	340	JJ162	263r	1795	1	2549.0	1.0	AI	AI	803.0	1.0	0.0	803.0	1066.0	543.0	valide	valide_AI_AM_AF
2471	26795.0	340	JJ162	263r	1796	2	2550.0	2.0	AF	AF	3.0	2.0	19.0	3.0	1181.0	1330.0	valide	valide_AI_AM_AF
2472	26796.0	341	JJ162	264r	1797	1	2551.0	1.0	AI	AI	45.0	1.0	0.0	45.0	1062.0	1305.0	valide	valide_AI_AM_AF
2473	26796.0	341	JJ162	264r	1798	2	2552.0	2.0	AF	AF	5.0	2.0	220.0	5.0	980.0	1308.0	valide	valide_AI_AM_AF
2474	26797.0	342	JJ162	265r	1799	1	2553.0	0.0	AC	AC	42.0	1.0	1.0	42.0	1073.0	1011.0	valide	
2475	26798.0	343	JJ162	265r	1799	1	2554.0	1.0	AI	AI	1055.0	1.0	1.0	1055.0	1133.0	331.0	valide	valide_AI_AM_AF
2476	26798.0	343	JJ162	265r	1800	2	2555.0	3.0	AM	AM	3.0	2.0	146.0	3.0	1054.0	1304.0	valide	valide_AI_AM_AF
2477	26798.0	343	JJ162	265r	1801	3	2556.0	2.0	AF	AF	27.0	3.0	1.0	27.0	1196.0	356.0	valide	valide_AI_AM_AF
2478	26799.0	344	JJ162	266r	1801	1	2557.0	0.0	AC	AC	376.0	1.0	1.0	376.0	1079.0	1010.0	valide	
2479	26800.0	346	JJ162	266v	1802	1	2558.0	0.0	AC	AC	18.0	1.0	190.0	18.0	1010.0	1290.0	valide	
2480	26801.0	347	JJ162	267r	1803	1	2559.0	0.0	AC	AC	49.0	1.0	1.0	49.0	1074.0	1338.0	valide	
2481	26802.0	348	JJ162	267v	1804	1	2560.0	0.0	AC	AC	10.0	1.0	7.0	10.0	1193.0	920.0	valide	
2482	26803.0	349	JJ162	267v	1804	1	2561.0	1.0	AI	AI	933.0	1.0	126.0	933.0	1074.0	369.0	valide	valide_AI_AM_AF
2483	26803.0	349	JJ162	267v	1805	2	2562.0	3.0	AM	AM	3.0	2.0	1.0	3.0	1074.0	1393.0	valide	valide_AI_AM_AF
2484	26803.0	349	JJ162	267v	1806	3	2563.0	2.0	AF	AF	3.0	3.0	8.0	3.0	1192.0	355.0	valide	valide_AI_AM_AF
2485	26804.0	350	JJ162	268v	1806	1	2564.0	1.0	AI	AI	356.0	1.0	195.0	356.0	1005.0	962.0	valide	valide_AI_AM_AF
2486	26804.0	350	JJ162	268v	1807	2	2565.0	2.0	AF	AF	1.0	2.0	4.0	1.0	1195.0	319.0	valide	valide_AI_AM_AF
2487	26805.0	351	JJ162	269r	1807	1	2566.0	0.0	AC	AC	273.0	1.0	2.0	273.0	862.0	48.0	valide	
2488	26806.0	352	JJ162	269r	1807	1	2567.0	1.0	AI	AI	317.0	1.0	0.0	317.0	1099.0	1074.0	valide	valide_AI_AM_AF
2489	26806.0	352	JJ162	269r	1808	2	2568.0	2.0	AF	AF	4.0	2.0	190.0	4.0	1010.0	1316.0	valide	valide_AI_AM_AF
2490	26807.0	353	JJ162	270r	1809	1	2569.0	1.0	AI	AI	6.0	1.0	0.0	6.0	1084.0	1391.0	valide	valide_AI_AM_AF
2491	26807.0	353	JJ162	270r	1810	2	2570.0	3.0	AM	AM	2.0	2.0	174.0	2.0	1026.0	1320.0	valide	valide_AI_AM_AF
2492	26807.0	353	JJ162	270r	1811	3	2571.0	2.0	AF	AF	3.0	3.0	1.0	3.0	1192.0	517.0	valide	valide_AI_AM_AF
2493	26808.0	354	JJ162	271r	1811	1	2572.0	1.0	AI	AI	517.0	1.0	0.0	517.0	1023.0	885.0	valide	valide_AI_AM_AF
2494	26808.0	354	JJ162	271r	1812	2	2573.0	2.0	AF	AF	1.0	2.0	11.0	1.0	1189.0	346.0	valide	valide_AI_AM_AF
2495	26809.0	355	JJ162	271v	1812	1	2574.0	0.0	AC	AC	344.0	1.0	231.0	344.0	969.0	978.0	valide	
2496	26810.0	356	JJ162	272r	1813	1	2575.0	0.0	AC	AC	6.0	1.0	1.0	6.0	1079.0	989.0	valide	
2497	26811.0	357	JJ162	272r	1813	1	2576.0	1.0	AI	AI	984.0	1.0	1.0	984.0	1154.0	408.0	valide	valide_AI_AM_AF
2498	26811.0	357	JJ162	272r	1814	2	2577.0	2.0	AF	AF	3.0	2.0	13.0	3.0	1187.0	735.0	valide	valide_AI_AM_AF
2499	26812.0	358	JJ162	272v	1814	1	2578.0	1.0	AI	AI	733.0	1.0	0.0	733.0	1200.0	560.0	valide	valide_AI_AM_AF
2500	26812.0	358	JJ162	272v	1815	2	2579.0	2.0	AF	AF	6.0	2.0	0.0	6.0	1104.0	666.0	valide	valide_AI_AM_AF
2501	26813.0	359	JJ162	273r	1815	1	2580.0	1.0	AI	AI	671.0	1.0	0.0	671.0	1083.0	718.0	valide	valide_AI_AM_AF
2502	26813.0	359	JJ162	273r	1816	2	2581.0	2.0	AF	AF	2.0	2.0	192.0	2.0	1008.0	1315.0	valide	valide_AI_AM_AF
2503	26814.0	360	JJ162	274r	1817	1	2582.0	0.0	AC	AC	10.0	1.0	0.0	10.0	1071.0	630.0	valide	
2504	26815.0	361	JJ162	274r	1817	1	2583.0	1.0	AI	AI	640.0	1.0	0.0	640.0	1080.0	748.0	valide	valide_AI_AM_AF
2505	26815.0	361	JJ162	274r	1818	2	2584.0	2.0	AF	AF	1.0	2.0	0.0	1.0	1200.0	295.0	valide	valide_AI_AM_AF
2506	26816.0	362	JJ162	274v	1818	1	2585.0	1.0	AI	AI	294.0	1.0	199.0	294.0	1001.0	1022.0	valide	valide_AI_AM_AF
2507	26816.0	362	JJ162	274v	1819	2	2586.0	2.0	AF	AF	8.0	2.0	1.0	8.0	1065.0	556.0	valide	valide_AI_AM_AF
2508	26817.0	363	JJ162	275r	1819	1	2587.0	1.0	AI	AI	564.0	1.0	0.0	564.0	1079.0	827.0	valide	valide_AI_AM_AF
2509	26817.0	363	JJ162	275r	1820	2	2588.0	2.0	AF	AF	3.0	2.0	25.0	3.0	1175.0	583.0	valide	valide_AI_AM_AF
2510	26818.0	364	JJ162	275v	1820	1	2589.0	0.0	AC	AC	584.0	1.0	107.0	584.0	1093.0	714.0	valide	
2511	26820.0	365	JJ162	276r	1821	1	2590.0	0.0	AC	AC	10.0	1.0	2.0	10.0	1095.0	744.0	valide	
2512	26823.0	366	JJ162	276r	1821	1	2591.0	1.0	AI	AI	738.0	1.0	1.0	738.0	1089.0	647.0	valide	valide_AI_AM_AF
2513	26823.0	366	JJ162	276r	1822	2	2592.0	2.0	AF	AF	3.0	2.0	12.0	3.0	1188.0	841.0	valide	valide_AI_AM_AF
2514	26824.0	367	JJ162	276v	1822	1	2593.0	1.0	AI	AI	840.0	1.0	0.0	840.0	1200.0	458.0	valide	valide_AI_AM_AF
2515	26824.0	367	JJ162	276v	1823	2	2594.0	2.0	AF	AF	7.0	2.0	2.0	7.0	1061.0	893.0	valide	valide_AI_AM_AF
2516	26825.0	368	JJ162	277r	1823	1	2595.0	1.0	AI	AI	885.0	1.0	1.0	885.0	1105.0	505.0	valide	valide_AI_AM_AF
2517	26825.0	368	JJ162	277r	1824	2	2596.0	2.0	AF	AF	1.0	2.0	150.0	1.0	1050.0	1321.0	valide	valide_AI_AM_AF
2518	26826.0	369	JJ162	278r	1825	1	2597.0	1.0	AI	AI	10.0	1.0	0.0	10.0	1070.0	1379.0	valide	valide_AI_AM_AF
2519	26826.0	369	JJ162	278r	1826	2	2598.0	3.0	AM	AM	3.0	2.0	190.0	3.0	1010.0	1311.0	valide	valide_AI_AM_AF
2520	26826.0	369	JJ162	278r	1827	3	2599.0	3.0	AM	AM	4.0	3.0	1.0	4.0	1063.0	1386.0	valide	valide_AI_AM_AF
2521	26826.0	369	JJ162	278r	1828	4	2600.0	2.0	AF	AF	4.0	4.0	156.0	4.0	1044.0	1315.0	valide	valide_AI_AM_AF
2522	26827.0	370	JJ162	280r	1829	1	2601.0	0.0	AC	AC	18.0	1.0	1.0	18.0	1060.0	1371.0	valide	
2523	26828.0	371	JJ162	280v	1830	1	2602.0	1.0	AI	AI	17.0	1.0	28.0	17.0	1172.0	1297.0	valide	valide_AI_AM_AF
2524	26828.0	371	JJ162	280v	1831	2	2603.0	2.0	AF	AF	8.0	2.0	2.0	8.0	1101.0	453.0	valide	valide_AI_AM_AF
2525	26829.0	372	JJ162	281r	1831	1	2604.0	0.0	AC	AC	458.0	1.0	1.0	458.0	1079.0	928.0	valide	
2526	26830.0	373	JJ162	281v	1832	1	2605.0	1.0	AI	AI	12.0	1.0	76.0	12.0	1124.0	1304.0	valide	valide_AI_AM_AF
2527	26830.0	373	JJ162	281v	1833	2	2606.0	2.0	AF	AF	10.0	2.0	2.0	10.0	1062.0	701.0	valide	valide_AI_AM_AF
2528	26831.0	374	JJ162	282r	1833	1	2607.0	1.0	AI	AI	711.0	1.0	0.0	711.0	1070.0	670.0	valide	valide_AI_AM_AF
2529	26831.0	374	JJ162	282r	1834	2	2608.0	2.0	AF	AF	6.0	2.0	0.0	6.0	1200.0	734.0	valide	valide_AI_AM_AF
2530	26832.0	375	JJ162	282v	1834	1	2609.0	0.0	AC	AC	736.0	1.0	115.0	736.0	1085.0	149.0	valide	
2531	26833.0	376	JJ162	282v	1834	1	2610.0	0.0	AC	AC	886.0	1.0	121.0	886.0	1079.0	164.0	valide	
2532	26834.0	377	JJ162	282v	1834	1	2611.0	0.0	AC	AC	1050.0	1.0	11.0	1050.0	1189.0	246.0	valide	
2533	26835.0	378	JJ162	283r	1835	1	2612.0	0.0	AC	AC	22.0	1.0	1.0	22.0	1066.0	1353.0	valide	
2534	26836.0	379	JJ162	283v	1836	1	2613.0	1.0	AI	AI	12.0	1.0	42.0	12.0	1158.0	1296.0	valide	valide_AI_AM_AF
2535	26836.0	379	JJ162	283v	1837	2	2614.0	2.0	AF	AF	7.0	2.0	4.0	7.0	1155.0	407.0	valide	valide_AI_AM_AF
2536	26837.0	380	JJ162	284r	1837	1	2615.0	0.0	AC	AC	412.0	1.0	1.0	412.0	1065.0	961.0	valide	
2537	26838.0	381	JJ162	284v	1838	1	2616.0	1.0	AI	AI	5.0	1.0	58.0	5.0	1142.0	1302.0	valide	valide_AI_AM_AF
2538	26838.0	381	JJ162	284v	1839	2	2617.0	2.0	AF	AF	7.0	2.0	2.0	7.0	1062.0	995.0	valide	valide_AI_AM_AF
2539	26839.0	382	JJ162	285r	1839	1	2618.0	1.0	AI	AI	1000.0	1.0	2.0	1000.0	1065.0	377.0	valide	valide_AI_AM_AF
2540	26839.0	382	JJ162	285r	1840	2	2619.0	2.0	AF	AF	2.0	2.0	201.0	2.0	999.0	1314.0	valide	valide_AI_AM_AF
2541	26840.0	383	JJ162	286r	1841	1	2620.0	1.0	AI	AI	21.0	1.0	0.0	21.0	1068.0	1352.0	valide	valide_AI_AM_AF
2542	26840.0	383	JJ162	286r	1842	2	2621.0	2.0	AF	AF	2.0	2.0	1.0	2.0	1199.0	447.0	valide	valide_AI_AM_AF
2543	26841.0	384	JJ162	286v	1842	1	2622.0	1.0	AI	AI	447.0	1.0	230.0	447.0	970.0	864.0	valide	valide_AI_AM_AF
2544	26841.0	384	JJ162	286v	1843	2	2623.0	3.0	AM	AM	16.0	2.0	2.0	16.0	1057.0	1362.0	valide	valide_AI_AM_AF
2545	26841.0	384	JJ162	286v	1844	3	2624.0	2.0	AF	AF	4.0	3.0	23.0	4.0	1177.0	822.0	valide	valide_AI_AM_AF
2546	26842.0	385	JJ162	287v	1844	1	2625.0	1.0	AI	AI	824.0	1.0	77.0	824.0	1123.0	471.0	valide	valide_AI_AM_AF
2547	26842.0	385	JJ162	287v	1845	2	2626.0	2.0	AF	AF	56.0	2.0	2.0	56.0	1061.0	1327.0	valide	valide_AI_AM_AF
2548	26843.0	386	JJ162	288v	1846	1	2627.0	1.0	AI	AI	25.0	1.0	3.0	25.0	1197.0	1264.0	valide	valide_AI_AM_AF
2549	26843.0	386	JJ162	288v	1847	2	2628.0	2.0	AF	AF	56.0	2.0	2.0	56.0	1060.0	1330.0	valide	valide_AI_AM_AF
2550	26844.0	387	JJ162	289v	1848	1	2629.0	0.0	AC	AC	18.0	1.0	98.0	18.0	1102.0	924.0	valide	
2551	26844.1	388	JJ162	289v	1848	1	2630.0	1.0	AI	AI	939.0	1.0	0.0	939.0	1200.0	346.0	valide	valide_AI_AM_AF
2552	26844.1	388	JJ162	289v	1849	2	2631.0	2.0	AF	AF	54.0	2.0	2.0	54.0	1055.0	961.0	valide	valide_AI_AM_AF
2553	26844.2	389	JJ162	290r	1849	1	2632.0	1.0	AI	AI	1007.0	1.0	1.0	1007.0	1070.0	384.0	valide	valide_AI_AM_AF
2554	26844.2	389	JJ162	290r	1850	2	2633.0	2.0	AF	AF	6.0	2.0	67.0	6.0	1133.0	756.0	valide	valide_AI_AM_AF
2555	26844.3	390	JJ162	290v	1850	1	2634.0	1.0	AI	AI	764.0	1.0	8.0	764.0	1192.0	521.0	valide	valide_AI_AM_AF
2556	26844.3	390	JJ162	290v	1851	2	2635.0	2.0	AF	AF	18.0	2.0	1.0	18.0	1063.0	522.0	valide	valide_AI_AM_AF
2557	26844.4	391	JJ162	291r	1851	1	2636.0	1.0	AI	AI	539.0	1.0	1.0	539.0	1080.0	849.0	valide	valide_AI_AM_AF
2558	26844.4	391	JJ162	291r	1852	2	2637.0	2.0	AF	AF	10.0	2.0	142.0	10.0	1058.0	650.0	valide	valide_AI_AM_AF
2559	26844.5	392	JJ162	291v	1852	1	2638.0	1.0	AI	AI	659.0	1.0	9.0	659.0	1191.0	626.0	valide	valide_AI_AM_AF
2560	26844.5	392	JJ162	291v	1853	2	2639.0	2.0	AF	AF	63.0	2.0	4.0	63.0	1196.0	262.0	valide	valide_AI_AM_AF
2561	26844.6	393	JJ162	292r	1853	1	2640.0	0.0	AC	AC	321.0	1.0	0.0	321.0	1066.0	454.0	valide	
2562	26844.7	394	JJ162	292r	1853	1	2641.0	1.0	AI	AI	776.0	1.0	1.0	776.0	1061.0	614.0	valide	valide_AI_AM_AF
2563	26844.7	394	JJ162	292r	1854	2	2642.0	2.0	AF	AF	19.0	2.0	0.0	19.0	1200.0	272.0	valide	valide_AI_AM_AF
2564	26844.8	395	JJ162	292v	1854	1	2643.0	1.0	AI	AI	289.0	1.0	85.0	289.0	1115.0	1008.0	valide	valide_AI_AM_AF
2565	26844.8	395	JJ162	292v	1855	2	2644.0	2.0	AF	AF	51.0	2.0	5.0	51.0	1195.0	254.0	valide	valide_AI_AM_AF
2566	26844.9	396	JJ162	293r	1855	1	2645.0	1.0	AI	AI	303.0	1.0	1.0	303.0	1076.0	1080.0	valide	valide_AI_AM_AF
2567	26844.9	396	JJ162	293r	1856	2	2646.0	2.0	AF	AF	4.0	2.0	8.0	4.0	1191.0	510.0	valide	valide_AI_AM_AF
2568	26844.11	397	JJ162	293v	1856	1	2647.0	0.0	AC	AC	513.0	1.0	65.0	513.0	1135.0	782.0	valide	
2569	26845.0	1	JJ163	1r	1877	1	2666.0	1.0	AI	AI	19.0	1.0	2.0	19.0	1190.0	1298.0	valide	valide_AI_AM_AF
2570	26845.0	1	JJ163	1r	1878	2	2667.0	2.0	AF	AF	14.0	2.0	2.0	14.0	1197.0	555.0	valide	valide_AI_AM_AF
2571	26846.0	2	JJ163	1v	1878	1	2668.0	1.0	AI	AI	569.0	1.0	4.0	569.0	1195.0	876.0	valide	valide_AI_AM_AF
2572	26846.0	2	JJ163	1v	1879	2	2669.0	2.0	AF	AF	4.0	2.0	0.0	4.0	1193.0	438.0	valide	valide_AI_AM_AF
2573	26847.0	3	JJ163	2r	1879	1	2670.0	0.0	AC	AC	441.0	1.0	0.0	441.0	1087.0	674.0	valide	
2574	26848.0	4	JJ163	2r	1879	1	2671.0	0.0	AC	AC	1112.0	1.0	1.0	1112.0	1148.0	203.0	valide	
2575	26848.1	4bis	JJ163	2v	1880	1	2672.0	0.0	AC	AC	14.0	1.0	4.0	14.0	1196.0	992.0	valide	
2576	26849.0	5	JJ163	2v	1880	1	2673.0	1.0	AI	AI	1000.0	1.0	13.0	1000.0	1186.0	448.0	valide	valide_AI_AM_AF
2577	26849.0	5	JJ163	2v	1881	2	2674.0	2.0	AF	AF	11.0	2.0	0.0	11.0	1060.0	639.0	valide	valide_AI_AM_AF
2578	26850.0	6	JJ163	3r	1881	1	2675.0	1.0	AI	AI	648.0	1.0	0.0	648.0	1090.0	666.0	valide	valide_AI_AM_AF
2579	26850.0	6	JJ163	3r	1882	2	2676.0	2.0	AF	AF	14.0	2.0	0.0	14.0	1198.0	452.0	valide	valide_AI_AM_AF
2580	26851.0	7	JJ163	3v	1882	1	2677.0	0.0	AC	AC	465.0	1.0	0.0	465.0	1200.0	766.0	valide	
2581	26852.0	8	JJ163	3v	1882	1	2678.0	0.0	AC	AC	1225.0	1.0	0.0	1225.0	1200.0	222.0	valide	
2582	26853.0	9	JJ163	4r	1883	1	2679.0	0.0	AC	AC	24.0	1.0	0.0	24.0	1064.0	600.0	valide	
2583	26854.0	10	JJ163	4r	1883	1	2680.0	0.0	AC	AC	624.0	1.0	0.0	624.0	1085.0	692.0	valide	
2584	26855.0	11	JJ163	4v	1884	1	2681.0	0.0	AC	AC	15.0	1.0	2.0	15.0	1198.0	957.0	valide	
2585	26856.0	12	JJ163	4v	1884	1	2682.0	1.0	AI	AI	974.0	1.0	1.0	974.0	1199.0	474.0	valide	valide_AI_AM_AF
2586	26856.0	12	JJ163	4v	1885	2	2683.0	2.0	AF	AF	12.0	2.0	0.0	12.0	1163.0	338.0	valide	valide_AI_AM_AF
2587	26857.0	13	JJ163	5r	1885	1	2684.0	1.0	AI	AI	351.0	1.0	0.0	351.0	1087.0	973.0	valide	valide_AI_AM_AF
2588	26857.0	13	JJ163	5r	1886	2	2685.0	2.0	AF	AF	17.0	2.0	2.0	17.0	1197.0	704.0	valide	valide_AI_AM_AF
2589	26858.0	14	JJ163	5v	1886	1	2686.0	1.0	AI	AI	721.0	1.0	0.0	721.0	1200.0	725.0	valide	valide_AI_AM_AF
2590	26858.0	14	JJ163	5v	1887	2	2687.0	2.0	AF	AF	11.0	2.0	2.0	11.0	1056.0	965.0	valide	valide_AI_AM_AF
2591	26859.0	15	JJ163	6r	1887	1	2688.0	0.0	AC	AC	951.0	1.0	51.0	951.0	525.0	32.0	valide	
2592	26860.0	16	JJ163	6r	1887	1	2689.0	1.0	AI	AI	977.0	1.0	0.0	977.0	1092.0	350.0	valide	valide_AI_AM_AF
2593	26860.0	16	JJ163	6r	1888	2	2690.0	3.0	AM	AM	2.0	2.0	4.0	2.0	1194.0	1444.0	valide	valide_AI_AM_AF
2594	26860.0	16	JJ163	6r	1889	3	2691.0	2.0	AF	AF	5.0	3.0	3.0	5.0	1197.0	291.0	valide	valide_AI_AM_AF
2595	26861.0	17	JJ163	7r	1889	1	2692.0	1.0	AI	AI	295.0	1.0	0.0	295.0	1065.0	1046.0	valide	valide_AI_AM_AF
2596	26861.0	17	JJ163	7r	1890	2	2693.0	2.0	AF	AF	2.0	2.0	1.0	2.0	1197.0	776.0	valide	valide_AI_AM_AF
2597	26862.0	18	JJ163	7v	1890	1	2694.0	1.0	AI	AI	764.0	1.0	7.0	764.0	1191.0	680.0	valide	valide_AI_AM_AF
2598	26862.0	18	JJ163	7v	1891	2	2695.0	2.0	AF	AF	23.0	2.0	3.0	23.0	1128.0	427.0	valide	valide_AI_AM_AF
2599	26863.0	19	JJ163	7v	1890	1											ancrage_sans_zone_initiale	
2600	26864.0	20	JJ163	8r	1891	1	2696.0	0.0	AC	AC	449.0	1.0	1.0	449.0	1085.0	886.0	valide	
2601	26865.0	21	JJ163	8v	1892	1	2697.0	0.0	AC	AC	7.0	1.0	0.0	7.0	1198.0	1448.0	valide	
2602	26866.0	22	JJ163	9r	1893	1	2698.0	0.0	AC	AC	37.0	1.0	0.0	37.0	1115.0	1081.0	valide	
2603	26867.0	23	JJ163	9r	1893	1	2699.0	0.0	AC	AC	1110.0	1.0	1.0	1110.0	1198.0	224.0	valide	
2604	26868.0	24	JJ163	9v	1894	1	2700.0	1.0	AI	AI	4.0	1.0	3.0	4.0	1195.0	1447.0	valide	valide_AI_AM_AF
2605	26868.0	24	JJ163	9v	1895	2	2701.0	2.0	AF	AF	10.0	2.0	0.0	10.0	1200.0	341.0	valide	valide_AI_AM_AF
2606	26869.0	25	JJ163	10r	1895	1	2702.0	0.0	AC	AC	352.0	1.0	1.0	352.0	1112.0	985.0	valide	
2607	26870.0	26	JJ163	10v	1896	1	2703.0	0.0	AC	AC	4.0	1.0	14.0	4.0	1184.0	990.0	valide	
2608	26871.0	27	JJ163	10v	1896	1	2704.0	1.0	AI	AI	994.0	1.0	4.0	994.0	1195.0	462.0	valide	valide_AI_AM_AF
2609	26871.0	27	JJ163	10v	1897	2	2705.0	2.0	AF	AF	12.0	2.0	2.0	12.0	1114.0	951.0	valide	valide_AI_AM_AF
2610	26872.0	28	JJ163	11r	1897	1	2706.0	1.0	AI	AI	953.0	1.0	1.0	953.0	1137.0	376.0	valide	valide_AI_AM_AF
2611	26872.0	28	JJ163	11r	1898	2	2707.0	2.0	AF	AF	7.0	2.0	8.0	7.0	1191.0	418.0	valide	valide_AI_AM_AF
2612	26873.0	29	JJ163	11v	1898	1	2708.0	0.0	AC	AC	425.0	1.0	0.0	425.0	1198.0	1034.0	valide	
2613	26874.0	30	JJ163	12r	1899	1	2709.0	0.0	AC	AC	37.0	1.0	2.0	37.0	1046.0	1289.0	valide	
2614	26875.0	31	JJ163	12v	1900	1	2710.0	1.0	AI	AI	4.0	1.0	0.0	4.0	1199.0	1422.0	valide	valide_AI_AM_AF
2615	26875.0	31	JJ163	12v	1901	2	2711.0	2.0	AF	AF	6.0	2.0	0.0	6.0	1198.0	330.0	valide	valide_AI_AM_AF
2616	26876.0	32	JJ163	13r	1901	1	2712.0	0.0	AC	AC	333.0	1.0	0.0	333.0	1093.0	998.0	valide	
2617	26877.0	33	JJ163	13v	1902	1	2713.0	1.0	AI	AI	5.0	1.0	2.0	5.0	1197.0	1420.0	valide	valide_AI_AM_AF
2618	26877.0	33	JJ163	13v	1903	2	2714.0	2.0	AF	AF	27.0	2.0	1.0	27.0	1174.0	330.0	valide	valide_AI_AM_AF
2619	26878.0	34	JJ163	14r	1903	1	2715.0	1.0	AI	AI	355.0	1.0	0.0	355.0	1063.0	980.0	valide	valide_AI_AM_AF
2620	26878.0	34	JJ163	14r	1904	2	2716.0	2.0	AF	AF	1.0	2.0	0.0	1.0	1198.0	904.0	valide	valide_AI_AM_AF
2621	26879.0	35	JJ163	14v	1904	1	2717.0	1.0	AI	AI	904.0	1.0	13.0	904.0	1186.0	557.0	valide	valide_AI_AM_AF
2622	26879.0	35	JJ163	14v	1905	2	2718.0	2.0	AF	AF	12.0	2.0	0.0	12.0	1116.0	600.0	valide	valide_AI_AM_AF
2623	26880.0	36	JJ163	15r	1905	1	2719.0	1.0	AI	AI	613.0	1.0	1.0	613.0	1164.0	709.0	valide	valide_AI_AM_AF
2624	26880.0	36	JJ163	15r	1906	2	2720.0	2.0	AF	AF	12.0	2.0	3.0	12.0	1196.0	641.0	valide	valide_AI_AM_AF
2625	26881.0	37	JJ163	15v	1906	1	2721.0	0.0	AC	AC	652.0	1.0	3.0	652.0	1195.0	807.0	valide	
2626	26882.0	38	JJ163	16r	1907	1	2722.0	0.0	AC	AC	20.0	1.0	1.0	20.0	1070.0	561.0	valide	
2627	26883.0	39	JJ163	16r	1907	1	2723.0	0.0	AC	AC	577.0	1.0	0.0	577.0	1095.0	765.0	valide	
2628	26884.0	40	JJ163	16v	1908	1	2724.0	0.0	AC	AC	4.0	1.0	0.0	4.0	1200.0	1458.0	valide	
2629	26885.0	41	JJ163	17r	1909	1	2725.0	0.0	AC	AC	19.0	1.0	0.0	19.0	1093.0	832.0	valide	
2630	26886.0	42	JJ163	17r	1909	1	2726.0	1.0	AI	AI	846.0	1.0	1.0	846.0	1102.0	495.0	valide	valide_AI_AM_AF
2631	26886.0	42	JJ163	17r	1910	2	2727.0	2.0	AF	AF	42.0	2.0	0.0	42.0	1200.0	754.0	valide	valide_AI_AM_AF
2632	26887.0	43	JJ163	17v	1910	1	2728.0	1.0	AI	AI	796.0	1.0	0.0	796.0	1200.0	674.0	valide	valide_AI_AM_AF
2633	26887.0	43	JJ163	17v	1911	2	2729.0	2.0	AF	AF	10.0	2.0	1.0	10.0	1117.0	828.0	valide	valide_AI_AM_AF
2634	26888.0	44	JJ163	18r	1911	1	2730.0	1.0	AI	AI	831.0	1.0	1.0	831.0	1102.0	479.0	valide	valide_AI_AM_AF
2635	26888.0	44	JJ163	18r	1912	2	2731.0	2.0	AF	AF	8.0	2.0	0.0	8.0	1200.0	817.0	valide	valide_AI_AM_AF
2636	26889.0	45	JJ163	18v	1912	1	2732.0	1.0	AI	AI	825.0	1.0	0.0	825.0	1200.0	647.0	valide	valide_AI_AM_AF
2637	26889.0	45	JJ163	18v	1913	2	2733.0	2.0	AF	AF	4.0	2.0	0.0	4.0	1081.0	950.0	valide	valide_AI_AM_AF
2638	26890.0	46	JJ163	19r	1913	1	2734.0	1.0	AI	AI	955.0	1.0	0.0	955.0	1038.0	355.0	valide	valide_AI_AM_AF
2639	26890.0	46	JJ163	19r	1914	2	2735.0	2.0	AF	AF	21.0	2.0	0.0	21.0	1198.0	1418.0	valide	valide_AI_AM_AF
2640	26891.0	46bis	JJ163	20r	1915	1	2736.0	0.0	AC	AC	9.0	1.0	0.0	9.0	1078.0	948.0	valide	
2641	26892.0	47	JJ163	20r	1915	1	2737.0	1.0	AI	AI	954.0	1.0	0.0	954.0	1026.0	358.0	valide	valide_AI_AM_AF
2642	26892.0	47	JJ163	20r	1916	2	2738.0	3.0	AM	AM	3.0	2.0	0.0	3.0	1198.0	1433.0	valide	valide_AI_AM_AF
2643	26892.0	47	JJ163	20r	1917	3	2739.0	2.0	AF	AF	4.0	3.0	0.0	4.0	1103.0	397.0	valide	valide_AI_AM_AF
2644	26893.0	48	JJ163	21r	1917	1	2740.0	1.0	AI	AI	398.0	1.0	0.0	398.0	1066.0	935.0	valide	valide_AI_AM_AF
2645	26893.0	48	JJ163	21r	1918	2	2741.0	2.0	AF	AF	27.0	2.0	0.0	27.0	1198.0	485.0	valide	valide_AI_AM_AF
2646	26894.0	49	JJ163	21v	1918	1	2742.0	0.0	AC	AC	512.0	1.0	0.0	512.0	1198.0	935.0	valide	
2647	26895.0	49bis	JJ163	22r	1919	1	2743.0	0.0	AC	AC	14.0	1.0	0.0	14.0	1058.0	586.0	valide	
2648	26896.0	50	JJ163	22r	1919	1	2744.0	1.0	AI	AI	600.0	1.0	0.0	600.0	1033.0	714.0	valide	valide_AI_AM_AF
2649	26896.0	50	JJ163	22r	1920	2	2745.0	2.0	AF	AF	10.0	2.0	0.0	10.0	1197.0	769.0	valide	valide_AI_AM_AF
2650	26897.0	51	JJ163	22v	1920	1	2746.0	1.0	AI	AI	780.0	1.0	0.0	780.0	1198.0	630.0	valide	valide_AI_AM_AF
2651	26897.0	51	JJ163	22v	1921	2	2747.0	2.0	AF	AF	20.0	2.0	0.0	20.0	1069.0	743.0	valide	valide_AI_AM_AF
2652	26898.0	52	JJ163	23r	1921	1	2748.0	1.0	AI	AI	762.0	1.0	0.0	762.0	1044.0	554.0	valide	valide_AI_AM_AF
2653	26898.0	52	JJ163	23r	1922	2	2749.0	2.0	AF	AF	17.0	2.0	0.0	17.0	1198.0	579.0	valide	valide_AI_AM_AF
2654	26899.0	53	JJ163	23v	1922	1	2750.0	1.0	AI	AI	596.0	1.0	0.0	596.0	1198.0	840.0	valide	valide_AI_AM_AF
2655	26899.0	53	JJ163	23v	1923	2	2751.0	2.0	AF	AF	4.0	2.0	0.0	4.0	1032.0	1328.0	valide	valide_AI_AM_AF
2656	26900.0	54	JJ163	24v	1924	1	2752.0	0.0	AC	AC	4.0	1.0	0.0	4.0	1199.0	1442.0	valide	
2657	26901.0	55	JJ163	25r	1925	1	2753.0	0.0	AC	AC	17.0	1.0	0.0	17.0	1038.0	898.0	valide	
2658	26902.0	56	JJ163	25r	1925	1	2754.0	1.0	AI	AI	905.0	1.0	0.0	905.0	1049.0	406.0	valide	valide_AI_AM_AF
2659	26902.0	56	JJ163	25r	1926	2	2755.0	3.0	AM	AM	16.0	2.0	0.0	16.0	1198.0	1431.0	valide	valide_AI_AM_AF
2660	26902.0	56	JJ163	25r	1927	3	2756.0	2.0	AF	AF	7.0	3.0	0.0	7.0	1039.0	895.0	valide	valide_AI_AM_AF
2661	26903.0	57	JJ163	26r	1927	1	2757.0	1.0	AI	AI	895.0	1.0	0.0	895.0	1071.0	419.0	valide	valide_AI_AM_AF
2662	26903.0	57	JJ163	26r	1928	2	2758.0	2.0	AF	AF	1.0	2.0	0.0	1.0	1198.0	750.0	valide	valide_AI_AM_AF
2663	26904.0	58	JJ163	26v	1928	1	2759.0	1.0	AI	AI	748.0	1.0	0.0	748.0	1198.0	697.0	valide	valide_AI_AM_AF
2664	26904.0	58	JJ163	26v	1929	2	2760.0	2.0	AF	AF	4.0	2.0	0.0	4.0	1043.0	990.0	valide	valide_AI_AM_AF
2665	26905.0	59	JJ163	27r	1929	1	2761.0	1.0	AI	AI	992.0	1.0	0.0	992.0	1086.0	321.0	valide	valide_AI_AM_AF
2666	26905.0	59	JJ163	27r	1930	2	2762.0	3.0	AM	AM	8.0	2.0	0.0	8.0	1198.0	1432.0	valide	valide_AI_AM_AF
2667	26905.0	59	JJ163	27r	1931	3	2763.0	2.0	AF	AF	5.0	3.0	0.0	5.0	1175.0	315.0	valide	valide_AI_AM_AF
2668	26906.0	60	JJ163	28r	1931	1	2764.0	0.0	AC	AC	319.0	1.0	0.0	319.0	1062.0	1001.0	valide	
2669	26907.0	61	JJ163	28v	1932	1	2765.0	1.0	AI	AI	5.0	1.0	0.0	5.0	1198.0	1407.0	valide	valide_AI_AM_AF
2670	26907.0	61	JJ163	28v	1933	2	2766.0	2.0	AF	AF	24.0	2.0	0.0	24.0	1036.0	1302.0	valide	valide_AI_AM_AF
2671	26908.0	62	JJ163	29v	1934	1	2767.0	0.0	AC	AC	3.0	1.0	0.0	3.0	1198.0	774.0	valide	
2672	26909.0	63	JJ163	29v	1934	1	2768.0	0.0	AC	AC	756.0	1.0	163.0	756.0	606.0	48.0	valide	
2673	26910.0	64	JJ163	29v	1934	1	2769.0	1.0	AI	AI	803.0	1.0	0.0	803.0	1197.0	608.0	valide	valide_AI_AM_AF
2674	26910.0	64	JJ163	29v	1935	2	2770.0	2.0	AF	AF	24.0	2.0	0.0	24.0	1037.0	519.0	valide	valide_AI_AM_AF
2675	26911.0	65	JJ163	30r	1935	1	2771.0	1.0	AI	AI	543.0	1.0	0.0	543.0	1040.0	780.0	valide	valide_AI_AM_AF
2676	26911.0	65	JJ163	30r	1936	2	2772.0	2.0	AF	AF	2.0	2.0	0.0	2.0	1198.0	415.0	valide	valide_AI_AM_AF
2677	26912.0	66	JJ163	30v	1936	1	2773.0	1.0	AI	AI	414.0	1.0	0.0	414.0	1198.0	1029.0	valide	valide_AI_AM_AF
2678	26912.0	66	JJ163	30v	1937	2	2774.0	2.0	AF	AF	22.0	2.0	0.0	22.0	1043.0	500.0	valide	valide_AI_AM_AF
2679	26913.0	67	JJ163	31r	1937	1	2775.0	1.0	AI	AI	523.0	1.0	0.0	523.0	1028.0	798.0	valide	valide_AI_AM_AF
2680	26913.0	67	JJ163	31r	1938	2	2776.0	2.0	AF	AF	23.0	2.0	0.0	23.0	1198.0	488.0	valide	valide_AI_AM_AF
2681	26914.0	68	JJ163	31v	1938	1	2777.0	0.0	AC	AC	510.0	1.0	0.0	510.0	1198.0	755.0	valide	
2682	26915.0	69	JJ163	31v	1938	1	2778.0	0.0	AC	AC	1260.0	1.0	0.0	1260.0	1198.0	182.0	valide	
2683	26916.0	69bis	JJ163	32r	1939	1	2779.0	0.0	AC	AC	39.0	1.0	1.0	39.0	1028.0	834.0	valide	
2684	26917.0	70	JJ163	32r	1939	1	2780.0	1.0	AI	AI	872.0	1.0	1.0	872.0	1023.0	448.0	valide	valide_AI_AM_AF
2685	26917.0	70	JJ163	32r	1940	2	2781.0	2.0	AF	AF	7.0	2.0	0.0	7.0	1200.0	1442.0	valide	valide_AI_AM_AF
2686	26918.0	71	JJ163	33r	1941	1	2782.0	0.0	AC	AC	22.0	1.0	1.0	22.0	1038.0	1040.0	valide	
2687	26919.0	72	JJ163	33r	1941	1	2783.0	1.0	AI	AI	1065.0	1.0	1.0	1065.0	1039.0	258.0	valide	valide_AI_AM_AF
2688	26919.0	72	JJ163	33r	1942	2	2784.0	2.0	AF	AF	9.0	2.0	12.0	9.0	1188.0	858.0	valide	valide_AI_AM_AF
2689	26920.0	73	JJ163	33v	1942	1	2785.0	0.0	AC	AC	836.0	1.0	135.0	836.0	883.0	57.0	valide	
2690	26921.0	74	JJ163	33v	1942	1	2786.0	1.0	AI	AI	885.0	1.0	2.0	885.0	1198.0	567.0	valide	valide_AI_AM_AF
2691	26921.0	74	JJ163	33v	1943	2	2787.0	2.0	AF	AF	5.0	2.0	2.0	5.0	1175.0	1022.0	valide	valide_AI_AM_AF
2692	26922.0	75	JJ163	34r	1943	1	2788.0	1.0	AI	AI	988.0	1.0	2.0	988.0	1027.0	335.0	valide	valide_AI_AM_AF
2693	26922.0	75	JJ163	34r	1944	2	2789.0	2.0	AF	AF	3.0	2.0	1.0	3.0	1199.0	1031.0	valide	valide_AI_AM_AF
2694	26923.0	76	JJ163	34v	1944	1	2790.0	1.0	AI	AI	1029.0	1.0	2.0	1029.0	1197.0	425.0	valide	valide_AI_AM_AF
2695	26923.0	76	JJ163	34v	1945	2	2791.0	2.0	AF	AF	12.0	2.0	0.0	12.0	1083.0	943.0	valide	valide_AI_AM_AF
2696	26924.0	77	JJ163	35r	1945	1	2792.0	1.0	AI	AI	953.0	1.0	0.0	953.0	1045.0	369.0	valide	valide_AI_AM_AF
2697	26924.0	77	JJ163	35r	1946	2	2793.0	2.0	AF	AF	14.0	2.0	1.0	14.0	1198.0	727.0	valide	valide_AI_AM_AF
2698	26925.0	78	JJ163	35v	1946	1	2794.0	1.0	AI	AI	740.0	1.0	0.0	740.0	1199.0	715.0	valide	valide_AI_AM_AF
2699	26925.0	78	JJ163	35v	1947	2	2795.0	2.0	AF	AF	4.0	2.0	2.0	4.0	1193.0	314.0	valide	valide_AI_AM_AF
2700	26926.0	79	JJ163	36r	1947	1	2796.0	0.0	AC	AC	318.0	1.0	1.0	318.0	1073.0	1014.0	valide	
2701	26927.0	80	JJ163	36v	1948	1	2797.0	0.0	AC	AC	4.0	1.0	0.0	4.0	1200.0	1047.0	valide	
2702	26928.0	81	JJ163	36v	1948	1	2798.0	1.0	AI	AI	1047.0	1.0	1.0	1047.0	1199.0	407.0	valide	valide_AI_AM_AF
2703	26928.0	81	JJ163	36v	1949	2	2799.0	3.0	AM	AM	22.0	2.0	0.0	22.0	1088.0	1309.0	valide	valide_AI_AM_AF
2704	26928.0	81	JJ163	36v	1950	3	2800.0	2.0	AF	AF	5.0	3.0	2.0	5.0	1198.0	1092.0	valide	valide_AI_AM_AF
2705	26929.0	82	JJ163	37v	1950	1	2801.0	1.0	AI	AI	1097.0	1.0	1.0	1097.0	1199.0	350.0	valide	valide_AI_AM_AF
2706	26929.0	82	JJ163	37v	1951	2	2802.0	2.0	AF	AF	19.0	2.0	0.0	19.0	1087.0	751.0	valide	valide_AI_AM_AF
2707	26930.0	83	JJ163	38r	1951	1	2803.0	1.0	AI	AI	768.0	1.0	0.0	768.0	1026.0	555.0	valide	valide_AI_AM_AF
2708	26930.0	83	JJ163	38r	1952	2	2804.0	2.0	AF	AF	9.0	2.0	2.0	9.0	1198.0	782.0	valide	valide_AI_AM_AF
2709	26932.0	85	JJ163	38v	1952	1	2805.0	0.0	AC	AC	791.0	1.0	0.0	791.0	1200.0	654.0	valide	
2710	26933.0	86	JJ163	39v	1954	1	2808.0	0.0	AC	AC	12.0	1.0	1.0	12.0	1199.0	1431.0	valide	
2711	26934.0	87	JJ163	40r	1955	1	2809.0	1.0	AI	AI	39.0	1.0	1.0	39.0	1050.0	1304.0	valide	valide_AI_AM_AF
2712	26934.0	87	JJ163	40r	1956	2	2810.0	2.0	AF	AF	4.0	2.0	5.0	4.0	1195.0	330.0	valide	valide_AI_AM_AF
2713	26935.0	88	JJ163	40v	1956	1	2811.0	0.0	AC	AC	334.0	1.0	2.0	334.0	1198.0	1111.0	valide	
2714	26936.0	89	JJ163	41r	1957	1	2812.0	1.0	AI	AI	35.0	1.0	0.0	35.0	1032.0	1312.0	valide	valide_AI_AM_AF
2715	26936.0	89	JJ163	41r	1958	2	2813.0	3.0	AM	AM	6.0	2.0	0.0	6.0	1199.0	1433.0	valide	valide_AI_AM_AF
2716	26936.0	89	JJ163	41r	1959	3	2814.0	3.0	AM	AM	30.0	3.0	0.0	30.0	1045.0	1331.0	valide	valide_AI_AM_AF
2717	26936.0	89	JJ163	41r	1960	4	2815.0	3.0	AM	AM	8.0	4.0	0.0	8.0	1199.0	1427.0	valide	valide_AI_AM_AF
2718	26936.0	89	JJ163	41r	1961	5	2816.0	3.0	AM	AM	36.0	5.0	0.0	36.0	1079.0	1318.0	valide	valide_AI_AM_AF
2719	26936.0	89	JJ163	41r	1962	6	2817.0	3.0	AM	AM	36.0	6.0	0.0	36.0	1199.0	1405.0	valide	valide_AI_AM_AF
2720	26936.0	89	JJ163	41r	1963	7	2818.0	2.0	AF	AF	38.0	7.0	2.0	38.0	1060.0	1322.0	valide	valide_AI_AM_AF
2721	26937.0	90	JJ163	44v	1964	1	2819.0	1.0	AI	AI	6.0	1.0	3.0	6.0	1196.0	1427.0	valide	valide_AI_AM_AF
2722	26937.0	90	JJ163	44v	1965	2	2820.0	2.0	AF	AF	23.0	2.0	1.0	23.0	1180.0	374.0	valide	valide_AI_AM_AF
2723	26938.0	91	JJ163	45r	1965	1	2821.0	0.0	AC	AC	396.0	1.0	1.0	396.0	1050.0	946.0	valide	
2724	26939.0	92	JJ163	45v	1966	1	2822.0	0.0	AC	AC	39.0	1.0	0.0	39.0	1199.0	1393.0	valide	
2725	26940.0	93	JJ163	46r	1967	1	2823.0	0.0	AC	AC	39.0	1.0	1.0	39.0	1078.0	909.0	valide	
2726	26941.0	94	JJ163	46r	1967	1	2824.0	1.0	AI	AI	940.0	1.0	2.0	940.0	1028.0	386.0	valide	valide_AI_AM_AF
2727	26941.0	94	JJ163	46r	1968	2	2825.0	3.0	AM	AM	3.0	2.0	0.0	3.0	1199.0	1438.0	valide	valide_AI_AM_AF
2728	26941.0	94	JJ163	46r	1969	3	2826.0	3.0	AM	AM	43.0	3.0	0.0	43.0	1082.0	1300.0	valide	valide_AI_AM_AF
2729	26941.0	94	JJ163	46r	1970	4	2827.0	3.0	AM	AM	3.0	4.0	0.0	3.0	1199.0	1439.0	valide	valide_AI_AM_AF
2730	26941.0	94	JJ163	46r	1971	5	2828.0	3.0	AM	AM	38.0	5.0	0.0	38.0	1058.0	1309.0	valide	valide_AI_AM_AF
2731	26941.0	94	JJ163	46r	1972	6	2829.0	2.0	AF	AF	4.0	6.0	0.0	4.0	1199.0	1434.0	valide	valide_AI_AM_AF
2732	26942.0	95	JJ163	49r	1973	1	2830.0	0.0	AC	AC	19.0	1.0	0.0	19.0	1098.0	947.0	valide	
2733	26943.0	96	JJ163	49r	1973	1	2831.0	1.0	AI	AI	962.0	1.0	1.0	962.0	1126.0	369.0	valide	valide_AI_AM_AF
2734	26943.0	96	JJ163	49r	1974	2	2832.0	2.0	AF	AF	8.0	2.0	0.0	8.0	1199.0	1434.0	valide	valide_AI_AM_AF
2735	26944.0	97	JJ163	50r	1975	1	2833.0	1.0	AI	AI	28.0	1.0	0.0	28.0	1048.0	1326.0	valide	valide_AI_AM_AF
2736	26944.0	97	JJ163	50r	1976	2	2834.0	2.0	AF	AF	7.0	2.0	0.0	7.0	1198.0	706.0	valide	valide_AI_AM_AF
2737	26945.0	98	JJ163	50v	1976	1	2835.0	1.0	AI	AI	713.0	1.0	0.0	713.0	1198.0	716.0	valide	valide_AI_AM_AF
2738	26945.0	98	JJ163	50v	1977	2	2836.0	2.0	AF	AF	16.0	2.0	1.0	16.0	1118.0	511.0	valide	valide_AI_AM_AF
2739	26946.0	99	JJ163	51r	1977	1	2837.0	1.0	AI	AI	527.0	1.0	0.0	527.0	1102.0	815.0	valide	valide_AI_AM_AF
2740	26946.0	99	JJ163	51r	1978	2	2838.0	2.0	AF	AF	4.0	2.0	1.0	4.0	1197.0	1069.0	valide	valide_AI_AM_AF
2741	26947.0	100	JJ163	51v	1978	1	2839.0	1.0	AI	AI	1076.0	1.0	15.0	1076.0	1183.0	359.0	valide	valide_AI_AM_AF
2742	26947.0	100	JJ163	51v	1979	2	2840.0	3.0	AM	AM	36.0	2.0	1.0	36.0	1046.0	1325.0	valide	valide_AI_AM_AF
2743	26947.0	100	JJ163	51v	1980	3	2841.0	2.0	AF	AF	4.0	3.0	6.0	4.0	1193.0	417.0	valide	valide_AI_AM_AF
2744	26948.0	101	JJ163	52v	1980	1	2842.0	1.0	AI	AI	424.0	1.0	0.0	424.0	1199.0	1016.0	valide	valide_AI_AM_AF
2745	26948.0	101	JJ163	52v	1981	2	2843.0	2.0	AF	AF	26.0	2.0	1.0	26.0	1124.0	883.0	valide	valide_AI_AM_AF
2746	26949.0	102	JJ163	53r	1981	1	2844.0	1.0	AI	AI	906.0	1.0	1.0	906.0	1151.0	418.0	valide	valide_AI_AM_AF
2747	26949.0	102	JJ163	53r	1982	2	2845.0	3.0	AM	AM	7.0	2.0	0.0	7.0	1199.0	1433.0	valide	valide_AI_AM_AF
2748	26949.0	102	JJ163	53r	1983	3	2846.0	3.0	AM	AM	35.0	3.0	0.0	35.0	1082.0	1315.0	valide	valide_AI_AM_AF
2749	26949.0	102	JJ163	53r	1984	4	2847.0	2.0	AF	AF	2.0	4.0	1.0	2.0	1197.0	511.0	valide	valide_AI_AM_AF
2750	26950.0	103	JJ163	54v	1984	1	2848.0	1.0	AI	AI	515.0	1.0	0.0	515.0	1198.0	926.0	valide	valide_AI_AM_AF
2751	26950.0	103	JJ163	54v	1985	2	2849.0	2.0	AF	AF	12.0	2.0	1.0	12.0	1199.0	559.0	valide	valide_AI_AM_AF
2752	26951.0	104	JJ163	55r	1985	1	2850.0	1.0	AI	AI	570.0	1.0	0.0	570.0	1088.0	760.0	valide	valide_AI_AM_AF
2753	26951.0	104	JJ163	55r	1986	2	2851.0	2.0	AF	AF	2.0	2.0	26.0	2.0	1173.0	974.0	valide	valide_AI_AM_AF
2754	26952.0	105	JJ163	55v	1986	1	2852.0	1.0	AI	AI	977.0	1.0	15.0	977.0	1184.0	454.0	valide	valide_AI_AM_AF
2755	26952.0	105	JJ163	55v	1987	2	2853.0	3.0	AM	AM	23.0	2.0	1.0	23.0	1042.0	1335.0	valide	valide_AI_AM_AF
2756	26952.0	105	JJ163	55v	1988	3	2854.0	2.0	AF	AF	7.0	3.0	0.0	7.0	1199.0	1433.0	valide	valide_AI_AM_AF
2757	26953.0	106	JJ163	57r	1989	1	2855.0	1.0	AI	AI	0.0	1.0	0.0	0.0	1059.0	1339.0	valide	valide_AI_AM_AF
2758	26953.0	106	JJ163	57r	1990	2	2856.0	2.0	AF	AF	1.0	2.0	0.0	1.0	1200.0	200.0	valide	valide_AI_AM_AF
2759	26954.0	107	JJ163	57v	1990	1	2857.0	1.0	AI	AI	196.0	1.0	0.0	196.0	1200.0	1220.0	valide	valide_AI_AM_AF
2760	26954.0	107	JJ163	57v	1991	2	2858.0	3.0	AM	AM	44.0	2.0	2.0	44.0	1045.0	1306.0	valide	valide_AI_AM_AF
2761	26954.0	107	JJ163	57v	1992	3	2859.0	2.0	AF	AF	3.0	3.0	5.0	3.0	1195.0	357.0	valide	valide_AI_AM_AF
2762	26955.0	108	JJ163	58v	1992	1	2860.0	1.0	AI	AI	359.0	1.0	0.0	359.0	1200.0	1055.0	valide	valide_AI_AM_AF
2763	26955.0	108	JJ163	58v	1993	2	2861.0	2.0	AF	AF	36.0	2.0	2.0	36.0	1118.0	453.0	valide	valide_AI_AM_AF
2764	26956.0	109	JJ163	59r	1993	1	2862.0	1.0	AI	AI	487.0	1.0	1.0	487.0	1062.0	861.0	valide	valide_AI_AM_AF
2765	26956.0	109	JJ163	59r	1994	2	2863.0	2.0	AF	AF	29.0	2.0	0.0	29.0	1197.0	619.0	valide	valide_AI_AM_AF
2766	26957.0	110	JJ163	59v	1994	1	2864.0	1.0	AI	AI	648.0	1.0	55.0	648.0	1143.0	754.0	valide	valide_AI_AM_AF
2767	26957.0	110	JJ163	59v	1995	2	2865.0	2.0	AF	AF	6.0	2.0	0.0	6.0	1041.0	838.0	valide	valide_AI_AM_AF
2768	26958.0	111	JJ163	60r	1995	1	2866.0	1.0	AI	AI	843.0	1.0	1.0	843.0	1005.0	441.0	valide	valide_AI_AM_AF
2769	26958.0	111	JJ163	60r	1996	2	2867.0	2.0	AF	AF	14.0	2.0	159.0	14.0	1038.0	885.0	valide	valide_AI_AM_AF
2770	26959.0	112	JJ163	60v	1996	1	2868.0	1.0	AI	AI	899.0	1.0	42.0	899.0	1157.0	481.0	valide	valide_AI_AM_AF
2771	26959.0	112	JJ163	60v	1997	2	2869.0	2.0	AF	AF	1.0	2.0	3.0	1.0	1197.0	876.0	valide	valide_AI_AM_AF
2772	26960.0	113	JJ163	61r	1997	1	2870.0	1.0	AI	AI	873.0	1.0	0.0	873.0	1014.0	410.0	valide	valide_AI_AM_AF
2773	26960.0	113	JJ163	61r	1998	2	2871.0	3.0	AM	AM	9.0	2.0	167.0	9.0	1031.0	1385.0	valide	valide_AI_AM_AF
2774	26960.0	113	JJ163	61r	1999	3	2872.0	2.0	AF	AF	2.0	3.0	1.0	2.0	1005.0	1307.0	valide	valide_AI_AM_AF
2775	26961.0	114	JJ163	62v	2000	1	2873.0	1.0	AI	AI	34.0	1.0	128.0	34.0	1071.0	1373.0	valide	valide_AI_AM_AF
2776	26961.0	114	JJ163	62v	2001	2	2874.0	2.0	AF	AF	6.0	2.0	0.0	6.0	1048.0	711.0	valide	valide_AI_AM_AF
2777	26962.0	115	JJ163	63r	2001	1	2875.0	0.0	AC	AC	682.0	1.0	153.0	682.0	430.0	45.0	valide	
2778	26963.0	116	JJ163	63r	2001	1	2876.0	1.0	AI	AI	727.0	1.0	0.0	727.0	1013.0	558.0	valide	valide_AI_AM_AF
2779	26963.0	116	JJ163	63r	2002	2	2877.0	2.0	AF	AF	12.0	2.0	175.0	12.0	1022.0	919.0	valide	valide_AI_AM_AF
2780	26964.0	117	JJ163	63v	2002	1	2878.0	1.0	AI	AI	927.0	1.0	9.0	927.0	1189.0	486.0	valide	valide_AI_AM_AF
2781	26964.0	117	JJ163	63v	2003	2	2879.0	2.0	AF	AF	2.0	2.0	1.0	2.0	1038.0	1294.0	valide	valide_AI_AM_AF
2782	26965.0	118	JJ163	64v	2004	1	2880.0	0.0	AC	AC	27.0	1.0	64.0	27.0	1134.0	1380.0	valide	
2783	26966.0	119	JJ163	65r	2005	1	2881.0	1.0	AI	AI	4.0	1.0	4.0	4.0	1039.0	1304.0	valide	valide_AI_AM_AF
2784	26966.0	119	JJ163	65r	2006	2	2882.0	2.0	AF	AF	14.0	2.0	162.0	14.0	1036.0	584.0	valide	valide_AI_AM_AF
2785	26967.0	120	JJ163	65v	2006	1	2883.0	1.0	AI	AI	597.0	1.0	102.0	597.0	1096.0	815.0	valide	valide_AI_AM_AF
2786	26967.0	120	JJ163	65v	2007	2	2884.0	2.0	AF	AF	1.0	2.0	0.0	1.0	1084.0	553.0	valide	valide_AI_AM_AF
2787	26968.0	121	JJ163	66r	2007	1	2885.0	1.0	AI	AI	552.0	1.0	4.0	552.0	1060.0	748.0	valide	valide_AI_AM_AF
2788	26968.0	121	JJ163	66r	2008	2	2886.0	2.0	AF	AF	4.0	2.0	8.0	4.0	1190.0	490.0	valide	valide_AI_AM_AF
2789	26969.0	122	JJ163	66v	2008	1	2887.0	0.0	AC	AC	487.0	1.0	44.0	487.0	1154.0	920.0	valide	
2790	26970.0	123	JJ163	67r	2009	1	2888.0	0.0	AC	AC	2.0	1.0	11.0	2.0	1037.0	1318.0	valide	
2791	26971.0	124	JJ163	67v	2010	1	2889.0	0.0	AC	AC	27.0	1.0	171.0	27.0	1027.0	1382.0	valide	
2792	26972.0	125	JJ163	68r	2011	1	2890.0	0.0	AC	AC	5.0	1.0	1.0	5.0	1032.0	592.0	valide	
2793	26973.0	126	JJ163	68r	2011	1	2891.0	1.0	AI	AI	596.0	1.0	2.0	596.0	1034.0	706.0	valide	valide_AI_AM_AF
2794	26973.0	126	JJ163	68r	2012	2	2892.0	3.0	AM	AM	16.0	2.0	171.0	16.0	1026.0	1389.0	valide	valide_AI_AM_AF
2795	26973.0	126	JJ163	68r	2013	3	2893.0	3.0	AM	AM	0.0	3.0	13.0	0.0	1028.0	1324.0	valide	valide_AI_AM_AF
2796	26973.0	126	JJ163	68r	2014	4	2894.0	2.0	AF	AF	1.0	4.0	1.0	1.0	1198.0	357.0	valide	valide_AI_AM_AF
2797	26974.0	127	JJ163	69v	2014	1	2895.0	1.0	AI	AI	358.0	1.0	114.0	358.0	1084.0	1038.0	valide	valide_AI_AM_AF
2798	26974.0	127	JJ163	69v	2015	2	2896.0	2.0	AF	AF	3.0	2.0	2.0	3.0	1062.0	344.0	valide	valide_AI_AM_AF
2799	26975.0	128	JJ163	70r	2015	1	2897.0	1.0	AI	AI	346.0	1.0	6.0	346.0	1032.0	977.0	valide	valide_AI_AM_AF
2800	26975.0	128	JJ163	70r	2016	2	2898.0	2.0	AF	AF	11.0	2.0	0.0	11.0	1199.0	572.0	valide	valide_AI_AM_AF
2801	26976.0	129	JJ163	70v	2016	1	2899.0	1.0	AI	AI	583.0	1.0	130.0	583.0	1068.0	816.0	valide	valide_AI_AM_AF
2802	26976.0	129	JJ163	70v	2017	2	2900.0	2.0	AF	AF	2.0	2.0	2.0	2.0	1075.0	566.0	valide	valide_AI_AM_AF
2803	26977.0	130	JJ163	71r	2017	1	2901.0	1.0	AI	AI	566.0	1.0	16.0	566.0	1011.0	733.0	valide	valide_AI_AM_AF
2804	26977.0	130	JJ163	71r	2018	2	2902.0	2.0	AF	AF	2.0	2.0	0.0	2.0	1198.0	634.0	valide	valide_AI_AM_AF
2805	26978.0	131	JJ163	71v	2018	1	2903.0	1.0	AI	AI	635.0	1.0	140.0	635.0	1058.0	756.0	valide	valide_AI_AM_AF
2806	26978.0	131	JJ163	71v	2019	2	2904.0	2.0	AF	AF	2.0	2.0	2.0	2.0	1032.0	400.0	valide	valide_AI_AM_AF
2807	26979.0	132	JJ163	72r	2019	1	2905.0	0.0	AC	AC	398.0	1.0	7.0	398.0	1024.0	934.0	valide	
2808	26980.0	133	JJ163	72v	2020	1	2906.0	0.0	AC	AC	2.0	1.0	0.0	2.0	1198.0	1401.0	valide	
2809	26981.0	134	JJ163	73r	2021	1	2907.0	1.0	AI	AI	7.0	1.0	24.0	7.0	1041.0	1326.0	valide	valide_AI_AM_AF
2810	26981.0	134	JJ163	73r	2022	2	2908.0	3.0	AM	AM	3.0	2.0	0.0	3.0	1199.0	1397.0	valide	valide_AI_AM_AF
2811	26981.0	134	JJ163	73r	2023	3	2909.0	3.0	AM	AM	4.0	3.0	2.0	4.0	1034.0	1328.0	valide	valide_AI_AM_AF
2812	26981.0	134	JJ163	73r	2024	4	2910.0	3.0	AM	AM	17.0	4.0	0.0	17.0	1198.0	1382.0	valide	valide_AI_AM_AF
2813	26981.0	134	JJ163	73r	2025	5	2911.0	3.0	AM	AM	3.0	5.0	11.0	3.0	1022.0	1331.0	valide	valide_AI_AM_AF
2814	26981.0	134	JJ163	73r	2026	6	2912.0	3.0	AM	AM	4.0	6.0	196.0	4.0	1002.0	1394.0	valide	valide_AI_AM_AF
2815	26981.0	134	JJ163	73r	2027	7	2913.0	3.0	AM	AM	14.0	7.0	31.0	14.0	1008.0	1318.0	valide	valide_AI_AM_AF
2816	26981.0	134	JJ163	73r	2028	8	2914.0	3.0	AM	AM	27.0	8.0	194.0	27.0	1006.0	1346.0	valide	valide_AI_AM_AF
2817	26981.0	134	JJ163	73r	2029	9	2915.0	3.0	AM	AM	8.0	9.0	32.0	8.0	1010.0	1320.0	valide	valide_AI_AM_AF
2818	26981.0	134	JJ163	73r	2030	10	2916.0	2.0	AF	AF	6.0	10.0	6.0	6.0	1194.0	491.0	valide	valide_AI_AM_AF
2819	26982.0	135	JJ163	77v	2030	1	2917.0	0.0	AC	AC	496.0	1.0	150.0	496.0	1049.0	876.0	valide	
2820	26983.0	136	JJ163	78r	2031	1	2918.0	0.0	AC	AC	19.0	1.0	4.0	19.0	1035.0	710.0	valide	
2821	26984.0	137	JJ163	78r	2031	1	2919.0	1.0	AI	AI	729.0	1.0	11.0	729.0	1013.0	563.0	valide	valide_AI_AM_AF
2822	26984.0	137	JJ163	78r	2032	2	2920.0	2.0	AF	AF	6.0	2.0	8.0	6.0	1191.0	630.0	valide	valide_AI_AM_AF
2823	26985.0	138	JJ163	78v	2032	1	2921.0	1.0	AI	AI	635.0	1.0	188.0	635.0	1011.0	729.0	valide	valide_AI_AM_AF
2824	26985.0	138	JJ163	78v	2033	2	2922.0	2.0	AF	AF	16.0	2.0	6.0	16.0	1022.0	427.0	valide	valide_AI_AM_AF
2825	26986.0	139	JJ163	79r	2033	1	2923.0	1.0	AI	AI	441.0	1.0	5.0	441.0	1043.0	872.0	valide	valide_AI_AM_AF
2826	26986.0	139	JJ163	79r	2034	2	2924.0	2.0	AF	AF	4.0	2.0	5.0	4.0	1195.0	419.0	valide	valide_AI_AM_AF
2827	26987.0	140	JJ163	79v	2034	1	2925.0	0.0	AC	AC	421.0	1.0	21.0	421.0	1178.0	964.0	valide	
2828	26988.0	141	JJ163	80r	2035	1	2926.0	0.0	AC	AC	19.0	1.0	2.0	19.0	1061.0	905.0	valide	
2829	26989.0	142	JJ163	80r	2035	1	2927.0	1.0	AI	AI	925.0	1.0	2.0	925.0	1102.0	370.0	valide	valide_AI_AM_AF
2830	26989.0	142	JJ163	80r	2036	2	2928.0	2.0	AF	AF	9.0	2.0	204.0	9.0	995.0	1377.0	valide	valide_AI_AM_AF
2831	26990.0	143	JJ163	81r	2037	1	2929.0	1.0	AI	AI	6.0	1.0	11.0	6.0	1064.0	1326.0	valide	valide_AI_AM_AF
2832	26990.0	143	JJ163	81r	2038	2	2930.0	3.0	AM	AM	12.0	2.0	205.0	12.0	994.0	1371.0	valide	valide_AI_AM_AF
2833	26990.0	143	JJ163	81r	2039	3	2931.0	2.0	AF	AF	2.0	3.0	21.0	2.0	1156.0	304.0	valide	valide_AI_AM_AF
2834	26991.0	144	JJ163	82r	2039	1	2932.0	0.0	AC	AC	282.0	1.0	155.0	282.0	407.0	40.0	valide	
2835	26992.0	145	JJ163	82r	2039	1	2933.0	0.0	AC	AC	316.0	1.0	29.0	316.0	1005.0	669.0	valide	
2836	26993.0	146	JJ163	82r	2039	1	2934.0	1.0	AI	AI	986.0	1.0	3.0	986.0	1003.0	321.0	valide	valide_AI_AM_AF
2837	26993.0	146	JJ163	82r	2040	2	2935.0	3.0	AM	AM	20.0	2.0	79.0	20.0	1120.0	1363.0	valide	valide_AI_AM_AF
2838	26993.0	146	JJ163	82r	2041	3	2936.0	2.0	AF	AF	8.0	3.0	65.0	8.0	951.0	1327.0	valide	valide_AI_AM_AF
2839	26994.0	147	JJ163	82bisv	2042	1	2937.0	0.0	AC	AC	11.0	1.0	0.0	11.0	1199.0	1374.0	valide	
2840	26995.0	148	JJ163	83r	2043	1	2938.0	0.0	AC	AC	9.0	1.0	3.0	9.0	1092.0	991.0	valide	
2841	26996.0	149	JJ163	83r	2043	1	2939.0	1.0	AI	AI	1000.0	1.0	1.0	1000.0	1178.0	316.0	valide	valide_AI_AM_AF
2842	26996.0	149	JJ163	83r	2044	2	2940.0	3.0	AM	AM	33.0	2.0	20.0	33.0	1179.0	1348.0	valide	valide_AI_AM_AF
2843	26996.0	149	JJ163	83r	2045	3	2941.0	3.0	AM	AM	10.0	3.0	38.0	10.0	1005.0	1323.0	valide	valide_AI_AM_AF
2844	26996.0	149	JJ163	83r	2046	4	2942.0	2.0	AF	AF	15.0	4.0	0.0	15.0	1198.0	567.0	valide	valide_AI_AM_AF
2845	26997.0	150	JJ163	84v	2046	1	2943.0	0.0	AC	AC	580.0	1.0	9.0	580.0	1190.0	807.0	valide	
2846	26998.0	151	JJ163	85r	2047	1	2944.0	0.0	AC	AC	17.0	1.0	15.0	17.0	1184.0	1050.0	valide	
2847	26999.0	152	JJ163	85r	2047	1	2945.0	1.0	AI	AI	1068.0	1.0	2.0	1068.0	1198.0	774.0	valide	valide_AI_AM_AF
2848	26999.0	152	JJ163	85r	2048	2	2946.0	2.0	AF	AF	0.0	2.0	0.0	0.0	1200.0	507.0	valide	valide_AI_AM_AF
2849	27000.0	153	JJ163	85v	2048	1	2947.0	0.0	AC	AC	501.0	1.0	0.0	501.0	1198.0	1342.0	valide	
2850	27001.0	154	JJ163	86r	2049	1	2948.0	0.0	AC	AC	22.0	1.0	20.0	22.0	1048.0	1309.0	valide	
2851	27002.0	155	JJ163	86v	2050	1	2949.0	0.0	AC	AC	2.0	1.0	0.0	2.0	1199.0	1384.0	valide	
2852	27003.0	156	JJ163	87r	2051	1	2950.0	1.0	AI	AI	31.0	1.0	52.0	31.0	981.0	1302.0	valide	valide_AI_AM_AF
2853	27003.0	156	JJ163	87r	2052	2	2951.0	2.0	AF	AF	1.0	2.0	0.0	1.0	1199.0	541.0	valide	valide_AI_AM_AF
2854	27004.0	157	JJ163	87v	2052	1	2952.0	0.0	AC	AC	540.0	1.0	0.0	540.0	1198.0	846.0	valide	
2855	27005.0	158	JJ163	88r	2053	1	2953.0	0.0	AC	AC	12.0	1.0	17.0	12.0	1003.0	1322.0	valide	
2856	27006.0	159	JJ163	88v	2054	1	2954.0	0.0	AC	AC	5.0	1.0	18.0	5.0	1181.0	1377.0	valide	
2857	27007.0	160	JJ163	89r	2055	1	2955.0	1.0	AI	AI	11.0	1.0	66.0	11.0	964.0	1321.0	valide	valide_AI_AM_AF
2858	27007.0	160	JJ163	89r	2056	2	2956.0	3.0	AM	AM	3.0	2.0	204.0	3.0	995.0	1381.0	valide	valide_AI_AM_AF
2859	27007.0	160	JJ163	89r	2057	3	2957.0	3.0	AM	AM	6.0	3.0	69.0	6.0	967.0	1328.0	valide	valide_AI_AM_AF
2860	27007.0	160	JJ163	89r	2058	4	2958.0	3.0	AM	AM	30.0	4.0	204.0	30.0	995.0	1354.0	valide	valide_AI_AM_AF
2861	27007.0	160	JJ163	89r	2059	5	2959.0	3.0	AM	AM	18.0	5.0	45.0	18.0	1009.0	1317.0	valide	valide_AI_AM_AF
2862	27007.0	160	JJ163	89r	2060	6	2960.0	3.0	AM	AM	21.0	6.0	151.0	21.0	1047.0	1338.0	valide	valide_AI_AM_AF
2863	27007.0	160	JJ163	89r	2061	7	2961.0	3.0	AM	AM	17.0	7.0	71.0	17.0	954.0	1318.0	valide	valide_AI_AM_AF
2864	27007.0	160	JJ163	89r	2062	8	2962.0	3.0	AM	AM	32.0	8.0	208.0	32.0	990.0	1327.0	valide	valide_AI_AM_AF
2865	27007.0	160	JJ163	89r	2063	9	2963.0	3.0	AM	AM	24.0	9.0	65.0	24.0	959.0	1309.0	valide	valide_AI_AM_AF
2866	27007.0	160	JJ163	89r	2064	10	2964.0	2.0	AF	AF	2.0	10.0	0.0	2.0	1198.0	381.0	valide	valide_AI_AM_AF
2867	27008.0	161	JJ163	93v	2064	1	2965.0	1.0	AI	AI	381.0	1.0	0.0	381.0	1199.0	976.0	valide	valide_AI_AM_AF
2868	27008.0	161	JJ163	93v	2065	2	2966.0	2.0	AF	AF	8.0	2.0	4.0	8.0	1047.0	691.0	valide	valide_AI_AM_AF
2869	27009.0	162	JJ163	94r	2065	1	2967.0	1.0	AI	AI	694.0	1.0	10.0	694.0	1047.0	605.0	valide	valide_AI_AM_AF
2870	27009.0	162	JJ163	94r	2066	2	2968.0	2.0	AF	AF	3.0	2.0	7.0	3.0	1192.0	516.0	valide	valide_AI_AM_AF
2871	27010.0	163	JJ163	94v	2066	1	2969.0	1.0	AI	AI	518.0	1.0	8.0	518.0	1191.0	842.0	valide	valide_AI_AM_AF
2872	27010.0	163	JJ163	94v	2067	2	2970.0	2.0	AF	AF	14.0	2.0	6.0	14.0	1013.0	588.0	valide	valide_AI_AM_AF
2873	27011.0	164	JJ163	95r	2067	1	2971.0	1.0	AI	AI	603.0	1.0	9.0	603.0	1014.0	733.0	valide	valide_AI_AM_AF
2874	27011.0	164	JJ163	95r	2068	2	2972.0	2.0	AF	AF	4.0	2.0	0.0	4.0	1199.0	628.0	valide	valide_AI_AM_AF
2875	27012.0	165	JJ163	95v	2068	1	2973.0	1.0	AI	AI	632.0	1.0	14.0	632.0	1184.0	716.0	valide	valide_AI_AM_AF
2876	27012.0	165	JJ163	95v	2069	2	2974.0	2.0	AF	AF	5.0	2.0	10.0	5.0	1006.0	499.0	valide	valide_AI_AM_AF
2877	27013.0	166	JJ163	96r	2069	1	2975.0	0.0	AC	AC	503.0	1.0	8.0	503.0	1005.0	520.0	valide	
2878	27014.0	167	JJ163	96r	2069	1	2976.0	1.0	AI	AI	1023.0	1.0	10.0	1023.0	1037.0	287.0	valide	valide_AI_AM_AF
2879	27014.0	167	JJ163	96r	2070	2	2977.0	2.0	AF	AF	1.0	2.0	0.0	1.0	1199.0	1359.0	valide	valide_AI_AM_AF
2880	27015.0	168	JJ163	97r	2071	1	2978.0	0.0	AC	AC	4.0	1.0	21.0	4.0	1002.0	1330.0	valide	
2881	27016.0	169	JJ163	97v	2072	1	2979.0	0.0	AC	AC	5.0	1.0	0.0	5.0	1199.0	1352.0	valide	
2882	27017.0	170	JJ163	98r	2073	1	2980.0	1.0	AI	AI	6.0	1.0	61.0	6.0	965.0	1319.0	valide	valide_AI_AM_AF
2883	27017.0	170	JJ163	98r	2074	2	2981.0	2.0	AF	AF	1.0	2.0	0.0	1.0	1198.0	982.0	valide	valide_AI_AM_AF
2884	27018.0	171	JJ163	98v	2074	1	2982.0	1.0	AI	AI	976.0	1.0	2.0	976.0	1197.0	367.0	valide	valide_AI_AM_AF
2885	27018.0	171	JJ163	98v	2075	2	2983.0	3.0	AM	AM	1.0	2.0	16.0	1.0	1045.0	1328.0	valide	valide_AI_AM_AF
2886	27018.0	171	JJ163	98v	2076	3	2984.0	2.0	AF	AF	6.0	3.0	26.0	6.0	1173.0	572.0	valide	valide_AI_AM_AF
2887	27019.0	172	JJ163	99v	2076	1	2985.0	1.0	AI	AI	574.0	1.0	180.0	574.0	1019.0	769.0	valide	valide_AI_AM_AF
2888	27019.0	172	JJ163	99v	2077	2	2986.0	2.0	AF	AF	1.0	2.0	10.0	1.0	1040.0	746.0	valide	valide_AI_AM_AF
2889	27020.0	173	JJ163	100r	2077	1	2987.0	0.0	AC	AC	745.0	1.0	23.0	745.0	1013.0	548.0	valide	
2890	27021.0	174	JJ163	100v	2078	1	2988.0	0.0	AC	AC	11.0	1.0	11.0	11.0	1188.0	706.0	valide	
2891	27022.0	175	JJ163	100v	2078	1	2989.0	1.0	AI	AI	716.0	1.0	0.0	716.0	1198.0	622.0	valide	valide_AI_AM_AF
2892	27022.0	175	JJ163	100v	2079	2	2990.0	2.0	AF	AF	1.0	2.0	3.0	1.0	1122.0	707.0	valide	valide_AI_AM_AF
2893	27023.0	176	JJ163	101r	2079	1	2991.0	1.0	AI	AI	702.0	1.0	5.0	702.0	1160.0	600.0	valide	valide_AI_AM_AF
2894	27023.0	176	JJ163	101r	2080	2	2992.0	2.0	AF	AF	4.0	2.0	1.0	4.0	1198.0	515.0	valide	valide_AI_AM_AF
2895	27024.0	177	JJ163	101v	2080	1	2993.0	1.0	AI	AI	518.0	1.0	14.0	518.0	1185.0	815.0	valide	valide_AI_AM_AF
2896	27024.0	177	JJ163	101v	2081	2	2994.0	2.0	AF	AF	1.0	2.0	6.0	1.0	1037.0	413.0	valide	valide_AI_AM_AF
2897	27025.0	178	JJ163	102r	2081	1	2995.0	0.0	AC	AC	417.0	1.0	48.0	417.0	903.0	68.0	valide	
2898	27026.0	179	JJ163	102r	2081	1	2996.0	1.0	AI	AI	470.0	1.0	31.0	470.0	1013.0	854.0	valide	valide_AI_AM_AF
2899	27026.0	179	JJ163	102r	2082	2	2997.0	2.0	AF	AF	2.0	2.0	0.0	2.0	1198.0	651.0	valide	valide_AI_AM_AF
2900	27027.0	180	JJ163	102v	2082	1	2998.0	0.0	AC	AC	652.0	1.0	0.0	652.0	1198.0	693.0	valide	
2901	27028.0	181	JJ163	103r	2083	1	2999.0	0.0	AC	AC	5.0	1.0	7.0	5.0	1055.0	1321.0	valide	
2902	27029.0	182	JJ163	103v	2084	1	3000.0	0.0	AC	AC	2.0	1.0	12.0	2.0	1187.0	910.0	valide	
2903	27030.0	183	JJ163	103v	2084	1	3001.0	1.0	AI	AI	907.0	1.0	11.0	907.0	1187.0	439.0	valide	valide_AI_AM_AF
2904	27030.0	183	JJ163	103v	2085	2	3002.0	2.0	AF	AF	3.0	2.0	0.0	3.0	1199.0	1402.0	valide	valide_AI_AM_AF
2905	27031.0	184	JJ163	104r	2085	1	3003.0	0.0	AC	AC	1387.0	1.0	0.0	1387.0	1200.0	436.0	valide	
2906	27032.0	185	JJ163	104v	2086	1	3004.0	0.0	AC	AC	1.0	1.0	0.0	1.0	1200.0	1364.0	valide	
2907	27033.0	186	JJ163	104v	2086	1	3005.0	1.0	AI	AI	1281.0	1.0	0.0	1281.0	1199.0	529.0	valide	valide_AI_AM_AF
2908	27033.0	186	JJ163	104v	2087	2	3006.0	2.0	AF	AF	4.0	2.0	2.0	4.0	1075.0	822.0	valide	valide_AI_AM_AF
2909	27034.0	187	JJ163	105r	2087	1	3007.0	1.0	AI	AI	824.0	1.0	1.0	824.0	1088.0	489.0	valide	valide_AI_AM_AF
2910	27034.0	187	JJ163	105r	2088	2	3008.0	2.0	AF	AF	8.0	2.0	6.0	8.0	1192.0	795.0	valide	valide_AI_AM_AF
2911	27035.0	188	JJ163	105v	2088	1	3009.0	0.0	AC	AC	803.0	1.0	14.0	803.0	1184.0	550.0	valide	
2912	27036.0	189	JJ163	106r	2089	1	3010.0	0.0	AC	AC	16.0	1.0	2.0	16.0	1077.0	991.0	valide	
2913	27037.0	190	JJ163	106r	2089	1	3011.0	1.0	AI	AI	1004.0	1.0	0.0	1004.0	1164.0	318.0	valide	valide_AI_AM_AF
2914	27037.0	190	JJ163	106r	2090	2	3012.0	2.0	AF	AF	19.0	2.0	188.0	19.0	1011.0	1339.0	valide	valide_AI_AM_AF
2915	27038.0	191	JJ163	107r	2091	1	3013.0	0.0	AC	AC	9.0	1.0	1.0	9.0	1014.0	803.0	valide	
2916	27039.0	192	JJ163	107r	2091	1	3014.0	1.0	AI	AI	808.0	1.0	2.0	808.0	1028.0	509.0	valide	valide_AI_AM_AF
2917	27039.0	192	JJ163	107r	2092	2	3015.0	2.0	AF	AF	12.0	2.0	3.0	12.0	1196.0	1023.0	valide	valide_AI_AM_AF
2918	27040.0	193	JJ163	107v	2092	1	3016.0	1.0	AI	AI	1028.0	1.0	1.0	1028.0	1197.0	308.0	valide	valide_AI_AM_AF
2919	27040.0	193	JJ163	107v	2093	2	3017.0	2.0	AF	AF	2.0	2.0	5.0	2.0	1051.0	894.0	valide	valide_AI_AM_AF
2920	27041.0	194	JJ163	108r	2093	1	3018.0	1.0	AI	AI	896.0	1.0	5.0	896.0	1051.0	425.0	valide	valide_AI_AM_AF
2921	27041.0	194	JJ163	108r	2094	2	3019.0	2.0	AF	AF	2.0	2.0	2.0	2.0	1197.0	665.0	valide	valide_AI_AM_AF
2922	27042.0	195	JJ163	108v	2094	1	3020.0	0.0	AC	AC	667.0	1.0	197.0	667.0	1001.0	673.0	valide	
2923	27043.0	196	JJ163	109r	2095	1	3021.0	0.0	AC	AC	8.0	1.0	1.0	8.0	1035.0	795.0	valide	
2924	27044.0	197	JJ163	109r	2095	1	3022.0	1.0	AI	AI	804.0	1.0	23.0	804.0	1013.0	490.0	valide	valide_AI_AM_AF
2925	27044.0	197	JJ163	109r	2096	2	3023.0	2.0	AF	AF	3.0	2.0	76.0	3.0	1122.0	663.0	valide	valide_AI_AM_AF
2926	27045.0	198	JJ163	109v	2096	1	3024.0	1.0	AI	AI	665.0	1.0	226.0	665.0	972.0	677.0	valide	valide_AI_AM_AF
2927	27045.0	198	JJ163	109v	2097	2	3025.0	2.0	AF	AF	8.0	2.0	2.0	8.0	1049.0	539.0	valide	valide_AI_AM_AF
2928	27046.0	199	JJ163	110r	2097	1	3026.0	0.0	AC	AC	537.0	1.0	55.0	537.0	862.0	60.0	valide	
2929	27047.0	200	JJ163	110r	2097	1	3027.0	1.0	AI	AI	591.0	1.0	39.0	591.0	1013.0	724.0	valide	valide_AI_AM_AF
2930	27047.0	200	JJ163	110r	2098	2	3028.0	2.0	AF	AF	2.0	2.0	9.0	2.0	1189.0	1005.0	valide	valide_AI_AM_AF
2931	27048.0	201	JJ163	110v	2098	1	3029.0	0.0	AC	AC	1003.0	1.0	9.0	1003.0	1190.0	325.0	valide	
2932	27049.0	202	JJ163	111r	2099	1	3032.0	1.0	AI	AI	666.0	1.0	2.0	666.0	1042.0	643.0	valide	valide_AI_AM_AF
2933	27049.0	202	JJ163	111r	2100	2	3033.0	2.0	AF	AF	3.0	2.0	0.0	3.0	1199.0	570.0	valide	valide_AI_AM_AF
2934	27050.0	203	JJ163	111v	2100	1	3034.0	1.0	AI	AI	573.0	1.0	154.0	573.0	1044.0	760.0	valide	valide_AI_AM_AF
2935	27050.0	203	JJ163	111v	2101	2	3035.0	2.0	AF	AF	10.0	2.0	1.0	10.0	1081.0	634.0	valide	valide_AI_AM_AF
2936	27051.0	204	JJ163	112r	2101	1	3036.0	1.0	AI	AI	641.0	1.0	2.0	641.0	1040.0	691.0	valide	valide_AI_AM_AF
2937	27051.0	204	JJ163	112r	2102	2	3037.0	2.0	AF	AF	2.0	2.0	1.0	2.0	1197.0	875.0	valide	valide_AI_AM_AF
2938	27052.0	205	JJ163	112v	2102	1	3038.0	1.0	AI	AI	872.0	1.0	11.0	872.0	1187.0	478.0	valide	valide_AI_AM_AF
2939	27052.0	205	JJ163	112v	2103	2	3039.0	2.0	AF	AF	7.0	2.0	1.0	7.0	1035.0	833.0	valide	valide_AI_AM_AF
2940	27053.0	206	JJ163	113r	2103	1	3040.0	1.0	AI	AI	831.0	1.0	1.0	831.0	1037.0	464.0	valide	valide_AI_AM_AF
2941	27053.0	206	JJ163	113r	2104	2	3041.0	2.0	AF	AF	1.0	2.0	81.0	1.0	1118.0	1359.0	valide	valide_AI_AM_AF
2942	27054.0	207	JJ163	114r	2105	1	3042.0	1.0	AI	AI	4.0	1.0	3.0	4.0	1067.0	1299.0	valide	valide_AI_AM_AF
2943	27054.0	207	JJ163	114r	2106	2	3043.0	2.0	AF	AF	1.0	2.0	16.0	1.0	1183.0	560.0	valide	valide_AI_AM_AF
2944	27055.0	208	JJ163	114v	2106	1	3044.0	0.0	AC	AC	559.0	1.0	6.0	559.0	1192.0	797.0	valide	
2945	27056.0	209	JJ163	115r	2107	1	3045.0	1.0	AI	AI	3.0	1.0	60.0	3.0	978.0	1302.0	valide	valide_AI_AM_AF
2946	27056.0	209	JJ163	115r	2108	2	3046.0	2.0	AF	AF	3.0	2.0	20.0	3.0	1179.0	582.0	valide	valide_AI_AM_AF
2947	27057.0	210	JJ163	115v	2108	1	3047.0	1.0	AI	AI	585.0	1.0	40.0	585.0	1158.0	747.0	valide	valide_AI_AM_AF
2948	27057.0	210	JJ163	115v	2109	2	3048.0	2.0	AF	AF	3.0	2.0	22.0	3.0	1054.0	714.0	valide	valide_AI_AM_AF
2949	27058.0	211	JJ163	116r	2109	1	3049.0	1.0	AI	AI	716.0	1.0	73.0	716.0	1019.0	572.0	valide	valide_AI_AM_AF
2950	27058.0	211	JJ163	116r	2110	2	3050.0	2.0	AF	AF	2.0	2.0	13.0	2.0	1186.0	845.0	valide	valide_AI_AM_AF
2951	27059.0	212	JJ163	116v	2110	1	3051.0	1.0	AI	AI	843.0	1.0	14.0	843.0	1184.0	491.0	valide	valide_AI_AM_AF
2952	27059.0	212	JJ163	116v	2111	2	3052.0	2.0	AF	AF	2.0	2.0	40.0	2.0	987.0	1295.0	valide	valide_AI_AM_AF
2953	27060.0	213	JJ163	117v	2112	1	3053.0	0.0	AC	AC	3.0	1.0	3.0	3.0	1195.0	877.0	valide	
2954	27061.0	214	JJ163	117v	2112	1	3054.0	1.0	AI	AI	880.0	1.0	26.0	880.0	1173.0	447.0	valide	valide_AI_AM_AF
2955	27061.0	214	JJ163	117v	2113	2	3055.0	2.0	AF	AF	3.0	2.0	6.0	3.0	1093.0	666.0	valide	valide_AI_AM_AF
2956	27062.0	215	JJ163	118r	2113	1	3056.0	1.0	AI	AI	667.0	1.0	11.0	667.0	1041.0	625.0	valide	valide_AI_AM_AF
2957	27062.0	215	JJ163	118r	2114	2	3057.0	3.0	AM	AM	2.0	2.0	7.0	2.0	1192.0	1354.0	valide	valide_AI_AM_AF
2958	27062.0	215	JJ163	118r	2115	3	3058.0	2.0	AF	AF	0.0	3.0	4.0	0.0	1083.0	319.0	valide	valide_AI_AM_AF
2959	27063.0	216	JJ163	119r	2115	1	3059.0	0.0	AC	AC	302.0	1.0	43.0	302.0	424.0	69.0	valide	
2960	27064.0	217	JJ163	119r	2115	1	3060.0	1.0	AI	AI	331.0	1.0	79.0	331.0	966.0	960.0	valide	valide_AI_AM_AF
2961	27064.0	217	JJ163	119r	2116	2	3061.0	2.0	AF	AF	1.0	2.0	9.0	1.0	1190.0	1358.0	valide	valide_AI_AM_AF
2962	27065.0	218	JJ163	120r	2117	1	3062.0	0.0	AC	AC	3.0	1.0	20.0	3.0	1055.0	739.0	valide	
2963	27066.0	219	JJ163	120r	2117	1	3063.0	1.0	AI	AI	736.0	1.0	76.0	736.0	981.0	552.0	valide	valide_AI_AM_AF
2964	27066.0	219	JJ163	120r	2118	2	3064.0	2.0	AF	AF	2.0	2.0	0.0	2.0	1199.0	341.0	valide	valide_AI_AM_AF
2965	27067.0	220	JJ163	120v	2118	1	3065.0	0.0	AC	AC	341.0	1.0	65.0	341.0	1133.0	617.0	valide	
2966	27068.0	221	JJ163	120v	2118	1	3066.0	1.0	AI	AI	959.0	1.0	30.0	959.0	1167.0	376.0	valide	valide_AI_AM_AF
2967	27068.0	221	JJ163	120v	2119	2	3067.0	3.0	AM	AM	1.0	2.0	75.0	1.0	959.0	1300.0	valide	valide_AI_AM_AF
2968	27068.0	221	JJ163	120v	2120	3	3068.0	2.0	AF	AF	2.0	3.0	5.0	2.0	1193.0	480.0	valide	valide_AI_AM_AF
2969	27069.0	222	JJ163	121v	2120	1	3069.0	0.0	AC	AC	477.0	1.0	166.0	477.0	1033.0	877.0	valide	
2970	27070.0	223	JJ163	122r	2121	1	3070.0	1.0	AI	AI	8.0	1.0	74.0	8.0	983.0	1324.0	valide	valide_AI_AM_AF
2971	27070.0	223	JJ163	122r	2122	2	3071.0	3.0	AM	AM	8.0	2.0	13.0	8.0	1186.0	1352.0	valide	valide_AI_AM_AF
2972	27070.0	223	JJ163	122r	2123	3	3072.0	2.0	AF	AF	3.0	3.0	0.0	3.0	1050.0	1349.0	valide	valide_AI_AM_AF
2973	27071.0	224	JJ163	123v	2124	1	3073.0	1.0	AI	AI	27.0	1.0	5.0	27.0	1194.0	1333.0	valide	valide_AI_AM_AF
2974	27071.0	224	JJ163	123v	2125	2	3074.0	3.0	AM	AM	18.0	2.0	0.0	18.0	1049.0	1324.0	valide	valide_AI_AM_AF
2975	27071.0	224	JJ163	123v	2126	3	3075.0	3.0	AM	AM	3.0	3.0	92.0	3.0	1107.0	1328.0	valide	valide_AI_AM_AF
2976	27071.0	224	JJ163	123v	2127	4	3076.0	3.0	AM	AM	3.0	4.0	0.0	3.0	1023.0	1352.0	valide	valide_AI_AM_AF
2977	27071.0	224	JJ163	123v	2128	5	3077.0	3.0	AM	AM	3.0	5.0	240.0	3.0	960.0	1346.0	valide	valide_AI_AM_AF
2978	27071.0	224	JJ163	123v	2129	6	3078.0	3.0	AM	AM	2.0	6.0	0.0	2.0	1053.0	1363.0	valide	valide_AI_AM_AF
2979	27071.0	224	JJ163	123v	2130	7	3079.0	3.0	AM	AM	2.0	7.0	4.0	2.0	1196.0	1347.0	valide	valide_AI_AM_AF
2980	27071.0	224	JJ163	123v	2131	8	3080.0	3.0	AM	AM	5.0	8.0	0.0	5.0	1018.0	1366.0	valide	valide_AI_AM_AF
2981	27071.0	224	JJ163	123v	2132	9	3081.0	2.0	AF	AF	2.0	9.0	14.0	2.0	1185.0	568.0	valide	valide_AI_AM_AF
2982	27072.0	225	JJ163	127v	2132	1	3082.0	1.0	AI	AI	568.0	1.0	6.0	568.0	1193.0	761.0	valide	valide_AI_AM_AF
2983	27072.0	225	JJ163	127v	2133	2	3083.0	2.0	AF	AF	5.0	2.0	2.0	5.0	1047.0	1364.0	valide	valide_AI_AM_AF
2984	27073.0	225bis	JJ163	128v	2134	1	3084.0	0.0	AC	AC	2.0	1.0	11.0	2.0	1189.0	877.0	valide	
2985	27074.0	226	JJ163	128v	2134	1	3085.0	1.0	AI	AI	877.0	1.0	11.0	877.0	1188.0	462.0	valide	valide_AI_AM_AF
2986	27074.0	226	JJ163	128v	2135	2	3086.0	2.0	AF	AF	3.0	2.0	0.0	3.0	1200.0	715.0	valide	valide_AI_AM_AF
2987	27075.0	227	JJ163	129r	2135	1	3087.0	0.0	AC	AC	666.0	1.0	126.0	666.0	450.0	52.0	valide	
2988	27076.0	228	JJ163	129r	2135	1	3088.0	1.0	AI	AI	727.0	1.0	1.0	727.0	1019.0	605.0	valide	valide_AI_AM_AF
2989	27076.0	228	JJ163	129r	2136	2	3089.0	2.0	AF	AF	1.0	2.0	18.0	1.0	1182.0	1346.0	valide	valide_AI_AM_AF
2990	27077.0	229	JJ163	130r	2137	1	3090.0	1.0	AI	AI	6.0	1.0	1.0	6.0	1020.0	1347.0	valide	valide_AI_AM_AF
2991	27077.0	229	JJ163	130r	2138	2	3091.0	2.0	AF	AF	1.0	2.0	6.0	1.0	1194.0	291.0	valide	valide_AI_AM_AF
2992	27078.0	230	JJ163	130v	2138	1	3092.0	0.0	AC	AC	289.0	1.0	173.0	289.0	1026.0	1056.0	valide	
2993	27079.0	231	JJ163	131r	2139	1	3093.0	0.0	AC	AC	5.0	1.0	1.0	5.0	1148.0	984.0	valide	
2994	27080.0	232	JJ163	131r	2139	1	3094.0	1.0	AI	AI	988.0	1.0	1.0	988.0	1153.0	342.0	valide	valide_AI_AM_AF
2995	27080.0	232	JJ163	131r	2140	2	3095.0	2.0	AF	AF	2.0	2.0	33.0	2.0	1167.0	594.0	valide	valide_AI_AM_AF
2996	27081.0	233	JJ163	131v	2140	1	3096.0	1.0	AI	AI	594.0	1.0	5.0	594.0	1195.0	751.0	valide	valide_AI_AM_AF
2997	27081.0	233	JJ163	131v	2141	2	3097.0	2.0	AF	AF	2.0	2.0	0.0	2.0	1200.0	649.0	valide	valide_AI_AM_AF
2998	27082.0	234	JJ163	132r	2141	1	3098.0	0.0	AC	AC	647.0	1.0	0.0	647.0	1057.0	685.0	valide	
2999	27083.0	235	JJ163	132v	2142	1	3099.0	0.0	AC	AC	1.0	1.0	9.0	1.0	1191.0	811.0	valide	
3000	27084.0	236	JJ163	132v	2142	1	3100.0	1.0	AI	AI	813.0	1.0	3.0	813.0	1197.0	533.0	valide	valide_AI_AM_AF
3001	27084.0	236	JJ163	132v	2143	2	3101.0	2.0	AF	AF	1.0	2.0	0.0	1.0	1200.0	679.0	valide	valide_AI_AM_AF
3002	27085.0	237	JJ163	133r	2143	1	3102.0	1.0	AI	AI	684.0	1.0	0.0	684.0	1022.0	647.0	valide	valide_AI_AM_AF
3003	27085.0	237	JJ163	133r	2144	2	3103.0	2.0	AF	AF	2.0	2.0	16.0	2.0	1184.0	577.0	valide	valide_AI_AM_AF
3004	27086.0	238	JJ163	133v	2144	1	3104.0	1.0	AI	AI	577.0	1.0	10.0	577.0	1190.0	769.0	valide	valide_AI_AM_AF
3005	27086.0	238	JJ163	133v	2145	2	3105.0	2.0	AF	AF	3.0	2.0	1.0	3.0	1149.0	539.0	valide	valide_AI_AM_AF
3006	27087.0	239	JJ163	134r	2145	1	3106.0	1.0	AI	AI	541.0	1.0	0.0	541.0	1063.0	806.0	valide	valide_AI_AM_AF
3007	27087.0	239	JJ163	134r	2146	2	3107.0	2.0	AF	AF	4.0	2.0	16.0	4.0	1184.0	475.0	valide	valide_AI_AM_AF
3008	27088.0	240	JJ163	134v	2146	1	3108.0	0.0	AC	AC	478.0	1.0	11.0	478.0	1189.0	868.0	valide	
3009	27089.0	241	JJ163	135r	2147	1	3109.0	0.0	AC	AC	3.0	1.0	1.0	3.0	1051.0	1354.0	valide	
3010	27090.0	242	JJ163	135v	2148	1	3110.0	0.0	AC	AC	25.0	1.0	34.0	25.0	1164.0	875.0	valide	
3011	27091.0	243	JJ163	135v	2148	1	3111.0	1.0	AI	AI	898.0	1.0	26.0	898.0	1172.0	411.0	valide	valide_AI_AM_AF
3012	27091.0	243	JJ163	135v	2149	2	3112.0	2.0	AF	AF	10.0	2.0	1.0	10.0	1061.0	884.0	valide	valide_AI_AM_AF
3013	27092.0	244	JJ163	136r	2149	1	3113.0	1.0	AI	AI	891.0	1.0	0.0	891.0	1059.0	436.0	valide	valide_AI_AM_AF
3014	27092.0	244	JJ163	136r	2150	2	3114.0	2.0	AF	AF	23.0	2.0	8.0	23.0	1191.0	866.0	valide	valide_AI_AM_AF
3015	27093.0	245	JJ163	136v	2150	1	3115.0	1.0	AI	AI	886.0	1.0	18.0	886.0	1181.0	435.0	valide	valide_AI_AM_AF
3016	27093.0	245	JJ163	136v	2151	2	3116.0	3.0	AM	AM	11.0	2.0	0.0	11.0	1049.0	1336.0	valide	valide_AI_AM_AF
3017	27093.0	245	JJ163	136v	2152	3	3117.0	2.0	AF	AF	13.0	3.0	2.0	13.0	1197.0	777.0	valide	valide_AI_AM_AF
3018	27094.0	246	JJ163	137v	2152	1	3118.0	0.0	AC	AC	790.0	1.0	7.0	790.0	1192.0	513.0	valide	
3019	27095.0	247	JJ163	138r	2153	1	3119.0	1.0	AI	AI	5.0	1.0	1.0	5.0	1015.0	1331.0	valide	valide_AI_AM_AF
3020	27095.0	247	JJ163	138r	2154	2	3120.0	2.0	AF	AF	19.0	2.0	2.0	19.0	1197.0	439.0	valide	valide_AI_AM_AF
3021	27096.0	248	JJ163	138v	2154	1	3121.0	1.0	AI	AI	458.0	1.0	79.0	458.0	1120.0	853.0	valide	valide_AI_AM_AF
3022	27096.0	248	JJ163	138v	2155	2	3122.0	3.0	AM	AM	7.0	2.0	0.0	7.0	1033.0	1330.0	valide	valide_AI_AM_AF
3023	27096.0	248	JJ163	138v	2156	3	3123.0	2.0	AF	AF	9.0	3.0	38.0	9.0	1161.0	503.0	valide	valide_AI_AM_AF
3024	27097.0	249	JJ163	139v	2156	1	3124.0	1.0	AI	AI	510.0	1.0	93.0	510.0	1105.0	807.0	valide	valide_AI_AM_AF
3025	27097.0	249	JJ163	139v	2157	2	3125.0	3.0	AM	AM	4.0	2.0	0.0	4.0	1042.0	1331.0	valide	valide_AI_AM_AF
3026	27097.0	249	JJ163	139v	2158	3	3126.0	2.0	AF	AF	25.0	3.0	6.0	25.0	1192.0	395.0	valide	valide_AI_AM_AF
3027	27098.0	250	JJ163	140v	2158	1	3127.0	1.0	AI	AI	420.0	1.0	251.0	420.0	948.0	892.0	valide	valide_AI_AM_AF
3028	27098.0	250	JJ163	140v	2159	2	3128.0	2.0	AF	AF	8.0	2.0	0.0	8.0	1076.0	570.0	valide	valide_AI_AM_AF
3029	27099.0	251	JJ163	141r	2159	1	3129.0	1.0	AI	AI	576.0	1.0	1.0	576.0	1071.0	750.0	valide	valide_AI_AM_AF
3030	27099.0	251	JJ163	141r	2160	2	3130.0	2.0	AF	AF	3.0	2.0	114.0	3.0	1084.0	681.0	valide	valide_AI_AM_AF
3031	27100.0	252	JJ163	141v	2160	1	3131.0	1.0	AI	AI	683.0	1.0	253.0	683.0	946.0	613.0	valide	valide_AI_AM_AF
3032	27100.0	252	JJ163	141v	2161	2	3132.0	2.0	AF	AF	7.0	2.0	0.0	7.0	1041.0	724.0	valide	valide_AI_AM_AF
3033	27101.0	253	JJ163	142r	2161	1	3133.0	1.0	AI	AI	726.0	1.0	1.0	726.0	1010.0	614.0	valide	valide_AI_AM_AF
3034	27101.0	253	JJ163	142r	2162	2	3134.0	2.0	AF	AF	11.0	2.0	18.0	11.0	1182.0	750.0	valide	valide_AI_AM_AF
3035	27102.0	254	JJ163	142v	2162	1	3135.0	1.0	AI	AI	760.0	1.0	50.0	760.0	1149.0	528.0	valide	valide_AI_AM_AF
3036	27102.0	254	JJ163	142v	2163	2	3136.0	2.0	AF	AF	8.0	2.0	2.0	8.0	1094.0	492.0	valide	valide_AI_AM_AF
3037	27103.0	254bis	JJ163	143r	2163	1	3137.0	1.0	AI	AI	498.0	1.0	0.0	498.0	1014.0	854.0	valide	valide_AI_AM_AF
3038	27103.0	254bis	JJ163	143r	2164	2	3138.0	3.0	AM	AM	3.0	2.0	139.0	3.0	1061.0	1305.0	valide	valide_AI_AM_AF
3039	27103.0	254bis	JJ163	143r	2165	3	3139.0	2.0	AF	AF	7.0	3.0	2.0	7.0	1152.0	409.0	valide	valide_AI_AM_AF
3040	27104.0	255	JJ163	144r	2165	1	3140.0	1.0	AI	AI	413.0	1.0	0.0	413.0	1040.0	938.0	valide	valide_AI_AM_AF
3041	27104.0	255	JJ163	144r	2166	2	3141.0	2.0	AF	AF	23.0	2.0	9.0	23.0	1190.0	625.0	valide	valide_AI_AM_AF
3042	27105.0	256	JJ163	144v	2166	1	3142.0	0.0	AC	AC	628.0	1.0	230.0	628.0	967.0	43.0	valide	
3043	27106.0	257	JJ163	144v	2166	1	3143.0	1.0	AI	AI	660.0	1.0	35.0	660.0	1164.0	631.0	valide	valide_AI_AM_AF
3044	27106.0	257	JJ163	144v	2167	2	3144.0	2.0	AF	AF	17.0	2.0	2.0	17.0	1155.0	371.0	valide	valide_AI_AM_AF
3045	27107.0	258	JJ163	145r	2167	1	3145.0	1.0	AI	AI	387.0	1.0	1.0	387.0	1020.0	961.0	valide	valide_AI_AM_AF
3046	27107.0	258	JJ163	145r	2168	2	3146.0	2.0	AF	AF	6.0	2.0	204.0	6.0	996.0	540.0	valide	valide_AI_AM_AF
3047	27108.0	259	JJ163	145v	2168	1	3147.0	0.0	AC	AC	545.0	1.0	251.0	545.0	948.0	763.0	valide	
3048	27109.0	260	JJ163	146r	2169	1	3148.0	1.0	AI	AI	28.0	1.0	0.0	28.0	1026.0	1322.0	valide	valide_AI_AM_AF
3049	27109.0	260	JJ163	146r	2170	2	3149.0	2.0	AF	AF	6.0	2.0	108.0	6.0	1092.0	494.0	valide	valide_AI_AM_AF
3050	27110.0	261	JJ163	146v	2170	1	3150.0	1.0	AI	AI	499.0	1.0	172.0	499.0	1028.0	792.0	valide	valide_AI_AM_AF
3051	27110.0	261	JJ163	146v	2171	2	3151.0	2.0	AF	AF	3.0	2.0	0.0	3.0	1100.0	448.0	valide	valide_AI_AM_AF
3052	27111.0	262	JJ163	147r	2171	1	3152.0	1.0	AI	AI	450.0	1.0	0.0	450.0	1016.0	890.0	valide	valide_AI_AM_AF
3053	27111.0	262	JJ163	147r	2172	2	3153.0	2.0	AF	AF	5.0	2.0	87.0	5.0	1112.0	591.0	valide	valide_AI_AM_AF
3054	27112.0	263	JJ163	147v	2172	1	3154.0	1.0	AI	AI	596.0	1.0	222.0	596.0	978.0	712.0	valide	valide_AI_AM_AF
3055	27112.0	263	JJ163	147v	2173	2	3155.0	2.0	AF	AF	11.0	2.0	0.0	11.0	1043.0	613.0	valide	valide_AI_AM_AF
3056	27113.0	264	JJ163	148r	2173	1	3156.0	0.0	AC	AC	626.0	1.0	0.0	626.0	1008.0	707.0	valide	
3057	27114.0	264bis	JJ163	148v	2174	1	3157.0	0.0	AC	AC	11.0	1.0	150.0	11.0	1050.0	926.0	valide	
3058	27115.0	265	JJ163	148v	2174	1	3158.0	1.0	AI	AI	937.0	1.0	111.0	937.0	1089.0	361.0	valide	valide_AI_AM_AF
3059	27115.0	265	JJ163	148v	2175	2	3159.0	2.0	AF	AF	21.0	2.0	0.0	21.0	1040.0	766.0	valide	valide_AI_AM_AF
3060	27116.0	266	JJ163	149r	2175	1	3160.0	0.0	AC	AC	783.0	1.0	9.0	783.0	1017.0	66.0	valide	
3061	27117.0	267	JJ163	149r	2175	1	3161.0	1.0	AI	AI	846.0	1.0	0.0	846.0	1006.0	484.0	valide	valide_AI_AM_AF
3062	27117.0	267	JJ163	149r	2176	2	3162.0	3.0	AM	AM	4.0	2.0	233.0	4.0	967.0	1297.0	valide	valide_AI_AM_AF
3063	27117.0	267	JJ163	149r	2177	3	3163.0	2.0	AF	AF	13.0	3.0	0.0	13.0	1073.0	457.0	valide	valide_AI_AM_AF
3064	27118.0	268	JJ163	150r	2177	1	3164.0	1.0	AI	AI	469.0	1.0	0.0	469.0	1013.0	872.0	valide	valide_AI_AM_AF
3065	27118.0	268	JJ163	150r	2178	2	3165.0	2.0	AF	AF	10.0	2.0	46.0	10.0	1153.0	639.0	valide	valide_AI_AM_AF
3066	27119.0	269	JJ163	150v	2178	1	3166.0	1.0	AI	AI	652.0	1.0	230.0	652.0	970.0	629.0	valide	valide_AI_AM_AF
3067	27119.0	269	JJ163	150v	2179	2	3167.0	2.0	AF	AF	18.0	2.0	0.0	18.0	1076.0	868.0	valide	valide_AI_AM_AF
3068	27120.0	270	JJ163	151r	2179	1	3168.0	1.0	AI	AI	880.0	1.0	0.0	880.0	1006.0	452.0	valide	valide_AI_AM_AF
3069	27120.0	270	JJ163	151r	2180	2	3169.0	2.0	AF	AF	6.0	2.0	6.0	6.0	1194.0	856.0	valide	valide_AI_AM_AF
3070	27121.0	271	JJ163	151v	2180	1	3170.0	1.0	AI	AI	856.0	1.0	90.0	856.0	1110.0	430.0	valide	valide_AI_AM_AF
3071	27121.0	271	JJ163	151v	2181	2	3171.0	2.0	AF	AF	24.0	2.0	0.0	24.0	1069.0	812.0	valide	valide_AI_AM_AF
3072	27122.0	272	JJ163	152r	2181	1	3172.0	1.0	AI	AI	831.0	1.0	0.0	831.0	1025.0	500.0	valide	valide_AI_AM_AF
3073	27122.0	272	JJ163	152r	2182	2	3173.0	2.0	AF	AF	5.0	2.0	140.0	5.0	1060.0	818.0	valide	valide_AI_AM_AF
3074	27123.0	273	JJ163	152v	2182	1	3174.0	1.0	AI	AI	820.0	1.0	23.0	820.0	1177.0	458.0	valide	valide_AI_AM_AF
3075	27123.0	273	JJ163	152v	2183	2	3175.0	2.0	AF	AF	22.0	2.0	2.0	22.0	1044.0	721.0	valide	valide_AI_AM_AF
3076	27124.0	274	JJ163	153r	2183	1	3176.0	1.0	AI	AI	738.0	1.0	1.0	738.0	1013.0	594.0	valide	valide_AI_AM_AF
3077	27124.0	274	JJ163	153r	2184	2	3177.0	2.0	AF	AF	4.0	2.0	255.0	4.0	944.0	1302.0	valide	valide_AI_AM_AF
3078	27125.0	275	JJ163	154r	2185	1	3178.0	0.0	AC	AC	19.0	1.0	0.0	19.0	1079.0	991.0	valide	
3079	27126.0	276	JJ163	154r	2185	1	3179.0	1.0	AI	AI	1011.0	1.0	1.0	1011.0	1137.0	326.0	valide	valide_AI_AM_AF
3080	27126.0	276	JJ163	154r	2186	2	3180.0	2.0	AF	AF	2.0	2.0	257.0	2.0	943.0	1310.0	valide	valide_AI_AM_AF
3081	27127.0	277	JJ163	155r	2187	1	3181.0	0.0	AC	AC	24.0	1.0	1.0	24.0	1048.0	1324.0	valide	
3082	27128.0	278	JJ163	155v	2188	1	3182.0	1.0	AI	AI	9.0	1.0	256.0	9.0	944.0	1312.0	valide	valide_AI_AM_AF
3083	27128.0	278	JJ163	155v	2189	2	3183.0	2.0	AF	AF	15.0	2.0	1.0	15.0	1043.0	511.0	valide	valide_AI_AM_AF
3084	27129.0	279	JJ163	156r	2189	1	3184.0	1.0	AI	AI	524.0	1.0	1.0	524.0	1027.0	810.0	valide	valide_AI_AM_AF
3085	27129.0	279	JJ163	156r	2190	2	3185.0	2.0	AF	AF	4.0	2.0	220.0	4.0	979.0	437.0	valide	valide_AI_AM_AF
3086	27130.0	280	JJ163	156v	2190	1	3186.0	0.0	AC	AC	439.0	1.0	256.0	439.0	943.0	877.0	valide	
3087	27131.0	281	JJ163	157r	2191	1	3187.0	1.0	AI	AI	33.0	1.0	0.0	33.0	1037.0	1314.0	valide	valide_AI_AM_AF
3088	27131.0	281	JJ163	157r	2192	2	3188.0	3.0	AM	AM	5.0	2.0	122.0	5.0	1076.0	1318.0	valide	valide_AI_AM_AF
3089	27131.0	281	JJ163	157r	2193	3	3189.0	2.0	AF	AF	23.0	3.0	0.0	23.0	1056.0	758.0	valide	valide_AI_AM_AF
3090	27132.0	282	JJ163	158r	2193	1	3190.0	1.0	AI	AI	778.0	1.0	0.0	778.0	1009.0	570.0	valide	valide_AI_AM_AF
3091	27132.0	282	JJ163	158r	2194	2	3191.0	2.0	AF	AF	25.0	2.0	48.0	25.0	1151.0	1301.0	valide	valide_AI_AM_AF
3092	27133.0	283	JJ163	159r	2195	1	3192.0	1.0	AI	AI	46.0	1.0	0.0	46.0	1041.0	1320.0	valide	valide_AI_AM_AF
3093	27133.0	283	JJ163	159r	2196	2	3193.0	2.0	AF	AF	14.0	2.0	14.0	14.0	1185.0	878.0	valide	valide_AI_AM_AF
3094	27134.0	284	JJ163	159v	2196	1	3194.0	1.0	AI	AI	900.0	1.0	3.0	900.0	1196.0	389.0	valide	valide_AI_AM_AF
3095	27134.0	284	JJ163	159v	2197	2	3195.0	2.0	AF	AF	26.0	2.0	1.0	26.0	1045.0	587.0	valide	valide_AI_AM_AF
3096	27135.0	285	JJ163	160r	2197	1	3196.0	1.0	AI	AI	609.0	1.0	0.0	609.0	1012.0	743.0	valide	valide_AI_AM_AF
3097	27135.0	285	JJ163	160r	2198	2	3197.0	2.0	AF	AF	19.0	2.0	39.0	19.0	1159.0	594.0	valide	valide_AI_AM_AF
3098	27136.0	286	JJ163	160v	2198	1	3198.0	1.0	AI	AI	611.0	1.0	118.0	611.0	1080.0	684.0	valide	valide_AI_AM_AF
3099	27136.0	286	JJ163	160v	2199	2	3199.0	2.0	AF	AF	13.0	2.0	1.0	13.0	1106.0	593.0	valide	valide_AI_AM_AF
3100	27137.0	287	JJ163	161r	2199	1	3200.0	1.0	AI	AI	605.0	1.0	0.0	605.0	1018.0	739.0	valide	valide_AI_AM_AF
3101	27137.0	287	JJ163	161r	2200	2	3201.0	2.0	AF	AF	35.0	2.0	76.0	35.0	1122.0	1268.0	valide	valide_AI_AM_AF
3102	27138.0	288	JJ163	162r	2201	1	3202.0	1.0	AI	AI	37.0	1.0	1.0	37.0	1024.0	1343.0	valide	valide_AI_AM_AF
3103	27138.0	288	JJ163	162r	2202	2	3203.0	3.0	AM	AM	12.0	2.0	20.0	12.0	1180.0	1290.0	valide	valide_AI_AM_AF
3104	27138.0	288	JJ163	162r	2203	3	3204.0	2.0	AF	AF	11.0	3.0	1.0	11.0	1051.0	608.0	valide	valide_AI_AM_AF
3105	27139.0	289	JJ163	163r	2203	1	3205.0	1.0	AI	AI	620.0	1.0	0.0	620.0	1016.0	764.0	valide	valide_AI_AM_AF
3106	27139.0	289	JJ163	163r	2204	2	3206.0	3.0	AM	AM	8.0	2.0	245.0	8.0	955.0	1300.0	valide	valide_AI_AM_AF
3107	27139.0	289	JJ163	163r	2205	3	3207.0	2.0	AF	AF	20.0	3.0	0.0	20.0	1044.0	766.0	valide	valide_AI_AM_AF
3108	27140.0	290	JJ163	164r	2205	1	3208.0	1.0	AI	AI	782.0	1.0	0.0	782.0	1014.0	603.0	valide	valide_AI_AM_AF
3109	27140.0	290	JJ163	164r	2206	2	3209.0	3.0	AM	AM	20.0	2.0	241.0	20.0	959.0	1295.0	valide	valide_AI_AM_AF
3110	27140.0	290	JJ163	164r	2207	3	3210.0	2.0	AF	AF	32.0	3.0	0.0	32.0	1024.0	635.0	valide	valide_AI_AM_AF
3111	27141.0	291	JJ163	165r	2207	1	3211.0	1.0	AI	AI	665.0	1.0	0.0	665.0	1014.0	719.0	valide	valide_AI_AM_AF
3112	27141.0	291	JJ163	165r	2208	2	3212.0	3.0	AM	AM	10.0	2.0	183.0	10.0	1017.0	1291.0	valide	valide_AI_AM_AF
3113	27141.0	291	JJ163	165r	2209	3	3213.0	3.0	AM	AM	39.0	3.0	0.0	39.0	1019.0	1346.0	valide	valide_AI_AM_AF
3114	27141.0	291	JJ163	165r	2210	4	3214.0	2.0	AF	AF	3.0	4.0	11.0	3.0	1189.0	1315.0	valide	valide_AI_AM_AF
3115	27142.0	292	JJ163	167r	2211	1	3215.0	1.0	AI	AI	49.0	1.0	0.0	49.0	1032.0	1336.0	valide	valide_AI_AM_AF
3116	27142.0	292	JJ163	167r	2212	2	3216.0	3.0	AM	AM	7.0	2.0	46.0	7.0	1153.0	1308.0	valide	valide_AI_AM_AF
3117	27142.0	292	JJ163	167r	2213	3	3217.0	2.0	AF	AF	16.0	3.0	1.0	16.0	1028.0	531.0	valide	valide_AI_AM_AF
3118	27143.0	293	JJ163	168r	2213	1	3218.0	1.0	AI	AI	544.0	1.0	0.0	544.0	1026.0	841.0	valide	valide_AI_AM_AF
3119	27143.0	293	JJ163	168r	2214	2	3219.0	3.0	AM	AM	3.0	2.0	47.0	3.0	1153.0	1307.0	valide	valide_AI_AM_AF
3120	27143.0	293	JJ163	168r	2215	3	3220.0	2.0	AF	AF	31.0	3.0	0.0	31.0	1025.0	710.0	valide	valide_AI_AM_AF
3121	27144.0	294	JJ163	169r	2215	1	3221.0	1.0	AI	AI	739.0	1.0	0.0	739.0	1013.0	646.0	valide	valide_AI_AM_AF
3122	27144.0	294	JJ163	169r	2216	2	3222.0	2.0	AF	AF	12.0	2.0	243.0	12.0	957.0	1302.0	valide	valide_AI_AM_AF
3123	27145.0	295	JJ163	170r	2217	1	3223.0	0.0	AC	AC	38.0	1.0	0.0	38.0	1075.0	987.0	valide	
3124	27146.0	296	JJ163	170r	2217	1	3224.0	1.0	AI	AI	1024.0	1.0	0.0	1024.0	1075.0	361.0	valide	valide_AI_AM_AF
3125	27146.0	296	JJ163	170r	2218	2	3225.0	2.0	AF	AF	18.0	2.0	24.0	18.0	1176.0	1305.0	valide	valide_AI_AM_AF
3126	27147.0	297	JJ163	171r	2219	1	3226.0	1.0	AI	AI	55.0	1.0	1.0	55.0	1018.0	1330.0	valide	valide_AI_AM_AF
3127	27147.0	297	JJ163	171r	2220	2	3227.0	2.0	AF	AF	1.0	2.0	6.0	1.0	1194.0	336.0	valide	valide_AI_AM_AF
3128	27148.0	298	JJ163	171v	2220	1	3228.0	0.0	AC	AC	334.0	1.0	251.0	334.0	948.0	604.0	valide	
3129	27149.0	299	JJ163	171v	2220	1	3229.0	1.0	AI	AI	939.0	1.0	188.0	939.0	1011.0	365.0	valide	valide_AI_AM_AF
3130	27149.0	299	JJ163	171v	2221	2	3230.0	2.0	AF	AF	13.0	2.0	0.0	13.0	1036.0	877.0	valide	valide_AI_AM_AF
3131	27150.0	300	JJ163	172r	2221	1	3231.0	1.0	AI	AI	891.0	1.0	0.0	891.0	1013.0	480.0	valide	valide_AI_AM_AF
3132	27150.0	300	JJ163	172r	2222	2	3232.0	2.0	AF	AF	10.0	2.0	257.0	10.0	942.0	727.0	valide	valide_AI_AM_AF
3133	27151.0	301	JJ163	172v	2222	1	3233.0	1.0	AI	AI	734.0	1.0	252.0	734.0	947.0	579.0	valide	valide_AI_AM_AF
3134	27151.0	301	JJ163	172v	2223	2	3234.0	2.0	AF	AF	4.0	2.0	1.0	4.0	1031.0	1377.0	valide	valide_AI_AM_AF
3135	27152.0	302	JJ163	173v	2224	1	3235.0	0.0	AC	AC	15.0	1.0	208.0	15.0	992.0	1302.0	valide	
3136	27153.0	302bis	JJ163	174r	2225	1	3236.0	0.0	AC	AC	34.0	1.0	1.0	34.0	1036.0	768.0	valide	
3137	27154.0	303	JJ163	174r	2225	1	3237.0	1.0	AI	AI	799.0	1.0	0.0	799.0	1015.0	565.0	valide	valide_AI_AM_AF
3138	27154.0	303	JJ163	174r	2226	2	3238.0	2.0	AF	AF	3.0	2.0	107.0	3.0	1093.0	507.0	valide	valide_AI_AM_AF
3139	27155.0	304	JJ163	174v	2226	1	3239.0	0.0	AC	AC	508.0	1.0	259.0	508.0	940.0	813.0	valide	
3140	27156.0	305	JJ163	175r	2227	1	3240.0	0.0	AC	AC	33.0	1.0	0.0	33.0	1037.0	1331.0	valide	
3141	27157.0	306	JJ163	175v	2228	1	3241.0	0.0	AC	AC	8.0	1.0	19.0	8.0	1181.0	873.0	valide	
3142	27158.0	307	JJ163	175v	2228	1	3242.0	1.0	AI	AI	880.0	1.0	34.0	880.0	1166.0	435.0	valide	valide_AI_AM_AF
3143	27158.0	307	JJ163	175v	2229	2	3243.0	2.0	AF	AF	41.0	2.0	1.0	41.0	1030.0	581.0	valide	valide_AI_AM_AF
3144	27159.0	308	JJ163	176r	2229	1	3244.0	1.0	AI	AI	618.0	1.0	0.0	618.0	1020.0	734.0	valide	valide_AI_AM_AF
3145	27159.0	308	JJ163	176r	2230	2	3245.0	2.0	AF	AF	4.0	2.0	29.0	4.0	1171.0	480.0	valide	valide_AI_AM_AF
3146	27160.0	309	JJ163	176v	2230	1	3246.0	1.0	AI	AI	484.0	1.0	254.0	484.0	945.0	834.0	valide	valide_AI_AM_AF
3147	27160.0	309	JJ163	176v	2231	2	3247.0	2.0	AF	AF	17.0	2.0	0.0	17.0	1027.0	598.0	valide	valide_AI_AM_AF
3148	27161.0	310	JJ163	177r	2231	1	3248.0	0.0	AC	AC	616.0	1.0	0.0	616.0	1013.0	747.0	valide	
3149	27162.0	311	JJ163	177v	2232	1	3249.0	0.0	AC	AC	10.0	1.0	234.0	10.0	966.0	1312.0	valide	
3150	27163.0	312	JJ163	178r	2233	1	3250.0	0.0	AC	AC	52.0	1.0	0.0	52.0	1075.0	1329.0	valide	
3151	27164.0	313	JJ163	178v	2234	1	3251.0	0.0	AC	AC	24.0	1.0	19.0	24.0	1181.0	1299.0	valide	
3152	27165.0	314	JJ163	179r	2235	1	3252.0	0.0	AC	AC	43.0	1.0	0.0	43.0	1051.0	1340.0	valide	
3153	27166.0	315	JJ163	179v	2236	1	3253.0	1.0	AI	AI	26.0	1.0	99.0	26.0	1100.0	1292.0	valide	valide_AI_AM_AF
3154	27166.0	315	JJ163	179v	2237	2	3254.0	2.0	AF	AF	20.0	2.0	1.0	20.0	1039.0	526.0	valide	valide_AI_AM_AF
3155	27167.0	316	JJ163	180r	2237	1	3255.0	1.0	AI	AI	546.0	1.0	0.0	546.0	1027.0	840.0	valide	valide_AI_AM_AF
3156	27167.0	316	JJ163	180r	2238	2	3256.0	2.0	AF	AF	9.0	2.0	16.0	9.0	1183.0	863.0	valide	valide_AI_AM_AF
3157	27168.0	317	JJ163	180v	2238	1	3257.0	1.0	AI	AI	865.0	1.0	2.0	865.0	1197.0	434.0	valide	valide_AI_AM_AF
3158	27168.0	317	JJ163	180v	2239	2	3258.0	2.0	AF	AF	18.0	2.0	1.0	18.0	1037.0	885.0	valide	valide_AI_AM_AF
3159	27169.0	318	JJ163	181r	2239	1	3259.0	1.0	AI	AI	897.0	1.0	0.0	897.0	1020.0	451.0	valide	valide_AI_AM_AF
3160	27169.0	318	JJ163	181r	2240	2	3260.0	2.0	AF	AF	25.0	2.0	253.0	25.0	947.0	1298.0	valide	valide_AI_AM_AF
3161	27170.0	319	JJ163	182r	2241	1	3261.0	1.0	AI	AI	21.0	1.0	1.0	21.0	1045.0	1358.0	valide	valide_AI_AM_AF
3162	27170.0	319	JJ163	182r	2242	2	3262.0	2.0	AF	AF	10.0	2.0	6.0	10.0	1194.0	965.0	valide	valide_AI_AM_AF
3163	27171.0	320	JJ163	182v	2242	1	3263.0	1.0	AI	AI	977.0	1.0	145.0	977.0	1054.0	345.0	valide	valide_AI_AM_AF
3164	27171.0	320	JJ163	182v	2243	2	3264.0	2.0	AF	AF	9.0	2.0	0.0	9.0	1049.0	1029.0	valide	valide_AI_AM_AF
3165	27172.0	321	JJ163	183r	2243	1	3265.0	1.0	AI	AI	1041.0	1.0	0.0	1041.0	1040.0	343.0	valide	valide_AI_AM_AF
3166	27172.0	321	JJ163	183r	2244	2	3266.0	2.0	AF	AF	21.0	2.0	225.0	21.0	975.0	1302.0	valide	valide_AI_AM_AF
3167	27173.0	322	JJ163	184r	2245	1	3267.0	1.0	AI	AI	31.0	1.0	0.0	31.0	1027.0	1372.0	valide	valide_AI_AM_AF
3168	27173.0	322	JJ163	184r	2246	2	3268.0	2.0	AF	AF	24.0	2.0	46.0	24.0	1153.0	557.0	valide	valide_AI_AM_AF
3169	27174.0	323	JJ163	184v	2246	1	3269.0	1.0	AI	AI	580.0	1.0	255.0	580.0	945.0	743.0	valide	valide_AI_AM_AF
3170	27174.0	323	JJ163	184v	2247	2	3270.0	2.0	AF	AF	12.0	2.0	1.0	12.0	1044.0	1396.0	valide	valide_AI_AM_AF
3171	27175.0	324	JJ163	185v	2248	1	3271.0	0.0	AC	AC	34.0	1.0	61.0	34.0	1138.0	1288.0	valide	
3172	27176.0	325	JJ163	186r	2249	1	3272.0	1.0	AI	AI	17.0	1.0	0.0	17.0	1021.0	1390.0	valide	valide_AI_AM_AF
3173	27176.0	325	JJ163	186r	2250	2	3273.0	2.0	AF	AF	9.0	2.0	6.0	9.0	1193.0	457.0	valide	valide_AI_AM_AF
3174	27177.0	326	JJ163	186v	2250	1	3274.0	1.0	AI	AI	465.0	1.0	124.0	465.0	1075.0	853.0	valide	valide_AI_AM_AF
3175	27177.0	326	JJ163	186v	2251	2	3275.0	2.0	AF	AF	16.0	2.0	1.0	16.0	1066.0	810.0	valide	valide_AI_AM_AF
3176	27178.0	327	JJ163	187r	2251	1	3276.0	1.0	AI	AI	825.0	1.0	1.0	825.0	1008.0	583.0	valide	valide_AI_AM_AF
3177	27178.0	327	JJ163	187r	2252	2	3277.0	2.0	AF	AF	8.0	2.0	40.0	8.0	1159.0	830.0	valide	valide_AI_AM_AF
3178	27179.0	328	JJ163	187v	2252	1	3278.0	1.0	AI	AI	837.0	1.0	64.0	837.0	1136.0	480.0	valide	valide_AI_AM_AF
3179	27179.0	328	JJ163	187v	2253	2	3279.0	3.0	AM	AM	5.0	2.0	1.0	5.0	1022.0	1403.0	valide	valide_AI_AM_AF
3180	27179.0	328	JJ163	187v	2254	3	3280.0	2.0	AF	AF	7.0	3.0	64.0	7.0	1135.0	1265.0	valide	valide_AI_AM_AF
3181	27180.0	329	JJ163	189r	2255	1	3281.0	0.0	AC	AC	43.0	1.0	1.0	43.0	1021.0	831.0	valide	
3182	27181.0	330	JJ163	189r	2255	1	3282.0	1.0	AI	AI	868.0	1.0	0.0	868.0	1021.0	540.0	valide	valide_AI_AM_AF
3183	27181.0	330	JJ163	189r	2256	2	3283.0	2.0	AF	AF	8.0	2.0	80.0	8.0	1119.0	665.0	valide	valide_AI_AM_AF
3184	27182.0	331	JJ163	189v	2256	1	3284.0	1.0	AI	AI	670.0	1.0	187.0	670.0	1012.0	636.0	valide	valide_AI_AM_AF
3185	27182.0	331	JJ163	189v	2257	2	3285.0	2.0	AF	AF	16.0	2.0	1.0	16.0	1038.0	821.0	valide	valide_AI_AM_AF
3186	27183.0	332	JJ163	190r	2257	1	3286.0	1.0	AI	AI	830.0	1.0	1.0	830.0	1058.0	578.0	valide	valide_AI_AM_AF
3187	27183.0	332	JJ163	190r	2258	2	3287.0	2.0	AF	AF	5.0	2.0	32.0	5.0	1167.0	553.0	valide	valide_AI_AM_AF
3188	27185.0	334	JJ163	190v	2258	1	3288.0	1.0	AI	AI	555.0	1.0	116.0	555.0	1083.0	771.0	valide	valide_AI_AM_AF
3189	27185.0	334	JJ163	190v	2259	2	3289.0	3.0	AM	AM	37.0	2.0	1.0	37.0	1012.0	1369.0	valide	valide_AI_AM_AF
3190	27185.0	334	JJ163	190v	2260	3	3290.0	2.0	AF	AF	1.0	3.0	6.0	1.0	1193.0	369.0	valide	valide_AI_AM_AF
3191	27186.0	335	JJ163	191v	2260	1	3291.0	0.0	AC	AC	367.0	1.0	120.0	367.0	1080.0	965.0	valide	
3192	27187.0	336	JJ163	192r	2261	1	3292.0	0.0	AC	AC	39.0	1.0	0.0	39.0	1029.0	1366.0	valide	
3193	27188.0	337	JJ163	192v	2262	1	3293.0	1.0	AI	AI	29.0	1.0	20.0	29.0	1180.0	1296.0	valide	valide_AI_AM_AF
3194	27188.0	337	JJ163	192v	2263	2	3294.0	2.0	AF	AF	10.0	2.0	0.0	10.0	1051.0	616.0	valide	valide_AI_AM_AF
3195	27189.0	338	JJ163	193r	2263	1	3295.0	1.0	AI	AI	625.0	1.0	0.0	625.0	1048.0	797.0	valide	valide_AI_AM_AF
3196	27189.0	338	JJ163	193r	2264	2	3296.0	2.0	AF	AF	33.0	2.0	165.0	33.0	1034.0	1069.0	valide	valide_AI_AM_AF
3197	27190.0	339	JJ163	193v	2264	1	3297.0	0.0	AC	AC	1094.0	1.0	11.0	1094.0	1188.0	35.0	valide	
3198	27191.0	340	JJ163	193v	2264	1	3298.0	0.0	AC	AC	1122.0	1.0	253.0	1122.0	916.0	140.0	valide	
3199	27192.0	341	JJ163	194r	2265	1	3299.0	0.0	AC	AC	12.0	1.0	0.0	12.0	1052.0	1403.0	valide	
3200	27193.0	342	JJ163	194v	2266	1	3300.0	0.0	AC	AC	20.0	1.0	244.0	20.0	955.0	1303.0	valide	
3201	27194.0	343	JJ163	195r	2267	1	3301.0	1.0	AI	AI	40.0	1.0	1.0	40.0	1024.0	1380.0	valide	valide_AI_AM_AF
3202	27194.0	343	JJ163	195r	2268	2	3302.0	2.0	AF	AF	12.0	2.0	48.0	12.0	1151.0	863.0	valide	valide_AI_AM_AF
3203	27195.0	344	JJ163	195v	2268	1	3303.0	1.0	AI	AI	873.0	1.0	18.0	873.0	1181.0	436.0	valide	valide_AI_AM_AF
3204	27195.0	344	JJ163	195v	2269	2	3304.0	2.0	AF	AF	11.0	2.0	1.0	11.0	1028.0	725.0	valide	valide_AI_AM_AF
3205	27196.0	345	JJ163	196r	2269	1	3305.0	1.0	AI	AI	734.0	1.0	0.0	734.0	1045.0	686.0	valide	valide_AI_AM_AF
3206	27196.0	345	JJ163	196r	2270	2	3306.0	2.0	AF	AF	17.0	2.0	7.0	17.0	1192.0	664.0	valide	valide_AI_AM_AF
3207	27197.0	346	JJ163	196v	2270	1	3307.0	1.0	AI	AI	681.0	1.0	12.0	681.0	1188.0	642.0	valide	valide_AI_AM_AF
3208	27197.0	346	JJ163	196v	2271	2	3308.0	2.0	AF	AF	2.0	2.0	2.0	2.0	1152.0	467.0	valide	valide_AI_AM_AF
3209	27198.0	347	JJ163	197r	2271	1	3309.0	1.0	AI	AI	465.0	1.0	0.0	465.0	1052.0	944.0	valide	valide_AI_AM_AF
3210	27198.0	347	JJ163	197r	2272	2	3310.0	2.0	AF	AF	6.0	2.0	22.0	6.0	1176.0	269.0	valide	valide_AI_AM_AF
3211	27199.0	348	JJ163	197v	2272	1	3311.0	0.0	AC	AC	268.0	1.0	239.0	268.0	909.0	72.0	valide	
3212	27200.0	349	JJ163	197v	2272	1	3312.0	1.0	AI	AI	320.0	1.0	248.0	320.0	951.0	1000.0	valide	valide_AI_AM_AF
3213	27200.0	349	JJ163	197v	2273	2	3313.0	2.0	AF	AF	8.0	2.0	0.0	8.0	1084.0	687.0	valide	valide_AI_AM_AF
3214	27201.0	350	JJ163	198r	2273	1	3314.0	1.0	AI	AI	679.0	1.0	0.0	679.0	1080.0	743.0	valide	valide_AI_AM_AF
3215	27201.0	350	JJ163	198r	2274	2	3315.0	2.0	AF	AF	16.0	2.0	8.0	16.0	1191.0	572.0	valide	valide_AI_AM_AF
3216	27202.0	351	JJ163	198v	2274	1	3316.0	1.0	AI	AI	589.0	1.0	71.0	589.0	1129.0	705.0	valide	valide_AI_AM_AF
3217	27202.0	351	JJ163	198v	2275	2	3317.0	2.0	AF	AF	4.0	2.0	3.0	4.0	1160.0	419.0	valide	valide_AI_AM_AF
3218	27203.0	352	JJ163	199r	2275	1	3318.0	1.0	AI	AI	424.0	1.0	0.0	424.0	1024.0	991.0	valide	valide_AI_AM_AF
3219	27203.0	352	JJ163	199r	2276	2	3319.0	2.0	AF	AF	16.0	2.0	28.0	16.0	1171.0	1312.0	valide	valide_AI_AM_AF
3220	27204.0	353	JJ163	200r	2277	1	3320.0	1.0	AI	AI	38.0	1.0	1.0	38.0	1026.0	1382.0	valide	valide_AI_AM_AF
3221	27204.0	353	JJ163	200r	2278	2	3321.0	2.0	AF	AF	9.0	2.0	59.0	9.0	1140.0	382.0	valide	valide_AI_AM_AF
3222	27205.0	354	JJ163	200v	2278	1	3322.0	0.0	AC	AC	390.0	1.0	196.0	390.0	1003.0	577.0	valide	
3223	27206.0	355	JJ163	200v	2278	1	3323.0	1.0	AI	AI	967.0	1.0	155.0	967.0	1044.0	318.0	valide	valide_AI_AM_AF
3224	27206.0	355	JJ163	200v	2279	2	3324.0	2.0	AF	AF	18.0	2.0	2.0	18.0	1022.0	583.0	valide	valide_AI_AM_AF
3225	27207.0	356	JJ163	201r	2279	1	3325.0	1.0	AI	AI	598.0	1.0	1.0	598.0	1025.0	823.0	valide	valide_AI_AM_AF
3226	27207.0	356	JJ163	201r	2280	2	3326.0	2.0	AF	AF	10.0	2.0	1.0	10.0	1198.0	618.0	valide	valide_AI_AM_AF
3227	27208.0	357	JJ163	201v	2280	1	3327.0	0.0	AC	AC	573.0	1.0	437.0	573.0	416.0	22.0	valide	
3228	27209.0	358	JJ163	201v	2280	1	3328.0	0.0	AC	AC	589.0	1.0	432.0	589.0	401.0	30.0	valide	
3229	27210.0	359	JJ163	201v	2280	1	3329.0	0.0	AC	AC	609.0	1.0	427.0	609.0	529.0	15.0	valide	
3230	27211.0	360	JJ163	201v	2280	1	3330.0	0.0	AC	AC	623.0	1.0	434.0	623.0	510.0	19.0	valide	
3231	27212.0	361	JJ163	201v	2280	1	3331.0	1.0	AI	AI	647.0	1.0	145.0	647.0	1054.0	650.0	valide	valide_AI_AM_AF
3232	27212.0	361	JJ163	201v	2281	2	3332.0	2.0	AF	AF	26.0	2.0	0.0	26.0	1024.0	537.0	valide	valide_AI_AM_AF
3233	27213.0	362	JJ163	202r	2281	1	3333.0	1.0	AI	AI	559.0	1.0	0.0	559.0	1053.0	862.0	valide	valide_AI_AM_AF
3234	27213.0	362	JJ163	202r	2282	2	3334.0	2.0	AF	AF	4.0	2.0	0.0	4.0	1199.0	302.0	valide	valide_AI_AM_AF
3235	27214.0	363	JJ163	202v	2282	1	3335.0	1.0	AI	AI	302.0	1.0	258.0	302.0	942.0	1023.0	valide	valide_AI_AM_AF
3236	27214.0	363	JJ163	202v	2283	2	3336.0	2.0	AF	AF	12.0	2.0	2.0	12.0	1160.0	386.0	valide	valide_AI_AM_AF
3237	27215.0	364	JJ163	203r	2283	1	3337.0	1.0	AI	AI	392.0	1.0	0.0	392.0	1045.0	1027.0	valide	valide_AI_AM_AF
3238	27215.0	364	JJ163	203r	2284	2	3338.0	2.0	AF	AF	5.0	2.0	2.0	5.0	1197.0	332.0	valide	valide_AI_AM_AF
3239	27216.0	365	JJ163	203v	2284	1	3339.0	0.0	AC	AC	336.0	1.0	257.0	336.0	942.0	973.0	valide	
3240	27217.0	366	JJ163	204r	2285	1	3340.0	1.0	AI	AI	41.0	1.0	0.0	41.0	1024.0	1349.0	valide	valide_AI_AM_AF
3241	27217.0	366	JJ163	204r	2286	2	3341.0	2.0	AF	AF	5.0	2.0	5.0	5.0	1194.0	299.0	valide	valide_AI_AM_AF
3242	27218.0	367	JJ163	204v	2286	1	3342.0	1.0	AI	AI	301.0	1.0	255.0	301.0	944.0	1005.0	valide	valide_AI_AM_AF
3243	27218.0	367	JJ163	204v	2287	2	3343.0	2.0	AF	AF	14.0	2.0	0.0	14.0	1026.0	490.0	valide	valide_AI_AM_AF
3244	27219.0	368	JJ163	205r	2287	1	3344.0	1.0	AI	AI	505.0	1.0	0.0	505.0	1044.0	904.0	valide	valide_AI_AM_AF
3245	27219.0	368	JJ163	205r	2288	2	3345.0	2.0	AF	AF	20.0	2.0	27.0	20.0	1172.0	808.0	valide	valide_AI_AM_AF
3246	27220.0	369	JJ163	205v	2288	1	3346.0	1.0	AI	AI	825.0	1.0	147.0	825.0	1052.0	453.0	valide	valide_AI_AM_AF
3247	27220.0	369	JJ163	205v	2289	2	3347.0	2.0	AF	AF	26.0	2.0	0.0	26.0	1034.0	734.0	valide	valide_AI_AM_AF
3248	27221.0	370	JJ163	206r	2289	1	3348.0	0.0	AC	AC	759.0	1.0	0.0	759.0	1083.0	662.0	valide	
3249	27222.0	371	JJ163	206v	2290	1	3349.0	1.0	AI	AI	36.0	1.0	82.0	36.0	1117.0	1279.0	valide	valide_AI_AM_AF
3250	27222.0	371	JJ163	206v	2291	2	3350.0	2.0	AF	AF	51.0	2.0	0.0	51.0	1028.0	463.0	valide	valide_AI_AM_AF
3251	27223.0	372	JJ163	207r	2291	1	3351.0	1.0	AI	AI	509.0	1.0	0.0	509.0	1082.0	912.0	valide	valide_AI_AM_AF
3252	27223.0	372	JJ163	207r	2292	2	3352.0	2.0	AF	AF	16.0	2.0	211.0	16.0	988.0	569.0	valide	valide_AI_AM_AF
3253	27224.0	373	JJ163	207v	2292	1	3353.0	0.0	AC	AC	585.0	1.0	259.0	585.0	940.0	582.0	valide	
3254	27225.0	374	JJ163	207v	2292	1	3354.0	0.0	AC	AC	1165.0	1.0	276.0	1165.0	923.0	127.0	valide	
3255	27226.0	375	JJ163	208r	2293	1	3355.0	1.0	AI	AI	37.0	1.0	1.0	37.0	1024.0	1374.0	valide	valide_AI_AM_AF
3256	27226.0	375	JJ163	208r	2294	2	3356.0	3.0	AM	AM	30.0	2.0	207.0	30.0	993.0	1283.0	valide	valide_AI_AM_AF
3257	27226.0	375	JJ163	208r	2295	3	3357.0	2.0	AF	AF	5.0	3.0	3.0	5.0	1093.0	431.0	valide	valide_AI_AM_AF
3258	27227.0	376	JJ163	209r	2295	1	3358.0	1.0	AI	AI	435.0	1.0	0.0	435.0	1054.0	971.0	valide	valide_AI_AM_AF
3259	27227.0	376	JJ163	209r	2296	2	3359.0	2.0	AF	AF	7.0	2.0	18.0	7.0	1181.0	272.0	valide	valide_AI_AM_AF
3260	27228.0	377	JJ163	209v	2296	1	3360.0	1.0	AI	AI	279.0	1.0	267.0	279.0	932.0	1025.0	valide	valide_AI_AM_AF
3261	27228.0	377	JJ163	209v	2297	2	3361.0	2.0	AF	AF	25.0	2.0	0.0	25.0	1027.0	1366.0	valide	valide_AI_AM_AF
3262	27228.1	377bis	JJ163	210v	2298	1	3362.0	0.0	AC	AC	24.0	1.0	8.0	24.0	1191.0	992.0	valide	
3263	27229.0	378	JJ163	210v	2298	1	3363.0	1.0	AI	AI	1009.0	1.0	7.0	1009.0	1193.0	265.0	valide	valide_AI_AM_AF
3264	27229.0	378	JJ163	210v	2299	2	3364.0	3.0	AM	AM	44.0	2.0	0.0	44.0	1056.0	1343.0	valide	valide_AI_AM_AF
3265	27229.0	378	JJ163	210v	2300	3	3365.0	2.0	AF	AF	12.0	3.0	2.0	12.0	1197.0	440.0	valide	valide_AI_AM_AF
3266	27230.0	379	JJ163	211v	2300	1	3366.0	1.0	AI	AI	448.0	1.0	90.0	448.0	1109.0	844.0	valide	valide_AI_AM_AF
3267	27230.0	379	JJ163	211v	2301	2	3367.0	2.0	AF	AF	25.0	2.0	1.0	25.0	1144.0	512.0	valide	valide_AI_AM_AF
3268	27231.0	380	JJ163	212r	2301	1	3368.0	1.0	AI	AI	535.0	1.0	0.0	535.0	1049.0	837.0	valide	valide_AI_AM_AF
3269	27231.0	380	JJ163	212r	2302	2	3369.0	2.0	AF	AF	8.0	2.0	13.0	8.0	1186.0	791.0	valide	valide_AI_AM_AF
3270	27232.0	381	JJ163	212v	2302	1	3370.0	1.0	AI	AI	799.0	1.0	48.0	799.0	1152.0	483.0	valide	valide_AI_AM_AF
3271	27232.0	381	JJ163	212v	2303	2	3371.0	2.0	AF	AF	11.0	2.0	1.0	11.0	1085.0	1161.0	valide	valide_AI_AM_AF
3272	27233.0	382	JJ163	213r	2303	1	3372.0	1.0	AI	AI	1167.0	1.0	0.0	1167.0	1200.0	244.0	valide	valide_AI_AM_AF
3273	27233.0	382	JJ163	213r	2304	2	3373.0	2.0	AF	AF	10.0	2.0	91.0	10.0	1109.0	1295.0	valide	valide_AI_AM_AF
3274	27235.0	384	JJ163	214r	2305	1	3374.0	0.0	AC	AC	44.0	1.0	0.0	44.0	1072.0	1359.0	valide	
3275	27236.0	385	JJ163	214v	2306	1	3375.0	1.0	AI	AI	21.0	1.0	91.0	21.0	1108.0	1288.0	valide	valide_AI_AM_AF
3276	27236.0	385	JJ163	214v	2307	2	3376.0	2.0	AF	AF	27.0	2.0	2.0	27.0	1030.0	555.0	valide	valide_AI_AM_AF
3277	27237.0	386	JJ163	215r	2307	1	3377.0	1.0	AI	AI	580.0	1.0	0.0	580.0	1050.0	817.0	valide	valide_AI_AM_AF
3278	27237.0	386	JJ163	215r	2308	2	3378.0	2.0	AF	AF	5.0	2.0	171.0	5.0	1029.0	1304.0	valide	valide_AI_AM_AF
3279	27238.0	387	JJ163	216r	2309	1	3379.0	1.0	AI	AI	43.0	1.0	0.0	43.0	1061.0	1362.0	valide	valide_AI_AM_AF
3280	27238.0	387	JJ163	216r	2310	2	3380.0	2.0	AF	AF	14.0	2.0	4.0	14.0	1195.0	582.0	valide	valide_AI_AM_AF
3281	27239.0	388	JJ163	216v	2310	1	3381.0	1.0	AI	AI	596.0	1.0	92.0	596.0	1108.0	682.0	valide	valide_AI_AM_AF
3282	27239.0	388	JJ163	216v	2311	2	3382.0	2.0	AF	AF	26.0	2.0	2.0	26.0	1026.0	696.0	valide	valide_AI_AM_AF
3283	27240.0	389	JJ163	217r	2311	1	3383.0	1.0	AI	AI	715.0	1.0	0.0	715.0	1055.0	706.0	valide	valide_AI_AM_AF
3284	27240.0	389	JJ163	217r	2312	2	3384.0	2.0	AF	AF	17.0	2.0	262.0	17.0	937.0	1298.0	valide	valide_AI_AM_AF
3285	27241.0	390	JJ163	218r	2313	1	3385.0	1.0	AI	AI	35.0	1.0	1.0	35.0	1032.0	1384.0	valide	valide_AI_AM_AF
3286	27241.0	390	JJ163	218r	2314	2	3386.0	2.0	AF	AF	14.0	2.0	0.0	14.0	1200.0	419.0	valide	valide_AI_AM_AF
3287	27242.0	391	JJ163	218v	2314	1	3387.0	1.0	AI	AI	426.0	1.0	276.0	426.0	923.0	882.0	valide	valide_AI_AM_AF
3288	27242.0	391	JJ163	218v	2315	2	3388.0	2.0	AF	AF	19.0	2.0	2.0	19.0	1043.0	573.0	valide	valide_AI_AM_AF
3289	27243.0	392	JJ163	219r	2315	1	3389.0	1.0	AI	AI	591.0	1.0	0.0	591.0	1055.0	822.0	valide	valide_AI_AM_AF
3290	27243.0	392	JJ163	219r	2316	2	3390.0	2.0	AF	AF	14.0	2.0	3.0	14.0	1196.0	450.0	valide	valide_AI_AM_AF
3291	27244.0	393	JJ163	219v	2316	1	3391.0	0.0	AC	AC	463.0	1.0	261.0	463.0	938.0	820.0	valide	
3292	27245.0	394	JJ163	220r	2317	1	3392.0	0.0	AC	AC	46.0	1.0	0.0	46.0	1065.0	1374.0	valide	
3293	27246.0	395	JJ163	220v	2318	1	3393.0	1.0	AI	AI	9.0	1.0	223.0	9.0	977.0	1292.0	valide	valide_AI_AM_AF
3294	27246.0	395	JJ163	220v	2319	2	3394.0	2.0	AF	AF	44.0	2.0	3.0	44.0	1189.0	472.0	valide	valide_AI_AM_AF
3295	27247.0	395bis	JJ163	221r	2319	1	3395.0	0.0	AC	AC	513.0	1.0	0.0	513.0	1063.0	559.0	valide	
3296	27248.0	396	JJ163	221r	2319	1	3396.0	1.0	AI	AI	1071.0	1.0	0.0	1071.0	1139.0	312.0	valide	valide_AI_AM_AF
3297	27248.0	396	JJ163	221r	2320	2	3397.0	2.0	AF	AF	13.0	2.0	99.0	13.0	1101.0	1277.0	valide	valide_AI_AM_AF
3298	27249.0	397	JJ163	222r	2321	1	3398.0	0.0	AC	AC	40.0	1.0	0.0	40.0	1095.0	1064.0	valide	
3299	27250.0	398	JJ163	222r	2321	1	3399.0	1.0	AI	AI	1103.0	1.0	0.0	1103.0	1199.0	319.0	valide	valide_AI_AM_AF
3300	27250.0	398	JJ163	222r	2322	2	3400.0	3.0	AM	AM	8.0	2.0	152.0	8.0	1048.0	1287.0	valide	valide_AI_AM_AF
3301	27250.0	398	JJ163	222r	2323	3	3401.0	2.0	AF	AF	35.0	3.0	2.0	35.0	1142.0	510.0	valide	valide_AI_AM_AF
3302	27251.0	399	JJ163	223r	2323	1	3402.0	1.0	AI	AI	544.0	1.0	0.0	544.0	1059.0	877.0	valide	valide_AI_AM_AF
3303	27251.0	399	JJ163	223r	2324	2	3403.0	2.0	AF	AF	8.0	2.0	20.0	8.0	1180.0	838.0	valide	valide_AI_AM_AF
3304	27252.0	400	JJ163	223v	2324	1	3404.0	0.0	AC	AC	839.0	1.0	186.0	839.0	1013.0	445.0	valide	
3305	27253.0	401	JJ163	224r	2325	1	3405.0	1.0	AI	AI	27.0	1.0	0.0	27.0	1070.0	1392.0	valide	valide_AI_AM_AF
3306	27253.0	401	JJ163	224r	2326	2	3406.0	3.0	AM	AM	21.0	2.0	198.0	21.0	1002.0	1282.0	valide	valide_AI_AM_AF
3307	27253.0	401	JJ163	224r	2327	3	3407.0	3.0	AM	AM	35.0	3.0	0.0	35.0	1068.0	1387.0	valide	valide_AI_AM_AF
3308	27253.0	401	JJ163	224r	2328	4	3408.0	3.0	AM	AM	2.0	4.0	271.0	2.0	929.0	1315.0	valide	valide_AI_AM_AF
3309	27253.0	401	JJ163	224r	2329	5	3409.0	2.0	AF	AF	12.0	5.0	0.0	12.0	1144.0	1407.0	valide	valide_AI_AM_AF
3310	27254.0	402	JJ163	226v	2330	1	3410.0	1.0	AI	AI	12.0	1.0	88.0	12.0	1112.0	1292.0	valide	valide_AI_AM_AF
3311	27254.0	402	JJ163	226v	2331	2	3411.0	2.0	AF	AF	38.0	2.0	0.0	38.0	1107.0	622.0	valide	valide_AI_AM_AF
3312	27255.0	403	JJ163	227r	2331	1	3412.0	1.0	AI	AI	659.0	1.0	0.0	659.0	1152.0	763.0	valide	valide_AI_AM_AF
3313	27255.0	403	JJ163	227r	2332	2	3413.0	3.0	AM	AM	10.0	2.0	163.0	10.0	1037.0	1304.0	valide	valide_AI_AM_AF
3314	27255.0	403	JJ163	227r	2333	3	3414.0	2.0	AF	AF	31.0	3.0	1.0	31.0	1166.0	1388.0	valide	valide_AI_AM_AF
3315	27256.0	404	JJ163	228v	2334	1	3415.0	1.0	AI	AI	27.0	1.0	268.0	27.0	931.0	1271.0	valide	valide_AI_AM_AF
3316	27256.0	404	JJ163	228v	2335	2	3416.0	2.0	AF	AF	14.0	2.0	1.0	14.0	1101.0	696.0	valide	valide_AI_AM_AF
3317	27257.0	405	JJ163	229r	2335	1	3417.0	0.0	AC	AC	705.0	1.0	51.0	705.0	698.0	51.0	valide	
3318	27258.0	406	JJ163	229r	2335	1	3418.0	1.0	AI	AI	765.0	1.0	0.0	765.0	1147.0	657.0	valide	valide_AI_AM_AF
3319	27258.0	406	JJ163	229r	2336	2	3419.0	2.0	AF	AF	8.0	2.0	181.0	8.0	1019.0	496.0	valide	valide_AI_AM_AF
3320	27259.0	407	JJ163	229v	2336	1	3420.0	0.0	AC	AC	504.0	1.0	267.0	504.0	932.0	779.0	valide	
3321	27260.0	408	JJ163	230r	2337	1	3421.0	1.0	AI	AI	43.0	1.0	0.0	43.0	1124.0	1379.0	valide	valide_AI_AM_AF
3322	27260.0	408	JJ163	230r	2338	2	3422.0	3.0	AM	AM	21.0	2.0	189.0	21.0	1011.0	1276.0	valide	valide_AI_AM_AF
3323	27260.0	408	JJ163	230r	2339	3	3423.0	2.0	AF	AF	21.0	3.0	1.0	21.0	1187.0	708.0	valide	valide_AI_AM_AF
3324	27261.0	409	JJ163	231r	2339	1	3424.0	1.0	AI	AI	730.0	1.0	1.0	730.0	1188.0	692.0	valide	valide_AI_AM_AF
3325	27261.0	409	JJ163	231r	2340	2	3425.0	2.0	AF	AF	18.0	2.0	34.0	18.0	1165.0	1292.0	valide	valide_AI_AM_AF
3326	27262.0	410	JJ163	232r	2341	1	3426.0	1.0	AI	AI	37.0	1.0	0.0	37.0	1159.0	1384.0	valide	valide_AI_AM_AF
3327	27262.0	410	JJ163	232r	2342	2	3427.0	2.0	AF	AF	7.0	2.0	8.0	7.0	1191.0	606.0	valide	valide_AI_AM_AF
3328	27263.0	411	JJ163	232v	2342	1	3428.0	1.0	AI	AI	611.0	1.0	173.0	611.0	1026.0	667.0	valide	valide_AI_AM_AF
3329	27263.0	411	JJ163	232v	2343	2	3429.0	2.0	AF	AF	6.0	2.0	0.0	6.0	1196.0	1025.0	valide	valide_AI_AM_AF
3330	27264.0	412	JJ163	233r	2343	1	3430.0	1.0	AI	AI	1034.0	1.0	0.0	1034.0	1190.0	388.0	valide	valide_AI_AM_AF
3331	27264.0	412	JJ163	233r	2344	2	3431.0	3.0	AM	AM	2.0	2.0	259.0	2.0	941.0	1279.0	valide	valide_AI_AM_AF
3332	27264.0	412	JJ163	233r	2345	3	3432.0	2.0	AF	AF	5.0	3.0	2.0	5.0	1198.0	457.0	valide	valide_AI_AM_AF
3333	27265.0	413	JJ163	234r	2345	1	3433.0	1.0	AI	AI	463.0	1.0	0.0	463.0	1200.0	1006.0	valide	valide_AI_AM_AF
3334	27265.0	413	JJ163	234r	2346	2	3434.0	2.0	AF	AF	3.0	2.0	56.0	3.0	1143.0	544.0	valide	valide_AI_AM_AF
3335	27266.0	414	JJ163	234v	2346	1	3435.0	1.0	AI	AI	546.0	1.0	218.0	546.0	981.0	714.0	valide	valide_AI_AM_AF
3336	27266.0	414	JJ163	234v	2347	2	3436.0	3.0	AM	AM	13.0	2.0	0.0	13.0	1200.0	1448.0	valide	valide_AI_AM_AF
3337	27266.0	414	JJ163	234v	2348	3	3437.0	2.0	AF	AF	2.0	3.0	144.0	2.0	1056.0	756.0	valide	valide_AI_AM_AF
3338	27267.0	415	JJ163	235v	2348	1	3438.0	1.0	AI	AI	760.0	1.0	22.0	760.0	1178.0	497.0	valide	valide_AI_AM_AF
3339	27267.0	415	JJ163	235v	2349	2	3439.0	2.0	AF	AF	8.0	2.0	1.0	8.0	1199.0	1036.0	valide	valide_AI_AM_AF
3340	27268.0	416	JJ163	236r	2349	1	3440.0	1.0	AI	AI	1043.0	1.0	1.0	1043.0	1199.0	428.0	valide	valide_AI_AM_AF
3341	27268.0	416	JJ163	236r	2350	2	3441.0	3.0	AM	AM	1.0	2.0	207.0	1.0	993.0	1282.0	valide	valide_AI_AM_AF
3342	27268.0	416	JJ163	236r	2351	3	3442.0	3.0	AM	AM	14.0	3.0	0.0	14.0	1200.0	1427.0	valide	valide_AI_AM_AF
3343	27268.0	416	JJ163	236r	2352	4	3443.0	3.0	AM	AM	4.0	4.0	246.0	4.0	954.0	1283.0	valide	valide_AI_AM_AF
3344	27268.0	416	JJ163	236r	2353	5	3444.0	2.0	AF	AF	11.0	5.0	2.0	11.0	1198.0	760.0	valide	valide_AI_AM_AF
3345	27269.0	417	JJ163	238r	2353	1	3445.0	1.0	AI	AI	767.0	1.0	1.0	767.0	1199.0	704.0	valide	valide_AI_AM_AF
3346	27269.0	417	JJ163	238r	2354	2	3446.0	3.0	AM	AM	4.0	2.0	220.0	4.0	980.0	1278.0	valide	valide_AI_AM_AF
3347	27269.0	417	JJ163	238r	2355	3	3447.0	2.0	AF	AF	6.0	3.0	2.0	6.0	1198.0	496.0	valide	valide_AI_AM_AF
3348	27270.0	418	JJ163	239r	2355	1	3448.0	1.0	AI	AI	501.0	1.0	0.0	501.0	1200.0	970.0	valide	valide_AI_AM_AF
3349	27270.0	418	JJ163	239r	2356	2	3449.0	2.0	AF	AF	4.0	2.0	198.0	4.0	1002.0	399.0	valide	valide_AI_AM_AF
3350	27271.0	419	JJ163	239v	2356	1	3450.0	0.0	AC	AC	401.0	1.0	207.0	401.0	992.0	895.0	valide	
3351	27272.0	420	JJ163	240r	2357	1	3451.0	1.0	AI	AI	31.0	1.0	0.0	31.0	1200.0	1435.0	valide	valide_AI_AM_AF
3352	27272.0	420	JJ163	240r	2358	2	3452.0	2.0	AF	AF	9.0	2.0	4.0	9.0	1197.0	445.0	valide	valide_AI_AM_AF
3353	27273.0	421	JJ163	240v	2358	1	3453.0	0.0	AC	AC	444.0	1.0	235.0	444.0	965.0	852.0	valide	
3354	27274.0	422	JJ163	241r	2359	1	3454.0	0.0	AC	AC	22.0	1.0	1.0	22.0	1199.0	1042.0	valide	
3355	27275.0	423	JJ163	241r	2359	1	3455.0	1.0	AI	AI	1062.0	1.0	0.0	1062.0	1195.0	409.0	valide	valide_AI_AM_AF
3356	27275.0	423	JJ163	241r	2360	2	3456.0	3.0	AM	AM	16.0	2.0	245.0	16.0	954.0	1313.0	valide	valide_AI_AM_AF
3357	27275.0	423	JJ163	241r	2361	3	3457.0	2.0	AF	AF	5.0	3.0	1.0	5.0	1198.0	402.0	valide	valide_AI_AM_AF
3358	27276.0	424	JJ163	242r	2361	1	3458.0	0.0	AC	AC	406.0	1.0	1.0	406.0	1199.0	1079.0	valide	
3359	27277.0	425	JJ163	242v	2362	1	3459.0	0.0	AC	AC	28.0	1.0	241.0	28.0	959.0	1297.0	valide	
3360	27278.0	426	JJ163	243r	2363	1	3460.0	0.0	AC	AC	25.0	1.0	0.0	25.0	1200.0	968.0	valide	
3361	27279.0	427	JJ163	243r	2363	1	3461.0	1.0	AI	AI	984.0	1.0	1.0	984.0	1199.0	504.0	valide	valide_AI_AM_AF
3362	27279.0	427	JJ163	243r	2364	2	3462.0	2.0	AF	AF	12.0	2.0	7.0	12.0	1192.0	811.0	valide	valide_AI_AM_AF
3363	27280.0	428	JJ163	243v	2364	1	3463.0	0.0	AC	AC	808.0	1.0	220.0	808.0	928.0	54.0	valide	
3364	27281.0	429	JJ163	243v	2364	1	3464.0	1.0	AI	AI	858.0	1.0	81.0	858.0	1118.0	437.0	valide	valide_AI_AM_AF
3365	27281.0	429	JJ163	243v	2365	2	3465.0	3.0	AM	AM	7.0	2.0	0.0	7.0	1200.0	1479.0	valide	valide_AI_AM_AF
3366	27281.0	429	JJ163	243v	2366	3	3466.0	2.0	AF	AF	12.0	3.0	178.0	12.0	1021.0	796.0	valide	valide_AI_AM_AF
3367	27282.0	430	JJ163	244v	2366	1	3467.0	1.0	AI	AI	805.0	1.0	246.0	805.0	953.0	487.0	valide	valide_AI_AM_AF
3368	27282.0	430	JJ163	244v	2367	2	3468.0	2.0	AF	AF	9.0	2.0	0.0	9.0	1200.0	947.0	valide	valide_AI_AM_AF
3369	27283.0	431	JJ163	245r	2367	1	3469.0	0.0	AC	AC	939.0	1.0	10.0	939.0	691.0	39.0	valide	
3370	27284.0	432	JJ163	245r	2367	1	3470.0	1.0	AI	AI	987.0	1.0	1.0	987.0	1199.0	502.0	valide	valide_AI_AM_AF
3371	27284.0	432	JJ163	245r	2368	2	3471.0	2.0	AF	AF	4.0	2.0	34.0	4.0	1165.0	868.0	valide	valide_AI_AM_AF
3372	27285.0	433	JJ163	245v	2368	1	3472.0	1.0	AI	AI	874.0	1.0	95.0	874.0	1104.0	408.0	valide	valide_AI_AM_AF
3373	27285.0	433	JJ163	245v	2369	2	3473.0	3.0	AM	AM	19.0	2.0	1.0	19.0	1199.0	1468.0	valide	valide_AI_AM_AF
3374	27285.0	433	JJ163	245v	2370	3	3474.0	2.0	AF	AF	7.0	3.0	16.0	7.0	1183.0	876.0	valide	valide_AI_AM_AF
3375	27286.0	434	JJ163	246v	2370	1	3475.0	1.0	AI	AI	881.0	1.0	117.0	881.0	1082.0	405.0	valide	valide_AI_AM_AF
3376	27286.0	434	JJ163	246v	2371	2	3476.0	2.0	AF	AF	43.0	2.0	0.0	43.0	1200.0	966.0	valide	valide_AI_AM_AF
3377	27287.0	435	JJ163	247r	2371	1	3477.0	1.0	AI	AI	1008.0	1.0	0.0	1008.0	1200.0	481.0	valide	valide_AI_AM_AF
3378	27287.0	435	JJ163	247r	2372	2	3478.0	2.0	AF	AF	9.0	2.0	231.0	9.0	968.0	1320.0	valide	valide_AI_AM_AF
3379	27288.0	436	JJ163	248r	2373	1	3479.0	0.0	AC	AC	58.0	1.0	0.0	58.0	1200.0	952.0	valide	
3380	27289.0	437	JJ163	248r	2373	1	3480.0	1.0	AI	AI	1008.0	1.0	1.0	1008.0	1199.0	481.0	valide	valide_AI_AM_AF
3381	27289.0	437	JJ163	248r	2374	2	3481.0	2.0	AF	AF	5.0	2.0	34.0	5.0	1165.0	753.0	valide	valide_AI_AM_AF
3382	27290.0	438	JJ163	248v	2374	1	3482.0	1.0	AI	AI	754.0	1.0	29.0	754.0	1170.0	531.0	valide	valide_AI_AM_AF
3383	27290.0	438	JJ163	248v	2375	2	3483.0	2.0	AF	AF	39.0	2.0	1.0	39.0	1199.0	560.0	valide	valide_AI_AM_AF
3384	27291.0	439	JJ163	249r	2375	1	3484.0	1.0	AI	AI	596.0	1.0	0.0	596.0	1200.0	891.0	valide	valide_AI_AM_AF
3385	27291.0	439	JJ163	249r	2376	2	3485.0	2.0	AF	AF	4.0	2.0	238.0	4.0	961.0	1316.0	valide	valide_AI_AM_AF
3386	27292.0	440	JJ163	250r	2377	1	3486.0	0.0	AC	AC	31.0	1.0	1.0	31.0	1199.0	793.0	valide	
3387	27293.0	441	JJ163	250r	2377	1	3487.0	1.0	AI	AI	822.0	1.0	0.0	822.0	1200.0	667.0	valide	valide_AI_AM_AF
3388	27293.0	441	JJ163	250r	2378	2	3488.0	2.0	AF	AF	4.0	2.0	0.0	4.0	1199.0	574.0	valide	valide_AI_AM_AF
3389	27294.0	442	JJ163	250v	2378	1	3489.0	1.0	AI	AI	579.0	1.0	165.0	579.0	1035.0	705.0	valide	valide_AI_AM_AF
3390	27294.0	442	JJ163	250v	2379	2	3490.0	2.0	AF	AF	63.0	2.0	1.0	63.0	1199.0	409.0	valide	valide_AI_AM_AF
3391	27295.0	443	JJ163	251r	2379	1	3491.0	0.0	AC	AC	469.0	1.0	0.0	469.0	1185.0	1018.0	valide	
3392	27296.0	444	JJ163	251v	2380	1	3492.0	0.0	AC	AC	14.0	1.0	13.0	14.0	1186.0	845.0	valide	
3393	27297.0	445	JJ163	251v	2380	1	3493.0	1.0	AI	AI	861.0	1.0	145.0	861.0	1054.0	414.0	valide	valide_AI_AM_AF
3394	27297.0	445	JJ163	251v	2381	2	3494.0	2.0	AF	AF	11.0	2.0	1.0	11.0	1199.0	839.0	valide	valide_AI_AM_AF
3395	27298.0	446	JJ163	252r	2381	1	3495.0	1.0	AI	AI	848.0	1.0	0.0	848.0	1098.0	641.0	valide	valide_AI_AM_AF
3396	27298.0	446	JJ163	252r	2382	2	3496.0	2.0	AF	AF	6.0	2.0	200.0	6.0	999.0	882.0	valide	valide_AI_AM_AF
3397	27299.0	447	JJ163	252v	2382	1	3497.0	1.0	AI	AI	890.0	1.0	16.0	890.0	1183.0	387.0	valide	valide_AI_AM_AF
3398	27299.0	447	JJ163	252v	2383	2	3498.0	2.0	AF	AF	7.0	2.0	1.0	7.0	1196.0	989.0	valide	valide_AI_AM_AF
3399	27300.0	448	JJ163	253r	2383	1	3499.0	0.0	AC	AC	1001.0	1.0	2.0	1001.0	1187.0	475.0	valide	
3400	27301.0	449	JJ163	253v	2384	1	3500.0	0.0	AC	AC	18.0	1.0	218.0	18.0	981.0	725.0	valide	
3401	27302.0	450	JJ163	253v	2384	1	3501.0	1.0	AI	AI	743.0	1.0	185.0	743.0	1014.0	535.0	valide	valide_AI_AM_AF
3402	27302.0	450	JJ163	253v	2385	2	3502.0	2.0	AF	AF	7.0	2.0	2.0	7.0	1198.0	879.0	valide	valide_AI_AM_AF
3403	27303.0	451	JJ163	254r	2385	1	3503.0	1.0	AI	AI	880.0	1.0	1.0	880.0	1199.0	590.0	valide	valide_AI_AM_AF
3404	27303.0	451	JJ163	254r	2386	2	3504.0	2.0	AF	AF	11.0	2.0	10.0	11.0	1189.0	692.0	valide	valide_AI_AM_AF
3405	27304.0	452	JJ163	254v	2386	1	3505.0	1.0	AI	AI	705.0	1.0	62.0	705.0	1137.0	573.0	valide	valide_AI_AM_AF
3406	27304.0	452	JJ163	254v	2387	2	3506.0	2.0	AF	AF	16.0	2.0	4.0	16.0	1197.0	464.0	valide	valide_AI_AM_AF
3407	27305.0	453	JJ163	255r	2387	1	3507.0	1.0	AI	AI	478.0	1.0	0.0	478.0	1200.0	992.0	valide	valide_AI_AM_AF
3408	27305.0	453	JJ163	255r	2388	2	3508.0	2.0	AF	AF	14.0	2.0	0.0	14.0	1199.0	406.0	valide	valide_AI_AM_AF
3409	27306.0	454	JJ163	255v	2388	1	3509.0	0.0	AC	AC	410.0	1.0	220.0	410.0	979.0	889.0	valide	
3410	27307.0	455	JJ163	256r	2389	1	3510.0	0.0	AC	AC	25.0	1.0	1.0	25.0	1199.0	1014.0	valide	
3411	27308.0	456	JJ163	256r	2389	1	3511.0	1.0	AI	AI	1039.0	1.0	2.0	1039.0	1198.0	436.0	valide	valide_AI_AM_AF
3412	27308.0	456	JJ163	256r	2390	2	3512.0	2.0	AF	AF	29.0	2.0	209.0	29.0	990.0	1274.0	valide	valide_AI_AM_AF
3413	27309.0	457	JJ163	257r	2391	1	3513.0	1.0	AI	AI	49.0	1.0	0.0	49.0	1198.0	1428.0	valide	valide_AI_AM_AF
3414	27309.0	457	JJ163	257r	2392	2	3514.0	2.0	AF	AF	18.0	2.0	8.0	18.0	1191.0	410.0	valide	valide_AI_AM_AF
3415	27310.0	458	JJ163	257v	2392	1	3515.0	1.0	AI	AI	427.0	1.0	214.0	427.0	985.0	869.0	valide	valide_AI_AM_AF
3416	27310.0	458	JJ163	257v	2393	2	3516.0	2.0	AF	AF	54.0	2.0	1.0	54.0	1199.0	659.0	valide	valide_AI_AM_AF
3417	27311.0	459	JJ163	258r	2393	1	3517.0	1.0	AI	AI	699.0	1.0	1.0	699.0	1199.0	773.0	valide	valide_AI_AM_AF
3418	27311.0	459	JJ163	258r	2394	2	3518.0	2.0	AF	AF	12.0	2.0	0.0	12.0	1199.0	486.0	valide	valide_AI_AM_AF
3419	27312.0	460	JJ163	258v	2394	1	3519.0	0.0	AC	AC	501.0	1.0	208.0	501.0	630.0	42.0	valide	
3420	27313.0	461	JJ163	258v	2394	1	3520.0	0.0	AC	AC	533.0	1.0	388.0	533.0	578.0	26.0	valide	
3421	27314.0	462	JJ163	258v	2394	1	3521.0	1.0	AI	AI	572.0	1.0	201.0	572.0	999.0	718.0	valide	valide_AI_AM_AF
3422	27314.0	462	JJ163	258v	2395	2	3522.0	2.0	AF	AF	23.0	2.0	2.0	23.0	1198.0	663.0	valide	valide_AI_AM_AF
3423	27315.0	463	JJ163	259r	2395	1	3523.0	1.0	AI	AI	684.0	1.0	0.0	684.0	1180.0	789.0	valide	valide_AI_AM_AF
3424	27315.0	463	JJ163	259r	2396	2	3524.0	2.0	AF	AF	5.0	2.0	6.0	5.0	1193.0	369.0	valide	valide_AI_AM_AF
3425	27316.0	464	JJ163	259v	2396	1	3525.0	0.0	AC	AC	372.0	1.0	210.0	372.0	990.0	493.0	valide	
3426	27317.0	465	JJ163	259v	2396	1	3526.0	1.0	AI	AI	863.0	1.0	0.0	863.0	1199.0	416.0	valide	valide_AI_AM_AF
3427	27317.0	465	JJ163	259v	2397	2	3527.0	2.0	AF	AF	7.0	2.0	1.0	7.0	1197.0	1460.0	valide	valide_AI_AM_AF
3428	27318.0	466	JJ163	260v	2398	1	3528.0	0.0	AC	AC	19.0	1.0	210.0	19.0	990.0	876.0	valide	
3429	27319.0	467	JJ163	260v	2398	1	3529.0	1.0	AI	AI	891.0	1.0	9.0	891.0	1191.0	387.0	valide	valide_AI_AM_AF
3430	27319.0	467	JJ163	260v	2399	2	3530.0	2.0	AF	AF	20.0	2.0	2.0	20.0	1197.0	714.0	valide	valide_AI_AM_AF
3431	27320.0	468	JJ163	261r	2399	1	3531.0	1.0	AI	AI	729.0	1.0	1.0	729.0	1197.0	743.0	valide	valide_AI_AM_AF
3432	27320.0	468	JJ163	261r	2400	2	3532.0	2.0	AF	AF	8.0	2.0	84.0	8.0	1116.0	708.0	valide	valide_AI_AM_AF
3433	27321.0	469	JJ163	261v	2400	1	3533.0	1.0	AI	AI	716.0	1.0	201.0	716.0	998.0	572.0	valide	valide_AI_AM_AF
3434	27321.0	469	JJ163	261v	2401	2	3534.0	2.0	AF	AF	17.0	2.0	1.0	17.0	1197.0	846.0	valide	valide_AI_AM_AF
3435	27322.0	470	JJ163	262r	2401	1	3535.0	0.0	AC	AC	848.0	1.0	138.0	848.0	779.0	48.0	valide	
3436	27323.0	471	JJ163	262r	2401	1	3536.0	1.0	AI	AI	903.0	1.0	0.0	903.0	1199.0	571.0	valide	valide_AI_AM_AF
3437	27323.0	471	JJ163	262r	2402	2	3537.0	3.0	AM	AM	23.0	2.0	197.0	23.0	1002.0	1284.0	valide	valide_AI_AM_AF
3438	27323.0	471	JJ163	262r	2403	3	3538.0	2.0	AF	AF	30.0	3.0	2.0	30.0	1197.0	414.0	valide	valide_AI_AM_AF
3439	27324.0	472	JJ163	263r	2403	1	3539.0	0.0	AC	AC	441.0	1.0	2.0	441.0	1198.0	553.0	valide	
3440	27325.0	473	JJ163	263r	2403	1	3540.0	1.0	AI	AI	993.0	1.0	2.0	993.0	1198.0	477.0	valide	valide_AI_AM_AF
3441	27325.0	473	JJ163	263r	2404	2	3541.0	2.0	AF	AF	22.0	2.0	197.0	22.0	1003.0	1276.0	valide	valide_AI_AM_AF
3442	27326.0	474	JJ163	264r	2405	1	3542.0	0.0	AC	AC	7.0	1.0	1.0	7.0	1199.0	1087.0	valide	
3443	27327.0	475	JJ163	264r	2405	1	3543.0	1.0	AI	AI	1089.0	1.0	1.0	1089.0	1178.0	384.0	valide	valide_AI_AM_AF
3444	27327.0	475	JJ163	264r	2406	2	3544.0	2.0	AF	AF	8.0	2.0	46.0	8.0	1154.0	1001.0	valide	valide_AI_AM_AF
3445	27328.0	476	JJ163	264v	2406	1	3545.0	1.0	AI	AI	1004.0	1.0	11.0	1004.0	1189.0	280.0	valide	valide_AI_AM_AF
3446	27328.0	476	JJ163	264v	2407	2	3546.0	3.0	AM	AM	13.0	2.0	1.0	13.0	1197.0	1459.0	valide	valide_AI_AM_AF
3447	27328.0	476	JJ163	264v	2408	3	3547.0	2.0	AF	AF	13.0	3.0	0.0	13.0	1198.0	343.0	valide	valide_AI_AM_AF
3448	27329.0	477	JJ163	265v	2408	1	3548.0	0.0	AC	AC	355.0	1.0	199.0	355.0	1000.0	941.0	valide	
3449	27330.0	478	JJ163	266r	2409	1	3549.0	1.0	AI	AI	15.0	1.0	1.0	15.0	1198.0	1456.0	valide	valide_AI_AM_AF
3450	27330.0	478	JJ163	266r	2410	2	3550.0	2.0	AF	AF	3.0	2.0	0.0	3.0	1199.0	288.0	valide	valide_AI_AM_AF
3451	27331.0	479	JJ163	266v	2410	1	3551.0	0.0	AC	AC	288.0	1.0	196.0	288.0	1003.0	682.0	valide	
3452	27332.0	480	JJ163	266v	2410	1	3552.0	1.0	AI	AI	958.0	1.0	23.0	958.0	1177.0	320.0	valide	valide_AI_AM_AF
3453	27332.0	480	JJ163	266v	2411	2	3553.0	2.0	AF	AF	9.0	2.0	1.0	9.0	1197.0	811.0	valide	valide_AI_AM_AF
3454	27333.0	481	JJ163	267r	2411	1	3554.0	1.0	AI	AI	818.0	1.0	0.0	818.0	1199.0	658.0	valide	valide_AI_AM_AF
3455	27333.0	481	JJ163	267r	2412	2	3555.0	2.0	AF	AF	8.0	2.0	136.0	8.0	1063.0	753.0	valide	valide_AI_AM_AF
3456	27334.0	482	JJ163	267v	2412	1	3556.0	1.0	AI	AI	752.0	1.0	177.0	752.0	1022.0	525.0	valide	valide_AI_AM_AF
3457	27334.0	482	JJ163	267v	2413	2	3557.0	2.0	AF	AF	13.0	2.0	3.0	13.0	1196.0	514.0	valide	valide_AI_AM_AF
3458	27335.0	483	JJ163	268r	2413	1	3558.0	1.0	AI	AI	527.0	1.0	1.0	527.0	1198.0	943.0	valide	valide_AI_AM_AF
3459	27335.0	483	JJ163	268r	2414	2	3559.0	2.0	AF	AF	9.0	2.0	6.0	9.0	1193.0	353.0	valide	valide_AI_AM_AF
3460	27336.0	484	JJ163	268v	2414	1	3560.0	0.0	AC	AC	363.0	1.0	197.0	363.0	1002.0	935.0	valide	
3461	27337.0	485	JJ163	269r	2415	1	3561.0	0.0	AC	AC	16.0	1.0	1.0	16.0	1197.0	1455.0	valide	
3462	27338.0	486	JJ163	269v	2416	1	3562.0	0.0	AC	AC	16.0	1.0	153.0	16.0	1047.0	1280.0	valide	
3463	27339.0	487	JJ163	270r	2417	1	3563.0	0.0	AC	AC	8.0	1.0	0.0	8.0	1200.0	996.0	valide	
3464	27340.0	488	JJ163	270r	2417	1	3564.0	1.0	AI	AI	1007.0	1.0	1.0	1007.0	1199.0	467.0	valide	valide_AI_AM_AF
3465	27340.0	488	JJ163	270r	2418	2	3565.0	2.0	AF	AF	9.0	2.0	18.0	9.0	1181.0	719.0	valide	valide_AI_AM_AF
3466	27341.0	489	JJ163	270v	2418	1	3566.0	1.0	AI	AI	723.0	1.0	137.0	723.0	1062.0	557.0	valide	valide_AI_AM_AF
3467	27341.0	489	JJ163	270v	2419	2	3567.0	2.0	AF	AF	15.0	2.0	1.0	15.0	1197.0	1042.0	valide	valide_AI_AM_AF
3468	27342.0	490	JJ163	271r	2419	1	3568.0	1.0	AI	AI	1056.0	1.0	1.0	1056.0	1199.0	413.0	valide	valide_AI_AM_AF
3469	27342.0	490	JJ163	271r	2420	2	3569.0	2.0	AF	AF	12.0	2.0	196.0	12.0	1002.0	1298.0	valide	valide_AI_AM_AF
3470	27352.0	1	JJ164	1r	2439	1	3585.0	1.0	AI	AI	42.0	1.0	0.0	42.0	1080.0	1322.0	valide	valide_AI_AM_AF
3471	27352.0	1	JJ164	1r	2440	2	3586.0	2.0	AF	AF	42.0	2.0	0.0	42.0	1200.0	744.0	valide	valide_AI_AM_AF
3472	27353.0	2	JJ164	1v	2440	1	3587.0	1.0	AI	AI	783.0	1.0	6.0	783.0	1194.0	646.0	valide	valide_AI_AM_AF
3473	27353.0	2	JJ164	1v	2441	2	3588.0	2.0	AF	AF	31.0	2.0	0.0	31.0	1102.0	873.0	valide	valide_AI_AM_AF
3474	27354.0	3	JJ164	2r	2441	1	3589.0	1.0	AI	AI	904.0	1.0	0.0	904.0	1103.0	435.0	valide	valide_AI_AM_AF
3475	27354.0	3	JJ164	2r	2442	2	3590.0	3.0	AM	AM	39.0	2.0	0.0	39.0	1200.0	1388.0	valide	valide_AI_AM_AF
3476	27354.0	3	JJ164	2r	2443	3	3591.0	2.0	AF	AF	18.0	3.0	1.0	18.0	1199.0	629.0	valide	valide_AI_AM_AF
3477	27355.0	4	JJ164	3r	2443	1	3592.0	1.0	AI	AI	642.0	1.0	0.0	642.0	1080.0	695.0	valide	valide_AI_AM_AF
3478	27355.0	4	JJ164	3r	2444	2	3593.0	2.0	AF	AF	31.0	2.0	17.0	31.0	1181.0	513.0	valide	valide_AI_AM_AF
3479	27356.0	5	JJ164	3v	2444	1	3594.0	1.0	AI	AI	532.0	1.0	1.0	532.0	1199.0	913.0	valide	valide_AI_AM_AF
3480	27356.0	5	JJ164	3v	2445	2	3595.0	2.0	AF	AF	39.0	2.0	1.0	39.0	1174.0	591.0	valide	valide_AI_AM_AF
3481	27357.0	6	JJ164	4r	2445	1	3596.0	0.0	AC	AC	571.0	1.0	5.0	571.0	1020.0	76.0	valide	
3482	27358.0	7	JJ164	4r	2445	1	3597.0	1.0	AI	AI	643.0	1.0	1.0	643.0	1044.0	693.0	valide	valide_AI_AM_AF
3483	27358.0	7	JJ164	4r	2446	2	3598.0	2.0	AF	AF	17.0	2.0	2.0	17.0	1197.0	901.0	valide	valide_AI_AM_AF
3484	27359.0	8	JJ164	4v	2446	1	3599.0	1.0	AI	AI	918.0	1.0	16.0	918.0	1184.0	521.0	valide	valide_AI_AM_AF
3485	27359.0	8	JJ164	4v	2447	2	3600.0	2.0	AF	AF	21.0	2.0	2.0	21.0	1056.0	721.0	valide	valide_AI_AM_AF
3486	27360.0	9	JJ164	5r	2447	1	3601.0	1.0	AI	AI	743.0	1.0	1.0	743.0	1071.0	593.0	valide	valide_AI_AM_AF
3487	27360.0	9	JJ164	5r	2448	2	3602.0	2.0	AF	AF	18.0	2.0	0.0	18.0	1199.0	660.0	valide	valide_AI_AM_AF
3488	27361.0	10	JJ164	5v	2448	1	3603.0	1.0	AI	AI	675.0	1.0	0.0	675.0	1199.0	765.0	valide	valide_AI_AM_AF
3489	27361.0	10	JJ164	5v	2449	2	3604.0	2.0	AF	AF	41.0	2.0	1.0	41.0	1049.0	551.0	valide	valide_AI_AM_AF
3490	27362.0	11	JJ164	6r	2449	1	3605.0	1.0	AI	AI	591.0	1.0	1.0	591.0	1076.0	744.0	valide	valide_AI_AM_AF
3491	27362.0	11	JJ164	6r	2450	2	3606.0	2.0	AF	AF	5.0	2.0	1.0	5.0	1198.0	1422.0	valide	valide_AI_AM_AF
3492	27363.0	12	JJ164	7r	2451	1	3607.0	0.0	AC	AC	32.0	1.0	3.0	32.0	1113.0	750.0	valide	
3493	27364.0	13	JJ164	7r	2451	1	3608.0	1.0	AI	AI	784.0	1.0	1.0	784.0	1094.0	548.0	valide	valide_AI_AM_AF
3494	27364.0	13	JJ164	7r	2452	2	3609.0	2.0	AF	AF	51.0	2.0	4.0	51.0	1195.0	778.0	valide	valide_AI_AM_AF
3495	27365.0	14	JJ164	7v	2452	1	3610.0	0.0	AC	AC	824.0	1.0	37.0	824.0	1161.0	93.0	valide	
3496	27366.0	15	JJ164	7v	2452	1	3611.0	1.0	AI	AI	912.0	1.0	0.0	912.0	1199.0	502.0	valide	valide_AI_AM_AF
3497	27366.0	15	JJ164	7v	2453	2	3612.0	2.0	AF	AF	18.0	2.0	1.0	18.0	1114.0	781.0	valide	valide_AI_AM_AF
3498	27367.0	16	JJ164	8r	2453	1	3613.0	1.0	AI	AI	797.0	1.0	0.0	797.0	1067.0	539.0	valide	valide_AI_AM_AF
3499	27367.0	16	JJ164	8r	2454	2	3614.0	2.0	AF	AF	10.0	2.0	3.0	10.0	1196.0	499.0	valide	valide_AI_AM_AF
3500	27368.0	17	JJ164	8v	2454	1	3615.0	0.0	AC	AC	509.0	1.0	0.0	509.0	1200.0	925.0	valide	
3501	27369.0	18	JJ164	9r	2455	1	3616.0	1.0	AI	AI	23.0	1.0	1.0	23.0	1043.0	1322.0	valide	valide_AI_AM_AF
3502	27369.0	18	JJ164	9r	2456	2	3617.0	2.0	AF	AF	4.0	2.0	1.0	4.0	1198.0	679.0	valide	valide_AI_AM_AF
3503	27370.0	19	JJ164	9v	2456	1	3618.0	1.0	AI	AI	667.0	1.0	0.0	667.0	1200.0	765.0	valide	valide_AI_AM_AF
3504	27370.0	19	JJ164	9v	2457	2	3619.0	2.0	AF	AF	18.0	2.0	0.0	18.0	1090.0	797.0	valide	valide_AI_AM_AF
3505	27371.0	20	JJ164	10r	2457	1	3620.0	1.0	AI	AI	811.0	1.0	1.0	811.0	1093.0	528.0	valide	valide_AI_AM_AF
3506	27371.0	20	JJ164	10r	2458	2	3621.0	2.0	AF	AF	4.0	2.0	1.0	4.0	1197.0	997.0	valide	valide_AI_AM_AF
3507	27372.0	21	JJ164	10v	2458	1	3622.0	1.0	AI	AI	1001.0	1.0	2.0	1001.0	1198.0	437.0	valide	valide_AI_AM_AF
3508	27372.0	21	JJ164	10v	2459	2	3623.0	3.0	AM	AM	25.0	2.0	0.0	25.0	1095.0	1315.0	valide	valide_AI_AM_AF
3509	27372.0	21	JJ164	10v	2460	3	3624.0	2.0	AF	AF	14.0	3.0	1.0	14.0	1198.0	589.0	valide	valide_AI_AM_AF
3510	27373.0	22	JJ164	11v	2460	1	3625.0	1.0	AI	AI	601.0	1.0	1.0	601.0	1198.0	835.0	valide	valide_AI_AM_AF
3511	27373.0	22	JJ164	11v	2461	2	3626.0	3.0	AM	AM	23.0	2.0	0.0	23.0	1068.0	1322.0	valide	valide_AI_AM_AF
3512	27373.0	22	JJ164	11v	2462	3	3627.0	2.0	AF	AF	3.0	3.0	2.0	3.0	1197.0	1142.0	valide	valide_AI_AM_AF
3513	27374.0	23	JJ164	12v	2462	1	3628.0	1.0	AI	AI	1155.0	1.0	9.0	1155.0	1190.0	268.0	valide	valide_AI_AM_AF
3514	27374.0	23	JJ164	12v	2463	2	3629.0	3.0	AM	AM	26.0	2.0	1.0	26.0	1051.0	1315.0	valide	valide_AI_AM_AF
3515	27374.0	23	JJ164	12v	2464	3	3630.0	3.0	AM	AM	6.0	3.0	0.0	6.0	1200.0	1434.0	valide	valide_AI_AM_AF
3516	27374.0	23	JJ164	12v	2465	4	3631.0	2.0	AF	AF	23.0	4.0	2.0	23.0	1129.0	379.0	valide	valide_AI_AM_AF
3517	27375.0	24	JJ164	14r	2465	1	3632.0	1.0	AI	AI	399.0	1.0	1.0	399.0	1048.0	941.0	valide	valide_AI_AM_AF
3518	27375.0	24	JJ164	14r	2466	2	3633.0	3.0	AM	AM	4.0	2.0	0.0	4.0	1200.0	1430.0	valide	valide_AI_AM_AF
3519	27375.0	24	JJ164	14r	2467	3	3634.0	2.0	AF	AF	1.0	3.0	7.0	1.0	1193.0	240.0	valide	valide_AI_AM_AF
3520	27376.0	25	JJ164	15r	2467	1	3635.0	1.0	AI	AI	238.0	1.0	1.0	238.0	1079.0	1117.0	valide	valide_AI_AM_AF
3521	27376.0	25	JJ164	15r	2468	2	3636.0	2.0	AF	AF	3.0	2.0	0.0	3.0	1199.0	599.0	valide	valide_AI_AM_AF
3522	27377.0	26	JJ164	15v	2468	1	3637.0	1.0	AI	AI	601.0	1.0	0.0	601.0	1199.0	838.0	valide	valide_AI_AM_AF
3523	27377.0	26	JJ164	15v	2469	2	3638.0	2.0	AF	AF	19.0	2.0	1.0	19.0	1104.0	809.0	valide	valide_AI_AM_AF
3524	27378.0	27	JJ164	16r	2469	1	3639.0	1.0	AI	AI	808.0	1.0	0.0	808.0	1067.0	529.0	valide	valide_AI_AM_AF
3525	27378.0	27	JJ164	16r	2470	2	3640.0	2.0	AF	AF	37.0	2.0	0.0	37.0	1199.0	1404.0	valide	valide_AI_AM_AF
3526	27379.0	28	JJ164	17r	2471	1	3641.0	1.0	AI	AI	57.0	1.0	1.0	57.0	1060.0	1289.0	valide	valide_AI_AM_AF
3527	27379.0	28	JJ164	17r	2472	2	3642.0	2.0	AF	AF	44.0	2.0	0.0	44.0	1199.0	662.0	valide	valide_AI_AM_AF
3528	27380.0	29	JJ164	17v	2472	1	3643.0	1.0	AI	AI	703.0	1.0	3.0	703.0	1197.0	727.0	valide	valide_AI_AM_AF
3529	27380.0	29	JJ164	17v	2473	2	3644.0	2.0	AF	AF	28.0	2.0	1.0	28.0	1056.0	1004.0	valide	valide_AI_AM_AF
3530	27381.0	30	JJ164	18r	2473	1	3645.0	1.0	AI	AI	1021.0	1.0	0.0	1021.0	1097.0	317.0	valide	valide_AI_AM_AF
3531	27381.0	30	JJ164	18r	2474	2	3646.0	3.0	AM	AM	46.0	2.0	0.0	46.0	1199.0	1396.0	valide	valide_AI_AM_AF
3532	27381.0	30	JJ164	18r	2475	3	3647.0	2.0	AF	AF	36.0	3.0	1.0	36.0	1065.0	935.0	valide	valide_AI_AM_AF
3533	27382.0	31	JJ164	19r	2475	1	3648.0	1.0	AI	AI	963.0	1.0	1.0	963.0	1094.0	374.0	valide	valide_AI_AM_AF
3534	27382.0	31	JJ164	19r	2476	2	3649.0	2.0	AF	AF	35.0	2.0	6.0	35.0	1193.0	591.0	valide	valide_AI_AM_AF
3535	27383.0	32	JJ164	19v	2476	1	3650.0	0.0	AC	AC	624.0	1.0	0.0	624.0	1199.0	820.0	valide	
3536	27384.0	33	JJ164	20r	2477	1	3651.0	0.0	AC	AC	47.0	1.0	0.0	47.0	1087.0	827.0	valide	
3537	27385.0	34	JJ164	20r	2477	1	3652.0	1.0	AI	AI	853.0	1.0	1.0	853.0	1077.0	485.0	valide	valide_AI_AM_AF
3538	27385.0	34	JJ164	20r	2478	2	3653.0	2.0	AF	AF	26.0	2.0	0.0	26.0	1199.0	1032.0	valide	valide_AI_AM_AF
3539	27386.0	35	JJ164	20v	2478	1	3654.0	0.0	AC	AC	988.0	1.0	141.0	988.0	558.0	65.0	valide	
3540	27387.0	36	JJ164	20v	2478	1	3655.0	1.0	AI	AI	1058.0	1.0	7.0	1058.0	1193.0	386.0	valide	valide_AI_AM_AF
3541	27387.0	36	JJ164	20v	2479	2	3656.0	3.0	AM	AM	47.0	2.0	1.0	47.0	1045.0	1305.0	valide	valide_AI_AM_AF
3542	27387.0	36	JJ164	20v	2480	3	3657.0	2.0	AF	AF	9.0	3.0	0.0	9.0	1199.0	392.0	valide	valide_AI_AM_AF
3543	27388.0	37	JJ164	21v	2480	1	3658.0	1.0	AI	AI	395.0	1.0	0.0	395.0	1199.0	1043.0	valide	valide_AI_AM_AF
3544	27388.0	37	JJ164	21v	2481	2	3659.0	2.0	AF	AF	48.0	2.0	0.0	48.0	1056.0	566.0	valide	valide_AI_AM_AF
3545	27389.0	38	JJ164	22r	2481	1	3660.0	0.0	AC	AC	531.0	1.0	6.0	531.0	953.0	85.0	valide	
3546	27390.0	39	JJ164	22r	2481	1	3661.0	1.0	AI	AI	614.0	1.0	0.0	614.0	1071.0	723.0	valide	valide_AI_AM_AF
3547	27390.0	39	JJ164	22r	2482	2	3662.0	2.0	AF	AF	40.0	2.0	0.0	40.0	1199.0	1035.0	valide	valide_AI_AM_AF
3548	27391.0	40	JJ164	22v	2482	1	3663.0	1.0	AI	AI	1076.0	1.0	0.0	1076.0	1199.0	362.0	valide	valide_AI_AM_AF
3549	27391.0	40	JJ164	22v	2483	2	3664.0	2.0	AF	AF	27.0	2.0	1.0	27.0	1049.0	985.0	valide	valide_AI_AM_AF
3550	27392.0	41	JJ164	23r	2483	1	3665.0	1.0	AI	AI	1010.0	1.0	1.0	1010.0	1074.0	326.0	valide	valide_AI_AM_AF
3551	27392.0	41	JJ164	23r	2484	2	3666.0	2.0	AF	AF	42.0	2.0	0.0	42.0	1199.0	897.0	valide	valide_AI_AM_AF
3552	27393.0	42	JJ164	23v	2484	1	3667.0	1.0	AI	AI	938.0	1.0	0.0	938.0	1199.0	502.0	valide	valide_AI_AM_AF
3553	27393.0	42	JJ164	23v	2485	2	3668.0	2.0	AF	AF	40.0	2.0	2.0	40.0	1046.0	1308.0	valide	valide_AI_AM_AF
3554	27394.0	43	JJ164	24v	2486	1	3669.0	0.0	AC	AC	28.0	1.0	0.0	28.0	1200.0	1415.0	valide	
3555	27395.0	44	JJ164	25r	2487	1	3670.0	1.0	AI	AI	41.0	1.0	1.0	41.0	1048.0	1309.0	valide	valide_AI_AM_AF
3556	27395.0	44	JJ164	25r	2488	2	3671.0	2.0	AF	AF	12.0	2.0	0.0	12.0	1199.0	718.0	valide	valide_AI_AM_AF
3557	27396.0	45	JJ164	25v	2488	1	3672.0	1.0	AI	AI	729.0	1.0	0.0	729.0	1200.0	714.0	valide	valide_AI_AM_AF
3558	27396.0	45	JJ164	25v	2489	2	3673.0	3.0	AM	AM	40.0	2.0	1.0	40.0	1045.0	1318.0	valide	valide_AI_AM_AF
3559	27396.0	45	JJ164	25v	2490	3	3674.0	3.0	AM	AM	43.0	3.0	0.0	43.0	1199.0	1400.0	valide	valide_AI_AM_AF
3560	27396.0	45	JJ164	25v	2491	4	3675.0	3.0	AM	AM	47.0	4.0	1.0	47.0	1043.0	1313.0	valide	valide_AI_AM_AF
3561	27396.0	45	JJ164	25v	2492	5	3676.0	3.0	AM	AM	44.0	5.0	0.0	44.0	1199.0	1395.0	valide	valide_AI_AM_AF
3562	27396.0	45	JJ164	25v	2493	6	3677.0	2.0	AF	AF	37.0	6.0	2.0	37.0	1046.0	1326.0	valide	valide_AI_AM_AF
3563	27397.0	46	JJ164	28v	2494	1	3678.0	1.0	AI	AI	42.0	1.0	0.0	42.0	1199.0	1397.0	valide	valide_AI_AM_AF
3564	27397.0	46	JJ164	28v	2495	2	3679.0	3.0	AM	AM	46.0	2.0	0.0	46.0	1094.0	1306.0	valide	valide_AI_AM_AF
3565	27397.0	46	JJ164	28v	2496	3	3680.0	2.0	AF	AF	29.0	3.0	0.0	29.0	1200.0	583.0	valide	valide_AI_AM_AF
3566	27398.0	47	JJ164	29v	2496	1	3681.0	1.0	AI	AI	612.0	1.0	0.0	612.0	1199.0	834.0	valide	valide_AI_AM_AF
3567	27398.0	47	JJ164	29v	2497	2	3682.0	2.0	AF	AF	42.0	2.0	1.0	42.0	1162.0	552.0	valide	valide_AI_AM_AF
3568	27399.0	48	JJ164	30r	2497	1	3683.0	1.0	AI	AI	592.0	1.0	0.0	592.0	1069.0	745.0	valide	valide_AI_AM_AF
3569	27399.0	48	JJ164	30r	2498	2	3684.0	2.0	AF	AF	46.0	2.0	0.0	46.0	1200.0	595.0	valide	valide_AI_AM_AF
3570	27400.0	49	JJ164	30v	2498	1	3685.0	1.0	AI	AI	643.0	1.0	0.0	643.0	1199.0	801.0	valide	valide_AI_AM_AF
3571	27400.0	49	JJ164	30v	2499	2	3686.0	2.0	AF	AF	43.0	2.0	1.0	43.0	1139.0	569.0	valide	valide_AI_AM_AF
3572	27401.0	50	JJ164	31r	2499	1	3687.0	1.0	AI	AI	610.0	1.0	0.0	610.0	1075.0	730.0	valide	valide_AI_AM_AF
3573	27401.0	50	JJ164	31r	2500	2	3688.0	2.0	AF	AF	13.0	2.0	0.0	13.0	1199.0	529.0	valide	valide_AI_AM_AF
3574	27402.0	51	JJ164	31v	2500	1	3689.0	1.0	AI	AI	542.0	1.0	139.0	542.0	1060.0	875.0	valide	valide_AI_AM_AF
3575	27402.0	51	JJ164	31v	2501	2	3690.0	2.0	AF	AF	32.0	2.0	3.0	32.0	1172.0	475.0	valide	valide_AI_AM_AF
3576	27403.0	52	JJ164	32r	2501	1	3691.0	0.0	AC	AC	502.0	1.0	0.0	502.0	1089.0	854.0	valide	
3577	27404.0	53	JJ164	32v	2502	1	3692.0	0.0	AC	AC	38.0	1.0	0.0	38.0	1199.0	1380.0	valide	
3578	27406.0	54	JJ164	33r	2503	1	3693.0	0.0	AC	AC	13.0	1.0	0.0	13.0	1099.0	1078.0	valide	
3579	27407.0	54bis	JJ164	33r	2503	1	3694.0	1.0	AI	AI	1091.0	1.0	2.0	1091.0	1198.0	241.0	valide	valide_AI_AM_AF
3580	27407.0	54bis	JJ164	33r	2504	2	3695.0	2.0	AF	AF	2.0	2.0	0.0	2.0	1198.0	798.0	valide	valide_AI_AM_AF
3581	27408.0	55	JJ164	33v	2504	1	3696.0	1.0	AI	AI	797.0	1.0	0.0	797.0	1199.0	589.0	valide	valide_AI_AM_AF
3582	27408.0	55	JJ164	33v	2505	2	3697.0	2.0	AF	AF	13.0	2.0	1.0	13.0	1086.0	510.0	valide	valide_AI_AM_AF
3583	27409.0	56	JJ164	34r	2505	1	3698.0	1.0	AI	AI	522.0	1.0	0.0	522.0	1087.0	849.0	valide	valide_AI_AM_AF
3584	27409.0	56	JJ164	34r	2506	2	3699.0	2.0	AF	AF	14.0	2.0	1.0	14.0	1198.0	584.0	valide	valide_AI_AM_AF
3585	27410.0	57	JJ164	34v	2506	1	3700.0	1.0	AI	AI	595.0	1.0	0.0	595.0	1199.0	804.0	valide	valide_AI_AM_AF
3586	27410.0	57	JJ164	34v	2507	2	3701.0	2.0	AF	AF	8.0	2.0	1.0	8.0	1198.0	913.0	valide	valide_AI_AM_AF
3587	27411.0	58	JJ164	35r	2507	1	3702.0	1.0	AI	AI	918.0	1.0	0.0	918.0	1199.0	587.0	valide	valide_AI_AM_AF
3588	27411.0	58	JJ164	35r	2508	2	3703.0	2.0	AF	AF	11.0	2.0	0.0	11.0	1198.0	955.0	valide	valide_AI_AM_AF
3589	27412.0	59	JJ164	35v	2508	1	3704.0	1.0	AI	AI	964.0	1.0	0.0	964.0	1199.0	442.0	valide	valide_AI_AM_AF
3590	27412.0	59	JJ164	35v	2509	2	3705.0	2.0	AF	AF	32.0	2.0	1.0	32.0	1072.0	657.0	valide	valide_AI_AM_AF
3591	27413.0	60	JJ164	36r	2509	1	3706.0	0.0	AC	AC	688.0	1.0	1.0	688.0	1055.0	637.0	valide	
3592	27414.0	61	JJ164	36v	2510	1	3707.0	0.0	AC	AC	16.0	1.0	0.0	16.0	1199.0	1001.0	valide	
3593	27415.0	62	JJ164	36v	2510	1	3708.0	1.0	AI	AI	1008.0	1.0	0.0	1008.0	1198.0	410.0	valide	valide_AI_AM_AF
3594	27415.0	62	JJ164	36v	2511	2	3709.0	2.0	AF	AF	40.0	2.0	2.0	40.0	1046.0	1304.0	valide	valide_AI_AM_AF
3595	27416.0	63	JJ164	37v	2512	1	3710.0	1.0	AI	AI	29.0	1.0	157.0	29.0	1040.0	1389.0	valide	valide_AI_AM_AF
3596	27416.0	63	JJ164	37v	2513	2	3711.0	2.0	AF	AF	18.0	2.0	0.0	18.0	1089.0	573.0	valide	valide_AI_AM_AF
3597	27417.0	64	JJ164	38r	2513	1	3712.0	0.0	AC	AC	582.0	1.0	0.0	582.0	1085.0	749.0	valide	
3598	27418.0	65	JJ164	38v	2514	1	3713.0	0.0	AC	AC	12.0	1.0	0.0	12.0	1199.0	1407.0	valide	
3599	27419.0	66	JJ164	39r	2515	1	3714.0	1.0	AI	AI	42.0	1.0	1.0	42.0	1052.0	1319.0	valide	valide_AI_AM_AF
3600	27419.0	66	JJ164	39r	2516	2	3715.0	2.0	AF	AF	8.0	2.0	0.0	8.0	1198.0	1048.0	valide	valide_AI_AM_AF
3601	27420.0	67	JJ164	39v	2516	1	3716.0	1.0	AI	AI	1063.0	1.0	1.0	1063.0	1198.0	356.0	valide	valide_AI_AM_AF
3602	27420.0	67	JJ164	39v	2517	2	3717.0	2.0	AF	AF	35.0	2.0	1.0	35.0	1140.0	916.0	valide	valide_AI_AM_AF
3603	27421.0	68	JJ164	40r	2517	1	3718.0	1.0	AI	AI	944.0	1.0	1.0	944.0	1180.0	417.0	valide	valide_AI_AM_AF
3604	27421.0	68	JJ164	40r	2518	2	3719.0	2.0	AF	AF	32.0	2.0	0.0	32.0	1199.0	1386.0	valide	valide_AI_AM_AF
3605	27422.0	69	JJ164	41r	2519	1	3720.0	0.0	AC	AC	35.0	1.0	1.0	35.0	1048.0	754.0	valide	
3606	27423.0	70	JJ164	41r	2519	1	3721.0	1.0	AI	AI	787.0	1.0	2.0	787.0	1042.0	553.0	valide	valide_AI_AM_AF
3607	27423.0	70	JJ164	41r	2520	2	3722.0	2.0	AF	AF	26.0	2.0	0.0	26.0	1199.0	592.0	valide	valide_AI_AM_AF
3608	27424.0	71	JJ164	41v	2520	1	3723.0	1.0	AI	AI	618.0	1.0	114.0	618.0	1085.0	785.0	valide	valide_AI_AM_AF
3609	27424.0	71	JJ164	41v	2521	2	3724.0	2.0	AF	AF	6.0	2.0	0.0	6.0	1200.0	411.0	valide	valide_AI_AM_AF
3610	27425.0	72	JJ164	42r	2521	1	3725.0	1.0	AI	AI	416.0	1.0	0.0	416.0	1093.0	931.0	valide	valide_AI_AM_AF
3611	27425.0	72	JJ164	42r	2522	2	3726.0	2.0	AF	AF	5.0	2.0	4.0	5.0	1194.0	337.0	valide	valide_AI_AM_AF
3612	27426.0	73	JJ164	42v	2522	1	3727.0	1.0	AI	AI	343.0	1.0	109.0	343.0	1090.0	1073.0	valide	valide_AI_AM_AF
3613	27426.0	73	JJ164	42v	2523	2	3728.0	2.0	AF	AF	10.0	2.0	2.0	10.0	1197.0	763.0	valide	valide_AI_AM_AF
3614	27427.0	74	JJ164	43r	2523	1	3729.0	1.0	AI	AI	765.0	1.0	2.0	765.0	1115.0	563.0	valide	valide_AI_AM_AF
3615	27427.0	74	JJ164	43r	2524	2	3730.0	2.0	AF	AF	16.0	2.0	0.0	16.0	1199.0	1403.0	valide	valide_AI_AM_AF
3616	27428.0	75	JJ164	44r	2525	1	3731.0	0.0	AC	AC	40.0	1.0	0.0	40.0	1052.0	726.0	valide	
3617	27429.0	76	JJ164	44r	2525	1	3732.0	1.0	AI	AI	764.0	1.0	0.0	764.0	1080.0	558.0	valide	valide_AI_AM_AF
3618	27429.0	76	JJ164	44r	2526	2	3733.0	2.0	AF	AF	6.0	2.0	0.0	6.0	1199.0	790.0	valide	valide_AI_AM_AF
3619	27430.0	77	JJ164	44v	2526	1	3734.0	1.0	AI	AI	792.0	1.0	0.0	792.0	1199.0	621.0	valide	valide_AI_AM_AF
3620	27430.0	77	JJ164	44v	2527	2	3735.0	2.0	AF	AF	18.0	2.0	0.0	18.0	1052.0	894.0	valide	valide_AI_AM_AF
3621	27431.0	78	JJ164	45r	2527	1	3736.0	1.0	AI	AI	887.0	1.0	0.0	887.0	1070.0	444.0	valide	valide_AI_AM_AF
3622	27431.0	78	JJ164	45r	2528	2	3737.0	2.0	AF	AF	4.0	2.0	0.0	4.0	1199.0	993.0	valide	valide_AI_AM_AF
3623	27433.0	79	JJ164	45v	2528	1	3738.0	1.0	AI	AI	1000.0	1.0	0.0	1000.0	1199.0	418.0	valide	valide_AI_AM_AF
3624	27433.0	79	JJ164	45v	2529	2	3739.0	3.0	AM	AM	1.0	2.0	0.0	1.0	1059.0	1352.0	valide	valide_AI_AM_AF
3625	27433.0	79	JJ164	45v	2530	3	3740.0	2.0	AF	AF	1.0	3.0	9.0	1.0	1189.0	393.0	valide	valide_AI_AM_AF
3626	27435.0	70bis	JJ164	46v	2530	1	3741.0	0.0	AC	AC	394.0	1.0	0.0	394.0	1199.0	1022.0	valide	
3627	27436.0	71bis	JJ164	47r	2531	1	3742.0	0.0	AC	AC	4.0	1.0	0.0	4.0	1048.0	840.0	valide	
3628	27437.0	72bis	JJ164	47r	2531	1	3743.0	1.0	AI	AI	842.0	1.0	0.0	842.0	1099.0	480.0	valide	valide_AI_AM_AF
3629	27437.0	72bis	JJ164	47r	2532	2	3744.0	3.0	AM	AM	4.0	2.0	31.0	4.0	1168.0	1411.0	valide	valide_AI_AM_AF
3630	27437.0	72bis	JJ164	47r	2533	3	3745.0	2.0	AF	AF	0.0	3.0	2.0	0.0	1080.0	339.0	valide	valide_AI_AM_AF
3631	27438.0	73bis	JJ164	48r	2533	1	3746.0	0.0	AC	AC	337.0	1.0	0.0	337.0	1068.0	1001.0	valide	
3632	27439.0	74bis	JJ164	48v	2534	1	3747.0	0.0	AC	AC	12.0	1.0	0.0	12.0	1199.0	1404.0	valide	
3633	27440.0	75bis	JJ164	49r	2535	1	3748.0	0.0	AC	AC	3.0	1.0	1.0	3.0	1056.0	951.0	valide	
3634	27441.0	76bis	JJ164	49r	2535	1	3749.0	1.0	AI	AI	952.0	1.0	2.0	952.0	1049.0	373.0	valide	valide_AI_AM_AF
3635	27441.0	76bis	JJ164	49r	2536	2	3750.0	2.0	AF	AF	4.0	2.0	0.0	4.0	1198.0	1006.0	valide	valide_AI_AM_AF
3636	27442.0	77bis	JJ164	49v	2536	1	3751.0	1.0	AI	AI	1012.0	1.0	0.0	1012.0	1199.0	402.0	valide	valide_AI_AM_AF
3637	27442.0	77bis	JJ164	49v	2537	2	3752.0	2.0	AF	AF	3.0	2.0	2.0	3.0	1062.0	895.0	valide	valide_AI_AM_AF
3638	27443.0	78bis	JJ164	50r	2537	1	3753.0	1.0	AI	AI	896.0	1.0	1.0	896.0	1083.0	429.0	valide	valide_AI_AM_AF
3639	27443.0	78bis	JJ164	50r	2538	2	3754.0	3.0	AM	AM	5.0	2.0	149.0	5.0	1050.0	1408.0	valide	valide_AI_AM_AF
3640	27443.0	78bis	JJ164	50r	2539	3	3755.0	2.0	AF	AF	1.0	3.0	1.0	1.0	1194.0	333.0	valide	valide_AI_AM_AF
3641	27444.0	79bis	JJ164	51r	2539	1	3756.0	0.0	AC	AC	328.0	1.0	0.0	328.0	1101.0	1018.0	valide	
3642	27445.0	80	JJ164	51v	2540	1	3757.0	0.0	AC	AC	3.0	1.0	0.0	3.0	1200.0	1394.0	valide	
3643	27446.0	81	JJ164	52r	2541	1	3758.0	1.0	AI	AI	4.0	1.0	1.0	4.0	1045.0	1327.0	valide	valide_AI_AM_AF
3644	27446.0	81	JJ164	52r	2542	2	3759.0	2.0	AF	AF	1.0	2.0	4.0	1.0	1196.0	493.0	valide	valide_AI_AM_AF
3645	27447.0	82	JJ164	52v	2542	1	3760.0	1.0	AI	AI	493.0	1.0	0.0	493.0	1200.0	903.0	valide	valide_AI_AM_AF
3646	27447.0	82	JJ164	52v	2543	2	3761.0	2.0	AF	AF	1.0	2.0	2.0	1.0	1190.0	336.0	valide	valide_AI_AM_AF
3647	27447.1	83	JJ164	53r	2543	1	3762.0	0.0	AC	AC	334.0	1.0	0.0	334.0	1072.0	680.0	valide	
3648	27447.2	84	JJ164	53r	2543	1	3763.0	1.0	AI	AI	1008.0	1.0	1.0	1008.0	1122.0	317.0	valide	valide_AI_AM_AF
3649	27447.2	84	JJ164	53r	2544	2	3764.0	2.0	AF	AF	2.0	2.0	0.0	2.0	1200.0	622.0	valide	valide_AI_AM_AF
3650	27447.3	85	JJ164	53v	2544	1	3765.0	0.0	AC	AC	621.0	1.0	0.0	621.0	1200.0	785.0	valide	
3651	27447.4	86	JJ164	54r	2545	1	3766.0	0.0	AC	AC	6.0	1.0	1.0	6.0	1060.0	779.0	valide	
3652	27447.5	87	JJ164	54r	2545	1	3767.0	1.0	AI	AI	774.0	1.0	2.0	774.0	1102.0	551.0	valide	valide_AI_AM_AF
3653	27447.5	87	JJ164	54r	2546	2	3768.0	2.0	AF	AF	6.0	2.0	0.0	6.0	1200.0	1398.0	valide	valide_AI_AM_AF
3654	27447.6	88	JJ164	55r	2547	1	3769.0	1.0	AI	AI	9.0	1.0	0.0	9.0	1044.0	1341.0	valide	valide_AI_AM_AF
3655	27447.6	88	JJ164	55r	2548	2	3770.0	2.0	AF	AF	5.0	2.0	0.0	5.0	1200.0	324.0	valide	valide_AI_AM_AF
3656	27447.7	89	JJ164	55v	2548	1	3771.0	0.0	AC	AC	327.0	1.0	160.0	327.0	1040.0	1066.0	valide	
3657	27447.8	89bis	JJ164	56r	2549	1	3772.0	0.0	AC	AC	7.0	1.0	1.0	7.0	1076.0	1008.0	valide	
3658	27447.9	90	JJ164	56r	2549	1	3773.0	1.0	AI	AI	1007.0	1.0	1.0	1007.0	1171.0	324.0	valide	valide_AI_AM_AF
3659	27447.9	90	JJ164	56r	2550	2	3774.0	2.0	AF	AF	23.0	2.0	0.0	23.0	1200.0	1375.0	valide	valide_AI_AM_AF
3660	27447.11	91	JJ164	57r	2551	1	3775.0	1.0	AI	AI	9.0	1.0	1.0	9.0	1041.0	1349.0	valide	valide_AI_AM_AF
3661	27447.11	91	JJ164	57r	2552	2	3776.0	2.0	AF	AF	10.0	2.0	0.0	10.0	1200.0	826.0	valide	valide_AI_AM_AF
3662	27448.0	92	JJ164	57v	2552	1	3777.0	1.0	AI	AI	831.0	1.0	0.0	831.0	1200.0	539.0	valide	valide_AI_AM_AF
3663	27448.0	92	JJ164	57v	2553	2	3778.0	2.0	AF	AF	7.0	2.0	2.0	7.0	1082.0	831.0	valide	valide_AI_AM_AF
3664	27449.0	93	JJ164	58r	2553	1	3779.0	1.0	AI	AI	827.0	1.0	1.0	827.0	1149.0	509.0	valide	valide_AI_AM_AF
3665	27449.0	93	JJ164	58r	2554	2	3780.0	3.0	AM	AM	15.0	2.0	0.0	15.0	1200.0	1379.0	valide	valide_AI_AM_AF
3666	27449.0	93	JJ164	58r	2555	3	3781.0	2.0	AF	AF	11.0	3.0	2.0	11.0	1082.0	467.0	valide	valide_AI_AM_AF
3667	27450.0	94	JJ164	58r	2553	1											ancrage_sans_zone_initiale	
3668	27451.0	95	JJ164	59r	2555	1	3782.0	1.0	AI	AI	479.0	1.0	1.0	479.0	1036.0	881.0	valide	valide_AI_AM_AF
3669	27451.0	95	JJ164	59r	2556	2	3783.0	2.0	AF	AF	8.0	2.0	1.0	8.0	1199.0	334.0	valide	valide_AI_AM_AF
3670	27452.0	96	JJ164	59r	2555	1											ancrage_sans_zone_initiale	
3671	27453.0	97	JJ164	59r	2555	1											ancrage_sans_zone_initiale	
3672	27454.0	98	JJ164	59v	2556	1	3784.0	0.0	AC	AC	338.0	1.0	67.0	338.0	1133.0	1049.0	valide	
3673	27455.0	99	JJ164	60r	2557	1	3785.0	0.0	AC	AC	25.0	1.0	1.0	25.0	1040.0	1337.0	valide	
3674	27456.0	100	JJ164	60v	2558	1	3786.0	0.0	AC	AC	10.0	1.0	0.0	10.0	1200.0	1372.0	valide	
3675	27457.0	101	JJ164	61r	2559	1	3787.0	0.0	AC	AC	10.0	1.0	1.0	10.0	1044.0	1347.0	valide	
3676	27458.0	102	JJ164	61v	2560	1	3788.0	1.0	AI	AI	16.0	1.0	0.0	16.0	1200.0	1378.0	valide	valide_AI_AM_AF
3677	27458.0	102	JJ164	61v	2561	2	3789.0	2.0	AF	AF	5.0	2.0	2.0	5.0	1143.0	530.0	valide	valide_AI_AM_AF
3678	27459.0	103	JJ164	62r	2561	1	3790.0	1.0	AI	AI	519.0	1.0	1.0	519.0	1042.0	815.0	valide	valide_AI_AM_AF
3679	27459.0	103	JJ164	62r	2562	2	3791.0	2.0	AF	AF	4.0	2.0	0.0	4.0	1200.0	1009.0	valide	valide_AI_AM_AF
3680	27460.0	104	JJ164	62v	2562	1	3792.0	0.0	AC	AC	1006.0	1.0	0.0	1006.0	1200.0	396.0	valide	
3681	27461.0	105	JJ164	63r	2563	1	3793.0	0.0	AC	AC	16.0	1.0	0.0	16.0	1028.0	1348.0	valide	
3682	27462.0	106	JJ164	63v	2564	1	3794.0	0.0	AC	AC	11.0	1.0	0.0	11.0	1200.0	1029.0	valide	
3683	27463.0	107	JJ164	63v	2564	1	3795.0	1.0	AI	AI	1049.0	1.0	0.0	1049.0	1200.0	343.0	valide	valide_AI_AM_AF
3684	27463.0	107	JJ164	63v	2565	2	3796.0	2.0	AF	AF	10.0	2.0	2.0	10.0	1027.0	1324.0	valide	valide_AI_AM_AF
3685	27464.0	108	JJ164	64v	2566	1	3797.0	0.0	AC	AC	29.0	1.0	0.0	29.0	1200.0	1374.0	valide	
3686	27465.0	109	JJ164	65r	2567	1	3798.0	1.0	AI	AI	9.0	1.0	0.0	9.0	1022.0	1331.0	valide	valide_AI_AM_AF
3687	27465.0	109	JJ164	65r	2568	2	3799.0	2.0	AF	AF	12.0	2.0	0.0	12.0	1200.0	650.0	valide	valide_AI_AM_AF
3688	27466.0	110	JJ164	65v	2568	1	3800.0	1.0	AI	AI	659.0	1.0	0.0	659.0	1200.0	712.0	valide	valide_AI_AM_AF
3689	27466.0	110	JJ164	65v	2569	2	3801.0	2.0	AF	AF	9.0	2.0	0.0	9.0	1043.0	561.0	valide	valide_AI_AM_AF
3690	27467.0	111	JJ164	66r	2569	1	3802.0	1.0	AI	AI	570.0	1.0	0.0	570.0	1020.0	741.0	valide	valide_AI_AM_AF
3691	27467.0	111	JJ164	66r	2570	2	3803.0	2.0	AF	AF	16.0	2.0	0.0	16.0	1200.0	587.0	valide	valide_AI_AM_AF
3692	27468.0	112	JJ164	66v	2570	1	3804.0	1.0	AI	AI	601.0	1.0	34.0	601.0	1166.0	763.0	valide	valide_AI_AM_AF
3693	27468.0	112	JJ164	66v	2571	2	3805.0	2.0	AF	AF	4.0	2.0	0.0	4.0	1198.0	570.0	valide	valide_AI_AM_AF
3694	27469.0	113	JJ164	67r	2571	1	3806.0	0.0	AC	AC	571.0	1.0	1.0	571.0	1041.0	735.0	valide	
3695	27470.0	114	JJ164	67v	2572	1	3807.0	1.0	AI	AI	11.0	1.0	0.0	11.0	1200.0	1380.0	valide	valide_AI_AM_AF
3696	27470.0	114	JJ164	67v	2573	2	3808.0	2.0	AF	AF	4.0	2.0	2.0	4.0	1177.0	305.0	valide	valide_AI_AM_AF
3697	27471.0	115	JJ164	68r	2573	1	3809.0	0.0	AC	AC	305.0	1.0	0.0	305.0	1033.0	607.0	valide	
3698	27472.0	116	JJ164	68r	2573	1	3810.0	1.0	AI	AI	907.0	1.0	0.0	907.0	1040.0	395.0	valide	valide_AI_AM_AF
3699	27472.0	116	JJ164	68r	2574	2	3811.0	2.0	AF	AF	7.0	2.0	0.0	7.0	1200.0	950.0	valide	valide_AI_AM_AF
3700	27473.0	117	JJ164	68v	2574	1	3812.0	1.0	AI	AI	956.0	1.0	1.0	956.0	1198.0	392.0	valide	valide_AI_AM_AF
3701	27473.0	117	JJ164	68v	2575	2	3813.0	2.0	AF	AF	8.0	2.0	0.0	8.0	1036.0	641.0	valide	valide_AI_AM_AF
3702	27474.0	118	JJ164	69r	2575	1	3814.0	1.0	AI	AI	647.0	1.0	1.0	647.0	1021.0	655.0	valide	valide_AI_AM_AF
3703	27474.0	118	JJ164	69r	2576	2	3815.0	2.0	AF	AF	6.0	2.0	0.0	6.0	1200.0	826.0	valide	valide_AI_AM_AF
3704	27475.0	119	JJ164	69v	2576	1	3816.0	0.0	AC	AC	801.0	1.0	181.0	801.0	1010.0	47.0	valide	
3705	27476.0	120	JJ164	69v	2576	1	3817.0	1.0	AI	AI	847.0	1.0	0.0	847.0	1199.0	509.0	valide	valide_AI_AM_AF
3706	27476.0	120	JJ164	69v	2577	2	3818.0	3.0	AM	AM	8.0	2.0	0.0	8.0	1020.0	1307.0	valide	valide_AI_AM_AF
3707	27476.0	120	JJ164	69v	2578	3	3819.0	2.0	AF	AF	2.0	3.0	0.0	2.0	1200.0	316.0	valide	valide_AI_AM_AF
3708	27477.0	121	JJ164	70v	2578	1	3820.0	0.0	AC	AC	315.0	1.0	59.0	315.0	1141.0	1078.0	valide	
3709	27478.0	122	JJ164	71r	2579	1	3821.0	1.0	AI	AI	7.0	1.0	1.0	7.0	1087.0	1322.0	valide	valide_AI_AM_AF
3710	27478.0	122	JJ164	71r	2580	2	3822.0	2.0	AF	AF	16.0	2.0	0.0	16.0	1199.0	584.0	valide	valide_AI_AM_AF
3711	27479.0	123	JJ164	71v	2580	1	3823.0	1.0	AI	AI	599.0	1.0	13.0	599.0	1187.0	762.0	valide	valide_AI_AM_AF
3712	27479.0	123	JJ164	71v	2581	2	3824.0	2.0	AF	AF	2.0	2.0	0.0	2.0	1199.0	728.0	valide	valide_AI_AM_AF
3713	27480.0	124	JJ164	72r	2581	1	3825.0	1.0	AI	AI	725.0	1.0	1.0	725.0	1194.0	576.0	valide	valide_AI_AM_AF
3714	27480.0	124	JJ164	72r	2582	2	3826.0	2.0	AF	AF	3.0	2.0	0.0	3.0	1200.0	361.0	valide	valide_AI_AM_AF
3715	27481.0	125	JJ164	72v	2582	1	3827.0	1.0	AI	AI	364.0	1.0	0.0	364.0	1200.0	1025.0	valide	valide_AI_AM_AF
3716	27481.0	125	JJ164	72v	2583	2	3828.0	2.0	AF	AF	2.0	2.0	0.0	2.0	1198.0	232.0	valide	valide_AI_AM_AF
3717	27482.0	126	JJ164	73r	2583	1	3829.0	1.0	AI	AI	225.0	1.0	0.0	225.0	1054.0	1109.0	valide	valide_AI_AM_AF
3718	27482.0	126	JJ164	73r	2584	2	3830.0	2.0	AF	AF	2.0	2.0	0.0	2.0	1200.0	313.0	valide	valide_AI_AM_AF
3719	27483.0	127	JJ164	73v	2584	1	3831.0	1.0	AI	AI	313.0	1.0	0.0	313.0	1200.0	1076.0	valide	valide_AI_AM_AF
3720	27483.0	127	JJ164	73v	2585	2	3832.0	2.0	AF	AF	9.0	2.0	1.0	9.0	1147.0	400.0	valide	valide_AI_AM_AF
3721	27484.0	128	JJ164	74r	2585	1	3833.0	1.0	AI	AI	408.0	1.0	0.0	408.0	1030.0	930.0	valide	valide_AI_AM_AF
3722	27484.0	128	JJ164	74r	2586	2	3834.0	2.0	AF	AF	8.0	2.0	4.0	8.0	1196.0	530.0	valide	valide_AI_AM_AF
3723	27485.0	129	JJ164	74v	2586	1	3835.0	1.0	AI	AI	538.0	1.0	0.0	538.0	1200.0	835.0	valide	valide_AI_AM_AF
3724	27485.0	129	JJ164	74v	2587	2	3836.0	2.0	AF	AF	8.0	2.0	2.0	8.0	1170.0	464.0	valide	valide_AI_AM_AF
3725	27486.0	130	JJ164	75r	2587	1	3837.0	1.0	AI	AI	471.0	1.0	0.0	471.0	1015.0	869.0	valide	valide_AI_AM_AF
3726	27486.0	130	JJ164	75r	2588	2	3838.0	2.0	AF	AF	16.0	2.0	0.0	16.0	1200.0	758.0	valide	valide_AI_AM_AF
3727	27487.0	131	JJ164	75v	2588	1	3839.0	0.0	AC	AC	743.0	1.0	190.0	743.0	986.0	55.0	valide	
3728	27488.0	132	JJ164	75v	2588	1	3840.0	1.0	AI	AI	792.0	1.0	2.0	792.0	1198.0	562.0	valide	valide_AI_AM_AF
3729	27488.0	132	JJ164	75v	2589	2	3841.0	2.0	AF	AF	3.0	2.0	2.0	3.0	1190.0	324.0	valide	valide_AI_AM_AF
3730	27489.0	133	JJ164	76r	2589	1	3842.0	0.0	AC	AC	325.0	1.0	0.0	325.0	1092.0	658.0	valide	
3731	27490.0	134	JJ164	76r	2589	1	3843.0	1.0	AI	AI	982.0	1.0	0.0	982.0	1194.0	314.0	valide	valide_AI_AM_AF
3732	27490.0	134	JJ164	76r	2590	2	3844.0	2.0	AF	AF	7.0	2.0	0.0	7.0	1200.0	1382.0	valide	valide_AI_AM_AF
3733	27491.0	135	JJ164	77r	2591	1	3845.0	1.0	AI	AI	7.0	1.0	1.0	7.0	1099.0	1322.0	valide	valide_AI_AM_AF
3734	27491.0	135	JJ164	77r	2592	2	3846.0	2.0	AF	AF	5.0	2.0	0.0	5.0	1200.0	366.0	valide	valide_AI_AM_AF
3735	27492.0	136	JJ164	77v	2592	1	3847.0	1.0	AI	AI	370.0	1.0	0.0	370.0	1200.0	1015.0	valide	valide_AI_AM_AF
3736	27492.0	136	JJ164	77v	2593	2	3848.0	3.0	AM	AM	8.0	2.0	0.0	8.0	1050.0	1325.0	valide	valide_AI_AM_AF
3737	27492.0	136	JJ164	77v	2594	3	3849.0	3.0	AM	AM	18.0	3.0	28.0	18.0	1172.0	1361.0	valide	valide_AI_AM_AF
3738	27492.0	136	JJ164	77v	2595	4	3850.0	3.0	AM	AM	7.0	4.0	0.0	7.0	1163.0	1321.0	valide	valide_AI_AM_AF
3739	27492.0	136	JJ164	77v	2596	5	3851.0	2.0	AF	AF	11.0	5.0	2.0	11.0	1198.0	809.0	valide	valide_AI_AM_AF
3740	27494.0	138	JJ164	79v	2596	1	3852.0	1.0	AI	AI	821.0	1.0	0.0	821.0	1200.0	540.0	valide	valide_AI_AM_AF
3741	27494.0	138	JJ164	79v	2597	2	3853.0	2.0	AF	AF	8.0	2.0	0.0	8.0	1030.0	1322.0	valide	valide_AI_AM_AF
3742	27495.0	139	JJ164	80v	2598	1	3854.0	0.0	AC	AC	25.0	1.0	20.0	25.0	1180.0	1368.0	valide	
3743	27496.0	140	JJ164	81r	2599	1	3855.0	0.0	AC	AC	39.0	1.0	0.0	39.0	1095.0	1279.0	valide	
3744	27497.0	141	JJ164	81v	2600	1	3856.0	1.0	AI	AI	18.0	1.0	164.0	18.0	1036.0	1366.0	valide	valide_AI_AM_AF
3745	27497.0	141	JJ164	81v	2601	2	3857.0	2.0	AF	AF	4.0	2.0	1.0	4.0	1195.0	259.0	valide	valide_AI_AM_AF
3746	27498.0	142	JJ164	82r	2601	1	3858.0	0.0	AC	AC	258.0	1.0	0.0	258.0	1071.0	1071.0	valide	
3747	27499.0	143	JJ164	82v	2602	1	3859.0	0.0	AC	AC	18.0	1.0	35.0	18.0	1165.0	659.0	valide	
3748	27500.0	144	JJ164	82v	2602	1	3860.0	1.0	AI	AI	677.0	1.0	2.0	677.0	1198.0	686.0	valide	valide_AI_AM_AF
3749	27500.0	144	JJ164	82v	2603	2	3861.0	2.0	AF	AF	27.0	2.0	0.0	27.0	1170.0	486.0	valide	valide_AI_AM_AF
3750	27501.0	145	JJ164	83r	2603	1	3862.0	1.0	AI	AI	482.0	1.0	1.0	482.0	1038.0	827.0	valide	valide_AI_AM_AF
3751	27501.0	145	JJ164	83r	2604	2	3863.0	2.0	AF	AF	9.0	2.0	85.0	9.0	1115.0	897.0	valide	valide_AI_AM_AF
3752	27502.0	146	JJ164	83v	2604	1	3864.0	1.0	AI	AI	904.0	1.0	28.0	904.0	1171.0	457.0	valide	valide_AI_AM_AF
3753	27502.0	146	JJ164	83v	2605	2	3865.0	2.0	AF	AF	31.0	2.0	1.0	31.0	1096.0	819.0	valide	valide_AI_AM_AF
3754	27503.0	147	JJ164	84r	2605	1	3866.0	1.0	AI	AI	833.0	1.0	0.0	833.0	1141.0	481.0	valide	valide_AI_AM_AF
3755	27503.0	147	JJ164	84r	2606	2	3867.0	2.0	AF	AF	3.0	2.0	198.0	3.0	1001.0	643.0	valide	valide_AI_AM_AF
3756	27504.0	148	JJ164	84v	2606	1	3868.0	0.0	AC	AC	646.0	1.0	199.0	646.0	1001.0	743.0	valide	
3757	27505.0	149	JJ164	85r	2607	1	3869.0	1.0	AI	AI	36.0	1.0	0.0	36.0	1109.0	1300.0	valide	valide_AI_AM_AF
3758	27505.0	149	JJ164	85r	2608	2	3870.0	2.0	AF	AF	9.0	2.0	201.0	9.0	999.0	1378.0	valide	valide_AI_AM_AF
3759	27506.0	150	JJ164	86r	2609	1	3871.0	1.0	AI	AI	28.0	1.0	0.0	28.0	1044.0	1306.0	valide	valide_AI_AM_AF
3760	27506.0	150	JJ164	86r	2610	2	3872.0	2.0	AF	AF	3.0	2.0	17.0	3.0	1183.0	357.0	valide	valide_AI_AM_AF
3761	27507.0	151	JJ164	86v	2610	1	3873.0	1.0	AI	AI	360.0	1.0	211.0	360.0	989.0	1031.0	valide	valide_AI_AM_AF
3762	27507.0	151	JJ164	86v	2611	2	3874.0	2.0	AF	AF	32.0	2.0	1.0	32.0	1174.0	460.0	valide	valide_AI_AM_AF
3763	27508.0	152	JJ164	87r	2611	1	3875.0	1.0	AI	AI	490.0	1.0	0.0	490.0	1049.0	848.0	valide	valide_AI_AM_AF
3764	27508.0	152	JJ164	87r	2612	2	3876.0	2.0	AF	AF	5.0	2.0	3.0	5.0	1197.0	306.0	valide	valide_AI_AM_AF
3765	27509.0	153	JJ164	87v	2612	1	3877.0	0.0	AC	AC	309.0	1.0	203.0	309.0	997.0	634.0	valide	
3766	27510.0	154	JJ164	87v	2612	1	3878.0	1.0	AI	AI	941.0	1.0	165.0	941.0	1035.0	449.0	valide	valide_AI_AM_AF
3767	27510.0	154	JJ164	87v	2613	2	3879.0	2.0	AF	AF	31.0	2.0	0.0	31.0	1076.0	511.0	valide	valide_AI_AM_AF
3768	27511.0	155	JJ164	88r	2613	1	3880.0	1.0	AI	AI	537.0	1.0	0.0	537.0	1087.0	805.0	valide	valide_AI_AM_AF
3769	27511.0	155	JJ164	88r	2614	2	3881.0	2.0	AF	AF	5.0	2.0	2.0	5.0	1198.0	380.0	valide	valide_AI_AM_AF
3770	27512.0	156	JJ164	88v	2614	1	3882.0	1.0	AI	AI	383.0	1.0	185.0	383.0	1015.0	1007.0	valide	valide_AI_AM_AF
3771	27512.0	156	JJ164	88v	2615	2	3883.0	2.0	AF	AF	2.0	2.0	0.0	2.0	1200.0	335.0	valide	valide_AI_AM_AF
3772	27513.0	157	JJ164	89r	2615	1	3884.0	0.0	AC	AC	332.0	1.0	1.0	332.0	1092.0	1027.0	valide	
3773	27514.0	158	JJ164	89v	2616	1	3885.0	0.0	AC	AC	3.0	1.0	196.0	3.0	1004.0	951.0	valide	
3774	27515.0	159	JJ164	89v	2616	1	3886.0	1.0	AI	AI	952.0	1.0	171.0	952.0	1029.0	447.0	valide	valide_AI_AM_AF
3775	27515.0	159	JJ164	89v	2617	2	3887.0	2.0	AF	AF	20.0	2.0	0.0	20.0	1084.0	805.0	valide	valide_AI_AM_AF
3776	27516.0	160	JJ164	90r	2617	1	3888.0	1.0	AI	AI	822.0	1.0	0.0	822.0	1198.0	554.0	valide	valide_AI_AM_AF
3777	27516.0	160	JJ164	90r	2618	2	3889.0	2.0	AF	AF	59.0	2.0	214.0	59.0	986.0	614.0	valide	valide_AI_AM_AF
3778	27517.0	161	JJ164	90v	2618	1	3890.0	1.0	AI	AI	673.0	1.0	185.0	673.0	1015.0	615.0	valide	valide_AI_AM_AF
3779	27517.0	161	JJ164	90v	2619	2	3891.0	2.0	AF	AF	37.0	2.0	0.0	37.0	990.0	640.0	valide	valide_AI_AM_AF
3780	27518.0	162	JJ164	91r	2619	1	3892.0	1.0	AI	AI	677.0	1.0	0.0	677.0	990.0	621.0	valide	valide_AI_AM_AF
3781	27518.0	162	JJ164	91r	2620	2	3893.0	2.0	AF	AF	5.0	2.0	178.0	5.0	1020.0	914.0	valide	valide_AI_AM_AF
3782	27519.0	163	JJ164	91v	2620	1	3894.0	1.0	AI	AI	919.0	1.0	0.0	919.0	1197.0	436.0	valide	valide_AI_AM_AF
3783	27519.0	163	JJ164	91v	2621	2	3895.0	2.0	AF	AF	3.0	2.0	0.0	3.0	1200.0	840.0	valide	valide_AI_AM_AF
3784	27520.0	164	JJ164	92r	2621	1	3896.0	1.0	AI	AI	835.0	1.0	0.0	835.0	1019.0	543.0	valide	valide_AI_AM_AF
3785	27520.0	164	JJ164	92r	2622	2	3897.0	2.0	AF	AF	7.0	2.0	8.0	7.0	1190.0	460.0	valide	valide_AI_AM_AF
3786	27521.0	165	JJ164	92v	2622	1	3898.0	0.0	AC	AC	465.0	1.0	0.0	465.0	1198.0	910.0	valide	
3787	27522.0	166	JJ164	93r	2623	1	3899.0	0.0	AC	AC	11.0	1.0	0.0	11.0	1085.0	1360.0	valide	
3788	27523.0	167	JJ164	93v	2624	1	3900.0	0.0	AC	AC	14.0	1.0	7.0	14.0	1191.0	949.0	valide	
3789	27524.0	168	JJ164	93v	2624	1	3901.0	1.0	AI	AI	964.0	1.0	59.0	964.0	1139.0	367.0	valide	valide_AI_AM_AF
3790	27524.0	168	JJ164	93v	2625	2	3902.0	2.0	AF	AF	5.0	2.0	1.0	5.0	1060.0	1375.0	valide	valide_AI_AM_AF
3791	27525.0	169	JJ164	94v	2626	1	3903.0	0.0	AC	AC	25.0	1.0	177.0	25.0	1021.0	1341.0	valide	
3792	27526.0	170	JJ164	95r	2627	1	3904.0	1.0	AI	AI	8.0	1.0	1.0	8.0	1028.0	1374.0	valide	valide_AI_AM_AF
3793	27526.0	170	JJ164	95r	2628	2	3905.0	2.0	AF	AF	2.0	2.0	0.0	2.0	1199.0	523.0	valide	valide_AI_AM_AF
3794	27527.0	171	JJ164	95v	2628	1	3906.0	1.0	AI	AI	521.0	1.0	146.0	521.0	1052.0	821.0	valide	valide_AI_AM_AF
3795	27527.0	171	JJ164	95v	2629	2	3907.0	2.0	AF	AF	5.0	2.0	1.0	5.0	1199.0	810.0	valide	valide_AI_AM_AF
3796	27528.0	172	JJ164	96r	2629	1	3908.0	1.0	AI	AI	774.0	1.0	1.0	774.0	1162.0	566.0	valide	valide_AI_AM_AF
3797	27528.0	172	JJ164	96r	2630	2	3909.0	2.0	AF	AF	3.0	2.0	0.0	3.0	1198.0	956.0	valide	valide_AI_AM_AF
3798	27529.0	173	JJ164	96v	2630	1	3910.0	1.0	AI	AI	953.0	1.0	0.0	953.0	1198.0	376.0	valide	valide_AI_AM_AF
3799	27529.0	173	JJ164	96v	2631	2	3911.0	2.0	AF	AF	6.0	2.0	1.0	6.0	1199.0	649.0	valide	valide_AI_AM_AF
3800	27530.0	174	JJ164	97r	2631	1	3912.0	1.0	AI	AI	648.0	1.0	0.0	648.0	1092.0	701.0	valide	valide_AI_AM_AF
3801	27530.0	174	JJ164	97r	2632	2	3913.0	2.0	AF	AF	3.0	2.0	0.0	3.0	1198.0	537.0	valide	valide_AI_AM_AF
3802	27531.0	175	JJ164	97v	2632	1	3914.0	1.0	AI	AI	538.0	1.0	198.0	538.0	1000.0	814.0	valide	valide_AI_AM_AF
3803	27531.0	175	JJ164	97v	2633	2	3915.0	2.0	AF	AF	9.0	2.0	0.0	9.0	1102.0	598.0	valide	valide_AI_AM_AF
3804	27532.0	176	JJ164	98r	2633	1	3916.0	1.0	AI	AI	602.0	1.0	0.0	602.0	1107.0	738.0	valide	valide_AI_AM_AF
3805	27532.0	176	JJ164	98r	2634	2	3917.0	2.0	AF	AF	6.0	2.0	0.0	6.0	1199.0	429.0	valide	valide_AI_AM_AF
3806	27533.0	177	JJ164	98v	2634	1	3918.0	0.0	AC	AC	434.0	1.0	197.0	434.0	1001.0	929.0	valide	
3807	27534.0	178	JJ164	99r	2635	1	3919.0	0.0	AC	AC	11.0	1.0	1.0	11.0	1107.0	952.0	valide	
3808	27535.0	179	JJ164	99r	2635	1	3920.0	1.0	AI	AI	957.0	1.0	0.0	957.0	1163.0	390.0	valide	valide_AI_AM_AF
3809	27535.0	179	JJ164	99r	2636	2	3921.0	2.0	AF	AF	8.0	2.0	192.0	8.0	1006.0	1355.0	valide	valide_AI_AM_AF
3810	27536.0	180	JJ164	100r	2637	1	3922.0	0.0	AC	AC	46.0	1.0	0.0	46.0	1062.0	1337.0	valide	
3811	27537.0	181	JJ164	100v	2638	1	3925.0	0.0	AC	AC	621.0	1.0	0.0	621.0	1197.0	711.0	valide	
3812	27538.0	182	JJ164	101r	2639	1	3926.0	0.0	AC	AC	10.0	1.0	0.0	10.0	1169.0	1093.0	valide	
3813	27539.0	183	JJ164	101r	2639	1	3927.0	0.0	AC	AC	1098.0	1.0	2.0	1098.0	1198.0	246.0	valide	
3814	27540.0	184	JJ164	101v	2640	1	3930.0	1.0	AI	AI	780.0	1.0	0.0	780.0	1198.0	555.0	valide	valide_AI_AM_AF
3815	27540.0	184	JJ164	101v	2641	2	3931.0	2.0	AF	AF	17.0	2.0	0.0	17.0	1108.0	695.0	valide	valide_AI_AM_AF
3816	27541.0	185	JJ164	102r	2641	1	3932.0	1.0	AI	AI	709.0	1.0	0.0	709.0	1109.0	635.0	valide	valide_AI_AM_AF
3817	27541.0	185	JJ164	102r	2642	2	3933.0	2.0	AF	AF	12.0	2.0	1.0	12.0	1198.0	539.0	valide	valide_AI_AM_AF
3818	27542.0	186	JJ164	102v	2642	1	3934.0	1.0	AI	AI	548.0	1.0	22.0	548.0	1176.0	781.0	valide	valide_AI_AM_AF
3819	27542.0	186	JJ164	102v	2643	2	3935.0	2.0	AF	AF	2.0	2.0	0.0	2.0	1200.0	575.0	valide	valide_AI_AM_AF
3820	27543.0	187	JJ164	103r	2643	1	3936.0	0.0	AC	AC	578.0	1.0	1.0	578.0	1055.0	526.0	valide	
3821	27544.0	188	JJ164	103r	2643	1	3937.0	1.0	AI	AI	1100.0	1.0	1.0	1100.0	1199.0	245.0	valide	valide_AI_AM_AF
3822	27544.0	188	JJ164	103r	2644	2	3938.0	2.0	AF	AF	8.0	2.0	0.0	8.0	1198.0	932.0	valide	valide_AI_AM_AF
3823	27545.0	189	JJ164	103v	2644	1	3939.0	1.0	AI	AI	932.0	1.0	0.0	932.0	1199.0	392.0	valide	valide_AI_AM_AF
3824	27545.0	189	JJ164	103v	2645	2	3940.0	2.0	AF	AF	3.0	2.0	0.0	3.0	1200.0	997.0	valide	valide_AI_AM_AF
3825	27546.0	190	JJ164	104r	2645	1	3941.0	1.0	AI	AI	1002.0	1.0	0.0	1002.0	1191.0	339.0	valide	valide_AI_AM_AF
3826	27546.0	190	JJ164	104r	2646	2	3942.0	2.0	AF	AF	9.0	2.0	72.0	9.0	1128.0	983.0	valide	valide_AI_AM_AF
3827	27547.0	191	JJ164	104v	2646	1	3943.0	1.0	AI	AI	986.0	1.0	0.0	986.0	1200.0	324.0	valide	valide_AI_AM_AF
3828	27547.0	191	JJ164	104v	2647	2	3944.0	2.0	AF	AF	8.0	2.0	0.0	8.0	1200.0	936.0	valide	valide_AI_AM_AF
3829	27548.0	192	JJ164	105r	2647	1	3945.0	1.0	AI	AI	941.0	1.0	0.0	941.0	1048.0	398.0	valide	valide_AI_AM_AF
3830	27548.0	192	JJ164	105r	2648	2	3946.0	2.0	AF	AF	2.0	2.0	132.0	2.0	1068.0	708.0	valide	valide_AI_AM_AF
3831	27549.0	193	JJ164	105v	2648	1	3947.0	1.0	AI	AI	710.0	1.0	28.0	710.0	1172.0	605.0	valide	valide_AI_AM_AF
3832	27549.0	193	JJ164	105v	2649	2	3948.0	2.0	AF	AF	7.0	2.0	2.0	7.0	1184.0	460.0	valide	valide_AI_AM_AF
3833	27550.0	194	JJ164	106r	2649	1	3949.0	1.0	AI	AI	466.0	1.0	1.0	466.0	1074.0	876.0	valide	valide_AI_AM_AF
3834	27550.0	194	JJ164	106r	2650	2	3950.0	2.0	AF	AF	10.0	2.0	1.0	10.0	1197.0	476.0	valide	valide_AI_AM_AF
3835	27551.0	195	JJ164	106v	2650	1	3951.0	1.0	AI	AI	484.0	1.0	205.0	484.0	995.0	859.0	valide	valide_AI_AM_AF
3836	27551.0	195	JJ164	106v	2651	2	3952.0	2.0	AF	AF	2.0	2.0	0.0	2.0	1200.0	356.0	valide	valide_AI_AM_AF
3837	27552.0	196	JJ164	107r	2651	1	3953.0	0.0	AC	AC	356.0	1.0	1.0	356.0	1071.0	604.0	valide	
3838	27553.0	197	JJ164	107r	2651	1	3954.0	1.0	AI	AI	950.0	1.0	0.0	950.0	1066.0	389.0	valide	valide_AI_AM_AF
3839	27553.0	197	JJ164	107r	2652	2	3955.0	2.0	AF	AF	1.0	2.0	0.0	1.0	1200.0	501.0	valide	valide_AI_AM_AF
3840	27554.0	198	JJ164	107v	2652	1	3956.0	1.0	AI	AI	501.0	1.0	198.0	501.0	1001.0	846.0	valide	valide_AI_AM_AF
3841	27554.0	198	JJ164	107v	2653	2	3957.0	2.0	AF	AF	1.0	2.0	1.0	1.0	1199.0	877.0	valide	valide_AI_AM_AF
3842	27555.0	199	JJ164	108r	2653	1	3958.0	1.0	AI	AI	874.0	1.0	1.0	874.0	1168.0	466.0	valide	valide_AI_AM_AF
3843	27555.0	199	JJ164	108r	2654	2	3959.0	2.0	AF	AF	2.0	2.0	0.0	2.0	1200.0	1345.0	valide	valide_AI_AM_AF
3844	27556.0	200	JJ164	109r	2655	1	3960.0	0.0	AC	AC	8.0	1.0	1.0	8.0	1159.0	1344.0	valide	
3845	27557.0	201	JJ164	109v	2656	1	3961.0	0.0	AC	AC	17.0	1.0	142.0	17.0	1058.0	732.0	valide	
3846	27558.0	202	JJ164	109v	2656	1	3962.0	1.0	AI	AI	747.0	1.0	183.0	747.0	1015.0	590.0	valide	valide_AI_AM_AF
3847	27558.0	202	JJ164	109v	2657	2	3963.0	2.0	AF	AF	3.0	2.0	1.0	3.0	1174.0	507.0	valide	valide_AI_AM_AF
3848	27559.0	203	JJ164	110r	2657	1	3964.0	1.0	AI	AI	506.0	1.0	0.0	506.0	1100.0	843.0	valide	valide_AI_AM_AF
3849	27559.0	203	JJ164	110r	2658	2	3965.0	2.0	AF	AF	16.0	2.0	42.0	16.0	1158.0	584.0	valide	valide_AI_AM_AF
3850	27560.0	204	JJ164	110v	2658	1	3966.0	1.0	AI	AI	600.0	1.0	200.0	600.0	1000.0	734.0	valide	valide_AI_AM_AF
3851	27560.0	204	JJ164	110v	2659	2	3967.0	2.0	AF	AF	2.0	2.0	1.0	2.0	1199.0	760.0	valide	valide_AI_AM_AF
3852	27561.0	205	JJ164	111r	2659	1	3968.0	1.0	AI	AI	747.0	1.0	1.0	747.0	1101.0	595.0	valide	valide_AI_AM_AF
3853	27561.0	205	JJ164	111r	2660	2	3969.0	2.0	AF	AF	2.0	2.0	9.0	2.0	1190.0	367.0	valide	valide_AI_AM_AF
3854	27562.0	206	JJ164	111v	2660	1	3970.0	1.0	AI	AI	367.0	1.0	203.0	367.0	997.0	973.0	valide	valide_AI_AM_AF
3855	27562.0	206	JJ164	111v	2661	2	3971.0	2.0	AF	AF	11.0	2.0	2.0	11.0	1145.0	440.0	valide	valide_AI_AM_AF
3856	27563.0	207	JJ164	112r	2661	1	3972.0	0.0	AC	AC	446.0	1.0	1.0	446.0	1105.0	499.0	valide	
3857	27564.0	208	JJ164	112r	2661	1	3973.0	1.0	AI	AI	945.0	1.0	2.0	945.0	1134.0	398.0	valide	valide_AI_AM_AF
3858	27564.0	208	JJ164	112r	2662	2	3974.0	2.0	AF	AF	6.0	2.0	0.0	6.0	1200.0	881.0	valide	valide_AI_AM_AF
3859	27565.0	209	JJ164	112v	2662	1	3975.0	1.0	AI	AI	885.0	1.0	106.0	885.0	1094.0	426.0	valide	valide_AI_AM_AF
3860	27565.0	209	JJ164	112v	2663	2	3976.0	2.0	AF	AF	4.0	2.0	0.0	4.0	1089.0	789.0	valide	valide_AI_AM_AF
3861	27566.0	210	JJ164	113r	2663	1	3977.0	1.0	AI	AI	784.0	1.0	1.0	784.0	1006.0	561.0	valide	valide_AI_AM_AF
3862	27566.0	210	JJ164	113r	2664	2	3978.0	2.0	AF	AF	6.0	2.0	42.0	6.0	1158.0	550.0	valide	valide_AI_AM_AF
3863	27567.0	211	JJ164	113v	2664	1	3979.0	0.0	AC	AC	496.0	1.0	186.0	496.0	937.0	60.0	valide	
3864	27568.0	212	JJ164	113v	2664	1	3980.0	1.0	AI	AI	558.0	1.0	191.0	558.0	1009.0	763.0	valide	valide_AI_AM_AF
3865	27568.0	212	JJ164	113v	2665	2	3981.0	2.0	AF	AF	3.0	2.0	1.0	3.0	1094.0	532.0	valide	valide_AI_AM_AF
3866	27569.0	213	JJ164	114r	2665	1	3982.0	0.0	AC	AC	533.0	1.0	1.0	533.0	1106.0	825.0	valide	
3867	27570.0	214	JJ164	114v	2666	1	3983.0	0.0	AC	AC	6.0	1.0	0.0	6.0	1200.0	1325.0	valide	
3868	27571.0	215	JJ164	115r	2667	1	3984.0	0.0	AC	AC	5.0	1.0	0.0	5.0	1115.0	851.0	valide	
3869	27572.0	216	JJ164	115r	2667	1	3985.0	1.0	AI	AI	847.0	1.0	1.0	847.0	1157.0	499.0	valide	valide_AI_AM_AF
3870	27572.0	216	JJ164	115r	2668	2	3986.0	2.0	AF	AF	3.0	2.0	13.0	3.0	1187.0	466.0	valide	valide_AI_AM_AF
3871	27573.0	217	JJ164	115v	2668	1	3987.0	1.0	AI	AI	468.0	1.0	180.0	468.0	1020.0	877.0	valide	valide_AI_AM_AF
3872	27573.0	217	JJ164	115v	2669	2	3988.0	2.0	AF	AF	2.0	2.0	1.0	2.0	1124.0	471.0	valide	valide_AI_AM_AF
3873	27574.0	218	JJ164	116r	2669	1	3989.0	0.0	AC	AC	470.0	1.0	0.0	470.0	1106.0	888.0	valide	
3874	27575.0	219	JJ164	116v	2670	1	3990.0	0.0	AC	AC	8.0	1.0	1.0	8.0	1199.0	1341.0	valide	
3875	27576.0	220	JJ164	117r	2671	1	3991.0	0.0	AC	AC	39.0	1.0	1.0	39.0	1167.0	1342.0	valide	
3876	27577.0	221	JJ164	117v	2672	1	3992.0	1.0	AI	AI	24.0	1.0	4.0	24.0	1196.0	1323.0	valide	valide_AI_AM_AF
3877	27577.0	221	JJ164	117v	2673	2	3993.0	2.0	AF	AF	18.0	2.0	1.0	18.0	1189.0	486.0	valide	valide_AI_AM_AF
3878	27578.0	222	JJ164	118r	2673	1	3994.0	1.0	AI	AI	493.0	1.0	0.0	493.0	1111.0	870.0	valide	valide_AI_AM_AF
3879	27578.0	222	JJ164	118r	2674	2	3995.0	2.0	AF	AF	7.0	2.0	12.0	7.0	1188.0	477.0	valide	valide_AI_AM_AF
3880	27579.0	223	JJ164	118v	2674	1	3996.0	1.0	AI	AI	484.0	1.0	0.0	484.0	1200.0	856.0	valide	valide_AI_AM_AF
3881	27579.0	223	JJ164	118v	2675	2	3997.0	2.0	AF	AF	13.0	2.0	0.0	13.0	1119.0	651.0	valide	valide_AI_AM_AF
3882	27580.0	224	JJ164	119r	2675	1	3998.0	1.0	AI	AI	663.0	1.0	1.0	663.0	1151.0	709.0	valide	valide_AI_AM_AF
3883	27580.0	224	JJ164	119r	2676	2	3999.0	2.0	AF	AF	3.0	2.0	3.0	3.0	1197.0	917.0	valide	valide_AI_AM_AF
3884	27581.0	225	JJ164	119v	2676	1	4000.0	1.0	AI	AI	930.0	1.0	5.0	930.0	1195.0	409.0	valide	valide_AI_AM_AF
3885	27581.0	225	JJ164	119v	2677	2	4001.0	2.0	AF	AF	5.0	2.0	0.0	5.0	1092.0	1375.0	valide	valide_AI_AM_AF
3886	27582.0	226	JJ164	120v	2678	1	4002.0	0.0	AC	AC	11.0	1.0	5.0	11.0	1195.0	1333.0	valide	
3887	27583.0	227	JJ164	121r	2679	1	4003.0	1.0	AI	AI	7.0	1.0	0.0	7.0	1098.0	1377.0	valide	valide_AI_AM_AF
3888	27583.0	227	JJ164	121r	2680	2	4004.0	2.0	AF	AF	60.0	2.0	239.0	60.0	961.0	568.0	valide	valide_AI_AM_AF
3889	27584.0	228	JJ164	121v	2680	1	4005.0	1.0	AI	AI	641.0	1.0	240.0	641.0	942.0	576.0	valide	valide_AI_AM_AF
3890	27584.0	228	JJ164	121v	2681	2	4006.0	3.0	AM	AM	4.0	2.0	0.0	4.0	1109.0	1379.0	valide	valide_AI_AM_AF
3891	27584.0	228	JJ164	121v	2682	3	4007.0	2.0	AF	AF	6.0	3.0	40.0	6.0	1160.0	681.0	valide	valide_AI_AM_AF
3892	27585.0	229	JJ164	122v	2682	1	4008.0	1.0	AI	AI	686.0	1.0	45.0	686.0	1155.0	604.0	valide	valide_AI_AM_AF
3893	27585.0	229	JJ164	122v	2683	2	4009.0	2.0	AF	AF	1.0	2.0	1.0	1.0	1133.0	1381.0	valide	valide_AI_AM_AF
3894	27586.0	230	JJ164	123v	2684	1	4010.0	1.0	AI	AI	5.0	1.0	187.0	5.0	1013.0	1296.0	valide	valide_AI_AM_AF
3895	27586.0	230	JJ164	123v	2685	2	4011.0	2.0	AF	AF	2.0	2.0	1.0	2.0	1193.0	397.0	valide	valide_AI_AM_AF
3896	27587.0	231	JJ164	124r	2685	1	4012.0	1.0	AI	AI	399.0	1.0	1.0	399.0	1173.0	987.0	valide	valide_AI_AM_AF
3897	27587.0	231	JJ164	124r	2686	2	4013.0	2.0	AF	AF	3.0	2.0	195.0	3.0	1005.0	1293.0	valide	valide_AI_AM_AF
3898	27588.0	232	JJ164	125r	2687	1	4014.0	1.0	AI	AI	12.0	1.0	0.0	12.0	1129.0	1365.0	valide	valide_AI_AM_AF
3899	27588.0	232	JJ164	125r	2688	2	4015.0	2.0	AF	AF	5.0	2.0	23.0	5.0	1177.0	810.0	valide	valide_AI_AM_AF
3900	27589.0	233	JJ164	125v	2688	1	4016.0	1.0	AI	AI	810.0	1.0	5.0	810.0	1195.0	481.0	valide	valide_AI_AM_AF
3901	27589.0	233	JJ164	125v	2689	2	4017.0	2.0	AF	AF	8.0	2.0	3.0	8.0	1196.0	912.0	valide	valide_AI_AM_AF
3902	27590.0	234	JJ164	126r	2689	1	4018.0	1.0	AI	AI	1021.0	1.0	0.0	1021.0	1198.0	320.0	valide	valide_AI_AM_AF
3903	27590.0	234	JJ164	126r	2690	2	4019.0	3.0	AM	AM	5.0	2.0	199.0	5.0	1001.0	1298.0	valide	valide_AI_AM_AF
3904	27590.0	234	JJ164	126r	2691	3	4020.0	3.0	AM	AM	18.0	3.0	0.0	18.0	1112.0	1362.0	valide	valide_AI_AM_AF
3905	27590.0	234	JJ164	126r	2692	4	4021.0	3.0	AM	AM	10.0	4.0	169.0	10.0	1031.0	1317.0	valide	valide_AI_AM_AF
3906	27590.0	234	JJ164	126r	2693	5	4022.0	3.0	AM	AM	13.0	5.0	0.0	13.0	1120.0	1361.0	valide	valide_AI_AM_AF
3907	27590.0	234	JJ164	126r	2694	6	4023.0	2.0	AF	AF	3.0	6.0	200.0	3.0	999.0	1319.0	valide	valide_AI_AM_AF
3908	27591.0	235	JJ164	129r	2695	1	4024.0	1.0	AI	AI	13.0	1.0	1.0	13.0	1113.0	1370.0	valide	valide_AI_AM_AF
3909	27591.0	235	JJ164	129r	2696	2	4025.0	2.0	AF	AF	6.0	2.0	5.0	6.0	1194.0	464.0	valide	valide_AI_AM_AF
3910	27592.0	236	JJ164	129v	2696	1	4026.0	1.0	AI	AI	465.0	1.0	205.0	465.0	994.0	839.0	valide	valide_AI_AM_AF
3911	27592.0	236	JJ164	129v	2697	2	4027.0	2.0	AF	AF	5.0	2.0	2.0	5.0	1197.0	572.0	valide	valide_AI_AM_AF
3912	27593.0	237	JJ164	130r	2697	1	4028.0	1.0	AI	AI	542.0	1.0	0.0	542.0	1117.0	839.0	valide	valide_AI_AM_AF
3913	27593.0	237	JJ164	130r	2698	2	4029.0	2.0	AF	AF	1.0	2.0	1.0	1.0	1199.0	368.0	valide	valide_AI_AM_AF
3914	27594.0	238	JJ164	130v	2698	1	4030.0	1.0	AI	AI	358.0	1.0	205.0	358.0	993.0	936.0	valide	valide_AI_AM_AF
3915	27594.0	238	JJ164	130v	2699	2	4031.0	2.0	AF	AF	2.0	2.0	0.0	2.0	1200.0	329.0	valide	valide_AI_AM_AF
3916	27595.0	239	JJ164	131r	2699	1	4032.0	1.0	AI	AI	329.0	1.0	2.0	329.0	1078.0	1044.0	valide	valide_AI_AM_AF
3917	27595.0	239	JJ164	131r	2700	2	4033.0	2.0	AF	AF	1.0	2.0	1.0	1.0	1198.0	322.0	valide	valide_AI_AM_AF
3918	27596.0	240	JJ164	131v	2700	1	4034.0	1.0	AI	AI	323.0	1.0	205.0	323.0	994.0	968.0	valide	valide_AI_AM_AF
3919	27596.0	240	JJ164	131v	2701	2	4035.0	2.0	AF	AF	4.0	2.0	2.0	4.0	1181.0	387.0	valide	valide_AI_AM_AF
3920	27597.0	241	JJ164	132r	2701	1	4036.0	1.0	AI	AI	391.0	1.0	1.0	391.0	1105.0	978.0	valide	valide_AI_AM_AF
3921	27597.0	241	JJ164	132r	2702	2	4037.0	2.0	AF	AF	0.0	2.0	10.0	0.0	1189.0	358.0	valide	valide_AI_AM_AF
3922	27598.0	242	JJ164	132v	2702	1	4038.0	0.0	AC	AC	356.0	1.0	197.0	356.0	1002.0	937.0	valide	
3923	27599.0	243	JJ164	133r	2703	1	4039.0	1.0	AI	AI	9.0	1.0	1.0	9.0	1090.0	1373.0	valide	valide_AI_AM_AF
3924	27599.0	243	JJ164	133r	2704	2	4040.0	2.0	AF	AF	1.0	2.0	17.0	1.0	1182.0	681.0	valide	valide_AI_AM_AF
3925	27600.0	244	JJ164	133v	2704	1	4041.0	0.0	AC	AC	678.0	1.0	133.0	678.0	1066.0	612.0	valide	
3926	27601.0	245	JJ164	134r	2705	1	4042.0	0.0	AC	AC	8.0	1.0	1.0	8.0	1170.0	1373.0	valide	
3927	27602.0	246	JJ164	134v	2706	1	4043.0	0.0	AC	AC	2.0	1.0	62.0	2.0	1138.0	1301.0	valide	
3928	27603.0	247	JJ164	135r	2707	1	4044.0	1.0	AI	AI	3.0	1.0	1.0	3.0	1059.0	1379.0	valide	valide_AI_AM_AF
3929	27603.0	247	JJ164	135r	2708	2	4045.0	2.0	AF	AF	0.0	2.0	0.0	0.0	1199.0	297.0	valide	valide_AI_AM_AF
3930	27604.0	248	JJ164	135v	2708	1	4046.0	1.0	AI	AI	292.0	1.0	211.0	292.0	988.0	1007.0	valide	valide_AI_AM_AF
3931	27604.0	248	JJ164	135v	2709	2	4047.0	2.0	AF	AF	3.0	2.0	0.0	3.0	1109.0	627.0	valide	valide_AI_AM_AF
3932	27605.0	249	JJ164	136r	2709	1	4048.0	1.0	AI	AI	630.0	1.0	0.0	630.0	1105.0	756.0	valide	valide_AI_AM_AF
3933	27605.0	249	JJ164	136r	2710	2	4049.0	2.0	AF	AF	1.0	2.0	6.0	1.0	1194.0	334.0	valide	valide_AI_AM_AF
3934	27606.0	250	JJ164	136v	2710	1	4050.0	0.0	AC	AC	331.0	1.0	198.0	331.0	1001.0	656.0	valide	
3935	27607.0	251	JJ164	136v	2710	1	4051.0	1.0	AI	AI	986.0	1.0	2.0	986.0	1197.0	301.0	valide	valide_AI_AM_AF
3936	27607.0	251	JJ164	136v	2711	2	4052.0	2.0	AF	AF	6.0	2.0	2.0	6.0	1106.0	969.0	valide	valide_AI_AM_AF
3937	27608.0	252	JJ164	137r	2711	1	4053.0	1.0	AI	AI	976.0	1.0	0.0	976.0	1198.0	389.0	valide	valide_AI_AM_AF
3938	27608.0	252	JJ164	137r	2712	2	4054.0	2.0	AF	AF	7.0	2.0	166.0	7.0	1033.0	1307.0	valide	valide_AI_AM_AF
3939	27609.0	253	JJ164	138r	2713	1	4055.0	0.0	AC	AC	15.0	1.0	0.0	15.0	1127.0	1361.0	valide	
3940	27610.0	254	JJ164	138v	2714	1	4056.0	0.0	AC	AC	12.0	1.0	11.0	12.0	1188.0	830.0	valide	
3941	27611.0	255	JJ164	138v	2714	1	4057.0	1.0	AI	AI	842.0	1.0	21.0	842.0	1178.0	447.0	valide	valide_AI_AM_AF
3942	27611.0	255	JJ164	138v	2715	2	4058.0	2.0	AF	AF	5.0	2.0	1.0	5.0	1139.0	933.0	valide	valide_AI_AM_AF
3943	27612.0	256	JJ164	139r	2715	1	4059.0	1.0	AI	AI	933.0	1.0	4.0	933.0	1195.0	435.0	valide	valide_AI_AM_AF
3944	27612.0	256	JJ164	139r	2716	2	4060.0	2.0	AF	AF	3.0	2.0	6.0	3.0	1193.0	688.0	valide	valide_AI_AM_AF
3945	27613.0	257	JJ164	139v	2716	1	4061.0	1.0	AI	AI	690.0	1.0	33.0	690.0	1167.0	601.0	valide	valide_AI_AM_AF
3946	27613.0	257	JJ164	139v	2717	2	4062.0	2.0	AF	AF	1.0	2.0	0.0	1.0	1199.0	964.0	valide	valide_AI_AM_AF
3947	27614.0	258	JJ164	140r	2717	1	4063.0	1.0	AI	AI	965.0	1.0	1.0	965.0	1198.0	842.0	valide	valide_AI_AM_AF
3948	27614.0	258	JJ164	140r	2718	2	4064.0	2.0	AF	AF	2.0	2.0	0.0	2.0	1199.0	933.0	valide	valide_AI_AM_AF
3949	27615.0	259	JJ164	140v	2718	1	4065.0	1.0	AI	AI	805.0	1.0	0.0	805.0	1198.0	1001.0	valide	valide_AI_AM_AF
3950	27615.0	259	JJ164	140v	2719	2	4066.0	3.0	AM	AM	2.0	2.0	1.0	2.0	1199.0	1741.0	valide	valide_AI_AM_AF
3951	27615.0	259	JJ164	140v	2720	3	4067.0	2.0	AF	AF	2.0	3.0	0.0	2.0	1198.0	450.0	valide	valide_AI_AM_AF
3952	27616.0	260	JJ164	141v	2720	1	4068.0	0.0	AC	AC	456.0	1.0	0.0	456.0	1198.0	1141.0	valide	
3953	27617.0	261	JJ164	141v	2720	1	4069.0	0.0	AC	AC	1525.0	1.0	0.0	1525.0	878.0	181.0	valide	
3954	27618.0	262	JJ164	142r	2721	1	4070.0	0.0	AC	AC	4.0	1.0	2.0	4.0	1067.0	1378.0	valide	
3955	27619.0	263	JJ164	142v	2722	1	4071.0	0.0	AC	AC	6.0	1.0	9.0	6.0	1191.0	837.0	valide	
3956	27620.0	264	JJ164	142v	2722	1	4072.0	1.0	AI	AI	842.0	1.0	4.0	842.0	1196.0	448.0	valide	valide_AI_AM_AF
3957	27620.0	264	JJ164	142v	2723	2	4073.0	2.0	AF	AF	1.0	2.0	0.0	1.0	1100.0	807.0	valide	valide_AI_AM_AF
3958	27621.0	265	JJ164	143r	2723	1	4074.0	1.0	AI	AI	810.0	1.0	2.0	810.0	1137.0	550.0	valide	valide_AI_AM_AF
3959	27621.0	265	JJ164	143r	2724	2	4075.0	2.0	AF	AF	5.0	2.0	6.0	5.0	1193.0	926.0	valide	valide_AI_AM_AF
3960	27622.0	266	JJ164	143v	2724	1	4076.0	1.0	AI	AI	932.0	1.0	91.0	932.0	1109.0	358.0	valide	valide_AI_AM_AF
3961	27622.0	266	JJ164	143v	2725	2	4077.0	2.0	AF	AF	0.0	2.0	0.0	0.0	1088.0	798.0	valide	valide_AI_AM_AF
3962	27623.0	267	JJ164	144r	2725	1	4078.0	1.0	AI	AI	788.0	1.0	2.0	788.0	1138.0	557.0	valide	valide_AI_AM_AF
3963	27623.0	267	JJ164	144r	2726	2	4079.0	2.0	AF	AF	1.0	2.0	0.0	1.0	1200.0	293.0	valide	valide_AI_AM_AF
3964	27624.0	268	JJ164	144v	2726	1	4080.0	0.0	AC	AC	294.0	1.0	183.0	294.0	1017.0	523.0	valide	
3965	27625.0	269	JJ164	144v	2726	1	4081.0	1.0	AI	AI	817.0	1.0	18.0	817.0	1182.0	472.0	valide	valide_AI_AM_AF
3966	27625.0	269	JJ164	144v	2727	2	4082.0	2.0	AF	AF	1.0	2.0	0.0	1.0	1199.0	270.0	valide	valide_AI_AM_AF
3967	27626.0	270	JJ164	145r	2727	1	4083.0	0.0	AC	AC	271.0	1.0	0.0	271.0	1117.0	1093.0	valide	
3968	27627.0	271	JJ164	145v	2728	1	4084.0	0.0	AC	AC	7.0	1.0	13.0	7.0	1187.0	983.0	valide	
3969	27628.0	272	JJ164	145v	2728	1	4085.0	0.0	AC	AC	990.0	1.0	2.0	990.0	1197.0	297.0	valide	
3970	27629.0	273	JJ164	146r	2729	1	4086.0	0.0	AC	AC	4.0	1.0	0.0	4.0	1117.0	630.0	valide	
3971	27630.0	274	JJ164	146r	2729	1	4087.0	1.0	AI	AI	635.0	1.0	0.0	635.0	1153.0	721.0	valide	valide_AI_AM_AF
3972	27630.0	274	JJ164	146r	2730	2	4088.0	2.0	AF	AF	2.0	2.0	43.0	2.0	1157.0	742.0	valide	valide_AI_AM_AF
3973	27631.0	275	JJ164	146v	2730	1	4089.0	1.0	AI	AI	742.0	1.0	12.0	742.0	1188.0	546.0	valide	valide_AI_AM_AF
3974	27631.0	275	JJ164	146v	2731	2	4090.0	2.0	AF	AF	2.0	2.0	1.0	2.0	1077.0	437.0	valide	valide_AI_AM_AF
3975	27632.0	276	JJ164	147r	2731	1	4091.0	1.0	AI	AI	439.0	1.0	0.0	439.0	1067.0	942.0	valide	valide_AI_AM_AF
3976	27632.0	276	JJ164	147r	2732	2	4092.0	2.0	AF	AF	1.0	2.0	4.0	1.0	1196.0	301.0	valide	valide_AI_AM_AF
3977	27633.0	277	JJ164	147v	2732	1	4093.0	1.0	AI	AI	295.0	1.0	148.0	295.0	1051.0	998.0	valide	valide_AI_AM_AF
3978	27633.0	277	JJ164	147v	2733	2	4094.0	2.0	AF	AF	5.0	2.0	0.0	5.0	1117.0	661.0	valide	valide_AI_AM_AF
3979	27634.0	278	JJ164	148r	2733	1	4095.0	1.0	AI	AI	664.0	1.0	0.0	664.0	1072.0	698.0	valide	valide_AI_AM_AF
3980	27634.0	278	JJ164	148r	2734	2	4096.0	2.0	AF	AF	4.0	2.0	0.0	4.0	1200.0	406.0	valide	valide_AI_AM_AF
3981	27635.0	279	JJ164	148v	2734	1	4097.0	0.0	AC	AC	405.0	1.0	0.0	405.0	1200.0	889.0	valide	
3982	27636.0	280	JJ164	149r	2735	1	4098.0	0.0	AC	AC	4.0	1.0	0.0	4.0	1179.0	1001.0	valide	
3983	27637.0	281	JJ164	149r	2735	1	4099.0	1.0	AI	AI	991.0	1.0	1.0	991.0	1198.0	368.0	valide	valide_AI_AM_AF
3984	27637.0	281	JJ164	149r	2736	2	4100.0	2.0	AF	AF	16.0	2.0	0.0	16.0	1198.0	1291.0	valide	valide_AI_AM_AF
3985	27638.0	282	JJ164	150r	2737	1	4101.0	0.0	AC	AC	4.0	1.0	0.0	4.0	1069.0	750.0	valide	
3986	27639.0	283	JJ164	150r	2737	1	4102.0	1.0	AI	AI	751.0	1.0	0.0	751.0	1068.0	621.0	valide	valide_AI_AM_AF
3987	27639.0	283	JJ164	150r	2738	2	4103.0	2.0	AF	AF	17.0	2.0	2.0	17.0	1196.0	773.0	valide	valide_AI_AM_AF
3988	27640.0	284	JJ164	150v	2738	1	4104.0	1.0	AI	AI	789.0	1.0	0.0	789.0	1198.0	501.0	valide	valide_AI_AM_AF
3989	27640.0	284	JJ164	150v	2739	2	4105.0	2.0	AF	AF	1.0	2.0	1.0	1.0	1058.0	746.0	valide	valide_AI_AM_AF
3990	27642.0	286	JJ164	151r	2739	1	4106.0	1.0	AI	AI	750.0	1.0	6.0	750.0	1062.0	652.0	valide	valide_AI_AM_AF
3991	27642.0	286	JJ164	151r	2740	2	4107.0	2.0	AF	AF	16.0	2.0	0.0	16.0	1198.0	589.0	valide	valide_AI_AM_AF
3992	27643.0	287	JJ164	151v	2740	1	4108.0	1.0	AI	AI	605.0	1.0	0.0	605.0	1198.0	681.0	valide	valide_AI_AM_AF
3993	27643.0	287	JJ164	151v	2741	2	4109.0	2.0	AF	AF	0.0	2.0	0.0	0.0	1046.0	318.0	valide	valide_AI_AM_AF
3994	27644.0	288	JJ164	152r	2741	1	4110.0	0.0	AC	AC	318.0	1.0	5.0	318.0	1061.0	667.0	valide	
3995	27645.0	289	JJ164	152r	2741	1	4111.0	1.0	AI	AI	984.0	1.0	2.0	984.0	1082.0	393.0	valide	valide_AI_AM_AF
3996	27645.0	289	JJ164	152r	2742	2	4112.0	2.0	AF	AF	17.0	2.0	0.0	17.0	1198.0	813.0	valide	valide_AI_AM_AF
3997	27646.0	290	JJ164	152v	2742	1	4113.0	1.0	AI	AI	824.0	1.0	21.0	824.0	1177.0	461.0	valide	valide_AI_AM_AF
3998	27646.0	290	JJ164	152v	2743	2	4114.0	2.0	AF	AF	3.0	2.0	1.0	3.0	1084.0	522.0	valide	valide_AI_AM_AF
3999	27647.0	291	JJ164	153r	2743	1	4115.0	1.0	AI	AI	523.0	1.0	0.0	523.0	1062.0	882.0	valide	valide_AI_AM_AF
4000	27647.0	291	JJ164	153r	2744	2	4116.0	2.0	AF	AF	18.0	2.0	73.0	18.0	1125.0	499.0	valide	valide_AI_AM_AF
4001	27648.0	292	JJ164	153v	2744	1	4117.0	0.0	AC	AC	512.0	1.0	181.0	512.0	1017.0	785.0	valide	
4002	27649.0	293	JJ164	154r	2745	1	4118.0	0.0	AC	AC	7.0	1.0	0.0	7.0	1077.0	1398.0	valide	
4003	27650.0	294	JJ164	154v	2746	1	4119.0	0.0	AC	AC	33.0	1.0	0.0	33.0	1199.0	1272.0	valide	
4004	27651.0	295	JJ164	155r	2747	1	4120.0	0.0	AC	AC	6.0	1.0	0.0	6.0	1094.0	810.0	valide	
4005	27652.0	296	JJ164	155r	2747	1	4121.0	0.0	AC	AC	761.0	1.0	4.0	761.0	931.0	77.0	valide	
4006	27653.0	297	JJ164	155r	2747	1	4122.0	1.0	AI	AI	831.0	1.0	0.0	831.0	1191.0	567.0	valide	valide_AI_AM_AF
4007	27653.0	297	JJ164	155r	2748	2	4123.0	2.0	AF	AF	14.0	2.0	1.0	14.0	1197.0	894.0	valide	valide_AI_AM_AF
4008	27654.0	298	JJ164	155v	2748	1	4124.0	1.0	AI	AI	901.0	1.0	0.0	901.0	1199.0	385.0	valide	valide_AI_AM_AF
4009	27654.0	298	JJ164	155v	2749	2	4125.0	2.0	AF	AF	4.0	2.0	0.0	4.0	1148.0	880.0	valide	valide_AI_AM_AF
4010	27655.0	299	JJ164	156r	2749	1	4126.0	1.0	AI	AI	878.0	1.0	0.0	878.0	1195.0	526.0	valide	valide_AI_AM_AF
4011	27655.0	299	JJ164	156r	2750	2	4127.0	2.0	AF	AF	11.0	2.0	10.0	11.0	1188.0	1295.0	valide	valide_AI_AM_AF
4012	27656.0	300	JJ164	156r	2749	1											ancrage_sans_zone_initiale	
4013	27657.0	301	JJ164	157r	2751	1	4128.0	1.0	AI	AI	5.0	1.0	0.0	5.0	1118.0	1404.0	valide	valide_AI_AM_AF
4014	27657.0	301	JJ164	157r	2752	2	4129.0	2.0	AF	AF	13.0	2.0	0.0	13.0	1198.0	539.0	valide	valide_AI_AM_AF
4015	27658.0	302	JJ164	157v	2752	1	4130.0	0.0	AC	AC	547.0	1.0	0.0	547.0	1198.0	743.0	valide	
4016	27659.0	303	JJ164	158r	2753	1	4131.0	0.0	AC	AC	8.0	1.0	0.0	8.0	1091.0	1405.0	valide	
4017	27660.0	304	JJ164	158v	2754	1	4132.0	1.0	AI	AI	35.0	1.0	24.0	35.0	1174.0	1285.0	valide	valide_AI_AM_AF
4018	27660.0	304	JJ164	158v	2755	2	4133.0	2.0	AF	AF	7.0	2.0	0.0	7.0	1186.0	796.0	valide	valide_AI_AM_AF
4019	27661.0	305	JJ164	159r	2755	1	4134.0	1.0	AI	AI	756.0	1.0	0.0	756.0	1157.0	651.0	valide	valide_AI_AM_AF
4020	27661.0	305	JJ164	159r	2756	2	4135.0	2.0	AF	AF	14.0	2.0	12.0	14.0	1186.0	864.0	valide	valide_AI_AM_AF
4021	27662.0	306	JJ164	159v	2756	1	4136.0	1.0	AI	AI	876.0	1.0	121.0	876.0	1077.0	410.0	valide	valide_AI_AM_AF
4022	27662.0	306	JJ164	159v	2757	2	4137.0	2.0	AF	AF	9.0	2.0	0.0	9.0	1189.0	714.0	valide	valide_AI_AM_AF
4023	27663.0	307	JJ164	160r	2757	1	4138.0	1.0	AI	AI	716.0	1.0	0.0	716.0	1079.0	676.0	valide	valide_AI_AM_AF
4024	27663.0	307	JJ164	160r	2758	2	4139.0	2.0	AF	AF	14.0	2.0	8.0	14.0	1190.0	868.0	valide	valide_AI_AM_AF
4025	27664.0	308	JJ164	160v	2758	1	4140.0	1.0	AI	AI	883.0	1.0	0.0	883.0	1198.0	402.0	valide	valide_AI_AM_AF
4026	27664.0	308	JJ164	160v	2759	2	4141.0	2.0	AF	AF	10.0	2.0	0.0	10.0	1181.0	1401.0	valide	valide_AI_AM_AF
4027	27665.0	309	JJ164	161v	2760	1	4142.0	0.0	AC	AC	35.0	1.0	139.0	35.0	1059.0	868.0	valide	
4028	27666.0	310	JJ164	161v	2760	1	4143.0	1.0	AI	AI	902.0	1.0	37.0	902.0	1161.0	385.0	valide	valide_AI_AM_AF
4029	27666.0	310	JJ164	161v	2761	2	4144.0	2.0	AF	AF	5.0	2.0	0.0	5.0	1197.0	1023.0	valide	valide_AI_AM_AF
4030	27667.0	311	JJ164	162r	2761	1	4145.0	1.0	AI	AI	1023.0	1.0	0.0	1023.0	1198.0	392.0	valide	valide_AI_AM_AF
4031	27667.0	311	JJ164	162r	2762	2	4146.0	2.0	AF	AF	21.0	2.0	62.0	21.0	1136.0	595.0	valide	valide_AI_AM_AF
4032	27668.0	312	JJ164	162v	2762	1	4147.0	1.0	AI	AI	614.0	1.0	105.0	614.0	1093.0	686.0	valide	valide_AI_AM_AF
4033	27668.0	312	JJ164	162v	2763	2	4148.0	2.0	AF	AF	6.0	2.0	0.0	6.0	1195.0	487.0	valide	valide_AI_AM_AF
4034	27669.0	313	JJ164	163r	2763	1	4149.0	1.0	AI	AI	493.0	1.0	0.0	493.0	1180.0	919.0	valide	valide_AI_AM_AF
4035	27669.0	313	JJ164	163r	2764	2	4150.0	2.0	AF	AF	12.0	2.0	118.0	12.0	1080.0	1001.0	valide	valide_AI_AM_AF
4036	27670.0	314	JJ164	163v	2764	1	4151.0	1.0	AI	AI	1021.0	1.0	0.0	1021.0	1199.0	269.0	valide	valide_AI_AM_AF
4037	27670.0	314	JJ164	163v	2765	2	4152.0	2.0	AF	AF	3.0	2.0	0.0	3.0	1194.0	1079.0	valide	valide_AI_AM_AF
4038	27671.0	315	JJ164	164r	2765	1	4153.0	1.0	AI	AI	1086.0	1.0	1.0	1086.0	1194.0	311.0	valide	valide_AI_AM_AF
4039	27671.0	315	JJ164	164r	2766	2	4154.0	2.0	AF	AF	8.0	2.0	11.0	8.0	1188.0	698.0	valide	valide_AI_AM_AF
4040	27672.0	316	JJ164	164v	2766	1	4155.0	1.0	AI	AI	705.0	1.0	11.0	705.0	1187.0	589.0	valide	valide_AI_AM_AF
4041	27672.0	316	JJ164	164v	2767	2	4156.0	2.0	AF	AF	2.0	2.0	0.0	2.0	1195.0	1413.0	valide	valide_AI_AM_AF
4042	27673.0	317	JJ164	165v	2768	1	4157.0	0.0	AC	AC	14.0	1.0	176.0	14.0	1023.0	1312.0	valide	
4043	27674.0	318	JJ164	166r	2769	1	4158.0	1.0	AI	AI	7.0	1.0	0.0	7.0	1175.0	1405.0	valide	valide_AI_AM_AF
4044	27674.0	318	JJ164	166r	2770	2	4159.0	3.0	AM	AM	7.0	2.0	178.0	7.0	1020.0	1316.0	valide	valide_AI_AM_AF
4045	27674.0	318	JJ164	166r	2771	3	4160.0	3.0	AM	AM	7.0	3.0	0.0	7.0	1131.0	1404.0	valide	valide_AI_AM_AF
4046	27674.0	318	JJ164	166r	2772	4	4161.0	2.0	AF	AF	6.0	4.0	154.0	6.0	1045.0	937.0	valide	valide_AI_AM_AF
4047	27675.0	319	JJ164	167v	2772	1	4162.0	1.0	AI	AI	930.0	1.0	0.0	930.0	1198.0	360.0	valide	valide_AI_AM_AF
4048	27675.0	319	JJ164	167v	2773	2	4163.0	2.0	AF	AF	5.0	2.0	0.0	5.0	1188.0	1411.0	valide	valide_AI_AM_AF
4049	27676.0	320	JJ164	168v	2774	1	4164.0	1.0	AI	AI	10.0	1.0	63.0	10.0	1136.0	1310.0	valide	valide_AI_AM_AF
4050	27676.0	320	JJ164	168v	2775	2	4165.0	2.0	AF	AF	6.0	2.0	0.0	6.0	1195.0	773.0	valide	valide_AI_AM_AF
4051	27677.0	321	JJ164	169r	2775	1	4166.0	1.0	AI	AI	778.0	1.0	0.0	778.0	1186.0	621.0	valide	valide_AI_AM_AF
4052	27677.0	321	JJ164	169r	2776	2	4167.0	2.0	AF	AF	7.0	2.0	139.0	7.0	1059.0	762.0	valide	valide_AI_AM_AF
4053	27678.0	322	JJ164	169v	2776	1	4168.0	1.0	AI	AI	769.0	1.0	3.0	769.0	1196.0	522.0	valide	valide_AI_AM_AF
4054	27678.0	322	JJ164	169v	2777	2	4169.0	2.0	AF	AF	5.0	2.0	0.0	5.0	1197.0	987.0	valide	valide_AI_AM_AF
4055	27679.0	323	JJ164	170r	2777	1	4170.0	1.0	AI	AI	991.0	1.0	0.0	991.0	1197.0	406.0	valide	valide_AI_AM_AF
4056	27679.0	323	JJ164	170r	2778	2	4171.0	2.0	AF	AF	1.0	2.0	160.0	1.0	1038.0	901.0	valide	valide_AI_AM_AF
4057	27680.0	324	JJ164	170v	2778	1	4172.0	1.0	AI	AI	898.0	1.0	8.0	898.0	1190.0	387.0	valide	valide_AI_AM_AF
4058	27680.0	324	JJ164	170v	2779	2	4173.0	2.0	AF	AF	12.0	2.0	1.0	12.0	1199.0	1114.0	valide	valide_AI_AM_AF
4059	27681.0	325	JJ164	171r	2779	1	4174.0	1.0	AI	AI	1139.0	1.0	0.0	1139.0	1200.0	277.0	valide	valide_AI_AM_AF
4060	27681.0	325	JJ164	171r	2780	2	4175.0	2.0	AF	AF	1.0	2.0	165.0	1.0	1033.0	1321.0	valide	valide_AI_AM_AF
4061	27682.0	326	JJ164	172r	2781	1	4176.0	0.0	AC	AC	25.0	1.0	1.0	25.0	1196.0	1393.0	valide	
4062	27683.0	327	JJ164	172v	2782	1	4177.0	1.0	AI	AI	9.0	1.0	154.0	9.0	1044.0	1311.0	valide	valide_AI_AM_AF
4063	27683.0	327	JJ164	172v	2783	2	4178.0	2.0	AF	AF	5.0	2.0	2.0	5.0	1197.0	395.0	valide	valide_AI_AM_AF
4064	27684.0	328	JJ164	173r	2783	1	4179.0	1.0	AI	AI	399.0	1.0	1.0	399.0	1192.0	1013.0	valide	valide_AI_AM_AF
4065	27684.0	328	JJ164	173r	2784	2	4180.0	2.0	AF	AF	7.0	2.0	18.0	7.0	1182.0	445.0	valide	valide_AI_AM_AF
4066	27685.0	329	JJ164	173v	2784	1	4181.0	0.0	AC	AC	426.0	1.0	178.0	426.0	1022.0	875.0	valide	
4067	27686.0	330	JJ164	174r	2785	1	4182.0	1.0	AI	AI	9.0	1.0	1.0	9.0	1192.0	1406.0	valide	valide_AI_AM_AF
4068	27686.0	330	JJ164	174r	2786	2	4183.0	3.0	AM	AM	17.0	2.0	174.0	17.0	1024.0	1317.0	valide	valide_AI_AM_AF
4069	27686.0	330	JJ164	174r	2787	3	4184.0	3.0	AM	AM	9.0	3.0	1.0	9.0	1191.0	1411.0	valide	valide_AI_AM_AF
4070	27686.0	330	JJ164	174r	2788	4	4185.0	2.0	AF	AF	20.0	4.0	174.0	20.0	1021.0	716.0	valide	valide_AI_AM_AF
4071	27687.0	331	JJ164	175v	2788	1	4186.0	1.0	AI	AI	732.0	1.0	172.0	732.0	1021.0	591.0	valide	valide_AI_AM_AF
4072	27687.0	331	JJ164	175v	2789	2	4187.0	2.0	AF	AF	5.0	2.0	1.0	5.0	1194.0	752.0	valide	valide_AI_AM_AF
4073	27688.0	332	JJ164	176r	2789	1	4188.0	1.0	AI	AI	748.0	1.0	0.0	748.0	1199.0	657.0	valide	valide_AI_AM_AF
4074	27688.0	332	JJ164	176r	2790	2	4189.0	2.0	AF	AF	28.0	2.0	134.0	28.0	1066.0	524.0	valide	valide_AI_AM_AF
4075	27689.0	333	JJ164	176v	2790	1	4190.0	1.0	AI	AI	542.0	1.0	166.0	542.0	1013.0	794.0	valide	valide_AI_AM_AF
4076	27689.0	333	JJ164	176v	2791	2	4191.0	2.0	AF	AF	3.0	2.0	1.0	3.0	1198.0	359.0	valide	valide_AI_AM_AF
4077	27690.0	334	JJ164	177r	2791	1	4192.0	1.0	AI	AI	342.0	1.0	0.0	342.0	1196.0	1062.0	valide	valide_AI_AM_AF
4078	27690.0	334	JJ164	177r	2792	2	4193.0	2.0	AF	AF	4.0	2.0	120.0	4.0	1080.0	306.0	valide	valide_AI_AM_AF
4079	27691.0	335	JJ164	177v	2792	1	4194.0	0.0	AC	AC	305.0	1.0	178.0	305.0	1020.0	1022.0	valide	
4080	27692.0	336	JJ164	178r	2793	1	4195.0	0.0	AC	AC	10.0	1.0	1.0	10.0	1196.0	1394.0	valide	
4081	27693.0	337	JJ164	178v	2794	1	4198.0	0.0	AC	AC	1110.0	1.0	123.0	1110.0	1077.0	178.0	valide	
4082	27694.0	338	JJ164	178v	2794	1											ancrage_sans_zone_initiale	
4083	27695.0	339	JJ164	179r	2795	1	4199.0	0.0	AC	AC	5.0	1.0	2.0	5.0	1198.0	1096.0	valide	
4084	27696.0	340	JJ164	179r	2795	1	4200.0	1.0	AI	AI	1099.0	1.0	0.0	1099.0	1199.0	307.0	valide	valide_AI_AM_AF
4085	27696.0	340	JJ164	179r	2796	2	4201.0	3.0	AM	AM	6.0	2.0	178.0	6.0	1022.0	1328.0	valide	valide_AI_AM_AF
4086	27696.0	340	JJ164	179r	2797	3	4202.0	2.0	AF	AF	3.0	3.0	0.0	3.0	1198.0	284.0	valide	valide_AI_AM_AF
4087	27697.0	341	JJ164	180r	2797	1	4203.0	0.0	AC	AC	286.0	1.0	0.0	286.0	1194.0	556.0	valide	
4088	27698.0	342	JJ164	180r	2797	1	4204.0	1.0	AI	AI	797.0	1.0	0.0	797.0	1199.0	614.0	valide	valide_AI_AM_AF
4089	27698.0	342	JJ164	180r	2798	2	4205.0	2.0	AF	AF	5.0	2.0	175.0	5.0	1025.0	1329.0	valide	valide_AI_AM_AF
4090	27699.0	343	JJ164	181r	2799	1	4206.0	0.0	AC	AC	6.0	1.0	1.0	6.0	1197.0	1396.0	valide	
4091	27700.0	344	JJ164	181v	2800	1	4207.0	0.0	AC	AC	10.0	1.0	172.0	10.0	1026.0	1323.0	valide	
4092	27701.0	345	JJ164	182r	2801	1	4208.0	1.0	AI	AI	9.0	1.0	2.0	9.0	1193.0	1399.0	valide	valide_AI_AM_AF
4093	27701.0	345	JJ164	182r	2802	2	4209.0	2.0	AF	AF	8.0	2.0	166.0	8.0	1034.0	687.0	valide	valide_AI_AM_AF
4094	27702.0	346	JJ164	182v	2802	1	4210.0	1.0	AI	AI	690.0	1.0	152.0	690.0	1048.0	607.0	valide	valide_AI_AM_AF
4095	27702.0	346	JJ164	182v	2803	2	4211.0	2.0	AF	AF	3.0	2.0	1.0	3.0	1197.0	1131.0	valide	valide_AI_AM_AF
4096	27703.0	347	JJ164	183r	2803	1	4212.0	0.0	AC	AC	1132.0	1.0	0.0	1132.0	1199.0	265.0	valide	
4097	27704.0	348	JJ164	183v	2804	1	4213.0	0.0	AC	AC	8.0	1.0	108.0	8.0	1092.0	809.0	valide	
4098	27705.0	349	JJ164	183v	2804	1	4214.0	1.0	AI	AI	816.0	1.0	173.0	816.0	1027.0	501.0	valide	valide_AI_AM_AF
4099	27705.0	349	JJ164	183v	2805	2	4215.0	2.0	AF	AF	4.0	2.0	0.0	4.0	1198.0	1024.0	valide	valide_AI_AM_AF
4100	27706.0	350	JJ164	184r	2805	1	4216.0	1.0	AI	AI	1026.0	1.0	0.0	1026.0	1200.0	375.0	valide	valide_AI_AM_AF
4101	27706.0	350	JJ164	184r	2806	2	4217.0	3.0	AM	AM	7.0	2.0	170.0	7.0	1030.0	1325.0	valide	valide_AI_AM_AF
4102	27706.0	350	JJ164	184r	2807	3	4218.0	2.0	AF	AF	1.0	3.0	2.0	1.0	1197.0	279.0	valide	valide_AI_AM_AF
4103	27707.0	351	JJ164	185r	2807	1	4219.0	0.0	AC	AC	278.0	1.0	1.0	278.0	1196.0	876.0	valide	
4104	27708.0	352	JJ164	185r	2807	1	4220.0	1.0	AI	AI	1149.0	1.0	0.0	1149.0	1198.0	302.0	valide	valide_AI_AM_AF
4105	27708.0	352	JJ164	185r	2808	2	4221.0	2.0	AF	AF	7.0	2.0	163.0	7.0	1036.0	812.0	valide	valide_AI_AM_AF
4106	27709.0	353	JJ164	185v	2808	1	4222.0	1.0	AI	AI	802.0	1.0	166.0	802.0	1034.0	486.0	valide	valide_AI_AM_AF
4107	27709.0	353	JJ164	185v	2809	2	4223.0	3.0	AM	AM	5.0	2.0	1.0	5.0	1195.0	1427.0	valide	valide_AI_AM_AF
4108	27709.0	353	JJ164	185v	2810	3	4224.0	2.0	AF	AF	8.0	3.0	137.0	8.0	1063.0	777.0	valide	valide_AI_AM_AF
4109	27710.0	354	JJ164	186v	2810	1	4225.0	1.0	AI	AI	780.0	1.0	101.0	780.0	1099.0	510.0	valide	valide_AI_AM_AF
4110	27710.0	354	JJ164	186v	2811	2	4226.0	2.0	AF	AF	13.0	2.0	0.0	13.0	1191.0	807.0	valide	valide_AI_AM_AF
4111	27711.0	355	JJ164	187r	2811	1	4227.0	1.0	AI	AI	814.0	1.0	0.0	814.0	1199.0	635.0	valide	valide_AI_AM_AF
4112	27711.0	355	JJ164	187r	2812	2	4228.0	2.0	AF	AF	11.0	2.0	173.0	11.0	1027.0	1325.0	valide	valide_AI_AM_AF
4113	27712.0	356	JJ164	188r	2813	1	4229.0	1.0	AI	AI	24.0	1.0	1.0	24.0	1196.0	1415.0	valide	valide_AI_AM_AF
4114	27712.0	356	JJ164	188r	2814	2	4230.0	2.0	AF	AF	15.0	2.0	112.0	15.0	1089.0	912.0	valide	valide_AI_AM_AF
4115	27713.0	357	JJ164	188v	2814	1	4231.0	1.0	AI	AI	926.0	1.0	92.0	926.0	1108.0	377.0	valide	valide_AI_AM_AF
4116	27713.0	357	JJ164	188v	2815	2	4232.0	3.0	AM	AM	10.0	2.0	2.0	10.0	1195.0	1449.0	valide	valide_AI_AM_AF
4117	27713.0	357	JJ164	188v	2816	3	4233.0	2.0	AF	AF	6.0	3.0	55.0	6.0	1145.0	301.0	valide	valide_AI_AM_AF
4118	27714.0	358	JJ164	189v	2816	1	4234.0	0.0	AC	AC	287.0	1.0	161.0	287.0	1036.0	1030.0	valide	
4119	27715.0	359	JJ164	190r	2817	1	4235.0	0.0	AC	AC	19.0	1.0	1.0	19.0	1195.0	1431.0	valide	
4120	27716.0	360	JJ164	190v	2818	1	4236.0	1.0	AI	AI	30.0	1.0	162.0	30.0	1038.0	1305.0	valide	valide_AI_AM_AF
4121	27716.0	360	JJ164	190v	2819	2	4237.0	3.0	AM	AM	29.0	2.0	0.0	29.0	1184.0	1422.0	valide	valide_AI_AM_AF
4122	27716.0	360	JJ164	190v	2820	3	4238.0	3.0	AM	AM	26.0	3.0	178.0	26.0	1022.0	1296.0	valide	valide_AI_AM_AF
4123	27716.0	360	JJ164	190v	2821	4	4239.0	2.0	AF	AF	13.0	4.0	1.0	13.0	1197.0	878.0	valide	valide_AI_AM_AF
4124	27717.0	361	JJ164	192r	2821	1	4240.0	1.0	AI	AI	889.0	1.0	0.0	889.0	1200.0	558.0	valide	valide_AI_AM_AF
4125	27717.0	361	JJ164	192r	2822	2	4241.0	3.0	AM	AM	13.0	2.0	176.0	13.0	1024.0	1304.0	valide	valide_AI_AM_AF
4126	27717.0	361	JJ164	192r	2823	3	4242.0	3.0	AM	AM	14.0	3.0	1.0	14.0	1194.0	1406.0	valide	valide_AI_AM_AF
4127	27717.0	361	JJ164	192r	2824	4	4243.0	3.0	AM	AM	13.0	4.0	181.0	13.0	1019.0	1283.0	valide	valide_AI_AM_AF
4128	27717.0	361	JJ164	192r	2825	5	4244.0	2.0	AF	AF	13.0	5.0	2.0	13.0	1195.0	1411.0	valide	valide_AI_AM_AF
4129	27718.0	362	JJ164	194v	2826	1	4245.0	0.0	AC	AC	8.0	1.0	172.0	8.0	1028.0	1299.0	valide	
4130	27719.0	363	JJ164	195r	2827	1	4246.0	1.0	AI	AI	32.0	1.0	1.0	32.0	1196.0	1389.0	valide	valide_AI_AM_AF
4131	27719.0	363	JJ164	195r	2828	2	4247.0	2.0	AF	AF	1.0	2.0	46.0	1.0	1154.0	302.0	valide	valide_AI_AM_AF
4132	27720.0	364	JJ164	195v	2828	1	4248.0	1.0	AI	AI	302.0	1.0	169.0	302.0	1031.0	1011.0	valide	valide_AI_AM_AF
4133	27720.0	364	JJ164	195v	2829	2	4249.0	2.0	AF	AF	12.0	2.0	2.0	12.0	1196.0	1413.0	valide	valide_AI_AM_AF
4134	27721.0	365	JJ164	196v	2830	1	4250.0	1.0	AI	AI	29.0	1.0	169.0	29.0	1031.0	1276.0	valide	valide_AI_AM_AF
4135	27721.0	365	JJ164	196v	2831	2	4251.0	3.0	AM	AM	7.0	2.0	2.0	7.0	1195.0	1429.0	valide	valide_AI_AM_AF
4136	27721.0	365	JJ164	196v	2832	3	4252.0	2.0	AF	AF	0.0	3.0	156.0	0.0	1044.0	297.0	valide	valide_AI_AM_AF
4137	27722.0	366	JJ164	197v	2832	1	4253.0	0.0	AC	AC	245.0	1.0	205.0	245.0	878.0	62.0	valide	
4138	27723.0	367	JJ164	197v	2832	1	4254.0	0.0	AC	AC	298.0	1.0	181.0	298.0	1019.0	810.0	valide	
4139	27724.0	368	JJ164	197v	2832	1	4255.0	0.0	AC	AC	1098.0	1.0	1.0	1098.0	1199.0	193.0	valide	
4140	27725.0	368bis	JJ164	198r	2833	1	4256.0	0.0	AC	AC	19.0	1.0	1.0	19.0	1197.0	1424.0	valide	
4141	27726.0	370	JJ164	198v	2834	1	4257.0	0.0	AC	AC	33.0	1.0	0.0	33.0	1200.0	1097.0	valide	
4142	27727.0	371	JJ164	198v	2834	1	4258.0	0.0	AC	AC	1126.0	1.0	0.0	1126.0	1200.0	179.0	valide	
4143	27728.0	372	JJ164	199r	2835	1	4259.0	1.0	AI	AI	7.0	1.0	0.0	7.0	1173.0	1429.0	valide	valide_AI_AM_AF
4144	27728.0	372	JJ164	199r	2836	2	4260.0	2.0	AF	AF	28.0	2.0	0.0	28.0	1200.0	463.0	valide	valide_AI_AM_AF
4145	27729.0	373	JJ164	199v	2836	1	4261.0	1.0	AI	AI	488.0	1.0	27.0	488.0	1173.0	827.0	valide	valide_AI_AM_AF
4146	27729.0	373	JJ164	199v	2837	2	4262.0	2.0	AF	AF	3.0	2.0	2.0	3.0	1198.0	1097.0	valide	valide_AI_AM_AF
4147	27730.0	374	JJ164	200r	2837	1	4263.0	0.0	AC	AC	1000.0	1.0	3.0	1000.0	1197.0	115.0	valide	
4148	27731.0	375	JJ164	200r	2837	1	4264.0	1.0	AI	AI	1115.0	1.0	3.0	1115.0	1197.0	331.0	valide	valide_AI_AM_AF
4149	27731.0	375	JJ164	200r	2838	2	4265.0	3.0	AM	AM	40.0	2.0	0.0	40.0	1200.0	1284.0	valide	valide_AI_AM_AF
4150	27731.0	375	JJ164	200r	2839	3	4266.0	2.0	AF	AF	18.0	3.0	0.0	18.0	1200.0	714.0	valide	valide_AI_AM_AF
4151	27732.0	376	JJ164	200r	2837	1											ancrage_sans_zone_initiale	
4152	27733.0	377	JJ164	201r	2839	1	4267.0	1.0	AI	AI	727.0	1.0	2.0	727.0	1195.0	740.0	valide	valide_AI_AM_AF
4153	27733.0	377	JJ164	201r	2840	2	4268.0	2.0	AF	AF	23.0	2.0	0.0	23.0	1199.0	922.0	valide	valide_AI_AM_AF
4154	27734.0	378	JJ164	201v	2840	1	4269.0	0.0	AC	AC	943.0	1.0	0.0	943.0	1200.0	371.0	valide	
4155	27735.0	379	JJ164	202r	2841	1	4270.0	0.0	AC	AC	33.0	1.0	1.0	33.0	1126.0	1446.0	valide	
4156	27736.0	380	JJ164	202v	2842	1	4271.0	1.0	AI	AI	31.0	1.0	0.0	31.0	1199.0	1313.0	valide	valide_AI_AM_AF
4157	27736.0	380	JJ164	202v	2843	2	4272.0	2.0	AF	AF	29.0	2.0	0.0	29.0	1200.0	376.0	valide	valide_AI_AM_AF
4158	27737.0	381	JJ164	203r	2843	1	4273.0	1.0	AI	AI	398.0	1.0	0.0	398.0	1116.0	1092.0	valide	valide_AI_AM_AF
4159	27737.0	381	JJ164	203r	2844	2	4274.0	2.0	AF	AF	17.0	2.0	0.0	17.0	1199.0	577.0	valide	valide_AI_AM_AF
4160	27738.0	382	JJ164	203v	2844	1	4275.0	1.0	AI	AI	593.0	1.0	0.0	593.0	1199.0	727.0	valide	valide_AI_AM_AF
4161	27738.0	382	JJ164	203v	2845	2	4276.0	2.0	AF	AF	19.0	2.0	0.0	19.0	1121.0	817.0	valide	valide_AI_AM_AF
4162	27739.0	383	JJ164	204r	2845	1	4277.0	1.0	AI	AI	834.0	1.0	1.0	834.0	1170.0	630.0	valide	valide_AI_AM_AF
4163	27739.0	383	JJ164	204r	2846	2	4278.0	2.0	AF	AF	7.0	2.0	0.0	7.0	1199.0	653.0	valide	valide_AI_AM_AF
4164	27740.0	384	JJ164	204v	2846	1	4279.0	1.0	AI	AI	624.0	1.0	57.0	624.0	1142.0	694.0	valide	valide_AI_AM_AF
4165	27740.0	384	JJ164	204v	2847	2	4280.0	2.0	AF	AF	30.0	2.0	1.0	30.0	1199.0	1459.0	valide	valide_AI_AM_AF
4166	27741.0	385	JJ164	205v	2848	1	4281.0	0.0	AC	AC	13.0	1.0	170.0	13.0	1029.0	1344.0	valide	
4167	27751.0	1	JJ165	1r	2869	1	4298.0	1.0	AI	AI	21.0	1.0	0.0	21.0	1020.0	1295.0	valide	valide_AI_AM_AF
4168	27751.0	1	JJ165	1r	2870	2	4299.0	3.0	AM	AM	5.0	2.0	0.0	5.0	1199.0	1406.0	valide	valide_AI_AM_AF
4169	27751.0	1	JJ165	1r	2871	3	4300.0	3.0	AM	AM	3.0	3.0	1.0	3.0	1031.0	1315.0	valide	valide_AI_AM_AF
4170	27751.0	1	JJ165	1r	2872	4	4301.0	3.0	AM	AM	19.0	4.0	0.0	19.0	1199.0	1360.0	valide	valide_AI_AM_AF
4171	27751.0	1	JJ165	1r	2873	5	4302.0	3.0	AM	AM	1.0	5.0	1.0	1.0	1031.0	1309.0	valide	valide_AI_AM_AF
4172	27751.0	1	JJ165	1r	2874	6	4303.0	3.0	AM	AM	20.0	6.0	0.0	20.0	1199.0	1356.0	valide	valide_AI_AM_AF
4173	27751.0	1	JJ165	1r	2875	7	4304.0	2.0	AF	AF	5.0	7.0	2.0	5.0	1198.0	813.0	valide	valide_AI_AM_AF
4174	27752.0	2	JJ165	4r	2875	1	4305.0	1.0	AI	AI	816.0	1.0	1.0	816.0	1062.0	487.0	valide	valide_AI_AM_AF
4175	27752.0	2	JJ165	4r	2876	2	4306.0	3.0	AM	AM	23.0	2.0	169.0	23.0	1030.0	1393.0	valide	valide_AI_AM_AF
4176	27752.0	2	JJ165	4r	2877	3	4307.0	3.0	AM	AM	7.0	3.0	0.0	7.0	1072.0	1314.0	valide	valide_AI_AM_AF
4177	27752.0	2	JJ165	4r	2878	4	4308.0	3.0	AM	AM	28.0	4.0	160.0	28.0	1039.0	1401.0	valide	valide_AI_AM_AF
4178	27752.0	2	JJ165	4r	2879	5	4309.0	2.0	AF	AF	2.0	5.0	2.0	2.0	1033.0	1318.0	valide	valide_AI_AM_AF
4179	27753.0	3	JJ165	6v	2880	1	4310.0	1.0	AI	AI	18.0	1.0	0.0	18.0	1200.0	1405.0	valide	valide_AI_AM_AF
4180	27753.0	3	JJ165	6v	2881	2	4311.0	3.0	AM	AM	5.0	2.0	0.0	5.0	1083.0	1315.0	valide	valide_AI_AM_AF
4181	27753.0	3	JJ165	6v	2882	3	4312.0	2.0	AF	AF	9.0	3.0	3.0	9.0	1197.0	405.0	valide	valide_AI_AM_AF
4182	27754.0	4	JJ165	7v	2882	1	4313.0	1.0	AI	AI	414.0	1.0	0.0	414.0	1200.0	1017.0	valide	valide_AI_AM_AF
4183	27754.0	4	JJ165	7v	2883	2	4314.0	3.0	AM	AM	5.0	2.0	0.0	5.0	1075.0	1313.0	valide	valide_AI_AM_AF
4184	27754.0	4	JJ165	7v	2884	3	4315.0	2.0	AF	AF	10.0	3.0	3.0	10.0	1197.0	1416.0	valide	valide_AI_AM_AF
4185	27755.0	5	JJ165	9r	2885	1	4316.0	0.0	AC	AC	4.0	1.0	0.0	4.0	1074.0	1317.0	valide	
4186	27756.0	6	JJ165	9v	2886	1	4317.0	1.0	AI	AI	21.0	1.0	145.0	21.0	1055.0	1404.0	valide	valide_AI_AM_AF
4187	27756.0	6	JJ165	9v	2887	2	4318.0	2.0	AF	AF	5.0	2.0	2.0	5.0	1060.0	664.0	valide	valide_AI_AM_AF
4188	27757.0	7	JJ165	10r	2887	1	4319.0	1.0	AI	AI	668.0	1.0	0.0	668.0	1061.0	645.0	valide	valide_AI_AM_AF
4189	27757.0	7	JJ165	10r	2888	2	4320.0	2.0	AF	AF	26.0	2.0	0.0	26.0	1200.0	567.0	valide	valide_AI_AM_AF
4190	27758.0	8	JJ165	10v	2888	1	4321.0	1.0	AI	AI	591.0	1.0	0.0	591.0	1200.0	828.0	valide	valide_AI_AM_AF
4191	27758.0	8	JJ165	10v	2889	2	4322.0	2.0	AF	AF	4.0	2.0	1.0	4.0	1089.0	503.0	valide	valide_AI_AM_AF
4192	27759.0	9	JJ165	11r	2889	1	4323.0	0.0	AC	AC	502.0	1.0	0.0	502.0	1063.0	824.0	valide	
4193	27760.0	10	JJ165	11v	2890	1	4324.0	0.0	AC	AC	6.0	1.0	0.0	6.0	1200.0	1038.0	valide	
4194	27761.0	11	JJ165	11v	2890	1	4325.0	1.0	AI	AI	1044.0	1.0	0.0	1044.0	1200.0	356.0	valide	valide_AI_AM_AF
4195	27761.0	11	JJ165	11v	2891	2	4326.0	3.0	AM	AM	15.0	2.0	0.0	15.0	1033.0	1313.0	valide	valide_AI_AM_AF
4196	27761.0	11	JJ165	11v	2892	3	4327.0	2.0	AF	AF	23.0	3.0	0.0	23.0	1200.0	532.0	valide	valide_AI_AM_AF
4197	27762.0	12	JJ165	12v	2892	1	4328.0	0.0	AC	AC	540.0	1.0	0.0	540.0	1199.0	892.0	valide	
4198	27763.0	13	JJ165	13r	2893	1	4329.0	0.0	AC	AC	13.0	1.0	0.0	13.0	1180.0	904.0	valide	
4199	27764.0	14	JJ165	13r	2893	1	4330.0	1.0	AI	AI	915.0	1.0	0.0	915.0	1173.0	401.0	valide	valide_AI_AM_AF
4200	27764.0	14	JJ165	13r	2894	2	4331.0	2.0	AF	AF	2.0	2.0	0.0	2.0	1200.0	705.0	valide	valide_AI_AM_AF
4201	27765.0	15	JJ165	13v	2894	1	4332.0	1.0	AI	AI	706.0	1.0	0.0	706.0	1200.0	695.0	valide	valide_AI_AM_AF
4202	27765.0	15	JJ165	13v	2895	2	4333.0	2.0	AF	AF	2.0	2.0	0.0	2.0	1176.0	613.0	valide	valide_AI_AM_AF
4203	27766.0	16	JJ165	14r	2895	1	4334.0	1.0	AI	AI	608.0	1.0	0.0	608.0	1087.0	701.0	valide	valide_AI_AM_AF
4204	27766.0	16	JJ165	14r	2896	2	4335.0	2.0	AF	AF	8.0	2.0	0.0	8.0	1200.0	737.0	valide	valide_AI_AM_AF
4205	27767.0	17	JJ165	14v	2896	1	4336.0	1.0	AI	AI	743.0	1.0	0.0	743.0	1200.0	669.0	valide	valide_AI_AM_AF
4206	27767.0	17	JJ165	14v	2897	2	4337.0	2.0	AF	AF	6.0	2.0	0.0	6.0	1108.0	774.0	valide	valide_AI_AM_AF
4207	27768.0	18	JJ165	15r	2897	1	4338.0	0.0	AC	AC	756.0	1.0	0.0	756.0	1168.0	552.0	valide	
4208	27769.0	19	JJ165	15v	2898	1	4339.0	0.0	AC	AC	8.0	1.0	0.0	8.0	1200.0	1054.0	valide	
4209	27770.0	20	JJ165	15v	2898	1	4340.0	1.0	AI	AI	1070.0	1.0	0.0	1070.0	1200.0	360.0	valide	valide_AI_AM_AF
4210	27770.0	20	JJ165	15v	2899	2	4341.0	2.0	AF	AF	0.0	2.0	0.0	0.0	1036.0	1329.0	valide	valide_AI_AM_AF
4211	27771.0	21	JJ165	16v	2900	1	4342.0	0.0	AC	AC	3.0	1.0	0.0	3.0	1200.0	1422.0	valide	
4212	27772.0	22	JJ165	17r	2901	1	4343.0	0.0	AC	AC	2.0	1.0	0.0	2.0	1054.0	1313.0	valide	
4213	27773.0	23	JJ165	17v	2902	1	4344.0	1.0	AI	AI	10.0	1.0	0.0	10.0	1200.0	1410.0	valide	valide_AI_AM_AF
4214	27773.0	23	JJ165	17v	2903	2	4345.0	2.0	AF	AF	1.0	2.0	0.0	1.0	1096.0	752.0	valide	valide_AI_AM_AF
4215	27774.0	24	JJ165	18r	2903	1	4346.0	1.0	AI	AI	751.0	1.0	0.0	751.0	1068.0	563.0	valide	valide_AI_AM_AF
4216	27774.0	24	JJ165	18r	2904	2	4347.0	2.0	AF	AF	8.0	2.0	16.0	8.0	1184.0	671.0	valide	valide_AI_AM_AF
4217	27775.0	25	JJ165	18v	2904	1	4348.0	1.0	AI	AI	676.0	1.0	101.0	676.0	1099.0	715.0	valide	valide_AI_AM_AF
4218	27775.0	25	JJ165	18v	2905	2	4349.0	2.0	AF	AF	1.0	2.0	1.0	1.0	1044.0	1334.0	valide	valide_AI_AM_AF
4219	27776.0	26	JJ165	19v	2906	1	4350.0	0.0	AC	AC	2.0	1.0	0.0	2.0	1200.0	1406.0	valide	
4220	27777.0	27	JJ165	20r	2907	1	4351.0	1.0	AI	AI	3.0	1.0	0.0	3.0	1059.0	1329.0	valide	valide_AI_AM_AF
4221	27777.0	27	JJ165	20r	2908	2	4352.0	2.0	AF	AF	2.0	2.0	0.0	2.0	1199.0	789.0	valide	valide_AI_AM_AF
4222	27778.0	28	JJ165	20v	2908	1	4353.0	1.0	AI	AI	792.0	1.0	0.0	792.0	1200.0	597.0	valide	valide_AI_AM_AF
4223	27778.0	28	JJ165	20v	2909	2	4354.0	2.0	AF	AF	1.0	2.0	1.0	1.0	1109.0	861.0	valide	valide_AI_AM_AF
4224	27779.0	29	JJ165	21r	2909	1	4355.0	1.0	AI	AI	863.0	1.0	0.0	863.0	1084.0	461.0	valide	valide_AI_AM_AF
4225	27779.0	29	JJ165	21r	2910	2	4356.0	2.0	AF	AF	1.0	2.0	0.0	1.0	1200.0	1395.0	valide	valide_AI_AM_AF
4226	27780.0	30	JJ165	22r	2911	1	4357.0	1.0	AI	AI	3.0	1.0	1.0	3.0	1039.0	1326.0	valide	valide_AI_AM_AF
4227	27780.0	30	JJ165	22r	2912	2	4358.0	2.0	AF	AF	1.0	2.0	0.0	1.0	1200.0	514.0	valide	valide_AI_AM_AF
4228	27781.0	31	JJ165	22v	2912	1	4359.0	1.0	AI	AI	514.0	1.0	154.0	514.0	1046.0	880.0	valide	valide_AI_AM_AF
4229	27781.0	31	JJ165	22v	2913	2	4360.0	2.0	AF	AF	1.0	2.0	1.0	1.0	1144.0	493.0	valide	valide_AI_AM_AF
4230	27782.0	32	JJ165	23r	2913	1	4361.0	1.0	AI	AI	494.0	1.0	0.0	494.0	1069.0	835.0	valide	valide_AI_AM_AF
4231	27782.0	32	JJ165	23r	2914	2	4362.0	2.0	AF	AF	18.0	2.0	0.0	18.0	1199.0	794.0	valide	valide_AI_AM_AF
4232	27783.0	33	JJ165	23v	2914	1	4363.0	1.0	AI	AI	811.0	1.0	0.0	811.0	1200.0	594.0	valide	valide_AI_AM_AF
4233	27783.0	33	JJ165	23v	2915	2	4364.0	2.0	AF	AF	4.0	2.0	0.0	4.0	1200.0	897.0	valide	valide_AI_AM_AF
4234	27784.0	34	JJ165	24r	2915	1	4365.0	1.0	AI	AI	897.0	1.0	1.0	897.0	1089.0	443.0	valide	valide_AI_AM_AF
4235	27784.0	34	JJ165	24r	2916	2	4366.0	2.0	AF	AF	36.0	2.0	0.0	36.0	1200.0	1397.0	valide	valide_AI_AM_AF
4236	27785.0	35	JJ165	25r	2917	1	4367.0	0.0	AC	AC	12.0	1.0	0.0	12.0	1083.0	1360.0	valide	
4237	27786.0	36	JJ165	25v	2918	1	4368.0	0.0	AC	AC	18.0	1.0	0.0	18.0	1200.0	1406.0	valide	
4238	27787.0	37	JJ165	26r	2919	1	4369.0	1.0	AI	AI	24.0	1.0	0.0	24.0	1088.0	1347.0	valide	valide_AI_AM_AF
4239	27787.0	37	JJ165	26r	2920	2	4370.0	2.0	AF	AF	11.0	2.0	11.0	11.0	1188.0	383.0	valide	valide_AI_AM_AF
4240	27788.0	38	JJ165	26v	2920	1	4371.0	0.0	AC	AC	393.0	1.0	0.0	393.0	1200.0	1028.0	valide	
4241	27789.0	39	JJ165	27r	2921	1	4372.0	1.0	AI	AI	35.0	1.0	1.0	35.0	1025.0	1337.0	valide	valide_AI_AM_AF
4242	27789.0	39	JJ165	27r	2922	2	4373.0	2.0	AF	AF	10.0	2.0	1.0	10.0	1198.0	506.0	valide	valide_AI_AM_AF
4243	27790.0	40	JJ165	27v	2922	1	4374.0	1.0	AI	AI	523.0	1.0	0.0	523.0	1200.0	855.0	valide	valide_AI_AM_AF
4244	27790.0	40	JJ165	27v	2923	2	4375.0	2.0	AF	AF	13.0	2.0	0.0	13.0	1200.0	723.0	valide	valide_AI_AM_AF
4245	27791.0	41	JJ165	28r	2923	1	4376.0	1.0	AI	AI	733.0	1.0	2.0	733.0	1111.0	619.0	valide	valide_AI_AM_AF
4246	27791.0	41	JJ165	28r	2924	2	4377.0	2.0	AF	AF	12.0	2.0	0.0	12.0	1200.0	542.0	valide	valide_AI_AM_AF
4247	27792.0	42	JJ165	28v	2924	1	4378.0	1.0	AI	AI	553.0	1.0	0.0	553.0	1200.0	816.0	valide	valide_AI_AM_AF
4248	27792.0	42	JJ165	28v	2925	2	4379.0	2.0	AF	AF	17.0	2.0	3.0	17.0	1184.0	474.0	valide	valide_AI_AM_AF
4249	27793.0	43	JJ165	29r	2925	1	4380.0	1.0	AI	AI	491.0	1.0	0.0	491.0	1104.0	877.0	valide	valide_AI_AM_AF
4250	27793.0	43	JJ165	29r	2926	2	4381.0	2.0	AF	AF	5.0	2.0	0.0	5.0	1200.0	819.0	valide	valide_AI_AM_AF
4251	27794.0	44	JJ165	29v	2926	1	4382.0	1.0	AI	AI	823.0	1.0	0.0	823.0	1200.0	547.0	valide	valide_AI_AM_AF
4252	27794.0	44	JJ165	29v	2927	2	4383.0	2.0	AF	AF	19.0	2.0	2.0	19.0	1055.0	1350.0	valide	valide_AI_AM_AF
4253	27795.0	45	JJ165	30v	2928	1	4384.0	1.0	AI	AI	11.0	1.0	0.0	11.0	1200.0	1370.0	valide	valide_AI_AM_AF
4254	27795.0	45	JJ165	30v	2929	2	4385.0	2.0	AF	AF	15.0	2.0	0.0	15.0	1200.0	389.0	valide	valide_AI_AM_AF
4255	27796.0	46	JJ165	31r	2929	1	4386.0	1.0	AI	AI	405.0	1.0	1.0	405.0	1048.0	955.0	valide	valide_AI_AM_AF
4256	27796.0	46	JJ165	31r	2930	2	4387.0	2.0	AF	AF	3.0	2.0	0.0	3.0	1200.0	711.0	valide	valide_AI_AM_AF
4257	27797.0	47	JJ165	31v	2930	1	4388.0	1.0	AI	AI	714.0	1.0	0.0	714.0	1200.0	666.0	valide	valide_AI_AM_AF
4258	27797.0	47	JJ165	31v	2931	2	4389.0	3.0	AM	AM	23.0	2.0	1.0	23.0	1112.0	1350.0	valide	valide_AI_AM_AF
4259	27797.0	47	JJ165	31v	2932	3	4390.0	2.0	AF	AF	8.0	3.0	0.0	8.0	1200.0	437.0	valide	valide_AI_AM_AF
4260	27798.0	48	JJ165	32v	2932	1	4391.0	0.0	AC	AC	445.0	1.0	0.0	445.0	1200.0	944.0	valide	
4261	27799.0	49	JJ165	33r	2933	1	4392.0	1.0	AI	AI	22.0	1.0	0.0	22.0	1091.0	1354.0	valide	valide_AI_AM_AF
4262	27799.0	49	JJ165	33r	2934	2	4393.0	2.0	AF	AF	7.0	2.0	0.0	7.0	1200.0	450.0	valide	valide_AI_AM_AF
4263	27800.0	50	JJ165	33v	2934	1	4394.0	1.0	AI	AI	453.0	1.0	0.0	453.0	1200.0	926.0	valide	valide_AI_AM_AF
4264	27800.0	50	JJ165	33v	2935	2	4395.0	2.0	AF	AF	9.0	2.0	3.0	9.0	1197.0	673.0	valide	valide_AI_AM_AF
4265	27801.0	51	JJ165	34r	2935	1	4396.0	1.0	AI	AI	679.0	1.0	1.0	679.0	1129.0	662.0	valide	valide_AI_AM_AF
4266	27801.0	51	JJ165	34r	2936	2	4397.0	2.0	AF	AF	7.0	2.0	0.0	7.0	1200.0	851.0	valide	valide_AI_AM_AF
4267	27802.0	52	JJ165	34v	2936	1	4398.0	1.0	AI	AI	858.0	1.0	3.0	858.0	1197.0	511.0	valide	valide_AI_AM_AF
4268	27802.0	52	JJ165	34v	2937	2	4399.0	2.0	AF	AF	16.0	2.0	1.0	16.0	1199.0	724.0	valide	valide_AI_AM_AF
4269	27803.0	53	JJ165	35r	2937	1	4400.0	1.0	AI	AI	736.0	1.0	2.0	736.0	1081.0	605.0	valide	valide_AI_AM_AF
4270	27803.0	53	JJ165	35r	2938	2	4401.0	2.0	AF	AF	6.0	2.0	0.0	6.0	1199.0	685.0	valide	valide_AI_AM_AF
4271	27804.0	54	JJ165	35v	2938	1	4402.0	1.0	AI	AI	686.0	1.0	1.0	686.0	1199.0	693.0	valide	valide_AI_AM_AF
4272	27804.0	54	JJ165	35v	2939	2	4403.0	2.0	AF	AF	36.0	2.0	0.0	36.0	1097.0	628.0	valide	valide_AI_AM_AF
4273	27805.0	55	JJ165	36r	2939	1	4404.0	1.0	AI	AI	660.0	1.0	0.0	660.0	1093.0	682.0	valide	valide_AI_AM_AF
4274	27805.0	55	JJ165	36r	2940	2	4405.0	2.0	AF	AF	16.0	2.0	0.0	16.0	1200.0	835.0	valide	valide_AI_AM_AF
4275	27806.0	56	JJ165	36v	2940	1	4406.0	1.0	AI	AI	849.0	1.0	0.0	849.0	1199.0	529.0	valide	valide_AI_AM_AF
4276	27806.0	56	JJ165	36v	2941	2	4407.0	2.0	AF	AF	8.0	2.0	0.0	8.0	1200.0	944.0	valide	valide_AI_AM_AF
4277	27807.0	57	JJ165	37r	2941	1	4408.0	1.0	AI	AI	944.0	1.0	2.0	944.0	1151.0	393.0	valide	valide_AI_AM_AF
4278	27807.0	57	JJ165	37r	2942	2	4409.0	2.0	AF	AF	3.0	2.0	0.0	3.0	1199.0	767.0	valide	valide_AI_AM_AF
4279	27808.0	58	JJ165	37v	2942	1	4410.0	1.0	AI	AI	768.0	1.0	0.0	768.0	1200.0	616.0	valide	valide_AI_AM_AF
4280	27808.0	58	JJ165	37v	2943	2	4411.0	2.0	AF	AF	21.0	2.0	0.0	21.0	1098.0	680.0	valide	valide_AI_AM_AF
4281	27809.0	59	JJ165	38r	2943	1	4412.0	1.0	AI	AI	702.0	1.0	1.0	702.0	1043.0	639.0	valide	valide_AI_AM_AF
4282	27809.0	59	JJ165	38r	2944	2	4413.0	2.0	AF	AF	6.0	2.0	0.0	6.0	1199.0	1388.0	valide	valide_AI_AM_AF
4283	27810.0	60	JJ165	39r	2945	1	4414.0	1.0	AI	AI	25.0	1.0	1.0	25.0	1084.0	1332.0	valide	valide_AI_AM_AF
4284	27810.0	60	JJ165	39r	2946	2	4415.0	3.0	AM	AM	3.0	2.0	0.0	3.0	1199.0	1386.0	valide	valide_AI_AM_AF
4285	27810.0	60	JJ165	39r	2947	3	4416.0	3.0	AM	AM	28.0	3.0	1.0	28.0	1076.0	1325.0	valide	valide_AI_AM_AF
4286	27810.0	60	JJ165	39r	2948	4	4417.0	2.0	AF	AF	3.0	4.0	4.0	3.0	1196.0	1006.0	valide	valide_AI_AM_AF
4287	27811.0	61	JJ165	40v	2948	1	4418.0	1.0	AI	AI	997.0	1.0	5.0	997.0	1195.0	388.0	valide	valide_AI_AM_AF
4288	27811.0	61	JJ165	40v	2949	2	4419.0	3.0	AM	AM	27.0	2.0	0.0	27.0	1094.0	1321.0	valide	valide_AI_AM_AF
4289	27811.0	61	JJ165	40v	2950	3	4420.0	2.0	AF	AF	6.0	3.0	3.0	6.0	1197.0	396.0	valide	valide_AI_AM_AF
4290	27812.0	62	JJ165	41v	2950	1	4421.0	1.0	AI	AI	401.0	1.0	0.0	401.0	1200.0	987.0	valide	valide_AI_AM_AF
4291	27812.0	62	JJ165	41v	2951	2	4422.0	2.0	AF	AF	15.0	2.0	2.0	15.0	1198.0	746.0	valide	valide_AI_AM_AF
4292	27813.0	63	JJ165	42r	2951	1	4423.0	1.0	AI	AI	751.0	1.0	0.0	751.0	1097.0	590.0	valide	valide_AI_AM_AF
4293	27813.0	63	JJ165	42r	2952	2	4424.0	3.0	AM	AM	2.0	2.0	0.0	2.0	1200.0	1389.0	valide	valide_AI_AM_AF
4294	27813.0	63	JJ165	42r	2953	3	4425.0	2.0	AF	AF	19.0	3.0	2.0	19.0	1175.0	729.0	valide	valide_AI_AM_AF
4295	27814.0	64	JJ165	43r	2953	1	4426.0	1.0	AI	AI	740.0	1.0	1.0	740.0	1106.0	599.0	valide	valide_AI_AM_AF
4296	27814.0	64	JJ165	43r	2954	2	4427.0	3.0	AM	AM	4.0	2.0	0.0	4.0	1200.0	1388.0	valide	valide_AI_AM_AF
4297	27814.0	64	JJ165	43r	2955	3	4428.0	2.0	AF	AF	11.0	3.0	1.0	11.0	1199.0	526.0	valide	valide_AI_AM_AF
4298	27815.0	65	JJ165	44r	2955	1	4429.0	1.0	AI	AI	535.0	1.0	1.0	535.0	1090.0	812.0	valide	valide_AI_AM_AF
4299	27815.0	65	JJ165	44r	2956	2	4430.0	2.0	AF	AF	3.0	2.0	0.0	3.0	1200.0	1010.0	valide	valide_AI_AM_AF
4300	27816.0	66	JJ165	44v	2956	1	4431.0	1.0	AI	AI	1016.0	1.0	0.0	1016.0	1200.0	367.0	valide	valide_AI_AM_AF
4301	27816.0	66	JJ165	44v	2957	2	4432.0	3.0	AM	AM	19.0	2.0	0.0	19.0	1063.0	1344.0	valide	valide_AI_AM_AF
4302	27816.0	66	JJ165	44v	2958	3	4433.0	2.0	AF	AF	7.0	3.0	0.0	7.0	1199.0	636.0	valide	valide_AI_AM_AF
4303	27817.0	67	JJ165	45v	2958	1	4434.0	1.0	AI	AI	642.0	1.0	2.0	642.0	1198.0	736.0	valide	valide_AI_AM_AF
4304	27817.0	67	JJ165	45v	2959	2	4435.0	2.0	AF	AF	11.0	2.0	2.0	11.0	1091.0	1351.0	valide	valide_AI_AM_AF
4305	27818.0	68	JJ165	46v	2960	1	4436.0	0.0	AC	AC	11.0	1.0	0.0	11.0	1200.0	1374.0	valide	
4306	27819.0	69	JJ165	47r	2961	1	4437.0	1.0	AI	AI	24.0	1.0	1.0	24.0	1058.0	1339.0	valide	valide_AI_AM_AF
4307	27819.0	69	JJ165	47r	2962	2	4438.0	3.0	AM	AM	3.0	2.0	0.0	3.0	1200.0	1394.0	valide	valide_AI_AM_AF
4308	27819.0	69	JJ165	47r	2963	3	4439.0	2.0	AF	AF	8.0	3.0	2.0	8.0	1177.0	1052.0	valide	valide_AI_AM_AF
4309	27820.0	70	JJ165	48r	2963	1	4440.0	1.0	AI	AI	1069.0	1.0	1.0	1069.0	1186.0	270.0	valide	valide_AI_AM_AF
4310	27820.0	70	JJ165	48r	2964	2	4441.0	3.0	AM	AM	13.0	2.0	0.0	13.0	1200.0	1381.0	valide	valide_AI_AM_AF
4311	27820.0	70	JJ165	48r	2965	3	4442.0	2.0	AF	AF	18.0	3.0	1.0	18.0	1199.0	859.0	valide	valide_AI_AM_AF
4312	27821.0	71	JJ165	49r	2965	1	4443.0	1.0	AI	AI	870.0	1.0	2.0	870.0	1132.0	470.0	valide	valide_AI_AM_AF
4313	27821.0	71	JJ165	49r	2966	2	4444.0	2.0	AF	AF	12.0	2.0	0.0	12.0	1199.0	619.0	valide	valide_AI_AM_AF
4314	27822.0	72	JJ165	49v	2966	1	4445.0	1.0	AI	AI	630.0	1.0	1.0	630.0	1199.0	758.0	valide	valide_AI_AM_AF
4315	27822.0	72	JJ165	49v	2967	2	4446.0	3.0	AM	AM	31.0	2.0	1.0	31.0	1059.0	1341.0	valide	valide_AI_AM_AF
4316	27822.0	72	JJ165	49v	2968	3	4447.0	2.0	AF	AF	9.0	3.0	0.0	9.0	1200.0	1103.0	valide	valide_AI_AM_AF
4317	27823.0	73	JJ165	50v	2968	1	4448.0	1.0	AI	AI	1118.0	1.0	3.0	1118.0	1196.0	267.0	valide	valide_AI_AM_AF
4318	27823.0	73	JJ165	50v	2969	2	4449.0	3.0	AM	AM	39.0	2.0	0.0	39.0	1046.0	1311.0	valide	valide_AI_AM_AF
4319	27823.0	73	JJ165	50v	2970	3	4450.0	2.0	AF	AF	7.0	3.0	0.0	7.0	1199.0	1359.0	valide	valide_AI_AM_AF
4320	27824.0	74	JJ165	52r	2971	1	4451.0	1.0	AI	AI	36.0	1.0	0.0	36.0	1028.0	1315.0	valide	valide_AI_AM_AF
4321	27824.0	74	JJ165	52r	2972	2	4452.0	2.0	AF	AF	4.0	2.0	0.0	4.0	1199.0	1361.0	valide	valide_AI_AM_AF
4322	27825.0	75	JJ165	53r	2973	1	4453.0	1.0	AI	AI	25.0	1.0	0.0	25.0	1056.0	1301.0	valide	valide_AI_AM_AF
4323	27825.0	75	JJ165	53r	2974	2	4454.0	2.0	AF	AF	2.0	2.0	1.0	2.0	1198.0	597.0	valide	valide_AI_AM_AF
4324	27826.0	76	JJ165	53v	2974	1	4455.0	1.0	AI	AI	581.0	1.0	0.0	581.0	1199.0	781.0	valide	valide_AI_AM_AF
4325	27826.0	76	JJ165	53v	2975	2	4456.0	2.0	AF	AF	7.0	2.0	1.0	7.0	1087.0	892.0	valide	valide_AI_AM_AF
4326	27827.0	77	JJ165	54r	2975	1	4457.0	1.0	AI	AI	897.0	1.0	1.0	897.0	1119.0	420.0	valide	valide_AI_AM_AF
4327	27827.0	77	JJ165	54r	2976	2	4458.0	2.0	AF	AF	5.0	2.0	0.0	5.0	1200.0	1378.0	valide	valide_AI_AM_AF
4328	27828.0	78	JJ165	55r	2977	1	4459.0	0.0	AC	AC	25.0	1.0	1.0	25.0	1048.0	1306.0	valide	
4329	27829.0	79	JJ165	55v	2978	1	4460.0	0.0	AC	AC	18.0	1.0	0.0	18.0	1200.0	1358.0	valide	
4330	27830.0	80	JJ165	56r	2979	1	4461.0	1.0	AI	AI	25.0	1.0	1.0	25.0	1050.0	1301.0	valide	valide_AI_AM_AF
4331	27830.0	80	JJ165	56r	2980	2	4462.0	2.0	AF	AF	5.0	2.0	0.0	5.0	1200.0	1376.0	valide	valide_AI_AM_AF
4332	27831.0	81	JJ165	57r	2981	1	4463.0	1.0	AI	AI	34.0	1.0	0.0	34.0	1061.0	1292.0	valide	valide_AI_AM_AF
4333	27831.0	81	JJ165	57r	2982	2	4464.0	2.0	AF	AF	10.0	2.0	2.0	10.0	1198.0	402.0	valide	valide_AI_AM_AF
4334	27832.0	82	JJ165	57v	2982	1	4465.0	1.0	AI	AI	412.0	1.0	0.0	412.0	1200.0	964.0	valide	valide_AI_AM_AF
4335	27832.0	82	JJ165	57v	2983	2	4466.0	2.0	AF	AF	23.0	2.0	1.0	23.0	1158.0	517.0	valide	valide_AI_AM_AF
4336	27833.0	83	JJ165	58r	2983	1	4467.0	1.0	AI	AI	540.0	1.0	0.0	540.0	1044.0	779.0	valide	valide_AI_AM_AF
4337	27833.0	83	JJ165	58r	2984	2	4468.0	2.0	AF	AF	12.0	2.0	10.0	12.0	1190.0	480.0	valide	valide_AI_AM_AF
4338	27834.0	84	JJ165	58v	2984	1	4469.0	0.0	AC	AC	446.0	1.0	4.0	446.0	1196.0	96.0	valide	
4339	27835.0	85	JJ165	58v	2984	1	4470.0	0.0	AC	AC	450.0	1.0	180.0	450.0	887.0	96.0	valide	
4340	27836.0	86	JJ165	58v	2984	1	4471.0	1.0	AI	AI	533.0	1.0	0.0	533.0	1200.0	849.0	valide	valide_AI_AM_AF
4341	27836.0	86	JJ165	58v	2985	2	4472.0	2.0	AF	AF	7.0	2.0	1.0	7.0	1157.0	942.0	valide	valide_AI_AM_AF
4342	27837.0	87	JJ165	59r	2985	1	4473.0	1.0	AI	AI	949.0	1.0	1.0	949.0	1130.0	371.0	valide	valide_AI_AM_AF
4343	27837.0	87	JJ165	59r	2986	2	4474.0	2.0	AF	AF	14.0	2.0	6.0	14.0	1194.0	647.0	valide	valide_AI_AM_AF
4344	27838.0	88	JJ165	59v	2986	1	4475.0	1.0	AI	AI	659.0	1.0	0.0	659.0	1200.0	698.0	valide	valide_AI_AM_AF
4345	27838.0	88	JJ165	59v	2987	2	4476.0	2.0	AF	AF	36.0	2.0	1.0	36.0	1048.0	1311.0	valide	valide_AI_AM_AF
4346	27839.0	89	JJ165	60v	2988	1	4477.0	0.0	AC	AC	16.0	1.0	0.0	16.0	1200.0	1357.0	valide	
4347	27840.0	90	JJ165	61r	2989	1	4478.0	0.0	AC	AC	33.0	1.0	1.0	33.0	1093.0	1312.0	valide	
4348	27841.0	91	JJ165	61v	2990	1	4479.0	0.0	AC	AC	6.0	1.0	0.0	6.0	1200.0	1378.0	valide	
4349	27842.0	92	JJ165	62r	2991	1	4480.0	1.0	AI	AI	52.0	1.0	0.0	52.0	1043.0	1294.0	valide	valide_AI_AM_AF
4350	27842.0	92	JJ165	62r	2992	2	4481.0	2.0	AF	AF	4.0	2.0	2.0	4.0	1198.0	461.0	valide	valide_AI_AM_AF
4351	27843.0	93	JJ165	62v	2992	1	4482.0	0.0	AC	AC	464.0	1.0	0.0	464.0	1200.0	915.0	valide	
4352	27845.0	95	JJ165	63r	2993	1	4483.0	0.0	AC	AC	12.0	1.0	1.0	12.0	1102.0	1315.0	valide	
4353	27846.0	96	JJ165	63v	2994	1	4484.0	0.0	AC	AC	2.0	1.0	4.0	2.0	1196.0	1035.0	valide	
4354	27847.0	97	JJ165	63v	2994	1	4485.0	1.0	AI	AI	1047.0	1.0	0.0	1047.0	1199.0	301.0	valide	valide_AI_AM_AF
4355	27847.0	97	JJ165	63v	2995	2	4486.0	2.0	AF	AF	9.0	2.0	0.0	9.0	1200.0	934.0	valide	valide_AI_AM_AF
4356	27848.0	98	JJ165	64r	2995	1	4487.0	1.0	AI	AI	946.0	1.0	1.0	946.0	1086.0	368.0	valide	valide_AI_AM_AF
4357	27848.0	98	JJ165	64r	2996	2	4488.0	2.0	AF	AF	2.0	2.0	12.0	2.0	1188.0	571.0	valide	valide_AI_AM_AF
4358	27849.0	99	JJ165	64v	2996	1	4489.0	1.0	AI	AI	565.0	1.0	0.0	565.0	1200.0	786.0	valide	valide_AI_AM_AF
4359	27849.0	99	JJ165	64v	2997	2	4490.0	2.0	AF	AF	15.0	2.0	0.0	15.0	1198.0	433.0	valide	valide_AI_AM_AF
4360	27850.0	100	JJ165	65r	2997	1	4491.0	1.0	AI	AI	445.0	1.0	0.0	445.0	1059.0	881.0	valide	valide_AI_AM_AF
4361	27850.0	100	JJ165	65r	2998	2	4492.0	2.0	AF	AF	4.0	2.0	3.0	4.0	1197.0	584.0	valide	valide_AI_AM_AF
4362	27851.0	101	JJ165	65v	2998	1	4493.0	1.0	AI	AI	576.0	1.0	0.0	576.0	1200.0	774.0	valide	valide_AI_AM_AF
4363	27851.0	101	JJ165	65v	2999	2	4494.0	2.0	AF	AF	9.0	2.0	2.0	9.0	1192.0	446.0	valide	valide_AI_AM_AF
4364	27852.0	102	JJ165	66r	2999	1	4495.0	0.0	AC	AC	454.0	1.0	0.0	454.0	1053.0	867.0	valide	
4365	27853.0	103	JJ165	66v	3000	1	4496.0	0.0	AC	AC	4.0	1.0	4.0	4.0	1196.0	1031.0	valide	
4366	27854.0	104	JJ165	66v	3000	1	4497.0	1.0	AI	AI	1044.0	1.0	0.0	1044.0	1200.0	301.0	valide	valide_AI_AM_AF
4367	27854.0	104	JJ165	66v	3001	2	4498.0	2.0	AF	AF	26.0	2.0	1.0	26.0	1088.0	855.0	valide	valide_AI_AM_AF
4368	27855.0	105	JJ165	67r	3001	1	4499.0	1.0	AI	AI	880.0	1.0	1.0	880.0	1098.0	433.0	valide	valide_AI_AM_AF
4369	27855.0	105	JJ165	67r	3002	2	4500.0	2.0	AF	AF	3.0	2.0	0.0	3.0	1200.0	1356.0	valide	valide_AI_AM_AF
4370	27856.0	106	JJ165	68r	3003	1	4501.0	1.0	AI	AI	40.0	1.0	1.0	40.0	1049.0	1298.0	valide	valide_AI_AM_AF
4371	27856.0	106	JJ165	68r	3004	2	4502.0	2.0	AF	AF	4.0	2.0	25.0	4.0	1175.0	1364.0	valide	valide_AI_AM_AF
4372	27857.0	107	JJ165	69r	3005	1	4503.0	0.0	AC	AC	39.0	1.0	0.0	39.0	1131.0	713.0	valide	
4373	27858.0	108	JJ165	69r	3005	1	4504.0	1.0	AI	AI	741.0	1.0	1.0	741.0	1101.0	569.0	valide	valide_AI_AM_AF
4374	27858.0	108	JJ165	69r	3006	2	4505.0	2.0	AF	AF	1.0	2.0	11.0	1.0	1189.0	419.0	valide	valide_AI_AM_AF
4375	27859.0	109	JJ165	69v	3006	1	4506.0	1.0	AI	AI	417.0	1.0	9.0	417.0	1191.0	939.0	valide	valide_AI_AM_AF
4376	27859.0	109	JJ165	69v	3007	2	4507.0	2.0	AF	AF	3.0	2.0	0.0	3.0	1199.0	359.0	valide	valide_AI_AM_AF
4377	27860.0	110	JJ165	70r	3007	1	4508.0	0.0	AC	AC	355.0	1.0	0.0	355.0	1099.0	984.0	valide	
4378	27861.0	111	JJ165	70v	3008	1	4509.0	0.0	AC	AC	3.0	1.0	48.0	3.0	1152.0	1092.0	valide	
4379	27862.0	112	JJ165	70v	3008	1	4510.0	0.0	AC	AC	1084.0	1.0	6.0	1084.0	1194.0	261.0	valide	
4380	27863.0	113	JJ165	71r	3009	1	4511.0	1.0	AI	AI	34.0	1.0	0.0	34.0	1061.0	1301.0	valide	valide_AI_AM_AF
4381	27863.0	113	JJ165	71r	3010	2	4512.0	2.0	AF	AF	1.0	2.0	0.0	1.0	1200.0	413.0	valide	valide_AI_AM_AF
4382	27864.0	114	JJ165	71v	3010	1	4513.0	1.0	AI	AI	414.0	1.0	187.0	414.0	1013.0	940.0	valide	valide_AI_AM_AF
4383	27864.0	114	JJ165	71v	3011	2	4514.0	2.0	AF	AF	38.0	2.0	1.0	38.0	1185.0	564.0	valide	valide_AI_AM_AF
4384	27865.0	115	JJ165	72r	3011	1	4515.0	1.0	AI	AI	597.0	1.0	0.0	597.0	1080.0	722.0	valide	valide_AI_AM_AF
4385	27865.0	115	JJ165	72r	3012	2	4516.0	2.0	AF	AF	1.0	2.0	11.0	1.0	1189.0	481.0	valide	valide_AI_AM_AF
4386	27866.0	116	JJ165	72v	3012	1	4517.0	1.0	AI	AI	481.0	1.0	199.0	481.0	1001.0	877.0	valide	valide_AI_AM_AF
4387	27866.0	116	JJ165	72v	3013	2	4518.0	2.0	AF	AF	32.0	2.0	0.0	32.0	1197.0	409.0	valide	valide_AI_AM_AF
4388	27867.0	117	JJ165	73r	3013	1	4519.0	0.0	AC	AC	432.0	1.0	0.0	432.0	1099.0	909.0	valide	
4389	27868.0	118	JJ165	73v	3014	1	4520.0	0.0	AC	AC	12.0	1.0	0.0	12.0	1200.0	1360.0	valide	
4390	27869.0	119	JJ165	74r	3015	1	4521.0	1.0	AI	AI	31.0	1.0	0.0	31.0	1042.0	1309.0	valide	valide_AI_AM_AF
4391	27869.0	119	JJ165	74r	3016	2	4522.0	2.0	AF	AF	14.0	2.0	6.0	14.0	1193.0	395.0	valide	valide_AI_AM_AF
4392	27870.0	120	JJ165	74v	3016	1	4523.0	1.0	AI	AI	409.0	1.0	208.0	409.0	992.0	947.0	valide	valide_AI_AM_AF
4393	27870.0	120	JJ165	74v	3017	2	4524.0	3.0	AM	AM	24.0	2.0	1.0	24.0	1046.0	1326.0	valide	valide_AI_AM_AF
4394	27870.0	120	JJ165	74v	3018	3	4525.0	2.0	AF	AF	1.0	3.0	15.0	1.0	1184.0	467.0	valide	valide_AI_AM_AF
4395	27871.0	121	JJ165	75v	3018	1	4526.0	0.0	AC	AC	466.0	1.0	207.0	466.0	992.0	901.0	valide	
4396	27872.0	122	JJ165	76r	3019	1	4527.0	0.0	AC	AC	32.0	1.0	1.0	32.0	1083.0	792.0	valide	
4397	27873.0	123	JJ165	76r	3019	1	4528.0	1.0	AI	AI	819.0	1.0	0.0	819.0	1103.0	501.0	valide	valide_AI_AM_AF
4398	27873.0	123	JJ165	76r	3020	2	4529.0	2.0	AF	AF	6.0	2.0	7.0	6.0	1192.0	1364.0	valide	valide_AI_AM_AF
4399	27874.0	124	JJ165	77r	3021	1	4530.0	1.0	AI	AI	25.0	1.0	0.0	25.0	1021.0	1307.0	valide	valide_AI_AM_AF
4400	27874.0	124	JJ165	77r	3022	2	4531.0	2.0	AF	AF	3.0	2.0	9.0	3.0	1191.0	416.0	valide	valide_AI_AM_AF
4401	27875.0	125	JJ165	77v	3022	1	4532.0	1.0	AI	AI	417.0	1.0	7.0	417.0	1192.0	949.0	valide	valide_AI_AM_AF
4402	27875.0	125	JJ165	77v	3023	2	4533.0	2.0	AF	AF	10.0	2.0	1.0	10.0	1150.0	950.0	valide	valide_AI_AM_AF
4403	27876.0	126	JJ165	78r	3023	1	4534.0	1.0	AI	AI	957.0	1.0	0.0	957.0	1118.0	357.0	valide	valide_AI_AM_AF
4404	27876.0	126	JJ165	78r	3024	2	4535.0	2.0	AF	AF	1.0	2.0	16.0	1.0	1184.0	737.0	valide	valide_AI_AM_AF
4405	27877.0	127	JJ165	78v	3024	1	4536.0	0.0	AC	AC	737.0	1.0	37.0	737.0	1162.0	625.0	valide	
4406	27878.0	128	JJ165	79r	3025	1	4537.0	1.0	AI	AI	16.0	1.0	0.0	16.0	1026.0	1316.0	valide	valide_AI_AM_AF
4407	27878.0	128	JJ165	79r	3026	2	4538.0	2.0	AF	AF	1.0	2.0	10.0	1.0	1190.0	427.0	valide	valide_AI_AM_AF
4408	27879.0	129	JJ165	79v	3026	1	4539.0	1.0	AI	AI	427.0	1.0	213.0	427.0	986.0	943.0	valide	valide_AI_AM_AF
4409	27879.0	129	JJ165	79v	3027	2	4540.0	2.0	AF	AF	4.0	2.0	2.0	4.0	1184.0	440.0	valide	valide_AI_AM_AF
4410	27880.0	130	JJ165	80r	3027	1	4541.0	1.0	AI	AI	443.0	1.0	1.0	443.0	1118.0	886.0	valide	valide_AI_AM_AF
4411	27880.0	130	JJ165	80r	3028	2	4542.0	2.0	AF	AF	3.0	2.0	13.0	3.0	1187.0	900.0	valide	valide_AI_AM_AF
4412	27881.0	131	JJ165	80v	3028	1	4543.0	1.0	AI	AI	894.0	1.0	12.0	894.0	1188.0	476.0	valide	valide_AI_AM_AF
4413	27881.0	131	JJ165	80v	3029	2	4544.0	2.0	AF	AF	19.0	2.0	1.0	19.0	1188.0	1317.0	valide	valide_AI_AM_AF
4414	27882.0	132	JJ165	81v	3030	1	4545.0	1.0	AI	AI	6.0	1.0	15.0	6.0	1185.0	1360.0	valide	valide_AI_AM_AF
4415	27882.0	132	JJ165	81v	3031	2	4546.0	2.0	AF	AF	19.0	2.0	0.0	19.0	1191.0	652.0	valide	valide_AI_AM_AF
4416	27883.0	133	JJ165	82r	3031	1	4547.0	1.0	AI	AI	670.0	1.0	0.0	670.0	1098.0	650.0	valide	valide_AI_AM_AF
4417	27883.0	133	JJ165	82r	3032	2	4548.0	3.0	AM	AM	2.0	2.0	11.0	2.0	1189.0	1361.0	valide	valide_AI_AM_AF
4418	27883.0	133	JJ165	82r	3033	3	4549.0	3.0	AM	AM	25.0	3.0	0.0	25.0	1068.0	1320.0	valide	valide_AI_AM_AF
4419	27883.0	133	JJ165	82r	3034	4	4550.0	2.0	AF	AF	3.0	4.0	2.0	3.0	1198.0	841.0	valide	valide_AI_AM_AF
4420	27884.0	134	JJ165	83v	3034	1	4551.0	1.0	AI	AI	838.0	1.0	4.0	838.0	1195.0	496.0	valide	valide_AI_AM_AF
4421	27884.0	134	JJ165	83v	3035	2	4552.0	2.0	AF	AF	4.0	2.0	2.0	4.0	1145.0	988.0	valide	valide_AI_AM_AF
4422	27885.0	135	JJ165	84r	3035	1	4553.0	1.0	AI	AI	990.0	1.0	0.0	990.0	1192.0	323.0	valide	valide_AI_AM_AF
4423	27885.0	135	JJ165	84r	3036	2	4554.0	2.0	AF	AF	5.0	2.0	0.0	5.0	1198.0	1371.0	valide	valide_AI_AM_AF
4424	27886.0	136	JJ165	85r	3037	1	4555.0	0.0	AC	AC	5.0	1.0	1.0	5.0	1101.0	1312.0	valide	
4425	27887.0	137	JJ165	85v	3038	1	4556.0	1.0	AI	AI	6.0	1.0	0.0	6.0	1198.0	1362.0	valide	valide_AI_AM_AF
4426	27887.0	137	JJ165	85v	3039	2	4557.0	2.0	AF	AF	2.0	2.0	0.0	2.0	1200.0	682.0	valide	valide_AI_AM_AF
4427	27888.0	138	JJ165	86r	3039	1	4558.0	1.0	AI	AI	686.0	1.0	0.0	686.0	1023.0	627.0	valide	valide_AI_AM_AF
4428	27888.0	138	JJ165	86r	3040	2	4559.0	2.0	AF	AF	1.0	2.0	20.0	1.0	1178.0	695.0	valide	valide_AI_AM_AF
4429	27889.0	139	JJ165	86v	3040	1	4560.0	0.0	AC	AC	690.0	1.0	0.0	690.0	1198.0	672.0	valide	
4430	27890.0	140	JJ165	87r	3041	1	4561.0	1.0	AI	AI	26.0	1.0	0.0	26.0	1021.0	1303.0	valide	valide_AI_AM_AF
4431	27890.0	140	JJ165	87r	3042	2	4562.0	2.0	AF	AF	17.0	2.0	0.0	17.0	1199.0	492.0	valide	valide_AI_AM_AF
4432	27891.0	141	JJ165	87v	3042	1	4563.0	1.0	AI	AI	508.0	1.0	180.0	508.0	1020.0	877.0	valide	valide_AI_AM_AF
4433	27891.0	141	JJ165	87v	3043	2	4564.0	3.0	AM	AM	45.0	2.0	0.0	45.0	1013.0	1297.0	valide	valide_AI_AM_AF
4434	27891.0	141	JJ165	87v	3044	3	4565.0	2.0	AF	AF	38.0	3.0	14.0	38.0	1186.0	457.0	valide	valide_AI_AM_AF
4435	27892.0	142	JJ165	88v	3044	1	4566.0	0.0	AC	AC	497.0	1.0	63.0	497.0	1137.0	880.0	valide	
4436	27893.0	143	JJ165	89r	3045	1	4567.0	1.0	AI	AI	39.0	1.0	0.0	39.0	1033.0	1303.0	valide	valide_AI_AM_AF
4437	27893.0	143	JJ165	89r	3046	2	4568.0	2.0	AF	AF	34.0	2.0	166.0	34.0	1034.0	698.0	valide	valide_AI_AM_AF
4438	27894.0	144	JJ165	89v	3046	1	4569.0	1.0	AI	AI	730.0	1.0	0.0	730.0	1200.0	648.0	valide	valide_AI_AM_AF
4439	27894.0	144	JJ165	89v	3047	2	4570.0	2.0	AF	AF	53.0	2.0	2.0	53.0	1031.0	1306.0	valide	valide_AI_AM_AF
4440	27895.0	145	JJ165	90v	3048	1	4571.0	1.0	AI	AI	42.0	1.0	0.0	42.0	1200.0	1318.0	valide	valide_AI_AM_AF
4441	27895.0	145	JJ165	90v	3049	2	4572.0	2.0	AF	AF	44.0	2.0	0.0	44.0	1034.0	553.0	valide	valide_AI_AM_AF
4442	27896.0	146	JJ165	91r	3049	1	4573.0	1.0	AI	AI	594.0	1.0	0.0	594.0	1047.0	737.0	valide	valide_AI_AM_AF
4443	27896.0	146	JJ165	91r	3050	2	4574.0	3.0	AM	AM	26.0	2.0	0.0	26.0	1200.0	1345.0	valide	valide_AI_AM_AF
4444	27896.0	146	JJ165	91r	3051	3	4575.0	2.0	AF	AF	24.0	3.0	2.0	24.0	1080.0	704.0	valide	valide_AI_AM_AF
4445	27897.0	147	JJ165	92r	3051	1	4576.0	1.0	AI	AI	721.0	1.0	1.0	721.0	1109.0	611.0	valide	valide_AI_AM_AF
4446	27897.0	147	JJ165	92r	3052	2	4577.0	2.0	AF	AF	29.0	2.0	13.0	29.0	1187.0	677.0	valide	valide_AI_AM_AF
4447	27898.0	148	JJ165	92v	3052	1	4578.0	1.0	AI	AI	704.0	1.0	0.0	704.0	1199.0	668.0	valide	valide_AI_AM_AF
4448	27898.0	148	JJ165	92v	3053	2	4579.0	2.0	AF	AF	18.0	2.0	1.0	18.0	1056.0	769.0	valide	valide_AI_AM_AF
4449	27899.0	149	JJ165	93r	3053	1	4580.0	1.0	AI	AI	782.0	1.0	0.0	782.0	1027.0	548.0	valide	valide_AI_AM_AF
4450	27899.0	149	JJ165	93r	3054	2	4581.0	2.0	AF	AF	36.0	2.0	4.0	36.0	1196.0	1341.0	valide	valide_AI_AM_AF
4451	27900.0	150	JJ165	94r	3055	1	4582.0	0.0	AC	AC	54.0	1.0	0.0	54.0	1017.0	1288.0	valide	
4452	27901.0	151	JJ165	94v	3056	1	4583.0	0.0	AC	AC	40.0	1.0	5.0	40.0	1195.0	1335.0	valide	
4453	27902.0	152	JJ165	95r	3057	1	4584.0	1.0	AI	AI	36.0	1.0	0.0	36.0	1016.0	1295.0	valide	valide_AI_AM_AF
4454	27902.0	152	JJ165	95r	3058	2	4585.0	2.0	AF	AF	16.0	2.0	2.0	16.0	1198.0	293.0	valide	valide_AI_AM_AF
4455	27903.0	153	JJ165	95v	3058	1	4586.0	1.0	AI	AI	259.0	1.0	3.0	259.0	1197.0	1105.0	valide	valide_AI_AM_AF
4456	27903.0	153	JJ165	95v	3059	2	4587.0	2.0	AF	AF	9.0	2.0	2.0	9.0	1082.0	461.0	valide	valide_AI_AM_AF
4457	27904.0	154	JJ165	96r	3059	1	4588.0	1.0	AI	AI	468.0	1.0	1.0	468.0	1013.0	865.0	valide	valide_AI_AM_AF
4458	27904.0	154	JJ165	96r	3060	2	4589.0	2.0	AF	AF	23.0	2.0	1.0	23.0	1199.0	631.0	valide	valide_AI_AM_AF
4459	27905.0	155	JJ165	96v	3060	1	4590.0	1.0	AI	AI	652.0	1.0	1.0	652.0	1199.0	693.0	valide	valide_AI_AM_AF
4460	27905.0	155	JJ165	96v	3061	2	4591.0	2.0	AF	AF	1.0	2.0	2.0	1.0	1198.0	328.0	valide	valide_AI_AM_AF
4461	27906.0	156	JJ165	97r	3061	1	4592.0	0.0	AC	AC	327.0	1.0	0.0	327.0	1005.0	1019.0	valide	
4462	27907.0	157	JJ165	97v	3062	1	4593.0	0.0	AC	AC	35.0	1.0	12.0	35.0	1188.0	1006.0	valide	
4463	27908.0	158	JJ165	97v	3062	1	4594.0	1.0	AI	AI	1033.0	1.0	6.0	1033.0	1193.0	323.0	valide	valide_AI_AM_AF
4464	27908.0	158	JJ165	97v	3063	2	4595.0	2.0	AF	AF	32.0	2.0	2.0	32.0	1099.0	1313.0	valide	valide_AI_AM_AF
4465	27909.0	159	JJ165	98v	3064	1	4596.0	0.0	AC	AC	51.0	1.0	1.0	51.0	1199.0	1306.0	valide	
4466	27910.0	160	JJ165	99r	3065	1	4597.0	0.0	AC	AC	25.0	1.0	1.0	25.0	1125.0	980.0	valide	
4467	27911.0	161	JJ165	99r	3065	1	4598.0	1.0	AI	AI	995.0	1.0	1.0	995.0	1144.0	333.0	valide	valide_AI_AM_AF
4468	27911.0	161	JJ165	99r	3066	2	4599.0	2.0	AF	AF	36.0	2.0	60.0	36.0	1140.0	618.0	valide	valide_AI_AM_AF
4469	27912.0	162	JJ165	99v	3066	1	4600.0	1.0	AI	AI	653.0	1.0	41.0	653.0	1159.0	690.0	valide	valide_AI_AM_AF
4470	27912.0	162	JJ165	99v	3067	2	4601.0	3.0	AM	AM	33.0	2.0	0.0	33.0	1030.0	1329.0	valide	valide_AI_AM_AF
4471	27912.0	162	JJ165	99v	3068	3	4602.0	2.0	AF	AF	19.0	3.0	5.0	19.0	1195.0	912.0	valide	valide_AI_AM_AF
4472	27913.0	163	JJ165	100v	3068	1	4603.0	1.0	AI	AI	929.0	1.0	0.0	929.0	1200.0	412.0	valide	valide_AI_AM_AF
4473	27913.0	163	JJ165	100v	3069	2	4604.0	2.0	AF	AF	12.0	2.0	2.0	12.0	1196.0	454.0	valide	valide_AI_AM_AF
4474	27914.0	164	JJ165	101r	3069	1	4605.0	0.0	AC	AC	463.0	1.0	0.0	463.0	1061.0	658.0	valide	
4475	27915.0	165	JJ165	101r	3069	1	4606.0	0.0	AC	AC	1116.0	1.0	5.0	1116.0	954.0	74.0	valide	
4476	27916.0	166	JJ165	101r	3069	1	4607.0	0.0	AC	AC	1173.0	1.0	0.0	1173.0	1196.0	159.0	valide	
4477	27917.0	167	JJ165	101r	3069	1											ancrage_sans_zone_initiale	
4478	27918.0	168	JJ165	101r	3069	1											ancrage_sans_zone_initiale	
4479	27919.0	169	JJ165	101v	3070	1	4608.0	0.0	AC	AC	10.0	1.0	9.0	10.0	1190.0	1345.0	valide	
4480	27920.0	170	JJ165	102r	3071	1	4609.0	0.0	AC	AC	29.0	1.0	0.0	29.0	1049.0	1333.0	valide	
4481	27921.0	171	JJ165	102v	3072	1	4610.0	0.0	AC	AC	10.0	1.0	12.0	10.0	1188.0	1340.0	valide	
4482	27922.0	172	JJ165	103r	3073	1	4611.0	0.0	AC	AC	46.0	1.0	2.0	46.0	1047.0	1314.0	valide	
4483	27923.0	173	JJ165	103v	3074	1	4612.0	1.0	AI	AI	25.0	1.0	1.0	25.0	1198.0	1319.0	valide	valide_AI_AM_AF
4484	27923.0	173	JJ165	103v	3075	2	4613.0	2.0	AF	AF	27.0	2.0	2.0	27.0	1088.0	458.0	valide	valide_AI_AM_AF
4485	27924.0	174	JJ165	104r	3075	1	4614.0	0.0	AC	AC	484.0	1.0	1.0	484.0	1049.0	878.0	valide	
4486	27925.0	175	JJ165	104r	3075	1											ancrage_sans_zone_initiale	
4487	27926.0	176	JJ165	104v	3076	1	4615.0	0.0	AC	AC	13.0	1.0	2.0	13.0	1198.0	991.0	valide	
4488	27927.0	177	JJ165	104v	3076	1	4616.0	1.0	AI	AI	1009.0	1.0	3.0	1009.0	1197.0	328.0	valide	valide_AI_AM_AF
4489	27927.0	177	JJ165	104v	3077	2	4617.0	3.0	AM	AM	31.0	2.0	0.0	31.0	1034.0	1330.0	valide	valide_AI_AM_AF
4490	27927.0	177	JJ165	104v	3078	3	4618.0	2.0	AF	AF	7.0	3.0	3.0	7.0	1197.0	317.0	valide	valide_AI_AM_AF
4491	27929.0	179	JJ165	105v	3078	1	4619.0	0.0	AC	AC	322.0	1.0	58.0	322.0	1142.0	1021.0	valide	
4492	27930.0	180	JJ165	106r	3079	1	4620.0	1.0	AI	AI	37.0	1.0	1.0	37.0	1067.0	1324.0	valide	valide_AI_AM_AF
4493	27930.0	180	JJ165	106r	3080	2	4621.0	3.0	AM	AM	9.0	2.0	37.0	9.0	1163.0	1335.0	valide	valide_AI_AM_AF
4494	27930.0	180	JJ165	106r	3081	3	4622.0	2.0	AF	AF	23.0	3.0	2.0	23.0	1056.0	1339.0	valide	valide_AI_AM_AF
4495	27931.0	181	JJ165	107v	3082	1	4623.0	0.0	AC	AC	42.0	1.0	154.0	42.0	1044.0	735.0	valide	
4496	27932.0	182	JJ165	107v	3082	1	4624.0	1.0	AI	AI	776.0	1.0	5.0	776.0	1194.0	497.0	valide	valide_AI_AM_AF
4497	27932.0	182	JJ165	107v	3083	2	4625.0	2.0	AF	AF	37.0	2.0	0.0	37.0	1200.0	946.0	valide	valide_AI_AM_AF
4498	27933.0	183	JJ165	108r	3083	1	4626.0	1.0	AI	AI	974.0	1.0	0.0	974.0	1034.0	297.0	valide	valide_AI_AM_AF
4499	27933.0	183	JJ165	108r	3084	2	4627.0	3.0	AM	AM	19.0	2.0	208.0	19.0	991.0	1331.0	valide	valide_AI_AM_AF
4500	27933.0	183	JJ165	108r	3085	3	4628.0	2.0	AF	AF	11.0	3.0	0.0	11.0	1200.0	857.0	valide	valide_AI_AM_AF
4501	27934.0	184	JJ165	109r	3085	1	4629.0	1.0	AI	AI	863.0	1.0	1.0	863.0	1135.0	484.0	valide	valide_AI_AM_AF
4502	27934.0	184	JJ165	109r	3086	2	4630.0	2.0	AF	AF	18.0	2.0	132.0	18.0	1067.0	1335.0	valide	valide_AI_AM_AF
4503	27935.0	185	JJ165	110r	3087	1	4631.0	1.0	AI	AI	36.0	1.0	0.0	36.0	1044.0	1321.0	valide	valide_AI_AM_AF
4504	27935.0	185	JJ165	110r	3088	2	4632.0	2.0	AF	AF	13.0	2.0	166.0	13.0	1034.0	507.0	valide	valide_AI_AM_AF
4505	27936.0	186	JJ165	110v	3088	1	4633.0	0.0	AC	AC	516.0	1.0	182.0	516.0	1018.0	633.0	valide	
4506	27937.0	187	JJ165	110v	3088	1	4634.0	0.0	AC	AC	1146.0	1.0	0.0	1146.0	1200.0	195.0	valide	
4507	27938.0	188	JJ165	111r	3089	1	4635.0	0.0	AC	AC	24.0	1.0	1.0	24.0	1073.0	747.0	valide	
4508	27939.0	189	JJ165	111r	3089	1	4636.0	1.0	AI	AI	771.0	1.0	0.0	771.0	1031.0	573.0	valide	valide_AI_AM_AF
4509	27939.0	189	JJ165	111r	3090	2	4637.0	2.0	AF	AF	4.0	2.0	23.0	4.0	1177.0	1354.0	valide	valide_AI_AM_AF
4510	27940.0	190	JJ165	112r	3091	1	4638.0	1.0	AI	AI	47.0	1.0	1.0	47.0	1034.0	1309.0	valide	valide_AI_AM_AF
4511	27940.0	190	JJ165	112r	3092	2	4639.0	3.0	AM	AM	10.0	2.0	186.0	10.0	1014.0	1344.0	valide	valide_AI_AM_AF
4512	27940.0	190	JJ165	112r	3093	3	4640.0	3.0	AM	AM	23.0	3.0	0.0	23.0	1053.0	1334.0	valide	valide_AI_AM_AF
4513	27940.0	190	JJ165	112r	3094	4	4641.0	3.0	AM	AM	12.0	4.0	220.0	12.0	980.0	1343.0	valide	valide_AI_AM_AF
4514	27940.0	190	JJ165	112r	3095	5	4642.0	3.0	AM	AM	30.0	5.0	0.0	30.0	1054.0	1323.0	valide	valide_AI_AM_AF
4515	27940.0	190	JJ165	112r	3096	6	4643.0	3.0	AM	AM	17.0	6.0	0.0	17.0	1200.0	1330.0	valide	valide_AI_AM_AF
4516	27940.0	190	JJ165	112r	3097	7	4644.0	2.0	AF	AF	33.0	7.0	2.0	33.0	1051.0	1324.0	valide	valide_AI_AM_AF
4517	27941.0	191	JJ165	115v	3098	1	4645.0	0.0	AC	AC	19.0	1.0	0.0	19.0	1200.0	616.0	valide	
4518	27942.0	192	JJ165	115v	3098	1	4646.0	0.0	AC	AC	635.0	1.0	0.0	635.0	1200.0	722.0	valide	
4519	27943.0	193	JJ165	116r	3099	1	4647.0	0.0	AC	AC	39.0	1.0	0.0	39.0	1068.0	1011.0	valide	
4520	27944.0	194	JJ165	116r	3099	1	4648.0	0.0	AC	AC	1044.0	1.0	1.0	1044.0	1169.0	307.0	valide	
4521	27945.0	195	JJ165	116v	3100	1	4649.0	0.0	AC	AC	18.0	1.0	0.0	18.0	1200.0	949.0	valide	
4522	27946.0	196	JJ165	116v	3100	1	4650.0	1.0	AI	AI	967.0	1.0	6.0	967.0	1194.0	370.0	valide	valide_AI_AM_AF
4523	27946.0	196	JJ165	116v	3101	2	4651.0	3.0	AM	AM	11.0	2.0	0.0	11.0	1044.0	1345.0	valide	valide_AI_AM_AF
4524	27946.0	196	JJ165	116v	3102	3	4652.0	2.0	AF	AF	36.0	3.0	20.0	36.0	1180.0	574.0	valide	valide_AI_AM_AF
4525	27947.0	197	JJ165	117v	3102	1	4653.0	1.0	AI	AI	610.0	1.0	8.0	610.0	1192.0	726.0	valide	valide_AI_AM_AF
4526	27947.0	197	JJ165	117v	3103	2	4654.0	2.0	AF	AF	15.0	2.0	2.0	15.0	1126.0	489.0	valide	valide_AI_AM_AF
4527	27948.0	198	JJ165	118r	3103	1	4655.0	1.0	AI	AI	501.0	1.0	0.0	501.0	1023.0	853.0	valide	valide_AI_AM_AF
4528	27948.0	198	JJ165	118r	3104	2	4656.0	2.0	AF	AF	43.0	2.0	215.0	43.0	984.0	479.0	valide	valide_AI_AM_AF
4529	27949.0	199	JJ165	118v	3104	1	4657.0	0.0	AC	AC	521.0	1.0	207.0	521.0	992.0	840.0	valide	
4530	27950.0	200	JJ165	119r	3105	1	4658.0	1.0	AI	AI	32.0	1.0	0.0	32.0	1029.0	1305.0	valide	valide_AI_AM_AF
4531	27950.0	200	JJ165	119r	3106	2	4659.0	2.0	AF	AF	41.0	2.0	173.0	41.0	1025.0	353.0	valide	valide_AI_AM_AF
4532	27951.0	201	JJ165	119v	3106	1	4660.0	1.0	AI	AI	395.0	1.0	172.0	395.0	1026.0	880.0	valide	valide_AI_AM_AF
4533	27951.0	201	JJ165	119v	3107	2	4661.0	2.0	AF	AF	41.0	2.0	0.0	41.0	1110.0	519.0	valide	valide_AI_AM_AF
4534	27952.0	202	JJ165	120r	3107	1	4662.0	1.0	AI	AI	558.0	1.0	0.0	558.0	1043.0	765.0	valide	valide_AI_AM_AF
4535	27952.0	202	JJ165	120r	3108	2	4663.0	2.0	AF	AF	26.0	2.0	192.0	26.0	1008.0	691.0	valide	valide_AI_AM_AF
4536	27953.0	203	JJ165	120v	3108	1	4664.0	1.0	AI	AI	714.0	1.0	168.0	714.0	1032.0	610.0	valide	valide_AI_AM_AF
4537	27953.0	203	JJ165	120v	3109	2	4665.0	2.0	AF	AF	8.0	2.0	0.0	8.0	1200.0	437.0	valide	valide_AI_AM_AF
4538	27954.0	204	JJ165	121r	3109	1	4666.0	0.0	AC	AC	440.0	1.0	1.0	440.0	1069.0	910.0	valide	
4539	27955.0	205	JJ165	121v	3110	1	4667.0	0.0	AC	AC	44.0	1.0	11.0	44.0	1189.0	1301.0	valide	
4540	27956.0	206	JJ165	122r	3111	1	4668.0	1.0	AI	AI	26.0	1.0	0.0	26.0	1017.0	1319.0	valide	valide_AI_AM_AF
4541	27956.0	206	JJ165	122r	3112	2	4669.0	2.0	AF	AF	30.0	2.0	18.0	30.0	1182.0	471.0	valide	valide_AI_AM_AF
4542	27957.0	207	JJ165	122v	3112	1	4670.0	1.0	AI	AI	500.0	1.0	122.0	500.0	1078.0	834.0	valide	valide_AI_AM_AF
4543	27957.0	207	JJ165	122v	3113	2	4671.0	3.0	AM	AM	36.0	2.0	1.0	36.0	1131.0	1306.0	valide	valide_AI_AM_AF
4544	27957.0	207	JJ165	122v	3114	3	4672.0	2.0	AF	AF	39.0	3.0	0.0	39.0	1200.0	504.0	valide	valide_AI_AM_AF
4545	27958.0	208	JJ165	123v	3114	1	4673.0	1.0	AI	AI	544.0	1.0	54.0	544.0	1146.0	801.0	valide	valide_AI_AM_AF
4546	27958.0	208	JJ165	123v	3115	2	4674.0	2.0	AF	AF	11.0	2.0	0.0	11.0	1199.0	648.0	valide	valide_AI_AM_AF
4547	27959.0	209	JJ165	124r	3115	1	4675.0	0.0	AC	AC	655.0	1.0	1.0	655.0	1049.0	663.0	valide	
4548	27960.0	210	JJ165	124v	3116	1	4676.0	0.0	AC	AC	40.0	1.0	159.0	40.0	1041.0	1306.0	valide	
4549	27961.0	211	JJ165	125r	3117	1	4677.0	0.0	AC	AC	39.0	1.0	0.0	39.0	1049.0	1307.0	valide	
4550	27962.0	212	JJ165	125v	3118	1	4678.0	0.0	AC	AC	45.0	1.0	0.0	45.0	1200.0	889.0	valide	
4551	27963.0	213	JJ165	125v	3118	1	4679.0	1.0	AI	AI	930.0	1.0	6.0	930.0	1194.0	398.0	valide	valide_AI_AM_AF
4552	27963.0	213	JJ165	125v	3119	2	4680.0	2.0	AF	AF	18.0	2.0	1.0	18.0	1089.0	775.0	valide	valide_AI_AM_AF
4553	27964.0	214	JJ165	126r	3119	1	4681.0	1.0	AI	AI	793.0	1.0	0.0	793.0	1026.0	519.0	valide	valide_AI_AM_AF
4554	27964.0	214	JJ165	126r	3120	2	4682.0	2.0	AF	AF	31.0	2.0	175.0	31.0	1025.0	586.0	valide	valide_AI_AM_AF
4555	27965.0	215	JJ165	126v	3120	1	4683.0	0.0	AC	AC	617.0	1.0	216.0	617.0	984.0	711.0	valide	
4556	27966.0	216	JJ165	127r	3121	1	4684.0	1.0	AI	AI	41.0	1.0	0.0	41.0	1017.0	1300.0	valide	valide_AI_AM_AF
4557	27966.0	216	JJ165	127r	3122	2	4685.0	2.0	AF	AF	28.0	2.0	6.0	28.0	1194.0	395.0	valide	valide_AI_AM_AF
4558	27967.0	217	JJ165	127v	3122	1	4686.0	1.0	AI	AI	424.0	1.0	205.0	424.0	995.0	920.0	valide	valide_AI_AM_AF
4559	27967.0	217	JJ165	127v	3123	2	4687.0	2.0	AF	AF	26.0	2.0	0.0	26.0	1182.0	639.0	valide	valide_AI_AM_AF
4560	27968.0	218	JJ165	128r	3123	1	4688.0	1.0	AI	AI	664.0	1.0	0.0	664.0	1025.0	654.0	valide	valide_AI_AM_AF
4561	27968.0	218	JJ165	128r	3124	2	4689.0	3.0	AM	AM	15.0	2.0	97.0	15.0	1103.0	1323.0	valide	valide_AI_AM_AF
4562	27968.0	218	JJ165	128r	3125	3	4690.0	3.0	AM	AM	45.0	3.0	0.0	45.0	1026.0	1298.0	valide	valide_AI_AM_AF
4563	27968.0	218	JJ165	128r	3126	4	4691.0	3.0	AM	AM	25.0	4.0	49.0	25.0	1150.0	1315.0	valide	valide_AI_AM_AF
4564	27968.0	218	JJ165	128r	3127	5	4692.0	2.0	AF	AF	30.0	5.0	2.0	30.0	1106.0	444.0	valide	valide_AI_AM_AF
4565	27969.0	219	JJ165	130r	3127	1	4693.0	1.0	AI	AI	470.0	1.0	0.0	470.0	1027.0	863.0	valide	valide_AI_AM_AF
4566	27969.0	219	JJ165	130r	3128	2	4694.0	2.0	AF	AF	18.0	2.0	21.0	18.0	1178.0	499.0	valide	valide_AI_AM_AF
4567	27970.0	220	JJ165	130v	3128	1	4695.0	1.0	AI	AI	513.0	1.0	22.0	513.0	1177.0	831.0	valide	valide_AI_AM_AF
4568	27970.0	220	JJ165	130v	3129	2	4696.0	3.0	AM	AM	29.0	2.0	1.0	29.0	1032.0	1314.0	valide	valide_AI_AM_AF
4569	27970.0	220	JJ165	130v	3130	3	4697.0	2.0	AF	AF	11.0	3.0	5.0	11.0	1193.0	418.0	valide	valide_AI_AM_AF
4570	27971.0	221	JJ165	131v	3130	1	4698.0	1.0	AI	AI	429.0	1.0	119.0	429.0	1080.0	902.0	valide	valide_AI_AM_AF
4571	27971.0	221	JJ165	131v	3131	2	4699.0	2.0	AF	AF	25.0	2.0	2.0	25.0	1055.0	852.0	valide	valide_AI_AM_AF
4572	27972.0	222	JJ165	132r	3131	1	4700.0	1.0	AI	AI	874.0	1.0	0.0	874.0	1045.0	476.0	valide	valide_AI_AM_AF
4573	27972.0	222	JJ165	132r	3132	2	4701.0	2.0	AF	AF	17.0	2.0	47.0	17.0	1152.0	674.0	valide	valide_AI_AM_AF
4574	27973.0	223	JJ165	132v	3132	1	4702.0	1.0	AI	AI	690.0	1.0	108.0	690.0	1091.0	626.0	valide	valide_AI_AM_AF
4575	27973.0	223	JJ165	132v	3133	2	4703.0	2.0	AF	AF	4.0	2.0	0.0	4.0	1200.0	560.0	valide	valide_AI_AM_AF
4576	27974.0	224	JJ165	133r	3133	1	4704.0	1.0	AI	AI	566.0	1.0	0.0	566.0	1020.0	787.0	valide	valide_AI_AM_AF
4577	27974.0	224	JJ165	133r	3134	2	4705.0	2.0	AF	AF	17.0	2.0	6.0	17.0	1193.0	393.0	valide	valide_AI_AM_AF
4578	27975.0	225	JJ165	133v	3134	1	4706.0	0.0	AC	AC	411.0	1.0	192.0	411.0	1007.0	924.0	valide	
4579	27976.0	226	JJ165	134r	3135	1	4707.0	0.0	AC	AC	13.0	1.0	1.0	13.0	1101.0	1302.0	valide	
4580	27977.0	227	JJ165	134v	3136	1	4708.0	0.0	AC	AC	23.0	1.0	1.0	23.0	1198.0	1321.0	valide	
4581	27978.0	228	JJ165	135r	3137	1	4709.0	1.0	AI	AI	9.0	1.0	1.0	9.0	1018.0	1329.0	valide	valide_AI_AM_AF
4582	27978.0	228	JJ165	135r	3138	2	4710.0	2.0	AF	AF	14.0	2.0	185.0	14.0	1013.0	1326.0	valide	valide_AI_AM_AF
4583	27979.0	229	JJ165	136r	3139	1	4711.0	0.0	AC	AC	8.0	1.0	1.0	8.0	1037.0	1332.0	valide	
4584	27980.0	230	JJ165	136v	3140	1	4712.0	0.0	AC	AC	44.0	1.0	214.0	44.0	985.0	1301.0	valide	
4585	27981.0	231	JJ165	137r	3141	1	4713.0	1.0	AI	AI	7.0	1.0	1.0	7.0	1016.0	1347.0	valide	valide_AI_AM_AF
4586	27981.0	231	JJ165	137r	3142	2	4714.0	2.0	AF	AF	25.0	2.0	195.0	25.0	1004.0	522.0	valide	valide_AI_AM_AF
4587	27982.0	232	JJ165	137v	3142	1	4715.0	1.0	AI	AI	537.0	1.0	214.0	537.0	984.0	783.0	valide	valide_AI_AM_AF
4588	27982.0	232	JJ165	137v	3143	2	4716.0	2.0	AF	AF	7.0	2.0	0.0	7.0	1040.0	798.0	valide	valide_AI_AM_AF
4589	27983.0	233	JJ165	138r	3143	1	4717.0	1.0	AI	AI	801.0	1.0	2.0	801.0	1044.0	526.0	valide	valide_AI_AM_AF
4590	27983.0	233	JJ165	138r	3144	2	4718.0	2.0	AF	AF	14.0	2.0	7.0	14.0	1192.0	572.0	valide	valide_AI_AM_AF
4591	27984.0	234	JJ165	138v	3144	1	4719.0	1.0	AI	AI	585.0	1.0	214.0	585.0	984.0	729.0	valide	valide_AI_AM_AF
4592	27984.0	234	JJ165	138v	3145	2	4720.0	3.0	AM	AM	16.0	2.0	0.0	16.0	1038.0	1346.0	valide	valide_AI_AM_AF
4593	27984.0	234	JJ165	138v	3146	3	4721.0	2.0	AF	AF	19.0	3.0	197.0	19.0	1002.0	801.0	valide	valide_AI_AM_AF
4594	27985.0	235	JJ165	139v	3146	1	4722.0	1.0	AI	AI	821.0	1.0	209.0	821.0	990.0	493.0	valide	valide_AI_AM_AF
4595	27985.0	235	JJ165	139v	3147	2	4723.0	2.0	AF	AF	2.0	2.0	0.0	2.0	1200.0	860.0	valide	valide_AI_AM_AF
4596	27986.0	236	JJ165	140r	3147	1	4724.0	1.0	AI	AI	851.0	1.0	1.0	851.0	1045.0	503.0	valide	valide_AI_AM_AF
4597	27986.0	236	JJ165	140r	3148	2	4725.0	2.0	AF	AF	28.0	2.0	206.0	28.0	992.0	1320.0	valide	valide_AI_AM_AF
4598	27987.0	237	JJ165	141r	3149	1	4726.0	1.0	AI	AI	13.0	1.0	0.0	13.0	1043.0	1345.0	valide	valide_AI_AM_AF
4599	27987.0	237	JJ165	141r	3150	2	4727.0	2.0	AF	AF	5.0	2.0	8.0	5.0	1189.0	450.0	valide	valide_AI_AM_AF
4600	27988.0	238	JJ165	141v	3150	1	4728.0	1.0	AI	AI	455.0	1.0	215.0	455.0	984.0	868.0	valide	valide_AI_AM_AF
4601	27988.0	238	JJ165	141v	3151	2	4729.0	2.0	AF	AF	2.0	2.0	0.0	2.0	1200.0	918.0	valide	valide_AI_AM_AF
4602	27989.0	239	JJ165	142r	3151	1	4730.0	1.0	AI	AI	923.0	1.0	1.0	923.0	1142.0	441.0	valide	valide_AI_AM_AF
4603	27989.0	239	JJ165	142r	3152	2	4731.0	2.0	AF	AF	15.0	2.0	25.0	15.0	1174.0	1014.0	valide	valide_AI_AM_AF
4604	27990.0	240	JJ165	142v	3152	1	4732.0	0.0	AC	AC	1027.0	1.0	14.0	1027.0	1186.0	282.0	valide	
4605	27991.0	241	JJ165	143r	3153	1	4733.0	0.0	AC	AC	6.0	1.0	1.0	6.0	1020.0	1355.0	valide	
4606	27992.0	242	JJ165	143v	3154	1	4734.0	0.0	AC	AC	10.0	1.0	3.0	10.0	1196.0	1017.0	valide	
4607	27993.0	243	JJ165	143v	3154	1	4735.0	1.0	AI	AI	1032.0	1.0	116.0	1032.0	1082.0	276.0	valide	valide_AI_AM_AF
4608	27993.0	243	JJ165	143v	3155	2	4736.0	2.0	AF	AF	1.0	2.0	0.0	1.0	1200.0	928.0	valide	valide_AI_AM_AF
4609	27994.0	244	JJ165	144r	3155	1	4737.0	1.0	AI	AI	929.0	1.0	1.0	929.0	1105.0	437.0	valide	valide_AI_AM_AF
4610	27994.0	244	JJ165	144r	3156	2	4738.0	2.0	AF	AF	21.0	2.0	22.0	21.0	1177.0	1315.0	valide	valide_AI_AM_AF
4611	27995.0	245	JJ165	145r	3157	1	4739.0	0.0	AC	AC	6.0	1.0	1.0	6.0	1105.0	1015.0	valide	
4612	27996.0	246	JJ165	145r	3157	1	4740.0	1.0	AI	AI	1010.0	1.0	0.0	1010.0	1118.0	349.0	valide	valide_AI_AM_AF
4613	27996.0	246	JJ165	145r	3158	2	4741.0	2.0	AF	AF	15.0	2.0	5.0	15.0	1194.0	815.0	valide	valide_AI_AM_AF
4614	27997.0	247	JJ165	145v	3158	1	4742.0	1.0	AI	AI	828.0	1.0	3.0	828.0	1196.0	481.0	valide	valide_AI_AM_AF
4615	27997.0	247	JJ165	145v	3159	2	4743.0	2.0	AF	AF	4.0	2.0	2.0	4.0	1183.0	454.0	valide	valide_AI_AM_AF
4616	27998.0	248	JJ165	146r	3159	1	4744.0	1.0	AI	AI	457.0	1.0	1.0	457.0	1057.0	901.0	valide	valide_AI_AM_AF
4617	27998.0	248	JJ165	146r	3160	2	4745.0	2.0	AF	AF	39.0	2.0	8.0	39.0	1191.0	1306.0	valide	valide_AI_AM_AF
4618	27999.0	249	JJ165	147r	3161	1	4746.0	0.0	AC	AC	13.0	1.0	1.0	13.0	1052.0	744.0	valide	
4619	28000.0	250	JJ165	147r	3161	1	4747.0	1.0	AI	AI	754.0	1.0	0.0	754.0	1033.0	598.0	valide	valide_AI_AM_AF
4620	28000.0	250	JJ165	147r	3162	2	4748.0	2.0	AF	AF	8.0	2.0	6.0	8.0	1194.0	840.0	valide	valide_AI_AM_AF
4621	28001.0	251	JJ165	147v	3162	1	4749.0	1.0	AI	AI	846.0	1.0	130.0	846.0	1068.0	467.0	valide	valide_AI_AM_AF
4622	28001.0	251	JJ165	147v	3163	2	4750.0	3.0	AM	AM	8.0	2.0	0.0	8.0	1053.0	1350.0	valide	valide_AI_AM_AF
4623	28001.0	251	JJ165	147v	3164	3	4751.0	2.0	AF	AF	1.0	3.0	6.0	1.0	1193.0	361.0	valide	valide_AI_AM_AF
4624	28002.0	252	JJ165	148v	3164	1	4752.0	0.0	AC	AC	360.0	1.0	211.0	360.0	987.0	709.0	valide	
4625	28003.0	253	JJ165	148v	3164	1	4753.0	0.0	AC	AC	1068.0	1.0	11.0	1068.0	1188.0	244.0	valide	
4626	28004.0	254	JJ165	149r	3165	1	4754.0	1.0	AI	AI	12.0	1.0	0.0	12.0	1042.0	1336.0	valide	valide_AI_AM_AF
4627	28004.0	254	JJ165	149r	3166	2	4755.0	2.0	AF	AF	8.0	2.0	64.0	8.0	1136.0	464.0	valide	valide_AI_AM_AF
4628	28005.0	255	JJ165	149v	3166	1	4756.0	0.0	AC	AC	470.0	1.0	218.0	470.0	902.0	71.0	valide	
4629	28006.0	256	JJ165	149v	3166	1	4757.0	0.0	AC	AC	536.0	1.0	214.0	536.0	985.0	780.0	valide	
4630	28007.0	257	JJ165	150r	3167	1	4758.0	0.0	AC	AC	8.0	1.0	1.0	8.0	1096.0	833.0	valide	
4631	28008.0	258	JJ165	150r	3167	1	4759.0	1.0	AI	AI	837.0	1.0	1.0	837.0	1050.0	509.0	valide	valide_AI_AM_AF
4632	28008.0	258	JJ165	150r	3168	2	4760.0	2.0	AF	AF	4.0	2.0	12.0	4.0	1187.0	695.0	valide	valide_AI_AM_AF
4633	28009.0	259	JJ165	150v	3168	1	4761.0	0.0	AC	AC	697.0	1.0	202.0	697.0	996.0	612.0	valide	
4634	28010.0	260	JJ165	151r	3169	1	4762.0	1.0	AI	AI	7.0	1.0	0.0	7.0	1068.0	1348.0	valide	valide_AI_AM_AF
4635	28010.0	260	JJ165	151r	3170	2	4763.0	3.0	AM	AM	6.0	2.0	4.0	6.0	1195.0	1331.0	valide	valide_AI_AM_AF
4636	28010.0	260	JJ165	151r	3171	3	4764.0	3.0	AM	AM	7.0	3.0	0.0	7.0	1030.0	1361.0	valide	valide_AI_AM_AF
4637	28010.0	260	JJ165	151r	3172	4	4765.0	3.0	AM	AM	5.0	4.0	80.0	5.0	1119.0	1335.0	valide	valide_AI_AM_AF
4638	28010.0	260	JJ165	151r	3173	5	4766.0	2.0	AF	AF	4.0	5.0	2.0	4.0	1149.0	523.0	valide	valide_AI_AM_AF
4639	28011.0	261	JJ165	153r	3173	1	4767.0	1.0	AI	AI	527.0	1.0	1.0	527.0	1027.0	838.0	valide	valide_AI_AM_AF
4640	28011.0	261	JJ165	153r	3174	2	4768.0	3.0	AM	AM	8.0	2.0	4.0	8.0	1195.0	1331.0	valide	valide_AI_AM_AF
4641	28011.0	261	JJ165	153r	3175	3	4769.0	2.0	AF	AF	3.0	3.0	1.0	3.0	1199.0	558.0	valide	valide_AI_AM_AF
4642	28012.0	262	JJ165	154r	3175	1	4770.0	1.0	AI	AI	563.0	1.0	1.0	563.0	1060.0	800.0	valide	valide_AI_AM_AF
4643	28012.0	262	JJ165	154r	3176	2	4771.0	2.0	AF	AF	7.0	2.0	3.0	7.0	1196.0	1012.0	valide	valide_AI_AM_AF
4644	28013.0	263	JJ165	154v	3176	1	4772.0	1.0	AI	AI	1020.0	1.0	6.0	1020.0	1193.0	289.0	valide	valide_AI_AM_AF
4645	28013.0	263	JJ165	154v	3177	2	4773.0	3.0	AM	AM	28.0	2.0	0.0	28.0	1072.0	1331.0	valide	valide_AI_AM_AF
4646	28013.0	263	JJ165	154v	3178	3	4774.0	2.0	AF	AF	13.0	3.0	7.0	13.0	1191.0	749.0	valide	valide_AI_AM_AF
4647	28014.0	264	JJ165	155v	3178	1	4775.0	1.0	AI	AI	763.0	1.0	5.0	763.0	1194.0	551.0	valide	valide_AI_AM_AF
4648	28014.0	264	JJ165	155v	3179	2	4776.0	3.0	AM	AM	15.0	2.0	0.0	15.0	1044.0	1349.0	valide	valide_AI_AM_AF
4649	28014.0	264	JJ165	155v	3180	3	4777.0	3.0	AM	AM	15.0	3.0	210.0	15.0	989.0	1330.0	valide	valide_AI_AM_AF
4650	28014.0	264	JJ165	155v	3181	4	4778.0	3.0	AM	AM	23.0	4.0	0.0	23.0	1078.0	1344.0	valide	valide_AI_AM_AF
4651	28014.0	264	JJ165	155v	3182	5	4779.0	3.0	AM	AM	30.0	5.0	12.0	30.0	1188.0	1316.0	valide	valide_AI_AM_AF
4652	28014.0	264	JJ165	155v	3183	6	4780.0	3.0	AM	AM	3.0	6.0	1.0	3.0	1031.0	1360.0	valide	valide_AI_AM_AF
4653	28014.0	264	JJ165	155v	3184	7	4781.0	2.0	AF	AF	25.0	7.0	218.0	25.0	981.0	1321.0	valide	valide_AI_AM_AF
4654	28015.0	265	JJ165	159r	3185	1	4782.0	0.0	AC	AC	32.0	1.0	0.0	32.0	1076.0	1328.0	valide	
4655	28016.0	266	JJ165	159v	3186	1	4783.0	0.0	AC	AC	38.0	1.0	11.0	38.0	1188.0	1308.0	valide	
4656	28017.0	267	JJ165	160r	3187	1	4784.0	1.0	AI	AI	26.0	1.0	1.0	26.0	1041.0	1326.0	valide	valide_AI_AM_AF
4657	28017.0	267	JJ165	160r	3188	2	4785.0	2.0	AF	AF	19.0	2.0	6.0	19.0	1192.0	320.0	valide	valide_AI_AM_AF
4658	28017.1	267bis	JJ165	160v	3188	1	4786.0	1.0	AI	AI	338.0	1.0	216.0	338.0	983.0	1004.0	valide	valide_AI_AM_AF
4659	28017.1	267bis	JJ165	160v	3189	2	4787.0	2.0	AF	AF	13.0	2.0	0.0	13.0	1055.0	552.0	valide	valide_AI_AM_AF
4660	28018.0	268	JJ165	160v	3188	1											ancrage_sans_zone_initiale	
4661	28019.0	269	JJ165	161r	3189	1	4788.0	1.0	AI	AI	566.0	1.0	0.0	566.0	1035.0	791.0	valide	valide_AI_AM_AF
4662	28019.0	269	JJ165	161r	3190	2	4789.0	2.0	AF	AF	23.0	2.0	0.0	23.0	1199.0	471.0	valide	valide_AI_AM_AF
4663	28020.0	270	JJ165	161v	3190	1	4790.0	1.0	AI	AI	494.0	1.0	215.0	494.0	984.0	848.0	valide	valide_AI_AM_AF
4664	28020.0	270	JJ165	161v	3191	2	4791.0	3.0	AM	AM	23.0	2.0	2.0	23.0	1035.0	1332.0	valide	valide_AI_AM_AF
4665	28020.0	270	JJ165	161v	3192	3	4792.0	2.0	AF	AF	9.0	3.0	19.0	9.0	1181.0	858.0	valide	valide_AI_AM_AF
4666	28021.0	271	JJ165	162v	3192	1	4793.0	1.0	AI	AI	866.0	1.0	33.0	866.0	1167.0	426.0	valide	valide_AI_AM_AF
4667	28021.0	271	JJ165	162v	3193	2	4794.0	2.0	AF	AF	12.0	2.0	2.0	12.0	1159.0	381.0	valide	valide_AI_AM_AF
4668	28022.0	272	JJ165	163r	3193	1	4795.0	1.0	AI	AI	393.0	1.0	1.0	393.0	1036.0	960.0	valide	valide_AI_AM_AF
4669	28022.0	272	JJ165	163r	3194	2	4796.0	2.0	AF	AF	8.0	2.0	6.0	8.0	1194.0	469.0	valide	valide_AI_AM_AF
4670	28023.0	273	JJ165	163v	3194	1	4797.0	1.0	AI	AI	478.0	1.0	218.0	478.0	982.0	829.0	valide	valide_AI_AM_AF
4671	28023.0	273	JJ165	163v	3195	2	4798.0	2.0	AF	AF	13.0	2.0	3.0	13.0	1034.0	1327.0	valide	valide_AI_AM_AF
4672	28024.0	274	JJ165	164v	3196	1	4799.0	0.0	AC	AC	7.0	1.0	15.0	7.0	1185.0	800.0	valide	
4673	28025.0	275	JJ165	164v	3196	1	4800.0	1.0	AI	AI	805.0	1.0	18.0	805.0	1181.0	483.0	valide	valide_AI_AM_AF
4674	28025.0	275	JJ165	164v	3197	2	4801.0	2.0	AF	AF	7.0	2.0	2.0	7.0	1056.0	532.0	valide	valide_AI_AM_AF
4675	28026.0	276	JJ165	165r	3197	1	4802.0	1.0	AI	AI	539.0	1.0	1.0	539.0	1034.0	791.0	valide	valide_AI_AM_AF
4676	28026.0	276	JJ165	165r	3198	2	4803.0	2.0	AF	AF	3.0	2.0	10.0	3.0	1190.0	449.0	valide	valide_AI_AM_AF
4677	28027.0	277	JJ165	165v	3198	1	4804.0	0.0	AC	AC	451.0	1.0	227.0	451.0	973.0	553.0	valide	
4678	28028.0	278	JJ165	165v	3198	1	4805.0	1.0	AI	AI	1004.0	1.0	81.0	1004.0	1119.0	284.0	valide	valide_AI_AM_AF
4679	28028.0	278	JJ165	165v	3199	2	4806.0	2.0	AF	AF	6.0	2.0	2.0	6.0	1035.0	1334.0	valide	valide_AI_AM_AF
4680	28029.0	279	JJ165	166v	3200	1	4807.0	0.0	AC	AC	11.0	1.0	224.0	11.0	976.0	1307.0	valide	
4681	28030.0	280	JJ165	167r	3201	1	4808.0	1.0	AI	AI	31.0	1.0	0.0	31.0	1039.0	1312.0	valide	valide_AI_AM_AF
4682	28030.0	280	JJ165	167r	3202	2	4809.0	2.0	AF	AF	6.0	2.0	47.0	6.0	1153.0	404.0	valide	valide_AI_AM_AF
4683	28031.0	281	JJ165	167v	3202	1	4810.0	1.0	AI	AI	411.0	1.0	220.0	411.0	980.0	895.0	valide	valide_AI_AM_AF
4684	28031.0	281	JJ165	167v	3203	2	4811.0	2.0	AF	AF	9.0	2.0	2.0	9.0	1079.0	439.0	valide	valide_AI_AM_AF
4685	28032.0	282	JJ165	168r	3203	1	4812.0	1.0	AI	AI	448.0	1.0	1.0	448.0	1053.0	880.0	valide	valide_AI_AM_AF
4686	28032.0	282	JJ165	168r	3204	2	4813.0	3.0	AM	AM	12.0	2.0	219.0	12.0	981.0	1308.0	valide	valide_AI_AM_AF
4687	28032.0	282	JJ165	168r	3205	3	4814.0	2.0	AF	AF	5.0	3.0	2.0	5.0	1188.0	332.0	valide	valide_AI_AM_AF
4688	28032.1	282bis	JJ165	169r	3205	1	4815.0	0.0	AC	AC	335.0	1.0	0.0	335.0	1086.0	671.0	valide	
4689	28033.0	283	JJ165	169r	3205	1	4816.0	0.0	AC	AC	951.0	1.0	3.0	951.0	923.0	64.0	valide	
4690	28034.0	284	JJ165	169r	3205	1	4817.0	1.0	AI	AI	1013.0	1.0	0.0	1013.0	1168.0	303.0	valide	valide_AI_AM_AF
4691	28034.0	284	JJ165	169r	3206	2	4818.0	3.0	AM	AM	8.0	2.0	127.0	8.0	1073.0	1315.0	valide	valide_AI_AM_AF
4692	28034.0	284	JJ165	169r	3207	3	4819.0	2.0	AF	AF	19.0	3.0	0.0	19.0	1099.0	568.0	valide	valide_AI_AM_AF
4693	28035.0	285	JJ165	169r	3205	1											ancrage_sans_zone_initiale	
4694	28036.0	286	JJ165	170r	3207	1	4820.0	1.0	AI	AI	586.0	1.0	1.0	586.0	1069.0	733.0	valide	valide_AI_AM_AF
4695	28036.0	286	JJ165	170r	3208	2	4821.0	3.0	AM	AM	14.0	2.0	217.0	14.0	983.0	1310.0	valide	valide_AI_AM_AF
4696	28036.0	286	JJ165	170r	3209	3	4822.0	3.0	AM	AM	31.0	3.0	0.0	31.0	1070.0	1284.0	valide	valide_AI_AM_AF
4697	28036.0	286	JJ165	170r	3210	4	4823.0	3.0	AM	AM	8.0	4.0	21.0	8.0	1179.0	1319.0	valide	valide_AI_AM_AF
4698	28036.0	286	JJ165	170r	3211	5	4824.0	3.0	AM	AM	27.0	5.0	0.0	27.0	1089.0	1286.0	valide	valide_AI_AM_AF
4699	28036.0	286	JJ165	170r	3212	6	4825.0	3.0	AM	AM	6.0	6.0	216.0	6.0	984.0	1310.0	valide	valide_AI_AM_AF
4700	28036.0	286	JJ165	170r	3213	7	4826.0	3.0	AM	AM	28.0	7.0	0.0	28.0	1059.0	1293.0	valide	valide_AI_AM_AF
4701	28036.0	286	JJ165	170r	3214	8	4827.0	3.0	AM	AM	7.0	8.0	151.0	7.0	1049.0	1315.0	valide	valide_AI_AM_AF
4702	28036.0	286	JJ165	170r	3215	9	4828.0	3.0	AM	AM	11.0	9.0	2.0	11.0	1042.0	1314.0	valide	valide_AI_AM_AF
4703	28036.0	286	JJ165	170r	3216	10	4829.0	2.0	AF	AF	4.0	10.0	216.0	4.0	984.0	1319.0	valide	valide_AI_AM_AF
4704	28037.0	287	JJ165	170r	3207	1											ancrage_sans_zone_initiale	
4705	28038.0	288	JJ165	170r	3207	1											ancrage_sans_zone_initiale	
4706	28039.0	289	JJ165	170r	3207	1											ancrage_sans_zone_initiale	
4707	28040.0	290	JJ165	175r	3217	1	4830.0	1.0	AI	AI	18.0	1.0	0.0	18.0	1067.0	1321.0	valide	valide_AI_AM_AF
4708	28040.0	290	JJ165	175r	3218	2	4831.0	3.0	AM	AM	12.0	2.0	144.0	12.0	1056.0	1313.0	valide	valide_AI_AM_AF
4709	28040.0	290	JJ165	175r	3219	3	4832.0	3.0	AM	AM	11.0	3.0	0.0	11.0	1072.0	1312.0	valide	valide_AI_AM_AF
4710	28040.0	290	JJ165	175r	3220	4	4833.0	2.0	AF	AF	17.0	4.0	77.0	17.0	1123.0	1305.0	valide	valide_AI_AM_AF
4711	28041.0	291	JJ165	177r	3221	1	4834.0	0.0	AC	AC	17.0	1.0	0.0	17.0	1085.0	966.0	valide	
4712	28042.0	292	JJ165	177r	3221	1	4835.0	1.0	AI	AI	984.0	1.0	0.0	984.0	1186.0	363.0	valide	valide_AI_AM_AF
4713	28042.0	292	JJ165	177r	3222	2	4836.0	2.0	AF	AF	9.0	2.0	3.0	9.0	1197.0	1040.0	valide	valide_AI_AM_AF
4714	28043.0	293	JJ165	177v	3222	1	4837.0	1.0	AI	AI	1064.0	1.0	109.0	1064.0	1091.0	230.0	valide	valide_AI_AM_AF
4715	28043.0	293	JJ165	177v	3223	2	4838.0	2.0	AF	AF	11.0	2.0	2.0	11.0	1121.0	940.0	valide	valide_AI_AM_AF
4716	28044.0	294	JJ165	178r	3223	1	4839.0	1.0	AI	AI	954.0	1.0	0.0	954.0	1198.0	412.0	valide	valide_AI_AM_AF
4717	28044.0	294	JJ165	178r	3224	2	4840.0	2.0	AF	AF	7.0	2.0	2.0	7.0	1198.0	985.0	valide	valide_AI_AM_AF
4718	28045.0	295	JJ165	178v	3224	1	4841.0	1.0	AI	AI	998.0	1.0	0.0	998.0	1200.0	307.0	valide	valide_AI_AM_AF
4719	28045.0	295	JJ165	178v	3225	2	4842.0	3.0	AM	AM	25.0	2.0	1.0	25.0	1043.0	1331.0	valide	valide_AI_AM_AF
4720	28045.0	295	JJ165	178v	3226	3	4843.0	2.0	AF	AF	14.0	3.0	11.0	14.0	1188.0	637.0	valide	valide_AI_AM_AF
4721	28046.0	296	JJ165	179v	3226	1	4844.0	1.0	AI	AI	649.0	1.0	192.0	649.0	1008.0	658.0	valide	valide_AI_AM_AF
4722	28046.0	296	JJ165	179v	3227	2	4845.0	2.0	AF	AF	4.0	2.0	2.0	4.0	1198.0	972.0	valide	valide_AI_AM_AF
4723	28047.0	297	JJ165	180r	3227	1	4846.0	1.0	AI	AI	972.0	1.0	0.0	972.0	1135.0	393.0	valide	valide_AI_AM_AF
4724	28047.0	297	JJ165	180r	3228	2	4847.0	3.0	AM	AM	56.0	2.0	0.0	56.0	1200.0	1362.0	valide	valide_AI_AM_AF
4725	28047.0	297	JJ165	180r	3229	3	4848.0	2.0	AF	AF	9.0	3.0	0.0	9.0	1197.0	700.0	valide	valide_AI_AM_AF
4726	28048.0	298	JJ165	181r	3229	1	4849.0	1.0	AI	AI	705.0	1.0	0.0	705.0	1197.0	1266.0	valide	valide_AI_AM_AF
4727	28048.0	298	JJ165	181r	3230	2	4850.0	2.0	AF	AF	3.0	2.0	49.0	3.0	1151.0	562.0	valide	valide_AI_AM_AF
4728	28049.0	299	JJ165	181v	3230	1	4851.0	1.0	AI	AI	553.0	1.0	222.0	553.0	978.0	762.0	valide	valide_AI_AM_AF
4729	28049.0	299	JJ165	181v	3231	2	4852.0	2.0	AF	AF	9.0	2.0	0.0	9.0	1043.0	818.0	valide	valide_AI_AM_AF
4730	28050.0	300	JJ165	182r	3231	1	4853.0	1.0	AI	AI	824.0	1.0	1.0	824.0	1042.0	517.0	valide	valide_AI_AM_AF
4731	28050.0	300	JJ165	182r	3232	2	4854.0	2.0	AF	AF	8.0	2.0	10.0	8.0	1190.0	551.0	valide	valide_AI_AM_AF
4732	28051.0	301	JJ165	182v	3232	1	4855.0	0.0	AC	AC	558.0	1.0	57.0	558.0	1143.0	740.0	valide	
4733	28052.0	302	JJ165	183r	3233	1	4856.0	1.0	AI	AI	5.0	1.0	1.0	5.0	1036.0	1319.0	valide	valide_AI_AM_AF
4734	28052.0	302	JJ165	183r	3234	2	4857.0	2.0	AF	AF	12.0	2.0	0.0	12.0	1200.0	539.0	valide	valide_AI_AM_AF
4735	28053.0	303	JJ165	183v	3234	1	4858.0	1.0	AI	AI	551.0	1.0	228.0	551.0	972.0	749.0	valide	valide_AI_AM_AF
4736	28053.0	303	JJ165	183v	3235	2	4859.0	2.0	AF	AF	3.0	2.0	2.0	3.0	1034.0	1340.0	valide	valide_AI_AM_AF
4737	28054.0	304	JJ165	184v	3236	1	4860.0	1.0	AI	AI	16.0	1.0	15.0	16.0	1185.0	1291.0	valide	valide_AI_AM_AF
4738	28054.0	304	JJ165	184v	3237	2	4861.0	2.0	AF	AF	2.0	2.0	3.0	2.0	1124.0	419.0	valide	valide_AI_AM_AF
4739	28055.0	305	JJ165	185r	3237	1	4862.0	0.0	AC	AC	420.0	1.0	0.0	420.0	1054.0	912.0	valide	
4740	28056.0	306	JJ165	185v	3238	1	4863.0	0.0	AC	AC	21.0	1.0	13.0	21.0	1187.0	1289.0	valide	
4741	28057.0	307	JJ165	186r	3239	1	4864.0	0.0	AC	AC	8.0	1.0	0.0	8.0	1076.0	1330.0	valide	
4742	28058.0	308	JJ165	186v	3240	1	4865.0	0.0	AC	AC	12.0	1.0	10.0	12.0	1190.0	1296.0	valide	
4743	28059.0	309	JJ165	187r	3241	1	4866.0	0.0	AC	AC	10.0	1.0	2.0	10.0	1116.0	708.0	valide	
4744	28060.0	310	JJ165	187r	3241	1	4867.0	1.0	AI	AI	717.0	1.0	0.0	717.0	1054.0	600.0	valide	valide_AI_AM_AF
4745	28060.0	310	JJ165	187r	3242	2	4868.0	2.0	AF	AF	5.0	2.0	0.0	5.0	1200.0	727.0	valide	valide_AI_AM_AF
4746	28061.0	311	JJ165	187v	3242	1	4869.0	1.0	AI	AI	727.0	1.0	15.0	727.0	1185.0	569.0	valide	valide_AI_AM_AF
4747	28061.0	311	JJ165	187v	3243	2	4870.0	2.0	AF	AF	10.0	2.0	0.0	10.0	1050.0	643.0	valide	valide_AI_AM_AF
4748	28062.0	312	JJ165	188r	3243	1	4871.0	1.0	AI	AI	650.0	1.0	0.0	650.0	1050.0	697.0	valide	valide_AI_AM_AF
4749	28062.0	312	JJ165	188r	3244	2	4872.0	2.0	AF	AF	6.0	2.0	6.0	6.0	1194.0	850.0	valide	valide_AI_AM_AF
4750	28063.0	313	JJ165	188v	3244	1	4873.0	1.0	AI	AI	852.0	1.0	7.0	852.0	1193.0	442.0	valide	valide_AI_AM_AF
4751	28063.0	313	JJ165	188v	3245	2	4874.0	2.0	AF	AF	7.0	2.0	0.0	7.0	1086.0	811.0	valide	valide_AI_AM_AF
4752	28065.0	315	JJ165	189r	3245	1	4875.0	1.0	AI	AI	817.0	1.0	0.0	817.0	1089.0	505.0	valide	valide_AI_AM_AF
4753	28065.0	315	JJ165	189r	3246	2	4876.0	2.0	AF	AF	4.0	2.0	7.0	4.0	1191.0	855.0	valide	valide_AI_AM_AF
4754	28066.0	316	JJ165	189v	3246	1	4877.0	1.0	AI	AI	861.0	1.0	62.0	861.0	1137.0	425.0	valide	valide_AI_AM_AF
4755	28066.0	316	JJ165	189v	3247	2	4878.0	2.0	AF	AF	3.0	2.0	4.0	3.0	1196.0	890.0	valide	valide_AI_AM_AF
4756	28067.0	317	JJ165	190r	3247	1	4879.0	1.0	AI	AI	879.0	1.0	0.0	879.0	1178.0	510.0	valide	valide_AI_AM_AF
4757	28067.0	317	JJ165	190r	3248	2	4880.0	2.0	AF	AF	12.0	2.0	7.0	12.0	1190.0	432.0	valide	valide_AI_AM_AF
4758	28068.0	318	JJ165	190v	3248	1	4881.0	0.0	AC	AC	444.0	1.0	30.0	444.0	1168.0	869.0	valide	
4759	28069.0	319	JJ165	191r	3249	1	4882.0	1.0	AI	AI	25.0	1.0	1.0	25.0	1084.0	1352.0	valide	valide_AI_AM_AF
4760	28069.0	319	JJ165	191r	3250	2	4883.0	3.0	AM	AM	3.0	2.0	2.0	3.0	1197.0	1296.0	valide	valide_AI_AM_AF
4761	28069.0	319	JJ165	191r	3251	3	4884.0	3.0	AM	AM	27.0	3.0	1.0	27.0	1054.0	1354.0	valide	valide_AI_AM_AF
4762	28069.0	319	JJ165	191r	3252	4	4885.0	3.0	AM	AM	7.0	4.0	174.0	7.0	1025.0	1304.0	valide	valide_AI_AM_AF
4763	28069.0	319	JJ165	191r	3253	5	4886.0	3.0	AM	AM	38.0	5.0	0.0	38.0	1095.0	1337.0	valide	valide_AI_AM_AF
4764	28069.0	319	JJ165	191r	3254	6	4887.0	2.0	AF	AF	6.0	6.0	8.0	6.0	1190.0	786.0	valide	valide_AI_AM_AF
4765	28070.0	320	JJ165	193v	3254	1	4888.0	1.0	AI	AI	788.0	1.0	5.0	788.0	1193.0	494.0	valide	valide_AI_AM_AF
4766	28070.0	320	JJ165	193v	3255	2	4889.0	2.0	AF	AF	22.0	2.0	1.0	22.0	1076.0	1357.0	valide	valide_AI_AM_AF
4767	28070.1	320bis	JJ165	194r	3255	1											ancrage_sans_zone_initiale	
4768	28071.0	321	JJ165	194v	3256	1	4890.0	1.0	AI	AI	14.0	1.0	21.0	14.0	1177.0	1301.0	valide	valide_AI_AM_AF
4769	28071.0	321	JJ165	194v	3257	2	4891.0	2.0	AF	AF	18.0	2.0	1.0	18.0	1199.0	388.0	valide	valide_AI_AM_AF
4770	28071.1	321bis	JJ165	195r	3257	1	4892.0	0.0	AC	AC	404.0	1.0	0.0	404.0	1112.0	982.0	valide	
4771	28072.0	322	JJ165	195r	3257	1											ancrage_sans_zone_initiale	
4772	28073.0	323	JJ165	195v	3258	1	4893.0	0.0	AC	AC	6.0	1.0	5.0	6.0	1194.0	957.0	valide	
4773	28074.0	324	JJ165	195v	3258	1	4894.0	1.0	AI	AI	962.0	1.0	33.0	962.0	1165.0	322.0	valide	valide_AI_AM_AF
4774	28074.0	324	JJ165	195v	3259	2	4895.0	2.0	AF	AF	15.0	2.0	0.0	15.0	1099.0	562.0	valide	valide_AI_AM_AF
4775	28075.0	325	JJ165	196r	3259	1	4896.0	1.0	AI	AI	576.0	1.0	0.0	576.0	1057.0	772.0	valide	valide_AI_AM_AF
4776	28075.0	325	JJ165	196r	3260	2	4897.0	2.0	AF	AF	13.0	2.0	11.0	13.0	1187.0	657.0	valide	valide_AI_AM_AF
4777	28075.1	325bis	JJ165	196v	3260	1	4898.0	1.0	AI	AI	669.0	1.0	39.0	669.0	1160.0	621.0	valide	valide_AI_AM_AF
4778	28075.1	325bis	JJ165	196v	3261	2	4899.0	2.0	AF	AF	3.0	2.0	8.0	3.0	1192.0	366.0	valide	valide_AI_AM_AF
4779	28076.0	326	JJ165	196v	3260	1											ancrage_sans_zone_initiale	
4780	28077.0	327	JJ165	197r	3261	1	4900.0	1.0	AI	AI	360.0	1.0	1.0	360.0	1035.0	989.0	valide	valide_AI_AM_AF
4781	28077.0	327	JJ165	197r	3262	2	4901.0	2.0	AF	AF	10.0	2.0	16.0	10.0	1182.0	443.0	valide	valide_AI_AM_AF
4782	28078.0	328	JJ165	197v	3262	1	4902.0	0.0	AC	AC	452.0	1.0	227.0	452.0	972.0	830.0	valide	
4783	28079.0	329	JJ165	198r	3263	1	4903.0	1.0	AI	AI	23.0	1.0	0.0	23.0	1046.0	1330.0	valide	valide_AI_AM_AF
4784	28079.0	329	JJ165	198r	3264	2	4904.0	2.0	AF	AF	18.0	2.0	66.0	18.0	1133.0	1287.0	valide	valide_AI_AM_AF
4785	28080.0	330	JJ165	199r	3265	1	4905.0	1.0	AI	AI	26.0	1.0	0.0	26.0	1047.0	1351.0	valide	valide_AI_AM_AF
4786	28080.0	330	JJ165	199r	3266	2	4906.0	2.0	AF	AF	20.0	2.0	38.0	20.0	1161.0	640.0	valide	valide_AI_AM_AF
4787	28081.0	331	JJ165	199v	3266	1	4907.0	1.0	AI	AI	658.0	1.0	98.0	658.0	1101.0	621.0	valide	valide_AI_AM_AF
4788	28081.0	331	JJ165	199v	3267	2	4908.0	2.0	AF	AF	13.0	2.0	0.0	13.0	1088.0	805.0	valide	valide_AI_AM_AF
4789	28082.0	332	JJ165	199v	3266	1											ancrage_sans_zone_initiale	
4790	28083.0	333	JJ165	200r	3267	1	4909.0	1.0	AI	AI	786.0	1.0	0.0	786.0	1108.0	598.0	valide	valide_AI_AM_AF
4791	28083.0	333	JJ165	200r	3268	2	4910.0	2.0	AF	AF	19.0	2.0	162.0	19.0	1037.0	809.0	valide	valide_AI_AM_AF
4792	28084.0	334	JJ165	200v	3268	1	4911.0	1.0	AI	AI	826.0	1.0	10.0	826.0	1189.0	451.0	valide	valide_AI_AM_AF
4793	28084.0	334	JJ165	200v	3269	2	4912.0	3.0	AM	AM	24.0	2.0	1.0	24.0	1056.0	1360.0	valide	valide_AI_AM_AF
4794	28084.0	334	JJ165	200v	3270	3	4913.0	2.0	AF	AF	22.0	3.0	32.0	22.0	1167.0	834.0	valide	valide_AI_AM_AF
4795	28085.0	335	JJ165	201v	3270	1	4914.0	1.0	AI	AI	852.0	1.0	7.0	852.0	1191.0	424.0	valide	valide_AI_AM_AF
4796	28085.0	335	JJ165	201v	3271	2	4915.0	2.0	AF	AF	9.0	2.0	0.0	9.0	1068.0	875.0	valide	valide_AI_AM_AF
4797	28086.0	336	JJ165	202r	3271	1	4916.0	1.0	AI	AI	883.0	1.0	1.0	883.0	1115.0	494.0	valide	valide_AI_AM_AF
4798	28086.0	336	JJ165	202r	3272	2	4917.0	2.0	AF	AF	22.0	2.0	27.0	22.0	1172.0	878.0	valide	valide_AI_AM_AF
4799	28087.0	337	JJ165	202v	3272	1	4918.0	1.0	AI	AI	897.0	1.0	0.0	897.0	1198.0	379.0	valide	valide_AI_AM_AF
4800	28087.0	337	JJ165	202v	3273	2	4919.0	2.0	AF	AF	23.0	2.0	1.0	23.0	1091.0	657.0	valide	valide_AI_AM_AF
4801	28088.0	338	JJ165	203r	3273	1	4920.0	1.0	AI	AI	647.0	1.0	1.0	647.0	1052.0	736.0	valide	valide_AI_AM_AF
4802	28088.0	338	JJ165	203r	3274	2	4921.0	2.0	AF	AF	10.0	2.0	1.0	10.0	1199.0	373.0	valide	valide_AI_AM_AF
4803	28089.0	339	JJ165	203v	3274	1	4922.0	1.0	AI	AI	380.0	1.0	228.0	380.0	971.0	909.0	valide	valide_AI_AM_AF
4804	28089.0	339	JJ165	203v	3275	2	4923.0	2.0	AF	AF	12.0	2.0	0.0	12.0	1164.0	517.0	valide	valide_AI_AM_AF
4805	28090.0	340	JJ165	204r	3275	1	4924.0	1.0	AI	AI	526.0	1.0	0.0	526.0	1080.0	884.0	valide	valide_AI_AM_AF
4806	28090.0	340	JJ165	204r	3276	2	4925.0	2.0	AF	AF	34.0	2.0	14.0	34.0	1185.0	1259.0	valide	valide_AI_AM_AF
4807	28091.0	341	JJ165	205r	3277	1	4926.0	0.0	AC	AC	30.0	1.0	0.0	30.0	1145.0	934.0	valide	
4808	28092.0	342	JJ165	205r	3277	1	4927.0	1.0	AI	AI	942.0	1.0	1.0	942.0	1149.0	461.0	valide	valide_AI_AM_AF
4809	28092.0	342	JJ165	205r	3278	2	4928.0	3.0	AM	AM	32.0	2.0	116.0	32.0	1082.0	1256.0	valide	valide_AI_AM_AF
4810	28092.0	342	JJ165	205r	3279	3	4929.0	2.0	AF	AF	21.0	3.0	0.0	21.0	1138.0	479.0	valide	valide_AI_AM_AF
4811	28093.0	343	JJ165	206r	3279	1	4930.0	1.0	AI	AI	484.0	1.0	0.0	484.0	1072.0	927.0	valide	valide_AI_AM_AF
4812	28093.0	343	JJ165	206r	3280	2	4931.0	2.0	AF	AF	21.0	2.0	0.0	21.0	1199.0	342.0	valide	valide_AI_AM_AF
4813	28094.0	344	JJ165	206v	3280	1	4932.0	0.0	AC	AC	361.0	1.0	201.0	361.0	998.0	917.0	valide	
4814	28095.0	345	JJ165	206v	3280	1	4933.0	0.0	AC	AC	1134.0	1.0	78.0	1134.0	1122.0	146.0	valide	
4815	28096.0	346	JJ165	207r	3281	1	4934.0	1.0	AI	AI	37.0	1.0	4.0	37.0	1085.0	1377.0	valide	valide_AI_AM_AF
4816	28096.0	346	JJ165	207r	3282	2	4935.0	2.0	AF	AF	15.0	2.0	137.0	15.0	1062.0	1274.0	valide	valide_AI_AM_AF
4817	28097.0	347	JJ165	208r	3283	1	4936.0	0.0	AC	AC	32.0	1.0	0.0	32.0	1089.0	1377.0	valide	
4818	28098.0	348	JJ165	208v	3284	1	4937.0	0.0	AC	AC	23.0	1.0	56.0	23.0	1144.0	1273.0	valide	
4819	28099.0	349	JJ165	209r	3285	1	4938.0	0.0	AC	AC	9.0	1.0	0.0	9.0	1180.0	1136.0	valide	
4820	28100.0	350	JJ165	209r	3285	1	4939.0	1.0	AI	AI	1154.0	1.0	0.0	1154.0	1198.0	265.0	valide	valide_AI_AM_AF
4821	28100.0	350	JJ165	209r	3286	2	4940.0	2.0	AF	AF	3.0	2.0	15.0	3.0	1185.0	1050.0	valide	valide_AI_AM_AF
4822	28101.0	351	JJ165	209v	3286	1	4941.0	1.0	AI	AI	1059.0	1.0	5.0	1059.0	1195.0	219.0	valide	valide_AI_AM_AF
4823	28101.0	351	JJ165	209v	3287	2	4942.0	2.0	AF	AF	4.0	2.0	1.0	4.0	1194.0	1016.0	valide	valide_AI_AM_AF
4824	28102.0	352	JJ165	210r	3287	1	4943.0	1.0	AI	AI	1022.0	1.0	0.0	1022.0	1192.0	395.0	valide	valide_AI_AM_AF
4825	28102.0	352	JJ165	210r	3288	2	4944.0	2.0	AF	AF	9.0	2.0	99.0	9.0	1101.0	1274.0	valide	valide_AI_AM_AF
4826	28103.0	353	JJ165	211r	3289	1	4945.0	0.0	AC	AC	9.0	1.0	0.0	9.0	1151.0	1029.0	valide	
4827	28104.0	354	JJ165	211r	3289	1	4946.0	1.0	AI	AI	1034.0	1.0	0.0	1034.0	1196.0	385.0	valide	valide_AI_AM_AF
4828	28104.0	354	JJ165	211r	3290	2	4947.0	3.0	AM	AM	3.0	2.0	21.0	3.0	1179.0	1282.0	valide	valide_AI_AM_AF
4829	28104.0	354	JJ165	211r	3291	3	4948.0	2.0	AF	AF	10.0	3.0	1.0	10.0	1192.0	410.0	valide	valide_AI_AM_AF
4830	28105.0	355	JJ165	212r	3291	1	4949.0	1.0	AI	AI	416.0	1.0	0.0	416.0	1155.0	995.0	valide	valide_AI_AM_AF
4831	28105.0	355	JJ165	212r	3292	2	4950.0	2.0	AF	AF	3.0	2.0	0.0	3.0	1199.0	467.0	valide	valide_AI_AM_AF
4832	28106.0	356	JJ165	212v	3292	1	4951.0	1.0	AI	AI	470.0	1.0	149.0	470.0	1050.0	813.0	valide	valide_AI_AM_AF
4833	28106.0	356	JJ165	212v	3293	2	4952.0	2.0	AF	AF	3.0	2.0	1.0	3.0	1183.0	522.0	valide	valide_AI_AM_AF
4834	28107.0	357	JJ165	213r	3293	1	4953.0	0.0	AC	AC	524.0	1.0	0.0	524.0	1149.0	872.0	valide	
4835	28108.0	358	JJ165	213v	3294	1	4954.0	1.0	AI	AI	12.0	1.0	158.0	12.0	1042.0	1272.0	valide	valide_AI_AM_AF
4836	28108.0	358	JJ165	213v	3295	2	4955.0	2.0	AF	AF	7.0	2.0	0.0	7.0	1163.0	602.0	valide	valide_AI_AM_AF
4837	28109.0	359	JJ165	214r	3295	1	4956.0	0.0	AC	AC	610.0	1.0	0.0	610.0	1039.0	806.0	valide	
4838	28110.0	360	JJ165	214r	3295	1	4957.0	1.0	AI	AI	610.0	1.0	0.0	610.0	1090.0	810.0	valide	valide_AI_AM_AF
4839	28110.0	360	JJ165	214r	3296	2	4958.0	2.0	AF	AF	9.0	2.0	159.0	9.0	1041.0	1288.0	valide	valide_AI_AM_AF
4840	28111.0	361	JJ165	215r	3297	1	4959.0	1.0	AI	AI	12.0	1.0	0.0	12.0	1110.0	1395.0	valide	valide_AI_AM_AF
4841	28111.0	361	JJ165	215r	3298	2	4960.0	3.0	AM	AM	12.0	2.0	110.0	12.0	1090.0	1295.0	valide	valide_AI_AM_AF
4842	28111.0	361	JJ165	215r	3299	3	4961.0	3.0	AM	AM	3.0	3.0	0.0	3.0	1088.0	1408.0	valide	valide_AI_AM_AF
4843	28111.0	361	JJ165	215r	3300	4	4962.0	3.0	AM	AM	9.0	4.0	54.0	9.0	1146.0	1291.0	valide	valide_AI_AM_AF
4844	28111.0	361	JJ165	215r	3301	5	4963.0	3.0	AM	AM	2.0	5.0	0.0	2.0	1073.0	1406.0	valide	valide_AI_AM_AF
4845	28111.0	361	JJ165	215r	3302	6	4964.0	3.0	AM	AM	8.0	6.0	36.0	8.0	1164.0	1304.0	valide	valide_AI_AM_AF
4846	28111.0	361	JJ165	215r	3303	7	4965.0	2.0	AF	AF	3.0	7.0	1.0	3.0	1097.0	1413.0	valide	valide_AI_AM_AF
4847	28112.0	362	JJ165	218v	3304	1	4966.0	0.0	AC	AC	9.0	1.0	18.0	9.0	1182.0	788.0	valide	
4848	28113.0	363	JJ165	218v	3304	1	4967.0	1.0	AI	AI	797.0	1.0	67.0	797.0	1133.0	478.0	valide	valide_AI_AM_AF
4849	28113.0	363	JJ165	218v	3305	2	4968.0	2.0	AF	AF	7.0	2.0	1.0	7.0	1179.0	787.0	valide	valide_AI_AM_AF
4850	28114.0	364	JJ165	219r	3305	1	4969.0	1.0	AI	AI	789.0	1.0	0.0	789.0	1175.0	623.0	valide	valide_AI_AM_AF
4851	28114.0	364	JJ165	219r	3306	2	4970.0	3.0	AM	AM	1.0	2.0	70.0	1.0	1131.0	1283.0	valide	valide_AI_AM_AF
4852	28114.0	364	JJ165	219r	3307	3	4971.0	2.0	AF	AF	5.0	3.0	1.0	5.0	1171.0	624.0	valide	valide_AI_AM_AF
4853	28115.0	365	JJ165	220r	3307	1	4972.0	1.0	AI	AI	629.0	1.0	0.0	629.0	1084.0	782.0	valide	valide_AI_AM_AF
4854	28115.0	365	JJ165	220r	3308	2	4973.0	2.0	AF	AF	2.0	2.0	12.0	2.0	1188.0	893.0	valide	valide_AI_AM_AF
4855	28116.0	366	JJ165	220v	3308	1	4974.0	1.0	AI	AI	892.0	1.0	239.0	892.0	961.0	380.0	valide	valide_AI_AM_AF
4856	28116.0	366	JJ165	220v	3309	2	4975.0	2.0	AF	AF	2.0	2.0	1.0	2.0	1175.0	1019.0	valide	valide_AI_AM_AF
4857	28117.0	367	JJ165	221r	3309	1	4976.0	1.0	AI	AI	1019.0	1.0	1.0	1019.0	1193.0	395.0	valide	valide_AI_AM_AF
4858	28117.0	367	JJ165	221r	3310	2	4977.0	3.0	AM	AM	1.0	2.0	26.0	1.0	1174.0	1274.0	valide	valide_AI_AM_AF
4859	28117.0	367	JJ165	221r	3311	3	4978.0	2.0	AF	AF	4.0	3.0	1.0	4.0	1190.0	469.0	valide	valide_AI_AM_AF
4860	28118.0	368	JJ165	222r	3311	1	4979.0	1.0	AI	AI	469.0	1.0	0.0	469.0	1084.0	934.0	valide	valide_AI_AM_AF
4861	28118.0	368	JJ165	222r	3312	2	4980.0	2.0	AF	AF	13.0	2.0	12.0	13.0	1187.0	724.0	valide	valide_AI_AM_AF
4862	28119.0	369	JJ165	222v	3312	1	4981.0	0.0	AC	AC	736.0	1.0	103.0	736.0	1097.0	581.0	valide	
4863	28120.0	370	JJ165	223r	3313	1	4982.0	1.0	AI	AI	11.0	1.0	0.0	11.0	1139.0	1351.0	valide	valide_AI_AM_AF
4864	28120.0	370	JJ165	223r	3314	2	4983.0	2.0	AF	AF	4.0	2.0	1.0	4.0	1199.0	349.0	valide	valide_AI_AM_AF
4865	28121.0	371	JJ165	223v	3314	1	4984.0	1.0	AI	AI	353.0	1.0	24.0	353.0	1176.0	940.0	valide	valide_AI_AM_AF
4866	28121.0	371	JJ165	223v	3315	2	4985.0	2.0	AF	AF	5.0	2.0	2.0	5.0	1190.0	700.0	valide	valide_AI_AM_AF
4867	28122.0	372	JJ165	224r	3315	1	4986.0	1.0	AI	AI	694.0	1.0	1.0	694.0	1167.0	679.0	valide	valide_AI_AM_AF
4868	28122.0	372	JJ165	224r	3316	2	4987.0	2.0	AF	AF	10.0	2.0	16.0	10.0	1184.0	645.0	valide	valide_AI_AM_AF
4869	28123.0	373	JJ165	224r	3315	1											ancrage_sans_zone_initiale	
4870	28124.0	374	JJ165	224r	3315	1											ancrage_sans_zone_initiale	
4871	28125.0	375	JJ165	224v	3316	1	4988.0	1.0	AI	AI	652.0	1.0	138.0	652.0	1062.0	635.0	valide	valide_AI_AM_AF
4872	28125.0	375	JJ165	224v	3317	2	4989.0	3.0	AM	AM	5.0	2.0	0.0	5.0	1094.0	1358.0	valide	valide_AI_AM_AF
4873	28125.0	375	JJ165	224v	3318	3	4990.0	2.0	AF	AF	18.0	3.0	0.0	18.0	1200.0	491.0	valide	valide_AI_AM_AF
4874	28126.0	376	JJ165	225v	3318	1	4991.0	1.0	AI	AI	508.0	1.0	135.0	508.0	1064.0	781.0	valide	valide_AI_AM_AF
4875	28126.0	376	JJ165	225v	3319	2	4992.0	2.0	AF	AF	7.0	2.0	1.0	7.0	1178.0	681.0	valide	valide_AI_AM_AF
4876	28127.0	377	JJ165	226r	3319	1	4993.0	1.0	AI	AI	688.0	1.0	0.0	688.0	1165.0	688.0	valide	valide_AI_AM_AF
4877	28127.0	377	JJ165	226r	3320	2	4994.0	2.0	AF	AF	6.0	2.0	19.0	6.0	1181.0	670.0	valide	valide_AI_AM_AF
4878	28128.0	378	JJ165	226v	3320	1	4995.0	1.0	AI	AI	676.0	1.0	73.0	676.0	1127.0	611.0	valide	valide_AI_AM_AF
4879	28128.0	378	JJ165	226v	3321	2	4996.0	3.0	AM	AM	6.0	2.0	0.0	6.0	1111.0	1369.0	valide	valide_AI_AM_AF
4880	28128.0	378	JJ165	226v	3322	3	4997.0	2.0	AF	AF	5.0	3.0	19.0	5.0	1181.0	396.0	valide	valide_AI_AM_AF
4881	28129.0	379	JJ165	227v	3322	1	4998.0	1.0	AI	AI	401.0	1.0	176.0	401.0	1024.0	883.0	valide	valide_AI_AM_AF
4882	28129.0	379	JJ165	227v	3323	2	4999.0	2.0	AF	AF	8.0	2.0	1.0	8.0	1199.0	340.0	valide	valide_AI_AM_AF
4883	28130.0	380	JJ165	228r	3323	1	5000.0	0.0	AC	AC	349.0	1.0	0.0	349.0	1163.0	520.0	valide	
4884	28131.0	381	JJ165	228r	3323	1	5001.0	1.0	AI	AI	869.0	1.0	0.0	869.0	1197.0	529.0	valide	valide_AI_AM_AF
4885	28131.0	381	JJ165	228r	3324	2	5002.0	2.0	AF	AF	7.0	2.0	61.0	7.0	1139.0	515.0	valide	valide_AI_AM_AF
4886	28132.0	382	JJ165	228v	3324	1	5003.0	0.0	AC	AC	520.0	1.0	194.0	520.0	1006.0	767.0	valide	
4887	28133.0	383	JJ165	229r	3325	1	5004.0	0.0	AC	AC	16.0	1.0	1.0	16.0	1195.0	1392.0	valide	
4888	28134.0	384	JJ165	229v	3326	1	5005.0	0.0	AC	AC	2.0	1.0	40.0	2.0	1159.0	1288.0	valide	
4889	28135.0	385	JJ165	230r	3327	1	5006.0	0.0	AC	AC	22.0	1.0	1.0	22.0	1197.0	1389.0	valide	
4890	28136.0	385bis	JJ165	230r	3327	1	5007.0	0.0	AC	AC	1098.0	1.0	0.0	1098.0	1195.0	298.0	valide	
4891	28137.0	386	JJ165	230v	3328	1	5008.0	0.0	AC	AC	25.0	1.0	202.0	25.0	998.0	1262.0	valide	
4892	28138.0	387	JJ165	231r	3329	1	5009.0	1.0	AI	AI	29.0	1.0	0.0	29.0	1199.0	1373.0	valide	valide_AI_AM_AF
4893	28138.0	387	JJ165	231r	3330	2	5010.0	2.0	AF	AF	1.0	2.0	14.0	1.0	1183.0	372.0	valide	valide_AI_AM_AF
4894	28139.0	388	JJ165	231v	3330	1	5011.0	1.0	AI	AI	368.0	1.0	68.0	368.0	1131.0	924.0	valide	valide_AI_AM_AF
4895	28139.0	388	JJ165	231v	3331	2	5012.0	2.0	AF	AF	9.0	2.0	1.0	9.0	1197.0	639.0	valide	valide_AI_AM_AF
4896	28140.0	389	JJ165	232r	3331	1	5013.0	1.0	AI	AI	648.0	1.0	0.0	648.0	1196.0	757.0	valide	valide_AI_AM_AF
4897	28140.0	389	JJ165	232r	3332	2	5014.0	2.0	AF	AF	5.0	2.0	30.0	5.0	1169.0	525.0	valide	valide_AI_AM_AF
4898	28141.0	390	JJ165	232v	3332	1	5015.0	1.0	AI	AI	529.0	1.0	210.0	529.0	990.0	780.0	valide	valide_AI_AM_AF
4899	28141.0	390	JJ165	232v	3333	2	5016.0	2.0	AF	AF	7.0	2.0	1.0	7.0	1198.0	580.0	valide	valide_AI_AM_AF
4900	28142.0	391	JJ165	233r	3333	1	5017.0	1.0	AI	AI	588.0	1.0	0.0	588.0	1197.0	820.0	valide	valide_AI_AM_AF
4901	28142.0	391	JJ165	233r	3334	2	5018.0	2.0	AF	AF	2.0	2.0	22.0	2.0	1175.0	845.0	valide	valide_AI_AM_AF
4902	28143.0	392	JJ165	233v	3334	1	5019.0	1.0	AI	AI	846.0	1.0	112.0	846.0	1085.0	442.0	valide	valide_AI_AM_AF
4903	28143.0	392	JJ165	233v	3335	2	5020.0	2.0	AF	AF	4.0	2.0	1.0	4.0	1198.0	1092.0	valide	valide_AI_AM_AF
4904	28144.0	393	JJ165	234r	3335	1	5021.0	1.0	AI	AI	1089.0	1.0	0.0	1089.0	1200.0	325.0	valide	valide_AI_AM_AF
4905	28144.0	393	JJ165	234r	3336	2	5022.0	2.0	AF	AF	37.0	2.0	3.0	37.0	1196.0	1407.0	valide	valide_AI_AM_AF
4906	28145.0	394	JJ165	235r	3337	1	5023.0	1.0	AI	AI	23.0	1.0	0.0	23.0	1070.0	1322.0	valide	valide_AI_AM_AF
4907	28145.0	394	JJ165	235r	3338	2	5024.0	2.0	AF	AF	10.0	2.0	30.0	10.0	1168.0	509.0	valide	valide_AI_AM_AF
4908	28146.0	395	JJ165	235v	3338	1	5025.0	1.0	AI	AI	518.0	1.0	189.0	518.0	1011.0	818.0	valide	valide_AI_AM_AF
4909	28146.0	395	JJ165	235v	3339	2	5026.0	2.0	AF	AF	8.0	2.0	1.0	8.0	1199.0	1041.0	valide	valide_AI_AM_AF
4910	28147.0	396	JJ165	236r	3339	1	5027.0	1.0	AI	AI	1048.0	1.0	0.0	1048.0	1200.0	367.0	valide	valide_AI_AM_AF
4911	28147.0	396	JJ165	236r	3340	2	5028.0	3.0	AM	AM	23.0	2.0	46.0	23.0	1152.0	1308.0	valide	valide_AI_AM_AF
4912	28147.0	396	JJ165	236r	3341	3	5029.0	2.0	AF	AF	10.0	3.0	1.0	10.0	1198.0	609.0	valide	valide_AI_AM_AF
4913	28148.0	397	JJ165	237r	3341	1	5030.0	1.0	AI	AI	619.0	1.0	0.0	619.0	1198.0	796.0	valide	valide_AI_AM_AF
4914	28148.0	397	JJ165	237r	3342	2	5031.0	2.0	AF	AF	15.0	2.0	20.0	15.0	1173.0	787.0	valide	valide_AI_AM_AF
4915	28149.0	398	JJ165	237v	3342	1	5032.0	1.0	AI	AI	803.0	1.0	218.0	803.0	982.0	490.0	valide	valide_AI_AM_AF
4916	28149.0	398	JJ165	237v	3343	2	5033.0	2.0	AF	AF	4.0	2.0	1.0	4.0	1195.0	1423.0	valide	valide_AI_AM_AF
4917	28150.0	399	JJ165	238v	3344	1	5034.0	0.0	AC	AC	10.0	1.0	42.0	10.0	1152.0	1281.0	valide	
4918	28151.0	400	JJ165	239r	3345	1	5035.0	0.0	AC	AC	7.0	1.0	0.0	7.0	1198.0	995.0	valide	
4919	28152.0	401	JJ165	239r	3345	1	5036.0	1.0	AI	AI	1006.0	1.0	0.0	1006.0	1199.0	381.0	valide	valide_AI_AM_AF
4920	28152.0	401	JJ165	239r	3346	2	5037.0	2.0	AF	AF	21.0	2.0	34.0	21.0	1163.0	625.0	valide	valide_AI_AM_AF
4921	28153.0	402	JJ165	239v	3346	1	5038.0	1.0	AI	AI	646.0	1.0	141.0	646.0	1058.0	644.0	valide	valide_AI_AM_AF
4922	28153.0	402	JJ165	239v	3347	2	5039.0	2.0	AF	AF	14.0	2.0	0.0	14.0	1198.0	365.0	valide	valide_AI_AM_AF
4923	28154.0	403	JJ165	240r	3347	1	5040.0	0.0	AC	AC	379.0	1.0	0.0	379.0	1170.0	490.0	valide	
4924	28155.0	404	JJ165	240r	3347	1	5041.0	1.0	AI	AI	869.0	1.0	1.0	869.0	1199.0	517.0	valide	valide_AI_AM_AF
4925	28155.0	404	JJ165	240r	3348	2	5042.0	2.0	AF	AF	17.0	2.0	57.0	17.0	1136.0	486.0	valide	valide_AI_AM_AF
4926	28156.0	405	JJ165	240v	3348	1	5043.0	1.0	AI	AI	501.0	1.0	59.0	501.0	1134.0	790.0	valide	valide_AI_AM_AF
4927	28156.0	405	JJ165	240v	3349	2	5044.0	3.0	AM	AM	7.0	2.0	0.0	7.0	1199.0	1367.0	valide	valide_AI_AM_AF
4928	28156.0	405	JJ165	240v	3350	3	5045.0	2.0	AF	AF	6.0	3.0	36.0	6.0	1158.0	670.0	valide	valide_AI_AM_AF
4929	28157.0	406	JJ165	241v	3350	1	5046.0	1.0	AI	AI	675.0	1.0	196.0	675.0	1000.0	615.0	valide	valide_AI_AM_AF
4930	28157.0	406	JJ165	241v	3351	2	5047.0	3.0	AM	AM	3.0	2.0	1.0	3.0	1198.0	1370.0	valide	valide_AI_AM_AF
4931	28157.0	406	JJ165	241v	3352	3	5048.0	2.0	AF	AF	10.0	3.0	32.0	10.0	1158.0	532.0	valide	valide_AI_AM_AF
4932	28158.0	407	JJ165	242v	3352	1	5049.0	1.0	AI	AI	536.0	1.0	205.0	536.0	990.0	765.0	valide	valide_AI_AM_AF
4933	28158.0	407	JJ165	242v	3353	2	5050.0	2.0	AF	AF	7.0	2.0	2.0	7.0	1198.0	438.0	valide	valide_AI_AM_AF
4934	28159.0	408	JJ165	243r	3353	1	5051.0	1.0	AI	AI	446.0	1.0	0.0	446.0	1199.0	956.0	valide	valide_AI_AM_AF
4935	28159.0	408	JJ165	243r	3354	2	5052.0	2.0	AF	AF	7.0	2.0	23.0	7.0	1176.0	392.0	valide	valide_AI_AM_AF
4936	28160.0	409	JJ165	243v	3354	1	5053.0	0.0	AC	AC	396.0	1.0	221.0	396.0	979.0	919.0	valide	
4937	28161.0	410	JJ165	244r	3355	1	5054.0	1.0	AI	AI	28.0	1.0	0.0	28.0	1196.0	1373.0	valide	valide_AI_AM_AF
4938	28161.0	410	JJ165	244r	3356	2	5055.0	2.0	AF	AF	8.0	2.0	18.0	8.0	1176.0	735.0	valide	valide_AI_AM_AF
4939	28162.0	411	JJ165	244v	3356	1	5056.0	1.0	AI	AI	741.0	1.0	100.0	741.0	1097.0	548.0	valide	valide_AI_AM_AF
4940	28162.0	411	JJ165	244v	3357	2	5057.0	2.0	AF	AF	8.0	2.0	1.0	8.0	1198.0	958.0	valide	valide_AI_AM_AF
4941	28163.0	412	JJ165	245r	3357	1	5058.0	1.0	AI	AI	961.0	1.0	0.0	961.0	1200.0	448.0	valide	valide_AI_AM_AF
4942	28163.0	412	JJ165	245r	3358	2	5059.0	2.0	AF	AF	20.0	2.0	11.0	20.0	1188.0	1304.0	valide	valide_AI_AM_AF
4943	28164.0	413	JJ165	246r	3359	1	5060.0	1.0	AI	AI	21.0	1.0	0.0	21.0	1192.0	1386.0	valide	valide_AI_AM_AF
4944	28164.0	413	JJ165	246r	3360	2	5061.0	2.0	AF	AF	5.0	2.0	9.0	5.0	1190.0	1305.0	valide	valide_AI_AM_AF
4945	28165.0	414	JJ165	247r	3361	1	5062.0	0.0	AC	AC	10.0	1.0	1.0	10.0	1157.0	1342.0	valide	
4946	28166.0	415	JJ165	247r	3361	1	5063.0	0.0	AC	AC	1218.0	1.0	3.0	1218.0	1194.0	179.0	valide	
4947	28167.0	416	JJ165	247v	3362	1	5064.0	0.0	AC	AC	14.0	1.0	18.0	14.0	1181.0	1291.0	valide	
4948	28168.0	417	JJ165	248r	3363	1	5065.0	0.0	AC	AC	10.0	1.0	1.0	10.0	1197.0	1020.0	valide	
4949	28169.0	418	JJ165	248r	3363	1	5066.0	1.0	AI	AI	1028.0	1.0	0.0	1028.0	1199.0	368.0	valide	valide_AI_AM_AF
4950	28169.0	418	JJ165	248r	3364	2	5067.0	2.0	AF	AF	10.0	2.0	33.0	10.0	1166.0	718.0	valide	valide_AI_AM_AF
4951	28170.0	419	JJ165	248v	3364	1	5068.0	1.0	AI	AI	727.0	1.0	159.0	727.0	1040.0	547.0	valide	valide_AI_AM_AF
4952	28170.0	419	JJ165	248v	3365	2	5069.0	2.0	AF	AF	16.0	2.0	2.0	16.0	1198.0	528.0	valide	valide_AI_AM_AF
4953	28171.0	420	JJ165	249r	3365	1	5070.0	1.0	AI	AI	547.0	1.0	0.0	547.0	1197.0	852.0	valide	valide_AI_AM_AF
4954	28171.0	420	JJ165	249r	3366	2	5071.0	2.0	AF	AF	4.0	2.0	0.0	4.0	1199.0	457.0	valide	valide_AI_AM_AF
4955	28172.0	421	JJ165	249v	3366	1	5072.0	1.0	AI	AI	462.0	1.0	22.0	462.0	1177.0	823.0	valide	valide_AI_AM_AF
4956	28172.0	421	JJ165	249v	3367	2	5073.0	2.0	AF	AF	6.0	2.0	2.0	6.0	1198.0	411.0	valide	valide_AI_AM_AF
4957	28173.0	422	JJ165	250r	3367	1	5074.0	1.0	AI	AI	416.0	1.0	0.0	416.0	1200.0	980.0	valide	valide_AI_AM_AF
4958	28173.0	422	JJ165	250r	3368	2	5075.0	2.0	AF	AF	4.0	2.0	6.0	4.0	1193.0	496.0	valide	valide_AI_AM_AF
4959	28174.0	423	JJ165	250v	3368	1	5076.0	1.0	AI	AI	500.0	1.0	5.0	500.0	1194.0	778.0	valide	valide_AI_AM_AF
4960	28174.0	423	JJ165	250v	3369	2	5077.0	3.0	AM	AM	32.0	2.0	0.0	32.0	1199.0	1377.0	valide	valide_AI_AM_AF
4961	28174.0	423	JJ165	250v	3370	3	5078.0	3.0	AM	AM	17.0	3.0	168.0	17.0	1031.0	1284.0	valide	valide_AI_AM_AF
4962	28174.0	423	JJ165	250v	3371	4	5079.0	3.0	AM	AM	36.0	4.0	0.0	36.0	1199.0	1372.0	valide	valide_AI_AM_AF
4963	28174.0	423	JJ165	250v	3372	5	5080.0	3.0	AM	AM	12.0	5.0	179.0	12.0	1020.0	1288.0	valide	valide_AI_AM_AF
4964	28174.0	423	JJ165	250v	3373	6	5081.0	2.0	AF	AF	10.0	6.0	1.0	10.0	1197.0	987.0	valide	valide_AI_AM_AF
4965	28175.0	424	JJ165	253r	3373	1	5082.0	1.0	AI	AI	996.0	1.0	0.0	996.0	1200.0	401.0	valide	valide_AI_AM_AF
4966	28175.0	424	JJ165	253r	3374	2	5083.0	3.0	AM	AM	4.0	2.0	154.0	4.0	1045.0	1276.0	valide	valide_AI_AM_AF
4967	28175.0	424	JJ165	253r	3375	3	5084.0	3.0	AM	AM	25.0	3.0	1.0	25.0	1199.0	1440.0	valide	valide_AI_AM_AF
4968	28175.0	424	JJ165	253r	3376	4	5085.0	2.0	AF	AF	6.0	4.0	4.0	6.0	1195.0	407.0	valide	valide_AI_AM_AF
4969	28176.0	425	JJ165	254v	3376	1	5086.0	0.0	AC	AC	413.0	1.0	204.0	413.0	995.0	880.0	valide	
4970	28186.0	1	JJ166	1r	3397	1	5103.0	1.0	AI	AI	31.0	1.0	0.0	31.0	1108.0	1347.0	valide	valide_AI_AM_AF
4971	28186.0	1	JJ166	1r	3398	2	5104.0	2.0	AF	AF	9.0	2.0	6.0	9.0	1193.0	344.0	valide	valide_AI_AM_AF
4972	28187.0	2	JJ166	1v	3398	1	5105.0	1.0	AI	AI	353.0	1.0	0.0	353.0	1199.0	1077.0	valide	valide_AI_AM_AF
4973	28187.0	2	JJ166	1v	3399	2	5106.0	3.0	AM	AM	25.0	2.0	0.0	25.0	1113.0	1363.0	valide	valide_AI_AM_AF
4974	28187.0	2	JJ166	1v	3400	3	5107.0	3.0	AM	AM	4.0	3.0	0.0	4.0	1198.0	1404.0	valide	valide_AI_AM_AF
4975	28187.0	2	JJ166	1v	3401	4	5108.0	3.0	AM	AM	9.0	4.0	1.0	9.0	1069.0	1375.0	valide	valide_AI_AM_AF
4976	28187.0	2	JJ166	1v	3402	5	5109.0	3.0	AM	AM	4.0	5.0	0.0	4.0	1198.0	1422.0	valide	valide_AI_AM_AF
4977	28187.0	2	JJ166	1v	3403	6	5110.0	2.0	AF	AF	21.0	6.0	0.0	21.0	1113.0	561.0	valide	valide_AI_AM_AF
4978	28188.0	3	JJ166	4r	3403	1	5111.0	1.0	AI	AI	581.0	1.0	0.0	581.0	1067.0	807.0	valide	valide_AI_AM_AF
4979	28188.0	3	JJ166	4r	3404	2	5112.0	2.0	AF	AF	7.0	2.0	0.0	7.0	1198.0	536.0	valide	valide_AI_AM_AF
4980	28189.0	4	JJ166	4v	3404	1	5113.0	1.0	AI	AI	541.0	1.0	0.0	541.0	1198.0	889.0	valide	valide_AI_AM_AF
4981	28189.0	4	JJ166	4v	3405	2	5114.0	3.0	AM	AM	26.0	2.0	2.0	26.0	1066.0	1346.0	valide	valide_AI_AM_AF
4982	28189.0	4	JJ166	4v	3406	3	5115.0	2.0	AF	AF	3.0	3.0	0.0	3.0	1197.0	416.0	valide	valide_AI_AM_AF
4983	28190.0	5	JJ166	5v	3406	1	5116.0	1.0	AI	AI	418.0	1.0	0.0	418.0	1198.0	1021.0	valide	valide_AI_AM_AF
4984	28190.0	5	JJ166	5v	3407	2	5117.0	3.0	AM	AM	30.0	2.0	0.0	30.0	1104.0	1349.0	valide	valide_AI_AM_AF
4985	28190.0	5	JJ166	5v	3408	3	5118.0	2.0	AF	AF	4.0	3.0	0.0	4.0	1198.0	680.0	valide	valide_AI_AM_AF
4986	28191.0	6	JJ166	6v	3408	1	5119.0	1.0	AI	AI	669.0	1.0	0.0	669.0	1199.0	771.0	valide	valide_AI_AM_AF
4987	28191.0	6	JJ166	6v	3409	2	5120.0	3.0	AM	AM	27.0	2.0	0.0	27.0	1104.0	1348.0	valide	valide_AI_AM_AF
4988	28191.0	6	JJ166	6v	3410	3	5121.0	2.0	AF	AF	4.0	3.0	0.0	4.0	1198.0	350.0	valide	valide_AI_AM_AF
4989	28192.0	7	JJ166	7v	3410	1	5122.0	1.0	AI	AI	354.0	1.0	0.0	354.0	1198.0	1084.0	valide	valide_AI_AM_AF
4990	28192.0	7	JJ166	7v	3411	2	5123.0	3.0	AM	AM	28.0	2.0	1.0	28.0	1067.0	1347.0	valide	valide_AI_AM_AF
4991	28192.0	7	JJ166	7v	3412	3	5124.0	2.0	AF	AF	2.0	3.0	0.0	2.0	1198.0	1440.0	valide	valide_AI_AM_AF
4992	28193.0	8	JJ166	9r	3413	1	5125.0	0.0	AC	AC	34.0	1.0	1.0	34.0	1130.0	1341.0	valide	
4993	28194.0	9	JJ166	9v	3414	1	5126.0	1.0	AI	AI	7.0	1.0	0.0	7.0	1198.0	1437.0	valide	valide_AI_AM_AF
4994	28194.0	9	JJ166	9v	3415	2	5127.0	2.0	AF	AF	8.0	2.0	1.0	8.0	1199.0	311.0	valide	valide_AI_AM_AF
4995	28195.0	10	JJ166	10r	3415	1	5128.0	0.0	AC	AC	318.0	1.0	2.0	318.0	1172.0	1066.0	valide	
4996	28196.0	11	JJ166	10v	3416	1	5129.0	0.0	AC	AC	9.0	1.0	0.0	9.0	1198.0	938.0	valide	
4997	28197.0	12	JJ166	10v	3416	1	5130.0	1.0	AI	AI	946.0	1.0	1.0	946.0	1198.0	496.0	valide	valide_AI_AM_AF
4998	28197.0	12	JJ166	10v	3417	2	5131.0	2.0	AF	AF	18.0	2.0	1.0	18.0	1199.0	915.0	valide	valide_AI_AM_AF
4999	28198.0	13	JJ166	11r	3417	1	5132.0	1.0	AI	AI	925.0	1.0	0.0	925.0	1194.0	435.0	valide	valide_AI_AM_AF
5000	28198.0	13	JJ166	11r	3418	2	5133.0	2.0	AF	AF	12.0	2.0	0.0	12.0	1198.0	896.0	valide	valide_AI_AM_AF
5001	28199.0	14	JJ166	11v	3418	1	5134.0	1.0	AI	AI	907.0	1.0	2.0	907.0	1197.0	534.0	valide	valide_AI_AM_AF
5002	28199.0	14	JJ166	11v	3419	2	5135.0	2.0	AF	AF	29.0	2.0	0.0	29.0	1107.0	859.0	valide	valide_AI_AM_AF
5003	28200.0	15	JJ166	12r	3419	1	5136.0	1.0	AI	AI	881.0	1.0	0.0	881.0	1166.0	476.0	valide	valide_AI_AM_AF
5004	28200.0	15	JJ166	12r	3420	2	5137.0	2.0	AF	AF	15.0	2.0	0.0	15.0	1199.0	683.0	valide	valide_AI_AM_AF
5005	28201.0	16	JJ166	12v	3420	1	5138.0	1.0	AI	AI	698.0	1.0	0.0	698.0	1200.0	715.0	valide	valide_AI_AM_AF
5006	28201.0	16	JJ166	12v	3421	2	5139.0	2.0	AF	AF	28.0	2.0	2.0	28.0	1198.0	352.0	valide	valide_AI_AM_AF
5007	28202.0	17	JJ166	13r	3421	1	5140.0	0.0	AC	AC	378.0	1.0	0.0	378.0	1106.0	986.0	valide	
5008	28203.0	18	JJ166	13v	3422	1	5141.0	0.0	AC	AC	16.0	1.0	0.0	16.0	1199.0	1411.0	valide	
5009	28204.0	19	JJ166	14r	3423	1	5142.0	0.0	AC	AC	51.0	1.0	1.0	51.0	1056.0	1313.0	valide	
5010	28205.0	20	JJ166	14v	3424	1	5143.0	0.0	AC	AC	9.0	1.0	0.0	9.0	1199.0	329.0	valide	
5011	28206.0	21	JJ166	14v	3424	1	5144.0	0.0	AC	AC	336.0	1.0	158.0	336.0	1042.0	140.0	valide	
5012	28207.0	22	JJ166	14v	3424	1	5145.0	0.0	AC	AC	479.0	1.0	164.0	479.0	1012.0	130.0	valide	
5013	28208.0	23	JJ166	14v	3424	1	5146.0	0.0	AC	AC	610.0	1.0	163.0	610.0	1037.0	146.0	valide	
5014	28209.0	24	JJ166	14v	3424	1	5147.0	1.0	AI	AI	756.0	1.0	0.0	756.0	1200.0	667.0	valide	valide_AI_AM_AF
5015	28209.0	24	JJ166	14v	3425	2	5148.0	3.0	AM	AM	42.0	2.0	1.0	42.0	1056.0	1321.0	valide	valide_AI_AM_AF
5016	28209.0	24	JJ166	14v	3426	3	5149.0	2.0	AF	AF	7.0	3.0	0.0	7.0	1199.0	320.0	valide	valide_AI_AM_AF
5017	28210.0	25	JJ166	15v	3426	1	5150.0	0.0	AC	AC	326.0	1.0	160.0	326.0	1039.0	1098.0	valide	
5018	28211.0	26	JJ166	16r	3427	1	5151.0	0.0	AC	AC	47.0	1.0	1.0	47.0	1069.0	1318.0	valide	
5019	28212.0	27	JJ166	16v	3428	1	5152.0	0.0	AC	AC	26.0	1.0	0.0	26.0	1199.0	1400.0	valide	
5020	28213.0	28	JJ166	17r	3429	1	5153.0	1.0	AI	AI	44.0	1.0	0.0	44.0	1129.0	1327.0	valide	valide_AI_AM_AF
5021	28213.0	28	JJ166	17r	3430	2	5154.0	3.0	AM	AM	8.0	2.0	0.0	8.0	1199.0	1418.0	valide	valide_AI_AM_AF
5022	28213.0	28	JJ166	17r	3431	3	5155.0	2.0	AF	AF	31.0	3.0	0.0	31.0	1110.0	841.0	valide	valide_AI_AM_AF
5023	28214.0	29	JJ166	18r	3431	1	5156.0	1.0	AI	AI	869.0	1.0	0.0	869.0	1099.0	490.0	valide	valide_AI_AM_AF
5024	28214.0	29	JJ166	18r	3432	2	5157.0	2.0	AF	AF	3.0	2.0	51.0	3.0	1147.0	806.0	valide	valide_AI_AM_AF
5025	28215.0	30	JJ166	18v	3432	1	5158.0	1.0	AI	AI	806.0	1.0	1.0	806.0	1198.0	612.0	valide	valide_AI_AM_AF
5026	28215.0	30	JJ166	18v	3433	2	5159.0	3.0	AM	AM	55.0	2.0	0.0	55.0	1104.0	1323.0	valide	valide_AI_AM_AF
5027	28215.0	30	JJ166	18v	3434	3	5160.0	2.0	AF	AF	14.0	3.0	0.0	14.0	1199.0	334.0	valide	valide_AI_AM_AF
5028	28216.0	30_2	JJ166	19v	3434	1	5161.0	1.0	AI	AI	346.0	1.0	0.0	346.0	1199.0	1076.0	valide	valide_AI_AM_AF
5029	28216.0	30_2	JJ166	19v	3435	2	5162.0	2.0	AF	AF	48.0	2.0	0.0	48.0	1115.0	684.0	valide	valide_AI_AM_AF
5030	28217.0	31	JJ166	20r	3435	1	5163.0	1.0	AI	AI	732.0	1.0	0.0	732.0	1103.0	627.0	valide	valide_AI_AM_AF
5031	28217.0	31	JJ166	20r	3436	2	5164.0	2.0	AF	AF	16.0	2.0	0.0	16.0	1199.0	807.0	valide	valide_AI_AM_AF
5032	28218.0	32	JJ166	20v	3436	1	5165.0	1.0	AI	AI	821.0	1.0	3.0	821.0	1197.0	596.0	valide	valide_AI_AM_AF
5033	28218.0	32	JJ166	20v	3437	2	5166.0	2.0	AF	AF	44.0	2.0	0.0	44.0	1113.0	744.0	valide	valide_AI_AM_AF
5034	28219.0	33	JJ166	21r	3437	1	5167.0	1.0	AI	AI	785.0	1.0	0.0	785.0	1147.0	571.0	valide	valide_AI_AM_AF
5035	28219.0	33	JJ166	21r	3438	2	5168.0	2.0	AF	AF	13.0	2.0	0.0	13.0	1199.0	863.0	valide	valide_AI_AM_AF
5036	28220.0	34	JJ166	21v	3438	1	5169.0	1.0	AI	AI	874.0	1.0	3.0	874.0	1196.0	546.0	valide	valide_AI_AM_AF
5037	28220.0	34	JJ166	21v	3439	2	5170.0	2.0	AF	AF	48.0	2.0	0.0	48.0	1111.0	730.0	valide	valide_AI_AM_AF
5038	28221.0	35	JJ166	22r	3439	1	5171.0	1.0	AI	AI	776.0	1.0	0.0	776.0	1103.0	578.0	valide	valide_AI_AM_AF
5039	28221.0	35	JJ166	22r	3440	2	5172.0	2.0	AF	AF	20.0	2.0	0.0	20.0	1200.0	1396.0	valide	valide_AI_AM_AF
5040	28222.0	36	JJ166	23r	3441	1	5173.0	1.0	AI	AI	48.0	1.0	0.0	48.0	1088.0	1313.0	valide	valide_AI_AM_AF
5041	28222.0	36	JJ166	23r	3442	2	5174.0	2.0	AF	AF	15.0	2.0	0.0	15.0	1199.0	432.0	valide	valide_AI_AM_AF
5042	28223.0	37	JJ166	23v	3442	1	5175.0	1.0	AI	AI	446.0	1.0	0.0	446.0	1199.0	944.0	valide	valide_AI_AM_AF
5043	28223.0	37	JJ166	23v	3443	2	5176.0	2.0	AF	AF	42.0	2.0	0.0	42.0	1118.0	748.0	valide	valide_AI_AM_AF
5044	28224.0	38	JJ166	24r	3443	1	5177.0	1.0	AI	AI	788.0	1.0	0.0	788.0	1174.0	568.0	valide	valide_AI_AM_AF
5045	28224.0	38	JJ166	24r	3444	2	5178.0	2.0	AF	AF	17.0	2.0	376.0	17.0	823.0	1387.0	valide	valide_AI_AM_AF
5046	28225.0	39	JJ166	25r	3445	1	5179.0	1.0	AI	AI	41.0	1.0	0.0	41.0	1065.0	1325.0	valide	valide_AI_AM_AF
5047	28225.0	39	JJ166	25r	3446	2	5180.0	2.0	AF	AF	9.0	2.0	0.0	9.0	1199.0	1016.0	valide	valide_AI_AM_AF
5048	28226.0	40	JJ166	25v	3446	1	5181.0	1.0	AI	AI	1025.0	1.0	0.0	1025.0	1199.0	357.0	valide	valide_AI_AM_AF
5049	28226.0	40	JJ166	25v	3447	2	5182.0	3.0	AM	AM	39.0	2.0	1.0	39.0	1061.0	1342.0	valide	valide_AI_AM_AF
5050	28226.0	40	JJ166	25v	3448	3	5183.0	2.0	AF	AF	9.0	3.0	0.0	9.0	1199.0	815.0	valide	valide_AI_AM_AF
5051	28227.0	41	JJ166	26v	3448	1	5184.0	1.0	AI	AI	824.0	1.0	6.0	824.0	1194.0	558.0	valide	valide_AI_AM_AF
5052	28227.0	41	JJ166	26v	3449	2	5185.0	3.0	AM	AM	37.0	2.0	0.0	37.0	1093.0	1331.0	valide	valide_AI_AM_AF
5053	28227.0	41	JJ166	26v	3450	3	5186.0	2.0	AF	AF	7.0	3.0	0.0	7.0	1199.0	668.0	valide	valide_AI_AM_AF
5054	28228.0	42	JJ166	27v	3450	1	5187.0	1.0	AI	AI	675.0	1.0	0.0	675.0	1199.0	705.0	valide	valide_AI_AM_AF
5055	28228.0	42	JJ166	27v	3451	2	5188.0	2.0	AF	AF	39.0	2.0	1.0	39.0	1090.0	1340.0	valide	valide_AI_AM_AF
5056	28229.0	43	JJ166	28v	3452	1	5189.0	1.0	AI	AI	12.0	1.0	0.0	12.0	1199.0	1382.0	valide	valide_AI_AM_AF
5057	28229.0	43	JJ166	28v	3453	2	5190.0	3.0	AM	AM	34.0	2.0	2.0	34.0	1056.0	1339.0	valide	valide_AI_AM_AF
5058	28229.0	43	JJ166	28v	3454	3	5191.0	2.0	AF	AF	4.0	3.0	0.0	4.0	1199.0	395.0	valide	valide_AI_AM_AF
5059	28230.0	44	JJ166	29v	3454	1	5192.0	1.0	AI	AI	398.0	1.0	0.0	398.0	1199.0	997.0	valide	valide_AI_AM_AF
5060	28230.0	44	JJ166	29v	3455	2	5193.0	2.0	AF	AF	22.0	2.0	0.0	22.0	1114.0	952.0	valide	valide_AI_AM_AF
5061	28231.0	45	JJ166	30r	3455	1	5194.0	1.0	AI	AI	977.0	1.0	0.0	977.0	1132.0	373.0	valide	valide_AI_AM_AF
5062	28231.0	45	JJ166	30r	3456	2	5195.0	3.0	AM	AM	14.0	2.0	0.0	14.0	1199.0	1339.0	valide	valide_AI_AM_AF
5063	28231.0	45	JJ166	30r	3457	3	5196.0	2.0	AF	AF	35.0	3.0	0.0	35.0	1199.0	962.0	valide	valide_AI_AM_AF
5064	28232.0	46	JJ166	31r	3457	1	5197.0	1.0	AI	AI	994.0	1.0	1.0	994.0	1199.0	392.0	valide	valide_AI_AM_AF
5065	28232.0	46	JJ166	31r	3458	2	5198.0	3.0	AM	AM	4.0	2.0	0.0	4.0	1199.0	1397.0	valide	valide_AI_AM_AF
5066	28232.0	46	JJ166	31r	3459	3	5199.0	2.0	AF	AF	28.0	3.0	1.0	28.0	1197.0	483.0	valide	valide_AI_AM_AF
5067	28233.0	47	JJ166	32r	3459	1	5200.0	1.0	AI	AI	511.0	1.0	1.0	511.0	1160.0	848.0	valide	valide_AI_AM_AF
5068	28233.0	47	JJ166	32r	3460	2	5201.0	2.0	AF	AF	7.0	2.0	0.0	7.0	1200.0	1399.0	valide	valide_AI_AM_AF
5069	28234.0	48	JJ166	33r	3461	1	5202.0	1.0	AI	AI	21.0	1.0	1.0	21.0	1181.0	1361.0	valide	valide_AI_AM_AF
5070	28234.0	48	JJ166	33r	3462	2	5203.0	2.0	AF	AF	8.0	2.0	0.0	8.0	1199.0	548.0	valide	valide_AI_AM_AF
5071	28235.0	49	JJ166	33v	3462	1	5204.0	1.0	AI	AI	555.0	1.0	0.0	555.0	1200.0	851.0	valide	valide_AI_AM_AF
5072	28235.0	49	JJ166	33v	3463	2	5205.0	2.0	AF	AF	12.0	2.0	2.0	12.0	1080.0	1370.0	valide	valide_AI_AM_AF
5073	28236.0	50	JJ166	34v	3464	1	5206.0	0.0	AC	AC	11.0	1.0	0.0	11.0	1199.0	1394.0	valide	
5074	28237.0	51	JJ166	35r	3465	1	5207.0	0.0	AC	AC	38.0	1.0	0.0	38.0	1131.0	1347.0	valide	
5075	28238.0	52	JJ166	35v	3466	1	5208.0	0.0	AC	AC	1.0	1.0	3.0	1.0	1196.0	893.0	valide	
5076	28239.0	53	JJ166	35v	3466	1	5209.0	1.0	AI	AI	894.0	1.0	0.0	894.0	1199.0	510.0	valide	valide_AI_AM_AF
5077	28239.0	53	JJ166	35v	3467	2	5210.0	2.0	AF	AF	40.0	2.0	1.0	40.0	1194.0	602.0	valide	valide_AI_AM_AF
5078	28240.0	54	JJ166	36r	3467	1	5211.0	1.0	AI	AI	641.0	1.0	0.0	641.0	1119.0	719.0	valide	valide_AI_AM_AF
5079	28240.0	54	JJ166	36r	3468	2	5212.0	2.0	AF	AF	2.0	2.0	0.0	2.0	1199.0	862.0	valide	valide_AI_AM_AF
5080	28241.0	55	JJ166	36v	3468	1	5213.0	1.0	AI	AI	864.0	1.0	0.0	864.0	1200.0	541.0	valide	valide_AI_AM_AF
5081	28241.0	55	JJ166	36v	3469	2	5214.0	2.0	AF	AF	22.0	2.0	0.0	22.0	1115.0	1369.0	valide	valide_AI_AM_AF
5082	28242.0	56	JJ166	37v	3470	1	5215.0	0.0	AC	AC	4.0	1.0	5.0	4.0	1195.0	830.0	valide	
5083	28243.0	57	JJ166	37v	3470	1	5216.0	1.0	AI	AI	834.0	1.0	0.0	834.0	1200.0	571.0	valide	valide_AI_AM_AF
5084	28243.0	57	JJ166	37v	3471	2	5217.0	2.0	AF	AF	28.0	2.0	0.0	28.0	1107.0	1361.0	valide	valide_AI_AM_AF
5085	28244.0	58	JJ166	38v	3472	1	5218.0	1.0	AI	AI	24.0	1.0	0.0	24.0	1199.0	1327.0	valide	valide_AI_AM_AF
5086	28244.0	58	JJ166	38v	3473	2	5219.0	2.0	AF	AF	35.0	2.0	0.0	35.0	1197.0	681.0	valide	valide_AI_AM_AF
5087	28245.0	59	JJ166	39r	3473	1	5220.0	1.0	AI	AI	714.0	1.0	0.0	714.0	1168.0	689.0	valide	valide_AI_AM_AF
5088	28245.0	59	JJ166	39r	3474	2	5221.0	2.0	AF	AF	1.0	2.0	193.0	1.0	1006.0	1405.0	valide	valide_AI_AM_AF
5089	28246.0	60	JJ166	40r	3475	1	5222.0	1.0	AI	AI	30.0	1.0	1.0	30.0	1083.0	1358.0	valide	valide_AI_AM_AF
5090	28246.0	60	JJ166	40r	3476	2	5223.0	2.0	AF	AF	15.0	2.0	0.0	15.0	1200.0	1345.0	valide	valide_AI_AM_AF
5091	28247.0	61	JJ166	41r	3477	1	5224.0	0.0	AC	AC	49.0	1.0	0.0	49.0	1198.0	1374.0	valide	
5092	28248.0	62	JJ166	41v	3478	1	5225.0	1.0	AI	AI	2.0	1.0	195.0	2.0	1004.0	1398.0	valide	valide_AI_AM_AF
5093	28248.0	62	JJ166	41v	3479	2	5226.0	2.0	AF	AF	10.0	2.0	0.0	10.0	1114.0	809.0	valide	valide_AI_AM_AF
5094	28249.0	63	JJ166	42r	3479	1	5227.0	1.0	AI	AI	818.0	1.0	0.0	818.0	1182.0	531.0	valide	valide_AI_AM_AF
5095	28249.0	63	JJ166	42r	3480	2	5228.0	2.0	AF	AF	1.0	2.0	195.0	1.0	1005.0	1390.0	valide	valide_AI_AM_AF
5096	28250.0	64	JJ166	43r	3481	1	5229.0	1.0	AI	AI	35.0	1.0	0.0	35.0	1062.0	1340.0	valide	valide_AI_AM_AF
5097	28250.0	64	JJ166	43r	3482	2	5230.0	2.0	AF	AF	1.0	2.0	190.0	1.0	1009.0	1397.0	valide	valide_AI_AM_AF
5098	28251.0	65	JJ166	44r	3483	1	5231.0	1.0	AI	AI	42.0	1.0	0.0	42.0	1116.0	1335.0	valide	valide_AI_AM_AF
5099	28251.0	65	JJ166	44r	3484	2	5232.0	2.0	AF	AF	26.0	2.0	0.0	26.0	1200.0	857.0	valide	valide_AI_AM_AF
5100	28252.0	66	JJ166	44v	3484	1	5233.0	1.0	AI	AI	883.0	1.0	1.0	883.0	1198.0	496.0	valide	valide_AI_AM_AF
5101	28252.0	66	JJ166	44v	3485	2	5234.0	3.0	AM	AM	45.0	2.0	1.0	45.0	1197.0	1398.0	valide	valide_AI_AM_AF
5102	28252.0	66	JJ166	44v	3486	3	5235.0	2.0	AF	AF	1.0	3.0	38.0	1.0	1161.0	631.0	valide	valide_AI_AM_AF
5103	28253.0	67	JJ166	45v	3486	1	5236.0	1.0	AI	AI	629.0	1.0	0.0	629.0	1199.0	771.0	valide	valide_AI_AM_AF
5104	28253.0	67	JJ166	45v	3487	2	5237.0	3.0	AM	AM	22.0	2.0	0.0	22.0	1118.0	1328.0	valide	valide_AI_AM_AF
5105	28253.0	67	JJ166	45v	3488	3	5238.0	2.0	AF	AF	1.0	3.0	0.0	1.0	1199.0	378.0	valide	valide_AI_AM_AF
5106	28254.0	68	JJ166	46v	3488	1	5239.0	1.0	AI	AI	375.0	1.0	0.0	375.0	1199.0	1019.0	valide	valide_AI_AM_AF
5107	28254.0	68	JJ166	46v	3489	2	5240.0	2.0	AF	AF	11.0	2.0	0.0	11.0	1119.0	770.0	valide	valide_AI_AM_AF
5108	28255.0	69	JJ166	47r	3489	1	5241.0	1.0	AI	AI	779.0	1.0	1.0	779.0	1189.0	567.0	valide	valide_AI_AM_AF
5109	28255.0	69	JJ166	47r	3490	2	5242.0	2.0	AF	AF	0.0	2.0	0.0	0.0	1199.0	1393.0	valide	valide_AI_AM_AF
5110	28256.0	70	JJ166	48r	3491	1	5243.0	0.0	AC	AC	5.0	1.0	0.0	5.0	1099.0	1356.0	valide	
5111	28257.0	71	JJ166	48v	3492	1	5244.0	0.0	AC	AC	3.0	1.0	0.0	3.0	1200.0	1395.0	valide	
5112	28258.0	72	JJ166	49r	3493	1	5245.0	1.0	AI	AI	8.0	1.0	0.0	8.0	1130.0	1365.0	valide	valide_AI_AM_AF
5113	28258.0	72	JJ166	49r	3494	2	5246.0	2.0	AF	AF	2.0	2.0	0.0	2.0	1199.0	676.0	valide	valide_AI_AM_AF
5114	28259.0	73	JJ166	49v	3494	1	5247.0	1.0	AI	AI	676.0	1.0	0.0	676.0	1200.0	725.0	valide	valide_AI_AM_AF
5115	28259.0	73	JJ166	49v	3495	2	5248.0	2.0	AF	AF	7.0	2.0	0.0	7.0	1111.0	758.0	valide	valide_AI_AM_AF
5116	28260.0	74	JJ166	50r	3495	1	5249.0	1.0	AI	AI	763.0	1.0	0.0	763.0	1108.0	593.0	valide	valide_AI_AM_AF
5117	28260.0	74	JJ166	50r	3496	2	5250.0	3.0	AM	AM	2.0	2.0	0.0	2.0	1200.0	1397.0	valide	valide_AI_AM_AF
5118	28260.0	74	JJ166	50r	3497	3	5251.0	2.0	AF	AF	5.0	3.0	1.0	5.0	1160.0	749.0	valide	valide_AI_AM_AF
5119	28261.0	75	JJ166	51r	3497	1	5252.0	1.0	AI	AI	740.0	1.0	0.0	740.0	1115.0	614.0	valide	valide_AI_AM_AF
5120	28261.0	75	JJ166	51r	3498	2	5253.0	2.0	AF	AF	1.0	2.0	0.0	1.0	1199.0	1103.0	valide	valide_AI_AM_AF
5121	28262.0	76	JJ166	51v	3498	1	5254.0	1.0	AI	AI	1103.0	1.0	7.0	1103.0	1192.0	290.0	valide	valide_AI_AM_AF
5122	28262.0	76	JJ166	51v	3499	2	5255.0	3.0	AM	AM	6.0	2.0	0.0	6.0	1111.0	1352.0	valide	valide_AI_AM_AF
5123	28262.0	76	JJ166	51v	3500	3	5256.0	3.0	AM	AM	4.0	3.0	148.0	4.0	1051.0	1387.0	valide	valide_AI_AM_AF
5124	28262.0	76	JJ166	51v	3501	4	5257.0	2.0	AF	AF	4.0	4.0	2.0	4.0	1198.0	386.0	valide	valide_AI_AM_AF
5125	28263.0	77	JJ166	53r	3501	1	5258.0	0.0	AC	AC	323.0	1.0	6.0	323.0	855.0	68.0	valide	
5126	28264.0	78	JJ166	53r	3501	1	5259.0	1.0	AI	AI	390.0	1.0	0.0	390.0	1111.0	974.0	valide	valide_AI_AM_AF
5127	28264.0	78	JJ166	53r	3502	2	5260.0	2.0	AF	AF	1.0	2.0	0.0	1.0	1199.0	887.0	valide	valide_AI_AM_AF
5128	28265.0	79	JJ166	53v	3502	1	5261.0	1.0	AI	AI	889.0	1.0	1.0	889.0	1198.0	502.0	valide	valide_AI_AM_AF
5129	28265.0	79	JJ166	53v	3503	2	5262.0	3.0	AM	AM	9.0	2.0	0.0	9.0	1101.0	1360.0	valide	valide_AI_AM_AF
5130	28265.0	79	JJ166	53v	3504	3	5263.0	2.0	AF	AF	1.0	3.0	0.0	1.0	1199.0	1007.0	valide	valide_AI_AM_AF
5131	28266.0	80	JJ166	54v	3504	1	5264.0	1.0	AI	AI	1006.0	1.0	1.0	1006.0	1198.0	387.0	valide	valide_AI_AM_AF
5132	28266.0	80	JJ166	54v	3505	2	5265.0	2.0	AF	AF	29.0	2.0	2.0	29.0	1069.0	1339.0	valide	valide_AI_AM_AF
5133	28267.0	81	JJ166	55v	3506	1	5266.0	1.0	AI	AI	4.0	1.0	29.0	4.0	1171.0	1359.0	valide	valide_AI_AM_AF
5134	28267.0	81	JJ166	55v	3507	2	5267.0	2.0	AF	AF	19.0	2.0	2.0	19.0	1038.0	919.0	valide	valide_AI_AM_AF
5135	28267.1	81bis	JJ166	56r	3507	1	5268.0	0.0	AC	AC	936.0	1.0	1.0	936.0	1101.0	398.0	valide	
5136	28268.0	82	JJ166	57r	3509	1	5271.0	0.0	AC	AC	9.0	1.0	1.0	9.0	1101.0	1343.0	valide	
5137	28269.0	83	JJ166	57v	3510	1	5272.0	0.0	AC	AC	3.0	1.0	11.0	3.0	1188.0	1365.0	valide	
5138	28270.0	84	JJ166	58r	3511	1	5273.0	0.0	AC	AC	10.0	1.0	2.0	10.0	1081.0	1337.0	valide	
5139	28271.0	85	JJ166	58v	3512	1	5274.0	0.0	AC	AC	1.0	1.0	0.0	1.0	1200.0	886.0	valide	
5140	28272.0	86	JJ166	58v	3512	1	5275.0	1.0	AI	AI	888.0	1.0	7.0	888.0	1192.0	458.0	valide	valide_AI_AM_AF
5141	28272.0	86	JJ166	58v	3513	2	5276.0	2.0	AF	AF	2.0	2.0	0.0	2.0	1200.0	722.0	valide	valide_AI_AM_AF
5142	28273.0	87	JJ166	59r	3513	1	5277.0	1.0	AI	AI	721.0	1.0	0.0	721.0	1030.0	615.0	valide	valide_AI_AM_AF
5143	28273.0	87	JJ166	59r	3514	2	5278.0	2.0	AF	AF	7.0	2.0	6.0	7.0	1193.0	468.0	valide	valide_AI_AM_AF
5144	28274.0	88	JJ166	59v	3514	1	5279.0	0.0	AC	AC	476.0	1.0	0.0	476.0	1199.0	883.0	valide	
5145	28275.0	89	JJ166	60r	3515	1	5280.0	0.0	AC	AC	5.0	1.0	0.0	5.0	1075.0	803.0	valide	
5146	28276.0	90	JJ166	60r	3515	1	5281.0	1.0	AI	AI	807.0	1.0	2.0	807.0	1088.0	527.0	valide	valide_AI_AM_AF
5147	28276.0	90	JJ166	60r	3516	2	5282.0	2.0	AF	AF	6.0	2.0	0.0	6.0	1200.0	944.0	valide	valide_AI_AM_AF
5148	28277.0	91	JJ166	60v	3516	1	5283.0	1.0	AI	AI	948.0	1.0	4.0	948.0	1196.0	415.0	valide	valide_AI_AM_AF
5149	28277.0	91	JJ166	60v	3517	2	5284.0	2.0	AF	AF	3.0	2.0	0.0	3.0	1200.0	725.0	valide	valide_AI_AM_AF
5150	28278.0	92	JJ166	61r	3517	1	5285.0	1.0	AI	AI	723.0	1.0	1.0	723.0	1120.0	610.0	valide	valide_AI_AM_AF
5151	28278.0	92	JJ166	61r	3518	2	5286.0	2.0	AF	AF	2.0	2.0	1.0	2.0	1198.0	789.0	valide	valide_AI_AM_AF
5152	28279.0	93	JJ166	61v	3518	1	5287.0	1.0	AI	AI	775.0	1.0	5.0	775.0	1195.0	586.0	valide	valide_AI_AM_AF
5153	28279.0	93	JJ166	61v	3519	2	5288.0	2.0	AF	AF	6.0	2.0	0.0	6.0	1200.0	647.0	valide	valide_AI_AM_AF
5154	28280.0	94	JJ166	62r	3519	1	5289.0	1.0	AI	AI	651.0	1.0	2.0	651.0	1070.0	683.0	valide	valide_AI_AM_AF
5155	28280.0	94	JJ166	62r	3520	2	5290.0	2.0	AF	AF	1.0	2.0	16.0	1.0	1183.0	496.0	valide	valide_AI_AM_AF
5156	28281.0	95	JJ166	62r	3519	1											ancrage_sans_zone_initiale	
5157	28282.0	96	JJ166	62r	3519	1											ancrage_sans_zone_initiale	
5158	28283.0	97	JJ166	62v	3520	1	5291.0	1.0	AI	AI	497.0	1.0	4.0	497.0	1196.0	865.0	valide	valide_AI_AM_AF
5159	28283.0	97	JJ166	62v	3521	2	5292.0	2.0	AF	AF	3.0	2.0	2.0	3.0	1198.0	373.0	valide	valide_AI_AM_AF
5160	28284.0	98	JJ166	63r	3521	1	5293.0	0.0	AC	AC	375.0	1.0	2.0	375.0	1080.0	967.0	valide	
5161	28285.0	99	JJ166	63v	3522	1	5294.0	1.0	AI	AI	3.0	1.0	222.0	3.0	978.0	1355.0	valide	valide_AI_AM_AF
5162	28285.0	99	JJ166	63v	3523	2	5295.0	2.0	AF	AF	4.0	2.0	0.0	4.0	1191.0	793.0	valide	valide_AI_AM_AF
5163	28286.0	100	JJ166	64r	3523	1	5296.0	1.0	AI	AI	784.0	1.0	0.0	784.0	1094.0	547.0	valide	valide_AI_AM_AF
5164	28286.0	100	JJ166	64r	3524	2	5297.0	2.0	AF	AF	3.0	2.0	206.0	3.0	993.0	480.0	valide	valide_AI_AM_AF
5165	28287.0	101	JJ166	64v	3524	1	5298.0	0.0	AC	AC	483.0	1.0	22.0	483.0	1177.0	880.0	valide	
5166	28288.0	102	JJ166	65r	3525	1	5301.0	0.0	AC	AC	692.0	1.0	1.0	692.0	1050.0	91.0	valide	
5167	28289.0	103	JJ166	65r	3525	1	5302.0	1.0	AI	AI	780.0	1.0	0.0	780.0	1034.0	554.0	valide	valide_AI_AM_AF
5168	28289.0	103	JJ166	65r	3526	2	5303.0	2.0	AF	AF	1.0	2.0	32.0	1.0	1168.0	748.0	valide	valide_AI_AM_AF
5169	28290.0	104	JJ166	65v	3526	1	5304.0	0.0	AC	AC	745.0	1.0	2.0	745.0	1197.0	621.0	valide	
5170	28291.0	105	JJ166	66r	3527	1	5305.0	1.0	AI	AI	8.0	1.0	0.0	8.0	1040.0	1333.0	valide	valide_AI_AM_AF
5171	28291.0	105	JJ166	66r	3528	2	5306.0	3.0	AM	AM	3.0	2.0	206.0	3.0	994.0	1360.0	valide	valide_AI_AM_AF
5172	28291.0	105	JJ166	66r	3529	3	5307.0	2.0	AF	AF	17.0	3.0	0.0	17.0	1071.0	569.0	valide	valide_AI_AM_AF
5173	28292.0	106	JJ166	67r	3529	1	5308.0	1.0	AI	AI	586.0	1.0	0.0	586.0	1055.0	751.0	valide	valide_AI_AM_AF
5174	28292.0	106	JJ166	67r	3530	2	5309.0	3.0	AM	AM	5.0	2.0	200.0	5.0	999.0	1362.0	valide	valide_AI_AM_AF
5175	28292.0	106	JJ166	67r	3531	3	5310.0	2.0	AF	AF	15.0	3.0	0.0	15.0	1058.0	528.0	valide	valide_AI_AM_AF
5176	28293.0	107	JJ166	68r	3531	1	5311.0	1.0	AI	AI	534.0	1.0	0.0	534.0	1065.0	824.0	valide	valide_AI_AM_AF
5177	28293.0	107	JJ166	68r	3532	2	5312.0	2.0	AF	AF	5.0	2.0	0.0	5.0	1199.0	1039.0	valide	valide_AI_AM_AF
5178	28294.0	108	JJ166	68v	3532	1	5313.0	1.0	AI	AI	1043.0	1.0	5.0	1043.0	1195.0	326.0	valide	valide_AI_AM_AF
5179	28294.0	108	JJ166	68v	3533	2	5314.0	2.0	AF	AF	10.0	2.0	2.0	10.0	1042.0	1353.0	valide	valide_AI_AM_AF
5180	28295.0	109	JJ166	69v	3534	1	5315.0	0.0	AC	AC	19.0	1.0	0.0	19.0	1200.0	1347.0	valide	
5181	28296.0	110	JJ166	70r	3535	1	5316.0	1.0	AI	AI	31.0	1.0	0.0	31.0	1034.0	1334.0	valide	valide_AI_AM_AF
5182	28296.0	110	JJ166	70r	3536	2	5317.0	3.0	AM	AM	12.0	2.0	0.0	12.0	1200.0	1350.0	valide	valide_AI_AM_AF
5183	28296.0	110	JJ166	70r	3537	3	5318.0	3.0	AM	AM	16.0	3.0	0.0	16.0	1037.0	1354.0	valide	valide_AI_AM_AF
5184	28296.0	110	JJ166	70r	3538	4	5319.0	2.0	AF	AF	8.0	4.0	2.0	8.0	1197.0	498.0	valide	valide_AI_AM_AF
5185	28298.0	111	JJ166	71v	3538	1	5320.0	1.0	AI	AI	506.0	1.0	0.0	506.0	1200.0	863.0	valide	valide_AI_AM_AF
5186	28298.0	111	JJ166	71v	3539	2	5321.0	2.0	AF	AF	8.0	2.0	2.0	8.0	1049.0	438.0	valide	valide_AI_AM_AF
5187	28300.0	112	JJ166	72r	3539	1	5322.0	1.0	AI	AI	422.0	1.0	0.0	422.0	1041.0	943.0	valide	valide_AI_AM_AF
5188	28300.0	112	JJ166	72r	3540	2	5323.0	3.0	AM	AM	10.0	2.0	0.0	10.0	1200.0	1358.0	valide	valide_AI_AM_AF
5189	28300.0	112	JJ166	72r	3541	3	5324.0	2.0	AF	AF	8.0	3.0	0.0	8.0	1039.0	889.0	valide	valide_AI_AM_AF
5190	28302.0	113	JJ166	73r	3541	1	5325.0	1.0	AI	AI	889.0	1.0	0.0	889.0	1056.0	469.0	valide	valide_AI_AM_AF
5191	28302.0	113	JJ166	73r	3542	2	5326.0	2.0	AF	AF	5.0	2.0	1.0	5.0	1198.0	1356.0	valide	valide_AI_AM_AF
5192	28302.1	110bis	JJ166	74r	3543	1	5327.0	1.0	AI	AI	18.0	1.0	0.0	18.0	1044.0	1349.0	valide	valide_AI_AM_AF
5193	28302.1	110bis	JJ166	74r	3544	2	5328.0	2.0	AF	AF	3.0	2.0	0.0	3.0	1200.0	411.0	valide	valide_AI_AM_AF
5194	28302.2	111bis	JJ166	74v	3544	1	5329.0	1.0	AI	AI	415.0	1.0	0.0	415.0	1199.0	939.0	valide	valide_AI_AM_AF
5195	28302.2	111bis	JJ166	74v	3545	2	5330.0	2.0	AF	AF	8.0	2.0	0.0	8.0	1069.0	606.0	valide	valide_AI_AM_AF
5196	28302.3	112bis	JJ166	75r	3545	1	5331.0	1.0	AI	AI	611.0	1.0	0.0	611.0	1056.0	745.0	valide	valide_AI_AM_AF
5197	28302.3	112bis	JJ166	75r	3546	2	5332.0	2.0	AF	AF	2.0	2.0	0.0	2.0	1199.0	785.0	valide	valide_AI_AM_AF
5198	28303.0	113bis	JJ166	75v	3546	1	5333.0	1.0	AI	AI	785.0	1.0	0.0	785.0	1200.0	583.0	valide	valide_AI_AM_AF
5199	28303.0	113bis	JJ166	75v	3547	2	5334.0	2.0	AF	AF	11.0	2.0	0.0	11.0	1045.0	535.0	valide	valide_AI_AM_AF
5200	28304.0	114	JJ166	76r	3547	1	5335.0	1.0	AI	AI	544.0	1.0	0.0	544.0	1029.0	825.0	valide	valide_AI_AM_AF
5201	28304.0	114	JJ166	76r	3548	2	5336.0	2.0	AF	AF	3.0	2.0	9.0	3.0	1191.0	475.0	valide	valide_AI_AM_AF
5202	28305.0	115	JJ166	76v	3548	1	5337.0	1.0	AI	AI	477.0	1.0	4.0	477.0	1195.0	887.0	valide	valide_AI_AM_AF
5203	28305.0	115	JJ166	76v	3549	2	5338.0	2.0	AF	AF	11.0	2.0	2.0	11.0	1160.0	464.0	valide	valide_AI_AM_AF
5204	28306.0	116	JJ166	77r	3549	1	5339.0	0.0	AC	AC	472.0	1.0	0.0	472.0	1088.0	783.0	valide	
5205	28307.0	117	JJ166	77r	3549	1	5340.0	0.0	AC	AC	1168.0	1.0	0.0	1168.0	1052.0	164.0	valide	
5206	28308.0	118	JJ166	77v	3550	1	5341.0	0.0	AC	AC	3.0	1.0	0.0	3.0	1200.0	1364.0	valide	
5207	28309.0	119	JJ166	78r	3551	1	5342.0	1.0	AI	AI	24.0	1.0	1.0	24.0	1050.0	1328.0	valide	valide_AI_AM_AF
5208	28309.0	119	JJ166	78r	3552	2	5343.0	2.0	AF	AF	1.0	2.0	0.0	1.0	1199.0	419.0	valide	valide_AI_AM_AF
5209	28310.0	120	JJ166	78v	3552	1	5344.0	1.0	AI	AI	420.0	1.0	0.0	420.0	1199.0	941.0	valide	valide_AI_AM_AF
5210	28310.0	120	JJ166	78v	3553	2	5345.0	2.0	AF	AF	14.0	2.0	0.0	14.0	1051.0	564.0	valide	valide_AI_AM_AF
5211	28311.0	121	JJ166	79r	3553	1	5346.0	0.0	AC	AC	578.0	1.0	1.0	578.0	1038.0	399.0	valide	
5212	28312.0	122	JJ166	79r	3553	1	5347.0	1.0	AI	AI	976.0	1.0	1.0	976.0	1076.0	354.0	valide	valide_AI_AM_AF
5213	28312.0	122	JJ166	79r	3554	2	5348.0	2.0	AF	AF	2.0	2.0	0.0	2.0	1200.0	1360.0	valide	valide_AI_AM_AF
5214	28313.0	123	JJ166	80r	3555	1	5349.0	0.0	AC	AC	15.0	1.0	0.0	15.0	1075.0	1344.0	valide	
5215	28314.0	124	JJ166	80v	3556	1	5350.0	0.0	AC	AC	4.0	1.0	0.0	4.0	1200.0	1360.0	valide	
5216	28315.0	125	JJ166	81r	3557	1	5351.0	0.0	AC	AC	17.0	1.0	0.0	17.0	1054.0	1341.0	valide	
5217	28316.0	126	JJ166	81v	3558	1	5352.0	0.0	AC	AC	9.0	1.0	0.0	9.0	1199.0	1356.0	valide	
5218	28317.0	127	JJ166	82r	3559	1	5353.0	1.0	AI	AI	7.0	1.0	1.0	7.0	1044.0	1358.0	valide	valide_AI_AM_AF
5219	28317.0	127	JJ166	82r	3560	2	5354.0	2.0	AF	AF	3.0	2.0	0.0	3.0	1200.0	1361.0	valide	valide_AI_AM_AF
5220	28318.0	128	JJ166	83r	3561	1	5355.0	1.0	AI	AI	15.0	1.0	1.0	15.0	1038.0	1351.0	valide	valide_AI_AM_AF
5221	28318.0	128	JJ166	83r	3562	2	5356.0	2.0	AF	AF	1.0	2.0	4.0	1.0	1195.0	335.0	valide	valide_AI_AM_AF
5222	28319.0	129	JJ166	83v	3562	1	5357.0	1.0	AI	AI	336.0	1.0	0.0	336.0	1200.0	1020.0	valide	valide_AI_AM_AF
5223	28319.0	129	JJ166	83v	3563	2	5358.0	3.0	AM	AM	15.0	2.0	1.0	15.0	1039.0	1349.0	valide	valide_AI_AM_AF
5224	28319.0	129	JJ166	83v	3564	3	5359.0	3.0	AM	AM	1.0	3.0	77.0	1.0	1122.0	1360.0	valide	valide_AI_AM_AF
5225	28319.0	129	JJ166	83v	3565	4	5360.0	3.0	AM	AM	17.0	4.0	0.0	17.0	1058.0	1344.0	valide	valide_AI_AM_AF
5226	28319.0	129	JJ166	83v	3566	5	5361.0	3.0	AM	AM	3.0	5.0	0.0	3.0	1199.0	1358.0	valide	valide_AI_AM_AF
5227	28319.0	129	JJ166	83v	3567	6	5362.0	3.0	AM	AM	26.0	6.0	0.0	26.0	1083.0	1335.0	valide	valide_AI_AM_AF
5228	28319.0	129	JJ166	83v	3568	7	5363.0	3.0	AM	AM	2.0	7.0	0.0	2.0	1199.0	1347.0	valide	valide_AI_AM_AF
5229	28319.0	129	JJ166	83v	3569	8	5364.0	3.0	AM	AM	28.0	8.0	0.0	28.0	1081.0	1338.0	valide	valide_AI_AM_AF
5230	28319.0	129	JJ166	83v	3570	9	5365.0	3.0	AM	AM	1.0	9.0	0.0	1.0	1199.0	1359.0	valide	valide_AI_AM_AF
5231	28319.0	129	JJ166	83v	3571	10	5366.0	3.0	AM	AM	19.0	10.0	0.0	19.0	1078.0	1320.0	valide	valide_AI_AM_AF
5232	28319.0	129	JJ166	83v	3572	11	5367.0	3.0	AM	AM	2.0	11.0	197.0	2.0	1002.0	1356.0	valide	valide_AI_AM_AF
5233	28319.0	129	JJ166	83v	3573	12	5368.0	2.0	AF	AF	10.0	12.0	0.0	10.0	1092.0	694.0	valide	valide_AI_AM_AF
5234	28320.0	130	JJ166	89r	3573	1	5369.0	1.0	AI	AI	703.0	1.0	0.0	703.0	1057.0	627.0	valide	valide_AI_AM_AF
5235	28320.0	130	JJ166	89r	3574	2	5370.0	2.0	AF	AF	2.0	2.0	0.0	2.0	1199.0	1361.0	valide	valide_AI_AM_AF
5236	28321.0	131	JJ166	90r	3575	1	5371.0	0.0	AC	AC	12.0	1.0	1.0	12.0	1129.0	881.0	valide	
5237	28322.0	132	JJ166	90r	3575	1	5372.0	1.0	AI	AI	889.0	1.0	2.0	889.0	1101.0	441.0	valide	valide_AI_AM_AF
5238	28322.0	132	JJ166	90r	3576	2	5373.0	2.0	AF	AF	1.0	2.0	63.0	1.0	1136.0	760.0	valide	valide_AI_AM_AF
5239	28323.0	133	JJ166	90v	3576	1	5374.0	1.0	AI	AI	761.0	1.0	1.0	761.0	1198.0	573.0	valide	valide_AI_AM_AF
5240	28323.0	133	JJ166	90v	3577	2	5375.0	2.0	AF	AF	6.0	2.0	2.0	6.0	1118.0	460.0	valide	valide_AI_AM_AF
5241	28324.0	134	JJ166	91r	3577	1	5376.0	0.0	AC	AC	465.0	1.0	0.0	465.0	1104.0	871.0	valide	
5242	28325.0	135	JJ166	91v	3578	1	5377.0	1.0	AI	AI	5.0	1.0	2.0	5.0	1197.0	1345.0	valide	valide_AI_AM_AF
5243	28325.0	135	JJ166	91v	3579	2	5378.0	2.0	AF	AF	6.0	2.0	3.0	6.0	1197.0	354.0	valide	valide_AI_AM_AF
5244	28326.0	136	JJ166	92r	3579	1	5379.0	1.0	AI	AI	359.0	1.0	0.0	359.0	1033.0	982.0	valide	valide_AI_AM_AF
5245	28326.0	136	JJ166	92r	3580	2	5380.0	2.0	AF	AF	3.0	2.0	5.0	3.0	1195.0	415.0	valide	valide_AI_AM_AF
5246	28327.0	137	JJ166	92v	3580	1	5381.0	1.0	AI	AI	418.0	1.0	45.0	418.0	1154.0	927.0	valide	valide_AI_AM_AF
5247	28327.0	137	JJ166	92v	3581	2	5382.0	2.0	AF	AF	9.0	2.0	1.0	9.0	1199.0	584.0	valide	valide_AI_AM_AF
5248	28328.0	138	JJ166	93r	3581	1	5383.0	0.0	AC	AC	568.0	1.0	0.0	568.0	1146.0	761.0	valide	
5249	28328.1	138bis	JJ166	93r	3581	1											ancrage_sans_zone_initiale	
5250	28329.0	139	JJ166	93v	3582	1	5384.0	0.0	AC	AC	0.0	1.0	45.0	0.0	1155.0	1353.0	valide	
5251	28330.0	140	JJ166	94r	3583	1	5385.0	1.0	AI	AI	33.0	1.0	0.0	33.0	1080.0	1301.0	valide	valide_AI_AM_AF
5252	28330.0	140	JJ166	94r	3584	2	5386.0	2.0	AF	AF	1.0	2.0	2.0	1.0	1198.0	341.0	valide	valide_AI_AM_AF
5253	28331.0	141	JJ166	94v	3584	1	5387.0	1.0	AI	AI	342.0	1.0	0.0	342.0	1200.0	1016.0	valide	valide_AI_AM_AF
5254	28331.0	141	JJ166	94v	3585	2	5388.0	2.0	AF	AF	5.0	2.0	1.0	5.0	1161.0	387.0	valide	valide_AI_AM_AF
5255	28332.0	142	JJ166	95r	3585	1	5389.0	0.0	AC	AC	390.0	1.0	1.0	390.0	1029.0	575.0	valide	
5256	28333.0	142bis	JJ166	95r	3585	1	5390.0	1.0	AI	AI	962.0	1.0	2.0	962.0	1103.0	386.0	valide	valide_AI_AM_AF
5257	28333.0	142bis	JJ166	95r	3586	2	5391.0	2.0	AF	AF	2.0	2.0	46.0	2.0	1153.0	836.0	valide	valide_AI_AM_AF
5258	28334.0	143	JJ166	95r	3585	1											ancrage_sans_zone_initiale	
5259	28335.0	144	JJ166	95v	3586	1	5392.0	1.0	AI	AI	831.0	1.0	3.0	831.0	1196.0	516.0	valide	valide_AI_AM_AF
5260	28335.0	144	JJ166	95v	3587	2	5393.0	2.0	AF	AF	1.0	2.0	2.0	1.0	1129.0	492.0	valide	valide_AI_AM_AF
5261	28336.0	145	JJ166	96r	3587	1	5394.0	1.0	AI	AI	493.0	1.0	0.0	493.0	1047.0	847.0	valide	valide_AI_AM_AF
5262	28336.0	145	JJ166	96r	3588	2	5395.0	2.0	AF	AF	2.0	2.0	0.0	2.0	1200.0	849.0	valide	valide_AI_AM_AF
5263	28337.0	146	JJ166	96v	3588	1	5396.0	1.0	AI	AI	847.0	1.0	2.0	847.0	1197.0	492.0	valide	valide_AI_AM_AF
5264	28337.0	146	JJ166	96v	3589	2	5397.0	2.0	AF	AF	1.0	2.0	2.0	1.0	1066.0	1341.0	valide	valide_AI_AM_AF
5265	28338.0	147	JJ166	97v	3590	1	5398.0	0.0	AC	AC	4.0	1.0	0.0	4.0	1199.0	1336.0	valide	
5266	28339.0	148	JJ166	98r	3591	1	5400.0	1.0	AI	AI	1.0	1.0	1.0	1.0	1020.0	1349.0	valide	valide_AI_AM_AF
5267	28339.0	148	JJ166	98r	3592	2	5401.0	2.0	AF	AF	3.0	2.0	6.0	3.0	1192.0	1356.0	valide	valide_AI_AM_AF
5268	28340.0	149	JJ166	99r	3593	1	5402.0	1.0	AI	AI	20.0	1.0	0.0	20.0	1023.0	1350.0	valide	valide_AI_AM_AF
5269	28340.0	149	JJ166	99r	3594	2	5403.0	2.0	AF	AF	3.0	2.0	2.0	3.0	1197.0	1362.0	valide	valide_AI_AM_AF
5270	28341.0	150	JJ166	100r	3595	1	5404.0	1.0	AI	AI	13.0	1.0	0.0	13.0	1074.0	1360.0	valide	valide_AI_AM_AF
5271	28341.0	150	JJ166	100r	3596	2	5405.0	2.0	AF	AF	6.0	2.0	0.0	6.0	1198.0	739.0	valide	valide_AI_AM_AF
5272	28342.0	151	JJ166	100v	3596	1	5406.0	1.0	AI	AI	744.0	1.0	0.0	744.0	1198.0	594.0	valide	valide_AI_AM_AF
5273	28342.0	151	JJ166	100v	3597	2	5407.0	2.0	AF	AF	8.0	2.0	0.0	8.0	1061.0	1361.0	valide	valide_AI_AM_AF
5274	28343.0	152	JJ166	101v	3598	1	5408.0	1.0	AI	AI	25.0	1.0	0.0	25.0	1198.0	1348.0	valide	valide_AI_AM_AF
5275	28343.0	152	JJ166	101v	3599	2	5409.0	2.0	AF	AF	13.0	2.0	0.0	13.0	1200.0	822.0	valide	valide_AI_AM_AF
5276	28344.0	153	JJ166	102r	3599	1	5410.0	1.0	AI	AI	826.0	1.0	0.0	826.0	1008.0	519.0	valide	valide_AI_AM_AF
5277	28344.0	153	JJ166	102r	3600	2	5411.0	2.0	AF	AF	6.0	2.0	53.0	6.0	1145.0	1368.0	valide	valide_AI_AM_AF
5278	28345.0	154	JJ166	103r	3601	1	5412.0	1.0	AI	AI	16.0	1.0	0.0	16.0	1097.0	1357.0	valide	valide_AI_AM_AF
5279	28345.0	154	JJ166	103r	3602	2	5413.0	3.0	AM	AM	3.0	2.0	0.0	3.0	1200.0	1362.0	valide	valide_AI_AM_AF
5280	28345.0	154	JJ166	103r	3603	3	5414.0	3.0	AM	AM	12.0	3.0	0.0	12.0	1021.0	1360.0	valide	valide_AI_AM_AF
5281	28345.0	154	JJ166	103r	3604	4	5415.0	3.0	AM	AM	5.0	4.0	0.0	5.0	1200.0	1364.0	valide	valide_AI_AM_AF
5282	28345.0	154	JJ166	103r	3605	5	5416.0	2.0	AF	AF	4.0	5.0	0.0	4.0	1199.0	545.0	valide	valide_AI_AM_AF
5283	28346.0	155	JJ166	105r	3605	1	5417.0	1.0	AI	AI	549.0	1.0	0.0	549.0	1011.0	816.0	valide	valide_AI_AM_AF
5284	28346.0	155	JJ166	105r	3606	2	5418.0	2.0	AF	AF	8.0	2.0	4.0	8.0	1196.0	1363.0	valide	valide_AI_AM_AF
5285	28347.0	156	JJ166	106r	3607	1	5419.0	1.0	AI	AI	37.0	1.0	0.0	37.0	1016.0	1341.0	valide	valide_AI_AM_AF
5286	28347.0	156	JJ166	106r	3608	2	5420.0	2.0	AF	AF	7.0	2.0	4.0	7.0	1196.0	488.0	valide	valide_AI_AM_AF
5287	28348.0	157	JJ166	106v	3608	1	5421.0	1.0	AI	AI	494.0	1.0	1.0	494.0	1198.0	870.0	valide	valide_AI_AM_AF
5288	28348.0	157	JJ166	106v	3609	2	5422.0	2.0	AF	AF	16.0	2.0	0.0	16.0	1141.0	970.0	valide	valide_AI_AM_AF
5289	28349.0	158	JJ166	107r	3609	1	5423.0	1.0	AI	AI	985.0	1.0	0.0	985.0	1089.0	395.0	valide	valide_AI_AM_AF
5290	28349.0	158	JJ166	107r	3610	2	5424.0	2.0	AF	AF	11.0	2.0	0.0	11.0	1200.0	526.0	valide	valide_AI_AM_AF
5291	28350.0	159	JJ166	107v	3610	1	5425.0	1.0	AI	AI	538.0	1.0	199.0	538.0	1000.0	834.0	valide	valide_AI_AM_AF
5292	28350.0	159	JJ166	107v	3611	2	5426.0	2.0	AF	AF	23.0	2.0	0.0	23.0	1045.0	792.0	valide	valide_AI_AM_AF
5293	28351.0	160	JJ166	108r	3611	1	5427.0	1.0	AI	AI	814.0	1.0	0.0	814.0	1008.0	556.0	valide	valide_AI_AM_AF
5294	28351.0	160	JJ166	108r	3612	2	5428.0	2.0	AF	AF	13.0	2.0	8.0	13.0	1192.0	639.0	valide	valide_AI_AM_AF
5295	28352.0	161	JJ166	108v	3612	1	5429.0	1.0	AI	AI	650.0	1.0	2.0	650.0	1197.0	698.0	valide	valide_AI_AM_AF
5296	28352.0	161	JJ166	108v	3613	2	5430.0	2.0	AF	AF	17.0	2.0	0.0	17.0	1043.0	835.0	valide	valide_AI_AM_AF
5297	28353.0	162	JJ166	109r	3613	1	5431.0	1.0	AI	AI	850.0	1.0	0.0	850.0	1028.0	510.0	valide	valide_AI_AM_AF
5298	28353.0	162	JJ166	109r	3614	2	5432.0	2.0	AF	AF	12.0	2.0	12.0	12.0	1188.0	554.0	valide	valide_AI_AM_AF
5299	28354.0	163	JJ166	109v	3614	1	5433.0	1.0	AI	AI	566.0	1.0	29.0	566.0	1171.0	793.0	valide	valide_AI_AM_AF
5300	28354.0	163	JJ166	109v	3615	2	5434.0	2.0	AF	AF	19.0	2.0	0.0	19.0	1165.0	448.0	valide	valide_AI_AM_AF
5301	28355.0	164	JJ166	110r	3615	1	5435.0	1.0	AI	AI	465.0	1.0	0.0	465.0	1012.0	908.0	valide	valide_AI_AM_AF
5302	28355.0	164	JJ166	110r	3616	2	5436.0	2.0	AF	AF	3.0	2.0	3.0	3.0	1197.0	382.0	valide	valide_AI_AM_AF
5303	28356.0	165	JJ166	110v	3616	1	5437.0	1.0	AI	AI	385.0	1.0	142.0	385.0	1058.0	980.0	valide	valide_AI_AM_AF
5304	28356.0	165	JJ166	110v	3617	2	5438.0	2.0	AF	AF	12.0	2.0	0.0	12.0	1197.0	363.0	valide	valide_AI_AM_AF
5305	28357.0	166	JJ166	111r	3617	1	5439.0	1.0	AI	AI	372.0	1.0	0.0	372.0	1012.0	996.0	valide	valide_AI_AM_AF
5306	28357.0	166	JJ166	111r	3618	2	5440.0	2.0	AF	AF	7.0	2.0	0.0	7.0	1199.0	722.0	valide	valide_AI_AM_AF
5307	28358.0	167	JJ166	111v	3618	1	5441.0	1.0	AI	AI	727.0	1.0	14.0	727.0	1186.0	608.0	valide	valide_AI_AM_AF
5308	28358.0	167	JJ166	111v	3619	2	5442.0	3.0	AM	AM	32.0	2.0	0.0	32.0	1018.0	1343.0	valide	valide_AI_AM_AF
5309	28358.0	167	JJ166	111v	3620	3	5443.0	2.0	AF	AF	2.0	3.0	6.0	2.0	1194.0	357.0	valide	valide_AI_AM_AF
5310	28359.0	168	JJ166	112v	3620	1	5444.0	1.0	AI	AI	359.0	1.0	219.0	359.0	981.0	993.0	valide	valide_AI_AM_AF
5311	28359.0	168	JJ166	112v	3621	2	5445.0	2.0	AF	AF	11.0	2.0	0.0	11.0	1166.0	1128.0	valide	valide_AI_AM_AF
5312	28360.0	169	JJ166	113r	3621	1	5446.0	1.0	AI	AI	1131.0	1.0	0.0	1131.0	1200.0	217.0	valide	valide_AI_AM_AF
5313	28360.0	169	JJ166	113r	3622	2	5447.0	2.0	AF	AF	8.0	2.0	32.0	8.0	1168.0	1358.0	valide	valide_AI_AM_AF
5314	28361.0	170	JJ166	114r	3623	1	5448.0	1.0	AI	AI	37.0	1.0	0.0	37.0	1014.0	1339.0	valide	valide_AI_AM_AF
5315	28361.0	170	JJ166	114r	3624	2	5449.0	2.0	AF	AF	11.0	2.0	0.0	11.0	1199.0	676.0	valide	valide_AI_AM_AF
5316	28362.0	171	JJ166	114v	3624	1	5450.0	1.0	AI	AI	686.0	1.0	0.0	686.0	1200.0	646.0	valide	valide_AI_AM_AF
5317	28362.0	171	JJ166	114v	3625	2	5451.0	2.0	AF	AF	16.0	2.0	0.0	16.0	1199.0	736.0	valide	valide_AI_AM_AF
5318	28363.0	172	JJ166	115r	3625	1	5452.0	0.0	AC	AC	665.0	1.0	50.0	665.0	532.0	80.0	valide	
5319	28364.0	173	JJ166	115r	3625	1	5453.0	1.0	AI	AI	754.0	1.0	0.0	754.0	1027.0	607.0	valide	valide_AI_AM_AF
5320	28364.0	173	JJ166	115r	3626	2	5454.0	2.0	AF	AF	13.0	2.0	1.0	13.0	1198.0	501.0	valide	valide_AI_AM_AF
5321	28365.0	174	JJ166	115v	3626	1	5455.0	1.0	AI	AI	512.0	1.0	74.0	512.0	1126.0	840.0	valide	valide_AI_AM_AF
5322	28365.0	174	JJ166	115v	3627	2	5456.0	2.0	AF	AF	8.0	2.0	0.0	8.0	1200.0	401.0	valide	valide_AI_AM_AF
5323	28366.0	175	JJ166	116r	3627	1	5457.0	1.0	AI	AI	409.0	1.0	0.0	409.0	1013.0	968.0	valide	valide_AI_AM_AF
5324	28366.0	175	JJ166	116r	3628	2	5458.0	2.0	AF	AF	7.0	2.0	214.0	7.0	986.0	1362.0	valide	valide_AI_AM_AF
5325	28367.0	176	JJ166	117r	3629	1	5460.0	1.0	AI	AI	895.0	1.0	0.0	895.0	1118.0	484.0	valide	valide_AI_AM_AF
5326	28367.0	176	JJ166	117r	3630	2	5461.0	3.0	AM	AM	3.0	2.0	25.0	3.0	1175.0	1365.0	valide	valide_AI_AM_AF
5327	28367.0	176	JJ166	117r	3631	3	5462.0	2.0	AF	AF	6.0	3.0	0.0	6.0	1200.0	341.0	valide	valide_AI_AM_AF
5328	28370.0	179	JJ166	117r	3629	1											ancrage_sans_zone_initiale	
5329	28371.0	180	JJ166	118r	3631	1	5463.0	1.0	AI	AI	345.0	1.0	0.0	345.0	1005.0	1033.0	valide	valide_AI_AM_AF
5330	28371.0	180	JJ166	118r	3632	2	5464.0	2.0	AF	AF	8.0	2.0	111.0	8.0	1089.0	536.0	valide	valide_AI_AM_AF
5331	28372.0	181	JJ166	118v	3632	1	5465.0	1.0	AI	AI	545.0	1.0	150.0	545.0	1049.0	825.0	valide	valide_AI_AM_AF
5332	28372.0	181	JJ166	118v	3633	2	5466.0	2.0	AF	AF	28.0	2.0	0.0	28.0	1071.0	615.0	valide	valide_AI_AM_AF
5333	28373.0	182	JJ166	119r	3633	1	5467.0	1.0	AI	AI	630.0	1.0	0.0	630.0	1028.0	738.0	valide	valide_AI_AM_AF
5334	28373.0	182	JJ166	119r	3634	2	5468.0	2.0	AF	AF	4.0	2.0	199.0	4.0	1001.0	1364.0	valide	valide_AI_AM_AF
5335	28374.0	183	JJ166	119r	3633	1											ancrage_sans_zone_initiale	
5336	28375.0	184	JJ166	120r	3635	1	5469.0	0.0	AC	AC	22.0	1.0	0.0	22.0	1089.0	1357.0	valide	
5337	28376.0	185	JJ166	120v	3636	1	5470.0	0.0	AC	AC	17.0	1.0	160.0	17.0	1040.0	1352.0	valide	
5338	28377.0	186	JJ166	121r	3637	1	5471.0	1.0	AI	AI	30.0	1.0	0.0	30.0	1080.0	1351.0	valide	valide_AI_AM_AF
5339	28377.0	186	JJ166	121r	3638	2	5472.0	2.0	AF	AF	7.0	2.0	0.0	7.0	1200.0	588.0	valide	valide_AI_AM_AF
5340	28378.0	187	JJ166	121v	3638	1	5473.0	1.0	AI	AI	595.0	1.0	10.0	595.0	1190.0	754.0	valide	valide_AI_AM_AF
5341	28378.0	187	JJ166	121v	3639	2	5474.0	2.0	AF	AF	21.0	2.0	0.0	21.0	1165.0	823.0	valide	valide_AI_AM_AF
5342	28379.0	188	JJ166	122r	3639	1	5475.0	1.0	AI	AI	828.0	1.0	0.0	828.0	1188.0	531.0	valide	valide_AI_AM_AF
5343	28379.0	188	JJ166	122r	3640	2	5476.0	3.0	AM	AM	15.0	2.0	203.0	15.0	997.0	1348.0	valide	valide_AI_AM_AF
5344	28379.0	188	JJ166	122r	3641	3	5477.0	2.0	AF	AF	21.0	3.0	0.0	21.0	1079.0	645.0	valide	valide_AI_AM_AF
5345	28380.0	189	JJ166	123r	3641	1	5478.0	1.0	AI	AI	664.0	1.0	0.0	664.0	1021.0	709.0	valide	valide_AI_AM_AF
5346	28380.0	189	JJ166	123r	3642	2	5479.0	2.0	AF	AF	2.0	2.0	45.0	2.0	1155.0	670.0	valide	valide_AI_AM_AF
5347	28381.0	190	JJ166	123v	3642	1	5480.0	1.0	AI	AI	671.0	1.0	0.0	671.0	1200.0	664.0	valide	valide_AI_AM_AF
5348	28381.0	190	JJ166	123v	3643	2	5481.0	2.0	AF	AF	22.0	2.0	0.0	22.0	1057.0	1361.0	valide	valide_AI_AM_AF
5349	28382.0	191	JJ166	124v	3644	1	5482.0	1.0	AI	AI	9.0	1.0	0.0	9.0	1200.0	1354.0	valide	valide_AI_AM_AF
5350	28382.0	191	JJ166	124v	3645	2	5483.0	2.0	AF	AF	10.0	2.0	0.0	10.0	1159.0	1089.0	valide	valide_AI_AM_AF
5351	28383.0	192	JJ166	125r	3645	1	5484.0	1.0	AI	AI	1105.0	1.0	0.0	1105.0	1200.0	265.0	valide	valide_AI_AM_AF
5352	28383.0	192	JJ166	125r	3646	2	5485.0	3.0	AM	AM	5.0	2.0	12.0	5.0	1188.0	1357.0	valide	valide_AI_AM_AF
5353	28383.0	192	JJ166	125r	3647	3	5486.0	3.0	AM	AM	26.0	3.0	0.0	26.0	1034.0	1349.0	valide	valide_AI_AM_AF
5354	28383.0	192	JJ166	125r	3648	4	5487.0	3.0	AM	AM	10.0	4.0	10.0	10.0	1190.0	1359.0	valide	valide_AI_AM_AF
5355	28383.0	192	JJ166	125r	3649	5	5488.0	2.0	AF	AF	26.0	5.0	0.0	26.0	1049.0	1357.0	valide	valide_AI_AM_AF
5356	28384.0	193	JJ166	127v	3650	1	5489.0	0.0	AC	AC	17.0	1.0	0.0	17.0	1200.0	1353.0	valide	
5357	28385.0	194	JJ166	128r	3651	1	5490.0	1.0	AI	AI	28.0	1.0	0.0	28.0	1014.0	1352.0	valide	valide_AI_AM_AF
5358	28385.0	194	JJ166	128r	3652	2	5491.0	2.0	AF	AF	7.0	2.0	6.0	7.0	1194.0	547.0	valide	valide_AI_AM_AF
5359	28386.0	195	JJ166	128v	3652	1	5492.0	0.0	AC	AC	554.0	1.0	7.0	554.0	1192.0	818.0	valide	
5360	28387.0	196	JJ166	129r	3653	1	5493.0	0.0	AC	AC	13.0	1.0	0.0	13.0	1104.0	1370.0	valide	
5361	28388.0	197	JJ166	129v	3654	1	5494.0	1.0	AI	AI	16.0	1.0	0.0	16.0	1200.0	1353.0	valide	valide_AI_AM_AF
5362	28388.0	197	JJ166	129v	3655	2	5495.0	2.0	AF	AF	6.0	2.0	0.0	6.0	1200.0	397.0	valide	valide_AI_AM_AF
5363	28389.0	198	JJ166	130r	3655	1	5496.0	0.0	AC	AC	399.0	1.0	0.0	399.0	1057.0	972.0	valide	
5364	28390.0	199	JJ166	130v	3656	1	5497.0	1.0	AI	AI	4.0	1.0	101.0	4.0	1099.0	1363.0	valide	valide_AI_AM_AF
5365	28390.0	199	JJ166	130v	3657	2	5498.0	2.0	AF	AF	13.0	2.0	0.0	13.0	1046.0	612.0	valide	valide_AI_AM_AF
5366	28391.0	200	JJ166	131r	3657	1	5499.0	1.0	AI	AI	626.0	1.0	0.0	626.0	1031.0	742.0	valide	valide_AI_AM_AF
5367	28391.0	200	JJ166	131r	3658	2	5500.0	2.0	AF	AF	6.0	2.0	6.0	6.0	1194.0	1362.0	valide	valide_AI_AM_AF
5368	28392.0	201	JJ166	132r	3659	1	5501.0	1.0	AI	AI	33.0	1.0	0.0	33.0	1091.0	1346.0	valide	valide_AI_AM_AF
5369	28392.0	201	JJ166	132r	3660	2	5502.0	2.0	AF	AF	7.0	2.0	3.0	7.0	1197.0	1365.0	valide	valide_AI_AM_AF
5370	28393.0	202	JJ166	133r	3661	1	5503.0	0.0	AC	AC	22.0	1.0	0.0	22.0	1053.0	1091.0	valide	
5371	28394.0	203	JJ166	133r	3661	1	5504.0	1.0	AI	AI	1121.0	1.0	0.0	1121.0	1179.0	254.0	valide	valide_AI_AM_AF
5372	28394.0	203	JJ166	133r	3662	2	5505.0	2.0	AF	AF	4.0	2.0	100.0	4.0	1099.0	1331.0	valide	valide_AI_AM_AF
5373	28395.0	204	JJ166	134r	3663	1	5506.0	0.0	AC	AC	37.0	1.0	0.0	37.0	1032.0	1336.0	valide	
5374	28396.0	205	JJ166	134v	3664	1	5507.0	1.0	AI	AI	19.0	1.0	91.0	19.0	1109.0	1314.0	valide	valide_AI_AM_AF
5375	28396.0	205	JJ166	134v	3665	2	5508.0	2.0	AF	AF	14.0	2.0	0.0	14.0	1037.0	687.0	valide	valide_AI_AM_AF
5376	28397.0	206	JJ166	135r	3665	1	5509.0	1.0	AI	AI	694.0	1.0	0.0	694.0	1037.0	686.0	valide	valide_AI_AM_AF
5377	28397.0	206	JJ166	135r	3666	2	5510.0	3.0	AM	AM	8.0	2.0	30.0	8.0	1169.0	1326.0	valide	valide_AI_AM_AF
5378	28397.0	206	JJ166	135r	3667	3	5511.0	2.0	AF	AF	15.0	3.0	0.0	15.0	1039.0	542.0	valide	valide_AI_AM_AF
5379	28398.0	206bis	JJ166	136r	3667	1	5512.0	1.0	AI	AI	554.0	1.0	0.0	554.0	1030.0	830.0	valide	valide_AI_AM_AF
5380	28398.0	206bis	JJ166	136r	3668	2	5513.0	2.0	AF	AF	1.0	2.0	134.0	1.0	1065.0	776.0	valide	valide_AI_AM_AF
5381	28399.0	207	JJ166	136v	3668	1	5514.0	1.0	AI	AI	761.0	1.0	11.0	761.0	1187.0	536.0	valide	valide_AI_AM_AF
5382	28399.0	207	JJ166	136v	3669	2	5515.0	3.0	AM	AM	10.0	2.0	0.0	10.0	1034.0	1371.0	valide	valide_AI_AM_AF
5383	28399.0	207	JJ166	136v	3670	3	5516.0	2.0	AF	AF	6.0	3.0	34.0	6.0	1164.0	427.0	valide	valide_AI_AM_AF
5384	28400.0	208	JJ166	137v	3670	1	5517.0	1.0	AI	AI	432.0	1.0	219.0	432.0	981.0	899.0	valide	valide_AI_AM_AF
5385	28400.0	208	JJ166	137v	3671	2	5518.0	2.0	AF	AF	7.0	2.0	0.0	7.0	1042.0	620.0	valide	valide_AI_AM_AF
5386	28401.0	209	JJ166	138r	3671	1	5519.0	1.0	AI	AI	627.0	1.0	0.0	627.0	1014.0	738.0	valide	valide_AI_AM_AF
5387	28401.0	209	JJ166	138r	3672	2	5520.0	2.0	AF	AF	9.0	2.0	214.0	9.0	984.0	760.0	valide	valide_AI_AM_AF
5388	28402.0	210	JJ166	138v	3672	1	5521.0	1.0	AI	AI	766.0	1.0	25.0	766.0	1175.0	549.0	valide	valide_AI_AM_AF
5389	28402.0	210	JJ166	138v	3673	2	5522.0	2.0	AF	AF	11.0	2.0	0.0	11.0	1065.0	1369.0	valide	valide_AI_AM_AF
5390	28403.0	211	JJ166	139v	3674	1	5523.0	1.0	AI	AI	17.0	1.0	223.0	17.0	977.0	1317.0	valide	valide_AI_AM_AF
5391	28403.0	211	JJ166	139v	3675	2	5524.0	2.0	AF	AF	8.0	2.0	0.0	8.0	1166.0	845.0	valide	valide_AI_AM_AF
5392	28404.0	212	JJ166	140r	3675	1	5525.0	1.0	AI	AI	849.0	1.0	0.0	849.0	1196.0	531.0	valide	valide_AI_AM_AF
5393	28404.0	212	JJ166	140r	3676	2	5526.0	2.0	AF	AF	7.0	2.0	77.0	7.0	1122.0	672.0	valide	valide_AI_AM_AF
5394	28405.0	213	JJ166	140v	3676	1	5527.0	1.0	AI	AI	680.0	1.0	45.0	680.0	1155.0	656.0	valide	valide_AI_AM_AF
5395	28405.0	213	JJ166	140v	3677	2	5528.0	2.0	AF	AF	8.0	2.0	0.0	8.0	1151.0	799.0	valide	valide_AI_AM_AF
5396	28406.0	214	JJ166	141r	3677	1	5529.0	1.0	AI	AI	769.0	1.0	0.0	769.0	1176.0	611.0	valide	valide_AI_AM_AF
5397	28406.0	214	JJ166	141r	3678	2	5530.0	2.0	AF	AF	4.0	2.0	33.0	4.0	1166.0	378.0	valide	valide_AI_AM_AF
5398	28407.0	215	JJ166	141v	3678	1	5531.0	0.0	AC	AC	382.0	1.0	90.0	382.0	1110.0	952.0	valide	
5399	28408.0	216	JJ166	142r	3679	1	5532.0	1.0	AI	AI	27.0	1.0	0.0	27.0	1026.0	1348.0	valide	valide_AI_AM_AF
5400	28408.0	216	JJ166	142r	3680	2	5533.0	2.0	AF	AF	4.0	2.0	190.0	4.0	1009.0	689.0	valide	valide_AI_AM_AF
5401	28409.0	217	JJ166	142v	3680	1	5534.0	1.0	AI	AI	689.0	1.0	30.0	689.0	1169.0	644.0	valide	valide_AI_AM_AF
5402	28409.0	217	JJ166	142v	3681	2	5535.0	2.0	AF	AF	3.0	2.0	0.0	3.0	1102.0	1376.0	valide	valide_AI_AM_AF
5403	28410.0	218	JJ166	143v	3682	1	5536.0	1.0	AI	AI	9.0	1.0	225.0	9.0	975.0	1323.0	valide	valide_AI_AM_AF
5404	28410.0	218	JJ166	143v	3683	2	5537.0	2.0	AF	AF	6.0	2.0	0.0	6.0	1195.0	559.0	valide	valide_AI_AM_AF
5405	28411.0	219	JJ166	144r	3683	1	5538.0	1.0	AI	AI	549.0	1.0	0.0	549.0	1077.0	829.0	valide	valide_AI_AM_AF
5406	28411.0	219	JJ166	144r	3684	2	5539.0	2.0	AF	AF	3.0	2.0	7.0	3.0	1191.0	380.0	valide	valide_AI_AM_AF
5407	28412.0	220	JJ166	144v	3684	1	5540.0	1.0	AI	AI	380.0	1.0	220.0	380.0	980.0	953.0	valide	valide_AI_AM_AF
5408	28412.0	220	JJ166	144v	3685	2	5541.0	3.0	AM	AM	33.0	2.0	0.0	33.0	1069.0	1349.0	valide	valide_AI_AM_AF
5409	28412.0	220	JJ166	144v	3686	3	5542.0	3.0	AM	AM	4.0	3.0	224.0	4.0	975.0	1332.0	valide	valide_AI_AM_AF
5410	28412.0	220	JJ166	144v	3687	4	5543.0	3.0	AM	AM	36.0	4.0	0.0	36.0	1082.0	1348.0	valide	valide_AI_AM_AF
5411	28412.0	220	JJ166	144v	3688	5	5544.0	2.0	AF	AF	5.0	5.0	196.0	5.0	1003.0	750.0	valide	valide_AI_AM_AF
5412	28413.0	221	JJ166	146v	3688	1	5545.0	1.0	AI	AI	748.0	1.0	172.0	748.0	1028.0	562.0	valide	valide_AI_AM_AF
5413	28413.0	221	JJ166	146v	3689	2	5546.0	2.0	AF	AF	19.0	2.0	1.0	19.0	1197.0	645.0	valide	valide_AI_AM_AF
5414	28414.0	222	JJ166	147r	3689	1	5547.0	1.0	AI	AI	654.0	1.0	0.0	654.0	1115.0	725.0	valide	valide_AI_AM_AF
5415	28414.0	222	JJ166	147r	3690	2	5548.0	2.0	AF	AF	5.0	2.0	123.0	5.0	1076.0	543.0	valide	valide_AI_AM_AF
5416	28415.0	223	JJ166	147v	3690	1	5549.0	1.0	AI	AI	547.0	1.0	234.0	547.0	965.0	781.0	valide	valide_AI_AM_AF
5417	28415.0	223	JJ166	147v	3691	2	5550.0	2.0	AF	AF	15.0	2.0	0.0	15.0	1162.0	990.0	valide	valide_AI_AM_AF
5418	28416.0	224	JJ166	148r	3691	1	5551.0	1.0	AI	AI	1000.0	1.0	0.0	1000.0	1199.0	376.0	valide	valide_AI_AM_AF
5419	28416.0	224	JJ166	148r	3692	2	5552.0	2.0	AF	AF	5.0	2.0	233.0	5.0	966.0	1327.0	valide	valide_AI_AM_AF
5420	28417.0	225	JJ166	149r	3693	1	5553.0	0.0	AC	AC	31.0	1.0	0.0	31.0	1095.0	1349.0	valide	
5421	28420.0	228	JJ166	150v	3696	1	5556.0	0.0	AC	AC	5.0	1.0	16.0	5.0	1182.0	812.0	valide	
5422	28421.0	229	JJ166	150v	3696	1	5557.0	1.0	AI	AI	812.0	1.0	36.0	812.0	1163.0	487.0	valide	valide_AI_AM_AF
5423	28421.0	229	JJ166	150v	3697	2	5558.0	2.0	AF	AF	6.0	2.0	0.0	6.0	1062.0	453.0	valide	valide_AI_AM_AF
5424	28422.0	230	JJ166	151r	3697	1	5559.0	1.0	AI	AI	454.0	1.0	0.0	454.0	1095.0	924.0	valide	valide_AI_AM_AF
5425	28422.0	230	JJ166	151r	3698	2	5560.0	2.0	AF	AF	1.0	2.0	8.0	1.0	1190.0	321.0	valide	valide_AI_AM_AF
5426	28423.0	231	JJ166	151v	3698	1	5561.0	1.0	AI	AI	322.0	1.0	241.0	322.0	959.0	997.0	valide	valide_AI_AM_AF
5427	28423.0	231	JJ166	151v	3699	2	5562.0	2.0	AF	AF	14.0	2.0	0.0	14.0	1112.0	633.0	valide	valide_AI_AM_AF
5428	28424.0	232	JJ166	152r	3699	1	5563.0	1.0	AI	AI	642.0	1.0	0.0	642.0	1106.0	734.0	valide	valide_AI_AM_AF
5429	28424.0	232	JJ166	152r	3700	2	5564.0	2.0	AF	AF	3.0	2.0	164.0	3.0	1036.0	1333.0	valide	valide_AI_AM_AF
5430	28425.0	233	JJ166	153r	3701	1	5565.0	1.0	AI	AI	22.0	1.0	0.0	22.0	1073.0	1359.0	valide	valide_AI_AM_AF
5431	28425.0	233	JJ166	153r	3702	2	5566.0	2.0	AF	AF	1.0	2.0	2.0	1.0	1196.0	361.0	valide	valide_AI_AM_AF
5432	28426.0	234	JJ166	153v	3702	1	5567.0	1.0	AI	AI	358.0	1.0	131.0	358.0	1068.0	959.0	valide	valide_AI_AM_AF
5433	28426.0	234	JJ166	153v	3703	2	5568.0	2.0	AF	AF	17.0	2.0	0.0	17.0	1186.0	489.0	valide	valide_AI_AM_AF
5434	28427.0	235	JJ166	154r	3703	1	5569.0	1.0	AI	AI	495.0	1.0	0.0	495.0	1094.0	893.0	valide	valide_AI_AM_AF
5435	28427.0	235	JJ166	154r	3704	2	5570.0	3.0	AM	AM	3.0	2.0	127.0	3.0	1072.0	1331.0	valide	valide_AI_AM_AF
5436	28427.0	235	JJ166	154r	3705	3	5571.0	3.0	AM	AM	8.0	3.0	0.0	8.0	1040.0	1382.0	valide	valide_AI_AM_AF
5437	28427.0	235	JJ166	154r	3706	4	5572.0	2.0	AF	AF	2.0	4.0	82.0	2.0	1117.0	1330.0	valide	valide_AI_AM_AF
5438	28428.0	236	JJ166	156r	3707	1	5573.0	1.0	AI	AI	12.0	1.0	0.0	12.0	1083.0	1375.0	valide	valide_AI_AM_AF
5439	28428.0	236	JJ166	156r	3708	2	5574.0	2.0	AF	AF	1.0	2.0	53.0	1.0	1146.0	389.0	valide	valide_AI_AM_AF
5440	28429.0	237	JJ166	156v	3708	1	5575.0	1.0	AI	AI	388.0	1.0	234.0	388.0	966.0	937.0	valide	valide_AI_AM_AF
5441	28429.0	237	JJ166	156v	3709	2	5576.0	2.0	AF	AF	3.0	2.0	0.0	3.0	1016.0	1077.0	valide	valide_AI_AM_AF
5442	28430.0	238	JJ166	157r	3709	1	5577.0	1.0	AI	AI	1076.0	1.0	0.0	1076.0	1191.0	307.0	valide	valide_AI_AM_AF
5443	28430.0	238	JJ166	157r	3710	2	5578.0	2.0	AF	AF	23.0	2.0	187.0	23.0	1012.0	1311.0	valide	valide_AI_AM_AF
5444	28431.0	239	JJ166	158r	3711	1	5579.0	0.0	AC	AC	5.0	1.0	0.0	5.0	1019.0	1382.0	valide	
5445	28432.0	240	JJ166	158v	3712	1	5580.0	1.0	AI	AI	17.0	1.0	216.0	17.0	984.0	1314.0	valide	valide_AI_AM_AF
5446	28432.0	240	JJ166	158v	3713	2	5581.0	2.0	AF	AF	1.0	2.0	0.0	1.0	1194.0	289.0	valide	valide_AI_AM_AF
5447	28433.0	241	JJ166	159r	3713	1	5582.0	0.0	AC	AC	290.0	1.0	0.0	290.0	1033.0	1092.0	valide	
5448	28434.0	242	JJ166	159v	3714	1	5583.0	1.0	AI	AI	26.0	1.0	150.0	26.0	1049.0	1309.0	valide	valide_AI_AM_AF
5449	28434.0	242	JJ166	159v	3715	2	5584.0	2.0	AF	AF	4.0	2.0	0.0	4.0	1017.0	546.0	valide	valide_AI_AM_AF
5450	28435.0	243	JJ166	160r	3715	1	5585.0	1.0	AI	AI	541.0	1.0	0.0	541.0	1016.0	842.0	valide	valide_AI_AM_AF
5451	28435.0	243	JJ166	160r	3716	2	5586.0	3.0	AM	AM	13.0	2.0	213.0	13.0	986.0	1322.0	valide	valide_AI_AM_AF
5452	28435.0	243	JJ166	160r	3717	3	5587.0	2.0	AF	AF	3.0	3.0	0.0	3.0	1021.0	703.0	valide	valide_AI_AM_AF
5453	28436.0	244	JJ166	161r	3717	1	5588.0	1.0	AI	AI	704.0	1.0	0.0	704.0	1019.0	668.0	valide	valide_AI_AM_AF
5454	28436.0	244	JJ166	161r	3718	2	5589.0	2.0	AF	AF	12.0	2.0	70.0	12.0	1129.0	1320.0	valide	valide_AI_AM_AF
5455	28437.0	245	JJ166	162r	3719	1	5590.0	0.0	AC	AC	14.0	1.0	0.0	14.0	1018.0	1364.0	valide	
5456	28438.0	246	JJ166	162v	3720	1	5591.0	0.0	AC	AC	20.0	1.0	23.0	20.0	1176.0	1314.0	valide	
5457	28439.0	247	JJ166	163r	3721	1	5592.0	0.0	AC	AC	5.0	1.0	0.0	5.0	1020.0	1379.0	valide	
5458	28440.0	248	JJ166	163v	3722	1	5593.0	0.0	AC	AC	33.0	1.0	26.0	33.0	1173.0	1295.0	valide	
5459	28441.0	249	JJ166	164r	3723	1	5594.0	1.0	AI	AI	7.0	1.0	0.0	7.0	1017.0	1369.0	valide	valide_AI_AM_AF
5460	28441.0	249	JJ166	164r	3724	2	5595.0	2.0	AF	AF	14.0	2.0	5.0	14.0	1194.0	437.0	valide	valide_AI_AM_AF
5461	28442.0	250	JJ166	164v	3724	1	5596.0	0.0	AC	AC	381.0	1.0	61.0	381.0	1137.0	948.0	valide	
5462	28443.0	251	JJ166	165r	3725	1	5597.0	1.0	AI	AI	7.0	1.0	1.0	7.0	1030.0	1375.0	valide	valide_AI_AM_AF
5463	28443.0	251	JJ166	165r	3726	2	5598.0	2.0	AF	AF	15.0	2.0	147.0	15.0	1052.0	1319.0	valide	valide_AI_AM_AF
5464	28444.0	252	JJ166	166r	3727	1	5599.0	0.0	AC	AC	2.0	1.0	0.0	2.0	1085.0	1090.0	valide	
5465	28445.0	253	JJ166	166r	3727	1	5600.0	1.0	AI	AI	1112.0	1.0	0.0	1112.0	1198.0	259.0	valide	valide_AI_AM_AF
5466	28445.0	253	JJ166	166r	3728	2	5601.0	3.0	AM	AM	33.0	2.0	125.0	33.0	1074.0	1298.0	valide	valide_AI_AM_AF
5467	28445.0	253	JJ166	166r	3729	3	5602.0	2.0	AF	AF	3.0	3.0	0.0	3.0	1023.0	853.0	valide	valide_AI_AM_AF
5468	28446.0	254	JJ166	167r	3729	1	5603.0	1.0	AI	AI	855.0	1.0	0.0	855.0	1014.0	534.0	valide	valide_AI_AM_AF
5469	28446.0	254	JJ166	167r	3730	2	5604.0	3.0	AM	AM	41.0	2.0	135.0	41.0	1064.0	1292.0	valide	valide_AI_AM_AF
5470	28446.0	254	JJ166	167r	3731	3	5605.0	2.0	AF	AF	9.0	3.0	1.0	9.0	1054.0	1383.0	valide	valide_AI_AM_AF
5471	28447.0	255	JJ166	168v	3732	1	5606.0	0.0	AC	AC	50.0	1.0	8.0	50.0	1192.0	1282.0	valide	
5472	28448.0	256	JJ166	169r	3733	1	5607.0	0.0	AC	AC	26.0	1.0	1.0	26.0	1127.0	1359.0	valide	
5473	28449.0	257	JJ166	169v	3734	1	5608.0	1.0	AI	AI	56.0	1.0	109.0	56.0	1091.0	1269.0	valide	valide_AI_AM_AF
5474	28449.0	257	JJ166	169v	3735	2	5609.0	2.0	AF	AF	7.0	2.0	1.0	7.0	1186.0	404.0	valide	valide_AI_AM_AF
5475	28450.0	258	JJ166	170r	3735	1	5610.0	1.0	AI	AI	412.0	1.0	0.0	412.0	1019.0	976.0	valide	valide_AI_AM_AF
5476	28450.0	258	JJ166	170r	3736	2	5611.0	2.0	AF	AF	20.0	2.0	158.0	20.0	1041.0	688.0	valide	valide_AI_AM_AF
5477	28451.0	259	JJ166	170v	3736	1	5612.0	1.0	AI	AI	705.0	1.0	78.0	705.0	1121.0	630.0	valide	valide_AI_AM_AF
5478	28451.0	259	JJ166	170v	3737	2	5613.0	2.0	AF	AF	3.0	2.0	5.0	3.0	1195.0	729.0	valide	valide_AI_AM_AF
5479	28452.0	260	JJ166	171r	3737	1	5614.0	1.0	AI	AI	731.0	1.0	0.0	731.0	1062.0	645.0	valide	valide_AI_AM_AF
5480	28452.0	260	JJ166	171r	3738	2	5615.0	2.0	AF	AF	11.0	2.0	17.0	11.0	1182.0	784.0	valide	valide_AI_AM_AF
5481	28453.0	261	JJ166	171v	3738	1	5616.0	1.0	AI	AI	793.0	1.0	21.0	793.0	1179.0	543.0	valide	valide_AI_AM_AF
5482	28453.0	261	JJ166	171v	3739	2	5617.0	2.0	AF	AF	8.0	2.0	1.0	8.0	1199.0	695.0	valide	valide_AI_AM_AF
5483	28454.0	262	JJ166	172r	3739	1	5618.0	1.0	AI	AI	704.0	1.0	0.0	704.0	1050.0	679.0	valide	valide_AI_AM_AF
5484	28454.0	262	JJ166	172r	3740	2	5619.0	2.0	AF	AF	24.0	2.0	107.0	24.0	1092.0	1311.0	valide	valide_AI_AM_AF
5485	28455.0	263	JJ166	173r	3741	1	5620.0	0.0	AC	AC	11.0	1.0	0.0	11.0	1105.0	870.0	valide	
5486	28457.0	265	JJ166	173r	3741	1	5621.0	1.0	AI	AI	876.0	1.0	0.0	876.0	1167.0	501.0	valide	valide_AI_AM_AF
5487	28457.0	265	JJ166	173r	3742	2	5622.0	3.0	AM	AM	12.0	2.0	138.0	12.0	1061.0	1319.0	valide	valide_AI_AM_AF
5488	28457.0	265	JJ166	173r	3743	3	5623.0	2.0	AF	AF	6.0	3.0	0.0	6.0	1039.0	920.0	valide	valide_AI_AM_AF
5489	28458.0	266	JJ166	174r	3743	1	5624.0	1.0	AI	AI	923.0	1.0	0.0	923.0	1179.0	450.0	valide	valide_AI_AM_AF
5490	28458.0	266	JJ166	174r	3744	2	5625.0	2.0	AF	AF	12.0	2.0	0.0	12.0	1198.0	600.0	valide	valide_AI_AM_AF
5491	28459.0	267	JJ166	174v	3744	1	5626.0	1.0	AI	AI	609.0	1.0	24.0	609.0	1175.0	697.0	valide	valide_AI_AM_AF
5492	28459.0	267	JJ166	174v	3745	2	5627.0	3.0	AM	AM	11.0	2.0	0.0	11.0	1028.0	1377.0	valide	valide_AI_AM_AF
5493	28459.0	267	JJ166	174v	3746	3	5628.0	2.0	AF	AF	7.0	3.0	3.0	7.0	1196.0	311.0	valide	valide_AI_AM_AF
5494	28460.0	268	JJ166	175v	3746	1	5629.0	0.0	AC	AC	316.0	1.0	204.0	316.0	996.0	1010.0	valide	
5495	28461.0	269	JJ166	176r	3747	1	5630.0	0.0	AC	AC	10.0	1.0	0.0	10.0	1032.0	1378.0	valide	
5496	28462.0	270	JJ166	176v	3748	1	5631.0	0.0	AC	AC	32.0	1.0	90.0	32.0	1109.0	1300.0	valide	
5497	28463.0	271	JJ166	177r	3749	1	5632.0	0.0	AC	AC	9.0	1.0	0.0	9.0	1031.0	1376.0	valide	
5498	28464.0	272	JJ166	177v	3750	1	5633.0	0.0	AC	AC	41.0	1.0	7.0	41.0	1193.0	1293.0	valide	
5499	28465.0	272bis	JJ166	178r	3751	1	5634.0	1.0	AI	AI	6.0	1.0	0.0	6.0	1031.0	1384.0	valide	valide_AI_AM_AF
5500	28465.0	272bis	JJ166	178r	3752	2	5635.0	3.0	AM	AM	2.0	2.0	37.0	2.0	1163.0	1330.0	valide	valide_AI_AM_AF
5501	28465.0	272bis	JJ166	178r	3753	3	5636.0	3.0	AM	AM	2.0	3.0	0.0	2.0	1051.0	1418.0	valide	valide_AI_AM_AF
5502	28465.0	272bis	JJ166	178r	3754	4	5637.0	3.0	AM	AM	7.0	4.0	22.0	7.0	1177.0	1314.0	valide	valide_AI_AM_AF
5503	28465.0	272bis	JJ166	178r	3755	5	5638.0	3.0	AM	AM	4.0	5.0	0.0	4.0	1029.0	1414.0	valide	valide_AI_AM_AF
5504	28465.0	272bis	JJ166	178r	3756	6	5639.0	3.0	AM	AM	3.0	6.0	179.0	3.0	1020.0	1311.0	valide	valide_AI_AM_AF
5505	28465.0	272bis	JJ166	178r	3757	7	5640.0	3.0	AM	AM	1.0	7.0	0.0	1.0	1054.0	1408.0	valide	valide_AI_AM_AF
5506	28465.0	272bis	JJ166	178r	3758	8	5641.0	3.0	AM	AM	8.0	8.0	127.0	8.0	1072.0	1287.0	valide	valide_AI_AM_AF
5507	28465.0	272bis	JJ166	178r	3759	9	5642.0	3.0	AM	AM	21.0	9.0	0.0	21.0	1054.0	1400.0	valide	valide_AI_AM_AF
5508	28465.0	272bis	JJ166	178r	3760	10	5643.0	3.0	AM	AM	17.0	10.0	73.0	17.0	1127.0	1310.0	valide	valide_AI_AM_AF
5509	28465.0	272bis	JJ166	178r	3761	11	5644.0	3.0	AM	AM	18.0	11.0	0.0	18.0	1131.0	1405.0	valide	valide_AI_AM_AF
5510	28465.0	272bis	JJ166	178r	3762	12	5645.0	3.0	AM	AM	19.0	12.0	83.0	19.0	1117.0	1310.0	valide	valide_AI_AM_AF
5511	28465.0	272bis	JJ166	178r	3763	13	5646.0	3.0	AM	AM	18.0	13.0	0.0	18.0	1136.0	1402.0	valide	valide_AI_AM_AF
5512	28465.0	272bis	JJ166	178r	3764	14	5647.0	3.0	AM	AM	12.0	14.0	145.0	12.0	1054.0	1319.0	valide	valide_AI_AM_AF
5513	28465.0	272bis	JJ166	178r	3765	15	5648.0	3.0	AM	AM	31.0	15.0	0.0	31.0	1111.0	1392.0	valide	valide_AI_AM_AF
5514	28465.0	272bis	JJ166	178r	3766	16	5649.0	3.0	AM	AM	9.0	16.0	166.0	9.0	1033.0	1323.0	valide	valide_AI_AM_AF
5515	28465.0	272bis	JJ166	178r	3767	17	5650.0	3.0	AM	AM	19.0	17.0	0.0	19.0	1137.0	1402.0	valide	valide_AI_AM_AF
5516	28465.0	272bis	JJ166	178r	3768	18	5651.0	3.0	AM	AM	2.0	18.0	119.0	2.0	1080.0	1320.0	valide	valide_AI_AM_AF
5517	28465.0	272bis	JJ166	178r	3769	19	5652.0	3.0	AM	AM	17.0	19.0	0.0	17.0	1050.0	1405.0	valide	valide_AI_AM_AF
5518	28465.0	272bis	JJ166	178r	3770	20	5653.0	3.0	AM	AM	17.0	20.0	37.0	17.0	1162.0	1307.0	valide	valide_AI_AM_AF
5519	28465.0	272bis	JJ166	178r	3771	21	5654.0	3.0	AM	AM	6.0	21.0	0.0	6.0	1137.0	1410.0	valide	valide_AI_AM_AF
5520	28465.0	272bis	JJ166	178r	3772	22	5655.0	3.0	AM	AM	0.0	22.0	230.0	0.0	970.0	1319.0	valide	valide_AI_AM_AF
5521	28465.0	272bis	JJ166	178r	3773	23	5656.0	3.0	AM	AM	0.0	23.0	0.0	0.0	1059.0	1415.0	valide	valide_AI_AM_AF
5522	28465.0	272bis	JJ166	178r	3774	24	5657.0	2.0	AF	AF	2.0	24.0	42.0	2.0	1158.0	1323.0	valide	valide_AI_AM_AF
5523	28466.0	273	JJ166	190r	3775	1	5658.0	1.0	AI	AI	11.0	1.0	0.0	11.0	1044.0	1405.0	valide	valide_AI_AM_AF
5524	28466.0	273	JJ166	190r	3776	2	5659.0	2.0	AF	AF	0.0	2.0	6.0	0.0	1194.0	689.0	valide	valide_AI_AM_AF
5525	28467.0	274	JJ166	190v	3776	1	5660.0	1.0	AI	AI	688.0	1.0	74.0	688.0	1125.0	607.0	valide	valide_AI_AM_AF
5526	28467.0	274	JJ166	190v	3777	2	5661.0	2.0	AF	AF	4.0	2.0	0.0	4.0	1189.0	753.0	valide	valide_AI_AM_AF
5527	28468.0	275	JJ166	191r	3777	1	5662.0	1.0	AI	AI	739.0	1.0	0.0	739.0	1052.0	663.0	valide	valide_AI_AM_AF
5528	28468.0	275	JJ166	191r	3778	2	5663.0	2.0	AF	AF	4.0	2.0	16.0	4.0	1184.0	1314.0	valide	valide_AI_AM_AF
5529	28469.0	276	JJ166	192r	3779	1	5664.0	0.0	AC	AC	12.0	1.0	0.0	12.0	1115.0	1027.0	valide	
5530	28470.0	277	JJ166	192r	3779	1	5665.0	1.0	AI	AI	1013.0	1.0	0.0	1013.0	1200.0	404.0	valide	valide_AI_AM_AF
5531	28470.0	277	JJ166	192r	3780	2	5666.0	2.0	AF	AF	25.0	2.0	177.0	25.0	1023.0	1295.0	valide	valide_AI_AM_AF
5532	28471.0	278	JJ166	193r	3781	1	5667.0	1.0	AI	AI	14.0	1.0	0.0	14.0	1060.0	1403.0	valide	valide_AI_AM_AF
5533	28471.0	278	JJ166	193r	3782	2	5668.0	2.0	AF	AF	5.0	2.0	211.0	5.0	988.0	1303.0	valide	valide_AI_AM_AF
5534	28472.0	279	JJ166	194r	3783	1	5669.0	0.0	AC	AC	12.0	1.0	0.0	12.0	1119.0	1407.0	valide	
5535	28473.0	280	JJ166	194v	3784	1	5670.0	1.0	AI	AI	5.0	1.0	235.0	5.0	965.0	1301.0	valide	valide_AI_AM_AF
5536	28473.0	280	JJ166	194v	3785	2	5671.0	2.0	AF	AF	5.0	2.0	1.0	5.0	1119.0	998.0	valide	valide_AI_AM_AF
5537	28474.0	281	JJ166	195r	3785	1	5672.0	1.0	AI	AI	1001.0	1.0	0.0	1001.0	1192.0	409.0	valide	valide_AI_AM_AF
5538	28474.0	281	JJ166	195r	3786	2	5673.0	3.0	AM	AM	3.0	2.0	203.0	3.0	996.0	1303.0	valide	valide_AI_AM_AF
5539	28474.0	281	JJ166	195r	3787	3	5674.0	3.0	AM	AM	8.0	3.0	0.0	8.0	1055.0	1414.0	valide	valide_AI_AM_AF
5540	28474.0	281	JJ166	195r	3788	4	5675.0	2.0	AF	AF	2.0	4.0	0.0	2.0	1199.0	368.0	valide	valide_AI_AM_AF
5541	28475.0	282	JJ166	196v	3788	1	5676.0	1.0	AI	AI	362.0	1.0	235.0	362.0	964.0	931.0	valide	valide_AI_AM_AF
5542	28475.0	282	JJ166	196v	3789	2	5677.0	2.0	AF	AF	7.0	2.0	0.0	7.0	1146.0	596.0	valide	valide_AI_AM_AF
5543	28476.0	283	JJ166	197r	3789	1	5678.0	0.0	AC	AC	599.0	1.0	0.0	599.0	1092.0	824.0	valide	
5544	28477.0	284	JJ166	197v	3790	1	5679.0	0.0	AC	AC	5.0	1.0	130.0	5.0	1070.0	1299.0	valide	
5545	28478.0	285	JJ166	198r	3791	1	5680.0	0.0	AC	AC	16.0	1.0	0.0	16.0	1153.0	1423.0	valide	
5546	28479.0	286	JJ166	198v	3792	1	5681.0	0.0	AC	AC	5.0	1.0	107.0	5.0	1093.0	1292.0	valide	
5547	28480.0	287	JJ166	199r	3793	1	5682.0	0.0	AC	AC	10.0	1.0	0.0	10.0	1198.0	999.0	valide	
5548	28481.0	288	JJ166	199r	3793	1	5683.0	1.0	AI	AI	984.0	1.0	0.0	984.0	1200.0	451.0	valide	valide_AI_AM_AF
5549	28481.0	288	JJ166	199r	3794	2	5684.0	2.0	AF	AF	4.0	2.0	43.0	4.0	1157.0	775.0	valide	valide_AI_AM_AF
5550	28482.0	289	JJ166	199v	3794	1	5685.0	1.0	AI	AI	771.0	1.0	74.0	771.0	1125.0	503.0	valide	valide_AI_AM_AF
5551	28482.0	289	JJ166	199v	3795	2	5686.0	2.0	AF	AF	11.0	2.0	0.0	11.0	1196.0	561.0	valide	valide_AI_AM_AF
5552	28483.0	290	JJ166	200r	3795	1	5687.0	1.0	AI	AI	572.0	1.0	0.0	572.0	1075.0	871.0	valide	valide_AI_AM_AF
5553	28483.0	290	JJ166	200r	3796	2	5688.0	2.0	AF	AF	3.0	2.0	2.0	3.0	1198.0	369.0	valide	valide_AI_AM_AF
5554	28484.0	291	JJ166	200v	3796	1	5689.0	1.0	AI	AI	368.0	1.0	234.0	368.0	966.0	928.0	valide	valide_AI_AM_AF
5555	28484.0	291	JJ166	200v	3797	2	5690.0	2.0	AF	AF	7.0	2.0	0.0	7.0	1200.0	495.0	valide	valide_AI_AM_AF
5556	28485.0	292	JJ166	201r	3797	1	5691.0	0.0	AC	AC	502.0	1.0	0.0	502.0	1167.0	930.0	valide	
5557	28486.0	293	JJ166	201v	3798	1	5692.0	0.0	AC	AC	7.0	1.0	51.0	7.0	1149.0	1294.0	valide	
5558	28487.0	294	JJ166	202r	3799	1	5693.0	1.0	AI	AI	7.0	1.0	0.0	7.0	1185.0	1435.0	valide	valide_AI_AM_AF
5559	28487.0	294	JJ166	202r	3800	2	5694.0	2.0	AF	AF	2.0	2.0	198.0	2.0	1002.0	441.0	valide	valide_AI_AM_AF
5560	28488.0	295	JJ166	202v	3800	1	5695.0	1.0	AI	AI	435.0	1.0	241.0	435.0	959.0	850.0	valide	valide_AI_AM_AF
5561	28488.0	295	JJ166	202v	3801	2	5696.0	2.0	AF	AF	3.0	2.0	0.0	3.0	1200.0	411.0	valide	valide_AI_AM_AF
5562	28489.0	296	JJ166	203r	3801	1	5697.0	1.0	AI	AI	413.0	1.0	0.0	413.0	1164.0	1026.0	valide	valide_AI_AM_AF
5563	28489.0	296	JJ166	203r	3802	2	5698.0	2.0	AF	AF	4.0	2.0	157.0	4.0	1043.0	1297.0	valide	valide_AI_AM_AF
5564	28490.0	297	JJ166	204r	3803	1	5699.0	0.0	AC	AC	26.0	1.0	0.0	26.0	1196.0	1416.0	valide	
5565	28491.0	298	JJ166	204v	3804	1	5700.0	0.0	AC	AC	3.0	1.0	11.0	3.0	1189.0	859.0	valide	
5566	28492.0	299	JJ166	204v	3804	1	5701.0	1.0	AI	AI	865.0	1.0	6.0	865.0	1193.0	409.0	valide	valide_AI_AM_AF
5567	28492.0	299	JJ166	204v	3805	2	5702.0	2.0	AF	AF	3.0	2.0	0.0	3.0	1165.0	629.0	valide	valide_AI_AM_AF
5568	28493.0	300	JJ166	205r	3805	1	5703.0	0.0	AC	AC	628.0	1.0	0.0	628.0	1063.0	808.0	valide	
5569	28494.0	301	JJ166	205v	3806	1	5704.0	1.0	AI	AI	9.0	1.0	231.0	9.0	968.0	1291.0	valide	valide_AI_AM_AF
5570	28494.0	301	JJ166	205v	3807	2	5705.0	2.0	AF	AF	1.0	2.0	0.0	1.0	1199.0	363.0	valide	valide_AI_AM_AF
5571	28495.0	302	JJ166	206r	3807	1	5706.0	1.0	AI	AI	363.0	1.0	0.0	363.0	1162.0	1076.0	valide	valide_AI_AM_AF
5572	28495.0	302	JJ166	206r	3808	2	5707.0	2.0	AF	AF	5.0	2.0	168.0	5.0	1032.0	610.0	valide	valide_AI_AM_AF
5573	28496.0	303	JJ166	206v	3808	1	5708.0	1.0	AI	AI	611.0	1.0	227.0	611.0	973.0	666.0	valide	valide_AI_AM_AF
5574	28496.0	303	JJ166	206v	3809	2	5709.0	2.0	AF	AF	2.0	2.0	0.0	2.0	1199.0	801.0	valide	valide_AI_AM_AF
5575	28497.0	304	JJ166	207r	3809	1	5710.0	1.0	AI	AI	790.0	1.0	0.0	790.0	1195.0	650.0	valide	valide_AI_AM_AF
5576	28497.0	304	JJ166	207r	3810	2	5711.0	2.0	AF	AF	5.0	2.0	201.0	5.0	998.0	828.0	valide	valide_AI_AM_AF
5577	28498.0	305	JJ166	207v	3810	1	5712.0	1.0	AI	AI	822.0	1.0	0.0	822.0	1199.0	448.0	valide	valide_AI_AM_AF
5578	28498.0	305	JJ166	207v	3811	2	5713.0	2.0	AF	AF	4.0	2.0	0.0	4.0	1180.0	1017.0	valide	valide_AI_AM_AF
5579	28499.0	306	JJ166	208r	3811	1	5714.0	1.0	AI	AI	1023.0	1.0	0.0	1023.0	1200.0	415.0	valide	valide_AI_AM_AF
5580	28499.0	306	JJ166	208r	3812	2	5715.0	2.0	AF	AF	4.0	2.0	0.0	4.0	1199.0	937.0	valide	valide_AI_AM_AF
5581	28500.0	307	JJ166	208v	3812	1	5716.0	0.0	AC	AC	926.0	1.0	243.0	926.0	929.0	70.0	valide	
5582	28501.0	308	JJ166	208v	3812	1	5717.0	0.0	AC	AC	986.0	1.0	20.0	986.0	1179.0	291.0	valide	
5583	28502.0	309	JJ166	209r	3813	1	5718.0	0.0	AC	AC	7.0	1.0	0.0	7.0	1102.0	1433.0	valide	
5584	28503.0	310	JJ166	209v	3814	1	5719.0	0.0	AC	AC	7.0	1.0	23.0	7.0	1176.0	1302.0	valide	
5585	28504.0	311	JJ166	210r	3815	1	5720.0	0.0	AC	AC	4.0	1.0	0.0	4.0	1160.0	1428.0	valide	
5586	28505.0	312	JJ166	210v	3816	1	5721.0	0.0	AC	AC	7.0	1.0	225.0	7.0	975.0	1299.0	valide	
5587	28506.0	313	JJ166	211r	3817	1	5722.0	0.0	AC	AC	9.0	1.0	0.0	9.0	1073.0	1427.0	valide	
5588	28506.1	313bis	JJ166	211v	3818	1	5723.0	0.0	AC	AC	1.0	1.0	4.0	1.0	1196.0	295.0	valide	
5589	28507.0	314	JJ166	211v	3818	1	5724.0	1.0	AI	AI	289.0	1.0	212.0	289.0	987.0	1006.0	valide	valide_AI_AM_AF
5590	28507.0	314	JJ166	211v	3819	2	5725.0	2.0	AF	AF	2.0	2.0	0.0	2.0	1198.0	345.0	valide	valide_AI_AM_AF
5591	28508.0	315	JJ166	212r	3819	1	5726.0	1.0	AI	AI	341.0	1.0	0.0	341.0	1108.0	1096.0	valide	valide_AI_AM_AF
5592	28508.0	315	JJ166	212r	3820	2	5727.0	2.0	AF	AF	3.0	2.0	182.0	3.0	1017.0	676.0	valide	valide_AI_AM_AF
5593	28509.0	316	JJ166	212v	3820	1	5728.0	0.0	AC	AC	666.0	1.0	190.0	666.0	1009.0	628.0	valide	
5594	28510.0	317	JJ166	213r	3821	1	5729.0	0.0	AC	AC	4.0	1.0	0.0	4.0	1188.0	893.0	valide	
5595	28511.0	318	JJ166	213r	3821	1	5730.0	1.0	AI	AI	891.0	1.0	0.0	891.0	1162.0	513.0	valide	valide_AI_AM_AF
5596	28511.0	318	JJ166	213r	3822	2	5731.0	3.0	AM	AM	3.0	2.0	230.0	3.0	969.0	1303.0	valide	valide_AI_AM_AF
5597	28511.0	318	JJ166	213r	3823	3	5732.0	2.0	AF	AF	4.0	3.0	0.0	4.0	1154.0	1410.0	valide	valide_AI_AM_AF
5598	28512.0	319	JJ166	214v	3824	1	5733.0	1.0	AI	AI	9.0	1.0	224.0	9.0	976.0	1299.0	valide	valide_AI_AM_AF
5599	28512.0	319	JJ166	214v	3825	2	5734.0	2.0	AF	AF	3.0	2.0	0.0	3.0	1198.0	938.0	valide	valide_AI_AM_AF
5600	28513.0	320	JJ166	215r	3825	1	5735.0	1.0	AI	AI	916.0	1.0	0.0	916.0	1199.0	490.0	valide	valide_AI_AM_AF
5601	28513.0	320	JJ166	215r	3826	2	5736.0	2.0	AF	AF	3.0	2.0	222.0	3.0	978.0	1304.0	valide	valide_AI_AM_AF
5602	28514.0	321	JJ166	216r	3827	1	5737.0	0.0	AC	AC	2.0	1.0	0.0	2.0	1164.0	1076.0	valide	
5603	28515.0	322	JJ166	216r	3827	1	5738.0	1.0	AI	AI	1076.0	1.0	0.0	1076.0	1199.0	335.0	valide	valide_AI_AM_AF
5604	28515.0	322	JJ166	216r	3828	2	5739.0	2.0	AF	AF	4.0	2.0	207.0	4.0	993.0	1303.0	valide	valide_AI_AM_AF
5605	28516.0	323	JJ166	217r	3829	1	5740.0	0.0	AC	AC	3.0	1.0	0.0	3.0	1179.0	1433.0	valide	
5606	28517.0	324	JJ166	217v	3830	1	5741.0	0.0	AC	AC	5.0	1.0	111.0	5.0	1089.0	1303.0	valide	
5607	28518.0	325	JJ166	218r	3831	1	5742.0	1.0	AI	AI	8.0	1.0	0.0	8.0	1120.0	1428.0	valide	valide_AI_AM_AF
5608	28518.0	325	JJ166	218r	3832	2	5743.0	2.0	AF	AF	5.0	2.0	11.0	5.0	1189.0	567.0	valide	valide_AI_AM_AF
5609	28519.0	326	JJ166	218v	3832	1	5744.0	1.0	AI	AI	572.0	1.0	221.0	572.0	978.0	714.0	valide	valide_AI_AM_AF
5610	28519.0	326	JJ166	218v	3833	2	5745.0	2.0	AF	AF	5.0	2.0	0.0	5.0	1186.0	953.0	valide	valide_AI_AM_AF
5611	28520.0	327	JJ166	219r	3833	1	5746.0	1.0	AI	AI	957.0	1.0	0.0	957.0	1147.0	485.0	valide	valide_AI_AM_AF
5612	28520.0	327	JJ166	219r	3834	2	5747.0	3.0	AM	AM	6.0	2.0	232.0	6.0	968.0	1293.0	valide	valide_AI_AM_AF
5613	28520.0	327	JJ166	219r	3835	3	5748.0	2.0	AF	AF	4.0	3.0	0.0	4.0	1199.0	503.0	valide	valide_AI_AM_AF
5614	28521.0	328	JJ166	220r	3835	1	5749.0	1.0	AI	AI	486.0	1.0	0.0	486.0	1114.0	956.0	valide	valide_AI_AM_AF
5615	28521.0	328	JJ166	220r	3836	2	5750.0	2.0	AF	AF	5.0	2.0	230.0	5.0	969.0	1304.0	valide	valide_AI_AM_AF
5616	28522.0	329	JJ166	221r	3837	1	5751.0	1.0	AI	AI	21.0	1.0	0.0	21.0	1160.0	1415.0	valide	valide_AI_AM_AF
5617	28522.0	329	JJ166	221r	3838	2	5752.0	2.0	AF	AF	4.0	2.0	3.0	4.0	1196.0	747.0	valide	valide_AI_AM_AF
5618	28523.0	330	JJ166	221v	3838	1	5753.0	1.0	AI	AI	746.0	1.0	19.0	746.0	1180.0	527.0	valide	valide_AI_AM_AF
5619	28523.0	330	JJ166	221v	3839	2	5754.0	2.0	AF	AF	3.0	2.0	0.0	3.0	1197.0	1411.0	valide	valide_AI_AM_AF
5620	28524.0	331	JJ166	222r	3839	1	5755.0	0.0	AC	AC	1381.0	1.0	0.0	1381.0	1175.0	66.0	valide	
5621	28525.0	332	JJ166	222r	3839	1	5756.0	0.0	AC	AC	1447.0	1.0	0.0	1447.0	1179.0	67.0	valide	
5622	28526.0	333	JJ166	222r	3839	1	5757.0	0.0	AC	AC	1506.0	1.0	0.0	1506.0	1198.0	313.0	valide	
5623	28527.0	334	JJ166	222v	3840	1	5758.0	0.0	AC	AC	2.0	1.0	0.0	2.0	1200.0	1405.0	valide	
5624	28528.0	335	JJ166	222v	3840	1	5759.0	1.0	AI	AI	1408.0	1.0	0.0	1408.0	1199.0	450.0	valide	valide_AI_AM_AF
5625	28528.0	335	JJ166	222v	3841	2	5760.0	2.0	AF	AF	8.0	2.0	0.0	8.0	1200.0	1036.0	valide	valide_AI_AM_AF
5626	28529.0	336	JJ166	223r	3841	1	5761.0	1.0	AI	AI	1040.0	1.0	0.0	1040.0	1199.0	401.0	valide	valide_AI_AM_AF
5627	28529.0	336	JJ166	223r	3842	2	5762.0	3.0	AM	AM	3.0	2.0	221.0	3.0	979.0	1290.0	valide	valide_AI_AM_AF
5628	28529.0	336	JJ166	223r	3843	3	5763.0	2.0	AF	AF	2.0	3.0	0.0	2.0	1200.0	429.0	valide	valide_AI_AM_AF
5629	28530.0	337	JJ166	224r	3843	1	5764.0	1.0	AI	AI	428.0	1.0	0.0	428.0	1174.0	1015.0	valide	valide_AI_AM_AF
5630	28530.0	337	JJ166	224r	3844	2	5765.0	2.0	AF	AF	3.0	2.0	1.0	3.0	1198.0	372.0	valide	valide_AI_AM_AF
5631	28531.0	338	JJ166	224v	3844	1	5766.0	1.0	AI	AI	370.0	1.0	96.0	370.0	1104.0	931.0	valide	valide_AI_AM_AF
5632	28531.0	338	JJ166	224v	3845	2	5767.0	2.0	AF	AF	5.0	2.0	0.0	5.0	1198.0	1434.0	valide	valide_AI_AM_AF
5633	28532.0	339	JJ166	225v	3846	1	5768.0	0.0	AC	AC	15.0	1.0	57.0	15.0	1142.0	1290.0	valide	
5634	28533.0	340	JJ166	226r	3847	1	5769.0	0.0	AC	AC	17.0	1.0	0.0	17.0	1192.0	1421.0	valide	
5635	28534.0	341	JJ166	226v	3848	1	5770.0	0.0	AC	AC	6.0	1.0	4.0	6.0	1195.0	914.0	valide	
5636	28535.0	342	JJ166	226v	3848	1	5771.0	1.0	AI	AI	918.0	1.0	16.0	918.0	1184.0	375.0	valide	valide_AI_AM_AF
5637	28535.0	342	JJ166	226v	3849	2	5772.0	3.0	AM	AM	24.0	2.0	0.0	24.0	1072.0	1419.0	valide	valide_AI_AM_AF
5638	28535.0	342	JJ166	226v	3850	3	5773.0	2.0	AF	AF	6.0	3.0	8.0	6.0	1191.0	813.0	valide	valide_AI_AM_AF
5639	28536.0	343	JJ166	227v	3850	1	5774.0	0.0	AC	AC	820.0	1.0	238.0	820.0	962.0	136.0	valide	
5640	28537.0	344	JJ166	227v	3850	1	5775.0	1.0	AI	AI	953.0	1.0	210.0	953.0	990.0	351.0	valide	valide_AI_AM_AF
5641	28537.0	344	JJ166	227v	3851	2	5776.0	3.0	AM	AM	10.0	2.0	0.0	10.0	1186.0	1434.0	valide	valide_AI_AM_AF
5642	28537.0	344	JJ166	227v	3852	3	5777.0	2.0	AF	AF	2.0	3.0	6.0	2.0	1193.0	369.0	valide	valide_AI_AM_AF
5643	28538.0	345	JJ166	228v	3852	1	5778.0	0.0	AC	AC	350.0	1.0	216.0	350.0	983.0	608.0	valide	
5644	28539.0	346	JJ166	228v	3852	1	5779.0	1.0	AI	AI	947.0	1.0	77.0	947.0	1123.0	357.0	valide	valide_AI_AM_AF
5645	28539.0	346	JJ166	228v	3853	2	5780.0	2.0	AF	AF	12.0	2.0	0.0	12.0	1198.0	1433.0	valide	valide_AI_AM_AF
5646	28540.0	347	JJ166	229v	3854	1	5781.0	1.0	AI	AI	8.0	1.0	226.0	8.0	973.0	1289.0	valide	valide_AI_AM_AF
5647	28540.0	347	JJ166	229v	3855	2	5782.0	2.0	AF	AF	15.0	2.0	0.0	15.0	1199.0	865.0	valide	valide_AI_AM_AF
5648	28541.0	348	JJ166	230r	3855	1	5783.0	1.0	AI	AI	869.0	1.0	0.0	869.0	1198.0	574.0	valide	valide_AI_AM_AF
5649	28541.0	348	JJ166	230r	3856	2	5784.0	2.0	AF	AF	3.0	2.0	86.0	3.0	1113.0	794.0	valide	valide_AI_AM_AF
5650	28542.0	349	JJ166	230v	3856	1	5785.0	1.0	AI	AI	794.0	1.0	42.0	794.0	1157.0	499.0	valide	valide_AI_AM_AF
5651	28542.0	349	JJ166	230v	3857	2	5786.0	3.0	AM	AM	14.0	2.0	0.0	14.0	1171.0	1430.0	valide	valide_AI_AM_AF
5652	28542.0	349	JJ166	230v	3858	3	5787.0	2.0	AF	AF	3.0	3.0	1.0	3.0	1198.0	989.0	valide	valide_AI_AM_AF
5653	28543.0	350	JJ166	231v	3858	1	5788.0	1.0	AI	AI	987.0	1.0	11.0	987.0	1188.0	294.0	valide	valide_AI_AM_AF
5654	28543.0	350	JJ166	231v	3859	2	5789.0	3.0	AM	AM	11.0	2.0	0.0	11.0	1095.0	1434.0	valide	valide_AI_AM_AF
5655	28543.0	350	JJ166	231v	3860	3	5790.0	2.0	AF	AF	6.0	3.0	92.0	6.0	1107.0	580.0	valide	valide_AI_AM_AF
5656	28544.0	351	JJ166	232v	3860	1	5791.0	1.0	AI	AI	583.0	1.0	221.0	583.0	979.0	708.0	valide	valide_AI_AM_AF
5657	28544.0	351	JJ166	232v	3861	2	5792.0	2.0	AF	AF	13.0	2.0	0.0	13.0	1195.0	583.0	valide	valide_AI_AM_AF
5658	28545.0	352	JJ166	233r	3861	1	5793.0	0.0	AC	AC	589.0	1.0	0.0	589.0	1199.0	856.0	valide	
5659	28546.0	353	JJ166	233v	3862	1	5794.0	0.0	AC	AC	7.0	1.0	209.0	7.0	990.0	1302.0	valide	
5660	28547.0	354	JJ166	234r	3863	1	5795.0	1.0	AI	AI	7.0	1.0	0.0	7.0	1073.0	1433.0	valide	valide_AI_AM_AF
5661	28547.0	354	JJ166	234r	3864	2	5796.0	2.0	AF	AF	3.0	2.0	18.0	3.0	1182.0	303.0	valide	valide_AI_AM_AF
5662	28548.0	355	JJ166	234v	3864	1	5797.0	0.0	AC	AC	297.0	1.0	182.0	297.0	1018.0	992.0	valide	
5663	28549.0	356	JJ166	235r	3865	1	5798.0	1.0	AI	AI	5.0	1.0	0.0	5.0	1131.0	1436.0	valide	valide_AI_AM_AF
5664	28549.0	356	JJ166	235r	3866	2	5799.0	3.0	AM	AM	7.0	2.0	117.0	7.0	1082.0	1289.0	valide	valide_AI_AM_AF
5665	28549.0	356	JJ166	235r	3867	3	5800.0	2.0	AF	AF	7.0	3.0	0.0	7.0	1170.0	990.0	valide	valide_AI_AM_AF
5666	28550.0	357	JJ166	236r	3867	1	5801.0	1.0	AI	AI	996.0	1.0	0.0	996.0	1198.0	445.0	valide	valide_AI_AM_AF
5667	28550.0	357	JJ166	236r	3868	2	5802.0	2.0	AF	AF	9.0	2.0	192.0	9.0	1007.0	1312.0	valide	valide_AI_AM_AF
5668	28551.0	358	JJ166	237r	3869	1	5803.0	1.0	AI	AI	21.0	1.0	0.0	21.0	1079.0	1414.0	valide	valide_AI_AM_AF
5669	28551.0	358	JJ166	237r	3870	2	5804.0	2.0	AF	AF	7.0	2.0	20.0	7.0	1179.0	814.0	valide	valide_AI_AM_AF
5670	28552.0	359	JJ166	237v	3870	1	5805.0	1.0	AI	AI	819.0	1.0	2.0	819.0	1198.0	457.0	valide	valide_AI_AM_AF
5671	28552.0	359	JJ166	237v	3871	2	5806.0	3.0	AM	AM	8.0	2.0	0.0	8.0	1093.0	1435.0	valide	valide_AI_AM_AF
5672	28552.0	359	JJ166	237v	3872	3	5807.0	2.0	AF	AF	10.0	3.0	215.0	10.0	984.0	1302.0	valide	valide_AI_AM_AF
5673	28553.0	360	JJ166	239r	3873	1	5808.0	1.0	AI	AI	15.0	1.0	0.0	15.0	1070.0	1422.0	valide	valide_AI_AM_AF
5674	28553.0	360	JJ166	239r	3874	2	5809.0	2.0	AF	AF	9.0	2.0	7.0	9.0	1192.0	470.0	valide	valide_AI_AM_AF
5675	28554.0	361	JJ166	239v	3874	1	5810.0	1.0	AI	AI	479.0	1.0	197.0	479.0	1002.0	807.0	valide	valide_AI_AM_AF
5676	28554.0	361	JJ166	239v	3875	2	5811.0	2.0	AF	AF	4.0	2.0	0.0	4.0	1107.0	1010.0	valide	valide_AI_AM_AF
5677	28555.0	362	JJ166	240r	3875	1	5812.0	1.0	AI	AI	1005.0	1.0	0.0	1005.0	1196.0	438.0	valide	valide_AI_AM_AF
5678	28555.0	362	JJ166	240r	3876	2	5813.0	2.0	AF	AF	4.0	2.0	23.0	4.0	1176.0	669.0	valide	valide_AI_AM_AF
5679	28556.0	363	JJ166	240v	3876	1	5814.0	1.0	AI	AI	670.0	1.0	15.0	670.0	1184.0	609.0	valide	valide_AI_AM_AF
5680	28556.0	363	JJ166	240v	3877	2	5815.0	3.0	AM	AM	31.0	2.0	0.0	31.0	1199.0	1463.0	valide	valide_AI_AM_AF
5681	28556.0	363	JJ166	240v	3878	3	5816.0	2.0	AF	AF	6.0	3.0	13.0	6.0	1186.0	1313.0	valide	valide_AI_AM_AF
5682	28557.0	364	JJ166	242r	3879	1	5817.0	1.0	AI	AI	14.0	1.0	1.0	14.0	1185.0	1477.0	valide	valide_AI_AM_AF
5683	28557.0	364	JJ166	242r	3880	2	5818.0	2.0	AF	AF	2.0	2.0	4.0	2.0	1196.0	598.0	valide	valide_AI_AM_AF
5684	28558.0	365	JJ166	242v	3880	1	5819.0	1.0	AI	AI	582.0	1.0	25.0	582.0	1174.0	694.0	valide	valide_AI_AM_AF
5685	28558.0	365	JJ166	242v	3881	2	5820.0	2.0	AF	AF	9.0	2.0	1.0	9.0	1199.0	888.0	valide	valide_AI_AM_AF
5686	28559.0	366	JJ166	243r	3881	1	5821.0	1.0	AI	AI	887.0	1.0	0.0	887.0	1200.0	604.0	valide	valide_AI_AM_AF
5687	28559.0	366	JJ166	243r	3882	2	5822.0	3.0	AM	AM	4.0	2.0	74.0	4.0	1125.0	1272.0	valide	valide_AI_AM_AF
5688	28559.0	366	JJ166	243r	3883	3	5823.0	2.0	AF	AF	3.0	3.0	1.0	3.0	1199.0	354.0	valide	valide_AI_AM_AF
5689	28560.0	367	JJ166	244r	3883	1	5824.0	1.0	AI	AI	353.0	1.0	1.0	353.0	1199.0	1137.0	valide	valide_AI_AM_AF
5690	28560.0	367	JJ166	244r	3884	2	5825.0	2.0	AF	AF	4.0	2.0	38.0	4.0	1161.0	479.0	valide	valide_AI_AM_AF
5691	28562.0	369	JJ166	244v	3884	1	5826.0	1.0	AI	AI	475.0	1.0	109.0	475.0	1091.0	805.0	valide	valide_AI_AM_AF
5692	28562.0	369	JJ166	244v	3885	2	5827.0	2.0	AF	AF	8.0	2.0	1.0	8.0	1199.0	461.0	valide	valide_AI_AM_AF
5693	28563.0	370	JJ166	245r	3885	1	5828.0	1.0	AI	AI	464.0	1.0	1.0	464.0	1196.0	1022.0	valide	valide_AI_AM_AF
5694	28563.0	370	JJ166	245r	3886	2	5829.0	2.0	AF	AF	2.0	2.0	2.0	2.0	1198.0	571.0	valide	valide_AI_AM_AF
5695	28564.0	371	JJ166	245v	3886	1	5830.0	1.0	AI	AI	558.0	1.0	61.0	558.0	1138.0	722.0	valide	valide_AI_AM_AF
5696	28564.0	371	JJ166	245v	3887	2	5831.0	2.0	AF	AF	12.0	2.0	1.0	12.0	1199.0	818.0	valide	valide_AI_AM_AF
5697	28565.0	372	JJ166	246r	3887	1	5832.0	1.0	AI	AI	828.0	1.0	1.0	828.0	1199.0	654.0	valide	valide_AI_AM_AF
5698	28565.0	372	JJ166	246r	3888	2	5833.0	2.0	AF	AF	3.0	2.0	143.0	3.0	1056.0	1293.0	valide	valide_AI_AM_AF
5699	28566.0	373	JJ166	247r	3889	1	5834.0	0.0	AC	AC	11.0	1.0	1.0	11.0	1199.0	1475.0	valide	
5700	28567.0	374	JJ166	247v	3890	1	5835.0	1.0	AI	AI	4.0	1.0	30.0	4.0	1169.0	1289.0	valide	valide_AI_AM_AF
5701	28567.0	374	JJ166	247v	3891	2	5836.0	2.0	AF	AF	6.0	2.0	1.0	6.0	1199.0	924.0	valide	valide_AI_AM_AF
5702	28568.0	375	JJ166	248r	3891	1	5837.0	1.0	AI	AI	927.0	1.0	0.0	927.0	1200.0	551.0	valide	valide_AI_AM_AF
5703	28568.0	375	JJ166	248r	3892	2	5838.0	2.0	AF	AF	2.0	2.0	131.0	2.0	1068.0	1287.0	valide	valide_AI_AM_AF
5704	28570.0	377	JJ166	249r	3893	1	5839.0	1.0	AI	AI	9.0	1.0	0.0	9.0	1199.0	1476.0	valide	valide_AI_AM_AF
5705	28570.0	377	JJ166	249r	3894	2	5840.0	2.0	AF	AF	1.0	2.0	24.0	1.0	1175.0	1305.0	valide	valide_AI_AM_AF
5706	28571.0	378	JJ166	250r	3895	1	5841.0	0.0	AC	AC	13.0	1.0	1.0	13.0	1199.0	1476.0	valide	
5707	28572.0	379	JJ166	250v	3896	1	5844.0	0.0	AC	AC	400.0	1.0	216.0	400.0	983.0	895.0	valide	
5708	28573.0	380	JJ166	251r	3897	1	5845.0	1.0	AI	AI	6.0	1.0	1.0	6.0	1197.0	1484.0	valide	valide_AI_AM_AF
5709	28573.0	380	JJ166	251r	3898	2	5846.0	2.0	AF	AF	1.0	2.0	4.0	1.0	1196.0	464.0	valide	valide_AI_AM_AF
5710	28574.0	381	JJ166	251v	3898	1	5847.0	1.0	AI	AI	431.0	1.0	179.0	431.0	1021.0	849.0	valide	valide_AI_AM_AF
5711	28574.0	381	JJ166	251v	3899	2	5848.0	3.0	AM	AM	7.0	2.0	1.0	7.0	1198.0	1484.0	valide	valide_AI_AM_AF
5712	28574.0	381	JJ166	251v	3900	3	5849.0	2.0	AF	AF	1.0	3.0	1.0	1.0	1199.0	637.0	valide	valide_AI_AM_AF
5713	28575.0	382	JJ166	252v	3900	1	5850.0	1.0	AI	AI	637.0	1.0	212.0	637.0	987.0	642.0	valide	valide_AI_AM_AF
5714	28575.0	382	JJ166	252v	3901	2	5851.0	2.0	AF	AF	9.0	2.0	1.0	9.0	1198.0	728.0	valide	valide_AI_AM_AF
5715	28576.0	383	JJ166	253r	3901	1	5852.0	1.0	AI	AI	734.0	1.0	1.0	734.0	1199.0	752.0	valide	valide_AI_AM_AF
5716	28576.0	383	JJ166	253r	3902	2	5853.0	2.0	AF	AF	5.0	2.0	10.0	5.0	1189.0	582.0	valide	valide_AI_AM_AF
5717	28577.0	384	JJ166	253v	3902	1	5854.0	1.0	AI	AI	585.0	1.0	178.0	585.0	1021.0	694.0	valide	valide_AI_AM_AF
5718	28577.0	384	JJ166	253v	3903	2	5855.0	2.0	AF	AF	5.0	2.0	1.0	5.0	1198.0	946.0	valide	valide_AI_AM_AF
5719	28578.0	385	JJ166	254r	3903	1	5856.0	1.0	AI	AI	950.0	1.0	1.0	950.0	1189.0	526.0	valide	valide_AI_AM_AF
5720	28578.0	385	JJ166	254r	3904	2	5857.0	2.0	AF	AF	2.0	2.0	38.0	2.0	1161.0	889.0	valide	valide_AI_AM_AF
5721	28579.0	386	JJ166	254v	3904	1	5858.0	1.0	AI	AI	886.0	1.0	11.0	886.0	1188.0	391.0	valide	valide_AI_AM_AF
5722	28579.0	386	JJ166	254v	3905	2	5859.0	2.0	AF	AF	3.0	2.0	1.0	3.0	1198.0	1117.0	valide	valide_AI_AM_AF
5723	28580.0	387	JJ166	255r	3905	1	5860.0	1.0	AI	AI	1118.0	1.0	0.0	1118.0	1199.0	358.0	valide	valide_AI_AM_AF
5724	28580.0	387	JJ166	255r	3906	2	5861.0	2.0	AF	AF	4.0	2.0	45.0	4.0	1155.0	786.0	valide	valide_AI_AM_AF
5725	28581.0	388	JJ166	255v	3906	1	5862.0	1.0	AI	AI	787.0	1.0	11.0	787.0	1188.0	489.0	valide	valide_AI_AM_AF
5726	28581.0	388	JJ166	255v	3907	2	5863.0	2.0	AF	AF	4.0	2.0	1.0	4.0	1199.0	1008.0	valide	valide_AI_AM_AF
5727	28582.0	389	JJ166	256r	3907	1	5864.0	1.0	AI	AI	1005.0	1.0	1.0	1005.0	1198.0	472.0	valide	valide_AI_AM_AF
5728	28582.0	389	JJ166	256r	3908	2	5865.0	2.0	AF	AF	3.0	2.0	132.0	3.0	1068.0	893.0	valide	valide_AI_AM_AF
5729	28583.0	390	JJ166	256v	3908	1	5866.0	1.0	AI	AI	878.0	1.0	4.0	878.0	1195.0	398.0	valide	valide_AI_AM_AF
5730	28583.0	390	JJ166	256v	3909	2	5867.0	2.0	AF	AF	8.0	2.0	1.0	8.0	1198.0	1155.0	valide	valide_AI_AM_AF
5731	28584.0	391	JJ166	257r	3909	1	5868.0	1.0	AI	AI	1181.0	1.0	1.0	1181.0	1199.0	287.0	valide	valide_AI_AM_AF
5732	28584.0	391	JJ166	257r	3910	2	5869.0	2.0	AF	AF	2.0	2.0	102.0	2.0	1098.0	1298.0	valide	valide_AI_AM_AF
5733	28584.1	391bis	JJ166	258r	3911	1	5870.0	1.0	AI	AI	6.0	1.0	1.0	6.0	1197.0	1487.0	valide	valide_AI_AM_AF
5734	28584.1	391bis	JJ166	258r	3912	2	5871.0	2.0	AF	AF	6.0	2.0	2.0	6.0	1197.0	1296.0	valide	valide_AI_AM_AF
5735	28607.0	414	JJ166	259r	3913	1	5872.0	0.0	AC	AC	7.0	1.0	0.0	7.0	1194.0	1486.0	valide	
5736	28608.0	415	JJ166	259v	3914	1	5873.0	0.0	AC	AC	6.0	1.0	15.0	6.0	1185.0	790.0	valide	
5737	28609.0	416	JJ166	259v	3914	1	5874.0	1.0	AI	AI	789.0	1.0	7.0	789.0	1193.0	499.0	valide	valide_AI_AM_AF
5738	28609.0	416	JJ166	259v	3915	2	5875.0	2.0	AF	AF	3.0	2.0	1.0	3.0	1198.0	409.0	valide	valide_AI_AM_AF
5739	28610.0	417	JJ166	260r	3915	1	5876.0	1.0	AI	AI	400.0	1.0	1.0	400.0	1151.0	1085.0	valide	valide_AI_AM_AF
5740	28610.0	417	JJ166	260r	3916	2	5877.0	2.0	AF	AF	4.0	2.0	3.0	4.0	1197.0	625.0	valide	valide_AI_AM_AF
5741	28611.0	418	JJ166	260v	3916	1	5878.0	1.0	AI	AI	626.0	1.0	160.0	626.0	1040.0	654.0	valide	valide_AI_AM_AF
5742	28611.0	418	JJ166	260v	3917	2	5879.0	2.0	AF	AF	5.0	2.0	1.0	5.0	1173.0	693.0	valide	valide_AI_AM_AF
5743	28612.0	419	JJ166	261r	3917	1	5880.0	1.0	AI	AI	688.0	1.0	1.0	688.0	1145.0	794.0	valide	valide_AI_AM_AF
5744	28612.0	419	JJ166	261r	3918	2	5881.0	2.0	AF	AF	7.0	2.0	15.0	7.0	1184.0	819.0	valide	valide_AI_AM_AF
5745	28613.0	420	JJ166	261v	3918	1	5882.0	1.0	AI	AI	828.0	1.0	9.0	828.0	1190.0	449.0	valide	valide_AI_AM_AF
5746	28613.0	420	JJ166	261v	3919	2	5883.0	2.0	AF	AF	9.0	2.0	1.0	9.0	1196.0	518.0	valide	valide_AI_AM_AF
5747	28614.0	421	JJ166	262r	3919	1	5884.0	1.0	AI	AI	528.0	1.0	1.0	528.0	1120.0	958.0	valide	valide_AI_AM_AF
5748	28614.0	421	JJ166	262r	3920	2	5885.0	2.0	AF	AF	4.0	2.0	4.0	4.0	1196.0	592.0	valide	valide_AI_AM_AF
5749	28615.0	422	JJ166	262v	3920	1	5886.0	1.0	AI	AI	596.0	1.0	117.0	596.0	1083.0	688.0	valide	valide_AI_AM_AF
5750	28615.0	422	JJ166	262v	3921	2	5887.0	2.0	AF	AF	6.0	2.0	1.0	6.0	1196.0	511.0	valide	valide_AI_AM_AF
5751	28616.0	423	JJ166	263r	3921	1	5888.0	1.0	AI	AI	511.0	1.0	1.0	511.0	1114.0	970.0	valide	valide_AI_AM_AF
5752	28616.0	423	JJ166	263r	3922	2	5889.0	2.0	AF	AF	2.0	2.0	2.0	2.0	1198.0	705.0	valide	valide_AI_AM_AF
5753	28617.0	424	JJ166	263v	3922	1	5890.0	1.0	AI	AI	704.0	1.0	10.0	704.0	1190.0	577.0	valide	valide_AI_AM_AF
5754	28617.0	424	JJ166	263v	3923	2	5891.0	2.0	AF	AF	17.0	2.0	1.0	17.0	1180.0	1464.0	valide	valide_AI_AM_AF
5755	28618.0	425	JJ166	264v	3924	1	5892.0	1.0	AI	AI	6.0	1.0	12.0	6.0	1188.0	1296.0	valide	valide_AI_AM_AF
5756	28618.0	425	JJ166	264v	3925	2	5893.0	2.0	AF	AF	10.0	2.0	1.0	10.0	1197.0	464.0	valide	valide_AI_AM_AF
5757	28619.0	426	JJ166	265r	3925	1	5894.0	1.0	AI	AI	472.0	1.0	0.0	472.0	1103.0	990.0	valide	valide_AI_AM_AF
5758	28619.0	426	JJ166	265r	3926	2	5895.0	2.0	AF	AF	2.0	2.0	0.0	2.0	1200.0	363.0	valide	valide_AI_AM_AF
5759	28620.0	427	JJ166	265v	3926	1	5896.0	0.0	AC	AC	361.0	1.0	148.0	361.0	1051.0	928.0	valide	
5760	28621.0	428	JJ166	266r	3927	1	5897.0	1.0	AI	AI	25.0	1.0	0.0	25.0	1133.0	1459.0	valide	valide_AI_AM_AF
5761	28621.0	428	JJ166	266r	3928	2	5898.0	2.0	AF	AF	2.0	2.0	10.0	2.0	1189.0	472.0	valide	valide_AI_AM_AF
5762	28622.0	429	JJ166	266v	3928	1	5899.0	1.0	AI	AI	474.0	1.0	192.0	474.0	1007.0	818.0	valide	valide_AI_AM_AF
5763	28622.0	429	JJ166	266v	3929	2	5900.0	2.0	AF	AF	15.0	2.0	1.0	15.0	1190.0	822.0	valide	valide_AI_AM_AF
5764	28623.0	430	JJ166	267r	3929	1	5901.0	1.0	AI	AI	835.0	1.0	1.0	835.0	1137.0	648.0	valide	valide_AI_AM_AF
5765	28623.0	430	JJ166	267r	3930	2	5902.0	3.0	AM	AM	4.0	2.0	183.0	4.0	1017.0	1294.0	valide	valide_AI_AM_AF
5766	28623.0	430	JJ166	267r	3931	3	5903.0	3.0	AM	AM	22.0	3.0	1.0	22.0	1101.0	1472.0	valide	valide_AI_AM_AF
5767	28623.0	430	JJ166	267r	3932	4	5904.0	2.0	AF	AF	4.0	4.0	0.0	4.0	1200.0	664.0	valide	valide_AI_AM_AF
5768	28624.0	431	JJ166	268v	3932	1	5905.0	1.0	AI	AI	658.0	1.0	8.0	658.0	1192.0	620.0	valide	valide_AI_AM_AF
5769	28624.0	431	JJ166	268v	3933	2	5906.0	3.0	AM	AM	22.0	2.0	1.0	22.0	1107.0	1466.0	valide	valide_AI_AM_AF
5770	28624.0	431	JJ166	268v	3934	3	5907.0	2.0	AF	AF	5.0	3.0	56.0	5.0	1143.0	817.0	valide	valide_AI_AM_AF
5771	28625.0	432	JJ166	269v	3934	1	5908.0	1.0	AI	AI	820.0	1.0	7.0	820.0	1193.0	459.0	valide	valide_AI_AM_AF
5772	28625.0	432	JJ166	269v	3935	2	5909.0	2.0	AF	AF	17.0	2.0	1.0	17.0	1192.0	955.0	valide	valide_AI_AM_AF
5773	28626.0	433	JJ166	270r	3935	1	5910.0	1.0	AI	AI	929.0	1.0	1.0	929.0	1198.0	566.0	valide	valide_AI_AM_AF
5774	28626.0	433	JJ166	270r	3936	2	5911.0	2.0	AF	AF	4.0	2.0	182.0	4.0	1018.0	738.0	valide	valide_AI_AM_AF
5775	28627.0	434	JJ166	270v	3936	1	5912.0	1.0	AI	AI	741.0	1.0	15.0	741.0	1185.0	545.0	valide	valide_AI_AM_AF
5776	28627.0	434	JJ166	270v	3937	2	5913.0	2.0	AF	AF	14.0	2.0	1.0	14.0	1116.0	580.0	valide	valide_AI_AM_AF
5777	28628.0	435	JJ166	271r	3937	1	5914.0	1.0	AI	AI	593.0	1.0	1.0	593.0	1112.0	901.0	valide	valide_AI_AM_AF
5778	28628.0	435	JJ166	271r	3938	2	5915.0	2.0	AF	AF	5.0	2.0	139.0	5.0	1061.0	931.0	valide	valide_AI_AM_AF
5779	28629.0	436	JJ166	271v	3938	1	5916.0	1.0	AI	AI	929.0	1.0	0.0	929.0	1200.0	358.0	valide	valide_AI_AM_AF
5780	28629.0	436	JJ166	271v	3939	2	5917.0	3.0	AM	AM	30.0	2.0	1.0	30.0	1121.0	1462.0	valide	valide_AI_AM_AF
5781	28629.0	436	JJ166	271v	3940	3	5918.0	3.0	AM	AM	4.0	3.0	195.0	4.0	1005.0	1300.0	valide	valide_AI_AM_AF
5782	28629.0	436	JJ166	271v	3941	4	5919.0	3.0	AM	AM	33.0	4.0	1.0	33.0	1182.0	1459.0	valide	valide_AI_AM_AF
5783	28629.0	436	JJ166	271v	3942	5	5920.0	2.0	AF	AF	2.0	5.0	174.0	2.0	1026.0	1306.0	valide	valide_AI_AM_AF
5784	28630.0	437	JJ166	274r	3943	1	5921.0	0.0	AC	AC	35.0	1.0	1.0	35.0	1113.0	1447.0	valide	
5785	28631.0	438	JJ166	274v	3944	1	5922.0	0.0	AC	AC	6.0	1.0	181.0	6.0	1019.0	1276.0	valide	
5786	28632.0	439	JJ166	275r	3945	1	5923.0	0.0	AC	AC	36.0	1.0	1.0	36.0	1198.0	1449.0	valide	
5787	28633.0	440	JJ166	275v	3946	1	5924.0	1.0	AI	AI	12.0	1.0	189.0	12.0	1011.0	1290.0	valide	valide_AI_AM_AF
5788	28633.0	440	JJ166	275v	3947	2	5925.0	2.0	AF	AF	13.0	2.0	1.0	13.0	1199.0	1048.0	valide	valide_AI_AM_AF
5789	28634.0	441	JJ166	276r	3947	1	5926.0	1.0	AI	AI	1051.0	1.0	2.0	1051.0	1198.0	438.0	valide	valide_AI_AM_AF
5790	28634.0	441	JJ166	276r	3948	2	5927.0	2.0	AF	AF	3.0	2.0	7.0	3.0	1193.0	799.0	valide	valide_AI_AM_AF
5791	28635.0	442	JJ166	276v	3948	1	5928.0	1.0	AI	AI	800.0	1.0	28.0	800.0	1172.0	484.0	valide	valide_AI_AM_AF
5792	28635.0	442	JJ166	276v	3949	2	5929.0	2.0	AF	AF	33.0	2.0	0.0	33.0	1197.0	1508.0	valide	valide_AI_AM_AF
5793	28636.0	443	JJ166	277v	3950	1	5930.0	0.0	AC	AC	10.0	1.0	186.0	10.0	1014.0	1307.0	valide	
5794	28637.0	444	JJ166	278r	3951	1	5931.0	0.0	AC	AC	45.0	1.0	0.0	45.0	1199.0	1493.0	valide	
5795	28638.0	445	JJ166	278v	3952	1	5932.0	0.0	AC	AC	7.0	1.0	192.0	7.0	1008.0	1296.0	valide	
5796	28639.0	446	JJ166	279r	3953	1	5933.0	0.0	AC	AC	4.0	1.0	0.0	4.0	1199.0	1061.0	valide	
5797	28640.0	447	JJ166	279r	3953	1	5934.0	1.0	AI	AI	1067.0	1.0	0.0	1067.0	1198.0	471.0	valide	valide_AI_AM_AF
5798	28640.0	447	JJ166	279r	3954	2	5935.0	3.0	AM	AM	1.0	2.0	196.0	1.0	1004.0	1309.0	valide	valide_AI_AM_AF
5799	28640.0	447	JJ166	279r	3955	3	5936.0	2.0	AF	AF	2.0	3.0	2.0	2.0	1197.0	348.0	valide	valide_AI_AM_AF
5800	28641.0	448	JJ166	280r	3955	1	5937.0	1.0	AI	AI	345.0	1.0	0.0	345.0	1199.0	1219.0	valide	valide_AI_AM_AF
5801	28641.0	448	JJ166	280r	3956	2	5938.0	2.0	AF	AF	10.0	2.0	6.0	10.0	1194.0	315.0	valide	valide_AI_AM_AF
5802	28642.0	449	JJ166	280v	3956	1	5939.0	1.0	AI	AI	324.0	1.0	200.0	324.0	1000.0	992.0	valide	valide_AI_AM_AF
5803	28642.0	449	JJ166	280v	3957	2	5940.0	2.0	AF	AF	18.0	2.0	0.0	18.0	1199.0	1595.0	valide	valide_AI_AM_AF
5804	28643.0	450	JJ166	281v	3958	1	5941.0	0.0	AC	AC	16.0	1.0	209.0	16.0	991.0	1306.0	valide	
5805	28653.0	1	JJ167	1r	3977	1	5958.0	1.0	AI	AI	36.0	1.0	2.0	36.0	1049.0	1325.0	valide	valide_AI_AM_AF
5806	28653.0	1	JJ167	1r	3978	2	5959.0	2.0	AF	AF	9.0	2.0	1.0	9.0	1199.0	703.0	valide	valide_AI_AM_AF
5807	28654.0	2	JJ167	2r	3978	1	5960.0	1.0	AI	AI	710.0	1.0	0.0	710.0	1199.0	690.0	valide	valide_AI_AM_AF
5808	28654.0	2	JJ167	2r	3979	2	5961.0	3.0	AM	AM	25.0	2.0	0.0	25.0	1064.0	1333.0	valide	valide_AI_AM_AF
5809	28654.0	2	JJ167	2r	3980	3	5962.0	2.0	AF	AF	14.0	3.0	0.0	14.0	1200.0	348.0	valide	valide_AI_AM_AF
5810	28655.0	3	JJ167	4r	3980	1	5963.0	1.0	AI	AI	361.0	1.0	162.0	361.0	1038.0	1046.0	valide	valide_AI_AM_AF
5811	28655.0	3	JJ167	4r	3981	2	5964.0	2.0	AF	AF	25.0	2.0	0.0	25.0	1121.0	382.0	valide	valide_AI_AM_AF
5812	28656.0	4	JJ167	5r	3981	1	5965.0	1.0	AI	AI	391.0	1.0	0.0	391.0	1099.0	966.0	valide	valide_AI_AM_AF
5813	28656.0	4	JJ167	5r	3982	2	5966.0	3.0	AM	AM	12.0	2.0	0.0	12.0	1200.0	1394.0	valide	valide_AI_AM_AF
5814	28656.0	4	JJ167	5r	3983	3	5967.0	3.0	AM	AM	39.0	3.0	0.0	39.0	1065.0	1319.0	valide	valide_AI_AM_AF
5815	28656.0	4	JJ167	5r	3984	4	5968.0	3.0	AM	AM	26.0	4.0	0.0	26.0	1200.0	1399.0	valide	valide_AI_AM_AF
5816	28656.0	4	JJ167	5r	3985	5	5969.0	2.0	AF	AF	38.0	5.0	0.0	38.0	1098.0	784.0	valide	valide_AI_AM_AF
5817	28657.0	5	JJ167	9r	3985	1	5970.0	1.0	AI	AI	788.0	1.0	0.0	788.0	1104.0	548.0	valide	valide_AI_AM_AF
5818	28657.0	5	JJ167	9r	3986	2	5971.0	2.0	AF	AF	18.0	2.0	0.0	18.0	1200.0	613.0	valide	valide_AI_AM_AF
5819	28658.0	6	JJ167	10r	3986	1	5972.0	0.0	AC	AC	631.0	1.0	0.0	631.0	1200.0	800.0	valide	
5820	28658.1	6bis	JJ167	11r	3987	1	5973.0	1.0	AI	AI	48.0	1.0	0.0	48.0	1060.0	1312.0	valide	valide_AI_AM_AF
5821	28658.1	6bis	JJ167	11r	3988	2	5974.0	2.0	AF	AF	10.0	2.0	0.0	10.0	1200.0	366.0	valide	valide_AI_AM_AF
5822	28659.0	7	JJ167	12r	3988	1	5975.0	1.0	AI	AI	372.0	1.0	0.0	372.0	1200.0	1055.0	valide	valide_AI_AM_AF
5823	28659.0	7	JJ167	12r	3989	2	5976.0	3.0	AM	AM	31.0	2.0	0.0	31.0	1048.0	1331.0	valide	valide_AI_AM_AF
5824	28659.0	7	JJ167	12r	3990	3	5977.0	2.0	AF	AF	19.0	3.0	0.0	19.0	1200.0	924.0	valide	valide_AI_AM_AF
5825	28660.0	8	JJ167	14r	3990	1	5978.0	1.0	AI	AI	939.0	1.0	0.0	939.0	1200.0	493.0	valide	valide_AI_AM_AF
5826	28660.0	8	JJ167	14r	3991	2	5979.0	2.0	AF	AF	38.0	2.0	0.0	38.0	1053.0	1324.0	valide	valide_AI_AM_AF
5827	28661.0	9	JJ167	16r	3992	1	5980.0	0.0	AC	AC	28.0	1.0	0.0	28.0	1200.0	1404.0	valide	
5828	28662.0	10	JJ167	17r	3993	1	5981.0	1.0	AI	AI	34.0	1.0	0.0	34.0	1097.0	1321.0	valide	valide_AI_AM_AF
5829	28662.0	10	JJ167	17r	3994	2	5982.0	3.0	AM	AM	32.0	2.0	40.0	32.0	1160.0	1384.0	valide	valide_AI_AM_AF
5830	28662.0	10	JJ167	17r	3995	3	5983.0	2.0	AF	AF	26.0	3.0	0.0	26.0	1179.0	585.0	valide	valide_AI_AM_AF
5831	28663.0	11	JJ167	19r	3995	1	5984.0	1.0	AI	AI	610.0	1.0	0.0	610.0	1061.0	729.0	valide	valide_AI_AM_AF
5832	28663.0	11	JJ167	19r	3996	2	5985.0	2.0	AF	AF	13.0	2.0	0.0	13.0	1199.0	603.0	valide	valide_AI_AM_AF
5833	28664.0	12	JJ167	20r	3996	1	5986.0	1.0	AI	AI	615.0	1.0	0.0	615.0	1200.0	815.0	valide	valide_AI_AM_AF
5834	28664.0	12	JJ167	20r	3997	2	5987.0	2.0	AF	AF	18.0	2.0	0.0	18.0	1197.0	430.0	valide	valide_AI_AM_AF
5835	28665.0	13	JJ167	21r	3997	1	5988.0	1.0	AI	AI	429.0	1.0	0.0	429.0	1058.0	926.0	valide	valide_AI_AM_AF
5836	28665.0	13	JJ167	21r	3998	2	5989.0	3.0	AM	AM	22.0	2.0	0.0	22.0	1200.0	1407.0	valide	valide_AI_AM_AF
5837	28665.0	13	JJ167	21r	3999	3	5990.0	3.0	AM	AM	35.0	3.0	0.0	35.0	1046.0	1319.0	valide	valide_AI_AM_AF
5838	28665.0	13	JJ167	21r	4000	4	5991.0	3.0	AM	AM	24.0	4.0	0.0	24.0	1200.0	1405.0	valide	valide_AI_AM_AF
5839	28665.0	13	JJ167	21r	4001	5	5992.0	2.0	AF	AF	19.0	5.0	0.0	19.0	1189.0	469.0	valide	valide_AI_AM_AF
5840	28666.0	14	JJ167	21r	3997	1											ancrage_sans_zone_initiale	
5841	28667.0	15	JJ167	25r	4001	1	5993.0	1.0	AI	AI	486.0	1.0	0.0	486.0	1095.0	850.0	valide	valide_AI_AM_AF
5842	28667.0	15	JJ167	25r	4002	2	5994.0	2.0	AF	AF	7.0	2.0	0.0	7.0	1200.0	474.0	valide	valide_AI_AM_AF
5843	28668.0	16	JJ167	26r	4002	1	5995.0	1.0	AI	AI	478.0	1.0	201.0	478.0	999.0	947.0	valide	valide_AI_AM_AF
5844	28668.0	16	JJ167	26r	4003	2	5996.0	2.0	AF	AF	18.0	2.0	0.0	18.0	1115.0	517.0	valide	valide_AI_AM_AF
5845	28669.0	17	JJ167	27r	4003	1	5997.0	0.0	AC	AC	529.0	1.0	0.0	529.0	1055.0	812.0	valide	
5846	28670.0	18	JJ167	28r	4004	1	5998.0	0.0	AC	AC	8.0	1.0	178.0	8.0	1021.0	1422.0	valide	
5847	28671.0	19	JJ167	29r	4005	1	5999.0	1.0	AI	AI	32.0	1.0	0.0	32.0	1072.0	1321.0	valide	valide_AI_AM_AF
5848	28671.0	19	JJ167	29r	4006	2	6000.0	2.0	AF	AF	12.0	2.0	18.0	12.0	1182.0	619.0	valide	valide_AI_AM_AF
5849	28672.0	20	JJ167	30r	4006	1	6001.0	1.0	AI	AI	630.0	1.0	173.0	630.0	1027.0	800.0	valide	valide_AI_AM_AF
5850	28672.0	20	JJ167	30r	4007	2	6002.0	2.0	AF	AF	21.0	2.0	0.0	21.0	1087.0	710.0	valide	valide_AI_AM_AF
5851	28673.0	21	JJ167	31r	4007	1	6003.0	1.0	AI	AI	728.0	1.0	0.0	728.0	1106.0	607.0	valide	valide_AI_AM_AF
5852	28673.0	21	JJ167	31r	4008	2	6004.0	2.0	AF	AF	24.0	2.0	6.0	24.0	1194.0	1407.0	valide	valide_AI_AM_AF
5853	28674.0	22	JJ167	33r	4009	1	6005.0	1.0	AI	AI	46.0	1.0	1.0	46.0	1072.0	1331.0	valide	valide_AI_AM_AF
5854	28674.0	22	JJ167	33r	4010	2	6006.0	3.0	AM	AM	33.0	2.0	144.0	33.0	1056.0	1397.0	valide	valide_AI_AM_AF
5855	28674.0	22	JJ167	33r	4011	3	6007.0	2.0	AF	AF	113.0	3.0	79.0	113.0	924.0	410.0	valide	valide_AI_AM_AF
5856	28675.0	23	JJ167	35r	4013	1	6010.0	1.0	AI	AI	526.0	1.0	0.0	526.0	1087.0	820.0	valide	valide_AI_AM_AF
5857	28675.0	23	JJ167	35r	4014	2	6011.0	3.0	AM	AM	8.0	2.0	0.0	8.0	1200.0	1427.0	valide	valide_AI_AM_AF
5858	28675.0	23	JJ167	35r	4015	3	6012.0	3.0	AM	AM	30.0	3.0	0.0	30.0	1107.0	1322.0	valide	valide_AI_AM_AF
5859	28675.0	23	JJ167	35r	4016	4	6013.0	3.0	AM	AM	7.0	4.0	0.0	7.0	1200.0	1409.0	valide	valide_AI_AM_AF
5860	28675.0	23	JJ167	35r	4017	5	6014.0	3.0	AM	AM	38.0	5.0	0.0	38.0	1103.0	1340.0	valide	valide_AI_AM_AF
5861	28675.0	23	JJ167	35r	4018	6	6015.0	3.0	AM	AM	10.0	6.0	0.0	10.0	1199.0	1388.0	valide	valide_AI_AM_AF
5862	28675.0	23	JJ167	35r	4019	7	6016.0	3.0	AM	AM	38.0	7.0	0.0	38.0	1094.0	1341.0	valide	valide_AI_AM_AF
5863	28675.0	23	JJ167	35r	4020	8	6017.0	3.0	AM	AM	6.0	8.0	171.0	6.0	1029.0	1407.0	valide	valide_AI_AM_AF
5864	28675.0	23	JJ167	35r	4021	9	6018.0	2.0	AF	AF	38.0	9.0	0.0	38.0	1110.0	1343.0	valide	valide_AI_AM_AF
5865	28676.0	24	JJ167	44r	4022	1	6019.0	1.0	AI	AI	6.0	1.0	0.0	6.0	1200.0	1394.0	valide	valide_AI_AM_AF
5866	28676.0	24	JJ167	44r	4023	2	6020.0	2.0	AF	AF	13.0	2.0	0.0	13.0	1110.0	724.0	valide	valide_AI_AM_AF
5867	28677.0	25	JJ167	45r	4023	1	6021.0	1.0	AI	AI	738.0	1.0	1.0	738.0	1135.0	614.0	valide	valide_AI_AM_AF
5868	28677.0	25	JJ167	45r	4024	2	6022.0	3.0	AM	AM	4.0	2.0	0.0	4.0	1200.0	1397.0	valide	valide_AI_AM_AF
5869	28677.0	25	JJ167	45r	4025	3	6023.0	3.0	AM	AM	22.0	3.0	0.0	22.0	1102.0	1347.0	valide	valide_AI_AM_AF
5870	28677.0	25	JJ167	45r	4026	4	6024.0	2.0	AF	AF	4.0	4.0	0.0	4.0	1200.0	1417.0	valide	valide_AI_AM_AF
5871	28678.0	26	JJ167	49r	4027	1	6025.0	1.0	AI	AI	27.0	1.0	0.0	27.0	1097.0	1344.0	valide	valide_AI_AM_AF
5872	28678.0	26	JJ167	49r	4028	2	6026.0	2.0	AF	AF	7.0	2.0	4.0	7.0	1196.0	530.0	valide	valide_AI_AM_AF
5873	28679.0	27	JJ167	50r	4028	1	6027.0	1.0	AI	AI	526.0	1.0	0.0	526.0	1199.0	897.0	valide	valide_AI_AM_AF
5874	28679.0	27	JJ167	50r	4029	2	6028.0	2.0	AF	AF	8.0	2.0	0.0	8.0	1116.0	617.0	valide	valide_AI_AM_AF
5875	28680.0	28	JJ167	51r	4029	1	6029.0	0.0	AC	AC	625.0	1.0	0.0	625.0	1108.0	732.0	valide	
5876	28681.0	29	JJ167	52r	4030	1	6030.0	1.0	AI	AI	11.0	1.0	0.0	11.0	1200.0	1408.0	valide	valide_AI_AM_AF
5877	28681.0	29	JJ167	52r	4031	2	6031.0	3.0	AM	AM	19.0	2.0	1.0	19.0	1056.0	1344.0	valide	valide_AI_AM_AF
5878	28681.0	29	JJ167	52r	4032	3	6032.0	3.0	AM	AM	4.0	3.0	0.0	4.0	1200.0	1411.0	valide	valide_AI_AM_AF
5879	28681.0	29	JJ167	52r	4033	4	6033.0	2.0	AF	AF	8.0	4.0	0.0	8.0	1109.0	945.0	valide	valide_AI_AM_AF
5880	28682.0	30	JJ167	55r	4033	1	6034.0	1.0	AI	AI	954.0	1.0	1.0	954.0	1100.0	400.0	valide	valide_AI_AM_AF
5881	28682.0	30	JJ167	55r	4034	2	6035.0	2.0	AF	AF	3.0	2.0	1.0	3.0	1198.0	595.0	valide	valide_AI_AM_AF
5882	28683.0	31	JJ167	56r	4034	1	6036.0	1.0	AI	AI	595.0	1.0	0.0	595.0	1199.0	822.0	valide	valide_AI_AM_AF
5883	28683.0	31	JJ167	56r	4035	2	6037.0	2.0	AF	AF	11.0	2.0	0.0	11.0	1116.0	765.0	valide	valide_AI_AM_AF
5884	28684.0	32	JJ167	57r	4035	1	6038.0	1.0	AI	AI	775.0	1.0	0.0	775.0	1111.0	578.0	valide	valide_AI_AM_AF
5885	28684.0	32	JJ167	57r	4036	2	6039.0	2.0	AF	AF	4.0	2.0	0.0	4.0	1199.0	961.0	valide	valide_AI_AM_AF
5886	28685.0	33	JJ167	58r	4036	1	6040.0	1.0	AI	AI	971.0	1.0	1.0	971.0	1199.0	452.0	valide	valide_AI_AM_AF
5887	28685.0	33	JJ167	58r	4037	2	6041.0	3.0	AM	AM	33.0	2.0	1.0	33.0	1063.0	1327.0	valide	valide_AI_AM_AF
5888	28685.0	33	JJ167	58r	4038	3	6042.0	2.0	AF	AF	2.0	3.0	1.0	2.0	1198.0	326.0	valide	valide_AI_AM_AF
5889	28686.0	34	JJ167	60r	4038	1	6043.0	0.0	AC	AC	324.0	1.0	174.0	324.0	1006.0	63.0	valide	
5890	28687.0	35	JJ167	60r	4038	1	6044.0	0.0	AC	AC	385.0	1.0	178.0	385.0	1005.0	54.0	valide	
5891	28688.0	36	JJ167	60r	4038	1	6045.0	0.0	AC	AC	397.0	1.0	149.0	397.0	1051.0	125.0	valide	
5892	28689.0	37	JJ167	60r	4038	1	6046.0	0.0	AC	AC	434.0	1.0	184.0	434.0	1001.0	102.0	valide	
5893	28690.0	38	JJ167	61r	4039	1	6048.0	1.0	AI	AI	37.0	1.0	0.0	37.0	1056.0	1321.0	valide	valide_AI_AM_AF
5894	28690.0	38	JJ167	61r	4040	2	6049.0	2.0	AF	AF	2.0	2.0	0.0	2.0	1199.0	842.0	valide	valide_AI_AM_AF
5895	28691.0	39	JJ167	62r	4040	1	6050.0	1.0	AI	AI	838.0	1.0	2.0	838.0	1198.0	585.0	valide	valide_AI_AM_AF
5896	28691.0	39	JJ167	62r	4041	2	6051.0	2.0	AF	AF	39.0	2.0	1.0	39.0	1058.0	1325.0	valide	valide_AI_AM_AF
5897	28692.0	40	JJ167	64r	4042	1	6052.0	0.0	AC	AC	13.0	1.0	0.0	13.0	1199.0	1408.0	valide	
5898	28693.0	41	JJ167	65r	4043	1	6053.0	1.0	AI	AI	22.0	1.0	1.0	22.0	1078.0	1334.0	valide	valide_AI_AM_AF
5899	28693.0	41	JJ167	65r	4044	2	6054.0	2.0	AF	AF	7.0	2.0	1.0	7.0	1199.0	396.0	valide	valide_AI_AM_AF
5900	28694.0	42	JJ167	66r	4044	1	6055.0	1.0	AI	AI	391.0	1.0	201.0	391.0	999.0	1026.0	valide	valide_AI_AM_AF
5901	28694.0	42	JJ167	66r	4045	2	6056.0	2.0	AF	AF	9.0	2.0	1.0	9.0	1196.0	474.0	valide	valide_AI_AM_AF
5902	28695.0	43	JJ167	67r	4045	1	6057.0	1.0	AI	AI	481.0	1.0	0.0	481.0	1107.0	872.0	valide	valide_AI_AM_AF
5903	28695.0	43	JJ167	67r	4046	2	6058.0	3.0	AM	AM	17.0	2.0	30.0	17.0	1170.0	1395.0	valide	valide_AI_AM_AF
5904	28695.0	43	JJ167	67r	4047	3	6059.0	3.0	AM	AM	12.0	3.0	0.0	12.0	1110.0	1345.0	valide	valide_AI_AM_AF
5905	28695.0	43	JJ167	67r	4048	4	6060.0	2.0	AF	AF	36.0	4.0	0.0	36.0	1200.0	1381.0	valide	valide_AI_AM_AF
5906	28696.0	44	JJ167	71r	4049	1	6061.0	0.0	AC	AC	39.0	1.0	0.0	39.0	1111.0	1323.0	valide	
5907	28697.0	45	JJ167	72r	4050	1	6062.0	1.0	AI	AI	36.0	1.0	0.0	36.0	1200.0	1379.0	valide	valide_AI_AM_AF
5908	28697.0	45	JJ167	72r	4051	2	6063.0	2.0	AF	AF	28.0	2.0	0.0	28.0	1110.0	674.0	valide	valide_AI_AM_AF
5909	28698.0	46	JJ167	73r	4051	1	6064.0	1.0	AI	AI	699.0	1.0	0.0	699.0	1120.0	651.0	valide	valide_AI_AM_AF
5910	28698.0	46	JJ167	73r	4052	2	6065.0	3.0	AM	AM	28.0	2.0	1.0	28.0	1199.0	1392.0	valide	valide_AI_AM_AF
5911	28698.0	46	JJ167	73r	4053	3	6066.0	2.0	AF	AF	21.0	3.0	1.0	21.0	1190.0	997.0	valide	valide_AI_AM_AF
5912	28699.0	47	JJ167	75r	4053	1	6067.0	1.0	AI	AI	983.0	1.0	0.0	983.0	1185.0	365.0	valide	valide_AI_AM_AF
5913	28699.0	47	JJ167	75r	4054	2	6068.0	3.0	AM	AM	5.0	2.0	11.0	5.0	1189.0	1415.0	valide	valide_AI_AM_AF
5914	28699.0	47	JJ167	75r	4055	3	6069.0	2.0	AF	AF	21.0	3.0	0.0	21.0	1186.0	841.0	valide	valide_AI_AM_AF
5915	28700.0	48	JJ167	77r	4055	1	6070.0	1.0	AI	AI	860.0	1.0	0.0	860.0	1177.0	490.0	valide	valide_AI_AM_AF
5916	28700.0	48	JJ167	77r	4056	2	6071.0	3.0	AM	AM	27.0	2.0	0.0	27.0	1200.0	1391.0	valide	valide_AI_AM_AF
5917	28700.0	48	JJ167	77r	4057	3	6072.0	2.0	AF	AF	21.0	3.0	1.0	21.0	1156.0	944.0	valide	valide_AI_AM_AF
5918	28701.0	49	JJ167	79r	4057	1	6073.0	1.0	AI	AI	908.0	1.0	0.0	908.0	1175.0	443.0	valide	valide_AI_AM_AF
5919	28701.0	49	JJ167	79r	4058	2	6074.0	2.0	AF	AF	16.0	2.0	0.0	16.0	1200.0	1408.0	valide	valide_AI_AM_AF
5920	28702.0	50	JJ167	81r	4059	1	6075.0	0.0	AC	AC	32.0	1.0	0.0	32.0	1091.0	1333.0	valide	
5921	28703.0	51	JJ167	82r	4060	1	6076.0	1.0	AI	AI	18.0	1.0	0.0	18.0	1200.0	1405.0	valide	valide_AI_AM_AF
5922	28703.0	51	JJ167	82r	4061	2	6077.0	2.0	AF	AF	7.0	2.0	4.0	7.0	1196.0	567.0	valide	valide_AI_AM_AF
5923	28704.0	52	JJ167	83r	4061	1	6078.0	1.0	AI	AI	569.0	1.0	1.0	569.0	1103.0	782.0	valide	valide_AI_AM_AF
5924	28704.0	52	JJ167	83r	4062	2	6079.0	2.0	AF	AF	9.0	2.0	0.0	9.0	1200.0	1413.0	valide	valide_AI_AM_AF
5925	28705.0	53	JJ167	85r	4063	1	6080.0	0.0	AC	AC	22.0	1.0	0.0	22.0	1125.0	758.0	valide	
5926	28706.0	54	JJ167	85r	4063	1	6081.0	1.0	AI	AI	778.0	1.0	0.0	778.0	1101.0	574.0	valide	valide_AI_AM_AF
5927	28706.0	54	JJ167	85r	4064	2	6082.0	2.0	AF	AF	10.0	2.0	2.0	10.0	1198.0	671.0	valide	valide_AI_AM_AF
5928	28707.0	55	JJ167	86r	4064	1	6083.0	1.0	AI	AI	678.0	1.0	0.0	678.0	1200.0	741.0	valide	valide_AI_AM_AF
5929	28707.0	55	JJ167	86r	4065	2	6084.0	2.0	AF	AF	11.0	2.0	1.0	11.0	1199.0	733.0	valide	valide_AI_AM_AF
5930	28708.0	56	JJ167	87r	4065	1	6085.0	1.0	AI	AI	739.0	1.0	1.0	739.0	1169.0	612.0	valide	valide_AI_AM_AF
5931	28708.0	56	JJ167	87r	4066	2	6086.0	2.0	AF	AF	4.0	2.0	3.0	4.0	1197.0	1414.0	valide	valide_AI_AM_AF
5932	28709.0	57	JJ167	89r	4067	1	6087.0	1.0	AI	AI	33.0	1.0	0.0	33.0	1095.0	1323.0	valide	valide_AI_AM_AF
5933	28709.0	57	JJ167	89r	4068	2	6088.0	2.0	AF	AF	10.0	2.0	0.0	10.0	1200.0	670.0	valide	valide_AI_AM_AF
5934	28710.0	58	JJ167	90r	4068	1	6089.0	1.0	AI	AI	679.0	1.0	10.0	679.0	1190.0	737.0	valide	valide_AI_AM_AF
5935	28710.0	58	JJ167	90r	4069	2	6090.0	2.0	AF	AF	39.0	2.0	1.0	39.0	1190.0	1320.0	valide	valide_AI_AM_AF
5936	28711.0	59	JJ167	92r	4070	1	6091.0	1.0	AI	AI	17.0	1.0	0.0	17.0	1200.0	1405.0	valide	valide_AI_AM_AF
5937	28711.0	59	JJ167	92r	4071	2	6092.0	2.0	AF	AF	14.0	2.0	5.0	14.0	1194.0	317.0	valide	valide_AI_AM_AF
5938	28712.0	60	JJ167	93r	4071	1	6093.0	0.0	AC	AC	323.0	1.0	0.0	323.0	1129.0	1036.0	valide	
5939	28713.0	61	JJ167	94r	4072	1	6094.0	0.0	AC	AC	34.0	1.0	0.0	34.0	1200.0	1386.0	valide	
5940	28714.0	62	JJ167	95r	4073	1	6095.0	1.0	AI	AI	36.0	1.0	0.0	36.0	1093.0	1317.0	valide	valide_AI_AM_AF
5941	28714.0	62	JJ167	95r	4074	2	6096.0	2.0	AF	AF	32.0	2.0	0.0	32.0	1200.0	1391.0	valide	valide_AI_AM_AF
5942	28715.0	63	JJ167	97r	4075	1	6097.0	1.0	AI	AI	43.0	1.0	0.0	43.0	1097.0	1319.0	valide	valide_AI_AM_AF
5943	28715.0	63	JJ167	97r	4076	2	6098.0	2.0	AF	AF	7.0	2.0	4.0	7.0	1196.0	338.0	valide	valide_AI_AM_AF
5944	28716.0	64	JJ167	98r	4076	1	6099.0	1.0	AI	AI	340.0	1.0	0.0	340.0	1200.0	1080.0	valide	valide_AI_AM_AF
5945	28716.0	64	JJ167	98r	4077	2	6100.0	2.0	AF	AF	25.0	2.0	1.0	25.0	1199.0	392.0	valide	valide_AI_AM_AF
5946	28717.0	65	JJ167	99r	4077	1	6101.0	1.0	AI	AI	413.0	1.0	1.0	413.0	1108.0	952.0	valide	valide_AI_AM_AF
5947	28717.0	65	JJ167	99r	4078	2	6102.0	2.0	AF	AF	16.0	2.0	2.0	16.0	1198.0	755.0	valide	valide_AI_AM_AF
5948	28718.0	66	JJ167	100r	4078	1	6103.0	1.0	AI	AI	765.0	1.0	2.0	765.0	1198.0	657.0	valide	valide_AI_AM_AF
5949	28718.0	66	JJ167	100r	4079	2	6104.0	2.0	AF	AF	38.0	2.0	0.0	38.0	1106.0	1327.0	valide	valide_AI_AM_AF
5950	28719.0	67	JJ167	102r	4080	1	6105.0	0.0	AC	AC	32.0	1.0	0.0	32.0	1200.0	1391.0	valide	
5951	28720.0	68	JJ167	103r	4081	1	6106.0	0.0	AC	AC	47.0	1.0	0.0	47.0	1123.0	1317.0	valide	
5952	28721.0	69	JJ167	104r	4082	1	6107.0	1.0	AI	AI	30.0	1.0	0.0	30.0	1198.0	1311.0	valide	valide_AI_AM_AF
5953	28721.0	69	JJ167	104r	4083	2	6108.0	2.0	AF	AF	60.0	2.0	0.0	60.0	1182.0	557.0	valide	valide_AI_AM_AF
5954	28722.0	70	JJ167	105r	4083	1	6109.0	1.0	AI	AI	617.0	1.0	0.0	617.0	1178.0	724.0	valide	valide_AI_AM_AF
5955	28722.0	70	JJ167	105r	4084	2	6110.0	2.0	AF	AF	12.0	2.0	3.0	12.0	1197.0	586.0	valide	valide_AI_AM_AF
5956	28723.0	71	JJ167	106r	4084	1	6111.0	1.0	AI	AI	592.0	1.0	0.0	592.0	1200.0	742.0	valide	valide_AI_AM_AF
5957	28723.0	71	JJ167	106r	4085	2	6112.0	2.0	AF	AF	22.0	2.0	0.0	22.0	1199.0	711.0	valide	valide_AI_AM_AF
5958	28724.0	72	JJ167	107r	4085	1	6113.0	1.0	AI	AI	721.0	1.0	0.0	721.0	1049.0	535.0	valide	valide_AI_AM_AF
5959	28724.0	72	JJ167	107r	4086	2	6114.0	2.0	AF	AF	14.0	2.0	4.0	14.0	1196.0	1335.0	valide	valide_AI_AM_AF
5960	28725.0	73	JJ167	109r	4087	1	6115.0	0.0	AC	AC	23.0	1.0	0.0	23.0	1022.0	860.0	valide	
5961	28726.0	74	JJ167	109r	4087	1	6116.0	1.0	AI	AI	881.0	1.0	0.0	881.0	1030.0	374.0	valide	valide_AI_AM_AF
5962	28726.0	74	JJ167	109r	4088	2	6117.0	2.0	AF	AF	5.0	2.0	0.0	5.0	1200.0	1002.0	valide	valide_AI_AM_AF
5963	28727.0	75	JJ167	110r	4088	1	6118.0	1.0	AI	AI	1015.0	1.0	0.0	1015.0	1200.0	318.0	valide	valide_AI_AM_AF
5964	28727.0	75	JJ167	110r	4089	2	6119.0	3.0	AM	AM	28.0	2.0	0.0	28.0	1015.0	1238.0	valide	valide_AI_AM_AF
5965	28727.0	75	JJ167	110r	4090	3	6120.0	2.0	AF	AF	4.0	3.0	0.0	4.0	1200.0	256.0	valide	valide_AI_AM_AF
5966	28728.0	76	JJ167	112r	4090	1	6121.0	0.0	AC	AC	241.0	1.0	0.0	241.0	1200.0	1100.0	valide	
5967	28729.0	77	JJ167	113r	4091	1	6122.0	1.0	AI	AI	28.0	1.0	0.0	28.0	1013.0	1231.0	valide	valide_AI_AM_AF
5968	28729.0	77	JJ167	113r	4092	2	6123.0	2.0	AF	AF	5.0	2.0	5.0	5.0	1195.0	522.0	valide	valide_AI_AM_AF
5969	28730.0	78	JJ167	114r	4092	1	6124.0	1.0	AI	AI	513.0	1.0	0.0	513.0	1200.0	825.0	valide	valide_AI_AM_AF
5970	28730.0	78	JJ167	114r	4093	2	6125.0	2.0	AF	AF	22.0	2.0	0.0	22.0	1022.0	745.0	valide	valide_AI_AM_AF
5971	28731.0	79	JJ167	115r	4093	1	6126.0	1.0	AI	AI	763.0	1.0	0.0	763.0	1032.0	493.0	valide	valide_AI_AM_AF
5972	28731.0	79	JJ167	115r	4094	2	6127.0	3.0	AM	AM	9.0	2.0	0.0	9.0	1200.0	1329.0	valide	valide_AI_AM_AF
5973	28731.0	79	JJ167	115r	4095	3	6128.0	2.0	AF	AF	7.0	3.0	0.0	7.0	1200.0	428.0	valide	valide_AI_AM_AF
5974	28732.0	80	JJ167	117r	4095	1	6129.0	1.0	AI	AI	403.0	1.0	0.0	403.0	1017.0	855.0	valide	valide_AI_AM_AF
5975	28732.0	80	JJ167	117r	4096	2	6130.0	2.0	AF	AF	6.0	2.0	0.0	6.0	1200.0	383.0	valide	valide_AI_AM_AF
5976	28733.0	81	JJ167	118r	4096	1	6131.0	0.0	AC	AC	389.0	1.0	0.0	389.0	1200.0	952.0	valide	
5977	28734.0	82	JJ167	119r	4097	1	6132.0	1.0	AI	AI	28.0	1.0	0.0	28.0	1001.0	1230.0	valide	valide_AI_AM_AF
5978	28734.0	82	JJ167	119r	4098	2	6133.0	2.0	AF	AF	1.0	2.0	2.0	1.0	1198.0	656.0	valide	valide_AI_AM_AF
5979	28735.0	83	JJ167	120r	4098	1	6134.0	1.0	AI	AI	632.0	1.0	14.0	632.0	1186.0	693.0	valide	valide_AI_AM_AF
5980	28735.0	83	JJ167	120r	4099	2	6135.0	3.0	AM	AM	23.0	2.0	0.0	23.0	1010.0	1234.0	valide	valide_AI_AM_AF
5981	28735.0	83	JJ167	120r	4100	3	6136.0	2.0	AF	AF	1.0	3.0	8.0	1.0	1192.0	271.0	valide	valide_AI_AM_AF
5982	28737.0	85	JJ167	122r	4100	1	6137.0	1.0	AI	AI	267.0	1.0	0.0	267.0	1200.0	1070.0	valide	valide_AI_AM_AF
5983	28737.0	85	JJ167	122r	4101	2	6138.0	2.0	AF	AF	7.0	2.0	0.0	7.0	1200.0	786.0	valide	valide_AI_AM_AF
5984	28738.0	86	JJ167	123r	4101	1	6139.0	1.0	AI	AI	786.0	1.0	0.0	786.0	1023.0	470.0	valide	valide_AI_AM_AF
5985	28738.0	86	JJ167	123r	4102	2	6140.0	3.0	AM	AM	6.0	2.0	0.0	6.0	1200.0	1335.0	valide	valide_AI_AM_AF
5986	28738.0	86	JJ167	123r	4103	3	6141.0	3.0	AM	AM	7.0	3.0	0.0	7.0	1005.0	1252.0	valide	valide_AI_AM_AF
5987	28738.0	86	JJ167	123r	4104	4	6142.0	2.0	AF	AF	0.0	4.0	0.0	0.0	1200.0	325.0	valide	valide_AI_AM_AF
5988	28739.0	87	JJ167	126r	4104	1	6143.0	0.0	AC	AC	308.0	1.0	0.0	308.0	1200.0	1027.0	valide	
5989	28740.0	88	JJ167	129r	4105	1	6144.0	1.0	AI	AI	30.0	1.0	0.0	30.0	1010.0	1235.0	valide	valide_AI_AM_AF
5990	28740.0	88	JJ167	129r	4106	2	6145.0	2.0	AF	AF	0.0	2.0	0.0	0.0	1200.0	1342.0	valide	valide_AI_AM_AF
5991	28741.0	89	JJ167	131r	4107	1	6146.0	0.0	AC	AC	30.0	1.0	0.0	30.0	1109.0	642.0	valide	
5992	28742.0	90	JJ167	131r	4107	1	6147.0	1.0	AI	AI	666.0	1.0	0.0	666.0	986.0	590.0	valide	valide_AI_AM_AF
5993	28742.0	90	JJ167	131r	4108	2	6148.0	2.0	AF	AF	44.0	2.0	11.0	44.0	1188.0	1298.0	valide	valide_AI_AM_AF
5994	28743.0	91	JJ167	133r	4109	1	6149.0	1.0	AI	AI	49.0	1.0	0.0	49.0	1018.0	1231.0	valide	valide_AI_AM_AF
5995	28743.0	91	JJ167	133r	4110	2	6150.0	2.0	AF	AF	10.0	2.0	6.0	10.0	1192.0	371.0	valide	valide_AI_AM_AF
5996	28744.0	92	JJ167	134r	4110	1	6151.0	1.0	AI	AI	380.0	1.0	0.0	380.0	1199.0	959.0	valide	valide_AI_AM_AF
5997	28744.0	92	JJ167	134r	4111	2	6152.0	2.0	AF	AF	53.0	2.0	0.0	53.0	1039.0	749.0	valide	valide_AI_AM_AF
5998	28745.0	93	JJ167	135r	4111	1	6153.0	1.0	AI	AI	798.0	1.0	0.0	798.0	1025.0	477.0	valide	valide_AI_AM_AF
5999	28745.0	93	JJ167	135r	4112	2	6154.0	3.0	AM	AM	29.0	2.0	0.0	29.0	1200.0	1311.0	valide	valide_AI_AM_AF
6000	28745.0	93	JJ167	135r	4113	3	6155.0	3.0	AM	AM	41.0	3.0	0.0	41.0	1037.0	1239.0	valide	valide_AI_AM_AF
6001	28745.0	93	JJ167	135r	4114	4	6156.0	3.0	AM	AM	33.0	4.0	0.0	33.0	1199.0	1309.0	valide	valide_AI_AM_AF
6002	28745.0	93	JJ167	135r	4115	5	6157.0	2.0	AF	AF	44.0	5.0	1.0	44.0	1012.0	1251.0	valide	valide_AI_AM_AF
6003	28746.0	94	JJ167	140r	4116	1	6158.0	1.0	AI	AI	37.0	1.0	10.0	37.0	1190.0	1298.0	valide	valide_AI_AM_AF
6004	28746.0	94	JJ167	140r	4117	2	6159.0	2.0	AF	AF	48.0	2.0	1.0	48.0	1009.0	457.0	valide	valide_AI_AM_AF
6005	28747.0	95	JJ167	141r	4117	1	6160.0	1.0	AI	AI	489.0	1.0	0.0	489.0	1005.0	788.0	valide	valide_AI_AM_AF
6006	28747.0	95	JJ167	141r	4118	2	6161.0	2.0	AF	AF	43.0	2.0	18.0	43.0	1182.0	664.0	valide	valide_AI_AM_AF
6007	28748.0	96	JJ167	142r	4118	1	6162.0	1.0	AI	AI	700.0	1.0	68.0	700.0	1132.0	626.0	valide	valide_AI_AM_AF
6008	28748.0	96	JJ167	142r	4119	2	6163.0	3.0	AM	AM	37.0	2.0	0.0	37.0	1020.0	1263.0	valide	valide_AI_AM_AF
6009	28748.0	96	JJ167	142r	4120	3	6164.0	2.0	AF	AF	46.0	3.0	0.0	46.0	1200.0	1296.0	valide	valide_AI_AM_AF
6010	28749.0	97	JJ167	145r	4121	1	6165.0	0.0	AC	AC	52.0	1.0	0.0	52.0	1007.0	1249.0	valide	
6011	28750.0	98	JJ167	147r	4123	1	6166.0	1.0	AI	AI	37.0	1.0	0.0	37.0	1004.0	1265.0	valide	valide_AI_AM_AF
6012	28750.0	98	JJ167	147r	4124	2	6167.0	2.0	AF	AF	12.0	2.0	10.0	12.0	1190.0	531.0	valide	valide_AI_AM_AF
6013	28751.0	99	JJ167	148r	4124	1	6168.0	1.0	AI	AI	543.0	1.0	200.0	543.0	1000.0	774.0	valide	valide_AI_AM_AF
6014	28751.0	99	JJ167	148r	4125	2	6169.0	2.0	AF	AF	42.0	2.0	1.0	42.0	1000.0	638.0	valide	valide_AI_AM_AF
6015	28752.0	100	JJ167	149r	4125	1	6170.0	1.0	AI	AI	676.0	1.0	0.0	676.0	1006.0	597.0	valide	valide_AI_AM_AF
6016	28752.0	100	JJ167	149r	4126	2	6171.0	2.0	AF	AF	15.0	2.0	112.0	15.0	1088.0	675.0	valide	valide_AI_AM_AF
6017	28753.0	101	JJ167	150r	4126	1	6172.0	1.0	AI	AI	688.0	1.0	198.0	688.0	1002.0	629.0	valide	valide_AI_AM_AF
6018	28753.0	101	JJ167	150r	4127	2	6173.0	2.0	AF	AF	43.0	2.0	1.0	43.0	1000.0	880.0	valide	valide_AI_AM_AF
6019	28754.0	102	JJ167	151r	4127	1	6174.0	1.0	AI	AI	919.0	1.0	0.0	919.0	1003.0	357.0	valide	valide_AI_AM_AF
6020	28754.0	102	JJ167	151r	4128	2	6175.0	2.0	AF	AF	10.0	2.0	4.0	10.0	1196.0	965.0	valide	valide_AI_AM_AF
6021	28755.0	103	JJ167	152r	4128	1	6176.0	1.0	AI	AI	973.0	1.0	0.0	973.0	1200.0	341.0	valide	valide_AI_AM_AF
6022	28755.0	103	JJ167	152r	4129	2	6177.0	2.0	AF	AF	36.0	2.0	0.0	36.0	1034.0	864.0	valide	valide_AI_AM_AF
6023	28756.0	104	JJ167	153r	4129	1	6178.0	1.0	AI	AI	899.0	1.0	1.0	899.0	1013.0	377.0	valide	valide_AI_AM_AF
6024	28756.0	104	JJ167	153r	4130	2	6179.0	3.0	AM	AM	16.0	2.0	118.0	16.0	1082.0	1299.0	valide	valide_AI_AM_AF
6025	28756.0	104	JJ167	153r	4131	3	6180.0	2.0	AF	AF	38.0	3.0	1.0	38.0	1007.0	1247.0	valide	valide_AI_AM_AF
6026	28757.0	105	JJ167	156r	4132	1	6181.0	1.0	AI	AI	12.0	1.0	7.0	12.0	1193.0	1301.0	valide	valide_AI_AM_AF
6027	28757.0	105	JJ167	156r	4133	2	6182.0	2.0	AF	AF	41.0	2.0	0.0	41.0	1035.0	621.0	valide	valide_AI_AM_AF
6028	28758.0	106	JJ167	157r	4133	1	6183.0	0.0	AC	AC	663.0	1.0	0.0	663.0	1012.0	246.0	valide	
6029	28759.0	107	JJ167	157r	4133	1	6184.0	1.0	AI	AI	910.0	1.0	0.0	910.0	1012.0	364.0	valide	valide_AI_AM_AF
6030	28759.0	107	JJ167	157r	4134	2	6185.0	2.0	AF	AF	5.0	2.0	0.0	5.0	1200.0	1308.0	valide	valide_AI_AM_AF
6031	28760.0	108	JJ167	159r	4135	1	6186.0	1.0	AI	AI	45.0	1.0	0.0	45.0	1007.0	1237.0	valide	valide_AI_AM_AF
6032	28760.0	108	JJ167	159r	4136	2	6187.0	2.0	AF	AF	9.0	2.0	7.0	9.0	1193.0	410.0	valide	valide_AI_AM_AF
6033	28761.0	109	JJ167	160r	4136	1	6188.0	1.0	AI	AI	417.0	1.0	70.0	417.0	1130.0	895.0	valide	valide_AI_AM_AF
6034	28761.0	109	JJ167	160r	4137	2	6189.0	2.0	AF	AF	47.0	2.0	1.0	47.0	999.0	626.0	valide	valide_AI_AM_AF
6035	28762.0	110	JJ167	161r	4137	1	6190.0	1.0	AI	AI	671.0	1.0	1.0	671.0	1015.0	605.0	valide	valide_AI_AM_AF
6036	28762.0	110	JJ167	161r	4138	2	6191.0	2.0	AF	AF	9.0	2.0	3.0	9.0	1197.0	1312.0	valide	valide_AI_AM_AF
6037	28763.0	111	JJ167	163r	4139	1	6192.0	1.0	AI	AI	41.0	1.0	0.0	41.0	1025.0	1247.0	valide	valide_AI_AM_AF
6038	28763.0	111	JJ167	163r	4140	2	6193.0	2.0	AF	AF	5.0	2.0	9.0	5.0	1191.0	660.0	valide	valide_AI_AM_AF
6039	28764.0	112	JJ167	164r	4140	1	6194.0	1.0	AI	AI	665.0	1.0	28.0	665.0	1172.0	641.0	valide	valide_AI_AM_AF
6040	28764.0	112	JJ167	164r	4141	2	6195.0	2.0	AF	AF	38.0	2.0	0.0	38.0	1200.0	888.0	valide	valide_AI_AM_AF
6041	28765.0	113	JJ167	165r	4141	1	6196.0	1.0	AI	AI	918.0	1.0	0.0	918.0	1035.0	357.0	valide	valide_AI_AM_AF
6042	28765.0	113	JJ167	165r	4142	2	6197.0	2.0	AF	AF	24.0	2.0	4.0	24.0	1196.0	825.0	valide	valide_AI_AM_AF
6043	28766.0	114	JJ167	166r	4142	1	6198.0	1.0	AI	AI	854.0	1.0	51.0	854.0	1149.0	451.0	valide	valide_AI_AM_AF
6044	28766.0	114	JJ167	166r	4143	2	6199.0	2.0	AF	AF	28.0	2.0	0.0	28.0	1021.0	1256.0	valide	valide_AI_AM_AF
6045	28767.0	115	JJ167	168r	4144	1	6200.0	1.0	AI	AI	19.0	1.0	32.0	19.0	1168.0	1291.0	valide	valide_AI_AM_AF
6046	28767.0	115	JJ167	168r	4145	2	6201.0	3.0	AM	AM	31.0	2.0	0.0	31.0	1038.0	1255.0	valide	valide_AI_AM_AF
6047	28767.0	115	JJ167	168r	4146	3	6202.0	2.0	AF	AF	11.0	3.0	16.0	11.0	1184.0	789.0	valide	valide_AI_AM_AF
6048	28768.0	116	JJ167	170r	4146	1	6203.0	1.0	AI	AI	795.0	1.0	4.0	795.0	1197.0	509.0	valide	valide_AI_AM_AF
6049	28768.0	116	JJ167	170r	4147	2	6204.0	2.0	AF	AF	35.0	2.0	0.0	35.0	1200.0	882.0	valide	valide_AI_AM_AF
6050	28769.0	117	JJ167	171r	4147	1	6205.0	1.0	AI	AI	914.0	1.0	0.0	914.0	1033.0	362.0	valide	valide_AI_AM_AF
6051	28769.0	117	JJ167	171r	4148	2	6206.0	3.0	AM	AM	4.0	2.0	27.0	4.0	1173.0	1314.0	valide	valide_AI_AM_AF
6052	28769.0	117	JJ167	171r	4149	3	6207.0	2.0	AF	AF	37.0	3.0	7.0	37.0	1193.0	385.0	valide	valide_AI_AM_AF
6053	28770.0	118	JJ167	173r	4149	1	6208.0	1.0	AI	AI	405.0	1.0	0.0	405.0	1045.0	875.0	valide	valide_AI_AM_AF
6054	28770.0	118	JJ167	173r	4150	2	6209.0	2.0	AF	AF	2.0	2.0	1.0	2.0	1199.0	728.0	valide	valide_AI_AM_AF
6055	28771.0	119	JJ167	174r	4150	1	6210.0	1.0	AI	AI	728.0	1.0	0.0	728.0	1200.0	576.0	valide	valide_AI_AM_AF
6056	28771.0	119	JJ167	174r	4151	2	6211.0	2.0	AF	AF	29.0	2.0	1.0	29.0	1007.0	1150.0	valide	valide_AI_AM_AF
6057	28772.0	120	JJ167	175r	4151	1	6212.0	1.0	AI	AI	1118.0	1.0	0.0	1118.0	1013.0	183.0	valide	valide_AI_AM_AF
6058	28772.0	120	JJ167	175r	4152	2	6213.0	2.0	AF	AF	5.0	2.0	1.0	5.0	1199.0	186.0	valide	valide_AI_AM_AF
6059	28773.0	121	JJ167	176r	4152	1	6214.0	0.0	AC	AC	190.0	1.0	0.0	190.0	1200.0	261.0	valide	
6060	28774.0	122	JJ167	176r	4152	1	6215.0	0.0	AC	AC	450.0	1.0	5.0	450.0	1195.0	297.0	valide	
6061	28775.0	123	JJ167	176r	4152	1	6216.0	1.0	AI	AI	749.0	1.0	0.0	749.0	1200.0	556.0	valide	valide_AI_AM_AF
6062	28775.0	123	JJ167	176r	4153	2	6217.0	2.0	AF	AF	20.0	2.0	0.0	20.0	1023.0	1272.0	valide	valide_AI_AM_AF
6063	28776.0	124	JJ167	178r	4154	1	6218.0	0.0	AC	AC	12.0	1.0	2.0	12.0	1198.0	1309.0	valide	
6064	28777.0	125	JJ167	179r	4155	1	6219.0	1.0	AI	AI	35.0	1.0	1.0	35.0	1003.0	1259.0	valide	valide_AI_AM_AF
6065	28777.0	125	JJ167	179r	4156	2	6220.0	3.0	AM	AM	22.0	2.0	0.0	22.0	1200.0	1307.0	valide	valide_AI_AM_AF
6066	28777.0	125	JJ167	179r	4157	3	6221.0	3.0	AM	AM	32.0	3.0	0.0	32.0	1013.0	1262.0	valide	valide_AI_AM_AF
6067	28777.0	125	JJ167	179r	4158	4	6222.0	3.0	AM	AM	15.0	4.0	0.0	15.0	1200.0	1308.0	valide	valide_AI_AM_AF
6068	28777.0	125	JJ167	179r	4159	5	6223.0	3.0	AM	AM	40.0	5.0	1.0	40.0	1013.0	1256.0	valide	valide_AI_AM_AF
6069	28777.0	125	JJ167	179r	4160	6	6224.0	3.0	AM	AM	26.0	6.0	10.0	26.0	1190.0	1298.0	valide	valide_AI_AM_AF
6070	28777.0	125	JJ167	179r	4161	7	6225.0	3.0	AM	AM	46.0	7.0	1.0	46.0	1011.0	1251.0	valide	valide_AI_AM_AF
6071	28777.0	125	JJ167	179r	4162	8	6226.0	3.0	AM	AM	25.0	8.0	8.0	25.0	1192.0	1307.0	valide	valide_AI_AM_AF
6072	28777.0	125	JJ167	179r	4163	9	6227.0	3.0	AM	AM	52.0	9.0	0.0	52.0	1032.0	1237.0	valide	valide_AI_AM_AF
6073	28777.0	125	JJ167	179r	4164	10	6228.0	3.0	AM	AM	35.0	10.0	0.0	35.0	1200.0	1282.0	valide	valide_AI_AM_AF
6074	28777.0	125	JJ167	179r	4165	11	6229.0	3.0	AM	AM	51.0	11.0	0.0	51.0	1010.0	1244.0	valide	valide_AI_AM_AF
6075	28777.0	125	JJ167	179r	4166	12	6230.0	3.0	AM	AM	25.0	12.0	0.0	25.0	1200.0	1308.0	valide	valide_AI_AM_AF
6076	28777.0	125	JJ167	179r	4167	13	6231.0	3.0	AM	AM	47.0	13.0	0.0	47.0	1013.0	1257.0	valide	valide_AI_AM_AF
6077	28777.0	125	JJ167	179r	4168	14	6232.0	3.0	AM	AM	45.0	14.0	12.0	45.0	1188.0	1289.0	valide	valide_AI_AM_AF
6078	28777.0	125	JJ167	179r	4169	15	6233.0	3.0	AM	AM	46.0	15.0	0.0	46.0	1012.0	1249.0	valide	valide_AI_AM_AF
6079	28777.0	125	JJ167	179r	4170	16	6234.0	3.0	AM	AM	32.0	16.0	93.0	32.0	1107.0	1290.0	valide	valide_AI_AM_AF
6080	28777.0	125	JJ167	179r	4171	17	6235.0	3.0	AM	AM	42.0	17.0	0.0	42.0	1012.0	1252.0	valide	valide_AI_AM_AF
6081	28777.0	125	JJ167	179r	4172	18	6236.0	3.0	AM	AM	30.0	18.0	19.0	30.0	1180.0	1291.0	valide	valide_AI_AM_AF
6082	28777.0	125	JJ167	179r	4173	19	6237.0	3.0	AM	AM	43.0	19.0	0.0	43.0	1025.0	1245.0	valide	valide_AI_AM_AF
6083	28777.0	125	JJ167	179r	4174	20	6238.0	3.0	AM	AM	29.0	20.0	67.0	29.0	1132.0	1289.0	valide	valide_AI_AM_AF
6084	28777.0	125	JJ167	179r	4175	21	6239.0	2.0	AF	AF	60.0	21.0	0.0	60.0	934.0	774.0	valide	valide_AI_AM_AF
6085	28778.0	126	JJ167	200r	4176	1	6240.0	1.0	AI	AI	14.0	1.0	72.0	14.0	1128.0	1307.0	valide	valide_AI_AM_AF
6086	28778.0	126	JJ167	200r	4177	2	6241.0	2.0	AF	AF	50.0	2.0	0.0	50.0	1043.0	851.0	valide	valide_AI_AM_AF
6087	28779.0	127	JJ167	201r	4177	1	6242.0	1.0	AI	AI	901.0	1.0	1.0	901.0	1028.0	379.0	valide	valide_AI_AM_AF
6088	28779.0	127	JJ167	201r	4178	2	6243.0	2.0	AF	AF	7.0	2.0	18.0	7.0	1181.0	1316.0	valide	valide_AI_AM_AF
6089	28780.0	128	JJ167	203r	4179	1	6244.0	0.0	AC	AC	48.0	1.0	0.0	48.0	1011.0	1034.0	valide	
6090	28781.0	129	JJ167	203r	4179	1	6245.0	1.0	AI	AI	1072.0	1.0	3.0	1072.0	1055.0	206.0	valide	valide_AI_AM_AF
6091	28781.0	129	JJ167	203r	4180	2	6246.0	2.0	AF	AF	2.0	2.0	108.0	2.0	1092.0	1322.0	valide	valide_AI_AM_AF
6092	28782.0	130	JJ167	205r	4181	1	6247.0	1.0	AI	AI	49.0	1.0	1.0	49.0	1006.0	1246.0	valide	valide_AI_AM_AF
6093	28782.0	130	JJ167	205r	4182	2	6248.0	2.0	AF	AF	4.0	2.0	3.0	4.0	1197.0	493.0	valide	valide_AI_AM_AF
6094	28783.0	131	JJ167	206r	4182	1	6249.0	1.0	AI	AI	463.0	1.0	109.0	463.0	1090.0	834.0	valide	valide_AI_AM_AF
6095	28783.0	131	JJ167	206r	4183	2	6250.0	2.0	AF	AF	39.0	2.0	0.0	39.0	1021.0	730.0	valide	valide_AI_AM_AF
6096	28784.0	132	JJ167	207r	4183	1	6251.0	1.0	AI	AI	770.0	1.0	1.0	770.0	1007.0	510.0	valide	valide_AI_AM_AF
6097	28784.0	132	JJ167	207r	4184	2	6252.0	2.0	AF	AF	4.0	2.0	6.0	4.0	1194.0	602.0	valide	valide_AI_AM_AF
6098	28785.0	133	JJ167	208r	4184	1	6253.0	1.0	AI	AI	579.0	1.0	15.0	579.0	1184.0	718.0	valide	valide_AI_AM_AF
6099	28785.0	133	JJ167	208r	4185	2	6254.0	2.0	AF	AF	40.0	2.0	6.0	40.0	1194.0	277.0	valide	valide_AI_AM_AF
6100	28786.0	134	JJ167	209r	4185	1	6255.0	1.0	AI	AI	313.0	1.0	0.0	313.0	1009.0	974.0	valide	valide_AI_AM_AF
6101	28786.0	134	JJ167	209r	4186	2	6256.0	2.0	AF	AF	11.0	2.0	1.0	11.0	1199.0	424.0	valide	valide_AI_AM_AF
6102	28786.1	134bis	JJ167	210r	4186	1	6257.0	1.0	AI	AI	412.0	1.0	17.0	412.0	1183.0	898.0	valide	valide_AI_AM_AF
6103	28786.1	134bis	JJ167	210r	4187	2	6258.0	2.0	AF	AF	40.0	2.0	6.0	40.0	1194.0	459.0	valide	valide_AI_AM_AF
6104	28787.0	135	JJ167	211r	4187	1	6259.0	1.0	AI	AI	498.0	1.0	0.0	498.0	1017.0	787.0	valide	valide_AI_AM_AF
6105	28787.0	135	JJ167	211r	4188	2	6260.0	2.0	AF	AF	6.0	2.0	9.0	6.0	1190.0	888.0	valide	valide_AI_AM_AF
6106	28788.0	136	JJ167	212r	4188	1	6261.0	1.0	AI	AI	891.0	1.0	14.0	891.0	1186.0	402.0	valide	valide_AI_AM_AF
6107	28788.0	136	JJ167	212r	4189	2	6262.0	2.0	AF	AF	27.0	2.0	0.0	27.0	1048.0	985.0	valide	valide_AI_AM_AF
6108	28789.0	137	JJ167	213r	4189	1	6263.0	1.0	AI	AI	1013.0	1.0	0.0	1013.0	1030.0	268.0	valide	valide_AI_AM_AF
6109	28789.0	137	JJ167	213r	4190	2	6264.0	2.0	AF	AF	5.0	2.0	4.0	5.0	1195.0	1313.0	valide	valide_AI_AM_AF
6110	28790.0	138	JJ167	215r	4191	1	6265.0	1.0	AI	AI	43.0	1.0	0.0	43.0	1009.0	1248.0	valide	valide_AI_AM_AF
6111	28790.0	138	JJ167	215r	4192	2	6266.0	3.0	AM	AM	3.0	2.0	0.0	3.0	1199.0	1315.0	valide	valide_AI_AM_AF
6112	28790.0	138	JJ167	215r	4193	3	6267.0	2.0	AF	AF	54.0	3.0	6.0	54.0	1194.0	446.0	valide	valide_AI_AM_AF
6113	28791.0	139	JJ167	217r	4193	1	6268.0	1.0	AI	AI	498.0	1.0	0.0	498.0	1016.0	796.0	valide	valide_AI_AM_AF
6114	28791.0	139	JJ167	217r	4194	2	6269.0	2.0	AF	AF	2.0	2.0	11.0	2.0	1188.0	1314.0	valide	valide_AI_AM_AF
6115	28792.0	140	JJ167	219r	4195	1	6270.0	1.0	AI	AI	50.0	1.0	1.0	50.0	1006.0	1262.0	valide	valide_AI_AM_AF
6116	28792.0	140	JJ167	219r	4196	2	6271.0	2.0	AF	AF	3.0	2.0	160.0	3.0	1039.0	460.0	valide	valide_AI_AM_AF
6117	28793.0	141	JJ167	220r	4196	1	6272.0	1.0	AI	AI	460.0	1.0	133.0	460.0	1066.0	842.0	valide	valide_AI_AM_AF
6118	28793.0	141	JJ167	220r	4197	2	6273.0	2.0	AF	AF	51.0	2.0	0.0	51.0	1010.0	408.0	valide	valide_AI_AM_AF
6119	28794.0	142	JJ167	221r	4197	1	6274.0	1.0	AI	AI	458.0	1.0	0.0	458.0	1017.0	839.0	valide	valide_AI_AM_AF
6120	28794.0	142	JJ167	221r	4198	2	6275.0	3.0	AM	AM	6.0	2.0	30.0	6.0	1170.0	1295.0	valide	valide_AI_AM_AF
6121	28794.0	142	JJ167	221r	4199	3	6276.0	2.0	AF	AF	46.0	3.0	0.0	46.0	1200.0	358.0	valide	valide_AI_AM_AF
6122	28795.0	143	JJ167	223r	4199	1	6277.0	0.0	AC	AC	404.0	1.0	0.0	404.0	1005.0	892.0	valide	
6123	28796.0	144	JJ167	224r	4200	1	6278.0	0.0	AC	AC	6.0	1.0	57.0	6.0	1142.0	965.0	valide	
6124	28797.0	145	JJ167	224r	4200	1	6279.0	1.0	AI	AI	975.0	1.0	5.0	975.0	1194.0	318.0	valide	valide_AI_AM_AF
6125	28797.0	145	JJ167	224r	4201	2	6280.0	2.0	AF	AF	44.0	2.0	6.0	44.0	1194.0	1261.0	valide	valide_AI_AM_AF
6126	28798.0	146	JJ167	226r	4202	1	6281.0	1.0	AI	AI	5.0	1.0	29.0	5.0	1170.0	1306.0	valide	valide_AI_AM_AF
6127	28798.0	146	JJ167	226r	4203	2	6282.0	2.0	AF	AF	51.0	2.0	5.0	51.0	1195.0	337.0	valide	valide_AI_AM_AF
6128	28799.0	147	JJ167	227r	4203	1	6283.0	1.0	AI	AI	376.0	1.0	0.0	376.0	1050.0	926.0	valide	valide_AI_AM_AF
6129	28799.0	147	JJ167	227r	4204	2	6284.0	2.0	AF	AF	5.0	2.0	8.0	5.0	1191.0	577.0	valide	valide_AI_AM_AF
6130	28800.0	148	JJ167	228r	4204	1	6285.0	1.0	AI	AI	580.0	1.0	16.0	580.0	1183.0	715.0	valide	valide_AI_AM_AF
6131	28800.0	148	JJ167	228r	4205	2	6286.0	2.0	AF	AF	42.0	2.0	2.0	42.0	1021.0	1249.0	valide	valide_AI_AM_AF
6132	28801.0	149	JJ167	230r	4206	1	6287.0	1.0	AI	AI	5.0	1.0	228.0	5.0	971.0	1303.0	valide	valide_AI_AM_AF
6133	28801.0	149	JJ167	230r	4207	2	6288.0	2.0	AF	AF	34.0	2.0	2.0	34.0	1180.0	834.0	valide	valide_AI_AM_AF
6134	28802.0	150	JJ167	231r	4207	1	6289.0	1.0	AI	AI	856.0	1.0	1.0	856.0	1016.0	420.0	valide	valide_AI_AM_AF
6135	28802.0	150	JJ167	231r	4208	2	6290.0	2.0	AF	AF	11.0	2.0	149.0	11.0	1050.0	1296.0	valide	valide_AI_AM_AF
6136	28803.0	151	JJ167	233r	4209	1	6291.0	0.0	AC	AC	44.0	1.0	0.0	44.0	1049.0	845.0	valide	
6137	28804.0	152	JJ167	233r	4209	1	6292.0	1.0	AI	AI	874.0	1.0	1.0	874.0	1033.0	404.0	valide	valide_AI_AM_AF
6138	28804.0	152	JJ167	233r	4210	2	6293.0	2.0	AF	AF	17.0	2.0	226.0	17.0	973.0	1299.0	valide	valide_AI_AM_AF
6139	28805.0	153	JJ167	235r	4211	1	6294.0	0.0	AC	AC	51.0	1.0	0.0	51.0	1051.0	1256.0	valide	
6140	28806.0	154	JJ167	236r	4212	1	6295.0	1.0	AI	AI	18.0	1.0	193.0	18.0	1007.0	1291.0	valide	valide_AI_AM_AF
6141	28806.0	154	JJ167	236r	4213	2	6296.0	2.0	AF	AF	52.0	2.0	6.0	52.0	1194.0	297.0	valide	valide_AI_AM_AF
6142	28807.0	155	JJ167	237r	4213	1	6297.0	1.0	AI	AI	341.0	1.0	0.0	341.0	1042.0	966.0	valide	valide_AI_AM_AF
6143	28807.0	155	JJ167	237r	4214	2	6298.0	2.0	AF	AF	37.0	2.0	0.0	37.0	1199.0	530.0	valide	valide_AI_AM_AF
6144	28808.0	156	JJ167	238r	4214	1	6299.0	1.0	AI	AI	567.0	1.0	198.0	567.0	1001.0	730.0	valide	valide_AI_AM_AF
6145	28808.0	156	JJ167	238r	4215	2	6300.0	2.0	AF	AF	55.0	2.0	6.0	55.0	1194.0	522.0	valide	valide_AI_AM_AF
6146	28809.0	157	JJ167	239r	4215	1	6301.0	1.0	AI	AI	564.0	1.0	0.0	564.0	1053.0	717.0	valide	valide_AI_AM_AF
6147	28809.0	157	JJ167	239r	4216	2	6302.0	2.0	AF	AF	36.0	2.0	111.0	36.0	1088.0	1286.0	valide	valide_AI_AM_AF
6148	28810.0	158	JJ167	241r	4217	1	6303.0	0.0	AC	AC	52.0	1.0	3.0	52.0	1197.0	1254.0	valide	
6149	28811.0	159	JJ167	242r	4218	1	6304.0	0.0	AC	AC	47.0	1.0	8.0	47.0	1192.0	1278.0	valide	
6150	28812.0	160	JJ167	243r	4219	1	6305.0	1.0	AI	AI	41.0	1.0	0.0	41.0	1045.0	1259.0	valide	valide_AI_AM_AF
6151	28812.0	160	JJ167	243r	4220	2	6306.0	2.0	AF	AF	22.0	2.0	17.0	22.0	1182.0	720.0	valide	valide_AI_AM_AF
6152	28813.0	161	JJ167	244r	4220	1	6307.0	1.0	AI	AI	741.0	1.0	4.0	741.0	1195.0	560.0	valide	valide_AI_AM_AF
6153	28813.0	161	JJ167	244r	4221	2	6308.0	3.0	AM	AM	36.0	2.0	0.0	36.0	1055.0	1249.0	valide	valide_AI_AM_AF
6154	28813.0	161	JJ167	244r	4222	3	6309.0	3.0	AM	AM	7.0	3.0	15.0	7.0	1184.0	1320.0	valide	valide_AI_AM_AF
6155	28813.0	161	JJ167	244r	4223	4	6310.0	2.0	AF	AF	23.0	4.0	2.0	23.0	1198.0	866.0	valide	valide_AI_AM_AF
6156	28814.0	162	JJ167	247r	4223	1	6311.0	1.0	AI	AI	850.0	1.0	1.0	850.0	1024.0	426.0	valide	valide_AI_AM_AF
6157	28814.0	162	JJ167	247r	4224	2	6312.0	3.0	AM	AM	27.0	2.0	9.0	27.0	1190.0	1297.0	valide	valide_AI_AM_AF
6158	28814.0	162	JJ167	247r	4225	3	6313.0	2.0	AF	AF	5.0	3.0	5.0	5.0	1195.0	343.0	valide	valide_AI_AM_AF
6159	28815.0	163	JJ167	249r	4225	1	6314.0	0.0	AC	AC	348.0	1.0	0.0	348.0	1049.0	959.0	valide	
6160	28816.0	164	JJ167	250r	4226	1	6315.0	0.0	AC	AC	27.0	1.0	104.0	27.0	1096.0	1298.0	valide	
6161	28817.0	165	JJ167	251r	4227	1	6316.0	1.0	AI	AI	14.0	1.0	0.0	14.0	1048.0	1263.0	valide	valide_AI_AM_AF
6162	28817.0	165	JJ167	251r	4228	2	6317.0	2.0	AF	AF	3.0	2.0	129.0	3.0	1070.0	1313.0	valide	valide_AI_AM_AF
6163	28818.0	166	JJ167	253r	4229	1	6318.0	0.0	AC	AC	6.0	1.0	0.0	6.0	1040.0	1272.0	valide	
6164	28819.0	167	JJ167	254r	4230	1	6319.0	1.0	AI	AI	5.0	1.0	64.0	5.0	1136.0	1298.0	valide	valide_AI_AM_AF
6165	28819.0	167	JJ167	254r	4231	2	6320.0	2.0	AF	AF	8.0	2.0	5.0	8.0	1195.0	960.0	valide	valide_AI_AM_AF
6166	28820.0	168	JJ167	255r	4231	1	6321.0	1.0	AI	AI	956.0	1.0	1.0	956.0	1135.0	316.0	valide	valide_AI_AM_AF
6167	28820.0	168	JJ167	255r	4232	2	6322.0	2.0	AF	AF	3.0	2.0	196.0	3.0	1003.0	1311.0	valide	valide_AI_AM_AF
6168	28821.0	169	JJ167	257r	4233	1	6323.0	0.0	AC	AC	21.0	1.0	5.0	21.0	1195.0	1258.0	valide	
6169	28822.0	170	JJ167	258r	4234	1	6324.0	1.0	AI	AI	4.0	1.0	117.0	4.0	1083.0	1292.0	valide	valide_AI_AM_AF
6170	28822.0	170	JJ167	258r	4235	2	6325.0	2.0	AF	AF	1.0	2.0	4.0	1.0	1196.0	462.0	valide	valide_AI_AM_AF
6171	28823.0	171	JJ167	259r	4235	1	6326.0	1.0	AI	AI	463.0	1.0	0.0	463.0	1058.0	810.0	valide	valide_AI_AM_AF
6172	28823.0	171	JJ167	259r	4236	2	6327.0	2.0	AF	AF	1.0	2.0	90.0	1.0	1109.0	1292.0	valide	valide_AI_AM_AF
6173	28824.0	172	JJ167	261r	4237	1	6328.0	0.0	AC	AC	83.0	1.0	37.0	83.0	902.0	1107.0	valide	
6174	28825.0	173	JJ167	263r	4239	1	6330.0	1.0	AI	AI	4.0	1.0	1.0	4.0	1045.0	1265.0	valide	valide_AI_AM_AF
6175	28825.0	173	JJ167	263r	4240	2	6331.0	2.0	AF	AF	1.0	2.0	1.0	1.0	1199.0	399.0	valide	valide_AI_AM_AF
6176	28826.0	174	JJ167	264r	4240	1	6332.0	0.0	AC	AC	402.0	1.0	20.0	402.0	1179.0	890.0	valide	
6177	28827.0	175	JJ167	265r	4241	1	6333.0	1.0	AI	AI	7.0	1.0	0.0	7.0	1051.0	1271.0	valide	valide_AI_AM_AF
6178	28827.0	175	JJ167	265r	4242	2	6334.0	2.0	AF	AF	3.0	2.0	19.0	3.0	1180.0	1313.0	valide	valide_AI_AM_AF
6179	28828.0	176	JJ167	267r	4243	1	6335.0	1.0	AI	AI	26.0	1.0	2.0	26.0	1174.0	1248.0	valide	valide_AI_AM_AF
6180	28828.0	176	JJ167	267r	4244	2	6336.0	3.0	AM	AM	13.0	2.0	60.0	13.0	1139.0	1310.0	valide	valide_AI_AM_AF
6181	28828.0	176	JJ167	267r	4245	3	6337.0	2.0	AF	AF	8.0	3.0	5.0	8.0	1195.0	787.0	valide	valide_AI_AM_AF
6182	28829.0	177	JJ167	269r	4245	1	6338.0	1.0	AI	AI	795.0	1.0	1.0	795.0	1022.0	478.0	valide	valide_AI_AM_AF
6183	28829.0	177	JJ167	269r	4246	2	6339.0	2.0	AF	AF	37.0	2.0	11.0	37.0	1188.0	464.0	valide	valide_AI_AM_AF
6184	28830.0	178	JJ167	270r	4246	1	6340.0	1.0	AI	AI	499.0	1.0	207.0	499.0	993.0	829.0	valide	valide_AI_AM_AF
6185	28830.0	178	JJ167	270r	4247	2	6341.0	2.0	AF	AF	16.0	2.0	3.0	16.0	1197.0	769.0	valide	valide_AI_AM_AF
6186	28831.0	179	JJ167	271r	4247	1	6342.0	1.0	AI	AI	783.0	1.0	1.0	783.0	1020.0	489.0	valide	valide_AI_AM_AF
6187	28831.0	179	JJ167	271r	4248	2	6343.0	2.0	AF	AF	44.0	2.0	78.0	44.0	1121.0	830.0	valide	valide_AI_AM_AF
6188	28832.0	180	JJ167	272r	4248	1	6344.0	1.0	AI	AI	872.0	1.0	34.0	872.0	1165.0	426.0	valide	valide_AI_AM_AF
6189	28832.0	180	JJ167	272r	4249	2	6345.0	3.0	AM	AM	37.0	2.0	2.0	37.0	1032.0	1238.0	valide	valide_AI_AM_AF
6190	28832.0	180	JJ167	272r	4250	3	6346.0	2.0	AF	AF	16.0	3.0	0.0	16.0	1199.0	640.0	valide	valide_AI_AM_AF
6191	28833.0	181	JJ167	274r	4250	1	6347.0	1.0	AI	AI	656.0	1.0	32.0	656.0	1168.0	637.0	valide	valide_AI_AM_AF
6192	28833.0	181	JJ167	274r	4251	2	6348.0	3.0	AM	AM	37.0	2.0	4.0	37.0	1119.0	1256.0	valide	valide_AI_AM_AF
6193	28833.0	181	JJ167	274r	4252	3	6349.0	2.0	AF	AF	41.0	3.0	39.0	41.0	1161.0	670.0	valide	valide_AI_AM_AF
6194	28834.0	182	JJ167	276r	4252	1	6350.0	1.0	AI	AI	710.0	1.0	9.0	710.0	1190.0	564.0	valide	valide_AI_AM_AF
6195	28834.0	182	JJ167	276r	4253	2	6351.0	2.0	AF	AF	8.0	2.0	1.0	8.0	1013.0	1309.0	valide	valide_AI_AM_AF
6196	28834.1	182bis	JJ167	278r	4254	1	6352.0	0.0	AC	AC	36.0	1.0	41.0	36.0	1159.0	1257.0	valide	
6197	28835.0	183	JJ167	279r	4255	1	6353.0	0.0	AC	AC	15.0	1.0	0.0	15.0	1058.0	1276.0	valide	
6198	28836.0	184	JJ167	280r	4256	1	6354.0	1.0	AI	AI	38.0	1.0	65.0	38.0	1134.0	1258.0	valide	valide_AI_AM_AF
6199	28836.0	184	JJ167	280r	4257	2	6355.0	2.0	AF	AF	11.0	2.0	0.0	11.0	1200.0	553.0	valide	valide_AI_AM_AF
6200	28837.0	185	JJ167	281r	4257	1	6356.0	0.0	AC	AC	496.0	1.0	21.0	496.0	822.0	326.0	valide	
6201	28838.0	186	JJ167	281r	4257	1	6357.0	0.0	AC	AC	848.0	1.0	0.0	848.0	1013.0	410.0	valide	
6202	28839.0	187	JJ167	283r	4259	1	6358.0	1.0	AI	AI	20.0	1.0	0.0	20.0	1031.0	1260.0	valide	valide_AI_AM_AF
6203	28839.0	187	JJ167	283r	4260	2	6359.0	2.0	AF	AF	34.0	2.0	19.0	34.0	1181.0	963.0	valide	valide_AI_AM_AF
6204	28840.0	188	JJ167	284r	4260	1	6360.0	1.0	AI	AI	998.0	1.0	2.0	998.0	1198.0	267.0	valide	valide_AI_AM_AF
6205	28840.0	188	JJ167	284r	4261	2	6361.0	3.0	AM	AM	13.0	2.0	0.0	13.0	1023.0	1272.0	valide	valide_AI_AM_AF
6206	28840.0	188	JJ167	284r	4262	3	6362.0	2.0	AF	AF	27.0	3.0	5.0	27.0	1195.0	298.0	valide	valide_AI_AM_AF
6207	28841.0	189	JJ167	286r	4262	1	6363.0	1.0	AI	AI	324.0	1.0	233.0	324.0	967.0	964.0	valide	valide_AI_AM_AF
6208	28841.0	189	JJ167	286r	4263	2	6364.0	2.0	AF	AF	6.0	2.0	0.0	6.0	1197.0	371.0	valide	valide_AI_AM_AF
6209	28842.0	190	JJ167	287r	4263	1	6365.0	1.0	AI	AI	378.0	1.0	0.0	378.0	1017.0	898.0	valide	valide_AI_AM_AF
6210	28842.0	190	JJ167	287r	4264	2	6366.0	2.0	AF	AF	35.0	2.0	0.0	35.0	1199.0	391.0	valide	valide_AI_AM_AF
6211	28843.0	191	JJ167	288r	4264	1	6367.0	1.0	AI	AI	427.0	1.0	228.0	427.0	972.0	853.0	valide	valide_AI_AM_AF
6212	28843.0	191	JJ167	288r	4265	2	6368.0	2.0	AF	AF	4.0	2.0	0.0	4.0	1200.0	762.0	valide	valide_AI_AM_AF
6213	28844.0	192	JJ167	289r	4265	1	6369.0	1.0	AI	AI	768.0	1.0	0.0	768.0	1044.0	487.0	valide	valide_AI_AM_AF
6214	28844.0	192	JJ167	289r	4266	2	6370.0	3.0	AM	AM	33.0	2.0	263.0	33.0	937.0	1264.0	valide	valide_AI_AM_AF
6215	28844.0	192	JJ167	289r	4267	3	6371.0	2.0	AF	AF	5.0	3.0	0.0	5.0	1199.0	332.0	valide	valide_AI_AM_AF
6216	28845.0	193	JJ167	291r	4267	1	6372.0	1.0	AI	AI	337.0	1.0	0.0	337.0	1042.0	929.0	valide	valide_AI_AM_AF
6217	28845.0	193	JJ167	291r	4268	2	6373.0	2.0	AF	AF	39.0	2.0	32.0	39.0	1168.0	1268.0	valide	valide_AI_AM_AF
6218	28846.0	194	JJ167	293r	4269	1	6374.0	1.0	AI	AI	29.0	1.0	0.0	29.0	1022.0	1240.0	valide	valide_AI_AM_AF
6219	28846.0	194	JJ167	293r	4270	2	6375.0	2.0	AF	AF	36.0	2.0	12.0	36.0	1188.0	511.0	valide	valide_AI_AM_AF
6220	28847.0	195	JJ167	294r	4270	1	6376.0	1.0	AI	AI	547.0	1.0	259.0	547.0	941.0	746.0	valide	valide_AI_AM_AF
6221	28847.0	195	JJ167	294r	4271	2	6377.0	2.0	AF	AF	13.0	2.0	0.0	13.0	1037.0	961.0	valide	valide_AI_AM_AF
6222	28848.0	196	JJ167	295r	4271	1	6378.0	1.0	AI	AI	980.0	1.0	1.0	980.0	1008.0	281.0	valide	valide_AI_AM_AF
6223	28848.0	196	JJ167	295r	4272	2	6379.0	2.0	AF	AF	47.0	2.0	7.0	47.0	1193.0	961.0	valide	valide_AI_AM_AF
6224	28849.0	197	JJ167	296r	4272	1	6380.0	1.0	AI	AI	1016.0	1.0	165.0	1016.0	1035.0	257.0	valide	valide_AI_AM_AF
6225	28849.0	197	JJ167	296r	4273	2	6381.0	2.0	AF	AF	21.0	2.0	0.0	21.0	1026.0	1256.0	valide	valide_AI_AM_AF
6226	28850.0	198	JJ167	298r	4274	1	6382.0	0.0	AC	AC	42.0	1.0	20.0	42.0	1180.0	1270.0	valide	
6227	28851.0	199	JJ167	299r	4275	1	6383.0	1.0	AI	AI	18.0	1.0	0.0	18.0	1031.0	1262.0	valide	valide_AI_AM_AF
6228	28851.0	199	JJ167	299r	4276	2	6384.0	3.0	AM	AM	44.0	2.0	14.0	44.0	1185.0	1240.0	valide	valide_AI_AM_AF
6229	28851.0	199	JJ167	299r	4277	3	6385.0	2.0	AF	AF	12.0	3.0	0.0	12.0	1037.0	491.0	valide	valide_AI_AM_AF
6230	28852.0	200	JJ167	301r	4277	1	6386.0	1.0	AI	AI	503.0	1.0	1.0	503.0	1009.0	764.0	valide	valide_AI_AM_AF
6231	28852.0	200	JJ167	301r	4278	2	6387.0	2.0	AF	AF	38.0	2.0	23.0	38.0	1176.0	784.0	valide	valide_AI_AM_AF
6232	28853.0	201	JJ167	302r	4278	1	6388.0	1.0	AI	AI	822.0	1.0	2.0	822.0	1197.0	436.0	valide	valide_AI_AM_AF
6233	28853.0	201	JJ167	302r	4279	2	6389.0	2.0	AF	AF	9.0	2.0	2.0	9.0	1000.0	1278.0	valide	valide_AI_AM_AF
6234	28854.0	202	JJ167	304r	4280	1	6390.0	0.0	AC	AC	50.0	1.0	11.0	50.0	1188.0	980.0	valide	
6235	28855.0	203	JJ167	304r	4280	1	6391.0	1.0	AI	AI	1028.0	1.0	53.0	1028.0	1145.0	247.0	valide	valide_AI_AM_AF
6236	28855.0	203	JJ167	304r	4281	2	6392.0	3.0	AM	AM	33.0	2.0	0.0	33.0	1012.0	1258.0	valide	valide_AI_AM_AF
6237	28855.0	203	JJ167	304r	4282	3	6393.0	2.0	AF	AF	50.0	3.0	7.0	50.0	1193.0	358.0	valide	valide_AI_AM_AF
6238	28856.0	204	JJ167	306r	4282	1	6394.0	0.0	AC	AC	409.0	1.0	28.0	409.0	1171.0	903.0	valide	
6239	28857.0	205	JJ167	307r	4283	1	6395.0	1.0	AI	AI	27.0	1.0	1.0	27.0	1005.0	1266.0	valide	valide_AI_AM_AF
6240	28857.0	205	JJ167	307r	4284	2	6396.0	2.0	AF	AF	44.0	2.0	17.0	44.0	1183.0	807.0	valide	valide_AI_AM_AF
6241	28858.0	206	JJ167	308r	4284	1	6397.0	1.0	AI	AI	850.0	1.0	133.0	850.0	1066.0	411.0	valide	valide_AI_AM_AF
6242	28858.0	206	JJ167	308r	4285	2	6398.0	3.0	AM	AM	12.0	2.0	0.0	12.0	1028.0	1297.0	valide	valide_AI_AM_AF
6243	28858.0	206	JJ167	308r	4286	3	6399.0	3.0	AM	AM	41.0	3.0	20.0	41.0	1180.0	1232.0	valide	valide_AI_AM_AF
6244	28858.0	206	JJ167	308r	4287	4	6400.0	3.0	AM	AM	11.0	4.0	0.0	11.0	1033.0	1300.0	valide	valide_AI_AM_AF
6245	28858.0	206	JJ167	308r	4288	5	6401.0	2.0	AF	AF	42.0	5.0	18.0	42.0	1181.0	673.0	valide	valide_AI_AM_AF
6246	28859.0	207	JJ167	312r	4288	1	6402.0	1.0	AI	AI	716.0	1.0	206.0	716.0	993.0	545.0	valide	valide_AI_AM_AF
6247	28859.0	207	JJ167	312r	4289	2	6403.0	2.0	AF	AF	9.0	2.0	1.0	9.0	1024.0	1307.0	valide	valide_AI_AM_AF
6248	28860.0	208	JJ167	315r	4291	1	6404.0	1.0	AI	AI	18.0	1.0	0.0	18.0	1047.0	1294.0	valide	valide_AI_AM_AF
6249	28860.0	208	JJ167	315r	4292	2	6405.0	3.0	AM	AM	36.0	2.0	254.0	36.0	945.0	1228.0	valide	valide_AI_AM_AF
6250	28860.0	208	JJ167	315r	4293	3	6406.0	3.0	AM	AM	9.0	3.0	3.0	9.0	1042.0	1302.0	valide	valide_AI_AM_AF
6251	28860.0	208	JJ167	315r	4294	4	6407.0	3.0	AM	AM	32.0	4.0	181.0	32.0	1018.0	1236.0	valide	valide_AI_AM_AF
6252	28860.0	208	JJ167	315r	4295	5	6408.0	3.0	AM	AM	10.0	5.0	2.0	10.0	1048.0	1302.0	valide	valide_AI_AM_AF
6253	28860.0	208	JJ167	315r	4296	6	6409.0	3.0	AM	AM	30.0	6.0	234.0	30.0	965.0	1240.0	valide	valide_AI_AM_AF
6254	28860.0	208	JJ167	315r	4297	7	6410.0	2.0	AF	AF	8.0	7.0	0.0	8.0	1062.0	590.0	valide	valide_AI_AM_AF
6255	28861.0	209	JJ167	321r	4297	1	6411.0	1.0	AI	AI	597.0	1.0	1.0	597.0	1064.0	701.0	valide	valide_AI_AM_AF
6256	28861.0	209	JJ167	321r	4298	2	6412.0	3.0	AM	AM	21.0	2.0	43.0	21.0	1157.0	1245.0	valide	valide_AI_AM_AF
6257	28861.0	209	JJ167	321r	4299	3	6413.0	3.0	AM	AM	15.0	3.0	1.0	15.0	1050.0	1294.0	valide	valide_AI_AM_AF
6258	28861.0	209	JJ167	321r	4300	4	6414.0	3.0	AM	AM	22.0	4.0	103.0	22.0	1097.0	1247.0	valide	valide_AI_AM_AF
6259	28861.0	209	JJ167	321r	4301	5	6415.0	3.0	AM	AM	5.0	5.0	0.0	5.0	1049.0	1301.0	valide	valide_AI_AM_AF
6260	28861.0	209	JJ167	321r	4302	6	6416.0	2.0	AF	AF	12.0	6.0	27.0	12.0	1173.0	359.0	valide	valide_AI_AM_AF
6261	28862.0	210	JJ167	326r	4302	1	6417.0	1.0	AI	AI	371.0	1.0	249.0	371.0	951.0	888.0	valide	valide_AI_AM_AF
6262	28862.0	210	JJ167	326r	4303	2	6418.0	2.0	AF	AF	7.0	2.0	1.0	7.0	1054.0	750.0	valide	valide_AI_AM_AF
6263	28863.0	211	JJ167	327r	4303	1	6419.0	1.0	AI	AI	752.0	1.0	0.0	752.0	1044.0	543.0	valide	valide_AI_AM_AF
6264	28863.0	211	JJ167	327r	4304	2	6420.0	2.0	AF	AF	11.0	2.0	114.0	11.0	1085.0	502.0	valide	valide_AI_AM_AF
6265	28864.0	212	JJ167	328r	4304	1	6421.0	1.0	AI	AI	513.0	1.0	244.0	513.0	955.0	748.0	valide	valide_AI_AM_AF
6266	28864.0	212	JJ167	328r	4305	2	6422.0	2.0	AF	AF	6.0	2.0	1.0	6.0	1064.0	803.0	valide	valide_AI_AM_AF
6267	28865.0	213	JJ167	329r	4305	1	6423.0	1.0	AI	AI	790.0	1.0	1.0	790.0	1051.0	505.0	valide	valide_AI_AM_AF
6268	28865.0	213	JJ167	329r	4306	2	6424.0	2.0	AF	AF	16.0	2.0	171.0	16.0	1028.0	1253.0	valide	valide_AI_AM_AF
6269	28866.0	214	JJ167	331r	4307	1	6425.0	1.0	AI	AI	13.0	1.0	1.0	13.0	1046.0	1298.0	valide	valide_AI_AM_AF
6270	28866.0	214	JJ167	331r	4308	2	6426.0	2.0	AF	AF	16.0	2.0	239.0	16.0	961.0	582.0	valide	valide_AI_AM_AF
6271	28867.0	215	JJ167	332r	4308	1	6427.0	1.0	AI	AI	597.0	1.0	259.0	597.0	940.0	660.0	valide	valide_AI_AM_AF
6272	28867.0	215	JJ167	332r	4309	2	6428.0	2.0	AF	AF	7.0	2.0	7.0	7.0	1056.0	1009.0	valide	valide_AI_AM_AF
6273	28868.0	216	JJ167	333r	4309	1	6429.0	0.0	AC	AC	993.0	1.0	0.0	993.0	1042.0	303.0	valide	
6274	28869.0	217	JJ167	334r	4310	1	6430.0	1.0	AI	AI	33.0	1.0	264.0	33.0	935.0	1247.0	valide	valide_AI_AM_AF
6275	28869.0	217	JJ167	334r	4311	2	6431.0	2.0	AF	AF	17.0	2.0	1.0	17.0	1057.0	402.0	valide	valide_AI_AM_AF
6276	28870.0	218	JJ167	335r	4311	1	6432.0	1.0	AI	AI	419.0	1.0	3.0	419.0	1053.0	886.0	valide	valide_AI_AM_AF
6277	28870.0	218	JJ167	335r	4312	2	6433.0	2.0	AF	AF	25.0	2.0	105.0	25.0	1094.0	656.0	valide	valide_AI_AM_AF
6278	28871.0	219	JJ167	336r	4312	1	6434.0	1.0	AI	AI	677.0	1.0	93.0	677.0	1107.0	579.0	valide	valide_AI_AM_AF
6279	28871.0	219	JJ167	336r	4313	2	6435.0	2.0	AF	AF	15.0	2.0	1.0	15.0	1052.0	652.0	valide	valide_AI_AM_AF
6280	28872.0	220	JJ167	337r	4313	1	6436.0	1.0	AI	AI	664.0	1.0	0.0	664.0	1052.0	634.0	valide	valide_AI_AM_AF
6281	28872.0	220	JJ167	337r	4314	2	6437.0	2.0	AF	AF	26.0	2.0	26.0	26.0	1174.0	840.0	valide	valide_AI_AM_AF
6282	28873.0	221	JJ167	338r	4314	1	6438.0	1.0	AI	AI	874.0	1.0	37.0	874.0	1163.0	359.0	valide	valide_AI_AM_AF
6283	28873.0	221	JJ167	338r	4315	2	6439.0	2.0	AF	AF	9.0	2.0	2.0	9.0	1035.0	1324.0	valide	valide_AI_AM_AF
6284	28874.0	222	JJ167	340r	4316	1	6440.0	1.0	AI	AI	35.0	1.0	204.0	35.0	996.0	1227.0	valide	valide_AI_AM_AF
6285	28874.0	222	JJ167	340r	4317	2	6441.0	2.0	AF	AF	20.0	2.0	1.0	20.0	1063.0	609.0	valide	valide_AI_AM_AF
6286	28875.0	223	JJ167	341r	4317	1	6442.0	0.0	AC	AC	624.0	1.0	1.0	624.0	1054.0	289.0	valide	
6287	28876.0	224	JJ167	341r	4317	1	6443.0	0.0	AC	AC	913.0	1.0	0.0	913.0	1055.0	381.0	valide	
6288	28877.0	225	JJ167	342r	4318	1	6444.0	1.0	AI	AI	37.0	1.0	42.0	37.0	1158.0	1223.0	valide	valide_AI_AM_AF
6289	28877.0	225	JJ167	342r	4319	2	6445.0	2.0	AF	AF	12.0	2.0	2.0	12.0	1048.0	548.0	valide	valide_AI_AM_AF
6290	28878.0	226	JJ167	343r	4319	1	6446.0	1.0	AI	AI	560.0	1.0	0.0	560.0	1055.0	737.0	valide	valide_AI_AM_AF
6291	28878.0	226	JJ167	343r	4320	2	6447.0	2.0	AF	AF	17.0	2.0	182.0	17.0	1018.0	498.0	valide	valide_AI_AM_AF
6292	28879.0	227	JJ167	344r	4320	1	6448.0	1.0	AI	AI	513.0	1.0	264.0	513.0	936.0	731.0	valide	valide_AI_AM_AF
6293	28879.0	227	JJ167	344r	4321	2	6449.0	2.0	AF	AF	11.0	2.0	4.0	11.0	1056.0	723.0	valide	valide_AI_AM_AF
6294	28880.0	228	JJ167	345r	4321	1	6450.0	1.0	AI	AI	722.0	1.0	11.0	722.0	1059.0	571.0	valide	valide_AI_AM_AF
6295	28880.0	228	JJ167	345r	4322	2	6451.0	2.0	AF	AF	23.0	2.0	267.0	23.0	933.0	1248.0	valide	valide_AI_AM_AF
6296	28881.0	229	JJ167	347r	4323	1	6452.0	1.0	AI	AI	10.0	1.0	4.0	10.0	1050.0	1293.0	valide	valide_AI_AM_AF
6297	28881.0	229	JJ167	347r	4324	2	6453.0	2.0	AF	AF	28.0	2.0	234.0	28.0	966.0	535.0	valide	valide_AI_AM_AF
6298	28882.0	230	JJ167	348r	4324	1	6454.0	1.0	AI	AI	561.0	1.0	275.0	561.0	925.0	688.0	valide	valide_AI_AM_AF
6299	28882.0	230	JJ167	348r	4325	2	6455.0	2.0	AF	AF	8.0	2.0	7.0	8.0	1027.0	549.0	valide	valide_AI_AM_AF
6300	28883.0	231	JJ167	349r	4325	1	6456.0	1.0	AI	AI	555.0	1.0	20.0	555.0	1038.0	740.0	valide	valide_AI_AM_AF
6301	28883.0	231	JJ167	349r	4326	2	6457.0	3.0	AM	AM	23.0	2.0	263.0	23.0	937.0	1239.0	valide	valide_AI_AM_AF
6302	28883.0	231	JJ167	349r	4327	3	6458.0	3.0	AM	AM	8.0	3.0	3.0	8.0	1048.0	1304.0	valide	valide_AI_AM_AF
6303	28883.0	231	JJ167	349r	4328	4	6459.0	2.0	AF	AF	18.0	4.0	174.0	18.0	1026.0	348.0	valide	valide_AI_AM_AF
6304	28884.0	232	JJ167	352r	4328	1	6460.0	1.0	AI	AI	365.0	1.0	265.0	365.0	935.0	894.0	valide	valide_AI_AM_AF
6305	28884.0	232	JJ167	352r	4329	2	6461.0	2.0	AF	AF	11.0	2.0	1.0	11.0	1061.0	879.0	valide	valide_AI_AM_AF
6306	28885.0	233	JJ167	353r	4329	1	6462.0	1.0	AI	AI	889.0	1.0	1.0	889.0	1066.0	406.0	valide	valide_AI_AM_AF
6307	28885.0	233	JJ167	353r	4330	2	6463.0	2.0	AF	AF	28.0	2.0	256.0	28.0	944.0	696.0	valide	valide_AI_AM_AF
6308	28886.0	234	JJ167	354r	4330	1	6464.0	1.0	AI	AI	722.0	1.0	258.0	722.0	942.0	513.0	valide	valide_AI_AM_AF
6309	28886.0	234	JJ167	354r	4331	2	6465.0	3.0	AM	AM	15.0	2.0	4.0	15.0	1042.0	1291.0	valide	valide_AI_AM_AF
6310	28886.0	234	JJ167	354r	4332	3	6466.0	2.0	AF	AF	26.0	3.0	260.0	26.0	940.0	578.0	valide	valide_AI_AM_AF
6311	28887.0	235	JJ167	356r	4332	1	6467.0	1.0	AI	AI	602.0	1.0	258.0	602.0	942.0	632.0	valide	valide_AI_AM_AF
6312	28887.0	235	JJ167	356r	4333	2	6468.0	2.0	AF	AF	4.0	2.0	5.0	4.0	1025.0	1314.0	valide	valide_AI_AM_AF
6313	28888.0	236	JJ167	358r	4334	1	6469.0	1.0	AI	AI	39.0	1.0	263.0	39.0	937.0	1213.0	valide	valide_AI_AM_AF
6314	28888.0	236	JJ167	358r	4335	2	6470.0	2.0	AF	AF	9.0	2.0	1.0	9.0	1084.0	945.0	valide	valide_AI_AM_AF
6315	28889.0	237	JJ167	359r	4335	1	6471.0	0.0	AC	AC	951.0	1.0	1.0	951.0	1036.0	349.0	valide	
6316	28890.0	238	JJ167	360r	4336	1	6472.0	1.0	AI	AI	37.0	1.0	265.0	37.0	935.0	1211.0	valide	valide_AI_AM_AF
6317	28890.0	238	JJ167	360r	4337	2	6473.0	2.0	AF	AF	3.0	2.0	4.0	3.0	1032.0	428.0	valide	valide_AI_AM_AF
6318	28891.0	239	JJ167	361r	4337	1	6474.0	1.0	AI	AI	430.0	1.0	7.0	430.0	1045.0	884.0	valide	valide_AI_AM_AF
6319	28891.0	239	JJ167	361r	4338	2	6475.0	2.0	AF	AF	17.0	2.0	264.0	17.0	936.0	962.0	valide	valide_AI_AM_AF
6320	28892.0	240	JJ167	362r	4338	1	6476.0	0.0	AC	AC	977.0	1.0	102.0	977.0	1098.0	258.0	valide	
6321	28893.0	241	JJ167	363r	4339	1	6477.0	1.0	AI	AI	18.0	1.0	8.0	18.0	1041.0	1298.0	valide	valide_AI_AM_AF
6322	28893.0	241	JJ167	363r	4340	2	6478.0	2.0	AF	AF	44.0	2.0	232.0	44.0	968.0	350.0	valide	valide_AI_AM_AF
6323	28894.0	242	JJ167	364r	4340	1	6479.0	1.0	AI	AI	395.0	1.0	266.0	395.0	934.0	871.0	valide	valide_AI_AM_AF
6324	28894.0	242	JJ167	364r	4341	2	6480.0	2.0	AF	AF	23.0	2.0	10.0	23.0	1001.0	506.0	valide	valide_AI_AM_AF
6325	28895.0	243	JJ167	365r	4341	1	6481.0	1.0	AI	AI	526.0	1.0	4.0	526.0	1044.0	805.0	valide	valide_AI_AM_AF
6326	28895.0	243	JJ167	365r	4342	2	6482.0	3.0	AM	AM	47.0	2.0	263.0	47.0	937.0	1222.0	valide	valide_AI_AM_AF
6327	28895.0	243	JJ167	365r	4343	3	6483.0	2.0	AF	AF	14.0	3.0	6.0	14.0	1016.0	1318.0	valide	valide_AI_AM_AF
6328	28896.0	244	JJ167	368r	4344	1	6484.0	1.0	AI	AI	50.0	1.0	184.0	50.0	1016.0	1219.0	valide	valide_AI_AM_AF
6329	28896.0	244	JJ167	368r	4345	2	6485.0	2.0	AF	AF	45.0	2.0	0.0	45.0	1080.0	799.0	valide	valide_AI_AM_AF
6330	28897.0	245	JJ167	369r	4345	1	6486.0	0.0	AC	AC	839.0	1.0	6.0	839.0	1073.0	481.0	valide	
6331	28898.0	246	JJ167	370r	4346	1	6487.0	0.0	AC	AC	50.0	1.0	33.0	50.0	1167.0	1216.0	valide	
6332	28899.0	247	JJ167	371r	4347	1	6488.0	1.0	AI	AI	38.0	1.0	2.0	38.0	1044.0	1292.0	valide	valide_AI_AM_AF
6333	28899.0	247	JJ167	371r	4348	2	6489.0	2.0	AF	AF	45.0	2.0	90.0	45.0	1110.0	501.0	valide	valide_AI_AM_AF
6334	28900.0	248	JJ167	372r	4348	1	6490.0	1.0	AI	AI	544.0	1.0	172.0	544.0	1028.0	700.0	valide	valide_AI_AM_AF
6335	28900.0	248	JJ167	372r	4349	2	6491.0	2.0	AF	AF	29.0	2.0	6.0	29.0	1023.0	1297.0	valide	valide_AI_AM_AF
6336	28901.0	249	JJ167	374r	4350	1	6492.0	0.0	AC	AC	46.0	1.0	28.0	46.0	1172.0	1221.0	valide	
6337	28902.0	250	JJ167	375r	4351	1	6493.0	1.0	AI	AI	37.0	1.0	2.0	37.0	1041.0	1290.0	valide	valide_AI_AM_AF
6338	28902.0	250	JJ167	375r	4352	2	6494.0	2.0	AF	AF	46.0	2.0	86.0	46.0	1114.0	511.0	valide	valide_AI_AM_AF
6339	28903.0	251	JJ167	376r	4352	1	6495.0	1.0	AI	AI	556.0	1.0	209.0	556.0	991.0	698.0	valide	valide_AI_AM_AF
6340	28903.0	251	JJ167	376r	4353	2	6496.0	3.0	AM	AM	31.0	2.0	10.0	31.0	1034.0	1292.0	valide	valide_AI_AM_AF
6341	28903.0	251	JJ167	376r	4354	3	6497.0	2.0	AF	AF	45.0	3.0	110.0	45.0	1090.0	1219.0	valide	valide_AI_AM_AF
6342	28904.0	252	JJ167	379r	4355	1	6498.0	1.0	AI	AI	28.0	1.0	5.0	28.0	1038.0	1282.0	valide	valide_AI_AM_AF
6343	28904.0	252	JJ167	379r	4356	2	6499.0	2.0	AF	AF	32.0	2.0	68.0	32.0	1132.0	476.0	valide	valide_AI_AM_AF
6344	28905.0	253	JJ167	380r	4356	1	6500.0	1.0	AI	AI	508.0	1.0	160.0	508.0	1039.0	749.0	valide	valide_AI_AM_AF
6345	28905.0	253	JJ167	380r	4357	2	6501.0	2.0	AF	AF	22.0	2.0	52.0	22.0	983.0	1283.0	valide	valide_AI_AM_AF
6346	28906.0	254	JJ167	382r	4358	1	6502.0	1.0	AI	AI	39.0	1.0	182.0	39.0	1018.0	1217.0	valide	valide_AI_AM_AF
6347	28906.0	254	JJ167	382r	4359	2	6503.0	3.0	AM	AM	14.0	2.0	20.0	14.0	1025.0	1290.0	valide	valide_AI_AM_AF
6348	28906.0	254	JJ167	382r	4360	3	6504.0	3.0	AM	AM	13.0	3.0	104.0	13.0	1095.0	1239.0	valide	valide_AI_AM_AF
6349	28906.0	254	JJ167	382r	4361	4	6505.0	3.0	AM	AM	8.0	4.0	58.0	8.0	986.0	1296.0	valide	valide_AI_AM_AF
6350	28906.0	254	JJ167	382r	4362	5	6506.0	2.0	AF	AF	16.0	5.0	115.0	16.0	1085.0	580.0	valide	valide_AI_AM_AF
6351	28907.0	255	JJ167	386r	4362	1	6507.0	1.0	AI	AI	596.0	1.0	79.0	596.0	1121.0	645.0	valide	valide_AI_AM_AF
6352	28907.0	255	JJ167	386r	4363	2	6508.0	2.0	AF	AF	4.0	2.0	14.0	4.0	1051.0	491.0	valide	valide_AI_AM_AF
6353	28908.0	256	JJ167	387r	4363	1	6509.0	1.0	AI	AI	494.0	1.0	26.0	494.0	1012.0	806.0	valide	valide_AI_AM_AF
6354	28908.0	256	JJ167	387r	4364	2	6510.0	2.0	AF	AF	13.0	2.0	10.0	13.0	1190.0	629.0	valide	valide_AI_AM_AF
6355	28909.0	257	JJ167	388r	4364	1	6511.0	1.0	AI	AI	638.0	1.0	200.0	638.0	1000.0	601.0	valide	valide_AI_AM_AF
6356	28909.0	257	JJ167	388r	4365	2	6512.0	2.0	AF	AF	8.0	2.0	9.0	8.0	1016.0	601.0	valide	valide_AI_AM_AF
6357	28910.0	258	JJ167	389r	4365	1	6513.0	1.0	AI	AI	606.0	1.0	1.0	606.0	1033.0	692.0	valide	valide_AI_AM_AF
6358	28910.0	258	JJ167	389r	4366	2	6514.0	3.0	AM	AM	16.0	2.0	266.0	16.0	934.0	1231.0	valide	valide_AI_AM_AF
6359	28910.0	258	JJ167	389r	4367	3	6515.0	2.0	AF	AF	3.0	3.0	2.0	3.0	1030.0	405.0	valide	valide_AI_AM_AF
6360	28911.0	259	JJ167	391r	4367	1	6516.0	1.0	AI	AI	410.0	1.0	1.0	410.0	1049.0	898.0	valide	valide_AI_AM_AF
6361	28911.0	259	JJ167	391r	4368	2	6517.0	2.0	AF	AF	9.0	2.0	165.0	9.0	1035.0	561.0	valide	valide_AI_AM_AF
6362	28912.0	260	JJ167	392r	4368	1	6518.0	1.0	AI	AI	570.0	1.0	212.0	570.0	988.0	667.0	valide	valide_AI_AM_AF
6363	28912.0	260	JJ167	392r	4369	2	6519.0	2.0	AF	AF	4.0	2.0	1.0	4.0	1066.0	950.0	valide	valide_AI_AM_AF
6364	28930.0	278	JJ167	411r	4387	1	6548.0	1.0	AI	AI	16.0	1.0	0.0	16.0	1059.0	1321.0	valide	valide_AI_AM_AF
6365	28930.0	278	JJ167	411r	4388	2	6549.0	2.0	AF	AF	11.0	2.0	17.0	11.0	1183.0	431.0	valide	valide_AI_AM_AF
6366	28931.0	279	JJ167	412r	4388	1	6550.0	0.0	AC	AC	441.0	1.0	282.0	441.0	917.0	183.0	valide	
6367	28932.0	280	JJ167	412r	4388	1	6551.0	0.0	AC	AC	623.0	1.0	119.0	623.0	1081.0	352.0	valide	
6368	28933.0	281	JJ167	412r	4388	1	6552.0	0.0	AC	AC	973.0	1.0	23.0	973.0	1177.0	259.0	valide	
6369	28949.0	297	JJ167	435r	4411	1	6586.0	1.0	AI	AI	291.0	1.0	0.0	291.0	1086.0	1016.0	valide	valide_AI_AM_AF
6370	28949.0	297	JJ167	435r	4412	2	6587.0	2.0	AF	AF	6.0	2.0	18.0	6.0	1180.0	820.0	valide	valide_AI_AM_AF
6371	28953.0	301	JJ167	437v	4416	1	6595.0	1.0	AI	AI	872.0	1.0	194.0	872.0	1005.0	380.0	valide	valide_AI_AM_AF
6372	28953.0	301	JJ167	437v	4417	2	6596.0	3.0	AM	AM	20.0	2.0	0.0	20.0	1054.0	1268.0	valide	valide_AI_AM_AF
6373	28953.0	301	JJ167	437v	4418	3	6597.0	2.0	AF	AF	4.0	3.0	128.0	4.0	1071.0	352.0	valide	valide_AI_AM_AF
6374	28957.0	305	JJ167	439r	4419	1	6599.0	1.0	AI	AI	26.0	1.0	0.0	26.0	1054.0	1286.0	valide	valide_AI_AM_AF
6375	28957.0	305	JJ167	439r	4420	2	6600.0	2.0	AF	AF	2.0	2.0	246.0	2.0	954.0	1261.0	valide	valide_AI_AM_AF
6376	28967.0	315	JJ167	455r	4435	1	6622.0	1.0	AI	AI	14.0	1.0	0.0	14.0	1056.0	1283.0	valide	valide_AI_AM_AF
6377	28967.0	315	JJ167	455r	4436	2	6623.0	3.0	AM	AM	23.0	2.0	83.0	23.0	1116.0	1224.0	valide	valide_AI_AM_AF
6378	28967.0	315	JJ167	455r	4437	3	6624.0	2.0	AF	AF	2.0	3.0	0.0	2.0	1194.0	322.0	valide	valide_AI_AM_AF
6379	28976.0	324	JJ167	467r	4447	1	6642.0	1.0	AI	AI	302.0	1.0	0.0	302.0	1096.0	1034.0	valide	valide_AI_AM_AF
6380	28976.0	324	JJ167	467r	4448	2	6643.0	2.0	AF	AF	2.0	2.0	27.0	2.0	1172.0	316.0	valide	valide_AI_AM_AF
6381	28984.0	332	JJ167	486r	4466	1											ancrage_sans_zone_initiale	
6382	29003.0	351	JJ167	505r	4483	1	6694.0	0.0	AC	AC	36.0	1.0	0.0	36.0	1167.0	957.0	valide	
6383	29007.0	355	JJ167	508r	4486	1	6699.0	0.0	AC	AC	35.0	1.0	72.0	35.0	1128.0	1225.0	valide	
6384	29012.0	360	JJ167	511r	4489	1	6702.0	0.0	AC	AC	52.0	1.0	0.0	52.0	1100.0	1335.0	valide	
6385	29014.0	362	JJ167	512r	4490	1	6703.0	1.0	AI	AI	37.0	1.0	184.0	37.0	1016.0	1219.0	valide	valide_AI_AM_AF
6386	29014.0	362	JJ167	512r	4491	2	6704.0	2.0	AF	AF	18.0	2.0	1.0	18.0	1198.0	333.0	valide	valide_AI_AM_AF
6387	29021.0	369	JJ167	523r	4501	1	6721.0	1.0	AI	AI	45.0	1.0	0.0	45.0	1123.0	1338.0	valide	valide_AI_AM_AF
6388	29021.0	369	JJ167	523r	4502	2	6722.0	2.0	AF	AF	16.0	2.0	6.0	16.0	1194.0	292.0	valide	valide_AI_AM_AF
6389	29024.0	372	JJ167	529r	4507	1	6731.0	1.0	AI	AI	556.0	1.0	0.0	556.0	1196.0	807.0	valide	valide_AI_AM_AF
6390	29024.0	372	JJ167	529r	4508	2	6732.0	2.0	AF	AF	25.0	2.0	30.0	25.0	1169.0	663.0	valide	valide_AI_AM_AF
6391	29034.0	382	JJ167	517r	4495	1											ancrage_sans_zone_initiale	
6392	29036.0	384	JJ167	550r	4528	1	6760.0	1.0	AI	AI	11.0	1.0	59.0	11.0	1140.0	1213.0	valide	valide_AI_AM_AF
6393	29036.0	384	JJ167	550r	4529	2	6761.0	3.0	AM	AM	29.0	2.0	0.0	29.0	1120.0	1354.0	valide	valide_AI_AM_AF
6394	29036.0	384	JJ167	550r	4530	3	6762.0	2.0	AF	AF	6.0	3.0	66.0	6.0	1133.0	1224.0	valide	valide_AI_AM_AF
6395	29055.0	403	JJ167	564r	4544	1	6788.0	1.0	AI	AI	29.0	1.0	251.0	29.0	949.0	1192.0	valide	valide_AI_AM_AF
6396	29055.0	403	JJ167	564r	4545	2	6789.0	2.0	AF	AF	54.0	2.0	1.0	54.0	1197.0	306.0	valide	valide_AI_AM_AF
6397	29073.0	421	JJ167	585r	4567	1	6822.0	0.0	AC	AC	49.0	1.0	0.0	49.0	1199.0	1053.0	valide	
6398	29074.0	422	JJ167	587r	4569	1	6826.0	1.0	AI	AI	55.0	1.0	0.0	55.0	1198.0	1334.0	valide	valide_AI_AM_AF
6399	29074.0	422	JJ167	587r	4570	2	6827.0	2.0	AF	AF	1.0	2.0	0.0	1.0	1200.0	233.0	valide	valide_AI_AM_AF
6400	29112.0	460	JJ167	625r	4609	1	6896.0	1.0	AI	AI	747.0	1.0	0.0	747.0	1197.0	623.0	valide	valide_AI_AM_AF
6401	29112.0	460	JJ167	625r	4610	2	6897.0	2.0	AF	AF	19.0	2.0	1.0	19.0	1198.0	579.0	valide	valide_AI_AM_AF
6402	29113.0	461	JJ167	626r	4610	1	6898.0	1.0	AI	AI	595.0	1.0	110.0	595.0	1089.0	627.0	valide	valide_AI_AM_AF
6403	29113.0	461	JJ167	626r	4611	2	6899.0	2.0	AF	AF	37.0	2.0	2.0	37.0	1190.0	384.0	valide	valide_AI_AM_AF
6404	29135.0	483	JJ167	652r	4636	1	6940.0	1.0	AI	AI	24.0	1.0	155.0	24.0	1045.0	1229.0	valide	valide_AI_AM_AF
6405	29135.0	483	JJ167	652r	4637	2	6941.0	2.0	AF	AF	14.0	2.0	3.0	14.0	1196.0	691.0	valide	valide_AI_AM_AF
6406	29150.0	5	JJ168	4v	4664	1	6968.0	1.0	AI	AI	30.0	1.0	4.0	30.0	1195.0	1390.0	valide	valide_AI_AM_AF
6407	29150.0	5	JJ168	4v	4665	2	6969.0	2.0	AF	AF	52.0	2.0	2.0	52.0	1133.0	558.0	valide	valide_AI_AM_AF
6408	29163.0	17	JJ168	13r	4681	1	6996.0	1.0	AI	AI	622.0	1.0	0.0	622.0	1087.0	692.0	valide	valide_AI_AM_AF
6409	29163.0	17	JJ168	13r	4682	2	6997.0	2.0	AF	AF	26.0	2.0	3.0	26.0	1196.0	1408.0	valide	valide_AI_AM_AF
6410	29165.0	19	JJ168	14v	4684	1	7000.0	1.0	AI	AI	492.0	1.0	2.0	492.0	1196.0	939.0	valide	valide_AI_AM_AF
6411	29165.0	19	JJ168	14v	4685	2	7001.0	2.0	AF	AF	33.0	2.0	1.0	33.0	1033.0	1307.0	valide	valide_AI_AM_AF
6412	29168.0	22	JJ168	17r	4689	1	7006.0	1.0	AI	AI	39.0	1.0	0.0	39.0	1058.0	1294.0	valide	valide_AI_AM_AF
6413	29168.0	22	JJ168	17r	4690	2	7007.0	2.0	AF	AF	47.0	2.0	0.0	47.0	1198.0	288.0	valide	valide_AI_AM_AF
6414	29170.0	24	JJ168	18r	4691	1	7010.0	1.0	AI	AI	620.0	1.0	0.0	620.0	1084.0	697.0	valide	valide_AI_AM_AF
6415	29170.0	24	JJ168	18r	4692	2	7011.0	3.0	AM	AM	36.0	2.0	0.0	36.0	1199.0	1398.0	valide	valide_AI_AM_AF
6416	29170.0	24	JJ168	18r	4693	3	7012.0	3.0	AM	AM	37.0	3.0	0.0	37.0	1076.0	1302.0	valide	valide_AI_AM_AF
6417	29170.0	24	JJ168	18r	4694	4	7013.0	3.0	AM	AM	28.0	4.0	0.0	28.0	1198.0	1410.0	valide	valide_AI_AM_AF
6418	29170.0	24	JJ168	18r	4695	5	7014.0	3.0	AM	AM	32.0	5.0	0.0	32.0	1081.0	1300.0	valide	valide_AI_AM_AF
6419	29170.0	24	JJ168	18r	4696	6	7015.0	3.0	AM	AM	11.0	6.0	27.0	11.0	1173.0	1403.0	valide	valide_AI_AM_AF
6420	29170.0	24	JJ168	18r	4697	7	7016.0	2.0	AF	AF	40.0	7.0	0.0	40.0	1107.0	605.0	valide	valide_AI_AM_AF
6421	29182.0	36	JJ168	29r	4713	1	7041.0	1.0	AI	AI	799.0	1.0	1.0	799.0	1140.0	512.0	valide	valide_AI_AM_AF
6422	29182.0	36	JJ168	29r	4714	2	7042.0	3.0	AM	AM	4.0	2.0	15.0	4.0	1185.0	1402.0	valide	valide_AI_AM_AF
6423	29182.0	36	JJ168	29r	4715	3	7043.0	2.0	AF	AF	7.0	3.0	1.0	7.0	1128.0	930.0	valide	valide_AI_AM_AF
6424	29193.0	47	JJ168	37r	4729	1	7065.0	1.0	AI	AI	782.0	1.0	1.0	782.0	1139.0	530.0	valide	valide_AI_AM_AF
6425	29193.0	47	JJ168	37r	4730	2	7066.0	3.0	AM	AM	5.0	2.0	0.0	5.0	1200.0	1415.0	valide	valide_AI_AM_AF
6426	29193.0	47	JJ168	37r	4731	3	7067.0	2.0	AF	AF	10.0	3.0	1.0	10.0	1120.0	496.0	valide	valide_AI_AM_AF
6427	29194.0	48	JJ168	38r	4731	1	7068.0	1.0	AI	AI	504.0	1.0	0.0	504.0	1079.0	812.0	valide	valide_AI_AM_AF
6428	29194.0	48	JJ168	38r	4732	2	7069.0	2.0	AF	AF	3.0	2.0	6.0	3.0	1194.0	344.0	valide	valide_AI_AM_AF
6429	29211.0	65	JJ168	48v	4752	1											ancrage_sans_zone_initiale	
6430	29213.0	67	JJ168	56r	4767	1	7118.0	1.0	AI	AI	646.0	1.0	0.0	646.0	1052.0	642.0	valide	valide_AI_AM_AF
6431	29213.0	67	JJ168	56r	4768	2	7119.0	3.0	AM	AM	11.0	2.0	0.0	11.0	1200.0	1415.0	valide	valide_AI_AM_AF
6432	29213.0	67	JJ168	56r	4769	3	7120.0	2.0	AF	AF	23.0	3.0	0.0	23.0	1055.0	584.0	valide	valide_AI_AM_AF
6433	29236.0	88	JJ168	68r	4791	1	7152.0	0.0	AC	AC	570.0	1.0	2.0	570.0	1182.0	84.0	valide	
6434	29240.0	92	JJ168	70v	4796	1	7159.0	1.0	AI	AI	20.0	1.0	117.0	20.0	1083.0	1391.0	valide	valide_AI_AM_AF
6435	29240.0	92	JJ168	70v	4797	2	7160.0	2.0	AF	AF	11.0	2.0	0.0	11.0	1199.0	760.0	valide	valide_AI_AM_AF
6436	29241.0	93	JJ168	71r	4797	1	7161.0	0.0	AC	AC	763.0	1.0	0.0	763.0	993.0	538.0	valide	
6437	29242.0	94	JJ168	71v	4798	1	7162.0	0.0	AC	AC	9.0	1.0	17.0	9.0	1183.0	488.0	valide	
6438	29243.0	95	JJ168	71v	4798	1	7163.0	0.0	AC	AC	495.0	1.0	98.0	495.0	1101.0	293.0	valide	
6439	29245.0	97	JJ168	72r	4799	1	7166.0	1.0	AI	AI	418.0	1.0	0.0	418.0	992.0	893.0	valide	valide_AI_AM_AF
6440	29245.0	97	JJ168	72r	4800	2	7167.0	2.0	AF	AF	10.0	2.0	4.0	10.0	1196.0	497.0	valide	valide_AI_AM_AF
6441	29249.0	101	JJ168	74r	4803	1	7174.0	1.0	AI	AI	913.0	1.0	1.0	913.0	1004.0	379.0	valide	valide_AI_AM_AF
6442	29249.0	101	JJ168	74r	4804	2	7175.0	3.0	AM	AM	7.0	2.0	83.0	7.0	1116.0	1404.0	valide	valide_AI_AM_AF
6443	29249.0	101	JJ168	74r	4805	3	7176.0	2.0	AF	AF	10.0	3.0	2.0	10.0	1198.0	358.0	valide	valide_AI_AM_AF
6444	29250.0	102	JJ168	75r	4805	1	7177.0	1.0	AI	AI	367.0	1.0	0.0	367.0	1010.0	942.0	valide	valide_AI_AM_AF
6445	29250.0	102	JJ168	75r	4806	2	7178.0	2.0	AF	AF	2.0	2.0	27.0	2.0	1173.0	784.0	valide	valide_AI_AM_AF
6446	29252.0	104	JJ168	76v	4808	1	7181.0	0.0	AC	AC	4.0	1.0	34.0	4.0	1166.0	1407.0	valide	
6447	29253.0	105	JJ168	77r	4809	1	7182.0	1.0	AI	AI	22.0	1.0	1.0	22.0	1005.0	1290.0	valide	structure_invalide
6448	29253.0	105	JJ168	77r	4810	2											zone_suite_manquante	structure_invalide
6449	29259.0	111	JJ168	80v	4816	1	7191.0	1.0	AI	AI	504.0	1.0	87.0	504.0	1113.0	905.0	valide	valide_AI_AM_AF
6450	29259.0	111	JJ168	80v	4817	2	7192.0	2.0	AF	AF	32.0	2.0	1.0	32.0	1043.0	1295.0	valide	valide_AI_AM_AF
6451	29264.0	116	JJ168	83v	4822	1	7200.0	1.0	AI	AI	5.0	1.0	135.0	5.0	1065.0	1403.0	valide	valide_AI_AM_AF
6452	29264.0	116	JJ168	83v	4823	2	7201.0	2.0	AF	AF	12.0	2.0	2.0	12.0	1198.0	388.0	valide	valide_AI_AM_AF
6453	29267.0	119	JJ168	85r	4825	1	7204.0	0.0	AC	AC	13.0	1.0	0.0	13.0	1047.0	784.0	valide	
6454	29275.0	127	JJ168	89v	4834	1	7219.0	1.0	AI	AI	676.0	1.0	3.0	676.0	1197.0	691.0	valide	valide_AI_AM_AF
6455	29275.0	127	JJ168	89v	4835	2	7220.0	2.0	AF	AF	16.0	2.0	0.0	16.0	1200.0	757.0	valide	valide_AI_AM_AF
6456	29279.0	131	JJ168	91v	4838	1	7226.0	0.0	AC	AC	849.0	1.0	29.0	849.0	1171.0	122.0	valide	
6457	29290.0	142	JJ168	100v	4856	1	7254.0	0.0	AC	AC	482.0	1.0	0.0	482.0	1200.0	894.0	valide	
6458	29313.0	165	JJ168	114r	4883	1	7299.0	0.0	AC	AC	27.0	1.0	1.0	27.0	1018.0	742.0	valide	
6459	29315.0	167	JJ168	115v	4886	1	7304.0	1.0	AI	AI	404.0	1.0	3.0	404.0	1196.0	956.0	valide	valide_AI_AM_AF
6460	29315.0	167	JJ168	115v	4887	2	7305.0	2.0	AF	AF	5.0	2.0	0.0	5.0	1038.0	457.0	valide	valide_AI_AM_AF
6461	29320.0	172	JJ168	119r	4893	1	7314.0	1.0	AI	AI	24.0	1.0	0.0	24.0	1010.0	1285.0	valide	valide_AI_AM_AF
6462	29320.0	172	JJ168	119r	4894	2	7315.0	2.0	AF	AF	4.0	2.0	6.0	4.0	1192.0	709.0	valide	valide_AI_AM_AF
6463	29321.0	173	JJ168	119v	4894	1	7316.0	1.0	AI	AI	711.0	1.0	0.0	711.0	1198.0	617.0	valide	valide_AI_AM_AF
6464	29321.0	173	JJ168	119v	4895	2	7317.0	2.0	AF	AF	6.0	2.0	0.0	6.0	1029.0	1301.0	valide	valide_AI_AM_AF
6465	29326.0	178	JJ168	123r	4901	1	7326.0	1.0	AI	AI	942.0	1.0	0.0	942.0	1009.0	340.0	valide	valide_AI_AM_AF
6466	29326.0	178	JJ168	123r	4902	2	7327.0	3.0	AM	AM	5.0	2.0	1.0	5.0	1198.0	1329.0	valide	valide_AI_AM_AF
6467	29326.0	178	JJ168	123r	4903	3	7328.0	3.0	AM	AM	16.0	3.0	1.0	16.0	1019.0	1311.0	valide	valide_AI_AM_AF
6468	29326.0	178	JJ168	123r	4904	4	7329.0	2.0	AF	AF	0.0	4.0	20.0	0.0	1180.0	1333.0	valide	valide_AI_AM_AF
6469	29329.0	181	JJ168	126v	4908	1	7335.0	1.0	AI	AI	829.0	1.0	34.0	829.0	1166.0	507.0	valide	valide_AI_AM_AF
6470	29329.0	181	JJ168	126v	4909	2	7336.0	3.0	AM	AM	7.0	2.0	7.0	7.0	1048.0	1321.0	valide	valide_AI_AM_AF
6471	29329.0	181	JJ168	126v	4910	3	7337.0	2.0	AF	AF	2.0	3.0	20.0	2.0	1180.0	1327.0	valide	valide_AI_AM_AF
6472	29331.0	183	JJ168	128r	4911	1	7338.0	0.0	AC	AC	16.0	1.0	2.0	16.0	1014.0	1314.0	valide	
6473	29341.0	193	JJ168	133r	4921	1	7355.0	1.0	AI	AI	9.0	1.0	14.0	9.0	1033.0	1322.0	valide	valide_AI_AM_AF
6474	29341.0	193	JJ168	133r	4922	2	7356.0	3.0	AM	AM	1.0	2.0	17.0	1.0	1182.0	1329.0	valide	valide_AI_AM_AF
6475	29341.0	193	JJ168	133r	4923	3	7357.0	2.0	AF	AF	11.0	3.0	58.0	11.0	1019.0	516.0	valide	valide_AI_AM_AF
6476	29352.0	204	JJ168	142v	4940	1	7382.0	1.0	AI	AI	467.0	1.0	65.0	467.0	1135.0	838.0	valide	valide_AI_AM_AF
6477	29352.0	204	JJ168	142v	4941	2	7383.0	2.0	AF	AF	15.0	2.0	1.0	15.0	1053.0	1343.0	valide	valide_AI_AM_AF
6478	29353.0	205	JJ168	143v	4942	1	7384.0	1.0	AI	AI	3.0	1.0	27.0	3.0	1173.0	1322.0	valide	valide_AI_AM_AF
6479	29353.0	205	JJ168	143v	4943	2	7385.0	2.0	AF	AF	8.0	2.0	1.0	8.0	1138.0	969.0	valide	valide_AI_AM_AF
6480	29354.0	206	JJ168	144r	4943	1	7386.0	1.0	AI	AI	956.0	1.0	0.0	956.0	1178.0	370.0	valide	valide_AI_AM_AF
6481	29354.0	206	JJ168	144r	4944	2	7387.0	2.0	AF	AF	1.0	2.0	13.0	1.0	1186.0	782.0	valide	valide_AI_AM_AF
6482	29355.0	207	JJ168	144v	4944	1	7388.0	1.0	AI	AI	786.0	1.0	46.0	786.0	1154.0	529.0	valide	valide_AI_AM_AF
6483	29355.0	207	JJ168	144v	4945	2	7389.0	2.0	AF	AF	15.0	2.0	0.0	15.0	1178.0	535.0	valide	valide_AI_AM_AF
6484	29356.0	208	JJ168	145r	4945	1	7390.0	0.0	AC	AC	549.0	1.0	0.0	549.0	1048.0	200.0	valide	
6485	29357.0	209	JJ168	145r	4945	1	7391.0	0.0	AC	AC	744.0	1.0	0.0	744.0	1089.0	148.0	valide	
6486	29358.0	210	JJ168	145r	4945	1	7392.0	0.0	AC	AC	884.0	1.0	1.0	884.0	1080.0	175.0	valide	
6487	29359.0	211	JJ168	145r	4945	1	7393.0	1.0	AI	AI	1055.0	1.0	0.0	1055.0	1168.0	269.0	valide	valide_AI_AM_AF
6488	29359.0	211	JJ168	145r	4946	2	7394.0	2.0	AF	AF	1.0	2.0	5.0	1.0	1194.0	539.0	valide	valide_AI_AM_AF
6489	29360.0	212	JJ168	145r	4945	1											ancrage_sans_zone_initiale	
6490	29361.0	213	JJ168	145v	4946	1	7395.0	0.0	AC	AC	539.0	1.0	140.0	539.0	1058.0	237.0	valide	
6491	29362.0	214	JJ168	145v	4946	1	7396.0	0.0	AC	AC	777.0	1.0	6.0	777.0	1192.0	219.0	valide	
6492	29363.0	215	JJ168	145v	4946	1	7397.0	0.0	AC	AC	995.0	1.0	54.0	995.0	1145.0	327.0	valide	
6493	29364.0	216	JJ168	146r	4947	1	7400.0	0.0	AC	AC	421.0	1.0	0.0	421.0	1144.0	180.0	valide	
6494	29365.0	217	JJ168	146r	4947	1	7401.0	0.0	AC	AC	599.0	1.0	0.0	599.0	1144.0	269.0	valide	
6495	29366.0	218	JJ168	146r	4947	1	7402.0	0.0	AC	AC	868.0	1.0	0.0	868.0	1069.0	455.0	valide	
6496	29367.0	219	JJ168	146v	4948	1	7403.0	0.0	AC	AC	1.0	1.0	15.0	1.0	1185.0	615.0	valide	
6497	29368.0	220	JJ168	146v	4948	1	7404.0	0.0	AC	AC	623.0	1.0	31.0	623.0	1168.0	225.0	valide	
6498	29369.0	221	JJ168	146v	4948	1	7405.0	0.0	AC	AC	848.0	1.0	0.0	848.0	1199.0	473.0	valide	
6499	29370.0	222	JJ168	147r	4949	1	7406.0	0.0	AC	AC	16.0	1.0	0.0	16.0	1200.0	418.0	valide	
6500	29371.0	223	JJ168	147r	4949	1	7407.0	0.0	AC	AC	429.0	1.0	0.0	429.0	1114.0	209.0	valide	
6501	29372.0	224	JJ168	147r	4949	1	7408.0	0.0	AC	AC	638.0	1.0	1.0	638.0	1114.0	186.0	valide	
6502	29373.0	225	JJ168	147r	4949	1	7409.0	0.0	AC	AC	824.0	1.0	1.0	824.0	1176.0	499.0	valide	
6503	29374.0	226	JJ168	147v	4950	1	7410.0	0.0	AC	AC	1.0	1.0	31.0	1.0	1168.0	604.0	valide	
6504	29375.0	227	JJ168	147v	4950	1	7411.0	0.0	AC	AC	605.0	1.0	193.0	605.0	1005.0	367.0	valide	
6505	29376.0	228	JJ168	147v	4950	1	7412.0	0.0	AC	AC	972.0	1.0	0.0	972.0	1198.0	349.0	valide	
6506	29377.0	228bis	JJ168	148r	4951	1	7413.0	0.0	AC	AC	15.0	1.0	0.0	15.0	1200.0	557.0	valide	
6507	29378.0	229	JJ168	148r	4951	1	7414.0	0.0	AC	AC	564.0	1.0	0.0	564.0	1152.0	304.0	valide	
6508	29379.0	230	JJ168	148r	4951	1	7415.0	0.0	AC	AC	862.0	1.0	1.0	862.0	1183.0	464.0	valide	
6509	29381.0	232	JJ168	149r	4953	1	7417.0	1.0	AI	AI	6.0	1.0	0.0	6.0	1105.0	1353.0	valide	valide_AI_AM_AF
6510	29381.0	232	JJ168	149r	4954	2	7418.0	2.0	AF	AF	0.0	2.0	17.0	0.0	1183.0	371.0	valide	valide_AI_AM_AF
6511	29387.0	238	JJ168	153r	4961	1	7430.0	1.0	AI	AI	511.0	1.0	0.0	511.0	1141.0	859.0	valide	valide_AI_AM_AF
6512	29387.0	238	JJ168	153r	4962	2	7431.0	2.0	AF	AF	6.0	2.0	24.0	6.0	1176.0	962.0	valide	valide_AI_AM_AF
6513	29388.0	239	JJ168	153v	4962	1	7432.0	1.0	AI	AI	968.0	1.0	40.0	968.0	1160.0	339.0	valide	valide_AI_AM_AF
6514	29388.0	239	JJ168	153v	4963	2	7433.0	2.0	AF	AF	7.0	2.0	0.0	7.0	1048.0	1361.0	valide	valide_AI_AM_AF
6515	29395.0	246	JJ168	159r	4973	1	7447.0	1.0	AI	AI	13.0	1.0	1.0	13.0	1050.0	1318.0	valide	valide_AI_AM_AF
6516	29395.0	246	JJ168	159r	4974	2	7448.0	3.0	AM	AM	1.0	2.0	59.0	1.0	1141.0	1321.0	valide	valide_AI_AM_AF
6517	29395.0	246	JJ168	159r	4975	3	7449.0	3.0	AM	AM	2.0	3.0	0.0	2.0	1081.0	1340.0	valide	valide_AI_AM_AF
6518	29395.0	246	JJ168	159r	4976	4	7450.0	2.0	AF	AF	2.0	4.0	46.0	2.0	1154.0	1325.0	valide	valide_AI_AM_AF
6519	29399.0	250	JJ168	162v	4980	1	7456.0	1.0	AI	AI	884.0	1.0	53.0	884.0	1147.0	415.0	valide	valide_AI_AM_AF
6520	29399.0	250	JJ168	162v	4981	2	7457.0	3.0	AM	AM	1.0	2.0	0.0	1.0	1043.0	1332.0	valide	valide_AI_AM_AF
6521	29399.0	250	JJ168	162v	4982	3	7458.0	2.0	AF	AF	1.0	3.0	46.0	1.0	1154.0	424.0	valide	valide_AI_AM_AF
6522	29400.0	251	JJ168	163v	4982	1	7459.0	0.0	AC	AC	421.0	1.0	38.0	421.0	1162.0	910.0	valide	
6523	29404.0	255	JJ168	165v	4986	1	7465.0	1.0	AI	AI	647.0	1.0	0.0	647.0	1199.0	668.0	valide	valide_AI_AM_AF
6524	29404.0	255	JJ168	165v	4987	2	7466.0	3.0	AM	AM	1.0	2.0	0.0	1.0	1104.0	1333.0	valide	valide_AI_AM_AF
6525	29404.0	255	JJ168	165v	4988	3	7467.0	2.0	AF	AF	12.0	3.0	9.0	12.0	1191.0	1335.0	valide	valide_AI_AM_AF
6526	29414.0	265	JJ168	172r	4999	1	7486.0	1.0	AI	AI	768.0	1.0	0.0	768.0	1174.0	559.0	valide	valide_AI_AM_AF
6527	29414.0	265	JJ168	172r	5000	2	7487.0	2.0	AF	AF	9.0	2.0	1.0	9.0	1198.0	933.0	valide	valide_AI_AM_AF
6528	29420.0	271	JJ168	176r	5007	1	7499.0	1.0	AI	AI	841.0	1.0	0.0	841.0	1148.0	479.0	valide	valide_AI_AM_AF
6529	29420.0	271	JJ168	176r	5008	2	7500.0	3.0	AM	AM	6.0	2.0	17.0	6.0	1182.0	1302.0	valide	valide_AI_AM_AF
6530	29420.0	271	JJ168	176r	5009	3	7501.0	2.0	AF	AF	2.0	3.0	1.0	2.0	1194.0	835.0	valide	valide_AI_AM_AF
6531	29421.0	272	JJ168	177r	5009	1	7502.0	1.0	AI	AI	840.0	1.0	0.0	840.0	1118.0	466.0	valide	valide_AI_AM_AF
6532	29421.0	272	JJ168	177r	5010	2	7503.0	2.0	AF	AF	3.0	2.0	215.0	3.0	984.0	1320.0	valide	valide_AI_AM_AF
6533	29422.0	273	JJ168	178r	5011	1	7504.0	1.0	AI	AI	7.0	1.0	0.0	7.0	1010.0	1335.0	valide	valide_AI_AM_AF
6534	29422.0	273	JJ168	178r	5012	2	7505.0	2.0	AF	AF	6.0	2.0	3.0	6.0	1196.0	430.0	valide	valide_AI_AM_AF
6535	29426.0	277	JJ168	180r	5015	1	7510.0	0.0	AC	AC	425.0	1.0	0.0	425.0	1037.0	881.0	valide	
6536	29431.0	282	JJ168	183r	5021	1	7519.0	1.0	AI	AI	11.0	1.0	0.0	11.0	1029.0	1332.0	valide	valide_AI_AM_AF
6537	29431.0	282	JJ168	183r	5022	2	7520.0	2.0	AF	AF	2.0	2.0	40.0	2.0	1159.0	1329.0	valide	valide_AI_AM_AF
6538	29432.0	283	JJ168	184r	5023	1	7521.0	1.0	AI	AI	17.0	1.0	0.0	17.0	1089.0	1335.0	valide	valide_AI_AM_AF
6539	29432.0	283	JJ168	184r	5024	2	7522.0	2.0	AF	AF	3.0	2.0	21.0	3.0	1178.0	1329.0	valide	valide_AI_AM_AF
6540	29439.0	290	JJ168	190r	5035	1	7537.0	1.0	AI	AI	16.0	1.0	1.0	16.0	1120.0	1333.0	valide	valide_AI_AM_AF
6541	29439.0	290	JJ168	190r	5036	2	7538.0	2.0	AF	AF	6.0	2.0	8.0	6.0	1192.0	1319.0	valide	valide_AI_AM_AF
6542	29448.0	299	JJ168	195v	5046	1	7554.0	1.0	AI	AI	674.0	1.0	8.0	674.0	1191.0	665.0	valide	valide_AI_AM_AF
6543	29448.0	299	JJ168	195v	5047	2	7555.0	2.0	AF	AF	24.0	2.0	2.0	24.0	1109.0	740.0	valide	valide_AI_AM_AF
6544	29461.0	312	JJ168	204r	5063	1	7581.0	1.0	AI	AI	1082.0	1.0	0.0	1082.0	1200.0	271.0	valide	valide_AI_AM_AF
6545	29461.0	312	JJ168	204r	5064	2	7582.0	2.0	AF	AF	5.0	2.0	7.0	5.0	1193.0	1037.0	valide	valide_AI_AM_AF
6546	29467.0	318	JJ168	208r	5071	1	7592.0	1.0	AI	AI	42.0	1.0	0.0	42.0	1118.0	1345.0	valide	valide_AI_AM_AF
6547	29467.0	318	JJ168	208r	5072	2	7593.0	2.0	AF	AF	12.0	2.0	6.0	12.0	1194.0	479.0	valide	valide_AI_AM_AF
6548	29468.0	319	JJ168	208v	5072	1	7594.0	1.0	AI	AI	492.0	1.0	106.0	492.0	1094.0	838.0	valide	valide_AI_AM_AF
6549	29468.0	319	JJ168	208v	5073	2	7595.0	2.0	AF	AF	23.0	2.0	1.0	23.0	1198.0	734.0	valide	valide_AI_AM_AF
6550	29472.0	323	JJ168	210v	5076	1	7602.0	1.0	AI	AI	351.0	1.0	10.0	351.0	1189.0	956.0	valide	valide_AI_AM_AF
6551	29472.0	323	JJ168	210v	5077	2	7603.0	3.0	AM	AM	20.0	2.0	2.0	20.0	1198.0	1368.0	valide	valide_AI_AM_AF
6552	29472.0	323	JJ168	210v	5078	3	7604.0	2.0	AF	AF	35.0	3.0	10.0	35.0	1190.0	630.0	valide	valide_AI_AM_AF
6553	29473.0	324	JJ168	212r	5079	1											ancrage_sans_zone_initiale	
6554	29476.0	327	JJ168	214v	5084	1											ancrage_sans_zone_initiale	
6555	29481.0	332	JJ168	225r	5105	1	7634.0	0.0	AC	AC	15.0	1.0	0.0	15.0	1138.0	1387.0	valide	
6556	29484.0	335	JJ168	226v	5108	1	7637.0	0.0	AC	AC	34.0	1.0	5.0	34.0	1194.0	1269.0	valide	
6557	29498.0	349	JJ168	233v	5122	1	7661.0	1.0	AI	AI	943.0	1.0	0.0	943.0	1200.0	331.0	valide	valide_AI_AM_AF
6558	29498.0	349	JJ168	233v	5123	2	7662.0	2.0	AF	AF	16.0	2.0	1.0	16.0	1199.0	1384.0	valide	valide_AI_AM_AF
6559	29499.0	350	JJ168	234v	5124	1	7663.0	1.0	AI	AI	38.0	1.0	41.0	38.0	1159.0	1254.0	valide	valide_AI_AM_AF
6560	29499.0	350	JJ168	234v	5125	2	7664.0	2.0	AF	AF	13.0	2.0	2.0	13.0	1198.0	574.0	valide	valide_AI_AM_AF
6561	29503.0	354	JJ168	236v	5128	1	7670.0	1.0	AI	AI	764.0	1.0	43.0	764.0	1156.0	511.0	valide	valide_AI_AM_AF
6562	29503.0	354	JJ168	236v	5129	2	7671.0	3.0	AM	AM	9.0	2.0	0.0	9.0	1133.0	1391.0	valide	valide_AI_AM_AF
6563	29503.0	354	JJ168	236v	5130	3	7672.0	2.0	AF	AF	18.0	3.0	1.0	18.0	1199.0	414.0	valide	valide_AI_AM_AF
6564	29509.0	360	JJ168	240v	5136	1	7683.0	1.0	AI	AI	699.0	1.0	188.0	699.0	1011.0	578.0	valide	valide_AI_AM_AF
6565	29509.0	360	JJ168	240v	5137	2	7684.0	2.0	AF	AF	5.0	2.0	1.0	5.0	1198.0	762.0	valide	valide_AI_AM_AF
6566	29511.0	362	JJ168	242r	5139	1	7688.0	1.0	AI	AI	537.0	1.0	1.0	537.0	1198.0	867.0	valide	valide_AI_AM_AF
6567	29511.0	362	JJ168	242r	5140	2	7689.0	2.0	AF	AF	12.0	2.0	2.0	12.0	1198.0	712.0	valide	valide_AI_AM_AF
6568	29516.0	367	JJ168	244v	5144	1	7697.0	1.0	AI	AI	1017.0	1.0	25.0	1017.0	1175.0	255.0	valide	valide_AI_AM_AF
6569	29516.0	367	JJ168	244v	5145	2	7698.0	3.0	AM	AM	4.0	2.0	0.0	4.0	1120.0	1388.0	valide	valide_AI_AM_AF
6570	29516.0	367	JJ168	244v	5146	3	7699.0	2.0	AF	AF	12.0	3.0	11.0	12.0	1188.0	485.0	valide	valide_AI_AM_AF
6571	29524.0	375	JJ168	250r	5155	1	7714.0	1.0	AI	AI	10.0	1.0	0.0	10.0	1191.0	1412.0	valide	valide_AI_AM_AF
6572	29524.0	375	JJ168	250r	5156	2	7715.0	2.0	AF	AF	17.0	2.0	22.0	17.0	1177.0	781.0	valide	valide_AI_AM_AF
6573	29545.0	396	JJ168	263v	5182	1	7757.0	1.0	AI	AI	577.0	1.0	196.0	577.0	1003.0	703.0	valide	valide_AI_AM_AF
6574	29545.0	396	JJ168	263v	5183	2	7758.0	2.0	AF	AF	18.0	2.0	0.0	18.0	1197.0	959.0	valide	valide_AI_AM_AF
6575	29549.0	400	JJ168	266r	5187	1	7764.0	0.0	AC	AC	372.0	1.0	0.0	372.0	1197.0	1054.0	valide	
6576	29553.0	404	JJ168	268r	5191	1	7769.0	1.0	AI	AI	57.0	1.0	0.0	57.0	1195.0	1384.0	valide	valide_AI_AM_AF
6577	29553.0	404	JJ168	268r	5192	2	7770.0	2.0	AF	AF	9.0	2.0	8.0	9.0	1191.0	496.0	valide	valide_AI_AM_AF
6578	29557.0	408	JJ168	270r	5195	1	7777.0	1.0	AI	AI	953.0	1.0	0.0	953.0	1198.0	465.0	valide	valide_AI_AM_AF
6579	29557.0	408	JJ168	270r	5196	2	7778.0	2.0	AF	AF	20.0	2.0	166.0	20.0	1034.0	1291.0	valide	valide_AI_AM_AF
6580	29558.0	409	JJ168	271r	5197	1	7779.0	0.0	AC	AC	58.0	1.0	0.0	58.0	1196.0	1380.0	valide	
6581	29561.0	412	JJ168	272v	5200	1	7783.0	1.0	AI	AI	1003.0	1.0	76.0	1003.0	1124.0	267.0	valide	valide_AI_AM_AF
6582	29561.0	412	JJ168	272v	5201	2	7784.0	3.0	AM	AM	58.0	2.0	1.0	58.0	1192.0	1403.0	valide	valide_AI_AM_AF
6583	29561.0	412	JJ168	272v	5202	3	7785.0	2.0	AF	AF	14.0	3.0	6.0	14.0	1193.0	648.0	valide	valide_AI_AM_AF
6584	29589.0	12	JJ169	7r	5245	1	7841.0	0.0	AC	AC	34.0	1.0	0.0	34.0	1038.0	1271.0	valide	
6585	29596.0	19	JJ169	11v	5254	1	7855.0	1.0	AI	AI	800.0	1.0	8.0	800.0	1192.0	598.0	valide	valide_AI_AM_AF
6586	29596.0	19	JJ169	11v	5255	2	7856.0	2.0	AF	AF	27.0	2.0	0.0	27.0	1049.0	861.0	valide	valide_AI_AM_AF
6587	29598.0	21	JJ169	13r	5257	1	7860.0	1.0	AI	AI	408.0	1.0	0.0	408.0	1022.0	906.0	valide	valide_AI_AM_AF
6588	29598.0	21	JJ169	13r	5258	2	7861.0	2.0	AF	AF	19.0	2.0	9.0	19.0	1191.0	759.0	valide	valide_AI_AM_AF
6589	29607.0	30	JJ169	19r	5269	1	7878.0	1.0	AI	AI	1049.0	1.0	0.0	1049.0	1174.0	259.0	valide	valide_AI_AM_AF
6590	29607.0	30	JJ169	19r	5270	2	7879.0	2.0	AF	AF	42.0	2.0	10.0	42.0	1190.0	1116.0	valide	valide_AI_AM_AF
6591	29608.0	31	JJ169	19v	5270	1	7880.0	1.0	AI	AI	1159.0	1.0	24.0	1159.0	1176.0	240.0	valide	valide_AI_AM_AF
6592	29608.0	31	JJ169	19v	5271	2	7881.0	3.0	AM	AM	39.0	2.0	0.0	39.0	1001.0	1274.0	valide	valide_AI_AM_AF
6593	29608.0	31	JJ169	19v	5272	3	7882.0	2.0	AF	AF	50.0	3.0	31.0	50.0	1169.0	498.0	valide	valide_AI_AM_AF
6594	29610.0	33	JJ169	23r	5277	1	7892.0	1.0	AI	AI	948.0	1.0	0.0	948.0	997.0	355.0	valide	valide_AI_AM_AF
6595	29610.0	33	JJ169	23r	5278	2	7893.0	3.0	AM	AM	37.0	2.0	0.0	37.0	1200.0	1379.0	valide	valide_AI_AM_AF
6596	29610.0	33	JJ169	23r	5279	3	7894.0	2.0	AF	AF	43.0	3.0	0.0	43.0	1008.0	549.0	valide	valide_AI_AM_AF
6597	29613.0	36	JJ169	28r	5287	1	7903.0	0.0	AC	AC	41.0	1.0	0.0	41.0	1005.0	1267.0	valide	
6598	29624.0	47	JJ169	34v	5300	1	7923.0	1.0	AI	AI	38.0	1.0	0.0	38.0	1200.0	1350.0	valide	valide_AI_AM_AF
6599	29624.0	47	JJ169	34v	5301	2	7924.0	2.0	AF	AF	31.0	2.0	0.0	31.0	1036.0	796.0	valide	valide_AI_AM_AF
6600	29637.0	60	JJ169	43v	5318	1	7951.0	1.0	AI	AI	43.0	1.0	0.0	43.0	1200.0	1334.0	valide	valide_AI_AM_AF
6601	29637.0	60	JJ169	43v	5319	2	7952.0	2.0	AF	AF	32.0	2.0	0.0	32.0	1033.0	752.0	valide	valide_AI_AM_AF
6602	29639.0	62	JJ169	45r	5321	1	7956.0	1.0	AI	AI	332.0	1.0	0.0	332.0	1016.0	981.0	valide	valide_AI_AM_AF
6603	29639.0	62	JJ169	45r	5322	2	7957.0	2.0	AF	AF	22.0	2.0	4.0	22.0	1196.0	542.0	valide	valide_AI_AM_AF
6604	29644.0	67	JJ169	48r	5327	1	7967.0	1.0	AI	AI	604.0	1.0	0.0	604.0	997.0	701.0	valide	valide_AI_AM_AF
6605	29644.0	67	JJ169	48r	5328	2	7968.0	2.0	AF	AF	15.0	2.0	18.0	15.0	1182.0	1353.0	valide	valide_AI_AM_AF
6606	29646.0	69	JJ169	50v	5332	1	7973.0	1.0	AI	AI	649.0	1.0	112.0	649.0	1088.0	706.0	valide	valide_AI_AM_AF
6607	29646.0	69	JJ169	50v	5333	2	7974.0	2.0	AF	AF	45.0	2.0	0.0	45.0	1014.0	813.0	valide	valide_AI_AM_AF
6608	29652.0	75	JJ169	54v	5340	1	7987.0	1.0	AI	AI	791.0	1.0	0.0	791.0	1199.0	564.0	valide	valide_AI_AM_AF
6609	29652.0	75	JJ169	54v	5341	2	7988.0	3.0	AM	AM	37.0	2.0	1.0	37.0	1004.0	1256.0	valide	valide_AI_AM_AF
6610	29652.0	75	JJ169	54v	5342	3	7989.0	2.0	AF	AF	15.0	3.0	9.0	15.0	1191.0	329.0	valide	valide_AI_AM_AF
6611	29654.0	77	JJ169	56r	5343	1	7992.0	1.0	AI	AI	1009.0	1.0	0.0	1009.0	1021.0	266.0	valide	valide_AI_AM_AF
6612	29654.0	77	JJ169	56r	5344	2	7993.0	2.0	AF	AF	9.0	2.0	95.0	9.0	1104.0	1357.0	valide	valide_AI_AM_AF
6613	29655.0	78	JJ169	57r	5345	1	7994.0	0.0	AC	AC	51.0	1.0	0.0	51.0	1018.0	1252.0	valide	
6614	29661.0	84	JJ169	61r	5353	1	8006.0	1.0	AI	AI	375.0	1.0	1.0	375.0	1013.0	912.0	valide	valide_AI_AM_AF
6615	29661.0	84	JJ169	61r	5354	2	8007.0	3.0	AM	AM	31.0	2.0	1.0	31.0	1199.0	1358.0	valide	valide_AI_AM_AF
6616	29661.0	84	JJ169	61r	5355	3	8008.0	2.0	AF	AF	34.0	3.0	1.0	34.0	1031.0	490.0	valide	valide_AI_AM_AF
6617	29662.0	85	JJ169	62r	5355	1	8009.0	0.0	AC	AC	524.0	1.0	4.0	524.0	1028.0	179.0	valide	
6618	29668.0	91	JJ169	65v	5362	1	8019.0	1.0	AI	AI	25.0	1.0	0.0	25.0	1200.0	1353.0	valide	valide_AI_AM_AF
6619	29668.0	91	JJ169	65v	5363	2	8020.0	2.0	AF	AF	33.0	2.0	1.0	33.0	1028.0	440.0	valide	valide_AI_AM_AF
6620	29677.0	100	JJ169	70v	5372	1	8038.0	1.0	AI	AI	580.0	1.0	201.0	580.0	999.0	798.0	valide	valide_AI_AM_AF
6621	29677.0	100	JJ169	70v	5373	2	8039.0	2.0	AF	AF	37.0	2.0	0.0	37.0	1029.0	956.0	valide	valide_AI_AM_AF
6622	29687.0	110	JJ169	77r	5385	1	8058.0	1.0	AI	AI	368.0	1.0	1.0	368.0	1006.0	910.0	valide	valide_AI_AM_AF
6623	29687.0	110	JJ169	77r	5386	2	8059.0	2.0	AF	AF	19.0	2.0	2.0	19.0	1197.0	410.0	valide	valide_AI_AM_AF
6624	29690.0	113	JJ169	79r	5389	1	8064.0	1.0	AI	AI	36.0	1.0	0.0	36.0	1012.0	1253.0	valide	valide_AI_AM_AF
6625	29690.0	113	JJ169	79r	5390	2	8065.0	2.0	AF	AF	8.0	2.0	1.0	8.0	1198.0	677.0	valide	valide_AI_AM_AF
6626	29700.0	123	JJ169	85r	5401	1	8082.0	1.0	AI	AI	696.0	1.0	1.0	696.0	1032.0	574.0	valide	valide_AI_AM_AF
6627	29700.0	123	JJ169	85r	5402	2	8083.0	3.0	AM	AM	40.0	2.0	6.0	40.0	1194.0	1324.0	valide	valide_AI_AM_AF
6628	29700.0	123	JJ169	85r	5403	3	8084.0	2.0	AF	AF	44.0	3.0	0.0	44.0	1027.0	1257.0	valide	valide_AI_AM_AF
6629	29712.0	135	JJ169	111v	5454	1	8155.0	1.0	AI	AI	684.0	1.0	18.0	684.0	1181.0	627.0	valide	valide_AI_AM_AF
6630	29712.0	135	JJ169	111v	5455	2	8156.0	3.0	AM	AM	30.0	2.0	0.0	30.0	1021.0	1254.0	valide	valide_AI_AM_AF
6631	29712.0	135	JJ169	111v	5456	3	8157.0	2.0	AF	AF	36.0	3.0	11.0	36.0	1188.0	1299.0	valide	valide_AI_AM_AF
6632	29716.0	139	JJ169	96r	5423	1	8114.0	1.0	AI	AI	702.0	1.0	1.0	702.0	1020.0	574.0	valide	valide_AI_AM_AF
6633	29716.0	139	JJ169	96r	5424	2	8115.0	2.0	AF	AF	18.0	2.0	182.0	18.0	1016.0	1375.0	valide	valide_AI_AM_AF
6634	29730.0	153	JJ169	110r	5451	1	8150.0	1.0	AI	AI	474.0	1.0	0.0	474.0	1037.0	798.0	valide	valide_AI_AM_AF
6635	29730.0	153	JJ169	110r	5452	2	8151.0	2.0	AF	AF	39.0	2.0	22.0	39.0	1177.0	755.0	valide	valide_AI_AM_AF
6636	29731.0	154	JJ169	111r	5453	1											ancrage_sans_zone_initiale	
6637	29734.0	157	JJ169	113v	5458	1	8159.0	0.0	AC	AC	25.0	1.0	9.0	25.0	1190.0	1317.0	valide	
6638	29736.0	159	JJ169	114v	5460	1	8161.0	1.0	AI	AI	39.0	1.0	34.0	39.0	1166.0	1303.0	valide	valide_AI_AM_AF
6639	29736.0	159	JJ169	114v	5461	2	8162.0	2.0	AF	AF	17.0	2.0	1.0	17.0	1199.0	420.0	valide	valide_AI_AM_AF
6640	29740.0	163	JJ169	117r	5465	1	8168.0	1.0	AI	AI	826.0	1.0	0.0	826.0	1010.0	443.0	valide	valide_AI_AM_AF
6641	29740.0	163	JJ169	117r	5466	2	8169.0	3.0	AM	AM	36.0	2.0	27.0	36.0	1172.0	1291.0	valide	valide_AI_AM_AF
6642	29740.0	163	JJ169	117r	5467	3	8170.0	2.0	AF	AF	80.0	3.0	63.0	80.0	910.0	208.0	valide	valide_AI_AM_AF
6643	29742.0	165	JJ169	118r	5467	1	8171.0	0.0	AC	AC	256.0	1.0	34.0	256.0	842.0	134.0	valide	
6644	29746.0	169	JJ169	121v	5474	1	8181.0	1.0	AI	AI	692.0	1.0	28.0	692.0	1171.0	615.0	valide	valide_AI_AM_AF
6645	29746.0	169	JJ169	121v	5475	2	8182.0	2.0	AF	AF	20.0	2.0	0.0	20.0	1025.0	683.0	valide	valide_AI_AM_AF
6646	29796.0	219	JJ169	156v	5544	1	8289.0	1.0	AI	AI	387.0	1.0	61.0	387.0	1138.0	918.0	valide	valide_AI_AM_AF
6647	29796.0	219	JJ169	156v	5545	2	8290.0	2.0	AF	AF	10.0	2.0	0.0	10.0	1200.0	477.0	valide	valide_AI_AM_AF
6648	29803.0	226	JJ169	161r	5553	1	8303.0	1.0	AI	AI	33.0	1.0	0.0	33.0	993.0	1255.0	valide	valide_AI_AM_AF
6649	29803.0	226	JJ169	161r	5554	2	8304.0	2.0	AF	AF	30.0	2.0	77.0	30.0	1122.0	854.0	valide	valide_AI_AM_AF
6650	29810.0	233	JJ169	165v	5562	1	8319.0	1.0	AI	AI	971.0	1.0	109.0	971.0	1089.0	320.0	valide	valide_AI_AM_AF
6651	29810.0	233	JJ169	165v	5563	2	8320.0	3.0	AM	AM	31.0	2.0	0.0	31.0	1032.0	1262.0	valide	valide_AI_AM_AF
6652	29810.0	233	JJ169	165v	5564	3	8321.0	2.0	AF	AF	41.0	3.0	5.0	41.0	1194.0	370.0	valide	valide_AI_AM_AF
6653	29811.0	234	JJ169	167v	5566	1	8324.0	1.0	AI	AI	38.0	1.0	131.0	38.0	1068.0	1273.0	valide	valide_AI_AM_AF
6654	29811.0	234	JJ169	167v	5567	2	8325.0	2.0	AF	AF	25.0	2.0	0.0	25.0	1029.0	868.0	valide	valide_AI_AM_AF
6655	29812.0	235	JJ169	167v	5566	1											ancrage_sans_zone_initiale	
6656	29814.0	237	JJ169	169r	5569	1	8330.0	1.0	AI	AI	717.0	1.0	2.0	717.0	993.0	556.0	valide	valide_AI_AM_AF
6657	29814.0	237	JJ169	169r	5570	2	8331.0	2.0	AF	AF	16.0	2.0	16.0	16.0	1183.0	999.0	valide	valide_AI_AM_AF
6658	29825.0	247	JJ169	178r	5587	1	8355.0	1.0	AI	AI	544.0	1.0	1.0	544.0	994.0	747.0	valide	valide_AI_AM_AF
6659	29825.0	247	JJ169	178r	5588	2	8356.0	2.0	AF	AF	17.0	2.0	56.0	17.0	1143.0	1291.0	valide	valide_AI_AM_AF
6660	29828.0	248	JJ169	178v	5588	1											ancrage_sans_zone_initiale	
6661	29831.0	251	JJ169	181r	5593	1	8364.0	1.0	AI	AI	400.0	1.0	1.0	400.0	986.0	878.0	valide	valide_AI_AM_AF
6662	29831.0	251	JJ169	181r	5594	2	8365.0	2.0	AF	AF	22.0	2.0	19.0	22.0	1180.0	907.0	valide	valide_AI_AM_AF
6663	29839.0	259	JJ169	187r	5605	1	8380.0	1.0	AI	AI	45.0	1.0	0.0	45.0	996.0	1279.0	valide	valide_AI_AM_AF
6664	29839.0	259	JJ169	187r	5606	2	8381.0	2.0	AF	AF	8.0	2.0	30.0	8.0	1170.0	779.0	valide	valide_AI_AM_AF
6665	29840.0	260	JJ169	187v	5606	1	8382.0	0.0	AC	AC	779.0	1.0	38.0	779.0	1162.0	234.0	valide	
6666	29841.0	261	JJ169	187v	5606	1	8383.0	1.0	AI	AI	1010.0	1.0	4.0	1010.0	1195.0	248.0	valide	valide_AI_AM_AF
6667	29841.0	261	JJ169	187v	5607	2	8384.0	2.0	AF	AF	49.0	2.0	3.0	49.0	1183.0	392.0	valide	valide_AI_AM_AF
6668	29842.0	262	JJ169	188r	5607	1	8385.0	0.0	AC	AC	438.0	1.0	0.0	438.0	1000.0	876.0	valide	
6669	29843.0	263	JJ169	188v	5608	1	8386.0	0.0	AC	AC	13.0	1.0	21.0	13.0	1179.0	1264.0	valide	
6670	29844.0	264	JJ169	189r	5609	1	8387.0	0.0	AC	AC	43.0	1.0	0.0	43.0	992.0	1288.0	valide	
6671	29845.0	265	JJ169	189v	5610	1	8388.0	0.0	AC	AC	14.0	1.0	78.0	14.0	1122.0	412.0	valide	
6672	29846.0	266	JJ169	189v	5610	1	8389.0	0.0	AC	AC	425.0	1.0	240.0	425.0	959.0	267.0	valide	
6673	29847.0	267	JJ169	189v	5610	1	8390.0	1.0	AI	AI	692.0	1.0	37.0	692.0	1163.0	567.0	valide	valide_AI_AM_AF
6674	29847.0	267	JJ169	189v	5611	2	8391.0	2.0	AF	AF	56.0	2.0	2.0	56.0	1092.0	330.0	valide	valide_AI_AM_AF
6675	29857.0	277	JJ169	196r	5623	1	8410.0	1.0	AI	AI	37.0	1.0	0.0	37.0	999.0	1280.0	valide	valide_AI_AM_AF
6676	29857.0	277	JJ169	196r	5624	2	8411.0	2.0	AF	AF	10.0	2.0	15.0	10.0	1185.0	1282.0	valide	valide_AI_AM_AF
6677	29864.0	284	JJ169	201r	5633	1	8426.0	1.0	AI	AI	773.0	1.0	0.0	773.0	1027.0	517.0	valide	valide_AI_AM_AF
6678	29864.0	284	JJ169	201r	5634	2	8427.0	2.0	AF	AF	13.0	2.0	129.0	13.0	1071.0	692.0	valide	valide_AI_AM_AF
6679	29870.0	290	JJ169	205r	5641	1	8439.0	1.0	AI	AI	38.0	1.0	0.0	38.0	1002.0	1272.0	valide	valide_AI_AM_AF
6680	29870.0	290	JJ169	205r	5642	2	8440.0	2.0	AF	AF	36.0	2.0	17.0	36.0	1183.0	358.0	valide	valide_AI_AM_AF
6681	29872.0	292	JJ169	206v	5644	1	8443.0	0.0	AC	AC	36.0	1.0	12.0	36.0	1188.0	738.0	valide	
6682	29876.0	296	JJ169	208r	5647	1	8448.0	1.0	AI	AI	37.0	1.0	0.0	37.0	1002.0	1282.0	valide	valide_AI_AM_AF
6683	29876.0	296	JJ169	208r	5648	2	8449.0	2.0	AF	AF	33.0	2.0	2.0	33.0	1198.0	370.0	valide	valide_AI_AM_AF
6684	29887.0	307	JJ169	211v	5654	1	8464.0	1.0	AI	AI	0.0	1.0	118.0	0.0	1082.0	1259.0	valide	valide_AI_AM_AF
6685	29887.0	307	JJ169	211v	5655	2	8465.0	2.0	AF	AF	15.0	2.0	1.0	15.0	1176.0	321.0	valide	valide_AI_AM_AF
6686	29907.0	327	JJ169	225r	5681	1	8505.0	0.0	AC	AC	33.0	1.0	0.0	33.0	1039.0	1022.0	valide	
6687	29924.0	344	JJ169	231r	5693	1	8526.0	0.0	AC	AC	26.0	1.0	0.0	26.0	1000.0	1303.0	valide	
6688	29927.0	347	JJ169	233r	5697	1	8537.0	1.0	AI	AI	691.0	1.0	0.0	691.0	993.0	626.0	valide	valide_AI_AM_AF
6689	29927.0	347	JJ169	233r	5698	2	8538.0	2.0	AF	AF	32.0	2.0	222.0	32.0	978.0	505.0	valide	valide_AI_AM_AF
6690	29930.0	350	JJ169	234v	5700	1	8543.0	1.0	AI	AI	461.0	1.0	261.0	461.0	939.0	819.0	valide	valide_AI_AM_AF
6691	29930.0	350	JJ169	234v	5701	2	8544.0	2.0	AF	AF	50.0	2.0	0.0	50.0	1016.0	754.0	valide	valide_AI_AM_AF
6692	29934.0	354	JJ169	237r	5705	1	8552.0	1.0	AI	AI	892.0	1.0	0.0	892.0	1155.0	425.0	valide	valide_AI_AM_AF
6693	29934.0	354	JJ169	237r	5706	2	8553.0	2.0	AF	AF	49.0	2.0	220.0	49.0	980.0	1252.0	valide	valide_AI_AM_AF
6694	29936.0	356	JJ169	239r	5709	1	8556.0	0.0	AC	AC	44.0	1.0	0.0	44.0	1147.0	1285.0	valide	
6695	29937.0	357	JJ169	239v	5710	1	8557.0	0.0	AC	AC	36.0	1.0	235.0	36.0	965.0	1228.0	valide	
6696	29938.0	358	JJ169	240r	5711	1	8558.0	1.0	AI	AI	46.0	1.0	0.0	46.0	1126.0	1290.0	valide	valide_AI_AM_AF
6697	29938.0	358	JJ169	240r	5712	2	8559.0	2.0	AF	AF	30.0	2.0	175.0	30.0	1025.0	279.0	valide	valide_AI_AM_AF
6698	29951.0	371	JJ169	248r	5727	1	8582.0	1.0	AI	AI	386.0	1.0	0.0	386.0	1006.0	956.0	valide	valide_AI_AM_AF
6699	29951.0	371	JJ169	248r	5728	2	8583.0	3.0	AM	AM	31.0	2.0	260.0	31.0	940.0	1226.0	valide	valide_AI_AM_AF
6700	29951.0	371	JJ169	248r	5729	3	8584.0	2.0	AF	AF	32.0	3.0	0.0	32.0	1136.0	828.0	valide	valide_AI_AM_AF
6701	29957.0	377	JJ169	252v	5736	1	8596.0	0.0	AC	AC	26.0	1.0	92.0	26.0	1108.0	1244.0	valide	
6702	29967.0	387	JJ169	258r	5747	1	8614.0	1.0	AI	AI	587.0	1.0	0.0	587.0	1028.0	754.0	valide	valide_AI_AM_AF
6703	29967.0	387	JJ169	258r	5748	2	8615.0	2.0	AF	AF	31.0	2.0	186.0	31.0	1014.0	677.0	valide	valide_AI_AM_AF
6704	29971.0	391	JJ169	261r	5753	1	8622.0	0.0	AC	AC	33.0	1.0	0.0	33.0	1027.0	1347.0	valide	
6705	29972.0	392	JJ169	261r	5753	1											ancrage_sans_zone_initiale	
6706	29976.0	396	JJ169	264r	5759	1	8630.0	1.0	AI	AI	532.0	1.0	0.0	532.0	1010.0	844.0	valide	valide_AI_AM_AF
6707	29976.0	396	JJ169	264r	5760	2	8631.0	2.0	AF	AF	32.0	2.0	196.0	32.0	1005.0	667.0	valide	valide_AI_AM_AF
6708	29980.0	400	JJ169	266v	5764	1	8638.0	1.0	AI	AI	696.0	1.0	104.0	696.0	1096.0	554.0	valide	valide_AI_AM_AF
6709	29980.0	400	JJ169	266v	5765	2	8639.0	2.0	AF	AF	16.0	2.0	0.0	16.0	1061.0	747.0	valide	valide_AI_AM_AF
6710	29995.0	415	JJ169	278v	5788	1											ancrage_sans_zone_initiale	
6711	29996.0	416	JJ169	278r	5787	1											ancrage_sans_zone_initiale	
6712	29997.0	417	JJ169	278v	5788	1											ancrage_sans_zone_initiale	
6713	29998.0	418	JJ169	280r	5791	1	8678.0	1.0	AI	AI	651.0	1.0	0.0	651.0	1029.0	699.0	valide	valide_AI_AM_AF
6714	29998.0	418	JJ169	280r	5792	2	8679.0	2.0	AF	AF	7.0	2.0	77.0	7.0	1123.0	823.0	valide	valide_AI_AM_AF
6715	30003.0	423	JJ169	283r	5797	1	8688.0	1.0	AI	AI	512.0	1.0	0.0	512.0	1017.0	846.0	valide	valide_AI_AM_AF
6716	30003.0	423	JJ169	283r	5798	2	8689.0	2.0	AF	AF	23.0	2.0	22.0	23.0	1178.0	280.0	valide	valide_AI_AM_AF
6717	30004.0	424	JJ169	283v	5798	1	8690.0	1.0	AI	AI	302.0	1.0	280.0	302.0	918.0	961.0	valide	valide_AI_AM_AF
6718	30004.0	424	JJ169	283v	5799	2	8691.0	2.0	AF	AF	3.0	2.0	2.0	3.0	1130.0	509.0	valide	valide_AI_AM_AF
6719	30006.0	426	JJ169	284v	5800	1	8694.0	0.0	AC	AC	960.0	1.0	45.0	960.0	1155.0	280.0	valide	
6720	30007.0	426bis	JJ169	284r	5799	1	8692.0	1.0	AI	AI	511.0	1.0	0.0	511.0	1018.0	849.0	valide	valide_AI_AM_AF
6721	30007.0	426bis	JJ169	284r	5800	2	8693.0	2.0	AF	AF	25.0	2.0	131.0	25.0	1068.0	932.0	valide	valide_AI_AM_AF
6722	30008.0	427	JJ169	286r	5803	1	8697.0	1.0	AI	AI	15.0	1.0	0.0	15.0	1015.0	1364.0	valide	valide_AI_AM_AF
6723	30008.0	427	JJ169	286r	5804	2	8698.0	2.0	AF	AF	26.0	2.0	54.0	26.0	1146.0	430.0	valide	valide_AI_AM_AF
6724	30009.0	428	JJ169	286v	5804	1	8699.0	1.0	AI	AI	456.0	1.0	262.0	456.0	938.0	797.0	valide	valide_AI_AM_AF
6725	30009.0	428	JJ169	286v	5805	2	8700.0	2.0	AF	AF	7.0	2.0	1.0	7.0	1088.0	835.0	valide	valide_AI_AM_AF
6726	30014.0	433	JJ169	291r	5813	1	8711.0	1.0	AI	AI	11.0	1.0	0.0	11.0	1058.0	1381.0	valide	valide_AI_AM_AF
6727	30014.0	433	JJ169	291r	5814	2	8712.0	3.0	AM	AM	20.0	2.0	110.0	20.0	1089.0	1236.0	valide	valide_AI_AM_AF
6728	30014.0	433	JJ169	291r	5815	3	8713.0	2.0	AF	AF	8.0	3.0	0.0	8.0	1101.0	628.0	valide	valide_AI_AM_AF
6729	30015.0	434	JJ169	292r	5815	1	8714.0	1.0	AI	AI	633.0	1.0	0.0	633.0	1052.0	761.0	valide	valide_AI_AM_AF
6730	30015.0	434	JJ169	292r	5816	2	8715.0	2.0	AF	AF	19.0	2.0	31.0	19.0	1169.0	1252.0	valide	valide_AI_AM_AF
6731	30019.0	438	JJ169	294v	5820	1	8722.0	1.0	AI	AI	653.0	1.0	156.0	653.0	1043.0	599.0	valide	valide_AI_AM_AF
6732	30019.0	438	JJ169	294v	5821	2	8723.0	3.0	AM	AM	14.0	2.0	0.0	14.0	1057.0	1406.0	valide	valide_AI_AM_AF
6733	30019.0	438	JJ169	294v	5822	3	8724.0	2.0	AF	AF	17.0	3.0	39.0	17.0	1160.0	267.0	valide	valide_AI_AM_AF
6734	30020.0	439	JJ169	295v	5822	1	8725.0	1.0	AI	AI	283.0	1.0	260.0	283.0	939.0	973.0	valide	valide_AI_AM_AF
6735	30020.0	439	JJ169	295v	5823	2	8726.0	2.0	AF	AF	21.0	2.0	0.0	21.0	1104.0	605.0	valide	valide_AI_AM_AF
6736	30021.0	440	JJ169	296r	5823	1	8727.0	1.0	AI	AI	626.0	1.0	0.0	626.0	1173.0	766.0	valide	valide_AI_AM_AF
6737	30021.0	440	JJ169	296r	5824	2	8728.0	2.0	AF	AF	24.0	2.0	172.0	24.0	1026.0	669.0	valide	valide_AI_AM_AF
6738	30026.0	445	JJ169	299r	5829	1	8737.0	1.0	AI	AI	721.0	1.0	0.0	721.0	1049.0	671.0	valide	valide_AI_AM_AF
6739	30026.0	445	JJ169	299r	5830	2	8738.0	3.0	AM	AM	21.0	2.0	243.0	21.0	956.0	1257.0	valide	valide_AI_AM_AF
6740	30026.0	445	JJ169	299r	5831	3	8739.0	2.0	AF	AF	37.0	3.0	1.0	37.0	1136.0	535.0	valide	valide_AI_AM_AF
6741	30030.0	449	JJ169	301r	5833	1	8743.0	1.0	AI	AI	28.0	1.0	0.0	28.0	1031.0	1372.0	valide	valide_AI_AM_AF
6742	30030.0	449	JJ169	301r	5834	2	8744.0	2.0	AF	AF	51.0	2.0	219.0	51.0	981.0	678.0	valide	valide_AI_AM_AF
6743	30031.0	450	JJ169	302v	5836	1	8748.0	1.0	AI	AI	442.0	1.0	268.0	442.0	932.0	826.0	valide	valide_AI_AM_AF
6744	30031.0	450	JJ169	302v	5837	2	8749.0	3.0	AM	AM	13.0	2.0	0.0	13.0	1116.0	1394.0	valide	valide_AI_AM_AF
6745	30031.0	450	JJ169	302v	5838	3	8750.0	2.0	AF	AF	41.0	3.0	148.0	41.0	1051.0	935.0	valide	valide_AI_AM_AF
6746	30033.0	452	JJ169	304v	5840	1											ancrage_sans_zone_initiale	
6747	30037.0	456	JJ169	307v	5846	1	8762.0	0.0	AC	AC	33.0	1.0	46.0	33.0	1154.0	1257.0	valide	
6748	30038.0	457	JJ169	308r	5847	1	8763.0	0.0	AC	AC	12.0	1.0	1.0	12.0	1177.0	1386.0	valide	
6749	30043.0	462	JJ169	314r	5859	1	8776.0	1.0	AI	AI	12.0	1.0	0.0	12.0	1059.0	1386.0	valide	valide_AI_AM_AF
6750	30043.0	462	JJ169	314r	5860	2	8777.0	2.0	AF	AF	43.0	2.0	76.0	43.0	1124.0	592.0	valide	valide_AI_AM_AF
6751	30045.0	464	JJ169	315r	5861	1	8780.0	1.0	AI	AI	894.0	1.0	0.0	894.0	1177.0	487.0	valide	valide_AI_AM_AF
6752	30045.0	464	JJ169	315r	5862	2	8781.0	2.0	AF	AF	37.0	2.0	207.0	37.0	991.0	727.0	valide	valide_AI_AM_AF
6753	30047.0	466	JJ169	327r	5885	1											ancrage_sans_zone_initiale	
6754	30049.0	468	JJ169	317v	5866	1	8786.0	0.0	AC	AC	40.0	1.0	137.0	40.0	1062.0	650.0	valide	
6755	30057.0	476	JJ169	323r	5877	1											ancrage_sans_zone_initiale	
6756	30063.0	482	JJ169	327v	5886	1	8817.0	1.0	AI	AI	496.0	1.0	141.0	496.0	1058.0	770.0	valide	valide_AI_AM_AF
6757	30063.0	482	JJ169	327v	5887	2	8818.0	3.0	AM	AM	12.0	2.0	0.0	12.0	1191.0	1414.0	valide	valide_AI_AM_AF
6758	30063.0	482	JJ169	327v	5888	3	8819.0	3.0	AM	AM	33.0	3.0	45.0	33.0	1154.0	1245.0	valide	valide_AI_AM_AF
6759	30063.0	482	JJ169	327v	5889	4	8820.0	3.0	AM	AM	9.0	4.0	1.0	9.0	1187.0	1420.0	valide	valide_AI_AM_AF
6760	30063.0	482	JJ169	327v	5890	5	8821.0	3.0	AM	AM	34.0	5.0	85.0	34.0	1114.0	1251.0	valide	valide_AI_AM_AF
6761	30063.0	482	JJ169	327v	5891	6	8822.0	2.0	AF	AF	11.0	6.0	2.0	11.0	1198.0	498.0	valide	valide_AI_AM_AF
6762	30064.0	483	JJ169	330r	5891	1	8823.0	1.0	AI	AI	511.0	1.0	0.0	511.0	1191.0	908.0	valide	valide_AI_AM_AF
6763	30064.0	483	JJ169	330r	5892	2	8824.0	2.0	AF	AF	25.0	2.0	95.0	25.0	1104.0	739.0	valide	valide_AI_AM_AF
6764	30065.0	484	JJ169	330v	5892	1	8825.0	1.0	AI	AI	764.0	1.0	236.0	764.0	963.0	498.0	valide	valide_AI_AM_AF
6765	30065.0	484	JJ169	330v	5893	2	8826.0	3.0	AM	AM	10.0	2.0	0.0	10.0	1195.0	1409.0	valide	valide_AI_AM_AF
6766	30065.0	484	JJ169	330v	5894	3	8827.0	2.0	AF	AF	30.0	3.0	59.0	30.0	1140.0	866.0	valide	valide_AI_AM_AF
6767	30069.0	488	JJ169	333v	5898	1	8832.0	0.0	AC	AC	33.0	1.0	87.0	33.0	1112.0	1248.0	valide	
6768	30086.0	504	JJ169	343r	5917	1	8862.0	1.0	AI	AI	481.0	1.0	0.0	481.0	1198.0	943.0	valide	valide_AI_AM_AF
6769	30086.0	504	JJ169	343r	5918	2	8863.0	2.0	AF	AF	34.0	2.0	35.0	34.0	1165.0	883.0	valide	valide_AI_AM_AF
6770	30098.0	516	JJ169	351r	5933	1	8886.0	1.0	AI	AI	715.0	1.0	0.0	715.0	1196.0	713.0	valide	valide_AI_AM_AF
6771	30098.0	516	JJ169	351r	5934	2	8887.0	2.0	AF	AF	27.0	2.0	6.0	27.0	1194.0	899.0	valide	valide_AI_AM_AF
6772	30103.0	521	JJ169	354r	5939	1	8896.0	1.0	AI	AI	812.0	1.0	0.0	812.0	1196.0	600.0	valide	valide_AI_AM_AF
6773	30103.0	521	JJ169	354r	5940	2	8897.0	2.0	AF	AF	24.0	2.0	21.0	24.0	1179.0	1267.0	valide	valide_AI_AM_AF
6774	30113.0	531	JJ169	360v	5952	1	8914.0	1.0	AI	AI	848.0	1.0	225.0	848.0	974.0	438.0	valide	valide_AI_AM_AF
6775	30113.0	531	JJ169	360v	5953	2	8915.0	2.0	AF	AF	37.0	2.0	2.0	37.0	1196.0	1050.0	valide	valide_AI_AM_AF
