Paris_AN_JJ_inventaire_Languedoc.xml_Register;Paris_AN_JJ_inventaire_Languedoc.xml_Act_number;Paris_AN_JJ_inventaire_Languedoc.xml_Head;Paris_AN_JJ_inventaire_Languedoc.xml_Locus;Paris_AN_JJ_inventaire_Languedoc.xml_File
JJ35;11;1;2v;Paris_AN_JJ_inventaire_Languedoc.xml
JJ36;11;1;2v;Paris_AN_JJ_inventaire_Languedoc.xml
JJ35;12;2;3;Paris_AN_JJ_inventaire_Languedoc.xml
JJ36;12;2;2v;Paris_AN_JJ_inventaire_Languedoc.xml
JJ35;15;3;4;Paris_AN_JJ_inventaire_Languedoc.xml
JJ36;15;3;3;Paris_AN_JJ_inventaire_Languedoc.xml
JJ35;16;4;4;Paris_AN_JJ_inventaire_Languedoc.xml
JJ36;16;4;4;Paris_AN_JJ_inventaire_Languedoc.xml
JJ35;23;5;6;Paris_AN_JJ_inventaire_Languedoc.xml
JJ36;22;5;6;Paris_AN_JJ_inventaire_Languedoc.xml
JJ35;45;6;13;Paris_AN_JJ_inventaire_Languedoc.xml
JJ36;44;6;14v;Paris_AN_JJ_inventaire_Languedoc.xml
JJ35;55;;16v;Paris_AN_JJ_inventaire_Languedoc.xml
JJ36;53;;18v;Paris_AN_JJ_inventaire_Languedoc.xml
JJ35;57;8;17;Paris_AN_JJ_inventaire_Languedoc.xml
JJ36;55;8;19;Paris_AN_JJ_inventaire_Languedoc.xml
JJ35;62;9;19;Paris_AN_JJ_inventaire_Languedoc.xml
JJ36;58;9;21;Paris_AN_JJ_inventaire_Languedoc.xml
JJ35;67;10;22v;Paris_AN_JJ_inventaire_Languedoc.xml
JJ36;65;10;22;Paris_AN_JJ_inventaire_Languedoc.xml
JJ35;75;11;25;Paris_AN_JJ_inventaire_Languedoc.xml
JJ36;72;11;27v;Paris_AN_JJ_inventaire_Languedoc.xml
JJ35;104;12;40;Paris_AN_JJ_inventaire_Languedoc.xml
JJ36;101;12;40;Paris_AN_JJ_inventaire_Languedoc.xml
JJ35;112;13;42;Paris_AN_JJ_inventaire_Languedoc.xml
JJ36;109;13;42;Paris_AN_JJ_inventaire_Languedoc.xml
JJ35;121;14;47v;Paris_AN_JJ_inventaire_Languedoc.xml
JJ36;119;14;46v;Paris_AN_JJ_inventaire_Languedoc.xml
JJ35;134;15;57;Paris_AN_JJ_inventaire_Languedoc.xml
JJ36;131;15;54;Paris_AN_JJ_inventaire_Languedoc.xml
JJ35;136;16;62v;Paris_AN_JJ_inventaire_Languedoc.xml
JJ36;133;16;58v;Paris_AN_JJ_inventaire_Languedoc.xml
JJ35;140;17;66v;Paris_AN_JJ_inventaire_Languedoc.xml
JJ36;138;17;61v;Paris_AN_JJ_inventaire_Languedoc.xml
JJ35;150;18;72;Paris_AN_JJ_inventaire_Languedoc.xml
JJ36;8;18;66;Paris_AN_JJ_inventaire_Languedoc.xml
JJ35;155;19;73v;Paris_AN_JJ_inventaire_Languedoc.xml
JJ36;153;19;67;Paris_AN_JJ_inventaire_Languedoc.xml
JJ35;156;20;74;Paris_AN_JJ_inventaire_Languedoc.xml
JJ36;154;20;67v;Paris_AN_JJ_inventaire_Languedoc.xml
JJ35;168;21;80;Paris_AN_JJ_inventaire_Languedoc.xml
JJ36;166;21;71v;Paris_AN_JJ_inventaire_Languedoc.xml
JJ35;173;22;83;Paris_AN_JJ_inventaire_Languedoc.xml
JJ36;171;22;73v;Paris_AN_JJ_inventaire_Languedoc.xml
JJ35;174;23;84;Paris_AN_JJ_inventaire_Languedoc.xml
JJ36;172;23;74;Paris_AN_JJ_inventaire_Languedoc.xml
JJ35;175;24;86;Paris_AN_JJ_inventaire_Languedoc.xml
JJ36;174;24;75v;Paris_AN_JJ_inventaire_Languedoc.xml
JJ36;189;25;82;Paris_AN_JJ_inventaire_Languedoc.xml
JJ35;198;27;99;Paris_AN_JJ_inventaire_Languedoc.xml
JJ36;197;27;85;Paris_AN_JJ_inventaire_Languedoc.xml
JJ35;216;28;111;Paris_AN_JJ_inventaire_Languedoc.xml
JJ36;206;28;88;Paris_AN_JJ_inventaire_Languedoc.xml
JJ36;243;29;101v;Paris_AN_JJ_inventaire_Languedoc.xml
JJ37;1;30;1;Paris_AN_JJ_inventaire_Languedoc.xml
JJ37;3;31;2;Paris_AN_JJ_inventaire_Languedoc.xml
JJ37;4;32;2v;Paris_AN_JJ_inventaire_Languedoc.xml
JJ37;10;33;4v;Paris_AN_JJ_inventaire_Languedoc.xml
JJ37;11;34;4v;Paris_AN_JJ_inventaire_Languedoc.xml
JJ37;13;35;5;Paris_AN_JJ_inventaire_Languedoc.xml
JJ37;15;36;5v;Paris_AN_JJ_inventaire_Languedoc.xml
JJ37;28;37;11;Paris_AN_JJ_inventaire_Languedoc.xml
JJ37;29;38;11v;Paris_AN_JJ_inventaire_Languedoc.xml
JJ37;30;39;12;Paris_AN_JJ_inventaire_Languedoc.xml
JJ37;32;40;13;Paris_AN_JJ_inventaire_Languedoc.xml
JJ37;80;41;28;Paris_AN_JJ_inventaire_Languedoc.xml
JJ37;88;42;29;Paris_AN_JJ_inventaire_Languedoc.xml
JJ37;98;43;31;Paris_AN_JJ_inventaire_Languedoc.xml
JJ38;17;44;17;Paris_AN_JJ_inventaire_Languedoc.xml
JJ38;18;45;17v;Paris_AN_JJ_inventaire_Languedoc.xml
JJ38;31;46;23v;Paris_AN_JJ_inventaire_Languedoc.xml
JJ38;33;47;25;Paris_AN_JJ_inventaire_Languedoc.xml
JJ38;41;48;27;Paris_AN_JJ_inventaire_Languedoc.xml
JJ38;45;49;29;Paris_AN_JJ_inventaire_Languedoc.xml
JJ38;46;50;29v;Paris_AN_JJ_inventaire_Languedoc.xml
JJ38;47;51;30;Paris_AN_JJ_inventaire_Languedoc.xml
JJ38;49;52;32;Paris_AN_JJ_inventaire_Languedoc.xml
JJ38;59;53;35v;Paris_AN_JJ_inventaire_Languedoc.xml
JJ38;60;54;35;Paris_AN_JJ_inventaire_Languedoc.xml
JJ38;87;55;48v;Paris_AN_JJ_inventaire_Languedoc.xml
JJ38;106;56;54;Paris_AN_JJ_inventaire_Languedoc.xml
JJ38;117;57;55v;Paris_AN_JJ_inventaire_Languedoc.xml
JJ38;118;58;56;Paris_AN_JJ_inventaire_Languedoc.xml
JJ38;159;59;73v;Paris_AN_JJ_inventaire_Languedoc.xml
JJ38;161;60;74;Paris_AN_JJ_inventaire_Languedoc.xml
JJ38;165;61;74v;Paris_AN_JJ_inventaire_Languedoc.xml
JJ38;198;62;87v;Paris_AN_JJ_inventaire_Languedoc.xml
JJ38;203;63;88;Paris_AN_JJ_inventaire_Languedoc.xml
JJ38;205;64;92;Paris_AN_JJ_inventaire_Languedoc.xml
JJ40;17;65;9;Paris_AN_JJ_inventaire_Languedoc.xml
JJ40;29;66;12;Paris_AN_JJ_inventaire_Languedoc.xml
JJ40;32;67;13;Paris_AN_JJ_inventaire_Languedoc.xml
JJ40;61;68;22v;Paris_AN_JJ_inventaire_Languedoc.xml
JJ40;62;69;25;Paris_AN_JJ_inventaire_Languedoc.xml
JJ40;63;70;28;Paris_AN_JJ_inventaire_Languedoc.xml
JJ40;90;71;41v;Paris_AN_JJ_inventaire_Languedoc.xml
JJ40;91;72;42;Paris_AN_JJ_inventaire_Languedoc.xml
JJ40;97;73;47;Paris_AN_JJ_inventaire_Languedoc.xml
JJ40;100;74;49v;Paris_AN_JJ_inventaire_Languedoc.xml
JJ40;101;75;50;Paris_AN_JJ_inventaire_Languedoc.xml
JJ40;102;76;50v;Paris_AN_JJ_inventaire_Languedoc.xml
JJ40;105;77;54;Paris_AN_JJ_inventaire_Languedoc.xml
JJ40;106;78;54;Paris_AN_JJ_inventaire_Languedoc.xml
JJ40;135;79;65v;Paris_AN_JJ_inventaire_Languedoc.xml
JJ40;137;80;68v;Paris_AN_JJ_inventaire_Languedoc.xml
JJ40;143;81;71;Paris_AN_JJ_inventaire_Languedoc.xml
JJ40;144;82;40;Paris_AN_JJ_inventaire_Languedoc.xml
JJ40;150;83;78;Paris_AN_JJ_inventaire_Languedoc.xml
JJ40;171;84;89;Paris_AN_JJ_inventaire_Languedoc.xml
JJ40;172;85;89v;Paris_AN_JJ_inventaire_Languedoc.xml
JJ40;181;86;93;Paris_AN_JJ_inventaire_Languedoc.xml
JJ42B;16;87;13v;Paris_AN_JJ_inventaire_Languedoc.xml
JJ42B;17;88;13v;Paris_AN_JJ_inventaire_Languedoc.xml
JJ41;17;88;14v;Paris_AN_JJ_inventaire_Languedoc.xml
JJ42B;22;89;15v;Paris_AN_JJ_inventaire_Languedoc.xml
JJ42B;27;90;21v;Paris_AN_JJ_inventaire_Languedoc.xml
JJ42B;58;91;34v;Paris_AN_JJ_inventaire_Languedoc.xml
JJ42B;59;92;34v;Paris_AN_JJ_inventaire_Languedoc.xml
JJ42B;63;93;37;Paris_AN_JJ_inventaire_Languedoc.xml
JJ42B;66;94;38v;Paris_AN_JJ_inventaire_Languedoc.xml
JJ42B;69;95;40;Paris_AN_JJ_inventaire_Languedoc.xml
JJ42B;73;96;41;Paris_AN_JJ_inventaire_Languedoc.xml
JJ42B;75;97;41v;Paris_AN_JJ_inventaire_Languedoc.xml
JJ42B;124;98;65v;Paris_AN_JJ_inventaire_Languedoc.xml
JJ42B;138;98bis;69;Paris_AN_JJ_inventaire_Languedoc.xml
JJ42B;143;99;71;Paris_AN_JJ_inventaire_Languedoc.xml
JJ42B;144;99;85v;Paris_AN_JJ_inventaire_Languedoc.xml
JJ42A;10;100;67v;Paris_AN_JJ_inventaire_Languedoc.xml
JJ42A;18;101;70v;Paris_AN_JJ_inventaire_Languedoc.xml
JJ42A;23;102;72v;Paris_AN_JJ_inventaire_Languedoc.xml
JJ42A;24;103;73v;Paris_AN_JJ_inventaire_Languedoc.xml
JJ42A;26;104;74;Paris_AN_JJ_inventaire_Languedoc.xml
JJ42A;32;105;75v;Paris_AN_JJ_inventaire_Languedoc.xml
JJ42A;35;106;76;Paris_AN_JJ_inventaire_Languedoc.xml
JJ42A;40;107;79;Paris_AN_JJ_inventaire_Languedoc.xml
JJ42A;43;108;81;Paris_AN_JJ_inventaire_Languedoc.xml
JJ42A;46;109;81v;Paris_AN_JJ_inventaire_Languedoc.xml
JJ42A;54;110;85v;Paris_AN_JJ_inventaire_Languedoc.xml
JJ42A;644;111;92;Paris_AN_JJ_inventaire_Languedoc.xml
JJ42A;645;112;92v;Paris_AN_JJ_inventaire_Languedoc.xml
JJ42A;77;113;99v;Paris_AN_JJ_inventaire_Languedoc.xml
JJ42A;88;114;103;Paris_AN_JJ_inventaire_Languedoc.xml
JJ42A;90;115;102v;Paris_AN_JJ_inventaire_Languedoc.xml
JJ42A;92;116;104v;Paris_AN_JJ_inventaire_Languedoc.xml
JJ42A;105;117;109;Paris_AN_JJ_inventaire_Languedoc.xml
JJ42A;117;118;114;Paris_AN_JJ_inventaire_Languedoc.xml
JJ42A;137;119;121;Paris_AN_JJ_inventaire_Languedoc.xml
JJ44;31;120;17;Paris_AN_JJ_inventaire_Languedoc.xml
JJ44;32;121;18;Paris_AN_JJ_inventaire_Languedoc.xml
JJ44;62;122;36;Paris_AN_JJ_inventaire_Languedoc.xml
JJ44;71;123;43v;Paris_AN_JJ_inventaire_Languedoc.xml
JJ44;82;124;51v;Paris_AN_JJ_inventaire_Languedoc.xml
JJ44;110;125;68v;Paris_AN_JJ_inventaire_Languedoc.xml
JJ44;113;126;69;Paris_AN_JJ_inventaire_Languedoc.xml
JJ44;117;127;73v;Paris_AN_JJ_inventaire_Languedoc.xml
JJ44;118;128;75v;Paris_AN_JJ_inventaire_Languedoc.xml
JJ44;119;129;76v;Paris_AN_JJ_inventaire_Languedoc.xml
JJ44;120;130;76v;Paris_AN_JJ_inventaire_Languedoc.xml
JJ44;121;131;77;Paris_AN_JJ_inventaire_Languedoc.xml
JJ44;122;132;77v;Paris_AN_JJ_inventaire_Languedoc.xml
JJ44;123;133;78;Paris_AN_JJ_inventaire_Languedoc.xml
JJ44;124;134;80;Paris_AN_JJ_inventaire_Languedoc.xml
JJ44;126;135;81v;Paris_AN_JJ_inventaire_Languedoc.xml
JJ44;127;136;82;Paris_AN_JJ_inventaire_Languedoc.xml
JJ44;128;137;82v;Paris_AN_JJ_inventaire_Languedoc.xml
JJ44;129;138;84;Paris_AN_JJ_inventaire_Languedoc.xml
JJ44;130;139;85;Paris_AN_JJ_inventaire_Languedoc.xml
JJ44;140;140;89;Paris_AN_JJ_inventaire_Languedoc.xml
JJ44;144;141;90v;Paris_AN_JJ_inventaire_Languedoc.xml
JJ44;151;142;94;Paris_AN_JJ_inventaire_Languedoc.xml
JJ44;152;143;94;Paris_AN_JJ_inventaire_Languedoc.xml
JJ44;153;144;95v;Paris_AN_JJ_inventaire_Languedoc.xml
JJ44;155;145;96;Paris_AN_JJ_inventaire_Languedoc.xml
JJ44;161;146;98;Paris_AN_JJ_inventaire_Languedoc.xml
JJ44;162;147;98;Paris_AN_JJ_inventaire_Languedoc.xml
JJ44;163;148;98v;Paris_AN_JJ_inventaire_Languedoc.xml
JJ44;166;149;99;Paris_AN_JJ_inventaire_Languedoc.xml
JJ44;171;150;102v;Paris_AN_JJ_inventaire_Languedoc.xml
JJ45;14;151;8;Paris_AN_JJ_inventaire_Languedoc.xml
JJ45;15;152;10;Paris_AN_JJ_inventaire_Languedoc.xml
JJ45;20;153;14;Paris_AN_JJ_inventaire_Languedoc.xml
JJ45;21;154;14v;Paris_AN_JJ_inventaire_Languedoc.xml
JJ45;53;155;37;Paris_AN_JJ_inventaire_Languedoc.xml
JJ45;54;156;39;Paris_AN_JJ_inventaire_Languedoc.xml
JJ45;80;157;51;Paris_AN_JJ_inventaire_Languedoc.xml
JJ45;81;158;53;Paris_AN_JJ_inventaire_Languedoc.xml
JJ45;86;159;56v;Paris_AN_JJ_inventaire_Languedoc.xml
JJ45;90;160;61;Paris_AN_JJ_inventaire_Languedoc.xml
JJ45;134;161;86v;Paris_AN_JJ_inventaire_Languedoc.xml
JJ45;138;162;90;Paris_AN_JJ_inventaire_Languedoc.xml
JJ45;144;163;91v;Paris_AN_JJ_inventaire_Languedoc.xml
JJ45;156;164;99;Paris_AN_JJ_inventaire_Languedoc.xml
JJ45;162;165;102v;Paris_AN_JJ_inventaire_Languedoc.xml
JJ45;163;166;104v;Paris_AN_JJ_inventaire_Languedoc.xml
JJ45;198;167;117;Paris_AN_JJ_inventaire_Languedoc.xml
JJ45;199;168;117;Paris_AN_JJ_inventaire_Languedoc.xml
JJ45;200;169;117v;Paris_AN_JJ_inventaire_Languedoc.xml
JJ45;201;170;117v;Paris_AN_JJ_inventaire_Languedoc.xml
JJ45;216;171;122v;Paris_AN_JJ_inventaire_Languedoc.xml
JJ45;217;172;122v;Paris_AN_JJ_inventaire_Languedoc.xml
JJ46;3;173;2;Paris_AN_JJ_inventaire_Languedoc.xml
JJ46;35;174;35v;Paris_AN_JJ_inventaire_Languedoc.xml
JJ46;36;175;35v;Paris_AN_JJ_inventaire_Languedoc.xml
JJ46;42;176;39;Paris_AN_JJ_inventaire_Languedoc.xml
JJ46;179;177;105v;Paris_AN_JJ_inventaire_Languedoc.xml
JJ46;202;178;114v;Paris_AN_JJ_inventaire_Languedoc.xml
JJ46;204;179;116v;Paris_AN_JJ_inventaire_Languedoc.xml
JJ46;208;180;117;Paris_AN_JJ_inventaire_Languedoc.xml
JJ46;213;181;119;Paris_AN_JJ_inventaire_Languedoc.xml
JJ46;225;182;125;Paris_AN_JJ_inventaire_Languedoc.xml
JJ46;225bis;183;125v;Paris_AN_JJ_inventaire_Languedoc.xml
JJ46;226;184;125v;Paris_AN_JJ_inventaire_Languedoc.xml
JJ46;227;185;125v;Paris_AN_JJ_inventaire_Languedoc.xml
JJ46;228;186;127v;Paris_AN_JJ_inventaire_Languedoc.xml
JJ46;229;187;127v;Paris_AN_JJ_inventaire_Languedoc.xml
JJ46;234;188;131;Paris_AN_JJ_inventaire_Languedoc.xml
JJ46;236;189;131v;Paris_AN_JJ_inventaire_Languedoc.xml
JJ46;238;190;132;Paris_AN_JJ_inventaire_Languedoc.xml
JJ46;239;191;132v;Paris_AN_JJ_inventaire_Languedoc.xml
JJ47;45;192;29v;Paris_AN_JJ_inventaire_Languedoc.xml
JJ47;114;193;72;Paris_AN_JJ_inventaire_Languedoc.xml
JJ47;130;194;92;Paris_AN_JJ_inventaire_Languedoc.xml
JJ47;131;195;95;Paris_AN_JJ_inventaire_Languedoc.xml
JJ47;138;196;102;Paris_AN_JJ_inventaire_Languedoc.xml
JJ48;28;197;17;Paris_AN_JJ_inventaire_Languedoc.xml
JJ48;29;198;18v;Paris_AN_JJ_inventaire_Languedoc.xml
JJ48;39;199;25;Paris_AN_JJ_inventaire_Languedoc.xml
JJ48;66;200;39v;Paris_AN_JJ_inventaire_Languedoc.xml
JJ48;70;201;42;Paris_AN_JJ_inventaire_Languedoc.xml
JJ48;98;202;56v;Paris_AN_JJ_inventaire_Languedoc.xml
JJ48;113;203;68v;Paris_AN_JJ_inventaire_Languedoc.xml
JJ48;115;204;69v;Paris_AN_JJ_inventaire_Languedoc.xml
JJ48;125;205;76v;Paris_AN_JJ_inventaire_Languedoc.xml
JJ48;133;206;80;Paris_AN_JJ_inventaire_Languedoc.xml
JJ48;160;207;90;Paris_AN_JJ_inventaire_Languedoc.xml
JJ48;168;208;96;Paris_AN_JJ_inventaire_Languedoc.xml
JJ48;180;209;104v;Paris_AN_JJ_inventaire_Languedoc.xml
JJ48;207;210;123v;Paris_AN_JJ_inventaire_Languedoc.xml
JJ48;213;211;126v;Paris_AN_JJ_inventaire_Languedoc.xml
JJ48;219;212;131;Paris_AN_JJ_inventaire_Languedoc.xml
JJ48;220;213;131;Paris_AN_JJ_inventaire_Languedoc.xml
JJ48;224;214;134;Paris_AN_JJ_inventaire_Languedoc.xml
JJ49;40;215;23v;Paris_AN_JJ_inventaire_Languedoc.xml
JJ49;41;216;23v;Paris_AN_JJ_inventaire_Languedoc.xml
JJ49;42;217;23;Paris_AN_JJ_inventaire_Languedoc.xml
JJ49;44;218;24v;Paris_AN_JJ_inventaire_Languedoc.xml
JJ49;93;219;42;Paris_AN_JJ_inventaire_Languedoc.xml
JJ49;113;220;48;Paris_AN_JJ_inventaire_Languedoc.xml
JJ49;130;221;56;Paris_AN_JJ_inventaire_Languedoc.xml
JJ49;160;222;67v;Paris_AN_JJ_inventaire_Languedoc.xml
JJ49;186;223;80v;Paris_AN_JJ_inventaire_Languedoc.xml
JJ49;189;224;81;Paris_AN_JJ_inventaire_Languedoc.xml
JJ49;195;225;83v;Paris_AN_JJ_inventaire_Languedoc.xml
JJ49;196;226;84;Paris_AN_JJ_inventaire_Languedoc.xml
JJ49;214;227;92;Paris_AN_JJ_inventaire_Languedoc.xml
JJ49;219;228;95;Paris_AN_JJ_inventaire_Languedoc.xml
JJ49;220;229;95;Paris_AN_JJ_inventaire_Languedoc.xml
JJ49;240;230;105;Paris_AN_JJ_inventaire_Languedoc.xml
JJ49;266;231;124;Paris_AN_JJ_inventaire_Languedoc.xml
JJ50;1;232;1;Paris_AN_JJ_inventaire_Languedoc.xml
JJ50;2;233;3v;Paris_AN_JJ_inventaire_Languedoc.xml
JJ50;3;234;6;Paris_AN_JJ_inventaire_Languedoc.xml
JJ50;17;235;16v;Paris_AN_JJ_inventaire_Languedoc.xml
JJ50;18;236;17;Paris_AN_JJ_inventaire_Languedoc.xml
JJ50;40;237;28v;Paris_AN_JJ_inventaire_Languedoc.xml
JJ50;43;238;34;Paris_AN_JJ_inventaire_Languedoc.xml
JJ50;75;239;51;Paris_AN_JJ_inventaire_Languedoc.xml
JJ50;99;240;64;Paris_AN_JJ_inventaire_Languedoc.xml
JJ50;122;241;79v;Paris_AN_JJ_inventaire_Languedoc.xml
JJ50;132;242;85v;Paris_AN_JJ_inventaire_Languedoc.xml
JJ50;137;243;88;Paris_AN_JJ_inventaire_Languedoc.xml
JJ52;17;244;6;Paris_AN_JJ_inventaire_Languedoc.xml
JJ52;19;245;6v;Paris_AN_JJ_inventaire_Languedoc.xml
JJ52;30;246;13v;Paris_AN_JJ_inventaire_Languedoc.xml
JJ52;34;247;16;Paris_AN_JJ_inventaire_Languedoc.xml
JJ52;57;248;30v;Paris_AN_JJ_inventaire_Languedoc.xml
JJ52;98;249;51;Paris_AN_JJ_inventaire_Languedoc.xml
JJ52;105;250;55;Paris_AN_JJ_inventaire_Languedoc.xml
JJ52;107;251;55v;Paris_AN_JJ_inventaire_Languedoc.xml
JJ52;112;252;60v;Paris_AN_JJ_inventaire_Languedoc.xml
JJ52;113;253;61v;Paris_AN_JJ_inventaire_Languedoc.xml
JJ52;115;254;63;Paris_AN_JJ_inventaire_Languedoc.xml
JJ52;116bis;255;63;Paris_AN_JJ_inventaire_Languedoc.xml
JJ52;117;256;63v;Paris_AN_JJ_inventaire_Languedoc.xml
JJ52;118;257;63v;Paris_AN_JJ_inventaire_Languedoc.xml
JJ52;125;258;65v;Paris_AN_JJ_inventaire_Languedoc.xml
JJ52;137;259;73;Paris_AN_JJ_inventaire_Languedoc.xml
JJ52;138;260;74;Paris_AN_JJ_inventaire_Languedoc.xml
JJ52;161;261;82;Paris_AN_JJ_inventaire_Languedoc.xml
JJ52;162;262;82v;Paris_AN_JJ_inventaire_Languedoc.xml
JJ52;183;263;91v;Paris_AN_JJ_inventaire_Languedoc.xml
JJ52;206;264;104v;Paris_AN_JJ_inventaire_Languedoc.xml
JJ52;207;265;104v;Paris_AN_JJ_inventaire_Languedoc.xml
JJ52;217;266;1132;Paris_AN_JJ_inventaire_Languedoc.xml
JJ53;4;267;1v;Paris_AN_JJ_inventaire_Languedoc.xml
JJ53;11;268;6;Paris_AN_JJ_inventaire_Languedoc.xml
JJ53;33;269;13;Paris_AN_JJ_inventaire_Languedoc.xml
JJ53;67;270;30v;Paris_AN_JJ_inventaire_Languedoc.xml
JJ53;68;271;30v;Paris_AN_JJ_inventaire_Languedoc.xml
JJ53;69;272;31;Paris_AN_JJ_inventaire_Languedoc.xml
JJ53;72;273;32;Paris_AN_JJ_inventaire_Languedoc.xml
JJ53;73;274;32;Paris_AN_JJ_inventaire_Languedoc.xml
JJ53;74;275;33;Paris_AN_JJ_inventaire_Languedoc.xml
JJ53;88;276;39v;Paris_AN_JJ_inventaire_Languedoc.xml
JJ53;90;277;40v;Paris_AN_JJ_inventaire_Languedoc.xml
JJ53;98;278;43v;Paris_AN_JJ_inventaire_Languedoc.xml
JJ53;104;279;46;Paris_AN_JJ_inventaire_Languedoc.xml
JJ53;111;280;51;Paris_AN_JJ_inventaire_Languedoc.xml
JJ53;113;281;51v;Paris_AN_JJ_inventaire_Languedoc.xml
JJ53;122;282;54v;Paris_AN_JJ_inventaire_Languedoc.xml
JJ53;128;283;59;Paris_AN_JJ_inventaire_Languedoc.xml
JJ53;132;284;62;Paris_AN_JJ_inventaire_Languedoc.xml
JJ53;133;285;62;Paris_AN_JJ_inventaire_Languedoc.xml
JJ53;134;285;62v;Paris_AN_JJ_inventaire_Languedoc.xml
JJ53;149;286;66v;Paris_AN_JJ_inventaire_Languedoc.xml
JJ53;150;287;66v;Paris_AN_JJ_inventaire_Languedoc.xml
JJ53;151;288;67;Paris_AN_JJ_inventaire_Languedoc.xml
JJ53;153;289;67v;Paris_AN_JJ_inventaire_Languedoc.xml
JJ53;154;290;68;Paris_AN_JJ_inventaire_Languedoc.xml
JJ53;175;291;76v;Paris_AN_JJ_inventaire_Languedoc.xml
JJ53;193;292;83;Paris_AN_JJ_inventaire_Languedoc.xml
JJ53;201;293;86;Paris_AN_JJ_inventaire_Languedoc.xml
JJ53;225;294;95;Paris_AN_JJ_inventaire_Languedoc.xml
JJ53;238;295;100;Paris_AN_JJ_inventaire_Languedoc.xml
JJ53;307;296;128;Paris_AN_JJ_inventaire_Languedoc.xml
JJ53;313;297;129v;Paris_AN_JJ_inventaire_Languedoc.xml
JJ53;318;298;130bis;Paris_AN_JJ_inventaire_Languedoc.xml
JJ53;327;299;137;Paris_AN_JJ_inventaire_Languedoc.xml
JJ53;334;300;140;Paris_AN_JJ_inventaire_Languedoc.xml
JJ53;345;301;145;Paris_AN_JJ_inventaire_Languedoc.xml
JJ53;352;302;148v;Paris_AN_JJ_inventaire_Languedoc.xml
JJ53;357;303;154;Paris_AN_JJ_inventaire_Languedoc.xml
JJ54A;1;304;1;Paris_AN_JJ_inventaire_Languedoc.xml
JJ54A;11;305;1;Paris_AN_JJ_inventaire_Languedoc.xml
JJ54A;17;306;2v;Paris_AN_JJ_inventaire_Languedoc.xml
JJ54A;38;307;3v;Paris_AN_JJ_inventaire_Languedoc.xml
JJ54A;54;308;4v;Paris_AN_JJ_inventaire_Languedoc.xml
JJ54A;70;309;5;Paris_AN_JJ_inventaire_Languedoc.xml
JJ54A;73;310;5;Paris_AN_JJ_inventaire_Languedoc.xml
JJ54A;100;311;7;Paris_AN_JJ_inventaire_Languedoc.xml
JJ54A;109;312;8;Paris_AN_JJ_inventaire_Languedoc.xml
JJ54A;111;313;8;Paris_AN_JJ_inventaire_Languedoc.xml
JJ54A;114;314;8v;Paris_AN_JJ_inventaire_Languedoc.xml
JJ54A;118;315;8v;Paris_AN_JJ_inventaire_Languedoc.xml
JJ54A;141;316;10v;Paris_AN_JJ_inventaire_Languedoc.xml
JJ54A;178;317;12;Paris_AN_JJ_inventaire_Languedoc.xml
JJ54A;188;318;12;Paris_AN_JJ_inventaire_Languedoc.xml
JJ54A;189;319;12v;Paris_AN_JJ_inventaire_Languedoc.xml
JJ54A;203;320;15v;Paris_AN_JJ_inventaire_Languedoc.xml
JJ54A;244;321;17v;Paris_AN_JJ_inventaire_Languedoc.xml
JJ54A;353;321;23;Paris_AN_JJ_inventaire_Languedoc.xml
JJ54A;266;322;18v;Paris_AN_JJ_inventaire_Languedoc.xml
JJ54A;274;323;19;Paris_AN_JJ_inventaire_Languedoc.xml
JJ54A;281;324;19v;Paris_AN_JJ_inventaire_Languedoc.xml
JJ54A;286;325;19v;Paris_AN_JJ_inventaire_Languedoc.xml
JJ54A;288;326;19v;Paris_AN_JJ_inventaire_Languedoc.xml
JJ54A;290;327;19v;Paris_AN_JJ_inventaire_Languedoc.xml
JJ54A;306;328;20v;Paris_AN_JJ_inventaire_Languedoc.xml
JJ54A;315;329;21;Paris_AN_JJ_inventaire_Languedoc.xml
JJ54A;325;330;21v;Paris_AN_JJ_inventaire_Languedoc.xml
JJ54A;326;331;22;Paris_AN_JJ_inventaire_Languedoc.xml
JJ54A;345;332;22v;Paris_AN_JJ_inventaire_Languedoc.xml
JJ54A;348;333;22v;Paris_AN_JJ_inventaire_Languedoc.xml
JJ54A;368;334;24;Paris_AN_JJ_inventaire_Languedoc.xml
JJ54A;381;335;25v;Paris_AN_JJ_inventaire_Languedoc.xml
JJ54A;382;336;25v;Paris_AN_JJ_inventaire_Languedoc.xml
JJ54A;398;337;26v;Paris_AN_JJ_inventaire_Languedoc.xml
JJ54A;400;338;26v;Paris_AN_JJ_inventaire_Languedoc.xml
JJ54A;405;339;27;Paris_AN_JJ_inventaire_Languedoc.xml
JJ54A;418;340;28;Paris_AN_JJ_inventaire_Languedoc.xml
JJ54A;430;341;30v;Paris_AN_JJ_inventaire_Languedoc.xml
JJ54A;434;342;31;Paris_AN_JJ_inventaire_Languedoc.xml
JJ54A;436;343;31;Paris_AN_JJ_inventaire_Languedoc.xml
JJ54A;437;344;31v;Paris_AN_JJ_inventaire_Languedoc.xml
JJ54A;438;345;31v;Paris_AN_JJ_inventaire_Languedoc.xml
JJ54A;439;346;31v;Paris_AN_JJ_inventaire_Languedoc.xml
JJ54A;441;347;31v;Paris_AN_JJ_inventaire_Languedoc.xml
JJ54A;474;349;35;Paris_AN_JJ_inventaire_Languedoc.xml
JJ54A;486;350;36;Paris_AN_JJ_inventaire_Languedoc.xml
JJ54A;533;351;39v;Paris_AN_JJ_inventaire_Languedoc.xml
JJ54A;537;352;40;Paris_AN_JJ_inventaire_Languedoc.xml
JJ54A;538;353;40;Paris_AN_JJ_inventaire_Languedoc.xml
JJ54A;539;354;40;Paris_AN_JJ_inventaire_Languedoc.xml
JJ54A;540;355;40v;Paris_AN_JJ_inventaire_Languedoc.xml
JJ54A;541;356;40v;Paris_AN_JJ_inventaire_Languedoc.xml
JJ54A;542;357;41;Paris_AN_JJ_inventaire_Languedoc.xml
JJ54A;543;358;41;Paris_AN_JJ_inventaire_Languedoc.xml
JJ54A;560;359;42v;Paris_AN_JJ_inventaire_Languedoc.xml
JJ54A;576;360;44;Paris_AN_JJ_inventaire_Languedoc.xml
JJ54A;587;361;44v;Paris_AN_JJ_inventaire_Languedoc.xml
JJ54A;596;362;45;Paris_AN_JJ_inventaire_Languedoc.xml
JJ54A;621;363;49;Paris_AN_JJ_inventaire_Languedoc.xml
JJ54A;624;364;49v;Paris_AN_JJ_inventaire_Languedoc.xml
JJ54A;631;365;50;Paris_AN_JJ_inventaire_Languedoc.xml
JJ54A;633;366;50;Paris_AN_JJ_inventaire_Languedoc.xml
JJ54A;635;367;50;Paris_AN_JJ_inventaire_Languedoc.xml
JJ54A;643;368;50v;Paris_AN_JJ_inventaire_Languedoc.xml
JJ54A;656;369;51v;Paris_AN_JJ_inventaire_Languedoc.xml
JJ54A;669;370;52v;Paris_AN_JJ_inventaire_Languedoc.xml
JJ54A;673;371;52v;Paris_AN_JJ_inventaire_Languedoc.xml
JJ54A;674;372;52;Paris_AN_JJ_inventaire_Languedoc.xml
JJ54A;675;373;52v;Paris_AN_JJ_inventaire_Languedoc.xml
JJ54A;679;374;53;Paris_AN_JJ_inventaire_Languedoc.xml
JJ54A;680;375;53;Paris_AN_JJ_inventaire_Languedoc.xml
JJ54A;683;376;53v;Paris_AN_JJ_inventaire_Languedoc.xml
JJ54A;696;377;54v;Paris_AN_JJ_inventaire_Languedoc.xml
JJ54A;697;378;54v;Paris_AN_JJ_inventaire_Languedoc.xml
JJ54B;1;379;1;Paris_AN_JJ_inventaire_Languedoc.xml
JJ54B;12;380;6;Paris_AN_JJ_inventaire_Languedoc.xml
JJ54B;18;381;9;Paris_AN_JJ_inventaire_Languedoc.xml
JJ54B;19;382;9v;Paris_AN_JJ_inventaire_Languedoc.xml
JJ54B;20;383;11v;Paris_AN_JJ_inventaire_Languedoc.xml
JJ54B;31;384;24;Paris_AN_JJ_inventaire_Languedoc.xml
JJ54B;54;385;35v;Paris_AN_JJ_inventaire_Languedoc.xml
JJ54B;60;386;37v;Paris_AN_JJ_inventaire_Languedoc.xml
JJ54B;64;387;40;Paris_AN_JJ_inventaire_Languedoc.xml
JJ54B;75;388;45v;Paris_AN_JJ_inventaire_Languedoc.xml
JJ54B;78;389;49;Paris_AN_JJ_inventaire_Languedoc.xml
JJ55;3;390;2v;Paris_AN_JJ_inventaire_Languedoc.xml
JJ55;47;391;22;Paris_AN_JJ_inventaire_Languedoc.xml
JJ55;49;392;22v;Paris_AN_JJ_inventaire_Languedoc.xml
JJ55;63;393;31;Paris_AN_JJ_inventaire_Languedoc.xml
JJ55;88;394;44;Paris_AN_JJ_inventaire_Languedoc.xml
JJ55;89;395;44v;Paris_AN_JJ_inventaire_Languedoc.xml
JJ55;97bis;396;46v;Paris_AN_JJ_inventaire_Languedoc.xml
JJ55;103;397;51;Paris_AN_JJ_inventaire_Languedoc.xml
JJ55;132;398;62;Paris_AN_JJ_inventaire_Languedoc.xml
JJ55;154;399;70-70v°;Paris_AN_JJ_inventaire_Languedoc.xml
JJ55;159;400;71;Paris_AN_JJ_inventaire_Languedoc.xml
JJ56;7;401;2;Paris_AN_JJ_inventaire_Languedoc.xml
JJ56;33;402;feuilletperdu;Paris_AN_JJ_inventaire_Languedoc.xml
JJ56;84;403;31;Paris_AN_JJ_inventaire_Languedoc.xml
JJ56;105;404;42;Paris_AN_JJ_inventaire_Languedoc.xml
JJ56;108;405;43v;Paris_AN_JJ_inventaire_Languedoc.xml
JJ56;109;406;43v;Paris_AN_JJ_inventaire_Languedoc.xml
JJ56;113;407;44v;Paris_AN_JJ_inventaire_Languedoc.xml
JJ56;154;408;70;Paris_AN_JJ_inventaire_Languedoc.xml
JJ56;160;409;76;Paris_AN_JJ_inventaire_Languedoc.xml
JJ56;168;410;80;Paris_AN_JJ_inventaire_Languedoc.xml
JJ56;190;411;87v;Paris_AN_JJ_inventaire_Languedoc.xml
JJ56;267;412;119v;Paris_AN_JJ_inventaire_Languedoc.xml
JJ56;271;413;120v;Paris_AN_JJ_inventaire_Languedoc.xml
JJ56;274;414;122v;Paris_AN_JJ_inventaire_Languedoc.xml
JJ56;299;415;133v;Paris_AN_JJ_inventaire_Languedoc.xml
JJ56;302;416;137;Paris_AN_JJ_inventaire_Languedoc.xml
JJ56;341;417;151v;Paris_AN_JJ_inventaire_Languedoc.xml
JJ56;343;418;152v;Paris_AN_JJ_inventaire_Languedoc.xml
JJ56;411;419;178v;Paris_AN_JJ_inventaire_Languedoc.xml
JJ56;416;420;180v;Paris_AN_JJ_inventaire_Languedoc.xml
JJ56;439;421;186v;Paris_AN_JJ_inventaire_Languedoc.xml
JJ56;460;422;192;Paris_AN_JJ_inventaire_Languedoc.xml
JJ56;464;423;196;Paris_AN_JJ_inventaire_Languedoc.xml
JJ56;466;424;196v;Paris_AN_JJ_inventaire_Languedoc.xml
JJ56;467;425;197v;Paris_AN_JJ_inventaire_Languedoc.xml
JJ56;502;426;216;Paris_AN_JJ_inventaire_Languedoc.xml
JJ56;504;427;216v;Paris_AN_JJ_inventaire_Languedoc.xml
JJ56;511;428;221;Paris_AN_JJ_inventaire_Languedoc.xml
JJ56;532;429;233;Paris_AN_JJ_inventaire_Languedoc.xml
JJ56;555;430;243;Paris_AN_JJ_inventaire_Languedoc.xml
JJ56;562;431;245v;Paris_AN_JJ_inventaire_Languedoc.xml
JJ56;579;432;252v;Paris_AN_JJ_inventaire_Languedoc.xml
JJ56;623;433;266v;Paris_AN_JJ_inventaire_Languedoc.xml
JJ58;12;434;1v;Paris_AN_JJ_inventaire_Languedoc.xml
JJ58;14;435;1;Paris_AN_JJ_inventaire_Languedoc.xml
JJ58;24;436;2v;Paris_AN_JJ_inventaire_Languedoc.xml
JJ58;34;437;3;Paris_AN_JJ_inventaire_Languedoc.xml
JJ58;35;438;3;Paris_AN_JJ_inventaire_Languedoc.xml
JJ58;38;439;3v;Paris_AN_JJ_inventaire_Languedoc.xml
JJ58;51;440;4;Paris_AN_JJ_inventaire_Languedoc.xml
JJ58;59;441;4v;Paris_AN_JJ_inventaire_Languedoc.xml
JJ58;71;442;5v;Paris_AN_JJ_inventaire_Languedoc.xml
JJ58;72;443;5v;Paris_AN_JJ_inventaire_Languedoc.xml
JJ58;74;444;5v;Paris_AN_JJ_inventaire_Languedoc.xml
JJ58;81;445;6;Paris_AN_JJ_inventaire_Languedoc.xml
JJ58;87;446;6;Paris_AN_JJ_inventaire_Languedoc.xml
JJ58;94;447;6v;Paris_AN_JJ_inventaire_Languedoc.xml
JJ58;97;448;7;Paris_AN_JJ_inventaire_Languedoc.xml
JJ58;101;449;7;Paris_AN_JJ_inventaire_Languedoc.xml
JJ58;102;450;7;Paris_AN_JJ_inventaire_Languedoc.xml
JJ58;130;451;9;Paris_AN_JJ_inventaire_Languedoc.xml
JJ58;139;452;9v;Paris_AN_JJ_inventaire_Languedoc.xml
JJ58;141;453;9;Paris_AN_JJ_inventaire_Languedoc.xml
JJ58;146;454;10;Paris_AN_JJ_inventaire_Languedoc.xml
JJ58;150;455;10;Paris_AN_JJ_inventaire_Languedoc.xml
JJ58;168;456;11;Paris_AN_JJ_inventaire_Languedoc.xml
JJ58;169;457;11;Paris_AN_JJ_inventaire_Languedoc.xml
JJ58;179;458;11v;Paris_AN_JJ_inventaire_Languedoc.xml
JJ58;180;459;11v;Paris_AN_JJ_inventaire_Languedoc.xml
JJ58;187;460;12;Paris_AN_JJ_inventaire_Languedoc.xml
JJ58;189;461;12;Paris_AN_JJ_inventaire_Languedoc.xml
JJ58;222;462;14;Paris_AN_JJ_inventaire_Languedoc.xml
JJ58;229;463;14v;Paris_AN_JJ_inventaire_Languedoc.xml
JJ58;233;464;14bis;Paris_AN_JJ_inventaire_Languedoc.xml
JJ58;251;465;14bisv;Paris_AN_JJ_inventaire_Languedoc.xml
JJ58;264;466;15v;Paris_AN_JJ_inventaire_Languedoc.xml
JJ58;285;467;17;Paris_AN_JJ_inventaire_Languedoc.xml
JJ58;290;468;17v;Paris_AN_JJ_inventaire_Languedoc.xml
JJ58;293;469;17v;Paris_AN_JJ_inventaire_Languedoc.xml
JJ58;300;470;19v;Paris_AN_JJ_inventaire_Languedoc.xml
JJ58;304;471;19v;Paris_AN_JJ_inventaire_Languedoc.xml
JJ58;316;472;20v;Paris_AN_JJ_inventaire_Languedoc.xml
JJ58;345;473;22v;Paris_AN_JJ_inventaire_Languedoc.xml
JJ58;362;474;24v;Paris_AN_JJ_inventaire_Languedoc.xml
JJ58;369;475;25;Paris_AN_JJ_inventaire_Languedoc.xml
JJ58;391;476;35;Paris_AN_JJ_inventaire_Languedoc.xml
JJ58;396;477;36v;Paris_AN_JJ_inventaire_Languedoc.xml
JJ58;427;478;45v;Paris_AN_JJ_inventaire_Languedoc.xml
JJ58;434;479;48;Paris_AN_JJ_inventaire_Languedoc.xml
JJ58;449;480;53v;Paris_AN_JJ_inventaire_Languedoc.xml
JJ58;450bis;481;55;Paris_AN_JJ_inventaire_Languedoc.xml
JJ58;451;482;55v;Paris_AN_JJ_inventaire_Languedoc.xml
JJ58;456;483;57v;Paris_AN_JJ_inventaire_Languedoc.xml
JJ58;457;484;57v;Paris_AN_JJ_inventaire_Languedoc.xml
JJ58;472;485;61v;Paris_AN_JJ_inventaire_Languedoc.xml
JJ58;480;486;65v;Paris_AN_JJ_inventaire_Languedoc.xml
JJ58;481;487;66;Paris_AN_JJ_inventaire_Languedoc.xml
JJ58;482;488;66v;Paris_AN_JJ_inventaire_Languedoc.xml
JJ59;7;489;2v;Paris_AN_JJ_inventaire_Languedoc.xml
JJ59;8;490;2v;Paris_AN_JJ_inventaire_Languedoc.xml
JJ59;11;491;3;Paris_AN_JJ_inventaire_Languedoc.xml
JJ59;13;492;4v;Paris_AN_JJ_inventaire_Languedoc.xml
JJ59;24;493;10;Paris_AN_JJ_inventaire_Languedoc.xml
JJ59;47;494;19;Paris_AN_JJ_inventaire_Languedoc.xml
JJ59;79;495;31v;Paris_AN_JJ_inventaire_Languedoc.xml
JJ59;83;496;33v;Paris_AN_JJ_inventaire_Languedoc.xml
JJ59;105;497;41;Paris_AN_JJ_inventaire_Languedoc.xml
JJ59;108;498;46;Paris_AN_JJ_inventaire_Languedoc.xml
JJ59;122;499;54v;Paris_AN_JJ_inventaire_Languedoc.xml
JJ59;124;500;54v;Paris_AN_JJ_inventaire_Languedoc.xml
JJ59;125;501;55;Paris_AN_JJ_inventaire_Languedoc.xml
JJ59;130;502;56v;Paris_AN_JJ_inventaire_Languedoc.xml
JJ59;156;503;65v;Paris_AN_JJ_inventaire_Languedoc.xml
JJ59;159;504;67;Paris_AN_JJ_inventaire_Languedoc.xml
JJ59;174;505;75;Paris_AN_JJ_inventaire_Languedoc.xml
JJ59;180;506;78;Paris_AN_JJ_inventaire_Languedoc.xml
JJ59;182;507;81;Paris_AN_JJ_inventaire_Languedoc.xml
JJ59;221;508;103;Paris_AN_JJ_inventaire_Languedoc.xml
JJ59;229;509;106v;Paris_AN_JJ_inventaire_Languedoc.xml
JJ59;231;510;108v;Paris_AN_JJ_inventaire_Languedoc.xml
JJ59;232;511;110;Paris_AN_JJ_inventaire_Languedoc.xml
JJ59;236;512;112v;Paris_AN_JJ_inventaire_Languedoc.xml
JJ59;248;513;119v;Paris_AN_JJ_inventaire_Languedoc.xml
JJ59;249;514;120;Paris_AN_JJ_inventaire_Languedoc.xml
JJ59;250;515;121;Paris_AN_JJ_inventaire_Languedoc.xml
JJ59;255;516;123v;Paris_AN_JJ_inventaire_Languedoc.xml
JJ59;290;517;139;Paris_AN_JJ_inventaire_Languedoc.xml
JJ59;301;518;143;Paris_AN_JJ_inventaire_Languedoc.xml
JJ59;306;519;145;Paris_AN_JJ_inventaire_Languedoc.xml
JJ59;309;520;148;Paris_AN_JJ_inventaire_Languedoc.xml
JJ59;311;521;152;Paris_AN_JJ_inventaire_Languedoc.xml
JJ59;313;522;156;Paris_AN_JJ_inventaire_Languedoc.xml
JJ59;315;523;159;Paris_AN_JJ_inventaire_Languedoc.xml
JJ59;318;524;164;Paris_AN_JJ_inventaire_Languedoc.xml
JJ59;320;525;169;Paris_AN_JJ_inventaire_Languedoc.xml
JJ59;325;526;172;Paris_AN_JJ_inventaire_Languedoc.xml
JJ59;343;527;180;Paris_AN_JJ_inventaire_Languedoc.xml
JJ59;344;528;182v;Paris_AN_JJ_inventaire_Languedoc.xml
JJ59;345;529;184v;Paris_AN_JJ_inventaire_Languedoc.xml
JJ59;347;530;189v;Paris_AN_JJ_inventaire_Languedoc.xml
JJ59;349;531;191;Paris_AN_JJ_inventaire_Languedoc.xml
JJ59;351;532;193;Paris_AN_JJ_inventaire_Languedoc.xml
JJ59;355;533;197;Paris_AN_JJ_inventaire_Languedoc.xml
JJ59;356;534;199;Paris_AN_JJ_inventaire_Languedoc.xml
JJ59;357;535;201;Paris_AN_JJ_inventaire_Languedoc.xml
JJ59;358;536;202;Paris_AN_JJ_inventaire_Languedoc.xml
JJ59;365;537;205v;Paris_AN_JJ_inventaire_Languedoc.xml
JJ59;370;538;208;Paris_AN_JJ_inventaire_Languedoc.xml
JJ59;371;539;210;Paris_AN_JJ_inventaire_Languedoc.xml
JJ59;374;540;211v;Paris_AN_JJ_inventaire_Languedoc.xml
JJ59;381;541;217;Paris_AN_JJ_inventaire_Languedoc.xml
JJ59;382;542;218;Paris_AN_JJ_inventaire_Languedoc.xml
JJ59;390;543;221;Paris_AN_JJ_inventaire_Languedoc.xml
JJ59;399;544;224;Paris_AN_JJ_inventaire_Languedoc.xml
JJ59;406;545;230;Paris_AN_JJ_inventaire_Languedoc.xml
JJ59;408;546;231v;Paris_AN_JJ_inventaire_Languedoc.xml
JJ59;409;547;232;Paris_AN_JJ_inventaire_Languedoc.xml
JJ59;425;548;237;Paris_AN_JJ_inventaire_Languedoc.xml
JJ59;433;549;241v;Paris_AN_JJ_inventaire_Languedoc.xml
JJ59;436;550;242;Paris_AN_JJ_inventaire_Languedoc.xml
JJ59;445;551;245v;Paris_AN_JJ_inventaire_Languedoc.xml
JJ59;466;552;254v;Paris_AN_JJ_inventaire_Languedoc.xml
JJ59;468;553;254v;Paris_AN_JJ_inventaire_Languedoc.xml
JJ59;488;554;263;Paris_AN_JJ_inventaire_Languedoc.xml
JJ59;490;555;265;Paris_AN_JJ_inventaire_Languedoc.xml
JJ59;492;556;269;Paris_AN_JJ_inventaire_Languedoc.xml
JJ59;507;557;273v;Paris_AN_JJ_inventaire_Languedoc.xml
JJ59;525;558;280;Paris_AN_JJ_inventaire_Languedoc.xml
JJ59;526;559;281;Paris_AN_JJ_inventaire_Languedoc.xml
JJ59;528;560;284;Paris_AN_JJ_inventaire_Languedoc.xml
JJ59;538;561;290;Paris_AN_JJ_inventaire_Languedoc.xml
JJ59;539;562;290v;Paris_AN_JJ_inventaire_Languedoc.xml
JJ59;540;563;293v;Paris_AN_JJ_inventaire_Languedoc.xml
JJ59;541;564;294;Paris_AN_JJ_inventaire_Languedoc.xml
JJ59;552;565;304v;Paris_AN_JJ_inventaire_Languedoc.xml
JJ59;553;566;304v;Paris_AN_JJ_inventaire_Languedoc.xml
JJ59;554;567;305;Paris_AN_JJ_inventaire_Languedoc.xml
JJ59;555;568;307v;Paris_AN_JJ_inventaire_Languedoc.xml
JJ59;556;569;309;Paris_AN_JJ_inventaire_Languedoc.xml
JJ59;558;570;311;Paris_AN_JJ_inventaire_Languedoc.xml
JJ59;563;571;314;Paris_AN_JJ_inventaire_Languedoc.xml
JJ59;578;572;321;Paris_AN_JJ_inventaire_Languedoc.xml
JJ59;602;573;331;Paris_AN_JJ_inventaire_Languedoc.xml
JJ59;620;574;338v;Paris_AN_JJ_inventaire_Languedoc.xml
JJ60;39;575;17;Paris_AN_JJ_inventaire_Languedoc.xml
JJ60;47bis;576;22;Paris_AN_JJ_inventaire_Languedoc.xml
JJ60;48;577;22;Paris_AN_JJ_inventaire_Languedoc.xml
JJ60;49;578;22v;Paris_AN_JJ_inventaire_Languedoc.xml
JJ60;69;579;37;Paris_AN_JJ_inventaire_Languedoc.xml
JJ60;72;580;49;Paris_AN_JJ_inventaire_Languedoc.xml
JJ60;78;581;52v;Paris_AN_JJ_inventaire_Languedoc.xml
JJ60;107;582;74v;Paris_AN_JJ_inventaire_Languedoc.xml
JJ60;109;583;75;Paris_AN_JJ_inventaire_Languedoc.xml
JJ60;123;584;85;Paris_AN_JJ_inventaire_Languedoc.xml
JJ60;138;585;92;Paris_AN_JJ_inventaire_Languedoc.xml
JJ60;139;586;92;Paris_AN_JJ_inventaire_Languedoc.xml
JJ60;154;587;98;Paris_AN_JJ_inventaire_Languedoc.xml
JJ60;160;588;100v;Paris_AN_JJ_inventaire_Languedoc.xml
JJ60;162;589;103v;Paris_AN_JJ_inventaire_Languedoc.xml
JJ60;168;590;106v;Paris_AN_JJ_inventaire_Languedoc.xml
JJ60;169;591;107;Paris_AN_JJ_inventaire_Languedoc.xml
JJ60;171;592;107v;Paris_AN_JJ_inventaire_Languedoc.xml
JJ60;176;593;108v;Paris_AN_JJ_inventaire_Languedoc.xml
JJ60;177;594;109;Paris_AN_JJ_inventaire_Languedoc.xml
JJ60;193;595;122;Paris_AN_JJ_inventaire_Languedoc.xml
JJ60;195;596;122v;Paris_AN_JJ_inventaire_Languedoc.xml
JJ60;214;597;133v;Paris_AN_JJ_inventaire_Languedoc.xml
JJ60;218;598;135v;Paris_AN_JJ_inventaire_Languedoc.xml
JJ61;2;599;1v;Paris_AN_JJ_inventaire_Languedoc.xml
JJ61;11;600;11v;Paris_AN_JJ_inventaire_Languedoc.xml
JJ61;30;601;10v;Paris_AN_JJ_inventaire_Languedoc.xml
JJ61;56;602;20v;Paris_AN_JJ_inventaire_Languedoc.xml
JJ61;65;603;26;Paris_AN_JJ_inventaire_Languedoc.xml
JJ61;69;604;27;Paris_AN_JJ_inventaire_Languedoc.xml
JJ61;77;605;30;Paris_AN_JJ_inventaire_Languedoc.xml
JJ61;93;605;34v;Paris_AN_JJ_inventaire_Languedoc.xml
JJ61;80;606;30;Paris_AN_JJ_inventaire_Languedoc.xml
JJ61;102;607;38;Paris_AN_JJ_inventaire_Languedoc.xml
JJ61;103;608;38;Paris_AN_JJ_inventaire_Languedoc.xml
JJ61;104;609;38;Paris_AN_JJ_inventaire_Languedoc.xml
JJ61;106;610;41;Paris_AN_JJ_inventaire_Languedoc.xml
JJ61;107;611;41;Paris_AN_JJ_inventaire_Languedoc.xml
JJ61;113;612;43;Paris_AN_JJ_inventaire_Languedoc.xml
JJ61;117;613;46;Paris_AN_JJ_inventaire_Languedoc.xml
JJ61;121;614;49;Paris_AN_JJ_inventaire_Languedoc.xml
JJ61;128;615;57;Paris_AN_JJ_inventaire_Languedoc.xml
JJ61;129;616;57;Paris_AN_JJ_inventaire_Languedoc.xml
JJ61;140;617;63;Paris_AN_JJ_inventaire_Languedoc.xml
JJ61;149;618;67v;Paris_AN_JJ_inventaire_Languedoc.xml
JJ61;159;619;73;Paris_AN_JJ_inventaire_Languedoc.xml
JJ61;162;620;73v;Paris_AN_JJ_inventaire_Languedoc.xml
JJ61;163;621;74v;Paris_AN_JJ_inventaire_Languedoc.xml
JJ61;165;622;76v;Paris_AN_JJ_inventaire_Languedoc.xml
JJ61;166;623;78v;Paris_AN_JJ_inventaire_Languedoc.xml
JJ61;167;624;79v;Paris_AN_JJ_inventaire_Languedoc.xml
JJ61;168;625;80v;Paris_AN_JJ_inventaire_Languedoc.xml
JJ61;177;626;84v;Paris_AN_JJ_inventaire_Languedoc.xml
JJ61;213;627;104;Paris_AN_JJ_inventaire_Languedoc.xml
JJ61;223;628;107;Paris_AN_JJ_inventaire_Languedoc.xml
JJ61;226;629;108v;Paris_AN_JJ_inventaire_Languedoc.xml
JJ61;234;630;111;Paris_AN_JJ_inventaire_Languedoc.xml
JJ61;246;631;112;Paris_AN_JJ_inventaire_Languedoc.xml
JJ61;251;632;115v;Paris_AN_JJ_inventaire_Languedoc.xml
JJ61;256;633;116v;Paris_AN_JJ_inventaire_Languedoc.xml
JJ61;261;634;119v;Paris_AN_JJ_inventaire_Languedoc.xml
JJ61;267;635;121;Paris_AN_JJ_inventaire_Languedoc.xml
JJ61;270;636;122;Paris_AN_JJ_inventaire_Languedoc.xml
JJ61;271;637;122;Paris_AN_JJ_inventaire_Languedoc.xml
JJ61;279;638;124v;Paris_AN_JJ_inventaire_Languedoc.xml
JJ61;280;639;124v;Paris_AN_JJ_inventaire_Languedoc.xml
JJ61;292;640;131;Paris_AN_JJ_inventaire_Languedoc.xml
JJ61;309;641;135v;Paris_AN_JJ_inventaire_Languedoc.xml
JJ61;318;642;138v;Paris_AN_JJ_inventaire_Languedoc.xml
JJ61;321;643;140v;Paris_AN_JJ_inventaire_Languedoc.xml
JJ61;322;644;141;Paris_AN_JJ_inventaire_Languedoc.xml
JJ61;343;645;147v;Paris_AN_JJ_inventaire_Languedoc.xml
JJ61;357;646;155;Paris_AN_JJ_inventaire_Languedoc.xml
JJ61;387;647;164;Paris_AN_JJ_inventaire_Languedoc.xml
JJ61;421;648;173;Paris_AN_JJ_inventaire_Languedoc.xml
JJ61;425;649;175v;Paris_AN_JJ_inventaire_Languedoc.xml
JJ61;428;650;177v;Paris_AN_JJ_inventaire_Languedoc.xml
JJ61;431;651;182;Paris_AN_JJ_inventaire_Languedoc.xml
JJ61;433;652;185;Paris_AN_JJ_inventaire_Languedoc.xml
JJ61;440;653;191v;Paris_AN_JJ_inventaire_Languedoc.xml
JJ61;448;654;200;Paris_AN_JJ_inventaire_Languedoc.xml
JJ61;456;655;206;Paris_AN_JJ_inventaire_Languedoc.xml
JJ61;458;656;206v;Paris_AN_JJ_inventaire_Languedoc.xml
JJ61;459;657;207;Paris_AN_JJ_inventaire_Languedoc.xml
JJ61;486;658;218v;Paris_AN_JJ_inventaire_Languedoc.xml
JJ62;2;659;8v;Paris_AN_JJ_inventaire_Languedoc.xml
JJ62;3;660;8v;Paris_AN_JJ_inventaire_Languedoc.xml
JJ62;6;661;9;Paris_AN_JJ_inventaire_Languedoc.xml
JJ62;7;662;9v;Paris_AN_JJ_inventaire_Languedoc.xml
JJ62;9;663;10;Paris_AN_JJ_inventaire_Languedoc.xml
JJ62;11;664;10v;Paris_AN_JJ_inventaire_Languedoc.xml
JJ62;12;665;11;Paris_AN_JJ_inventaire_Languedoc.xml
JJ62;15;666;12;Paris_AN_JJ_inventaire_Languedoc.xml
JJ62;17;667;12;Paris_AN_JJ_inventaire_Languedoc.xml
JJ62;19;668;12v;Paris_AN_JJ_inventaire_Languedoc.xml
JJ62;24;669;14;Paris_AN_JJ_inventaire_Languedoc.xml
JJ62;25;670;14;Paris_AN_JJ_inventaire_Languedoc.xml
JJ62;29;671;16;Paris_AN_JJ_inventaire_Languedoc.xml
JJ62;30;672;16;Paris_AN_JJ_inventaire_Languedoc.xml
JJ62;39;673;20;Paris_AN_JJ_inventaire_Languedoc.xml
JJ62;47;674;24v;Paris_AN_JJ_inventaire_Languedoc.xml
JJ62;62;675;36v;Paris_AN_JJ_inventaire_Languedoc.xml
JJ62;63;676;36v;Paris_AN_JJ_inventaire_Languedoc.xml
JJ62;81;678;48v;Paris_AN_JJ_inventaire_Languedoc.xml
JJ62;89;679;54;Paris_AN_JJ_inventaire_Languedoc.xml
JJ62;90;680;54v;Paris_AN_JJ_inventaire_Languedoc.xml
JJ62;100;681;59v;Paris_AN_JJ_inventaire_Languedoc.xml
JJ62;101;681;59v;Paris_AN_JJ_inventaire_Languedoc.xml
JJ62;110;682;65v;Paris_AN_JJ_inventaire_Languedoc.xml
JJ62;112;683;66v;Paris_AN_JJ_inventaire_Languedoc.xml
JJ62;115;684;67bisv;Paris_AN_JJ_inventaire_Languedoc.xml
JJ62;116;685;67bisv;Paris_AN_JJ_inventaire_Languedoc.xml
JJ62;117;686;67bisv;Paris_AN_JJ_inventaire_Languedoc.xml
JJ62;119;687;68;Paris_AN_JJ_inventaire_Languedoc.xml
JJ62;120;688;69v;Paris_AN_JJ_inventaire_Languedoc.xml
JJ62;126;689;70;Paris_AN_JJ_inventaire_Languedoc.xml
JJ62;132;690;71v;Paris_AN_JJ_inventaire_Languedoc.xml
JJ62;135;691;73;Paris_AN_JJ_inventaire_Languedoc.xml
JJ62;136;692;73;Paris_AN_JJ_inventaire_Languedoc.xml
JJ62;139;693;74;Paris_AN_JJ_inventaire_Languedoc.xml
JJ62;168;694;92v;Paris_AN_JJ_inventaire_Languedoc.xml
JJ62;189;695;101v;Paris_AN_JJ_inventaire_Languedoc.xml
JJ62;211;696;121v;Paris_AN_JJ_inventaire_Languedoc.xml
JJ62;216;697;124v;Paris_AN_JJ_inventaire_Languedoc.xml
JJ62;228;698;132;Paris_AN_JJ_inventaire_Languedoc.xml
JJ62;252;699;143v;Paris_AN_JJ_inventaire_Languedoc.xml
JJ62;254;700;144v;Paris_AN_JJ_inventaire_Languedoc.xml
JJ62;276;701;154;Paris_AN_JJ_inventaire_Languedoc.xml
JJ62;292;702;165v;Paris_AN_JJ_inventaire_Languedoc.xml
JJ62;298;703;169;Paris_AN_JJ_inventaire_Languedoc.xml
JJ62;331;704;184;Paris_AN_JJ_inventaire_Languedoc.xml
JJ62;339;705;189v;Paris_AN_JJ_inventaire_Languedoc.xml
JJ62;355;706;196;Paris_AN_JJ_inventaire_Languedoc.xml
JJ62;363;707;206;Paris_AN_JJ_inventaire_Languedoc.xml
JJ62;366;708;207;Paris_AN_JJ_inventaire_Languedoc.xml
JJ62;392;709;214v;Paris_AN_JJ_inventaire_Languedoc.xml
JJ62;395;710;215v;Paris_AN_JJ_inventaire_Languedoc.xml
JJ62;423;711;234;Paris_AN_JJ_inventaire_Languedoc.xml
JJ62;439;712;240v;Paris_AN_JJ_inventaire_Languedoc.xml
JJ62;458;713;249;Paris_AN_JJ_inventaire_Languedoc.xml
JJ62;467;714;251v;Paris_AN_JJ_inventaire_Languedoc.xml
JJ62;468;715;252v;Paris_AN_JJ_inventaire_Languedoc.xml
JJ62;494;716;283;Paris_AN_JJ_inventaire_Languedoc.xml
JJ62;505;717;269v;Paris_AN_JJ_inventaire_Languedoc.xml
JJ62;514;718;271;Paris_AN_JJ_inventaire_Languedoc.xml
JJ62;523;719;275v;Paris_AN_JJ_inventaire_Languedoc.xml
JJ62;524;720;277v;Paris_AN_JJ_inventaire_Languedoc.xml
JJ64;3;721;3;Paris_AN_JJ_inventaire_Languedoc.xml
JJ64;35;722;10;Paris_AN_JJ_inventaire_Languedoc.xml
JJ64;48;723;23;Paris_AN_JJ_inventaire_Languedoc.xml
JJ64;58;724;29v;Paris_AN_JJ_inventaire_Languedoc.xml
JJ64;59;725;32;Paris_AN_JJ_inventaire_Languedoc.xml
JJ64;63;726;34v;Paris_AN_JJ_inventaire_Languedoc.xml
JJ64;69;727;36v;Paris_AN_JJ_inventaire_Languedoc.xml
JJ64;86;728;45v;Paris_AN_JJ_inventaire_Languedoc.xml
JJ64;98;729;51;Paris_AN_JJ_inventaire_Languedoc.xml
JJ64;102;730;54;Paris_AN_JJ_inventaire_Languedoc.xml
JJ64;104;731;55;Paris_AN_JJ_inventaire_Languedoc.xml
JJ64;112;732;61;Paris_AN_JJ_inventaire_Languedoc.xml
JJ64;115;733;64;Paris_AN_JJ_inventaire_Languedoc.xml
JJ64;124;734;67;Paris_AN_JJ_inventaire_Languedoc.xml
JJ64;132;735;74v;Paris_AN_JJ_inventaire_Languedoc.xml
JJ64;150;736;85;Paris_AN_JJ_inventaire_Languedoc.xml
JJ64;191;737;105v;Paris_AN_JJ_inventaire_Languedoc.xml
JJ64;192;738;106;Paris_AN_JJ_inventaire_Languedoc.xml
JJ64;207;739;117;Paris_AN_JJ_inventaire_Languedoc.xml
JJ64;218;740;123;Paris_AN_JJ_inventaire_Languedoc.xml
JJ64;219;741;124;Paris_AN_JJ_inventaire_Languedoc.xml
JJ64;282;742;138v;Paris_AN_JJ_inventaire_Languedoc.xml
JJ64;288;743;142v;Paris_AN_JJ_inventaire_Languedoc.xml
JJ64;289;744;143à144v;Paris_AN_JJ_inventaire_Languedoc.xml
JJ64;340;744bis;171;Paris_AN_JJ_inventaire_Languedoc.xml
JJ64;400;745;206v;Paris_AN_JJ_inventaire_Languedoc.xml
JJ64;407;746;212;Paris_AN_JJ_inventaire_Languedoc.xml
JJ64;417;747;216v;Paris_AN_JJ_inventaire_Languedoc.xml
JJ64;419;748;217;Paris_AN_JJ_inventaire_Languedoc.xml
JJ64;432;749;227v;Paris_AN_JJ_inventaire_Languedoc.xml
JJ64;443;750;232;Paris_AN_JJ_inventaire_Languedoc.xml
JJ64;453;751;241;Paris_AN_JJ_inventaire_Languedoc.xml
JJ64;477;752;258v;Paris_AN_JJ_inventaire_Languedoc.xml
JJ64;480;753;260v;Paris_AN_JJ_inventaire_Languedoc.xml
JJ64;492;754;266;Paris_AN_JJ_inventaire_Languedoc.xml
JJ64;501;755;278;Paris_AN_JJ_inventaire_Languedoc.xml
JJ64;521;756;292v;Paris_AN_JJ_inventaire_Languedoc.xml
JJ64;533;757;299;Paris_AN_JJ_inventaire_Languedoc.xml
JJ64;542;758;302;Paris_AN_JJ_inventaire_Languedoc.xml
JJ64;546;759;303;Paris_AN_JJ_inventaire_Languedoc.xml
JJ64;547;760;304;Paris_AN_JJ_inventaire_Languedoc.xml
JJ64;553;761;314;Paris_AN_JJ_inventaire_Languedoc.xml
JJ64;563;762;323v;Paris_AN_JJ_inventaire_Languedoc.xml
JJ64;565;763;325;Paris_AN_JJ_inventaire_Languedoc.xml
JJ64;575;764;330;Paris_AN_JJ_inventaire_Languedoc.xml
JJ64;581;765;332;Paris_AN_JJ_inventaire_Languedoc.xml
JJ64;626;766;355v;Paris_AN_JJ_inventaire_Languedoc.xml
JJ64;633;767;362;Paris_AN_JJ_inventaire_Languedoc.xml
JJ64;653;768;378v;Paris_AN_JJ_inventaire_Languedoc.xml
JJ64;678;769;395;Paris_AN_JJ_inventaire_Languedoc.xml
JJ64;709;770;411v;Paris_AN_JJ_inventaire_Languedoc.xml
JJ64;741;771;437v;Paris_AN_JJ_inventaire_Languedoc.xml
JJ64;746;772;442;Paris_AN_JJ_inventaire_Languedoc.xml
JJ64;751;773;442;Paris_AN_JJ_inventaire_Languedoc.xml
JJ65A;4;774;1v;Paris_AN_JJ_inventaire_Languedoc.xml
JJ65A;30;775;15v;Paris_AN_JJ_inventaire_Languedoc.xml
JJ65A;31;776;16;Paris_AN_JJ_inventaire_Languedoc.xml
JJ65A;32;777;18;Paris_AN_JJ_inventaire_Languedoc.xml
JJ65A;35;778;21v;Paris_AN_JJ_inventaire_Languedoc.xml
JJ65A;39;779;23v;Paris_AN_JJ_inventaire_Languedoc.xml
JJ65A;42;780;25v;Paris_AN_JJ_inventaire_Languedoc.xml
JJ65A;46;781;31v;Paris_AN_JJ_inventaire_Languedoc.xml
JJ65A;55;782;46;Paris_AN_JJ_inventaire_Languedoc.xml
JJ65A;58;783;48;Paris_AN_JJ_inventaire_Languedoc.xml
JJ65A;60;784;50;Paris_AN_JJ_inventaire_Languedoc.xml
JJ65A;62;785;52v;Paris_AN_JJ_inventaire_Languedoc.xml
JJ65A;65;786;58;Paris_AN_JJ_inventaire_Languedoc.xml
JJ65A;76;787;62v;Paris_AN_JJ_inventaire_Languedoc.xml
JJ65A;80;788;64;Paris_AN_JJ_inventaire_Languedoc.xml
JJ65A;81;789;66;Paris_AN_JJ_inventaire_Languedoc.xml
JJ65A;91;790;71;Paris_AN_JJ_inventaire_Languedoc.xml
JJ65A;97;791;74;Paris_AN_JJ_inventaire_Languedoc.xml
JJ65A;108;792;78v;Paris_AN_JJ_inventaire_Languedoc.xml
JJ65A;109;793;78v;Paris_AN_JJ_inventaire_Languedoc.xml
JJ65A;113;794;81v;Paris_AN_JJ_inventaire_Languedoc.xml
JJ65A;115;795;81;Paris_AN_JJ_inventaire_Languedoc.xml
JJ65A;125;796;86v;Paris_AN_JJ_inventaire_Languedoc.xml
JJ65A;135;797;96;Paris_AN_JJ_inventaire_Languedoc.xml
JJ65A;146;798;103;Paris_AN_JJ_inventaire_Languedoc.xml
JJ65A;147;799;103v;Paris_AN_JJ_inventaire_Languedoc.xml
JJ65A;148;800;103v;Paris_AN_JJ_inventaire_Languedoc.xml
JJ65A;166;801;115;Paris_AN_JJ_inventaire_Languedoc.xml
JJ65A;181;802;124;Paris_AN_JJ_inventaire_Languedoc.xml
JJ65A;187;803;126;Paris_AN_JJ_inventaire_Languedoc.xml
;;804;;Paris_AN_JJ_inventaire_Languedoc.xml
JJ65A;210;805;139;Paris_AN_JJ_inventaire_Languedoc.xml
JJ65A;217;806;145;Paris_AN_JJ_inventaire_Languedoc.xml
JJ65A;219;807;147;Paris_AN_JJ_inventaire_Languedoc.xml
JJ65A;221;808;148v;Paris_AN_JJ_inventaire_Languedoc.xml
JJ65A;223;809;149;Paris_AN_JJ_inventaire_Languedoc.xml
JJ65A;236;810;156v;Paris_AN_JJ_inventaire_Languedoc.xml
JJ65A;241;811;157v;Paris_AN_JJ_inventaire_Languedoc.xml
JJ65A;248bis;812;160;Paris_AN_JJ_inventaire_Languedoc.xml
JJ65A;249;813;160v;Paris_AN_JJ_inventaire_Languedoc.xml
JJ65A;250;814;160v;Paris_AN_JJ_inventaire_Languedoc.xml
JJ65A;262;815;180;Paris_AN_JJ_inventaire_Languedoc.xml
JJ65A;268bis;816;185;Paris_AN_JJ_inventaire_Languedoc.xml
JJ65A;269;817;185;Paris_AN_JJ_inventaire_Languedoc.xml
JJ65A;270;818;185v;Paris_AN_JJ_inventaire_Languedoc.xml
JJ65B;35;819;11;Paris_AN_JJ_inventaire_Languedoc.xml
JJ65B;50;820;13;Paris_AN_JJ_inventaire_Languedoc.xml
JJ65B;67;821;15v;Paris_AN_JJ_inventaire_Languedoc.xml
JJ65B;82;822;20v;Paris_AN_JJ_inventaire_Languedoc.xml
JJ65B;94;823;23v;Paris_AN_JJ_inventaire_Languedoc.xml
JJ65B;97;824;24v;Paris_AN_JJ_inventaire_Languedoc.xml
JJ65B;103;825;26;Paris_AN_JJ_inventaire_Languedoc.xml
JJ65B;105;826;27;Paris_AN_JJ_inventaire_Languedoc.xml
JJ65B;107;827;29;Paris_AN_JJ_inventaire_Languedoc.xml
JJ65B;137;829;35;Paris_AN_JJ_inventaire_Languedoc.xml
JJ65B;149;830;40;Paris_AN_JJ_inventaire_Languedoc.xml
JJ65B;158;831;43;Paris_AN_JJ_inventaire_Languedoc.xml
JJ65B;172;832;46;Paris_AN_JJ_inventaire_Languedoc.xml
JJ65B;177;833;47v;Paris_AN_JJ_inventaire_Languedoc.xml
JJ65B;188ter;834;51v;Paris_AN_JJ_inventaire_Languedoc.xml
JJ65B;197;835;57;Paris_AN_JJ_inventaire_Languedoc.xml
JJ65B;202;836;58v;Paris_AN_JJ_inventaire_Languedoc.xml
JJ65B;207;837;62;Paris_AN_JJ_inventaire_Languedoc.xml
JJ65B;219;838;68v;Paris_AN_JJ_inventaire_Languedoc.xml
JJ65B;241;839;75;Paris_AN_JJ_inventaire_Languedoc.xml
JJ65B;244;840;77;Paris_AN_JJ_inventaire_Languedoc.xml
JJ65B;249;841;80;Paris_AN_JJ_inventaire_Languedoc.xml
JJ65B;254;842;80v;Paris_AN_JJ_inventaire_Languedoc.xml
JJ65B;267;843;83;Paris_AN_JJ_inventaire_Languedoc.xml
JJ65B;311;844;104;Paris_AN_JJ_inventaire_Languedoc.xml
JJ65B;316;845;106;Paris_AN_JJ_inventaire_Languedoc.xml
JJ65B;319;846;107;Paris_AN_JJ_inventaire_Languedoc.xml
JJ65B;332;847;115;Paris_AN_JJ_inventaire_Languedoc.xml
JJ65B;339;848;116;Paris_AN_JJ_inventaire_Languedoc.xml
JJ66;31;849;10v;Paris_AN_JJ_inventaire_Languedoc.xml
JJ66;62;850;17v;Paris_AN_JJ_inventaire_Languedoc.xml
JJ66;63;851;17v;Paris_AN_JJ_inventaire_Languedoc.xml
JJ66;67;852;18;Paris_AN_JJ_inventaire_Languedoc.xml
JJ66;77;853;21v;Paris_AN_JJ_inventaire_Languedoc.xml
JJ66;101;854;34v;Paris_AN_JJ_inventaire_Languedoc.xml
JJ66;116;855;39;Paris_AN_JJ_inventaire_Languedoc.xml
JJ66;117;856;39v;Paris_AN_JJ_inventaire_Languedoc.xml
JJ66;118;857;41;Paris_AN_JJ_inventaire_Languedoc.xml
JJ66;134;858;49;Paris_AN_JJ_inventaire_Languedoc.xml
JJ66;149;858;57;Paris_AN_JJ_inventaire_Languedoc.xml
JJ66;172;859;65;Paris_AN_JJ_inventaire_Languedoc.xml
JJ66;143;860;53;Paris_AN_JJ_inventaire_Languedoc.xml
JJ66;144;861;53v;Paris_AN_JJ_inventaire_Languedoc.xml
JJ66;186;862;68;Paris_AN_JJ_inventaire_Languedoc.xml
JJ66;187;863;68v;Paris_AN_JJ_inventaire_Languedoc.xml
JJ66;194;864;70;Paris_AN_JJ_inventaire_Languedoc.xml
JJ66;233;865;84v;Paris_AN_JJ_inventaire_Languedoc.xml
JJ66;266;866;99v;Paris_AN_JJ_inventaire_Languedoc.xml
JJ66;292;867;110v;Paris_AN_JJ_inventaire_Languedoc.xml
JJ66;293;868;110v;Paris_AN_JJ_inventaire_Languedoc.xml
JJ66;297;869;112v;Paris_AN_JJ_inventaire_Languedoc.xml
JJ66;317;870;122v;Paris_AN_JJ_inventaire_Languedoc.xml
JJ66;341;871;132v;Paris_AN_JJ_inventaire_Languedoc.xml
JJ66;345;872;134;Paris_AN_JJ_inventaire_Languedoc.xml
JJ66;577;872;246v;Paris_AN_JJ_inventaire_Languedoc.xml
JJ66;360;873;140;Paris_AN_JJ_inventaire_Languedoc.xml
JJ66;381;873;150;Paris_AN_JJ_inventaire_Languedoc.xml
JJ66;245;874;171;Paris_AN_JJ_inventaire_Languedoc.xml
JJ66;443;875;180v;Paris_AN_JJ_inventaire_Languedoc.xml
JJ66;502;876;203v;Paris_AN_JJ_inventaire_Languedoc.xml
JJ66;507;877;205v;Paris_AN_JJ_inventaire_Languedoc.xml
JJ66;508;877bis;206;Paris_AN_JJ_inventaire_Languedoc.xml
JJ66;524;878;217v;Paris_AN_JJ_inventaire_Languedoc.xml
JJ66;525;879;218;Paris_AN_JJ_inventaire_Languedoc.xml
JJ66;527;880;220;Paris_AN_JJ_inventaire_Languedoc.xml
JJ66;530;881;224;Paris_AN_JJ_inventaire_Languedoc.xml
JJ66;538;882;230;Paris_AN_JJ_inventaire_Languedoc.xml
JJ66;574;883;245v;Paris_AN_JJ_inventaire_Languedoc.xml
JJ66;593;884;253;Paris_AN_JJ_inventaire_Languedoc.xml
JJ66;594;885;253;Paris_AN_JJ_inventaire_Languedoc.xml
JJ66;613;886;259;Paris_AN_JJ_inventaire_Languedoc.xml
JJ66;628;887;264;Paris_AN_JJ_inventaire_Languedoc.xml
JJ66;637;888;267;Paris_AN_JJ_inventaire_Languedoc.xml
JJ66;640;889;268v;Paris_AN_JJ_inventaire_Languedoc.xml
JJ66;670;890;278;Paris_AN_JJ_inventaire_Languedoc.xml
JJ66;692;891;283v;Paris_AN_JJ_inventaire_Languedoc.xml
JJ66;715;892;290;Paris_AN_JJ_inventaire_Languedoc.xml
JJ66;722;893;292v;Paris_AN_JJ_inventaire_Languedoc.xml
JJ66;723;894;293;Paris_AN_JJ_inventaire_Languedoc.xml
JJ66;724;895;294;Paris_AN_JJ_inventaire_Languedoc.xml
JJ66;750;896;312;Paris_AN_JJ_inventaire_Languedoc.xml
JJ66;752;897;313;Paris_AN_JJ_inventaire_Languedoc.xml
JJ66;754;898;314;Paris_AN_JJ_inventaire_Languedoc.xml
JJ66;767;899;319v;Paris_AN_JJ_inventaire_Languedoc.xml
JJ66;771;900;320v;Paris_AN_JJ_inventaire_Languedoc.xml
JJ66;795;901;331;Paris_AN_JJ_inventaire_Languedoc.xml
JJ66;832;902;339;Paris_AN_JJ_inventaire_Languedoc.xml
JJ66;834;903;339v;Paris_AN_JJ_inventaire_Languedoc.xml
JJ66;866;904;350;Paris_AN_JJ_inventaire_Languedoc.xml
JJ66;875;905;353v;Paris_AN_JJ_inventaire_Languedoc.xml
JJ66;891;906;368v;Paris_AN_JJ_inventaire_Languedoc.xml
JJ66;892;907;369v;Paris_AN_JJ_inventaire_Languedoc.xml
JJ66;903;908;372;Paris_AN_JJ_inventaire_Languedoc.xml
JJ66;923;909;375v;Paris_AN_JJ_inventaire_Languedoc.xml
JJ66;924;910;378;Paris_AN_JJ_inventaire_Languedoc.xml
JJ66;926;911;382v;Paris_AN_JJ_inventaire_Languedoc.xml
JJ66;935;912;386v;Paris_AN_JJ_inventaire_Languedoc.xml
JJ66;940;913;388;Paris_AN_JJ_inventaire_Languedoc.xml
JJ66;942;914;388;Paris_AN_JJ_inventaire_Languedoc.xml
JJ66;947;915;389v;Paris_AN_JJ_inventaire_Languedoc.xml
JJ66;948;916;391;Paris_AN_JJ_inventaire_Languedoc.xml
JJ66;957;917;395v;Paris_AN_JJ_inventaire_Languedoc.xml
JJ66;968;918;399v;Paris_AN_JJ_inventaire_Languedoc.xml
JJ66;993;919;414v;Paris_AN_JJ_inventaire_Languedoc.xml
JJ66;1003;920;420v;Paris_AN_JJ_inventaire_Languedoc.xml
JJ66;1027;921;428;Paris_AN_JJ_inventaire_Languedoc.xml
JJ66;1033;922;432v;Paris_AN_JJ_inventaire_Languedoc.xml
JJ66;1037;923;433v;Paris_AN_JJ_inventaire_Languedoc.xml
JJ66;1038;923;434;Paris_AN_JJ_inventaire_Languedoc.xml
JJ66;1050;924;435v;Paris_AN_JJ_inventaire_Languedoc.xml
JJ66;1059;925;437;Paris_AN_JJ_inventaire_Languedoc.xml
JJ66;1076;926;461;Paris_AN_JJ_inventaire_Languedoc.xml
JJ66;1091;927;466v;Paris_AN_JJ_inventaire_Languedoc.xml
JJ66;1098;928;472;Paris_AN_JJ_inventaire_Languedoc.xml
JJ66;1099;929;473;Paris_AN_JJ_inventaire_Languedoc.xml
JJ66;1100;930;474;Paris_AN_JJ_inventaire_Languedoc.xml
JJ66;1101;931;475;Paris_AN_JJ_inventaire_Languedoc.xml
JJ66;1114;932;479v;Paris_AN_JJ_inventaire_Languedoc.xml
JJ66;1130;933;483v;Paris_AN_JJ_inventaire_Languedoc.xml
JJ66;1133;934;486v;Paris_AN_JJ_inventaire_Languedoc.xml
JJ66;1134;935;487v;Paris_AN_JJ_inventaire_Languedoc.xml
JJ66;1155;936;493v;Paris_AN_JJ_inventaire_Languedoc.xml
JJ66;1159;937;496;Paris_AN_JJ_inventaire_Languedoc.xml
JJ66;1160;938;496v;Paris_AN_JJ_inventaire_Languedoc.xml
JJ66;1161;939;496v;Paris_AN_JJ_inventaire_Languedoc.xml
JJ66;1177;940;503;Paris_AN_JJ_inventaire_Languedoc.xml
JJ66;1183;941;506;Paris_AN_JJ_inventaire_Languedoc.xml
JJ66;1187;942;508;Paris_AN_JJ_inventaire_Languedoc.xml
JJ66;1188;943;508v;Paris_AN_JJ_inventaire_Languedoc.xml
JJ66;1204;944;513;Paris_AN_JJ_inventaire_Languedoc.xml
JJ66;1205;945;513v;Paris_AN_JJ_inventaire_Languedoc.xml
JJ66;1207;946;514v;Paris_AN_JJ_inventaire_Languedoc.xml
JJ66;1217;947;518;Paris_AN_JJ_inventaire_Languedoc.xml
JJ66;1231;948;524;Paris_AN_JJ_inventaire_Languedoc.xml
JJ66;1246;949;533v;Paris_AN_JJ_inventaire_Languedoc.xml
JJ66;1248;950;533v;Paris_AN_JJ_inventaire_Languedoc.xml
JJ66;1262;951;540;Paris_AN_JJ_inventaire_Languedoc.xml
JJ66;1266;952;542v;Paris_AN_JJ_inventaire_Languedoc.xml
JJ66;1271;953;545;Paris_AN_JJ_inventaire_Languedoc.xml
JJ66;1285;954;552;Paris_AN_JJ_inventaire_Languedoc.xml
JJ66;1298;955;559v;Paris_AN_JJ_inventaire_Languedoc.xml
JJ66;1304;956;561v;Paris_AN_JJ_inventaire_Languedoc.xml
JJ66;1309;957;564;Paris_AN_JJ_inventaire_Languedoc.xml
JJ66;1310;958;565;Paris_AN_JJ_inventaire_Languedoc.xml
JJ66;1311;959;565v;Paris_AN_JJ_inventaire_Languedoc.xml
JJ66;1313;960;566v;Paris_AN_JJ_inventaire_Languedoc.xml
JJ66;1317;961;567v;Paris_AN_JJ_inventaire_Languedoc.xml
JJ66;1333;962;573v;Paris_AN_JJ_inventaire_Languedoc.xml
JJ66;1339;963;576v;Paris_AN_JJ_inventaire_Languedoc.xml
JJ66;1351;964;581;Paris_AN_JJ_inventaire_Languedoc.xml
JJ66;1356;965;582v;Paris_AN_JJ_inventaire_Languedoc.xml
JJ66;1357;966;582v;Paris_AN_JJ_inventaire_Languedoc.xml
JJ66;1378;967;596;Paris_AN_JJ_inventaire_Languedoc.xml
JJ66;1407;968;614;Paris_AN_JJ_inventaire_Languedoc.xml
JJ66;1410;969;617;Paris_AN_JJ_inventaire_Languedoc.xml
JJ66;1415;970;618v;Paris_AN_JJ_inventaire_Languedoc.xml
JJ66;1459;971;643v;Paris_AN_JJ_inventaire_Languedoc.xml
JJ66;1500;972;662;Paris_AN_JJ_inventaire_Languedoc.xml
JJ67;5;973;2;Paris_AN_JJ_inventaire_Languedoc.xml
JJ67;7;974;3;Paris_AN_JJ_inventaire_Languedoc.xml
;;975;;Paris_AN_JJ_inventaire_Languedoc.xml
;;976;;Paris_AN_JJ_inventaire_Languedoc.xml
JJ67;35;977;10v;Paris_AN_JJ_inventaire_Languedoc.xml
JJ67;73;978;25v;Paris_AN_JJ_inventaire_Languedoc.xml
JJ67;78;980;27v;Paris_AN_JJ_inventaire_Languedoc.xml
JJ67;91;981;31v;Paris_AN_JJ_inventaire_Languedoc.xml
JJ67;92;982;32;Paris_AN_JJ_inventaire_Languedoc.xml
JJ67;102;983;37;Paris_AN_JJ_inventaire_Languedoc.xml
JJ67;104;984;40v;Paris_AN_JJ_inventaire_Languedoc.xml
JJ67;105;985;41;Paris_AN_JJ_inventaire_Languedoc.xml
JJ67;108;986;42;Paris_AN_JJ_inventaire_Languedoc.xml
JJ67;111;987;46;Paris_AN_JJ_inventaire_Languedoc.xml
JJ67;113;988;48v;Paris_AN_JJ_inventaire_Languedoc.xml
JJ68;2;989;3;Paris_AN_JJ_inventaire_Languedoc.xml
JJ68;17;990;10v;Paris_AN_JJ_inventaire_Languedoc.xml
JJ68;25;991;14;Paris_AN_JJ_inventaire_Languedoc.xml
JJ68;35;992;21;Paris_AN_JJ_inventaire_Languedoc.xml
JJ68;39;993;22v;Paris_AN_JJ_inventaire_Languedoc.xml
JJ68;40;994;23;Paris_AN_JJ_inventaire_Languedoc.xml
JJ68;43;995;24;Paris_AN_JJ_inventaire_Languedoc.xml
JJ68;51;996;31;Paris_AN_JJ_inventaire_Languedoc.xml
JJ68;58;997;37;Paris_AN_JJ_inventaire_Languedoc.xml
JJ68;59;998;37;Paris_AN_JJ_inventaire_Languedoc.xml
JJ68;69;999;40;Paris_AN_JJ_inventaire_Languedoc.xml
JJ68;71;1000;42;Paris_AN_JJ_inventaire_Languedoc.xml
JJ68;84;1001;45v;Paris_AN_JJ_inventaire_Languedoc.xml
JJ68;88;1002;52v;Paris_AN_JJ_inventaire_Languedoc.xml
JJ68;90;1003;53;Paris_AN_JJ_inventaire_Languedoc.xml
JJ68;97;1004;57;Paris_AN_JJ_inventaire_Languedoc.xml
JJ68;98;1005;57v;Paris_AN_JJ_inventaire_Languedoc.xml
JJ68;111;1006;64v;Paris_AN_JJ_inventaire_Languedoc.xml
JJ68;123;1007;68;Paris_AN_JJ_inventaire_Languedoc.xml
JJ68;133;1008;77v;Paris_AN_JJ_inventaire_Languedoc.xml
JJ68;145;1009;82;Paris_AN_JJ_inventaire_Languedoc.xml
JJ68;146;1010;82;Paris_AN_JJ_inventaire_Languedoc.xml
JJ68;149;1011;84;Paris_AN_JJ_inventaire_Languedoc.xml
JJ68;151;1012;84v;Paris_AN_JJ_inventaire_Languedoc.xml
JJ68;154;1013;85;Paris_AN_JJ_inventaire_Languedoc.xml
JJ68;158;1014;86;Paris_AN_JJ_inventaire_Languedoc.xml
JJ68;170;1015;92;Paris_AN_JJ_inventaire_Languedoc.xml
JJ68;185;1016;98;Paris_AN_JJ_inventaire_Languedoc.xml
JJ68;186;1017;98;Paris_AN_JJ_inventaire_Languedoc.xml
JJ68;193;1018;101v;Paris_AN_JJ_inventaire_Languedoc.xml
JJ68;196;1019;106v;Paris_AN_JJ_inventaire_Languedoc.xml
JJ68;201;1020;108v;Paris_AN_JJ_inventaire_Languedoc.xml
JJ68;225;1021;421;Paris_AN_JJ_inventaire_Languedoc.xml
JJ68;282;1022;442v;Paris_AN_JJ_inventaire_Languedoc.xml
JJ68;2822;1023;451v;Paris_AN_JJ_inventaire_Languedoc.xml
JJ68;2852;1024;451v;Paris_AN_JJ_inventaire_Languedoc.xml
JJ68;297;1025;447v;Paris_AN_JJ_inventaire_Languedoc.xml
JJ68;316;1026;465v;Paris_AN_JJ_inventaire_Languedoc.xml
JJ68;346;1027;482;Paris_AN_JJ_inventaire_Languedoc.xml
JJ68;348;1028;482;Paris_AN_JJ_inventaire_Languedoc.xml
JJ68;350;1029;483;Paris_AN_JJ_inventaire_Languedoc.xml
JJ68;358;1030;485;Paris_AN_JJ_inventaire_Languedoc.xml
JJ68;366;1031;487;Paris_AN_JJ_inventaire_Languedoc.xml
JJ68;383;1032;492v;Paris_AN_JJ_inventaire_Languedoc.xml
JJ68;389;1033;495v;Paris_AN_JJ_inventaire_Languedoc.xml
JJ68;397;1034;499;Paris_AN_JJ_inventaire_Languedoc.xml
JJ68;413;1035;511;Paris_AN_JJ_inventaire_Languedoc.xml
JJ68;414;1036;512;Paris_AN_JJ_inventaire_Languedoc.xml
JJ68;415;1037;513v;Paris_AN_JJ_inventaire_Languedoc.xml
JJ68;416;1038;516;Paris_AN_JJ_inventaire_Languedoc.xml
JJ68;417;1039;518;Paris_AN_JJ_inventaire_Languedoc.xml
JJ68;421;1040;521;Paris_AN_JJ_inventaire_Languedoc.xml
JJ69;7;1041;3;Paris_AN_JJ_inventaire_Languedoc.xml
JJ69;33;1042;14v;Paris_AN_JJ_inventaire_Languedoc.xml
JJ69;34;1043;15;Paris_AN_JJ_inventaire_Languedoc.xml
JJ69;41;1044;18;Paris_AN_JJ_inventaire_Languedoc.xml
JJ69;51;1045;23v;Paris_AN_JJ_inventaire_Languedoc.xml
JJ69;54;1046;24v;Paris_AN_JJ_inventaire_Languedoc.xml
JJ69;65;1047;28v;Paris_AN_JJ_inventaire_Languedoc.xml
JJ69;75;1048;32v;Paris_AN_JJ_inventaire_Languedoc.xml
JJ69;90;1049;37;Paris_AN_JJ_inventaire_Languedoc.xml
JJ69;92;1050;38v;Paris_AN_JJ_inventaire_Languedoc.xml
JJ69;94;1051;39;Paris_AN_JJ_inventaire_Languedoc.xml
JJ69;140;1052;51;Paris_AN_JJ_inventaire_Languedoc.xml
JJ69;165;1053;59v;Paris_AN_JJ_inventaire_Languedoc.xml
JJ69;169;1054;60v;Paris_AN_JJ_inventaire_Languedoc.xml
JJ69;174;1055;63;Paris_AN_JJ_inventaire_Languedoc.xml
JJ69;175;1056;67v;Paris_AN_JJ_inventaire_Languedoc.xml
JJ69;180;1057;72v;Paris_AN_JJ_inventaire_Languedoc.xml
JJ69;189;1058;83v;Paris_AN_JJ_inventaire_Languedoc.xml
JJ69;200;1059;90;Paris_AN_JJ_inventaire_Languedoc.xml
;;1060;;Paris_AN_JJ_inventaire_Languedoc.xml
JJ69;227;1061;100;Paris_AN_JJ_inventaire_Languedoc.xml
JJ69;230;1062;100v;Paris_AN_JJ_inventaire_Languedoc.xml
JJ69;231;1063;101;Paris_AN_JJ_inventaire_Languedoc.xml
JJ69;232;1064;101;Paris_AN_JJ_inventaire_Languedoc.xml
JJ69;234;1065;101v;Paris_AN_JJ_inventaire_Languedoc.xml
JJ69;238;1066;104;Paris_AN_JJ_inventaire_Languedoc.xml
JJ69;239;1067;104v;Paris_AN_JJ_inventaire_Languedoc.xml
JJ69;240;1068;104v;Paris_AN_JJ_inventaire_Languedoc.xml
JJ69;242;1069;105;Paris_AN_JJ_inventaire_Languedoc.xml
JJ69;243;1070;105v;Paris_AN_JJ_inventaire_Languedoc.xml
JJ69;248;1071;106v;Paris_AN_JJ_inventaire_Languedoc.xml
JJ69;251;1072;107v;Paris_AN_JJ_inventaire_Languedoc.xml
JJ69;252;1073;108v;Paris_AN_JJ_inventaire_Languedoc.xml
JJ69;253;1074;109;Paris_AN_JJ_inventaire_Languedoc.xml
JJ69;254;1075;109v;Paris_AN_JJ_inventaire_Languedoc.xml
JJ69;257;1076;111;Paris_AN_JJ_inventaire_Languedoc.xml
JJ69;258;1077;111v;Paris_AN_JJ_inventaire_Languedoc.xml
JJ69;261;1078;112;Paris_AN_JJ_inventaire_Languedoc.xml
JJ69;264;1079;112v;Paris_AN_JJ_inventaire_Languedoc.xml
JJ69;265;1080;113v;Paris_AN_JJ_inventaire_Languedoc.xml
JJ69;298;1081;124;Paris_AN_JJ_inventaire_Languedoc.xml
JJ69;304;1082;128;Paris_AN_JJ_inventaire_Languedoc.xml
JJ69;320;1083;136;Paris_AN_JJ_inventaire_Languedoc.xml
JJ69;349;1084;155;Paris_AN_JJ_inventaire_Languedoc.xml
JJ69;357;1085;160;Paris_AN_JJ_inventaire_Languedoc.xml
JJ69;366;1086;165;Paris_AN_JJ_inventaire_Languedoc.xml
JJ69;383;1087;170v;Paris_AN_JJ_inventaire_Languedoc.xml
JJ70;15;1088;7;Paris_AN_JJ_inventaire_Languedoc.xml
JJ70;16;1089;7;Paris_AN_JJ_inventaire_Languedoc.xml
JJ70;26;1090;10;Paris_AN_JJ_inventaire_Languedoc.xml
JJ70;41;1091;15;Paris_AN_JJ_inventaire_Languedoc.xml
JJ70;51;1092;20v;Paris_AN_JJ_inventaire_Languedoc.xml
JJ70;59;1093;29;Paris_AN_JJ_inventaire_Languedoc.xml
JJ70;69;1094;33v;Paris_AN_JJ_inventaire_Languedoc.xml
JJ70;75;1095;36v;Paris_AN_JJ_inventaire_Languedoc.xml
JJ70;81;1096;38v;Paris_AN_JJ_inventaire_Languedoc.xml
JJ70;82;1097;40;Paris_AN_JJ_inventaire_Languedoc.xml
JJ70;83;1098;40v;Paris_AN_JJ_inventaire_Languedoc.xml
JJ70;125;1099;62v;Paris_AN_JJ_inventaire_Languedoc.xml
JJ70;137;1100;68;Paris_AN_JJ_inventaire_Languedoc.xml
JJ70;154;1101;72v;Paris_AN_JJ_inventaire_Languedoc.xml
JJ70;172;1102;83v;Paris_AN_JJ_inventaire_Languedoc.xml
JJ70;179;1103;92;Paris_AN_JJ_inventaire_Languedoc.xml
JJ70;211;1104;112;Paris_AN_JJ_inventaire_Languedoc.xml
JJ70;212;1105;122;Paris_AN_JJ_inventaire_Languedoc.xml
JJ70;215;1106;124;Paris_AN_JJ_inventaire_Languedoc.xml
JJ70;216;1107;124;Paris_AN_JJ_inventaire_Languedoc.xml
JJ70;225;1108;128;Paris_AN_JJ_inventaire_Languedoc.xml
JJ70;239;1109;137v;Paris_AN_JJ_inventaire_Languedoc.xml
JJ70;274;1110;153;Paris_AN_JJ_inventaire_Languedoc.xml
JJ70;276;1111;153v;Paris_AN_JJ_inventaire_Languedoc.xml
JJ70;278;1112;154;Paris_AN_JJ_inventaire_Languedoc.xml
JJ70;286;1113;159;Paris_AN_JJ_inventaire_Languedoc.xml
JJ70;289;1114;160;Paris_AN_JJ_inventaire_Languedoc.xml
JJ70;331;1115;188v;Paris_AN_JJ_inventaire_Languedoc.xml
JJ70;341;1116;194;Paris_AN_JJ_inventaire_Languedoc.xml
JJ70;356;1117;202;Paris_AN_JJ_inventaire_Languedoc.xml
JJ71;11;1118;11v;Paris_AN_JJ_inventaire_Languedoc.xml
JJ71;13;1119;12v;Paris_AN_JJ_inventaire_Languedoc.xml
JJ71;15;1120;13;Paris_AN_JJ_inventaire_Languedoc.xml
JJ71;24;1121;20;Paris_AN_JJ_inventaire_Languedoc.xml
JJ71;25;1122;20v;Paris_AN_JJ_inventaire_Languedoc.xml
JJ71;28;1123;24v;Paris_AN_JJ_inventaire_Languedoc.xml
JJ71;36;1124;26v;Paris_AN_JJ_inventaire_Languedoc.xml
JJ71;47;1125;34;Paris_AN_JJ_inventaire_Languedoc.xml
JJ71;58;1126;46;Paris_AN_JJ_inventaire_Languedoc.xml
JJ71;79;1127;60;Paris_AN_JJ_inventaire_Languedoc.xml
JJ71;85;1128;65;Paris_AN_JJ_inventaire_Languedoc.xml
JJ71;89;1129;66v;Paris_AN_JJ_inventaire_Languedoc.xml
JJ71;92;1130;68v;Paris_AN_JJ_inventaire_Languedoc.xml
JJ71;95;1131;72;Paris_AN_JJ_inventaire_Languedoc.xml
JJ71;96;1132;74;Paris_AN_JJ_inventaire_Languedoc.xml
JJ71;101;1133;76;Paris_AN_JJ_inventaire_Languedoc.xml
JJ71;110;1134;89v;Paris_AN_JJ_inventaire_Languedoc.xml
JJ71;119;1135;93;Paris_AN_JJ_inventaire_Languedoc.xml
JJ71;166;1136;121;Paris_AN_JJ_inventaire_Languedoc.xml
JJ71;175;1137;126;Paris_AN_JJ_inventaire_Languedoc.xml
JJ71;188;1138;138;Paris_AN_JJ_inventaire_Languedoc.xml
JJ71;189;1139;139v;Paris_AN_JJ_inventaire_Languedoc.xml
JJ71;195;1140;140v;Paris_AN_JJ_inventaire_Languedoc.xml
JJ71;198;1141;141v;Paris_AN_JJ_inventaire_Languedoc.xml
JJ71;209;1142;146;Paris_AN_JJ_inventaire_Languedoc.xml
JJ71;213;1143;148v;Paris_AN_JJ_inventaire_Languedoc.xml
JJ71;225;1144;159;Paris_AN_JJ_inventaire_Languedoc.xml
JJ71;231;1145;158v;Paris_AN_JJ_inventaire_Languedoc.xml
JJ71;232;1146;158v;Paris_AN_JJ_inventaire_Languedoc.xml
JJ71;236;1147;160;Paris_AN_JJ_inventaire_Languedoc.xml
JJ71;245;1148;164;Paris_AN_JJ_inventaire_Languedoc.xml
JJ71;275;1149;183;Paris_AN_JJ_inventaire_Languedoc.xml
JJ71;281;1150;188;Paris_AN_JJ_inventaire_Languedoc.xml
JJ71;285;1151;189;Paris_AN_JJ_inventaire_Languedoc.xml
JJ71;292;1152;192v;Paris_AN_JJ_inventaire_Languedoc.xml
JJ71;297;1153;208v;Paris_AN_JJ_inventaire_Languedoc.xml
JJ71;299;1154;211;Paris_AN_JJ_inventaire_Languedoc.xml
JJ71;301;1155;213;Paris_AN_JJ_inventaire_Languedoc.xml
JJ71;303;1156;215;Paris_AN_JJ_inventaire_Languedoc.xml
JJ71;313;1157;222;Paris_AN_JJ_inventaire_Languedoc.xml
JJ71;328;1158;229;Paris_AN_JJ_inventaire_Languedoc.xml
JJ71;347;1159;245;Paris_AN_JJ_inventaire_Languedoc.xml
JJ71;365;1160;246;Paris_AN_JJ_inventaire_Languedoc.xml
JJ71;372;1161;252;Paris_AN_JJ_inventaire_Languedoc.xml
JJ71;373;1162;252;Paris_AN_JJ_inventaire_Languedoc.xml
JJ71;375;1163;252v;Paris_AN_JJ_inventaire_Languedoc.xml
JJ71;379;1164;255v;Paris_AN_JJ_inventaire_Languedoc.xml
JJ71;382;1165;256v;Paris_AN_JJ_inventaire_Languedoc.xml
JJ71;393;1166;262v;Paris_AN_JJ_inventaire_Languedoc.xml
JJ71;395;1167;263v;Paris_AN_JJ_inventaire_Languedoc.xml
JJ71;396;1168;267;Paris_AN_JJ_inventaire_Languedoc.xml
JJ71;398;1169;274v;Paris_AN_JJ_inventaire_Languedoc.xml
JJ71;400;1170;279;Paris_AN_JJ_inventaire_Languedoc.xml
JJ71;415;1171;295v;Paris_AN_JJ_inventaire_Languedoc.xml
JJ71;419;1172;299;Paris_AN_JJ_inventaire_Languedoc.xml
JJ71;420;1173;303;Paris_AN_JJ_inventaire_Languedoc.xml
JJ72;4;1174;1v;Paris_AN_JJ_inventaire_Languedoc.xml
JJ72;26;1175;26;Paris_AN_JJ_inventaire_Languedoc.xml
JJ72;45;1176;48;Paris_AN_JJ_inventaire_Languedoc.xml
JJ72;51;1177;51;Paris_AN_JJ_inventaire_Languedoc.xml
JJ72;55;1178;53;Paris_AN_JJ_inventaire_Languedoc.xml
JJ72;68;1179;60v;Paris_AN_JJ_inventaire_Languedoc.xml
JJ72;75;1180;62;Paris_AN_JJ_inventaire_Languedoc.xml
JJ72;79;1181;65;Paris_AN_JJ_inventaire_Languedoc.xml
;;1182;;Paris_AN_JJ_inventaire_Languedoc.xml
JJ72;106;1183;75;Paris_AN_JJ_inventaire_Languedoc.xml
JJ72;108;1184;76;Paris_AN_JJ_inventaire_Languedoc.xml
JJ72;115;1185;79v;Paris_AN_JJ_inventaire_Languedoc.xml
JJ72;121;1186;81;Paris_AN_JJ_inventaire_Languedoc.xml
JJ72;129;1186bis;86v;Paris_AN_JJ_inventaire_Languedoc.xml
JJ72;159;1187;98;Paris_AN_JJ_inventaire_Languedoc.xml
JJ72;162;1188;100;Paris_AN_JJ_inventaire_Languedoc.xml
JJ72;164;1189;103;Paris_AN_JJ_inventaire_Languedoc.xml
JJ72;167;1190;103v;Paris_AN_JJ_inventaire_Languedoc.xml
JJ72;168;1191;107;Paris_AN_JJ_inventaire_Languedoc.xml
JJ72;171;1192;109;Paris_AN_JJ_inventaire_Languedoc.xml
JJ72;178;1193;113v;Paris_AN_JJ_inventaire_Languedoc.xml
JJ72;204;1194;133v;Paris_AN_JJ_inventaire_Languedoc.xml
JJ72;208;1195;137v;Paris_AN_JJ_inventaire_Languedoc.xml
JJ72;220;1196;163;Paris_AN_JJ_inventaire_Languedoc.xml
JJ72;242;1197;173;Paris_AN_JJ_inventaire_Languedoc.xml
JJ72;250;1198;180;Paris_AN_JJ_inventaire_Languedoc.xml
JJ72;253;1199;186;Paris_AN_JJ_inventaire_Languedoc.xml
JJ72;269;1200;196;Paris_AN_JJ_inventaire_Languedoc.xml
JJ72;271;1201;197v;Paris_AN_JJ_inventaire_Languedoc.xml
JJ72;277;1202;202;Paris_AN_JJ_inventaire_Languedoc.xml
JJ72;278;1203;202v;Paris_AN_JJ_inventaire_Languedoc.xml
JJ72;279;1204;202v;Paris_AN_JJ_inventaire_Languedoc.xml
JJ72;287;1205;208;Paris_AN_JJ_inventaire_Languedoc.xml
JJ72;292;1206;211;Paris_AN_JJ_inventaire_Languedoc.xml
JJ72;300;1207;216;Paris_AN_JJ_inventaire_Languedoc.xml
JJ72;302;1208;216v;Paris_AN_JJ_inventaire_Languedoc.xml
JJ72;306;1209;221;Paris_AN_JJ_inventaire_Languedoc.xml
JJ72;327;1210;237;Paris_AN_JJ_inventaire_Languedoc.xml
JJ72;328;1211;237v;Paris_AN_JJ_inventaire_Languedoc.xml
JJ72;339;1212;245;Paris_AN_JJ_inventaire_Languedoc.xml
JJ72;341;1213;245v;Paris_AN_JJ_inventaire_Languedoc.xml
JJ72;360;1214;263;Paris_AN_JJ_inventaire_Languedoc.xml
JJ72;368;1215;268;Paris_AN_JJ_inventaire_Languedoc.xml
JJ72;370;1216;273;Paris_AN_JJ_inventaire_Languedoc.xml
JJ72;377;1217;277;Paris_AN_JJ_inventaire_Languedoc.xml
JJ72;378;1218;280v;Paris_AN_JJ_inventaire_Languedoc.xml
JJ72;382;1219;285;Paris_AN_JJ_inventaire_Languedoc.xml
JJ72;392;1220;307;Paris_AN_JJ_inventaire_Languedoc.xml
JJ72;393;1221;307;Paris_AN_JJ_inventaire_Languedoc.xml
JJ72;401;1222;311v;Paris_AN_JJ_inventaire_Languedoc.xml
JJ72;402;1223;317v;Paris_AN_JJ_inventaire_Languedoc.xml
;;1224;;Paris_AN_JJ_inventaire_Languedoc.xml
JJ72;406;1225;320v;Paris_AN_JJ_inventaire_Languedoc.xml
JJ72;407;1226;323;Paris_AN_JJ_inventaire_Languedoc.xml
JJ72;408;1227;328v;Paris_AN_JJ_inventaire_Languedoc.xml
JJ72;420;1228;351;Paris_AN_JJ_inventaire_Languedoc.xml
JJ72;435;1229;357;Paris_AN_JJ_inventaire_Languedoc.xml
JJ72;436;1230;357;Paris_AN_JJ_inventaire_Languedoc.xml
JJ72;438;1231;358v;Paris_AN_JJ_inventaire_Languedoc.xml
JJ72;439;1232;359v;Paris_AN_JJ_inventaire_Languedoc.xml
JJ72;469;1233;378;Paris_AN_JJ_inventaire_Languedoc.xml
JJ72;470;1234;378v;Paris_AN_JJ_inventaire_Languedoc.xml
JJ72;487;1235;391;Paris_AN_JJ_inventaire_Languedoc.xml
JJ72;488;1236;391v;Paris_AN_JJ_inventaire_Languedoc.xml
JJ72;490;1237;392v;Paris_AN_JJ_inventaire_Languedoc.xml
JJ72;491;1238;393;Paris_AN_JJ_inventaire_Languedoc.xml
JJ72;494;1239;394;Paris_AN_JJ_inventaire_Languedoc.xml
JJ72;511;1240;400v;Paris_AN_JJ_inventaire_Languedoc.xml
JJ72;518;1241;406;Paris_AN_JJ_inventaire_Languedoc.xml
JJ72;521;1242;406v;Paris_AN_JJ_inventaire_Languedoc.xml
JJ72;536;1243;416;Paris_AN_JJ_inventaire_Languedoc.xml
JJ72;548;1244;421;Paris_AN_JJ_inventaire_Languedoc.xml
JJ72;552;1245;422v;Paris_AN_JJ_inventaire_Languedoc.xml
JJ72;558;1246;428;Paris_AN_JJ_inventaire_Languedoc.xml
JJ73;2b;1247;4;Paris_AN_JJ_inventaire_Languedoc.xml
JJ73;2c;1248;4v;Paris_AN_JJ_inventaire_Languedoc.xml
JJ73;2d;1249;4;Paris_AN_JJ_inventaire_Languedoc.xml
JJ73;2e;1250;5;Paris_AN_JJ_inventaire_Languedoc.xml
JJ73;2f;1251;6v;Paris_AN_JJ_inventaire_Languedoc.xml
JJ73;6;1252;8v;Paris_AN_JJ_inventaire_Languedoc.xml
JJ73;20;1253;17;Paris_AN_JJ_inventaire_Languedoc.xml
JJ73;27;1254;24;Paris_AN_JJ_inventaire_Languedoc.xml
JJ73;28;1255;25v;Paris_AN_JJ_inventaire_Languedoc.xml
JJ73;38;1256;32v;Paris_AN_JJ_inventaire_Languedoc.xml
JJ73;40;1257;33v;Paris_AN_JJ_inventaire_Languedoc.xml
JJ73;46;1258;38;Paris_AN_JJ_inventaire_Languedoc.xml
JJ73;48;1259;40;Paris_AN_JJ_inventaire_Languedoc.xml
JJ73;49;1260;40v;Paris_AN_JJ_inventaire_Languedoc.xml
JJ73;64;1261;48v;Paris_AN_JJ_inventaire_Languedoc.xml
JJ73;67;1262;50;Paris_AN_JJ_inventaire_Languedoc.xml
JJ73;68;1262;50v;Paris_AN_JJ_inventaire_Languedoc.xml
JJ73;73;1263;57v;Paris_AN_JJ_inventaire_Languedoc.xml
JJ73;78;1264;67;Paris_AN_JJ_inventaire_Languedoc.xml
JJ73;82;1265;70;Paris_AN_JJ_inventaire_Languedoc.xml
JJ73;94;1266;78v;Paris_AN_JJ_inventaire_Languedoc.xml
JJ73;98;1267;81v;Paris_AN_JJ_inventaire_Languedoc.xml
JJ73;111;1268;95v;Paris_AN_JJ_inventaire_Languedoc.xml
JJ73;115;1269;97v;Paris_AN_JJ_inventaire_Languedoc.xml
JJ73;139;1270;118;Paris_AN_JJ_inventaire_Languedoc.xml
JJ73;144;1271;121v;Paris_AN_JJ_inventaire_Languedoc.xml
JJ73;148;1272;124;Paris_AN_JJ_inventaire_Languedoc.xml
JJ73;160;1273;131;Paris_AN_JJ_inventaire_Languedoc.xml
JJ73;164;1274;133;Paris_AN_JJ_inventaire_Languedoc.xml
JJ73;166;1275;137v;Paris_AN_JJ_inventaire_Languedoc.xml
JJ73;168;1276;138v;Paris_AN_JJ_inventaire_Languedoc.xml
JJ73;185;1277;147;Paris_AN_JJ_inventaire_Languedoc.xml
JJ73;187;1278;147v;Paris_AN_JJ_inventaire_Languedoc.xml
JJ73;188;1279;148;Paris_AN_JJ_inventaire_Languedoc.xml
JJ73;189;1280;148v;Paris_AN_JJ_inventaire_Languedoc.xml
JJ73;191;1281;149;Paris_AN_JJ_inventaire_Languedoc.xml
JJ73;193;1282;149v;Paris_AN_JJ_inventaire_Languedoc.xml
JJ73;202;1283;157;Paris_AN_JJ_inventaire_Languedoc.xml
JJ73;214;1284;172;Paris_AN_JJ_inventaire_Languedoc.xml
JJ73;215;1285;173;Paris_AN_JJ_inventaire_Languedoc.xml
JJ73;220;1286;176;Paris_AN_JJ_inventaire_Languedoc.xml
JJ73;239;1287;187v;Paris_AN_JJ_inventaire_Languedoc.xml
JJ73;241;1288;189v;Paris_AN_JJ_inventaire_Languedoc.xml
JJ73;246;1289;193v;Paris_AN_JJ_inventaire_Languedoc.xml
JJ73;251;1290;195;Paris_AN_JJ_inventaire_Languedoc.xml
JJ73;258;1291;198v;Paris_AN_JJ_inventaire_Languedoc.xml
JJ73;274;1292;214;Paris_AN_JJ_inventaire_Languedoc.xml
JJ73;277;1293;216v;Paris_AN_JJ_inventaire_Languedoc.xml
JJ73;297;1294;237;Paris_AN_JJ_inventaire_Languedoc.xml
JJ73;301;1295;240;Paris_AN_JJ_inventaire_Languedoc.xml
JJ73;306;1296;242;Paris_AN_JJ_inventaire_Languedoc.xml
JJ73;313;1297;245v;Paris_AN_JJ_inventaire_Languedoc.xml
JJ73;327;1298;262v;Paris_AN_JJ_inventaire_Languedoc.xml
JJ73;331;1299;264;Paris_AN_JJ_inventaire_Languedoc.xml
JJ73;335;1300;267v;Paris_AN_JJ_inventaire_Languedoc.xml
JJ73;343;1301;278;Paris_AN_JJ_inventaire_Languedoc.xml
JJ74;15;1302;8;Paris_AN_JJ_inventaire_Languedoc.xml
JJ74;20;1303;10;Paris_AN_JJ_inventaire_Languedoc.xml
JJ74;25;1304;13;Paris_AN_JJ_inventaire_Languedoc.xml
JJ74;30;1305;15v;Paris_AN_JJ_inventaire_Languedoc.xml
JJ74;49;1306;28v;Paris_AN_JJ_inventaire_Languedoc.xml
JJ74;50;1307;29v;Paris_AN_JJ_inventaire_Languedoc.xml
JJ74;58;1308;33;Paris_AN_JJ_inventaire_Languedoc.xml
JJ74;62;1309;36;Paris_AN_JJ_inventaire_Languedoc.xml
JJ74;65;1310;38v;Paris_AN_JJ_inventaire_Languedoc.xml
JJ74;76;1311;44v;Paris_AN_JJ_inventaire_Languedoc.xml
JJ74;80;1312;48;Paris_AN_JJ_inventaire_Languedoc.xml
JJ74;83;1313;50v;Paris_AN_JJ_inventaire_Languedoc.xml
JJ74;84;1314;51;Paris_AN_JJ_inventaire_Languedoc.xml
JJ74;102;1315;62;Paris_AN_JJ_inventaire_Languedoc.xml
JJ74;105;1316;64;Paris_AN_JJ_inventaire_Languedoc.xml
JJ74;109;1317;67;Paris_AN_JJ_inventaire_Languedoc.xml
JJ74;111;1318;69v;Paris_AN_JJ_inventaire_Languedoc.xml
JJ74;114;1319;72;Paris_AN_JJ_inventaire_Languedoc.xml
JJ74;126;1320;78v;Paris_AN_JJ_inventaire_Languedoc.xml
JJ74;127;1321;79;Paris_AN_JJ_inventaire_Languedoc.xml
JJ74;131;1322;80v;Paris_AN_JJ_inventaire_Languedoc.xml
JJ74;135;1323;143;Paris_AN_JJ_inventaire_Languedoc.xml
JJ74;143;1324;88v;Paris_AN_JJ_inventaire_Languedoc.xml
JJ74;145;1325;89v;Paris_AN_JJ_inventaire_Languedoc.xml
JJ74;172;1326;103v;Paris_AN_JJ_inventaire_Languedoc.xml
JJ74;176;1327;107;Paris_AN_JJ_inventaire_Languedoc.xml
JJ74;178;1328;107;Paris_AN_JJ_inventaire_Languedoc.xml
JJ74;193;1329;112v;Paris_AN_JJ_inventaire_Languedoc.xml
JJ74;201;1330;118v;Paris_AN_JJ_inventaire_Languedoc.xml
JJ74;210;1331;121v;Paris_AN_JJ_inventaire_Languedoc.xml
JJ74;232;1332;129;Paris_AN_JJ_inventaire_Languedoc.xml
JJ74;235;1333;135;Paris_AN_JJ_inventaire_Languedoc.xml
JJ74;243;1334;141;Paris_AN_JJ_inventaire_Languedoc.xml
JJ74;251;1335;147;Paris_AN_JJ_inventaire_Languedoc.xml
JJ74;267;1336;156v;Paris_AN_JJ_inventaire_Languedoc.xml
JJ74;269;1337;157;Paris_AN_JJ_inventaire_Languedoc.xml
JJ74;288;1338;169;Paris_AN_JJ_inventaire_Languedoc.xml
JJ74;304;1339;176v;Paris_AN_JJ_inventaire_Languedoc.xml
JJ74;308;1340;179;Paris_AN_JJ_inventaire_Languedoc.xml
JJ74;314;1341;184v;Paris_AN_JJ_inventaire_Languedoc.xml
JJ74;331;1342;191;Paris_AN_JJ_inventaire_Languedoc.xml
JJ74;333;1343;194;Paris_AN_JJ_inventaire_Languedoc.xml
JJ74;353;1344;203v;Paris_AN_JJ_inventaire_Languedoc.xml
JJ74;355;1345;204;Paris_AN_JJ_inventaire_Languedoc.xml
JJ74;361;1346;205v;Paris_AN_JJ_inventaire_Languedoc.xml
JJ74;368;1347;210v;Paris_AN_JJ_inventaire_Languedoc.xml
JJ74;395;1348;228;Paris_AN_JJ_inventaire_Languedoc.xml
JJ74;408bis;1349;236;Paris_AN_JJ_inventaire_Languedoc.xml
JJ74;420;1350;242v;Paris_AN_JJ_inventaire_Languedoc.xml
JJ74;438;1351;254;Paris_AN_JJ_inventaire_Languedoc.xml
JJ74;450;1352;259;Paris_AN_JJ_inventaire_Languedoc.xml
JJ74;452;1353;263;Paris_AN_JJ_inventaire_Languedoc.xml
JJ74;454;1354;263v;Paris_AN_JJ_inventaire_Languedoc.xml
JJ74;465;1355;269;Paris_AN_JJ_inventaire_Languedoc.xml
JJ74;467;1356;271v;Paris_AN_JJ_inventaire_Languedoc.xml
JJ74;469;1357;273v;Paris_AN_JJ_inventaire_Languedoc.xml
JJ74;486;1358;286v;Paris_AN_JJ_inventaire_Languedoc.xml
JJ74;490;1359;288v;Paris_AN_JJ_inventaire_Languedoc.xml
JJ74;500;1360;291v;Paris_AN_JJ_inventaire_Languedoc.xml
JJ74;516;1361;303;Paris_AN_JJ_inventaire_Languedoc.xml
JJ74;528;1362;311;Paris_AN_JJ_inventaire_Languedoc.xml
JJ74;543;1363;322v;Paris_AN_JJ_inventaire_Languedoc.xml
JJ74;546;1364;325;Paris_AN_JJ_inventaire_Languedoc.xml
JJ74;549;1365;327v;Paris_AN_JJ_inventaire_Languedoc.xml
JJ74;551;1366;328v;Paris_AN_JJ_inventaire_Languedoc.xml
JJ74;580;1367;343v;Paris_AN_JJ_inventaire_Languedoc.xml
JJ74;606;1368;358;Paris_AN_JJ_inventaire_Languedoc.xml
JJ74;641;1369;376v;Paris_AN_JJ_inventaire_Languedoc.xml
JJ74;643;1370;378;Paris_AN_JJ_inventaire_Languedoc.xml
JJ74;647;1371;383;Paris_AN_JJ_inventaire_Languedoc.xml
JJ74;677;1372;404;Paris_AN_JJ_inventaire_Languedoc.xml
JJ74;689;1373;416;Paris_AN_JJ_inventaire_Languedoc.xml
JJ75;15;1374;5;Paris_AN_JJ_inventaire_Languedoc.xml
JJ75;25;1375;12;Paris_AN_JJ_inventaire_Languedoc.xml
JJ75;28;1376;14;Paris_AN_JJ_inventaire_Languedoc.xml
JJ75;35;1377;17;Paris_AN_JJ_inventaire_Languedoc.xml
JJ75;52;1378;28v;Paris_AN_JJ_inventaire_Languedoc.xml
JJ75;65;1379;35;Paris_AN_JJ_inventaire_Languedoc.xml
JJ75;80;1379bis;41;Paris_AN_JJ_inventaire_Languedoc.xml
JJ75;48;1380;48;Paris_AN_JJ_inventaire_Languedoc.xml
JJ75;121;1381;61;Paris_AN_JJ_inventaire_Languedoc.xml
JJ75;143;1382;76;Paris_AN_JJ_inventaire_Languedoc.xml
JJ75;175;1383;85v;Paris_AN_JJ_inventaire_Languedoc.xml
JJ75;206;1384;103v;Paris_AN_JJ_inventaire_Languedoc.xml
JJ75;214;1385;105v;Paris_AN_JJ_inventaire_Languedoc.xml
JJ75;219;1386;108;Paris_AN_JJ_inventaire_Languedoc.xml
JJ75;227;1387;112v;Paris_AN_JJ_inventaire_Languedoc.xml
JJ75;228;1388;118;Paris_AN_JJ_inventaire_Languedoc.xml
JJ75;243;1389;127;Paris_AN_JJ_inventaire_Languedoc.xml
JJ75;258;1390;134;Paris_AN_JJ_inventaire_Languedoc.xml
;;1391;;Paris_AN_JJ_inventaire_Languedoc.xml
JJ75;265;1392;138v;Paris_AN_JJ_inventaire_Languedoc.xml
JJ75;266;1393;139;Paris_AN_JJ_inventaire_Languedoc.xml
JJ75;276;1394;143;Paris_AN_JJ_inventaire_Languedoc.xml
JJ75;278;1395;145;Paris_AN_JJ_inventaire_Languedoc.xml
JJ75;279;1396;145v;Paris_AN_JJ_inventaire_Languedoc.xml
JJ75;280;1397;146v;Paris_AN_JJ_inventaire_Languedoc.xml
JJ75;289;1398;160;Paris_AN_JJ_inventaire_Languedoc.xml
JJ75;293bis;1399;164;Paris_AN_JJ_inventaire_Languedoc.xml
JJ75;298;1400;168;Paris_AN_JJ_inventaire_Languedoc.xml
JJ75;299;1401;173;Paris_AN_JJ_inventaire_Languedoc.xml
JJ75;309;1402;181;Paris_AN_JJ_inventaire_Languedoc.xml
JJ75;312;1403;183v;Paris_AN_JJ_inventaire_Languedoc.xml
JJ75;326;1404;192v;Paris_AN_JJ_inventaire_Languedoc.xml
JJ75;333;1405;199;Paris_AN_JJ_inventaire_Languedoc.xml
JJ75;334;1406;199v;Paris_AN_JJ_inventaire_Languedoc.xml
JJ75;335;1407;200v;Paris_AN_JJ_inventaire_Languedoc.xml
JJ75;375;1408;231v;Paris_AN_JJ_inventaire_Languedoc.xml
JJ75;376;1409;232;Paris_AN_JJ_inventaire_Languedoc.xml
JJ75;379;1410;235;Paris_AN_JJ_inventaire_Languedoc.xml
JJ75;401;1411;242v;Paris_AN_JJ_inventaire_Languedoc.xml
JJ75;406;1412;245;Paris_AN_JJ_inventaire_Languedoc.xml
JJ75;414;1413;250v;Paris_AN_JJ_inventaire_Languedoc.xml
JJ75;417;1414;252v;Paris_AN_JJ_inventaire_Languedoc.xml
JJ75;418;1415;255;Paris_AN_JJ_inventaire_Languedoc.xml
JJ75;428;1416;259;Paris_AN_JJ_inventaire_Languedoc.xml
JJ75;446;1417;271;Paris_AN_JJ_inventaire_Languedoc.xml
JJ75;459;1418;279;Paris_AN_JJ_inventaire_Languedoc.xml
JJ75;466;1419;283;Paris_AN_JJ_inventaire_Languedoc.xml
JJ75;467;1420;283v;Paris_AN_JJ_inventaire_Languedoc.xml
JJ75;493;1421;294;Paris_AN_JJ_inventaire_Languedoc.xml
JJ75;498;1422;295;Paris_AN_JJ_inventaire_Languedoc.xml
JJ75;504;1423;296v;Paris_AN_JJ_inventaire_Languedoc.xml
JJ75;505;1424;298;Paris_AN_JJ_inventaire_Languedoc.xml
JJ75;507;1425;298v;Paris_AN_JJ_inventaire_Languedoc.xml
JJ75;515;1426;303;Paris_AN_JJ_inventaire_Languedoc.xml
JJ75;535;1427;320v;Paris_AN_JJ_inventaire_Languedoc.xml
JJ75;541;1428;325;Paris_AN_JJ_inventaire_Languedoc.xml
JJ75;542;1429;325;Paris_AN_JJ_inventaire_Languedoc.xml
JJ75;548;1430;328;Paris_AN_JJ_inventaire_Languedoc.xml
JJ75;549;1431;328v;Paris_AN_JJ_inventaire_Languedoc.xml
JJ75;556;1432;333;Paris_AN_JJ_inventaire_Languedoc.xml
JJ75;567;1433;340v;Paris_AN_JJ_inventaire_Languedoc.xml
JJ75;570;1434;341v;Paris_AN_JJ_inventaire_Languedoc.xml
JJ75;571;1435;342v;Paris_AN_JJ_inventaire_Languedoc.xml
JJ75;572;1436;343;Paris_AN_JJ_inventaire_Languedoc.xml
JJ75;584;1437;355;Paris_AN_JJ_inventaire_Languedoc.xml
JJ75;587;1438;356;Paris_AN_JJ_inventaire_Languedoc.xml
JJ75;605;1439;368;Paris_AN_JJ_inventaire_Languedoc.xml
JJ76;15;1440;11;Paris_AN_JJ_inventaire_Languedoc.xml
JJ76;21;1441;23;Paris_AN_JJ_inventaire_Languedoc.xml
JJ76;29;1442;28v;Paris_AN_JJ_inventaire_Languedoc.xml
JJ76;45;1443;40;Paris_AN_JJ_inventaire_Languedoc.xml
JJ76;47;1444;41;Paris_AN_JJ_inventaire_Languedoc.xml
JJ76;54;1445;47;Paris_AN_JJ_inventaire_Languedoc.xml
JJ76;61;1446;52;Paris_AN_JJ_inventaire_Languedoc.xml
JJ76;69;1447;58;Paris_AN_JJ_inventaire_Languedoc.xml
JJ76;73;1448;60;Paris_AN_JJ_inventaire_Languedoc.xml
JJ76;84;1449;65;Paris_AN_JJ_inventaire_Languedoc.xml
JJ76;91;1450;70;Paris_AN_JJ_inventaire_Languedoc.xml
JJ76;115;1451;87;Paris_AN_JJ_inventaire_Languedoc.xml
JJ76;116;1452;88;Paris_AN_JJ_inventaire_Languedoc.xml
JJ76;117;1453;88;Paris_AN_JJ_inventaire_Languedoc.xml
JJ76;129;1454;93v;Paris_AN_JJ_inventaire_Languedoc.xml
JJ76;130;1455;94;Paris_AN_JJ_inventaire_Languedoc.xml
JJ76;135;1456;97;Paris_AN_JJ_inventaire_Languedoc.xml
JJ76;136;1457;97;Paris_AN_JJ_inventaire_Languedoc.xml
JJ76;137;1458;97v;Paris_AN_JJ_inventaire_Languedoc.xml
JJ76;152;1459;107;Paris_AN_JJ_inventaire_Languedoc.xml
JJ76;168;1460;113;Paris_AN_JJ_inventaire_Languedoc.xml
JJ76;173;1461;116;Paris_AN_JJ_inventaire_Languedoc.xml
JJ76;174;1462;116v;Paris_AN_JJ_inventaire_Languedoc.xml
JJ76;185;1463;120v;Paris_AN_JJ_inventaire_Languedoc.xml
JJ76;191;1464;123;Paris_AN_JJ_inventaire_Languedoc.xml
JJ76;196;1465;125;Paris_AN_JJ_inventaire_Languedoc.xml
JJ76;200;1466;126;Paris_AN_JJ_inventaire_Languedoc.xml
JJ76;215;1467;132v;Paris_AN_JJ_inventaire_Languedoc.xml
JJ76;226;1468;139v;Paris_AN_JJ_inventaire_Languedoc.xml
JJ76;229;1469;142;Paris_AN_JJ_inventaire_Languedoc.xml
JJ76;262;1470;157v;Paris_AN_JJ_inventaire_Languedoc.xml
JJ76;279;1471;165;Paris_AN_JJ_inventaire_Languedoc.xml
JJ76;284;1472;167;Paris_AN_JJ_inventaire_Languedoc.xml
JJ76;298;1473;180v;Paris_AN_JJ_inventaire_Languedoc.xml
JJ76;300;1474;181v;Paris_AN_JJ_inventaire_Languedoc.xml
JJ76;301;1475;182;Paris_AN_JJ_inventaire_Languedoc.xml
JJ76;304;1476;183;Paris_AN_JJ_inventaire_Languedoc.xml
JJ76;322;1477;195;Paris_AN_JJ_inventaire_Languedoc.xml
JJ76;341;1478;205v;Paris_AN_JJ_inventaire_Languedoc.xml
JJ76;367;1479;222;Paris_AN_JJ_inventaire_Languedoc.xml
JJ77;11;1480;5v;Paris_AN_JJ_inventaire_Languedoc.xml
JJ77;24;1481;15;Paris_AN_JJ_inventaire_Languedoc.xml
JJ77;31;1482;18v;Paris_AN_JJ_inventaire_Languedoc.xml
JJ77;36;1483;23v;Paris_AN_JJ_inventaire_Languedoc.xml
JJ77;62;1484;33v;Paris_AN_JJ_inventaire_Languedoc.xml
JJ77;63;1485;35;Paris_AN_JJ_inventaire_Languedoc.xml
JJ77;65;1486;35v;Paris_AN_JJ_inventaire_Languedoc.xml
JJ77;73;1487;38v;Paris_AN_JJ_inventaire_Languedoc.xml
JJ77;74;1488;40;Paris_AN_JJ_inventaire_Languedoc.xml
JJ77;84;1489;46v;Paris_AN_JJ_inventaire_Languedoc.xml
JJ77;90;1490;48v;Paris_AN_JJ_inventaire_Languedoc.xml
JJ77;104;1491;55;Paris_AN_JJ_inventaire_Languedoc.xml
JJ77;107;1492;57;Paris_AN_JJ_inventaire_Languedoc.xml
JJ77;110;1493;58;Paris_AN_JJ_inventaire_Languedoc.xml
JJ77;112;1494;59v;Paris_AN_JJ_inventaire_Languedoc.xml
JJ77;113;1495;60;Paris_AN_JJ_inventaire_Languedoc.xml
JJ77;115;1496;62;Paris_AN_JJ_inventaire_Languedoc.xml
JJ77;118;1497;63-63v;Paris_AN_JJ_inventaire_Languedoc.xml
JJ77;129;1498;67v;Paris_AN_JJ_inventaire_Languedoc.xml
JJ77;130;1499;68;Paris_AN_JJ_inventaire_Languedoc.xml
JJ77;139;1500;71v;Paris_AN_JJ_inventaire_Languedoc.xml
JJ77;150;1501;76;Paris_AN_JJ_inventaire_Languedoc.xml
JJ77;105v;1501;105v;Paris_AN_JJ_inventaire_Languedoc.xml
JJ77;160;1502;85;Paris_AN_JJ_inventaire_Languedoc.xml
JJ77;217;1503;121v;Paris_AN_JJ_inventaire_Languedoc.xml
JJ77;304;1504;188;Paris_AN_JJ_inventaire_Languedoc.xml
JJ77;320;1505;199v;Paris_AN_JJ_inventaire_Languedoc.xml
JJ77;328;1506;203;Paris_AN_JJ_inventaire_Languedoc.xml
JJ77;389;1507;241v;Paris_AN_JJ_inventaire_Languedoc.xml
JJ77;395;1508;245;Paris_AN_JJ_inventaire_Languedoc.xml
JJ78;20;1509;7;Paris_AN_JJ_inventaire_Languedoc.xml
JJ78;24;1510;8;Paris_AN_JJ_inventaire_Languedoc.xml
JJ78;30;1511;12;Paris_AN_JJ_inventaire_Languedoc.xml
JJ78;40;1512;19;Paris_AN_JJ_inventaire_Languedoc.xml
JJ78;45;1513;23;Paris_AN_JJ_inventaire_Languedoc.xml
JJ78;62;1514;31;Paris_AN_JJ_inventaire_Languedoc.xml
JJ78;66;1515;32v;Paris_AN_JJ_inventaire_Languedoc.xml
JJ78;114;1516;54;Paris_AN_JJ_inventaire_Languedoc.xml
JJ78;120;1517;57v;Paris_AN_JJ_inventaire_Languedoc.xml
JJ78;187;1518;98;Paris_AN_JJ_inventaire_Languedoc.xml
JJ78;195;1519;102v;Paris_AN_JJ_inventaire_Languedoc.xml
JJ78;198;1520;103v;Paris_AN_JJ_inventaire_Languedoc.xml
JJ78;204;1521;108;Paris_AN_JJ_inventaire_Languedoc.xml
JJ78;208;1522;109v;Paris_AN_JJ_inventaire_Languedoc.xml
JJ78;210;1523;111;Paris_AN_JJ_inventaire_Languedoc.xml
JJ78;214;1524;113v;Paris_AN_JJ_inventaire_Languedoc.xml
JJ78;226;1525;118;Paris_AN_JJ_inventaire_Languedoc.xml
JJ78;244;1526;126;Paris_AN_JJ_inventaire_Languedoc.xml
JJ78;254;1527;140v;Paris_AN_JJ_inventaire_Languedoc.xml
JJ78;273;1528;151;Paris_AN_JJ_inventaire_Languedoc.xml
JJ78;274;1529;159;Paris_AN_JJ_inventaire_Languedoc.xml
JJ78;275;1530;160;Paris_AN_JJ_inventaire_Languedoc.xml
JJ78;276;1531;160;Paris_AN_JJ_inventaire_Languedoc.xml
JJ78;277;1532;161;Paris_AN_JJ_inventaire_Languedoc.xml
JJ78;281;1533;164;Paris_AN_JJ_inventaire_Languedoc.xml
JJ78;284;1534;165;Paris_AN_JJ_inventaire_Languedoc.xml
JJ79B;8;1535;2;Paris_AN_JJ_inventaire_Languedoc.xml
JJ79B;11;1536;2v;Paris_AN_JJ_inventaire_Languedoc.xml
JJ79B;14;1537;3;Paris_AN_JJ_inventaire_Languedoc.xml
JJ79B;18;1538;13v;Paris_AN_JJ_inventaire_Languedoc.xml
JJ79B;31;1539;26v;Paris_AN_JJ_inventaire_Languedoc.xml
JJ79B;42;1540;37;Paris_AN_JJ_inventaire_Languedoc.xml
JJ80;2;1541;1;Paris_AN_JJ_inventaire_Languedoc.xml
JJ80;24;1542;15v;Paris_AN_JJ_inventaire_Languedoc.xml
JJ80;43;1543;26v;Paris_AN_JJ_inventaire_Languedoc.xml
JJ80;105;1544;56v;Paris_AN_JJ_inventaire_Languedoc.xml
JJ80;117;1545;134;Paris_AN_JJ_inventaire_Languedoc.xml
JJ80;131;1546;66;Paris_AN_JJ_inventaire_Languedoc.xml
JJ80;165;1547;111;Paris_AN_JJ_inventaire_Languedoc.xml
JJ80;168;1548;120;Paris_AN_JJ_inventaire_Languedoc.xml
JJ80;170;1549;131;Paris_AN_JJ_inventaire_Languedoc.xml
JJ80;181;1550;139;Paris_AN_JJ_inventaire_Languedoc.xml
JJ80;191;1551;157;Paris_AN_JJ_inventaire_Languedoc.xml
JJ80;209;1552;165;Paris_AN_JJ_inventaire_Languedoc.xml
JJ80;229;1553;174v;Paris_AN_JJ_inventaire_Languedoc.xml
JJ80;239;1554;179v;Paris_AN_JJ_inventaire_Languedoc.xml
JJ80;265;1555;189v;Paris_AN_JJ_inventaire_Languedoc.xml
JJ80;266;1556;190;Paris_AN_JJ_inventaire_Languedoc.xml
JJ80;269;1557;191;Paris_AN_JJ_inventaire_Languedoc.xml
JJ80;270;1558;191v;Paris_AN_JJ_inventaire_Languedoc.xml
JJ80;271;1559;191v;Paris_AN_JJ_inventaire_Languedoc.xml
JJ80;274;1560;193;Paris_AN_JJ_inventaire_Languedoc.xml
JJ80;275;1561;193;Paris_AN_JJ_inventaire_Languedoc.xml
JJ80;299;1562;210;Paris_AN_JJ_inventaire_Languedoc.xml
JJ80;314;1563;235v;Paris_AN_JJ_inventaire_Languedoc.xml
JJ80;325;1564;247;Paris_AN_JJ_inventaire_Languedoc.xml
JJ80;334;1565;250v;Paris_AN_JJ_inventaire_Languedoc.xml
JJ80;349;1566;257v;Paris_AN_JJ_inventaire_Languedoc.xml
JJ80;351;1567;258v;Paris_AN_JJ_inventaire_Languedoc.xml
JJ80;373;1568;267v;Paris_AN_JJ_inventaire_Languedoc.xml
JJ80;378;1569;269;Paris_AN_JJ_inventaire_Languedoc.xml
JJ80;383;1570;277;Paris_AN_JJ_inventaire_Languedoc.xml
JJ80;415;1571;294;Paris_AN_JJ_inventaire_Languedoc.xml
JJ80;424;1572;298;Paris_AN_JJ_inventaire_Languedoc.xml
JJ80;425;1573;298v;Paris_AN_JJ_inventaire_Languedoc.xml
JJ80;453;1574;311v;Paris_AN_JJ_inventaire_Languedoc.xml
JJ80;459;1575;313;Paris_AN_JJ_inventaire_Languedoc.xml
JJ80;462;1576;314v;Paris_AN_JJ_inventaire_Languedoc.xml
JJ80;463;1577;315;Paris_AN_JJ_inventaire_Languedoc.xml
JJ80;466;1578;320v;Paris_AN_JJ_inventaire_Languedoc.xml
JJ80;471;1579;323;Paris_AN_JJ_inventaire_Languedoc.xml
JJ80;472;1580;323;Paris_AN_JJ_inventaire_Languedoc.xml
JJ80;477;1581;325;Paris_AN_JJ_inventaire_Languedoc.xml
JJ80;479;1582;325v;Paris_AN_JJ_inventaire_Languedoc.xml
JJ80;480;1583;325v;Paris_AN_JJ_inventaire_Languedoc.xml
JJ80;481;1584;326;Paris_AN_JJ_inventaire_Languedoc.xml
JJ80;497;1585;336v;Paris_AN_JJ_inventaire_Languedoc.xml
JJ80;503;1586;339;Paris_AN_JJ_inventaire_Languedoc.xml
JJ80;521;1586;350v;Paris_AN_JJ_inventaire_Languedoc.xml
JJ80;506;1588;342v;Paris_AN_JJ_inventaire_Languedoc.xml
JJ80;513;1589;347;Paris_AN_JJ_inventaire_Languedoc.xml
JJ80;532;1590;357v;Paris_AN_JJ_inventaire_Languedoc.xml
JJ80;534;1591;358;Paris_AN_JJ_inventaire_Languedoc.xml
JJ80;548;1592;364;Paris_AN_JJ_inventaire_Languedoc.xml
JJ80;561;1593;369;Paris_AN_JJ_inventaire_Languedoc.xml
JJ80;566;1594;371;Paris_AN_JJ_inventaire_Languedoc.xml
JJ80;567;1595;371v;Paris_AN_JJ_inventaire_Languedoc.xml
JJ80;576;1596;375;Paris_AN_JJ_inventaire_Languedoc.xml
JJ80;579;1597;376;Paris_AN_JJ_inventaire_Languedoc.xml
JJ80;585;1598;378;Paris_AN_JJ_inventaire_Languedoc.xml
JJ80;586;1599;379;Paris_AN_JJ_inventaire_Languedoc.xml
JJ80;587;1600;379;Paris_AN_JJ_inventaire_Languedoc.xml
JJ80;590;1601;380;Paris_AN_JJ_inventaire_Languedoc.xml
JJ80;598;1602;382v;Paris_AN_JJ_inventaire_Languedoc.xml
JJ80;599;1603;383;Paris_AN_JJ_inventaire_Languedoc.xml
JJ80;614;1603bis;389;Paris_AN_JJ_inventaire_Languedoc.xml
JJ80;623;1604;392;Paris_AN_JJ_inventaire_Languedoc.xml
JJ80;639;1605;399;Paris_AN_JJ_inventaire_Languedoc.xml
JJ80;733;1606;440;Paris_AN_JJ_inventaire_Languedoc.xml
JJ80;743;1606;445;Paris_AN_JJ_inventaire_Languedoc.xml
JJ80;735;1608;441;Paris_AN_JJ_inventaire_Languedoc.xml
JJ80;741;1609;444v;Paris_AN_JJ_inventaire_Languedoc.xml
JJ80;760;1610;459;Paris_AN_JJ_inventaire_Languedoc.xml
JJ80;761;1611;459;Paris_AN_JJ_inventaire_Languedoc.xml
JJ80;762;1612;459v;Paris_AN_JJ_inventaire_Languedoc.xml
JJ80;763;1613;459v;Paris_AN_JJ_inventaire_Languedoc.xml
JJ80;764;1614;460;Paris_AN_JJ_inventaire_Languedoc.xml
JJ80;769;1615;462;Paris_AN_JJ_inventaire_Languedoc.xml
JJ80;770;1616;462;Paris_AN_JJ_inventaire_Languedoc.xml
JJ81;6;1617;3v;Paris_AN_JJ_inventaire_Languedoc.xml
JJ81;18;1618;8;Paris_AN_JJ_inventaire_Languedoc.xml
JJ80;57;1619;27v;Paris_AN_JJ_inventaire_Languedoc.xml
JJ81;76;1620;38;Paris_AN_JJ_inventaire_Languedoc.xml
JJ81;77;1621;38v;Paris_AN_JJ_inventaire_Languedoc.xml
JJ81;107;1622;53;Paris_AN_JJ_inventaire_Languedoc.xml
JJ81;113;1623;56;Paris_AN_JJ_inventaire_Languedoc.xml
JJ81;123;1624;61;Paris_AN_JJ_inventaire_Languedoc.xml
JJ81;131;1625;71;Paris_AN_JJ_inventaire_Languedoc.xml
JJ81;150;1626;85;Paris_AN_JJ_inventaire_Languedoc.xml
JJ81;167;1627;93;Paris_AN_JJ_inventaire_Languedoc.xml
JJ81;171;1628;95;Paris_AN_JJ_inventaire_Languedoc.xml
JJ81;182;1629;100;Paris_AN_JJ_inventaire_Languedoc.xml
JJ81;189;1630;103;Paris_AN_JJ_inventaire_Languedoc.xml
JJ81;190;1631;103v;Paris_AN_JJ_inventaire_Languedoc.xml
JJ81;203;1632;112v;Paris_AN_JJ_inventaire_Languedoc.xml
JJ81;218;1633;119;Paris_AN_JJ_inventaire_Languedoc.xml
JJ81;225;1634;122;Paris_AN_JJ_inventaire_Languedoc.xml
JJ81;226;1635;122vo;Paris_AN_JJ_inventaire_Languedoc.xml
JJ81;227;1636;122v;Paris_AN_JJ_inventaire_Languedoc.xml
JJ81;229;1637;123;Paris_AN_JJ_inventaire_Languedoc.xml
JJ81;235;1638;125;Paris_AN_JJ_inventaire_Languedoc.xml
JJ81;237;1639;126v;Paris_AN_JJ_inventaire_Languedoc.xml
JJ81;243;1640;128v;Paris_AN_JJ_inventaire_Languedoc.xml
JJ81;290;1641;148;Paris_AN_JJ_inventaire_Languedoc.xml
JJ81;293;1642;149;Paris_AN_JJ_inventaire_Languedoc.xml
JJ81;307;1643;155v;Paris_AN_JJ_inventaire_Languedoc.xml
JJ81;337;1644;167v;Paris_AN_JJ_inventaire_Languedoc.xml
JJ81;340;1645;168v;Paris_AN_JJ_inventaire_Languedoc.xml
JJ81;345;1646;170;Paris_AN_JJ_inventaire_Languedoc.xml
JJ81;346;1647;170;Paris_AN_JJ_inventaire_Languedoc.xml
JJ81;355;1648;175;Paris_AN_JJ_inventaire_Languedoc.xml
JJ81;358;1649;177v;Paris_AN_JJ_inventaire_Languedoc.xml
JJ81;416;1650;203;Paris_AN_JJ_inventaire_Languedoc.xml
JJ81;419;1651;204;Paris_AN_JJ_inventaire_Languedoc.xml
JJ81;428;1652;208v;Paris_AN_JJ_inventaire_Languedoc.xml
JJ81;448;1653;217v;Paris_AN_JJ_inventaire_Languedoc.xml
JJ81;459;1654;228;Paris_AN_JJ_inventaire_Languedoc.xml
JJ81;521;1655;259v;Paris_AN_JJ_inventaire_Languedoc.xml
JJ81;526;1656;261;Paris_AN_JJ_inventaire_Languedoc.xml
JJ81;559;1657;284;Paris_AN_JJ_inventaire_Languedoc.xml
JJ81;570;1658;292;Paris_AN_JJ_inventaire_Languedoc.xml
JJ81;585;1659;301;Paris_AN_JJ_inventaire_Languedoc.xml
JJ81;606;1660;311v;Paris_AN_JJ_inventaire_Languedoc.xml
JJ81;632;1661;323v;Paris_AN_JJ_inventaire_Languedoc.xml
JJ81;660;1662;335;Paris_AN_JJ_inventaire_Languedoc.xml
JJ81;674;1663;346;Paris_AN_JJ_inventaire_Languedoc.xml
JJ81;6946;1664;358,documentsDurfort,n°1043;Paris_AN_JJ_inventaire_Languedoc.xml
JJ81;715;1665;367v;Paris_AN_JJ_inventaire_Languedoc.xml
JJ81;744bis;1666;393;Paris_AN_JJ_inventaire_Languedoc.xml
JJ81;786;1667;414;Paris_AN_JJ_inventaire_Languedoc.xml
JJ81;797;1668;422v;Paris_AN_JJ_inventaire_Languedoc.xml
JJ81;813;1669;431v;Paris_AN_JJ_inventaire_Languedoc.xml
JJ81;829;1670;442;Paris_AN_JJ_inventaire_Languedoc.xml
JJ81;880;1671;463;Paris_AN_JJ_inventaire_Languedoc.xml
JJ81;921;1672;482;Paris_AN_JJ_inventaire_Languedoc.xml
JJ81;922;1673;482v;Paris_AN_JJ_inventaire_Languedoc.xml
JJ81;923;1674;482v;Paris_AN_JJ_inventaire_Languedoc.xml
JJ82;13;1675;5v;Paris_AN_JJ_inventaire_Languedoc.xml
JJ82;53;1676;33;Paris_AN_JJ_inventaire_Languedoc.xml
JJ82;62;1677;38;Paris_AN_JJ_inventaire_Languedoc.xml
JJ82;68;1678;40;Paris_AN_JJ_inventaire_Languedoc.xml
JJ82;69;1679;40;Paris_AN_JJ_inventaire_Languedoc.xml
JJ82;92;1680;57;Paris_AN_JJ_inventaire_Languedoc.xml
JJ82;101;1681;61;Paris_AN_JJ_inventaire_Languedoc.xml
JJ82;119;1682;80v;Paris_AN_JJ_inventaire_Languedoc.xml
JJ82;142;1683;95v;Paris_AN_JJ_inventaire_Languedoc.xml
JJ82;153;1684;100v;Paris_AN_JJ_inventaire_Languedoc.xml
JJ82;160;1685;104v;Paris_AN_JJ_inventaire_Languedoc.xml
JJ82;184;1686;123v;Paris_AN_JJ_inventaire_Languedoc.xml
JJ82;185;1687;124;Paris_AN_JJ_inventaire_Languedoc.xml
JJ82;232;1688;161v;Paris_AN_JJ_inventaire_Languedoc.xml
JJ82;563;1688;369;Paris_AN_JJ_inventaire_Languedoc.xml
JJ82;266;1689;183;Paris_AN_JJ_inventaire_Languedoc.xml
JJ82;294;1690;197;Paris_AN_JJ_inventaire_Languedoc.xml
JJ82;312;1691;208v;Paris_AN_JJ_inventaire_Languedoc.xml
JJ82;313;1692;209v;Paris_AN_JJ_inventaire_Languedoc.xml
JJ82;314;1693;210;Paris_AN_JJ_inventaire_Languedoc.xml
JJ82;353;1694;240v;Paris_AN_JJ_inventaire_Languedoc.xml
JJ82;377;1695;253v;Paris_AN_JJ_inventaire_Languedoc.xml
JJ82;501;1696;334v;Paris_AN_JJ_inventaire_Languedoc.xml
JJ82;562;1697;368v;Paris_AN_JJ_inventaire_Languedoc.xml
JJ82;567;1698;370v;Paris_AN_JJ_inventaire_Languedoc.xml
JJ82;573;1699;372v;Paris_AN_JJ_inventaire_Languedoc.xml
JJ82;583;1700;376;Paris_AN_JJ_inventaire_Languedoc.xml
JJ82;593;1701;381;Paris_AN_JJ_inventaire_Languedoc.xml
JJ82;632;1702;399v;Paris_AN_JJ_inventaire_Languedoc.xml
JJ82;636;1703;403;Paris_AN_JJ_inventaire_Languedoc.xml
JJ82;637;1704;403v;Paris_AN_JJ_inventaire_Languedoc.xml
JJ82;638;1705;404;Paris_AN_JJ_inventaire_Languedoc.xml
JJ82;675;1706;418;Paris_AN_JJ_inventaire_Languedoc.xml
JJ82;677;1707;419v;Paris_AN_JJ_inventaire_Languedoc.xml
JJ84;3;1708;1v;Paris_AN_JJ_inventaire_Languedoc.xml
JJ84;36;1709;30;Paris_AN_JJ_inventaire_Languedoc.xml
JJ84;55;1710;36v;Paris_AN_JJ_inventaire_Languedoc.xml
JJ84;87;1711;49;Paris_AN_JJ_inventaire_Languedoc.xml
JJ84;96;1712;60;Paris_AN_JJ_inventaire_Languedoc.xml
JJ84;97;1713;60;Paris_AN_JJ_inventaire_Languedoc.xml
JJ84;98;1714;60v;Paris_AN_JJ_inventaire_Languedoc.xml
JJ84;118;1715;69;Paris_AN_JJ_inventaire_Languedoc.xml
JJ84;140;1716;83;Paris_AN_JJ_inventaire_Languedoc.xml
JJ84;155;1717;92;Paris_AN_JJ_inventaire_Languedoc.xml
JJ84;170;1718;97;Paris_AN_JJ_inventaire_Languedoc.xml
JJ84;234;1719;130;Paris_AN_JJ_inventaire_Languedoc.xml
JJ84;240;1720;132;Paris_AN_JJ_inventaire_Languedoc.xml
JJ84;246;1721;134;Paris_AN_JJ_inventaire_Languedoc.xml
JJ84;269;1722;147;Paris_AN_JJ_inventaire_Languedoc.xml
JJ84;271;1723;149;Paris_AN_JJ_inventaire_Languedoc.xml
JJ84;336;1724;173;Paris_AN_JJ_inventaire_Languedoc.xml
JJ84;343;1725;178;Paris_AN_JJ_inventaire_Languedoc.xml
JJ84;355;1726;183;Paris_AN_JJ_inventaire_Languedoc.xml
JJ84;364;1727;186v;Paris_AN_JJ_inventaire_Languedoc.xml
JJ84;402;1728;214v;Paris_AN_JJ_inventaire_Languedoc.xml
JJ84;406;1729;216;Paris_AN_JJ_inventaire_Languedoc.xml
JJ84;465;1730;240;Paris_AN_JJ_inventaire_Languedoc.xml
JJ84;467;1731;240v;Paris_AN_JJ_inventaire_Languedoc.xml
JJ84;475;1732;244;Paris_AN_JJ_inventaire_Languedoc.xml
JJ84;487;1733;252;Paris_AN_JJ_inventaire_Languedoc.xml
JJ84;525;1734;273v;Paris_AN_JJ_inventaire_Languedoc.xml
JJ84;549;1735;285v;Paris_AN_JJ_inventaire_Languedoc.xml
JJ84;569;1735bis;294;Paris_AN_JJ_inventaire_Languedoc.xml
JJ84;592;1736;302v;Paris_AN_JJ_inventaire_Languedoc.xml
JJ84;599;1737;306;Paris_AN_JJ_inventaire_Languedoc.xml
JJ84;624;1738;316;Paris_AN_JJ_inventaire_Languedoc.xml
JJ84;631;1739;318;Paris_AN_JJ_inventaire_Languedoc.xml
JJ84;633;1740;319;Paris_AN_JJ_inventaire_Languedoc.xml
JJ84;691;1741;349;Paris_AN_JJ_inventaire_Languedoc.xml
JJ84;711;1743;356v;Paris_AN_JJ_inventaire_Languedoc.xml
JJ84;725;1744;360;Paris_AN_JJ_inventaire_Languedoc.xml
JJ84;756;1745;376;Paris_AN_JJ_inventaire_Languedoc.xml
JJ84;769;1746;382v;Paris_AN_JJ_inventaire_Languedoc.xml
JJ84;790;1747;393v;Paris_AN_JJ_inventaire_Languedoc.xml
JJ86;24;1748;9v;Paris_AN_JJ_inventaire_Languedoc.xml
JJ86;29;1749;11v;Paris_AN_JJ_inventaire_Languedoc.xml
JJ86;30;1750;12;Paris_AN_JJ_inventaire_Languedoc.xml
JJ86;116;1751;42v;Paris_AN_JJ_inventaire_Languedoc.xml
JJ86;119;1752;43;Paris_AN_JJ_inventaire_Languedoc.xml
JJ86;138;1753;48;Paris_AN_JJ_inventaire_Languedoc.xml
JJ86;167;1754;55;Paris_AN_JJ_inventaire_Languedoc.xml
JJ86;178;1755;57;Paris_AN_JJ_inventaire_Languedoc.xml
JJ86;381;1756;130v;Paris_AN_JJ_inventaire_Languedoc.xml
JJ86;448;1757;158v;Paris_AN_JJ_inventaire_Languedoc.xml
JJ86;498;1758;176;Paris_AN_JJ_inventaire_Languedoc.xml
JJ86;515;1759;186;Paris_AN_JJ_inventaire_Languedoc.xml
JJ86;521;1760;188;Paris_AN_JJ_inventaire_Languedoc.xml
JJ86;552;1761;200v;Paris_AN_JJ_inventaire_Languedoc.xml
JJ89;10;1762;5;Paris_AN_JJ_inventaire_Languedoc.xml
JJ89;88;1763;37;Paris_AN_JJ_inventaire_Languedoc.xml
JJ89;93;1764;39v;Paris_AN_JJ_inventaire_Languedoc.xml
JJ89;95;1765;41v;Paris_AN_JJ_inventaire_Languedoc.xml
JJ89;96;1766;42v;Paris_AN_JJ_inventaire_Languedoc.xml
JJ89;113;1767;51;Paris_AN_JJ_inventaire_Languedoc.xml
JJ89;128;1768;59v;Paris_AN_JJ_inventaire_Languedoc.xml
JJ89;129;1769;60;Paris_AN_JJ_inventaire_Languedoc.xml
JJ89;131;1770;61;Paris_AN_JJ_inventaire_Languedoc.xml
JJ89;178;1771;82v;Paris_AN_JJ_inventaire_Languedoc.xml
JJ89;240;1772;107;Paris_AN_JJ_inventaire_Languedoc.xml
JJ89;241;1773;107v;Paris_AN_JJ_inventaire_Languedoc.xml
JJ89;275;1774;118v;Paris_AN_JJ_inventaire_Languedoc.xml
JJ89;298;1775;125v;Paris_AN_JJ_inventaire_Languedoc.xml
JJ89;305;1776;128v;Paris_AN_JJ_inventaire_Languedoc.xml
JJ89;318;1777;133;Paris_AN_JJ_inventaire_Languedoc.xml
JJ89;323;1778;172;Paris_AN_JJ_inventaire_Languedoc.xml
JJ89;571;1779;262;Paris_AN_JJ_inventaire_Languedoc.xml
JJ89;624;1780;288;Paris_AN_JJ_inventaire_Languedoc.xml
JJ89;625;1781;288;Paris_AN_JJ_inventaire_Languedoc.xml
JJ89;715;1782;343;Paris_AN_JJ_inventaire_Languedoc.xml
JJ90;109;1783;58;Paris_AN_JJ_inventaire_Languedoc.xml
JJ90;139;1784;75v;Paris_AN_JJ_inventaire_Languedoc.xml
JJ90;140;1785;76;Paris_AN_JJ_inventaire_Languedoc.xml
JJ90;141;1786;76v;Paris_AN_JJ_inventaire_Languedoc.xml
JJ90;142;1787;77;Paris_AN_JJ_inventaire_Languedoc.xml
JJ90;349;1788;178v;Paris_AN_JJ_inventaire_Languedoc.xml
JJ90;427;1789;214;Paris_AN_JJ_inventaire_Languedoc.xml
JJ90;428;1790;214v;Paris_AN_JJ_inventaire_Languedoc.xml
JJ90;511;1791;253;Paris_AN_JJ_inventaire_Languedoc.xml
JJ90;608;1792;299v;Paris_AN_JJ_inventaire_Languedoc.xml
JJ91;118;1793;48;Paris_AN_JJ_inventaire_Languedoc.xml
JJ91;144;1794;68v,Monicat,HistoireduVelay,pustVI;Paris_AN_JJ_inventaire_Languedoc.xml
JJ91;147;1795;70;Paris_AN_JJ_inventaire_Languedoc.xml
JJ91;166;1796;80;Paris_AN_JJ_inventaire_Languedoc.xml
JJ91;250;1797;127;Paris_AN_JJ_inventaire_Languedoc.xml
JJ91;255;1798;192;Paris_AN_JJ_inventaire_Languedoc.xml
JJ91;256;1799;130;Paris_AN_JJ_inventaire_Languedoc.xml
JJ91;273;1800;137;Paris_AN_JJ_inventaire_Languedoc.xml
JJ91;285;1801;146v;Paris_AN_JJ_inventaire_Languedoc.xml
JJ91;302;1802;155v;Paris_AN_JJ_inventaire_Languedoc.xml
JJ91;313;1803;161;Paris_AN_JJ_inventaire_Languedoc.xml
JJ91;317;1804;163;Paris_AN_JJ_inventaire_Languedoc.xml
JJ91;318;1805;163v;Paris_AN_JJ_inventaire_Languedoc.xml
JJ91;323;1806;168;Paris_AN_JJ_inventaire_Languedoc.xml
JJ91;324;1807;168;Paris_AN_JJ_inventaire_Languedoc.xml
JJ91;329;1808;171v;Paris_AN_JJ_inventaire_Languedoc.xml
JJ91;334;1809;"174,EMolinier,Arnould'Audrehem,pjust
xxxm";Paris_AN_JJ_inventaire_Languedoc.xml
JJ91;351;1810;182;Paris_AN_JJ_inventaire_Languedoc.xml
JJ91;445;1811;242;Paris_AN_JJ_inventaire_Languedoc.xml
JJ91;453;1812;246v;Paris_AN_JJ_inventaire_Languedoc.xml
JJ91;465;1813;252v;Paris_AN_JJ_inventaire_Languedoc.xml
JJ91;469;1814;254v;Paris_AN_JJ_inventaire_Languedoc.xml
JJ91;471;1815;256v;Paris_AN_JJ_inventaire_Languedoc.xml
JJ91;478;1816;260v;Paris_AN_JJ_inventaire_Languedoc.xml
JJ91;485;1817;263v;Paris_AN_JJ_inventaire_Languedoc.xml
JJ91;494;1818;267;Paris_AN_JJ_inventaire_Languedoc.xml
JJ93;302;1819;15v;Paris_AN_JJ_inventaire_Languedoc.xml
JJ93;312;1820;15v;Paris_AN_JJ_inventaire_Languedoc.xml
JJ93;342;1821;16v;Paris_AN_JJ_inventaire_Languedoc.xml
JJ93;44;1822;19v;Paris_AN_JJ_inventaire_Languedoc.xml
JJ93;70;1823;33v;Paris_AN_JJ_inventaire_Languedoc.xml
JJ93;71;1824;34;Paris_AN_JJ_inventaire_Languedoc.xml
JJ93;72;1825;34;Paris_AN_JJ_inventaire_Languedoc.xml
JJ93;79;1826;36v;Paris_AN_JJ_inventaire_Languedoc.xml
JJ93;80;1827;36v;Paris_AN_JJ_inventaire_Languedoc.xml
JJ93;83;1828;38;Paris_AN_JJ_inventaire_Languedoc.xml
JJ93;84;1829;39;Paris_AN_JJ_inventaire_Languedoc.xml
JJ93;85;1830;39v;Paris_AN_JJ_inventaire_Languedoc.xml
JJ93;86;1831;40;Paris_AN_JJ_inventaire_Languedoc.xml
JJ93;87;1832;40v;Paris_AN_JJ_inventaire_Languedoc.xml
JJ93;88;1833;40v;Paris_AN_JJ_inventaire_Languedoc.xml
JJ93;91;1834;41;Paris_AN_JJ_inventaire_Languedoc.xml
JJ93;92;1835;41v;Paris_AN_JJ_inventaire_Languedoc.xml
JJ93;94;1836;42;Paris_AN_JJ_inventaire_Languedoc.xml
JJ93;95;1837;42v;Paris_AN_JJ_inventaire_Languedoc.xml
JJ93;97;1838;43;Paris_AN_JJ_inventaire_Languedoc.xml
JJ93;99;1839;43v;Paris_AN_JJ_inventaire_Languedoc.xml
JJ93;100;1840;44;Paris_AN_JJ_inventaire_Languedoc.xml
JJ93;101;1841;44;Paris_AN_JJ_inventaire_Languedoc.xml
JJ93;105;1842;45;Paris_AN_JJ_inventaire_Languedoc.xml
JJ93;106;1843;45v;Paris_AN_JJ_inventaire_Languedoc.xml
JJ93;107;1844;45v;Paris_AN_JJ_inventaire_Languedoc.xml
JJ93;108;1845;46;Paris_AN_JJ_inventaire_Languedoc.xml
JJ93;109;1846;46v;Paris_AN_JJ_inventaire_Languedoc.xml
JJ93;111;1847;47;Paris_AN_JJ_inventaire_Languedoc.xml
JJ93;112;1848;47;Paris_AN_JJ_inventaire_Languedoc.xml
JJ93;114;1849;47v;Paris_AN_JJ_inventaire_Languedoc.xml
JJ93;115;1850;48;Paris_AN_JJ_inventaire_Languedoc.xml
JJ93;116;1851;48v;Paris_AN_JJ_inventaire_Languedoc.xml
JJ93;117;1852;49;Paris_AN_JJ_inventaire_Languedoc.xml
JJ93;118;1853;49;Paris_AN_JJ_inventaire_Languedoc.xml
JJ93;125;1854;51;Paris_AN_JJ_inventaire_Languedoc.xml
JJ93;126;1855;51v;Paris_AN_JJ_inventaire_Languedoc.xml
JJ93;128;1856;52;Paris_AN_JJ_inventaire_Languedoc.xml
JJ93;129;1857;52;Paris_AN_JJ_inventaire_Languedoc.xml
JJ93;131;1858;53;Paris_AN_JJ_inventaire_Languedoc.xml
JJ93;132;1859;83;Paris_AN_JJ_inventaire_Languedoc.xml
JJ93;133;1860;54;Paris_AN_JJ_inventaire_Languedoc.xml
JJ93;134;1861;55;Paris_AN_JJ_inventaire_Languedoc.xml
JJ93;138;1862;56v;Paris_AN_JJ_inventaire_Languedoc.xml
JJ93;139;1863;58;Paris_AN_JJ_inventaire_Languedoc.xml
JJ93;141;1864;58v;Paris_AN_JJ_inventaire_Languedoc.xml
JJ93;143;1865;59;Paris_AN_JJ_inventaire_Languedoc.xml
JJ93;144;1866;59v;Paris_AN_JJ_inventaire_Languedoc.xml
JJ93;145;1867;60;Paris_AN_JJ_inventaire_Languedoc.xml
JJ93;147;1868;61;Paris_AN_JJ_inventaire_Languedoc.xml
JJ93;149;1869;62;Paris_AN_JJ_inventaire_Languedoc.xml
JJ93;150;1870;62;Paris_AN_JJ_inventaire_Languedoc.xml
JJ93;151;1871;62v;Paris_AN_JJ_inventaire_Languedoc.xml
JJ93;153;1872;63;Paris_AN_JJ_inventaire_Languedoc.xml
JJ93;155;1873;63v;Paris_AN_JJ_inventaire_Languedoc.xml
JJ93;156;1874;63v;Paris_AN_JJ_inventaire_Languedoc.xml
JJ93;157;1875;64;Paris_AN_JJ_inventaire_Languedoc.xml
JJ93;158;1876;64;Paris_AN_JJ_inventaire_Languedoc.xml
JJ93;161;1877;65v;Paris_AN_JJ_inventaire_Languedoc.xml
JJ93;163;1878;66;Paris_AN_JJ_inventaire_Languedoc.xml
JJ93;164;1879;66;Paris_AN_JJ_inventaire_Languedoc.xml
JJ93;165;1880;66v;Paris_AN_JJ_inventaire_Languedoc.xml
JJ93;168;1881;68;Paris_AN_JJ_inventaire_Languedoc.xml
JJ93;169;1882;68;Paris_AN_JJ_inventaire_Languedoc.xml
JJ93;169bis;1883;68v;Paris_AN_JJ_inventaire_Languedoc.xml
JJ93;170;1884;69;Paris_AN_JJ_inventaire_Languedoc.xml
JJ93;172;1885;69;Paris_AN_JJ_inventaire_Languedoc.xml
JJ93;173;1886;69v;Paris_AN_JJ_inventaire_Languedoc.xml
JJ93;175;1887;72;Paris_AN_JJ_inventaire_Languedoc.xml
JJ93;176;1888;72;Paris_AN_JJ_inventaire_Languedoc.xml
JJ93;178;1889;72v;Paris_AN_JJ_inventaire_Languedoc.xml
JJ93;179;1890;73;Paris_AN_JJ_inventaire_Languedoc.xml
JJ93;180;1891;73;Paris_AN_JJ_inventaire_Languedoc.xml
JJ93;183;1892;74;Paris_AN_JJ_inventaire_Languedoc.xml
JJ93;184;1893;75;Paris_AN_JJ_inventaire_Languedoc.xml
JJ93;186;1894;76;Paris_AN_JJ_inventaire_Languedoc.xml
JJ93;187;1895;77;Paris_AN_JJ_inventaire_Languedoc.xml
JJ93;189;1896;77v;Paris_AN_JJ_inventaire_Languedoc.xml
JJ93;190;1897;77v;Paris_AN_JJ_inventaire_Languedoc.xml
JJ93;191;1898;78;Paris_AN_JJ_inventaire_Languedoc.xml
JJ93;192;1899;78v;Paris_AN_JJ_inventaire_Languedoc.xml
JJ93;193;1900;78v;Paris_AN_JJ_inventaire_Languedoc.xml
JJ93;194;1901;79;Paris_AN_JJ_inventaire_Languedoc.xml
JJ93;195;1902;79;Paris_AN_JJ_inventaire_Languedoc.xml
JJ93;196;1903;79v;Paris_AN_JJ_inventaire_Languedoc.xml
JJ93;198;1904;80v;Paris_AN_JJ_inventaire_Languedoc.xml
JJ93;199;1905;80v;Paris_AN_JJ_inventaire_Languedoc.xml
JJ93;201;1906;81;Paris_AN_JJ_inventaire_Languedoc.xml
JJ93;202;1907;81v;Paris_AN_JJ_inventaire_Languedoc.xml
JJ93;203;1908;81v;Paris_AN_JJ_inventaire_Languedoc.xml
JJ93;205;1909;82;Paris_AN_JJ_inventaire_Languedoc.xml
JJ93;207;1910;83;Paris_AN_JJ_inventaire_Languedoc.xml
JJ93;211;1911;84v;Paris_AN_JJ_inventaire_Languedoc.xml
JJ93;212;1912;95;Paris_AN_JJ_inventaire_Languedoc.xml
JJ93;213;1913;85v;Paris_AN_JJ_inventaire_Languedoc.xml
JJ93;215;1914;86;Paris_AN_JJ_inventaire_Languedoc.xml
JJ93;216;1915;86v;Paris_AN_JJ_inventaire_Languedoc.xml
JJ93;217;1916;87;Paris_AN_JJ_inventaire_Languedoc.xml
JJ93;218;1917;87v;Paris_AN_JJ_inventaire_Languedoc.xml
JJ93;221;1918;88v;Paris_AN_JJ_inventaire_Languedoc.xml
JJ93;222;1919;88;Paris_AN_JJ_inventaire_Languedoc.xml
JJ93;226;1920;90;Paris_AN_JJ_inventaire_Languedoc.xml
JJ93;227;1921;90v;Paris_AN_JJ_inventaire_Languedoc.xml
JJ93;228;1922;91;Paris_AN_JJ_inventaire_Languedoc.xml
JJ93;229;1923;91;Paris_AN_JJ_inventaire_Languedoc.xml
JJ93;230;1924;91v;Paris_AN_JJ_inventaire_Languedoc.xml
JJ93;231;1925;93v;Paris_AN_JJ_inventaire_Languedoc.xml
JJ93;233;1926;94;Paris_AN_JJ_inventaire_Languedoc.xml
JJ93;234;1927;94v;Paris_AN_JJ_inventaire_Languedoc.xml
JJ93;235;1928;95;Paris_AN_JJ_inventaire_Languedoc.xml
JJ93;238;1929;96;Paris_AN_JJ_inventaire_Languedoc.xml
JJ93;239;1930;96v;Paris_AN_JJ_inventaire_Languedoc.xml
JJ93;240;1931;96v;Paris_AN_JJ_inventaire_Languedoc.xml
JJ93;241;1932;97;Paris_AN_JJ_inventaire_Languedoc.xml
JJ93;243;1933;103,Monicat,HistoireduVelay,pjustix;Paris_AN_JJ_inventaire_Languedoc.xml
JJ93;247;1934;104v;Paris_AN_JJ_inventaire_Languedoc.xml
JJ93;248;1935;105;Paris_AN_JJ_inventaire_Languedoc.xml
JJ93;251;1936;106;Paris_AN_JJ_inventaire_Languedoc.xml
JJ93;268;1937;112;Paris_AN_JJ_inventaire_Languedoc.xml
JJ93;270;1938;113v;Paris_AN_JJ_inventaire_Languedoc.xml
JJ93;280;1939;116;Paris_AN_JJ_inventaire_Languedoc.xml
JJ93;282;1940;116v;Paris_AN_JJ_inventaire_Languedoc.xml
JJ93;283;1941;117;Paris_AN_JJ_inventaire_Languedoc.xml
JJ93;284;1942;117;Paris_AN_JJ_inventaire_Languedoc.xml
JJ93;285;1943;117v;Paris_AN_JJ_inventaire_Languedoc.xml
JJ93;286;1944;118;Paris_AN_JJ_inventaire_Languedoc.xml
JJ93;287;1945;118;Paris_AN_JJ_inventaire_Languedoc.xml
JJ93;300;1946;124;Paris_AN_JJ_inventaire_Languedoc.xml
JJ94;21;1947;9;Paris_AN_JJ_inventaire_Languedoc.xml
JJ94;28;1948;11v;Paris_AN_JJ_inventaire_Languedoc.xml
JJ94;54;1949;20v;Paris_AN_JJ_inventaire_Languedoc.xml
JJ95;161;1950;64;Paris_AN_JJ_inventaire_Languedoc.xml
JJ95;163;1951;66;Paris_AN_JJ_inventaire_Languedoc.xml
JJ95;211;1952;87;Paris_AN_JJ_inventaire_Languedoc.xml
JJ95;217;1953;92;Paris_AN_JJ_inventaire_Languedoc.xml
JJ95;225;1954;97;Paris_AN_JJ_inventaire_Languedoc.xml
JJ96;113;1955;41;Paris_AN_JJ_inventaire_Languedoc.xml
JJ96;119;1956;43;Paris_AN_JJ_inventaire_Languedoc.xml
JJ96;164;1957;57v;Paris_AN_JJ_inventaire_Languedoc.xml
JJ96;181;1958;61v;Paris_AN_JJ_inventaire_Languedoc.xml
JJ96;190;1959;64v;Paris_AN_JJ_inventaire_Languedoc.xml
JJ96;191;1959bis;64v;Paris_AN_JJ_inventaire_Languedoc.xml
JJ96;210;1960;69v;Paris_AN_JJ_inventaire_Languedoc.xml
JJ96;252;1961;82;Paris_AN_JJ_inventaire_Languedoc.xml
JJ96;290;1962;93;Paris_AN_JJ_inventaire_Languedoc.xml
JJ96;349;1963;121v;Paris_AN_JJ_inventaire_Languedoc.xml
JJ96;352;1964;124v;Paris_AN_JJ_inventaire_Languedoc.xml
JJ97;18;1965;13;Paris_AN_JJ_inventaire_Languedoc.xml
JJ97;26;1966;15;Paris_AN_JJ_inventaire_Languedoc.xml
JJ97;32;1967;17v;Paris_AN_JJ_inventaire_Languedoc.xml
JJ97;36;1968;18v;Paris_AN_JJ_inventaire_Languedoc.xml
JJ97;57;1969;23v;Paris_AN_JJ_inventaire_Languedoc.xml
JJ97;71;1970;27;Paris_AN_JJ_inventaire_Languedoc.xml
JJ97;72;1971;27;Paris_AN_JJ_inventaire_Languedoc.xml
JJ97;77;1972;28;Paris_AN_JJ_inventaire_Languedoc.xml
JJ97;79;1973;28v;Paris_AN_JJ_inventaire_Languedoc.xml
JJ97;80;1974;28v;Paris_AN_JJ_inventaire_Languedoc.xml
JJ97;81;1975;28v;Paris_AN_JJ_inventaire_Languedoc.xml
JJ97;82;1976;29;Paris_AN_JJ_inventaire_Languedoc.xml
JJ97;83;1977;29;Paris_AN_JJ_inventaire_Languedoc.xml
JJ97;84;1978;29;Paris_AN_JJ_inventaire_Languedoc.xml
JJ97;85;1979;29;Paris_AN_JJ_inventaire_Languedoc.xml
JJ97;103;1980;33v;Paris_AN_JJ_inventaire_Languedoc.xml
JJ97;109;1981;35;Paris_AN_JJ_inventaire_Languedoc.xml
JJ97;111;1982;36;Paris_AN_JJ_inventaire_Languedoc.xml
JJ97;112;1983;36;Paris_AN_JJ_inventaire_Languedoc.xml
JJ95;113;1984;36;Paris_AN_JJ_inventaire_Languedoc.xml
JJ97;114;1985;36;Paris_AN_JJ_inventaire_Languedoc.xml
JJ97;115;1986;36;Paris_AN_JJ_inventaire_Languedoc.xml
JJ97;117;1987;36v;Paris_AN_JJ_inventaire_Languedoc.xml
JJ97;120;1988;37v;Paris_AN_JJ_inventaire_Languedoc.xml
JJ97;122;1989;37v;Paris_AN_JJ_inventaire_Languedoc.xml
JJ97;123;1990;38;Paris_AN_JJ_inventaire_Languedoc.xml
JJ97;124;1991;39;Paris_AN_JJ_inventaire_Languedoc.xml
JJ97;168;1992;49v;Paris_AN_JJ_inventaire_Languedoc.xml
JJ97;238;1993;70;Paris_AN_JJ_inventaire_Languedoc.xml
JJ97;248;1994;72;Paris_AN_JJ_inventaire_Languedoc.xml
JJ97;249;1995;72v;Paris_AN_JJ_inventaire_Languedoc.xml
JJ97;251;1996;72v;Paris_AN_JJ_inventaire_Languedoc.xml
JJ97;255;1997;73v;Paris_AN_JJ_inventaire_Languedoc.xml
JJ97;304;1998;83;Paris_AN_JJ_inventaire_Languedoc.xml
JJ97;340;1999;91;Paris_AN_JJ_inventaire_Languedoc.xml
JJ97;346;2000;92;Paris_AN_JJ_inventaire_Languedoc.xml
JJ97;361;2001;94v;Paris_AN_JJ_inventaire_Languedoc.xml
JJ97;380;2002;98v;Paris_AN_JJ_inventaire_Languedoc.xml
JJ97;383;2003;98v;Paris_AN_JJ_inventaire_Languedoc.xml
JJ97;407;2004;105;Paris_AN_JJ_inventaire_Languedoc.xml
JJ97;431;2005;111v;Paris_AN_JJ_inventaire_Languedoc.xml
JJ97;468;2006;119v;Paris_AN_JJ_inventaire_Languedoc.xml
JJ97;592;2007;162;Paris_AN_JJ_inventaire_Languedoc.xml
JJ97;603;2008;165v;Paris_AN_JJ_inventaire_Languedoc.xml
JJ97;607;2009;166v;Paris_AN_JJ_inventaire_Languedoc.xml
JJ97;620;2010;172v;Paris_AN_JJ_inventaire_Languedoc.xml
JJ98;1;2011;1;Paris_AN_JJ_inventaire_Languedoc.xml
JJ98;4;2012;1v;Paris_AN_JJ_inventaire_Languedoc.xml
JJ98;4;2013;1v;Paris_AN_JJ_inventaire_Languedoc.xml
JJ98;13;2014;6;Paris_AN_JJ_inventaire_Languedoc.xml
JJ98;18;2015;8v;Paris_AN_JJ_inventaire_Languedoc.xml
JJ98;19;2016;9;Paris_AN_JJ_inventaire_Languedoc.xml
JJ98;22;2017;10;Paris_AN_JJ_inventaire_Languedoc.xml
JJ98;41;2018;17v;Paris_AN_JJ_inventaire_Languedoc.xml
JJ98;58;2019;23v;Paris_AN_JJ_inventaire_Languedoc.xml
JJ98;60;2020;24;Paris_AN_JJ_inventaire_Languedoc.xml
JJ98;65;2021;26;Paris_AN_JJ_inventaire_Languedoc.xml
JJ98;73;2022;27v;Paris_AN_JJ_inventaire_Languedoc.xml
JJ98;74;2023;27v;Paris_AN_JJ_inventaire_Languedoc.xml
JJ98;78;2024;28v;Paris_AN_JJ_inventaire_Languedoc.xml
JJ98;89;2025;30v;Paris_AN_JJ_inventaire_Languedoc.xml
JJ98;125;2026;38v;Paris_AN_JJ_inventaire_Languedoc.xml
JJ98;126;2027;39;Paris_AN_JJ_inventaire_Languedoc.xml
JJ98;130;2028;40;Paris_AN_JJ_inventaire_Languedoc.xml
JJ98;171;2029;51;Paris_AN_JJ_inventaire_Languedoc.xml
JJ98;182;2030;55v;Paris_AN_JJ_inventaire_Languedoc.xml
JJ98;207;2031;65v;Paris_AN_JJ_inventaire_Languedoc.xml
JJ98;221;2032;69v;Paris_AN_JJ_inventaire_Languedoc.xml
JJ98;236;2033;74v;Paris_AN_JJ_inventaire_Languedoc.xml
JJ98;254;2034;80v;Paris_AN_JJ_inventaire_Languedoc.xml
JJ98;258;2035;82;Paris_AN_JJ_inventaire_Languedoc.xml
JJ98;284;2036;89v;Paris_AN_JJ_inventaire_Languedoc.xml
JJ98;320;2037;98v;Paris_AN_JJ_inventaire_Languedoc.xml
JJ98;322;2038;99;Paris_AN_JJ_inventaire_Languedoc.xml
JJ98;325;2039;101v;Paris_AN_JJ_inventaire_Languedoc.xml
JJ98;335;2040;105;Paris_AN_JJ_inventaire_Languedoc.xml
JJ98;366;2041;113v;Paris_AN_JJ_inventaire_Languedoc.xml
JJ98;367;2042;113v;Paris_AN_JJ_inventaire_Languedoc.xml
JJ98;392;2043;126;Paris_AN_JJ_inventaire_Languedoc.xml
JJ98;393;2044;126v;Paris_AN_JJ_inventaire_Languedoc.xml
JJ98;395;2045;127;Paris_AN_JJ_inventaire_Languedoc.xml
JJ98;398;2046;130;Paris_AN_JJ_inventaire_Languedoc.xml
JJ98;400;2047;131;Paris_AN_JJ_inventaire_Languedoc.xml
JJ98;403;2048;131v;Paris_AN_JJ_inventaire_Languedoc.xml
JJ98;404;2049;131v;Paris_AN_JJ_inventaire_Languedoc.xml
JJ98;406;2050;132v;Paris_AN_JJ_inventaire_Languedoc.xml
JJ98;422;2051;136;Paris_AN_JJ_inventaire_Languedoc.xml
JJ98;446;2052;142;Paris_AN_JJ_inventaire_Languedoc.xml
JJ98;448;2053;142v;Paris_AN_JJ_inventaire_Languedoc.xml
JJ98;465;2054;147;Paris_AN_JJ_inventaire_Languedoc.xml
JJ98;492;2055;154;Paris_AN_JJ_inventaire_Languedoc.xml
JJ98;499;2056;156;Paris_AN_JJ_inventaire_Languedoc.xml
JJ98;548;2057;169v;Paris_AN_JJ_inventaire_Languedoc.xml
JJ98;549;2058;170;Paris_AN_JJ_inventaire_Languedoc.xml
JJ98;551;2059;170;Paris_AN_JJ_inventaire_Languedoc.xml
JJ98;552;2060;170;Paris_AN_JJ_inventaire_Languedoc.xml
JJ98;553;2061;171;Paris_AN_JJ_inventaire_Languedoc.xml
JJ98;556;2062;171v;Paris_AN_JJ_inventaire_Languedoc.xml
JJ98;557;2063;171v;Paris_AN_JJ_inventaire_Languedoc.xml
JJ98;573;2064;176v;Paris_AN_JJ_inventaire_Languedoc.xml
JJ98;578;2065;177v;Paris_AN_JJ_inventaire_Languedoc.xml
JJ98;584;2066;179;Paris_AN_JJ_inventaire_Languedoc.xml
JJ98;586;2067;180;Paris_AN_JJ_inventaire_Languedoc.xml
JJ98;590;2068;181;Paris_AN_JJ_inventaire_Languedoc.xml
JJ98;616;2069;189;Paris_AN_JJ_inventaire_Languedoc.xml
JJ98;629;2070;191v;Paris_AN_JJ_inventaire_Languedoc.xml
JJ98;677;2071;201v;Paris_AN_JJ_inventaire_Languedoc.xml
JJ98;689;2072;204v;Paris_AN_JJ_inventaire_Languedoc.xml
JJ98;700;2073;207v;Paris_AN_JJ_inventaire_Languedoc.xml
JJ98;753;2074;224v;Paris_AN_JJ_inventaire_Languedoc.xml
JJ98;757;2075;226;Paris_AN_JJ_inventaire_Languedoc.xml
JJ98;760;2076;228;Paris_AN_JJ_inventaire_Languedoc.xml
JJ99;5;2077;2;Paris_AN_JJ_inventaire_Languedoc.xml
JJ99;13;2078;4;Paris_AN_JJ_inventaire_Languedoc.xml
JJ99;14;2079;6;Paris_AN_JJ_inventaire_Languedoc.xml
JJ99;27;2080;10;Paris_AN_JJ_inventaire_Languedoc.xml
JJ99;49;2081;16v;Paris_AN_JJ_inventaire_Languedoc.xml
JJ99;52;2082;19;Paris_AN_JJ_inventaire_Languedoc.xml
JJ99;66;2083;22v;Paris_AN_JJ_inventaire_Languedoc.xml
JJ99;91;2084;29v;Paris_AN_JJ_inventaire_Languedoc.xml
JJ99;92;2085;30;Paris_AN_JJ_inventaire_Languedoc.xml
JJ99;931;2086;30;Paris_AN_JJ_inventaire_Languedoc.xml
JJ99;932;2087;30v;Paris_AN_JJ_inventaire_Languedoc.xml
JJ99;933;2088;30v;Paris_AN_JJ_inventaire_Languedoc.xml
JJ99;934;2089;30v;Paris_AN_JJ_inventaire_Languedoc.xml
JJ99;955;2090;30v;Paris_AN_JJ_inventaire_Languedoc.xml
JJ99;936;2091;30v;Paris_AN_JJ_inventaire_Languedoc.xml
JJ99;937;2092;30v;Paris_AN_JJ_inventaire_Languedoc.xml
JJ99;938;2093;30v;Paris_AN_JJ_inventaire_Languedoc.xml
JJ99;939;2094;30v;Paris_AN_JJ_inventaire_Languedoc.xml
JJ99;9310;2095;30v;Paris_AN_JJ_inventaire_Languedoc.xml
JJ99;9311;2096;30v;Paris_AN_JJ_inventaire_Languedoc.xml
JJ99;9312;2097;30v;Paris_AN_JJ_inventaire_Languedoc.xml
JJ99;9313;2098;30v;Paris_AN_JJ_inventaire_Languedoc.xml
JJ99;9314;2099;30v;Paris_AN_JJ_inventaire_Languedoc.xml
JJ99;9315;2100;30v;Paris_AN_JJ_inventaire_Languedoc.xml
JJ99;9316;2101;30v;Paris_AN_JJ_inventaire_Languedoc.xml
JJ99;9317;2102;30v;Paris_AN_JJ_inventaire_Languedoc.xml
JJ99;113;2103;36v;Paris_AN_JJ_inventaire_Languedoc.xml
JJ99;123;2104;41v;Paris_AN_JJ_inventaire_Languedoc.xml
JJ99;128;2105;45;Paris_AN_JJ_inventaire_Languedoc.xml
JJ99;129;2106;45v;Paris_AN_JJ_inventaire_Languedoc.xml
JJ99;137;2107;49;Paris_AN_JJ_inventaire_Languedoc.xml
JJ99;158;2108;56;Paris_AN_JJ_inventaire_Languedoc.xml
JJ99;165;2109;61;Paris_AN_JJ_inventaire_Languedoc.xml
JJ99;194;2110;66;Paris_AN_JJ_inventaire_Languedoc.xml
JJ99;609;2110;186;Paris_AN_JJ_inventaire_Languedoc.xml
JJ99;206;2111;76v;Paris_AN_JJ_inventaire_Languedoc.xml
JJ99;215;2112;77;Paris_AN_JJ_inventaire_Languedoc.xml
JJ99;233;2113;82;Paris_AN_JJ_inventaire_Languedoc.xml
JJ99;241;2114;84v;Paris_AN_JJ_inventaire_Languedoc.xml
JJ99;243;2115;85;Paris_AN_JJ_inventaire_Languedoc.xml
JJ99;246;2116;86;Paris_AN_JJ_inventaire_Languedoc.xml
JJ99;249;2117;87;Paris_AN_JJ_inventaire_Languedoc.xml
JJ99;249bis;2118;87v;Paris_AN_JJ_inventaire_Languedoc.xml
JJ99;250;2119;87v;Paris_AN_JJ_inventaire_Languedoc.xml
JJ99;288;2120;98v;Paris_AN_JJ_inventaire_Languedoc.xml
JJ99;382;2121;123;Paris_AN_JJ_inventaire_Languedoc.xml
JJ99;417;2122;132v;Paris_AN_JJ_inventaire_Languedoc.xml
JJ99;418;2123;132v;Paris_AN_JJ_inventaire_Languedoc.xml
JJ99;434;2124;138;Paris_AN_JJ_inventaire_Languedoc.xml
JJ99;446;2125;141v;Paris_AN_JJ_inventaire_Languedoc.xml
JJ99;490;2126;154v;Paris_AN_JJ_inventaire_Languedoc.xml
JJ99;504;2127;158v;Paris_AN_JJ_inventaire_Languedoc.xml
JJ99;509;2128;160v;Paris_AN_JJ_inventaire_Languedoc.xml
JJ99;514;2129;162;Paris_AN_JJ_inventaire_Languedoc.xml
JJ99;531;2130;166;Paris_AN_JJ_inventaire_Languedoc.xml
JJ99;543;2131;169;Paris_AN_JJ_inventaire_Languedoc.xml
JJ100;42;2132;21;Paris_AN_JJ_inventaire_Languedoc.xml
JJ100;43;2133;21v;Paris_AN_JJ_inventaire_Languedoc.xml
JJ100;45;2134;22;Paris_AN_JJ_inventaire_Languedoc.xml
JJ100;46;2135;22;Paris_AN_JJ_inventaire_Languedoc.xml
;;2136;;Paris_AN_JJ_inventaire_Languedoc.xml
;;2137;;Paris_AN_JJ_inventaire_Languedoc.xml
JJ100;47;2138;22;Paris_AN_JJ_inventaire_Languedoc.xml
JJ100;48;2139;22v;Paris_AN_JJ_inventaire_Languedoc.xml
JJ100;49;2140;22v;Paris_AN_JJ_inventaire_Languedoc.xml
JJ100;50;2141;22v;Paris_AN_JJ_inventaire_Languedoc.xml
JJ100;67;2142;26v;Paris_AN_JJ_inventaire_Languedoc.xml
JJ100;68;2143;26v;Paris_AN_JJ_inventaire_Languedoc.xml
JJ100;74;2144;29;Paris_AN_JJ_inventaire_Languedoc.xml
JJ100;81;2145;31;Paris_AN_JJ_inventaire_Languedoc.xml
JJ100;166;2146;50;Paris_AN_JJ_inventaire_Languedoc.xml
JJ100;222;2147;65;Paris_AN_JJ_inventaire_Languedoc.xml
JJ100;229;2148;67;Paris_AN_JJ_inventaire_Languedoc.xml
JJ100;231;2149;67v;Paris_AN_JJ_inventaire_Languedoc.xml
JJ100;259;2150;74v;Paris_AN_JJ_inventaire_Languedoc.xml
JJ100;327;2151;97;Paris_AN_JJ_inventaire_Languedoc.xml
JJ100;374;2152;118v;Paris_AN_JJ_inventaire_Languedoc.xml
JJ100;409;2153;128;Paris_AN_JJ_inventaire_Languedoc.xml
JJ100;434;2154;134v;Paris_AN_JJ_inventaire_Languedoc.xml
JJ100;440;2155;156v;Paris_AN_JJ_inventaire_Languedoc.xml
JJ100;462;2156;144;Paris_AN_JJ_inventaire_Languedoc.xml
JJ100;495;2157;152;Paris_AN_JJ_inventaire_Languedoc.xml
JJ100;520;2158;160;Paris_AN_JJ_inventaire_Languedoc.xml
JJ100;528;2159;163;Paris_AN_JJ_inventaire_Languedoc.xml
JJ100;530;2160;163v;Paris_AN_JJ_inventaire_Languedoc.xml
JJ100;531;2161;164;Paris_AN_JJ_inventaire_Languedoc.xml
JJ100;532;2162;164v;Paris_AN_JJ_inventaire_Languedoc.xml
;533;2163;164v;Paris_AN_JJ_inventaire_Languedoc.xml
JJ100;534;2164;164v;Paris_AN_JJ_inventaire_Languedoc.xml
JJ100;569;2165;173;Paris_AN_JJ_inventaire_Languedoc.xml
JJ100;573;2166;174v;Paris_AN_JJ_inventaire_Languedoc.xml
JJ100;577;2167;175v;Paris_AN_JJ_inventaire_Languedoc.xml
JJ100;589;2168;178v;Paris_AN_JJ_inventaire_Languedoc.xml
JJ100;596;2169;179v;Paris_AN_JJ_inventaire_Languedoc.xml
JJ100;604;2170;181v;Paris_AN_JJ_inventaire_Languedoc.xml
JJ100;631;2171;187;Paris_AN_JJ_inventaire_Languedoc.xml
JJ100;632;2172;187;Paris_AN_JJ_inventaire_Languedoc.xml
JJ100;665;2173;197;Paris_AN_JJ_inventaire_Languedoc.xml
JJ100;678;2174;200v;Paris_AN_JJ_inventaire_Languedoc.xml
JJ100;699;2175;207v;Paris_AN_JJ_inventaire_Languedoc.xml
JJ100;740;2176;218v;Paris_AN_JJ_inventaire_Languedoc.xml
JJ100;771;2177;229;Paris_AN_JJ_inventaire_Languedoc.xml
JJ100;772;2178;229v;Paris_AN_JJ_inventaire_Languedoc.xml
JJ100;801;2179;239;Paris_AN_JJ_inventaire_Languedoc.xml
JJ100;856;2180;253;Paris_AN_JJ_inventaire_Languedoc.xml
JJ100;866;2181;255v;Paris_AN_JJ_inventaire_Languedoc.xml
JJ100;882;2182;260v;Paris_AN_JJ_inventaire_Languedoc.xml
JJ100;901;2183;266;Paris_AN_JJ_inventaire_Languedoc.xml
JJ100;903;2184;266;Paris_AN_JJ_inventaire_Languedoc.xml
JJ100;904;2185;266;Paris_AN_JJ_inventaire_Languedoc.xml
JJ100;910;2186;267v;Paris_AN_JJ_inventaire_Languedoc.xml
JJ102;8;2187;9v;Paris_AN_JJ_inventaire_Languedoc.xml
JJ102;10;2188;9v;Paris_AN_JJ_inventaire_Languedoc.xml
JJ102;11;2189;10;Paris_AN_JJ_inventaire_Languedoc.xml
JJ102;17;2190;11v;Paris_AN_JJ_inventaire_Languedoc.xml
JJ102;55;2191;21;Paris_AN_JJ_inventaire_Languedoc.xml
JJ102;85;2192;32v;Paris_AN_JJ_inventaire_Languedoc.xml
JJ102;91;2193;33v;Paris_AN_JJ_inventaire_Languedoc.xml
JJ102;97;2194;35v;Paris_AN_JJ_inventaire_Languedoc.xml
JJ102;100;2195;36;Paris_AN_JJ_inventaire_Languedoc.xml
JJ102;102;2196;37;Paris_AN_JJ_inventaire_Languedoc.xml
JJ102;115;2197;42v;Paris_AN_JJ_inventaire_Languedoc.xml
JJ102;139;2198;50;Paris_AN_JJ_inventaire_Languedoc.xml
JJ102;140;2199;50v;Paris_AN_JJ_inventaire_Languedoc.xml
JJ102;165;2200;60;Paris_AN_JJ_inventaire_Languedoc.xml
JJ102;169;2201;60v;Paris_AN_JJ_inventaire_Languedoc.xml
JJ102;203;2202;69;Paris_AN_JJ_inventaire_Languedoc.xml
JJ102;210;2203;71;Paris_AN_JJ_inventaire_Languedoc.xml
JJ102;221;2204;75;Paris_AN_JJ_inventaire_Languedoc.xml
JJ102;224;2205;77;Paris_AN_JJ_inventaire_Languedoc.xml
JJ102;236;2206;79v;Paris_AN_JJ_inventaire_Languedoc.xml
JJ102;265;2207;88;Paris_AN_JJ_inventaire_Languedoc.xml
JJ102;266bis;2208;88v;Paris_AN_JJ_inventaire_Languedoc.xml
JJ102;267;2209;88v;Paris_AN_JJ_inventaire_Languedoc.xml
JJ102;269;2210;89;Paris_AN_JJ_inventaire_Languedoc.xml
JJ102;319;2211;103;Paris_AN_JJ_inventaire_Languedoc.xml
JJ102;339;2212;109v;Paris_AN_JJ_inventaire_Languedoc.xml
JJ102;340;2213;110;Paris_AN_JJ_inventaire_Languedoc.xml
JJ102;358;2214;116v;Paris_AN_JJ_inventaire_Languedoc.xml
JJ102;373;2215;123;Paris_AN_JJ_inventaire_Languedoc.xml
JJ103;18;2216;11;Paris_AN_JJ_inventaire_Languedoc.xml
JJ103;22;2217;12v;Paris_AN_JJ_inventaire_Languedoc.xml
JJ103;25;2218;14ro-vo;Paris_AN_JJ_inventaire_Languedoc.xml
JJ103;37;2219;22;Paris_AN_JJ_inventaire_Languedoc.xml
JJ103;50;2220;28v;Paris_AN_JJ_inventaire_Languedoc.xml
JJ103;77;2221;38;Paris_AN_JJ_inventaire_Languedoc.xml
JJ103;83;2222;51;Paris_AN_JJ_inventaire_Languedoc.xml
JJ103;88;2223;56;Paris_AN_JJ_inventaire_Languedoc.xml
JJ103;100;2224;59v;Paris_AN_JJ_inventaire_Languedoc.xml
JJ103;107;2225;63;Paris_AN_JJ_inventaire_Languedoc.xml
JJ103;117;2226;67;Paris_AN_JJ_inventaire_Languedoc.xml
JJ103;121;2227;68;Paris_AN_JJ_inventaire_Languedoc.xml
JJ103;123;2228;68v;Paris_AN_JJ_inventaire_Languedoc.xml
JJ103;130;2229;71v;Paris_AN_JJ_inventaire_Languedoc.xml
JJ103;131;2230;72;Paris_AN_JJ_inventaire_Languedoc.xml
JJ103;140;2231;76v;Paris_AN_JJ_inventaire_Languedoc.xml
JJ103;150;2232;80;Paris_AN_JJ_inventaire_Languedoc.xml
JJ103;151;2233;81;Paris_AN_JJ_inventaire_Languedoc.xml
JJ103;155;2234;82v;Paris_AN_JJ_inventaire_Languedoc.xml
JJ103;180;2235;96;Paris_AN_JJ_inventaire_Languedoc.xml
JJ103;181;2236;96;Paris_AN_JJ_inventaire_Languedoc.xml
JJ103;189;2237;99v;Paris_AN_JJ_inventaire_Languedoc.xml
JJ103;192;2238;100v;Paris_AN_JJ_inventaire_Languedoc.xml
JJ103;195;2239;101v;Paris_AN_JJ_inventaire_Languedoc.xml
JJ103;222;2240;112v;Paris_AN_JJ_inventaire_Languedoc.xml
JJ103;223;2241;113;Paris_AN_JJ_inventaire_Languedoc.xml
JJ103;230;2242;115v;Paris_AN_JJ_inventaire_Languedoc.xml
JJ103;239;2243;122v;Paris_AN_JJ_inventaire_Languedoc.xml
JJ103;240;2244;122v;Paris_AN_JJ_inventaire_Languedoc.xml
JJ103;261;2245;132;Paris_AN_JJ_inventaire_Languedoc.xml
JJ103;267;2246;133;Paris_AN_JJ_inventaire_Languedoc.xml
JJ103;268;2247;133;Paris_AN_JJ_inventaire_Languedoc.xml
JJ103;269;2248;133;Paris_AN_JJ_inventaire_Languedoc.xml
JJ103;280;2249;133;Paris_AN_JJ_inventaire_Languedoc.xml
JJ103;281;2250;133;Paris_AN_JJ_inventaire_Languedoc.xml
JJ103;286;2251;134;Paris_AN_JJ_inventaire_Languedoc.xml
JJ103;363;2252;176;Paris_AN_JJ_inventaire_Languedoc.xml
JJ103;364;2253;176;Paris_AN_JJ_inventaire_Languedoc.xml
JJ103;377;2254;182;Paris_AN_JJ_inventaire_Languedoc.xml
JJ103;381;2255;185;Paris_AN_JJ_inventaire_Languedoc.xml
JJ104;16;2256;11v;Paris_AN_JJ_inventaire_Languedoc.xml
JJ104;17;2257;12;Paris_AN_JJ_inventaire_Languedoc.xml
JJ104;18;2258;12;Paris_AN_JJ_inventaire_Languedoc.xml
JJ104;19;2259;12;Paris_AN_JJ_inventaire_Languedoc.xml
JJ104;20;2260;12;Paris_AN_JJ_inventaire_Languedoc.xml
JJ104;22;2261;12;Paris_AN_JJ_inventaire_Languedoc.xml
JJ104;23;2262;12;Paris_AN_JJ_inventaire_Languedoc.xml
JJ104;24;2263;12;Paris_AN_JJ_inventaire_Languedoc.xml
JJ104;25;2264;12;Paris_AN_JJ_inventaire_Languedoc.xml
JJ104;26;2265;12;Paris_AN_JJ_inventaire_Languedoc.xml
JJ104;28;2266;12;Paris_AN_JJ_inventaire_Languedoc.xml
JJ104;29;2267;12;Paris_AN_JJ_inventaire_Languedoc.xml
JJ104;65;2268;30;Paris_AN_JJ_inventaire_Languedoc.xml
JJ104;74;2269;35;Paris_AN_JJ_inventaire_Languedoc.xml
JJ104;85;2270;38v;Paris_AN_JJ_inventaire_Languedoc.xml
JJ104;104bis;2271;48;Paris_AN_JJ_inventaire_Languedoc.xml
JJ104;109;2272;53v;Paris_AN_JJ_inventaire_Languedoc.xml
JJ104;172;2273;75;Paris_AN_JJ_inventaire_Languedoc.xml
JJ104;179;2274;77v;Paris_AN_JJ_inventaire_Languedoc.xml
JJ104;253;2275;107v;Paris_AN_JJ_inventaire_Languedoc.xml
JJ104;256;2276;109v;Paris_AN_JJ_inventaire_Languedoc.xml
JJ104;257;2277;109v;Paris_AN_JJ_inventaire_Languedoc.xml
JJ104;261;2278;112;Paris_AN_JJ_inventaire_Languedoc.xml
JJ104;266;2279;113v;Paris_AN_JJ_inventaire_Languedoc.xml
JJ104;278;2280;118v;Paris_AN_JJ_inventaire_Languedoc.xml
JJ104;279;2281;119;Paris_AN_JJ_inventaire_Languedoc.xml
JJ104;281;2282;119v;Paris_AN_JJ_inventaire_Languedoc.xml
JJ104;283;2283;120v;Paris_AN_JJ_inventaire_Languedoc.xml
JJ104;330;2284;136;Paris_AN_JJ_inventaire_Languedoc.xml
JJ104;333;2285;137v;Paris_AN_JJ_inventaire_Languedoc.xml
JJ104;353;2286;144v;Paris_AN_JJ_inventaire_Languedoc.xml
JJ104;359;2287;146v;Paris_AN_JJ_inventaire_Languedoc.xml
JJ105;34;2288;26;Paris_AN_JJ_inventaire_Languedoc.xml
JJ105;44;2289;32v;Paris_AN_JJ_inventaire_Languedoc.xml
JJ105;99;2290;61;Paris_AN_JJ_inventaire_Languedoc.xml
JJ105;123;2291;75;Paris_AN_JJ_inventaire_Languedoc.xml
JJ105;133;2292;79;Paris_AN_JJ_inventaire_Languedoc.xml
JJ105;134;2293;79v;Paris_AN_JJ_inventaire_Languedoc.xml
JJ105;135;2294;79v;Paris_AN_JJ_inventaire_Languedoc.xml
JJ105;146;2295;85;Paris_AN_JJ_inventaire_Languedoc.xml
JJ105;191;2296;108;Paris_AN_JJ_inventaire_Languedoc.xml
JJ105;196;2297;115;Paris_AN_JJ_inventaire_Languedoc.xml
JJ105;208;2298;119;Paris_AN_JJ_inventaire_Languedoc.xml
JJ105;234;2299;130v;Paris_AN_JJ_inventaire_Languedoc.xml
JJ105;299;2300;160;Paris_AN_JJ_inventaire_Languedoc.xml
JJ105;336;2301;179;Paris_AN_JJ_inventaire_Languedoc.xml
JJ105;351;2302;187v;Paris_AN_JJ_inventaire_Languedoc.xml
JJ105;366;2303;198;Paris_AN_JJ_inventaire_Languedoc.xml
JJ105;407;2304;206;Paris_AN_JJ_inventaire_Languedoc.xml
JJ105;446;2305;226v;Paris_AN_JJ_inventaire_Languedoc.xml
JJ105;466;2306;239;Paris_AN_JJ_inventaire_Languedoc.xml
JJ105;488;2307;249;Paris_AN_JJ_inventaire_Languedoc.xml
JJ105;525;2308;265;Paris_AN_JJ_inventaire_Languedoc.xml
JJ105;549;2309;274v;Paris_AN_JJ_inventaire_Languedoc.xml
JJ105;550;2310;275;Paris_AN_JJ_inventaire_Languedoc.xml
JJ105;551;2311;275v;Paris_AN_JJ_inventaire_Languedoc.xml
JJ105;554;2312;280;Paris_AN_JJ_inventaire_Languedoc.xml
JJ105;556;2313;280v;Paris_AN_JJ_inventaire_Languedoc.xml
JJ106;174;2314;96;Paris_AN_JJ_inventaire_Languedoc.xml
JJ106;175;2315;96v;Paris_AN_JJ_inventaire_Languedoc.xml
JJ106;323;2316;169v;Paris_AN_JJ_inventaire_Languedoc.xml
JJ106;344;2317;182;Paris_AN_JJ_inventaire_Languedoc.xml
JJ106;415;2318;213v;Paris_AN_JJ_inventaire_Languedoc.xml
JJ107;15;2319;11v;Paris_AN_JJ_inventaire_Languedoc.xml
JJ107;22;2320;14;Paris_AN_JJ_inventaire_Languedoc.xml
JJ107;26;2321;15v;Paris_AN_JJ_inventaire_Languedoc.xml
JJ107;85;2322;37v;Paris_AN_JJ_inventaire_Languedoc.xml
JJ107;127;2323;58;Paris_AN_JJ_inventaire_Languedoc.xml
JJ107;130;2324;59;Paris_AN_JJ_inventaire_Languedoc.xml
JJ107;131;2325;59;Paris_AN_JJ_inventaire_Languedoc.xml
JJ107;132;2326;59v;Paris_AN_JJ_inventaire_Languedoc.xml
JJ107;133;2327;60;Paris_AN_JJ_inventaire_Languedoc.xml
JJ107;135;2328;60;Paris_AN_JJ_inventaire_Languedoc.xml
JJ107;161;2329;71v;Paris_AN_JJ_inventaire_Languedoc.xml
JJ107;199;2330;94;Paris_AN_JJ_inventaire_Languedoc.xml
JJ107;295;2331;145;Paris_AN_JJ_inventaire_Languedoc.xml
JJ107;330;2332;165;Paris_AN_JJ_inventaire_Languedoc.xml
JJ107;345;2333;171;Paris_AN_JJ_inventaire_Languedoc.xml
JJ107;372;2334;190v;Paris_AN_JJ_inventaire_Languedoc.xml
JJ108;62;2335;38v;Paris_AN_JJ_inventaire_Languedoc.xml
JJ108;68;2336;43v;Paris_AN_JJ_inventaire_Languedoc.xml
JJ108;81;2337;52;Paris_AN_JJ_inventaire_Languedoc.xml
JJ108;116;2338;70;Paris_AN_JJ_inventaire_Languedoc.xml
JJ108;168;2339;101v;Paris_AN_JJ_inventaire_Languedoc.xml
JJ108;169;2340;101v;Paris_AN_JJ_inventaire_Languedoc.xml
JJ108;177;2341;104v;Paris_AN_JJ_inventaire_Languedoc.xml
JJ108;202;2342;116v;Paris_AN_JJ_inventaire_Languedoc.xml
JJ108;204;2343;118;Paris_AN_JJ_inventaire_Languedoc.xml
JJ108;215;2344;124v;Paris_AN_JJ_inventaire_Languedoc.xml
JJ108;297;2345;167;Paris_AN_JJ_inventaire_Languedoc.xml
JJ108;298;2346;167v;Paris_AN_JJ_inventaire_Languedoc.xml
JJ108;353;2347;198;Paris_AN_JJ_inventaire_Languedoc.xml
JJ108;359;2348;204;Paris_AN_JJ_inventaire_Languedoc.xml
JJ109;31;2349;19;Paris_AN_JJ_inventaire_Languedoc.xml
JJ109;54;2350;27v;Paris_AN_JJ_inventaire_Languedoc.xml
JJ109;62;2351;30v;Paris_AN_JJ_inventaire_Languedoc.xml
JJ109;92;2352;45;Paris_AN_JJ_inventaire_Languedoc.xml
JJ109;110;2353;52v;Paris_AN_JJ_inventaire_Languedoc.xml
JJ109;112;2354;54;Paris_AN_JJ_inventaire_Languedoc.xml
JJ109;122;2355;60;Paris_AN_JJ_inventaire_Languedoc.xml
JJ109;123;2356;60v;Paris_AN_JJ_inventaire_Languedoc.xml
JJ109;150;2357;71v;Paris_AN_JJ_inventaire_Languedoc.xml
JJ109;153;2358;73;Paris_AN_JJ_inventaire_Languedoc.xml
JJ109;154;2359;73vo-74;Paris_AN_JJ_inventaire_Languedoc.xml
JJ109;166;2360;78v;Paris_AN_JJ_inventaire_Languedoc.xml
JJ109;174;2361;82;Paris_AN_JJ_inventaire_Languedoc.xml
JJ109;182;2362;85v;Paris_AN_JJ_inventaire_Languedoc.xml
JJ109;211;2363;97v;Paris_AN_JJ_inventaire_Languedoc.xml
JJ109;222;2364;103;Paris_AN_JJ_inventaire_Languedoc.xml
JJ109;291;2365;134v;Paris_AN_JJ_inventaire_Languedoc.xml
JJ109;391;2366;187;Paris_AN_JJ_inventaire_Languedoc.xml
JJ109;392;2367;187v;Paris_AN_JJ_inventaire_Languedoc.xml
JJ109;401;2368;191v;Paris_AN_JJ_inventaire_Languedoc.xml
JJ109;430;2369;211;Paris_AN_JJ_inventaire_Languedoc.xml
JJ110;25;2370;18;Paris_AN_JJ_inventaire_Languedoc.xml
JJ110;80;2371;47v;Paris_AN_JJ_inventaire_Languedoc.xml
JJ110;121;2372;70v;Paris_AN_JJ_inventaire_Languedoc.xml
JJ110;129;2373;80v;Paris_AN_JJ_inventaire_Languedoc.xml
JJ110;138;2374;85v;Paris_AN_JJ_inventaire_Languedoc.xml
JJ110;139;2375;86ro-vo;Paris_AN_JJ_inventaire_Languedoc.xml
JJ110;293;2376;174v;Paris_AN_JJ_inventaire_Languedoc.xml
JJ110;347;2377;199;Paris_AN_JJ_inventaire_Languedoc.xml
JJ110;348;2378;199vo-200;Paris_AN_JJ_inventaire_Languedoc.xml
JJ111;7;2379;10;Paris_AN_JJ_inventaire_Languedoc.xml
JJ111;37;2380;25v;Paris_AN_JJ_inventaire_Languedoc.xml
JJ111;39;2381;26;Paris_AN_JJ_inventaire_Languedoc.xml
JJ111;73;2382;43;Paris_AN_JJ_inventaire_Languedoc.xml
JJ111;83;2383;48;Paris_AN_JJ_inventaire_Languedoc.xml
JJ111;84;2384;48v;Paris_AN_JJ_inventaire_Languedoc.xml
JJ111;85;2385;48v;Paris_AN_JJ_inventaire_Languedoc.xml
JJ111;86;2386;49;Paris_AN_JJ_inventaire_Languedoc.xml
JJ111;87;2387;49;Paris_AN_JJ_inventaire_Languedoc.xml
JJ111;88;2388;49;Paris_AN_JJ_inventaire_Languedoc.xml
JJ111;89;2389;49;Paris_AN_JJ_inventaire_Languedoc.xml
JJ111;90;2390;49ro-vo;Paris_AN_JJ_inventaire_Languedoc.xml
JJ111;91;2391;49v;Paris_AN_JJ_inventaire_Languedoc.xml
JJ111;92;2392;49v;Paris_AN_JJ_inventaire_Languedoc.xml
JJ111;93;2393;49v;Paris_AN_JJ_inventaire_Languedoc.xml
JJ111;94;2394;49v;Paris_AN_JJ_inventaire_Languedoc.xml
JJ111;117;2395;62v;Paris_AN_JJ_inventaire_Languedoc.xml
JJ111;121;2396;65v;Paris_AN_JJ_inventaire_Languedoc.xml
JJ111;127;2397;68v;Paris_AN_JJ_inventaire_Languedoc.xml
JJ111;129;2398;69;Paris_AN_JJ_inventaire_Languedoc.xml
JJ111;130;2399;69v;Paris_AN_JJ_inventaire_Languedoc.xml
JJ111;131;2400;70;Paris_AN_JJ_inventaire_Languedoc.xml
JJ111;133;2401;72v;Paris_AN_JJ_inventaire_Languedoc.xml
JJ111;135;2402;74;Paris_AN_JJ_inventaire_Languedoc.xml
JJ111;136;2403;74v;Paris_AN_JJ_inventaire_Languedoc.xml
JJ111;137;2404;74v;Paris_AN_JJ_inventaire_Languedoc.xml
JJ111;138;2405;74v;Paris_AN_JJ_inventaire_Languedoc.xml
JJ111;139;2406;75;Paris_AN_JJ_inventaire_Languedoc.xml
JJ111;140;2407;75;Paris_AN_JJ_inventaire_Languedoc.xml
JJ111;141;2408;75;Paris_AN_JJ_inventaire_Languedoc.xml
JJ111;142;2409;75;Paris_AN_JJ_inventaire_Languedoc.xml
JJ111;147;2410;77v;Paris_AN_JJ_inventaire_Languedoc.xml
JJ111;152;2411;80v;Paris_AN_JJ_inventaire_Languedoc.xml
JJ111;161;2412;83;Paris_AN_JJ_inventaire_Languedoc.xml
JJ111;194;2413;98;Paris_AN_JJ_inventaire_Languedoc.xml
JJ111;291;2414;145v;Paris_AN_JJ_inventaire_Languedoc.xml
JJ111;382;2415;200v;Paris_AN_JJ_inventaire_Languedoc.xml
JJ112;102;2416;63v;Paris_AN_JJ_inventaire_Languedoc.xml
JJ112;217;2417;123;Paris_AN_JJ_inventaire_Languedoc.xml
JJ112;248;2418;136;Paris_AN_JJ_inventaire_Languedoc.xml
JJ112;249;2419;136v;Paris_AN_JJ_inventaire_Languedoc.xml
JJ112;252;2420;138v;Paris_AN_JJ_inventaire_Languedoc.xml
JJ112;279;2421;148v;Paris_AN_JJ_inventaire_Languedoc.xml
JJ112;301;2422;150;Paris_AN_JJ_inventaire_Languedoc.xml
JJ112;304;2423;150v;Paris_AN_JJ_inventaire_Languedoc.xml
JJ112;313;2424;135v;Paris_AN_JJ_inventaire_Languedoc.xml
JJ112;314;2425;156;Paris_AN_JJ_inventaire_Languedoc.xml
JJ112;315;2426;156;Paris_AN_JJ_inventaire_Languedoc.xml
JJ112;3152;2427;157;Paris_AN_JJ_inventaire_Languedoc.xml
JJ112;3153;2428;157;Paris_AN_JJ_inventaire_Languedoc.xml
JJ112;3154;2429;157;Paris_AN_JJ_inventaire_Languedoc.xml
JJ112;3155;2430;157;Paris_AN_JJ_inventaire_Languedoc.xml
JJ112;3156;2431;157;Paris_AN_JJ_inventaire_Languedoc.xml
JJ112;3157;2432;157;Paris_AN_JJ_inventaire_Languedoc.xml
JJ112;3158;2433;157;Paris_AN_JJ_inventaire_Languedoc.xml
JJ112;3159;2434;157;Paris_AN_JJ_inventaire_Languedoc.xml
JJ112;31510;2435;157;Paris_AN_JJ_inventaire_Languedoc.xml
JJ112;315bis;2436;157;Paris_AN_JJ_inventaire_Languedoc.xml
JJ112;315ter;2437;157;Paris_AN_JJ_inventaire_Languedoc.xml
JJ112;315quater;2438;157;Paris_AN_JJ_inventaire_Languedoc.xml
JJ112;315quinquies;2439;157;Paris_AN_JJ_inventaire_Languedoc.xml
JJ112;315sexies;2440;157;Paris_AN_JJ_inventaire_Languedoc.xml
JJ112;315septies;2441;157;Paris_AN_JJ_inventaire_Languedoc.xml
JJ112;322;2442;162;Paris_AN_JJ_inventaire_Languedoc.xml
JJ112;351;2443;175;Paris_AN_JJ_inventaire_Languedoc.xml
JJ113;69;2444;26;Paris_AN_JJ_inventaire_Languedoc.xml
JJ113;101;2445;41;Paris_AN_JJ_inventaire_Languedoc.xml
JJ113;121;2446;53v;Paris_AN_JJ_inventaire_Languedoc.xml
JJ113;141;2447;65;Paris_AN_JJ_inventaire_Languedoc.xml
JJ113;153;2448;70;Paris_AN_JJ_inventaire_Languedoc.xml
JJ113;154;2449;70v;Paris_AN_JJ_inventaire_Languedoc.xml
JJ113;155;2450;70v;Paris_AN_JJ_inventaire_Languedoc.xml
JJ113;156;2451;70v;Paris_AN_JJ_inventaire_Languedoc.xml
JJ113;157;2452;70v;Paris_AN_JJ_inventaire_Languedoc.xml
JJ113;158;2453;70v;Paris_AN_JJ_inventaire_Languedoc.xml
JJ113;159;2454;70v;Paris_AN_JJ_inventaire_Languedoc.xml
JJ113;166;2455;73v;Paris_AN_JJ_inventaire_Languedoc.xml
JJ113;197;2456;92;Paris_AN_JJ_inventaire_Languedoc.xml
JJ113;200;2457;94à106;Paris_AN_JJ_inventaire_Languedoc.xml
JJ113;215;2458;113;Paris_AN_JJ_inventaire_Languedoc.xml
JJ113;236;2459;122;Paris_AN_JJ_inventaire_Languedoc.xml
JJ113;238;2460;122v;Paris_AN_JJ_inventaire_Languedoc.xml
JJ113;306;2461;151;Paris_AN_JJ_inventaire_Languedoc.xml
JJ114;23;2462;14;Paris_AN_JJ_inventaire_Languedoc.xml
JJ114;53;2463;22v;Paris_AN_JJ_inventaire_Languedoc.xml
JJ114;89;2464;38;Paris_AN_JJ_inventaire_Languedoc.xml
JJ114;149;2465;71;Paris_AN_JJ_inventaire_Languedoc.xml
JJ114;238;2466;118à123v;Paris_AN_JJ_inventaire_Languedoc.xml
JJ114;294;2467;154v;Paris_AN_JJ_inventaire_Languedoc.xml
JJ114;313;2468;162;Paris_AN_JJ_inventaire_Languedoc.xml
JJ114;317;2469;163v;Paris_AN_JJ_inventaire_Languedoc.xml
JJ114;331;2470;169;Paris_AN_JJ_inventaire_Languedoc.xml
JJ114;347;2471;180;Paris_AN_JJ_inventaire_Languedoc.xml
JJ115;111;2472;49-50;Paris_AN_JJ_inventaire_Languedoc.xml
JJ115;126;2473;58;Paris_AN_JJ_inventaire_Languedoc.xml
JJ115;139;2474;63;Paris_AN_JJ_inventaire_Languedoc.xml
JJ115;160;2475;78;Paris_AN_JJ_inventaire_Languedoc.xml
JJ115;187;2476;89;Paris_AN_JJ_inventaire_Languedoc.xml
JJ115;202;2477;97v;Paris_AN_JJ_inventaire_Languedoc.xml
JJ115;203;2478;98;Paris_AN_JJ_inventaire_Languedoc.xml
JJ115;209;2479;102r°;Paris_AN_JJ_inventaire_Languedoc.xml
JJ115;214;2480;109;Paris_AN_JJ_inventaire_Languedoc.xml
JJ115;246;2481;126v;Paris_AN_JJ_inventaire_Languedoc.xml
JJ115;247;2482;127;Paris_AN_JJ_inventaire_Languedoc.xml
JJ115;248;2483;127;Paris_AN_JJ_inventaire_Languedoc.xml
JJ115;249;2484;127;Paris_AN_JJ_inventaire_Languedoc.xml
JJ115;265;2485;133;Paris_AN_JJ_inventaire_Languedoc.xml
JJ115;340;2486;165;Paris_AN_JJ_inventaire_Languedoc.xml
JJ115;359;2487;175v;Paris_AN_JJ_inventaire_Languedoc.xml
JJ115;361;2488;177;Paris_AN_JJ_inventaire_Languedoc.xml
JJ118;315;2488;175;Paris_AN_JJ_inventaire_Languedoc.xml
JJ116;98;2489;56;Paris_AN_JJ_inventaire_Languedoc.xml
JJ116;211;2490;124à127;Paris_AN_JJ_inventaire_Languedoc.xml
JJ116;239;2491;137;Paris_AN_JJ_inventaire_Languedoc.xml
JJ117;26;2492;18;Paris_AN_JJ_inventaire_Languedoc.xml
JJ117;37;2493;28à30;Paris_AN_JJ_inventaire_Languedoc.xml
JJ117;117;2494;85;Paris_AN_JJ_inventaire_Languedoc.xml
JJ117;172;2495;110v;Paris_AN_JJ_inventaire_Languedoc.xml
JJ117;189;2496;122;Paris_AN_JJ_inventaire_Languedoc.xml
JJ117;209;2497;132;Paris_AN_JJ_inventaire_Languedoc.xml
JJ118;163;2498;87v;Paris_AN_JJ_inventaire_Languedoc.xml
JJ118;191;2499;101v;Paris_AN_JJ_inventaire_Languedoc.xml
JJ118;192;2500;102;Paris_AN_JJ_inventaire_Languedoc.xml
JJ118;211;2501;113;Paris_AN_JJ_inventaire_Languedoc.xml
JJ118;236;2502;126và128v;Paris_AN_JJ_inventaire_Languedoc.xml
JJ118;245;2503;133v;Paris_AN_JJ_inventaire_Languedoc.xml
JJ118;246;2504;135;Paris_AN_JJ_inventaire_Languedoc.xml
JJ118;309;2505;170;Paris_AN_JJ_inventaire_Languedoc.xml
JJ118;326;2506;179v;Paris_AN_JJ_inventaire_Languedoc.xml
JJ118;373;2507;201v;Paris_AN_JJ_inventaire_Languedoc.xml
JJ118;374;2508;202v;Paris_AN_JJ_inventaire_Languedoc.xml
JJ118;383;2509;205v;Paris_AN_JJ_inventaire_Languedoc.xml
JJ118;384;2510;206v;Paris_AN_JJ_inventaire_Languedoc.xml
JJ118;385;2511;207;Paris_AN_JJ_inventaire_Languedoc.xml
JJ118;386;2512;207v;Paris_AN_JJ_inventaire_Languedoc.xml
JJ118;388;2513;208v;Paris_AN_JJ_inventaire_Languedoc.xml
JJ118;408;2514;217;Paris_AN_JJ_inventaire_Languedoc.xml
JJ118;411;2515;218;Paris_AN_JJ_inventaire_Languedoc.xml
JJ118;413;2516;219ro;Paris_AN_JJ_inventaire_Languedoc.xml
JJ118;429;2517;227;Paris_AN_JJ_inventaire_Languedoc.xml
JJ118;432;2518;228v;Paris_AN_JJ_inventaire_Languedoc.xml
JJ118;433;2519;229ro;Paris_AN_JJ_inventaire_Languedoc.xml
JJ118;434;2520;229v;Paris_AN_JJ_inventaire_Languedoc.xml
JJ118;455;2521;243;Paris_AN_JJ_inventaire_Languedoc.xml
JJ118;462;2522;247ro;Paris_AN_JJ_inventaire_Languedoc.xml
JJ119;1;2523;7à11va;Paris_AN_JJ_inventaire_Languedoc.xml
JJ119;8;2524;14;Paris_AN_JJ_inventaire_Languedoc.xml
JJ119;9;2525;14v;Paris_AN_JJ_inventaire_Languedoc.xml
JJ119;14;2526;16;Paris_AN_JJ_inventaire_Languedoc.xml
JJ119;48;2527;34;Paris_AN_JJ_inventaire_Languedoc.xml
JJ119;55;2528;39;Paris_AN_JJ_inventaire_Languedoc.xml
JJ119;80;2529;53ro;Paris_AN_JJ_inventaire_Languedoc.xml
JJ119;147;2530;95roà97ro;Paris_AN_JJ_inventaire_Languedoc.xml
JJ119;185;2531;121;Paris_AN_JJ_inventaire_Languedoc.xml
JJ119;199;2532;129v;Paris_AN_JJ_inventaire_Languedoc.xml
JJ119;233;2533;149;Paris_AN_JJ_inventaire_Languedoc.xml
JJ119;240;2534;154v;Paris_AN_JJ_inventaire_Languedoc.xml
JJ119;261;2535;166;Paris_AN_JJ_inventaire_Languedoc.xml
JJ119;266;2536;172;Paris_AN_JJ_inventaire_Languedoc.xml
JJ119;294;2537;184;Paris_AN_JJ_inventaire_Languedoc.xml
JJ119;410;2538;238;Paris_AN_JJ_inventaire_Languedoc.xml
JJ120;112;2539;61v;Paris_AN_JJ_inventaire_Languedoc.xml
JJ120;113;2540;61v;Paris_AN_JJ_inventaire_Languedoc.xml
JJ120;114;2541;61v;Paris_AN_JJ_inventaire_Languedoc.xml
JJ120;119;2542;63v;Paris_AN_JJ_inventaire_Languedoc.xml
JJ120;164;2543;82v;Paris_AN_JJ_inventaire_Languedoc.xml
JJ120;165;2544;83ro;Paris_AN_JJ_inventaire_Languedoc.xml
JJ120;167;2545;83v;Paris_AN_JJ_inventaire_Languedoc.xml
JJ120;193;2546;99v;Paris_AN_JJ_inventaire_Languedoc.xml
JJ120;285;2547;140;Paris_AN_JJ_inventaire_Languedoc.xml
JJ120;292;2548;143;Paris_AN_JJ_inventaire_Languedoc.xml
JJ120;294;2549;145;Paris_AN_JJ_inventaire_Languedoc.xml
JJ120;295;2550;145v;Paris_AN_JJ_inventaire_Languedoc.xml
JJ121;23;2551;15v;Paris_AN_JJ_inventaire_Languedoc.xml
JJ121;141;2552;77;Paris_AN_JJ_inventaire_Languedoc.xml
JJ121;162;2553;89;Paris_AN_JJ_inventaire_Languedoc.xml
JJ121;194;2553;103;Paris_AN_JJ_inventaire_Languedoc.xml
JJ121;169;2554;94;Paris_AN_JJ_inventaire_Languedoc.xml
JJ121;177;2555;95v;Paris_AN_JJ_inventaire_Languedoc.xml
JJ121;182;2556;97v;Paris_AN_JJ_inventaire_Languedoc.xml
JJ121;183;2557;98;Paris_AN_JJ_inventaire_Languedoc.xml
JJ121;206;2558;109;Paris_AN_JJ_inventaire_Languedoc.xml
JJ121;211;2559;111v;Paris_AN_JJ_inventaire_Languedoc.xml
JJ121;2222;2560;131v;Paris_AN_JJ_inventaire_Languedoc.xml
JJ121;223;2561;132v;Paris_AN_JJ_inventaire_Languedoc.xml
JJ121;2272;2562;138v;Paris_AN_JJ_inventaire_Languedoc.xml
JJ121;2322;2563;144v;Paris_AN_JJ_inventaire_Languedoc.xml
JJ121;323;2564;178;Paris_AN_JJ_inventaire_Languedoc.xml
JJ122;1;2565;7;Paris_AN_JJ_inventaire_Languedoc.xml
JJ122;131;2566;61;Paris_AN_JJ_inventaire_Languedoc.xml
JJ122;132;2567;61v;Paris_AN_JJ_inventaire_Languedoc.xml
JJ122;135;2568;67v;Paris_AN_JJ_inventaire_Languedoc.xml
JJ122;136;2569;68v;Paris_AN_JJ_inventaire_Languedoc.xml
JJ122;153;2570;77;Paris_AN_JJ_inventaire_Languedoc.xml
JJ122;157;2571;78v;Paris_AN_JJ_inventaire_Languedoc.xml
JJ122;159;2572;79v;Paris_AN_JJ_inventaire_Languedoc.xml
JJ122;162;2573;82;Paris_AN_JJ_inventaire_Languedoc.xml
JJ122;163;2574;83;Paris_AN_JJ_inventaire_Languedoc.xml
JJ122;164;2575;84;Paris_AN_JJ_inventaire_Languedoc.xml
JJ122;173;2576;88;Paris_AN_JJ_inventaire_Languedoc.xml
JJ122;174;2577;88;Paris_AN_JJ_inventaire_Languedoc.xml
JJ122;198;2578;99;Paris_AN_JJ_inventaire_Languedoc.xml
JJ122;199;2579;99v;Paris_AN_JJ_inventaire_Languedoc.xml
JJ122;211;2580;130v;Paris_AN_JJ_inventaire_Languedoc.xml
JJ122;294;2581;144;Paris_AN_JJ_inventaire_Languedoc.xml
JJ122;336;2582;163v;Paris_AN_JJ_inventaire_Languedoc.xml
JJ122;353;2583;171;Paris_AN_JJ_inventaire_Languedoc.xml
JJ122;354;2584;171v;Paris_AN_JJ_inventaire_Languedoc.xml
JJ123;1;2585;5;Paris_AN_JJ_inventaire_Languedoc.xml
JJ123;3;2586;6;Paris_AN_JJ_inventaire_Languedoc.xml
JJ123;47;2587;24và27v;Paris_AN_JJ_inventaire_Languedoc.xml
JJ123;49;2588;28;Paris_AN_JJ_inventaire_Languedoc.xml
JJ123;55;2589;31;Paris_AN_JJ_inventaire_Languedoc.xml
JJ123;73;2590;40;Paris_AN_JJ_inventaire_Languedoc.xml
JJ123;79;2591;44;Paris_AN_JJ_inventaire_Languedoc.xml
JJ123;113;2592;60v;Paris_AN_JJ_inventaire_Languedoc.xml
JJ123;116;2593;62v;Paris_AN_JJ_inventaire_Languedoc.xml
JJ123;125;2595;67;Paris_AN_JJ_inventaire_Languedoc.xml
JJ123;127;2596;68;Paris_AN_JJ_inventaire_Languedoc.xml
JJ123;129;2597;69;Paris_AN_JJ_inventaire_Languedoc.xml
JJ123;182;2598;93v;Paris_AN_JJ_inventaire_Languedoc.xml
JJ123;184;2599;94;Paris_AN_JJ_inventaire_Languedoc.xml
JJ123;187;2600;95v;Paris_AN_JJ_inventaire_Languedoc.xml
JJ123;217;2601;109;Paris_AN_JJ_inventaire_Languedoc.xml
JJ123;273;2602;135v;Paris_AN_JJ_inventaire_Languedoc.xml
JJ124;2;2603;6v;Paris_AN_JJ_inventaire_Languedoc.xml
JJ124;102;2604;59v;Paris_AN_JJ_inventaire_Languedoc.xml
JJ124;110;2605;63;Paris_AN_JJ_inventaire_Languedoc.xml
JJ124;158;2606;91v;Paris_AN_JJ_inventaire_Languedoc.xml
JJ124;220;2607;124v;Paris_AN_JJ_inventaire_Languedoc.xml
JJ124;229;2608;133;Paris_AN_JJ_inventaire_Languedoc.xml
JJ124;236;2609;137;Paris_AN_JJ_inventaire_Languedoc.xml
JJ124;242;2610;140;Paris_AN_JJ_inventaire_Languedoc.xml
JJ124;257;2611;150;Paris_AN_JJ_inventaire_Languedoc.xml
JJ124;263;2612;153;Paris_AN_JJ_inventaire_Languedoc.xml
JJ124;299;2613;171v;Paris_AN_JJ_inventaire_Languedoc.xml
JJ124;302;2614;173;Paris_AN_JJ_inventaire_Languedoc.xml
JJ124;323;2615;183;Paris_AN_JJ_inventaire_Languedoc.xml
JJ125;106;2616;63;Paris_AN_JJ_inventaire_Languedoc.xml
JJ125;190;2617;109;Paris_AN_JJ_inventaire_Languedoc.xml
JJ125;301;2618;172v;Paris_AN_JJ_inventaire_Languedoc.xml
JJ125;304;2619;174;Paris_AN_JJ_inventaire_Languedoc.xml
JJ126;77;2620;45v;Paris_AN_JJ_inventaire_Languedoc.xml
JJ126;[91;2621;57;Paris_AN_JJ_inventaire_Languedoc.xml
JJ126;115;2622;72;Paris_AN_JJ_inventaire_Languedoc.xml
JJ126;117;2623;73à78;Paris_AN_JJ_inventaire_Languedoc.xml
JJ126;165;2624;106v;Paris_AN_JJ_inventaire_Languedoc.xml
JJ126;171;2625;109va;Paris_AN_JJ_inventaire_Languedoc.xml
JJ126;181;2626;121;Paris_AN_JJ_inventaire_Languedoc.xml
JJ126;227;2627;148;Paris_AN_JJ_inventaire_Languedoc.xml
JJ126;228;2628;148v;Paris_AN_JJ_inventaire_Languedoc.xml
JJ126;229;2629;149;Paris_AN_JJ_inventaire_Languedoc.xml
JJ126;230;2630;149;Paris_AN_JJ_inventaire_Languedoc.xml
JJ126;231;2631;149;Paris_AN_JJ_inventaire_Languedoc.xml
JJ127;33;2632;19;Paris_AN_JJ_inventaire_Languedoc.xml
JJ127;207;2633;125v;Paris_AN_JJ_inventaire_Languedoc.xml
JJ128;254;2634;145;Paris_AN_JJ_inventaire_Languedoc.xml
JJ128;264;2635;150;Paris_AN_JJ_inventaire_Languedoc.xml
JJ128;267;2636;151;Paris_AN_JJ_inventaire_Languedoc.xml
JJ128;293;2637;166v;Paris_AN_JJ_inventaire_Languedoc.xml
JJ129;31;2638;19;Paris_AN_JJ_inventaire_Languedoc.xml
JJ129;33;2639;20;Paris_AN_JJ_inventaire_Languedoc.xml
JJ129;41;2640;24v;Paris_AN_JJ_inventaire_Languedoc.xml
JJ129;77;2641;44;Paris_AN_JJ_inventaire_Languedoc.xml
JJ129;91;2642;54v;Paris_AN_JJ_inventaire_Languedoc.xml
JJ129;101;2643;61;Paris_AN_JJ_inventaire_Languedoc.xml
JJ129;116;2644;72;Paris_AN_JJ_inventaire_Languedoc.xml
JJ129;119;2645;75;Paris_AN_JJ_inventaire_Languedoc.xml
JJ129;220;2646;134v;Paris_AN_JJ_inventaire_Languedoc.xml
JJ129;223;2647;136;Paris_AN_JJ_inventaire_Languedoc.xml
JJ129;224;2648;136v;Paris_AN_JJ_inventaire_Languedoc.xml
JJ130;1;2649;1;Paris_AN_JJ_inventaire_Languedoc.xml
JJ130;29;2650;17v;Paris_AN_JJ_inventaire_Languedoc.xml
JJ130;43;2651;25;Paris_AN_JJ_inventaire_Languedoc.xml
JJ130;57;2652;32;Paris_AN_JJ_inventaire_Languedoc.xml
JJ130;146;2653;79;Paris_AN_JJ_inventaire_Languedoc.xml
JJ130;163;2654;89;Paris_AN_JJ_inventaire_Languedoc.xml
JJ130;179;2655;98;Paris_AN_JJ_inventaire_Languedoc.xml
JJ130;209;2656;111;Paris_AN_JJ_inventaire_Languedoc.xml
JJ130;227;2657;123v;Paris_AN_JJ_inventaire_Languedoc.xml
JJ130;240;2658;131;Paris_AN_JJ_inventaire_Languedoc.xml
JJ130;248;2659;135v;Paris_AN_JJ_inventaire_Languedoc.xml
JJ131;21;2660;14;Paris_AN_JJ_inventaire_Languedoc.xml
JJ131;49;2661;28;Paris_AN_JJ_inventaire_Languedoc.xml
JJ131;85;2662;47;Paris_AN_JJ_inventaire_Languedoc.xml
JJ131;1073;2663;59;Paris_AN_JJ_inventaire_Languedoc.xml
JJ131;107bis;2664;65;Paris_AN_JJ_inventaire_Languedoc.xml
JJ131;135;2665;82v;Paris_AN_JJ_inventaire_Languedoc.xml
JJ131;188;2666;118v;Paris_AN_JJ_inventaire_Languedoc.xml
JJ131;202;2667;132v;Paris_AN_JJ_inventaire_Languedoc.xml
JJ131;210;2668;137;Paris_AN_JJ_inventaire_Languedoc.xml
JJ131;224;2669;145v;Paris_AN_JJ_inventaire_Languedoc.xml
JJ131;225;2670;146;Paris_AN_JJ_inventaire_Languedoc.xml
JJ131;226;2671;146;Paris_AN_JJ_inventaire_Languedoc.xml
JJ132;20;2672;10;Paris_AN_JJ_inventaire_Languedoc.xml
JJ132;26;2673;13;Paris_AN_JJ_inventaire_Languedoc.xml
JJ132;31;2674;17;Paris_AN_JJ_inventaire_Languedoc.xml
JJ132;37;2675;21;Paris_AN_JJ_inventaire_Languedoc.xml
JJ132;38;2676;21v;Paris_AN_JJ_inventaire_Languedoc.xml
JJ132;54;2677;29à33;Paris_AN_JJ_inventaire_Languedoc.xml
JJ132;75;2678;42;Paris_AN_JJ_inventaire_Languedoc.xml
JJ132;76;2679;43;Paris_AN_JJ_inventaire_Languedoc.xml
JJ132;88;2680;49v;Paris_AN_JJ_inventaire_Languedoc.xml
JJ132;189;2681;101v;Paris_AN_JJ_inventaire_Languedoc.xml
JJ132;287;2682;153;Paris_AN_JJ_inventaire_Languedoc.xml
JJ132;290;2683;154v;Paris_AN_JJ_inventaire_Languedoc.xml
JJ132;293;2684;155v;Paris_AN_JJ_inventaire_Languedoc.xml
JJ132;318;2685;169;Paris_AN_JJ_inventaire_Languedoc.xml
JJ132;322;2686;171v;Paris_AN_JJ_inventaire_Languedoc.xml
JJ133;35;2687;20;Paris_AN_JJ_inventaire_Languedoc.xml
JJ133;38;2688;21;Paris_AN_JJ_inventaire_Languedoc.xml
JJ133;39;2689;21v;Paris_AN_JJ_inventaire_Languedoc.xml
JJ133;41;2690;22;Paris_AN_JJ_inventaire_Languedoc.xml
JJ133;42;2691;22;Paris_AN_JJ_inventaire_Languedoc.xml
JJ133;44;2692;22v;Paris_AN_JJ_inventaire_Languedoc.xml
JJ133;48;2693;24;Paris_AN_JJ_inventaire_Languedoc.xml
JJ133;52;2694;26;Paris_AN_JJ_inventaire_Languedoc.xml
JJ133;73;2695;36v;Paris_AN_JJ_inventaire_Languedoc.xml
JJ133;74;2696;37v;Paris_AN_JJ_inventaire_Languedoc.xml
JJ133;77;2697;39v;Paris_AN_JJ_inventaire_Languedoc.xml
JJ133;82;2698;42,cf:135,n°292,fol156v;Paris_AN_JJ_inventaire_Languedoc.xml
JJ133;85;2699;46;Paris_AN_JJ_inventaire_Languedoc.xml
JJ133;89;2700;48;Paris_AN_JJ_inventaire_Languedoc.xml
JJ133;94;2701;51;Paris_AN_JJ_inventaire_Languedoc.xml
JJ133;95;2702;51v;Paris_AN_JJ_inventaire_Languedoc.xml
JJ133;99;2703;58v;Paris_AN_JJ_inventaire_Languedoc.xml
JJ133;104;2704;61;Paris_AN_JJ_inventaire_Languedoc.xml
JJ133;108;2705;64v;Paris_AN_JJ_inventaire_Languedoc.xml
JJ133;111;2706;65v;Paris_AN_JJ_inventaire_Languedoc.xml
JJ133;127;2707;73và78v;Paris_AN_JJ_inventaire_Languedoc.xml
JJ133;163;2708;95;Paris_AN_JJ_inventaire_Languedoc.xml
JJ133;168;2709;97v;Paris_AN_JJ_inventaire_Languedoc.xml
JJ133;173;2710;100;Paris_AN_JJ_inventaire_Languedoc.xml
JJ133;226;2711;127v;Paris_AN_JJ_inventaire_Languedoc.xml
JJ133;229;2712;129v;Paris_AN_JJ_inventaire_Languedoc.xml
JJ133;241;2713;139;Paris_AN_JJ_inventaire_Languedoc.xml
JJ133;264;2714;151;Paris_AN_JJ_inventaire_Languedoc.xml
JJ135;29;2715;15;Paris_AN_JJ_inventaire_Languedoc.xml
JJ135;30;2716;15v;Paris_AN_JJ_inventaire_Languedoc.xml
JJ135;65;2717;37;Paris_AN_JJ_inventaire_Languedoc.xml
JJ135;67;2718;38v;Paris_AN_JJ_inventaire_Languedoc.xml
JJ135;69;2719;41;Paris_AN_JJ_inventaire_Languedoc.xml
JJ135;70;2720;41v;Paris_AN_JJ_inventaire_Languedoc.xml
JJ135;81;2721;46v;Paris_AN_JJ_inventaire_Languedoc.xml
JJ135;81bis;2722;47;Paris_AN_JJ_inventaire_Languedoc.xml
JJ135;813;2723;47v;Paris_AN_JJ_inventaire_Languedoc.xml
JJ135;814;2724;47v;Paris_AN_JJ_inventaire_Languedoc.xml
JJ135;815;2725;47v;Paris_AN_JJ_inventaire_Languedoc.xml
JJ135;83;2726;48;Paris_AN_JJ_inventaire_Languedoc.xml
JJ135;84;2727;48v;Paris_AN_JJ_inventaire_Languedoc.xml
JJ135;88;2728;56;Paris_AN_JJ_inventaire_Languedoc.xml
JJ135;94;2729;52v;Paris_AN_JJ_inventaire_Languedoc.xml
JJ135;106;2730;58v;Paris_AN_JJ_inventaire_Languedoc.xml
JJ135;106bis;2731;59;Paris_AN_JJ_inventaire_Languedoc.xml
JJ135;109;2732;60v;Paris_AN_JJ_inventaire_Languedoc.xml
JJ135;132;2733;75v;Paris_AN_JJ_inventaire_Languedoc.xml
JJ135;173;2734;96ro;Paris_AN_JJ_inventaire_Languedoc.xml
JJ135;270;2735;147v;Paris_AN_JJ_inventaire_Languedoc.xml
JJ135;271;2736;148v;Paris_AN_JJ_inventaire_Languedoc.xml
JJ135;272;2737;149;Paris_AN_JJ_inventaire_Languedoc.xml
JJ135;273;2738;149;Paris_AN_JJ_inventaire_Languedoc.xml
JJ135;274;2739;149v;Paris_AN_JJ_inventaire_Languedoc.xml
JJ135;275;2740;150;Paris_AN_JJ_inventaire_Languedoc.xml
JJ135;276;2741;150;Paris_AN_JJ_inventaire_Languedoc.xml
JJ135;292;2742;156v;Paris_AN_JJ_inventaire_Languedoc.xml
JJ135;299;2743;160;Paris_AN_JJ_inventaire_Languedoc.xml
JJ135;300bis;2744;160v;Paris_AN_JJ_inventaire_Languedoc.xml
JJ135;304;2745;162v;Paris_AN_JJ_inventaire_Languedoc.xml
JJ135;304bis;2746;163v;Paris_AN_JJ_inventaire_Languedoc.xml
JJ135;3043;2747;164;Paris_AN_JJ_inventaire_Languedoc.xml
JJ135;317;2748;171;Paris_AN_JJ_inventaire_Languedoc.xml
JJ135;3172;2749;172;Paris_AN_JJ_inventaire_Languedoc.xml
JJ135;3173;2750;172v;Paris_AN_JJ_inventaire_Languedoc.xml
JJ135;3175;2751;173;Paris_AN_JJ_inventaire_Languedoc.xml
JJ135;3176;2753;173;Paris_AN_JJ_inventaire_Languedoc.xml
JJ135;3177;2754;174;Paris_AN_JJ_inventaire_Languedoc.xml
JJ136;17;2755;9;Paris_AN_JJ_inventaire_Languedoc.xml
JJ136;29;2756;14v;Paris_AN_JJ_inventaire_Languedoc.xml
JJ136;30;2757;15;Paris_AN_JJ_inventaire_Languedoc.xml
JJ136;30bis;2758;15v;Paris_AN_JJ_inventaire_Languedoc.xml
JJ136;303;2759;16;Paris_AN_JJ_inventaire_Languedoc.xml
JJ136;49;2760;27;Paris_AN_JJ_inventaire_Languedoc.xml
JJ136;76;2761;42;Paris_AN_JJ_inventaire_Languedoc.xml
JJ136;95;2762;51;Paris_AN_JJ_inventaire_Languedoc.xml
JJ136;102;2763;56;Paris_AN_JJ_inventaire_Languedoc.xml
JJ136;155;2764;82;Paris_AN_JJ_inventaire_Languedoc.xml
JJ136;171;2765;91v;Paris_AN_JJ_inventaire_Languedoc.xml
JJ137;26;2766;25;Paris_AN_JJ_inventaire_Languedoc.xml
JJ137;28;2767;27;Paris_AN_JJ_inventaire_Languedoc.xml
JJ137;33;2768;30v;Paris_AN_JJ_inventaire_Languedoc.xml
JJ137;39;2769;37;Paris_AN_JJ_inventaire_Languedoc.xml
JJ137;41;2770;39;Paris_AN_JJ_inventaire_Languedoc.xml
JJ137;43;2771;41;Paris_AN_JJ_inventaire_Languedoc.xml
JJ137;44;2772;41;Paris_AN_JJ_inventaire_Languedoc.xml
JJ137;48;2773;45;Paris_AN_JJ_inventaire_Languedoc.xml
JJ137;52;2774;49;Paris_AN_JJ_inventaire_Languedoc.xml
JJ137;54;2775;51;Paris_AN_JJ_inventaire_Languedoc.xml
JJ137;55;2776;52;Paris_AN_JJ_inventaire_Languedoc.xml
JJ137;56;2777;55;Paris_AN_JJ_inventaire_Languedoc.xml
JJ137;60;2778;59;Paris_AN_JJ_inventaire_Languedoc.xml
JJ137;63;2779;62v;Paris_AN_JJ_inventaire_Languedoc.xml
JJ137;64;2780;62;Paris_AN_JJ_inventaire_Languedoc.xml
JJ137;65;2781;64;Paris_AN_JJ_inventaire_Languedoc.xml
JJ137;66;2782;65;Paris_AN_JJ_inventaire_Languedoc.xml
JJ137;67;2783;67;Paris_AN_JJ_inventaire_Languedoc.xml
JJ137;68;2784;68;Paris_AN_JJ_inventaire_Languedoc.xml
JJ137;73;2785;73;Paris_AN_JJ_inventaire_Languedoc.xml
JJ137;75;2786;75;Paris_AN_JJ_inventaire_Languedoc.xml
JJ137;80;2787;81;Paris_AN_JJ_inventaire_Languedoc.xml
JJ137;81;2788;81;Paris_AN_JJ_inventaire_Languedoc.xml
JJ137;82;2789;82;Paris_AN_JJ_inventaire_Languedoc.xml
JJ137;83;2790;83;Paris_AN_JJ_inventaire_Languedoc.xml
JJ137;84;2791;83;Paris_AN_JJ_inventaire_Languedoc.xml
JJ137;86;2792;86;Paris_AN_JJ_inventaire_Languedoc.xml
JJ137;90;2793;89;Paris_AN_JJ_inventaire_Languedoc.xml
JJ137;96;2794;97;Paris_AN_JJ_inventaire_Languedoc.xml
JJ137;98;2795;98;Paris_AN_JJ_inventaire_Languedoc.xml
JJ137;99;2796;99;Paris_AN_JJ_inventaire_Languedoc.xml
JJ137;105;2797;113;Paris_AN_JJ_inventaire_Languedoc.xml
JJ137;106;2798;113;Paris_AN_JJ_inventaire_Languedoc.xml
JJ137;107;2799;114;Paris_AN_JJ_inventaire_Languedoc.xml
JJ137;108;2800;115;Paris_AN_JJ_inventaire_Languedoc.xml
JJ137;110;2801;117;Paris_AN_JJ_inventaire_Languedoc.xml
JJ138;32;2802;44v;Paris_AN_JJ_inventaire_Languedoc.xml
JJ138;33;2803;45;Paris_AN_JJ_inventaire_Languedoc.xml
JJ138;79;2804;98yO;Paris_AN_JJ_inventaire_Languedoc.xml
JJ138;264;2805;317;Paris_AN_JJ_inventaire_Languedoc.xml
JJ138;277;2806;331;Paris_AN_JJ_inventaire_Languedoc.xml
JJ138;287;2807;343v;Paris_AN_JJ_inventaire_Languedoc.xml
JJ139;6;2808;15;Paris_AN_JJ_inventaire_Languedoc.xml
JJ139;32;2809;42;Paris_AN_JJ_inventaire_Languedoc.xml
JJ139;58;2810;69;Paris_AN_JJ_inventaire_Languedoc.xml
JJ139;77;2811;94;Paris_AN_JJ_inventaire_Languedoc.xml
JJ139;85;2812;96;Paris_AN_JJ_inventaire_Languedoc.xml
JJ139;91;2813;103;Paris_AN_JJ_inventaire_Languedoc.xml
JJ139;93;2814;110;Paris_AN_JJ_inventaire_Languedoc.xml
JJ139;99;2815;116;Paris_AN_JJ_inventaire_Languedoc.xml
JJ139;126;2816;143;Paris_AN_JJ_inventaire_Languedoc.xml
JJ139;133;2817;152;Paris_AN_JJ_inventaire_Languedoc.xml
JJ139;148;2818;170;Paris_AN_JJ_inventaire_Languedoc.xml
JJ139;159;2819;182;Paris_AN_JJ_inventaire_Languedoc.xml
JJ139;181;2820;222;Paris_AN_JJ_inventaire_Languedoc.xml
JJ139;182;2821;223;Paris_AN_JJ_inventaire_Languedoc.xml
JJ139;183;2822;224;Paris_AN_JJ_inventaire_Languedoc.xml
JJ139;184;2823;224;Paris_AN_JJ_inventaire_Languedoc.xml
JJ139;185;2824;225;Paris_AN_JJ_inventaire_Languedoc.xml
JJ139;186;2825;225;Paris_AN_JJ_inventaire_Languedoc.xml
JJ139;187;2826;225;Paris_AN_JJ_inventaire_Languedoc.xml
JJ139;188;2827;226;Paris_AN_JJ_inventaire_Languedoc.xml
JJ139;189;2828;226;Paris_AN_JJ_inventaire_Languedoc.xml
JJ139;190;2829;227;Paris_AN_JJ_inventaire_Languedoc.xml
JJ139;201;2830;238;Paris_AN_JJ_inventaire_Languedoc.xml
JJ139;202;2831;240;Paris_AN_JJ_inventaire_Languedoc.xml
JJ139;206;2832;247;Paris_AN_JJ_inventaire_Languedoc.xml
JJ139;211;2833;253;Paris_AN_JJ_inventaire_Languedoc.xml
JJ139;216;2834;258;Paris_AN_JJ_inventaire_Languedoc.xml
JJ139;263;2835;318;Paris_AN_JJ_inventaire_Languedoc.xml
JJ140;42;2836;49;Paris_AN_JJ_inventaire_Languedoc.xml
JJ140;43;2837;54;Paris_AN_JJ_inventaire_Languedoc.xml
JJ140;55;2838;68;Paris_AN_JJ_inventaire_Languedoc.xml
JJ140;67;2839;83;Paris_AN_JJ_inventaire_Languedoc.xml
JJ140;92;2840;113;Paris_AN_JJ_inventaire_Languedoc.xml
JJ140;922;2841;113;Paris_AN_JJ_inventaire_Languedoc.xml
JJ140;923;2842;114;Paris_AN_JJ_inventaire_Languedoc.xml
JJ140;924;2843;114;Paris_AN_JJ_inventaire_Languedoc.xml
JJ140;927;2844;116;Paris_AN_JJ_inventaire_Languedoc.xml
JJ140;928;2845;116;Paris_AN_JJ_inventaire_Languedoc.xml
JJ140;929;2846;116;Paris_AN_JJ_inventaire_Languedoc.xml
JJ140;9210;2847;117;Paris_AN_JJ_inventaire_Languedoc.xml
JJ140;9211;2848;117;Paris_AN_JJ_inventaire_Languedoc.xml
JJ140;9212;2849;117;Paris_AN_JJ_inventaire_Languedoc.xml
JJ140;9213;2850;118;Paris_AN_JJ_inventaire_Languedoc.xml
JJ140;9214;2851;118;Paris_AN_JJ_inventaire_Languedoc.xml
JJ140;9215;2852;118;Paris_AN_JJ_inventaire_Languedoc.xml
JJ140;9216;2853;119;Paris_AN_JJ_inventaire_Languedoc.xml
JJ140;9217;2854;119;Paris_AN_JJ_inventaire_Languedoc.xml
JJ140;9218;2855;120;Paris_AN_JJ_inventaire_Languedoc.xml
JJ140;9219;2856;120;Paris_AN_JJ_inventaire_Languedoc.xml
JJ140;9220;2857;120;Paris_AN_JJ_inventaire_Languedoc.xml
JJ140;9221;2858;121;Paris_AN_JJ_inventaire_Languedoc.xml
JJ140;9222;2859;121;Paris_AN_JJ_inventaire_Languedoc.xml
JJ140;9223;2860;121;Paris_AN_JJ_inventaire_Languedoc.xml
JJ140;120;2861;158;Paris_AN_JJ_inventaire_Languedoc.xml
JJ140;124;2862;161;Paris_AN_JJ_inventaire_Languedoc.xml
JJ140;183;2863;214;Paris_AN_JJ_inventaire_Languedoc.xml
JJ140;191;2864;223;Paris_AN_JJ_inventaire_Languedoc.xml
JJ140;284;2865;333;Paris_AN_JJ_inventaire_Languedoc.xml
JJ140;289;2866;339;Paris_AN_JJ_inventaire_Languedoc.xml
JJ140;313;2867;364;Paris_AN_JJ_inventaire_Languedoc.xml
JJ141;11;2868;7;Paris_AN_JJ_inventaire_Languedoc.xml
JJ141;19;2869;17;Paris_AN_JJ_inventaire_Languedoc.xml
JJ141;32;2870;19;Paris_AN_JJ_inventaire_Languedoc.xml
JJ141;33;2871;19;Paris_AN_JJ_inventaire_Languedoc.xml
JJ141;35;2872;22v;Paris_AN_JJ_inventaire_Languedoc.xml
JJ141;43;2873;26;Paris_AN_JJ_inventaire_Languedoc.xml
JJ141;45;2874;27;Paris_AN_JJ_inventaire_Languedoc.xml
JJ141;90;2875;50;Paris_AN_JJ_inventaire_Languedoc.xml
JJ141;209;2876;119;Paris_AN_JJ_inventaire_Languedoc.xml
JJ141;213;2877;121;Paris_AN_JJ_inventaire_Languedoc.xml
JJ141;213bis;2878;122;Paris_AN_JJ_inventaire_Languedoc.xml
JJ141;232;2879;132;Paris_AN_JJ_inventaire_Languedoc.xml
JJ141;233;2880;133;Paris_AN_JJ_inventaire_Languedoc.xml
JJ141;242;2881;141;Paris_AN_JJ_inventaire_Languedoc.xml
JJ141;268;2882;155;Paris_AN_JJ_inventaire_Languedoc.xml
JJ141;289;2883;165;Paris_AN_JJ_inventaire_Languedoc.xml
JJ141;307;2884;173v;Paris_AN_JJ_inventaire_Languedoc.xml
JJ142;12;2885;6v;Paris_AN_JJ_inventaire_Languedoc.xml
JJ142;29;2886;17;Paris_AN_JJ_inventaire_Languedoc.xml
JJ142;31bis;2887;19;Paris_AN_JJ_inventaire_Languedoc.xml
JJ142;51;2888;31v;Paris_AN_JJ_inventaire_Languedoc.xml
JJ142;52;2889;31v;Paris_AN_JJ_inventaire_Languedoc.xml
JJ142;62;2890;37;Paris_AN_JJ_inventaire_Languedoc.xml
JJ142;68;2891;41à45;Paris_AN_JJ_inventaire_Languedoc.xml
JJ142;71;2892;48;Paris_AN_JJ_inventaire_Languedoc.xml
JJ142;84;2893;56;Paris_AN_JJ_inventaire_Languedoc.xml
JJ142;105;2894;68v;Paris_AN_JJ_inventaire_Languedoc.xml
JJ142;121;2895;76;Paris_AN_JJ_inventaire_Languedoc.xml
JJ142;130;2896;81;Paris_AN_JJ_inventaire_Languedoc.xml
JJ142;135;2897;83;Paris_AN_JJ_inventaire_Languedoc.xml
JJ142;139;2898;85v;Paris_AN_JJ_inventaire_Languedoc.xml
JJ142;212;2899;122v;Paris_AN_JJ_inventaire_Languedoc.xml
JJ142;227;2900;130;Paris_AN_JJ_inventaire_Languedoc.xml
JJ142;241;2901;137;Paris_AN_JJ_inventaire_Languedoc.xml
JJ142;245;2902;138v;Paris_AN_JJ_inventaire_Languedoc.xml
JJ142;306;2903;172;Paris_AN_JJ_inventaire_Languedoc.xml
JJ142;323;2904;181v;Paris_AN_JJ_inventaire_Languedoc.xml
JJ142;325;2905;182v;Paris_AN_JJ_inventaire_Languedoc.xml
JJ142;329;2906;184v;Paris_AN_JJ_inventaire_Languedoc.xml
JJ143;8;2907;4v;Paris_AN_JJ_inventaire_Languedoc.xml
JJ143;22;2908;13;Paris_AN_JJ_inventaire_Languedoc.xml
JJ143;39;2909;22v;Paris_AN_JJ_inventaire_Languedoc.xml
JJ143;42;2910;24;Paris_AN_JJ_inventaire_Languedoc.xml
JJ143;82;2911;45;Paris_AN_JJ_inventaire_Languedoc.xml
JJ143;119;2912;62v;Paris_AN_JJ_inventaire_Languedoc.xml
JJ143;172;2913;90;Paris_AN_JJ_inventaire_Languedoc.xml
JJ143;236;2914;121v;Paris_AN_JJ_inventaire_Languedoc.xml
JJ143;237;2915;122v;Paris_AN_JJ_inventaire_Languedoc.xml
JJ143;241;2916;126;Paris_AN_JJ_inventaire_Languedoc.xml
JJ143;245;2917;127v;Paris_AN_JJ_inventaire_Languedoc.xml
JJ143;262;2918;141v;Paris_AN_JJ_inventaire_Languedoc.xml
JJ143;288;2919;158v;Paris_AN_JJ_inventaire_Languedoc.xml
JJ144;21;2920;9;Paris_AN_JJ_inventaire_Languedoc.xml
JJ144;104;2921;57v;Paris_AN_JJ_inventaire_Languedoc.xml
JJ144;128;2922;69v;Paris_AN_JJ_inventaire_Languedoc.xml
JJ144;143;2923;77v;Paris_AN_JJ_inventaire_Languedoc.xml
JJ144;165;2924;91v;Paris_AN_JJ_inventaire_Languedoc.xml
JJ144;168;2925;93;Paris_AN_JJ_inventaire_Languedoc.xml
JJ144;178;2926;99;Paris_AN_JJ_inventaire_Languedoc.xml
JJ144;183;2927;101v;Paris_AN_JJ_inventaire_Languedoc.xml
JJ144;306;2928;180v;Paris_AN_JJ_inventaire_Languedoc.xml
JJ144;307;2929;181;Paris_AN_JJ_inventaire_Languedoc.xml
JJ144;346;2930;205v;Paris_AN_JJ_inventaire_Languedoc.xml
JJ144;367;2931;217v;Paris_AN_JJ_inventaire_Languedoc.xml
JJ144;380;2932;223;Paris_AN_JJ_inventaire_Languedoc.xml
JJ144;390;2933;227;Paris_AN_JJ_inventaire_Languedoc.xml
JJ144;423;2934;244;Paris_AN_JJ_inventaire_Languedoc.xml
JJ144;431;2935;250;Paris_AN_JJ_inventaire_Languedoc.xml
JJ144;434;2936;251;Paris_AN_JJ_inventaire_Languedoc.xml
JJ144;445;2937;258;Paris_AN_JJ_inventaire_Languedoc.xml
JJ144;449;2938;259v;Paris_AN_JJ_inventaire_Languedoc.xml
JJ144;464;2939;267v;Paris_AN_JJ_inventaire_Languedoc.xml
JJ145;7;2940;3;Paris_AN_JJ_inventaire_Languedoc.xml
JJ145;157;2941;67;Paris_AN_JJ_inventaire_Languedoc.xml
JJ145;188;2942;80v;Paris_AN_JJ_inventaire_Languedoc.xml
JJ145;279;2943;122;Paris_AN_JJ_inventaire_Languedoc.xml
JJ145;313;2944;135v;Paris_AN_JJ_inventaire_Languedoc.xml
JJ145;324;2945;141;Paris_AN_JJ_inventaire_Languedoc.xml
JJ145;345;2946;150;Paris_AN_JJ_inventaire_Languedoc.xml
JJ145;381;2947;167;Paris_AN_JJ_inventaire_Languedoc.xml
JJ145;392;2948;170v;Paris_AN_JJ_inventaire_Languedoc.xml
JJ145;399;2949;174;Paris_AN_JJ_inventaire_Languedoc.xml
JJ145;407;2950;177;Paris_AN_JJ_inventaire_Languedoc.xml
JJ145;429bis;2951;191;Paris_AN_JJ_inventaire_Languedoc.xml
JJ145;470;2952;215v;Paris_AN_JJ_inventaire_Languedoc.xml
JJ145;506;2953;233v;Paris_AN_JJ_inventaire_Languedoc.xml
JJ145;509;2954;235;Paris_AN_JJ_inventaire_Languedoc.xml
JJ146;80;2955;35;Paris_AN_JJ_inventaire_Languedoc.xml
JJ146;84;2956;37;Paris_AN_JJ_inventaire_Languedoc.xml
JJ146;92;2957;41;Paris_AN_JJ_inventaire_Languedoc.xml
JJ146;104;2958;49v;Paris_AN_JJ_inventaire_Languedoc.xml
JJ146;113;2959;53v;Paris_AN_JJ_inventaire_Languedoc.xml
JJ146;121;2960;58v;Paris_AN_JJ_inventaire_Languedoc.xml
JJ146;126;2961;61v;Paris_AN_JJ_inventaire_Languedoc.xml
JJ146;127;2962;63v;Paris_AN_JJ_inventaire_Languedoc.xml
JJ146;133;2963;67;Paris_AN_JJ_inventaire_Languedoc.xml
JJ146;145;2964;75;Paris_AN_JJ_inventaire_Languedoc.xml
JJ146;148;2965;77ro;Paris_AN_JJ_inventaire_Languedoc.xml
JJ146;183;2966;97;Paris_AN_JJ_inventaire_Languedoc.xml
JJ146;185;2967;98;Paris_AN_JJ_inventaire_Languedoc.xml
JJ146;191;2968;100v;Paris_AN_JJ_inventaire_Languedoc.xml
JJ146;223;2969;116;Paris_AN_JJ_inventaire_Languedoc.xml
JJ146;235;2970;123;Paris_AN_JJ_inventaire_Languedoc.xml
JJ146;279;2971;147;Paris_AN_JJ_inventaire_Languedoc.xml
JJ146;347;2972;191;Paris_AN_JJ_inventaire_Languedoc.xml
JJ146;393;2973;210v;Paris_AN_JJ_inventaire_Languedoc.xml
JJ146;402;2974;241;Paris_AN_JJ_inventaire_Languedoc.xml
JJ146;441;2975;233;Paris_AN_JJ_inventaire_Languedoc.xml
JJ147;1;2976;1;Paris_AN_JJ_inventaire_Languedoc.xml
JJ147;20;2977;10à12v;Paris_AN_JJ_inventaire_Languedoc.xml
JJ147;29;2978;16;Paris_AN_JJ_inventaire_Languedoc.xml
JJ147;54;2979;27;Paris_AN_JJ_inventaire_Languedoc.xml
JJ147;252;2980;115;Paris_AN_JJ_inventaire_Languedoc.xml
JJ147;264;2981;120;Paris_AN_JJ_inventaire_Languedoc.xml
JJ147;300;2982;136;Paris_AN_JJ_inventaire_Languedoc.xml
JJ148;4;2983;2v;Paris_AN_JJ_inventaire_Languedoc.xml
JJ148;15;2984;8v;Paris_AN_JJ_inventaire_Languedoc.xml
JJ148;19;2985;12v;Paris_AN_JJ_inventaire_Languedoc.xml
JJ148;28;2986;16v;Paris_AN_JJ_inventaire_Languedoc.xml
JJ148;50;2987;27v;Paris_AN_JJ_inventaire_Languedoc.xml
JJ148;59;2988;33;Paris_AN_JJ_inventaire_Languedoc.xml
JJ148;66;2989;40v;Paris_AN_JJ_inventaire_Languedoc.xml
JJ148;83;2990;49;Paris_AN_JJ_inventaire_Languedoc.xml
JJ148;99;2991;58;Paris_AN_JJ_inventaire_Languedoc.xml
JJ148;114;2992;65;Paris_AN_JJ_inventaire_Languedoc.xml
JJ148;115;2993;65v;Paris_AN_JJ_inventaire_Languedoc.xml
JJ148;117;2994;68;Paris_AN_JJ_inventaire_Languedoc.xml
JJ148;143;2995;79;Paris_AN_JJ_inventaire_Languedoc.xml
JJ148;159;2996;86;Paris_AN_JJ_inventaire_Languedoc.xml
JJ148;202;2997;103v;Paris_AN_JJ_inventaire_Languedoc.xml
JJ148;228;2998;116;Paris_AN_JJ_inventaire_Languedoc.xml
JJ148;229;2999;117;Paris_AN_JJ_inventaire_Languedoc.xml
JJ148;287;3000;148;Paris_AN_JJ_inventaire_Languedoc.xml
JJ148;291;3001;151;Paris_AN_JJ_inventaire_Languedoc.xml
JJ148;307;3002;158;Paris_AN_JJ_inventaire_Languedoc.xml
JJ149;1;3003;1;Paris_AN_JJ_inventaire_Languedoc.xml
JJ149;51;3004;40;Paris_AN_JJ_inventaire_Languedoc.xml
JJ149;78;3005;56;Paris_AN_JJ_inventaire_Languedoc.xml
JJ149;128;3006;79;Paris_AN_JJ_inventaire_Languedoc.xml
JJ149;130;3007;79v;Paris_AN_JJ_inventaire_Languedoc.xml
JJ149;136;3008;82;Paris_AN_JJ_inventaire_Languedoc.xml
JJ149;138;3009;82v;Paris_AN_JJ_inventaire_Languedoc.xml
JJ149;159;3010;90v;Paris_AN_JJ_inventaire_Languedoc.xml
JJ149;160;3011;91;Paris_AN_JJ_inventaire_Languedoc.xml
JJ149;164;3012;93;Paris_AN_JJ_inventaire_Languedoc.xml
JJ149;183;3013;100v;Paris_AN_JJ_inventaire_Languedoc.xml
JJ149;228;3014;119;Paris_AN_JJ_inventaire_Languedoc.xml
JJ149;230;3015;120v;Paris_AN_JJ_inventaire_Languedoc.xml
JJ149;250;3016;127v;Paris_AN_JJ_inventaire_Languedoc.xml
JJ149;278bis;3017;139;Paris_AN_JJ_inventaire_Languedoc.xml
JJ149;318;3018;159v;Paris_AN_JJ_inventaire_Languedoc.xml
JJ150;13;3019;7;Paris_AN_JJ_inventaire_Languedoc.xml
JJ150;87;3020;49;Paris_AN_JJ_inventaire_Languedoc.xml
JJ150;93;3021;51v;Paris_AN_JJ_inventaire_Languedoc.xml
JJ150;97;3022;52v;Paris_AN_JJ_inventaire_Languedoc.xml
JJ150;126;3023;66;Paris_AN_JJ_inventaire_Languedoc.xml
JJ150;128;3024;67;Paris_AN_JJ_inventaire_Languedoc.xml
JJ150;129;3025;67v;Paris_AN_JJ_inventaire_Languedoc.xml
JJ150;153;3026;76;Paris_AN_JJ_inventaire_Languedoc.xml
JJ150;173;3027;85;Paris_AN_JJ_inventaire_Languedoc.xml
JJ150;218;3028;105v;Paris_AN_JJ_inventaire_Languedoc.xml
JJ150;222;3029;108;Paris_AN_JJ_inventaire_Languedoc.xml
JJ150;231;3030;111v;Paris_AN_JJ_inventaire_Languedoc.xml
JJ150;240;3031;116;Paris_AN_JJ_inventaire_Languedoc.xml
JJ150;255;3032;123;Paris_AN_JJ_inventaire_Languedoc.xml
JJ150;312;3033;148;Paris_AN_JJ_inventaire_Languedoc.xml
JJ151;33;3034;13v;Paris_AN_JJ_inventaire_Languedoc.xml
JJ151;82;3035;37v;Paris_AN_JJ_inventaire_Languedoc.xml
JJ151;126;3036;60;Paris_AN_JJ_inventaire_Languedoc.xml
JJ151;158;3037;73;Paris_AN_JJ_inventaire_Languedoc.xml
JJ151;254;3038;125v;Paris_AN_JJ_inventaire_Languedoc.xml
JJ151;287;3039;141v;Paris_AN_JJ_inventaire_Languedoc.xml
JJ151;303;3040;149;Paris_AN_JJ_inventaire_Languedoc.xml
JJ151;348;3041;173v;Paris_AN_JJ_inventaire_Languedoc.xml
JJ151;360;3042;179v;Paris_AN_JJ_inventaire_Languedoc.xml
JJ151;370;3043;184v;Paris_AN_JJ_inventaire_Languedoc.xml
JJ152;12;3044;6v;Paris_AN_JJ_inventaire_Languedoc.xml
JJ152;25;3045;13;Paris_AN_JJ_inventaire_Languedoc.xml
JJ152;36;3046;20;Paris_AN_JJ_inventaire_Languedoc.xml
JJ152;47;3047;24v;Paris_AN_JJ_inventaire_Languedoc.xml
JJ152;54;3048;30;Paris_AN_JJ_inventaire_Languedoc.xml
JJ152;71;3049;41v;Paris_AN_JJ_inventaire_Languedoc.xml
JJ152;80;3050;47;Paris_AN_JJ_inventaire_Languedoc.xml
JJ152;92;3051;54;Paris_AN_JJ_inventaire_Languedoc.xml
JJ152;154;3052;88;Paris_AN_JJ_inventaire_Languedoc.xml
JJ152;156;3053;89v;Paris_AN_JJ_inventaire_Languedoc.xml
JJ152;177;3054;98;Paris_AN_JJ_inventaire_Languedoc.xml
JJ152;210;3055;119v;Paris_AN_JJ_inventaire_Languedoc.xml
JJ152;213;3056;120v;Paris_AN_JJ_inventaire_Languedoc.xml
JJ152;219;3057;123v;Paris_AN_JJ_inventaire_Languedoc.xml
JJ152;240;3058;135v;Paris_AN_JJ_inventaire_Languedoc.xml
JJ152;241;3059;136v;Paris_AN_JJ_inventaire_Languedoc.xml
JJ152;267;3060;149;Paris_AN_JJ_inventaire_Languedoc.xml
JJ152;319;3061;178v;Paris_AN_JJ_inventaire_Languedoc.xml
JJ153;1212;3062;75v;Paris_AN_JJ_inventaire_Languedoc.xml
JJ153;1272;3063;79;Paris_AN_JJ_inventaire_Languedoc.xml
JJ153;1302;3064;81;Paris_AN_JJ_inventaire_Languedoc.xml
JJ153;1312;3065;81v;Paris_AN_JJ_inventaire_Languedoc.xml
JJ153;1352;3066;83v;Paris_AN_JJ_inventaire_Languedoc.xml
JJ153;136;3067;67v;Paris_AN_JJ_inventaire_Languedoc.xml
JJ153;137bis;3068;84v;Paris_AN_JJ_inventaire_Languedoc.xml
JJ153;161;3069;99;Paris_AN_JJ_inventaire_Languedoc.xml
JJ153;162;3070;99v;Paris_AN_JJ_inventaire_Languedoc.xml
JJ153;165;3071;102;Paris_AN_JJ_inventaire_Languedoc.xml
JJ153;190;3072;120;Paris_AN_JJ_inventaire_Languedoc.xml
JJ153;191;3073;120v;Paris_AN_JJ_inventaire_Languedoc.xml
JJ153;192;3074;121;Paris_AN_JJ_inventaire_Languedoc.xml
JJ153;193;3075;122;Paris_AN_JJ_inventaire_Languedoc.xml
JJ153;194;3076;122v;Paris_AN_JJ_inventaire_Languedoc.xml
JJ153;195;3077;123;Paris_AN_JJ_inventaire_Languedoc.xml
JJ153;208;3078;131;Paris_AN_JJ_inventaire_Languedoc.xml
JJ153;234;3079;152v;Paris_AN_JJ_inventaire_Languedoc.xml
JJ153;245;3080;159v;Paris_AN_JJ_inventaire_Languedoc.xml
JJ153;274;3081;179v;Paris_AN_JJ_inventaire_Languedoc.xml
JJ153;292;3082;189v;Paris_AN_JJ_inventaire_Languedoc.xml
JJ153;313;3083;214v;Paris_AN_JJ_inventaire_Languedoc.xml
JJ153;314;3084;215;Paris_AN_JJ_inventaire_Languedoc.xml
JJ153;317;3085;216v;Paris_AN_JJ_inventaire_Languedoc.xml
JJ153;318;3086;217v;Paris_AN_JJ_inventaire_Languedoc.xml
JJ153;320;3087;219;Paris_AN_JJ_inventaire_Languedoc.xml
JJ153;323;3088;220v;Paris_AN_JJ_inventaire_Languedoc.xml
JJ153;324;3089;221v;Paris_AN_JJ_inventaire_Languedoc.xml
JJ153;333;3090;227v;Paris_AN_JJ_inventaire_Languedoc.xml
JJ153;334;3091;228v;Paris_AN_JJ_inventaire_Languedoc.xml
JJ153;335;3092;229;Paris_AN_JJ_inventaire_Languedoc.xml
JJ153;339;3093;232;Paris_AN_JJ_inventaire_Languedoc.xml
JJ153;340;3094;235;Paris_AN_JJ_inventaire_Languedoc.xml
JJ153;341;3095;236;Paris_AN_JJ_inventaire_Languedoc.xml
JJ153;342;3096;236v;Paris_AN_JJ_inventaire_Languedoc.xml
JJ153;359;3097;247v;Paris_AN_JJ_inventaire_Languedoc.xml
JJ153;372;3098;254v;Paris_AN_JJ_inventaire_Languedoc.xml
JJ153;380;3099;259;Paris_AN_JJ_inventaire_Languedoc.xml
JJ153;423;3100;284;Paris_AN_JJ_inventaire_Languedoc.xml
JJ153;437;3101;295v;Paris_AN_JJ_inventaire_Languedoc.xml
JJ153;442;3102;297;Paris_AN_JJ_inventaire_Languedoc.xml
JJ153;443;3103;297v;Paris_AN_JJ_inventaire_Languedoc.xml
JJ153;444;3104;298;Paris_AN_JJ_inventaire_Languedoc.xml
JJ153;446;3105;299v;Paris_AN_JJ_inventaire_Languedoc.xml
JJ153;452;3106;302v;Paris_AN_JJ_inventaire_Languedoc.xml
JJ153;469;3107;312v;Paris_AN_JJ_inventaire_Languedoc.xml
JJ153;487;3108;322;Paris_AN_JJ_inventaire_Languedoc.xml
JJ153;488;3109;323;Paris_AN_JJ_inventaire_Languedoc.xml
JJ153;489;3110;323v;Paris_AN_JJ_inventaire_Languedoc.xml
JJ153;490;3111;323v;Paris_AN_JJ_inventaire_Languedoc.xml
JJ153;493;3112;325;Paris_AN_JJ_inventaire_Languedoc.xml
JJ153;494;3113;329v;Paris_AN_JJ_inventaire_Languedoc.xml
JJ153;508;3114;337v;Paris_AN_JJ_inventaire_Languedoc.xml
JJ153;529;3115;349v;Paris_AN_JJ_inventaire_Languedoc.xml
JJ153;539;3116;355;Paris_AN_JJ_inventaire_Languedoc.xml
JJ153;551;3117;363v;Paris_AN_JJ_inventaire_Languedoc.xml
JJ154;48;3118;19v;Paris_AN_JJ_inventaire_Languedoc.xml
JJ154;61;3119;32;Paris_AN_JJ_inventaire_Languedoc.xml
JJ154;100;3120;51;Paris_AN_JJ_inventaire_Languedoc.xml
JJ154;106;3121;56;Paris_AN_JJ_inventaire_Languedoc.xml
JJ154;124;3122;66v;Paris_AN_JJ_inventaire_Languedoc.xml
JJ154;140;3123;81v;Paris_AN_JJ_inventaire_Languedoc.xml
JJ154;144;3124;82v;Paris_AN_JJ_inventaire_Languedoc.xml
JJ154;152;3125;89;Paris_AN_JJ_inventaire_Languedoc.xml
JJ154;153;3126;89v;Paris_AN_JJ_inventaire_Languedoc.xml
JJ154;183;3127;112;Paris_AN_JJ_inventaire_Languedoc.xml
JJ154;190;3128;115v;Paris_AN_JJ_inventaire_Languedoc.xml
JJ154;193;3129;117rO;Paris_AN_JJ_inventaire_Languedoc.xml
JJ154;216;3130;133v;Paris_AN_JJ_inventaire_Languedoc.xml
JJ154;226;3131;143v;Paris_AN_JJ_inventaire_Languedoc.xml
JJ154;227;3132;144;Paris_AN_JJ_inventaire_Languedoc.xml
JJ154;228;3133;144;Paris_AN_JJ_inventaire_Languedoc.xml
JJ154;229;3134;145v;Paris_AN_JJ_inventaire_Languedoc.xml
JJ154;230;3135;146;Paris_AN_JJ_inventaire_Languedoc.xml
JJ154;231;3136;146v;Paris_AN_JJ_inventaire_Languedoc.xml
JJ154;232;3137;147v;Paris_AN_JJ_inventaire_Languedoc.xml
JJ154;233;3138;148;Paris_AN_JJ_inventaire_Languedoc.xml
JJ154;245;3139;154;Paris_AN_JJ_inventaire_Languedoc.xml
JJ154;262;3140;163;Paris_AN_JJ_inventaire_Languedoc.xml
JJ154;272;3141;167v;Paris_AN_JJ_inventaire_Languedoc.xml
JJ154;275;3142;170;Paris_AN_JJ_inventaire_Languedoc.xml
JJ154;287;3143;176;Paris_AN_JJ_inventaire_Languedoc.xml
JJ154;289;3144;177v;Paris_AN_JJ_inventaire_Languedoc.xml
JJ154;290;3145;178v;Paris_AN_JJ_inventaire_Languedoc.xml
JJ154;294;3146;180v;Paris_AN_JJ_inventaire_Languedoc.xml
JJ154;296;3147;181v;Paris_AN_JJ_inventaire_Languedoc.xml
JJ154;309;3148;189;Paris_AN_JJ_inventaire_Languedoc.xml
JJ154;313;3149;192;Paris_AN_JJ_inventaire_Languedoc.xml
JJ154;318;3150;198v;Paris_AN_JJ_inventaire_Languedoc.xml
JJ154;339;3151;208;Paris_AN_JJ_inventaire_Languedoc.xml
JJ154;348;3152;212v;Paris_AN_JJ_inventaire_Languedoc.xml
JJ154;353;3153;214v;Paris_AN_JJ_inventaire_Languedoc.xml
JJ154;354;3154;215v;Paris_AN_JJ_inventaire_Languedoc.xml
JJ154;357;3155;217;Paris_AN_JJ_inventaire_Languedoc.xml
JJ154;358;3156;218;Paris_AN_JJ_inventaire_Languedoc.xml
JJ154;361;3157;219v;Paris_AN_JJ_inventaire_Languedoc.xml
JJ154;380;3158;223v;Paris_AN_JJ_inventaire_Languedoc.xml
JJ154;395;3159;231;Paris_AN_JJ_inventaire_Languedoc.xml
JJ154;397;3160;232;Paris_AN_JJ_inventaire_Languedoc.xml
JJ154;398;3161;233;Paris_AN_JJ_inventaire_Languedoc.xml
JJ154;407;3162;264v;Paris_AN_JJ_inventaire_Languedoc.xml
JJ154;446;3163;258v;Paris_AN_JJ_inventaire_Languedoc.xml
JJ154;467;3164;268v;Paris_AN_JJ_inventaire_Languedoc.xml
JJ154;469;3165;270;Paris_AN_JJ_inventaire_Languedoc.xml
JJ154;488;3166;281;Paris_AN_JJ_inventaire_Languedoc.xml
JJ154;518;3167;297;Paris_AN_JJ_inventaire_Languedoc.xml
JJ154;525;3168;299;Paris_AN_JJ_inventaire_Languedoc.xml
JJ154;558;3169;315v;Paris_AN_JJ_inventaire_Languedoc.xml
JJ154;559;3170;316v;Paris_AN_JJ_inventaire_Languedoc.xml
JJ154;580;3171;327;Paris_AN_JJ_inventaire_Languedoc.xml
JJ154;584;3172;329;Paris_AN_JJ_inventaire_Languedoc.xml
JJ154;585;3173;329v;Paris_AN_JJ_inventaire_Languedoc.xml
JJ154;597;3174;335v;Paris_AN_JJ_inventaire_Languedoc.xml
JJ154;605;3175;340;Paris_AN_JJ_inventaire_Languedoc.xml
JJ154;606;3176;340v;Paris_AN_JJ_inventaire_Languedoc.xml
JJ154;607;3177;341;Paris_AN_JJ_inventaire_Languedoc.xml
JJ154;612;3178;343v;Paris_AN_JJ_inventaire_Languedoc.xml
JJ154;615;3179;346v;Paris_AN_JJ_inventaire_Languedoc.xml
JJ154;619;3180;348v;Paris_AN_JJ_inventaire_Languedoc.xml
JJ154;633;3181;357v;Paris_AN_JJ_inventaire_Languedoc.xml
JJ154;634;3182;358;Paris_AN_JJ_inventaire_Languedoc.xml
JJ154;639;3183;361;Paris_AN_JJ_inventaire_Languedoc.xml
JJ154;642;3184;362;Paris_AN_JJ_inventaire_Languedoc.xml
JJ154;643;3185;363v;Paris_AN_JJ_inventaire_Languedoc.xml
JJ154;648;3186;366;Paris_AN_JJ_inventaire_Languedoc.xml
JJ154;649;3187;367;Paris_AN_JJ_inventaire_Languedoc.xml
JJ154;652;3188;368;Paris_AN_JJ_inventaire_Languedoc.xml
JJ154;653;3189;368v;Paris_AN_JJ_inventaire_Languedoc.xml
JJ154;654;3190;369;Paris_AN_JJ_inventaire_Languedoc.xml
JJ154;656;3191;370v;Paris_AN_JJ_inventaire_Languedoc.xml
JJ154;657;3192;371v;Paris_AN_JJ_inventaire_Languedoc.xml
JJ154;660;3193;373;Paris_AN_JJ_inventaire_Languedoc.xml
JJ154;664;3194;375v;Paris_AN_JJ_inventaire_Languedoc.xml
JJ154;666;3195;378v;Paris_AN_JJ_inventaire_Languedoc.xml
JJ154;667;3196;379v;Paris_AN_JJ_inventaire_Languedoc.xml
JJ154;673;3197;382v;Paris_AN_JJ_inventaire_Languedoc.xml
JJ154;689;3198;390;Paris_AN_JJ_inventaire_Languedoc.xml
JJ154;690;3199;391;Paris_AN_JJ_inventaire_Languedoc.xml
JJ154;691;3200;391v;Paris_AN_JJ_inventaire_Languedoc.xml
JJ154;692;3201;392;Paris_AN_JJ_inventaire_Languedoc.xml
JJ154;699;3202;396;Paris_AN_JJ_inventaire_Languedoc.xml
JJ154;700;3203;396v;Paris_AN_JJ_inventaire_Languedoc.xml
JJ154;708;3204;401v;Paris_AN_JJ_inventaire_Languedoc.xml
JJ154;709;3205;402;Paris_AN_JJ_inventaire_Languedoc.xml
JJ154;717;3206;408;Paris_AN_JJ_inventaire_Languedoc.xml
JJ154;736;3207;420;Paris_AN_JJ_inventaire_Languedoc.xml
JJ154;737;3208;420v;Paris_AN_JJ_inventaire_Languedoc.xml
JJ154;739;3209;422;Paris_AN_JJ_inventaire_Languedoc.xml
JJ154;748;3210;426;Paris_AN_JJ_inventaire_Languedoc.xml
JJ155;21;3211;11;Paris_AN_JJ_inventaire_Languedoc.xml
JJ155;25;3212;13;Paris_AN_JJ_inventaire_Languedoc.xml
JJ155;59;3213;35;Paris_AN_JJ_inventaire_Languedoc.xml
JJ155;65;3214;38v;Paris_AN_JJ_inventaire_Languedoc.xml
JJ155;66;3215;38v;Paris_AN_JJ_inventaire_Languedoc.xml
JJ155;86;3216;49v;Paris_AN_JJ_inventaire_Languedoc.xml
JJ155;95;3217;54;Paris_AN_JJ_inventaire_Languedoc.xml
JJ155;117;3218;66v;Paris_AN_JJ_inventaire_Languedoc.xml
JJ155;121;3219;70;Paris_AN_JJ_inventaire_Languedoc.xml
JJ155;122;3220;71;Paris_AN_JJ_inventaire_Languedoc.xml
JJ155;128;3221;76;Paris_AN_JJ_inventaire_Languedoc.xml
JJ155;131;3222;77v;Paris_AN_JJ_inventaire_Languedoc.xml
JJ155;149;3223;86;Paris_AN_JJ_inventaire_Languedoc.xml
JJ155;150;3224;90v;Paris_AN_JJ_inventaire_Languedoc.xml
JJ155;157;3225;94;Paris_AN_JJ_inventaire_Languedoc.xml
JJ155;158;3226;94v;Paris_AN_JJ_inventaire_Languedoc.xml
JJ155;159;3227;95v;Paris_AN_JJ_inventaire_Languedoc.xml
JJ155;160;3228;96v;Paris_AN_JJ_inventaire_Languedoc.xml
JJ155;161;3229;97v;Paris_AN_JJ_inventaire_Languedoc.xml
JJ155;162;3230;98v;Paris_AN_JJ_inventaire_Languedoc.xml
JJ155;163;3231;99;Paris_AN_JJ_inventaire_Languedoc.xml
JJ155;196;3232;122v;Paris_AN_JJ_inventaire_Languedoc.xml
JJ155;206;3233;127v;Paris_AN_JJ_inventaire_Languedoc.xml
JJ155;207;3234;128v;Paris_AN_JJ_inventaire_Languedoc.xml
JJ155;215;3235;132v;Paris_AN_JJ_inventaire_Languedoc.xml
JJ155;219;3236;134v;Paris_AN_JJ_inventaire_Languedoc.xml
JJ155;220;3237;135v;Paris_AN_JJ_inventaire_Languedoc.xml
JJ155;234;3238;143v;Paris_AN_JJ_inventaire_Languedoc.xml
JJ155;260;3239;160v;Paris_AN_JJ_inventaire_Languedoc.xml
JJ155;276;3240;168;Paris_AN_JJ_inventaire_Languedoc.xml
JJ155;288;3241;175v;Paris_AN_JJ_inventaire_Languedoc.xml
JJ155;289;3242;176;Paris_AN_JJ_inventaire_Languedoc.xml
JJ155;294;3243;180;Paris_AN_JJ_inventaire_Languedoc.xml
JJ155;295;3244;180;Paris_AN_JJ_inventaire_Languedoc.xml
JJ155;323;3245;194v;Paris_AN_JJ_inventaire_Languedoc.xml
JJ155;325;3246;196;Paris_AN_JJ_inventaire_Languedoc.xml
JJ155;330;3247;199v;Paris_AN_JJ_inventaire_Languedoc.xml
JJ155;342;3248;206;Paris_AN_JJ_inventaire_Languedoc.xml
JJ155;388;3249;233v;Paris_AN_JJ_inventaire_Languedoc.xml
JJ155;416;3250;252à256v;Paris_AN_JJ_inventaire_Languedoc.xml
JJ155;459;3251;278v;Paris_AN_JJ_inventaire_Languedoc.xml
JJ155;462;3252;280;Paris_AN_JJ_inventaire_Languedoc.xml
JJ155;467;3253;282;Paris_AN_JJ_inventaire_Languedoc.xml
JJ156;39;3254;22;Paris_AN_JJ_inventaire_Languedoc.xml
JJ156;47;3255;26v;Paris_AN_JJ_inventaire_Languedoc.xml
JJ156;60;3256;36;Paris_AN_JJ_inventaire_Languedoc.xml
JJ156;66;3257;39;Paris_AN_JJ_inventaire_Languedoc.xml
JJ156;108;3258;68v;Paris_AN_JJ_inventaire_Languedoc.xml
JJ156;116;3259;67v;Paris_AN_JJ_inventaire_Languedoc.xml
JJ156;134;3260;79v;Paris_AN_JJ_inventaire_Languedoc.xml
JJ156;135;3261;81;Paris_AN_JJ_inventaire_Languedoc.xml
JJ156;161;3262;97v;Paris_AN_JJ_inventaire_Languedoc.xml
JJ156;174;3263;107;Paris_AN_JJ_inventaire_Languedoc.xml
JJ156;191;3264;116;Paris_AN_JJ_inventaire_Languedoc.xml
JJ156;198;3265;120;Paris_AN_JJ_inventaire_Languedoc.xml
JJ156;233;3266;146;Paris_AN_JJ_inventaire_Languedoc.xml
JJ156;268;3267;168v;Paris_AN_JJ_inventaire_Languedoc.xml
JJ156;281;3268;176v;Paris_AN_JJ_inventaire_Languedoc.xml
JJ156;319;3269;199v;Paris_AN_JJ_inventaire_Languedoc.xml
JJ156;398;3270;241v;Paris_AN_JJ_inventaire_Languedoc.xml
JJ156;439;3271;261;Paris_AN_JJ_inventaire_Languedoc.xml
JJ157;55;3272;38;Paris_AN_JJ_inventaire_Languedoc.xml
JJ156;74;3273;53;Paris_AN_JJ_inventaire_Languedoc.xml
JJ157;75;3274;53v;Paris_AN_JJ_inventaire_Languedoc.xml
JJ157;77;3275;55à59v;Paris_AN_JJ_inventaire_Languedoc.xml
JJ157;94;3276;67v;Paris_AN_JJ_inventaire_Languedoc.xml
JJ157;134;3277;87v;Paris_AN_JJ_inventaire_Languedoc.xml
JJ157;176;3278;108v;Paris_AN_JJ_inventaire_Languedoc.xml
JJ157;180;3279;111;Paris_AN_JJ_inventaire_Languedoc.xml
JJ157;189;3280;117v;Paris_AN_JJ_inventaire_Languedoc.xml
JJ157;201;3281;124v;Paris_AN_JJ_inventaire_Languedoc.xml
JJ157;245;3282;150;Paris_AN_JJ_inventaire_Languedoc.xml
JJ157;251;3283;153;Paris_AN_JJ_inventaire_Languedoc.xml
JJ157;264;3284;159v;Paris_AN_JJ_inventaire_Languedoc.xml
JJ157;265;3285;163v;Paris_AN_JJ_inventaire_Languedoc.xml
JJ157;320;3286;192;Paris_AN_JJ_inventaire_Languedoc.xml
JJ157;347;3287;210v;Paris_AN_JJ_inventaire_Languedoc.xml
JJ157;349;3288;215;Paris_AN_JJ_inventaire_Languedoc.xml
JJ157;410;3289;247;Paris_AN_JJ_inventaire_Languedoc.xml
JJ157;415;3290;249v;Paris_AN_JJ_inventaire_Languedoc.xml
JJ158;52;3291;30;Paris_AN_JJ_inventaire_Languedoc.xml
JJ158;108;3292;60v;Paris_AN_JJ_inventaire_Languedoc.xml
JJ158;250;3293;127;Paris_AN_JJ_inventaire_Languedoc.xml
JJ158;286;3294;153v;Paris_AN_JJ_inventaire_Languedoc.xml
JJ158;306;3295;166v;Paris_AN_JJ_inventaire_Languedoc.xml
JJ158;307;3296;167;Paris_AN_JJ_inventaire_Languedoc.xml
JJ158;308;3297;167;Paris_AN_JJ_inventaire_Languedoc.xml
JJ158;322;3298;174v;Paris_AN_JJ_inventaire_Languedoc.xml
JJ158;347;3299;191;Paris_AN_JJ_inventaire_Languedoc.xml
JJ158;353;3300;193;Paris_AN_JJ_inventaire_Languedoc.xml
JJ158;400;3301;229;Paris_AN_JJ_inventaire_Languedoc.xml
JJ158;403;3302;230v;Paris_AN_JJ_inventaire_Languedoc.xml
JJ158;423;3303;241v;Paris_AN_JJ_inventaire_Languedoc.xml
JJ158;424;3304;242v;Paris_AN_JJ_inventaire_Languedoc.xml
JJ158;450;3305;259;Paris_AN_JJ_inventaire_Languedoc.xml
JJ158;459;3306;266v;Paris_AN_JJ_inventaire_Languedoc.xml
JJ158;461;3307;269;Paris_AN_JJ_inventaire_Languedoc.xml
JJ159;5;3308;2;Paris_AN_JJ_inventaire_Languedoc.xml
JJ159;32;3309;18;Paris_AN_JJ_inventaire_Languedoc.xml
JJ159;69;3310;39v;Paris_AN_JJ_inventaire_Languedoc.xml
JJ159;168;3311;100;Paris_AN_JJ_inventaire_Languedoc.xml
JJ159;220;3312;133;Paris_AN_JJ_inventaire_Languedoc.xml
JJ159;251;3313;152v;Paris_AN_JJ_inventaire_Languedoc.xml
JJ159;284;3314;163v;Paris_AN_JJ_inventaire_Languedoc.xml
JJ159;292;3315;170;Paris_AN_JJ_inventaire_Languedoc.xml
JJ159;324;3316;191v;Paris_AN_JJ_inventaire_Languedoc.xml
JJ159;331;3317;195;Paris_AN_JJ_inventaire_Languedoc.xml
JJ159;341;3318;200v;Paris_AN_JJ_inventaire_Languedoc.xml
JJ159;350;3319;214;Paris_AN_JJ_inventaire_Languedoc.xml
JJ159;353;3320;217;Paris_AN_JJ_inventaire_Languedoc.xml
JJ160;12;3321;15v;Paris_AN_JJ_inventaire_Languedoc.xml
JJ160;20;3322;17v;Paris_AN_JJ_inventaire_Languedoc.xml
JJ160;30;3323;31v;Paris_AN_JJ_inventaire_Languedoc.xml
JJ160;33;3324;34v;Paris_AN_JJ_inventaire_Languedoc.xml
JJ160;52;3325;50v;Paris_AN_JJ_inventaire_Languedoc.xml
JJ160;63;3326;57;Paris_AN_JJ_inventaire_Languedoc.xml
JJ160;70;3327;65;Paris_AN_JJ_inventaire_Languedoc.xml
JJ160;71;3328;66;Paris_AN_JJ_inventaire_Languedoc.xml
JJ160;72;3329;66v;Paris_AN_JJ_inventaire_Languedoc.xml
JJ160;78;3330;70;Paris_AN_JJ_inventaire_Languedoc.xml
JJ160;79;3331;71;Paris_AN_JJ_inventaire_Languedoc.xml
JJ160;84;3332;78v;Paris_AN_JJ_inventaire_Languedoc.xml
JJ160;166;3333;124v;Paris_AN_JJ_inventaire_Languedoc.xml
JJ160;167;3334;125;Paris_AN_JJ_inventaire_Languedoc.xml
JJ160;170;3335;127;Paris_AN_JJ_inventaire_Languedoc.xml
JJ160;171;3336;127v;Paris_AN_JJ_inventaire_Languedoc.xml
JJ160;176;3337;130v;Paris_AN_JJ_inventaire_Languedoc.xml
JJ160;220;3338;159;Paris_AN_JJ_inventaire_Languedoc.xml
JJ160;256;3339;184v;Paris_AN_JJ_inventaire_Languedoc.xml
JJ160;263;3340;191;Paris_AN_JJ_inventaire_Languedoc.xml
JJ160;273;3341;197;Paris_AN_JJ_inventaire_Languedoc.xml
JJ160;320;3342;237v;Paris_AN_JJ_inventaire_Languedoc.xml
JJ160;339;3343;252;Paris_AN_JJ_inventaire_Languedoc.xml
JJ160;360;3344;266v;Paris_AN_JJ_inventaire_Languedoc.xml
JJ160;386;3345;282;Paris_AN_JJ_inventaire_Languedoc.xml
JJ160;389;3346;283v;Paris_AN_JJ_inventaire_Languedoc.xml
JJ160;405;3347;291;Paris_AN_JJ_inventaire_Languedoc.xml
JJ161;38;3348;25v;Paris_AN_JJ_inventaire_Languedoc.xml
JJ161;84;3349;53v;Paris_AN_JJ_inventaire_Languedoc.xml
JJ161;100;3350;64;Paris_AN_JJ_inventaire_Languedoc.xml
JJ161;104;3351;65v;Paris_AN_JJ_inventaire_Languedoc.xml
JJ161;108;3352;71;Paris_AN_JJ_inventaire_Languedoc.xml
JJ161;137;3353;94;Paris_AN_JJ_inventaire_Languedoc.xml
JJ161;143bis;3354;98v;Paris_AN_JJ_inventaire_Languedoc.xml
JJ161;173;3355;118v;Paris_AN_JJ_inventaire_Languedoc.xml
JJ161;195;3356;132;Paris_AN_JJ_inventaire_Languedoc.xml
JJ161;200;3357;135v;Paris_AN_JJ_inventaire_Languedoc.xml
JJ161;204;3358;139;Paris_AN_JJ_inventaire_Languedoc.xml
JJ161;206;3359;140v;Paris_AN_JJ_inventaire_Languedoc.xml
JJ161;212;3360;149;Paris_AN_JJ_inventaire_Languedoc.xml
JJ161;216;3361;150;Paris_AN_JJ_inventaire_Languedoc.xml
JJ161;266;3362;177;Paris_AN_JJ_inventaire_Languedoc.xml
JJ161;281;3363;188;Paris_AN_JJ_inventaire_Languedoc.xml
JJ161;290;3364;195v;Paris_AN_JJ_inventaire_Languedoc.xml
JJ161;310;3365;208v;Paris_AN_JJ_inventaire_Languedoc.xml
JJ161;318;3366;214;Paris_AN_JJ_inventaire_Languedoc.xml
JJ161;324;3367;218v;Paris_AN_JJ_inventaire_Languedoc.xml
JJ161;335;3368;228;Paris_AN_JJ_inventaire_Languedoc.xml
JJ161;337;3369;229;Paris_AN_JJ_inventaire_Languedoc.xml
JJ161;338;3370;234;Paris_AN_JJ_inventaire_Languedoc.xml
JJ161;361;3371;273;Paris_AN_JJ_inventaire_Languedoc.xml
JJ161;382;3372;286v;Paris_AN_JJ_inventaire_Languedoc.xml
JJ161;384;3373;290;Paris_AN_JJ_inventaire_Languedoc.xml
JJ162;39;3374;42v;Paris_AN_JJ_inventaire_Languedoc.xml
JJ162;91;3375;74v;Paris_AN_JJ_inventaire_Languedoc.xml
JJ162;110;3376;90v;Paris_AN_JJ_inventaire_Languedoc.xml
JJ162;117;3377;94;Paris_AN_JJ_inventaire_Languedoc.xml
JJ162;198;3378;154;Paris_AN_JJ_inventaire_Languedoc.xml
JJ162;216;3379;182;Paris_AN_JJ_inventaire_Languedoc.xml
JJ162;218;3380;184;Paris_AN_JJ_inventaire_Languedoc.xml
JJ162;233;3381;192v;Paris_AN_JJ_inventaire_Languedoc.xml
JJ162;255;3382;205;Paris_AN_JJ_inventaire_Languedoc.xml
;256;3383;205v;Paris_AN_JJ_inventaire_Languedoc.xml
JJ162;260;3384;208;Paris_AN_JJ_inventaire_Languedoc.xml
JJ162;261;3385;208v;Paris_AN_JJ_inventaire_Languedoc.xml
JJ162;262;3386;208v;Paris_AN_JJ_inventaire_Languedoc.xml
JJ162;284;3387;217;Paris_AN_JJ_inventaire_Languedoc.xml
JJ162;285;3388;218;Paris_AN_JJ_inventaire_Languedoc.xml
JJ162;288;3389;220-223;Paris_AN_JJ_inventaire_Languedoc.xml
JJ162;289;3390;224;Paris_AN_JJ_inventaire_Languedoc.xml
JJ162;290;3391;225v;Paris_AN_JJ_inventaire_Languedoc.xml
JJ162;293;3392;227;Paris_AN_JJ_inventaire_Languedoc.xml
JJ162;306;3393;235v;Paris_AN_JJ_inventaire_Languedoc.xml
JJ162;309;3394;237;Paris_AN_JJ_inventaire_Languedoc.xml
JJ162;316;3395;241v;Paris_AN_JJ_inventaire_Languedoc.xml
JJ162;323;3396;249à251v;Paris_AN_JJ_inventaire_Languedoc.xml
JJ162;339;3397;262;Paris_AN_JJ_inventaire_Languedoc.xml
JJ162;352;3398;269;Paris_AN_JJ_inventaire_Languedoc.xml
JJ162;353;3399;270;Paris_AN_JJ_inventaire_Languedoc.xml
JJ162;369;3400;278;Paris_AN_JJ_inventaire_Languedoc.xml
JJ162;374;3401;282;Paris_AN_JJ_inventaire_Languedoc.xml
JJ162;375;3402;282v;Paris_AN_JJ_inventaire_Languedoc.xml
JJ162;376;3403;282v;Paris_AN_JJ_inventaire_Languedoc.xml
JJ162;377;3404;282v;Paris_AN_JJ_inventaire_Languedoc.xml
JJ162;395;3405;292v;Paris_AN_JJ_inventaire_Languedoc.xml
JJ163;12;3406;4v;Paris_AN_JJ_inventaire_Languedoc.xml
JJ163;27;3407;10v;Paris_AN_JJ_inventaire_Languedoc.xml
JJ163;70;3408;32;Paris_AN_JJ_inventaire_Languedoc.xml
JJ163;76;3409;34v;Paris_AN_JJ_inventaire_Languedoc.xml
JJ163;95;3410;49;Paris_AN_JJ_inventaire_Languedoc.xml
JJ163;116;3411;63;Paris_AN_JJ_inventaire_Languedoc.xml
JJ163;142;3412;80;Paris_AN_JJ_inventaire_Languedoc.xml
JJ163;160;3413;89;Paris_AN_JJ_inventaire_Languedoc.xml
JJ163;164;3414;95;Paris_AN_JJ_inventaire_Languedoc.xml
JJ163;228;3415;129;Paris_AN_JJ_inventaire_Languedoc.xml
JJ163;229;3416;130;Paris_AN_JJ_inventaire_Languedoc.xml
JJ163;301;3417;172v;Paris_AN_JJ_inventaire_Languedoc.xml
JJ163;303;3418;174;Paris_AN_JJ_inventaire_Languedoc.xml
JJ163;372;3419;207;Paris_AN_JJ_inventaire_Languedoc.xml
JJ163;382;3420;213;Paris_AN_JJ_inventaire_Languedoc.xml
JJ163;384;3421;214;Paris_AN_JJ_inventaire_Languedoc.xml
JJ163;397;3422;222;Paris_AN_JJ_inventaire_Languedoc.xml
JJ163;399;3423;223;Paris_AN_JJ_inventaire_Languedoc.xml
JJ163;400;3424;223v;Paris_AN_JJ_inventaire_Languedoc.xml
JJ163;404;3425;228;Paris_AN_JJ_inventaire_Languedoc.xml
JJ163;437;3426;248;Paris_AN_JJ_inventaire_Languedoc.xml
JJ163;439;3427;249;Paris_AN_JJ_inventaire_Languedoc.xml
JJ163;442;3428;250v;Paris_AN_JJ_inventaire_Languedoc.xml
JJ163;447;3429;252;Paris_AN_JJ_inventaire_Languedoc.xml
JJ163;448;3430;253;Paris_AN_JJ_inventaire_Languedoc.xml
JJ163;462;3431;258v;Paris_AN_JJ_inventaire_Languedoc.xml
JJ164;53;3432;32v;Paris_AN_JJ_inventaire_Languedoc.xml
JJ164;73;3433;42v;Paris_AN_JJ_inventaire_Languedoc.xml
JJ164;97;3434;59;Paris_AN_JJ_inventaire_Languedoc.xml
JJ164;101;3435;61;Paris_AN_JJ_inventaire_Languedoc.xml
JJ164;125;3436;72v;Paris_AN_JJ_inventaire_Languedoc.xml
JJ164;162;3437;91;Paris_AN_JJ_inventaire_Languedoc.xml
JJ164;178;3438;99;Paris_AN_JJ_inventaire_Languedoc.xml
JJ164;377;3439;201;Paris_AN_JJ_inventaire_Languedoc.xml
JJ164;378;3440;201v;Paris_AN_JJ_inventaire_Languedoc.xml
JJ164;382;3441;203v;Paris_AN_JJ_inventaire_Languedoc.xml
JJ165;17;3442;14;Paris_AN_JJ_inventaire_Languedoc.xml
JJ165;18;3443;15;Paris_AN_JJ_inventaire_Languedoc.xml
JJ165;27;3444;20;Paris_AN_JJ_inventaire_Languedoc.xml
JJ165;60;3445;39;Paris_AN_JJ_inventaire_Languedoc.xml
JJ165;119;3446;74;Paris_AN_JJ_inventaire_Languedoc.xml
JJ165;125;3447;77v;Paris_AN_JJ_inventaire_Languedoc.xml
JJ165;152;3448;95;Paris_AN_JJ_inventaire_Languedoc.xml
JJ165;207;3449;122v;Paris_AN_JJ_inventaire_Languedoc.xml
JJ165;211;3450;125;Paris_AN_JJ_inventaire_Languedoc.xml
JJ165;219;3451;130;Paris_AN_JJ_inventaire_Languedoc.xml
JJ165;251;3452;147v;Paris_AN_JJ_inventaire_Languedoc.xml
JJ165;264;3453;155và158v;Paris_AN_JJ_inventaire_Languedoc.xml
JJ165;267;3454;160;Paris_AN_JJ_inventaire_Languedoc.xml
JJ165;273;3455;163v;Paris_AN_JJ_inventaire_Languedoc.xml
JJ165;290;3456;175;Paris_AN_JJ_inventaire_Languedoc.xml
JJ165;361;3457;215à218;Paris_AN_JJ_inventaire_Languedoc.xml
JJ165;386;3458;230v;Paris_AN_JJ_inventaire_Languedoc.xml
JJ165;390;3459;232v;Paris_AN_JJ_inventaire_Languedoc.xml
JJ165;406;3460;241v;Paris_AN_JJ_inventaire_Languedoc.xml
JJ165;423;3461;250v;Paris_AN_JJ_inventaire_Languedoc.xml
JJ166;154;3462;103à105;Paris_AN_JJ_inventaire_Languedoc.xml
JJ166;176;3463;117;Paris_AN_JJ_inventaire_Languedoc.xml
JJ166;185;3464;120v;Paris_AN_JJ_inventaire_Languedoc.xml
JJ166;218;3465;143v;Paris_AN_JJ_inventaire_Languedoc.xml
JJ166;244;3466;161;Paris_AN_JJ_inventaire_Languedoc.xml
JJ166;249;3467;164;Paris_AN_JJ_inventaire_Languedoc.xml
JJ166;302;3468;206;Paris_AN_JJ_inventaire_Languedoc.xml
JJ166;304;3469;207;Paris_AN_JJ_inventaire_Languedoc.xml
JJ166;315;3470;212;Paris_AN_JJ_inventaire_Languedoc.xml
JJ166;316;3471;212v;Paris_AN_JJ_inventaire_Languedoc.xml
JJ166;320;3472;215;Paris_AN_JJ_inventaire_Languedoc.xml
JJ166;341;3473;226v;Paris_AN_JJ_inventaire_Languedoc.xml
JJ166;344;3474;227v;Paris_AN_JJ_inventaire_Languedoc.xml
JJ166;351;3475;232v;Paris_AN_JJ_inventaire_Languedoc.xml
JJ166;358;3476;237;Paris_AN_JJ_inventaire_Languedoc.xml
JJ166;365;3477;242v;Paris_AN_JJ_inventaire_Languedoc.xml
JJ166;387;3478;255;Paris_AN_JJ_inventaire_Languedoc.xml
JJ166;421;3479;262;Paris_AN_JJ_inventaire_Languedoc.xml
JJ166;423;3480;263;Paris_AN_JJ_inventaire_Languedoc.xml
JJ166;424;3481;263v;Paris_AN_JJ_inventaire_Languedoc.xml
JJ166;434;3482;270v;Paris_AN_JJ_inventaire_Languedoc.xml
JJ166;450;3483;281v;Paris_AN_JJ_inventaire_Languedoc.xml
JJ167;20;3484;29;Paris_AN_JJ_inventaire_Languedoc.xml
JJ167;24;3485;44;Paris_AN_JJ_inventaire_Languedoc.xml
JJ167;28;3486;51;Paris_AN_JJ_inventaire_Languedoc.xml
JJ167;32;3487;57;Paris_AN_JJ_inventaire_Languedoc.xml
JJ167;38;3488;61;Paris_AN_JJ_inventaire_Languedoc.xml
JJ167;49;3489;79;Paris_AN_JJ_inventaire_Languedoc.xml
JJ167;52;3490;83;Paris_AN_JJ_inventaire_Languedoc.xml
JJ167;60;3491;93;Paris_AN_JJ_inventaire_Languedoc.xml
JJ167;75;3492;110-112;Paris_AN_JJ_inventaire_Languedoc.xml
JJ167;77;3493;113;Paris_AN_JJ_inventaire_Languedoc.xml
JJ167;105;3494;156;Paris_AN_JJ_inventaire_Languedoc.xml
JJ167;106;3495;157;Paris_AN_JJ_inventaire_Languedoc.xml
JJ167;119;3496;174;Paris_AN_JJ_inventaire_Languedoc.xml
JJ167;120;3497;175;Paris_AN_JJ_inventaire_Languedoc.xml
JJ167;121;3498;176;Paris_AN_JJ_inventaire_Languedoc.xml
JJ167;122;3499;176;Paris_AN_JJ_inventaire_Languedoc.xml
JJ167;165;3500;251;Paris_AN_JJ_inventaire_Languedoc.xml
JJ167;175;3501;265;Paris_AN_JJ_inventaire_Languedoc.xml
JJ167;184;3502;230;Paris_AN_JJ_inventaire_Languedoc.xml
JJ167;185;3503;231;Paris_AN_JJ_inventaire_Languedoc.xml
JJ167;186;3504;231;Paris_AN_JJ_inventaire_Languedoc.xml
JJ167;215;3505;332;Paris_AN_JJ_inventaire_Languedoc.xml
JJ167;216;3506;333;Paris_AN_JJ_inventaire_Languedoc.xml
JJ167;222;3507;240;Paris_AN_JJ_inventaire_Languedoc.xml
JJ167;223;3508;341;Paris_AN_JJ_inventaire_Languedoc.xml
JJ167;224;3509;341;Paris_AN_JJ_inventaire_Languedoc.xml
JJ167;278;3510;411;Paris_AN_JJ_inventaire_Languedoc.xml
JJ167;279;3511;412;Paris_AN_JJ_inventaire_Languedoc.xml
JJ167;280;3512;412;Paris_AN_JJ_inventaire_Languedoc.xml
JJ167;281;3513;412;Paris_AN_JJ_inventaire_Languedoc.xml
JJ167;355;3514;508;Paris_AN_JJ_inventaire_Languedoc.xml
JJ167;372;3515;529;Paris_AN_JJ_inventaire_Languedoc.xml
JJ167;382;3516;517;Paris_AN_JJ_inventaire_Languedoc.xml
JJ167;384;3517;550;Paris_AN_JJ_inventaire_Languedoc.xml
JJ167;422;3518;587;Paris_AN_JJ_inventaire_Languedoc.xml
JJ167;461;3519;626;Paris_AN_JJ_inventaire_Languedoc.xml
JJ168;22;3520;17;Paris_AN_JJ_inventaire_Languedoc.xml
JJ168;36;3521;29;Paris_AN_JJ_inventaire_Languedoc.xml
JJ168;92;3522;70v;Paris_AN_JJ_inventaire_Languedoc.xml
JJ168;93;3523;71;Paris_AN_JJ_inventaire_Languedoc.xml
JJ168;94;3524;71v;Paris_AN_JJ_inventaire_Languedoc.xml
JJ168;95;3525;71v;Paris_AN_JJ_inventaire_Languedoc.xml
JJ168;102;3526;75;Paris_AN_JJ_inventaire_Languedoc.xml
JJ168;105;3527;77;Paris_AN_JJ_inventaire_Languedoc.xml
JJ168;111;3528;80v;Paris_AN_JJ_inventaire_Languedoc.xml
JJ168;167;3529;115v;Paris_AN_JJ_inventaire_Languedoc.xml
JJ168;183;3530;128;Paris_AN_JJ_inventaire_Languedoc.xml
JJ168;193;3531;133;Paris_AN_JJ_inventaire_Languedoc.xml
JJ168;194;3532;134à136v;Paris_AN_JJ_inventaire_Languedoc.xml
JJ168;204;3533;142v;Paris_AN_JJ_inventaire_Languedoc.xml
JJ168;205;3534;143v;Paris_AN_JJ_inventaire_Languedoc.xml
JJ168;206;3535;144;Paris_AN_JJ_inventaire_Languedoc.xml
JJ168;207;3536;144v;Paris_AN_JJ_inventaire_Languedoc.xml
JJ168;208;3537;145;Paris_AN_JJ_inventaire_Languedoc.xml
JJ168;209;3538;145;Paris_AN_JJ_inventaire_Languedoc.xml
JJ168;210;3539;145;Paris_AN_JJ_inventaire_Languedoc.xml
JJ168;211;3540;145;Paris_AN_JJ_inventaire_Languedoc.xml
JJ168;212;3541;145;Paris_AN_JJ_inventaire_Languedoc.xml
JJ168;213;3542;145v;Paris_AN_JJ_inventaire_Languedoc.xml
JJ168;214;3543;145v;Paris_AN_JJ_inventaire_Languedoc.xml
JJ168;215;3544;145v;Paris_AN_JJ_inventaire_Languedoc.xml
JJ168;216;3545;146;Paris_AN_JJ_inventaire_Languedoc.xml
JJ168;217;3546;146;Paris_AN_JJ_inventaire_Languedoc.xml
JJ168;218;3547;146;Paris_AN_JJ_inventaire_Languedoc.xml
JJ168;219;3548;146v;Paris_AN_JJ_inventaire_Languedoc.xml
JJ168;220;3549;146v;Paris_AN_JJ_inventaire_Languedoc.xml
JJ168;221;3550;146v;Paris_AN_JJ_inventaire_Languedoc.xml
JJ168;222;3551;147;Paris_AN_JJ_inventaire_Languedoc.xml
JJ168;223;3552;147;Paris_AN_JJ_inventaire_Languedoc.xml
JJ168;224;3553;147;Paris_AN_JJ_inventaire_Languedoc.xml
JJ168;225;3554;147;Paris_AN_JJ_inventaire_Languedoc.xml
JJ168;226;3555;147v;Paris_AN_JJ_inventaire_Languedoc.xml
JJ168;227;3556;147v;Paris_AN_JJ_inventaire_Languedoc.xml
JJ168;228;3557;147v;Paris_AN_JJ_inventaire_Languedoc.xml
JJ168;228bis;3558;148;Paris_AN_JJ_inventaire_Languedoc.xml
JJ168;229;3559;148;Paris_AN_JJ_inventaire_Languedoc.xml
JJ168;230;3560;148;Paris_AN_JJ_inventaire_Languedoc.xml
JJ168;246;3561;159;Paris_AN_JJ_inventaire_Languedoc.xml
JJ168;250;3562;162v;Paris_AN_JJ_inventaire_Languedoc.xml
JJ168;251;3563;163v;Paris_AN_JJ_inventaire_Languedoc.xml
JJ168;273;3564;178;Paris_AN_JJ_inventaire_Languedoc.xml
JJ168;299;3565;195v;Paris_AN_JJ_inventaire_Languedoc.xml
JJ168;323;3566;210v;Paris_AN_JJ_inventaire_Languedoc.xml
JJ168;324;3567;212;Paris_AN_JJ_inventaire_Languedoc.xml
JJ168;350;3568;234v;Paris_AN_JJ_inventaire_Languedoc.xml
JJ168;375;3569;250;Paris_AN_JJ_inventaire_Languedoc.xml
JJ169;19;3570;11v;Paris_AN_JJ_inventaire_Languedoc.xml
JJ169;20;3571;12;Paris_AN_JJ_inventaire_Languedoc.xml
JJ169;32;3572;20v;Paris_AN_JJ_inventaire_Languedoc.xml
JJ169;62;3573;45;Paris_AN_JJ_inventaire_Languedoc.xml
JJ169;67;3574;48;Paris_AN_JJ_inventaire_Languedoc.xml
JJ169;77;3575;56;Paris_AN_JJ_inventaire_Languedoc.xml
JJ169;163;3576;117;Paris_AN_JJ_inventaire_Languedoc.xml
JJ169;190;3577;135v;Paris_AN_JJ_inventaire_Languedoc.xml
JJ169;219;3578;156v;Paris_AN_JJ_inventaire_Languedoc.xml
JJ169;226;3579;161;Paris_AN_JJ_inventaire_Languedoc.xml
JJ169;237;3580;169;Paris_AN_JJ_inventaire_Languedoc.xml
JJ169;251;3581;181;Paris_AN_JJ_inventaire_Languedoc.xml
JJ169;259;3582;187;Paris_AN_JJ_inventaire_Languedoc.xml
JJ169;260;3583;187v;Paris_AN_JJ_inventaire_Languedoc.xml
JJ169;261;3584;187v;Paris_AN_JJ_inventaire_Languedoc.xml
JJ169;262;3585;188;Paris_AN_JJ_inventaire_Languedoc.xml
JJ169;263;3586;188v;Paris_AN_JJ_inventaire_Languedoc.xml
JJ169;264;3587;189;Paris_AN_JJ_inventaire_Languedoc.xml
JJ169;265;3588;189v;Paris_AN_JJ_inventaire_Languedoc.xml
JJ169;266;3589;189v;Paris_AN_JJ_inventaire_Languedoc.xml
JJ169;267;3590;189v;Paris_AN_JJ_inventaire_Languedoc.xml
JJ169;296;3591;208;Paris_AN_JJ_inventaire_Languedoc.xml
JJ169;327;3592;225;Paris_AN_JJ_inventaire_Languedoc.xml
JJ169;377;3593;252v;Paris_AN_JJ_inventaire_Languedoc.xml
JJ169;392;3594;261;Paris_AN_JJ_inventaire_Languedoc.xml
JJ169;396;3595;264;Paris_AN_JJ_inventaire_Languedoc.xml
JJ169;400;3596;266v;Paris_AN_JJ_inventaire_Languedoc.xml
JJ169;410;3597;273;Paris_AN_JJ_inventaire_Languedoc.xml
JJ169;450;3598;302v;Paris_AN_JJ_inventaire_Languedoc.xml
JJ169;482;3599;327v;Paris_AN_JJ_inventaire_Languedoc.xml
JJ170;21;3600;61;Paris_AN_JJ_inventaire_Languedoc.xml
JJ170;25;3601;63;Paris_AN_JJ_inventaire_Languedoc.xml
JJ170;27;3602;64;Paris_AN_JJ_inventaire_Languedoc.xml
JJ170;28;3603;65;Paris_AN_JJ_inventaire_Languedoc.xml
JJ170;32;3604;67v;Paris_AN_JJ_inventaire_Languedoc.xml
JJ170;38;3605;70v;Paris_AN_JJ_inventaire_Languedoc.xml
JJ170;53;3606;80;Paris_AN_JJ_inventaire_Languedoc.xml
JJ170;89;3607;117;Paris_AN_JJ_inventaire_Languedoc.xml
JJ170;104;3608;120v;Paris_AN_JJ_inventaire_Languedoc.xml
JJ170;109;3609;124v;Paris_AN_JJ_inventaire_Languedoc.xml
JJ170;182;3610;172v;Paris_AN_JJ_inventaire_Languedoc.xml
JJ170;230;3611;200v;Paris_AN_JJ_inventaire_Languedoc.xml
JJ170;232;3612;201;Paris_AN_JJ_inventaire_Languedoc.xml
JJ170;233;3613;202v;Paris_AN_JJ_inventaire_Languedoc.xml
JJ170;235;3614;203v;Paris_AN_JJ_inventaire_Languedoc.xml
JJ170;270;3615;229v;Paris_AN_JJ_inventaire_Languedoc.xml
JJ170;289;3616;241;Paris_AN_JJ_inventaire_Languedoc.xml
JJ171;32;3617;20v;Paris_AN_JJ_inventaire_Languedoc.xml
JJ171;307;3618;181;Paris_AN_JJ_inventaire_Languedoc.xml
JJ176;4;3619;2v;Paris_AN_JJ_inventaire_Languedoc.xml
JJ176;12;3620;8v;Paris_AN_JJ_inventaire_Languedoc.xml
JJ176;33;3621;24;Paris_AN_JJ_inventaire_Languedoc.xml
JJ176;60;3622;41;Paris_AN_JJ_inventaire_Languedoc.xml
JJ176;68;3623;44;Paris_AN_JJ_inventaire_Languedoc.xml
JJ176;110;3624;65;Paris_AN_JJ_inventaire_Languedoc.xml
JJ176;153;3625;97v;Paris_AN_JJ_inventaire_Languedoc.xml
JJ176;155;3626;101;Paris_AN_JJ_inventaire_Languedoc.xml
JJ176;157;3627;104v;Paris_AN_JJ_inventaire_Languedoc.xml
JJ176;158;3628;106;Paris_AN_JJ_inventaire_Languedoc.xml
JJ176;159;3629;107;Paris_AN_JJ_inventaire_Languedoc.xml
JJ176;162;3630;109v;Paris_AN_JJ_inventaire_Languedoc.xml
JJ176;163;3631;110;Paris_AN_JJ_inventaire_Languedoc.xml
JJ176;166;3632;111;Paris_AN_JJ_inventaire_Languedoc.xml
JJ176;169;3633;113v;Paris_AN_JJ_inventaire_Languedoc.xml
JJ176;175;3634;119;Paris_AN_JJ_inventaire_Languedoc.xml
JJ176;177;3635;120v;Paris_AN_JJ_inventaire_Languedoc.xml
JJ176;179;3636;122;Paris_AN_JJ_inventaire_Languedoc.xml
JJ176;181;3637;123;Paris_AN_JJ_inventaire_Languedoc.xml
JJ176;182;3638;123và126;Paris_AN_JJ_inventaire_Languedoc.xml
JJ176;185;3639;128;Paris_AN_JJ_inventaire_Languedoc.xml
JJ176;187;3640;129v;Paris_AN_JJ_inventaire_Languedoc.xml
JJ176;190;3641;181;Paris_AN_JJ_inventaire_Languedoc.xml
JJ176;193;3642;132v;Paris_AN_JJ_inventaire_Languedoc.xml
JJ176;194;3643;133;Paris_AN_JJ_inventaire_Languedoc.xml
JJ176;195;3644;133v;Paris_AN_JJ_inventaire_Languedoc.xml
JJ176;205;3645;143;Paris_AN_JJ_inventaire_Languedoc.xml
JJ176;217;3646;163v;Paris_AN_JJ_inventaire_Languedoc.xml
JJ176;220;3647;168;Paris_AN_JJ_inventaire_Languedoc.xml
JJ176;375;3648;166v;Paris_AN_JJ_inventaire_Languedoc.xml
JJ176;378;3649;267v;Paris_AN_JJ_inventaire_Languedoc.xml
JJ176;379;3650;268;Paris_AN_JJ_inventaire_Languedoc.xml
JJ176;415;3651;280v;Paris_AN_JJ_inventaire_Languedoc.xml
JJ176;416;3652;281v;Paris_AN_JJ_inventaire_Languedoc.xml
JJ176;419;3653;282;Paris_AN_JJ_inventaire_Languedoc.xml
JJ176;422;3654;283;Paris_AN_JJ_inventaire_Languedoc.xml
JJ176;423;3655;283;Paris_AN_JJ_inventaire_Languedoc.xml
JJ176;424;3656;283v;Paris_AN_JJ_inventaire_Languedoc.xml
JJ176;425;3657;283v;Paris_AN_JJ_inventaire_Languedoc.xml
JJ177;15;3658;8;Paris_AN_JJ_inventaire_Languedoc.xml
JJ177;33;3659;17v;Paris_AN_JJ_inventaire_Languedoc.xml
JJ177;62;3660;35v;Paris_AN_JJ_inventaire_Languedoc.xml
JJ177;80;3661;44;Paris_AN_JJ_inventaire_Languedoc.xml
JJ177;81;3662;44v;Paris_AN_JJ_inventaire_Languedoc.xml
JJ177;82;3663;45;Paris_AN_JJ_inventaire_Languedoc.xml
JJ177;92;3664;50v;Paris_AN_JJ_inventaire_Languedoc.xml
JJ177;99;3665;55v;Paris_AN_JJ_inventaire_Languedoc.xml
JJ177;105;3666;59v;Paris_AN_JJ_inventaire_Languedoc.xml
JJ177;108;3667;63;Paris_AN_JJ_inventaire_Languedoc.xml
JJ177;121;3668;70v;Paris_AN_JJ_inventaire_Languedoc.xml
JJ177;140;3669;93;Paris_AN_JJ_inventaire_Languedoc.xml
JJ177;148;3670;97v;Paris_AN_JJ_inventaire_Languedoc.xml
JJ177;150;3671;98v;Paris_AN_JJ_inventaire_Languedoc.xml
JJ177;151;3672;99-103v;Paris_AN_JJ_inventaire_Languedoc.xml
JJ177;155;3673;105;Paris_AN_JJ_inventaire_Languedoc.xml
JJ177;163;3674;109v;Paris_AN_JJ_inventaire_Languedoc.xml
JJ177;166;3675;111;Paris_AN_JJ_inventaire_Languedoc.xml
JJ177;172;3676;114v;Paris_AN_JJ_inventaire_Languedoc.xml
JJ177;195;3677;132;Paris_AN_JJ_inventaire_Languedoc.xml
JJ177;197;3678;133;Paris_AN_JJ_inventaire_Languedoc.xml
JJ177;201;3679;135;Paris_AN_JJ_inventaire_Languedoc.xml
JJ177;228;3680;150v;Paris_AN_JJ_inventaire_Languedoc.xml
JJ178;29;3681;21;Paris_AN_JJ_inventaire_Languedoc.xml
JJ178;73;3682;45;Paris_AN_JJ_inventaire_Languedoc.xml
JJ178;75;3683;46v;Paris_AN_JJ_inventaire_Languedoc.xml
JJ178;84;3684;51;Paris_AN_JJ_inventaire_Languedoc.xml
JJ178;87;3685;53;Paris_AN_JJ_inventaire_Languedoc.xml
JJ178;103;3686;67v;Paris_AN_JJ_inventaire_Languedoc.xml
JJ178;121;3687;77;Paris_AN_JJ_inventaire_Languedoc.xml
JJ178;142;3688;86v;Paris_AN_JJ_inventaire_Languedoc.xml
JJ178;146;3689;88;Paris_AN_JJ_inventaire_Languedoc.xml
JJ178;181;3690;104v;Paris_AN_JJ_inventaire_Languedoc.xml
JJ178;186;3691;109;Paris_AN_JJ_inventaire_Languedoc.xml
JJ178;200;3692;115;Paris_AN_JJ_inventaire_Languedoc.xml
JJ178;245;3693;139;Paris_AN_JJ_inventaire_Languedoc.xml
JJ178;257;3694;145v;Paris_AN_JJ_inventaire_Languedoc.xml
JJ179;11;3695;6;Paris_AN_JJ_inventaire_Languedoc.xml
JJ179;15;3696;8v;Paris_AN_JJ_inventaire_Languedoc.xml
JJ179;18;3697;10;Paris_AN_JJ_inventaire_Languedoc.xml
JJ179;32;3698;14;Paris_AN_JJ_inventaire_Languedoc.xml
JJ179;55;3699;28;Paris_AN_JJ_inventaire_Languedoc.xml
JJ179;70;3700;37;Paris_AN_JJ_inventaire_Languedoc.xml
JJ179;75;3701;41;Paris_AN_JJ_inventaire_Languedoc.xml
JJ179;112;3702;59v;Paris_AN_JJ_inventaire_Languedoc.xml
JJ179;123;3703;65;Paris_AN_JJ_inventaire_Languedoc.xml
JJ179;134;3704;70v;Paris_AN_JJ_inventaire_Languedoc.xml
JJ179;142;3705;75v;Paris_AN_JJ_inventaire_Languedoc.xml
JJ179;151;3706;82;Paris_AN_JJ_inventaire_Languedoc.xml
JJ179;153;3707;83v;Paris_AN_JJ_inventaire_Languedoc.xml
JJ179;158;3708;87;Paris_AN_JJ_inventaire_Languedoc.xml
JJ179;161;3709;89;Paris_AN_JJ_inventaire_Languedoc.xml
JJ179;169;3710;94;Paris_AN_JJ_inventaire_Languedoc.xml
JJ179;178;3711;99;Paris_AN_JJ_inventaire_Languedoc.xml
JJ179;179;3712;99v;Paris_AN_JJ_inventaire_Languedoc.xml
JJ179;187;3713;104v;Paris_AN_JJ_inventaire_Languedoc.xml
JJ179;194;3714;108v;Paris_AN_JJ_inventaire_Languedoc.xml
JJ179;195;3715;109v;Paris_AN_JJ_inventaire_Languedoc.xml
JJ179;208;3716;118;Paris_AN_JJ_inventaire_Languedoc.xml
JJ179;210;3717;119;Paris_AN_JJ_inventaire_Languedoc.xml
JJ179;218;3718;123;Paris_AN_JJ_inventaire_Languedoc.xml
JJ179;260;3719;150v;Paris_AN_JJ_inventaire_Languedoc.xml
JJ179;274;3720;158v;Paris_AN_JJ_inventaire_Languedoc.xml
JJ179;299;3721;171;Paris_AN_JJ_inventaire_Languedoc.xml
JJ179;301;3722;172;Paris_AN_JJ_inventaire_Languedoc.xml
JJ179;308;3723;176;Paris_AN_JJ_inventaire_Languedoc.xml
JJ179;313;3724;178v;Paris_AN_JJ_inventaire_Languedoc.xml
JJ179;321;3725;183;Paris_AN_JJ_inventaire_Languedoc.xml
JJ179;337;3726;191v;Paris_AN_JJ_inventaire_Languedoc.xml
JJ179;342;3727;193v;Paris_AN_JJ_inventaire_Languedoc.xml
JJ179;348;3728;195v;Paris_AN_JJ_inventaire_Languedoc.xml
JJ179;363;3729;204;Paris_AN_JJ_inventaire_Languedoc.xml
JJ180;47;3730;20v;Paris_AN_JJ_inventaire_Languedoc.xml
JJ180;49;3731;21v;Paris_AN_JJ_inventaire_Languedoc.xml
JJ180;63;3732;28;Paris_AN_JJ_inventaire_Languedoc.xml
JJ180;66;3733;29v;Paris_AN_JJ_inventaire_Languedoc.xml
JJ180;72;3734;32v;Paris_AN_JJ_inventaire_Languedoc.xml
JJ180;131;3735;60;Paris_AN_JJ_inventaire_Languedoc.xml
JJ180;154;3736;72;Paris_AN_JJ_inventaire_Languedoc.xml
JJ181;10;3737;6;Paris_AN_JJ_inventaire_Languedoc.xml
JJ181;18;3738;9v;Paris_AN_JJ_inventaire_Languedoc.xml
JJ181;20;3739;10v;Paris_AN_JJ_inventaire_Languedoc.xml
JJ181;31;3740;16v;Paris_AN_JJ_inventaire_Languedoc.xml
JJ181;61;3741;31v;Paris_AN_JJ_inventaire_Languedoc.xml
JJ181;78;3742;41;Paris_AN_JJ_inventaire_Languedoc.xml
JJ181;94;3743;51v;Paris_AN_JJ_inventaire_Languedoc.xml
JJ181;95;3744;52;Paris_AN_JJ_inventaire_Languedoc.xml
JJ181;99;3745;54v;Paris_AN_JJ_inventaire_Languedoc.xml
JJ181;108;3746;60v;Paris_AN_JJ_inventaire_Languedoc.xml
JJ181;112;3747;62;Paris_AN_JJ_inventaire_Languedoc.xml
JJ181;125;3748;68v;Paris_AN_JJ_inventaire_Languedoc.xml
JJ181;130;3749;71;Paris_AN_JJ_inventaire_Languedoc.xml
JJ181;148;3750;84v;Paris_AN_JJ_inventaire_Languedoc.xml
JJ181;161;3751;101;Paris_AN_JJ_inventaire_Languedoc.xml
JJ181;183;3752;183v;Paris_AN_JJ_inventaire_Languedoc.xml
JJ181;189;3753;117;Paris_AN_JJ_inventaire_Languedoc.xml
JJ181;201;3754;124v;Paris_AN_JJ_inventaire_Languedoc.xml
JJ181;204;3755;126;Paris_AN_JJ_inventaire_Languedoc.xml
JJ181;210;3756;130v;Paris_AN_JJ_inventaire_Languedoc.xml
JJ181;224;3757;139;Paris_AN_JJ_inventaire_Languedoc.xml
JJ181;266;3758;163v;Paris_AN_JJ_inventaire_Languedoc.xml
JJ181;276;3759;170v;Paris_AN_JJ_inventaire_Languedoc.xml
JJ182;49;3760;30;Paris_AN_JJ_inventaire_Languedoc.xml
JJ182;56;3761;34;Paris_AN_JJ_inventaire_Languedoc.xml
JJ182;63;3762;38;Paris_AN_JJ_inventaire_Languedoc.xml
JJ182;95;3763;56;Paris_AN_JJ_inventaire_Languedoc.xml
JJ182;120;3764;66v;Paris_AN_JJ_inventaire_Languedoc.xml
JJ182;130;3765;71;Paris_AN_JJ_inventaire_Languedoc.xml
JJ182;145;3766;80;Paris_AN_JJ_inventaire_Languedoc.xml
JJ182;154;3767;86;Paris_AN_JJ_inventaire_Languedoc.xml
JJ184;18;3768;11;Paris_AN_JJ_inventaire_Languedoc.xml
JJ184;326;3769;232;Paris_AN_JJ_inventaire_Languedoc.xml
JJ184;582;3770;391;Paris_AN_JJ_inventaire_Languedoc.xml
JJ184;585;3771;394;Paris_AN_JJ_inventaire_Languedoc.xml
JJ184;586;3772;395;Paris_AN_JJ_inventaire_Languedoc.xml
JJ184;587;3773;396v;Paris_AN_JJ_inventaire_Languedoc.xml
JJ184;591;3774;400;Paris_AN_JJ_inventaire_Languedoc.xml
JJ184;607;3775;411;Paris_AN_JJ_inventaire_Languedoc.xml
JJ184;612;3776;417;Paris_AN_JJ_inventaire_Languedoc.xml
JJ184;613;3777;419;Paris_AN_JJ_inventaire_Languedoc.xml
JJ185;3;3778;2;Paris_AN_JJ_inventaire_Languedoc.xml
JJ185;36;3779;30v;Paris_AN_JJ_inventaire_Languedoc.xml
JJ185;46;3780;37;Paris_AN_JJ_inventaire_Languedoc.xml
JJ185;48;3781;38v;Paris_AN_JJ_inventaire_Languedoc.xml
JJ185;58;3782;46v;Paris_AN_JJ_inventaire_Languedoc.xml
JJ185;66;3783;52v;Paris_AN_JJ_inventaire_Languedoc.xml
JJ185;84;3784;67v;Paris_AN_JJ_inventaire_Languedoc.xml
JJ185;102;3785;80;Paris_AN_JJ_inventaire_Languedoc.xml
JJ185;152;3786;115v;Paris_AN_JJ_inventaire_Languedoc.xml
JJ185;172;3787;131v;Paris_AN_JJ_inventaire_Languedoc.xml
JJ185;176;3788;134;Paris_AN_JJ_inventaire_Languedoc.xml
JJ185;177;3789;135;Paris_AN_JJ_inventaire_Languedoc.xml
JJ185;179;3790;136;Paris_AN_JJ_inventaire_Languedoc.xml
JJ185;229;3791;166;Paris_AN_JJ_inventaire_Languedoc.xml
JJ185;238;3792;171;Paris_AN_JJ_inventaire_Languedoc.xml
JJ185;246;3793;175v;Paris_AN_JJ_inventaire_Languedoc.xml
JJ185;308;3794;213;Paris_AN_JJ_inventaire_Languedoc.xml
JJ185;316;3795;217;Paris_AN_JJ_inventaire_Languedoc.xml
JJ185;319;3796;218;Paris_AN_JJ_inventaire_Languedoc.xml
JJ185;320;3797;218v;Paris_AN_JJ_inventaire_Languedoc.xml
JJ186;36;3798;20;Paris_AN_JJ_inventaire_Languedoc.xml
JJ186;39;3799;22v;Paris_AN_JJ_inventaire_Languedoc.xml
JJ186;40;3800;23;Paris_AN_JJ_inventaire_Languedoc.xml
JJ186;73;3801;45;Paris_AN_JJ_inventaire_Languedoc.xml
JJ186;77;3802;46;Paris_AN_JJ_inventaire_Languedoc.xml
JJ187;5;3803;4;Paris_AN_JJ_inventaire_Languedoc.xml
JJ187;27;3804;17;Paris_AN_JJ_inventaire_Languedoc.xml
JJ187;32;3805;19v;Paris_AN_JJ_inventaire_Languedoc.xml
JJ187;34;3806;20v;Paris_AN_JJ_inventaire_Languedoc.xml
JJ187;38;3807;21;Paris_AN_JJ_inventaire_Languedoc.xml
JJ187;42;3808;23;Paris_AN_JJ_inventaire_Languedoc.xml
JJ187;48;3809;26;Paris_AN_JJ_inventaire_Languedoc.xml
JJ187;49;3810;26;Paris_AN_JJ_inventaire_Languedoc.xml
JJ187;68;3811;36v;Paris_AN_JJ_inventaire_Languedoc.xml
JJ187;69;3812;37;Paris_AN_JJ_inventaire_Languedoc.xml
JJ187;88;3813;44v;Paris_AN_JJ_inventaire_Languedoc.xml
JJ187;91;3814;46;Paris_AN_JJ_inventaire_Languedoc.xml
JJ187;98;3815;48v;Paris_AN_JJ_inventaire_Languedoc.xml
JJ187;111;3816;56;Paris_AN_JJ_inventaire_Languedoc.xml
JJ187;120;3817;62v;Paris_AN_JJ_inventaire_Languedoc.xml
JJ187;128;3818;67;Paris_AN_JJ_inventaire_Languedoc.xml
JJ187;136;3819;70v;Paris_AN_JJ_inventaire_Languedoc.xml
JJ178;140;3820;72;Paris_AN_JJ_inventaire_Languedoc.xml
JJ187;145;3821;74v;Paris_AN_JJ_inventaire_Languedoc.xml
JJ187;165bis;3822;86;Paris_AN_JJ_inventaire_Languedoc.xml
JJ187;171;3823;88v;Paris_AN_JJ_inventaire_Languedoc.xml
JJ187;203;3824;108;Paris_AN_JJ_inventaire_Languedoc.xml
JJ187;210;3825;112;Paris_AN_JJ_inventaire_Languedoc.xml
JJ187;211;3826;112v;Paris_AN_JJ_inventaire_Languedoc.xml
JJ187;214;3827;114;Paris_AN_JJ_inventaire_Languedoc.xml
JJ187;223;3828;119;Paris_AN_JJ_inventaire_Languedoc.xml
JJ187;248;3829;132v;Paris_AN_JJ_inventaire_Languedoc.xml
JJ187;250;3830;134;Paris_AN_JJ_inventaire_Languedoc.xml
JJ187;266;3831;142v;Paris_AN_JJ_inventaire_Languedoc.xml
JJ187;275;3832;147v;Paris_AN_JJ_inventaire_Languedoc.xml
JJ187;278;3833;149;Paris_AN_JJ_inventaire_Languedoc.xml
JJ187;285;3834;152v;Paris_AN_JJ_inventaire_Languedoc.xml
JJ187;290;3835;155v;Paris_AN_JJ_inventaire_Languedoc.xml
JJ187;309;3836;169v;Paris_AN_JJ_inventaire_Languedoc.xml
JJ187;311;3837;170;Paris_AN_JJ_inventaire_Languedoc.xml
JJ187;328;3838;177;Paris_AN_JJ_inventaire_Languedoc.xml
JJ187;351;3839;188v;Paris_AN_JJ_inventaire_Languedoc.xml
JJ188;25;3840;14v;Paris_AN_JJ_inventaire_Languedoc.xml
JJ188;34;3841;19;Paris_AN_JJ_inventaire_Languedoc.xml
JJ188;36;3842;20;Paris_AN_JJ_inventaire_Languedoc.xml
JJ188;46;3843;24v;Paris_AN_JJ_inventaire_Languedoc.xml
JJ188;56;3844;28v;Paris_AN_JJ_inventaire_Languedoc.xml
JJ188;61;3845;31;Paris_AN_JJ_inventaire_Languedoc.xml
JJ188;73;3846;35v;Paris_AN_JJ_inventaire_Languedoc.xml
JJ188;77;3847;37;Paris_AN_JJ_inventaire_Languedoc.xml
JJ188;104;3848;52v;Paris_AN_JJ_inventaire_Languedoc.xml
JJ188;109;3849;54;Paris_AN_JJ_inventaire_Languedoc.xml
JJ188;110;3850;54;Paris_AN_JJ_inventaire_Languedoc.xml
JJ188;131;3851;64;Paris_AN_JJ_inventaire_Languedoc.xml
JJ188;176;3852;88;Paris_AN_JJ_inventaire_Languedoc.xml
JJ188;184;3853;92v;Paris_AN_JJ_inventaire_Languedoc.xml
JJ188;190;3854;95v;Paris_AN_JJ_inventaire_Languedoc.xml
JJ188;200;3855;100;Paris_AN_JJ_inventaire_Languedoc.xml
JJ188;213;3856;106;Paris_AN_JJ_inventaire_Languedoc.xml
JJ189;39;3857;23v;Paris_AN_JJ_inventaire_Languedoc.xml
JJ189;40;3858;23v;Paris_AN_JJ_inventaire_Languedoc.xml
JJ189;45;3859;25;Paris_AN_JJ_inventaire_Languedoc.xml
JJ189;53;3860;27v;Paris_AN_JJ_inventaire_Languedoc.xml
JJ189;79;3861;40;Paris_AN_JJ_inventaire_Languedoc.xml
JJ189;80;3862;40v;Paris_AN_JJ_inventaire_Languedoc.xml
JJ189;84;3863;43;Paris_AN_JJ_inventaire_Languedoc.xml
JJ189;94;3864;46;Paris_AN_JJ_inventaire_Languedoc.xml
JJ189;96;3865;47;Paris_AN_JJ_inventaire_Languedoc.xml
JJ189;100;3866;48v;Paris_AN_JJ_inventaire_Languedoc.xml
JJ189;106;3867;50;Paris_AN_JJ_inventaire_Languedoc.xml
JJ189;119;3868;55v;Paris_AN_JJ_inventaire_Languedoc.xml
JJ189;143;3869;66;Paris_AN_JJ_inventaire_Languedoc.xml
JJ189;155;3870;52;Paris_AN_JJ_inventaire_Languedoc.xml
JJ189;162;3871;75v;Paris_AN_JJ_inventaire_Languedoc.xml
JJ189;163;3872;76;Paris_AN_JJ_inventaire_Languedoc.xml
JJ190;14;3873;7v;Paris_AN_JJ_inventaire_Languedoc.xml
JJ190;37;3874;20;Paris_AN_JJ_inventaire_Languedoc.xml
JJ190;39;3875;21;Paris_AN_JJ_inventaire_Languedoc.xml
JJ190;61;3876;32;Paris_AN_JJ_inventaire_Languedoc.xml
JJ190;67;3877;36;Paris_AN_JJ_inventaire_Languedoc.xml
JJ190;80;3878;43v;Paris_AN_JJ_inventaire_Languedoc.xml
JJ190;90;3879;49;Paris_AN_JJ_inventaire_Languedoc.xml
JJ190;92;3880;49v;Paris_AN_JJ_inventaire_Languedoc.xml
JJ190;124;3881;66v;Paris_AN_JJ_inventaire_Languedoc.xml
JJ190;177;3882;94;Paris_AN_JJ_inventaire_Languedoc.xml
JJ190;180;3883;95;Paris_AN_JJ_inventaire_Languedoc.xml
JJ191;28;3884;12;Paris_AN_JJ_inventaire_Languedoc.xml
JJ191;34;3885;16;Paris_AN_JJ_inventaire_Languedoc.xml
JJ191;38;3886;18;Paris_AN_JJ_inventaire_Languedoc.xml
JJ191;39;3887;19;Paris_AN_JJ_inventaire_Languedoc.xml
JJ191;70;3888;37v;Paris_AN_JJ_inventaire_Languedoc.xml
JJ191;108;3889;57;Paris_AN_JJ_inventaire_Languedoc.xml
JJ191;143;3890;76v;Paris_AN_JJ_inventaire_Languedoc.xml
JJ191;153;3891;81v;Paris_AN_JJ_inventaire_Languedoc.xml
JJ191;159;3892;85v;Paris_AN_JJ_inventaire_Languedoc.xml
JJ191;164;3893;87v;Paris_AN_JJ_inventaire_Languedoc.xml
JJ191;185;3894;97v;Paris_AN_JJ_inventaire_Languedoc.xml
JJ191;211;3895;113;Paris_AN_JJ_inventaire_Languedoc.xml
JJ191;225;3896;119v;Paris_AN_JJ_inventaire_Languedoc.xml
JJ191;227;3897;121;Paris_AN_JJ_inventaire_Languedoc.xml
JJ191;229;3898;123v;Paris_AN_JJ_inventaire_Languedoc.xml
JJ191;234;3899;116;Paris_AN_JJ_inventaire_Languedoc.xml
JJ191;235;3900;126v;Paris_AN_JJ_inventaire_Languedoc.xml
JJ191;237;3901;128;Paris_AN_JJ_inventaire_Languedoc.xml
JJ191;247;3901;133v;Paris_AN_JJ_inventaire_Languedoc.xml
JJ191;242;3902;130;Paris_AN_JJ_inventaire_Languedoc.xml
JJ191;249;3903;134v;Paris_AN_JJ_inventaire_Languedoc.xml
JJ191;257;3904;138v;Paris_AN_JJ_inventaire_Languedoc.xml
JJ191;259;3905;139;Paris_AN_JJ_inventaire_Languedoc.xml
JJ192;26;3906;19;Paris_AN_JJ_inventaire_Languedoc.xml
JJ192;28;3907;20v;Paris_AN_JJ_inventaire_Languedoc.xml
JJ192;34;3908;25v;Paris_AN_JJ_inventaire_Languedoc.xml
JJ192;51;3909;36v;Paris_AN_JJ_inventaire_Languedoc.xml
JJ192;55;3910;39v;Paris_AN_JJ_inventaire_Languedoc.xml
JJ192;56;3911;40;Paris_AN_JJ_inventaire_Languedoc.xml
JJ192;80;3912;57;Paris_AN_JJ_inventaire_Languedoc.xml
JJ192;84;3913;59;Paris_AN_JJ_inventaire_Languedoc.xml
JJ192;88;3914;64;Paris_AN_JJ_inventaire_Languedoc.xml
JJ194;2;3915;1;Paris_AN_JJ_inventaire_Languedoc.xml
JJ194;8;3916;5v;Paris_AN_JJ_inventaire_Languedoc.xml
JJ194;27;3917;13v;Paris_AN_JJ_inventaire_Languedoc.xml
JJ194;39;3918;22;Paris_AN_JJ_inventaire_Languedoc.xml
JJ194;54;3919;30;Paris_AN_JJ_inventaire_Languedoc.xml
JJ194;109;3920;59v;Paris_AN_JJ_inventaire_Languedoc.xml
JJ194;195;3921;104;Paris_AN_JJ_inventaire_Languedoc.xml
JJ194;202;3922;108v;Paris_AN_JJ_inventaire_Languedoc.xml
JJ194;235;3923;130;Paris_AN_JJ_inventaire_Languedoc.xml
JJ194;269;3924;151;Paris_AN_JJ_inventaire_Languedoc.xml
JJ194;278;3925;156v;Paris_AN_JJ_inventaire_Languedoc.xml
JJ194;303;3926;172v;Paris_AN_JJ_inventaire_Languedoc.xml
JJ194;342;3927;192;Paris_AN_JJ_inventaire_Languedoc.xml
JJ195;151;3928;42v;Paris_AN_JJ_inventaire_Languedoc.xml
JJ195;226;3929;63;Paris_AN_JJ_inventaire_Languedoc.xml
JJ195;373;3930;104;Paris_AN_JJ_inventaire_Languedoc.xml
JJ195;501;3931;134v;Paris_AN_JJ_inventaire_Languedoc.xml
JJ195;514;3932;138;Paris_AN_JJ_inventaire_Languedoc.xml
JJ195;518;3933;139v;Paris_AN_JJ_inventaire_Languedoc.xml
JJ195;521;3934;139v;Paris_AN_JJ_inventaire_Languedoc.xml
JJ195;560;3935;147v;Paris_AN_JJ_inventaire_Languedoc.xml
JJ195;896;3936;212v;Paris_AN_JJ_inventaire_Languedoc.xml
JJ195;966;3937;223;Paris_AN_JJ_inventaire_Languedoc.xml
JJ195;980;3938;227v;Paris_AN_JJ_inventaire_Languedoc.xml
JJ195;1081;3939;246v;Paris_AN_JJ_inventaire_Languedoc.xml
JJ195;1135;3940;256;Paris_AN_JJ_inventaire_Languedoc.xml
JJ195;1194;3941;266v;Paris_AN_JJ_inventaire_Languedoc.xml
JJ195;1245;3942;275v;Paris_AN_JJ_inventaire_Languedoc.xml
JJ195;1287;3943;283v;Paris_AN_JJ_inventaire_Languedoc.xml
JJ195;1301;3944;286;Paris_AN_JJ_inventaire_Languedoc.xml
JJ195;1348;3945;294v;Paris_AN_JJ_inventaire_Languedoc.xml
JJ195;1361;3946;297;Paris_AN_JJ_inventaire_Languedoc.xml
JJ195;1367;3947;298v;Paris_AN_JJ_inventaire_Languedoc.xml
JJ195;1381;3948;301;Paris_AN_JJ_inventaire_Languedoc.xml
JJ195;1413;3949;308;Paris_AN_JJ_inventaire_Languedoc.xml
JJ195;1414;3950;308v;Paris_AN_JJ_inventaire_Languedoc.xml
JJ195;1416;3951;310;Paris_AN_JJ_inventaire_Languedoc.xml
JJ195;1426;3952;319;Paris_AN_JJ_inventaire_Languedoc.xml
JJ195;1512;3953;360;Paris_AN_JJ_inventaire_Languedoc.xml
JJ196;16;3954;11;Paris_AN_JJ_inventaire_Languedoc.xml
JJ196;23;3955;16;Paris_AN_JJ_inventaire_Languedoc.xml
JJ196;33;3956;22;Paris_AN_JJ_inventaire_Languedoc.xml
JJ196;46;3957;29;Paris_AN_JJ_inventaire_Languedoc.xml
JJ196;50;3958;31v;Paris_AN_JJ_inventaire_Languedoc.xml
JJ196;96;3959;58;Paris_AN_JJ_inventaire_Languedoc.xml
JJ196;121;3960;69;Paris_AN_JJ_inventaire_Languedoc.xml
JJ196;147;3961;81;Paris_AN_JJ_inventaire_Languedoc.xml
JJ196;167;3962;104;Paris_AN_JJ_inventaire_Languedoc.xml
JJ196;176;3963;109v;Paris_AN_JJ_inventaire_Languedoc.xml
JJ196;178;3964;111;Paris_AN_JJ_inventaire_Languedoc.xml
JJ196;194;3965;128;Paris_AN_JJ_inventaire_Languedoc.xml
JJ196;196;3966;128v;Paris_AN_JJ_inventaire_Languedoc.xml
JJ196;214;3967;136v;Paris_AN_JJ_inventaire_Languedoc.xml
JJ196;222bis;3968;141v;Paris_AN_JJ_inventaire_Languedoc.xml
JJ196;225;3969;143;Paris_AN_JJ_inventaire_Languedoc.xml
JJ196;227;3970;144v;Paris_AN_JJ_inventaire_Languedoc.xml
JJ196;247;3971;152;Paris_AN_JJ_inventaire_Languedoc.xml
JJ196;278;3972;170v;Paris_AN_JJ_inventaire_Languedoc.xml
JJ196;319;3973;199v;Paris_AN_JJ_inventaire_Languedoc.xml
JJ196;326;3974;206;Paris_AN_JJ_inventaire_Languedoc.xml
JJ196;330;3975;208;Paris_AN_JJ_inventaire_Languedoc.xml
JJ196;331;3976;209;Paris_AN_JJ_inventaire_Languedoc.xml
JJ196;353;3977;228;Paris_AN_JJ_inventaire_Languedoc.xml
JJ196;358;3978;231v;Paris_AN_JJ_inventaire_Languedoc.xml
JJ197;61;3979;39v;Paris_AN_JJ_inventaire_Languedoc.xml
JJ197;66;3980;42;Paris_AN_JJ_inventaire_Languedoc.xml
JJ197;78;3981;48;Paris_AN_JJ_inventaire_Languedoc.xml
JJ197;100;3982;58v;Paris_AN_JJ_inventaire_Languedoc.xml
JJ197;106;3983;63v;Paris_AN_JJ_inventaire_Languedoc.xml
JJ197;151;3984;84v;Paris_AN_JJ_inventaire_Languedoc.xml
JJ197;159;3985;88;Paris_AN_JJ_inventaire_Languedoc.xml
JJ197;171;3986;96;Paris_AN_JJ_inventaire_Languedoc.xml
JJ197;175;3987;98;Paris_AN_JJ_inventaire_Languedoc.xml
JJ197;178;3988;99;Paris_AN_JJ_inventaire_Languedoc.xml
JJ198;183;3989;101;Paris_AN_JJ_inventaire_Languedoc.xml
JJ197;184;3990;104v;Paris_AN_JJ_inventaire_Languedoc.xml
JJ197;191;3991;109;Paris_AN_JJ_inventaire_Languedoc.xml
JJ197;202;3992;114v;Paris_AN_JJ_inventaire_Languedoc.xml
JJ197;215;3993;120v;Paris_AN_JJ_inventaire_Languedoc.xml
JJ197;218;3994;122;Paris_AN_JJ_inventaire_Languedoc.xml
JJ197;226;3995;126;Paris_AN_JJ_inventaire_Languedoc.xml
JJ197;276;3996;148;Paris_AN_JJ_inventaire_Languedoc.xml
JJ197;288;3997;154;Paris_AN_JJ_inventaire_Languedoc.xml
JJ197;292;3998;158;Paris_AN_JJ_inventaire_Languedoc.xml
JJ197;305;3999;165;Paris_AN_JJ_inventaire_Languedoc.xml
JJ197;316;4000;171;Paris_AN_JJ_inventaire_Languedoc.xml
JJ197;390;4001;207;Paris_AN_JJ_inventaire_Languedoc.xml
JJ198;12;4002;12v;Paris_AN_JJ_inventaire_Languedoc.xml
JJ198;22;4003;23v;Paris_AN_JJ_inventaire_Languedoc.xml
JJ198;23;4004;24;Paris_AN_JJ_inventaire_Languedoc.xml
JJ198;28;4005;30;Paris_AN_JJ_inventaire_Languedoc.xml
JJ198;30;4006;30v;Paris_AN_JJ_inventaire_Languedoc.xml
JJ198;33;4007;32v;Paris_AN_JJ_inventaire_Languedoc.xml
JJ198;43;4008;44v;Paris_AN_JJ_inventaire_Languedoc.xml
JJ198;50;4009;49v;Paris_AN_JJ_inventaire_Languedoc.xml
JJ198;55;4010;58;Paris_AN_JJ_inventaire_Languedoc.xml
JJ198;68;4011;67v;Paris_AN_JJ_inventaire_Languedoc.xml
JJ198;78;4012;77;Paris_AN_JJ_inventaire_Languedoc.xml
JJ198;126;4013;117v;Paris_AN_JJ_inventaire_Languedoc.xml
JJ198;176;4014;153;Paris_AN_JJ_inventaire_Languedoc.xml
JJ198;190;4015;165;Paris_AN_JJ_inventaire_Languedoc.xml
JJ198;195;4016;183;Paris_AN_JJ_inventaire_Languedoc.xml
JJ198;208;4017;193;Paris_AN_JJ_inventaire_Languedoc.xml
JJ198;211;4018;196;Paris_AN_JJ_inventaire_Languedoc.xml
JJ198;254;4019;222v;Paris_AN_JJ_inventaire_Languedoc.xml
JJ198;295;4020;256v;Paris_AN_JJ_inventaire_Languedoc.xml
JJ198;317;4021;279v;Paris_AN_JJ_inventaire_Languedoc.xml
JJ198;329;4022;292;Paris_AN_JJ_inventaire_Languedoc.xml
JJ198;331;4023;294v;Paris_AN_JJ_inventaire_Languedoc.xml
JJ198;355;4024;310v;Paris_AN_JJ_inventaire_Languedoc.xml
JJ198;363;4025;326v;Paris_AN_JJ_inventaire_Languedoc.xml
JJ198;381;4026;347;Paris_AN_JJ_inventaire_Languedoc.xml
JJ198;389;4027;354v;Paris_AN_JJ_inventaire_Languedoc.xml
JJ198;390;4028;356v;Paris_AN_JJ_inventaire_Languedoc.xml
JJ198;400;4029;365;Paris_AN_JJ_inventaire_Languedoc.xml
JJ198;420;4030;381;Paris_AN_JJ_inventaire_Languedoc.xml
JJ198;421;4031;383;Paris_AN_JJ_inventaire_Languedoc.xml
JJ198;425;4032;385;Paris_AN_JJ_inventaire_Languedoc.xml
JJ198;426;4033;385;Paris_AN_JJ_inventaire_Languedoc.xml
JJ198;435;4034;389v;Paris_AN_JJ_inventaire_Languedoc.xml
JJ198;449;4035;402;Paris_AN_JJ_inventaire_Languedoc.xml
JJ198;467;4036;418;Paris_AN_JJ_inventaire_Languedoc.xml
JJ198;476;4037;427;Paris_AN_JJ_inventaire_Languedoc.xml
JJ198;477;4038;427v;Paris_AN_JJ_inventaire_Languedoc.xml
JJ198;481;4039;432;Paris_AN_JJ_inventaire_Languedoc.xml
JJ198;493;4040;443v;Paris_AN_JJ_inventaire_Languedoc.xml
JJ198;510;4041;455;Paris_AN_JJ_inventaire_Languedoc.xml
JJ198;527;4042;473;Paris_AN_JJ_inventaire_Languedoc.xml
JJ198;536;4043;486;Paris_AN_JJ_inventaire_Languedoc.xml
JJ198;555;4044;504;Paris_AN_JJ_inventaire_Languedoc.xml
JJ198;560;4045;509;Paris_AN_JJ_inventaire_Languedoc.xml
JJ199;5;4046;3v;Paris_AN_JJ_inventaire_Languedoc.xml
JJ199;6;4047;3v;Paris_AN_JJ_inventaire_Languedoc.xml
JJ199;41;4048;25;Paris_AN_JJ_inventaire_Languedoc.xml
JJ199;143;4049;86v;Paris_AN_JJ_inventaire_Languedoc.xml
JJ199;158;4050;96v;Paris_AN_JJ_inventaire_Languedoc.xml
JJ199;175;4051;109;Paris_AN_JJ_inventaire_Languedoc.xml
JJ199;253;4052;148v;Paris_AN_JJ_inventaire_Languedoc.xml
JJ199;294;4053;175v;Paris_AN_JJ_inventaire_Languedoc.xml
JJ199;299;4054;177v;Paris_AN_JJ_inventaire_Languedoc.xml
JJ199;304;4055;179v;Paris_AN_JJ_inventaire_Languedoc.xml
JJ199;306;4056;180v;Paris_AN_JJ_inventaire_Languedoc.xml
JJ199;310;4057;182;Paris_AN_JJ_inventaire_Languedoc.xml
JJ199;313;4058;184;Paris_AN_JJ_inventaire_Languedoc.xml
JJ199;315;4059;185;Paris_AN_JJ_inventaire_Languedoc.xml
JJ199;316;4060;186;Paris_AN_JJ_inventaire_Languedoc.xml
JJ199;317;4061;186v;Paris_AN_JJ_inventaire_Languedoc.xml
JJ199;320;4062;188v;Paris_AN_JJ_inventaire_Languedoc.xml
JJ199;321;4063;189;Paris_AN_JJ_inventaire_Languedoc.xml
JJ199;323;4064;190v;Paris_AN_JJ_inventaire_Languedoc.xml
JJ199;324;4065;191;Paris_AN_JJ_inventaire_Languedoc.xml
JJ199;326;4066;192;Paris_AN_JJ_inventaire_Languedoc.xml
JJ199;331;4067;194;Paris_AN_JJ_inventaire_Languedoc.xml
JJ199;332;4068;195;Paris_AN_JJ_inventaire_Languedoc.xml
JJ199;337;4069;199;Paris_AN_JJ_inventaire_Languedoc.xml
JJ199;340;4070;203;Paris_AN_JJ_inventaire_Languedoc.xml
JJ199;346;4071;209;Paris_AN_JJ_inventaire_Languedoc.xml
JJ199;347;4072;209v;Paris_AN_JJ_inventaire_Languedoc.xml
JJ199;348;4073;211v;Paris_AN_JJ_inventaire_Languedoc.xml
JJ199;349;4074;212v;Paris_AN_JJ_inventaire_Languedoc.xml
JJ199;351;4075;213v;Paris_AN_JJ_inventaire_Languedoc.xml
JJ199;353;4076;214v;Paris_AN_JJ_inventaire_Languedoc.xml
JJ199;354;4077;217;Paris_AN_JJ_inventaire_Languedoc.xml
JJ199;369;4078;227;Paris_AN_JJ_inventaire_Languedoc.xml
JJ199;384;4079;237v;Paris_AN_JJ_inventaire_Languedoc.xml
JJ199;385;4080;238;Paris_AN_JJ_inventaire_Languedoc.xml
JJ199;386;4081;238;Paris_AN_JJ_inventaire_Languedoc.xml
JJ199;387;4082;238v;Paris_AN_JJ_inventaire_Languedoc.xml
JJ199;388;4083;238v;Paris_AN_JJ_inventaire_Languedoc.xml
JJ199;389;4084;239;Paris_AN_JJ_inventaire_Languedoc.xml
JJ199;404;4085;247v;Paris_AN_JJ_inventaire_Languedoc.xml
JJ199;405;4086;247v;Paris_AN_JJ_inventaire_Languedoc.xml
JJ199;406;4087;248;Paris_AN_JJ_inventaire_Languedoc.xml
JJ199;407;4088;248;Paris_AN_JJ_inventaire_Languedoc.xml
JJ199;419;4089;256;Paris_AN_JJ_inventaire_Languedoc.xml
JJ199;448;4090;281;Paris_AN_JJ_inventaire_Languedoc.xml
JJ199;453;4091;284v;Paris_AN_JJ_inventaire_Languedoc.xml
JJ199;454;4092;285;Paris_AN_JJ_inventaire_Languedoc.xml
JJ199;455;4093;285;Paris_AN_JJ_inventaire_Languedoc.xml
JJ199;457;4094;286;Paris_AN_JJ_inventaire_Languedoc.xml
JJ199;458;4095;288v;Paris_AN_JJ_inventaire_Languedoc.xml
JJ199;462;4096;291;Paris_AN_JJ_inventaire_Languedoc.xml
JJ199;463;4097;291;Paris_AN_JJ_inventaire_Languedoc.xml
JJ199;465;4098;292v;Paris_AN_JJ_inventaire_Languedoc.xml
JJ199;466;4099;292v;Paris_AN_JJ_inventaire_Languedoc.xml
JJ199;473;4100;297ro;Paris_AN_JJ_inventaire_Languedoc.xml
JJ199;493;4101;310v;Paris_AN_JJ_inventaire_Languedoc.xml
JJ199;527;4102;330;Paris_AN_JJ_inventaire_Languedoc.xml
JJ199;539;4103;338v;Paris_AN_JJ_inventaire_Languedoc.xml
JJ199;542;4104;340v;Paris_AN_JJ_inventaire_Languedoc.xml
JJ199;551;4105;346v;Paris_AN_JJ_inventaire_Languedoc.xml
JJ199;602;4106;382;Paris_AN_JJ_inventaire_Languedoc.xml
JJ199;606;4107;390;Paris_AN_JJ_inventaire_Languedoc.xml
JJ199;607;4108;390;Paris_AN_JJ_inventaire_Languedoc.xml
JJ200;50;4109;30;Paris_AN_JJ_inventaire_Languedoc.xml
JJ200;64;4110;36;Paris_AN_JJ_inventaire_Languedoc.xml
JJ200;65;4111;37;Paris_AN_JJ_inventaire_Languedoc.xml
JJ200;78;4112;43;Paris_AN_JJ_inventaire_Languedoc.xml
JJ200;96;4113;53;Paris_AN_JJ_inventaire_Languedoc.xml
JJ200;130;4114;71;Paris_AN_JJ_inventaire_Languedoc.xml
JJ200;190;4115;101v;Paris_AN_JJ_inventaire_Languedoc.xml
JJ200;199;4116;106;Paris_AN_JJ_inventaire_Languedoc.xml
JJ201;10;4117;5v;Paris_AN_JJ_inventaire_Languedoc.xml
JJ201;65;4118;50v;Paris_AN_JJ_inventaire_Languedoc.xml
JJ201;92;4119;74v;Paris_AN_JJ_inventaire_Languedoc.xml
JJ201;102;4120;83v;Paris_AN_JJ_inventaire_Languedoc.xml
JJ201;111;4121;87;Paris_AN_JJ_inventaire_Languedoc.xml
JJ201;121;4122;92v;Paris_AN_JJ_inventaire_Languedoc.xml
JJ201;122;4123;96;Paris_AN_JJ_inventaire_Languedoc.xml
JJ201;149;4124;114;Paris_AN_JJ_inventaire_Languedoc.xml
JJ201;157;4125;120v;Paris_AN_JJ_inventaire_Languedoc.xml
JJ201;172;4126;130;Paris_AN_JJ_inventaire_Languedoc.xml
JJ202;31;4127;19;Paris_AN_JJ_inventaire_Languedoc.xml
JJ202;43;4128;28;Paris_AN_JJ_inventaire_Languedoc.xml
JJ202;83;4129;51;Paris_AN_JJ_inventaire_Languedoc.xml
JJ202;84;4130;52v;Paris_AN_JJ_inventaire_Languedoc.xml
JJ202;102;4131;60v;Paris_AN_JJ_inventaire_Languedoc.xml
JJ203;20;4132;11;Paris_AN_JJ_inventaire_Languedoc.xml
JJ203;26;4134;14v;Paris_AN_JJ_inventaire_Languedoc.xml
JJ204;5;4135;3v;Paris_AN_JJ_inventaire_Languedoc.xml
JJ204;16;4136;8;Paris_AN_JJ_inventaire_Languedoc.xml
JJ204;37;4137;25;Paris_AN_JJ_inventaire_Languedoc.xml
JJ204;66;4138;43;Paris_AN_JJ_inventaire_Languedoc.xml
JJ204;68;4139;44;Paris_AN_JJ_inventaire_Languedoc.xml
JJ204;69;4140;44;Paris_AN_JJ_inventaire_Languedoc.xml
JJ204;132;4141;81v;Paris_AN_JJ_inventaire_Languedoc.xml
JJ204;137;4142;83v;Paris_AN_JJ_inventaire_Languedoc.xml
JJ204;139;4143;84v;Paris_AN_JJ_inventaire_Languedoc.xml
JJ204;149;4144;92;Paris_AN_JJ_inventaire_Languedoc.xml
JJ204;158;4145;97;Paris_AN_JJ_inventaire_Languedoc.xml
JJ204;172;4146;107v;Paris_AN_JJ_inventaire_Languedoc.xml
JJ205;8;4147;3;Paris_AN_JJ_inventaire_Languedoc.xml
JJ205;14;4148;6v;Paris_AN_JJ_inventaire_Languedoc.xml
JJ205;34;4149;16v;Paris_AN_JJ_inventaire_Languedoc.xml
JJ205;52;4150;25v;Paris_AN_JJ_inventaire_Languedoc.xml
JJ205;62;4151;30v;Paris_AN_JJ_inventaire_Languedoc.xml
JJ205;66;4152;34;Paris_AN_JJ_inventaire_Languedoc.xml
JJ205;70;4153;35v;Paris_AN_JJ_inventaire_Languedoc.xml
JJ205;107;4154;55;Paris_AN_JJ_inventaire_Languedoc.xml
JJ205;108;4155;56;Paris_AN_JJ_inventaire_Languedoc.xml
JJ205;131;4156;68v;Paris_AN_JJ_inventaire_Languedoc.xml
JJ205;225;4157;125v;Paris_AN_JJ_inventaire_Languedoc.xml
JJ205;227;4158;127v;Paris_AN_JJ_inventaire_Languedoc.xml
JJ205;240;4159;135;Paris_AN_JJ_inventaire_Languedoc.xml
JJ205;332;4160;188;Paris_AN_JJ_inventaire_Languedoc.xml
JJ205;337;4161;190;Paris_AN_JJ_inventaire_Languedoc.xml
JJ205;359;4162;199v;Paris_AN_JJ_inventaire_Languedoc.xml
JJ205;411;4163;233v;Paris_AN_JJ_inventaire_Languedoc.xml
JJ205;412;4164;234;Paris_AN_JJ_inventaire_Languedoc.xml
JJ205;451;4165;257;Paris_AN_JJ_inventaire_Languedoc.xml
JJ205;479;4166;280v;Paris_AN_JJ_inventaire_Languedoc.xml
JJ206;139;4167;32v;Paris_AN_JJ_inventaire_Languedoc.xml
JJ206;421;4168;96v;Paris_AN_JJ_inventaire_Languedoc.xml
JJ206;496;4169;114v;Paris_AN_JJ_inventaire_Languedoc.xml
JJ206;632;4169;144;Paris_AN_JJ_inventaire_Languedoc.xml
JJ206;609;4170;139v;Paris_AN_JJ_inventaire_Languedoc.xml
JJ206;619;4171;141v;Paris_AN_JJ_inventaire_Languedoc.xml
JJ206;1036;4172;220;Paris_AN_JJ_inventaire_Languedoc.xml
JJ207;45;4173;22;Paris_AN_JJ_inventaire_Languedoc.xml
JJ207;56;4174;27v;Paris_AN_JJ_inventaire_Languedoc.xml
JJ207;77;4175;37;Paris_AN_JJ_inventaire_Languedoc.xml
JJ207;85;4176;43;Paris_AN_JJ_inventaire_Languedoc.xml
JJ207;304;4177;139v;Paris_AN_JJ_inventaire_Languedoc.xml
JJ208;40;4178;22;Paris_AN_JJ_inventaire_Languedoc.xml
JJ208;53;4179;29;Paris_AN_JJ_inventaire_Languedoc.xml
JJ208;61;4180;33v;Paris_AN_JJ_inventaire_Languedoc.xml
JJ208;98;4181;53v;Paris_AN_JJ_inventaire_Languedoc.xml
JJ208;106;4182;64v;Paris_AN_JJ_inventaire_Languedoc.xml
JJ208;172;4183;103;Paris_AN_JJ_inventaire_Languedoc.xml
JJ208;194;4184;116;Paris_AN_JJ_inventaire_Languedoc.xml
JJ208;209;4185;125;Paris_AN_JJ_inventaire_Languedoc.xml
JJ208;220;4186;131v;Paris_AN_JJ_inventaire_Languedoc.xml
JJ208;234;4187;138;Paris_AN_JJ_inventaire_Languedoc.xml
JJ209;16bis;4188;8v;Paris_AN_JJ_inventaire_Languedoc.xml
JJ209;24;4189;12v;Paris_AN_JJ_inventaire_Languedoc.xml
JJ209;27;4190;14v;Paris_AN_JJ_inventaire_Languedoc.xml
JJ209;46;4191;25;Paris_AN_JJ_inventaire_Languedoc.xml
JJ209;59;4192;37;Paris_AN_JJ_inventaire_Languedoc.xml
JJ209;134;4192;77;Paris_AN_JJ_inventaire_Languedoc.xml
JJ209;87;4193;52;Paris_AN_JJ_inventaire_Languedoc.xml
JJ209;94;4194;56;Paris_AN_JJ_inventaire_Languedoc.xml
JJ209;266;4195;147v;Paris_AN_JJ_inventaire_Languedoc.xml
JJ209;271;4196;151;Paris_AN_JJ_inventaire_Languedoc.xml
JJ209;275;4197;153v;Paris_AN_JJ_inventaire_Languedoc.xml
JJ210;4;4198;3à6v;Paris_AN_JJ_inventaire_Languedoc.xml
JJ210;5;4199;6v;Paris_AN_JJ_inventaire_Languedoc.xml
JJ210;25;4200;17;Paris_AN_JJ_inventaire_Languedoc.xml
JJ210;26;4201;17;Paris_AN_JJ_inventaire_Languedoc.xml
JJ210;27;4202;17;Paris_AN_JJ_inventaire_Languedoc.xml
JJ210;35;4203;22;Paris_AN_JJ_inventaire_Languedoc.xml
JJ210;75;4204;41v;Paris_AN_JJ_inventaire_Languedoc.xml
JJ210;109;4205;84à87;Paris_AN_JJ_inventaire_Languedoc.xml
JJ210;112;4206;92;Paris_AN_JJ_inventaire_Languedoc.xml
JJ210;113;4207;94;Paris_AN_JJ_inventaire_Languedoc.xml
JJ210;141;4208;110;Paris_AN_JJ_inventaire_Languedoc.xml
JJ210;164;4209;138-141;Paris_AN_JJ_inventaire_Languedoc.xml
JJ201;169;4210;144v;Paris_AN_JJ_inventaire_Languedoc.xml
JJ210;182;4211;154v;Paris_AN_JJ_inventaire_Languedoc.xml
JJ210;184;4212;156v;Paris_AN_JJ_inventaire_Languedoc.xml
JJ210;192;4213;162;Paris_AN_JJ_inventaire_Languedoc.xml
JJ210;193;4214;162v;Paris_AN_JJ_inventaire_Languedoc.xml
JJ210;194;4215;164;Paris_AN_JJ_inventaire_Languedoc.xml
JJ210;202;4216;169;Paris_AN_JJ_inventaire_Languedoc.xml
JJ210;212;4217;173;Paris_AN_JJ_inventaire_Languedoc.xml
JJ210;228;4218;178v;Paris_AN_JJ_inventaire_Languedoc.xml
JJ210;230;4219;180;Paris_AN_JJ_inventaire_Languedoc.xml
JJ210;231;4220;180v;Paris_AN_JJ_inventaire_Languedoc.xml
JJ210;245;4221;188;Paris_AN_JJ_inventaire_Languedoc.xml
JJ210;247;4222;189;Paris_AN_JJ_inventaire_Languedoc.xml
JJ211;103;4223;34;Paris_AN_JJ_inventaire_Languedoc.xml
JJ214;30;4223;24;Paris_AN_JJ_inventaire_Languedoc.xml
JJ211;245;4224;61;Paris_AN_JJ_inventaire_Languedoc.xml
JJ211;265;4225;66;Paris_AN_JJ_inventaire_Languedoc.xml
JJ211;299;4226;71;Paris_AN_JJ_inventaire_Languedoc.xml
JJ211;336;4227;77;Paris_AN_JJ_inventaire_Languedoc.xml
JJ211;361;4228;81;Paris_AN_JJ_inventaire_Languedoc.xml
JJ211;365;4229;83;Paris_AN_JJ_inventaire_Languedoc.xml
JJ211;423;4230;92v;Paris_AN_JJ_inventaire_Languedoc.xml
JJ211;457;4231;100;Paris_AN_JJ_inventaire_Languedoc.xml
JJ211;466;4232;103;Paris_AN_JJ_inventaire_Languedoc.xml
JJ211;492;4233;110;Paris_AN_JJ_inventaire_Languedoc.xml
JJ211;556;4234;124v;Paris_AN_JJ_inventaire_Languedoc.xml
JJ211;587;4235;132;Paris_AN_JJ_inventaire_Languedoc.xml
JJ211;603;4236;134v;Paris_AN_JJ_inventaire_Languedoc.xml
JJ211;607;4237;135;Paris_AN_JJ_inventaire_Languedoc.xml
JJ211;703;4238;154v;Paris_AN_JJ_inventaire_Languedoc.xml
JJ211;719;4239;157v;Paris_AN_JJ_inventaire_Languedoc.xml
JJ211;750;4240;164;Paris_AN_JJ_inventaire_Languedoc.xml
JJ212;9;4241;5v;Paris_AN_JJ_inventaire_Languedoc.xml
JJ212;26;4242;17;Paris_AN_JJ_inventaire_Languedoc.xml
JJ212;40;4243;32v;Paris_AN_JJ_inventaire_Languedoc.xml
JJ213;2;4244;1v;Paris_AN_JJ_inventaire_Languedoc.xml
JJ213;9;4245;5;Paris_AN_JJ_inventaire_Languedoc.xml
JJ213;20;4246;12v;Paris_AN_JJ_inventaire_Languedoc.xml
JJ213;32;4247;27;Paris_AN_JJ_inventaire_Languedoc.xml
JJ213;38;4248;32;Paris_AN_JJ_inventaire_Languedoc.xml
JJ213;53;4249;46;Paris_AN_JJ_inventaire_Languedoc.xml
JJ213;56;4250;51;Paris_AN_JJ_inventaire_Languedoc.xml
JJ213;58;4251;52;Paris_AN_JJ_inventaire_Languedoc.xml
JJ213;59;4252;54;Paris_AN_JJ_inventaire_Languedoc.xml
JJ213;60;4253;54v;Paris_AN_JJ_inventaire_Languedoc.xml
JJ213;64;4254;56v;Paris_AN_JJ_inventaire_Languedoc.xml
JJ213;66;4255;57v;Paris_AN_JJ_inventaire_Languedoc.xml
JJ213;71;4256;60ro;Paris_AN_JJ_inventaire_Languedoc.xml
JJ213;77;4257;63;Paris_AN_JJ_inventaire_Languedoc.xml
JJ213;77bis;4258;69;Paris_AN_JJ_inventaire_Languedoc.xml
JJ213;773;4259;69;Paris_AN_JJ_inventaire_Languedoc.xml
JJ213;774;4259;71;Paris_AN_JJ_inventaire_Languedoc.xml
JJ213;775;4260;72à75;Paris_AN_JJ_inventaire_Languedoc.xml
JJ213;280;4261;77à79v;Paris_AN_JJ_inventaire_Languedoc.xml
JJ213;85;4262;93;Paris_AN_JJ_inventaire_Languedoc.xml
JJ213;89;4263;96v;Paris_AN_JJ_inventaire_Languedoc.xml
JJ213;94;4264;99;Paris_AN_JJ_inventaire_Languedoc.xml
JJ214;16;4265;16;Paris_AN_JJ_inventaire_Languedoc.xml
JJ214;24;4266;19;Paris_AN_JJ_inventaire_Languedoc.xml
JJ214;26;4267;20v;Paris_AN_JJ_inventaire_Languedoc.xml
JJ214;27;4268;21v;Paris_AN_JJ_inventaire_Languedoc.xml
JJ214;30;4269;24;Paris_AN_JJ_inventaire_Languedoc.xml
JJ214;53;4270;32;Paris_AN_JJ_inventaire_Languedoc.xml
JJ214;55;4271;32v;Paris_AN_JJ_inventaire_Languedoc.xml
JJ214;56;4272;33;Paris_AN_JJ_inventaire_Languedoc.xml
JJ214;69;4273;40;Paris_AN_JJ_inventaire_Languedoc.xml
JJ215;18;4274;11;Paris_AN_JJ_inventaire_Languedoc.xml
JJ215;59;4275;41;Paris_AN_JJ_inventaire_Languedoc.xml
JJ215;69;4276;54;Paris_AN_JJ_inventaire_Languedoc.xml
JJ215;74;4277;56v;Paris_AN_JJ_inventaire_Languedoc.xml
JJ215;75;4278;57;Paris_AN_JJ_inventaire_Languedoc.xml
JJ215;91;4279;69;Paris_AN_JJ_inventaire_Languedoc.xml
JJ215;97;4280;71v;Paris_AN_JJ_inventaire_Languedoc.xml
JJ215;102;4281;73;Paris_AN_JJ_inventaire_Languedoc.xml
JJ215;116;4282;79à82v;Paris_AN_JJ_inventaire_Languedoc.xml
JJ215;125;4283;86;Paris_AN_JJ_inventaire_Languedoc.xml
JJ215;126;4284;86v;Paris_AN_JJ_inventaire_Languedoc.xml
JJ216;25;4285;16v;Paris_AN_JJ_inventaire_Languedoc.xml
JJ216;30;4286;18v;Paris_AN_JJ_inventaire_Languedoc.xml
JJ216;53;4287;43v;Paris_AN_JJ_inventaire_Languedoc.xml
JJ216;84;4288;68;Paris_AN_JJ_inventaire_Languedoc.xml
JJ216;107;4289;84;Paris_AN_JJ_inventaire_Languedoc.xml
JJ216;147;4290;113;Paris_AN_JJ_inventaire_Languedoc.xml
JJ216;178;4291;131v;Paris_AN_JJ_inventaire_Languedoc.xml
JJ216;204;4292;149;Paris_AN_JJ_inventaire_Languedoc.xml
JJ216;233;4293;166;Paris_AN_JJ_inventaire_Languedoc.xml
JJ216;234;4294;167;Paris_AN_JJ_inventaire_Languedoc.xml
JJ216;236;4295;168;Paris_AN_JJ_inventaire_Languedoc.xml
JJ217;18;4296;9;Paris_AN_JJ_inventaire_Languedoc.xml
JJ217;22;4297;11;Paris_AN_JJ_inventaire_Languedoc.xml
JJ217;32;4298;15v;Paris_AN_JJ_inventaire_Languedoc.xml
JJ217;40;4299;19v;Paris_AN_JJ_inventaire_Languedoc.xml
JJ217;67;4300;33v;Paris_AN_JJ_inventaire_Languedoc.xml
JJ217;82;4301;46;Paris_AN_JJ_inventaire_Languedoc.xml
JJ217;153;4302;89v;Paris_AN_JJ_inventaire_Languedoc.xml
JJ217;172;4303;100;Paris_AN_JJ_inventaire_Languedoc.xml
JJ218;5;4304;2v;Paris_AN_JJ_inventaire_Languedoc.xml
JJ218;35;4305;19v;Paris_AN_JJ_inventaire_Languedoc.xml
JJ218;62;4306;37v;Paris_AN_JJ_inventaire_Languedoc.xml
JJ218;175;4307;100v;Paris_AN_JJ_inventaire_Languedoc.xml
JJ218;184;4308;104v;Paris_AN_JJ_inventaire_Languedoc.xml
JJ218;206;4309;113v;Paris_AN_JJ_inventaire_Languedoc.xml
JJ218;227;4310;125;Paris_AN_JJ_inventaire_Languedoc.xml
JJ219;30;4311;19v;Paris_AN_JJ_inventaire_Languedoc.xml
JJ219;55;4312;37v;Paris_AN_JJ_inventaire_Languedoc.xml
JJ219;60;4313;39;Paris_AN_JJ_inventaire_Languedoc.xml
JJ219;69;4314;44v;Paris_AN_JJ_inventaire_Languedoc.xml
JJ219;115;4315;72v;Paris_AN_JJ_inventaire_Languedoc.xml
JJ219;141;4317;86v;Paris_AN_JJ_inventaire_Languedoc.xml
JJ219;147;4318;89;Paris_AN_JJ_inventaire_Languedoc.xml
JJ219;166;4319;98;Paris_AN_JJ_inventaire_Languedoc.xml
JJ219;190;4320;112;Paris_AN_JJ_inventaire_Languedoc.xml
JJ219;200;4321;119v;Paris_AN_JJ_inventaire_Languedoc.xml
JJ219;230;4322;139v;Paris_AN_JJ_inventaire_Languedoc.xml
JJ219;235;4323;142;Paris_AN_JJ_inventaire_Languedoc.xml
JJ220;11;4324;5v;Paris_AN_JJ_inventaire_Languedoc.xml
JJ220;22;4325;12;Paris_AN_JJ_inventaire_Languedoc.xml
JJ220;50;4326;25v;Paris_AN_JJ_inventaire_Languedoc.xml
JJ220;88;4327;50v;Paris_AN_JJ_inventaire_Languedoc.xml
JJ220;126;4328;69v;Paris_AN_JJ_inventaire_Languedoc.xml
JJ220;162;4329;91;Paris_AN_JJ_inventaire_Languedoc.xml
JJ220;179;4330;100v;Paris_AN_JJ_inventaire_Languedoc.xml
JJ220;181;4331;101v;Paris_AN_JJ_inventaire_Languedoc.xml
JJ220;195;4332;109;Paris_AN_JJ_inventaire_Languedoc.xml
JJ220;198;4333;110;Paris_AN_JJ_inventaire_Languedoc.xml
JJ220;212;4334;117v;Paris_AN_JJ_inventaire_Languedoc.xml
JJ220;215;4335;119v;Paris_AN_JJ_inventaire_Languedoc.xml
JJ220;234;4336;131;Paris_AN_JJ_inventaire_Languedoc.xml
JJ220;235;4337;131v;Paris_AN_JJ_inventaire_Languedoc.xml
JJ220;245;4338;136;Paris_AN_JJ_inventaire_Languedoc.xml
JJ220;323;4339;178v;Paris_AN_JJ_inventaire_Languedoc.xml
JJ220;332;4340;184;Paris_AN_JJ_inventaire_Languedoc.xml
JJ220;341;4341;192v;Paris_AN_JJ_inventaire_Languedoc.xml
JJ220;360;4342;200;Paris_AN_JJ_inventaire_Languedoc.xml
JJ220;388;4343;232;Paris_AN_JJ_inventaire_Languedoc.xml
JJ220;401;4344;238;Paris_AN_JJ_inventaire_Languedoc.xml
JJ221;18;4345;19v;Paris_AN_JJ_inventaire_Languedoc.xml
JJ221;20;4346;20;Paris_AN_JJ_inventaire_Languedoc.xml
JJ221;28;4347;24v;Paris_AN_JJ_inventaire_Languedoc.xml
JJ221;40;4348;33;Paris_AN_JJ_inventaire_Languedoc.xml
JJ221;51;4349;38;Paris_AN_JJ_inventaire_Languedoc.xml
JJ221;56;4350;41;Paris_AN_JJ_inventaire_Languedoc.xml
JJ221;66;4351;46v;Paris_AN_JJ_inventaire_Languedoc.xml
JJ221;94;4352;60;Paris_AN_JJ_inventaire_Languedoc.xml
JJ221;96;4353;61;Paris_AN_JJ_inventaire_Languedoc.xml
JJ221;108;4354;65v;Paris_AN_JJ_inventaire_Languedoc.xml
JJ221;107;4355;67;Paris_AN_JJ_inventaire_Languedoc.xml
JJ221;122;4356;76v;Paris_AN_JJ_inventaire_Languedoc.xml
JJ221;146;4357;87;Paris_AN_JJ_inventaire_Languedoc.xml
JJ221;156;4358;91v;Paris_AN_JJ_inventaire_Languedoc.xml
JJ221;159;4359;92;Paris_AN_JJ_inventaire_Languedoc.xml
JJ221;165;4360;95v;Paris_AN_JJ_inventaire_Languedoc.xml
JJ221;177;4361;101;Paris_AN_JJ_inventaire_Languedoc.xml
JJ221;211;4362;122;Paris_AN_JJ_inventaire_Languedoc.xml
JJ221;240;4362;140;Paris_AN_JJ_inventaire_Languedoc.xml
JJ221;213;4363;124;Paris_AN_JJ_inventaire_Languedoc.xml
JJ221;220;4364;127;Paris_AN_JJ_inventaire_Languedoc.xml
JJ221;233;4365;133;Paris_AN_JJ_inventaire_Languedoc.xml
JJ221;253;4366;145;Paris_AN_JJ_inventaire_Languedoc.xml
JJ221;261;4367;151v;Paris_AN_JJ_inventaire_Languedoc.xml
JJ221;295;4368;166v;Paris_AN_JJ_inventaire_Languedoc.xml
JJ222;27;4369;9;Paris_AN_JJ_inventaire_Languedoc.xml
JJ222;39;4370;13;Paris_AN_JJ_inventaire_Languedoc.xml
JJ222;53;4371;19v;Paris_AN_JJ_inventaire_Languedoc.xml
JJ222;123;4372;50;Paris_AN_JJ_inventaire_Languedoc.xml
JJ222;147;4373;60;Paris_AN_JJ_inventaire_Languedoc.xml
JJ222;165;4374;66v;Paris_AN_JJ_inventaire_Languedoc.xml
JJ222;186;4375;78;Paris_AN_JJ_inventaire_Languedoc.xml
JJ222;256;4376;116;Paris_AN_JJ_inventaire_Languedoc.xml
JJ222;264;4377;122;Paris_AN_JJ_inventaire_Languedoc.xml
JJ222;266;4378;123;Paris_AN_JJ_inventaire_Languedoc.xml
JJ222;285;4379;121;Paris_AN_JJ_inventaire_Languedoc.xml
JJ222;290;4380;132v;Paris_AN_JJ_inventaire_Languedoc.xml
JJ222;291;4381;133;Paris_AN_JJ_inventaire_Languedoc.xml
JJ223;22;4382;11v;Paris_AN_JJ_inventaire_Languedoc.xml
JJ224;9;4383;10v;Paris_AN_JJ_inventaire_Languedoc.xml
JJ224;36;4384;45;Paris_AN_JJ_inventaire_Languedoc.xml
JJ224;37;4385;47;Paris_AN_JJ_inventaire_Languedoc.xml
JJ224;41;4386;50v;Paris_AN_JJ_inventaire_Languedoc.xml
JJ224;42;4387;51v;Paris_AN_JJ_inventaire_Languedoc.xml
JJ224;43;4388;54;Paris_AN_JJ_inventaire_Languedoc.xml
JJ224;45;4389;61;Paris_AN_JJ_inventaire_Languedoc.xml
JJ224;47;4390;63;Paris_AN_JJ_inventaire_Languedoc.xml
JJ224;51;4391;67v;Paris_AN_JJ_inventaire_Languedoc.xml
JJ224;86;4392;79;Paris_AN_JJ_inventaire_Languedoc.xml
JJ224;100;4393;87;Paris_AN_JJ_inventaire_Languedoc.xml
JJ224;102;4394;88;Paris_AN_JJ_inventaire_Languedoc.xml
JJ224;121;4395;105v;Paris_AN_JJ_inventaire_Languedoc.xml
JJ224;138;4396;122;Paris_AN_JJ_inventaire_Languedoc.xml
JJ225;219;4397;46v;Paris_AN_JJ_inventaire_Languedoc.xml
JJ225;220;4398;47;Paris_AN_JJ_inventaire_Languedoc.xml
JJ225;282;4399;60v;Paris_AN_JJ_inventaire_Languedoc.xml
JJ225;356;4400;78v;Paris_AN_JJ_inventaire_Languedoc.xml
JJ225;1362;4401;255;Paris_AN_JJ_inventaire_Languedoc.xml
JJ226A;45;4402;19v;Paris_AN_JJ_inventaire_Languedoc.xml
JJ226A;48;4403;21;Paris_AN_JJ_inventaire_Languedoc.xml
JJ226A;54;4404;23v;Paris_AN_JJ_inventaire_Languedoc.xml
JJ226A;68;4405;31;Paris_AN_JJ_inventaire_Languedoc.xml
JJ226A;83;4406;41v;Paris_AN_JJ_inventaire_Languedoc.xml
JJ226A;91;4407;50v;Paris_AN_JJ_inventaire_Languedoc.xml
JJ226A;103;4408;56;Paris_AN_JJ_inventaire_Languedoc.xml
JJ226A;110;4409;64;Paris_AN_JJ_inventaire_Languedoc.xml
JJ226A;112;4410;65;Paris_AN_JJ_inventaire_Languedoc.xml
JJ226A;116;4411;67v;Paris_AN_JJ_inventaire_Languedoc.xml
JJ226A;218;4412;130v;Paris_AN_JJ_inventaire_Languedoc.xml
JJ226A;219;4413;131;Paris_AN_JJ_inventaire_Languedoc.xml
JJ226A;238;4414;141;Paris_AN_JJ_inventaire_Languedoc.xml
JJ226A;247;4415;145;Paris_AN_JJ_inventaire_Languedoc.xml
JJ226A;306;4416;175;Paris_AN_JJ_inventaire_Languedoc.xml
JJ226A;320;4417;184;Paris_AN_JJ_inventaire_Languedoc.xml
JJ226A;347;4418;204;Paris_AN_JJ_inventaire_Languedoc.xml
JJ226A;353;4419;208;Paris_AN_JJ_inventaire_Languedoc.xml
JJ226A;361;4420;211;Paris_AN_JJ_inventaire_Languedoc.xml
JJ226A;371;4421;218;Paris_AN_JJ_inventaire_Languedoc.xml
JJ226A;372;4422;219;Paris_AN_JJ_inventaire_Languedoc.xml
JJ226A;409;4423;247;Paris_AN_JJ_inventaire_Languedoc.xml
JJ226A;418;4424;254;Paris_AN_JJ_inventaire_Languedoc.xml
JJ226A;420;4425;256;Paris_AN_JJ_inventaire_Languedoc.xml
JJ226A;424;4426;259;Paris_AN_JJ_inventaire_Languedoc.xml
JJ226A;425;4427;259v;Paris_AN_JJ_inventaire_Languedoc.xml
JJ226B;40;4428;8v;Paris_AN_JJ_inventaire_Languedoc.xml
JJ226B;49;4429;10v;Paris_AN_JJ_inventaire_Languedoc.xml
JJ226B;83;4430;18;Paris_AN_JJ_inventaire_Languedoc.xml
JJ226B;257;4431;52;Paris_AN_JJ_inventaire_Languedoc.xml
JJ226B;270;4432;54;Paris_AN_JJ_inventaire_Languedoc.xml
JJ226B;278;4433;55v;Paris_AN_JJ_inventaire_Languedoc.xml
JJ226B;326;4434;64v;Paris_AN_JJ_inventaire_Languedoc.xml
JJ226B;361;4435;70v;Paris_AN_JJ_inventaire_Languedoc.xml
JJ226B;377;4436;73v;Paris_AN_JJ_inventaire_Languedoc.xml
JJ226B;394;4437;76v;Paris_AN_JJ_inventaire_Languedoc.xml
JJ226B;409;4438;79v;Paris_AN_JJ_inventaire_Languedoc.xml
JJ226B;418;4439;81;Paris_AN_JJ_inventaire_Languedoc.xml
JJ226B;465;4440;89v;Paris_AN_JJ_inventaire_Languedoc.xml
JJ227;19;4441;9;Paris_AN_JJ_inventaire_Languedoc.xml
JJ227;21;4442;10;Paris_AN_JJ_inventaire_Languedoc.xml
JJ227;23;4443;10;Paris_AN_JJ_inventaire_Languedoc.xml
JJ227;27;4444;12v;Paris_AN_JJ_inventaire_Languedoc.xml
JJ227;109;4445;53;Paris_AN_JJ_inventaire_Languedoc.xml
JJ227;136;4446;67v;Paris_AN_JJ_inventaire_Languedoc.xml
JJ227;160;4447;80;Paris_AN_JJ_inventaire_Languedoc.xml
JJ227;161;4448;80v;Paris_AN_JJ_inventaire_Languedoc.xml
JJ227;211;4449;109;Paris_AN_JJ_inventaire_Languedoc.xml
JJ229;212;4450;109v;Paris_AN_JJ_inventaire_Languedoc.xml
JJ227;246;4451;128v;Paris_AN_JJ_inventaire_Languedoc.xml
JJ227;357;4452;179;Paris_AN_JJ_inventaire_Languedoc.xml
JJ227;370;4453;189;Paris_AN_JJ_inventaire_Languedoc.xml
JJ227;371;4454;189v;Paris_AN_JJ_inventaire_Languedoc.xml
JJ227;412;4455;210;Paris_AN_JJ_inventaire_Languedoc.xml
JJ227;413;4456;210;Paris_AN_JJ_inventaire_Languedoc.xml
JJ227;417;4457;212;Paris_AN_JJ_inventaire_Languedoc.xml
JJ227;429;4458;221v;Paris_AN_JJ_inventaire_Languedoc.xml
JJ227;437;4459;225;Paris_AN_JJ_inventaire_Languedoc.xml
JJ277;449;4460;231v;Paris_AN_JJ_inventaire_Languedoc.xml
JJ227;495;4461;256;Paris_AN_JJ_inventaire_Languedoc.xml
JJ227;523;4462;270;Paris_AN_JJ_inventaire_Languedoc.xml
JJ229;12;4463;4v;Paris_AN_JJ_inventaire_Languedoc.xml
JJ229;56;4464;30;Paris_AN_JJ_inventaire_Languedoc.xml
JJ229;85;4465;39v;Paris_AN_JJ_inventaire_Languedoc.xml
JJ229;94;4466;45;Paris_AN_JJ_inventaire_Languedoc.xml
JJ230;2;4467;1v;Paris_AN_JJ_inventaire_Languedoc.xml
JJ230;51;4468;25;Paris_AN_JJ_inventaire_Languedoc.xml
JJ230;52;4469;25;Paris_AN_JJ_inventaire_Languedoc.xml
JJ230;61;4470;29;Paris_AN_JJ_inventaire_Languedoc.xml
JJ230;134;4471;70;Paris_AN_JJ_inventaire_Languedoc.xml
JJ230;165;4472;85;Paris_AN_JJ_inventaire_Languedoc.xml
JJ230;166;4473;85;Paris_AN_JJ_inventaire_Languedoc.xml
JJ230;174;4474;88;Paris_AN_JJ_inventaire_Languedoc.xml
JJ230;181;4475;91;Paris_AN_JJ_inventaire_Languedoc.xml
JJ230;182;4476;91;Paris_AN_JJ_inventaire_Languedoc.xml
JJ230;192;4477;94v;Paris_AN_JJ_inventaire_Languedoc.xml
JJ230;204;4478;97v;Paris_AN_JJ_inventaire_Languedoc.xml
JJ230;207;4479;100;Paris_AN_JJ_inventaire_Languedoc.xml
JJ230;223;4480;106;Paris_AN_JJ_inventaire_Languedoc.xml
JJ230;235;4481;109v;Paris_AN_JJ_inventaire_Languedoc.xml
JJ230;240;4482;111v;Paris_AN_JJ_inventaire_Languedoc.xml
JJ230;277;4483;128v;Paris_AN_JJ_inventaire_Languedoc.xml
JJ230;338;4484;166v;Paris_AN_JJ_inventaire_Languedoc.xml
JJ230;357;4485;166v;Paris_AN_JJ_inventaire_Languedoc.xml
JJ231;6;4486;3;Paris_AN_JJ_inventaire_Languedoc.xml
JJ231;44;4487;21v;Paris_AN_JJ_inventaire_Languedoc.xml
JJ231;66;4488;33v;Paris_AN_JJ_inventaire_Languedoc.xml
JJ231;71;4489;43v;Paris_AN_JJ_inventaire_Languedoc.xml
JJ231;97;4490;55;Paris_AN_JJ_inventaire_Languedoc.xml
JJ231;103;4491;59;Paris_AN_JJ_inventaire_Languedoc.xml
JJ231;108;4492;60v;Paris_AN_JJ_inventaire_Languedoc.xml
JJ231;139;4493;84v;Paris_AN_JJ_inventaire_Languedoc.xml
JJ231;140;4494;89;Paris_AN_JJ_inventaire_Languedoc.xml
JJ231;141;4495;89v;Paris_AN_JJ_inventaire_Languedoc.xml
JJ231;153;4496;120v;Paris_AN_JJ_inventaire_Languedoc.xml
JJ231;162;4497;126;Paris_AN_JJ_inventaire_Languedoc.xml
JJ231;163;4497;126;Paris_AN_JJ_inventaire_Languedoc.xml
JJ231;177;4498;132v;Paris_AN_JJ_inventaire_Languedoc.xml
JJ231;183;4499;136v;Paris_AN_JJ_inventaire_Languedoc.xml
JJ231;190;4500;144;Paris_AN_JJ_inventaire_Languedoc.xml
JJ231;203;4501;159v;Paris_AN_JJ_inventaire_Languedoc.xml
JJ231;218;4502;166;Paris_AN_JJ_inventaire_Languedoc.xml
JJ231;224;4503;170;Paris_AN_JJ_inventaire_Languedoc.xml
JJ231;227;4504;171v;Paris_AN_JJ_inventaire_Languedoc.xml
JJ231;253;4505;191v;Paris_AN_JJ_inventaire_Languedoc.xml
JJ232;31;4506;9v;Paris_AN_JJ_inventaire_Languedoc.xml
JJ232;33;4507;10v;Paris_AN_JJ_inventaire_Languedoc.xml
JJ232;35;4508;11v;Paris_AN_JJ_inventaire_Languedoc.xml
JJ232;40;4509;14;Paris_AN_JJ_inventaire_Languedoc.xml
JJ232;84;4510;28;Paris_AN_JJ_inventaire_Languedoc.xml
JJ232;86;4511;28v;Paris_AN_JJ_inventaire_Languedoc.xml
JJ232;98;4512;41v;Paris_AN_JJ_inventaire_Languedoc.xml
JJ232;103;4513;44v;Paris_AN_JJ_inventaire_Languedoc.xml
JJ232;105;4514;46;Paris_AN_JJ_inventaire_Languedoc.xml
JJ232;109;4515;53v;Paris_AN_JJ_inventaire_Languedoc.xml
JJ232;112;4516;55;Paris_AN_JJ_inventaire_Languedoc.xml
JJ232;152;4517;78;Paris_AN_JJ_inventaire_Languedoc.xml
JJ232;168;4518;86;Paris_AN_JJ_inventaire_Languedoc.xml
JJ232;176;4519;92v;Paris_AN_JJ_inventaire_Languedoc.xml
JJ232;182;4520;96;Paris_AN_JJ_inventaire_Languedoc.xml
JJ232;183;4521;98;Paris_AN_JJ_inventaire_Languedoc.xml
JJ232;191;4522;101;Paris_AN_JJ_inventaire_Languedoc.xml
JJ232;204;4523;108;Paris_AN_JJ_inventaire_Languedoc.xml
JJ232;205;4524;108v;Paris_AN_JJ_inventaire_Languedoc.xml
JJ232;216;4525;115v;Paris_AN_JJ_inventaire_Languedoc.xml
JJ232;241;4526;132v;Paris_AN_JJ_inventaire_Languedoc.xml
JJ232;267;4527;146v;Paris_AN_JJ_inventaire_Languedoc.xml
JJ233;4;4528;9;Paris_AN_JJ_inventaire_Languedoc.xml
JJ233;9;4529;15v;Paris_AN_JJ_inventaire_Languedoc.xml
JJ233;29;4530;27và35;Paris_AN_JJ_inventaire_Languedoc.xml
JJ233;48;4531;43;Paris_AN_JJ_inventaire_Languedoc.xml
JJ233;57;4532;47;Paris_AN_JJ_inventaire_Languedoc.xml
JJ233;58;4533;48v;Paris_AN_JJ_inventaire_Languedoc.xml
JJ234;37;4534;18;Paris_AN_JJ_inventaire_Languedoc.xml
JJ234;42;4535;20v;Paris_AN_JJ_inventaire_Languedoc.xml
JJ234;78;4536;43v;Paris_AN_JJ_inventaire_Languedoc.xml
JJ234;92;4537;50v;Paris_AN_JJ_inventaire_Languedoc.xml
JJ234;102;4538;55v;Paris_AN_JJ_inventaire_Languedoc.xml
JJ234;105;4539;56;Paris_AN_JJ_inventaire_Languedoc.xml
JJ234;112;4540;60v;Paris_AN_JJ_inventaire_Languedoc.xml
JJ234;181;4541;105;Paris_AN_JJ_inventaire_Languedoc.xml
JJ235;102;4542;16v;Paris_AN_JJ_inventaire_Languedoc.xml
JJ235;103;4543;16v;Paris_AN_JJ_inventaire_Languedoc.xml
JJ235;183;4544;50v;Paris_AN_JJ_inventaire_Languedoc.xml
JJ235;189;4545;53;Paris_AN_JJ_inventaire_Languedoc.xml
JJ235;226;4546;68v;Paris_AN_JJ_inventaire_Languedoc.xml
JJ235;245;4547;79;Paris_AN_JJ_inventaire_Languedoc.xml
JJ235;257;4548;79v;Paris_AN_JJ_inventaire_Languedoc.xml
JJ235;260;4549;81;Paris_AN_JJ_inventaire_Languedoc.xml
JJ235;262;4550;81;Paris_AN_JJ_inventaire_Languedoc.xml
JJ235;286;4551;90v;Paris_AN_JJ_inventaire_Languedoc.xml
JJ235;296;4552;94;Paris_AN_JJ_inventaire_Languedoc.xml
JJ235;298;4553;97;Paris_AN_JJ_inventaire_Languedoc.xml
JJ235;303;4554;100;Paris_AN_JJ_inventaire_Languedoc.xml
JJ235;311;4555;103v;Paris_AN_JJ_inventaire_Languedoc.xml
JJ235;324;4556;108;Paris_AN_JJ_inventaire_Languedoc.xml
JJ235;355;4557;120v;Paris_AN_JJ_inventaire_Languedoc.xml
JJ235;366;4558;123;Paris_AN_JJ_inventaire_Languedoc.xml
JJ235;367;4559;124;Paris_AN_JJ_inventaire_Languedoc.xml
JJ235;385;4560;131v;Paris_AN_JJ_inventaire_Languedoc.xml
JJ235;386;4561;132;Paris_AN_JJ_inventaire_Languedoc.xml
JJ235;394;4562;135;Paris_AN_JJ_inventaire_Languedoc.xml
JJ235;404;4563;140;Paris_AN_JJ_inventaire_Languedoc.xml
JJ235;417;4564;146;Paris_AN_JJ_inventaire_Languedoc.xml
;432;4565;152;Paris_AN_JJ_inventaire_Languedoc.xml
