Paris_AN_JJ_inventaire_JJ65A-JJ69.xml_Register;Paris_AN_JJ_inventaire_JJ65A-JJ69.xml_Act_number;Paris_AN_JJ_inventaire_JJ65A-JJ69.xml_Head;Paris_AN_JJ_inventaire_JJ65A-JJ69.xml_Locus;Paris_AN_JJ_inventaire_JJ65A-JJ69.xml_File
JJ65A;1;;1r;Paris_AN_JJ_inventaire_JJ65A-JJ69.xml
JJ65A;2;;1r;Paris_AN_JJ_inventaire_JJ65A-JJ69.xml
JJ65A;3;;1r;Paris_AN_JJ_inventaire_JJ65A-JJ69.xml
JJ65A;4;;1v;Paris_AN_JJ_inventaire_JJ65A-JJ69.xml
JJ65A;5;;1v;Paris_AN_JJ_inventaire_JJ65A-JJ69.xml
JJ65A;6;;2r;Paris_AN_JJ_inventaire_JJ65A-JJ69.xml
JJ65A;7;;2r;Paris_AN_JJ_inventaire_JJ65A-JJ69.xml
JJ65A;8;;2v;Paris_AN_JJ_inventaire_JJ65A-JJ69.xml
JJ65A;9;;2bisv;Paris_AN_JJ_inventaire_JJ65A-JJ69.xml
JJ65A;10;;2bisv;Paris_AN_JJ_inventaire_JJ65A-JJ69.xml
JJ65A;11;;3r;Paris_AN_JJ_inventaire_JJ65A-JJ69.xml
JJ65A;12;;3v;Paris_AN_JJ_inventaire_JJ65A-JJ69.xml
JJ65A;13;;4r;Paris_AN_JJ_inventaire_JJ65A-JJ69.xml
JJ65A;14;;5r;Paris_AN_JJ_inventaire_JJ65A-JJ69.xml
JJ65A;15;;5r;Paris_AN_JJ_inventaire_JJ65A-JJ69.xml
JJ65A;16;;5v;Paris_AN_JJ_inventaire_JJ65A-JJ69.xml
JJ65A;17;;5v;Paris_AN_JJ_inventaire_JJ65A-JJ69.xml
JJ65A;18;;6r;Paris_AN_JJ_inventaire_JJ65A-JJ69.xml
JJ65A;19;;7v;Paris_AN_JJ_inventaire_JJ65A-JJ69.xml
JJ65A;20;;8r;Paris_AN_JJ_inventaire_JJ65A-JJ69.xml
JJ65A;21;;11v;Paris_AN_JJ_inventaire_JJ65A-JJ69.xml
JJ65A;22;;12r;Paris_AN_JJ_inventaire_JJ65A-JJ69.xml
JJ65A;23;;12r;Paris_AN_JJ_inventaire_JJ65A-JJ69.xml
JJ65A;24;;13r;Paris_AN_JJ_inventaire_JJ65A-JJ69.xml
JJ65A;25;;13r;Paris_AN_JJ_inventaire_JJ65A-JJ69.xml
JJ65A;26;;13v;Paris_AN_JJ_inventaire_JJ65A-JJ69.xml
JJ65A;27;;14v;Paris_AN_JJ_inventaire_JJ65A-JJ69.xml
JJ65A;28;;15r;Paris_AN_JJ_inventaire_JJ65A-JJ69.xml
JJ65A;29;;15v;Paris_AN_JJ_inventaire_JJ65A-JJ69.xml
JJ65A;30;;15v;Paris_AN_JJ_inventaire_JJ65A-JJ69.xml
JJ65A;31;;16r;Paris_AN_JJ_inventaire_JJ65A-JJ69.xml
JJ65A;32;;18r;Paris_AN_JJ_inventaire_JJ65A-JJ69.xml
JJ65A;33;;19v;Paris_AN_JJ_inventaire_JJ65A-JJ69.xml
JJ65A;34;;21r;Paris_AN_JJ_inventaire_JJ65A-JJ69.xml
JJ65A;35;;21v;Paris_AN_JJ_inventaire_JJ65A-JJ69.xml
JJ65A;36;;22v;Paris_AN_JJ_inventaire_JJ65A-JJ69.xml
JJ65A;37;;22v;Paris_AN_JJ_inventaire_JJ65A-JJ69.xml
JJ65A;38;;23r;Paris_AN_JJ_inventaire_JJ65A-JJ69.xml
JJ65A;39;;23v;Paris_AN_JJ_inventaire_JJ65A-JJ69.xml
JJ65A;40;;23v;Paris_AN_JJ_inventaire_JJ65A-JJ69.xml
JJ65A;41;;24r;Paris_AN_JJ_inventaire_JJ65A-JJ69.xml
JJ65A;4;;25v;Paris_AN_JJ_inventaire_JJ65A-JJ69.xml
JJ65A;42bis;;26r;Paris_AN_JJ_inventaire_JJ65A-JJ69.xml
JJ65A;43;;27r;Paris_AN_JJ_inventaire_JJ65A-JJ69.xml
JJ65A;44;;29r;Paris_AN_JJ_inventaire_JJ65A-JJ69.xml
JJ65A;45;;31r;Paris_AN_JJ_inventaire_JJ65A-JJ69.xml
JJ65A;46;;31v;Paris_AN_JJ_inventaire_JJ65A-JJ69.xml
JJ65A;47;;32r;Paris_AN_JJ_inventaire_JJ65A-JJ69.xml
JJ65A;48;;38r;Paris_AN_JJ_inventaire_JJ65A-JJ69.xml
JJ65A;49;;38v;Paris_AN_JJ_inventaire_JJ65A-JJ69.xml
JJ65A;50;;39r;Paris_AN_JJ_inventaire_JJ65A-JJ69.xml
JJ65A;51;;39v;Paris_AN_JJ_inventaire_JJ65A-JJ69.xml
JJ65A;52;;40r;Paris_AN_JJ_inventaire_JJ65A-JJ69.xml
JJ65A;53;;40v;Paris_AN_JJ_inventaire_JJ65A-JJ69.xml
JJ65A;54;;43r;Paris_AN_JJ_inventaire_JJ65A-JJ69.xml
JJ65A;55;;46r;Paris_AN_JJ_inventaire_JJ65A-JJ69.xml
JJ65A;56;;47v;Paris_AN_JJ_inventaire_JJ65A-JJ69.xml
JJ65A;57;;48r;Paris_AN_JJ_inventaire_JJ65A-JJ69.xml
JJ65A;58;;48r;Paris_AN_JJ_inventaire_JJ65A-JJ69.xml
JJ65A;59;;50r;Paris_AN_JJ_inventaire_JJ65A-JJ69.xml
JJ65A;60;;50r;Paris_AN_JJ_inventaire_JJ65A-JJ69.xml
JJ65A;61;;51r;Paris_AN_JJ_inventaire_JJ65A-JJ69.xml
JJ65A;62;;52v;Paris_AN_JJ_inventaire_JJ65A-JJ69.xml
JJ65A;62bis;;55v;Paris_AN_JJ_inventaire_JJ65A-JJ69.xml
JJ65A;63;;55v;Paris_AN_JJ_inventaire_JJ65A-JJ69.xml
JJ65A;64;;56r;Paris_AN_JJ_inventaire_JJ65A-JJ69.xml
JJ65A;65;;58r;Paris_AN_JJ_inventaire_JJ65A-JJ69.xml
JJ65A;66;;59r;Paris_AN_JJ_inventaire_JJ65A-JJ69.xml
JJ65A;67;;59r;Paris_AN_JJ_inventaire_JJ65A-JJ69.xml
JJ65A;68;;59v;Paris_AN_JJ_inventaire_JJ65A-JJ69.xml
JJ65A;69;;59v;Paris_AN_JJ_inventaire_JJ65A-JJ69.xml
JJ65A;70;;60r;Paris_AN_JJ_inventaire_JJ65A-JJ69.xml
JJ65A;71;;61r;Paris_AN_JJ_inventaire_JJ65A-JJ69.xml
JJ65A;72;;61r;Paris_AN_JJ_inventaire_JJ65A-JJ69.xml
JJ65A;73;;61v;Paris_AN_JJ_inventaire_JJ65A-JJ69.xml
JJ65A;74;;62r;Paris_AN_JJ_inventaire_JJ65A-JJ69.xml
JJ65A;75;;62r;Paris_AN_JJ_inventaire_JJ65A-JJ69.xml
JJ65A;76;;62v;Paris_AN_JJ_inventaire_JJ65A-JJ69.xml
JJ65A;77;;63r;Paris_AN_JJ_inventaire_JJ65A-JJ69.xml
JJ65A;78;;63v;Paris_AN_JJ_inventaire_JJ65A-JJ69.xml
JJ65A;79;;63v;Paris_AN_JJ_inventaire_JJ65A-JJ69.xml
JJ65A;80;;64r;Paris_AN_JJ_inventaire_JJ65A-JJ69.xml
JJ65A;81;;66r;Paris_AN_JJ_inventaire_JJ65A-JJ69.xml
JJ65A;82;;66v;Paris_AN_JJ_inventaire_JJ65A-JJ69.xml
JJ65A;83;;67r;Paris_AN_JJ_inventaire_JJ65A-JJ69.xml
JJ65A;84;;67v;Paris_AN_JJ_inventaire_JJ65A-JJ69.xml
JJ65A;85;;69r;Paris_AN_JJ_inventaire_JJ65A-JJ69.xml
JJ65A;86;;69r;Paris_AN_JJ_inventaire_JJ65A-JJ69.xml
JJ65A;87;;69v;Paris_AN_JJ_inventaire_JJ65A-JJ69.xml
JJ65A;88;;70r;Paris_AN_JJ_inventaire_JJ65A-JJ69.xml
JJ65A;89;;70v;Paris_AN_JJ_inventaire_JJ65A-JJ69.xml
JJ65A;90;;71r;Paris_AN_JJ_inventaire_JJ65A-JJ69.xml
JJ65A;91;;71v;Paris_AN_JJ_inventaire_JJ65A-JJ69.xml
JJ65A;92;;72r;Paris_AN_JJ_inventaire_JJ65A-JJ69.xml
JJ65A;93;;72r;Paris_AN_JJ_inventaire_JJ65A-JJ69.xml
JJ65A;94;;72v;Paris_AN_JJ_inventaire_JJ65A-JJ69.xml
JJ65A;95;;73r;Paris_AN_JJ_inventaire_JJ65A-JJ69.xml
JJ65A;96;;73r;Paris_AN_JJ_inventaire_JJ65A-JJ69.xml
JJ65A;97;;74r;Paris_AN_JJ_inventaire_JJ65A-JJ69.xml
JJ65A;98;;75v;Paris_AN_JJ_inventaire_JJ65A-JJ69.xml
JJ65A;99;;76r;Paris_AN_JJ_inventaire_JJ65A-JJ69.xml
JJ65A;100;;77r;Paris_AN_JJ_inventaire_JJ65A-JJ69.xml
JJ65A;101;;77r;Paris_AN_JJ_inventaire_JJ65A-JJ69.xml
JJ65A;102;;77v;Paris_AN_JJ_inventaire_JJ65A-JJ69.xml
JJ65A;103;;77v;Paris_AN_JJ_inventaire_JJ65A-JJ69.xml
JJ65A;104;;78r;Paris_AN_JJ_inventaire_JJ65A-JJ69.xml
JJ65A;105;;78r;Paris_AN_JJ_inventaire_JJ65A-JJ69.xml
JJ65A;106;;78r;Paris_AN_JJ_inventaire_JJ65A-JJ69.xml
JJ65A;107;;78r;Paris_AN_JJ_inventaire_JJ65A-JJ69.xml
JJ65A;108;;78v;Paris_AN_JJ_inventaire_JJ65A-JJ69.xml
JJ65A;109;;78v;Paris_AN_JJ_inventaire_JJ65A-JJ69.xml
JJ65A;110;;79r;Paris_AN_JJ_inventaire_JJ65A-JJ69.xml
JJ65A;111;;79v;Paris_AN_JJ_inventaire_JJ65A-JJ69.xml
JJ65A;112;;80r;Paris_AN_JJ_inventaire_JJ65A-JJ69.xml
JJ65A;113;;81v;Paris_AN_JJ_inventaire_JJ65A-JJ69.xml
JJ65A;114;;81v;Paris_AN_JJ_inventaire_JJ65A-JJ69.xml
JJ65A;115;;81v;Paris_AN_JJ_inventaire_JJ65A-JJ69.xml
JJ65A;116;;83r;Paris_AN_JJ_inventaire_JJ65A-JJ69.xml
JJ65A;117;;83v;Paris_AN_JJ_inventaire_JJ65A-JJ69.xml
JJ65A;118;;84v;Paris_AN_JJ_inventaire_JJ65A-JJ69.xml
JJ65A;119;;85v;Paris_AN_JJ_inventaire_JJ65A-JJ69.xml
JJ65A;120;;85r;Paris_AN_JJ_inventaire_JJ65A-JJ69.xml
JJ65A;121;;85v;Paris_AN_JJ_inventaire_JJ65A-JJ69.xml
JJ65A;122;;85v;Paris_AN_JJ_inventaire_JJ65A-JJ69.xml
JJ65A;123;;86r;Paris_AN_JJ_inventaire_JJ65A-JJ69.xml
JJ65A;124;;86v;Paris_AN_JJ_inventaire_JJ65A-JJ69.xml
JJ65A;125;;86v;Paris_AN_JJ_inventaire_JJ65A-JJ69.xml
JJ65A;126;;88r;Paris_AN_JJ_inventaire_JJ65A-JJ69.xml
JJ65A;127;;89r;Paris_AN_JJ_inventaire_JJ65A-JJ69.xml
JJ65A;128;;91r;Paris_AN_JJ_inventaire_JJ65A-JJ69.xml
JJ65A;129;;91v;Paris_AN_JJ_inventaire_JJ65A-JJ69.xml
JJ65A;130;;93r;Paris_AN_JJ_inventaire_JJ65A-JJ69.xml
JJ65A;131;;93v;Paris_AN_JJ_inventaire_JJ65A-JJ69.xml
JJ65A;132;;95r;Paris_AN_JJ_inventaire_JJ65A-JJ69.xml
JJ65A;133;;95v;Paris_AN_JJ_inventaire_JJ65A-JJ69.xml
JJ65A;134;;95v;Paris_AN_JJ_inventaire_JJ65A-JJ69.xml
JJ65A;135;;96r;Paris_AN_JJ_inventaire_JJ65A-JJ69.xml
JJ65A;136;;97r;Paris_AN_JJ_inventaire_JJ65A-JJ69.xml
JJ65A;137;;97v;Paris_AN_JJ_inventaire_JJ65A-JJ69.xml
JJ65A;138;;98r;Paris_AN_JJ_inventaire_JJ65A-JJ69.xml
JJ65A;13;;98v;Paris_AN_JJ_inventaire_JJ65A-JJ69.xml
JJ65A;140;;99r;Paris_AN_JJ_inventaire_JJ65A-JJ69.xml
JJ65A;141;;99v;Paris_AN_JJ_inventaire_JJ65A-JJ69.xml
JJ65A;142;;100v;Paris_AN_JJ_inventaire_JJ65A-JJ69.xml
JJ65A;143;;101r;Paris_AN_JJ_inventaire_JJ65A-JJ69.xml
JJ65A;144;;101r;Paris_AN_JJ_inventaire_JJ65A-JJ69.xml
JJ65A;145;;102v;Paris_AN_JJ_inventaire_JJ65A-JJ69.xml
JJ65A;146;;103r;Paris_AN_JJ_inventaire_JJ65A-JJ69.xml
JJ65A;147;;103v;Paris_AN_JJ_inventaire_JJ65A-JJ69.xml
JJ65A;148;;103v;Paris_AN_JJ_inventaire_JJ65A-JJ69.xml
JJ65A;149;;104r;Paris_AN_JJ_inventaire_JJ65A-JJ69.xml
JJ65A;150;;105r;Paris_AN_JJ_inventaire_JJ65A-JJ69.xml
JJ65A;151;;106r;Paris_AN_JJ_inventaire_JJ65A-JJ69.xml
JJ65A;152;;107r;Paris_AN_JJ_inventaire_JJ65A-JJ69.xml
JJ65A;153;;107r;Paris_AN_JJ_inventaire_JJ65A-JJ69.xml
JJ65A;154;;107v;Paris_AN_JJ_inventaire_JJ65A-JJ69.xml
JJ65A;155;;108r;Paris_AN_JJ_inventaire_JJ65A-JJ69.xml
JJ65A;156;;110r;Paris_AN_JJ_inventaire_JJ65A-JJ69.xml
JJ65A;157;;110v;Paris_AN_JJ_inventaire_JJ65A-JJ69.xml
JJ65A;158;;111r;Paris_AN_JJ_inventaire_JJ65A-JJ69.xml
JJ65A;159;;111v;Paris_AN_JJ_inventaire_JJ65A-JJ69.xml
JJ65A;160;;112r;Paris_AN_JJ_inventaire_JJ65A-JJ69.xml
JJ65A;161;;113v;Paris_AN_JJ_inventaire_JJ65A-JJ69.xml
JJ65A;162;;113v;Paris_AN_JJ_inventaire_JJ65A-JJ69.xml
JJ65A;163;;114r;Paris_AN_JJ_inventaire_JJ65A-JJ69.xml
JJ65A;164;;114v;Paris_AN_JJ_inventaire_JJ65A-JJ69.xml
JJ65A;165;;114v;Paris_AN_JJ_inventaire_JJ65A-JJ69.xml
JJ65A;166;;115r;Paris_AN_JJ_inventaire_JJ65A-JJ69.xml
JJ65A;167;;116v;Paris_AN_JJ_inventaire_JJ65A-JJ69.xml
JJ65A;168;;116v;Paris_AN_JJ_inventaire_JJ65A-JJ69.xml
JJ65A;169;;117r;Paris_AN_JJ_inventaire_JJ65A-JJ69.xml
JJ65A;170;;118v;Paris_AN_JJ_inventaire_JJ65A-JJ69.xml
JJ65A;171;;118v;Paris_AN_JJ_inventaire_JJ65A-JJ69.xml
JJ65A;172;;119r;Paris_AN_JJ_inventaire_JJ65A-JJ69.xml
JJ65A;173;;119r;Paris_AN_JJ_inventaire_JJ65A-JJ69.xml
JJ65A;174;;119v;Paris_AN_JJ_inventaire_JJ65A-JJ69.xml
JJ65A;175;;120r;Paris_AN_JJ_inventaire_JJ65A-JJ69.xml
JJ65A;176;;122r;Paris_AN_JJ_inventaire_JJ65A-JJ69.xml
JJ65A;177;;122r;Paris_AN_JJ_inventaire_JJ65A-JJ69.xml
JJ65A;178;;122v;Paris_AN_JJ_inventaire_JJ65A-JJ69.xml
JJ65A;179;;122v;Paris_AN_JJ_inventaire_JJ65A-JJ69.xml
JJ65A;180;;123r;Paris_AN_JJ_inventaire_JJ65A-JJ69.xml
JJ65A;181;;124r;Paris_AN_JJ_inventaire_JJ65A-JJ69.xml
JJ65A;182;;124r;Paris_AN_JJ_inventaire_JJ65A-JJ69.xml
JJ65A;183;;124r;Paris_AN_JJ_inventaire_JJ65A-JJ69.xml
JJ65A;184;;124v;Paris_AN_JJ_inventaire_JJ65A-JJ69.xml
JJ65A;185;;124v;Paris_AN_JJ_inventaire_JJ65A-JJ69.xml
JJ65A;186;;125r;Paris_AN_JJ_inventaire_JJ65A-JJ69.xml
JJ65A;187;;126r;Paris_AN_JJ_inventaire_JJ65A-JJ69.xml
JJ65A;188;;127r;Paris_AN_JJ_inventaire_JJ65A-JJ69.xml
JJ65A;189;;127v;Paris_AN_JJ_inventaire_JJ65A-JJ69.xml
JJ65A;190;;128r;Paris_AN_JJ_inventaire_JJ65A-JJ69.xml
JJ65A;191;;128r;Paris_AN_JJ_inventaire_JJ65A-JJ69.xml
JJ65A;192;;128v;Paris_AN_JJ_inventaire_JJ65A-JJ69.xml
JJ65A;193;;128v;Paris_AN_JJ_inventaire_JJ65A-JJ69.xml
JJ65A;194;;129r;Paris_AN_JJ_inventaire_JJ65A-JJ69.xml
JJ65A;195;;131r;Paris_AN_JJ_inventaire_JJ65A-JJ69.xml
JJ65A;196;;131v;Paris_AN_JJ_inventaire_JJ65A-JJ69.xml
JJ65A;197;;132r;Paris_AN_JJ_inventaire_JJ65A-JJ69.xml
JJ65A;198;;132r;Paris_AN_JJ_inventaire_JJ65A-JJ69.xml
JJ65A;199;;134r;Paris_AN_JJ_inventaire_JJ65A-JJ69.xml
JJ65A;200;;134v;Paris_AN_JJ_inventaire_JJ65A-JJ69.xml
JJ65A;201;;135r;Paris_AN_JJ_inventaire_JJ65A-JJ69.xml
JJ65A;202;;135r;Paris_AN_JJ_inventaire_JJ65A-JJ69.xml
JJ65A;203;;135v;Paris_AN_JJ_inventaire_JJ65A-JJ69.xml
JJ65A;204;;136r;Paris_AN_JJ_inventaire_JJ65A-JJ69.xml
JJ65A;205;;136v;Paris_AN_JJ_inventaire_JJ65A-JJ69.xml
JJ65A;206;;137r;Paris_AN_JJ_inventaire_JJ65A-JJ69.xml
JJ65A;207;;137r;Paris_AN_JJ_inventaire_JJ65A-JJ69.xml
JJ65A;208;;137v;Paris_AN_JJ_inventaire_JJ65A-JJ69.xml
JJ65A;209;;138r;Paris_AN_JJ_inventaire_JJ65A-JJ69.xml
JJ65A;210;;139r;Paris_AN_JJ_inventaire_JJ65A-JJ69.xml
JJ65A;211;;143r;Paris_AN_JJ_inventaire_JJ65A-JJ69.xml
JJ65A;212;;143bis;Paris_AN_JJ_inventaire_JJ65A-JJ69.xml
JJ65A;213;;144r;Paris_AN_JJ_inventaire_JJ65A-JJ69.xml
JJ65A;214;;144v;Paris_AN_JJ_inventaire_JJ65A-JJ69.xml
JJ65A;215;;145r;Paris_AN_JJ_inventaire_JJ65A-JJ69.xml
JJ65A;216;;145v;Paris_AN_JJ_inventaire_JJ65A-JJ69.xml
JJ65A;217;;145v;Paris_AN_JJ_inventaire_JJ65A-JJ69.xml
JJ65A;218;;146v;Paris_AN_JJ_inventaire_JJ65A-JJ69.xml
JJ65A;219;;147r;Paris_AN_JJ_inventaire_JJ65A-JJ69.xml
JJ65A;220;;143r;Paris_AN_JJ_inventaire_JJ65A-JJ69.xml
JJ65A;221;;148v;Paris_AN_JJ_inventaire_JJ65A-JJ69.xml
JJ65A;221bis;;149r;Paris_AN_JJ_inventaire_JJ65A-JJ69.xml
JJ65A;222;;149v;Paris_AN_JJ_inventaire_JJ65A-JJ69.xml
JJ65A;223;;149v;Paris_AN_JJ_inventaire_JJ65A-JJ69.xml
JJ65A;224;;150r;Paris_AN_JJ_inventaire_JJ65A-JJ69.xml
JJ65A;225;;150v;Paris_AN_JJ_inventaire_JJ65A-JJ69.xml
JJ65A;226;;151r;Paris_AN_JJ_inventaire_JJ65A-JJ69.xml
JJ65A;227;;151v;Paris_AN_JJ_inventaire_JJ65A-JJ69.xml
JJ65A;228;;132r;Paris_AN_JJ_inventaire_JJ65A-JJ69.xml
JJ65A;229;;152v;Paris_AN_JJ_inventaire_JJ65A-JJ69.xml
JJ65A;230;;153r;Paris_AN_JJ_inventaire_JJ65A-JJ69.xml
JJ65A;231;;153v;Paris_AN_JJ_inventaire_JJ65A-JJ69.xml
JJ65A;232;;155r;Paris_AN_JJ_inventaire_JJ65A-JJ69.xml
JJ65A;233;;155v;Paris_AN_JJ_inventaire_JJ65A-JJ69.xml
JJ65A;234;;156r;Paris_AN_JJ_inventaire_JJ65A-JJ69.xml
JJ65A;235;;156r;Paris_AN_JJ_inventaire_JJ65A-JJ69.xml
JJ65A;236;;156v;Paris_AN_JJ_inventaire_JJ65A-JJ69.xml
JJ65A;237;;156v;Paris_AN_JJ_inventaire_JJ65A-JJ69.xml
JJ65A;238;;157r;Paris_AN_JJ_inventaire_JJ65A-JJ69.xml
JJ65A;239;;157r;Paris_AN_JJ_inventaire_JJ65A-JJ69.xml
JJ65A;240;;157v;Paris_AN_JJ_inventaire_JJ65A-JJ69.xml
JJ65A;241;;157v;Paris_AN_JJ_inventaire_JJ65A-JJ69.xml
JJ65A;242;;158r;Paris_AN_JJ_inventaire_JJ65A-JJ69.xml
JJ65A;243;;158r;Paris_AN_JJ_inventaire_JJ65A-JJ69.xml
JJ65A;244;;159r;Paris_AN_JJ_inventaire_JJ65A-JJ69.xml
JJ65A;245;;159r;Paris_AN_JJ_inventaire_JJ65A-JJ69.xml
JJ65A;246;;159r;Paris_AN_JJ_inventaire_JJ65A-JJ69.xml
JJ65A;247;;159v;Paris_AN_JJ_inventaire_JJ65A-JJ69.xml
JJ65A;248;;160r;Paris_AN_JJ_inventaire_JJ65A-JJ69.xml
JJ65A;248bis;;160r;Paris_AN_JJ_inventaire_JJ65A-JJ69.xml
JJ65A;249;;160v;Paris_AN_JJ_inventaire_JJ65A-JJ69.xml
JJ65A;250;;160v;Paris_AN_JJ_inventaire_JJ65A-JJ69.xml
JJ65A;251;;161r;Paris_AN_JJ_inventaire_JJ65A-JJ69.xml
JJ65A;252;;162v;Paris_AN_JJ_inventaire_JJ65A-JJ69.xml
JJ65A;253;;162v;Paris_AN_JJ_inventaire_JJ65A-JJ69.xml
JJ65A;254;;163r;Paris_AN_JJ_inventaire_JJ65A-JJ69.xml
JJ65A;255;;164r;Paris_AN_JJ_inventaire_JJ65A-JJ69.xml
JJ65A;256;;164v;Paris_AN_JJ_inventaire_JJ65A-JJ69.xml
JJ65A;257;;165v;Paris_AN_JJ_inventaire_JJ65A-JJ69.xml
JJ65A;258;;166r;Paris_AN_JJ_inventaire_JJ65A-JJ69.xml
JJ65A;259;;170r;Paris_AN_JJ_inventaire_JJ65A-JJ69.xml
JJ65A;260;;171v;Paris_AN_JJ_inventaire_JJ65A-JJ69.xml
JJ65A;261;;172r;Paris_AN_JJ_inventaire_JJ65A-JJ69.xml
JJ65A;262;;180r;Paris_AN_JJ_inventaire_JJ65A-JJ69.xml
JJ65A;263;;180r;Paris_AN_JJ_inventaire_JJ65A-JJ69.xml
JJ65A;264;;180v;Paris_AN_JJ_inventaire_JJ65A-JJ69.xml
JJ65A;265;;181r;Paris_AN_JJ_inventaire_JJ65A-JJ69.xml
JJ65A;266;;181v;Paris_AN_JJ_inventaire_JJ65A-JJ69.xml
JJ65A;267;;183r;Paris_AN_JJ_inventaire_JJ65A-JJ69.xml
JJ65A;268;;183v;Paris_AN_JJ_inventaire_JJ65A-JJ69.xml
JJ65A;268bis;;185r;Paris_AN_JJ_inventaire_JJ65A-JJ69.xml
JJ65A;269;;185r;Paris_AN_JJ_inventaire_JJ65A-JJ69.xml
JJ65A;27;;185v;Paris_AN_JJ_inventaire_JJ65A-JJ69.xml
JJ65A;271;;186v;Paris_AN_JJ_inventaire_JJ65A-JJ69.xml
JJ65A;272;;189r;Paris_AN_JJ_inventaire_JJ65A-JJ69.xml
JJ65A;273;;189v;Paris_AN_JJ_inventaire_JJ65A-JJ69.xml
JJ65A;274;;189v;Paris_AN_JJ_inventaire_JJ65A-JJ69.xml
JJ65A;275;;190r;Paris_AN_JJ_inventaire_JJ65A-JJ69.xml
JJ65A;276;;191r;Paris_AN_JJ_inventaire_JJ65A-JJ69.xml
JJ65A;277;;191v;Paris_AN_JJ_inventaire_JJ65A-JJ69.xml
JJ65A;278;;192v;Paris_AN_JJ_inventaire_JJ65A-JJ69.xml
JJ65A;279;;194r;Paris_AN_JJ_inventaire_JJ65A-JJ69.xml
JJ65A;280;;194v;Paris_AN_JJ_inventaire_JJ65A-JJ69.xml
JJ65A;281;;195r;Paris_AN_JJ_inventaire_JJ65A-JJ69.xml
JJ65A;282;;195v;Paris_AN_JJ_inventaire_JJ65A-JJ69.xml
JJ65A;283;;197r;Paris_AN_JJ_inventaire_JJ65A-JJ69.xml
JJ65A;284;;200r;Paris_AN_JJ_inventaire_JJ65A-JJ69.xml
JJ65A;285;;200v;Paris_AN_JJ_inventaire_JJ65A-JJ69.xml
JJ65B;1;;1r;Paris_AN_JJ_inventaire_JJ65A-JJ69.xml
JJ65B;2;;1r;Paris_AN_JJ_inventaire_JJ65A-JJ69.xml
JJ65B;3;;1r;Paris_AN_JJ_inventaire_JJ65A-JJ69.xml
JJ65B;4;;1v;Paris_AN_JJ_inventaire_JJ65A-JJ69.xml
JJ65B;5;;2r;Paris_AN_JJ_inventaire_JJ65A-JJ69.xml
JJ65B;6;;2v;Paris_AN_JJ_inventaire_JJ65A-JJ69.xml
JJ65B;7;;2v;Paris_AN_JJ_inventaire_JJ65A-JJ69.xml
JJ65B;8;;3v;Paris_AN_JJ_inventaire_JJ65A-JJ69.xml
JJ65B;9;;4r;Paris_AN_JJ_inventaire_JJ65A-JJ69.xml
JJ65B;10;;4v;Paris_AN_JJ_inventaire_JJ65A-JJ69.xml
JJ65B;11;;4v;Paris_AN_JJ_inventaire_JJ65A-JJ69.xml
JJ65B;12;;5v;Paris_AN_JJ_inventaire_JJ65A-JJ69.xml
JJ65B;13;;5v;Paris_AN_JJ_inventaire_JJ65A-JJ69.xml
JJ65B;14;;6r;Paris_AN_JJ_inventaire_JJ65A-JJ69.xml
JJ65B;15;;6r;Paris_AN_JJ_inventaire_JJ65A-JJ69.xml
JJ65B;16;;6v;Paris_AN_JJ_inventaire_JJ65A-JJ69.xml
JJ65B;17;;6v;Paris_AN_JJ_inventaire_JJ65A-JJ69.xml
JJ65B;18;;6v;Paris_AN_JJ_inventaire_JJ65A-JJ69.xml
JJ65B;19;;7r;Paris_AN_JJ_inventaire_JJ65A-JJ69.xml
JJ65B;20;;7r;Paris_AN_JJ_inventaire_JJ65A-JJ69.xml
JJ65B;21;;7v;Paris_AN_JJ_inventaire_JJ65A-JJ69.xml
JJ65B;22;;7v;Paris_AN_JJ_inventaire_JJ65A-JJ69.xml
JJ65B;23;;7v;Paris_AN_JJ_inventaire_JJ65A-JJ69.xml
JJ65B;24;;8r;Paris_AN_JJ_inventaire_JJ65A-JJ69.xml
JJ65B;25;;8v;Paris_AN_JJ_inventaire_JJ65A-JJ69.xml
JJ65B;26;;9r;Paris_AN_JJ_inventaire_JJ65A-JJ69.xml
JJ65B;27;;9r;Paris_AN_JJ_inventaire_JJ65A-JJ69.xml
JJ65B;28;;9v;Paris_AN_JJ_inventaire_JJ65A-JJ69.xml
JJ65B;29;;9v;Paris_AN_JJ_inventaire_JJ65A-JJ69.xml
JJ65B;30;;10v;Paris_AN_JJ_inventaire_JJ65A-JJ69.xml
JJ65B;31;;10v;Paris_AN_JJ_inventaire_JJ65A-JJ69.xml
JJ65B;32;;10v;Paris_AN_JJ_inventaire_JJ65A-JJ69.xml
JJ65B;33;;10v;Paris_AN_JJ_inventaire_JJ65A-JJ69.xml
JJ65B;34;;11r;Paris_AN_JJ_inventaire_JJ65A-JJ69.xml
JJ65B;35;;11r;Paris_AN_JJ_inventaire_JJ65A-JJ69.xml
JJ65B;36;;11r;Paris_AN_JJ_inventaire_JJ65A-JJ69.xml
JJ65B;37;;11r;Paris_AN_JJ_inventaire_JJ65A-JJ69.xml
JJ65B;38;;11v;Paris_AN_JJ_inventaire_JJ65A-JJ69.xml
JJ65B;39;;11v;Paris_AN_JJ_inventaire_JJ65A-JJ69.xml
JJ65B;40;;12r;Paris_AN_JJ_inventaire_JJ65A-JJ69.xml
JJ65B;41;;12r;Paris_AN_JJ_inventaire_JJ65A-JJ69.xml
JJ65B;42;;12r;Paris_AN_JJ_inventaire_JJ65A-JJ69.xml
JJ65B;43;;12r;Paris_AN_JJ_inventaire_JJ65A-JJ69.xml
JJ65B;44;;12r;Paris_AN_JJ_inventaire_JJ65A-JJ69.xml
JJ65B;45;;12v;Paris_AN_JJ_inventaire_JJ65A-JJ69.xml
JJ65B;46;;12v;Paris_AN_JJ_inventaire_JJ65A-JJ69.xml
JJ65B;47;;12v;Paris_AN_JJ_inventaire_JJ65A-JJ69.xml
JJ65B;48;;13r;Paris_AN_JJ_inventaire_JJ65A-JJ69.xml
JJ65B;49;;13r;Paris_AN_JJ_inventaire_JJ65A-JJ69.xml
JJ65B;50;;13r;Paris_AN_JJ_inventaire_JJ65A-JJ69.xml
JJ65B;51;;13r;Paris_AN_JJ_inventaire_JJ65A-JJ69.xml
JJ65B;52;;13r;Paris_AN_JJ_inventaire_JJ65A-JJ69.xml
JJ65B;53;;13r;Paris_AN_JJ_inventaire_JJ65A-JJ69.xml
JJ65B;54;;13v;Paris_AN_JJ_inventaire_JJ65A-JJ69.xml
JJ65B;55;;13v;Paris_AN_JJ_inventaire_JJ65A-JJ69.xml
JJ65B;56;;13v;Paris_AN_JJ_inventaire_JJ65A-JJ69.xml
JJ65B;58;;14r;Paris_AN_JJ_inventaire_JJ65A-JJ69.xml
JJ65B;59;;14v;Paris_AN_JJ_inventaire_JJ65A-JJ69.xml
JJ65B;60;;14v;Paris_AN_JJ_inventaire_JJ65A-JJ69.xml
JJ65B;61;;14v;Paris_AN_JJ_inventaire_JJ65A-JJ69.xml
JJ65B;62;;15r;Paris_AN_JJ_inventaire_JJ65A-JJ69.xml
JJ65B;63;;15r;Paris_AN_JJ_inventaire_JJ65A-JJ69.xml
JJ65B;64;;15r;Paris_AN_JJ_inventaire_JJ65A-JJ69.xml
JJ65B;65;;15v;Paris_AN_JJ_inventaire_JJ65A-JJ69.xml
JJ65B;66;;15v;Paris_AN_JJ_inventaire_JJ65A-JJ69.xml
JJ65B;67;;15v;Paris_AN_JJ_inventaire_JJ65A-JJ69.xml
JJ65B;68;;15v;Paris_AN_JJ_inventaire_JJ65A-JJ69.xml
JJ65B;68bis;;16r;Paris_AN_JJ_inventaire_JJ65A-JJ69.xml
JJ65B;69;;16r;Paris_AN_JJ_inventaire_JJ65A-JJ69.xml
JJ65B;70;;16v;Paris_AN_JJ_inventaire_JJ65A-JJ69.xml
JJ65B;71;;17r;Paris_AN_JJ_inventaire_JJ65A-JJ69.xml
JJ65B;72;;17v;Paris_AN_JJ_inventaire_JJ65A-JJ69.xml
JJ65B;73;;18r;Paris_AN_JJ_inventaire_JJ65A-JJ69.xml
JJ65B;74;;18r;Paris_AN_JJ_inventaire_JJ65A-JJ69.xml
JJ65B;75;;18r;Paris_AN_JJ_inventaire_JJ65A-JJ69.xml
JJ65B;76;;18v;Paris_AN_JJ_inventaire_JJ65A-JJ69.xml
JJ65B;77;;18v;Paris_AN_JJ_inventaire_JJ65A-JJ69.xml
JJ65B;78;;19r;Paris_AN_JJ_inventaire_JJ65A-JJ69.xml
JJ65B;79;;19r;Paris_AN_JJ_inventaire_JJ65A-JJ69.xml
JJ65B;80;;19r;Paris_AN_JJ_inventaire_JJ65A-JJ69.xml
JJ65B;81;;19v;Paris_AN_JJ_inventaire_JJ65A-JJ69.xml
JJ65B;82;;20v;Paris_AN_JJ_inventaire_JJ65A-JJ69.xml
JJ65B;83;;21r;Paris_AN_JJ_inventaire_JJ65A-JJ69.xml
JJ65B;84;;21v;Paris_AN_JJ_inventaire_JJ65A-JJ69.xml
JJ65B;85;;21v;Paris_AN_JJ_inventaire_JJ65A-JJ69.xml
JJ65B;86;;22r;Paris_AN_JJ_inventaire_JJ65A-JJ69.xml
JJ65B;87;;22r;Paris_AN_JJ_inventaire_JJ65A-JJ69.xml
JJ65B;88;;22r;Paris_AN_JJ_inventaire_JJ65A-JJ69.xml
JJ65B;89;;22r;Paris_AN_JJ_inventaire_JJ65A-JJ69.xml
JJ65B;90;;22v;Paris_AN_JJ_inventaire_JJ65A-JJ69.xml
JJ65B;91;;22v;Paris_AN_JJ_inventaire_JJ65A-JJ69.xml
JJ65B;92;;23r;Paris_AN_JJ_inventaire_JJ65A-JJ69.xml
JJ65B;93;;23v;Paris_AN_JJ_inventaire_JJ65A-JJ69.xml
JJ65B;94;;23v;Paris_AN_JJ_inventaire_JJ65A-JJ69.xml
JJ65B;95;;24r;Paris_AN_JJ_inventaire_JJ65A-JJ69.xml
JJ65B;96;;24r;Paris_AN_JJ_inventaire_JJ65A-JJ69.xml
JJ65B;97;;24v;Paris_AN_JJ_inventaire_JJ65A-JJ69.xml
JJ65B;98;;24v;Paris_AN_JJ_inventaire_JJ65A-JJ69.xml
JJ65B;99;;25r;Paris_AN_JJ_inventaire_JJ65A-JJ69.xml
JJ65B;100;;25v;Paris_AN_JJ_inventaire_JJ65A-JJ69.xml
JJ65B;101;;25v;Paris_AN_JJ_inventaire_JJ65A-JJ69.xml
JJ65B;102;;26r;Paris_AN_JJ_inventaire_JJ65A-JJ69.xml
JJ65B;103;;26r;Paris_AN_JJ_inventaire_JJ65A-JJ69.xml
JJ65B;104;;26v;Paris_AN_JJ_inventaire_JJ65A-JJ69.xml
JJ65B;105;;27r;Paris_AN_JJ_inventaire_JJ65A-JJ69.xml
JJ65B;106;;27r;Paris_AN_JJ_inventaire_JJ65A-JJ69.xml
JJ65B;107;;29r;Paris_AN_JJ_inventaire_JJ65A-JJ69.xml
JJ65B;108;;29v;Paris_AN_JJ_inventaire_JJ65A-JJ69.xml
JJ65B;109;;29v;Paris_AN_JJ_inventaire_JJ65A-JJ69.xml
JJ65B;110;;29v;Paris_AN_JJ_inventaire_JJ65A-JJ69.xml
JJ65B;111;;29v;Paris_AN_JJ_inventaire_JJ65A-JJ69.xml
JJ65B;112;;30r;Paris_AN_JJ_inventaire_JJ65A-JJ69.xml
JJ65B;113;;30r;Paris_AN_JJ_inventaire_JJ65A-JJ69.xml
JJ65B;114;;30r;Paris_AN_JJ_inventaire_JJ65A-JJ69.xml
JJ65B;115;;30v;Paris_AN_JJ_inventaire_JJ65A-JJ69.xml
JJ65B;116;;30v;Paris_AN_JJ_inventaire_JJ65A-JJ69.xml
JJ65B;117;;30v;Paris_AN_JJ_inventaire_JJ65A-JJ69.xml
JJ65B;118;;31r;Paris_AN_JJ_inventaire_JJ65A-JJ69.xml
JJ65B;119;;31r;Paris_AN_JJ_inventaire_JJ65A-JJ69.xml
JJ65B;120;;31r;Paris_AN_JJ_inventaire_JJ65A-JJ69.xml
JJ65B;121;;31v;Paris_AN_JJ_inventaire_JJ65A-JJ69.xml
JJ65B;123;;31v;Paris_AN_JJ_inventaire_JJ65A-JJ69.xml
JJ65B;122;;31v;Paris_AN_JJ_inventaire_JJ65A-JJ69.xml
JJ65B;124;;32r;Paris_AN_JJ_inventaire_JJ65A-JJ69.xml
JJ65B;125;;32r;Paris_AN_JJ_inventaire_JJ65A-JJ69.xml
JJ65B;126;;32r;Paris_AN_JJ_inventaire_JJ65A-JJ69.xml
JJ65B;127;;32v;Paris_AN_JJ_inventaire_JJ65A-JJ69.xml
JJ65B;128;;33r;Paris_AN_JJ_inventaire_JJ65A-JJ69.xml
JJ65B;129;;33r;Paris_AN_JJ_inventaire_JJ65A-JJ69.xml
JJ65B;130;;33v;Paris_AN_JJ_inventaire_JJ65A-JJ69.xml
JJ65B;131;;33v;Paris_AN_JJ_inventaire_JJ65A-JJ69.xml
JJ65B;132;;33v;Paris_AN_JJ_inventaire_JJ65A-JJ69.xml
JJ65B;133;;34r;Paris_AN_JJ_inventaire_JJ65A-JJ69.xml
JJ65B;134;;34r;Paris_AN_JJ_inventaire_JJ65A-JJ69.xml
JJ65B;135;;34v;Paris_AN_JJ_inventaire_JJ65A-JJ69.xml
JJ65B;136;;34v;Paris_AN_JJ_inventaire_JJ65A-JJ69.xml
JJ65B;137;;35r;Paris_AN_JJ_inventaire_JJ65A-JJ69.xml
JJ65B;138;;35v;Paris_AN_JJ_inventaire_JJ65A-JJ69.xml
JJ65B;139;;35v;Paris_AN_JJ_inventaire_JJ65A-JJ69.xml
JJ65B;140;;36r;Paris_AN_JJ_inventaire_JJ65A-JJ69.xml
JJ65B;141;;36r;Paris_AN_JJ_inventaire_JJ65A-JJ69.xml
JJ65B;142;;36v;Paris_AN_JJ_inventaire_JJ65A-JJ69.xml
JJ65B;143;;37r;Paris_AN_JJ_inventaire_JJ65A-JJ69.xml
JJ65B;144;;39r;Paris_AN_JJ_inventaire_JJ65A-JJ69.xml
JJ65B;145;;39r;Paris_AN_JJ_inventaire_JJ65A-JJ69.xml
JJ65B;146;;39v;Paris_AN_JJ_inventaire_JJ65A-JJ69.xml
JJ65B;147;;39v;Paris_AN_JJ_inventaire_JJ65A-JJ69.xml
JJ65B;148;;40r;Paris_AN_JJ_inventaire_JJ65A-JJ69.xml
JJ65B;149;;40r;Paris_AN_JJ_inventaire_JJ65A-JJ69.xml
JJ65B;150;;40r;Paris_AN_JJ_inventaire_JJ65A-JJ69.xml
JJ65B;151;;41v;Paris_AN_JJ_inventaire_JJ65A-JJ69.xml
JJ65B;152;;41v;Paris_AN_JJ_inventaire_JJ65A-JJ69.xml
JJ65B;153;;42r;Paris_AN_JJ_inventaire_JJ65A-JJ69.xml
JJ65B;154;;42r;Paris_AN_JJ_inventaire_JJ65A-JJ69.xml
JJ65B;155;;42v;Paris_AN_JJ_inventaire_JJ65A-JJ69.xml
JJ65B;156;;42v;Paris_AN_JJ_inventaire_JJ65A-JJ69.xml
JJ65B;156;;43r;Paris_AN_JJ_inventaire_JJ65A-JJ69.xml
JJ65B;158;;43r;Paris_AN_JJ_inventaire_JJ65A-JJ69.xml
JJ65B;159;;43v;Paris_AN_JJ_inventaire_JJ65A-JJ69.xml
JJ65B;160;;44r;Paris_AN_JJ_inventaire_JJ65A-JJ69.xml
JJ65B;161;;44r;Paris_AN_JJ_inventaire_JJ65A-JJ69.xml
JJ65B;162;;44v;Paris_AN_JJ_inventaire_JJ65A-JJ69.xml
JJ65B;163;;44v;Paris_AN_JJ_inventaire_JJ65A-JJ69.xml
JJ65B;164;;44v;Paris_AN_JJ_inventaire_JJ65A-JJ69.xml
JJ65B;165;;45r;Paris_AN_JJ_inventaire_JJ65A-JJ69.xml
JJ65B;166;;45r;Paris_AN_JJ_inventaire_JJ65A-JJ69.xml
JJ65B;167;;45r;Paris_AN_JJ_inventaire_JJ65A-JJ69.xml
JJ65B;168;;45v;Paris_AN_JJ_inventaire_JJ65A-JJ69.xml
JJ65B;169;;45v;Paris_AN_JJ_inventaire_JJ65A-JJ69.xml
JJ65B;170;;46r;Paris_AN_JJ_inventaire_JJ65A-JJ69.xml
JJ65B;171;;46r;Paris_AN_JJ_inventaire_JJ65A-JJ69.xml
JJ65B;172;;46r;Paris_AN_JJ_inventaire_JJ65A-JJ69.xml
JJ65B;173;;46v;Paris_AN_JJ_inventaire_JJ65A-JJ69.xml
JJ65B;174;;47r;Paris_AN_JJ_inventaire_JJ65A-JJ69.xml
JJ65B;175;;47r;Paris_AN_JJ_inventaire_JJ65A-JJ69.xml
JJ65B;176;;47v;Paris_AN_JJ_inventaire_JJ65A-JJ69.xml
JJ65B;177;;47v;Paris_AN_JJ_inventaire_JJ65A-JJ69.xml
JJ65B;178;;48r;Paris_AN_JJ_inventaire_JJ65A-JJ69.xml
JJ65B;179;;48r;Paris_AN_JJ_inventaire_JJ65A-JJ69.xml
JJ65B;180;;48r;Paris_AN_JJ_inventaire_JJ65A-JJ69.xml
JJ65B;181;;48v;Paris_AN_JJ_inventaire_JJ65A-JJ69.xml
JJ65B;182;;48v;Paris_AN_JJ_inventaire_JJ65A-JJ69.xml
JJ65B;183;;48v;Paris_AN_JJ_inventaire_JJ65A-JJ69.xml
JJ65B;184;;49r;Paris_AN_JJ_inventaire_JJ65A-JJ69.xml
JJ65B;185;;49v;Paris_AN_JJ_inventaire_JJ65A-JJ69.xml
JJ65B;186;;49v;Paris_AN_JJ_inventaire_JJ65A-JJ69.xml
JJ65B;187;;50r;Paris_AN_JJ_inventaire_JJ65A-JJ69.xml
JJ65B;188;;50v;Paris_AN_JJ_inventaire_JJ65A-JJ69.xml
JJ65B;188bis;;51r;Paris_AN_JJ_inventaire_JJ65A-JJ69.xml
JJ65B;188ter;;51v;Paris_AN_JJ_inventaire_JJ65A-JJ69.xml
JJ65B;189;;52r;Paris_AN_JJ_inventaire_JJ65A-JJ69.xml
JJ65B;190;;52r;Paris_AN_JJ_inventaire_JJ65A-JJ69.xml
JJ65B;191;;52v;Paris_AN_JJ_inventaire_JJ65A-JJ69.xml
JJ65B;192;;53r;Paris_AN_JJ_inventaire_JJ65A-JJ69.xml
JJ65B;193;;54r;Paris_AN_JJ_inventaire_JJ65A-JJ69.xml
JJ65B;194;;55v;Paris_AN_JJ_inventaire_JJ65A-JJ69.xml
JJ65B;195;;56r;Paris_AN_JJ_inventaire_JJ65A-JJ69.xml
JJ65B;196;;56v;Paris_AN_JJ_inventaire_JJ65A-JJ69.xml
JJ65B;197;;57r;Paris_AN_JJ_inventaire_JJ65A-JJ69.xml
JJ65B;198;;57v;Paris_AN_JJ_inventaire_JJ65A-JJ69.xml
JJ65B;199;;57v;Paris_AN_JJ_inventaire_JJ65A-JJ69.xml
JJ65B;200;;57v;Paris_AN_JJ_inventaire_JJ65A-JJ69.xml
JJ65B;201;;58r;Paris_AN_JJ_inventaire_JJ65A-JJ69.xml
JJ65B;202;;58v;Paris_AN_JJ_inventaire_JJ65A-JJ69.xml
JJ65B;203;;58v;Paris_AN_JJ_inventaire_JJ65A-JJ69.xml
JJ65B;204;;59v;Paris_AN_JJ_inventaire_JJ65A-JJ69.xml
JJ65B;205;;59v;Paris_AN_JJ_inventaire_JJ65A-JJ69.xml
JJ65B;206;;61r;Paris_AN_JJ_inventaire_JJ65A-JJ69.xml
JJ65B;207;;62r;Paris_AN_JJ_inventaire_JJ65A-JJ69.xml
JJ65B;208;;63v;Paris_AN_JJ_inventaire_JJ65A-JJ69.xml
JJ65B;209;;65r;Paris_AN_JJ_inventaire_JJ65A-JJ69.xml
JJ65B;210;;65v;Paris_AN_JJ_inventaire_JJ65A-JJ69.xml
JJ65B;211;;65v;Paris_AN_JJ_inventaire_JJ65A-JJ69.xml
JJ65B;212;;66v;Paris_AN_JJ_inventaire_JJ65A-JJ69.xml
JJ65B;213;;67r;Paris_AN_JJ_inventaire_JJ65A-JJ69.xml
JJ65B;214;;67v;Paris_AN_JJ_inventaire_JJ65A-JJ69.xml
JJ65B;215;;68r;Paris_AN_JJ_inventaire_JJ65A-JJ69.xml
JJ65B;216;;68r;Paris_AN_JJ_inventaire_JJ65A-JJ69.xml
JJ65B;217;;68r;Paris_AN_JJ_inventaire_JJ65A-JJ69.xml
JJ65B;218;;68v;Paris_AN_JJ_inventaire_JJ65A-JJ69.xml
JJ65B;219;;68v;Paris_AN_JJ_inventaire_JJ65A-JJ69.xml
JJ65B;220;;69r;Paris_AN_JJ_inventaire_JJ65A-JJ69.xml
JJ65B;221;;69r;Paris_AN_JJ_inventaire_JJ65A-JJ69.xml
JJ65B;222;;69r;Paris_AN_JJ_inventaire_JJ65A-JJ69.xml
JJ65B;223;;69r;Paris_AN_JJ_inventaire_JJ65A-JJ69.xml
JJ65B;224;;69v;Paris_AN_JJ_inventaire_JJ65A-JJ69.xml
JJ65B;225;;70r;Paris_AN_JJ_inventaire_JJ65A-JJ69.xml
JJ65B;226;;70r;Paris_AN_JJ_inventaire_JJ65A-JJ69.xml
JJ65B;227;;70r;Paris_AN_JJ_inventaire_JJ65A-JJ69.xml
JJ65B;228;;70v;Paris_AN_JJ_inventaire_JJ65A-JJ69.xml
JJ65B;229;;70v;Paris_AN_JJ_inventaire_JJ65A-JJ69.xml
JJ65B;230;;71r;Paris_AN_JJ_inventaire_JJ65A-JJ69.xml
JJ65B;231;;71r;Paris_AN_JJ_inventaire_JJ65A-JJ69.xml
JJ65B;232;;71r;Paris_AN_JJ_inventaire_JJ65A-JJ69.xml
JJ65B;233;;71r;Paris_AN_JJ_inventaire_JJ65A-JJ69.xml
JJ65B;234;;71v;Paris_AN_JJ_inventaire_JJ65A-JJ69.xml
JJ65B;235;;72v;Paris_AN_JJ_inventaire_JJ65A-JJ69.xml
JJ65B;236;;73v;Paris_AN_JJ_inventaire_JJ65A-JJ69.xml
JJ65B;237;;73v;Paris_AN_JJ_inventaire_JJ65A-JJ69.xml
JJ65B;238;;74r;Paris_AN_JJ_inventaire_JJ65A-JJ69.xml
JJ65B;239;;74r;Paris_AN_JJ_inventaire_JJ65A-JJ69.xml
JJ65B;240;;74v;Paris_AN_JJ_inventaire_JJ65A-JJ69.xml
JJ65B;241;;75r;Paris_AN_JJ_inventaire_JJ65A-JJ69.xml
JJ65B;243;;77r;Paris_AN_JJ_inventaire_JJ65A-JJ69.xml
JJ65B;244;;77r;Paris_AN_JJ_inventaire_JJ65A-JJ69.xml
JJ65B;245;;78r;Paris_AN_JJ_inventaire_JJ65A-JJ69.xml
JJ65B;246;;79r;Paris_AN_JJ_inventaire_JJ65A-JJ69.xml
JJ65B;247;;79r;Paris_AN_JJ_inventaire_JJ65A-JJ69.xml
JJ65B;248;;79r;Paris_AN_JJ_inventaire_JJ65A-JJ69.xml
JJ65B;249;;80r;Paris_AN_JJ_inventaire_JJ65A-JJ69.xml
JJ65B;250;;80r;Paris_AN_JJ_inventaire_JJ65A-JJ69.xml
JJ65B;251;;80r;Paris_AN_JJ_inventaire_JJ65A-JJ69.xml
JJ65B;252;;80v;Paris_AN_JJ_inventaire_JJ65A-JJ69.xml
JJ65B;253;;80v;Paris_AN_JJ_inventaire_JJ65A-JJ69.xml
JJ65B;254;;80v;Paris_AN_JJ_inventaire_JJ65A-JJ69.xml
JJ65B;255;;80v;Paris_AN_JJ_inventaire_JJ65A-JJ69.xml
JJ65B;256;;81r;Paris_AN_JJ_inventaire_JJ65A-JJ69.xml
JJ65B;257;;81r;Paris_AN_JJ_inventaire_JJ65A-JJ69.xml
JJ65B;258;;81r;Paris_AN_JJ_inventaire_JJ65A-JJ69.xml
JJ65B;259;;81r;Paris_AN_JJ_inventaire_JJ65A-JJ69.xml
JJ65B;260;;81v;Paris_AN_JJ_inventaire_JJ65A-JJ69.xml
JJ65B;261;;82r;Paris_AN_JJ_inventaire_JJ65A-JJ69.xml
JJ65B;262;;82r;Paris_AN_JJ_inventaire_JJ65A-JJ69.xml
JJ65B;263;;82v;Paris_AN_JJ_inventaire_JJ65A-JJ69.xml
JJ65B;262;;82v;Paris_AN_JJ_inventaire_JJ65A-JJ69.xml
JJ65B;265;;82v;Paris_AN_JJ_inventaire_JJ65A-JJ69.xml
JJ65B;266;;83r;Paris_AN_JJ_inventaire_JJ65A-JJ69.xml
JJ65B;267;;83r;Paris_AN_JJ_inventaire_JJ65A-JJ69.xml
JJ65B;268;;83r;Paris_AN_JJ_inventaire_JJ65A-JJ69.xml
JJ65B;269;;83v;Paris_AN_JJ_inventaire_JJ65A-JJ69.xml
JJ65B;270;;83v;Paris_AN_JJ_inventaire_JJ65A-JJ69.xml
JJ65B;271;;83v;Paris_AN_JJ_inventaire_JJ65A-JJ69.xml
JJ65B;272;;84r;Paris_AN_JJ_inventaire_JJ65A-JJ69.xml
JJ65B;273;;86v;Paris_AN_JJ_inventaire_JJ65A-JJ69.xml
JJ65B;274;;86v;Paris_AN_JJ_inventaire_JJ65A-JJ69.xml
JJ65B;275;;87v;Paris_AN_JJ_inventaire_JJ65A-JJ69.xml
JJ65B;276;;88v;Paris_AN_JJ_inventaire_JJ65A-JJ69.xml
JJ65B;277;;88v;Paris_AN_JJ_inventaire_JJ65A-JJ69.xml
JJ65B;278;;89r;Paris_AN_JJ_inventaire_JJ65A-JJ69.xml
JJ65B;279;;89r;Paris_AN_JJ_inventaire_JJ65A-JJ69.xml
JJ65B;280;;89v;Paris_AN_JJ_inventaire_JJ65A-JJ69.xml
JJ65B;281;;90r;Paris_AN_JJ_inventaire_JJ65A-JJ69.xml
JJ65B;283;;91r;Paris_AN_JJ_inventaire_JJ65A-JJ69.xml
JJ65B;284;;92r;Paris_AN_JJ_inventaire_JJ65A-JJ69.xml
JJ65B;285;;92r;Paris_AN_JJ_inventaire_JJ65A-JJ69.xml
JJ65B;286;;92v;Paris_AN_JJ_inventaire_JJ65A-JJ69.xml
JJ65B;287;;93r;Paris_AN_JJ_inventaire_JJ65A-JJ69.xml
JJ65B;288;;94r;Paris_AN_JJ_inventaire_JJ65A-JJ69.xml
JJ65B;289;;94r;Paris_AN_JJ_inventaire_JJ65A-JJ69.xml
JJ65B;290;;94v;Paris_AN_JJ_inventaire_JJ65A-JJ69.xml
JJ65B;291;;94v;Paris_AN_JJ_inventaire_JJ65A-JJ69.xml
JJ65B;292;;95r;Paris_AN_JJ_inventaire_JJ65A-JJ69.xml
JJ65B;293;;95r;Paris_AN_JJ_inventaire_JJ65A-JJ69.xml
JJ65B;294;;96r;Paris_AN_JJ_inventaire_JJ65A-JJ69.xml
JJ65B;295;;96v;Paris_AN_JJ_inventaire_JJ65A-JJ69.xml
JJ65B;296;;97r;Paris_AN_JJ_inventaire_JJ65A-JJ69.xml
JJ65B;297;;97r;Paris_AN_JJ_inventaire_JJ65A-JJ69.xml
JJ65B;298;;97v;Paris_AN_JJ_inventaire_JJ65A-JJ69.xml
JJ65B;299;;98v;Paris_AN_JJ_inventaire_JJ65A-JJ69.xml
JJ65B;300;;98v;Paris_AN_JJ_inventaire_JJ65A-JJ69.xml
JJ65B;301;;99r;Paris_AN_JJ_inventaire_JJ65A-JJ69.xml
JJ65B;302;;99r;Paris_AN_JJ_inventaire_JJ65A-JJ69.xml
JJ65B;303;;99v;Paris_AN_JJ_inventaire_JJ65A-JJ69.xml
JJ65B;304;;100r;Paris_AN_JJ_inventaire_JJ65A-JJ69.xml
JJ65B;305;;100r;Paris_AN_JJ_inventaire_JJ65A-JJ69.xml
JJ65B;306;;100v;Paris_AN_JJ_inventaire_JJ65A-JJ69.xml
JJ65B;307;;101r;Paris_AN_JJ_inventaire_JJ65A-JJ69.xml
JJ65B;308;;102r;Paris_AN_JJ_inventaire_JJ65A-JJ69.xml
JJ65B;309;;102r;Paris_AN_JJ_inventaire_JJ65A-JJ69.xml
JJ65B;310;;103r;Paris_AN_JJ_inventaire_JJ65A-JJ69.xml
JJ65B;311;;104r;Paris_AN_JJ_inventaire_JJ65A-JJ69.xml
JJ65B;312;;104r;Paris_AN_JJ_inventaire_JJ65A-JJ69.xml
JJ65B;313;;104v;Paris_AN_JJ_inventaire_JJ65A-JJ69.xml
JJ65B;314;;104v;Paris_AN_JJ_inventaire_JJ65A-JJ69.xml
JJ65B;316;;106r;Paris_AN_JJ_inventaire_JJ65A-JJ69.xml
JJ65B;317;;106v;Paris_AN_JJ_inventaire_JJ65A-JJ69.xml
JJ65B;318;;107v;Paris_AN_JJ_inventaire_JJ65A-JJ69.xml
JJ65B;319;;107v;Paris_AN_JJ_inventaire_JJ65A-JJ69.xml
JJ65B;320;;108r;Paris_AN_JJ_inventaire_JJ65A-JJ69.xml
JJ65B;321;;108r;Paris_AN_JJ_inventaire_JJ65A-JJ69.xml
JJ65B;322;;109r;Paris_AN_JJ_inventaire_JJ65A-JJ69.xml
JJ65B;323;;110v;Paris_AN_JJ_inventaire_JJ65A-JJ69.xml
JJ65B;324;;111v;Paris_AN_JJ_inventaire_JJ65A-JJ69.xml
JJ65B;325;;113r;Paris_AN_JJ_inventaire_JJ65A-JJ69.xml
JJ65B;326;;113r;Paris_AN_JJ_inventaire_JJ65A-JJ69.xml
JJ65B;327;;114r;Paris_AN_JJ_inventaire_JJ65A-JJ69.xml
JJ65B;328;;114v;Paris_AN_JJ_inventaire_JJ65A-JJ69.xml
JJ65B;329;;114v;Paris_AN_JJ_inventaire_JJ65A-JJ69.xml
JJ65B;330;;114v;Paris_AN_JJ_inventaire_JJ65A-JJ69.xml
JJ65B;331;;114v;Paris_AN_JJ_inventaire_JJ65A-JJ69.xml
JJ65B;332;;115r;Paris_AN_JJ_inventaire_JJ65A-JJ69.xml
JJ65B;333;;115r;Paris_AN_JJ_inventaire_JJ65A-JJ69.xml
JJ65B;334;;115r;Paris_AN_JJ_inventaire_JJ65A-JJ69.xml
JJ65B;335;;115r;Paris_AN_JJ_inventaire_JJ65A-JJ69.xml
JJ65B;336;;115r;Paris_AN_JJ_inventaire_JJ65A-JJ69.xml
JJ65B;337;;115v;Paris_AN_JJ_inventaire_JJ65A-JJ69.xml
JJ65B;338;;115v;Paris_AN_JJ_inventaire_JJ65A-JJ69.xml
JJ65B;339;;116r;Paris_AN_JJ_inventaire_JJ65A-JJ69.xml
JJ65B;340;;116r;Paris_AN_JJ_inventaire_JJ65A-JJ69.xml
JJ65B;341;;116r;Paris_AN_JJ_inventaire_JJ65A-JJ69.xml
JJ65B;342;;116v;Paris_AN_JJ_inventaire_JJ65A-JJ69.xml
JJ65B;343;;116v;Paris_AN_JJ_inventaire_JJ65A-JJ69.xml
JJ65B;344;;117r;Paris_AN_JJ_inventaire_JJ65A-JJ69.xml
JJ65B;345;;117v;Paris_AN_JJ_inventaire_JJ65A-JJ69.xml
JJ66;1;;1r;Paris_AN_JJ_inventaire_JJ65A-JJ69.xml
JJ66;2;;1v;Paris_AN_JJ_inventaire_JJ65A-JJ69.xml
JJ66;3;;1v;Paris_AN_JJ_inventaire_JJ65A-JJ69.xml
JJ66;4;;2r;Paris_AN_JJ_inventaire_JJ65A-JJ69.xml
JJ66;5;;3r;Paris_AN_JJ_inventaire_JJ65A-JJ69.xml
JJ66;6;;3r;Paris_AN_JJ_inventaire_JJ65A-JJ69.xml
JJ66;7;;3v;Paris_AN_JJ_inventaire_JJ65A-JJ69.xml
JJ66;8;;3v;Paris_AN_JJ_inventaire_JJ65A-JJ69.xml
JJ66;9;;4r;Paris_AN_JJ_inventaire_JJ65A-JJ69.xml
JJ66;10;;4v;Paris_AN_JJ_inventaire_JJ65A-JJ69.xml
JJ66;11;;5r;Paris_AN_JJ_inventaire_JJ65A-JJ69.xml
JJ66;12;;5v;Paris_AN_JJ_inventaire_JJ65A-JJ69.xml
JJ66;13;;6v;Paris_AN_JJ_inventaire_JJ65A-JJ69.xml
JJ66;14;;7r;Paris_AN_JJ_inventaire_JJ65A-JJ69.xml
JJ66;15;;7r;Paris_AN_JJ_inventaire_JJ65A-JJ69.xml
JJ66;16;;7v;Paris_AN_JJ_inventaire_JJ65A-JJ69.xml
JJ66;17;;7v;Paris_AN_JJ_inventaire_JJ65A-JJ69.xml
JJ66;18;;8r;Paris_AN_JJ_inventaire_JJ65A-JJ69.xml
JJ66;19;;8v;Paris_AN_JJ_inventaire_JJ65A-JJ69.xml
JJ66;20;;8v;Paris_AN_JJ_inventaire_JJ65A-JJ69.xml
JJ66;21;;8v;Paris_AN_JJ_inventaire_JJ65A-JJ69.xml
JJ66;22;;8v;Paris_AN_JJ_inventaire_JJ65A-JJ69.xml
JJ66;23;;9r;Paris_AN_JJ_inventaire_JJ65A-JJ69.xml
JJ66;24;;9r;Paris_AN_JJ_inventaire_JJ65A-JJ69.xml
JJ66;25;;9r;Paris_AN_JJ_inventaire_JJ65A-JJ69.xml
JJ66;26;;9v;Paris_AN_JJ_inventaire_JJ65A-JJ69.xml
JJ66;27;;10r;Paris_AN_JJ_inventaire_JJ65A-JJ69.xml
JJ66;28;;10r;Paris_AN_JJ_inventaire_JJ65A-JJ69.xml
JJ66;29;;10r;Paris_AN_JJ_inventaire_JJ65A-JJ69.xml
JJ66;30;;10v;Paris_AN_JJ_inventaire_JJ65A-JJ69.xml
JJ66;31;;10v;Paris_AN_JJ_inventaire_JJ65A-JJ69.xml
JJ66;32;;11r;Paris_AN_JJ_inventaire_JJ65A-JJ69.xml
JJ66;33;;11r;Paris_AN_JJ_inventaire_JJ65A-JJ69.xml
JJ66;34;;11v;Paris_AN_JJ_inventaire_JJ65A-JJ69.xml
JJ66;35;;12r;Paris_AN_JJ_inventaire_JJ65A-JJ69.xml
JJ66;36;;12v;Paris_AN_JJ_inventaire_JJ65A-JJ69.xml
JJ66;37;;13r;Paris_AN_JJ_inventaire_JJ65A-JJ69.xml
JJ66;38;;13r;Paris_AN_JJ_inventaire_JJ65A-JJ69.xml
JJ66;39;;13r;Paris_AN_JJ_inventaire_JJ65A-JJ69.xml
JJ66;40;;13r;Paris_AN_JJ_inventaire_JJ65A-JJ69.xml
JJ66;41;;13r;Paris_AN_JJ_inventaire_JJ65A-JJ69.xml
JJ66;42;;13v;Paris_AN_JJ_inventaire_JJ65A-JJ69.xml
JJ66;43;;13v;Paris_AN_JJ_inventaire_JJ65A-JJ69.xml
JJ66;44;;13v;Paris_AN_JJ_inventaire_JJ65A-JJ69.xml
JJ66;45;;13v;Paris_AN_JJ_inventaire_JJ65A-JJ69.xml
JJ66;46;;13v;Paris_AN_JJ_inventaire_JJ65A-JJ69.xml
JJ66;47;;14r;Paris_AN_JJ_inventaire_JJ65A-JJ69.xml
JJ66;48;;14r;Paris_AN_JJ_inventaire_JJ65A-JJ69.xml
JJ66;49;;14r;Paris_AN_JJ_inventaire_JJ65A-JJ69.xml
JJ66;50;;14v;Paris_AN_JJ_inventaire_JJ65A-JJ69.xml
JJ66;51;;14v;Paris_AN_JJ_inventaire_JJ65A-JJ69.xml
JJ66;52;;14v;Paris_AN_JJ_inventaire_JJ65A-JJ69.xml
JJ66;53;;15r;Paris_AN_JJ_inventaire_JJ65A-JJ69.xml
JJ66;54;;15v;Paris_AN_JJ_inventaire_JJ65A-JJ69.xml
JJ66;55;;16r;Paris_AN_JJ_inventaire_JJ65A-JJ69.xml
JJ66;56;;16v;Paris_AN_JJ_inventaire_JJ65A-JJ69.xml
JJ66;57;;16v;Paris_AN_JJ_inventaire_JJ65A-JJ69.xml
JJ66;58;;17r;Paris_AN_JJ_inventaire_JJ65A-JJ69.xml
JJ66;59;;17r;Paris_AN_JJ_inventaire_JJ65A-JJ69.xml
JJ66;60;;17r;Paris_AN_JJ_inventaire_JJ65A-JJ69.xml
JJ66;61;;17v;Paris_AN_JJ_inventaire_JJ65A-JJ69.xml
JJ66;62;;17v;Paris_AN_JJ_inventaire_JJ65A-JJ69.xml
JJ66;63;;17v;Paris_AN_JJ_inventaire_JJ65A-JJ69.xml
JJ66;64;;17v;Paris_AN_JJ_inventaire_JJ65A-JJ69.xml
JJ66;65;;18r;Paris_AN_JJ_inventaire_JJ65A-JJ69.xml
JJ66;66;;18r;Paris_AN_JJ_inventaire_JJ65A-JJ69.xml
JJ66;67;;18r;Paris_AN_JJ_inventaire_JJ65A-JJ69.xml
JJ66;68;;18v;Paris_AN_JJ_inventaire_JJ65A-JJ69.xml
JJ66;69;;18v;Paris_AN_JJ_inventaire_JJ65A-JJ69.xml
JJ66;70;;19r;Paris_AN_JJ_inventaire_JJ65A-JJ69.xml
JJ66;71;;19v;Paris_AN_JJ_inventaire_JJ65A-JJ69.xml
JJ66;72;;19v;Paris_AN_JJ_inventaire_JJ65A-JJ69.xml
JJ66;73;;20r;Paris_AN_JJ_inventaire_JJ65A-JJ69.xml
JJ66;74;;20r;Paris_AN_JJ_inventaire_JJ65A-JJ69.xml
JJ66;75;;20v;Paris_AN_JJ_inventaire_JJ65A-JJ69.xml
JJ66;76;;21r;Paris_AN_JJ_inventaire_JJ65A-JJ69.xml
JJ66;77;;21v;Paris_AN_JJ_inventaire_JJ65A-JJ69.xml
JJ66;78;;23r;Paris_AN_JJ_inventaire_JJ65A-JJ69.xml
JJ66;79;;23v;Paris_AN_JJ_inventaire_JJ65A-JJ69.xml
JJ66;80;;24r;Paris_AN_JJ_inventaire_JJ65A-JJ69.xml
JJ66;81;;24r;Paris_AN_JJ_inventaire_JJ65A-JJ69.xml
JJ66;82;;24v;Paris_AN_JJ_inventaire_JJ65A-JJ69.xml
JJ66;83;;24v;Paris_AN_JJ_inventaire_JJ65A-JJ69.xml
JJ66;84;;24v;Paris_AN_JJ_inventaire_JJ65A-JJ69.xml
JJ66;85;;25r;Paris_AN_JJ_inventaire_JJ65A-JJ69.xml
JJ66;86;;26v;Paris_AN_JJ_inventaire_JJ65A-JJ69.xml
JJ66;87;;27r;Paris_AN_JJ_inventaire_JJ65A-JJ69.xml
JJ66;88;;27v;Paris_AN_JJ_inventaire_JJ65A-JJ69.xml
JJ66;89;;28v;Paris_AN_JJ_inventaire_JJ65A-JJ69.xml
JJ66;90;;29v;Paris_AN_JJ_inventaire_JJ65A-JJ69.xml
JJ66;91;;32r;Paris_AN_JJ_inventaire_JJ65A-JJ69.xml
JJ66;92;;32v;Paris_AN_JJ_inventaire_JJ65A-JJ69.xml
JJ66;93;;32v;Paris_AN_JJ_inventaire_JJ65A-JJ69.xml
JJ66;94;;32v;Paris_AN_JJ_inventaire_JJ65A-JJ69.xml
JJ66;95;;33r;Paris_AN_JJ_inventaire_JJ65A-JJ69.xml
JJ66;96;;33r;Paris_AN_JJ_inventaire_JJ65A-JJ69.xml
JJ66;97;;33v;Paris_AN_JJ_inventaire_JJ65A-JJ69.xml
JJ66;98;;33v;Paris_AN_JJ_inventaire_JJ65A-JJ69.xml
JJ66;99;;34r;Paris_AN_JJ_inventaire_JJ65A-JJ69.xml
JJ66;100;;34r;Paris_AN_JJ_inventaire_JJ65A-JJ69.xml
JJ66;101;;34v;Paris_AN_JJ_inventaire_JJ65A-JJ69.xml
JJ66;102;;35r;Paris_AN_JJ_inventaire_JJ65A-JJ69.xml
JJ66;103;;35r;Paris_AN_JJ_inventaire_JJ65A-JJ69.xml
JJ66;104;;35r;Paris_AN_JJ_inventaire_JJ65A-JJ69.xml
JJ66;105;;35v;Paris_AN_JJ_inventaire_JJ65A-JJ69.xml
JJ66;106;;36r;Paris_AN_JJ_inventaire_JJ65A-JJ69.xml
JJ66;107;;36r;Paris_AN_JJ_inventaire_JJ65A-JJ69.xml
JJ66;108;;36v;Paris_AN_JJ_inventaire_JJ65A-JJ69.xml
JJ66;109;;37r;Paris_AN_JJ_inventaire_JJ65A-JJ69.xml
JJ66;110;;37r;Paris_AN_JJ_inventaire_JJ65A-JJ69.xml
JJ66;111;;37v;Paris_AN_JJ_inventaire_JJ65A-JJ69.xml
JJ66;112;;38r;Paris_AN_JJ_inventaire_JJ65A-JJ69.xml
JJ66;113;;38r;Paris_AN_JJ_inventaire_JJ65A-JJ69.xml
JJ66;114;;38r;Paris_AN_JJ_inventaire_JJ65A-JJ69.xml
JJ66;115;;38v;Paris_AN_JJ_inventaire_JJ65A-JJ69.xml
JJ66;116;;39r;Paris_AN_JJ_inventaire_JJ65A-JJ69.xml
JJ66;117;;39v;Paris_AN_JJ_inventaire_JJ65A-JJ69.xml
JJ66;118;;41r;Paris_AN_JJ_inventaire_JJ65A-JJ69.xml
JJ66;119;;41r;Paris_AN_JJ_inventaire_JJ65A-JJ69.xml
JJ66;120;;41v;Paris_AN_JJ_inventaire_JJ65A-JJ69.xml
JJ66;121;;42v;Paris_AN_JJ_inventaire_JJ65A-JJ69.xml
JJ66;122;;43r;Paris_AN_JJ_inventaire_JJ65A-JJ69.xml
JJ66;123;;45r;Paris_AN_JJ_inventaire_JJ65A-JJ69.xml
JJ66;124;;45v;Paris_AN_JJ_inventaire_JJ65A-JJ69.xml
JJ66;125;;45v;Paris_AN_JJ_inventaire_JJ65A-JJ69.xml
JJ66;126;;46r;Paris_AN_JJ_inventaire_JJ65A-JJ69.xml
JJ66;127;;46v;Paris_AN_JJ_inventaire_JJ65A-JJ69.xml
JJ66;128;;47r;Paris_AN_JJ_inventaire_JJ65A-JJ69.xml
JJ66;129;;47v;Paris_AN_JJ_inventaire_JJ65A-JJ69.xml
JJ66;130;;47v;Paris_AN_JJ_inventaire_JJ65A-JJ69.xml
JJ66;131;;48r;Paris_AN_JJ_inventaire_JJ65A-JJ69.xml
JJ66;132;;49r;Paris_AN_JJ_inventaire_JJ65A-JJ69.xml
JJ66;133;;49r;Paris_AN_JJ_inventaire_JJ65A-JJ69.xml
JJ66;134;;49r;Paris_AN_JJ_inventaire_JJ65A-JJ69.xml
JJ66;135;;49v;Paris_AN_JJ_inventaire_JJ65A-JJ69.xml
JJ66;136;;50r;Paris_AN_JJ_inventaire_JJ65A-JJ69.xml
JJ66;137;;50r;Paris_AN_JJ_inventaire_JJ65A-JJ69.xml
JJ66;138;;50v;Paris_AN_JJ_inventaire_JJ65A-JJ69.xml
JJ66;139;;50v;Paris_AN_JJ_inventaire_JJ65A-JJ69.xml
JJ66;140;;51r;Paris_AN_JJ_inventaire_JJ65A-JJ69.xml
JJ66;141;;51v;Paris_AN_JJ_inventaire_JJ65A-JJ69.xml
JJ66;142;;52v;Paris_AN_JJ_inventaire_JJ65A-JJ69.xml
JJ66;143;;53r;Paris_AN_JJ_inventaire_JJ65A-JJ69.xml
JJ66;144;;53v;Paris_AN_JJ_inventaire_JJ65A-JJ69.xml
JJ66;145;;55v;Paris_AN_JJ_inventaire_JJ65A-JJ69.xml
JJ66;146;;56r;Paris_AN_JJ_inventaire_JJ65A-JJ69.xml
JJ66;147;;56v;Paris_AN_JJ_inventaire_JJ65A-JJ69.xml
JJ66;148;;57r;Paris_AN_JJ_inventaire_JJ65A-JJ69.xml
JJ66;149;;57r;Paris_AN_JJ_inventaire_JJ65A-JJ69.xml
JJ66;150;;57v;Paris_AN_JJ_inventaire_JJ65A-JJ69.xml
JJ66;151;;57v;Paris_AN_JJ_inventaire_JJ65A-JJ69.xml
JJ66;152;;58r;Paris_AN_JJ_inventaire_JJ65A-JJ69.xml
JJ66;153;;58r;Paris_AN_JJ_inventaire_JJ65A-JJ69.xml
JJ66;153bis;;59r;Paris_AN_JJ_inventaire_JJ65A-JJ69.xml
JJ66;154;;59r;Paris_AN_JJ_inventaire_JJ65A-JJ69.xml
JJ66;155;;59v;Paris_AN_JJ_inventaire_JJ65A-JJ69.xml
JJ66;156;;60r;Paris_AN_JJ_inventaire_JJ65A-JJ69.xml
JJ66;157;;61r;Paris_AN_JJ_inventaire_JJ65A-JJ69.xml
JJ66;158;;61v;Paris_AN_JJ_inventaire_JJ65A-JJ69.xml
JJ66;159;;62r;Paris_AN_JJ_inventaire_JJ65A-JJ69.xml
JJ66;160;;62v;Paris_AN_JJ_inventaire_JJ65A-JJ69.xml
JJ66;161;;62v;Paris_AN_JJ_inventaire_JJ65A-JJ69.xml
JJ66;162;;63r;Paris_AN_JJ_inventaire_JJ65A-JJ69.xml
JJ66;163;;63r;Paris_AN_JJ_inventaire_JJ65A-JJ69.xml
JJ66;164;;63r;Paris_AN_JJ_inventaire_JJ65A-JJ69.xml
JJ66;165;;63r;Paris_AN_JJ_inventaire_JJ65A-JJ69.xml
JJ66;166;;63v;Paris_AN_JJ_inventaire_JJ65A-JJ69.xml
JJ66;167;;63v;Paris_AN_JJ_inventaire_JJ65A-JJ69.xml
JJ66;168;;63v;Paris_AN_JJ_inventaire_JJ65A-JJ69.xml
JJ66;169;;64r;Paris_AN_JJ_inventaire_JJ65A-JJ69.xml
JJ66;170;;64r;Paris_AN_JJ_inventaire_JJ65A-JJ69.xml
JJ66;171;;64v;Paris_AN_JJ_inventaire_JJ65A-JJ69.xml
JJ66;172;;65r;Paris_AN_JJ_inventaire_JJ65A-JJ69.xml
JJ66;173;;65r;Paris_AN_JJ_inventaire_JJ65A-JJ69.xml
JJ66;174;;65r;Paris_AN_JJ_inventaire_JJ65A-JJ69.xml
JJ66;175;;65v;Paris_AN_JJ_inventaire_JJ65A-JJ69.xml
JJ66;176;;65v;Paris_AN_JJ_inventaire_JJ65A-JJ69.xml
JJ66;178;;65v;Paris_AN_JJ_inventaire_JJ65A-JJ69.xml
JJ66;178;;65v;Paris_AN_JJ_inventaire_JJ65A-JJ69.xml
JJ66;179;;65v;Paris_AN_JJ_inventaire_JJ65A-JJ69.xml
JJ66;180;;66r;Paris_AN_JJ_inventaire_JJ65A-JJ69.xml
JJ66;181;;66v;Paris_AN_JJ_inventaire_JJ65A-JJ69.xml
JJ66;182;;67r;Paris_AN_JJ_inventaire_JJ65A-JJ69.xml
JJ66;183;;67r;Paris_AN_JJ_inventaire_JJ65A-JJ69.xml
JJ66;184;;67v;Paris_AN_JJ_inventaire_JJ65A-JJ69.xml
JJ66;185;;68r;Paris_AN_JJ_inventaire_JJ65A-JJ69.xml
JJ66;186;;68r;Paris_AN_JJ_inventaire_JJ65A-JJ69.xml
JJ66;186bis;;68v;Paris_AN_JJ_inventaire_JJ65A-JJ69.xml
JJ66;187;;68v;Paris_AN_JJ_inventaire_JJ65A-JJ69.xml
JJ66;188;;68v;Paris_AN_JJ_inventaire_JJ65A-JJ69.xml
JJ66;189;;69r;Paris_AN_JJ_inventaire_JJ65A-JJ69.xml
JJ66;190;;69r;Paris_AN_JJ_inventaire_JJ65A-JJ69.xml
JJ66;191;;69v;Paris_AN_JJ_inventaire_JJ65A-JJ69.xml
JJ66;192;;70r;Paris_AN_JJ_inventaire_JJ65A-JJ69.xml
JJ66;193;;70r;Paris_AN_JJ_inventaire_JJ65A-JJ69.xml
JJ66;194;;70r;Paris_AN_JJ_inventaire_JJ65A-JJ69.xml
JJ66;195;;70v;Paris_AN_JJ_inventaire_JJ65A-JJ69.xml
JJ66;196;;70v;Paris_AN_JJ_inventaire_JJ65A-JJ69.xml
JJ66;197;;70v;Paris_AN_JJ_inventaire_JJ65A-JJ69.xml
JJ66;198;;71r;Paris_AN_JJ_inventaire_JJ65A-JJ69.xml
JJ66;199;;71r;Paris_AN_JJ_inventaire_JJ65A-JJ69.xml
JJ66;200;;71r;Paris_AN_JJ_inventaire_JJ65A-JJ69.xml
JJ66;201;;71v;Paris_AN_JJ_inventaire_JJ65A-JJ69.xml
JJ66;202;;71v;Paris_AN_JJ_inventaire_JJ65A-JJ69.xml
JJ66;203;;71v;Paris_AN_JJ_inventaire_JJ65A-JJ69.xml
JJ66;204;;72r;Paris_AN_JJ_inventaire_JJ65A-JJ69.xml
JJ66;205;;72r;Paris_AN_JJ_inventaire_JJ65A-JJ69.xml
JJ66;206;;72r;Paris_AN_JJ_inventaire_JJ65A-JJ69.xml
JJ66;207;;73r;Paris_AN_JJ_inventaire_JJ65A-JJ69.xml
JJ66;208;;73v;Paris_AN_JJ_inventaire_JJ65A-JJ69.xml
JJ66;209;;73v;Paris_AN_JJ_inventaire_JJ65A-JJ69.xml
JJ66;210;;74r;Paris_AN_JJ_inventaire_JJ65A-JJ69.xml
JJ66;211;;74v;Paris_AN_JJ_inventaire_JJ65A-JJ69.xml
JJ66;212;;74v;Paris_AN_JJ_inventaire_JJ65A-JJ69.xml
JJ66;213;;75r;Paris_AN_JJ_inventaire_JJ65A-JJ69.xml
JJ66;214;;75v;Paris_AN_JJ_inventaire_JJ65A-JJ69.xml
JJ66;215;;76r;Paris_AN_JJ_inventaire_JJ65A-JJ69.xml
JJ66;216;;76r;Paris_AN_JJ_inventaire_JJ65A-JJ69.xml
JJ66;217;;76v;Paris_AN_JJ_inventaire_JJ65A-JJ69.xml
JJ66;218;;76v;Paris_AN_JJ_inventaire_JJ65A-JJ69.xml
JJ66;219;;77v;Paris_AN_JJ_inventaire_JJ65A-JJ69.xml
JJ66;220;;78v;Paris_AN_JJ_inventaire_JJ65A-JJ69.xml
JJ66;221;;79r;Paris_AN_JJ_inventaire_JJ65A-JJ69.xml
JJ66;222;;79v;Paris_AN_JJ_inventaire_JJ65A-JJ69.xml
JJ66;223;;79v;Paris_AN_JJ_inventaire_JJ65A-JJ69.xml
JJ66;224;;80v;Paris_AN_JJ_inventaire_JJ65A-JJ69.xml
JJ66;225;;80v;Paris_AN_JJ_inventaire_JJ65A-JJ69.xml
JJ66;226;;82v;Paris_AN_JJ_inventaire_JJ65A-JJ69.xml
JJ66;227;;83r;Paris_AN_JJ_inventaire_JJ65A-JJ69.xml
JJ66;228;;83v;Paris_AN_JJ_inventaire_JJ65A-JJ69.xml
JJ66;229;;83v;Paris_AN_JJ_inventaire_JJ65A-JJ69.xml
JJ66;230;;84r;Paris_AN_JJ_inventaire_JJ65A-JJ69.xml
JJ66;231;;84r;Paris_AN_JJ_inventaire_JJ65A-JJ69.xml
JJ66;232;;84v;Paris_AN_JJ_inventaire_JJ65A-JJ69.xml
JJ66;233;;84v;Paris_AN_JJ_inventaire_JJ65A-JJ69.xml
JJ66;234;;84v;Paris_AN_JJ_inventaire_JJ65A-JJ69.xml
JJ66;235;;85r;Paris_AN_JJ_inventaire_JJ65A-JJ69.xml
JJ66;236;;85v;Paris_AN_JJ_inventaire_JJ65A-JJ69.xml
JJ66;237;;85v;Paris_AN_JJ_inventaire_JJ65A-JJ69.xml
JJ66;238;;85v;Paris_AN_JJ_inventaire_JJ65A-JJ69.xml
JJ66;239;;86v;Paris_AN_JJ_inventaire_JJ65A-JJ69.xml
JJ66;240;;86v;Paris_AN_JJ_inventaire_JJ65A-JJ69.xml
JJ66;241;;87r;Paris_AN_JJ_inventaire_JJ65A-JJ69.xml
JJ66;242;;87r;Paris_AN_JJ_inventaire_JJ65A-JJ69.xml
JJ66;243;;87v®;Paris_AN_JJ_inventaire_JJ65A-JJ69.xml
JJ66;244;;87v;Paris_AN_JJ_inventaire_JJ65A-JJ69.xml
JJ66;245;;88r;Paris_AN_JJ_inventaire_JJ65A-JJ69.xml
JJ66;246;;89r;Paris_AN_JJ_inventaire_JJ65A-JJ69.xml
JJ66;247;;89v;Paris_AN_JJ_inventaire_JJ65A-JJ69.xml
JJ66;248;;89v;Paris_AN_JJ_inventaire_JJ65A-JJ69.xml
JJ66;249;;90r;Paris_AN_JJ_inventaire_JJ65A-JJ69.xml
JJ66;250;;90v;Paris_AN_JJ_inventaire_JJ65A-JJ69.xml
JJ66;251;;91r;Paris_AN_JJ_inventaire_JJ65A-JJ69.xml
JJ66;252;;91v;Paris_AN_JJ_inventaire_JJ65A-JJ69.xml
JJ66;253;;92v;Paris_AN_JJ_inventaire_JJ65A-JJ69.xml
JJ66;254;;93v;Paris_AN_JJ_inventaire_JJ65A-JJ69.xml
JJ66;255;;95r;Paris_AN_JJ_inventaire_JJ65A-JJ69.xml
JJ66;256;;95v;Paris_AN_JJ_inventaire_JJ65A-JJ69.xml
JJ66;257;;95v;Paris_AN_JJ_inventaire_JJ65A-JJ69.xml
JJ66;258;;96r;Paris_AN_JJ_inventaire_JJ65A-JJ69.xml
JJ66;259;;96v;Paris_AN_JJ_inventaire_JJ65A-JJ69.xml
JJ66;260;;97r;Paris_AN_JJ_inventaire_JJ65A-JJ69.xml
JJ66;261;;97v;Paris_AN_JJ_inventaire_JJ65A-JJ69.xml
JJ66;262;;98r;Paris_AN_JJ_inventaire_JJ65A-JJ69.xml
JJ66;263;;99r;Paris_AN_JJ_inventaire_JJ65A-JJ69.xml
JJ66;264;;99r;Paris_AN_JJ_inventaire_JJ65A-JJ69.xml
JJ66;265;;99r;Paris_AN_JJ_inventaire_JJ65A-JJ69.xml
JJ66;266;;99v;Paris_AN_JJ_inventaire_JJ65A-JJ69.xml
JJ66;267;;99v;Paris_AN_JJ_inventaire_JJ65A-JJ69.xml
JJ66;268;;100r;Paris_AN_JJ_inventaire_JJ65A-JJ69.xml
JJ66;269;;100r;Paris_AN_JJ_inventaire_JJ65A-JJ69.xml
JJ66;270;;100v;Paris_AN_JJ_inventaire_JJ65A-JJ69.xml
JJ66;271;;101v;Paris_AN_JJ_inventaire_JJ65A-JJ69.xml
JJ66;272;;101v;Paris_AN_JJ_inventaire_JJ65A-JJ69.xml
JJ66;273;;102v;Paris_AN_JJ_inventaire_JJ65A-JJ69.xml
JJ66;274;;105r;Paris_AN_JJ_inventaire_JJ65A-JJ69.xml
JJ66;275;;106r;Paris_AN_JJ_inventaire_JJ65A-JJ69.xml
JJ66;276;;106v;Paris_AN_JJ_inventaire_JJ65A-JJ69.xml
JJ66;277;;106v;Paris_AN_JJ_inventaire_JJ65A-JJ69.xml
JJ66;278;;107r;Paris_AN_JJ_inventaire_JJ65A-JJ69.xml
JJ66;279;;107v;Paris_AN_JJ_inventaire_JJ65A-JJ69.xml
JJ66;280;;107v;Paris_AN_JJ_inventaire_JJ65A-JJ69.xml
JJ66;281;;107v;Paris_AN_JJ_inventaire_JJ65A-JJ69.xml
JJ66;282;;108r;Paris_AN_JJ_inventaire_JJ65A-JJ69.xml
JJ66;283;;108r;Paris_AN_JJ_inventaire_JJ65A-JJ69.xml
JJ66;284;;108r;Paris_AN_JJ_inventaire_JJ65A-JJ69.xml
JJ66;285;;108v;Paris_AN_JJ_inventaire_JJ65A-JJ69.xml
JJ66;286;;109v;Paris_AN_JJ_inventaire_JJ65A-JJ69.xml
JJ66;287;;109v;Paris_AN_JJ_inventaire_JJ65A-JJ69.xml
JJ66;288;;109v;Paris_AN_JJ_inventaire_JJ65A-JJ69.xml
JJ66;289;;109v;Paris_AN_JJ_inventaire_JJ65A-JJ69.xml
JJ66;290;;109v;Paris_AN_JJ_inventaire_JJ65A-JJ69.xml
JJ66;291;;110r;Paris_AN_JJ_inventaire_JJ65A-JJ69.xml
JJ66;292;;110v;Paris_AN_JJ_inventaire_JJ65A-JJ69.xml
JJ66;293;;110v;Paris_AN_JJ_inventaire_JJ65A-JJ69.xml
JJ66;293bis;;111r;Paris_AN_JJ_inventaire_JJ65A-JJ69.xml
JJ66;294;;111r;Paris_AN_JJ_inventaire_JJ65A-JJ69.xml
JJ66;295;;111v;Paris_AN_JJ_inventaire_JJ65A-JJ69.xml
JJ66;296;;112r;Paris_AN_JJ_inventaire_JJ65A-JJ69.xml
JJ66;297;;112v;Paris_AN_JJ_inventaire_JJ65A-JJ69.xml
JJ66;298;;115r;Paris_AN_JJ_inventaire_JJ65A-JJ69.xml
JJ66;299;;115v;Paris_AN_JJ_inventaire_JJ65A-JJ69.xml
JJ66;299bis;;116r;Paris_AN_JJ_inventaire_JJ65A-JJ69.xml
JJ66;300;;116r;Paris_AN_JJ_inventaire_JJ65A-JJ69.xml
JJ66;301;;116r;Paris_AN_JJ_inventaire_JJ65A-JJ69.xml
JJ66;302;;116v;Paris_AN_JJ_inventaire_JJ65A-JJ69.xml
JJ66;303;;118r;Paris_AN_JJ_inventaire_JJ65A-JJ69.xml
JJ66;304;;118r;Paris_AN_JJ_inventaire_JJ65A-JJ69.xml
JJ66;305;;118v;Paris_AN_JJ_inventaire_JJ65A-JJ69.xml
JJ66;306;;118v;Paris_AN_JJ_inventaire_JJ65A-JJ69.xml
JJ66;307;;118v;Paris_AN_JJ_inventaire_JJ65A-JJ69.xml
JJ66;308;;119r;Paris_AN_JJ_inventaire_JJ65A-JJ69.xml
JJ66;309;;119v;Paris_AN_JJ_inventaire_JJ65A-JJ69.xml
JJ66;310;;119v;Paris_AN_JJ_inventaire_JJ65A-JJ69.xml
JJ66;311;;120r;Paris_AN_JJ_inventaire_JJ65A-JJ69.xml
JJ66;312;;120v;Paris_AN_JJ_inventaire_JJ65A-JJ69.xml
JJ66;313;;120v;Paris_AN_JJ_inventaire_JJ65A-JJ69.xml
JJ66;314;;121r;Paris_AN_JJ_inventaire_JJ65A-JJ69.xml
JJ66;315;;121r;Paris_AN_JJ_inventaire_JJ65A-JJ69.xml
JJ66;316;;122r;Paris_AN_JJ_inventaire_JJ65A-JJ69.xml
JJ66;317;;122v;Paris_AN_JJ_inventaire_JJ65A-JJ69.xml
JJ66;318;;124r;Paris_AN_JJ_inventaire_JJ65A-JJ69.xml
JJ66;319;;124r;Paris_AN_JJ_inventaire_JJ65A-JJ69.xml
JJ66;320;;125v;Paris_AN_JJ_inventaire_JJ65A-JJ69.xml
JJ66;321;;126r;Paris_AN_JJ_inventaire_JJ65A-JJ69.xml
JJ66;322;;126v;Paris_AN_JJ_inventaire_JJ65A-JJ69.xml
JJ66;323;;126v;Paris_AN_JJ_inventaire_JJ65A-JJ69.xml
JJ66;324;;126v;Paris_AN_JJ_inventaire_JJ65A-JJ69.xml
JJ66;325;;127r;Paris_AN_JJ_inventaire_JJ65A-JJ69.xml
JJ66;326;;128v;Paris_AN_JJ_inventaire_JJ65A-JJ69.xml
JJ66;327;;128v;Paris_AN_JJ_inventaire_JJ65A-JJ69.xml
JJ66;328;;128v;Paris_AN_JJ_inventaire_JJ65A-JJ69.xml
JJ66;329;;129r;Paris_AN_JJ_inventaire_JJ65A-JJ69.xml
JJ66;330;;129r;Paris_AN_JJ_inventaire_JJ65A-JJ69.xml
JJ66;331;;129v;Paris_AN_JJ_inventaire_JJ65A-JJ69.xml
JJ66;332;;130r;Paris_AN_JJ_inventaire_JJ65A-JJ69.xml
JJ66;337;;130r;Paris_AN_JJ_inventaire_JJ65A-JJ69.xml
JJ66;334;;130v;Paris_AN_JJ_inventaire_JJ65A-JJ69.xml
JJ66;335;;131r;Paris_AN_JJ_inventaire_JJ65A-JJ69.xml
JJ66;336;;131r;Paris_AN_JJ_inventaire_JJ65A-JJ69.xml
JJ66;337;;131v;Paris_AN_JJ_inventaire_JJ65A-JJ69.xml
JJ66;338;;131v;Paris_AN_JJ_inventaire_JJ65A-JJ69.xml
JJ66;339;;132r;Paris_AN_JJ_inventaire_JJ65A-JJ69.xml
JJ66;340;;132r;Paris_AN_JJ_inventaire_JJ65A-JJ69.xml
JJ66;341;;132v;Paris_AN_JJ_inventaire_JJ65A-JJ69.xml
JJ66;342;;133r;Paris_AN_JJ_inventaire_JJ65A-JJ69.xml
JJ66;343;;133v;Paris_AN_JJ_inventaire_JJ65A-JJ69.xml
JJ66;344;;133v;Paris_AN_JJ_inventaire_JJ65A-JJ69.xml
JJ66;345;;134r;Paris_AN_JJ_inventaire_JJ65A-JJ69.xml
JJ66;346;;134v;Paris_AN_JJ_inventaire_JJ65A-JJ69.xml
JJ66;347;;135r;Paris_AN_JJ_inventaire_JJ65A-JJ69.xml
JJ66;348;;135v;Paris_AN_JJ_inventaire_JJ65A-JJ69.xml
JJ66;349;;135v;Paris_AN_JJ_inventaire_JJ65A-JJ69.xml
JJ66;350;;136v;Paris_AN_JJ_inventaire_JJ65A-JJ69.xml
JJ66;351;;137r;Paris_AN_JJ_inventaire_JJ65A-JJ69.xml
JJ66;352;;137r;Paris_AN_JJ_inventaire_JJ65A-JJ69.xml
JJ66;353;;138r;Paris_AN_JJ_inventaire_JJ65A-JJ69.xml
JJ66;354;;138r;Paris_AN_JJ_inventaire_JJ65A-JJ69.xml
JJ66;355;;138v;Paris_AN_JJ_inventaire_JJ65A-JJ69.xml
JJ66;356;;139r;Paris_AN_JJ_inventaire_JJ65A-JJ69.xml
JJ66;357;;139r;Paris_AN_JJ_inventaire_JJ65A-JJ69.xml
JJ66;358;;139r;Paris_AN_JJ_inventaire_JJ65A-JJ69.xml
JJ66;359;;139v;Paris_AN_JJ_inventaire_JJ65A-JJ69.xml
JJ66;360;;140r;Paris_AN_JJ_inventaire_JJ65A-JJ69.xml
JJ66;361;;140v;Paris_AN_JJ_inventaire_JJ65A-JJ69.xml
JJ66;362;;141r;Paris_AN_JJ_inventaire_JJ65A-JJ69.xml
JJ66;363;;141r;Paris_AN_JJ_inventaire_JJ65A-JJ69.xml
JJ66;364;;142r;Paris_AN_JJ_inventaire_JJ65A-JJ69.xml
JJ66;365;;142r;Paris_AN_JJ_inventaire_JJ65A-JJ69.xml
JJ66;366;;142v;Paris_AN_JJ_inventaire_JJ65A-JJ69.xml
JJ66;367;;143r;Paris_AN_JJ_inventaire_JJ65A-JJ69.xml
JJ66;368;;143r;Paris_AN_JJ_inventaire_JJ65A-JJ69.xml
JJ66;369;;123v;Paris_AN_JJ_inventaire_JJ65A-JJ69.xml
JJ66;370;;143r;Paris_AN_JJ_inventaire_JJ65A-JJ69.xml
JJ66;371;;143v;Paris_AN_JJ_inventaire_JJ65A-JJ69.xml
JJ66;372;;145r;Paris_AN_JJ_inventaire_JJ65A-JJ69.xml
JJ66;374;;145v;Paris_AN_JJ_inventaire_JJ65A-JJ69.xml
JJ66;374;;147r;Paris_AN_JJ_inventaire_JJ65A-JJ69.xml
JJ66;375;;147v;Paris_AN_JJ_inventaire_JJ65A-JJ69.xml
JJ66;376;;148r;Paris_AN_JJ_inventaire_JJ65A-JJ69.xml
JJ66;377;;148r;Paris_AN_JJ_inventaire_JJ65A-JJ69.xml
JJ66;378;;148v;Paris_AN_JJ_inventaire_JJ65A-JJ69.xml
JJ66;379;;148v;Paris_AN_JJ_inventaire_JJ65A-JJ69.xml
JJ66;379bis;;149r;Paris_AN_JJ_inventaire_JJ65A-JJ69.xml
JJ66;380;;149r;Paris_AN_JJ_inventaire_JJ65A-JJ69.xml
JJ66;381;;150r;Paris_AN_JJ_inventaire_JJ65A-JJ69.xml
JJ66;382;;150v;Paris_AN_JJ_inventaire_JJ65A-JJ69.xml
JJ66;383;;150v;Paris_AN_JJ_inventaire_JJ65A-JJ69.xml
JJ66;384;;150v;Paris_AN_JJ_inventaire_JJ65A-JJ69.xml
JJ66;385;;151v;Paris_AN_JJ_inventaire_JJ65A-JJ69.xml
JJ66;386;;152r;Paris_AN_JJ_inventaire_JJ65A-JJ69.xml
JJ66;387;;152v;Paris_AN_JJ_inventaire_JJ65A-JJ69.xml
JJ66;388;;152v;Paris_AN_JJ_inventaire_JJ65A-JJ69.xml
JJ66;389;;153r;Paris_AN_JJ_inventaire_JJ65A-JJ69.xml
JJ66;390;;157v;Paris_AN_JJ_inventaire_JJ65A-JJ69.xml
JJ66;391;;157v;Paris_AN_JJ_inventaire_JJ65A-JJ69.xml
JJ66;392;;157v;Paris_AN_JJ_inventaire_JJ65A-JJ69.xml
JJ66;373;;158r;Paris_AN_JJ_inventaire_JJ65A-JJ69.xml
JJ66;394;;158v;Paris_AN_JJ_inventaire_JJ65A-JJ69.xml
JJ66;395;;158v;Paris_AN_JJ_inventaire_JJ65A-JJ69.xml
JJ66;396;;159r;Paris_AN_JJ_inventaire_JJ65A-JJ69.xml
JJ66;397;;160r;Paris_AN_JJ_inventaire_JJ65A-JJ69.xml
JJ66;398;;161r;Paris_AN_JJ_inventaire_JJ65A-JJ69.xml
JJ66;399;;161r;Paris_AN_JJ_inventaire_JJ65A-JJ69.xml
JJ66;400;;161v;Paris_AN_JJ_inventaire_JJ65A-JJ69.xml
JJ66;401;;161v;Paris_AN_JJ_inventaire_JJ65A-JJ69.xml
JJ66;402;;161v;Paris_AN_JJ_inventaire_JJ65A-JJ69.xml
JJ66;403;;162r;Paris_AN_JJ_inventaire_JJ65A-JJ69.xml
JJ66;404;;162v;Paris_AN_JJ_inventaire_JJ65A-JJ69.xml
JJ66;405;;162v;Paris_AN_JJ_inventaire_JJ65A-JJ69.xml
JJ66;406;;163r;Paris_AN_JJ_inventaire_JJ65A-JJ69.xml
JJ66;407;;163r;Paris_AN_JJ_inventaire_JJ65A-JJ69.xml
JJ66;408;;163v;Paris_AN_JJ_inventaire_JJ65A-JJ69.xml
JJ66;409;;163v;Paris_AN_JJ_inventaire_JJ65A-JJ69.xml
JJ66;410;;163v;Paris_AN_JJ_inventaire_JJ65A-JJ69.xml
JJ66;411;;164v;Paris_AN_JJ_inventaire_JJ65A-JJ69.xml
JJ66;412;;164v;Paris_AN_JJ_inventaire_JJ65A-JJ69.xml
JJ66;413;;164v;Paris_AN_JJ_inventaire_JJ65A-JJ69.xml
JJ66;414;;165r;Paris_AN_JJ_inventaire_JJ65A-JJ69.xml
JJ66;415;;167r;Paris_AN_JJ_inventaire_JJ65A-JJ69.xml
JJ66;416;;167v;Paris_AN_JJ_inventaire_JJ65A-JJ69.xml
JJ66;417;;168v;Paris_AN_JJ_inventaire_JJ65A-JJ69.xml
JJ66;418;;168v;Paris_AN_JJ_inventaire_JJ65A-JJ69.xml
JJ66;419;;169r;Paris_AN_JJ_inventaire_JJ65A-JJ69.xml
JJ66;420;;169r;Paris_AN_JJ_inventaire_JJ65A-JJ69.xml
JJ66;421;;169v;Paris_AN_JJ_inventaire_JJ65A-JJ69.xml
JJ66;422;;170v;Paris_AN_JJ_inventaire_JJ65A-JJ69.xml
JJ66;423;;170v;Paris_AN_JJ_inventaire_JJ65A-JJ69.xml
JJ66;424;;171r;Paris_AN_JJ_inventaire_JJ65A-JJ69.xml
JJ66;425;;171r;Paris_AN_JJ_inventaire_JJ65A-JJ69.xml
JJ66;426;;173r;Paris_AN_JJ_inventaire_JJ65A-JJ69.xml
JJ66;427;;175v;Paris_AN_JJ_inventaire_JJ65A-JJ69.xml
JJ66;428;;175v;Paris_AN_JJ_inventaire_JJ65A-JJ69.xml
JJ66;429;;176r;Paris_AN_JJ_inventaire_JJ65A-JJ69.xml
JJ66;430;;176v;Paris_AN_JJ_inventaire_JJ65A-JJ69.xml
JJ66;431;;177r;Paris_AN_JJ_inventaire_JJ65A-JJ69.xml
JJ66;432;;177v;Paris_AN_JJ_inventaire_JJ65A-JJ69.xml
JJ66;433;;177v;Paris_AN_JJ_inventaire_JJ65A-JJ69.xml
JJ66;434;;177v;Paris_AN_JJ_inventaire_JJ65A-JJ69.xml
JJ66;435;;177v;Paris_AN_JJ_inventaire_JJ65A-JJ69.xml
JJ66;436;;178r;Paris_AN_JJ_inventaire_JJ65A-JJ69.xml
JJ66;437;;178r;Paris_AN_JJ_inventaire_JJ65A-JJ69.xml
JJ66;438;;178r;Paris_AN_JJ_inventaire_JJ65A-JJ69.xml
JJ66;539;;178r;Paris_AN_JJ_inventaire_JJ65A-JJ69.xml
JJ66;440;;178v;Paris_AN_JJ_inventaire_JJ65A-JJ69.xml
JJ66;441;;179r;Paris_AN_JJ_inventaire_JJ65A-JJ69.xml
JJ66;442;;180r;Paris_AN_JJ_inventaire_JJ65A-JJ69.xml
JJ66;443;;180v;Paris_AN_JJ_inventaire_JJ65A-JJ69.xml
JJ66;444;;181r;Paris_AN_JJ_inventaire_JJ65A-JJ69.xml
JJ66;445;;181r;Paris_AN_JJ_inventaire_JJ65A-JJ69.xml
JJ66;446;;181v;Paris_AN_JJ_inventaire_JJ65A-JJ69.xml
JJ66;447;;181v;Paris_AN_JJ_inventaire_JJ65A-JJ69.xml
JJ66;448;;181v;Paris_AN_JJ_inventaire_JJ65A-JJ69.xml
JJ66;449;;181v;Paris_AN_JJ_inventaire_JJ65A-JJ69.xml
JJ66;450;;182r;Paris_AN_JJ_inventaire_JJ65A-JJ69.xml
JJ66;451;;182r;Paris_AN_JJ_inventaire_JJ65A-JJ69.xml
JJ66;452;;182r;Paris_AN_JJ_inventaire_JJ65A-JJ69.xml
JJ66;453;;182v;Paris_AN_JJ_inventaire_JJ65A-JJ69.xml
JJ66;454;;182v;Paris_AN_JJ_inventaire_JJ65A-JJ69.xml
JJ66;455;;183r;Paris_AN_JJ_inventaire_JJ65A-JJ69.xml
JJ66;456;;183r;Paris_AN_JJ_inventaire_JJ65A-JJ69.xml
JJ66;457;;183r;Paris_AN_JJ_inventaire_JJ65A-JJ69.xml
JJ66;458;;183r;Paris_AN_JJ_inventaire_JJ65A-JJ69.xml
JJ66;459;;183v;Paris_AN_JJ_inventaire_JJ65A-JJ69.xml
JJ66;460;;184r;Paris_AN_JJ_inventaire_JJ65A-JJ69.xml
JJ66;461;;184v;Paris_AN_JJ_inventaire_JJ65A-JJ69.xml
JJ66;462;;185r;Paris_AN_JJ_inventaire_JJ65A-JJ69.xml
JJ66;463;;185v;Paris_AN_JJ_inventaire_JJ65A-JJ69.xml
JJ66;464;;186r;Paris_AN_JJ_inventaire_JJ65A-JJ69.xml
JJ66;465;;186r;Paris_AN_JJ_inventaire_JJ65A-JJ69.xml
JJ66;466;;186v;Paris_AN_JJ_inventaire_JJ65A-JJ69.xml
JJ66;467;;187r;Paris_AN_JJ_inventaire_JJ65A-JJ69.xml
JJ66;468;;188r;Paris_AN_JJ_inventaire_JJ65A-JJ69.xml
JJ66;469;;188v;Paris_AN_JJ_inventaire_JJ65A-JJ69.xml
JJ66;470;;188v;Paris_AN_JJ_inventaire_JJ65A-JJ69.xml
JJ66;471;;189r;Paris_AN_JJ_inventaire_JJ65A-JJ69.xml
JJ66;472;;189v;Paris_AN_JJ_inventaire_JJ65A-JJ69.xml
JJ66;472bis;;189v;Paris_AN_JJ_inventaire_JJ65A-JJ69.xml
JJ66;473;;189v;Paris_AN_JJ_inventaire_JJ65A-JJ69.xml
JJ66;474;;190r;Paris_AN_JJ_inventaire_JJ65A-JJ69.xml
JJ66;475;;190r;Paris_AN_JJ_inventaire_JJ65A-JJ69.xml
JJ66;476;;191r;Paris_AN_JJ_inventaire_JJ65A-JJ69.xml
JJ66;477;;191r;Paris_AN_JJ_inventaire_JJ65A-JJ69.xml
JJ66;478;;191v;Paris_AN_JJ_inventaire_JJ65A-JJ69.xml
JJ66;479;;192r;Paris_AN_JJ_inventaire_JJ65A-JJ69.xml
JJ66;480;;192r;Paris_AN_JJ_inventaire_JJ65A-JJ69.xml
JJ66;481;;192r;Paris_AN_JJ_inventaire_JJ65A-JJ69.xml
JJ66;482;;192v;Paris_AN_JJ_inventaire_JJ65A-JJ69.xml
JJ66;483;;192v;Paris_AN_JJ_inventaire_JJ65A-JJ69.xml
JJ66;484;;192v;Paris_AN_JJ_inventaire_JJ65A-JJ69.xml
JJ66;485;;194r;Paris_AN_JJ_inventaire_JJ65A-JJ69.xml
JJ66;486;;194v;Paris_AN_JJ_inventaire_JJ65A-JJ69.xml
JJ66;487;;195r;Paris_AN_JJ_inventaire_JJ65A-JJ69.xml
JJ66;488;;195r;Paris_AN_JJ_inventaire_JJ65A-JJ69.xml
JJ66;489;;195r;Paris_AN_JJ_inventaire_JJ65A-JJ69.xml
JJ66;490;;196v;Paris_AN_JJ_inventaire_JJ65A-JJ69.xml
JJ66;491;;197r;Paris_AN_JJ_inventaire_JJ65A-JJ69.xml
JJ66;492;;198r;Paris_AN_JJ_inventaire_JJ65A-JJ69.xml
JJ66;493;;198v;Paris_AN_JJ_inventaire_JJ65A-JJ69.xml
JJ66;494;;198v;Paris_AN_JJ_inventaire_JJ65A-JJ69.xml
JJ66;495;;199v;Paris_AN_JJ_inventaire_JJ65A-JJ69.xml
JJ66;496;;200v;Paris_AN_JJ_inventaire_JJ65A-JJ69.xml
JJ66;497;;200v;Paris_AN_JJ_inventaire_JJ65A-JJ69.xml
JJ66;498;;200v;Paris_AN_JJ_inventaire_JJ65A-JJ69.xml
JJ66;499;;201r;Paris_AN_JJ_inventaire_JJ65A-JJ69.xml
JJ66;500;;201v;Paris_AN_JJ_inventaire_JJ65A-JJ69.xml
JJ66;501;;202v;Paris_AN_JJ_inventaire_JJ65A-JJ69.xml
JJ66;502;;203v;Paris_AN_JJ_inventaire_JJ65A-JJ69.xml
JJ66;503;;205r;Paris_AN_JJ_inventaire_JJ65A-JJ69.xml
JJ66;504;;205r;Paris_AN_JJ_inventaire_JJ65A-JJ69.xml
JJ66;505;;205v;Paris_AN_JJ_inventaire_JJ65A-JJ69.xml
JJ66;506;;205v;Paris_AN_JJ_inventaire_JJ65A-JJ69.xml
JJ66;507;;205v;Paris_AN_JJ_inventaire_JJ65A-JJ69.xml
JJ66;508;;206r;Paris_AN_JJ_inventaire_JJ65A-JJ69.xml
JJ66;509;;206r;Paris_AN_JJ_inventaire_JJ65A-JJ69.xml
JJ66;510;;206v;Paris_AN_JJ_inventaire_JJ65A-JJ69.xml
JJ66;511;;206v;Paris_AN_JJ_inventaire_JJ65A-JJ69.xml
JJ66;512;;207r;Paris_AN_JJ_inventaire_JJ65A-JJ69.xml
JJ66;513;;207v;Paris_AN_JJ_inventaire_JJ65A-JJ69.xml
JJ66;514;;208r;Paris_AN_JJ_inventaire_JJ65A-JJ69.xml
JJ66;515;;208v;Paris_AN_JJ_inventaire_JJ65A-JJ69.xml
JJ66;516;;211v;Paris_AN_JJ_inventaire_JJ65A-JJ69.xml
JJ66;517;;212v;Paris_AN_JJ_inventaire_JJ65A-JJ69.xml
JJ66;518;;213r;Paris_AN_JJ_inventaire_JJ65A-JJ69.xml
JJ66;519;;214v;Paris_AN_JJ_inventaire_JJ65A-JJ69.xml
JJ66;520;;215r;Paris_AN_JJ_inventaire_JJ65A-JJ69.xml
JJ66;521;;215v;Paris_AN_JJ_inventaire_JJ65A-JJ69.xml
JJ66;522;;216v;Paris_AN_JJ_inventaire_JJ65A-JJ69.xml
JJ66;523;;217r;Paris_AN_JJ_inventaire_JJ65A-JJ69.xml
JJ66;524;;217v;Paris_AN_JJ_inventaire_JJ65A-JJ69.xml
JJ66;525;;218r;Paris_AN_JJ_inventaire_JJ65A-JJ69.xml
JJ66;526;;218v;Paris_AN_JJ_inventaire_JJ65A-JJ69.xml
JJ66;527;;220r;Paris_AN_JJ_inventaire_JJ65A-JJ69.xml
JJ66;528;;222v;Paris_AN_JJ_inventaire_JJ65A-JJ69.xml
JJ66;529;;224r;Paris_AN_JJ_inventaire_JJ65A-JJ69.xml
JJ66;530;;224r;Paris_AN_JJ_inventaire_JJ65A-JJ69.xml
JJ66;531;;224v;Paris_AN_JJ_inventaire_JJ65A-JJ69.xml
JJ66;532;;224v;Paris_AN_JJ_inventaire_JJ65A-JJ69.xml
JJ66;533;;225r;Paris_AN_JJ_inventaire_JJ65A-JJ69.xml
JJ66;534;;226r;Paris_AN_JJ_inventaire_JJ65A-JJ69.xml
JJ66;535;;228v;Paris_AN_JJ_inventaire_JJ65A-JJ69.xml
JJ66;536;;229r;Paris_AN_JJ_inventaire_JJ65A-JJ69.xml
JJ66;537;;229v;Paris_AN_JJ_inventaire_JJ65A-JJ69.xml
JJ66;538;;230r;Paris_AN_JJ_inventaire_JJ65A-JJ69.xml
JJ66;539;;231r;Paris_AN_JJ_inventaire_JJ65A-JJ69.xml
JJ66;540;;231r;Paris_AN_JJ_inventaire_JJ65A-JJ69.xml
JJ66;541;;231v;Paris_AN_JJ_inventaire_JJ65A-JJ69.xml
JJ66;542;;231v;Paris_AN_JJ_inventaire_JJ65A-JJ69.xml
JJ66;543;;231v;Paris_AN_JJ_inventaire_JJ65A-JJ69.xml
JJ66;544;;232r;Paris_AN_JJ_inventaire_JJ65A-JJ69.xml
JJ66;545;;252v;Paris_AN_JJ_inventaire_JJ65A-JJ69.xml
JJ66;546;;233v;Paris_AN_JJ_inventaire_JJ65A-JJ69.xml
JJ66;547;;233v;Paris_AN_JJ_inventaire_JJ65A-JJ69.xml
JJ66;548;;234r;Paris_AN_JJ_inventaire_JJ65A-JJ69.xml
JJ66;549;;234r;Paris_AN_JJ_inventaire_JJ65A-JJ69.xml
JJ66;550;;234r;Paris_AN_JJ_inventaire_JJ65A-JJ69.xml
JJ66;551;;234v;Paris_AN_JJ_inventaire_JJ65A-JJ69.xml
JJ66;552;;235r;Paris_AN_JJ_inventaire_JJ65A-JJ69.xml
JJ66;553;;235v;Paris_AN_JJ_inventaire_JJ65A-JJ69.xml
JJ66;554;;235v;Paris_AN_JJ_inventaire_JJ65A-JJ69.xml
JJ66;555;;236r;Paris_AN_JJ_inventaire_JJ65A-JJ69.xml
JJ66;556;;236r;Paris_AN_JJ_inventaire_JJ65A-JJ69.xml
JJ66;557;;236v;Paris_AN_JJ_inventaire_JJ65A-JJ69.xml
JJ66;558;;237r;Paris_AN_JJ_inventaire_JJ65A-JJ69.xml
JJ66;559;;238r;Paris_AN_JJ_inventaire_JJ65A-JJ69.xml
JJ66;560;;238v;Paris_AN_JJ_inventaire_JJ65A-JJ69.xml
JJ66;561;;239v;Paris_AN_JJ_inventaire_JJ65A-JJ69.xml
JJ66;562;;240r;Paris_AN_JJ_inventaire_JJ65A-JJ69.xml
JJ66;563;;240r;Paris_AN_JJ_inventaire_JJ65A-JJ69.xml
JJ66;564;;240v;Paris_AN_JJ_inventaire_JJ65A-JJ69.xml
JJ66;565;;241v;Paris_AN_JJ_inventaire_JJ65A-JJ69.xml
JJ66;566;;240v;Paris_AN_JJ_inventaire_JJ65A-JJ69.xml
JJ66;567;;242r;Paris_AN_JJ_inventaire_JJ65A-JJ69.xml
JJ66;568;;242r;Paris_AN_JJ_inventaire_JJ65A-JJ69.xml
JJ66;569;;242v;Paris_AN_JJ_inventaire_JJ65A-JJ69.xml
JJ66;570;;242v;Paris_AN_JJ_inventaire_JJ65A-JJ69.xml
JJ66;571;;243v;Paris_AN_JJ_inventaire_JJ65A-JJ69.xml
JJ66;572;;244r;Paris_AN_JJ_inventaire_JJ65A-JJ69.xml
JJ66;573;;245r;Paris_AN_JJ_inventaire_JJ65A-JJ69.xml
JJ66;574;;245v;Paris_AN_JJ_inventaire_JJ65A-JJ69.xml
JJ66;575;;246r;Paris_AN_JJ_inventaire_JJ65A-JJ69.xml
JJ66;576;;246r;Paris_AN_JJ_inventaire_JJ65A-JJ69.xml
JJ66;574;;246v;Paris_AN_JJ_inventaire_JJ65A-JJ69.xml
JJ66;578;;247r;Paris_AN_JJ_inventaire_JJ65A-JJ69.xml
JJ66;579;;247v;Paris_AN_JJ_inventaire_JJ65A-JJ69.xml
JJ66;580;;248r;Paris_AN_JJ_inventaire_JJ65A-JJ69.xml
JJ66;581;;248v;Paris_AN_JJ_inventaire_JJ65A-JJ69.xml
JJ66;582;;249v;Paris_AN_JJ_inventaire_JJ65A-JJ69.xml
JJ66;583;;250r;Paris_AN_JJ_inventaire_JJ65A-JJ69.xml
JJ66;584;;250v;Paris_AN_JJ_inventaire_JJ65A-JJ69.xml
JJ66;585;;251r;Paris_AN_JJ_inventaire_JJ65A-JJ69.xml
JJ66;586;;251r;Paris_AN_JJ_inventaire_JJ65A-JJ69.xml
JJ66;587;;251r;Paris_AN_JJ_inventaire_JJ65A-JJ69.xml
JJ66;588;;251v;Paris_AN_JJ_inventaire_JJ65A-JJ69.xml
JJ66;589;;251v;Paris_AN_JJ_inventaire_JJ65A-JJ69.xml
JJ66;590;;251v;Paris_AN_JJ_inventaire_JJ65A-JJ69.xml
JJ66;591;;252r;Paris_AN_JJ_inventaire_JJ65A-JJ69.xml
JJ66;592;;252v;Paris_AN_JJ_inventaire_JJ65A-JJ69.xml
JJ66;593;;253r;Paris_AN_JJ_inventaire_JJ65A-JJ69.xml
JJ66;594;;253r;Paris_AN_JJ_inventaire_JJ65A-JJ69.xml
JJ66;595;;253r;Paris_AN_JJ_inventaire_JJ65A-JJ69.xml
JJ66;596;;253v;Paris_AN_JJ_inventaire_JJ65A-JJ69.xml
JJ66;597;;253v;Paris_AN_JJ_inventaire_JJ65A-JJ69.xml
JJ66;598;;253v;Paris_AN_JJ_inventaire_JJ65A-JJ69.xml
JJ66;599;;254r;Paris_AN_JJ_inventaire_JJ65A-JJ69.xml
JJ66;600;;254v;Paris_AN_JJ_inventaire_JJ65A-JJ69.xml
JJ66;601;;254v;Paris_AN_JJ_inventaire_JJ65A-JJ69.xml
JJ66;602;;254v;Paris_AN_JJ_inventaire_JJ65A-JJ69.xml
JJ66;603;;255r;Paris_AN_JJ_inventaire_JJ65A-JJ69.xml
JJ66;604;;255v;Paris_AN_JJ_inventaire_JJ65A-JJ69.xml
JJ66;605;;255v;Paris_AN_JJ_inventaire_JJ65A-JJ69.xml
JJ66;606;;255v;Paris_AN_JJ_inventaire_JJ65A-JJ69.xml
JJ66;607;;256r;Paris_AN_JJ_inventaire_JJ65A-JJ69.xml
JJ66;608;;257r;Paris_AN_JJ_inventaire_JJ65A-JJ69.xml
JJ66;609;;257v;Paris_AN_JJ_inventaire_JJ65A-JJ69.xml
JJ66;610;;258r;Paris_AN_JJ_inventaire_JJ65A-JJ69.xml
JJ66;611;;258v;Paris_AN_JJ_inventaire_JJ65A-JJ69.xml
JJ66;612;;259r;Paris_AN_JJ_inventaire_JJ65A-JJ69.xml
JJ66;613;;259r;Paris_AN_JJ_inventaire_JJ65A-JJ69.xml
JJ66;614;;259v;Paris_AN_JJ_inventaire_JJ65A-JJ69.xml
JJ66;615;;259v;Paris_AN_JJ_inventaire_JJ65A-JJ69.xml
JJ66;616;;260r;Paris_AN_JJ_inventaire_JJ65A-JJ69.xml
JJ66;617;;260r;Paris_AN_JJ_inventaire_JJ65A-JJ69.xml
JJ66;618;;260v;Paris_AN_JJ_inventaire_JJ65A-JJ69.xml
JJ66;619;;260v;Paris_AN_JJ_inventaire_JJ65A-JJ69.xml
JJ66;620;;261r;Paris_AN_JJ_inventaire_JJ65A-JJ69.xml
JJ66;621;;261r;Paris_AN_JJ_inventaire_JJ65A-JJ69.xml
JJ66;622;;261r;Paris_AN_JJ_inventaire_JJ65A-JJ69.xml
JJ66;623;;262r;Paris_AN_JJ_inventaire_JJ65A-JJ69.xml
JJ66;624;;263r;Paris_AN_JJ_inventaire_JJ65A-JJ69.xml
JJ66;625;;263r;Paris_AN_JJ_inventaire_JJ65A-JJ69.xml
JJ66;626;;263v;Paris_AN_JJ_inventaire_JJ65A-JJ69.xml
JJ66;627;;263v;Paris_AN_JJ_inventaire_JJ65A-JJ69.xml
JJ66;628;;264r;Paris_AN_JJ_inventaire_JJ65A-JJ69.xml
JJ66;629;;264r;Paris_AN_JJ_inventaire_JJ65A-JJ69.xml
JJ66;630;;264v;Paris_AN_JJ_inventaire_JJ65A-JJ69.xml
JJ66;631;;265v;Paris_AN_JJ_inventaire_JJ65A-JJ69.xml
JJ66;632;;266r;Paris_AN_JJ_inventaire_JJ65A-JJ69.xml
JJ66;633;;266r;Paris_AN_JJ_inventaire_JJ65A-JJ69.xml
JJ66;634;;266v;Paris_AN_JJ_inventaire_JJ65A-JJ69.xml
JJ66;635;;266v;Paris_AN_JJ_inventaire_JJ65A-JJ69.xml
JJ66;636;;267r;Paris_AN_JJ_inventaire_JJ65A-JJ69.xml
JJ66;637;;267r;Paris_AN_JJ_inventaire_JJ65A-JJ69.xml
JJ66;638;;267v;Paris_AN_JJ_inventaire_JJ65A-JJ69.xml
JJ66;639;;268r;Paris_AN_JJ_inventaire_JJ65A-JJ69.xml
JJ66;640;;268v;Paris_AN_JJ_inventaire_JJ65A-JJ69.xml
JJ66;641;;269v;Paris_AN_JJ_inventaire_JJ65A-JJ69.xml
JJ66;642;;270r;Paris_AN_JJ_inventaire_JJ65A-JJ69.xml
JJ66;643;;270r;Paris_AN_JJ_inventaire_JJ65A-JJ69.xml
JJ66;644;;270v;Paris_AN_JJ_inventaire_JJ65A-JJ69.xml
JJ66;645;;270v;Paris_AN_JJ_inventaire_JJ65A-JJ69.xml
JJ66;646;;271r;Paris_AN_JJ_inventaire_JJ65A-JJ69.xml
JJ66;647;;271v;Paris_AN_JJ_inventaire_JJ65A-JJ69.xml
JJ66;648;;271v;Paris_AN_JJ_inventaire_JJ65A-JJ69.xml
JJ66;649;;272r;Paris_AN_JJ_inventaire_JJ65A-JJ69.xml
JJ66;650;;272v;Paris_AN_JJ_inventaire_JJ65A-JJ69.xml
JJ66;651;;272v;Paris_AN_JJ_inventaire_JJ65A-JJ69.xml
JJ66;652;;273r;Paris_AN_JJ_inventaire_JJ65A-JJ69.xml
JJ66;653;;273v;Paris_AN_JJ_inventaire_JJ65A-JJ69.xml
JJ66;654;;274r;Paris_AN_JJ_inventaire_JJ65A-JJ69.xml
JJ66;655;;274v;Paris_AN_JJ_inventaire_JJ65A-JJ69.xml
JJ66;656;;274v;Paris_AN_JJ_inventaire_JJ65A-JJ69.xml
JJ66;657;;274v;Paris_AN_JJ_inventaire_JJ65A-JJ69.xml
JJ66;658;;275r;Paris_AN_JJ_inventaire_JJ65A-JJ69.xml
JJ66;659;;275v;Paris_AN_JJ_inventaire_JJ65A-JJ69.xml
JJ66;660;;276r;Paris_AN_JJ_inventaire_JJ65A-JJ69.xml
JJ66;661;;276r;Paris_AN_JJ_inventaire_JJ65A-JJ69.xml
JJ66;662;;276r;Paris_AN_JJ_inventaire_JJ65A-JJ69.xml
JJ66;663;;276r;Paris_AN_JJ_inventaire_JJ65A-JJ69.xml
JJ66;664;;276v;Paris_AN_JJ_inventaire_JJ65A-JJ69.xml
JJ66;665;;276v;Paris_AN_JJ_inventaire_JJ65A-JJ69.xml
JJ66;666;;276v;Paris_AN_JJ_inventaire_JJ65A-JJ69.xml
JJ66;667;;277r;Paris_AN_JJ_inventaire_JJ65A-JJ69.xml
JJ66;668;;277v;Paris_AN_JJ_inventaire_JJ65A-JJ69.xml
JJ66;669;;277v;Paris_AN_JJ_inventaire_JJ65A-JJ69.xml
JJ66;670;;278r;Paris_AN_JJ_inventaire_JJ65A-JJ69.xml
JJ66;671;;278r;Paris_AN_JJ_inventaire_JJ65A-JJ69.xml
JJ66;672;;278v;Paris_AN_JJ_inventaire_JJ65A-JJ69.xml
JJ66;673;;278v;Paris_AN_JJ_inventaire_JJ65A-JJ69.xml
JJ66;674;;278v;Paris_AN_JJ_inventaire_JJ65A-JJ69.xml
JJ66;67;;278v;Paris_AN_JJ_inventaire_JJ65A-JJ69.xml
JJ66;676;;279r;Paris_AN_JJ_inventaire_JJ65A-JJ69.xml
JJ66;677;;279r;Paris_AN_JJ_inventaire_JJ65A-JJ69.xml
JJ66;678;;279r;Paris_AN_JJ_inventaire_JJ65A-JJ69.xml
JJ66;679;;279v;Paris_AN_JJ_inventaire_JJ65A-JJ69.xml
JJ66;680;;279v;Paris_AN_JJ_inventaire_JJ65A-JJ69.xml
JJ66;681;;280r;Paris_AN_JJ_inventaire_JJ65A-JJ69.xml
JJ66;682;;280r;Paris_AN_JJ_inventaire_JJ65A-JJ69.xml
JJ66;683;;281r;Paris_AN_JJ_inventaire_JJ65A-JJ69.xml
JJ66;684;;281r;Paris_AN_JJ_inventaire_JJ65A-JJ69.xml
JJ66;685;;281r;Paris_AN_JJ_inventaire_JJ65A-JJ69.xml
JJ66;686;;281v;Paris_AN_JJ_inventaire_JJ65A-JJ69.xml
JJ66;687;;281v;Paris_AN_JJ_inventaire_JJ65A-JJ69.xml
JJ66;688;;282r;Paris_AN_JJ_inventaire_JJ65A-JJ69.xml
JJ66;689;;282r;Paris_AN_JJ_inventaire_JJ65A-JJ69.xml
JJ66;690;;283r;Paris_AN_JJ_inventaire_JJ65A-JJ69.xml
JJ66;691;;283r;Paris_AN_JJ_inventaire_JJ65A-JJ69.xml
JJ66;692;;283v;Paris_AN_JJ_inventaire_JJ65A-JJ69.xml
JJ66;693;;283v;Paris_AN_JJ_inventaire_JJ65A-JJ69.xml
JJ66;694;;283v;Paris_AN_JJ_inventaire_JJ65A-JJ69.xml
JJ66;695;;284r;Paris_AN_JJ_inventaire_JJ65A-JJ69.xml
JJ66;696;;284r;Paris_AN_JJ_inventaire_JJ65A-JJ69.xml
JJ66;697;;284r;Paris_AN_JJ_inventaire_JJ65A-JJ69.xml
JJ66;698;;284r;Paris_AN_JJ_inventaire_JJ65A-JJ69.xml
JJ66;699;;284v;Paris_AN_JJ_inventaire_JJ65A-JJ69.xml
JJ66;700;;284v;Paris_AN_JJ_inventaire_JJ65A-JJ69.xml
JJ66;701;;285r;Paris_AN_JJ_inventaire_JJ65A-JJ69.xml
JJ66;702;;285r;Paris_AN_JJ_inventaire_JJ65A-JJ69.xml
JJ66;703;;285v;Paris_AN_JJ_inventaire_JJ65A-JJ69.xml
JJ66;704;;285v;Paris_AN_JJ_inventaire_JJ65A-JJ69.xml
JJ66;705;;286r;Paris_AN_JJ_inventaire_JJ65A-JJ69.xml
JJ66;706;;287r;Paris_AN_JJ_inventaire_JJ65A-JJ69.xml
JJ66;707;;287r;Paris_AN_JJ_inventaire_JJ65A-JJ69.xml
JJ66;708;;287r;Paris_AN_JJ_inventaire_JJ65A-JJ69.xml
JJ66;709;;287v;Paris_AN_JJ_inventaire_JJ65A-JJ69.xml
JJ66;710;;287v;Paris_AN_JJ_inventaire_JJ65A-JJ69.xml
JJ66;711;;287v;Paris_AN_JJ_inventaire_JJ65A-JJ69.xml
JJ66;712;;287v;Paris_AN_JJ_inventaire_JJ65A-JJ69.xml
JJ66;713;;288r;Paris_AN_JJ_inventaire_JJ65A-JJ69.xml
JJ66;714;;288r;Paris_AN_JJ_inventaire_JJ65A-JJ69.xml
JJ66;715;;290r;Paris_AN_JJ_inventaire_JJ65A-JJ69.xml
JJ66;716;;291r;Paris_AN_JJ_inventaire_JJ65A-JJ69.xml
JJ66;717;;291v;Paris_AN_JJ_inventaire_JJ65A-JJ69.xml
JJ66;718;;291v;Paris_AN_JJ_inventaire_JJ65A-JJ69.xml
JJ66;719;;292r;Paris_AN_JJ_inventaire_JJ65A-JJ69.xml
JJ66;720;;292v;Paris_AN_JJ_inventaire_JJ65A-JJ69.xml
JJ66;721;;292v;Paris_AN_JJ_inventaire_JJ65A-JJ69.xml
JJ66;722;;292v;Paris_AN_JJ_inventaire_JJ65A-JJ69.xml
JJ66;723;;293r;Paris_AN_JJ_inventaire_JJ65A-JJ69.xml
JJ66;724;;294r;Paris_AN_JJ_inventaire_JJ65A-JJ69.xml
JJ66;725;;294r;Paris_AN_JJ_inventaire_JJ65A-JJ69.xml
JJ66;726;;294v;Paris_AN_JJ_inventaire_JJ65A-JJ69.xml
JJ66;727;;294v;Paris_AN_JJ_inventaire_JJ65A-JJ69.xml
JJ66;728;;295r;Paris_AN_JJ_inventaire_JJ65A-JJ69.xml
JJ66;729;;295r;Paris_AN_JJ_inventaire_JJ65A-JJ69.xml
JJ66;730;;296r;Paris_AN_JJ_inventaire_JJ65A-JJ69.xml
JJ66;731;;297v;Paris_AN_JJ_inventaire_JJ65A-JJ69.xml
JJ66;732;;298v;Paris_AN_JJ_inventaire_JJ65A-JJ69.xml
JJ66;733;;299r;Paris_AN_JJ_inventaire_JJ65A-JJ69.xml
JJ66;734;;299r;Paris_AN_JJ_inventaire_JJ65A-JJ69.xml
JJ66;735;;300r;Paris_AN_JJ_inventaire_JJ65A-JJ69.xml
JJ66;736;;302r;Paris_AN_JJ_inventaire_JJ65A-JJ69.xml
JJ66;737;;303v;Paris_AN_JJ_inventaire_JJ65A-JJ69.xml
JJ66;738;;306r;Paris_AN_JJ_inventaire_JJ65A-JJ69.xml
JJ66;739;;308v;Paris_AN_JJ_inventaire_JJ65A-JJ69.xml
JJ66;740;;310r;Paris_AN_JJ_inventaire_JJ65A-JJ69.xml
JJ66;741;;310r;Paris_AN_JJ_inventaire_JJ65A-JJ69.xml
JJ66;742;;310r;Paris_AN_JJ_inventaire_JJ65A-JJ69.xml
JJ66;743;;310r;Paris_AN_JJ_inventaire_JJ65A-JJ69.xml
JJ66;744;;310v;Paris_AN_JJ_inventaire_JJ65A-JJ69.xml
JJ66;745;;310v;Paris_AN_JJ_inventaire_JJ65A-JJ69.xml
JJ66;746;;311r;Paris_AN_JJ_inventaire_JJ65A-JJ69.xml
JJ66;747;;311r;Paris_AN_JJ_inventaire_JJ65A-JJ69.xml
JJ66;748;;311r;Paris_AN_JJ_inventaire_JJ65A-JJ69.xml
JJ66;749;;311v;Paris_AN_JJ_inventaire_JJ65A-JJ69.xml
JJ66;750;;312r;Paris_AN_JJ_inventaire_JJ65A-JJ69.xml
JJ66;751;;313v;Paris_AN_JJ_inventaire_JJ65A-JJ69.xml
JJ66;752;;313v;Paris_AN_JJ_inventaire_JJ65A-JJ69.xml
JJ66;753;;314r;Paris_AN_JJ_inventaire_JJ65A-JJ69.xml
JJ66;754;;314r;Paris_AN_JJ_inventaire_JJ65A-JJ69.xml
JJ66;755;;314v;Paris_AN_JJ_inventaire_JJ65A-JJ69.xml
JJ66;756;;314v;Paris_AN_JJ_inventaire_JJ65A-JJ69.xml
JJ66;757;;316r;Paris_AN_JJ_inventaire_JJ65A-JJ69.xml
JJ66;758;;316r;Paris_AN_JJ_inventaire_JJ65A-JJ69.xml
JJ66;759;;316v;Paris_AN_JJ_inventaire_JJ65A-JJ69.xml
JJ66;760;;317r;Paris_AN_JJ_inventaire_JJ65A-JJ69.xml
JJ66;761;;317v;Paris_AN_JJ_inventaire_JJ65A-JJ69.xml
JJ66;762;;317v;Paris_AN_JJ_inventaire_JJ65A-JJ69.xml
JJ66;763;;318r;Paris_AN_JJ_inventaire_JJ65A-JJ69.xml
JJ66;764;;318r;Paris_AN_JJ_inventaire_JJ65A-JJ69.xml
JJ66;765;;318v;Paris_AN_JJ_inventaire_JJ65A-JJ69.xml
JJ66;766;;319r;Paris_AN_JJ_inventaire_JJ65A-JJ69.xml
JJ66;767;;319v;Paris_AN_JJ_inventaire_JJ65A-JJ69.xml
JJ66;768;;319v;Paris_AN_JJ_inventaire_JJ65A-JJ69.xml
JJ66;769;;320r;Paris_AN_JJ_inventaire_JJ65A-JJ69.xml
JJ66;770;;320r;Paris_AN_JJ_inventaire_JJ65A-JJ69.xml
JJ66;771;;320v;Paris_AN_JJ_inventaire_JJ65A-JJ69.xml
JJ66;772;;320v;Paris_AN_JJ_inventaire_JJ65A-JJ69.xml
JJ66;773;;321r;Paris_AN_JJ_inventaire_JJ65A-JJ69.xml
JJ66;774;;321v;Paris_AN_JJ_inventaire_JJ65A-JJ69.xml
JJ66;775;;321v;Paris_AN_JJ_inventaire_JJ65A-JJ69.xml
JJ66;776;;322r;Paris_AN_JJ_inventaire_JJ65A-JJ69.xml
JJ66;777;;322r;Paris_AN_JJ_inventaire_JJ65A-JJ69.xml
JJ66;778;;323r;Paris_AN_JJ_inventaire_JJ65A-JJ69.xml
JJ66;779;;323v;Paris_AN_JJ_inventaire_JJ65A-JJ69.xml
JJ66;780;;323v;Paris_AN_JJ_inventaire_JJ65A-JJ69.xml
JJ66;781;;324r;Paris_AN_JJ_inventaire_JJ65A-JJ69.xml
JJ66;782;;325v;Paris_AN_JJ_inventaire_JJ65A-JJ69.xml
JJ66;783;;327v;Paris_AN_JJ_inventaire_JJ65A-JJ69.xml
JJ66;784;;327v;Paris_AN_JJ_inventaire_JJ65A-JJ69.xml
JJ66;785;;328r;Paris_AN_JJ_inventaire_JJ65A-JJ69.xml
JJ66;786;;328r;Paris_AN_JJ_inventaire_JJ65A-JJ69.xml
JJ66;787;;328v;Paris_AN_JJ_inventaire_JJ65A-JJ69.xml
JJ66;788;;329r;Paris_AN_JJ_inventaire_JJ65A-JJ69.xml
JJ66;789;;329r;Paris_AN_JJ_inventaire_JJ65A-JJ69.xml
JJ66;790;;330r;Paris_AN_JJ_inventaire_JJ65A-JJ69.xml
JJ66;791;;330r;Paris_AN_JJ_inventaire_JJ65A-JJ69.xml
JJ66;792;;330v;Paris_AN_JJ_inventaire_JJ65A-JJ69.xml
JJ66;793;;330v;Paris_AN_JJ_inventaire_JJ65A-JJ69.xml
JJ66;794;;331r;Paris_AN_JJ_inventaire_JJ65A-JJ69.xml
JJ66;795;;331r;Paris_AN_JJ_inventaire_JJ65A-JJ69.xml
JJ66;796;;331v;Paris_AN_JJ_inventaire_JJ65A-JJ69.xml
JJ66;797;;331v;Paris_AN_JJ_inventaire_JJ65A-JJ69.xml
JJ66;798;;332r;Paris_AN_JJ_inventaire_JJ65A-JJ69.xml
JJ66;799;;332r;Paris_AN_JJ_inventaire_JJ65A-JJ69.xml
JJ66;800;;332r;Paris_AN_JJ_inventaire_JJ65A-JJ69.xml
JJ66;801;;332v;Paris_AN_JJ_inventaire_JJ65A-JJ69.xml
JJ66;802;;332v;Paris_AN_JJ_inventaire_JJ65A-JJ69.xml
JJ66;803;;333r;Paris_AN_JJ_inventaire_JJ65A-JJ69.xml
JJ66;804;;333v;Paris_AN_JJ_inventaire_JJ65A-JJ69.xml
JJ66;805;;334r;Paris_AN_JJ_inventaire_JJ65A-JJ69.xml
JJ66;806;;334r;Paris_AN_JJ_inventaire_JJ65A-JJ69.xml
JJ66;807;;334r;Paris_AN_JJ_inventaire_JJ65A-JJ69.xml
JJ66;808;;334r;Paris_AN_JJ_inventaire_JJ65A-JJ69.xml
JJ66;809;;334v;Paris_AN_JJ_inventaire_JJ65A-JJ69.xml
JJ66;810;;335v;Paris_AN_JJ_inventaire_JJ65A-JJ69.xml
JJ66;811;;335v;Paris_AN_JJ_inventaire_JJ65A-JJ69.xml
JJ66;812;;335v;Paris_AN_JJ_inventaire_JJ65A-JJ69.xml
JJ66;813;;336r;Paris_AN_JJ_inventaire_JJ65A-JJ69.xml
JJ66;814;;336r;Paris_AN_JJ_inventaire_JJ65A-JJ69.xml
JJ66;815;;336v;Paris_AN_JJ_inventaire_JJ65A-JJ69.xml
JJ66;816;;336v;Paris_AN_JJ_inventaire_JJ65A-JJ69.xml
JJ66;817;;337r;Paris_AN_JJ_inventaire_JJ65A-JJ69.xml
JJ66;818;;337r;Paris_AN_JJ_inventaire_JJ65A-JJ69.xml
JJ66;819;;337r;Paris_AN_JJ_inventaire_JJ65A-JJ69.xml
JJ66;820;;337r;Paris_AN_JJ_inventaire_JJ65A-JJ69.xml
JJ66;821;;337v;Paris_AN_JJ_inventaire_JJ65A-JJ69.xml
JJ66;822;;337v;Paris_AN_JJ_inventaire_JJ65A-JJ69.xml
JJ66;823;;337v;Paris_AN_JJ_inventaire_JJ65A-JJ69.xml
JJ66;824;;337v;Paris_AN_JJ_inventaire_JJ65A-JJ69.xml
JJ66;825;;338r;Paris_AN_JJ_inventaire_JJ65A-JJ69.xml
JJ66;826;;338r;Paris_AN_JJ_inventaire_JJ65A-JJ69.xml
JJ66;827;;338r;Paris_AN_JJ_inventaire_JJ65A-JJ69.xml
JJ66;828;;338v;Paris_AN_JJ_inventaire_JJ65A-JJ69.xml
JJ66;829;;338v;Paris_AN_JJ_inventaire_JJ65A-JJ69.xml
JJ66;830;;338v;Paris_AN_JJ_inventaire_JJ65A-JJ69.xml
JJ66;831;;339r;Paris_AN_JJ_inventaire_JJ65A-JJ69.xml
JJ66;832;;339r;Paris_AN_JJ_inventaire_JJ65A-JJ69.xml
JJ66;833;;339v;Paris_AN_JJ_inventaire_JJ65A-JJ69.xml
JJ66;834;;339v;Paris_AN_JJ_inventaire_JJ65A-JJ69.xml
JJ66;835;;341r;Paris_AN_JJ_inventaire_JJ65A-JJ69.xml
JJ66;836;;341r;Paris_AN_JJ_inventaire_JJ65A-JJ69.xml
JJ66;837;;341r;Paris_AN_JJ_inventaire_JJ65A-JJ69.xml
JJ66;838;;341r;Paris_AN_JJ_inventaire_JJ65A-JJ69.xml
JJ66;839;;342r;Paris_AN_JJ_inventaire_JJ65A-JJ69.xml
JJ66;840;;342v;Paris_AN_JJ_inventaire_JJ65A-JJ69.xml
JJ66;841;;343r;Paris_AN_JJ_inventaire_JJ65A-JJ69.xml
JJ66;842;;343r;Paris_AN_JJ_inventaire_JJ65A-JJ69.xml
JJ66;843;;343v;Paris_AN_JJ_inventaire_JJ65A-JJ69.xml
JJ66;844;;343v;Paris_AN_JJ_inventaire_JJ65A-JJ69.xml
JJ66;845;;344r;Paris_AN_JJ_inventaire_JJ65A-JJ69.xml
JJ66;846;;344v;Paris_AN_JJ_inventaire_JJ65A-JJ69.xml
JJ66;847;;345r;Paris_AN_JJ_inventaire_JJ65A-JJ69.xml
JJ66;848;;346v;Paris_AN_JJ_inventaire_JJ65A-JJ69.xml
JJ66;849;;347r;Paris_AN_JJ_inventaire_JJ65A-JJ69.xml
JJ66;850;;347v;Paris_AN_JJ_inventaire_JJ65A-JJ69.xml
JJ66;851;;347v;Paris_AN_JJ_inventaire_JJ65A-JJ69.xml
JJ66;852;;348r;Paris_AN_JJ_inventaire_JJ65A-JJ69.xml
JJ66;853;;348r;Paris_AN_JJ_inventaire_JJ65A-JJ69.xml
JJ66;854;;348r;Paris_AN_JJ_inventaire_JJ65A-JJ69.xml
JJ66;855;;348r;Paris_AN_JJ_inventaire_JJ65A-JJ69.xml
JJ66;856;;348v;Paris_AN_JJ_inventaire_JJ65A-JJ69.xml
JJ66;857;;348v;Paris_AN_JJ_inventaire_JJ65A-JJ69.xml
JJ66;858;;348v;Paris_AN_JJ_inventaire_JJ65A-JJ69.xml
JJ66;859;;349r;Paris_AN_JJ_inventaire_JJ65A-JJ69.xml
JJ66;860;;349r;Paris_AN_JJ_inventaire_JJ65A-JJ69.xml
JJ66;861;;349r;Paris_AN_JJ_inventaire_JJ65A-JJ69.xml
JJ66;862;;349r;Paris_AN_JJ_inventaire_JJ65A-JJ69.xml
JJ66;863;;349v;Paris_AN_JJ_inventaire_JJ65A-JJ69.xml
JJ66;864;;350r;Paris_AN_JJ_inventaire_JJ65A-JJ69.xml
JJ66;865;;350r;Paris_AN_JJ_inventaire_JJ65A-JJ69.xml
JJ66;866;;350r;Paris_AN_JJ_inventaire_JJ65A-JJ69.xml
JJ66;867;;350r;Paris_AN_JJ_inventaire_JJ65A-JJ69.xml
JJ66;868;;350v;Paris_AN_JJ_inventaire_JJ65A-JJ69.xml
JJ66;869;;350v;Paris_AN_JJ_inventaire_JJ65A-JJ69.xml
JJ66;870;;352r;Paris_AN_JJ_inventaire_JJ65A-JJ69.xml
JJ66;871;;352r;Paris_AN_JJ_inventaire_JJ65A-JJ69.xml
JJ66;872;;352r;Paris_AN_JJ_inventaire_JJ65A-JJ69.xml
JJ66;873;;352v];Paris_AN_JJ_inventaire_JJ65A-JJ69.xml
JJ66;874;;353r;Paris_AN_JJ_inventaire_JJ65A-JJ69.xml
JJ66;875;;353v;Paris_AN_JJ_inventaire_JJ65A-JJ69.xml
JJ66;876;;353v;Paris_AN_JJ_inventaire_JJ65A-JJ69.xml
JJ66;877;;354r;Paris_AN_JJ_inventaire_JJ65A-JJ69.xml
JJ66;878;;354r;Paris_AN_JJ_inventaire_JJ65A-JJ69.xml
JJ66;879;;354v;Paris_AN_JJ_inventaire_JJ65A-JJ69.xml
JJ66;880;;354v;Paris_AN_JJ_inventaire_JJ65A-JJ69.xml
JJ66;881;;355r;Paris_AN_JJ_inventaire_JJ65A-JJ69.xml
JJ66;882;;355r;Paris_AN_JJ_inventaire_JJ65A-JJ69.xml
JJ66;883;;355r;Paris_AN_JJ_inventaire_JJ65A-JJ69.xml
JJ66;884;;355v;Paris_AN_JJ_inventaire_JJ65A-JJ69.xml
JJ66;885;;358v;Paris_AN_JJ_inventaire_JJ65A-JJ69.xml
JJ66;886;;360r;Paris_AN_JJ_inventaire_JJ65A-JJ69.xml
JJ66;887;;363r;Paris_AN_JJ_inventaire_JJ65A-JJ69.xml
JJ66;888;;364v;Paris_AN_JJ_inventaire_JJ65A-JJ69.xml
JJ66;889;;364v;Paris_AN_JJ_inventaire_JJ65A-JJ69.xml
JJ66;890;;368v;Paris_AN_JJ_inventaire_JJ65A-JJ69.xml
JJ66;891;;368v;Paris_AN_JJ_inventaire_JJ65A-JJ69.xml
JJ66;892;;369v;Paris_AN_JJ_inventaire_JJ65A-JJ69.xml
JJ66;893;;369v;Paris_AN_JJ_inventaire_JJ65A-JJ69.xml
JJ66;894;;370r;Paris_AN_JJ_inventaire_JJ65A-JJ69.xml
JJ66;895;;370r;Paris_AN_JJ_inventaire_JJ65A-JJ69.xml
JJ66;896;;370v;Paris_AN_JJ_inventaire_JJ65A-JJ69.xml
JJ66;897;;370v;Paris_AN_JJ_inventaire_JJ65A-JJ69.xml
JJ66;898;;371r;Paris_AN_JJ_inventaire_JJ65A-JJ69.xml
JJ66;899;;371r;Paris_AN_JJ_inventaire_JJ65A-JJ69.xml
JJ66;900;;371v;Paris_AN_JJ_inventaire_JJ65A-JJ69.xml
JJ66;901;;372r;Paris_AN_JJ_inventaire_JJ65A-JJ69.xml
JJ66;902;;372r;Paris_AN_JJ_inventaire_JJ65A-JJ69.xml
JJ66;903;;372r;Paris_AN_JJ_inventaire_JJ65A-JJ69.xml
JJ66;904;;372r;Paris_AN_JJ_inventaire_JJ65A-JJ69.xml
JJ66;905;;372r;Paris_AN_JJ_inventaire_JJ65A-JJ69.xml
JJ66;906;;372v;Paris_AN_JJ_inventaire_JJ65A-JJ69.xml
JJ66;907;;372v;Paris_AN_JJ_inventaire_JJ65A-JJ69.xml
JJ66;908;;372v;Paris_AN_JJ_inventaire_JJ65A-JJ69.xml
JJ66;909;;372v;Paris_AN_JJ_inventaire_JJ65A-JJ69.xml
JJ66;910;;373r;Paris_AN_JJ_inventaire_JJ65A-JJ69.xml
JJ66;911;;373v;Paris_AN_JJ_inventaire_JJ65A-JJ69.xml
JJ66;912;;373v;Paris_AN_JJ_inventaire_JJ65A-JJ69.xml
JJ66;913;;373v;Paris_AN_JJ_inventaire_JJ65A-JJ69.xml
JJ66;914;;373v;Paris_AN_JJ_inventaire_JJ65A-JJ69.xml
JJ66;915;;374r;Paris_AN_JJ_inventaire_JJ65A-JJ69.xml
JJ66;916;;374r;Paris_AN_JJ_inventaire_JJ65A-JJ69.xml
JJ66;917;;374r;Paris_AN_JJ_inventaire_JJ65A-JJ69.xml
JJ66;918;;374v;Paris_AN_JJ_inventaire_JJ65A-JJ69.xml
JJ66;919;;374v;Paris_AN_JJ_inventaire_JJ65A-JJ69.xml
JJ66;920;;374v;Paris_AN_JJ_inventaire_JJ65A-JJ69.xml
JJ66;921;;374v;Paris_AN_JJ_inventaire_JJ65A-JJ69.xml
JJ66;922;;375r;Paris_AN_JJ_inventaire_JJ65A-JJ69.xml
JJ66;923;;375v;Paris_AN_JJ_inventaire_JJ65A-JJ69.xml
JJ66;924;;378r;Paris_AN_JJ_inventaire_JJ65A-JJ69.xml
JJ66;925;;382r;Paris_AN_JJ_inventaire_JJ65A-JJ69.xml
JJ66;926;;382v;Paris_AN_JJ_inventaire_JJ65A-JJ69.xml
JJ66;927;;383v;Paris_AN_JJ_inventaire_JJ65A-JJ69.xml
JJ66;928;;384r;Paris_AN_JJ_inventaire_JJ65A-JJ69.xml
JJ66;929;;384r;Paris_AN_JJ_inventaire_JJ65A-JJ69.xml
JJ66;930;;386r;Paris_AN_JJ_inventaire_JJ65A-JJ69.xml
JJ66;931;;386r;Paris_AN_JJ_inventaire_JJ65A-JJ69.xml
JJ66;932;;386v;Paris_AN_JJ_inventaire_JJ65A-JJ69.xml
JJ66;933;;386v;Paris_AN_JJ_inventaire_JJ65A-JJ69.xml
JJ66;934;;386v;Paris_AN_JJ_inventaire_JJ65A-JJ69.xml
JJ66;935;;386v;Paris_AN_JJ_inventaire_JJ65A-JJ69.xml
JJ66;936;;386v;Paris_AN_JJ_inventaire_JJ65A-JJ69.xml
JJ66;937;;387r;Paris_AN_JJ_inventaire_JJ65A-JJ69.xml
JJ66;938;;387r;Paris_AN_JJ_inventaire_JJ65A-JJ69.xml
JJ66;939;;387v;Paris_AN_JJ_inventaire_JJ65A-JJ69.xml
JJ66;940;;388r;Paris_AN_JJ_inventaire_JJ65A-JJ69.xml
JJ66;941;;388r;Paris_AN_JJ_inventaire_JJ65A-JJ69.xml
JJ66;942;;388r;Paris_AN_JJ_inventaire_JJ65A-JJ69.xml
JJ66;943;;389r;Paris_AN_JJ_inventaire_JJ65A-JJ69.xml
JJ66;944;;389v;Paris_AN_JJ_inventaire_JJ65A-JJ69.xml
JJ66;943;;389v;Paris_AN_JJ_inventaire_JJ65A-JJ69.xml
JJ66;946;;389v;Paris_AN_JJ_inventaire_JJ65A-JJ69.xml
JJ66;947;;389v;Paris_AN_JJ_inventaire_JJ65A-JJ69.xml
JJ66;948;;391r;Paris_AN_JJ_inventaire_JJ65A-JJ69.xml
JJ66;949;;392r;Paris_AN_JJ_inventaire_JJ65A-JJ69.xml
JJ66;950;;392v;Paris_AN_JJ_inventaire_JJ65A-JJ69.xml
JJ66;951;;393r;Paris_AN_JJ_inventaire_JJ65A-JJ69.xml
JJ66;952;;393v;Paris_AN_JJ_inventaire_JJ65A-JJ69.xml
JJ66;953;;394r;Paris_AN_JJ_inventaire_JJ65A-JJ69.xml
JJ66;954;;394r;Paris_AN_JJ_inventaire_JJ65A-JJ69.xml
JJ66;955;;394r;Paris_AN_JJ_inventaire_JJ65A-JJ69.xml
JJ66;956;;394v;Paris_AN_JJ_inventaire_JJ65A-JJ69.xml
JJ66;957;;395v;Paris_AN_JJ_inventaire_JJ65A-JJ69.xml
JJ66;958;;397v;Paris_AN_JJ_inventaire_JJ65A-JJ69.xml
JJ66;959;;398r;Paris_AN_JJ_inventaire_JJ65A-JJ69.xml
JJ66;960;;398r;Paris_AN_JJ_inventaire_JJ65A-JJ69.xml
JJ66;961;;398r;Paris_AN_JJ_inventaire_JJ65A-JJ69.xml
JJ66;962;;398v;Paris_AN_JJ_inventaire_JJ65A-JJ69.xml
JJ66;963;;398v;Paris_AN_JJ_inventaire_JJ65A-JJ69.xml
JJ66;964;;398v;Paris_AN_JJ_inventaire_JJ65A-JJ69.xml
JJ66;965;;398v;Paris_AN_JJ_inventaire_JJ65A-JJ69.xml
JJ66;966;;399r;Paris_AN_JJ_inventaire_JJ65A-JJ69.xml
JJ66;967;;399r;Paris_AN_JJ_inventaire_JJ65A-JJ69.xml
JJ66;968;;399v;Paris_AN_JJ_inventaire_JJ65A-JJ69.xml
JJ66;969;;402v;Paris_AN_JJ_inventaire_JJ65A-JJ69.xml
JJ66;970;;103r;Paris_AN_JJ_inventaire_JJ65A-JJ69.xml
JJ66;971;;403v;Paris_AN_JJ_inventaire_JJ65A-JJ69.xml
JJ66;972;;404r;Paris_AN_JJ_inventaire_JJ65A-JJ69.xml
JJ66;973;;405r;Paris_AN_JJ_inventaire_JJ65A-JJ69.xml
JJ66;974;;405v;Paris_AN_JJ_inventaire_JJ65A-JJ69.xml
JJ66;975;;405v;Paris_AN_JJ_inventaire_JJ65A-JJ69.xml
JJ66;976;;406r;Paris_AN_JJ_inventaire_JJ65A-JJ69.xml
JJ66;977;;406v;Paris_AN_JJ_inventaire_JJ65A-JJ69.xml
JJ66;978;;407v®;Paris_AN_JJ_inventaire_JJ65A-JJ69.xml
JJ66;979;;409r;Paris_AN_JJ_inventaire_JJ65A-JJ69.xml
JJ66;980;;409r;Paris_AN_JJ_inventaire_JJ65A-JJ69.xml
JJ66;981;;409v;Paris_AN_JJ_inventaire_JJ65A-JJ69.xml
JJ66;982;;410v;Paris_AN_JJ_inventaire_JJ65A-JJ69.xml
JJ66;983;;410v;Paris_AN_JJ_inventaire_JJ65A-JJ69.xml
JJ66;984;;411r;Paris_AN_JJ_inventaire_JJ65A-JJ69.xml
JJ66;985;;411r;Paris_AN_JJ_inventaire_JJ65A-JJ69.xml
JJ66;986;;411r;Paris_AN_JJ_inventaire_JJ65A-JJ69.xml
JJ66;987;;412r;Paris_AN_JJ_inventaire_JJ65A-JJ69.xml
JJ66;988;;412r;Paris_AN_JJ_inventaire_JJ65A-JJ69.xml
JJ66;989;;412v;Paris_AN_JJ_inventaire_JJ65A-JJ69.xml
JJ66;990;;413v;Paris_AN_JJ_inventaire_JJ65A-JJ69.xml
JJ66;991;;413v;Paris_AN_JJ_inventaire_JJ65A-JJ69.xml
JJ66;992;;413v;Paris_AN_JJ_inventaire_JJ65A-JJ69.xml
JJ66;993;;414v;Paris_AN_JJ_inventaire_JJ65A-JJ69.xml
JJ66;994;;415v;Paris_AN_JJ_inventaire_JJ65A-JJ69.xml
JJ66;995;;415v;Paris_AN_JJ_inventaire_JJ65A-JJ69.xml
JJ66;996;;415v;Paris_AN_JJ_inventaire_JJ65A-JJ69.xml
JJ66;997;;416r;Paris_AN_JJ_inventaire_JJ65A-JJ69.xml
JJ66;998;;417r;Paris_AN_JJ_inventaire_JJ65A-JJ69.xml
JJ66;999;;418v;Paris_AN_JJ_inventaire_JJ65A-JJ69.xml
JJ66;1000;;419r;Paris_AN_JJ_inventaire_JJ65A-JJ69.xml
JJ66;1001;;419v;Paris_AN_JJ_inventaire_JJ65A-JJ69.xml
JJ66;1002;;420r;Paris_AN_JJ_inventaire_JJ65A-JJ69.xml
JJ66;1003;;420v;Paris_AN_JJ_inventaire_JJ65A-JJ69.xml
JJ66;1004;;421r;Paris_AN_JJ_inventaire_JJ65A-JJ69.xml
JJ66;1005;;421v;Paris_AN_JJ_inventaire_JJ65A-JJ69.xml
JJ66;1006;;422r;Paris_AN_JJ_inventaire_JJ65A-JJ69.xml
JJ66;1007;;422r;Paris_AN_JJ_inventaire_JJ65A-JJ69.xml
JJ66;1008;;422v;Paris_AN_JJ_inventaire_JJ65A-JJ69.xml
JJ66;1009;;423r;Paris_AN_JJ_inventaire_JJ65A-JJ69.xml
JJ66;1010;;423r;Paris_AN_JJ_inventaire_JJ65A-JJ69.xml
JJ66;1011;;423v;Paris_AN_JJ_inventaire_JJ65A-JJ69.xml
JJ66;1012;;423v;Paris_AN_JJ_inventaire_JJ65A-JJ69.xml
JJ66;1013;;423v;Paris_AN_JJ_inventaire_JJ65A-JJ69.xml
JJ66;1014;;424r;Paris_AN_JJ_inventaire_JJ65A-JJ69.xml
JJ66;1015;;424r;Paris_AN_JJ_inventaire_JJ65A-JJ69.xml
JJ66;1016;;424v;Paris_AN_JJ_inventaire_JJ65A-JJ69.xml
JJ66;1017;;424v;Paris_AN_JJ_inventaire_JJ65A-JJ69.xml
JJ66;1018;;425r;Paris_AN_JJ_inventaire_JJ65A-JJ69.xml
JJ66;1019;;425r;Paris_AN_JJ_inventaire_JJ65A-JJ69.xml
JJ66;1020;;425v;Paris_AN_JJ_inventaire_JJ65A-JJ69.xml
JJ66;1021;;425v;Paris_AN_JJ_inventaire_JJ65A-JJ69.xml
JJ66;1022;;425v;Paris_AN_JJ_inventaire_JJ65A-JJ69.xml
JJ66;1023;;425v;Paris_AN_JJ_inventaire_JJ65A-JJ69.xml
JJ66;1024;;426r;Paris_AN_JJ_inventaire_JJ65A-JJ69.xml
JJ66;1025;;426r;Paris_AN_JJ_inventaire_JJ65A-JJ69.xml
JJ66;1026;;426r;Paris_AN_JJ_inventaire_JJ65A-JJ69.xml
JJ66;1027;;428r;Paris_AN_JJ_inventaire_JJ65A-JJ69.xml
JJ66;1028;;429r;Paris_AN_JJ_inventaire_JJ65A-JJ69.xml
JJ66;1029;;429v;Paris_AN_JJ_inventaire_JJ65A-JJ69.xml
JJ66;1030;;431r;Paris_AN_JJ_inventaire_JJ65A-JJ69.xml
JJ66;1031;;431r;Paris_AN_JJ_inventaire_JJ65A-JJ69.xml
JJ66;1032;;431v;Paris_AN_JJ_inventaire_JJ65A-JJ69.xml
JJ66;1033;;432v;Paris_AN_JJ_inventaire_JJ65A-JJ69.xml
JJ66;1034;;432v;Paris_AN_JJ_inventaire_JJ65A-JJ69.xml
JJ66;1035;;433r;Paris_AN_JJ_inventaire_JJ65A-JJ69.xml
JJ66;1036;;433v;Paris_AN_JJ_inventaire_JJ65A-JJ69.xml
JJ66;1037;;433v;Paris_AN_JJ_inventaire_JJ65A-JJ69.xml
JJ66;1038;;434r;Paris_AN_JJ_inventaire_JJ65A-JJ69.xml
JJ66;1039;;434r;Paris_AN_JJ_inventaire_JJ65A-JJ69.xml
JJ66;1010;;434r;Paris_AN_JJ_inventaire_JJ65A-JJ69.xml
JJ66;1041;;434r;Paris_AN_JJ_inventaire_JJ65A-JJ69.xml
JJ66;1042;;434v;Paris_AN_JJ_inventaire_JJ65A-JJ69.xml
JJ66;1043;;434v;Paris_AN_JJ_inventaire_JJ65A-JJ69.xml
JJ66;1044;;434v;Paris_AN_JJ_inventaire_JJ65A-JJ69.xml
JJ66;1045;;435r;Paris_AN_JJ_inventaire_JJ65A-JJ69.xml
JJ66;1046;;435r;Paris_AN_JJ_inventaire_JJ65A-JJ69.xml
JJ66;1047;;435r;Paris_AN_JJ_inventaire_JJ65A-JJ69.xml
JJ66;1048;;435v;Paris_AN_JJ_inventaire_JJ65A-JJ69.xml
JJ66;1049;;435v;Paris_AN_JJ_inventaire_JJ65A-JJ69.xml
JJ66;1050;;435v;Paris_AN_JJ_inventaire_JJ65A-JJ69.xml
JJ66;1050bis;;436r;Paris_AN_JJ_inventaire_JJ65A-JJ69.xml
JJ66;1051;;436r;Paris_AN_JJ_inventaire_JJ65A-JJ69.xml
JJ66;1052;;436r;Paris_AN_JJ_inventaire_JJ65A-JJ69.xml
JJ66;1053;;436r;Paris_AN_JJ_inventaire_JJ65A-JJ69.xml
JJ66;1054;;436v;Paris_AN_JJ_inventaire_JJ65A-JJ69.xml
JJ66;1055;;436v;Paris_AN_JJ_inventaire_JJ65A-JJ69.xml
JJ66;1056;;437r;Paris_AN_JJ_inventaire_JJ65A-JJ69.xml
JJ66;1057;;437r;Paris_AN_JJ_inventaire_JJ65A-JJ69.xml
JJ66;1058;;437r;Paris_AN_JJ_inventaire_JJ65A-JJ69.xml
JJ66;1059;;437r;Paris_AN_JJ_inventaire_JJ65A-JJ69.xml
JJ66;1060;;437v;Paris_AN_JJ_inventaire_JJ65A-JJ69.xml
JJ66;1061;;437v;Paris_AN_JJ_inventaire_JJ65A-JJ69.xml
JJ66;1062;;458r;Paris_AN_JJ_inventaire_JJ65A-JJ69.xml
JJ66;1063;;458r;Paris_AN_JJ_inventaire_JJ65A-JJ69.xml
JJ66;1064;;458r;Paris_AN_JJ_inventaire_JJ65A-JJ69.xml
JJ66;1065;;458r;Paris_AN_JJ_inventaire_JJ65A-JJ69.xml
JJ66;1066;;458v;Paris_AN_JJ_inventaire_JJ65A-JJ69.xml
JJ66;1067;;458v;Paris_AN_JJ_inventaire_JJ65A-JJ69.xml
JJ66;1068;;459r;Paris_AN_JJ_inventaire_JJ65A-JJ69.xml
JJ66;1069;;459r;Paris_AN_JJ_inventaire_JJ65A-JJ69.xml
JJ66;1070;;459v;Paris_AN_JJ_inventaire_JJ65A-JJ69.xml
JJ66;1071;;460r;Paris_AN_JJ_inventaire_JJ65A-JJ69.xml
JJ66;1072;;460v;Paris_AN_JJ_inventaire_JJ65A-JJ69.xml
JJ66;1073;;460v;Paris_AN_JJ_inventaire_JJ65A-JJ69.xml
JJ66;1074;;460v;Paris_AN_JJ_inventaire_JJ65A-JJ69.xml
JJ66;1075;;460v;Paris_AN_JJ_inventaire_JJ65A-JJ69.xml
JJ66;1076;;461r;Paris_AN_JJ_inventaire_JJ65A-JJ69.xml
JJ66;1077;;461r;Paris_AN_JJ_inventaire_JJ65A-JJ69.xml
JJ66;1078;;461v;Paris_AN_JJ_inventaire_JJ65A-JJ69.xml
JJ66;1079;;461v;Paris_AN_JJ_inventaire_JJ65A-JJ69.xml
JJ66;1080;;462r;Paris_AN_JJ_inventaire_JJ65A-JJ69.xml
JJ66;1081;;462r;Paris_AN_JJ_inventaire_JJ65A-JJ69.xml
JJ66;1082;;462r;Paris_AN_JJ_inventaire_JJ65A-JJ69.xml
JJ66;1083;;462v;Paris_AN_JJ_inventaire_JJ65A-JJ69.xml
JJ66;1084;;463v;Paris_AN_JJ_inventaire_JJ65A-JJ69.xml
JJ66;1085;;464r;Paris_AN_JJ_inventaire_JJ65A-JJ69.xml
JJ66;1086;;464v;Paris_AN_JJ_inventaire_JJ65A-JJ69.xml
JJ66;1087;;465r;Paris_AN_JJ_inventaire_JJ65A-JJ69.xml
JJ66;1088;;465r;Paris_AN_JJ_inventaire_JJ65A-JJ69.xml
JJ66;1089;;465v;Paris_AN_JJ_inventaire_JJ65A-JJ69.xml
JJ66;1090;;465v;Paris_AN_JJ_inventaire_JJ65A-JJ69.xml
JJ66;1091;;466v;Paris_AN_JJ_inventaire_JJ65A-JJ69.xml
JJ66;1092;;467v;Paris_AN_JJ_inventaire_JJ65A-JJ69.xml
JJ66;1093;;467bis;Paris_AN_JJ_inventaire_JJ65A-JJ69.xml
JJ66;1094;;470r;Paris_AN_JJ_inventaire_JJ65A-JJ69.xml
JJ66;1095;;470r;Paris_AN_JJ_inventaire_JJ65A-JJ69.xml
JJ66;1096;;470v;Paris_AN_JJ_inventaire_JJ65A-JJ69.xml
JJ66;1097;;471r;Paris_AN_JJ_inventaire_JJ65A-JJ69.xml
JJ66;1098;;472r;Paris_AN_JJ_inventaire_JJ65A-JJ69.xml
JJ66;1099;;473r;Paris_AN_JJ_inventaire_JJ65A-JJ69.xml
JJ66;1100;;474r;Paris_AN_JJ_inventaire_JJ65A-JJ69.xml
JJ66;1101;;475r;Paris_AN_JJ_inventaire_JJ65A-JJ69.xml
JJ66;1102;;475v;Paris_AN_JJ_inventaire_JJ65A-JJ69.xml
JJ66;1103;;475v;Paris_AN_JJ_inventaire_JJ65A-JJ69.xml
JJ66;1104;;476r;Paris_AN_JJ_inventaire_JJ65A-JJ69.xml
JJ66;1105;;477r;Paris_AN_JJ_inventaire_JJ65A-JJ69.xml
JJ66;1106;;477v;Paris_AN_JJ_inventaire_JJ65A-JJ69.xml
JJ66;1107;;478r;Paris_AN_JJ_inventaire_JJ65A-JJ69.xml
JJ66;1108;;478r;Paris_AN_JJ_inventaire_JJ65A-JJ69.xml
JJ66;1109;;478v;Paris_AN_JJ_inventaire_JJ65A-JJ69.xml
JJ66;1110;;479r;Paris_AN_JJ_inventaire_JJ65A-JJ69.xml
JJ66;1111;;479r;Paris_AN_JJ_inventaire_JJ65A-JJ69.xml
JJ66;1112;;479r;Paris_AN_JJ_inventaire_JJ65A-JJ69.xml
JJ66;1113;;479r;Paris_AN_JJ_inventaire_JJ65A-JJ69.xml
JJ66;1114;;479v;Paris_AN_JJ_inventaire_JJ65A-JJ69.xml
JJ66;1115;;481r;Paris_AN_JJ_inventaire_JJ65A-JJ69.xml
JJ66;1116;;481r;Paris_AN_JJ_inventaire_JJ65A-JJ69.xml
JJ66;1117;;481v;Paris_AN_JJ_inventaire_JJ65A-JJ69.xml
JJ66;1118;;481v;Paris_AN_JJ_inventaire_JJ65A-JJ69.xml
JJ66;1119;;481v;Paris_AN_JJ_inventaire_JJ65A-JJ69.xml
JJ66;1120;;481v;Paris_AN_JJ_inventaire_JJ65A-JJ69.xml
JJ66;1121;;482r;Paris_AN_JJ_inventaire_JJ65A-JJ69.xml
JJ66;1122;;482r;Paris_AN_JJ_inventaire_JJ65A-JJ69.xml
JJ66;1123;;482r;Paris_AN_JJ_inventaire_JJ65A-JJ69.xml
JJ66;1124;;482v;Paris_AN_JJ_inventaire_JJ65A-JJ69.xml
JJ66;1125;;482v;Paris_AN_JJ_inventaire_JJ65A-JJ69.xml
JJ66;1126;;483r;Paris_AN_JJ_inventaire_JJ65A-JJ69.xml
JJ66;1127;;483r;Paris_AN_JJ_inventaire_JJ65A-JJ69.xml
JJ66;1128;;483r;Paris_AN_JJ_inventaire_JJ65A-JJ69.xml
JJ66;1129;;483v;Paris_AN_JJ_inventaire_JJ65A-JJ69.xml
JJ66;1130;;483v;Paris_AN_JJ_inventaire_JJ65A-JJ69.xml
JJ66;1131;;486r;Paris_AN_JJ_inventaire_JJ65A-JJ69.xml
JJ66;1132;;486r;Paris_AN_JJ_inventaire_JJ65A-JJ69.xml
JJ66;1133;;486v;Paris_AN_JJ_inventaire_JJ65A-JJ69.xml
JJ66;1134;;487v;Paris_AN_JJ_inventaire_JJ65A-JJ69.xml
JJ66;1135;;488r;Paris_AN_JJ_inventaire_JJ65A-JJ69.xml
JJ66;1136;;488r;Paris_AN_JJ_inventaire_JJ65A-JJ69.xml
JJ66;1137;;489r;Paris_AN_JJ_inventaire_JJ65A-JJ69.xml
JJ66;1138;;489v;Paris_AN_JJ_inventaire_JJ65A-JJ69.xml
JJ66;1139;;489v;Paris_AN_JJ_inventaire_JJ65A-JJ69.xml
JJ66;1140;;490r;Paris_AN_JJ_inventaire_JJ65A-JJ69.xml
JJ66;1141;;490r;Paris_AN_JJ_inventaire_JJ65A-JJ69.xml
JJ66;1142;;490v;Paris_AN_JJ_inventaire_JJ65A-JJ69.xml
JJ66;1143;;490v;Paris_AN_JJ_inventaire_JJ65A-JJ69.xml
JJ66;1144;;491r;Paris_AN_JJ_inventaire_JJ65A-JJ69.xml
JJ66;1145;;491r;Paris_AN_JJ_inventaire_JJ65A-JJ69.xml
JJ66;1146;;491r;Paris_AN_JJ_inventaire_JJ65A-JJ69.xml
JJ66;1147;;491v;Paris_AN_JJ_inventaire_JJ65A-JJ69.xml
JJ66;1148;;492r;Paris_AN_JJ_inventaire_JJ65A-JJ69.xml
JJ66;1149;;492r;Paris_AN_JJ_inventaire_JJ65A-JJ69.xml
JJ66;1150;;492r;Paris_AN_JJ_inventaire_JJ65A-JJ69.xml
JJ66;1151;;492v;Paris_AN_JJ_inventaire_JJ65A-JJ69.xml
JJ66;1152;;492v;Paris_AN_JJ_inventaire_JJ65A-JJ69.xml
JJ66;1153;;492v;Paris_AN_JJ_inventaire_JJ65A-JJ69.xml
JJ66;1154;;492v;Paris_AN_JJ_inventaire_JJ65A-JJ69.xml
JJ66;1155;;493v®;Paris_AN_JJ_inventaire_JJ65A-JJ69.xml
JJ66;1156;;493v;Paris_AN_JJ_inventaire_JJ65A-JJ69.xml
JJ66;1157;;494r;Paris_AN_JJ_inventaire_JJ65A-JJ69.xml
JJ66;1158;;495r;Paris_AN_JJ_inventaire_JJ65A-JJ69.xml
JJ66;1159;;496r;Paris_AN_JJ_inventaire_JJ65A-JJ69.xml
JJ66;1160;;496v;Paris_AN_JJ_inventaire_JJ65A-JJ69.xml
JJ66;1161;;496v;Paris_AN_JJ_inventaire_JJ65A-JJ69.xml
JJ66;1162;;497r;Paris_AN_JJ_inventaire_JJ65A-JJ69.xml
JJ66;1163;;497r;Paris_AN_JJ_inventaire_JJ65A-JJ69.xml
JJ66;1164;;497v;Paris_AN_JJ_inventaire_JJ65A-JJ69.xml
JJ66;1165;;497v;Paris_AN_JJ_inventaire_JJ65A-JJ69.xml
JJ66;1166;;497v;Paris_AN_JJ_inventaire_JJ65A-JJ69.xml
JJ66;1167;;498r;Paris_AN_JJ_inventaire_JJ65A-JJ69.xml
JJ66;1168;;498v;Paris_AN_JJ_inventaire_JJ65A-JJ69.xml
JJ66;1169;;499r;Paris_AN_JJ_inventaire_JJ65A-JJ69.xml
JJ66;1170;;499r;Paris_AN_JJ_inventaire_JJ65A-JJ69.xml
JJ66;1171;;499v;Paris_AN_JJ_inventaire_JJ65A-JJ69.xml
JJ66;1172;;500r;Paris_AN_JJ_inventaire_JJ65A-JJ69.xml
JJ66;1173;;500v;Paris_AN_JJ_inventaire_JJ65A-JJ69.xml
JJ66;1174;;500v;Paris_AN_JJ_inventaire_JJ65A-JJ69.xml
JJ66;1175;;501v;Paris_AN_JJ_inventaire_JJ65A-JJ69.xml
JJ66;1176;;502v;Paris_AN_JJ_inventaire_JJ65A-JJ69.xml
JJ66;1177;;503r;Paris_AN_JJ_inventaire_JJ65A-JJ69.xml
JJ66;1178;;503r;Paris_AN_JJ_inventaire_JJ65A-JJ69.xml
JJ66;1179;;503v;Paris_AN_JJ_inventaire_JJ65A-JJ69.xml
JJ66;1180;;504v;Paris_AN_JJ_inventaire_JJ65A-JJ69.xml
JJ66;1181;;305r;Paris_AN_JJ_inventaire_JJ65A-JJ69.xml
JJ66;1182;;505v;Paris_AN_JJ_inventaire_JJ65A-JJ69.xml
JJ66;1183;;506r;Paris_AN_JJ_inventaire_JJ65A-JJ69.xml
JJ66;1184;;506v;Paris_AN_JJ_inventaire_JJ65A-JJ69.xml
JJ66;1185;;506v;Paris_AN_JJ_inventaire_JJ65A-JJ69.xml
JJ66;1186;;507r;Paris_AN_JJ_inventaire_JJ65A-JJ69.xml
JJ66;1187;;508r;Paris_AN_JJ_inventaire_JJ65A-JJ69.xml
JJ66;1188;;508v;Paris_AN_JJ_inventaire_JJ65A-JJ69.xml
JJ66;1189;;509r;Paris_AN_JJ_inventaire_JJ65A-JJ69.xml
JJ66;1190;;509v;Paris_AN_JJ_inventaire_JJ65A-JJ69.xml
JJ66;1191;;509v;Paris_AN_JJ_inventaire_JJ65A-JJ69.xml
JJ66;1192;;510r;Paris_AN_JJ_inventaire_JJ65A-JJ69.xml
JJ66;1193;;510v;Paris_AN_JJ_inventaire_JJ65A-JJ69.xml
JJ66;1194;;510v;Paris_AN_JJ_inventaire_JJ65A-JJ69.xml
JJ66;1195;;510v;Paris_AN_JJ_inventaire_JJ65A-JJ69.xml
JJ66;1196;;511r;Paris_AN_JJ_inventaire_JJ65A-JJ69.xml
JJ66;1197;;511r;Paris_AN_JJ_inventaire_JJ65A-JJ69.xml
JJ66;1198;;511v;Paris_AN_JJ_inventaire_JJ65A-JJ69.xml
JJ66;1199;;511v;Paris_AN_JJ_inventaire_JJ65A-JJ69.xml
JJ66;1200;;512r;Paris_AN_JJ_inventaire_JJ65A-JJ69.xml
JJ66;1201;;512v;Paris_AN_JJ_inventaire_JJ65A-JJ69.xml
JJ66;1202;;512v;Paris_AN_JJ_inventaire_JJ65A-JJ69.xml
JJ66;1203;;513r;Paris_AN_JJ_inventaire_JJ65A-JJ69.xml
JJ66;1204;;513r;Paris_AN_JJ_inventaire_JJ65A-JJ69.xml
JJ66;1205;;513v;Paris_AN_JJ_inventaire_JJ65A-JJ69.xml
JJ66;1206;;513v;Paris_AN_JJ_inventaire_JJ65A-JJ69.xml
JJ66;1207;;514v;Paris_AN_JJ_inventaire_JJ65A-JJ69.xml
JJ66;1208;;516v;Paris_AN_JJ_inventaire_JJ65A-JJ69.xml
JJ66;1209;;516v;Paris_AN_JJ_inventaire_JJ65A-JJ69.xml
JJ66;1210;;517r;Paris_AN_JJ_inventaire_JJ65A-JJ69.xml
JJ66;1211;;517r;Paris_AN_JJ_inventaire_JJ65A-JJ69.xml
JJ66;1212;;517v;Paris_AN_JJ_inventaire_JJ65A-JJ69.xml
JJ66;1213;;517v;Paris_AN_JJ_inventaire_JJ65A-JJ69.xml
JJ66;1214;;517v;Paris_AN_JJ_inventaire_JJ65A-JJ69.xml
JJ66;1215;;518r;Paris_AN_JJ_inventaire_JJ65A-JJ69.xml
JJ66;1216;;518r;Paris_AN_JJ_inventaire_JJ65A-JJ69.xml
JJ66;1217;;518r;Paris_AN_JJ_inventaire_JJ65A-JJ69.xml
JJ66;1218;;518v;Paris_AN_JJ_inventaire_JJ65A-JJ69.xml
JJ66;1219;;518v;Paris_AN_JJ_inventaire_JJ65A-JJ69.xml
JJ66;1220;;519r;Paris_AN_JJ_inventaire_JJ65A-JJ69.xml
JJ66;1221;;519r;Paris_AN_JJ_inventaire_JJ65A-JJ69.xml
JJ66;1222;;520r;Paris_AN_JJ_inventaire_JJ65A-JJ69.xml
JJ66;1223;;520r;Paris_AN_JJ_inventaire_JJ65A-JJ69.xml
JJ66;1224;;520v;Paris_AN_JJ_inventaire_JJ65A-JJ69.xml
JJ66;1225;;520v;Paris_AN_JJ_inventaire_JJ65A-JJ69.xml
JJ66;1226;;521v;Paris_AN_JJ_inventaire_JJ65A-JJ69.xml
JJ66;1227;;521v;Paris_AN_JJ_inventaire_JJ65A-JJ69.xml
JJ66;1228;;522r;Paris_AN_JJ_inventaire_JJ65A-JJ69.xml
JJ66;1229;;522v;Paris_AN_JJ_inventaire_JJ65A-JJ69.xml
JJ66;1230;;523r;Paris_AN_JJ_inventaire_JJ65A-JJ69.xml
JJ66;1231;;524r;Paris_AN_JJ_inventaire_JJ65A-JJ69.xml
JJ66;1232;;525r;Paris_AN_JJ_inventaire_JJ65A-JJ69.xml
JJ66;1233;;525v;Paris_AN_JJ_inventaire_JJ65A-JJ69.xml
JJ66;1234;;525v;Paris_AN_JJ_inventaire_JJ65A-JJ69.xml
JJ66;1235;;526r;Paris_AN_JJ_inventaire_JJ65A-JJ69.xml
JJ66;1236;;527r;Paris_AN_JJ_inventaire_JJ65A-JJ69.xml
JJ66;1237;;527r;Paris_AN_JJ_inventaire_JJ65A-JJ69.xml
JJ66;1238;;528v;Paris_AN_JJ_inventaire_JJ65A-JJ69.xml
JJ66;1239;;530v;Paris_AN_JJ_inventaire_JJ65A-JJ69.xml
JJ66;1240;;530v;Paris_AN_JJ_inventaire_JJ65A-JJ69.xml
JJ66;1241;;531r;Paris_AN_JJ_inventaire_JJ65A-JJ69.xml
JJ66;1242;;531v;Paris_AN_JJ_inventaire_JJ65A-JJ69.xml
JJ66;1243;;532r;Paris_AN_JJ_inventaire_JJ65A-JJ69.xml
JJ66;1244;;533r;Paris_AN_JJ_inventaire_JJ65A-JJ69.xml
JJ66;1245;;533r;Paris_AN_JJ_inventaire_JJ65A-JJ69.xml
JJ66;1246;;533v;Paris_AN_JJ_inventaire_JJ65A-JJ69.xml
JJ66;1247;;533v;Paris_AN_JJ_inventaire_JJ65A-JJ69.xml
JJ66;1248;;533v;Paris_AN_JJ_inventaire_JJ65A-JJ69.xml
JJ66;1249;;533v;Paris_AN_JJ_inventaire_JJ65A-JJ69.xml
JJ66;1250;;534r;Paris_AN_JJ_inventaire_JJ65A-JJ69.xml
JJ66;1251;;534v;Paris_AN_JJ_inventaire_JJ65A-JJ69.xml
JJ66;1252;;535v;Paris_AN_JJ_inventaire_JJ65A-JJ69.xml
JJ66;1253;;535v;Paris_AN_JJ_inventaire_JJ65A-JJ69.xml
JJ66;1254;;536r;Paris_AN_JJ_inventaire_JJ65A-JJ69.xml
JJ66;1255;;536r;Paris_AN_JJ_inventaire_JJ65A-JJ69.xml
JJ66;1256;;536v;Paris_AN_JJ_inventaire_JJ65A-JJ69.xml
JJ66;1257;;536v;Paris_AN_JJ_inventaire_JJ65A-JJ69.xml
JJ66;1258;;537v;Paris_AN_JJ_inventaire_JJ65A-JJ69.xml
JJ66;1259;;538r;Paris_AN_JJ_inventaire_JJ65A-JJ69.xml
JJ66;1260;;538r;Paris_AN_JJ_inventaire_JJ65A-JJ69.xml
JJ66;1261;;539v;Paris_AN_JJ_inventaire_JJ65A-JJ69.xml
JJ66;1262;;540r;Paris_AN_JJ_inventaire_JJ65A-JJ69.xml
JJ66;1263;;541r;Paris_AN_JJ_inventaire_JJ65A-JJ69.xml
JJ66;1264;;541v;Paris_AN_JJ_inventaire_JJ65A-JJ69.xml
JJ66;1265;;542r;Paris_AN_JJ_inventaire_JJ65A-JJ69.xml
JJ66;1266;;542v;Paris_AN_JJ_inventaire_JJ65A-JJ69.xml
JJ66;1267;;542v;Paris_AN_JJ_inventaire_JJ65A-JJ69.xml
JJ66;1268;;543r;Paris_AN_JJ_inventaire_JJ65A-JJ69.xml
JJ66;1269;;543v;Paris_AN_JJ_inventaire_JJ65A-JJ69.xml
JJ66;1270;;544r;Paris_AN_JJ_inventaire_JJ65A-JJ69.xml
JJ66;1271;;545r;Paris_AN_JJ_inventaire_JJ65A-JJ69.xml
JJ66;1272;;545r;Paris_AN_JJ_inventaire_JJ65A-JJ69.xml
JJ66;1273;;546r;Paris_AN_JJ_inventaire_JJ65A-JJ69.xml
JJ66;1274;;546v;Paris_AN_JJ_inventaire_JJ65A-JJ69.xml
JJ66;1275;;546v;Paris_AN_JJ_inventaire_JJ65A-JJ69.xml
JJ66;1276;;546v;Paris_AN_JJ_inventaire_JJ65A-JJ69.xml
JJ66;1277;;547r;Paris_AN_JJ_inventaire_JJ65A-JJ69.xml
JJ66;1278;;548r;Paris_AN_JJ_inventaire_JJ65A-JJ69.xml
JJ66;1279;;548v;Paris_AN_JJ_inventaire_JJ65A-JJ69.xml
JJ66;1280;;549r;Paris_AN_JJ_inventaire_JJ65A-JJ69.xml
JJ66;1281;;550v;Paris_AN_JJ_inventaire_JJ65A-JJ69.xml
JJ66;1282;;551v;Paris_AN_JJ_inventaire_JJ65A-JJ69.xml
JJ66;1283;;551v;Paris_AN_JJ_inventaire_JJ65A-JJ69.xml
JJ66;1284;;551v;Paris_AN_JJ_inventaire_JJ65A-JJ69.xml
JJ66;1285;;552r;Paris_AN_JJ_inventaire_JJ65A-JJ69.xml
JJ66;1286;;554v;Paris_AN_JJ_inventaire_JJ65A-JJ69.xml
JJ66;1287;;555r;Paris_AN_JJ_inventaire_JJ65A-JJ69.xml
JJ66;1288;;555r;Paris_AN_JJ_inventaire_JJ65A-JJ69.xml
JJ66;1289;;556v;Paris_AN_JJ_inventaire_JJ65A-JJ69.xml
JJ66;1290;;557r;Paris_AN_JJ_inventaire_JJ65A-JJ69.xml
JJ66;1291;;557v;Paris_AN_JJ_inventaire_JJ65A-JJ69.xml
JJ66;1292;;558r;Paris_AN_JJ_inventaire_JJ65A-JJ69.xml
JJ66;1293;;558r;Paris_AN_JJ_inventaire_JJ65A-JJ69.xml
JJ66;1294;;558r;Paris_AN_JJ_inventaire_JJ65A-JJ69.xml
JJ66;1295;;558v;Paris_AN_JJ_inventaire_JJ65A-JJ69.xml
JJ66;1296;;559r;Paris_AN_JJ_inventaire_JJ65A-JJ69.xml
JJ66;1297;;559r;Paris_AN_JJ_inventaire_JJ65A-JJ69.xml
JJ66;1298;;559v;Paris_AN_JJ_inventaire_JJ65A-JJ69.xml
JJ66;1299;;560r;Paris_AN_JJ_inventaire_JJ65A-JJ69.xml
JJ66;1300;;560r;Paris_AN_JJ_inventaire_JJ65A-JJ69.xml
JJ66;1301;;560v;Paris_AN_JJ_inventaire_JJ65A-JJ69.xml
JJ66;1302;;560v;Paris_AN_JJ_inventaire_JJ65A-JJ69.xml
JJ66;1303;;561r;Paris_AN_JJ_inventaire_JJ65A-JJ69.xml
JJ66;1304;;561v;Paris_AN_JJ_inventaire_JJ65A-JJ69.xml
JJ66;1305;;563v;Paris_AN_JJ_inventaire_JJ65A-JJ69.xml
JJ66;1306;;563v;Paris_AN_JJ_inventaire_JJ65A-JJ69.xml
JJ66;1307;;563r;Paris_AN_JJ_inventaire_JJ65A-JJ69.xml
JJ66;1308;;564r;Paris_AN_JJ_inventaire_JJ65A-JJ69.xml
JJ66;1309;;564r;Paris_AN_JJ_inventaire_JJ65A-JJ69.xml
JJ66;1310;;565r;Paris_AN_JJ_inventaire_JJ65A-JJ69.xml
JJ66;1311;;565v;Paris_AN_JJ_inventaire_JJ65A-JJ69.xml
JJ66;1312;;566r;Paris_AN_JJ_inventaire_JJ65A-JJ69.xml
JJ66;1313;;566v®;Paris_AN_JJ_inventaire_JJ65A-JJ69.xml
JJ66;1314;;566v;Paris_AN_JJ_inventaire_JJ65A-JJ69.xml
JJ66;1315;;566v;Paris_AN_JJ_inventaire_JJ65A-JJ69.xml
JJ66;1316;;567r;Paris_AN_JJ_inventaire_JJ65A-JJ69.xml
JJ66;1317;;567v;Paris_AN_JJ_inventaire_JJ65A-JJ69.xml
JJ66;1318;;568v;Paris_AN_JJ_inventaire_JJ65A-JJ69.xml
JJ66;1319;;568v;Paris_AN_JJ_inventaire_JJ65A-JJ69.xml
JJ66;1320;;569r;Paris_AN_JJ_inventaire_JJ65A-JJ69.xml
JJ66;1321;;569v;Paris_AN_JJ_inventaire_JJ65A-JJ69.xml
JJ66;1322;;569v;Paris_AN_JJ_inventaire_JJ65A-JJ69.xml
JJ66;1323;;569v;Paris_AN_JJ_inventaire_JJ65A-JJ69.xml
JJ66;1324;;570r;Paris_AN_JJ_inventaire_JJ65A-JJ69.xml
JJ66;1325;;570r;Paris_AN_JJ_inventaire_JJ65A-JJ69.xml
JJ66;1326;;570v;Paris_AN_JJ_inventaire_JJ65A-JJ69.xml
JJ66;1327;;570v;Paris_AN_JJ_inventaire_JJ65A-JJ69.xml
JJ66;1328;;571r;Paris_AN_JJ_inventaire_JJ65A-JJ69.xml
JJ66;1329;;571r;Paris_AN_JJ_inventaire_JJ65A-JJ69.xml
JJ66;1330;;571v;Paris_AN_JJ_inventaire_JJ65A-JJ69.xml
JJ66;1331;;572r;Paris_AN_JJ_inventaire_JJ65A-JJ69.xml
JJ66;1332;;573r;Paris_AN_JJ_inventaire_JJ65A-JJ69.xml
JJ66;1333;;573v;Paris_AN_JJ_inventaire_JJ65A-JJ69.xml
JJ66;1334;;574r;Paris_AN_JJ_inventaire_JJ65A-JJ69.xml
JJ66;1335;;575v;Paris_AN_JJ_inventaire_JJ65A-JJ69.xml
JJ66;1336;;576r;Paris_AN_JJ_inventaire_JJ65A-JJ69.xml
JJ66;1337;;576r;Paris_AN_JJ_inventaire_JJ65A-JJ69.xml
JJ66;1338;;576r;Paris_AN_JJ_inventaire_JJ65A-JJ69.xml
JJ66;1339;;576v;Paris_AN_JJ_inventaire_JJ65A-JJ69.xml
JJ66;1340;;578r;Paris_AN_JJ_inventaire_JJ65A-JJ69.xml
JJ66;1341;;578v;Paris_AN_JJ_inventaire_JJ65A-JJ69.xml
JJ66;1342;;578v;Paris_AN_JJ_inventaire_JJ65A-JJ69.xml
JJ66;1343;;579r;Paris_AN_JJ_inventaire_JJ65A-JJ69.xml
JJ66;1344;;579r;Paris_AN_JJ_inventaire_JJ65A-JJ69.xml
JJ66;1345;;579r;Paris_AN_JJ_inventaire_JJ65A-JJ69.xml
JJ66;1346;;579v;Paris_AN_JJ_inventaire_JJ65A-JJ69.xml
JJ66;1347;;579v;Paris_AN_JJ_inventaire_JJ65A-JJ69.xml
JJ66;1348;;579v;Paris_AN_JJ_inventaire_JJ65A-JJ69.xml
JJ66;1349;;580r;Paris_AN_JJ_inventaire_JJ65A-JJ69.xml
JJ66;1350;;580r;Paris_AN_JJ_inventaire_JJ65A-JJ69.xml
JJ66;1350bis;;580r;Paris_AN_JJ_inventaire_JJ65A-JJ69.xml
JJ66;1351;;581r;Paris_AN_JJ_inventaire_JJ65A-JJ69.xml
JJ66;1352;;581v;Paris_AN_JJ_inventaire_JJ65A-JJ69.xml
JJ66;1353;;582r;Paris_AN_JJ_inventaire_JJ65A-JJ69.xml
JJ66;1354;;582r;Paris_AN_JJ_inventaire_JJ65A-JJ69.xml
JJ66;1355;;582r;Paris_AN_JJ_inventaire_JJ65A-JJ69.xml
JJ66;1352;;582v;Paris_AN_JJ_inventaire_JJ65A-JJ69.xml
JJ66;1357;;582v;Paris_AN_JJ_inventaire_JJ65A-JJ69.xml
JJ66;1358;;583r;Paris_AN_JJ_inventaire_JJ65A-JJ69.xml
JJ66;1359;;586v;Paris_AN_JJ_inventaire_JJ65A-JJ69.xml
JJ66;1360;;587r;Paris_AN_JJ_inventaire_JJ65A-JJ69.xml
JJ66;1361;;587r;Paris_AN_JJ_inventaire_JJ65A-JJ69.xml
JJ66;1362;;587r;Paris_AN_JJ_inventaire_JJ65A-JJ69.xml
JJ66;1363;;587v;Paris_AN_JJ_inventaire_JJ65A-JJ69.xml
JJ66;1364;;587v;Paris_AN_JJ_inventaire_JJ65A-JJ69.xml
JJ66;1365;;588r;Paris_AN_JJ_inventaire_JJ65A-JJ69.xml
JJ66;1366;;588v;Paris_AN_JJ_inventaire_JJ65A-JJ69.xml
JJ66;1367;;590r;Paris_AN_JJ_inventaire_JJ65A-JJ69.xml
JJ66;1368;;590v;Paris_AN_JJ_inventaire_JJ65A-JJ69.xml
JJ66;1369;;591r;Paris_AN_JJ_inventaire_JJ65A-JJ69.xml
JJ66;1370;;591r;Paris_AN_JJ_inventaire_JJ65A-JJ69.xml
JJ66;1371;;591v;Paris_AN_JJ_inventaire_JJ65A-JJ69.xml
JJ66;1372;;591v;Paris_AN_JJ_inventaire_JJ65A-JJ69.xml
JJ66;1373;;593r;Paris_AN_JJ_inventaire_JJ65A-JJ69.xml
JJ66;1374;;593v;Paris_AN_JJ_inventaire_JJ65A-JJ69.xml
JJ66;1375;;594r;Paris_AN_JJ_inventaire_JJ65A-JJ69.xml
JJ66;1376;;594v;Paris_AN_JJ_inventaire_JJ65A-JJ69.xml
JJ66;1377;;596r;Paris_AN_JJ_inventaire_JJ65A-JJ69.xml
JJ66;1378;;596r;Paris_AN_JJ_inventaire_JJ65A-JJ69.xml
JJ66;1379;;596v;Paris_AN_JJ_inventaire_JJ65A-JJ69.xml
JJ66;1380;;597r;Paris_AN_JJ_inventaire_JJ65A-JJ69.xml
JJ66;1381;;597v;Paris_AN_JJ_inventaire_JJ65A-JJ69.xml
JJ66;1382;;598r;Paris_AN_JJ_inventaire_JJ65A-JJ69.xml
JJ66;1383;;598v;Paris_AN_JJ_inventaire_JJ65A-JJ69.xml
JJ66;1384;;599r;Paris_AN_JJ_inventaire_JJ65A-JJ69.xml
JJ66;1385;;599v;Paris_AN_JJ_inventaire_JJ65A-JJ69.xml
JJ66;1386;;599v;Paris_AN_JJ_inventaire_JJ65A-JJ69.xml
JJ66;1387;;599v;Paris_AN_JJ_inventaire_JJ65A-JJ69.xml
JJ66;1388;;600r;Paris_AN_JJ_inventaire_JJ65A-JJ69.xml
JJ66;1389;;600v;Paris_AN_JJ_inventaire_JJ65A-JJ69.xml
JJ66;1390;;601v;Paris_AN_JJ_inventaire_JJ65A-JJ69.xml
JJ66;1391;;608r;Paris_AN_JJ_inventaire_JJ65A-JJ69.xml
JJ66;1392;;608v;Paris_AN_JJ_inventaire_JJ65A-JJ69.xml
JJ66;1393;;609r;Paris_AN_JJ_inventaire_JJ65A-JJ69.xml
JJ66;1394;;609r;Paris_AN_JJ_inventaire_JJ65A-JJ69.xml
JJ66;1395;;609r;Paris_AN_JJ_inventaire_JJ65A-JJ69.xml
JJ66;1396;;609v;Paris_AN_JJ_inventaire_JJ65A-JJ69.xml
JJ66;1397;;610r;Paris_AN_JJ_inventaire_JJ65A-JJ69.xml
JJ66;1398;;610r;Paris_AN_JJ_inventaire_JJ65A-JJ69.xml
JJ66;1399;;610v;Paris_AN_JJ_inventaire_JJ65A-JJ69.xml
JJ66;1400;;611r;Paris_AN_JJ_inventaire_JJ65A-JJ69.xml
JJ66;1401;;611v;Paris_AN_JJ_inventaire_JJ65A-JJ69.xml
JJ66;1402;;612v;Paris_AN_JJ_inventaire_JJ65A-JJ69.xml
JJ66;1403;;612v;Paris_AN_JJ_inventaire_JJ65A-JJ69.xml
JJ66;1404;;613r;Paris_AN_JJ_inventaire_JJ65A-JJ69.xml
JJ66;1405;;613v;Paris_AN_JJ_inventaire_JJ65A-JJ69.xml
JJ66;1406;;613r;Paris_AN_JJ_inventaire_JJ65A-JJ69.xml
JJ66;1407;;614r;Paris_AN_JJ_inventaire_JJ65A-JJ69.xml
JJ66;1408;;615r;Paris_AN_JJ_inventaire_JJ65A-JJ69.xml
JJ66;1409;;616r;Paris_AN_JJ_inventaire_JJ65A-JJ69.xml
JJ66;1410;;617r;Paris_AN_JJ_inventaire_JJ65A-JJ69.xml
JJ66;1411;;617v;Paris_AN_JJ_inventaire_JJ65A-JJ69.xml
JJ66;1412;;617v;Paris_AN_JJ_inventaire_JJ65A-JJ69.xml
JJ66;1413;;618r;Paris_AN_JJ_inventaire_JJ65A-JJ69.xml
JJ66;1414;;618r;Paris_AN_JJ_inventaire_JJ65A-JJ69.xml
JJ66;1415;;618v;Paris_AN_JJ_inventaire_JJ65A-JJ69.xml
JJ66;1416;;619r;Paris_AN_JJ_inventaire_JJ65A-JJ69.xml
JJ66;1417;;619r;Paris_AN_JJ_inventaire_JJ65A-JJ69.xml
JJ66;1418;;620r;Paris_AN_JJ_inventaire_JJ65A-JJ69.xml
JJ66;1419;;620v;Paris_AN_JJ_inventaire_JJ65A-JJ69.xml
JJ66;1420;;621r;Paris_AN_JJ_inventaire_JJ65A-JJ69.xml
JJ66;1421;;621r;Paris_AN_JJ_inventaire_JJ65A-JJ69.xml
JJ66;1422;;621v;Paris_AN_JJ_inventaire_JJ65A-JJ69.xml
JJ66;1423;;622r;Paris_AN_JJ_inventaire_JJ65A-JJ69.xml
JJ66;1424;;622r;Paris_AN_JJ_inventaire_JJ65A-JJ69.xml
JJ66;1425;;622r;Paris_AN_JJ_inventaire_JJ65A-JJ69.xml
JJ66;1426;;623r;Paris_AN_JJ_inventaire_JJ65A-JJ69.xml
JJ66;1427;;623r;Paris_AN_JJ_inventaire_JJ65A-JJ69.xml
JJ66;1428;;623r;Paris_AN_JJ_inventaire_JJ65A-JJ69.xml
JJ66;1429;;623v;Paris_AN_JJ_inventaire_JJ65A-JJ69.xml
JJ66;1430;;623v;Paris_AN_JJ_inventaire_JJ65A-JJ69.xml
JJ66;1431;;624r;Paris_AN_JJ_inventaire_JJ65A-JJ69.xml
JJ66;1432;;626r;Paris_AN_JJ_inventaire_JJ65A-JJ69.xml
JJ66;1433;;627r;Paris_AN_JJ_inventaire_JJ65A-JJ69.xml
JJ66;1434;;627v;Paris_AN_JJ_inventaire_JJ65A-JJ69.xml
JJ66;1435;;628v;Paris_AN_JJ_inventaire_JJ65A-JJ69.xml
JJ66;1436;;629r;Paris_AN_JJ_inventaire_JJ65A-JJ69.xml
JJ66;1437;;631r;Paris_AN_JJ_inventaire_JJ65A-JJ69.xml
JJ66;1438;;632r;Paris_AN_JJ_inventaire_JJ65A-JJ69.xml
JJ66;1439;;632r;Paris_AN_JJ_inventaire_JJ65A-JJ69.xml
JJ66;1440;;632v;Paris_AN_JJ_inventaire_JJ65A-JJ69.xml
JJ66;1441;;633v;Paris_AN_JJ_inventaire_JJ65A-JJ69.xml
JJ66;1442;;634v;Paris_AN_JJ_inventaire_JJ65A-JJ69.xml
JJ66;1443;;635r;Paris_AN_JJ_inventaire_JJ65A-JJ69.xml
JJ66;1444;;635r;Paris_AN_JJ_inventaire_JJ65A-JJ69.xml
JJ66;1445;;635v;Paris_AN_JJ_inventaire_JJ65A-JJ69.xml
JJ66;1446;;636r;Paris_AN_JJ_inventaire_JJ65A-JJ69.xml
JJ66;1447;;637r;Paris_AN_JJ_inventaire_JJ65A-JJ69.xml
JJ66;1448;;639r;Paris_AN_JJ_inventaire_JJ65A-JJ69.xml
JJ66;1449;;639v;Paris_AN_JJ_inventaire_JJ65A-JJ69.xml
JJ66;1450;;640v;Paris_AN_JJ_inventaire_JJ65A-JJ69.xml
JJ66;1451;;641r;Paris_AN_JJ_inventaire_JJ65A-JJ69.xml
JJ66;1452;;641r;Paris_AN_JJ_inventaire_JJ65A-JJ69.xml
JJ66;1453;;641v;Paris_AN_JJ_inventaire_JJ65A-JJ69.xml
JJ66;1454;;641v;Paris_AN_JJ_inventaire_JJ65A-JJ69.xml
JJ66;1455;;642r;Paris_AN_JJ_inventaire_JJ65A-JJ69.xml
JJ66;1456;;642v;Paris_AN_JJ_inventaire_JJ65A-JJ69.xml
JJ66;1457;;642v;Paris_AN_JJ_inventaire_JJ65A-JJ69.xml
JJ66;1458;;643r;Paris_AN_JJ_inventaire_JJ65A-JJ69.xml
JJ66;1459;;643v;Paris_AN_JJ_inventaire_JJ65A-JJ69.xml
JJ66;1460;;643v;Paris_AN_JJ_inventaire_JJ65A-JJ69.xml
JJ66;1461;;644et646r;Paris_AN_JJ_inventaire_JJ65A-JJ69.xml
JJ66;1462;;645v;Paris_AN_JJ_inventaire_JJ65A-JJ69.xml
JJ66;1463;;647r;Paris_AN_JJ_inventaire_JJ65A-JJ69.xml
JJ66;1464;;647v;Paris_AN_JJ_inventaire_JJ65A-JJ69.xml
JJ66;1465;;647v;Paris_AN_JJ_inventaire_JJ65A-JJ69.xml
JJ66;1466;;648r;Paris_AN_JJ_inventaire_JJ65A-JJ69.xml
JJ66;1467;;649r;Paris_AN_JJ_inventaire_JJ65A-JJ69.xml
JJ66;1468;;649v;Paris_AN_JJ_inventaire_JJ65A-JJ69.xml
JJ66;1469;;649v;Paris_AN_JJ_inventaire_JJ65A-JJ69.xml
JJ66;1470;;699v;Paris_AN_JJ_inventaire_JJ65A-JJ69.xml
JJ66;1471;;650r;Paris_AN_JJ_inventaire_JJ65A-JJ69.xml
JJ66;1472;;650v;Paris_AN_JJ_inventaire_JJ65A-JJ69.xml
JJ66;1473;;651r;Paris_AN_JJ_inventaire_JJ65A-JJ69.xml
JJ66;1474;;651r;Paris_AN_JJ_inventaire_JJ65A-JJ69.xml
JJ66;1475;;652r;Paris_AN_JJ_inventaire_JJ65A-JJ69.xml
JJ66;1476;;654r;Paris_AN_JJ_inventaire_JJ65A-JJ69.xml
JJ66;1477;;654v;Paris_AN_JJ_inventaire_JJ65A-JJ69.xml
JJ66;1478;;655r;Paris_AN_JJ_inventaire_JJ65A-JJ69.xml
JJ66;1479;;655v;Paris_AN_JJ_inventaire_JJ65A-JJ69.xml
JJ66;1480;;656r;Paris_AN_JJ_inventaire_JJ65A-JJ69.xml
JJ66;1481;;656v;Paris_AN_JJ_inventaire_JJ65A-JJ69.xml
JJ66;1482;;656v;Paris_AN_JJ_inventaire_JJ65A-JJ69.xml
JJ66;1483;;656v;Paris_AN_JJ_inventaire_JJ65A-JJ69.xml
JJ66;1484;;657r;Paris_AN_JJ_inventaire_JJ65A-JJ69.xml
JJ66;1485;;658r;Paris_AN_JJ_inventaire_JJ65A-JJ69.xml
JJ66;1486;;658r;Paris_AN_JJ_inventaire_JJ65A-JJ69.xml
JJ66;1487;;658r;Paris_AN_JJ_inventaire_JJ65A-JJ69.xml
JJ66;1488;;658v;Paris_AN_JJ_inventaire_JJ65A-JJ69.xml
JJ66;1489;;658v;Paris_AN_JJ_inventaire_JJ65A-JJ69.xml
JJ66;1490;;658v;Paris_AN_JJ_inventaire_JJ65A-JJ69.xml
JJ66;1491;;659r;Paris_AN_JJ_inventaire_JJ65A-JJ69.xml
JJ66;1492;;659r;Paris_AN_JJ_inventaire_JJ65A-JJ69.xml
JJ66;1493;;659v;Paris_AN_JJ_inventaire_JJ65A-JJ69.xml
JJ66;1494;;660r;Paris_AN_JJ_inventaire_JJ65A-JJ69.xml
JJ66;1495;;660r;Paris_AN_JJ_inventaire_JJ65A-JJ69.xml
JJ66;1496;;660r;Paris_AN_JJ_inventaire_JJ65A-JJ69.xml
JJ66;1497;;660v;Paris_AN_JJ_inventaire_JJ65A-JJ69.xml
JJ66;1498;;661r;Paris_AN_JJ_inventaire_JJ65A-JJ69.xml
JJ66;1499;;661v;Paris_AN_JJ_inventaire_JJ65A-JJ69.xml
JJ66;1500;;662r;Paris_AN_JJ_inventaire_JJ65A-JJ69.xml
JJ66;1501;;662r;Paris_AN_JJ_inventaire_JJ65A-JJ69.xml
JJ66;150;;662v;Paris_AN_JJ_inventaire_JJ65A-JJ69.xml
JJ67;1;;1r;Paris_AN_JJ_inventaire_JJ65A-JJ69.xml
JJ67;2;;1r;Paris_AN_JJ_inventaire_JJ65A-JJ69.xml
JJ67;3;;1v;Paris_AN_JJ_inventaire_JJ65A-JJ69.xml
JJ67;4;;2r;Paris_AN_JJ_inventaire_JJ65A-JJ69.xml
JJ67;5;;2r;Paris_AN_JJ_inventaire_JJ65A-JJ69.xml
JJ67;6;;2v;Paris_AN_JJ_inventaire_JJ65A-JJ69.xml
JJ67;7;;3r;Paris_AN_JJ_inventaire_JJ65A-JJ69.xml
JJ67;8;;3r;Paris_AN_JJ_inventaire_JJ65A-JJ69.xml
JJ67;9;;4v;Paris_AN_JJ_inventaire_JJ65A-JJ69.xml
JJ67;10;;4r;Paris_AN_JJ_inventaire_JJ65A-JJ69.xml
JJ67;11;;4r;Paris_AN_JJ_inventaire_JJ65A-JJ69.xml
JJ67;12;;4v;Paris_AN_JJ_inventaire_JJ65A-JJ69.xml
JJ67;13;;4v;Paris_AN_JJ_inventaire_JJ65A-JJ69.xml
JJ67;14;;4v;Paris_AN_JJ_inventaire_JJ65A-JJ69.xml
JJ67;15;;5r;Paris_AN_JJ_inventaire_JJ65A-JJ69.xml
JJ67;16;;5v;Paris_AN_JJ_inventaire_JJ65A-JJ69.xml
JJ67;17;;6r;Paris_AN_JJ_inventaire_JJ65A-JJ69.xml
JJ67;18;;6v;Paris_AN_JJ_inventaire_JJ65A-JJ69.xml
JJ67;19;;6v;Paris_AN_JJ_inventaire_JJ65A-JJ69.xml
JJ67;20;;6v;Paris_AN_JJ_inventaire_JJ65A-JJ69.xml
JJ67;21;;7r;Paris_AN_JJ_inventaire_JJ65A-JJ69.xml
JJ67;22;;7v;Paris_AN_JJ_inventaire_JJ65A-JJ69.xml
JJ67;23;;7v;Paris_AN_JJ_inventaire_JJ65A-JJ69.xml
JJ67;24;;8v;Paris_AN_JJ_inventaire_JJ65A-JJ69.xml
JJ67;25;;8v;Paris_AN_JJ_inventaire_JJ65A-JJ69.xml
JJ67;26;;8v;Paris_AN_JJ_inventaire_JJ65A-JJ69.xml
JJ67;27;;9r;Paris_AN_JJ_inventaire_JJ65A-JJ69.xml
JJ67;28;;9r;Paris_AN_JJ_inventaire_JJ65A-JJ69.xml
JJ67;29;;8v;Paris_AN_JJ_inventaire_JJ65A-JJ69.xml
JJ67;30;;9v;Paris_AN_JJ_inventaire_JJ65A-JJ69.xml
JJ67;31;;9v;Paris_AN_JJ_inventaire_JJ65A-JJ69.xml
JJ67;32;;10r;Paris_AN_JJ_inventaire_JJ65A-JJ69.xml
JJ67;33;;10r;Paris_AN_JJ_inventaire_JJ65A-JJ69.xml
JJ67;34;;10r;Paris_AN_JJ_inventaire_JJ65A-JJ69.xml
JJ67;35;;10v;Paris_AN_JJ_inventaire_JJ65A-JJ69.xml
JJ67;36;;10v;Paris_AN_JJ_inventaire_JJ65A-JJ69.xml
JJ67;37;;10v;Paris_AN_JJ_inventaire_JJ65A-JJ69.xml
JJ67;38;;11r;Paris_AN_JJ_inventaire_JJ65A-JJ69.xml
JJ67;39;;13r;Paris_AN_JJ_inventaire_JJ65A-JJ69.xml
JJ67;40;;13v;Paris_AN_JJ_inventaire_JJ65A-JJ69.xml
JJ67;41;;13v;Paris_AN_JJ_inventaire_JJ65A-JJ69.xml
JJ67;42;;14r;Paris_AN_JJ_inventaire_JJ65A-JJ69.xml
JJ67;43;;14r;Paris_AN_JJ_inventaire_JJ65A-JJ69.xml
JJ67;44;;14r;Paris_AN_JJ_inventaire_JJ65A-JJ69.xml
JJ67;45;;14v;Paris_AN_JJ_inventaire_JJ65A-JJ69.xml
JJ67;46;;15r;Paris_AN_JJ_inventaire_JJ65A-JJ69.xml
JJ67;47;;15r;Paris_AN_JJ_inventaire_JJ65A-JJ69.xml
JJ67;48;;15r;Paris_AN_JJ_inventaire_JJ65A-JJ69.xml
JJ67;49;;15v;Paris_AN_JJ_inventaire_JJ65A-JJ69.xml
JJ67;50;;16r;Paris_AN_JJ_inventaire_JJ65A-JJ69.xml
JJ67;51;;16v;Paris_AN_JJ_inventaire_JJ65A-JJ69.xml
JJ67;52;;17r;Paris_AN_JJ_inventaire_JJ65A-JJ69.xml
JJ67;53;;17v;Paris_AN_JJ_inventaire_JJ65A-JJ69.xml
JJ67;54;;18r;Paris_AN_JJ_inventaire_JJ65A-JJ69.xml
JJ67;55;;18r;Paris_AN_JJ_inventaire_JJ65A-JJ69.xml
JJ67;56;;18v;Paris_AN_JJ_inventaire_JJ65A-JJ69.xml
JJ67;57;;18v;Paris_AN_JJ_inventaire_JJ65A-JJ69.xml
JJ67;58;;19r;Paris_AN_JJ_inventaire_JJ65A-JJ69.xml
JJ67;59;;19r;Paris_AN_JJ_inventaire_JJ65A-JJ69.xml
JJ67;60;;19v;Paris_AN_JJ_inventaire_JJ65A-JJ69.xml
JJ67;61;;19v;Paris_AN_JJ_inventaire_JJ65A-JJ69.xml
JJ67;62;;20r;Paris_AN_JJ_inventaire_JJ65A-JJ69.xml
JJ67;63;;20r;Paris_AN_JJ_inventaire_JJ65A-JJ69.xml
JJ67;64;;20v;Paris_AN_JJ_inventaire_JJ65A-JJ69.xml
JJ67;65;;20v;Paris_AN_JJ_inventaire_JJ65A-JJ69.xml
JJ67;66;;20v;Paris_AN_JJ_inventaire_JJ65A-JJ69.xml
JJ67;67;;21v;Paris_AN_JJ_inventaire_JJ65A-JJ69.xml
JJ67;68;;21v;Paris_AN_JJ_inventaire_JJ65A-JJ69.xml
JJ67;69;;22v;Paris_AN_JJ_inventaire_JJ65A-JJ69.xml
JJ67;70;;23v;Paris_AN_JJ_inventaire_JJ65A-JJ69.xml
JJ67;71;;24v;Paris_AN_JJ_inventaire_JJ65A-JJ69.xml
JJ67;72;;25r;Paris_AN_JJ_inventaire_JJ65A-JJ69.xml
JJ67;73;;25v;Paris_AN_JJ_inventaire_JJ65A-JJ69.xml
JJ67;74;;25v;Paris_AN_JJ_inventaire_JJ65A-JJ69.xml
JJ67;75;;26r;Paris_AN_JJ_inventaire_JJ65A-JJ69.xml
JJ67;76;;27r;Paris_AN_JJ_inventaire_JJ65A-JJ69.xml
JJ67;77;;27r;Paris_AN_JJ_inventaire_JJ65A-JJ69.xml
JJ67;78;;27v;Paris_AN_JJ_inventaire_JJ65A-JJ69.xml
JJ67;79;;27v;Paris_AN_JJ_inventaire_JJ65A-JJ69.xml
JJ67;80;;28r;Paris_AN_JJ_inventaire_JJ65A-JJ69.xml
JJ67;81;;29r;Paris_AN_JJ_inventaire_JJ65A-JJ69.xml
JJ67;82;;29r;Paris_AN_JJ_inventaire_JJ65A-JJ69.xml
JJ67;83;;29r;Paris_AN_JJ_inventaire_JJ65A-JJ69.xml
JJ67;84;;29v;Paris_AN_JJ_inventaire_JJ65A-JJ69.xml
JJ67;85;;29v;Paris_AN_JJ_inventaire_JJ65A-JJ69.xml
JJ67;86;;30r;Paris_AN_JJ_inventaire_JJ65A-JJ69.xml
JJ67;87;;30r;Paris_AN_JJ_inventaire_JJ65A-JJ69.xml
JJ67;88;;30v;Paris_AN_JJ_inventaire_JJ65A-JJ69.xml
JJ67;89;;30v;Paris_AN_JJ_inventaire_JJ65A-JJ69.xml
JJ67;90;;31r;Paris_AN_JJ_inventaire_JJ65A-JJ69.xml
JJ67;91;;31v;Paris_AN_JJ_inventaire_JJ65A-JJ69.xml
JJ67;92;;32r;Paris_AN_JJ_inventaire_JJ65A-JJ69.xml
JJ67;93;;32v;Paris_AN_JJ_inventaire_JJ65A-JJ69.xml
JJ67;94;;33v;Paris_AN_JJ_inventaire_JJ65A-JJ69.xml
JJ67;95;;34r;Paris_AN_JJ_inventaire_JJ65A-JJ69.xml
JJ67;96;;34v;Paris_AN_JJ_inventaire_JJ65A-JJ69.xml
JJ67;97;;34v;Paris_AN_JJ_inventaire_JJ65A-JJ69.xml
JJ67;98;;35r;Paris_AN_JJ_inventaire_JJ65A-JJ69.xml
JJ67;99;;36r;Paris_AN_JJ_inventaire_JJ65A-JJ69.xml
JJ67;100;;36r;Paris_AN_JJ_inventaire_JJ65A-JJ69.xml
JJ67;101;;36v;Paris_AN_JJ_inventaire_JJ65A-JJ69.xml
JJ67;102;;37r;Paris_AN_JJ_inventaire_JJ65A-JJ69.xml
JJ67;103;;38r;Paris_AN_JJ_inventaire_JJ65A-JJ69.xml
JJ67;104;;40v;Paris_AN_JJ_inventaire_JJ65A-JJ69.xml
JJ67;105;;41r;Paris_AN_JJ_inventaire_JJ65A-JJ69.xml
JJ67;106;;42r;Paris_AN_JJ_inventaire_JJ65A-JJ69.xml
JJ67;107;;42r;Paris_AN_JJ_inventaire_JJ65A-JJ69.xml
JJ67;108;;42r;Paris_AN_JJ_inventaire_JJ65A-JJ69.xml
JJ67;109;;45r;Paris_AN_JJ_inventaire_JJ65A-JJ69.xml
JJ67;110;;45v;Paris_AN_JJ_inventaire_JJ65A-JJ69.xml
JJ67;111;;46r;Paris_AN_JJ_inventaire_JJ65A-JJ69.xml
JJ67;112;;48v;Paris_AN_JJ_inventaire_JJ65A-JJ69.xml
JJ67;113;;48v;Paris_AN_JJ_inventaire_JJ65A-JJ69.xml
JJ68;1;;1r;Paris_AN_JJ_inventaire_JJ65A-JJ69.xml
JJ68;2;;3r;Paris_AN_JJ_inventaire_JJ65A-JJ69.xml
JJ68;3;;4r;Paris_AN_JJ_inventaire_JJ65A-JJ69.xml
JJ68;4;;5v;Paris_AN_JJ_inventaire_JJ65A-JJ69.xml
JJ68;5;;6v;Paris_AN_JJ_inventaire_JJ65A-JJ69.xml
JJ68;6;;7r;Paris_AN_JJ_inventaire_JJ65A-JJ69.xml
JJ68;7;;7r;Paris_AN_JJ_inventaire_JJ65A-JJ69.xml
JJ68;8;;7v;Paris_AN_JJ_inventaire_JJ65A-JJ69.xml
JJ68;9;;8r;Paris_AN_JJ_inventaire_JJ65A-JJ69.xml
JJ68;10;;8v;Paris_AN_JJ_inventaire_JJ65A-JJ69.xml
JJ68;11;;9r;Paris_AN_JJ_inventaire_JJ65A-JJ69.xml
JJ68;12;;9r;Paris_AN_JJ_inventaire_JJ65A-JJ69.xml
JJ68;13;;9v;Paris_AN_JJ_inventaire_JJ65A-JJ69.xml
JJ68;14;;10r;Paris_AN_JJ_inventaire_JJ65A-JJ69.xml
JJ68;15;;10r;Paris_AN_JJ_inventaire_JJ65A-JJ69.xml
JJ68;16;;10v;Paris_AN_JJ_inventaire_JJ65A-JJ69.xml
JJ68;17;;10v;Paris_AN_JJ_inventaire_JJ65A-JJ69.xml
JJ68;18;;12r;Paris_AN_JJ_inventaire_JJ65A-JJ69.xml
JJ68;19;;12r;Paris_AN_JJ_inventaire_JJ65A-JJ69.xml
JJ68;20;;13r;Paris_AN_JJ_inventaire_JJ65A-JJ69.xml
JJ68;21;;13r;Paris_AN_JJ_inventaire_JJ65A-JJ69.xml
JJ68;22;;13r;Paris_AN_JJ_inventaire_JJ65A-JJ69.xml
JJ68;22bis;;13v;Paris_AN_JJ_inventaire_JJ65A-JJ69.xml
JJ68;23;;13v;Paris_AN_JJ_inventaire_JJ65A-JJ69.xml
JJ68;24;;14r;Paris_AN_JJ_inventaire_JJ65A-JJ69.xml
JJ68;25;;14r;Paris_AN_JJ_inventaire_JJ65A-JJ69.xml
JJ68;26;;17v;Paris_AN_JJ_inventaire_JJ65A-JJ69.xml
JJ68;27;;18r;Paris_AN_JJ_inventaire_JJ65A-JJ69.xml
JJ68;28;;18r;Paris_AN_JJ_inventaire_JJ65A-JJ69.xml
JJ68;29;;18r;Paris_AN_JJ_inventaire_JJ65A-JJ69.xml
JJ68;30;;18v;Paris_AN_JJ_inventaire_JJ65A-JJ69.xml
JJ68;31;;18v;Paris_AN_JJ_inventaire_JJ65A-JJ69.xml
JJ68;32;;19r;Paris_AN_JJ_inventaire_JJ65A-JJ69.xml
JJ68;33;;19v;Paris_AN_JJ_inventaire_JJ65A-JJ69.xml
JJ68;34;;21r;Paris_AN_JJ_inventaire_JJ65A-JJ69.xml
JJ68;35;;21r;Paris_AN_JJ_inventaire_JJ65A-JJ69.xml
JJ68;36;;21v;Paris_AN_JJ_inventaire_JJ65A-JJ69.xml
JJ68;37;;21v;Paris_AN_JJ_inventaire_JJ65A-JJ69.xml
JJ68;38;;22r;Paris_AN_JJ_inventaire_JJ65A-JJ69.xml
JJ68;38;;22v;Paris_AN_JJ_inventaire_JJ65A-JJ69.xml
JJ68;39;;22v;Paris_AN_JJ_inventaire_JJ65A-JJ69.xml
JJ68;40;;23r;Paris_AN_JJ_inventaire_JJ65A-JJ69.xml
JJ68;41;;23r;Paris_AN_JJ_inventaire_JJ65A-JJ69.xml
JJ68;42;;24r;Paris_AN_JJ_inventaire_JJ65A-JJ69.xml
JJ68;43;;24r;Paris_AN_JJ_inventaire_JJ65A-JJ69.xml
JJ68;44;;27v;Paris_AN_JJ_inventaire_JJ65A-JJ69.xml
JJ68;45;;28r;Paris_AN_JJ_inventaire_JJ65A-JJ69.xml
JJ68;46;;28r;Paris_AN_JJ_inventaire_JJ65A-JJ69.xml
JJ68;47;;28v;Paris_AN_JJ_inventaire_JJ65A-JJ69.xml
JJ68;48;;28v;Paris_AN_JJ_inventaire_JJ65A-JJ69.xml
JJ68;49;;30r;Paris_AN_JJ_inventaire_JJ65A-JJ69.xml
JJ68;50;;31r;Paris_AN_JJ_inventaire_JJ65A-JJ69.xml
JJ68;51;;31r;Paris_AN_JJ_inventaire_JJ65A-JJ69.xml
JJ68;52;;31v;Paris_AN_JJ_inventaire_JJ65A-JJ69.xml
JJ68;53;;33r;Paris_AN_JJ_inventaire_JJ65A-JJ69.xml
JJ68;54;;34v;Paris_AN_JJ_inventaire_JJ65A-JJ69.xml
JJ68;55;;35r;Paris_AN_JJ_inventaire_JJ65A-JJ69.xml
JJ68;56;;36r;Paris_AN_JJ_inventaire_JJ65A-JJ69.xml
JJ68;57;;36v;Paris_AN_JJ_inventaire_JJ65A-JJ69.xml
JJ68;58;;37r;Paris_AN_JJ_inventaire_JJ65A-JJ69.xml
JJ68;59;;37r;Paris_AN_JJ_inventaire_JJ65A-JJ69.xml
JJ68;60;;37v;Paris_AN_JJ_inventaire_JJ65A-JJ69.xml
JJ68;61;;37v;Paris_AN_JJ_inventaire_JJ65A-JJ69.xml
JJ68;62;;37bis;Paris_AN_JJ_inventaire_JJ65A-JJ69.xml
JJ68;63;;37bis;Paris_AN_JJ_inventaire_JJ65A-JJ69.xml
JJ68;64;;37bis;Paris_AN_JJ_inventaire_JJ65A-JJ69.xml
JJ68;65;;37bisv;Paris_AN_JJ_inventaire_JJ65A-JJ69.xml
JJ68;66;;38r;Paris_AN_JJ_inventaire_JJ65A-JJ69.xml
JJ68;67;;39r;Paris_AN_JJ_inventaire_JJ65A-JJ69.xml
JJ68;68;;40r;Paris_AN_JJ_inventaire_JJ65A-JJ69.xml
JJ68;69;;40r;Paris_AN_JJ_inventaire_JJ65A-JJ69.xml
JJ68;70;;40r;Paris_AN_JJ_inventaire_JJ65A-JJ69.xml
JJ68;71;;42r;Paris_AN_JJ_inventaire_JJ65A-JJ69.xml
JJ68;72;;42v;Paris_AN_JJ_inventaire_JJ65A-JJ69.xml
JJ68;73;;42v;Paris_AN_JJ_inventaire_JJ65A-JJ69.xml
JJ68;74;;43r;Paris_AN_JJ_inventaire_JJ65A-JJ69.xml
JJ68;75;;43r;Paris_AN_JJ_inventaire_JJ65A-JJ69.xml
JJ68;76;;43r;Paris_AN_JJ_inventaire_JJ65A-JJ69.xml
JJ68;77;;43v;Paris_AN_JJ_inventaire_JJ65A-JJ69.xml
JJ68;78;;44r;Paris_AN_JJ_inventaire_JJ65A-JJ69.xml
JJ68;79;;44r;Paris_AN_JJ_inventaire_JJ65A-JJ69.xml
JJ68;80;;44r;Paris_AN_JJ_inventaire_JJ65A-JJ69.xml
JJ68;81;;45r;Paris_AN_JJ_inventaire_JJ65A-JJ69.xml
JJ68;82;;45r;Paris_AN_JJ_inventaire_JJ65A-JJ69.xml
JJ68;83;;45v;Paris_AN_JJ_inventaire_JJ65A-JJ69.xml
JJ68;84;;45v;Paris_AN_JJ_inventaire_JJ65A-JJ69.xml
JJ68;85;;47r;Paris_AN_JJ_inventaire_JJ65A-JJ69.xml
JJ68;86;;51v;Paris_AN_JJ_inventaire_JJ65A-JJ69.xml
JJ68;87;;52r;Paris_AN_JJ_inventaire_JJ65A-JJ69.xml
JJ68;88;;52v;Paris_AN_JJ_inventaire_JJ65A-JJ69.xml
JJ68;89;;52v;Paris_AN_JJ_inventaire_JJ65A-JJ69.xml
JJ68;90;;53r;Paris_AN_JJ_inventaire_JJ65A-JJ69.xml
JJ68;91;;53r;Paris_AN_JJ_inventaire_JJ65A-JJ69.xml
JJ68;92;;53r;Paris_AN_JJ_inventaire_JJ65A-JJ69.xml
JJ68;93;;54v;Paris_AN_JJ_inventaire_JJ65A-JJ69.xml
JJ68;94;;55v;Paris_AN_JJ_inventaire_JJ65A-JJ69.xml
JJ68;95;;55v;Paris_AN_JJ_inventaire_JJ65A-JJ69.xml
JJ68;96;;57r;Paris_AN_JJ_inventaire_JJ65A-JJ69.xml
JJ68;97;;57r;Paris_AN_JJ_inventaire_JJ65A-JJ69.xml
JJ68;98;;57v;Paris_AN_JJ_inventaire_JJ65A-JJ69.xml
JJ68;99;;58r;Paris_AN_JJ_inventaire_JJ65A-JJ69.xml
JJ68;100;;60r;Paris_AN_JJ_inventaire_JJ65A-JJ69.xml
JJ68;101;;60v;Paris_AN_JJ_inventaire_JJ65A-JJ69.xml
JJ68;102;;60v;Paris_AN_JJ_inventaire_JJ65A-JJ69.xml
JJ68;103;;61r;Paris_AN_JJ_inventaire_JJ65A-JJ69.xml
JJ68;104;;61r;Paris_AN_JJ_inventaire_JJ65A-JJ69.xml
JJ68;105;;61v;Paris_AN_JJ_inventaire_JJ65A-JJ69.xml
JJ68;106;;61v;Paris_AN_JJ_inventaire_JJ65A-JJ69.xml
JJ68;107;;62r;Paris_AN_JJ_inventaire_JJ65A-JJ69.xml
JJ68;108;;62r;Paris_AN_JJ_inventaire_JJ65A-JJ69.xml
JJ68;109;;62v;Paris_AN_JJ_inventaire_JJ65A-JJ69.xml
JJ68;110;;63r;Paris_AN_JJ_inventaire_JJ65A-JJ69.xml
JJ68;111;;64v;Paris_AN_JJ_inventaire_JJ65A-JJ69.xml
JJ68;112;;64v;Paris_AN_JJ_inventaire_JJ65A-JJ69.xml
JJ68;113;;65r;Paris_AN_JJ_inventaire_JJ65A-JJ69.xml
JJ68;114;;65r;Paris_AN_JJ_inventaire_JJ65A-JJ69.xml
JJ68;115;;66r;Paris_AN_JJ_inventaire_JJ65A-JJ69.xml
JJ68;116;;66v;Paris_AN_JJ_inventaire_JJ65A-JJ69.xml
JJ68;117;;66v;Paris_AN_JJ_inventaire_JJ65A-JJ69.xml
JJ68;118;;66v;Paris_AN_JJ_inventaire_JJ65A-JJ69.xml
JJ68;119;;67r;Paris_AN_JJ_inventaire_JJ65A-JJ69.xml
JJ68;120;;67r;Paris_AN_JJ_inventaire_JJ65A-JJ69.xml
JJ68;121;;67v;Paris_AN_JJ_inventaire_JJ65A-JJ69.xml
JJ68;122;;67v;Paris_AN_JJ_inventaire_JJ65A-JJ69.xml
JJ68;123;;68r;Paris_AN_JJ_inventaire_JJ65A-JJ69.xml
JJ68;124;;70r;Paris_AN_JJ_inventaire_JJ65A-JJ69.xml
JJ68;125;;70v;Paris_AN_JJ_inventaire_JJ65A-JJ69.xml
JJ68;126;;72r;Paris_AN_JJ_inventaire_JJ65A-JJ69.xml
JJ68;127;;74r;Paris_AN_JJ_inventaire_JJ65A-JJ69.xml
JJ68;128;;75r;Paris_AN_JJ_inventaire_JJ65A-JJ69.xml
JJ68;129;;76v;Paris_AN_JJ_inventaire_JJ65A-JJ69.xml
JJ68;130;;76v;Paris_AN_JJ_inventaire_JJ65A-JJ69.xml
JJ68;131;;77r;Paris_AN_JJ_inventaire_JJ65A-JJ69.xml
JJ68;132;;77r;Paris_AN_JJ_inventaire_JJ65A-JJ69.xml
JJ68;133;;77v;Paris_AN_JJ_inventaire_JJ65A-JJ69.xml
JJ68;134;;77v;Paris_AN_JJ_inventaire_JJ65A-JJ69.xml
JJ68;135;;78r;Paris_AN_JJ_inventaire_JJ65A-JJ69.xml
JJ68;136;;78v;Paris_AN_JJ_inventaire_JJ65A-JJ69.xml
JJ68;137;;79r;Paris_AN_JJ_inventaire_JJ65A-JJ69.xml
JJ68;198;;79r;Paris_AN_JJ_inventaire_JJ65A-JJ69.xml
JJ68;139;;79r;Paris_AN_JJ_inventaire_JJ65A-JJ69.xml
JJ68;140;;79v;Paris_AN_JJ_inventaire_JJ65A-JJ69.xml
JJ68;141;;79v;Paris_AN_JJ_inventaire_JJ65A-JJ69.xml
JJ68;142;;80r;Paris_AN_JJ_inventaire_JJ65A-JJ69.xml
JJ68;143;;81r;Paris_AN_JJ_inventaire_JJ65A-JJ69.xml
JJ68;144;;81v;Paris_AN_JJ_inventaire_JJ65A-JJ69.xml
JJ68;145;;82r;Paris_AN_JJ_inventaire_JJ65A-JJ69.xml
JJ68;146;;82v;Paris_AN_JJ_inventaire_JJ65A-JJ69.xml
JJ68;147;;82v;Paris_AN_JJ_inventaire_JJ65A-JJ69.xml
JJ68;148;;83v;Paris_AN_JJ_inventaire_JJ65A-JJ69.xml
JJ68;149;;84r;Paris_AN_JJ_inventaire_JJ65A-JJ69.xml
JJ68;150;;84v;Paris_AN_JJ_inventaire_JJ65A-JJ69.xml
JJ68;151;;84v;Paris_AN_JJ_inventaire_JJ65A-JJ69.xml
JJ68;152;;85r;Paris_AN_JJ_inventaire_JJ65A-JJ69.xml
JJ68;153;;85r;Paris_AN_JJ_inventaire_JJ65A-JJ69.xml
JJ68;154;;85r;Paris_AN_JJ_inventaire_JJ65A-JJ69.xml
JJ68;155;;85v;Paris_AN_JJ_inventaire_JJ65A-JJ69.xml
JJ68;156;;85v;Paris_AN_JJ_inventaire_JJ65A-JJ69.xml
JJ68;157;;86r;Paris_AN_JJ_inventaire_JJ65A-JJ69.xml
JJ68;158;;86r;Paris_AN_JJ_inventaire_JJ65A-JJ69.xml
JJ68;160;;86v;Paris_AN_JJ_inventaire_JJ65A-JJ69.xml
JJ68;161;;87r;Paris_AN_JJ_inventaire_JJ65A-JJ69.xml
JJ68;162;;88r;Paris_AN_JJ_inventaire_JJ65A-JJ69.xml
JJ68;163;;89r;Paris_AN_JJ_inventaire_JJ65A-JJ69.xml
JJ68;164;;89v;Paris_AN_JJ_inventaire_JJ65A-JJ69.xml
JJ68;165;;89v;Paris_AN_JJ_inventaire_JJ65A-JJ69.xml
JJ68;166;;90v;Paris_AN_JJ_inventaire_JJ65A-JJ69.xml
JJ68;167;;91r;Paris_AN_JJ_inventaire_JJ65A-JJ69.xml
JJ68;168;;91v;Paris_AN_JJ_inventaire_JJ65A-JJ69.xml
JJ68;169;;91v;Paris_AN_JJ_inventaire_JJ65A-JJ69.xml
JJ68;170;;92r;Paris_AN_JJ_inventaire_JJ65A-JJ69.xml
JJ68;171;;92r;Paris_AN_JJ_inventaire_JJ65A-JJ69.xml
JJ68;172;;92v;Paris_AN_JJ_inventaire_JJ65A-JJ69.xml
JJ68;173;;93r;Paris_AN_JJ_inventaire_JJ65A-JJ69.xml
JJ68;174;;93v;Paris_AN_JJ_inventaire_JJ65A-JJ69.xml
JJ68;175;;94r;Paris_AN_JJ_inventaire_JJ65A-JJ69.xml
JJ68;176;;94r;Paris_AN_JJ_inventaire_JJ65A-JJ69.xml
JJ68;177;;94v;Paris_AN_JJ_inventaire_JJ65A-JJ69.xml
JJ68;178;;94v;Paris_AN_JJ_inventaire_JJ65A-JJ69.xml
JJ68;180;;95r;Paris_AN_JJ_inventaire_JJ65A-JJ69.xml
JJ68;181;;96r;Paris_AN_JJ_inventaire_JJ65A-JJ69.xml
JJ68;182;;96r;Paris_AN_JJ_inventaire_JJ65A-JJ69.xml
JJ68;183;;97r;Paris_AN_JJ_inventaire_JJ65A-JJ69.xml
JJ68;184;;97v;Paris_AN_JJ_inventaire_JJ65A-JJ69.xml
JJ68;185;;98r;Paris_AN_JJ_inventaire_JJ65A-JJ69.xml
JJ68;186;;98r;Paris_AN_JJ_inventaire_JJ65A-JJ69.xml
JJ68;187;;98v;Paris_AN_JJ_inventaire_JJ65A-JJ69.xml
JJ68;188;;99r;Paris_AN_JJ_inventaire_JJ65A-JJ69.xml
JJ68;189;;99r;Paris_AN_JJ_inventaire_JJ65A-JJ69.xml
JJ68;190;;100r;Paris_AN_JJ_inventaire_JJ65A-JJ69.xml
JJ68;191;;100r;Paris_AN_JJ_inventaire_JJ65A-JJ69.xml
JJ68;192;;100v;Paris_AN_JJ_inventaire_JJ65A-JJ69.xml
JJ68;193;;101v;Paris_AN_JJ_inventaire_JJ65A-JJ69.xml
JJ68;194;;105r;Paris_AN_JJ_inventaire_JJ65A-JJ69.xml
JJ68;194bis;;106r;Paris_AN_JJ_inventaire_JJ65A-JJ69.xml
JJ68;195;;106r;Paris_AN_JJ_inventaire_JJ65A-JJ69.xml
JJ68;196;;106v;Paris_AN_JJ_inventaire_JJ65A-JJ69.xml
JJ68;197;;107r;Paris_AN_JJ_inventaire_JJ65A-JJ69.xml
JJ68;198;;103r;Paris_AN_JJ_inventaire_JJ65A-JJ69.xml
JJ68;199;;108r;Paris_AN_JJ_inventaire_JJ65A-JJ69.xml
JJ68;200;;108v;Paris_AN_JJ_inventaire_JJ65A-JJ69.xml
JJ68;201;;108v;Paris_AN_JJ_inventaire_JJ65A-JJ69.xml
JJ68;202;;109r;Paris_AN_JJ_inventaire_JJ65A-JJ69.xml
JJ68;203;;109r;Paris_AN_JJ_inventaire_JJ65A-JJ69.xml
JJ68;204;;110r;Paris_AN_JJ_inventaire_JJ65A-JJ69.xml
JJ68;205;;110r;Paris_AN_JJ_inventaire_JJ65A-JJ69.xml
JJ68;206;;110v;Paris_AN_JJ_inventaire_JJ65A-JJ69.xml
JJ68;207;;111r;Paris_AN_JJ_inventaire_JJ65A-JJ69.xml
JJ68;208;;111r;Paris_AN_JJ_inventaire_JJ65A-JJ69.xml
JJ68;209;;112r;Paris_AN_JJ_inventaire_JJ65A-JJ69.xml
JJ68;210;;112r;Paris_AN_JJ_inventaire_JJ65A-JJ69.xml
JJ68;211;;112v;Paris_AN_JJ_inventaire_JJ65A-JJ69.xml
JJ68;212;;413[sic];Paris_AN_JJ_inventaire_JJ65A-JJ69.xml
JJ68;213;;413v;Paris_AN_JJ_inventaire_JJ65A-JJ69.xml
JJ68;214;;414r;Paris_AN_JJ_inventaire_JJ65A-JJ69.xml
JJ68;215;;414v;Paris_AN_JJ_inventaire_JJ65A-JJ69.xml
JJ68;216;;415r;Paris_AN_JJ_inventaire_JJ65A-JJ69.xml
JJ68;217;;415r;Paris_AN_JJ_inventaire_JJ65A-JJ69.xml
JJ68;218;;416r;Paris_AN_JJ_inventaire_JJ65A-JJ69.xml
JJ68;219;;417r;Paris_AN_JJ_inventaire_JJ65A-JJ69.xml
JJ68;220;;418v;Paris_AN_JJ_inventaire_JJ65A-JJ69.xml
JJ68;221;;419r;Paris_AN_JJ_inventaire_JJ65A-JJ69.xml
JJ68;222;;419r;Paris_AN_JJ_inventaire_JJ65A-JJ69.xml
JJ68;223;;419v;Paris_AN_JJ_inventaire_JJ65A-JJ69.xml
JJ68;224;;420r;Paris_AN_JJ_inventaire_JJ65A-JJ69.xml
JJ68;225;;421r;Paris_AN_JJ_inventaire_JJ65A-JJ69.xml
JJ68;226;;421v;Paris_AN_JJ_inventaire_JJ65A-JJ69.xml
JJ68;227;;422r;Paris_AN_JJ_inventaire_JJ65A-JJ69.xml
JJ68;228;;422v;Paris_AN_JJ_inventaire_JJ65A-JJ69.xml
JJ68;229;;422v;Paris_AN_JJ_inventaire_JJ65A-JJ69.xml
JJ68;230;;423r;Paris_AN_JJ_inventaire_JJ65A-JJ69.xml
JJ68;231;;424r;Paris_AN_JJ_inventaire_JJ65A-JJ69.xml
JJ68;232;;424r;Paris_AN_JJ_inventaire_JJ65A-JJ69.xml
JJ68;233;;424v;Paris_AN_JJ_inventaire_JJ65A-JJ69.xml
JJ68;234;;425r;Paris_AN_JJ_inventaire_JJ65A-JJ69.xml
JJ68;235;;426r;Paris_AN_JJ_inventaire_JJ65A-JJ69.xml
JJ68;236;;426v;Paris_AN_JJ_inventaire_JJ65A-JJ69.xml
JJ68;237;;427v;Paris_AN_JJ_inventaire_JJ65A-JJ69.xml
JJ68;238;;428r;Paris_AN_JJ_inventaire_JJ65A-JJ69.xml
JJ68;238bis;;428v;Paris_AN_JJ_inventaire_JJ65A-JJ69.xml
JJ68;239;;428v;Paris_AN_JJ_inventaire_JJ65A-JJ69.xml
JJ68;240;;429v;Paris_AN_JJ_inventaire_JJ65A-JJ69.xml
JJ68;241;;429v;Paris_AN_JJ_inventaire_JJ65A-JJ69.xml
JJ68;242;;430r;Paris_AN_JJ_inventaire_JJ65A-JJ69.xml
JJ68;243;;430r;Paris_AN_JJ_inventaire_JJ65A-JJ69.xml
JJ68;244;;430r;Paris_AN_JJ_inventaire_JJ65A-JJ69.xml
JJ68;245;;430v;Paris_AN_JJ_inventaire_JJ65A-JJ69.xml
JJ68;246;;431r;Paris_AN_JJ_inventaire_JJ65A-JJ69.xml
JJ68;247;;431r;Paris_AN_JJ_inventaire_JJ65A-JJ69.xml
JJ68;248;;431v;Paris_AN_JJ_inventaire_JJ65A-JJ69.xml
JJ68;249;;431v;Paris_AN_JJ_inventaire_JJ65A-JJ69.xml
JJ68;250;;432r;Paris_AN_JJ_inventaire_JJ65A-JJ69.xml
JJ68;250bis;;432v;Paris_AN_JJ_inventaire_JJ65A-JJ69.xml
JJ68;251;;432v;Paris_AN_JJ_inventaire_JJ65A-JJ69.xml
JJ68;252;;433r;Paris_AN_JJ_inventaire_JJ65A-JJ69.xml
JJ68;253;;433v;Paris_AN_JJ_inventaire_JJ65A-JJ69.xml
JJ68;254;;433v;Paris_AN_JJ_inventaire_JJ65A-JJ69.xml
JJ68;252;;433v;Paris_AN_JJ_inventaire_JJ65A-JJ69.xml
JJ68;256;;434r;Paris_AN_JJ_inventaire_JJ65A-JJ69.xml
JJ68;257;;434r;Paris_AN_JJ_inventaire_JJ65A-JJ69.xml
JJ68;258;;434v;Paris_AN_JJ_inventaire_JJ65A-JJ69.xml
JJ68;259;;434v;Paris_AN_JJ_inventaire_JJ65A-JJ69.xml
JJ68;260;;435r;Paris_AN_JJ_inventaire_JJ65A-JJ69.xml
JJ68;261;;435v;Paris_AN_JJ_inventaire_JJ65A-JJ69.xml
JJ68;262;;436r;Paris_AN_JJ_inventaire_JJ65A-JJ69.xml
JJ68;263;;436v;Paris_AN_JJ_inventaire_JJ65A-JJ69.xml
JJ68;264;;436v;Paris_AN_JJ_inventaire_JJ65A-JJ69.xml
JJ68;265;;437r;Paris_AN_JJ_inventaire_JJ65A-JJ69.xml
JJ68;266;;437r;Paris_AN_JJ_inventaire_JJ65A-JJ69.xml
JJ68;267;;437v;Paris_AN_JJ_inventaire_JJ65A-JJ69.xml
JJ68;268;;438r;Paris_AN_JJ_inventaire_JJ65A-JJ69.xml
JJ68;268bis;;438v;Paris_AN_JJ_inventaire_JJ65A-JJ69.xml
JJ68;269;;438v;Paris_AN_JJ_inventaire_JJ65A-JJ69.xml
JJ68;269bis;;439r;Paris_AN_JJ_inventaire_JJ65A-JJ69.xml
JJ68;270;;439v;Paris_AN_JJ_inventaire_JJ65A-JJ69.xml
JJ68;271;;439v;Paris_AN_JJ_inventaire_JJ65A-JJ69.xml
JJ68;272;;440;Paris_AN_JJ_inventaire_JJ65A-JJ69.xml
JJ68;273;;440r;Paris_AN_JJ_inventaire_JJ65A-JJ69.xml
JJ68;274;;440v;Paris_AN_JJ_inventaire_JJ65A-JJ69.xml
JJ68;275;;441r;Paris_AN_JJ_inventaire_JJ65A-JJ69.xml
JJ68;276;;441r;Paris_AN_JJ_inventaire_JJ65A-JJ69.xml
JJ68;277;;441v;Paris_AN_JJ_inventaire_JJ65A-JJ69.xml
JJ68;278;;441v;Paris_AN_JJ_inventaire_JJ65A-JJ69.xml
JJ68;279;;442r;Paris_AN_JJ_inventaire_JJ65A-JJ69.xml
JJ68;280;;442r;Paris_AN_JJ_inventaire_JJ65A-JJ69.xml
JJ68;281;;442v;Paris_AN_JJ_inventaire_JJ65A-JJ69.xml
JJ68;282;;442v;Paris_AN_JJ_inventaire_JJ65A-JJ69.xml
JJ68;283;;443v;Paris_AN_JJ_inventaire_JJ65A-JJ69.xml
JJ68;284;;443v;Paris_AN_JJ_inventaire_JJ65A-JJ69.xml
JJ68;285;;444r;Paris_AN_JJ_inventaire_JJ65A-JJ69.xml
JJ68;236;;444r;Paris_AN_JJ_inventaire_JJ65A-JJ69.xml
JJ68;287;;444v;Paris_AN_JJ_inventaire_JJ65A-JJ69.xml
JJ68;288;;445r;Paris_AN_JJ_inventaire_JJ65A-JJ69.xml
JJ68;289;;445r;Paris_AN_JJ_inventaire_JJ65A-JJ69.xml
JJ68;290;;445v;Paris_AN_JJ_inventaire_JJ65A-JJ69.xml
JJ68;291;;445v;Paris_AN_JJ_inventaire_JJ65A-JJ69.xml
JJ68;292;;446r;Paris_AN_JJ_inventaire_JJ65A-JJ69.xml
JJ68;293;;446r;Paris_AN_JJ_inventaire_JJ65A-JJ69.xml
JJ68;294;;446v;Paris_AN_JJ_inventaire_JJ65A-JJ69.xml
JJ68;295;;446v;Paris_AN_JJ_inventaire_JJ65A-JJ69.xml
JJ68;296;;447r;Paris_AN_JJ_inventaire_JJ65A-JJ69.xml
JJ68;297;;447v;Paris_AN_JJ_inventaire_JJ65A-JJ69.xml
JJ68;298;;448r;Paris_AN_JJ_inventaire_JJ65A-JJ69.xml
JJ68;299;;448v;Paris_AN_JJ_inventaire_JJ65A-JJ69.xml
JJ68;280bis;;448v;Paris_AN_JJ_inventaire_JJ65A-JJ69.xml
JJ68;281bis;;449v;Paris_AN_JJ_inventaire_JJ65A-JJ69.xml
JJ68;282bis;;449v;Paris_AN_JJ_inventaire_JJ65A-JJ69.xml
JJ68;283bis;;450r;Paris_AN_JJ_inventaire_JJ65A-JJ69.xml
JJ68;284bis;;451r;Paris_AN_JJ_inventaire_JJ65A-JJ69.xml
JJ68;285bis;;451v;Paris_AN_JJ_inventaire_JJ65A-JJ69.xml
JJ68;286bis;;453r;Paris_AN_JJ_inventaire_JJ65A-JJ69.xml
JJ68;287bis;;453v;Paris_AN_JJ_inventaire_JJ65A-JJ69.xml
JJ68;288bis;;454v;Paris_AN_JJ_inventaire_JJ65A-JJ69.xml
JJ68;289bis;;454v;Paris_AN_JJ_inventaire_JJ65A-JJ69.xml
JJ68;289bis;;455r;Paris_AN_JJ_inventaire_JJ65A-JJ69.xml
JJ68;290bis;;455r;Paris_AN_JJ_inventaire_JJ65A-JJ69.xml
JJ68;290ter;;455v;Paris_AN_JJ_inventaire_JJ65A-JJ69.xml
JJ68;291bis;;455v;Paris_AN_JJ_inventaire_JJ65A-JJ69.xml
JJ68;292bis;;456v;Paris_AN_JJ_inventaire_JJ65A-JJ69.xml
JJ68;293bis;;456v;Paris_AN_JJ_inventaire_JJ65A-JJ69.xml
JJ68;294bis;;457r;Paris_AN_JJ_inventaire_JJ65A-JJ69.xml
JJ68;295bis;;457r;Paris_AN_JJ_inventaire_JJ65A-JJ69.xml
JJ68;296bis;;457v;Paris_AN_JJ_inventaire_JJ65A-JJ69.xml
JJ68;297bis;;457v;Paris_AN_JJ_inventaire_JJ65A-JJ69.xml
JJ68;298bis;;458r;Paris_AN_JJ_inventaire_JJ65A-JJ69.xml
JJ68;299bis;;458r;Paris_AN_JJ_inventaire_JJ65A-JJ69.xml
JJ68;300;;458v;Paris_AN_JJ_inventaire_JJ65A-JJ69.xml
JJ68;301;;458v;Paris_AN_JJ_inventaire_JJ65A-JJ69.xml
JJ68;302;;459r;Paris_AN_JJ_inventaire_JJ65A-JJ69.xml
JJ68;303;;459r;Paris_AN_JJ_inventaire_JJ65A-JJ69.xml
JJ68;304;;460r;Paris_AN_JJ_inventaire_JJ65A-JJ69.xml
JJ68;305;;460r;Paris_AN_JJ_inventaire_JJ65A-JJ69.xml
JJ68;306;;460r;Paris_AN_JJ_inventaire_JJ65A-JJ69.xml
JJ68;307;;460v;Paris_AN_JJ_inventaire_JJ65A-JJ69.xml
JJ68;308;;460v;Paris_AN_JJ_inventaire_JJ65A-JJ69.xml
JJ68;309;;461r;Paris_AN_JJ_inventaire_JJ65A-JJ69.xml
JJ68;310;;461r;Paris_AN_JJ_inventaire_JJ65A-JJ69.xml
JJ68;311;;461v;Paris_AN_JJ_inventaire_JJ65A-JJ69.xml
JJ68;312;;462r;Paris_AN_JJ_inventaire_JJ65A-JJ69.xml
JJ68;313;;464v;Paris_AN_JJ_inventaire_JJ65A-JJ69.xml
JJ68;314;;465r;Paris_AN_JJ_inventaire_JJ65A-JJ69.xml
JJ68;315;;465r;Paris_AN_JJ_inventaire_JJ65A-JJ69.xml
JJ68;316;;465v;Paris_AN_JJ_inventaire_JJ65A-JJ69.xml
JJ68;317;;465v;Paris_AN_JJ_inventaire_JJ65A-JJ69.xml
JJ68;318;;466r;Paris_AN_JJ_inventaire_JJ65A-JJ69.xml
JJ68;319;;466r;Paris_AN_JJ_inventaire_JJ65A-JJ69.xml
JJ68;320;;466v;Paris_AN_JJ_inventaire_JJ65A-JJ69.xml
JJ68;321;;466v;Paris_AN_JJ_inventaire_JJ65A-JJ69.xml
JJ68;322;;467r;Paris_AN_JJ_inventaire_JJ65A-JJ69.xml
JJ68;323;;467r;Paris_AN_JJ_inventaire_JJ65A-JJ69.xml
JJ68;324;;467r;Paris_AN_JJ_inventaire_JJ65A-JJ69.xml
JJ68;325;;468r;Paris_AN_JJ_inventaire_JJ65A-JJ69.xml
JJ68;326;;469r;Paris_AN_JJ_inventaire_JJ65A-JJ69.xml
JJ68;327;;469r;Paris_AN_JJ_inventaire_JJ65A-JJ69.xml
JJ68;328;;469v;Paris_AN_JJ_inventaire_JJ65A-JJ69.xml
JJ68;329;;469v;Paris_AN_JJ_inventaire_JJ65A-JJ69.xml
JJ68;330;;469v;Paris_AN_JJ_inventaire_JJ65A-JJ69.xml
JJ68;331;;470r;Paris_AN_JJ_inventaire_JJ65A-JJ69.xml
JJ68;332;;470r;Paris_AN_JJ_inventaire_JJ65A-JJ69.xml
JJ68;333;;470v;Paris_AN_JJ_inventaire_JJ65A-JJ69.xml
JJ68;334;;472r;Paris_AN_JJ_inventaire_JJ65A-JJ69.xml
JJ68;335;;472v;Paris_AN_JJ_inventaire_JJ65A-JJ69.xml
JJ68;336;;473r;Paris_AN_JJ_inventaire_JJ65A-JJ69.xml
JJ68;337;;474v;Paris_AN_JJ_inventaire_JJ65A-JJ69.xml
JJ68;338;;474v;Paris_AN_JJ_inventaire_JJ65A-JJ69.xml
JJ68;339;;475r;Paris_AN_JJ_inventaire_JJ65A-JJ69.xml
JJ68;340;;475r;Paris_AN_JJ_inventaire_JJ65A-JJ69.xml
JJ68;341;;475v;Paris_AN_JJ_inventaire_JJ65A-JJ69.xml
JJ68;342;;476r;Paris_AN_JJ_inventaire_JJ65A-JJ69.xml
JJ68;343;;479v;Paris_AN_JJ_inventaire_JJ65A-JJ69.xml
JJ68;344;;481r;Paris_AN_JJ_inventaire_JJ65A-JJ69.xml
JJ68;345;;481v;Paris_AN_JJ_inventaire_JJ65A-JJ69.xml
JJ68;346;;482r;Paris_AN_JJ_inventaire_JJ65A-JJ69.xml
JJ68;347;;482r;Paris_AN_JJ_inventaire_JJ65A-JJ69.xml
JJ68;348;;482r;Paris_AN_JJ_inventaire_JJ65A-JJ69.xml
JJ68;349;;482v;Paris_AN_JJ_inventaire_JJ65A-JJ69.xml
JJ68;350;;483r;Paris_AN_JJ_inventaire_JJ65A-JJ69.xml
JJ68;351;;483v;Paris_AN_JJ_inventaire_JJ65A-JJ69.xml
JJ68;352;;483v;Paris_AN_JJ_inventaire_JJ65A-JJ69.xml
JJ68;353;;484r;Paris_AN_JJ_inventaire_JJ65A-JJ69.xml
JJ68;354;;484r;Paris_AN_JJ_inventaire_JJ65A-JJ69.xml
JJ68;355;;484v;Paris_AN_JJ_inventaire_JJ65A-JJ69.xml
JJ68;356;;484v;Paris_AN_JJ_inventaire_JJ65A-JJ69.xml
JJ68;357;;485r;Paris_AN_JJ_inventaire_JJ65A-JJ69.xml
JJ68;358;;485r;Paris_AN_JJ_inventaire_JJ65A-JJ69.xml
JJ68;359;;485v;Paris_AN_JJ_inventaire_JJ65A-JJ69.xml
JJ68;360;;485v;Paris_AN_JJ_inventaire_JJ65A-JJ69.xml
JJ68;361;;486r;Paris_AN_JJ_inventaire_JJ65A-JJ69.xml
JJ68;362;;486r;Paris_AN_JJ_inventaire_JJ65A-JJ69.xml
JJ68;363;;486v;Paris_AN_JJ_inventaire_JJ65A-JJ69.xml
JJ68;364;;486v;Paris_AN_JJ_inventaire_JJ65A-JJ69.xml
JJ68;365;;487r;Paris_AN_JJ_inventaire_JJ65A-JJ69.xml
JJ68;366;;487r;Paris_AN_JJ_inventaire_JJ65A-JJ69.xml
JJ68;367;;487v;Paris_AN_JJ_inventaire_JJ65A-JJ69.xml
JJ68;368;;488r;Paris_AN_JJ_inventaire_JJ65A-JJ69.xml
JJ68;369;;489r;Paris_AN_JJ_inventaire_JJ65A-JJ69.xml
JJ68;370;;489r;Paris_AN_JJ_inventaire_JJ65A-JJ69.xml
JJ68;371;;489v;Paris_AN_JJ_inventaire_JJ65A-JJ69.xml
JJ68;372;;489v;Paris_AN_JJ_inventaire_JJ65A-JJ69.xml
JJ68;373;;490r;Paris_AN_JJ_inventaire_JJ65A-JJ69.xml
JJ68;374;;490r;Paris_AN_JJ_inventaire_JJ65A-JJ69.xml
JJ68;375;;490v;Paris_AN_JJ_inventaire_JJ65A-JJ69.xml
JJ68;376;;490v;Paris_AN_JJ_inventaire_JJ65A-JJ69.xml
JJ68;377;;491r;Paris_AN_JJ_inventaire_JJ65A-JJ69.xml
JJ68;378;;491r;Paris_AN_JJ_inventaire_JJ65A-JJ69.xml
JJ68;379;;491v;Paris_AN_JJ_inventaire_JJ65A-JJ69.xml
JJ68;380;;491v;Paris_AN_JJ_inventaire_JJ65A-JJ69.xml
JJ68;381;;492r;Paris_AN_JJ_inventaire_JJ65A-JJ69.xml
JJ68;381;;492r;Paris_AN_JJ_inventaire_JJ65A-JJ69.xml
JJ68;383;;492v;Paris_AN_JJ_inventaire_JJ65A-JJ69.xml
JJ68;384;;492v;Paris_AN_JJ_inventaire_JJ65A-JJ69.xml
JJ68;385;;473r;Paris_AN_JJ_inventaire_JJ65A-JJ69.xml
JJ68;386;;493r;Paris_AN_JJ_inventaire_JJ65A-JJ69.xml
JJ68;387;;493v;Paris_AN_JJ_inventaire_JJ65A-JJ69.xml
JJ68;388;;495r;Paris_AN_JJ_inventaire_JJ65A-JJ69.xml
JJ68;389;;495v;Paris_AN_JJ_inventaire_JJ65A-JJ69.xml
JJ68;390;;495v;Paris_AN_JJ_inventaire_JJ65A-JJ69.xml
JJ68;391;;496r;Paris_AN_JJ_inventaire_JJ65A-JJ69.xml
JJ68;392;;496v;Paris_AN_JJ_inventaire_JJ65A-JJ69.xml
JJ68;393;;496v;Paris_AN_JJ_inventaire_JJ65A-JJ69.xml
JJ68;394;;497r;Paris_AN_JJ_inventaire_JJ65A-JJ69.xml
JJ68;395;;498r;Paris_AN_JJ_inventaire_JJ65A-JJ69.xml
JJ68;396;;498v;Paris_AN_JJ_inventaire_JJ65A-JJ69.xml
JJ68;397;;499r;Paris_AN_JJ_inventaire_JJ65A-JJ69.xml
JJ68;398;;500r;Paris_AN_JJ_inventaire_JJ65A-JJ69.xml
JJ68;399;;501r;Paris_AN_JJ_inventaire_JJ65A-JJ69.xml
JJ68;400;;501v;Paris_AN_JJ_inventaire_JJ65A-JJ69.xml
JJ68;401;;502r;Paris_AN_JJ_inventaire_JJ65A-JJ69.xml
JJ68;402;;503v;Paris_AN_JJ_inventaire_JJ65A-JJ69.xml
JJ68;403;;505v;Paris_AN_JJ_inventaire_JJ65A-JJ69.xml
JJ68;404;;505v;Paris_AN_JJ_inventaire_JJ65A-JJ69.xml
JJ68;405;;506r;Paris_AN_JJ_inventaire_JJ65A-JJ69.xml
JJ68;406;;507r;Paris_AN_JJ_inventaire_JJ65A-JJ69.xml
JJ68;407;;507r;Paris_AN_JJ_inventaire_JJ65A-JJ69.xml
JJ68;408;;507v;Paris_AN_JJ_inventaire_JJ65A-JJ69.xml
JJ68;409;;509r;Paris_AN_JJ_inventaire_JJ65A-JJ69.xml
JJ68;410;;509v;Paris_AN_JJ_inventaire_JJ65A-JJ69.xml
JJ68;411;;510r;Paris_AN_JJ_inventaire_JJ65A-JJ69.xml
JJ68;412;;510r;Paris_AN_JJ_inventaire_JJ65A-JJ69.xml
JJ68;413;;511r;Paris_AN_JJ_inventaire_JJ65A-JJ69.xml
JJ68;414;;512r;Paris_AN_JJ_inventaire_JJ65A-JJ69.xml
JJ68;415;;513v;Paris_AN_JJ_inventaire_JJ65A-JJ69.xml
JJ68;416;;516r;Paris_AN_JJ_inventaire_JJ65A-JJ69.xml
JJ68;417;;518r;Paris_AN_JJ_inventaire_JJ65A-JJ69.xml
JJ68;418;;520v;Paris_AN_JJ_inventaire_JJ65A-JJ69.xml
JJ68;419;;520v;Paris_AN_JJ_inventaire_JJ65A-JJ69.xml
JJ68;420;;521r;Paris_AN_JJ_inventaire_JJ65A-JJ69.xml
JJ68;421;;521r;Paris_AN_JJ_inventaire_JJ65A-JJ69.xml
JJ68;422;;521r;Paris_AN_JJ_inventaire_JJ65A-JJ69.xml
JJ68;423;;522r;Paris_AN_JJ_inventaire_JJ65A-JJ69.xml
JJ68;424;;526v;Paris_AN_JJ_inventaire_JJ65A-JJ69.xml
JJ68;425;;529r;Paris_AN_JJ_inventaire_JJ65A-JJ69.xml
JJ68;426;;529v;Paris_AN_JJ_inventaire_JJ65A-JJ69.xml
JJ68;427;;530r;Paris_AN_JJ_inventaire_JJ65A-JJ69.xml
JJ68;428;;530v;Paris_AN_JJ_inventaire_JJ65A-JJ69.xml
JJ68;429;;531r;Paris_AN_JJ_inventaire_JJ65A-JJ69.xml
JJ69;1;;1r;Paris_AN_JJ_inventaire_JJ65A-JJ69.xml
JJ69;2;;1r;Paris_AN_JJ_inventaire_JJ65A-JJ69.xml
JJ69;3;;1v;Paris_AN_JJ_inventaire_JJ65A-JJ69.xml
JJ69;4;;1v;Paris_AN_JJ_inventaire_JJ65A-JJ69.xml
JJ69;5;;1v;Paris_AN_JJ_inventaire_JJ65A-JJ69.xml
JJ69;6;;1v;Paris_AN_JJ_inventaire_JJ65A-JJ69.xml
JJ69;7;;3r;Paris_AN_JJ_inventaire_JJ65A-JJ69.xml
JJ69;8;;4r;Paris_AN_JJ_inventaire_JJ65A-JJ69.xml
JJ69;9;;5r;Paris_AN_JJ_inventaire_JJ65A-JJ69.xml
JJ69;10;;5v;Paris_AN_JJ_inventaire_JJ65A-JJ69.xml
JJ69;11;;5v;Paris_AN_JJ_inventaire_JJ65A-JJ69.xml
JJ69;12;;5v;Paris_AN_JJ_inventaire_JJ65A-JJ69.xml
JJ69;13;;6r;Paris_AN_JJ_inventaire_JJ65A-JJ69.xml
JJ69;14;;6r;Paris_AN_JJ_inventaire_JJ65A-JJ69.xml
JJ69;15;;6v;Paris_AN_JJ_inventaire_JJ65A-JJ69.xml
JJ69;16;;6v;Paris_AN_JJ_inventaire_JJ65A-JJ69.xml
JJ69;17;;7r;Paris_AN_JJ_inventaire_JJ65A-JJ69.xml
JJ69;18;;7r;Paris_AN_JJ_inventaire_JJ65A-JJ69.xml
JJ69;19;;8r;Paris_AN_JJ_inventaire_JJ65A-JJ69.xml
JJ69;20;;8r;Paris_AN_JJ_inventaire_JJ65A-JJ69.xml
JJ69;21;;9v;Paris_AN_JJ_inventaire_JJ65A-JJ69.xml
JJ69;22;;9v;Paris_AN_JJ_inventaire_JJ65A-JJ69.xml
JJ69;23;;10r;Paris_AN_JJ_inventaire_JJ65A-JJ69.xml
JJ69;24;;10r;Paris_AN_JJ_inventaire_JJ65A-JJ69.xml
JJ69;25;;12r;Paris_AN_JJ_inventaire_JJ65A-JJ69.xml
JJ69;26;;12v;Paris_AN_JJ_inventaire_JJ65A-JJ69.xml
JJ69;27;;12v;Paris_AN_JJ_inventaire_JJ65A-JJ69.xml
JJ69;28;;12v;Paris_AN_JJ_inventaire_JJ65A-JJ69.xml
JJ69;29;;13v;Paris_AN_JJ_inventaire_JJ65A-JJ69.xml
JJ69;30;;14v;Paris_AN_JJ_inventaire_JJ65A-JJ69.xml
JJ69;31;;14v;Paris_AN_JJ_inventaire_JJ65A-JJ69.xml
JJ69;32;;14v;Paris_AN_JJ_inventaire_JJ65A-JJ69.xml
JJ69;33;;14v;Paris_AN_JJ_inventaire_JJ65A-JJ69.xml
JJ69;34;;15r;Paris_AN_JJ_inventaire_JJ65A-JJ69.xml
JJ69;35;;15r;Paris_AN_JJ_inventaire_JJ65A-JJ69.xml
JJ69;36;;15v;Paris_AN_JJ_inventaire_JJ65A-JJ69.xml
JJ69;37;;16r;Paris_AN_JJ_inventaire_JJ65A-JJ69.xml
JJ69;38;;17r;Paris_AN_JJ_inventaire_JJ65A-JJ69.xml
JJ69;39;;17v;Paris_AN_JJ_inventaire_JJ65A-JJ69.xml
JJ69;40;;17v;Paris_AN_JJ_inventaire_JJ65A-JJ69.xml
JJ69;41;;18r;Paris_AN_JJ_inventaire_JJ65A-JJ69.xml
JJ69;42;;19r;Paris_AN_JJ_inventaire_JJ65A-JJ69.xml
JJ69;43;;19r;Paris_AN_JJ_inventaire_JJ65A-JJ69.xml
JJ69;44;;19v;Paris_AN_JJ_inventaire_JJ65A-JJ69.xml
JJ69;45;;20v;Paris_AN_JJ_inventaire_JJ65A-JJ69.xml
JJ69;46;;21r;Paris_AN_JJ_inventaire_JJ65A-JJ69.xml
JJ69;47;;21v;Paris_AN_JJ_inventaire_JJ65A-JJ69.xml
JJ69;48;;22r;Paris_AN_JJ_inventaire_JJ65A-JJ69.xml
JJ69;49;;22v;Paris_AN_JJ_inventaire_JJ65A-JJ69.xml
JJ69;50;;23r;Paris_AN_JJ_inventaire_JJ65A-JJ69.xml
JJ69;51;;23v;Paris_AN_JJ_inventaire_JJ65A-JJ69.xml
JJ69;52;;23v;Paris_AN_JJ_inventaire_JJ65A-JJ69.xml
JJ69;53;;24r;Paris_AN_JJ_inventaire_JJ65A-JJ69.xml
JJ69;54;;24v;Paris_AN_JJ_inventaire_JJ65A-JJ69.xml
JJ69;55;;26r;Paris_AN_JJ_inventaire_JJ65A-JJ69.xml
JJ69;56;;26r;Paris_AN_JJ_inventaire_JJ65A-JJ69.xml
JJ69;57;;26r;Paris_AN_JJ_inventaire_JJ65A-JJ69.xml
JJ69;58;;27r;Paris_AN_JJ_inventaire_JJ65A-JJ69.xml
JJ69;59;;27v;Paris_AN_JJ_inventaire_JJ65A-JJ69.xml
JJ69;60;;27v;Paris_AN_JJ_inventaire_JJ65A-JJ69.xml
JJ69;61;;27v;Paris_AN_JJ_inventaire_JJ65A-JJ69.xml
JJ69;62;;28r;Paris_AN_JJ_inventaire_JJ65A-JJ69.xml
JJ69;63;;28r;Paris_AN_JJ_inventaire_JJ65A-JJ69.xml
JJ69;64;;28v;Paris_AN_JJ_inventaire_JJ65A-JJ69.xml
JJ69;65;;28v;Paris_AN_JJ_inventaire_JJ65A-JJ69.xml
JJ69;66;;29r;Paris_AN_JJ_inventaire_JJ65A-JJ69.xml
JJ69;67;;29v;Paris_AN_JJ_inventaire_JJ65A-JJ69.xml
JJ69;68;;29v;Paris_AN_JJ_inventaire_JJ65A-JJ69.xml
JJ69;69;;30r;Paris_AN_JJ_inventaire_JJ65A-JJ69.xml
JJ69;70;;30v;Paris_AN_JJ_inventaire_JJ65A-JJ69.xml
JJ69;71;;31r;Paris_AN_JJ_inventaire_JJ65A-JJ69.xml
JJ69;72;;31r;Paris_AN_JJ_inventaire_JJ65A-JJ69.xml
JJ69;73;;32r;Paris_AN_JJ_inventaire_JJ65A-JJ69.xml
JJ69;74;;32r;Paris_AN_JJ_inventaire_JJ65A-JJ69.xml
JJ69;75;;32v;Paris_AN_JJ_inventaire_JJ65A-JJ69.xml
JJ69;76;;33r;Paris_AN_JJ_inventaire_JJ65A-JJ69.xml
JJ69;77;;33r;Paris_AN_JJ_inventaire_JJ65A-JJ69.xml
JJ69;78;;33v;Paris_AN_JJ_inventaire_JJ65A-JJ69.xml
JJ69;79;;33v;Paris_AN_JJ_inventaire_JJ65A-JJ69.xml
JJ69;80;;35r;Paris_AN_JJ_inventaire_JJ65A-JJ69.xml
JJ69;81;;35v;Paris_AN_JJ_inventaire_JJ65A-JJ69.xml
JJ69;82;;35v;Paris_AN_JJ_inventaire_JJ65A-JJ69.xml
JJ69;83;;35v;Paris_AN_JJ_inventaire_JJ65A-JJ69.xml
JJ69;84;;36r;Paris_AN_JJ_inventaire_JJ65A-JJ69.xml
JJ69;85;;36r;Paris_AN_JJ_inventaire_JJ65A-JJ69.xml
JJ69;86;;36v;Paris_AN_JJ_inventaire_JJ65A-JJ69.xml
JJ69;87;;37r;Paris_AN_JJ_inventaire_JJ65A-JJ69.xml
JJ69;88;;37v;Paris_AN_JJ_inventaire_JJ65A-JJ69.xml
JJ69;89;;37v;Paris_AN_JJ_inventaire_JJ65A-JJ69.xml
JJ69;90;;37v;Paris_AN_JJ_inventaire_JJ65A-JJ69.xml
JJ69;91;;38r;Paris_AN_JJ_inventaire_JJ65A-JJ69.xml
JJ69;92;;38v;Paris_AN_JJ_inventaire_JJ65A-JJ69.xml
JJ69;93;;38v;Paris_AN_JJ_inventaire_JJ65A-JJ69.xml
JJ69;94;;39r;Paris_AN_JJ_inventaire_JJ65A-JJ69.xml
JJ69;95;;40r;Paris_AN_JJ_inventaire_JJ65A-JJ69.xml
JJ69;96;;41r;Paris_AN_JJ_inventaire_JJ65A-JJ69.xml
JJ69;97;;41r;Paris_AN_JJ_inventaire_JJ65A-JJ69.xml
JJ69;98;;41v;Paris_AN_JJ_inventaire_JJ65A-JJ69.xml
JJ69;99;;41v;Paris_AN_JJ_inventaire_JJ65A-JJ69.xml
JJ69;100;;41v;Paris_AN_JJ_inventaire_JJ65A-JJ69.xml
JJ69;101;;41v;Paris_AN_JJ_inventaire_JJ65A-JJ69.xml
JJ69;102;;42r;Paris_AN_JJ_inventaire_JJ65A-JJ69.xml
JJ69;103;;42v;Paris_AN_JJ_inventaire_JJ65A-JJ69.xml
JJ69;104;;42v;Paris_AN_JJ_inventaire_JJ65A-JJ69.xml
JJ69;105;;43r;Paris_AN_JJ_inventaire_JJ65A-JJ69.xml
JJ69;106;;43r;Paris_AN_JJ_inventaire_JJ65A-JJ69.xml
JJ69;107;;43v;Paris_AN_JJ_inventaire_JJ65A-JJ69.xml
JJ69;108;;43v;Paris_AN_JJ_inventaire_JJ65A-JJ69.xml
JJ69;109;;44r;Paris_AN_JJ_inventaire_JJ65A-JJ69.xml
JJ69;110;;44v;Paris_AN_JJ_inventaire_JJ65A-JJ69.xml
JJ69;111;;44v;Paris_AN_JJ_inventaire_JJ65A-JJ69.xml
JJ69;112;;45r;Paris_AN_JJ_inventaire_JJ65A-JJ69.xml
JJ69;113;;45r;Paris_AN_JJ_inventaire_JJ65A-JJ69.xml
JJ69;114;;45v;Paris_AN_JJ_inventaire_JJ65A-JJ69.xml
JJ69;115;;46v;Paris_AN_JJ_inventaire_JJ65A-JJ69.xml
JJ69;116;;46r;Paris_AN_JJ_inventaire_JJ65A-JJ69.xml
JJ69;117;;46r;Paris_AN_JJ_inventaire_JJ65A-JJ69.xml
JJ69;118;;46v;Paris_AN_JJ_inventaire_JJ65A-JJ69.xml
JJ69;119;;46v;Paris_AN_JJ_inventaire_JJ65A-JJ69.xml
JJ69;120;;47r;Paris_AN_JJ_inventaire_JJ65A-JJ69.xml
JJ69;121;;47r;Paris_AN_JJ_inventaire_JJ65A-JJ69.xml
JJ69;122;;47r;Paris_AN_JJ_inventaire_JJ65A-JJ69.xml
JJ69;123;;47v;Paris_AN_JJ_inventaire_JJ65A-JJ69.xml
JJ69;124;;47v;Paris_AN_JJ_inventaire_JJ65A-JJ69.xml
JJ69;125;;47v;Paris_AN_JJ_inventaire_JJ65A-JJ69.xml
JJ69;126;;48r;Paris_AN_JJ_inventaire_JJ65A-JJ69.xml
JJ69;127;;48r;Paris_AN_JJ_inventaire_JJ65A-JJ69.xml
JJ69;128;;48v;Paris_AN_JJ_inventaire_JJ65A-JJ69.xml
JJ69;129;;48v;Paris_AN_JJ_inventaire_JJ65A-JJ69.xml
JJ69;130;;49r;Paris_AN_JJ_inventaire_JJ65A-JJ69.xml
JJ69;131;;49r;Paris_AN_JJ_inventaire_JJ65A-JJ69.xml
JJ69;132;;49r;Paris_AN_JJ_inventaire_JJ65A-JJ69.xml
JJ69;133;;49v;Paris_AN_JJ_inventaire_JJ65A-JJ69.xml
JJ69;134;;50r;Paris_AN_JJ_inventaire_JJ65A-JJ69.xml
JJ69;135;;50r;Paris_AN_JJ_inventaire_JJ65A-JJ69.xml
JJ69;136;;50r;Paris_AN_JJ_inventaire_JJ65A-JJ69.xml
JJ69;137;;50v;Paris_AN_JJ_inventaire_JJ65A-JJ69.xml
JJ69;138;;50v;Paris_AN_JJ_inventaire_JJ65A-JJ69.xml
JJ69;139;;51r;Paris_AN_JJ_inventaire_JJ65A-JJ69.xml
JJ69;140;;51r;Paris_AN_JJ_inventaire_JJ65A-JJ69.xml
JJ69;141;;51r;Paris_AN_JJ_inventaire_JJ65A-JJ69.xml
JJ69;142;;51v;Paris_AN_JJ_inventaire_JJ65A-JJ69.xml
JJ69;143;;51v;Paris_AN_JJ_inventaire_JJ65A-JJ69.xml
JJ69;144;;53r;Paris_AN_JJ_inventaire_JJ65A-JJ69.xml
JJ69;145;;55r;Paris_AN_JJ_inventaire_JJ65A-JJ69.xml
JJ69;146;;55r;Paris_AN_JJ_inventaire_JJ65A-JJ69.xml
JJ69;147;;55r;Paris_AN_JJ_inventaire_JJ65A-JJ69.xml
JJ69;148;;55v;Paris_AN_JJ_inventaire_JJ65A-JJ69.xml
JJ69;149;;55v;Paris_AN_JJ_inventaire_JJ65A-JJ69.xml
JJ69;150;;56r;Paris_AN_JJ_inventaire_JJ65A-JJ69.xml
JJ69;151;;56v;Paris_AN_JJ_inventaire_JJ65A-JJ69.xml
JJ69;152;;56v;Paris_AN_JJ_inventaire_JJ65A-JJ69.xml
JJ69;153;;56v;Paris_AN_JJ_inventaire_JJ65A-JJ69.xml
JJ69;154;;57r;Paris_AN_JJ_inventaire_JJ65A-JJ69.xml
JJ69;155;;57r;Paris_AN_JJ_inventaire_JJ65A-JJ69.xml
JJ69;156;;57r;Paris_AN_JJ_inventaire_JJ65A-JJ69.xml
JJ69;157;;57v;Paris_AN_JJ_inventaire_JJ65A-JJ69.xml
JJ69;158;;58r;Paris_AN_JJ_inventaire_JJ65A-JJ69.xml
JJ69;159;;58v;Paris_AN_JJ_inventaire_JJ65A-JJ69.xml
JJ69;160;;58v;Paris_AN_JJ_inventaire_JJ65A-JJ69.xml
JJ69;161;;59r;Paris_AN_JJ_inventaire_JJ65A-JJ69.xml
JJ69;162;;59r;Paris_AN_JJ_inventaire_JJ65A-JJ69.xml
JJ69;163;;59v;Paris_AN_JJ_inventaire_JJ65A-JJ69.xml
JJ69;164;;59v;Paris_AN_JJ_inventaire_JJ65A-JJ69.xml
JJ69;165;;59v;Paris_AN_JJ_inventaire_JJ65A-JJ69.xml
JJ69;166;;60r;Paris_AN_JJ_inventaire_JJ65A-JJ69.xml
JJ69;167;;60r;Paris_AN_JJ_inventaire_JJ65A-JJ69.xml
JJ69;168;;60v;Paris_AN_JJ_inventaire_JJ65A-JJ69.xml
JJ69;169;;60v;Paris_AN_JJ_inventaire_JJ65A-JJ69.xml
JJ69;170;;61r;Paris_AN_JJ_inventaire_JJ65A-JJ69.xml
JJ69;171;;62r;Paris_AN_JJ_inventaire_JJ65A-JJ69.xml
JJ69;172;;62v;Paris_AN_JJ_inventaire_JJ65A-JJ69.xml
JJ69;173;;62v;Paris_AN_JJ_inventaire_JJ65A-JJ69.xml
JJ69;174;;63r;Paris_AN_JJ_inventaire_JJ65A-JJ69.xml
JJ69;175;;67v;Paris_AN_JJ_inventaire_JJ65A-JJ69.xml
JJ69;176;;71r;Paris_AN_JJ_inventaire_JJ65A-JJ69.xml
JJ69;177;;71v;Paris_AN_JJ_inventaire_JJ65A-JJ69.xml
JJ69;178;;72r;Paris_AN_JJ_inventaire_JJ65A-JJ69.xml
JJ69;179;;72r;Paris_AN_JJ_inventaire_JJ65A-JJ69.xml
JJ69;180;;62v;Paris_AN_JJ_inventaire_JJ65A-JJ69.xml
JJ69;181;;79v;Paris_AN_JJ_inventaire_JJ65A-JJ69.xml
JJ69;182;;81r;Paris_AN_JJ_inventaire_JJ65A-JJ69.xml
JJ69;183;;81v;Paris_AN_JJ_inventaire_JJ65A-JJ69.xml
JJ69;184;;81v;Paris_AN_JJ_inventaire_JJ65A-JJ69.xml
JJ69;185;;82v;Paris_AN_JJ_inventaire_JJ65A-JJ69.xml
JJ69;186;;83r;Paris_AN_JJ_inventaire_JJ65A-JJ69.xml
JJ69;187;;83r;Paris_AN_JJ_inventaire_JJ65A-JJ69.xml
JJ69;188;;83v;Paris_AN_JJ_inventaire_JJ65A-JJ69.xml
JJ69;189;;83v;Paris_AN_JJ_inventaire_JJ65A-JJ69.xml
JJ69;190;;85r;Paris_AN_JJ_inventaire_JJ65A-JJ69.xml
JJ69;191;;85v;Paris_AN_JJ_inventaire_JJ65A-JJ69.xml
JJ69;192;;86v;Paris_AN_JJ_inventaire_JJ65A-JJ69.xml
JJ69;193;;87r;Paris_AN_JJ_inventaire_JJ65A-JJ69.xml
JJ69;194;;87r;Paris_AN_JJ_inventaire_JJ65A-JJ69.xml
JJ69;195;;87v;Paris_AN_JJ_inventaire_JJ65A-JJ69.xml
JJ69;196;;87v;Paris_AN_JJ_inventaire_JJ65A-JJ69.xml
JJ69;197;;88r;Paris_AN_JJ_inventaire_JJ65A-JJ69.xml
JJ69;198;;88v;Paris_AN_JJ_inventaire_JJ65A-JJ69.xml
JJ69;199;;89r;Paris_AN_JJ_inventaire_JJ65A-JJ69.xml
JJ69;200;;90r;Paris_AN_JJ_inventaire_JJ65A-JJ69.xml
JJ69;201;;90r;Paris_AN_JJ_inventaire_JJ65A-JJ69.xml
JJ69;202;;90r;Paris_AN_JJ_inventaire_JJ65A-JJ69.xml
JJ69;203;;90r;Paris_AN_JJ_inventaire_JJ65A-JJ69.xml
JJ69;204;;90v;Paris_AN_JJ_inventaire_JJ65A-JJ69.xml
JJ69;205;;90v;Paris_AN_JJ_inventaire_JJ65A-JJ69.xml
JJ69;206;;90v;Paris_AN_JJ_inventaire_JJ65A-JJ69.xml
JJ69;207;;91r;Paris_AN_JJ_inventaire_JJ65A-JJ69.xml
JJ69;208;;91r;Paris_AN_JJ_inventaire_JJ65A-JJ69.xml
JJ69;209;;91v;Paris_AN_JJ_inventaire_JJ65A-JJ69.xml
JJ69;210;;91v;Paris_AN_JJ_inventaire_JJ65A-JJ69.xml
JJ69;211;;92r;Paris_AN_JJ_inventaire_JJ65A-JJ69.xml
JJ69;212;;92r;Paris_AN_JJ_inventaire_JJ65A-JJ69.xml
JJ69;213;;92r;Paris_AN_JJ_inventaire_JJ65A-JJ69.xml
JJ69;214;;92v;Paris_AN_JJ_inventaire_JJ65A-JJ69.xml
JJ69;215;;92v;Paris_AN_JJ_inventaire_JJ65A-JJ69.xml
JJ69;216;;92v;Paris_AN_JJ_inventaire_JJ65A-JJ69.xml
JJ69;217;;93r;Paris_AN_JJ_inventaire_JJ65A-JJ69.xml
JJ69;218;;93r;Paris_AN_JJ_inventaire_JJ65A-JJ69.xml
JJ69;219;;95r;Paris_AN_JJ_inventaire_JJ65A-JJ69.xml
JJ69;220;;95v;Paris_AN_JJ_inventaire_JJ65A-JJ69.xml
JJ69;221;;96r;Paris_AN_JJ_inventaire_JJ65A-JJ69.xml
JJ69;222;;96v;Paris_AN_JJ_inventaire_JJ65A-JJ69.xml
JJ69;223;;97r;Paris_AN_JJ_inventaire_JJ65A-JJ69.xml
JJ69;224;;98v;Paris_AN_JJ_inventaire_JJ65A-JJ69.xml
JJ69;225;;99r;Paris_AN_JJ_inventaire_JJ65A-JJ69.xml
JJ69;226;;99v;Paris_AN_JJ_inventaire_JJ65A-JJ69.xml
JJ69;227;;100r;Paris_AN_JJ_inventaire_JJ65A-JJ69.xml
JJ69;228;;100r;Paris_AN_JJ_inventaire_JJ65A-JJ69.xml
JJ69;229;;100v;Paris_AN_JJ_inventaire_JJ65A-JJ69.xml
JJ69;230;;100v;Paris_AN_JJ_inventaire_JJ65A-JJ69.xml
JJ69;231;;101r;Paris_AN_JJ_inventaire_JJ65A-JJ69.xml
JJ69;232;;101r;Paris_AN_JJ_inventaire_JJ65A-JJ69.xml
JJ69;233;;101v;Paris_AN_JJ_inventaire_JJ65A-JJ69.xml
JJ69;234;;101v;Paris_AN_JJ_inventaire_JJ65A-JJ69.xml
JJ69;235;;102r;Paris_AN_JJ_inventaire_JJ65A-JJ69.xml
JJ69;236;;102r;Paris_AN_JJ_inventaire_JJ65A-JJ69.xml
JJ69;237;;104r;Paris_AN_JJ_inventaire_JJ65A-JJ69.xml
JJ69;238;;104v;Paris_AN_JJ_inventaire_JJ65A-JJ69.xml
JJ69;239;;104v;Paris_AN_JJ_inventaire_JJ65A-JJ69.xml
JJ69;240;;104v;Paris_AN_JJ_inventaire_JJ65A-JJ69.xml
JJ69;241;;105r;Paris_AN_JJ_inventaire_JJ65A-JJ69.xml
JJ69;242;;105r;Paris_AN_JJ_inventaire_JJ65A-JJ69.xml
JJ69;243;;105v;Paris_AN_JJ_inventaire_JJ65A-JJ69.xml
JJ69;244;;105v;Paris_AN_JJ_inventaire_JJ65A-JJ69.xml
JJ69;245;;106r;Paris_AN_JJ_inventaire_JJ65A-JJ69.xml
JJ69;246;;106r;Paris_AN_JJ_inventaire_JJ65A-JJ69.xml
JJ69;247;;106v;Paris_AN_JJ_inventaire_JJ65A-JJ69.xml
JJ69;248;;106v;Paris_AN_JJ_inventaire_JJ65A-JJ69.xml
JJ69;249;;107r;Paris_AN_JJ_inventaire_JJ65A-JJ69.xml
JJ69;250;;107v;Paris_AN_JJ_inventaire_JJ65A-JJ69.xml
JJ69;251;;107v;Paris_AN_JJ_inventaire_JJ65A-JJ69.xml
JJ69;252;;108v;Paris_AN_JJ_inventaire_JJ65A-JJ69.xml
JJ69;253;;109v;Paris_AN_JJ_inventaire_JJ65A-JJ69.xml
JJ69;254;;109v;Paris_AN_JJ_inventaire_JJ65A-JJ69.xml
JJ69;255;;110v;Paris_AN_JJ_inventaire_JJ65A-JJ69.xml
JJ69;256;;110v;Paris_AN_JJ_inventaire_JJ65A-JJ69.xml
JJ69;257;;111r;Paris_AN_JJ_inventaire_JJ65A-JJ69.xml
JJ69;257bis;;111r;Paris_AN_JJ_inventaire_JJ65A-JJ69.xml
JJ69;257ter;;111r;Paris_AN_JJ_inventaire_JJ65A-JJ69.xml
JJ69;257quater;;111r;Paris_AN_JJ_inventaire_JJ65A-JJ69.xml
JJ69;258;;111v;Paris_AN_JJ_inventaire_JJ65A-JJ69.xml
JJ69;259;;111v;Paris_AN_JJ_inventaire_JJ65A-JJ69.xml
JJ69;260;;111v;Paris_AN_JJ_inventaire_JJ65A-JJ69.xml
JJ69;261;;112r;Paris_AN_JJ_inventaire_JJ65A-JJ69.xml
JJ69;262;;112r;Paris_AN_JJ_inventaire_JJ65A-JJ69.xml
JJ69;263;;112r;Paris_AN_JJ_inventaire_JJ65A-JJ69.xml
JJ69;264;;112v;Paris_AN_JJ_inventaire_JJ65A-JJ69.xml
JJ69;265;;113v;Paris_AN_JJ_inventaire_JJ65A-JJ69.xml
JJ69;266;;114r;Paris_AN_JJ_inventaire_JJ65A-JJ69.xml
JJ69;267;;114r;Paris_AN_JJ_inventaire_JJ65A-JJ69.xml
JJ69;268;;116r;Paris_AN_JJ_inventaire_JJ65A-JJ69.xml
JJ69;269;;116r;Paris_AN_JJ_inventaire_JJ65A-JJ69.xml
JJ69;270;;116v;Paris_AN_JJ_inventaire_JJ65A-JJ69.xml
JJ69;271;;116v;Paris_AN_JJ_inventaire_JJ65A-JJ69.xml
JJ69;272;;116v;Paris_AN_JJ_inventaire_JJ65A-JJ69.xml
JJ69;272bis;;116v;Paris_AN_JJ_inventaire_JJ65A-JJ69.xml
JJ69;273;;117r;Paris_AN_JJ_inventaire_JJ65A-JJ69.xml
JJ69;274;;117r;Paris_AN_JJ_inventaire_JJ65A-JJ69.xml
JJ69;275;;117r;Paris_AN_JJ_inventaire_JJ65A-JJ69.xml
JJ69;276;;117v;Paris_AN_JJ_inventaire_JJ65A-JJ69.xml
JJ69;277;;117v;Paris_AN_JJ_inventaire_JJ65A-JJ69.xml
JJ69;278;;118r;Paris_AN_JJ_inventaire_JJ65A-JJ69.xml
JJ69;279;;118r;Paris_AN_JJ_inventaire_JJ65A-JJ69.xml
JJ69;280;;118v;Paris_AN_JJ_inventaire_JJ65A-JJ69.xml
JJ69;281;;119r;Paris_AN_JJ_inventaire_JJ65A-JJ69.xml
JJ69;282;;119r;Paris_AN_JJ_inventaire_JJ65A-JJ69.xml
JJ69;283;;119v;Paris_AN_JJ_inventaire_JJ65A-JJ69.xml
JJ69;284;;120r;Paris_AN_JJ_inventaire_JJ65A-JJ69.xml
JJ69;285;;120r;Paris_AN_JJ_inventaire_JJ65A-JJ69.xml
JJ69;286;;120r;Paris_AN_JJ_inventaire_JJ65A-JJ69.xml
JJ69;287;;120v;Paris_AN_JJ_inventaire_JJ65A-JJ69.xml
JJ69;288;;120v;Paris_AN_JJ_inventaire_JJ65A-JJ69.xml
JJ69;289;;120v;Paris_AN_JJ_inventaire_JJ65A-JJ69.xml
JJ69;290;;121r;Paris_AN_JJ_inventaire_JJ65A-JJ69.xml
JJ69;291;;121r;Paris_AN_JJ_inventaire_JJ65A-JJ69.xml
JJ69;29;;121v;Paris_AN_JJ_inventaire_JJ65A-JJ69.xml
JJ69;293;;121v;Paris_AN_JJ_inventaire_JJ65A-JJ69.xml
JJ69;294;;122v;Paris_AN_JJ_inventaire_JJ65A-JJ69.xml
JJ69;295;;123r;Paris_AN_JJ_inventaire_JJ65A-JJ69.xml
JJ69;296;;123r;Paris_AN_JJ_inventaire_JJ65A-JJ69.xml
JJ69;297;;123v;Paris_AN_JJ_inventaire_JJ65A-JJ69.xml
JJ69;298;;124r;Paris_AN_JJ_inventaire_JJ65A-JJ69.xml
JJ69;299;;125r;Paris_AN_JJ_inventaire_JJ65A-JJ69.xml
JJ69;300;;127r;Paris_AN_JJ_inventaire_JJ65A-JJ69.xml
JJ69;301;;127v;Paris_AN_JJ_inventaire_JJ65A-JJ69.xml
JJ69;302;;127v;Paris_AN_JJ_inventaire_JJ65A-JJ69.xml
JJ69;303;;127v;Paris_AN_JJ_inventaire_JJ65A-JJ69.xml
JJ69;304;;128r;Paris_AN_JJ_inventaire_JJ65A-JJ69.xml
JJ69;305;;129r;Paris_AN_JJ_inventaire_JJ65A-JJ69.xml
JJ69;306;;129r;Paris_AN_JJ_inventaire_JJ65A-JJ69.xml
JJ69;307;;129v;Paris_AN_JJ_inventaire_JJ65A-JJ69.xml
JJ69;308;;129v;Paris_AN_JJ_inventaire_JJ65A-JJ69.xml
JJ69;309;;130r;Paris_AN_JJ_inventaire_JJ65A-JJ69.xml
JJ69;310;;131r;Paris_AN_JJ_inventaire_JJ65A-JJ69.xml
JJ69;311;;131v;Paris_AN_JJ_inventaire_JJ65A-JJ69.xml
JJ69;312;;132v;Paris_AN_JJ_inventaire_JJ65A-JJ69.xml
JJ69;313;;133r;Paris_AN_JJ_inventaire_JJ65A-JJ69.xml
JJ69;314;;133r;Paris_AN_JJ_inventaire_JJ65A-JJ69.xml
JJ69;315;;133v;Paris_AN_JJ_inventaire_JJ65A-JJ69.xml
JJ69;316;;133v;Paris_AN_JJ_inventaire_JJ65A-JJ69.xml
JJ69;317;;133v;Paris_AN_JJ_inventaire_JJ65A-JJ69.xml
JJ69;318;;133v;Paris_AN_JJ_inventaire_JJ65A-JJ69.xml
JJ69;319;;135v;Paris_AN_JJ_inventaire_JJ65A-JJ69.xml
JJ69;320;;136v;Paris_AN_JJ_inventaire_JJ65A-JJ69.xml
JJ69;321;;138r;Paris_AN_JJ_inventaire_JJ65A-JJ69.xml
JJ69;322;;140r;Paris_AN_JJ_inventaire_JJ65A-JJ69.xml
JJ69;323;;140v;Paris_AN_JJ_inventaire_JJ65A-JJ69.xml
JJ69;324;;141r;Paris_AN_JJ_inventaire_JJ65A-JJ69.xml
JJ69;326;;142r;Paris_AN_JJ_inventaire_JJ65A-JJ69.xml
JJ69;327;;142v;Paris_AN_JJ_inventaire_JJ65A-JJ69.xml
JJ69;325;;142r;Paris_AN_JJ_inventaire_JJ65A-JJ69.xml
JJ69;328;;143v;Paris_AN_JJ_inventaire_JJ65A-JJ69.xml
JJ69;329;;143v;Paris_AN_JJ_inventaire_JJ65A-JJ69.xml
JJ69;330;;144r;Paris_AN_JJ_inventaire_JJ65A-JJ69.xml
JJ69;331;;145r;Paris_AN_JJ_inventaire_JJ65A-JJ69.xml
JJ69;332;;148r;Paris_AN_JJ_inventaire_JJ65A-JJ69.xml
JJ69;333;;148r;Paris_AN_JJ_inventaire_JJ65A-JJ69.xml
JJ69;334;;149r;Paris_AN_JJ_inventaire_JJ65A-JJ69.xml
JJ69;335;;150v;Paris_AN_JJ_inventaire_JJ65A-JJ69.xml
JJ69;336;;150v;Paris_AN_JJ_inventaire_JJ65A-JJ69.xml
JJ69;337;;150v;Paris_AN_JJ_inventaire_JJ65A-JJ69.xml
JJ69;338;;152r;Paris_AN_JJ_inventaire_JJ65A-JJ69.xml
JJ69;339;;152r;Paris_AN_JJ_inventaire_JJ65A-JJ69.xml
JJ69;340;;152v;Paris_AN_JJ_inventaire_JJ65A-JJ69.xml
JJ69;341;;153r;Paris_AN_JJ_inventaire_JJ65A-JJ69.xml
JJ69;342;;153r;Paris_AN_JJ_inventaire_JJ65A-JJ69.xml
JJ69;343;;153r;Paris_AN_JJ_inventaire_JJ65A-JJ69.xml
JJ69;344;;154r;Paris_AN_JJ_inventaire_JJ65A-JJ69.xml
JJ69;345;;154r;Paris_AN_JJ_inventaire_JJ65A-JJ69.xml
JJ69;346;;154v;Paris_AN_JJ_inventaire_JJ65A-JJ69.xml
JJ69;347;;154v;Paris_AN_JJ_inventaire_JJ65A-JJ69.xml
JJ69;348;;154v;Paris_AN_JJ_inventaire_JJ65A-JJ69.xml
JJ69;349;;155r;Paris_AN_JJ_inventaire_JJ65A-JJ69.xml
JJ69;350;;155r;Paris_AN_JJ_inventaire_JJ65A-JJ69.xml
JJ69;351;;156r;Paris_AN_JJ_inventaire_JJ65A-JJ69.xml
JJ69;352;;156r;Paris_AN_JJ_inventaire_JJ65A-JJ69.xml
JJ69;353;;156v;Paris_AN_JJ_inventaire_JJ65A-JJ69.xml
JJ69;354;;157r;Paris_AN_JJ_inventaire_JJ65A-JJ69.xml
JJ69;355;;159r;Paris_AN_JJ_inventaire_JJ65A-JJ69.xml
JJ69;356;;159v;Paris_AN_JJ_inventaire_JJ65A-JJ69.xml
JJ69;357;;160r;Paris_AN_JJ_inventaire_JJ65A-JJ69.xml
JJ69;358;;160v;Paris_AN_JJ_inventaire_JJ65A-JJ69.xml
JJ69;359;;160v;Paris_AN_JJ_inventaire_JJ65A-JJ69.xml
JJ69;360;;160v;Paris_AN_JJ_inventaire_JJ65A-JJ69.xml
JJ69;361;;161v;Paris_AN_JJ_inventaire_JJ65A-JJ69.xml
JJ69;362;;161v;Paris_AN_JJ_inventaire_JJ65A-JJ69.xml
JJ69;363;;163r;Paris_AN_JJ_inventaire_JJ65A-JJ69.xml
JJ69;364;;163v;Paris_AN_JJ_inventaire_JJ65A-JJ69.xml
JJ69;365;;163v;Paris_AN_JJ_inventaire_JJ65A-JJ69.xml
JJ69;366;;165r;Paris_AN_JJ_inventaire_JJ65A-JJ69.xml
JJ69;367;;165v;Paris_AN_JJ_inventaire_JJ65A-JJ69.xml
JJ69;368;;167r;Paris_AN_JJ_inventaire_JJ65A-JJ69.xml
JJ69;369;;167r;Paris_AN_JJ_inventaire_JJ65A-JJ69.xml
JJ69;370;;167r;Paris_AN_JJ_inventaire_JJ65A-JJ69.xml
JJ69;371;;167v;Paris_AN_JJ_inventaire_JJ65A-JJ69.xml
JJ69;372;;167v;Paris_AN_JJ_inventaire_JJ65A-JJ69.xml
JJ69;373;;168r;Paris_AN_JJ_inventaire_JJ65A-JJ69.xml
JJ69;374;;168r;Paris_AN_JJ_inventaire_JJ65A-JJ69.xml
JJ69;375;;168r;Paris_AN_JJ_inventaire_JJ65A-JJ69.xml
JJ69;376;;168v;Paris_AN_JJ_inventaire_JJ65A-JJ69.xml
JJ69;377;;168v;Paris_AN_JJ_inventaire_JJ65A-JJ69.xml
JJ69;378;;169r;Paris_AN_JJ_inventaire_JJ65A-JJ69.xml
JJ69;379;;169v;Paris_AN_JJ_inventaire_JJ65A-JJ69.xml
JJ69;380;;169v;Paris_AN_JJ_inventaire_JJ65A-JJ69.xml
JJ69;381;;169v;Paris_AN_JJ_inventaire_JJ65A-JJ69.xml
JJ69;382;;170r;Paris_AN_JJ_inventaire_JJ65A-JJ69.xml
JJ69;383;;171v;Paris_AN_JJ_inventaire_JJ65A-JJ69.xml
