Paris_AN_JJ_inventaire_JJ70-JJ75.xml_Register;Paris_AN_JJ_inventaire_JJ70-JJ75.xml_Act_number;Paris_AN_JJ_inventaire_JJ70-JJ75.xml_Head;Paris_AN_JJ_inventaire_JJ70-JJ75.xml_Locus;Paris_AN_JJ_inventaire_JJ70-JJ75.xml_File
JJ70;1;3100;1r;Paris_AN_JJ_inventaire_JJ70-JJ75.xml
JJ70;1bis;3101;2v;Paris_AN_JJ_inventaire_JJ70-JJ75.xml
JJ70;2;3102;2v;Paris_AN_JJ_inventaire_JJ70-JJ75.xml
JJ70;3;3103;2v;Paris_AN_JJ_inventaire_JJ70-JJ75.xml
JJ70;4;3104;3r;Paris_AN_JJ_inventaire_JJ70-JJ75.xml
JJ70;5;3105;3r;Paris_AN_JJ_inventaire_JJ70-JJ75.xml
JJ70;6;3106;3v;Paris_AN_JJ_inventaire_JJ70-JJ75.xml
JJ70;7;3107;3v;Paris_AN_JJ_inventaire_JJ70-JJ75.xml
JJ70;8;3108;5r;Paris_AN_JJ_inventaire_JJ70-JJ75.xml
JJ70;9;3109;6r;Paris_AN_JJ_inventaire_JJ70-JJ75.xml
JJ70;10;3110;6r;Paris_AN_JJ_inventaire_JJ70-JJ75.xml
JJ70;11;3111;6r;Paris_AN_JJ_inventaire_JJ70-JJ75.xml
JJ70;12;3112;6v;Paris_AN_JJ_inventaire_JJ70-JJ75.xml
JJ70;13;3113;6v;Paris_AN_JJ_inventaire_JJ70-JJ75.xml
JJ70;14;3114;6v;Paris_AN_JJ_inventaire_JJ70-JJ75.xml
JJ70;15;3115;7r;Paris_AN_JJ_inventaire_JJ70-JJ75.xml
JJ70;16;3116;7r;Paris_AN_JJ_inventaire_JJ70-JJ75.xml
JJ70;17;3117;7r;Paris_AN_JJ_inventaire_JJ70-JJ75.xml
JJ70;18;3118;7v;Paris_AN_JJ_inventaire_JJ70-JJ75.xml
JJ70;19;3119;7v;Paris_AN_JJ_inventaire_JJ70-JJ75.xml
JJ70;20;3120;8r;Paris_AN_JJ_inventaire_JJ70-JJ75.xml
JJ70;21;3121;8r;Paris_AN_JJ_inventaire_JJ70-JJ75.xml
JJ70;22;3122;8v;Paris_AN_JJ_inventaire_JJ70-JJ75.xml
JJ70;23;3123;9r;Paris_AN_JJ_inventaire_JJ70-JJ75.xml
JJ70;24;3124;9v;Paris_AN_JJ_inventaire_JJ70-JJ75.xml
JJ70;25;3125;10r;Paris_AN_JJ_inventaire_JJ70-JJ75.xml
JJ70;26;3126;10r;Paris_AN_JJ_inventaire_JJ70-JJ75.xml
JJ70;27;3127;11r;Paris_AN_JJ_inventaire_JJ70-JJ75.xml
JJ70;28;3128;11r;Paris_AN_JJ_inventaire_JJ70-JJ75.xml
JJ70;29;3129;11v;Paris_AN_JJ_inventaire_JJ70-JJ75.xml
JJ70;30;3130;12r;Paris_AN_JJ_inventaire_JJ70-JJ75.xml
JJ70;31;3131;12r;Paris_AN_JJ_inventaire_JJ70-JJ75.xml
JJ70;32;3132;12v;Paris_AN_JJ_inventaire_JJ70-JJ75.xml
JJ70;33;3133;12v;Paris_AN_JJ_inventaire_JJ70-JJ75.xml
JJ70;34;3134;13r;Paris_AN_JJ_inventaire_JJ70-JJ75.xml
JJ70;35;3135;15r;Paris_AN_JJ_inventaire_JJ70-JJ75.xml
JJ70;36;3136;13v;Paris_AN_JJ_inventaire_JJ70-JJ75.xml
JJ70;37;3137;13v;Paris_AN_JJ_inventaire_JJ70-JJ75.xml
JJ70;38;3138;14r;Paris_AN_JJ_inventaire_JJ70-JJ75.xml
JJ70;39;3139;14r;Paris_AN_JJ_inventaire_JJ70-JJ75.xml
JJ70;40;3140;14v;Paris_AN_JJ_inventaire_JJ70-JJ75.xml
JJ70;41;3141;15r;Paris_AN_JJ_inventaire_JJ70-JJ75.xml
JJ70;42;3142;16r;Paris_AN_JJ_inventaire_JJ70-JJ75.xml
JJ70;43;3143;16r;Paris_AN_JJ_inventaire_JJ70-JJ75.xml
JJ70;44;3144;16v;Paris_AN_JJ_inventaire_JJ70-JJ75.xml
JJ70;45;3145;17r;Paris_AN_JJ_inventaire_JJ70-JJ75.xml
JJ70;46;3146;17r;Paris_AN_JJ_inventaire_JJ70-JJ75.xml
JJ70;47;3147;18r;Paris_AN_JJ_inventaire_JJ70-JJ75.xml
JJ70;48;3148;18r;Paris_AN_JJ_inventaire_JJ70-JJ75.xml
JJ70;49;3149;18v;Paris_AN_JJ_inventaire_JJ70-JJ75.xml
JJ70;50;3150;18v;Paris_AN_JJ_inventaire_JJ70-JJ75.xml
JJ70;51;3151;20v;Paris_AN_JJ_inventaire_JJ70-JJ75.xml
JJ70;51bis;3152;21v;Paris_AN_JJ_inventaire_JJ70-JJ75.xml
JJ70;52;3153;21v;Paris_AN_JJ_inventaire_JJ70-JJ75.xml
JJ70;53;3154;27v;Paris_AN_JJ_inventaire_JJ70-JJ75.xml
JJ70;54;3155;28r;Paris_AN_JJ_inventaire_JJ70-JJ75.xml
JJ70;55;3156;28r;Paris_AN_JJ_inventaire_JJ70-JJ75.xml
JJ70;56;3157;28v;Paris_AN_JJ_inventaire_JJ70-JJ75.xml
JJ70;57;3158;28v;Paris_AN_JJ_inventaire_JJ70-JJ75.xml
JJ70;58;3159;28v;Paris_AN_JJ_inventaire_JJ70-JJ75.xml
JJ70;59;3160;29r;Paris_AN_JJ_inventaire_JJ70-JJ75.xml
JJ70;60;3161;29r;Paris_AN_JJ_inventaire_JJ70-JJ75.xml
JJ70;61;3162;29r;Paris_AN_JJ_inventaire_JJ70-JJ75.xml
JJ70;62;3163;29v;Paris_AN_JJ_inventaire_JJ70-JJ75.xml
JJ70;63;3164;30r;Paris_AN_JJ_inventaire_JJ70-JJ75.xml
JJ70;64;3165;31r;Paris_AN_JJ_inventaire_JJ70-JJ75.xml
JJ70;65;3166;32v;Paris_AN_JJ_inventaire_JJ70-JJ75.xml
JJ70;66;3167;32v;Paris_AN_JJ_inventaire_JJ70-JJ75.xml
JJ70;67;3168;33r;Paris_AN_JJ_inventaire_JJ70-JJ75.xml
JJ70;68;3169;33r;Paris_AN_JJ_inventaire_JJ70-JJ75.xml
JJ70;69;3170;33v;Paris_AN_JJ_inventaire_JJ70-JJ75.xml
JJ70;70;3171;34r;Paris_AN_JJ_inventaire_JJ70-JJ75.xml
JJ70;71;3172;34v;Paris_AN_JJ_inventaire_JJ70-JJ75.xml
JJ70;72;3173;35r;Paris_AN_JJ_inventaire_JJ70-JJ75.xml
JJ70;73;3174;35r;Paris_AN_JJ_inventaire_JJ70-JJ75.xml
JJ70;74;3175;36r;Paris_AN_JJ_inventaire_JJ70-JJ75.xml
JJ70;75;3176;36v;Paris_AN_JJ_inventaire_JJ70-JJ75.xml
JJ70;76;3177;37r;Paris_AN_JJ_inventaire_JJ70-JJ75.xml
JJ70;77;3178;37v;Paris_AN_JJ_inventaire_JJ70-JJ75.xml
JJ70;78;3179;38r;Paris_AN_JJ_inventaire_JJ70-JJ75.xml
JJ70;79;3180;38v;Paris_AN_JJ_inventaire_JJ70-JJ75.xml
JJ70;80;3181;38v;Paris_AN_JJ_inventaire_JJ70-JJ75.xml
JJ70;81;3182;38v;Paris_AN_JJ_inventaire_JJ70-JJ75.xml
JJ70;82;3183;40r;Paris_AN_JJ_inventaire_JJ70-JJ75.xml
JJ70;83;3184;40v;Paris_AN_JJ_inventaire_JJ70-JJ75.xml
JJ70;84;3185;40v;Paris_AN_JJ_inventaire_JJ70-JJ75.xml
JJ70;85;3186;40v;Paris_AN_JJ_inventaire_JJ70-JJ75.xml
JJ70;86;3187;41r;Paris_AN_JJ_inventaire_JJ70-JJ75.xml
JJ70;87;3188;41r;Paris_AN_JJ_inventaire_JJ70-JJ75.xml
JJ70;88;3189;41v;Paris_AN_JJ_inventaire_JJ70-JJ75.xml
JJ70;89;3190;42r;Paris_AN_JJ_inventaire_JJ70-JJ75.xml
JJ70;90;3191;42v;Paris_AN_JJ_inventaire_JJ70-JJ75.xml
JJ70;91;3192;42v;Paris_AN_JJ_inventaire_JJ70-JJ75.xml
JJ70;92;3193;42v;Paris_AN_JJ_inventaire_JJ70-JJ75.xml
JJ70;93;3194;43r;Paris_AN_JJ_inventaire_JJ70-JJ75.xml
JJ70;94;3195;43r;Paris_AN_JJ_inventaire_JJ70-JJ75.xml
JJ70;95;3196;43r;Paris_AN_JJ_inventaire_JJ70-JJ75.xml
JJ70;96;3197;44v;Paris_AN_JJ_inventaire_JJ70-JJ75.xml
JJ70;97;3198;44v;Paris_AN_JJ_inventaire_JJ70-JJ75.xml
JJ70;98;3199;44v;Paris_AN_JJ_inventaire_JJ70-JJ75.xml
JJ70;99;3200;45v;Paris_AN_JJ_inventaire_JJ70-JJ75.xml
JJ70;100;3201;45v;Paris_AN_JJ_inventaire_JJ70-JJ75.xml
JJ70;101;3202;45v;Paris_AN_JJ_inventaire_JJ70-JJ75.xml
JJ70;102;3203;46v;Paris_AN_JJ_inventaire_JJ70-JJ75.xml
JJ70;103;3204;47v;Paris_AN_JJ_inventaire_JJ70-JJ75.xml
JJ70;104;3205;47v;Paris_AN_JJ_inventaire_JJ70-JJ75.xml
JJ70;105;3206;47v;Paris_AN_JJ_inventaire_JJ70-JJ75.xml
JJ70;106;3207;48v;Paris_AN_JJ_inventaire_JJ70-JJ75.xml
JJ70;107;3208;48v;Paris_AN_JJ_inventaire_JJ70-JJ75.xml
JJ70;108;3209;48v;Paris_AN_JJ_inventaire_JJ70-JJ75.xml
JJ70;109;3210;50v;Paris_AN_JJ_inventaire_JJ70-JJ75.xml
JJ70;110;3211;51v;Paris_AN_JJ_inventaire_JJ70-JJ75.xml
JJ70;111;3212;51r;Paris_AN_JJ_inventaire_JJ70-JJ75.xml
JJ70;112;3213;52r;Paris_AN_JJ_inventaire_JJ70-JJ75.xml
JJ70;113;3214;52r;Paris_AN_JJ_inventaire_JJ70-JJ75.xml
JJ70;114;3215;53r;Paris_AN_JJ_inventaire_JJ70-JJ75.xml
JJ70;115;3216;53r;Paris_AN_JJ_inventaire_JJ70-JJ75.xml
JJ70;116;3217;53v;Paris_AN_JJ_inventaire_JJ70-JJ75.xml
JJ70;117;3218;53v;Paris_AN_JJ_inventaire_JJ70-JJ75.xml
JJ70;118;3219;58r;Paris_AN_JJ_inventaire_JJ70-JJ75.xml
JJ70;119;3220;59v;Paris_AN_JJ_inventaire_JJ70-JJ75.xml
JJ70;120;3221;60v;Paris_AN_JJ_inventaire_JJ70-JJ75.xml
JJ70;121;3222;61v;Paris_AN_JJ_inventaire_JJ70-JJ75.xml
JJ70;122;3223;61v;Paris_AN_JJ_inventaire_JJ70-JJ75.xml
JJ70;123;3224;61v;Paris_AN_JJ_inventaire_JJ70-JJ75.xml
JJ70;124;3225;62r;Paris_AN_JJ_inventaire_JJ70-JJ75.xml
JJ70;125;3226;62v;Paris_AN_JJ_inventaire_JJ70-JJ75.xml
JJ70;126;3227;62v;Paris_AN_JJ_inventaire_JJ70-JJ75.xml
JJ70;127;3228;63r;Paris_AN_JJ_inventaire_JJ70-JJ75.xml
JJ70;128;3229;63v;Paris_AN_JJ_inventaire_JJ70-JJ75.xml
JJ70;129;3230;64v;Paris_AN_JJ_inventaire_JJ70-JJ75.xml
JJ70;129bis;3231;65r;Paris_AN_JJ_inventaire_JJ70-JJ75.xml
JJ70;130;3232;65v;Paris_AN_JJ_inventaire_JJ70-JJ75.xml
JJ70;131;3233;65v;Paris_AN_JJ_inventaire_JJ70-JJ75.xml
JJ70;132;3234;66r;Paris_AN_JJ_inventaire_JJ70-JJ75.xml
JJ70;133;3235;66r;Paris_AN_JJ_inventaire_JJ70-JJ75.xml
JJ70;134;3236;66v;Paris_AN_JJ_inventaire_JJ70-JJ75.xml
JJ70;135;3237;67v;Paris_AN_JJ_inventaire_JJ70-JJ75.xml
JJ70;136;3238;67v;Paris_AN_JJ_inventaire_JJ70-JJ75.xml
JJ70;137;3239;68r;Paris_AN_JJ_inventaire_JJ70-JJ75.xml
JJ70;138;3240;68r;Paris_AN_JJ_inventaire_JJ70-JJ75.xml
JJ70;139;3241;68v;Paris_AN_JJ_inventaire_JJ70-JJ75.xml
JJ70;140;3242;68v;Paris_AN_JJ_inventaire_JJ70-JJ75.xml
JJ70;141;3243;69v;Paris_AN_JJ_inventaire_JJ70-JJ75.xml
JJ70;142;3244;70r;Paris_AN_JJ_inventaire_JJ70-JJ75.xml
JJ70;143;3245;70r;Paris_AN_JJ_inventaire_JJ70-JJ75.xml
JJ70;144;3246;70v;Paris_AN_JJ_inventaire_JJ70-JJ75.xml
JJ70;145;3247;70v;Paris_AN_JJ_inventaire_JJ70-JJ75.xml
JJ70;146;3248;71r;Paris_AN_JJ_inventaire_JJ70-JJ75.xml
JJ70;147;3249;71r;Paris_AN_JJ_inventaire_JJ70-JJ75.xml
JJ70;148;3250;71r;Paris_AN_JJ_inventaire_JJ70-JJ75.xml
JJ70;149;3251;71v;Paris_AN_JJ_inventaire_JJ70-JJ75.xml
JJ70;150;3252;72r;Paris_AN_JJ_inventaire_JJ70-JJ75.xml
JJ70;151;3253;72r;Paris_AN_JJ_inventaire_JJ70-JJ75.xml
JJ70;152;3254;72v;Paris_AN_JJ_inventaire_JJ70-JJ75.xml
JJ70;153;3255;72v;Paris_AN_JJ_inventaire_JJ70-JJ75.xml
JJ70;154;3256;72v;Paris_AN_JJ_inventaire_JJ70-JJ75.xml
JJ70;155;3257;72v;Paris_AN_JJ_inventaire_JJ70-JJ75.xml
JJ70;156;3258;73r;Paris_AN_JJ_inventaire_JJ70-JJ75.xml
JJ70;157;3259;74v;Paris_AN_JJ_inventaire_JJ70-JJ75.xml
JJ70;158;3260;75v;Paris_AN_JJ_inventaire_JJ70-JJ75.xml
JJ70;159;3261;76r;Paris_AN_JJ_inventaire_JJ70-JJ75.xml
JJ70;160;3262;77r;Paris_AN_JJ_inventaire_JJ70-JJ75.xml
JJ70;161;3263;77r;Paris_AN_JJ_inventaire_JJ70-JJ75.xml
JJ70;162;3264;78r;Paris_AN_JJ_inventaire_JJ70-JJ75.xml
JJ70;163;3265;78v;Paris_AN_JJ_inventaire_JJ70-JJ75.xml
JJ70;164;3266;78v;Paris_AN_JJ_inventaire_JJ70-JJ75.xml
JJ70;165;3267;79r;Paris_AN_JJ_inventaire_JJ70-JJ75.xml
JJ70;166;3268;79r;Paris_AN_JJ_inventaire_JJ70-JJ75.xml
JJ70;167;3269;79v;Paris_AN_JJ_inventaire_JJ70-JJ75.xml
JJ70;168;3270;80r;Paris_AN_JJ_inventaire_JJ70-JJ75.xml
JJ70;169;3271;80v;Paris_AN_JJ_inventaire_JJ70-JJ75.xml
JJ70;170;3272;82r;Paris_AN_JJ_inventaire_JJ70-JJ75.xml
JJ70;171;3273;83v;Paris_AN_JJ_inventaire_JJ70-JJ75.xml
JJ70;172;3274;83v;Paris_AN_JJ_inventaire_JJ70-JJ75.xml
JJ70;173;3275;85v;Paris_AN_JJ_inventaire_JJ70-JJ75.xml
JJ70;174;3276;87v;Paris_AN_JJ_inventaire_JJ70-JJ75.xml
JJ70;175;3277;90v;Paris_AN_JJ_inventaire_JJ70-JJ75.xml
JJ70;176;3278;90v;Paris_AN_JJ_inventaire_JJ70-JJ75.xml
JJ70;177;3279;91v;Paris_AN_JJ_inventaire_JJ70-JJ75.xml
JJ70;178;3280;91v;Paris_AN_JJ_inventaire_JJ70-JJ75.xml
JJ70;179;3281;92r;Paris_AN_JJ_inventaire_JJ70-JJ75.xml
JJ70;180;3282;92v;Paris_AN_JJ_inventaire_JJ70-JJ75.xml
JJ70;181;3283;92v;Paris_AN_JJ_inventaire_JJ70-JJ75.xml
JJ70;182;3284;93v;Paris_AN_JJ_inventaire_JJ70-JJ75.xml
JJ70;183;3285;94r;Paris_AN_JJ_inventaire_JJ70-JJ75.xml
JJ70;184;3286;94r;Paris_AN_JJ_inventaire_JJ70-JJ75.xml
JJ70;185;3287;95r;Paris_AN_JJ_inventaire_JJ70-JJ75.xml
JJ70;186;3288;95r;Paris_AN_JJ_inventaire_JJ70-JJ75.xml
JJ70;187;3289;95v;Paris_AN_JJ_inventaire_JJ70-JJ75.xml
JJ70;188;3290;96r;Paris_AN_JJ_inventaire_JJ70-JJ75.xml
JJ70;189;3291;97v;Paris_AN_JJ_inventaire_JJ70-JJ75.xml
JJ70;190;3292;99r;Paris_AN_JJ_inventaire_JJ70-JJ75.xml
JJ70;191;3293;100r;Paris_AN_JJ_inventaire_JJ70-JJ75.xml
JJ70;192;3294;101r;Paris_AN_JJ_inventaire_JJ70-JJ75.xml
JJ70;193;3295;101v;Paris_AN_JJ_inventaire_JJ70-JJ75.xml
JJ70;194;3296;103r;Paris_AN_JJ_inventaire_JJ70-JJ75.xml
JJ70;195;3297;103v;Paris_AN_JJ_inventaire_JJ70-JJ75.xml
JJ70;196;3298;103v;Paris_AN_JJ_inventaire_JJ70-JJ75.xml
JJ70;197;3299;104r;Paris_AN_JJ_inventaire_JJ70-JJ75.xml
JJ70;198;3300;104r;Paris_AN_JJ_inventaire_JJ70-JJ75.xml
JJ70;199;3301;105r;Paris_AN_JJ_inventaire_JJ70-JJ75.xml
JJ70;200;3302;105v;Paris_AN_JJ_inventaire_JJ70-JJ75.xml
JJ70;201;3303;106r;Paris_AN_JJ_inventaire_JJ70-JJ75.xml
JJ70;202;3304;106r;Paris_AN_JJ_inventaire_JJ70-JJ75.xml
JJ70;203;3305;106v;Paris_AN_JJ_inventaire_JJ70-JJ75.xml
JJ70;204;3306;107r;Paris_AN_JJ_inventaire_JJ70-JJ75.xml
JJ70;205;3307;107r;Paris_AN_JJ_inventaire_JJ70-JJ75.xml
JJ70;206;3308;108r;Paris_AN_JJ_inventaire_JJ70-JJ75.xml
JJ70;207;3309;108v;Paris_AN_JJ_inventaire_JJ70-JJ75.xml
JJ70;208;3310;108v;Paris_AN_JJ_inventaire_JJ70-JJ75.xml
JJ70;209;3311;109r;Paris_AN_JJ_inventaire_JJ70-JJ75.xml
JJ70;210;3312;110r;Paris_AN_JJ_inventaire_JJ70-JJ75.xml
JJ70;211;3313;112r;Paris_AN_JJ_inventaire_JJ70-JJ75.xml
JJ70;212;3314;122r;Paris_AN_JJ_inventaire_JJ70-JJ75.xml
JJ70;213;3315;123r;Paris_AN_JJ_inventaire_JJ70-JJ75.xml
JJ70;214;3316;123v;Paris_AN_JJ_inventaire_JJ70-JJ75.xml
JJ70;215;3317;124r;Paris_AN_JJ_inventaire_JJ70-JJ75.xml
JJ70;216;3318;124r;Paris_AN_JJ_inventaire_JJ70-JJ75.xml
JJ70;217;3319;124r;Paris_AN_JJ_inventaire_JJ70-JJ75.xml
JJ70;218;3320;124r;Paris_AN_JJ_inventaire_JJ70-JJ75.xml
JJ70;219;3321;124v;Paris_AN_JJ_inventaire_JJ70-JJ75.xml
JJ70;220;3322;125r;Paris_AN_JJ_inventaire_JJ70-JJ75.xml
JJ70;221;3323;125v;Paris_AN_JJ_inventaire_JJ70-JJ75.xml
JJ70;222;3324;126v;Paris_AN_JJ_inventaire_JJ70-JJ75.xml
JJ70;223;3325;127r;Paris_AN_JJ_inventaire_JJ70-JJ75.xml
JJ70;224;3326;127r;Paris_AN_JJ_inventaire_JJ70-JJ75.xml
JJ70;225;3327;128r;Paris_AN_JJ_inventaire_JJ70-JJ75.xml
JJ70;226;3328;129r;Paris_AN_JJ_inventaire_JJ70-JJ75.xml
JJ70;227;3329;129r;Paris_AN_JJ_inventaire_JJ70-JJ75.xml
JJ70;228;3330;129v;Paris_AN_JJ_inventaire_JJ70-JJ75.xml
JJ70;229;3331;129v;Paris_AN_JJ_inventaire_JJ70-JJ75.xml
JJ70;230;3332;130v;Paris_AN_JJ_inventaire_JJ70-JJ75.xml
JJ70;231;3333;130v;Paris_AN_JJ_inventaire_JJ70-JJ75.xml
JJ70;232;3334;131r;Paris_AN_JJ_inventaire_JJ70-JJ75.xml
JJ70;233;3335;131v;Paris_AN_JJ_inventaire_JJ70-JJ75.xml
JJ70;234;3336;132r;Paris_AN_JJ_inventaire_JJ70-JJ75.xml
JJ70;235;3337;132v;Paris_AN_JJ_inventaire_JJ70-JJ75.xml
JJ70;236;3338;137r;Paris_AN_JJ_inventaire_JJ70-JJ75.xml
JJ70;237;3339;137r;Paris_AN_JJ_inventaire_JJ70-JJ75.xml
JJ70;238;3340;137r;Paris_AN_JJ_inventaire_JJ70-JJ75.xml
JJ70;239;3341;137v;Paris_AN_JJ_inventaire_JJ70-JJ75.xml
JJ70;240;3342;139r;Paris_AN_JJ_inventaire_JJ70-JJ75.xml
JJ70;241;3343;140r;Paris_AN_JJ_inventaire_JJ70-JJ75.xml
JJ70;242;3344;140r;Paris_AN_JJ_inventaire_JJ70-JJ75.xml
JJ70;243;3345;140v;Paris_AN_JJ_inventaire_JJ70-JJ75.xml
JJ70;244;3346;140v;Paris_AN_JJ_inventaire_JJ70-JJ75.xml
JJ70;245;3347;141v;Paris_AN_JJ_inventaire_JJ70-JJ75.xml
JJ70;246;3348;142r;Paris_AN_JJ_inventaire_JJ70-JJ75.xml
JJ70;247;3349;142v;Paris_AN_JJ_inventaire_JJ70-JJ75.xml
JJ70;248;3350;142v;Paris_AN_JJ_inventaire_JJ70-JJ75.xml
JJ70;249;3351;143r;Paris_AN_JJ_inventaire_JJ70-JJ75.xml
JJ70;250;3352;143r;Paris_AN_JJ_inventaire_JJ70-JJ75.xml
JJ70;251;3353;143r;Paris_AN_JJ_inventaire_JJ70-JJ75.xml
JJ70;252;3354;143r;Paris_AN_JJ_inventaire_JJ70-JJ75.xml
JJ70;253;3355;144v;Paris_AN_JJ_inventaire_JJ70-JJ75.xml
JJ70;254;3356;144v;Paris_AN_JJ_inventaire_JJ70-JJ75.xml
JJ70;255;3357;145r;Paris_AN_JJ_inventaire_JJ70-JJ75.xml
JJ70;256;3358;145v;Paris_AN_JJ_inventaire_JJ70-JJ75.xml
JJ70;257;3359;145v;Paris_AN_JJ_inventaire_JJ70-JJ75.xml
JJ70;258;3360;146r;Paris_AN_JJ_inventaire_JJ70-JJ75.xml
JJ70;259;3361;146v;Paris_AN_JJ_inventaire_JJ70-JJ75.xml
JJ70;260;3362;148r;Paris_AN_JJ_inventaire_JJ70-JJ75.xml
JJ70;261;3363;148r;Paris_AN_JJ_inventaire_JJ70-JJ75.xml
JJ70;262;3364;148v;Paris_AN_JJ_inventaire_JJ70-JJ75.xml
JJ70;263;3365;150r;Paris_AN_JJ_inventaire_JJ70-JJ75.xml
JJ70;264;3366;150v;Paris_AN_JJ_inventaire_JJ70-JJ75.xml
JJ70;265;3367;151r;Paris_AN_JJ_inventaire_JJ70-JJ75.xml
JJ70;266;3368;151v;Paris_AN_JJ_inventaire_JJ70-JJ75.xml
JJ70;267;3369;151v;Paris_AN_JJ_inventaire_JJ70-JJ75.xml
JJ70;268;3370;152r;Paris_AN_JJ_inventaire_JJ70-JJ75.xml
JJ70;269;3371;152r;Paris_AN_JJ_inventaire_JJ70-JJ75.xml
JJ70;270;3372;152v;Paris_AN_JJ_inventaire_JJ70-JJ75.xml
JJ70;271;3373;152v;Paris_AN_JJ_inventaire_JJ70-JJ75.xml
JJ70;272;3374;152v;Paris_AN_JJ_inventaire_JJ70-JJ75.xml
JJ70;273;3375;155r;Paris_AN_JJ_inventaire_JJ70-JJ75.xml
JJ70;274;3376;153r;Paris_AN_JJ_inventaire_JJ70-JJ75.xml
JJ70;275;3377;153r;Paris_AN_JJ_inventaire_JJ70-JJ75.xml
JJ70;276;3378;153v;Paris_AN_JJ_inventaire_JJ70-JJ75.xml
JJ70;277;3379;154r;Paris_AN_JJ_inventaire_JJ70-JJ75.xml
JJ70;278;3380;154r;Paris_AN_JJ_inventaire_JJ70-JJ75.xml
JJ70;279;3381;154v;Paris_AN_JJ_inventaire_JJ70-JJ75.xml
JJ70;280;3382;155r;Paris_AN_JJ_inventaire_JJ70-JJ75.xml
JJ70;281;3383;156v;Paris_AN_JJ_inventaire_JJ70-JJ75.xml
JJ70;282;3384;157r;Paris_AN_JJ_inventaire_JJ70-JJ75.xml
JJ70;283;3385;158v;Paris_AN_JJ_inventaire_JJ70-JJ75.xml
JJ70;284;3386;158v;Paris_AN_JJ_inventaire_JJ70-JJ75.xml
JJ70;285;3387;159r;Paris_AN_JJ_inventaire_JJ70-JJ75.xml
JJ70;286;3388;159r;Paris_AN_JJ_inventaire_JJ70-JJ75.xml
JJ70;287;3389;159v;Paris_AN_JJ_inventaire_JJ70-JJ75.xml
JJ70;288;3390;160r;Paris_AN_JJ_inventaire_JJ70-JJ75.xml
JJ70;289;3391;160r;Paris_AN_JJ_inventaire_JJ70-JJ75.xml
JJ70;290;3392;160r;Paris_AN_JJ_inventaire_JJ70-JJ75.xml
JJ70;291;3393;161v;Paris_AN_JJ_inventaire_JJ70-JJ75.xml
JJ70;292;3394;162r;Paris_AN_JJ_inventaire_JJ70-JJ75.xml
JJ70;293;3395;162r;Paris_AN_JJ_inventaire_JJ70-JJ75.xml
JJ70;294;3396;165v;Paris_AN_JJ_inventaire_JJ70-JJ75.xml
JJ70;295;3397;165v;Paris_AN_JJ_inventaire_JJ70-JJ75.xml
JJ70;296;3398;166r;Paris_AN_JJ_inventaire_JJ70-JJ75.xml
JJ70;297;3399;166r;Paris_AN_JJ_inventaire_JJ70-JJ75.xml
JJ70;298;3400;166r;Paris_AN_JJ_inventaire_JJ70-JJ75.xml
JJ70;299;3401;166v;Paris_AN_JJ_inventaire_JJ70-JJ75.xml
JJ70;300;3402;166v;Paris_AN_JJ_inventaire_JJ70-JJ75.xml
JJ70;301;3403;167r;Paris_AN_JJ_inventaire_JJ70-JJ75.xml
JJ70;302;3404;167r;Paris_AN_JJ_inventaire_JJ70-JJ75.xml
JJ70;303;3405;167v;Paris_AN_JJ_inventaire_JJ70-JJ75.xml
JJ70;304;3406;169v;Paris_AN_JJ_inventaire_JJ70-JJ75.xml
JJ70;305;3407;170r;Paris_AN_JJ_inventaire_JJ70-JJ75.xml
JJ70;306;3408;172r;Paris_AN_JJ_inventaire_JJ70-JJ75.xml
JJ70;307;3409;172r;Paris_AN_JJ_inventaire_JJ70-JJ75.xml
JJ70;308;3410;172r;Paris_AN_JJ_inventaire_JJ70-JJ75.xml
JJ70;309;3411;172v;Paris_AN_JJ_inventaire_JJ70-JJ75.xml
JJ70;310;3412;172v;Paris_AN_JJ_inventaire_JJ70-JJ75.xml
JJ70;311;3413;173r;Paris_AN_JJ_inventaire_JJ70-JJ75.xml
JJ70;312;3414;173r;Paris_AN_JJ_inventaire_JJ70-JJ75.xml
JJ70;313;3415;173v;Paris_AN_JJ_inventaire_JJ70-JJ75.xml
JJ70;314;3416;173v;Paris_AN_JJ_inventaire_JJ70-JJ75.xml
JJ70;315;3417;174r;Paris_AN_JJ_inventaire_JJ70-JJ75.xml
JJ70;316;3418;174r;Paris_AN_JJ_inventaire_JJ70-JJ75.xml
JJ70;317;3419;174v;Paris_AN_JJ_inventaire_JJ70-JJ75.xml
JJ70;318;3420;174v;Paris_AN_JJ_inventaire_JJ70-JJ75.xml
JJ70;319;3421;175r;Paris_AN_JJ_inventaire_JJ70-JJ75.xml
JJ70;320;3422;175r;Paris_AN_JJ_inventaire_JJ70-JJ75.xml
JJ70;321;3423;176r;Paris_AN_JJ_inventaire_JJ70-JJ75.xml
JJ70;322;3424;177r;Paris_AN_JJ_inventaire_JJ70-JJ75.xml
JJ70;323;3425;178r;Paris_AN_JJ_inventaire_JJ70-JJ75.xml
JJ70;324;3426;178v;Paris_AN_JJ_inventaire_JJ70-JJ75.xml
JJ70;325;3427;178v;Paris_AN_JJ_inventaire_JJ70-JJ75.xml
JJ70;326;3428;179r;Paris_AN_JJ_inventaire_JJ70-JJ75.xml
JJ70;327;3429;179r;Paris_AN_JJ_inventaire_JJ70-JJ75.xml
JJ70;328;3430;179v;Paris_AN_JJ_inventaire_JJ70-JJ75.xml
JJ70;329;3431;180r;Paris_AN_JJ_inventaire_JJ70-JJ75.xml
JJ70;330;3432;181r;Paris_AN_JJ_inventaire_JJ70-JJ75.xml
JJ70;331;3433;188v;Paris_AN_JJ_inventaire_JJ70-JJ75.xml
JJ70;332;3434;190v;Paris_AN_JJ_inventaire_JJ70-JJ75.xml
JJ70;333;3435;191r;Paris_AN_JJ_inventaire_JJ70-JJ75.xml
JJ70;334;3436;191v;Paris_AN_JJ_inventaire_JJ70-JJ75.xml
JJ70;335;3437;192r;Paris_AN_JJ_inventaire_JJ70-JJ75.xml
JJ70;336;3438;192r;Paris_AN_JJ_inventaire_JJ70-JJ75.xml
JJ70;337;3439;192r;Paris_AN_JJ_inventaire_JJ70-JJ75.xml
JJ70;338;3440;192v;Paris_AN_JJ_inventaire_JJ70-JJ75.xml
JJ70;339;3441;192v;Paris_AN_JJ_inventaire_JJ70-JJ75.xml
JJ70;340;3442;192v;Paris_AN_JJ_inventaire_JJ70-JJ75.xml
JJ70;341;3443;194r;Paris_AN_JJ_inventaire_JJ70-JJ75.xml
JJ70;342;3444;195v;Paris_AN_JJ_inventaire_JJ70-JJ75.xml
JJ70;343;3445;195v;Paris_AN_JJ_inventaire_JJ70-JJ75.xml
JJ70;344;3446;196r;Paris_AN_JJ_inventaire_JJ70-JJ75.xml
JJ70;345;3447;196r;Paris_AN_JJ_inventaire_JJ70-JJ75.xml
JJ70;346;3448;196v;Paris_AN_JJ_inventaire_JJ70-JJ75.xml
JJ70;347;3449;197r;Paris_AN_JJ_inventaire_JJ70-JJ75.xml
JJ70;348;3450;197v;Paris_AN_JJ_inventaire_JJ70-JJ75.xml
JJ70;349;3451;197v;Paris_AN_JJ_inventaire_JJ70-JJ75.xml
JJ70;350;3452;197v;Paris_AN_JJ_inventaire_JJ70-JJ75.xml
JJ70;351;3453;198v;Paris_AN_JJ_inventaire_JJ70-JJ75.xml
JJ70;352;3454;199v;Paris_AN_JJ_inventaire_JJ70-JJ75.xml
JJ70;353;3455;200r;Paris_AN_JJ_inventaire_JJ70-JJ75.xml
JJ70;354;3456;201r;Paris_AN_JJ_inventaire_JJ70-JJ75.xml
JJ70;355;3457;201v;Paris_AN_JJ_inventaire_JJ70-JJ75.xml
JJ70;356;3458;202v;Paris_AN_JJ_inventaire_JJ70-JJ75.xml
JJ70;357;3459;202v;Paris_AN_JJ_inventaire_JJ70-JJ75.xml
JJ70;358;3460;203r;Paris_AN_JJ_inventaire_JJ70-JJ75.xml
JJ70;359;3461;203r;Paris_AN_JJ_inventaire_JJ70-JJ75.xml
JJ70;360;3462;203r;Paris_AN_JJ_inventaire_JJ70-JJ75.xml
JJ70;361;3463;203v;Paris_AN_JJ_inventaire_JJ70-JJ75.xml
JJ70;362;3464;204r;Paris_AN_JJ_inventaire_JJ70-JJ75.xml
JJ70;363;3465;204r;Paris_AN_JJ_inventaire_JJ70-JJ75.xml
JJ70;364;3466;204v;Paris_AN_JJ_inventaire_JJ70-JJ75.xml
JJ70;365;3467;205r;Paris_AN_JJ_inventaire_JJ70-JJ75.xml
JJ70;366;3468;205r;Paris_AN_JJ_inventaire_JJ70-JJ75.xml
JJ70;367;3469;205v;Paris_AN_JJ_inventaire_JJ70-JJ75.xml
JJ70;368;3470;209r;Paris_AN_JJ_inventaire_JJ70-JJ75.xml
JJ70;369;3471;209v;Paris_AN_JJ_inventaire_JJ70-JJ75.xml
JJ70;370;3472;210r;Paris_AN_JJ_inventaire_JJ70-JJ75.xml
JJ70;371;3473;210r;Paris_AN_JJ_inventaire_JJ70-JJ75.xml
JJ70;372;3474;210v;Paris_AN_JJ_inventaire_JJ70-JJ75.xml
JJ70;373;3475;212v;Paris_AN_JJ_inventaire_JJ70-JJ75.xml
JJ70;374;3476;212v;Paris_AN_JJ_inventaire_JJ70-JJ75.xml
JJ71;0;3477;9r;Paris_AN_JJ_inventaire_JJ70-JJ75.xml
JJ71;1;3478;9r;Paris_AN_JJ_inventaire_JJ70-JJ75.xml
JJ71;2;3479;9r;Paris_AN_JJ_inventaire_JJ70-JJ75.xml
JJ71;3;3480;9v;Paris_AN_JJ_inventaire_JJ70-JJ75.xml
JJ71;4;3481;10r;Paris_AN_JJ_inventaire_JJ70-JJ75.xml
JJ71;5;3482;10r;Paris_AN_JJ_inventaire_JJ70-JJ75.xml
JJ71;6;3483;10v;Paris_AN_JJ_inventaire_JJ70-JJ75.xml
JJ71;7;3484;10v;Paris_AN_JJ_inventaire_JJ70-JJ75.xml
JJ71;8;3485;11r;Paris_AN_JJ_inventaire_JJ70-JJ75.xml
JJ71;9;3486;11r;Paris_AN_JJ_inventaire_JJ70-JJ75.xml
JJ71;10;3487;11r;Paris_AN_JJ_inventaire_JJ70-JJ75.xml
JJ71;11;3488;11v;Paris_AN_JJ_inventaire_JJ70-JJ75.xml
JJ71;12;3489;12r;Paris_AN_JJ_inventaire_JJ70-JJ75.xml
JJ71;13;3490;12v;Paris_AN_JJ_inventaire_JJ70-JJ75.xml
JJ71;14;3491;12v;Paris_AN_JJ_inventaire_JJ70-JJ75.xml
JJ71;15;3492;13r;Paris_AN_JJ_inventaire_JJ70-JJ75.xml
JJ71;16;3493;14r;Paris_AN_JJ_inventaire_JJ70-JJ75.xml
JJ71;17;3494;14v;Paris_AN_JJ_inventaire_JJ70-JJ75.xml
JJ71;18;3495;14v;Paris_AN_JJ_inventaire_JJ70-JJ75.xml
JJ71;19;3496;15r;Paris_AN_JJ_inventaire_JJ70-JJ75.xml
JJ71;20;3497;15r;Paris_AN_JJ_inventaire_JJ70-JJ75.xml
JJ71;21;3498;15v;Paris_AN_JJ_inventaire_JJ70-JJ75.xml
JJ71;22;3499;18r;Paris_AN_JJ_inventaire_JJ70-JJ75.xml
JJ71;23;3500;19v;Paris_AN_JJ_inventaire_JJ70-JJ75.xml
JJ71;24;3501;20r;Paris_AN_JJ_inventaire_JJ70-JJ75.xml
JJ71;25;3502;20v;Paris_AN_JJ_inventaire_JJ70-JJ75.xml
JJ71;26;3503;21r;Paris_AN_JJ_inventaire_JJ70-JJ75.xml
JJ71;27;3504;24r;Paris_AN_JJ_inventaire_JJ70-JJ75.xml
JJ71;28;3505;24v;Paris_AN_JJ_inventaire_JJ70-JJ75.xml
JJ71;29;3506;24v;Paris_AN_JJ_inventaire_JJ70-JJ75.xml
JJ71;30;3507;24v;Paris_AN_JJ_inventaire_JJ70-JJ75.xml
JJ71;31;3508;25r;Paris_AN_JJ_inventaire_JJ70-JJ75.xml
JJ71;32;3509;25v;Paris_AN_JJ_inventaire_JJ70-JJ75.xml
JJ71;33;3510;25v;Paris_AN_JJ_inventaire_JJ70-JJ75.xml
JJ71;34;3511;26r;Paris_AN_JJ_inventaire_JJ70-JJ75.xml
JJ71;35;3512;26v;Paris_AN_JJ_inventaire_JJ70-JJ75.xml
JJ71;36;3513;26v;Paris_AN_JJ_inventaire_JJ70-JJ75.xml
JJ71;37;3514;29v;Paris_AN_JJ_inventaire_JJ70-JJ75.xml
JJ71;38;3515;29v;Paris_AN_JJ_inventaire_JJ70-JJ75.xml
JJ71;39;3516;30r;Paris_AN_JJ_inventaire_JJ70-JJ75.xml
JJ71;40;3517;30r;Paris_AN_JJ_inventaire_JJ70-JJ75.xml
JJ71;41;3518;30v;Paris_AN_JJ_inventaire_JJ70-JJ75.xml
JJ71;42;3519;31v;Paris_AN_JJ_inventaire_JJ70-JJ75.xml
JJ71;43;3520;31v;Paris_AN_JJ_inventaire_JJ70-JJ75.xml
JJ71;44;3521;32v;Paris_AN_JJ_inventaire_JJ70-JJ75.xml
JJ71;45;3522;33v;Paris_AN_JJ_inventaire_JJ70-JJ75.xml
JJ71;46;3523;34r;Paris_AN_JJ_inventaire_JJ70-JJ75.xml
JJ71;47;3524;34r;Paris_AN_JJ_inventaire_JJ70-JJ75.xml
JJ71;48;3525;37v;Paris_AN_JJ_inventaire_JJ70-JJ75.xml
JJ71;49;3526;38r;Paris_AN_JJ_inventaire_JJ70-JJ75.xml
JJ71;50;3527;41v;Paris_AN_JJ_inventaire_JJ70-JJ75.xml
JJ71;51;3528;42r;Paris_AN_JJ_inventaire_JJ70-JJ75.xml
JJ71;52;3529;43r;Paris_AN_JJ_inventaire_JJ70-JJ75.xml
JJ71;53;3530;43v;Paris_AN_JJ_inventaire_JJ70-JJ75.xml
JJ71;54;3531;43v;Paris_AN_JJ_inventaire_JJ70-JJ75.xml
JJ71;55;3532;44r;Paris_AN_JJ_inventaire_JJ70-JJ75.xml
JJ71;56;3533;44v;Paris_AN_JJ_inventaire_JJ70-JJ75.xml
JJ71;57;3534;45v;Paris_AN_JJ_inventaire_JJ70-JJ75.xml
JJ71;58;3535;46r;Paris_AN_JJ_inventaire_JJ70-JJ75.xml
JJ71;59;3536;46r;Paris_AN_JJ_inventaire_JJ70-JJ75.xml
JJ71;60;3537;47v;Paris_AN_JJ_inventaire_JJ70-JJ75.xml
JJ71;61;3538;47v;Paris_AN_JJ_inventaire_JJ70-JJ75.xml
JJ71;62;3539;48v;Paris_AN_JJ_inventaire_JJ70-JJ75.xml
JJ71;63;3540;49r;Paris_AN_JJ_inventaire_JJ70-JJ75.xml
JJ71;64;3541;49v;Paris_AN_JJ_inventaire_JJ70-JJ75.xml
JJ71;65;3542;49v;Paris_AN_JJ_inventaire_JJ70-JJ75.xml
JJ71;66;3543;50r;Paris_AN_JJ_inventaire_JJ70-JJ75.xml
JJ71;67;3544;52r;Paris_AN_JJ_inventaire_JJ70-JJ75.xml
JJ71;68;3545;52r;Paris_AN_JJ_inventaire_JJ70-JJ75.xml
JJ71;69;3546;52v;Paris_AN_JJ_inventaire_JJ70-JJ75.xml
JJ71;70;3547;55v;Paris_AN_JJ_inventaire_JJ70-JJ75.xml
JJ71;71;3548;56r;Paris_AN_JJ_inventaire_JJ70-JJ75.xml
JJ71;72;3549;56v;Paris_AN_JJ_inventaire_JJ70-JJ75.xml
JJ71;73;3550;56v;Paris_AN_JJ_inventaire_JJ70-JJ75.xml
JJ71;74;3551;57r;Paris_AN_JJ_inventaire_JJ70-JJ75.xml
JJ71;75;3552;58r;Paris_AN_JJ_inventaire_JJ70-JJ75.xml
JJ71;76;3553;58v;Paris_AN_JJ_inventaire_JJ70-JJ75.xml
JJ71;77;3554;58v;Paris_AN_JJ_inventaire_JJ70-JJ75.xml
JJ71;78;3555;59v;Paris_AN_JJ_inventaire_JJ70-JJ75.xml
JJ71;79;3556;60r;Paris_AN_JJ_inventaire_JJ70-JJ75.xml
JJ71;80;3557;62v;Paris_AN_JJ_inventaire_JJ70-JJ75.xml
JJ71;81;3558;63r;Paris_AN_JJ_inventaire_JJ70-JJ75.xml
JJ71;82;3559;63v;Paris_AN_JJ_inventaire_JJ70-JJ75.xml
JJ71;83;3560;64r;Paris_AN_JJ_inventaire_JJ70-JJ75.xml
JJ71;84;3561;64v;Paris_AN_JJ_inventaire_JJ70-JJ75.xml
JJ71;85;3562;65r;Paris_AN_JJ_inventaire_JJ70-JJ75.xml
JJ71;86;3563;65r;Paris_AN_JJ_inventaire_JJ70-JJ75.xml
JJ71;87;3564;65v;Paris_AN_JJ_inventaire_JJ70-JJ75.xml
JJ71;88;3565;66r;Paris_AN_JJ_inventaire_JJ70-JJ75.xml
JJ71;89;3566;66v;Paris_AN_JJ_inventaire_JJ70-JJ75.xml
JJ71;90;3567;67v;Paris_AN_JJ_inventaire_JJ70-JJ75.xml
JJ71;91;3568;68r;Paris_AN_JJ_inventaire_JJ70-JJ75.xml
JJ71;92;3569;68v;Paris_AN_JJ_inventaire_JJ70-JJ75.xml
JJ71;92bis;3570;71r;Paris_AN_JJ_inventaire_JJ70-JJ75.xml
JJ71;93;3571;71v;Paris_AN_JJ_inventaire_JJ70-JJ75.xml
JJ71;94;3572;72r;Paris_AN_JJ_inventaire_JJ70-JJ75.xml
JJ71;95;3573;72r;Paris_AN_JJ_inventaire_JJ70-JJ75.xml
JJ71;96;3574;74v;Paris_AN_JJ_inventaire_JJ70-JJ75.xml
JJ71;97;3575;74v;Paris_AN_JJ_inventaire_JJ70-JJ75.xml
JJ71;98;3576;75r;Paris_AN_JJ_inventaire_JJ70-JJ75.xml
JJ71;99;3577;75v;Paris_AN_JJ_inventaire_JJ70-JJ75.xml
JJ71;100;3578;76r;Paris_AN_JJ_inventaire_JJ70-JJ75.xml
JJ71;101;3579;76r;Paris_AN_JJ_inventaire_JJ70-JJ75.xml
JJ71;102;3580;77r;Paris_AN_JJ_inventaire_JJ70-JJ75.xml
JJ71;103;3581;77v;Paris_AN_JJ_inventaire_JJ70-JJ75.xml
JJ71;104;3582;80r;Paris_AN_JJ_inventaire_JJ70-JJ75.xml
JJ71;105;3583;81r;Paris_AN_JJ_inventaire_JJ70-JJ75.xml
JJ71;106;3584;81v;Paris_AN_JJ_inventaire_JJ70-JJ75.xml
JJ71;107;3585;82r;Paris_AN_JJ_inventaire_JJ70-JJ75.xml
JJ71;108;3586;82r;Paris_AN_JJ_inventaire_JJ70-JJ75.xml
JJ71;109;3587;85v;Paris_AN_JJ_inventaire_JJ70-JJ75.xml
JJ71;110;3588;89v;Paris_AN_JJ_inventaire_JJ70-JJ75.xml
JJ71;111;3589;89v;Paris_AN_JJ_inventaire_JJ70-JJ75.xml
JJ71;112;3590;90r;Paris_AN_JJ_inventaire_JJ70-JJ75.xml
JJ71;112bis;3591;90r;Paris_AN_JJ_inventaire_JJ70-JJ75.xml
JJ71;113;3592;90v;Paris_AN_JJ_inventaire_JJ70-JJ75.xml
JJ71;114;3593;90v;Paris_AN_JJ_inventaire_JJ70-JJ75.xml
JJ71;115;3594;91v;Paris_AN_JJ_inventaire_JJ70-JJ75.xml
JJ71;116;3595;92r;Paris_AN_JJ_inventaire_JJ70-JJ75.xml
JJ71;117;3596;92v;Paris_AN_JJ_inventaire_JJ70-JJ75.xml
JJ71;118;3597;92v;Paris_AN_JJ_inventaire_JJ70-JJ75.xml
JJ71;119;3598;93r;Paris_AN_JJ_inventaire_JJ70-JJ75.xml
JJ71;120;3599;95v;Paris_AN_JJ_inventaire_JJ70-JJ75.xml
JJ71;121;3600;97r;Paris_AN_JJ_inventaire_JJ70-JJ75.xml
JJ71;122;3601;97r;Paris_AN_JJ_inventaire_JJ70-JJ75.xml
JJ71;123;3602;97v;Paris_AN_JJ_inventaire_JJ70-JJ75.xml
JJ71;124;3603;97v;Paris_AN_JJ_inventaire_JJ70-JJ75.xml
JJ71;125;3604;97v;Paris_AN_JJ_inventaire_JJ70-JJ75.xml
JJ71;126;3605;99v;Paris_AN_JJ_inventaire_JJ70-JJ75.xml
JJ71;127;3606;100r;Paris_AN_JJ_inventaire_JJ70-JJ75.xml
JJ71;128;3607;100v;Paris_AN_JJ_inventaire_JJ70-JJ75.xml
JJ71;129;3608;102r;Paris_AN_JJ_inventaire_JJ70-JJ75.xml
JJ71;130;3609;103r;Paris_AN_JJ_inventaire_JJ70-JJ75.xml
JJ71;131;3610;104r;Paris_AN_JJ_inventaire_JJ70-JJ75.xml
JJ71;132;3611;104r;Paris_AN_JJ_inventaire_JJ70-JJ75.xml
JJ71;133;3612;104v;Paris_AN_JJ_inventaire_JJ70-JJ75.xml
JJ71;134;3613;105v;Paris_AN_JJ_inventaire_JJ70-JJ75.xml
JJ71;126;3614;106r;Paris_AN_JJ_inventaire_JJ70-JJ75.xml
JJ71;136;3615;106v;Paris_AN_JJ_inventaire_JJ70-JJ75.xml
JJ71;137;3616;107r;Paris_AN_JJ_inventaire_JJ70-JJ75.xml
JJ71;138;3617;107r;Paris_AN_JJ_inventaire_JJ70-JJ75.xml
JJ71;139;3618;107v;Paris_AN_JJ_inventaire_JJ70-JJ75.xml
JJ71;140;3619;107v;Paris_AN_JJ_inventaire_JJ70-JJ75.xml
JJ71;141;3620;108r;Paris_AN_JJ_inventaire_JJ70-JJ75.xml
JJ71;142;3621;108v;Paris_AN_JJ_inventaire_JJ70-JJ75.xml
JJ71;143;3622;109r;Paris_AN_JJ_inventaire_JJ70-JJ75.xml
JJ71;144;3623;109v;Paris_AN_JJ_inventaire_JJ70-JJ75.xml
JJ71;145;3624;110r;Paris_AN_JJ_inventaire_JJ70-JJ75.xml
JJ71;146;3625;110r;Paris_AN_JJ_inventaire_JJ70-JJ75.xml
JJ71;147;3626;110v;Paris_AN_JJ_inventaire_JJ70-JJ75.xml
JJ71;148;3627;110v;Paris_AN_JJ_inventaire_JJ70-JJ75.xml
JJ71;149;3628;111r;Paris_AN_JJ_inventaire_JJ70-JJ75.xml
JJ71;150;3629;111v;Paris_AN_JJ_inventaire_JJ70-JJ75.xml
JJ71;151;3630;113v;Paris_AN_JJ_inventaire_JJ70-JJ75.xml
JJ71;152;3631;113v;Paris_AN_JJ_inventaire_JJ70-JJ75.xml
JJ71;153;3632;114r;Paris_AN_JJ_inventaire_JJ70-JJ75.xml
JJ71;154;3633;114v;Paris_AN_JJ_inventaire_JJ70-JJ75.xml
JJ71;155;3634;116r;Paris_AN_JJ_inventaire_JJ70-JJ75.xml
JJ71;156;3635;116v;Paris_AN_JJ_inventaire_JJ70-JJ75.xml
JJ71;157;3636;116v;Paris_AN_JJ_inventaire_JJ70-JJ75.xml
JJ71;158;3637;117r;Paris_AN_JJ_inventaire_JJ70-JJ75.xml
JJ71;159;3638;117r;Paris_AN_JJ_inventaire_JJ70-JJ75.xml
JJ71;160;3639;117v;Paris_AN_JJ_inventaire_JJ70-JJ75.xml
JJ71;161;3640;118r;Paris_AN_JJ_inventaire_JJ70-JJ75.xml
JJ71;162;3641;118v;Paris_AN_JJ_inventaire_JJ70-JJ75.xml
JJ71;163;3642;119r;Paris_AN_JJ_inventaire_JJ70-JJ75.xml
JJ71;164;3643;119v;Paris_AN_JJ_inventaire_JJ70-JJ75.xml
JJ71;165;3644;119v;Paris_AN_JJ_inventaire_JJ70-JJ75.xml
JJ71;166;3645;121r;Paris_AN_JJ_inventaire_JJ70-JJ75.xml
JJ71;167;3646;121r;Paris_AN_JJ_inventaire_JJ70-JJ75.xml
JJ71;168;3647;121v;Paris_AN_JJ_inventaire_JJ70-JJ75.xml
JJ71;169;3648;121v;Paris_AN_JJ_inventaire_JJ70-JJ75.xml
JJ71;170;3649;122r;Paris_AN_JJ_inventaire_JJ70-JJ75.xml
JJ71;171;3650;122v;Paris_AN_JJ_inventaire_JJ70-JJ75.xml
JJ71;172;3651;123v;Paris_AN_JJ_inventaire_JJ70-JJ75.xml
JJ71;173;3652;123v;Paris_AN_JJ_inventaire_JJ70-JJ75.xml
JJ71;174;3653;125r;Paris_AN_JJ_inventaire_JJ70-JJ75.xml
JJ71;175;3654;126r;Paris_AN_JJ_inventaire_JJ70-JJ75.xml
JJ71;176;3655;126r;Paris_AN_JJ_inventaire_JJ70-JJ75.xml
JJ71;177;3656;126r;Paris_AN_JJ_inventaire_JJ70-JJ75.xml
JJ71;178;3657;126v;Paris_AN_JJ_inventaire_JJ70-JJ75.xml
JJ71;179;3658;127r;Paris_AN_JJ_inventaire_JJ70-JJ75.xml
JJ71;180;3659;129v;Paris_AN_JJ_inventaire_JJ70-JJ75.xml
JJ71;181;3660;130v;Paris_AN_JJ_inventaire_JJ70-JJ75.xml
JJ71;182;3661;132r;Paris_AN_JJ_inventaire_JJ70-JJ75.xml
JJ71;183;3662;135r;Paris_AN_JJ_inventaire_JJ70-JJ75.xml
JJ71;184;3663;135v;Paris_AN_JJ_inventaire_JJ70-JJ75.xml
JJ71;184bis;3664;137r;Paris_AN_JJ_inventaire_JJ70-JJ75.xml
JJ71;185;3665;137v;Paris_AN_JJ_inventaire_JJ70-JJ75.xml
JJ71;186;3666;137v;Paris_AN_JJ_inventaire_JJ70-JJ75.xml
JJ71;187;3667;137v;Paris_AN_JJ_inventaire_JJ70-JJ75.xml
JJ71;188;3668;138r;Paris_AN_JJ_inventaire_JJ70-JJ75.xml
JJ71;189;3669;139v;Paris_AN_JJ_inventaire_JJ70-JJ75.xml
JJ71;190;3670;140r;Paris_AN_JJ_inventaire_JJ70-JJ75.xml
JJ71;191;3671;140r;Paris_AN_JJ_inventaire_JJ70-JJ75.xml
JJ71;192;3672;140r;Paris_AN_JJ_inventaire_JJ70-JJ75.xml
JJ71;193;3673;140v;Paris_AN_JJ_inventaire_JJ70-JJ75.xml
JJ71;194;3674;140v;Paris_AN_JJ_inventaire_JJ70-JJ75.xml
JJ71;195;3675;140v;Paris_AN_JJ_inventaire_JJ70-JJ75.xml
JJ71;196;3676;141r;Paris_AN_JJ_inventaire_JJ70-JJ75.xml
JJ71;197;3677;141r;Paris_AN_JJ_inventaire_JJ70-JJ75.xml
JJ71;198;3678;141v;Paris_AN_JJ_inventaire_JJ70-JJ75.xml
JJ71;199;3679;142r;Paris_AN_JJ_inventaire_JJ70-JJ75.xml
JJ71;200;3680;142v;Paris_AN_JJ_inventaire_JJ70-JJ75.xml
JJ71;201;3681;142v;Paris_AN_JJ_inventaire_JJ70-JJ75.xml
JJ71;202;3682;143r;Paris_AN_JJ_inventaire_JJ70-JJ75.xml
JJ71;203;3683;143r;Paris_AN_JJ_inventaire_JJ70-JJ75.xml
JJ71;204;3684;143v;Paris_AN_JJ_inventaire_JJ70-JJ75.xml
JJ71;205;3685;144v;Paris_AN_JJ_inventaire_JJ70-JJ75.xml
JJ71;206;3686;145r;Paris_AN_JJ_inventaire_JJ70-JJ75.xml
JJ71;207;3687;145v;Paris_AN_JJ_inventaire_JJ70-JJ75.xml
JJ71;208;3688;145v;Paris_AN_JJ_inventaire_JJ70-JJ75.xml
JJ71;209;3689;146r;Paris_AN_JJ_inventaire_JJ70-JJ75.xml
JJ71;210;3690;147v;Paris_AN_JJ_inventaire_JJ70-JJ75.xml
JJ71;211;3691;147v;Paris_AN_JJ_inventaire_JJ70-JJ75.xml
JJ71;212;3692;148r;Paris_AN_JJ_inventaire_JJ70-JJ75.xml
JJ71;213;3693;148v;Paris_AN_JJ_inventaire_JJ70-JJ75.xml
JJ71;214;3694;148v;Paris_AN_JJ_inventaire_JJ70-JJ75.xml
JJ71;215;3695;148v;Paris_AN_JJ_inventaire_JJ70-JJ75.xml
JJ71;216;3696;149r;Paris_AN_JJ_inventaire_JJ70-JJ75.xml
JJ71;217;3697;154r;Paris_AN_JJ_inventaire_JJ70-JJ75.xml
JJ71;218;3698;154v;Paris_AN_JJ_inventaire_JJ70-JJ75.xml
JJ71;219;3699;154v;Paris_AN_JJ_inventaire_JJ70-JJ75.xml
JJ71;220;3700;155r;Paris_AN_JJ_inventaire_JJ70-JJ75.xml
JJ71;221;3701;155r;Paris_AN_JJ_inventaire_JJ70-JJ75.xml
JJ71;222;3702;155v;Paris_AN_JJ_inventaire_JJ70-JJ75.xml
JJ71;223;3703;156v;Paris_AN_JJ_inventaire_JJ70-JJ75.xml
JJ71;224;370;156v;Paris_AN_JJ_inventaire_JJ70-JJ75.xml
JJ71;225;3705;157r;Paris_AN_JJ_inventaire_JJ70-JJ75.xml
JJ71;226;3706;157r;Paris_AN_JJ_inventaire_JJ70-JJ75.xml
JJ71;227;3707;157v;Paris_AN_JJ_inventaire_JJ70-JJ75.xml
JJ71;228;3708;157v;Paris_AN_JJ_inventaire_JJ70-JJ75.xml
JJ71;229;3709;158r;Paris_AN_JJ_inventaire_JJ70-JJ75.xml
JJ71;230;3710;158r;Paris_AN_JJ_inventaire_JJ70-JJ75.xml
JJ71;231;3711;158v;Paris_AN_JJ_inventaire_JJ70-JJ75.xml
JJ71;232;3712;158v;Paris_AN_JJ_inventaire_JJ70-JJ75.xml
JJ71;233;3713;159r;Paris_AN_JJ_inventaire_JJ70-JJ75.xml
JJ71;234;3714;159r;Paris_AN_JJ_inventaire_JJ70-JJ75.xml
JJ71;235;3715;159v;Paris_AN_JJ_inventaire_JJ70-JJ75.xml
JJ71;236;3716;160r;Paris_AN_JJ_inventaire_JJ70-JJ75.xml
JJ71;237;3717;160r;Paris_AN_JJ_inventaire_JJ70-JJ75.xml
JJ71;238;3718;161r;Paris_AN_JJ_inventaire_JJ70-JJ75.xml
JJ71;239;3719;161r;Paris_AN_JJ_inventaire_JJ70-JJ75.xml
JJ71;240;3720;162r;Paris_AN_JJ_inventaire_JJ70-JJ75.xml
JJ71;241;3721;162r;Paris_AN_JJ_inventaire_JJ70-JJ75.xml
JJ71;242;3722;162v;Paris_AN_JJ_inventaire_JJ70-JJ75.xml
JJ71;243;3723;163r;Paris_AN_JJ_inventaire_JJ70-JJ75.xml
JJ71;244;3724;163r;Paris_AN_JJ_inventaire_JJ70-JJ75.xml
JJ71;245;3725;164r;Paris_AN_JJ_inventaire_JJ70-JJ75.xml
JJ71;246;3726;165r;Paris_AN_JJ_inventaire_JJ70-JJ75.xml
JJ71;247;3727;165v;Paris_AN_JJ_inventaire_JJ70-JJ75.xml
JJ71;248;3728;166r;Paris_AN_JJ_inventaire_JJ70-JJ75.xml
JJ71;249;3729;167r;Paris_AN_JJ_inventaire_JJ70-JJ75.xml
JJ71;250;3730;167v;Paris_AN_JJ_inventaire_JJ70-JJ75.xml
JJ71;251;3731;169r;Paris_AN_JJ_inventaire_JJ70-JJ75.xml
JJ71;252;3732;170r;Paris_AN_JJ_inventaire_JJ70-JJ75.xml
JJ71;253;3733;170v;Paris_AN_JJ_inventaire_JJ70-JJ75.xml
JJ71;254;3734;172r;Paris_AN_JJ_inventaire_JJ70-JJ75.xml
JJ71;255;3735;173r;Paris_AN_JJ_inventaire_JJ70-JJ75.xml
JJ71;256;3736;173v;Paris_AN_JJ_inventaire_JJ70-JJ75.xml
JJ71;257;3737;174r;Paris_AN_JJ_inventaire_JJ70-JJ75.xml
JJ71;258;3738;175r;Paris_AN_JJ_inventaire_JJ70-JJ75.xml
JJ71;259;3739;177r;Paris_AN_JJ_inventaire_JJ70-JJ75.xml
JJ71;260;3740;177v;Paris_AN_JJ_inventaire_JJ70-JJ75.xml
JJ71;261;3741;178r;Paris_AN_JJ_inventaire_JJ70-JJ75.xml
JJ71;262;3742;178r;Paris_AN_JJ_inventaire_JJ70-JJ75.xml
JJ71;263;3743;178v;Paris_AN_JJ_inventaire_JJ70-JJ75.xml
JJ71;264;3744;178v;Paris_AN_JJ_inventaire_JJ70-JJ75.xml
JJ71;265;3745;179r;Paris_AN_JJ_inventaire_JJ70-JJ75.xml
JJ71;266;3746;179r;Paris_AN_JJ_inventaire_JJ70-JJ75.xml
JJ71;267;3747;180v;Paris_AN_JJ_inventaire_JJ70-JJ75.xml
JJ71;368;3748;181r;Paris_AN_JJ_inventaire_JJ70-JJ75.xml
JJ71;269;3749;182r;Paris_AN_JJ_inventaire_JJ70-JJ75.xml
JJ71;270;3750;182v;Paris_AN_JJ_inventaire_JJ70-JJ75.xml
JJ71;271;3751;182v;Paris_AN_JJ_inventaire_JJ70-JJ75.xml
JJ71;272;3752;182v;Paris_AN_JJ_inventaire_JJ70-JJ75.xml
JJ71;273;3753;183r;Paris_AN_JJ_inventaire_JJ70-JJ75.xml
JJ71;274;3754;183r;Paris_AN_JJ_inventaire_JJ70-JJ75.xml
JJ71;275;3755;183r;Paris_AN_JJ_inventaire_JJ70-JJ75.xml
JJ71;276;3756;183v;Paris_AN_JJ_inventaire_JJ70-JJ75.xml
JJ71;277;3757;184r;Paris_AN_JJ_inventaire_JJ70-JJ75.xml
JJ71;278;3758;185v;Paris_AN_JJ_inventaire_JJ70-JJ75.xml
JJ71;279;3759;186v;Paris_AN_JJ_inventaire_JJ70-JJ75.xml
JJ71;280;3760;187v;Paris_AN_JJ_inventaire_JJ70-JJ75.xml
JJ71;281;3761;188r;Paris_AN_JJ_inventaire_JJ70-JJ75.xml
JJ71;282;3762;188r;Paris_AN_JJ_inventaire_JJ70-JJ75.xml
JJ71;283;3763;188v;Paris_AN_JJ_inventaire_JJ70-JJ75.xml
JJ71;284;3764;189r;Paris_AN_JJ_inventaire_JJ70-JJ75.xml
JJ71;285;3765;189r;Paris_AN_JJ_inventaire_JJ70-JJ75.xml
JJ71;286;3766;189v;Paris_AN_JJ_inventaire_JJ70-JJ75.xml
JJ71;287;3767;190r;Paris_AN_JJ_inventaire_JJ70-JJ75.xml
JJ71;288;3768;190v;Paris_AN_JJ_inventaire_JJ70-JJ75.xml
JJ71;289;3769;191r;Paris_AN_JJ_inventaire_JJ70-JJ75.xml
JJ71;290;3770;191v;Paris_AN_JJ_inventaire_JJ70-JJ75.xml
JJ71;291;3771;192r;Paris_AN_JJ_inventaire_JJ70-JJ75.xml
JJ71;292;3772;192v;Paris_AN_JJ_inventaire_JJ70-JJ75.xml
JJ71;293;3773;193r;Paris_AN_JJ_inventaire_JJ70-JJ75.xml
JJ71;294;3774;199v;Paris_AN_JJ_inventaire_JJ70-JJ75.xml
JJ71;295;3775;201r;Paris_AN_JJ_inventaire_JJ70-JJ75.xml
JJ71;295bis;3776;202r;Paris_AN_JJ_inventaire_JJ70-JJ75.xml
JJ71;296;3777;203v;Paris_AN_JJ_inventaire_JJ70-JJ75.xml
JJ71;297;3778;208v;Paris_AN_JJ_inventaire_JJ70-JJ75.xml
JJ71;298;3779;210v;Paris_AN_JJ_inventaire_JJ70-JJ75.xml
JJ71;299;3780;211r;Paris_AN_JJ_inventaire_JJ70-JJ75.xml
JJ71;300;3781;212v;Paris_AN_JJ_inventaire_JJ70-JJ75.xml
JJ71;301;3782;213r;Paris_AN_JJ_inventaire_JJ70-JJ75.xml
JJ71;302;3783;215r;Paris_AN_JJ_inventaire_JJ70-JJ75.xml
JJ71;303;3784;215r;Paris_AN_JJ_inventaire_JJ70-JJ75.xml
JJ71;304;3785;216v;Paris_AN_JJ_inventaire_JJ70-JJ75.xml
JJ71;305;3786;217r;Paris_AN_JJ_inventaire_JJ70-JJ75.xml
JJ71;306;3787;218v;Paris_AN_JJ_inventaire_JJ70-JJ75.xml
JJ71;307;3788;219r;Paris_AN_JJ_inventaire_JJ70-JJ75.xml
JJ71;308;3789;219v;Paris_AN_JJ_inventaire_JJ70-JJ75.xml
JJ71;309;3790;220v;Paris_AN_JJ_inventaire_JJ70-JJ75.xml
JJ71;310;3791;221r;Paris_AN_JJ_inventaire_JJ70-JJ75.xml
JJ71;311;3792;221r;Paris_AN_JJ_inventaire_JJ70-JJ75.xml
JJ71;312;3793;221v;Paris_AN_JJ_inventaire_JJ70-JJ75.xml
JJ71;313;3794;222r;Paris_AN_JJ_inventaire_JJ70-JJ75.xml
JJ71;314;3795;222r;Paris_AN_JJ_inventaire_JJ70-JJ75.xml
JJ71;315;3796;222r;Paris_AN_JJ_inventaire_JJ70-JJ75.xml
JJ71;316;3797;222v;Paris_AN_JJ_inventaire_JJ70-JJ75.xml
JJ71;317;3798;223r;Paris_AN_JJ_inventaire_JJ70-JJ75.xml
JJ71;318;3799;224r;Paris_AN_JJ_inventaire_JJ70-JJ75.xml
JJ71;319;3800;224r;Paris_AN_JJ_inventaire_JJ70-JJ75.xml
JJ71;320;3801;225v;Paris_AN_JJ_inventaire_JJ70-JJ75.xml
JJ71;321;3802;226r;Paris_AN_JJ_inventaire_JJ70-JJ75.xml
JJ71;322;3803;226r;Paris_AN_JJ_inventaire_JJ70-JJ75.xml
JJ71;323;3804;226r;Paris_AN_JJ_inventaire_JJ70-JJ75.xml
JJ71;324;3805;226v;Paris_AN_JJ_inventaire_JJ70-JJ75.xml
JJ71;325;3806;227v;Paris_AN_JJ_inventaire_JJ70-JJ75.xml
JJ71;326;3807;228r;Paris_AN_JJ_inventaire_JJ70-JJ75.xml
JJ71;327;3808;228v;Paris_AN_JJ_inventaire_JJ70-JJ75.xml
JJ71;328;3809;229r;Paris_AN_JJ_inventaire_JJ70-JJ75.xml
JJ71;329;3810;230r;Paris_AN_JJ_inventaire_JJ70-JJ75.xml
JJ71;330;3811;230r;Paris_AN_JJ_inventaire_JJ70-JJ75.xml
JJ71;331;3812;230r;Paris_AN_JJ_inventaire_JJ70-JJ75.xml
JJ71;332;3813;230r;Paris_AN_JJ_inventaire_JJ70-JJ75.xml
JJ71;333;3814;230v;Paris_AN_JJ_inventaire_JJ70-JJ75.xml
JJ71;334;3815;230v;Paris_AN_JJ_inventaire_JJ70-JJ75.xml
JJ71;335;3816;232r;Paris_AN_JJ_inventaire_JJ70-JJ75.xml
JJ71;336;3817;232r;Paris_AN_JJ_inventaire_JJ70-JJ75.xml
JJ71;337;3818;232v;Paris_AN_JJ_inventaire_JJ70-JJ75.xml
JJ71;338;3819;233r;Paris_AN_JJ_inventaire_JJ70-JJ75.xml
JJ71;339;3820;233v;Paris_AN_JJ_inventaire_JJ70-JJ75.xml
JJ71;340;3821;233v;Paris_AN_JJ_inventaire_JJ70-JJ75.xml
JJ71;341;3822;234r;Paris_AN_JJ_inventaire_JJ70-JJ75.xml
JJ71;342;3823;234r;Paris_AN_JJ_inventaire_JJ70-JJ75.xml
JJ71;343;3824;234r;Paris_AN_JJ_inventaire_JJ70-JJ75.xml
JJ71;344;3825;234v;Paris_AN_JJ_inventaire_JJ70-JJ75.xml
JJ71;345;3826;234v;Paris_AN_JJ_inventaire_JJ70-JJ75.xml
JJ71;346;3827;235r;Paris_AN_JJ_inventaire_JJ70-JJ75.xml
JJ71;347;3828;235r;Paris_AN_JJ_inventaire_JJ70-JJ75.xml
JJ71;348;3829;236r;Paris_AN_JJ_inventaire_JJ70-JJ75.xml
JJ71;349;3830;236v;Paris_AN_JJ_inventaire_JJ70-JJ75.xml
JJ71;350;3831;237v;Paris_AN_JJ_inventaire_JJ70-JJ75.xml
JJ71;351;3832;238r;Paris_AN_JJ_inventaire_JJ70-JJ75.xml
JJ71;352;3833;238v;Paris_AN_JJ_inventaire_JJ70-JJ75.xml
JJ71;353;3834;239r;Paris_AN_JJ_inventaire_JJ70-JJ75.xml
JJ71;354;3835;239v;Paris_AN_JJ_inventaire_JJ70-JJ75.xml
JJ71;355;3836;240r;Paris_AN_JJ_inventaire_JJ70-JJ75.xml
JJ71;356;3837;240v;Paris_AN_JJ_inventaire_JJ70-JJ75.xml
JJ71;357;3838;241r;Paris_AN_JJ_inventaire_JJ70-JJ75.xml
JJ71;358;3839;241v;Paris_AN_JJ_inventaire_JJ70-JJ75.xml
JJ71;359;3840;241v;Paris_AN_JJ_inventaire_JJ70-JJ75.xml
JJ71;360;3841;242r;Paris_AN_JJ_inventaire_JJ70-JJ75.xml
JJ71;361;3842;243r;Paris_AN_JJ_inventaire_JJ70-JJ75.xml
JJ71;362;3843;245r;Paris_AN_JJ_inventaire_JJ70-JJ75.xml
JJ71;363;3844;245v;Paris_AN_JJ_inventaire_JJ70-JJ75.xml
JJ71;364;3845;245v;Paris_AN_JJ_inventaire_JJ70-JJ75.xml
JJ71;365;3846;246r;Paris_AN_JJ_inventaire_JJ70-JJ75.xml
JJ71;366;3847;247v;Paris_AN_JJ_inventaire_JJ70-JJ75.xml
JJ71;367;3848;247v;Paris_AN_JJ_inventaire_JJ70-JJ75.xml
JJ71;368;3849;249r;Paris_AN_JJ_inventaire_JJ70-JJ75.xml
JJ71;369;3850;251r;Paris_AN_JJ_inventaire_JJ70-JJ75.xml
JJ71;370;3851;251r;Paris_AN_JJ_inventaire_JJ70-JJ75.xml
JJ71;371;3852;251v;Paris_AN_JJ_inventaire_JJ70-JJ75.xml
JJ71;372;3853;252r;Paris_AN_JJ_inventaire_JJ70-JJ75.xml
JJ71;373;3854;252r;Paris_AN_JJ_inventaire_JJ70-JJ75.xml
JJ71;374;3855;252v;Paris_AN_JJ_inventaire_JJ70-JJ75.xml
JJ71;375;3856;252v;Paris_AN_JJ_inventaire_JJ70-JJ75.xml
JJ71;376;3857;253r;Paris_AN_JJ_inventaire_JJ70-JJ75.xml
JJ71;377;3858;254r;Paris_AN_JJ_inventaire_JJ70-JJ75.xml
JJ71;378;3859;255r;Paris_AN_JJ_inventaire_JJ70-JJ75.xml
JJ71;379;3860;255v;Paris_AN_JJ_inventaire_JJ70-JJ75.xml
JJ71;380;3861;255v;Paris_AN_JJ_inventaire_JJ70-JJ75.xml
JJ71;381;3862;256r;Paris_AN_JJ_inventaire_JJ70-JJ75.xml
JJ71;382;3863;256v;Paris_AN_JJ_inventaire_JJ70-JJ75.xml
JJ71;383;3864;257r;Paris_AN_JJ_inventaire_JJ70-JJ75.xml
JJ71;384;3865;258r;Paris_AN_JJ_inventaire_JJ70-JJ75.xml
JJ71;385;3866;258v;Paris_AN_JJ_inventaire_JJ70-JJ75.xml
JJ71;386;3867;259r;Paris_AN_JJ_inventaire_JJ70-JJ75.xml
JJ71;387;3868;259r;Paris_AN_JJ_inventaire_JJ70-JJ75.xml
JJ71;388;3869;260v;Paris_AN_JJ_inventaire_JJ70-JJ75.xml
JJ71;389;3870;261r;Paris_AN_JJ_inventaire_JJ70-JJ75.xml
JJ71;390;3871;261v;Paris_AN_JJ_inventaire_JJ70-JJ75.xml
JJ71;391;3872;262r;Paris_AN_JJ_inventaire_JJ70-JJ75.xml
JJ71;392;3873;262v;Paris_AN_JJ_inventaire_JJ70-JJ75.xml
JJ71;393;3874;262v;Paris_AN_JJ_inventaire_JJ70-JJ75.xml
JJ71;394;3875;263r;Paris_AN_JJ_inventaire_JJ70-JJ75.xml
JJ71;395;3876;263v;Paris_AN_JJ_inventaire_JJ70-JJ75.xml
JJ71;396;3877;267r;Paris_AN_JJ_inventaire_JJ70-JJ75.xml
JJ71;397;3878;274r;Paris_AN_JJ_inventaire_JJ70-JJ75.xml
JJ71;398;3879;274v;Paris_AN_JJ_inventaire_JJ70-JJ75.xml
JJ71;399;3880;278r;Paris_AN_JJ_inventaire_JJ70-JJ75.xml
JJ71;400;3881;279r;Paris_AN_JJ_inventaire_JJ70-JJ75.xml
JJ71;401;3882;288r;Paris_AN_JJ_inventaire_JJ70-JJ75.xml
JJ71;402;3883;290r;Paris_AN_JJ_inventaire_JJ70-JJ75.xml
JJ71;403;3884;290r;Paris_AN_JJ_inventaire_JJ70-JJ75.xml
JJ71;404;3885;290v;Paris_AN_JJ_inventaire_JJ70-JJ75.xml
JJ71;405;3886;291r;Paris_AN_JJ_inventaire_JJ70-JJ75.xml
JJ71;406;3887;291v;Paris_AN_JJ_inventaire_JJ70-JJ75.xml
JJ71;407;3888;292r;Paris_AN_JJ_inventaire_JJ70-JJ75.xml
JJ71;408;3889;292v;Paris_AN_JJ_inventaire_JJ70-JJ75.xml
JJ71;409;3890;293v;Paris_AN_JJ_inventaire_JJ70-JJ75.xml
JJ71;410;3891;294r;Paris_AN_JJ_inventaire_JJ70-JJ75.xml
JJ71;411;3892;294r;Paris_AN_JJ_inventaire_JJ70-JJ75.xml
JJ71;412;3893;294v;Paris_AN_JJ_inventaire_JJ70-JJ75.xml
JJ71;413;3894;294v;Paris_AN_JJ_inventaire_JJ70-JJ75.xml
JJ71;414;3895;295r;Paris_AN_JJ_inventaire_JJ70-JJ75.xml
JJ71;415;3896;295v;Paris_AN_JJ_inventaire_JJ70-JJ75.xml
JJ71;416;3897;295v;Paris_AN_JJ_inventaire_JJ70-JJ75.xml
JJ71;417;3898;296v;Paris_AN_JJ_inventaire_JJ70-JJ75.xml
JJ71;418;3899;298v;Paris_AN_JJ_inventaire_JJ70-JJ75.xml
JJ71;419;3900;299r;Paris_AN_JJ_inventaire_JJ70-JJ75.xml
JJ71;420;3901;303r;Paris_AN_JJ_inventaire_JJ70-JJ75.xml
JJ71;421;3902;303v;Paris_AN_JJ_inventaire_JJ70-JJ75.xml
JJ71;422;3903;304r;Paris_AN_JJ_inventaire_JJ70-JJ75.xml
JJ71;423;3904;305r;Paris_AN_JJ_inventaire_JJ70-JJ75.xml
JJ71;424;3905;305r;Paris_AN_JJ_inventaire_JJ70-JJ75.xml
JJ71;425;3906;305r;Paris_AN_JJ_inventaire_JJ70-JJ75.xml
JJ71;426;3907;307v;Paris_AN_JJ_inventaire_JJ70-JJ75.xml
JJ71;427;3908;308r;Paris_AN_JJ_inventaire_JJ70-JJ75.xml
JJ72;1;3909;1r;Paris_AN_JJ_inventaire_JJ70-JJ75.xml
JJ72;2;3910;1r;Paris_AN_JJ_inventaire_JJ70-JJ75.xml
JJ72;3;3911;1v;Paris_AN_JJ_inventaire_JJ70-JJ75.xml
JJ72;4;3912;1v;Paris_AN_JJ_inventaire_JJ70-JJ75.xml
JJ72;5;3913;4v;Paris_AN_JJ_inventaire_JJ70-JJ75.xml
JJ72;6;3914;5etfol368;Paris_AN_JJ_inventaire_JJ70-JJ75.xml
JJ72;7;3915;13r;Paris_AN_JJ_inventaire_JJ70-JJ75.xml
JJ72;8;3916;13v;Paris_AN_JJ_inventaire_JJ70-JJ75.xml
JJ72;9;3917;14r;Paris_AN_JJ_inventaire_JJ70-JJ75.xml
JJ72;10;3918;14r;Paris_AN_JJ_inventaire_JJ70-JJ75.xml
JJ72;11;3919;14v;Paris_AN_JJ_inventaire_JJ70-JJ75.xml
JJ72;12;3920;15r;Paris_AN_JJ_inventaire_JJ70-JJ75.xml
JJ72;13;3921;15r;Paris_AN_JJ_inventaire_JJ70-JJ75.xml
JJ72;14;3922;15v;Paris_AN_JJ_inventaire_JJ70-JJ75.xml
JJ72;15;3923;15v;Paris_AN_JJ_inventaire_JJ70-JJ75.xml
JJ72;16;3924;16v;Paris_AN_JJ_inventaire_JJ70-JJ75.xml
JJ72;17;3925;16v;Paris_AN_JJ_inventaire_JJ70-JJ75.xml
JJ72;18;3926;17r;Paris_AN_JJ_inventaire_JJ70-JJ75.xml
JJ72;19;3927;18v;Paris_AN_JJ_inventaire_JJ70-JJ75.xml
JJ72;20;3928;18v;Paris_AN_JJ_inventaire_JJ70-JJ75.xml
JJ72;21;3929;19r;Paris_AN_JJ_inventaire_JJ70-JJ75.xml
JJ72;22;3930;19r;Paris_AN_JJ_inventaire_JJ70-JJ75.xml
JJ72;23;3931;21r;Paris_AN_JJ_inventaire_JJ70-JJ75.xml
JJ72;24;3932;25r;Paris_AN_JJ_inventaire_JJ70-JJ75.xml
JJ72;25;3933;25r;Paris_AN_JJ_inventaire_JJ70-JJ75.xml
JJ72;26;3934;26r;Paris_AN_JJ_inventaire_JJ70-JJ75.xml
JJ72;27;3935;27r;Paris_AN_JJ_inventaire_JJ70-JJ75.xml
JJ72;28;3936;28r;Paris_AN_JJ_inventaire_JJ70-JJ75.xml
JJ72;29;3937;31vet33;Paris_AN_JJ_inventaire_JJ70-JJ75.xml
JJ72;30;3938;32r;Paris_AN_JJ_inventaire_JJ70-JJ75.xml
JJ72;31;3939;34r;Paris_AN_JJ_inventaire_JJ70-JJ75.xml
JJ72;32;3940;34v;Paris_AN_JJ_inventaire_JJ70-JJ75.xml
JJ72;33;3941;35r;Paris_AN_JJ_inventaire_JJ70-JJ75.xml
JJ72;34;3942;36r;Paris_AN_JJ_inventaire_JJ70-JJ75.xml
JJ72;35;3943;36v;Paris_AN_JJ_inventaire_JJ70-JJ75.xml
JJ72;36;3944;36v;Paris_AN_JJ_inventaire_JJ70-JJ75.xml
JJ72;37;3945;37r;Paris_AN_JJ_inventaire_JJ70-JJ75.xml
JJ72;38;3946;39r;Paris_AN_JJ_inventaire_JJ70-JJ75.xml
JJ72;39;3947;39r;Paris_AN_JJ_inventaire_JJ70-JJ75.xml
JJ72;40;3948;42v;Paris_AN_JJ_inventaire_JJ70-JJ75.xml
JJ72;41;3949;45r;Paris_AN_JJ_inventaire_JJ70-JJ75.xml
JJ72;42;3950;45v;Paris_AN_JJ_inventaire_JJ70-JJ75.xml
JJ72;43;3951;46r;Paris_AN_JJ_inventaire_JJ70-JJ75.xml
JJ72;44;3952;47v;Paris_AN_JJ_inventaire_JJ70-JJ75.xml
JJ72;45;3953;48r;Paris_AN_JJ_inventaire_JJ70-JJ75.xml
JJ72;46;3954;49r;Paris_AN_JJ_inventaire_JJ70-JJ75.xml
JJ72;47;3955;49r;Paris_AN_JJ_inventaire_JJ70-JJ75.xml
JJ72;48;3956;49v;Paris_AN_JJ_inventaire_JJ70-JJ75.xml
JJ72;49;3957;50r;Paris_AN_JJ_inventaire_JJ70-JJ75.xml
JJ72;50;3958;50v;Paris_AN_JJ_inventaire_JJ70-JJ75.xml
JJ72;51;3959;51r;Paris_AN_JJ_inventaire_JJ70-JJ75.xml
JJ72;52;3960;51v;Paris_AN_JJ_inventaire_JJ70-JJ75.xml
JJ72;53;3961;52r;Paris_AN_JJ_inventaire_JJ70-JJ75.xml
JJ72;54;3962;52v;Paris_AN_JJ_inventaire_JJ70-JJ75.xml
JJ72;55;3963;53r;Paris_AN_JJ_inventaire_JJ70-JJ75.xml
JJ72;56;3964;54r;Paris_AN_JJ_inventaire_JJ70-JJ75.xml
JJ72;57;3965;56r;Paris_AN_JJ_inventaire_JJ70-JJ75.xml
JJ72;58;3966;57v;Paris_AN_JJ_inventaire_JJ70-JJ75.xml
JJ72;59;3967;57v;Paris_AN_JJ_inventaire_JJ70-JJ75.xml
JJ72;60;3968;58r;Paris_AN_JJ_inventaire_JJ70-JJ75.xml
JJ72;61;3969;58r;Paris_AN_JJ_inventaire_JJ70-JJ75.xml
JJ72;62;3970;58v;Paris_AN_JJ_inventaire_JJ70-JJ75.xml
JJ72;63;3971;58v;Paris_AN_JJ_inventaire_JJ70-JJ75.xml
JJ72;64;3972;59r;Paris_AN_JJ_inventaire_JJ70-JJ75.xml
JJ72;65;3973;59r;Paris_AN_JJ_inventaire_JJ70-JJ75.xml
JJ72;66;3974;59v;Paris_AN_JJ_inventaire_JJ70-JJ75.xml
JJ72;67;3975;59v;Paris_AN_JJ_inventaire_JJ70-JJ75.xml
JJ72;68;3976;60v;Paris_AN_JJ_inventaire_JJ70-JJ75.xml
JJ72;69;3977;60v;Paris_AN_JJ_inventaire_JJ70-JJ75.xml
JJ72;70;3978;60v;Paris_AN_JJ_inventaire_JJ70-JJ75.xml
JJ72;71;3979;61r;Paris_AN_JJ_inventaire_JJ70-JJ75.xml
JJ72;72;3980;61v;Paris_AN_JJ_inventaire_JJ70-JJ75.xml
JJ72;73;3981;61v;Paris_AN_JJ_inventaire_JJ70-JJ75.xml
JJ72;74;3982;62r;Paris_AN_JJ_inventaire_JJ70-JJ75.xml
JJ72;75;3983;62r;Paris_AN_JJ_inventaire_JJ70-JJ75.xml
JJ72;76;3984;62r;Paris_AN_JJ_inventaire_JJ70-JJ75.xml
JJ72;77;3985;62v;Paris_AN_JJ_inventaire_JJ70-JJ75.xml
JJ72;78;3986;64v;Paris_AN_JJ_inventaire_JJ70-JJ75.xml
JJ72;79;3987;65r;Paris_AN_JJ_inventaire_JJ70-JJ75.xml
JJ72;80;3988;65v;Paris_AN_JJ_inventaire_JJ70-JJ75.xml
JJ72;81;3989;66r;Paris_AN_JJ_inventaire_JJ70-JJ75.xml
JJ72;82;3990;66r;Paris_AN_JJ_inventaire_JJ70-JJ75.xml
JJ72;83;3991;67r;Paris_AN_JJ_inventaire_JJ70-JJ75.xml
JJ72;84;3992;67v;Paris_AN_JJ_inventaire_JJ70-JJ75.xml
JJ72;85;3993;67v;Paris_AN_JJ_inventaire_JJ70-JJ75.xml
JJ72;86;3994;68r;Paris_AN_JJ_inventaire_JJ70-JJ75.xml
JJ72;87;3995;68v;Paris_AN_JJ_inventaire_JJ70-JJ75.xml
JJ72;88;3996;68v;Paris_AN_JJ_inventaire_JJ70-JJ75.xml
JJ72;89;3997;69r;Paris_AN_JJ_inventaire_JJ70-JJ75.xml
JJ72;90;3998;69v;Paris_AN_JJ_inventaire_JJ70-JJ75.xml
JJ72;91;3999;70r;Paris_AN_JJ_inventaire_JJ70-JJ75.xml
JJ72;92;4000;71r;Paris_AN_JJ_inventaire_JJ70-JJ75.xml
JJ72;93;4001;72r;Paris_AN_JJ_inventaire_JJ70-JJ75.xml
JJ72;94;4002;72r;Paris_AN_JJ_inventaire_JJ70-JJ75.xml
JJ72;95;4003;72v;Paris_AN_JJ_inventaire_JJ70-JJ75.xml
JJ72;96;4004;72v;Paris_AN_JJ_inventaire_JJ70-JJ75.xml
JJ72;97;4005;73r;Paris_AN_JJ_inventaire_JJ70-JJ75.xml
JJ72;98;4006;73r;Paris_AN_JJ_inventaire_JJ70-JJ75.xml
JJ72;99;4007;73v;Paris_AN_JJ_inventaire_JJ70-JJ75.xml
JJ72;100;4008;74r;Paris_AN_JJ_inventaire_JJ70-JJ75.xml
JJ72;101;4009;74r;Paris_AN_JJ_inventaire_JJ70-JJ75.xml
JJ72;102;4010;74r;Paris_AN_JJ_inventaire_JJ70-JJ75.xml
JJ72;103;4011;74v;Paris_AN_JJ_inventaire_JJ70-JJ75.xml
JJ72;104;4012;75r;Paris_AN_JJ_inventaire_JJ70-JJ75.xml
JJ72;105;4013;75r;Paris_AN_JJ_inventaire_JJ70-JJ75.xml
JJ72;106;4014;75r;Paris_AN_JJ_inventaire_JJ70-JJ75.xml
JJ72;107;4015;76r;Paris_AN_JJ_inventaire_JJ70-JJ75.xml
JJ72;108;4016;76r;Paris_AN_JJ_inventaire_JJ70-JJ75.xml
JJ72;109;4017;78r;Paris_AN_JJ_inventaire_JJ70-JJ75.xml
JJ72;110;4018;78r;Paris_AN_JJ_inventaire_JJ70-JJ75.xml
JJ72;111;4019;78v;Paris_AN_JJ_inventaire_JJ70-JJ75.xml
JJ72;112;4020;78v;Paris_AN_JJ_inventaire_JJ70-JJ75.xml
JJ72;113;4021;78r;Paris_AN_JJ_inventaire_JJ70-JJ75.xml
JJ72;114;4022;79r;Paris_AN_JJ_inventaire_JJ70-JJ75.xml
JJ72;115;4023;79v;Paris_AN_JJ_inventaire_JJ70-JJ75.xml
JJ72;116;4024;79v;Paris_AN_JJ_inventaire_JJ70-JJ75.xml
JJ72;117;4025;80r;Paris_AN_JJ_inventaire_JJ70-JJ75.xml
JJ72;118;4026;80r;Paris_AN_JJ_inventaire_JJ70-JJ75.xml
JJ72;119;4027;80r;Paris_AN_JJ_inventaire_JJ70-JJ75.xml
JJ72;120;4028;80v;Paris_AN_JJ_inventaire_JJ70-JJ75.xml
JJ72;121;4029;81r;Paris_AN_JJ_inventaire_JJ70-JJ75.xml
JJ72;122;4030;82r;Paris_AN_JJ_inventaire_JJ70-JJ75.xml
JJ72;123;4031;82v;Paris_AN_JJ_inventaire_JJ70-JJ75.xml
JJ72;124;4032;83r;Paris_AN_JJ_inventaire_JJ70-JJ75.xml
JJ72;125;4033;83r;Paris_AN_JJ_inventaire_JJ70-JJ75.xml
JJ72;126;4034;84r;Paris_AN_JJ_inventaire_JJ70-JJ75.xml
JJ72;127;4035;84v;Paris_AN_JJ_inventaire_JJ70-JJ75.xml
JJ72;128;4036;85r;Paris_AN_JJ_inventaire_JJ70-JJ75.xml
JJ72;129;4037;86v;Paris_AN_JJ_inventaire_JJ70-JJ75.xml
JJ72;130;4038;86v;Paris_AN_JJ_inventaire_JJ70-JJ75.xml
JJ72;131;4039;87r;Paris_AN_JJ_inventaire_JJ70-JJ75.xml
JJ72;132;4040;88r;Paris_AN_JJ_inventaire_JJ70-JJ75.xml
JJ72;133;4041;89r;Paris_AN_JJ_inventaire_JJ70-JJ75.xml
JJ72;134;4042;89r;Paris_AN_JJ_inventaire_JJ70-JJ75.xml
JJ72;135;4043;89r;Paris_AN_JJ_inventaire_JJ70-JJ75.xml
JJ72;136;4044;89v;Paris_AN_JJ_inventaire_JJ70-JJ75.xml
JJ72;137;4045;90v;Paris_AN_JJ_inventaire_JJ70-JJ75.xml
JJ72;138;4046;91r;Paris_AN_JJ_inventaire_JJ70-JJ75.xml
JJ72;139;4047;91v;Paris_AN_JJ_inventaire_JJ70-JJ75.xml
JJ72;140;4048;92r;Paris_AN_JJ_inventaire_JJ70-JJ75.xml
JJ72;141;4049;94r;Paris_AN_JJ_inventaire_JJ70-JJ75.xml
JJ72;156;4050;97r;Paris_AN_JJ_inventaire_JJ70-JJ75.xml
JJ72;157;4051;97v;Paris_AN_JJ_inventaire_JJ70-JJ75.xml
JJ72;158;4052;97v;Paris_AN_JJ_inventaire_JJ70-JJ75.xml
JJ72;159;4053;98r;Paris_AN_JJ_inventaire_JJ70-JJ75.xml
JJ72;160;4054;99r;Paris_AN_JJ_inventaire_JJ70-JJ75.xml
JJ72;161;4055;99r;Paris_AN_JJ_inventaire_JJ70-JJ75.xml
JJ72;162;4056;100r;Paris_AN_JJ_inventaire_JJ70-JJ75.xml
JJ72;163;4057;100r;Paris_AN_JJ_inventaire_JJ70-JJ75.xml
JJ72;164;4058;103r;Paris_AN_JJ_inventaire_JJ70-JJ75.xml
JJ72;165;4059;103r;Paris_AN_JJ_inventaire_JJ70-JJ75.xml
JJ72;166;4060;103v;Paris_AN_JJ_inventaire_JJ70-JJ75.xml
JJ72;167;4061;103v;Paris_AN_JJ_inventaire_JJ70-JJ75.xml
JJ72;168;4062;107r;Paris_AN_JJ_inventaire_JJ70-JJ75.xml
JJ72;169;4063;107v;Paris_AN_JJ_inventaire_JJ70-JJ75.xml
JJ72;170;4064;108v;Paris_AN_JJ_inventaire_JJ70-JJ75.xml
JJ72;171;4065;109r;Paris_AN_JJ_inventaire_JJ70-JJ75.xml
JJ72;172;4066;110r;Paris_AN_JJ_inventaire_JJ70-JJ75.xml
JJ72;173;4067;110r;Paris_AN_JJ_inventaire_JJ70-JJ75.xml
JJ72;174;4068;110v;Paris_AN_JJ_inventaire_JJ70-JJ75.xml
JJ72;175;4069;111r;Paris_AN_JJ_inventaire_JJ70-JJ75.xml
JJ72;176;4070;111v;Paris_AN_JJ_inventaire_JJ70-JJ75.xml
JJ72;177;4071;113r;Paris_AN_JJ_inventaire_JJ70-JJ75.xml
JJ72;178;4072;113v;Paris_AN_JJ_inventaire_JJ70-JJ75.xml
JJ72;179;4073;115v;Paris_AN_JJ_inventaire_JJ70-JJ75.xml
JJ72;180;4074;116r;Paris_AN_JJ_inventaire_JJ70-JJ75.xml
JJ72;181;4075;116v;Paris_AN_JJ_inventaire_JJ70-JJ75.xml
JJ72;182;4076;116v;Paris_AN_JJ_inventaire_JJ70-JJ75.xml
JJ72;183;4077;118r;Paris_AN_JJ_inventaire_JJ70-JJ75.xml
JJ72;184;4078;119r;Paris_AN_JJ_inventaire_JJ70-JJ75.xml
JJ72;185;4079;120r;Paris_AN_JJ_inventaire_JJ70-JJ75.xml
JJ72;186;4080;120v;Paris_AN_JJ_inventaire_JJ70-JJ75.xml
JJ72;187;4081;121r;Paris_AN_JJ_inventaire_JJ70-JJ75.xml
JJ72;188;4082;122r;Paris_AN_JJ_inventaire_JJ70-JJ75.xml
JJ72;189;4083;123v;Paris_AN_JJ_inventaire_JJ70-JJ75.xml
JJ72;190;4084;125r;Paris_AN_JJ_inventaire_JJ70-JJ75.xml
JJ72;191;4085;125r;Paris_AN_JJ_inventaire_JJ70-JJ75.xml
JJ72;192;4086;125v;Paris_AN_JJ_inventaire_JJ70-JJ75.xml
JJ72;193;4087;125v;Paris_AN_JJ_inventaire_JJ70-JJ75.xml
JJ72;194;4088;126r;Paris_AN_JJ_inventaire_JJ70-JJ75.xml
JJ72;195;4089;126v;Paris_AN_JJ_inventaire_JJ70-JJ75.xml
JJ72;196;4090;126v;Paris_AN_JJ_inventaire_JJ70-JJ75.xml
JJ72;197;4091;127v;Paris_AN_JJ_inventaire_JJ70-JJ75.xml
JJ72;198;4092;129r;Paris_AN_JJ_inventaire_JJ70-JJ75.xml
JJ72;199;4093;129r;Paris_AN_JJ_inventaire_JJ70-JJ75.xml
JJ72;200;4094;132r;Paris_AN_JJ_inventaire_JJ70-JJ75.xml
JJ72;201;4095;132v;Paris_AN_JJ_inventaire_JJ70-JJ75.xml
JJ72;202;4096;132v;Paris_AN_JJ_inventaire_JJ70-JJ75.xml
JJ72;203;4097;133r;Paris_AN_JJ_inventaire_JJ70-JJ75.xml
JJ72;204;4098;133v;Paris_AN_JJ_inventaire_JJ70-JJ75.xml
JJ72;205;4099;135r;Paris_AN_JJ_inventaire_JJ70-JJ75.xml
JJ72;206;4100;135r;Paris_AN_JJ_inventaire_JJ70-JJ75.xml
JJ72;207;4101;136r;Paris_AN_JJ_inventaire_JJ70-JJ75.xml
JJ72;208;4102;137v;Paris_AN_JJ_inventaire_JJ70-JJ75.xml
JJ72;209;4103;137v;Paris_AN_JJ_inventaire_JJ70-JJ75.xml
JJ72;210;4104;138v;Paris_AN_JJ_inventaire_JJ70-JJ75.xml
JJ72;211;4105;140r;Paris_AN_JJ_inventaire_JJ70-JJ75.xml
JJ72;211bis;4106;140v;Paris_AN_JJ_inventaire_JJ70-JJ75.xml
JJ72;212;4107;142r;Paris_AN_JJ_inventaire_JJ70-JJ75.xml
JJ72;213;4108;143r;Paris_AN_JJ_inventaire_JJ70-JJ75.xml
JJ72;214;4109;144r;Paris_AN_JJ_inventaire_JJ70-JJ75.xml
JJ72;215;4110;144v;Paris_AN_JJ_inventaire_JJ70-JJ75.xml
JJ72;216;4111;145r;Paris_AN_JJ_inventaire_JJ70-JJ75.xml
JJ72;217;4112;156r;Paris_AN_JJ_inventaire_JJ70-JJ75.xml
JJ72;218;4113;161r;Paris_AN_JJ_inventaire_JJ70-JJ75.xml
JJ72;219;4114;162v;Paris_AN_JJ_inventaire_JJ70-JJ75.xml
JJ72;220;4115;163r;Paris_AN_JJ_inventaire_JJ70-JJ75.xml
JJ72;221;4116;163v;Paris_AN_JJ_inventaire_JJ70-JJ75.xml
JJ72;222;4117;164r;Paris_AN_JJ_inventaire_JJ70-JJ75.xml
JJ72;223;4118;164r;Paris_AN_JJ_inventaire_JJ70-JJ75.xml
JJ72;224;4119;165r;Paris_AN_JJ_inventaire_JJ70-JJ75.xml
JJ72;225;4120;163vet166;Paris_AN_JJ_inventaire_JJ70-JJ75.xml
JJ72;226;4121;166r;Paris_AN_JJ_inventaire_JJ70-JJ75.xml
JJ72;227;4122;168r;Paris_AN_JJ_inventaire_JJ70-JJ75.xml
JJ72;228;4123;168r;Paris_AN_JJ_inventaire_JJ70-JJ75.xml
JJ72;229;4124;168v;Paris_AN_JJ_inventaire_JJ70-JJ75.xml
JJ72;230;4125;170r;Paris_AN_JJ_inventaire_JJ70-JJ75.xml
JJ72;231;4126;170r;Paris_AN_JJ_inventaire_JJ70-JJ75.xml
JJ72;232;4127;170v;Paris_AN_JJ_inventaire_JJ70-JJ75.xml
JJ72;233;4128;171r;Paris_AN_JJ_inventaire_JJ70-JJ75.xml
JJ72;234;4129;171r;Paris_AN_JJ_inventaire_JJ70-JJ75.xml
JJ72;235;4130;171v;Paris_AN_JJ_inventaire_JJ70-JJ75.xml
JJ72;236;4131;171v;Paris_AN_JJ_inventaire_JJ70-JJ75.xml
JJ72;237;4132;172r;Paris_AN_JJ_inventaire_JJ70-JJ75.xml
JJ72;238;4133;172r;Paris_AN_JJ_inventaire_JJ70-JJ75.xml
JJ72;239;4134;172v;Paris_AN_JJ_inventaire_JJ70-JJ75.xml
JJ72;240;4135;172v;Paris_AN_JJ_inventaire_JJ70-JJ75.xml
JJ72;241;4136;173r;Paris_AN_JJ_inventaire_JJ70-JJ75.xml
JJ72;242;4137;173r;Paris_AN_JJ_inventaire_JJ70-JJ75.xml
JJ72;243;4138;174r;Paris_AN_JJ_inventaire_JJ70-JJ75.xml
JJ72;244;4139;176r;Paris_AN_JJ_inventaire_JJ70-JJ75.xml
JJ72;245;4140;176v;Paris_AN_JJ_inventaire_JJ70-JJ75.xml
JJ72;246;4141;179r;Paris_AN_JJ_inventaire_JJ70-JJ75.xml
JJ72;247;4142;179v;Paris_AN_JJ_inventaire_JJ70-JJ75.xml
JJ72;248;4143;179v;Paris_AN_JJ_inventaire_JJ70-JJ75.xml
JJ72;249;4144;180r;Paris_AN_JJ_inventaire_JJ70-JJ75.xml
JJ72;250;4145;180r;Paris_AN_JJ_inventaire_JJ70-JJ75.xml
JJ72;251;4146;183r;Paris_AN_JJ_inventaire_JJ70-JJ75.xml
JJ72;252;4147;185r;Paris_AN_JJ_inventaire_JJ70-JJ75.xml
JJ72;253;4148;186r;Paris_AN_JJ_inventaire_JJ70-JJ75.xml
JJ72;254;4149;186v;Paris_AN_JJ_inventaire_JJ70-JJ75.xml
JJ72;255;4150;187r;Paris_AN_JJ_inventaire_JJ70-JJ75.xml
JJ72;256;4151;187v;Paris_AN_JJ_inventaire_JJ70-JJ75.xml
JJ72;257;4152;188v;Paris_AN_JJ_inventaire_JJ70-JJ75.xml
JJ72;258;4153;189r;Paris_AN_JJ_inventaire_JJ70-JJ75.xml
JJ72;259;4154;189r;Paris_AN_JJ_inventaire_JJ70-JJ75.xml
JJ72;260;4155;189v;Paris_AN_JJ_inventaire_JJ70-JJ75.xml
JJ72;261;4156;191r;Paris_AN_JJ_inventaire_JJ70-JJ75.xml
JJ72;262;4157;191v;Paris_AN_JJ_inventaire_JJ70-JJ75.xml
JJ72;263;4158;193v;Paris_AN_JJ_inventaire_JJ70-JJ75.xml
JJ72;264;4159;193v;Paris_AN_JJ_inventaire_JJ70-JJ75.xml
JJ72;265;4160;194r;Paris_AN_JJ_inventaire_JJ70-JJ75.xml
JJ72;266;4161;195r;Paris_AN_JJ_inventaire_JJ70-JJ75.xml
JJ72;267;4162;195v;Paris_AN_JJ_inventaire_JJ70-JJ75.xml
JJ72;268;4163;196r;Paris_AN_JJ_inventaire_JJ70-JJ75.xml
JJ72;269;4164;196r;Paris_AN_JJ_inventaire_JJ70-JJ75.xml
JJ72;270;4165;196v;Paris_AN_JJ_inventaire_JJ70-JJ75.xml
JJ72;271;4166;197v;Paris_AN_JJ_inventaire_JJ70-JJ75.xml
JJ72;272;4167;197v;Paris_AN_JJ_inventaire_JJ70-JJ75.xml
JJ72;273;4168;198r;Paris_AN_JJ_inventaire_JJ70-JJ75.xml
JJ72;274;4169;198v;Paris_AN_JJ_inventaire_JJ70-JJ75.xml
JJ72;275;4170;199v;Paris_AN_JJ_inventaire_JJ70-JJ75.xml
JJ72;276;4171;201v;Paris_AN_JJ_inventaire_JJ70-JJ75.xml
JJ72;297;4172;202r;Paris_AN_JJ_inventaire_JJ70-JJ75.xml
JJ72;278;4173;202v;Paris_AN_JJ_inventaire_JJ70-JJ75.xml
JJ72;279;4174;202v;Paris_AN_JJ_inventaire_JJ70-JJ75.xml
JJ72;280;4175;203r;Paris_AN_JJ_inventaire_JJ70-JJ75.xml
JJ72;281;4176;203v;Paris_AN_JJ_inventaire_JJ70-JJ75.xml
JJ72;282;4177;204r;Paris_AN_JJ_inventaire_JJ70-JJ75.xml
JJ72;283;4178;206r;Paris_AN_JJ_inventaire_JJ70-JJ75.xml
JJ72;284;4179;206v;Paris_AN_JJ_inventaire_JJ70-JJ75.xml
JJ72;285;4180;206v;Paris_AN_JJ_inventaire_JJ70-JJ75.xml
JJ72;286;4181;207v;Paris_AN_JJ_inventaire_JJ70-JJ75.xml
JJ72;287;4182;208r;Paris_AN_JJ_inventaire_JJ70-JJ75.xml
JJ72;288;4183;208v;Paris_AN_JJ_inventaire_JJ70-JJ75.xml
JJ72;289;4184;210r;Paris_AN_JJ_inventaire_JJ70-JJ75.xml
JJ72;290;4185;210r;Paris_AN_JJ_inventaire_JJ70-JJ75.xml
JJ72;291;4186;210v;Paris_AN_JJ_inventaire_JJ70-JJ75.xml
JJ72;292;4187;211r;Paris_AN_JJ_inventaire_JJ70-JJ75.xml
JJ72;293;4188;213r;Paris_AN_JJ_inventaire_JJ70-JJ75.xml
JJ72;294;4189;213r;Paris_AN_JJ_inventaire_JJ70-JJ75.xml
JJ72;295;4190;213v;Paris_AN_JJ_inventaire_JJ70-JJ75.xml
JJ72;296;4191;213v;Paris_AN_JJ_inventaire_JJ70-JJ75.xml
JJ72;297;4192;241v;Paris_AN_JJ_inventaire_JJ70-JJ75.xml
JJ72;298;4193;215r;Paris_AN_JJ_inventaire_JJ70-JJ75.xml
JJ72;299;4194;216r;Paris_AN_JJ_inventaire_JJ70-JJ75.xml
JJ72;300;4195;216r;Paris_AN_JJ_inventaire_JJ70-JJ75.xml
JJ72;301;4196;216v;Paris_AN_JJ_inventaire_JJ70-JJ75.xml
JJ72;302;4197;216v;Paris_AN_JJ_inventaire_JJ70-JJ75.xml
JJ72;303;4198;217v;Paris_AN_JJ_inventaire_JJ70-JJ75.xml
JJ72;304;4199;219r;Paris_AN_JJ_inventaire_JJ70-JJ75.xml
JJ72;305;4200;220r;Paris_AN_JJ_inventaire_JJ70-JJ75.xml
JJ72;306;4201;221r;Paris_AN_JJ_inventaire_JJ70-JJ75.xml
JJ72;307;4202;221v;Paris_AN_JJ_inventaire_JJ70-JJ75.xml
JJ72;307bis;4203;222r;Paris_AN_JJ_inventaire_JJ70-JJ75.xml
JJ72;308;4204;223r;Paris_AN_JJ_inventaire_JJ70-JJ75.xml
JJ72;309;4205;223v;Paris_AN_JJ_inventaire_JJ70-JJ75.xml
JJ72;310;4206;226v;Paris_AN_JJ_inventaire_JJ70-JJ75.xml
JJ72;311;4207;228r;Paris_AN_JJ_inventaire_JJ70-JJ75.xml
JJ72;312;4208;230v;Paris_AN_JJ_inventaire_JJ70-JJ75.xml
JJ72;313;4209;230v;Paris_AN_JJ_inventaire_JJ70-JJ75.xml
JJ72;314;4210;231r;Paris_AN_JJ_inventaire_JJ70-JJ75.xml
JJ72;315;4211;231v;Paris_AN_JJ_inventaire_JJ70-JJ75.xml
JJ72;316;4212;231v;Paris_AN_JJ_inventaire_JJ70-JJ75.xml
JJ72;317;4213;232v;Paris_AN_JJ_inventaire_JJ70-JJ75.xml
JJ72;318;4214;233r;Paris_AN_JJ_inventaire_JJ70-JJ75.xml
JJ72;319;4215;234r;Paris_AN_JJ_inventaire_JJ70-JJ75.xml
JJ72;320;4216;234r;Paris_AN_JJ_inventaire_JJ70-JJ75.xml
JJ72;321;4217;234r;Paris_AN_JJ_inventaire_JJ70-JJ75.xml
JJ72;322;4218;235v;Paris_AN_JJ_inventaire_JJ70-JJ75.xml
JJ72;323;4219;235v;Paris_AN_JJ_inventaire_JJ70-JJ75.xml
JJ72;324;4220;236r;Paris_AN_JJ_inventaire_JJ70-JJ75.xml
JJ72;325;4221;236r;Paris_AN_JJ_inventaire_JJ70-JJ75.xml
JJ72;326;4222;237r;Paris_AN_JJ_inventaire_JJ70-JJ75.xml
JJ72;327;4223;237r;Paris_AN_JJ_inventaire_JJ70-JJ75.xml
JJ72;328;4224;237v;Paris_AN_JJ_inventaire_JJ70-JJ75.xml
JJ72;328bis;4225;238v;Paris_AN_JJ_inventaire_JJ70-JJ75.xml
JJ72;329;4226;239v;Paris_AN_JJ_inventaire_JJ70-JJ75.xml
JJ72;330;4227;240r;Paris_AN_JJ_inventaire_JJ70-JJ75.xml
JJ72;331;4228;241r;Paris_AN_JJ_inventaire_JJ70-JJ75.xml
JJ72;332;4229;242v;Paris_AN_JJ_inventaire_JJ70-JJ75.xml
JJ72;333;4230;243r;Paris_AN_JJ_inventaire_JJ70-JJ75.xml
JJ72;334;4231;243v;Paris_AN_JJ_inventaire_JJ70-JJ75.xml
JJ72;335;4232;243v;Paris_AN_JJ_inventaire_JJ70-JJ75.xml
JJ72;336;4233;243v;Paris_AN_JJ_inventaire_JJ70-JJ75.xml
JJ72;337;4234;244r;Paris_AN_JJ_inventaire_JJ70-JJ75.xml
JJ72;338;4235;244r;Paris_AN_JJ_inventaire_JJ70-JJ75.xml
JJ72;339;4236;245r;Paris_AN_JJ_inventaire_JJ70-JJ75.xml
JJ72;340;4237;245r;Paris_AN_JJ_inventaire_JJ70-JJ75.xml
JJ72;341;4238;245v;Paris_AN_JJ_inventaire_JJ70-JJ75.xml
JJ72;342;4239;252r;Paris_AN_JJ_inventaire_JJ70-JJ75.xml
JJ72;343;4240;252r;Paris_AN_JJ_inventaire_JJ70-JJ75.xml
JJ72;344;4241;253r;Paris_AN_JJ_inventaire_JJ70-JJ75.xml
JJ72;345;4242;253v;Paris_AN_JJ_inventaire_JJ70-JJ75.xml
JJ72;346;4243;254v;Paris_AN_JJ_inventaire_JJ70-JJ75.xml
JJ72;347;4244;255v;Paris_AN_JJ_inventaire_JJ70-JJ75.xml
JJ72;348;4245;255v;Paris_AN_JJ_inventaire_JJ70-JJ75.xml
JJ72;349;4246;257r;Paris_AN_JJ_inventaire_JJ70-JJ75.xml
JJ72;350;4247;257v;Paris_AN_JJ_inventaire_JJ70-JJ75.xml
JJ72;351;4248;257v;Paris_AN_JJ_inventaire_JJ70-JJ75.xml
JJ72;352;4249;258r;Paris_AN_JJ_inventaire_JJ70-JJ75.xml
JJ72;353;4250;258r;Paris_AN_JJ_inventaire_JJ70-JJ75.xml
JJ72;354;4251;258v;Paris_AN_JJ_inventaire_JJ70-JJ75.xml
JJ72;355;4252;258v;Paris_AN_JJ_inventaire_JJ70-JJ75.xml
JJ72;356;4253;259v;Paris_AN_JJ_inventaire_JJ70-JJ75.xml
JJ72;357;4254;260v;Paris_AN_JJ_inventaire_JJ70-JJ75.xml
JJ72;358;4255;260v;Paris_AN_JJ_inventaire_JJ70-JJ75.xml
JJ72;359;4256;262r;Paris_AN_JJ_inventaire_JJ70-JJ75.xml
JJ72;360;4257;263r;Paris_AN_JJ_inventaire_JJ70-JJ75.xml
JJ72;361;4258;264r;Paris_AN_JJ_inventaire_JJ70-JJ75.xml
JJ72;362;4259;265r;Paris_AN_JJ_inventaire_JJ70-JJ75.xml
JJ72;363;4260;265v;Paris_AN_JJ_inventaire_JJ70-JJ75.xml
JJ72;364;4261;265v;Paris_AN_JJ_inventaire_JJ70-JJ75.xml
JJ72;365;4262;266v;Paris_AN_JJ_inventaire_JJ70-JJ75.xml
JJ72;366;4263;266v;Paris_AN_JJ_inventaire_JJ70-JJ75.xml
JJ72;367;4264;267r;Paris_AN_JJ_inventaire_JJ70-JJ75.xml
JJ72;368;4265;268r;Paris_AN_JJ_inventaire_JJ70-JJ75.xml
JJ72;369;4266;271r;Paris_AN_JJ_inventaire_JJ70-JJ75.xml
JJ72;370;4267;273r;Paris_AN_JJ_inventaire_JJ70-JJ75.xml
JJ72;371;4268;273v;Paris_AN_JJ_inventaire_JJ70-JJ75.xml
JJ72;372;4269;274v;Paris_AN_JJ_inventaire_JJ70-JJ75.xml
JJ72;373;4270;275r;Paris_AN_JJ_inventaire_JJ70-JJ75.xml
JJ72;374;4271;275v;Paris_AN_JJ_inventaire_JJ70-JJ75.xml
JJ72;375;4272;276r;Paris_AN_JJ_inventaire_JJ70-JJ75.xml
JJ72;376;4273;276v;Paris_AN_JJ_inventaire_JJ70-JJ75.xml
JJ72;377;4274;277r;Paris_AN_JJ_inventaire_JJ70-JJ75.xml
JJ72;378;4275;280v;Paris_AN_JJ_inventaire_JJ70-JJ75.xml
JJ72;379;4276;281r;Paris_AN_JJ_inventaire_JJ70-JJ75.xml
JJ72;380;4277;281v;Paris_AN_JJ_inventaire_JJ70-JJ75.xml
JJ72;381;4278;283r;Paris_AN_JJ_inventaire_JJ70-JJ75.xml
JJ72;382;4279;285r;Paris_AN_JJ_inventaire_JJ70-JJ75.xml
JJ72;383;4280;286r;Paris_AN_JJ_inventaire_JJ70-JJ75.xml
JJ72;384;4281;286v;Paris_AN_JJ_inventaire_JJ70-JJ75.xml
JJ72;385;4282;287r;Paris_AN_JJ_inventaire_JJ70-JJ75.xml
JJ72;386;4283;296v;Paris_AN_JJ_inventaire_JJ70-JJ75.xml
JJ72;387;4284;298r;Paris_AN_JJ_inventaire_JJ70-JJ75.xml
JJ72;388;4285;299r;Paris_AN_JJ_inventaire_JJ70-JJ75.xml
JJ72;389;4286;304v;Paris_AN_JJ_inventaire_JJ70-JJ75.xml
JJ72;390;4287;305v;Paris_AN_JJ_inventaire_JJ70-JJ75.xml
JJ72;391;4288;306r;Paris_AN_JJ_inventaire_JJ70-JJ75.xml
JJ72;392;4289;307r;Paris_AN_JJ_inventaire_JJ70-JJ75.xml
JJ72;393;4290;307r;Paris_AN_JJ_inventaire_JJ70-JJ75.xml
JJ72;394;4291;307v;Paris_AN_JJ_inventaire_JJ70-JJ75.xml
JJ72;395;4292;308r;Paris_AN_JJ_inventaire_JJ70-JJ75.xml
JJ72;396;4293;309r;Paris_AN_JJ_inventaire_JJ70-JJ75.xml
JJ72;397;4294;309v;Paris_AN_JJ_inventaire_JJ70-JJ75.xml
JJ72;398;4295;310r;Paris_AN_JJ_inventaire_JJ70-JJ75.xml
JJ72;399;4296;311r;Paris_AN_JJ_inventaire_JJ70-JJ75.xml
JJ72;400;4297;311r;Paris_AN_JJ_inventaire_JJ70-JJ75.xml
JJ72;401;4298;311v;Paris_AN_JJ_inventaire_JJ70-JJ75.xml
JJ72;402;4299;317v;Paris_AN_JJ_inventaire_JJ70-JJ75.xml
JJ72;403;4300;318r;Paris_AN_JJ_inventaire_JJ70-JJ75.xml
JJ72;404;4301;319r;Paris_AN_JJ_inventaire_JJ70-JJ75.xml
JJ72;405;4302;320r;Paris_AN_JJ_inventaire_JJ70-JJ75.xml
JJ72;406;4303;320v;Paris_AN_JJ_inventaire_JJ70-JJ75.xml
JJ72;407;4304;323r;Paris_AN_JJ_inventaire_JJ70-JJ75.xml
JJ72;408;4305;328v;Paris_AN_JJ_inventaire_JJ70-JJ75.xml
JJ72;409;4306;343v;Paris_AN_JJ_inventaire_JJ70-JJ75.xml
JJ72;410;4307;344r;Paris_AN_JJ_inventaire_JJ70-JJ75.xml
JJ72;411;4308;345v;Paris_AN_JJ_inventaire_JJ70-JJ75.xml
JJ72;412;4309;346r;Paris_AN_JJ_inventaire_JJ70-JJ75.xml
JJ72;413;4310;346v;Paris_AN_JJ_inventaire_JJ70-JJ75.xml
JJ72;413bis;4311;347r;Paris_AN_JJ_inventaire_JJ70-JJ75.xml
JJ72;414;4312;347v;Paris_AN_JJ_inventaire_JJ70-JJ75.xml
JJ72;415;4313;347v;Paris_AN_JJ_inventaire_JJ70-JJ75.xml
JJ72;416;4314;348v;Paris_AN_JJ_inventaire_JJ70-JJ75.xml
JJ72;417;4315;349v;Paris_AN_JJ_inventaire_JJ70-JJ75.xml
JJ72;418;4316;350v;Paris_AN_JJ_inventaire_JJ70-JJ75.xml
JJ72;419;4317;350v;Paris_AN_JJ_inventaire_JJ70-JJ75.xml
JJ72;420;4318;351r;Paris_AN_JJ_inventaire_JJ70-JJ75.xml
JJ72;421;4319;351v;Paris_AN_JJ_inventaire_JJ70-JJ75.xml
JJ72;422;4320;351v;Paris_AN_JJ_inventaire_JJ70-JJ75.xml
JJ72;423;4321;352r;Paris_AN_JJ_inventaire_JJ70-JJ75.xml
JJ72;424;4322;352r;Paris_AN_JJ_inventaire_JJ70-JJ75.xml
JJ72;425;4323;353v;Paris_AN_JJ_inventaire_JJ70-JJ75.xml
JJ72;426;4324;353v;Paris_AN_JJ_inventaire_JJ70-JJ75.xml
JJ72;427;4325;354v;Paris_AN_JJ_inventaire_JJ70-JJ75.xml
JJ72;428;4326;355r;Paris_AN_JJ_inventaire_JJ70-JJ75.xml
JJ72;429;4327;355r;Paris_AN_JJ_inventaire_JJ70-JJ75.xml
JJ72;430;4328;355v;Paris_AN_JJ_inventaire_JJ70-JJ75.xml
JJ72;431;4329;356r;Paris_AN_JJ_inventaire_JJ70-JJ75.xml
JJ72;432;4330;356v;Paris_AN_JJ_inventaire_JJ70-JJ75.xml
JJ72;433;4331;356v;Paris_AN_JJ_inventaire_JJ70-JJ75.xml
JJ72;434;4332;357r;Paris_AN_JJ_inventaire_JJ70-JJ75.xml
JJ72;435;4333;357r;Paris_AN_JJ_inventaire_JJ70-JJ75.xml
JJ72;436;4334;357r;Paris_AN_JJ_inventaire_JJ70-JJ75.xml
JJ72;437;4335;357v;Paris_AN_JJ_inventaire_JJ70-JJ75.xml
JJ72;438;4336;358v;Paris_AN_JJ_inventaire_JJ70-JJ75.xml
JJ72;439;4337;359v;Paris_AN_JJ_inventaire_JJ70-JJ75.xml
JJ72;440;4338;360v;Paris_AN_JJ_inventaire_JJ70-JJ75.xml
JJ72;441;4339;360v;Paris_AN_JJ_inventaire_JJ70-JJ75.xml
JJ72;442;4340;361r;Paris_AN_JJ_inventaire_JJ70-JJ75.xml
JJ72;443;4341;362r;Paris_AN_JJ_inventaire_JJ70-JJ75.xml
JJ72;444;4342;363v;Paris_AN_JJ_inventaire_JJ70-JJ75.xml
JJ72;445;4343;364r;Paris_AN_JJ_inventaire_JJ70-JJ75.xml
JJ72;446;4344;364v;Paris_AN_JJ_inventaire_JJ70-JJ75.xml
JJ72;447;4345;364v;Paris_AN_JJ_inventaire_JJ70-JJ75.xml
JJ72;448;4346;365r;Paris_AN_JJ_inventaire_JJ70-JJ75.xml
JJ72;449;4347;365r;Paris_AN_JJ_inventaire_JJ70-JJ75.xml
JJ72;450;4348;365v;Paris_AN_JJ_inventaire_JJ70-JJ75.xml
JJ72;451;4349;369v;Paris_AN_JJ_inventaire_JJ70-JJ75.xml
JJ72;452;4350;370v;Paris_AN_JJ_inventaire_JJ70-JJ75.xml
JJ72;453;4351;371r;Paris_AN_JJ_inventaire_JJ70-JJ75.xml
JJ72;454;4352;371v;Paris_AN_JJ_inventaire_JJ70-JJ75.xml
JJ72;455;4353;372r;Paris_AN_JJ_inventaire_JJ70-JJ75.xml
JJ72;456;4354;372v;Paris_AN_JJ_inventaire_JJ70-JJ75.xml
JJ72;457;4355;372v;Paris_AN_JJ_inventaire_JJ70-JJ75.xml
JJ72;458;4356;373r;Paris_AN_JJ_inventaire_JJ70-JJ75.xml
JJ72;459;4357;373r;Paris_AN_JJ_inventaire_JJ70-JJ75.xml
JJ72;460;4358;373v;Paris_AN_JJ_inventaire_JJ70-JJ75.xml
JJ72;461;4359;374r;Paris_AN_JJ_inventaire_JJ70-JJ75.xml
JJ72;462;4360;374r;Paris_AN_JJ_inventaire_JJ70-JJ75.xml
JJ72;463;4361;374v;Paris_AN_JJ_inventaire_JJ70-JJ75.xml
JJ72;464;4362;375v;Paris_AN_JJ_inventaire_JJ70-JJ75.xml
JJ72;465;4363;376v;Paris_AN_JJ_inventaire_JJ70-JJ75.xml
JJ72;466;4364;377r;Paris_AN_JJ_inventaire_JJ70-JJ75.xml
JJ72;467;4365;377r;Paris_AN_JJ_inventaire_JJ70-JJ75.xml
JJ72;468;4366;377v;Paris_AN_JJ_inventaire_JJ70-JJ75.xml
JJ72;469;4367;378r;Paris_AN_JJ_inventaire_JJ70-JJ75.xml
JJ72;470;4368;378v;Paris_AN_JJ_inventaire_JJ70-JJ75.xml
JJ72;471;4369;380r;Paris_AN_JJ_inventaire_JJ70-JJ75.xml
JJ72;472;4370;380v;Paris_AN_JJ_inventaire_JJ70-JJ75.xml
JJ72;473;4371;381r;Paris_AN_JJ_inventaire_JJ70-JJ75.xml
JJ72;474;4372;381r;Paris_AN_JJ_inventaire_JJ70-JJ75.xml
JJ72;475;4373;383v;Paris_AN_JJ_inventaire_JJ70-JJ75.xml
JJ72;476;4374;384r;Paris_AN_JJ_inventaire_JJ70-JJ75.xml
JJ72;477;4375;384r;Paris_AN_JJ_inventaire_JJ70-JJ75.xml
JJ72;478;4376;385bis;Paris_AN_JJ_inventaire_JJ70-JJ75.xml
JJ72;479;4377;385bisv;Paris_AN_JJ_inventaire_JJ70-JJ75.xml
JJ72;480;4378;386r;Paris_AN_JJ_inventaire_JJ70-JJ75.xml
JJ72;481;4379;388v;Paris_AN_JJ_inventaire_JJ70-JJ75.xml
JJ72;482;4380;388v;Paris_AN_JJ_inventaire_JJ70-JJ75.xml
JJ72;483;4381;388v;Paris_AN_JJ_inventaire_JJ70-JJ75.xml
JJ72;484;4382;389r;Paris_AN_JJ_inventaire_JJ70-JJ75.xml
JJ72;485;4383;390r;Paris_AN_JJ_inventaire_JJ70-JJ75.xml
JJ72;486;4384;390v;Paris_AN_JJ_inventaire_JJ70-JJ75.xml
JJ72;487;4385;391r;Paris_AN_JJ_inventaire_JJ70-JJ75.xml
JJ72;488;4386;391v;Paris_AN_JJ_inventaire_JJ70-JJ75.xml
JJ72;489;4387;392v;Paris_AN_JJ_inventaire_JJ70-JJ75.xml
JJ72;490;4388;392v;Paris_AN_JJ_inventaire_JJ70-JJ75.xml
JJ72;491;4389;393r;Paris_AN_JJ_inventaire_JJ70-JJ75.xml
JJ72;492;4390;393v;Paris_AN_JJ_inventaire_JJ70-JJ75.xml
JJ72;493;4391;394r;Paris_AN_JJ_inventaire_JJ70-JJ75.xml
JJ72;494;4392;394r;Paris_AN_JJ_inventaire_JJ70-JJ75.xml
JJ72;495;4393;394v;Paris_AN_JJ_inventaire_JJ70-JJ75.xml
JJ72;496;4394;394v;Paris_AN_JJ_inventaire_JJ70-JJ75.xml
JJ72;497;4395;395r;Paris_AN_JJ_inventaire_JJ70-JJ75.xml
JJ72;498;4396;395r;Paris_AN_JJ_inventaire_JJ70-JJ75.xml
JJ72;499;4397;395v;Paris_AN_JJ_inventaire_JJ70-JJ75.xml
JJ72;500;4398;396r;Paris_AN_JJ_inventaire_JJ70-JJ75.xml
JJ72;501;4399;396v;Paris_AN_JJ_inventaire_JJ70-JJ75.xml
JJ72;502;4400;396v;Paris_AN_JJ_inventaire_JJ70-JJ75.xml
JJ72;503;4401;396v;Paris_AN_JJ_inventaire_JJ70-JJ75.xml
JJ72;504;4402;397r;Paris_AN_JJ_inventaire_JJ70-JJ75.xml
JJ72;505;4403;397r;Paris_AN_JJ_inventaire_JJ70-JJ75.xml
JJ72;506;4404;397r;Paris_AN_JJ_inventaire_JJ70-JJ75.xml
JJ72;507;4405;397v;Paris_AN_JJ_inventaire_JJ70-JJ75.xml
JJ72;508;4406;398v;Paris_AN_JJ_inventaire_JJ70-JJ75.xml
JJ72;508bis;4407;399r;Paris_AN_JJ_inventaire_JJ70-JJ75.xml
JJ72;509;4408;399r;Paris_AN_JJ_inventaire_JJ70-JJ75.xml
JJ72;510;4409;399v;Paris_AN_JJ_inventaire_JJ70-JJ75.xml
JJ72;511;4410;400v;Paris_AN_JJ_inventaire_JJ70-JJ75.xml
JJ72;512;4411;401r;Paris_AN_JJ_inventaire_JJ70-JJ75.xml
JJ72;513;4412;404r;Paris_AN_JJ_inventaire_JJ70-JJ75.xml
JJ72;514;4413;404v;Paris_AN_JJ_inventaire_JJ70-JJ75.xml
JJ72;515;4414;405r;Paris_AN_JJ_inventaire_JJ70-JJ75.xml
JJ72;516;4415;405r;Paris_AN_JJ_inventaire_JJ70-JJ75.xml
JJ72;517;4416;405v;Paris_AN_JJ_inventaire_JJ70-JJ75.xml
JJ72;518;4417;406r;Paris_AN_JJ_inventaire_JJ70-JJ75.xml
JJ72;519;4418;406r;Paris_AN_JJ_inventaire_JJ70-JJ75.xml
JJ72;520;4419;406v;Paris_AN_JJ_inventaire_JJ70-JJ75.xml
JJ72;521;4420;406v;Paris_AN_JJ_inventaire_JJ70-JJ75.xml
JJ72;522;4421;407r;Paris_AN_JJ_inventaire_JJ70-JJ75.xml
JJ72;523;4422;407r;Paris_AN_JJ_inventaire_JJ70-JJ75.xml
JJ72;524;4423;407v;Paris_AN_JJ_inventaire_JJ70-JJ75.xml
JJ72;525;4424;407v;Paris_AN_JJ_inventaire_JJ70-JJ75.xml
JJ72;526;4425;408r;Paris_AN_JJ_inventaire_JJ70-JJ75.xml
JJ72;527;4426;408r;Paris_AN_JJ_inventaire_JJ70-JJ75.xml
JJ72;528;4427;408v;Paris_AN_JJ_inventaire_JJ70-JJ75.xml
JJ72;529;4428;409v;Paris_AN_JJ_inventaire_JJ70-JJ75.xml
JJ72;530;4429;410v;Paris_AN_JJ_inventaire_JJ70-JJ75.xml
JJ72;531;4430;412v;Paris_AN_JJ_inventaire_JJ70-JJ75.xml
JJ72;532;4431;413r;Paris_AN_JJ_inventaire_JJ70-JJ75.xml
JJ72;533;4432;413v;Paris_AN_JJ_inventaire_JJ70-JJ75.xml
JJ72;534;4433;415r;Paris_AN_JJ_inventaire_JJ70-JJ75.xml
JJ72;535;4434;416r;Paris_AN_JJ_inventaire_JJ70-JJ75.xml
JJ72;536;4435;416r;Paris_AN_JJ_inventaire_JJ70-JJ75.xml
JJ72;537;4436;416v;Paris_AN_JJ_inventaire_JJ70-JJ75.xml
JJ72;538;4437;416v;Paris_AN_JJ_inventaire_JJ70-JJ75.xml
JJ72;539;4438;417v;Paris_AN_JJ_inventaire_JJ70-JJ75.xml
JJ72;540;4439;417v;Paris_AN_JJ_inventaire_JJ70-JJ75.xml
JJ72;541;4440;418r;Paris_AN_JJ_inventaire_JJ70-JJ75.xml
JJ72;542;4441;418v;Paris_AN_JJ_inventaire_JJ70-JJ75.xml
JJ72;543;4442;419r;Paris_AN_JJ_inventaire_JJ70-JJ75.xml
JJ72;544;4443;419r;Paris_AN_JJ_inventaire_JJ70-JJ75.xml
JJ72;545;4444;419v;Paris_AN_JJ_inventaire_JJ70-JJ75.xml
JJ72;546;4445;420v;Paris_AN_JJ_inventaire_JJ70-JJ75.xml
JJ72;547;4446;421r;Paris_AN_JJ_inventaire_JJ70-JJ75.xml
JJ72;548;4447;421r;Paris_AN_JJ_inventaire_JJ70-JJ75.xml
JJ72;549;4448;421v;Paris_AN_JJ_inventaire_JJ70-JJ75.xml
JJ72;550;4449;422r;Paris_AN_JJ_inventaire_JJ70-JJ75.xml
JJ72;551;4450;422r;Paris_AN_JJ_inventaire_JJ70-JJ75.xml
JJ72;552;4451;422v;Paris_AN_JJ_inventaire_JJ70-JJ75.xml
JJ72;553;4452;423r;Paris_AN_JJ_inventaire_JJ70-JJ75.xml
JJ72;554;4453;423r;Paris_AN_JJ_inventaire_JJ70-JJ75.xml
JJ72;555;4454;423v;Paris_AN_JJ_inventaire_JJ70-JJ75.xml
JJ72;556;4455;425r;Paris_AN_JJ_inventaire_JJ70-JJ75.xml
JJ72;557;4456;427r;Paris_AN_JJ_inventaire_JJ70-JJ75.xml
JJ72;558;4457;428r;Paris_AN_JJ_inventaire_JJ70-JJ75.xml
JJ72;559;4458;429v;Paris_AN_JJ_inventaire_JJ70-JJ75.xml
JJ72;560;4459;431r;Paris_AN_JJ_inventaire_JJ70-JJ75.xml
JJ72;561;4460;431v;Paris_AN_JJ_inventaire_JJ70-JJ75.xml
JJ72;562;4461;433r;Paris_AN_JJ_inventaire_JJ70-JJ75.xml
JJ72;563;4462;433v;Paris_AN_JJ_inventaire_JJ70-JJ75.xml
JJ72;564;4463;433v;Paris_AN_JJ_inventaire_JJ70-JJ75.xml
JJ72;565;4464;434r;Paris_AN_JJ_inventaire_JJ70-JJ75.xml
JJ72;566;4465;434r;Paris_AN_JJ_inventaire_JJ70-JJ75.xml
JJ72;567;4466;434v;Paris_AN_JJ_inventaire_JJ70-JJ75.xml
JJ72;568;4467;434v;Paris_AN_JJ_inventaire_JJ70-JJ75.xml
JJ73;1;4468;1r;Paris_AN_JJ_inventaire_JJ70-JJ75.xml
JJ73;2;4469;4r;Paris_AN_JJ_inventaire_JJ70-JJ75.xml
JJ73;3;4470;7r;Paris_AN_JJ_inventaire_JJ70-JJ75.xml
JJ73;4;4471;7r;Paris_AN_JJ_inventaire_JJ70-JJ75.xml
JJ73;5;4472;8r;Paris_AN_JJ_inventaire_JJ70-JJ75.xml
JJ73;6;4473;8v;Paris_AN_JJ_inventaire_JJ70-JJ75.xml
JJ73;7;4474;9r;Paris_AN_JJ_inventaire_JJ70-JJ75.xml
JJ73;8;4475;9v;Paris_AN_JJ_inventaire_JJ70-JJ75.xml
JJ73;9;4476;9v;Paris_AN_JJ_inventaire_JJ70-JJ75.xml
JJ73;10;4477;10r;Paris_AN_JJ_inventaire_JJ70-JJ75.xml
JJ73;11;4478;13r;Paris_AN_JJ_inventaire_JJ70-JJ75.xml
JJ73;12;4479;13v;Paris_AN_JJ_inventaire_JJ70-JJ75.xml
JJ73;13;4480;14r;Paris_AN_JJ_inventaire_JJ70-JJ75.xml
JJ73;14;4481;14r;Paris_AN_JJ_inventaire_JJ70-JJ75.xml
JJ73;15;4482;14v;Paris_AN_JJ_inventaire_JJ70-JJ75.xml
JJ73;16;4483;15r;Paris_AN_JJ_inventaire_JJ70-JJ75.xml
JJ73;17;4484;15v;Paris_AN_JJ_inventaire_JJ70-JJ75.xml
JJ73;18;4485;16r;Paris_AN_JJ_inventaire_JJ70-JJ75.xml
JJ73;19;4486;16v;Paris_AN_JJ_inventaire_JJ70-JJ75.xml
JJ73;20;4487;17r;Paris_AN_JJ_inventaire_JJ70-JJ75.xml
JJ73;21;4488;17v;Paris_AN_JJ_inventaire_JJ70-JJ75.xml
JJ73;22;4489;17v;Paris_AN_JJ_inventaire_JJ70-JJ75.xml
JJ73;23;4490;18v;Paris_AN_JJ_inventaire_JJ70-JJ75.xml
JJ73;24;4491;19r;Paris_AN_JJ_inventaire_JJ70-JJ75.xml
JJ73;25;4492;19v;Paris_AN_JJ_inventaire_JJ70-JJ75.xml
JJ73;26;4493;20r;Paris_AN_JJ_inventaire_JJ70-JJ75.xml
JJ73;27;4494;24r;Paris_AN_JJ_inventaire_JJ70-JJ75.xml
JJ73;28;4495;25r;Paris_AN_JJ_inventaire_JJ70-JJ75.xml
JJ73;29;4496;26r;Paris_AN_JJ_inventaire_JJ70-JJ75.xml
JJ73;30;4497;27v;Paris_AN_JJ_inventaire_JJ70-JJ75.xml
JJ73;31;4498;28r;Paris_AN_JJ_inventaire_JJ70-JJ75.xml
JJ73;32;4499;28v;Paris_AN_JJ_inventaire_JJ70-JJ75.xml
JJ73;33;4500;30r;Paris_AN_JJ_inventaire_JJ70-JJ75.xml
JJ73;34;4501;30v;Paris_AN_JJ_inventaire_JJ70-JJ75.xml
JJ73;35;4502;31r;Paris_AN_JJ_inventaire_JJ70-JJ75.xml
JJ73;36;4503;32r;Paris_AN_JJ_inventaire_JJ70-JJ75.xml
JJ73;37;4504;32r;Paris_AN_JJ_inventaire_JJ70-JJ75.xml
JJ73;38;4505;32v;Paris_AN_JJ_inventaire_JJ70-JJ75.xml
JJ73;39;4506;32v;Paris_AN_JJ_inventaire_JJ70-JJ75.xml
JJ73;39bis;4507;33r;Paris_AN_JJ_inventaire_JJ70-JJ75.xml
JJ73;40;4508;33v;Paris_AN_JJ_inventaire_JJ70-JJ75.xml
JJ73;41;4509;34r;Paris_AN_JJ_inventaire_JJ70-JJ75.xml
JJ73;42;4510;35r;Paris_AN_JJ_inventaire_JJ70-JJ75.xml
JJ73;43;4511;35v;Paris_AN_JJ_inventaire_JJ70-JJ75.xml
JJ73;44;4512;36r;Paris_AN_JJ_inventaire_JJ70-JJ75.xml
JJ73;45;4513;36v;Paris_AN_JJ_inventaire_JJ70-JJ75.xml
JJ73;46;4514;38r;Paris_AN_JJ_inventaire_JJ70-JJ75.xml
JJ73;47;4515;38v;Paris_AN_JJ_inventaire_JJ70-JJ75.xml
JJ73;48;4516;40r;Paris_AN_JJ_inventaire_JJ70-JJ75.xml
JJ73;49;4517;40v;Paris_AN_JJ_inventaire_JJ70-JJ75.xml
JJ73;50;4518;41r;Paris_AN_JJ_inventaire_JJ70-JJ75.xml
JJ73;51;4519;41v;Paris_AN_JJ_inventaire_JJ70-JJ75.xml
JJ73;52;4520;42v;Paris_AN_JJ_inventaire_JJ70-JJ75.xml
JJ73;53;4521;42v;Paris_AN_JJ_inventaire_JJ70-JJ75.xml
JJ73;54;4522;43v;Paris_AN_JJ_inventaire_JJ70-JJ75.xml
JJ73;55;4523;43v;Paris_AN_JJ_inventaire_JJ70-JJ75.xml
JJ73;56;4524;44r;Paris_AN_JJ_inventaire_JJ70-JJ75.xml
JJ73;57;4525;44v;Paris_AN_JJ_inventaire_JJ70-JJ75.xml
JJ73;58;4526;45r;Paris_AN_JJ_inventaire_JJ70-JJ75.xml
JJ73;59;4527;46r;Paris_AN_JJ_inventaire_JJ70-JJ75.xml
JJ73;60;4528;46r;Paris_AN_JJ_inventaire_JJ70-JJ75.xml
JJ73;61;4529;46v;Paris_AN_JJ_inventaire_JJ70-JJ75.xml
JJ73;62;4530;47v;Paris_AN_JJ_inventaire_JJ70-JJ75.xml
JJ73;63;4531;48r;Paris_AN_JJ_inventaire_JJ70-JJ75.xml
JJ73;64;4532;48v;Paris_AN_JJ_inventaire_JJ70-JJ75.xml
JJ73;65;4533;49r;Paris_AN_JJ_inventaire_JJ70-JJ75.xml
JJ73;66;4534;49v;Paris_AN_JJ_inventaire_JJ70-JJ75.xml
JJ73;67;4535;50r;Paris_AN_JJ_inventaire_JJ70-JJ75.xml
JJ73;68;4536;50v;Paris_AN_JJ_inventaire_JJ70-JJ75.xml
JJ73;69;4537;51r;Paris_AN_JJ_inventaire_JJ70-JJ75.xml
JJ73;70;4538;51v;Paris_AN_JJ_inventaire_JJ70-JJ75.xml
JJ73;71;4539;52v;Paris_AN_JJ_inventaire_JJ70-JJ75.xml
JJ73;72;4540;55r;Paris_AN_JJ_inventaire_JJ70-JJ75.xml
JJ73;73;4541;57r;Paris_AN_JJ_inventaire_JJ70-JJ75.xml
JJ73;74;4542;59r;Paris_AN_JJ_inventaire_JJ70-JJ75.xml
JJ73;75;4543;60r;Paris_AN_JJ_inventaire_JJ70-JJ75.xml
JJ73;76;4544;64v;Paris_AN_JJ_inventaire_JJ70-JJ75.xml
JJ73;77;4545;66v;Paris_AN_JJ_inventaire_JJ70-JJ75.xml
JJ73;78;4546;67r;Paris_AN_JJ_inventaire_JJ70-JJ75.xml
JJ73;79;4547;67v;Paris_AN_JJ_inventaire_JJ70-JJ75.xml
JJ73;80;4548;68v;Paris_AN_JJ_inventaire_JJ70-JJ75.xml
JJ73;81;4549;68v;Paris_AN_JJ_inventaire_JJ70-JJ75.xml
JJ73;82;4550;70r;Paris_AN_JJ_inventaire_JJ70-JJ75.xml
JJ73;83;4551;71r;Paris_AN_JJ_inventaire_JJ70-JJ75.xml
JJ73;84;4552;71v;Paris_AN_JJ_inventaire_JJ70-JJ75.xml
JJ73;85;4553;72r;Paris_AN_JJ_inventaire_JJ70-JJ75.xml
JJ73;86;4554;73r;Paris_AN_JJ_inventaire_JJ70-JJ75.xml
JJ73;87;4555;73v;Paris_AN_JJ_inventaire_JJ70-JJ75.xml
JJ73;88;4556;74r;Paris_AN_JJ_inventaire_JJ70-JJ75.xml
JJ73;89;4557;74v;Paris_AN_JJ_inventaire_JJ70-JJ75.xml
JJ73;90;4558;75r;Paris_AN_JJ_inventaire_JJ70-JJ75.xml
JJ73;91;4559;75v;Paris_AN_JJ_inventaire_JJ70-JJ75.xml
JJ73;92;4560;77v;Paris_AN_JJ_inventaire_JJ70-JJ75.xml
JJ73;93;4561;78r;Paris_AN_JJ_inventaire_JJ70-JJ75.xml
JJ73;94;4562;78v;Paris_AN_JJ_inventaire_JJ70-JJ75.xml
JJ73;95;4563;80r;Paris_AN_JJ_inventaire_JJ70-JJ75.xml
JJ73;96;4564;80v;Paris_AN_JJ_inventaire_JJ70-JJ75.xml
JJ73;97;4565;81r;Paris_AN_JJ_inventaire_JJ70-JJ75.xml
JJ73;98;4566;81v;Paris_AN_JJ_inventaire_JJ70-JJ75.xml
JJ73;99;4567;85r;Paris_AN_JJ_inventaire_JJ70-JJ75.xml
JJ73;100;4568;85v;Paris_AN_JJ_inventaire_JJ70-JJ75.xml
JJ73;101;4569;86r;Paris_AN_JJ_inventaire_JJ70-JJ75.xml
JJ73;101bis;4570;87r;Paris_AN_JJ_inventaire_JJ70-JJ75.xml
JJ73;102;4571;88r;Paris_AN_JJ_inventaire_JJ70-JJ75.xml
JJ73;103;4572;89r;Paris_AN_JJ_inventaire_JJ70-JJ75.xml
JJ73;104;4573;89v;Paris_AN_JJ_inventaire_JJ70-JJ75.xml
JJ73;105;4574;90r;Paris_AN_JJ_inventaire_JJ70-JJ75.xml
JJ73;106;4575;91r;Paris_AN_JJ_inventaire_JJ70-JJ75.xml
JJ73;107;4576;91v;Paris_AN_JJ_inventaire_JJ70-JJ75.xml
JJ73;108;4577;94r;Paris_AN_JJ_inventaire_JJ70-JJ75.xml
JJ73;109;4578;94v;Paris_AN_JJ_inventaire_JJ70-JJ75.xml
JJ73;110;4579;95r;Paris_AN_JJ_inventaire_JJ70-JJ75.xml
JJ73;111;4580;95v;Paris_AN_JJ_inventaire_JJ70-JJ75.xml
JJ73;112;4581;96r;Paris_AN_JJ_inventaire_JJ70-JJ75.xml
JJ73;113;4582;96v;Paris_AN_JJ_inventaire_JJ70-JJ75.xml
JJ73;117;4583;97r;Paris_AN_JJ_inventaire_JJ70-JJ75.xml
JJ73;115;4584;97v;Paris_AN_JJ_inventaire_JJ70-JJ75.xml
JJ73;116;4585;98r;Paris_AN_JJ_inventaire_JJ70-JJ75.xml
JJ73;117;4586;98v;Paris_AN_JJ_inventaire_JJ70-JJ75.xml
JJ73;118;4587;99v;Paris_AN_JJ_inventaire_JJ70-JJ75.xml
JJ73;119;4588;100r;Paris_AN_JJ_inventaire_JJ70-JJ75.xml
JJ73;120;4589;100V°;Paris_AN_JJ_inventaire_JJ70-JJ75.xml
JJ73;121;4590;101r;Paris_AN_JJ_inventaire_JJ70-JJ75.xml
JJ73;122;4591;103v;Paris_AN_JJ_inventaire_JJ70-JJ75.xml
JJ73;123;4592;104r;Paris_AN_JJ_inventaire_JJ70-JJ75.xml
JJ73;124;4593;106r;Paris_AN_JJ_inventaire_JJ70-JJ75.xml
JJ73;125;4594;107r;Paris_AN_JJ_inventaire_JJ70-JJ75.xml
JJ73;126;4595;108r;Paris_AN_JJ_inventaire_JJ70-JJ75.xml
JJ73;127;4596;108v;Paris_AN_JJ_inventaire_JJ70-JJ75.xml
JJ73;128;4597;109v;Paris_AN_JJ_inventaire_JJ70-JJ75.xml
JJ73;129;4598;110v;Paris_AN_JJ_inventaire_JJ70-JJ75.xml
JJ73;130;4599;111v;Paris_AN_JJ_inventaire_JJ70-JJ75.xml
JJ73;131;4600;112r;Paris_AN_JJ_inventaire_JJ70-JJ75.xml
JJ73;132;4601;113r;Paris_AN_JJ_inventaire_JJ70-JJ75.xml
JJ73;133;4602;113v;Paris_AN_JJ_inventaire_JJ70-JJ75.xml
JJ73;134;4603;114v;Paris_AN_JJ_inventaire_JJ70-JJ75.xml
JJ73;135;4604;116r;Paris_AN_JJ_inventaire_JJ70-JJ75.xml
JJ73;136;4605;116v;Paris_AN_JJ_inventaire_JJ70-JJ75.xml
JJ73;137;4606;117r;Paris_AN_JJ_inventaire_JJ70-JJ75.xml
JJ73;138;4607;117v;Paris_AN_JJ_inventaire_JJ70-JJ75.xml
JJ73;139;4608;118r;Paris_AN_JJ_inventaire_JJ70-JJ75.xml
JJ73;140;4609;118v;Paris_AN_JJ_inventaire_JJ70-JJ75.xml
JJ73;141;4610;119v;Paris_AN_JJ_inventaire_JJ70-JJ75.xml
JJ73;142;4611;120r;Paris_AN_JJ_inventaire_JJ70-JJ75.xml
JJ73;143;4612;121r;Paris_AN_JJ_inventaire_JJ70-JJ75.xml
JJ73;144;4613;121v;Paris_AN_JJ_inventaire_JJ70-JJ75.xml
JJ73;145;4614;122r;Paris_AN_JJ_inventaire_JJ70-JJ75.xml
JJ73;146;4615;122v;Paris_AN_JJ_inventaire_JJ70-JJ75.xml
JJ73;147;4616;123v;Paris_AN_JJ_inventaire_JJ70-JJ75.xml
JJ73;148;4617;124r;Paris_AN_JJ_inventaire_JJ70-JJ75.xml
JJ73;149;4618;124v;Paris_AN_JJ_inventaire_JJ70-JJ75.xml
JJ73;150;4619;125r;Paris_AN_JJ_inventaire_JJ70-JJ75.xml
JJ73;151;4620;125v;Paris_AN_JJ_inventaire_JJ70-JJ75.xml
JJ73;152;4621;126r;Paris_AN_JJ_inventaire_JJ70-JJ75.xml
JJ73;153;4622;126v;Paris_AN_JJ_inventaire_JJ70-JJ75.xml
JJ73;154;4623;127r;Paris_AN_JJ_inventaire_JJ70-JJ75.xml
JJ73;155;4624;128v;Paris_AN_JJ_inventaire_JJ70-JJ75.xml
JJ73;156;4625;129r;Paris_AN_JJ_inventaire_JJ70-JJ75.xml
JJ73;157;4626;129v;Paris_AN_JJ_inventaire_JJ70-JJ75.xml
JJ73;158;4627;130r;Paris_AN_JJ_inventaire_JJ70-JJ75.xml
JJ73;159;4628;130v;Paris_AN_JJ_inventaire_JJ70-JJ75.xml
JJ73;160;4629;131r;Paris_AN_JJ_inventaire_JJ70-JJ75.xml
JJ73;161;4630;131v;Paris_AN_JJ_inventaire_JJ70-JJ75.xml
JJ73;162;4631;132r;Paris_AN_JJ_inventaire_JJ70-JJ75.xml
JJ73;163;4632;132v;Paris_AN_JJ_inventaire_JJ70-JJ75.xml
JJ73;164;4633;133r;Paris_AN_JJ_inventaire_JJ70-JJ75.xml
JJ73;165;4634;136v;Paris_AN_JJ_inventaire_JJ70-JJ75.xml
JJ73;166;4635;137v;Paris_AN_JJ_inventaire_JJ70-JJ75.xml
JJ73;167;4636;138r;Paris_AN_JJ_inventaire_JJ70-JJ75.xml
JJ73;168;4637;138v;Paris_AN_JJ_inventaire_JJ70-JJ75.xml
JJ73;169;4638;139r;Paris_AN_JJ_inventaire_JJ70-JJ75.xml
JJ73;170;4639;140r;Paris_AN_JJ_inventaire_JJ70-JJ75.xml
JJ73;171;4640;140v;Paris_AN_JJ_inventaire_JJ70-JJ75.xml
JJ73;172;4641;141r;Paris_AN_JJ_inventaire_JJ70-JJ75.xml
JJ73;173;4642;141v;Paris_AN_JJ_inventaire_JJ70-JJ75.xml
JJ73;174;4643;142v;Paris_AN_JJ_inventaire_JJ70-JJ75.xml
JJ73;175;4644;142v;Paris_AN_JJ_inventaire_JJ70-JJ75.xml
JJ73;176;4645;143r;Paris_AN_JJ_inventaire_JJ70-JJ75.xml
JJ73;177;4646;144r;Paris_AN_JJ_inventaire_JJ70-JJ75.xml
JJ73;178;4647;144v;Paris_AN_JJ_inventaire_JJ70-JJ75.xml
JJ73;179;4648;145r;Paris_AN_JJ_inventaire_JJ70-JJ75.xml
JJ73;180;4649;145v;Paris_AN_JJ_inventaire_JJ70-JJ75.xml
JJ73;181;4650;145v;Paris_AN_JJ_inventaire_JJ70-JJ75.xml
JJ73;182;4651;146r;Paris_AN_JJ_inventaire_JJ70-JJ75.xml
JJ73;183;4652;146v;Paris_AN_JJ_inventaire_JJ70-JJ75.xml
JJ73;184;4653;146v;Paris_AN_JJ_inventaire_JJ70-JJ75.xml
JJ73;185;4654;147r;Paris_AN_JJ_inventaire_JJ70-JJ75.xml
JJ73;186;4655;147v;Paris_AN_JJ_inventaire_JJ70-JJ75.xml
JJ73;187;4656;147v;Paris_AN_JJ_inventaire_JJ70-JJ75.xml
JJ73;188;4657;148r;Paris_AN_JJ_inventaire_JJ70-JJ75.xml
JJ73;189;4658;148v;Paris_AN_JJ_inventaire_JJ70-JJ75.xml
JJ73;190;4659;149r;Paris_AN_JJ_inventaire_JJ70-JJ75.xml
JJ73;191;4660;149r;Paris_AN_JJ_inventaire_JJ70-JJ75.xml
JJ73;192;4661;149v;Paris_AN_JJ_inventaire_JJ70-JJ75.xml
JJ73;193;4662;149v;Paris_AN_JJ_inventaire_JJ70-JJ75.xml
JJ73;194;4663;150r;Paris_AN_JJ_inventaire_JJ70-JJ75.xml
JJ73;195;4664;151r;Paris_AN_JJ_inventaire_JJ70-JJ75.xml
JJ73;196;4665;151v;Paris_AN_JJ_inventaire_JJ70-JJ75.xml
JJ73;197;4666;152r;Paris_AN_JJ_inventaire_JJ70-JJ75.xml
JJ73;198;4667;152v;Paris_AN_JJ_inventaire_JJ70-JJ75.xml
JJ73;199;4668;152v;Paris_AN_JJ_inventaire_JJ70-JJ75.xml
JJ73;200;4669;152v;Paris_AN_JJ_inventaire_JJ70-JJ75.xml
JJ73;201;4670;153v;Paris_AN_JJ_inventaire_JJ70-JJ75.xml
JJ73;202;4671;157r;Paris_AN_JJ_inventaire_JJ70-JJ75.xml
JJ73;203;4672;158r;Paris_AN_JJ_inventaire_JJ70-JJ75.xml
JJ73;204;4673;158r;Paris_AN_JJ_inventaire_JJ70-JJ75.xml
JJ73;205;4674;159r;Paris_AN_JJ_inventaire_JJ70-JJ75.xml
JJ73;206;4675;161vet168;Paris_AN_JJ_inventaire_JJ70-JJ75.xml
JJ73;207;4676;162r;Paris_AN_JJ_inventaire_JJ70-JJ75.xml
JJ73;208;4677;163v;Paris_AN_JJ_inventaire_JJ70-JJ75.xml
JJ73;209;4678;165r;Paris_AN_JJ_inventaire_JJ70-JJ75.xml
JJ73;210;4679;165v;Paris_AN_JJ_inventaire_JJ70-JJ75.xml
JJ73;211;4680;166r;Paris_AN_JJ_inventaire_JJ70-JJ75.xml
JJ73;212;4681;169v;Paris_AN_JJ_inventaire_JJ70-JJ75.xml
JJ73;213;4682;171r;Paris_AN_JJ_inventaire_JJ70-JJ75.xml
JJ73;214;4683;172r;Paris_AN_JJ_inventaire_JJ70-JJ75.xml
JJ73;215;4684;173r;Paris_AN_JJ_inventaire_JJ70-JJ75.xml
JJ73;216;4685;173r;Paris_AN_JJ_inventaire_JJ70-JJ75.xml
JJ73;217;4686;175v;Paris_AN_JJ_inventaire_JJ70-JJ75.xml
JJ73;218;4687;175v;Paris_AN_JJ_inventaire_JJ70-JJ75.xml
JJ73;219;4688;176r;Paris_AN_JJ_inventaire_JJ70-JJ75.xml
JJ73;220;4689;176r;Paris_AN_JJ_inventaire_JJ70-JJ75.xml
JJ73;221;4690;176v;Paris_AN_JJ_inventaire_JJ70-JJ75.xml
JJ73;222;4691;177r;Paris_AN_JJ_inventaire_JJ70-JJ75.xml
JJ73;223;4692;177r;Paris_AN_JJ_inventaire_JJ70-JJ75.xml
JJ73;224;4693;178r;Paris_AN_JJ_inventaire_JJ70-JJ75.xml
JJ73;225;4694;178r;Paris_AN_JJ_inventaire_JJ70-JJ75.xml
JJ73;226;4695;179r;Paris_AN_JJ_inventaire_JJ70-JJ75.xml
JJ73;227;4696;179r;Paris_AN_JJ_inventaire_JJ70-JJ75.xml
JJ73;228;4697;179v;Paris_AN_JJ_inventaire_JJ70-JJ75.xml
JJ73;229;4698;180r;Paris_AN_JJ_inventaire_JJ70-JJ75.xml
JJ73;230;4699;181r;Paris_AN_JJ_inventaire_JJ70-JJ75.xml
JJ73;231;4700;181r;Paris_AN_JJ_inventaire_JJ70-JJ75.xml
JJ73;232;4701;182r;Paris_AN_JJ_inventaire_JJ70-JJ75.xml
JJ73;233;4702;182r;Paris_AN_JJ_inventaire_JJ70-JJ75.xml
JJ73;234;4703;182v;Paris_AN_JJ_inventaire_JJ70-JJ75.xml
JJ73;235;4704;183r;Paris_AN_JJ_inventaire_JJ70-JJ75.xml
JJ73;236;4705;183r;Paris_AN_JJ_inventaire_JJ70-JJ75.xml
JJ73;237;4706;184r;Paris_AN_JJ_inventaire_JJ70-JJ75.xml
JJ73;238;4707;187r;Paris_AN_JJ_inventaire_JJ70-JJ75.xml
JJ73;239;4708;187v;Paris_AN_JJ_inventaire_JJ70-JJ75.xml
JJ73;240;4709;188r;Paris_AN_JJ_inventaire_JJ70-JJ75.xml
JJ73;241;4710;189v;Paris_AN_JJ_inventaire_JJ70-JJ75.xml
JJ73;242;4711;190r;Paris_AN_JJ_inventaire_JJ70-JJ75.xml
JJ73;243;4712;190v;Paris_AN_JJ_inventaire_JJ70-JJ75.xml
JJ73;244;4713;191r;Paris_AN_JJ_inventaire_JJ70-JJ75.xml
JJ73;245;4714;191r;Paris_AN_JJ_inventaire_JJ70-JJ75.xml
JJ73;246;4715;193v;Paris_AN_JJ_inventaire_JJ70-JJ75.xml
JJ73;247;4716;193v;Paris_AN_JJ_inventaire_JJ70-JJ75.xml
JJ73;248;4717;194r;Paris_AN_JJ_inventaire_JJ70-JJ75.xml
JJ73;249;4718;194r;Paris_AN_JJ_inventaire_JJ70-JJ75.xml
JJ73;250;4719;194v;Paris_AN_JJ_inventaire_JJ70-JJ75.xml
JJ73;251;4720;195r;Paris_AN_JJ_inventaire_JJ70-JJ75.xml
JJ73;252;4721;195v;Paris_AN_JJ_inventaire_JJ70-JJ75.xml
JJ73;253;4722;196r;Paris_AN_JJ_inventaire_JJ70-JJ75.xml
JJ73;254;4723;196v;Paris_AN_JJ_inventaire_JJ70-JJ75.xml
JJ73;255;4724;197r;Paris_AN_JJ_inventaire_JJ70-JJ75.xml
JJ73;256;4725;197v;Paris_AN_JJ_inventaire_JJ70-JJ75.xml
JJ73;257;4726;198r;Paris_AN_JJ_inventaire_JJ70-JJ75.xml
JJ73;258;4727;198v;Paris_AN_JJ_inventaire_JJ70-JJ75.xml
JJ73;259;4728;199r;Paris_AN_JJ_inventaire_JJ70-JJ75.xml
JJ73;260;4729;201r;Paris_AN_JJ_inventaire_JJ70-JJ75.xml
JJ73;261;4730;201r;Paris_AN_JJ_inventaire_JJ70-JJ75.xml
JJ73;261bis;4731;202r;Paris_AN_JJ_inventaire_JJ70-JJ75.xml
JJ73;262;4732;202r;Paris_AN_JJ_inventaire_JJ70-JJ75.xml
JJ73;263;4733;203r;Paris_AN_JJ_inventaire_JJ70-JJ75.xml
JJ73;264;4734;203r;Paris_AN_JJ_inventaire_JJ70-JJ75.xml
JJ73;265;4735;203v;Paris_AN_JJ_inventaire_JJ70-JJ75.xml
JJ73;266;4736;204v;Paris_AN_JJ_inventaire_JJ70-JJ75.xml
JJ73;267;4737;205r;Paris_AN_JJ_inventaire_JJ70-JJ75.xml
JJ73;268;4738;205r;Paris_AN_JJ_inventaire_JJ70-JJ75.xml
JJ73;269;4739;205v;Paris_AN_JJ_inventaire_JJ70-JJ75.xml
JJ73;270;4740;206r;Paris_AN_JJ_inventaire_JJ70-JJ75.xml
JJ73;271;4741;206v;Paris_AN_JJ_inventaire_JJ70-JJ75.xml
JJ73;272;4742;208r;Paris_AN_JJ_inventaire_JJ70-JJ75.xml
JJ73;273;4743;212r;Paris_AN_JJ_inventaire_JJ70-JJ75.xml
JJ73;274;4744;214r;Paris_AN_JJ_inventaire_JJ70-JJ75.xml
JJ73;275;4745;215r;Paris_AN_JJ_inventaire_JJ70-JJ75.xml
JJ73;276;4746;216r;Paris_AN_JJ_inventaire_JJ70-JJ75.xml
JJ73;277;4747;216v;Paris_AN_JJ_inventaire_JJ70-JJ75.xml
JJ73;278;4748;219r;Paris_AN_JJ_inventaire_JJ70-JJ75.xml
JJ73;279;4749;220r;Paris_AN_JJ_inventaire_JJ70-JJ75.xml
JJ73;280;4750;221r;Paris_AN_JJ_inventaire_JJ70-JJ75.xml
JJ73;281;4751;222v;Paris_AN_JJ_inventaire_JJ70-JJ75.xml
JJ73;282;4752;223r;Paris_AN_JJ_inventaire_JJ70-JJ75.xml
JJ73;283;4753;227r;Paris_AN_JJ_inventaire_JJ70-JJ75.xml
JJ73;284;4754;227v;Paris_AN_JJ_inventaire_JJ70-JJ75.xml
JJ73;287;4755;228r;Paris_AN_JJ_inventaire_JJ70-JJ75.xml
JJ73;288;4756;230r;Paris_AN_JJ_inventaire_JJ70-JJ75.xml
JJ73;289;4757;230v;Paris_AN_JJ_inventaire_JJ70-JJ75.xml
JJ73;290;4758;231r;Paris_AN_JJ_inventaire_JJ70-JJ75.xml
JJ73;291;4759;232v;Paris_AN_JJ_inventaire_JJ70-JJ75.xml
JJ73;292;4760;233v;Paris_AN_JJ_inventaire_JJ70-JJ75.xml
JJ73;293;4761;233v;Paris_AN_JJ_inventaire_JJ70-JJ75.xml
JJ73;294;4762;234r;Paris_AN_JJ_inventaire_JJ70-JJ75.xml
JJ73;295;4763;235r;Paris_AN_JJ_inventaire_JJ70-JJ75.xml
JJ73;296;4764;235v;Paris_AN_JJ_inventaire_JJ70-JJ75.xml
JJ73;297;4765;237r;Paris_AN_JJ_inventaire_JJ70-JJ75.xml
JJ73;298;4766;238r;Paris_AN_JJ_inventaire_JJ70-JJ75.xml
JJ73;299;4767;238r;Paris_AN_JJ_inventaire_JJ70-JJ75.xml
JJ73;300;4768;239r;Paris_AN_JJ_inventaire_JJ70-JJ75.xml
JJ73;301;4769;240r;Paris_AN_JJ_inventaire_JJ70-JJ75.xml
JJ73;302;4770;240v;Paris_AN_JJ_inventaire_JJ70-JJ75.xml
JJ73;303;4771;240v;Paris_AN_JJ_inventaire_JJ70-JJ75.xml
JJ73;304;4772;241r;Paris_AN_JJ_inventaire_JJ70-JJ75.xml
JJ73;305;4773;241v;Paris_AN_JJ_inventaire_JJ70-JJ75.xml
JJ73;306;4774;242r;Paris_AN_JJ_inventaire_JJ70-JJ75.xml
JJ73;307;4775;243r;Paris_AN_JJ_inventaire_JJ70-JJ75.xml
JJ73;308;4776;243v;Paris_AN_JJ_inventaire_JJ70-JJ75.xml
JJ73;309;4777;243v;Paris_AN_JJ_inventaire_JJ70-JJ75.xml
JJ73;310;4778;244r;Paris_AN_JJ_inventaire_JJ70-JJ75.xml
JJ73;311;4779;244v;Paris_AN_JJ_inventaire_JJ70-JJ75.xml
JJ73;312;4780;245r;Paris_AN_JJ_inventaire_JJ70-JJ75.xml
JJ73;313;4781;245v;Paris_AN_JJ_inventaire_JJ70-JJ75.xml
JJ73;314;4782;246r;Paris_AN_JJ_inventaire_JJ70-JJ75.xml
JJ73;315;4783;247r;Paris_AN_JJ_inventaire_JJ70-JJ75.xml
JJ73;316;4784;247v;Paris_AN_JJ_inventaire_JJ70-JJ75.xml
JJ73;317;4785;247v;Paris_AN_JJ_inventaire_JJ70-JJ75.xml
JJ73;318;4786;248r;Paris_AN_JJ_inventaire_JJ70-JJ75.xml
JJ73;319;4787;248v;Paris_AN_JJ_inventaire_JJ70-JJ75.xml
JJ73;320;4788;249r;Paris_AN_JJ_inventaire_JJ70-JJ75.xml
JJ73;321;4789;249v;Paris_AN_JJ_inventaire_JJ70-JJ75.xml
JJ73;322;4790;250r;Paris_AN_JJ_inventaire_JJ70-JJ75.xml
JJ73;323;4791;250v;Paris_AN_JJ_inventaire_JJ70-JJ75.xml
JJ73;324;4792;251v;Paris_AN_JJ_inventaire_JJ70-JJ75.xml
JJ73;325;4793;252r;Paris_AN_JJ_inventaire_JJ70-JJ75.xml
JJ73;326;4794;255r;Paris_AN_JJ_inventaire_JJ70-JJ75.xml
JJ73;327;4795;262v;Paris_AN_JJ_inventaire_JJ70-JJ75.xml
JJ73;328;4796;263r;Paris_AN_JJ_inventaire_JJ70-JJ75.xml
JJ73;329;4797;263r;Paris_AN_JJ_inventaire_JJ70-JJ75.xml
JJ73;330;4798;264r;Paris_AN_JJ_inventaire_JJ70-JJ75.xml
JJ73;331;4799;264r;Paris_AN_JJ_inventaire_JJ70-JJ75.xml
JJ73;332;4800;265r;Paris_AN_JJ_inventaire_JJ70-JJ75.xml
JJ73;333;4801;265v;Paris_AN_JJ_inventaire_JJ70-JJ75.xml
JJ73;334;4802;266r;Paris_AN_JJ_inventaire_JJ70-JJ75.xml
JJ73;335;4803;267v;Paris_AN_JJ_inventaire_JJ70-JJ75.xml
JJ73;336;4804;269r;Paris_AN_JJ_inventaire_JJ70-JJ75.xml
JJ73;337;4805;269r;Paris_AN_JJ_inventaire_JJ70-JJ75.xml
JJ73;338;4806;269v;Paris_AN_JJ_inventaire_JJ70-JJ75.xml
JJ73;339;4807;271v;Paris_AN_JJ_inventaire_JJ70-JJ75.xml
JJ73;340;4808;273v;Paris_AN_JJ_inventaire_JJ70-JJ75.xml
JJ73;341;4809;277r;Paris_AN_JJ_inventaire_JJ70-JJ75.xml
JJ73;342;4810;277v;Paris_AN_JJ_inventaire_JJ70-JJ75.xml
JJ73;343;4811;278r;Paris_AN_JJ_inventaire_JJ70-JJ75.xml
JJ73;344;4812;279r;Paris_AN_JJ_inventaire_JJ70-JJ75.xml
JJ73;345;4813;279v;Paris_AN_JJ_inventaire_JJ70-JJ75.xml
JJ73;346;4814;280r;Paris_AN_JJ_inventaire_JJ70-JJ75.xml
JJ73;347;4815;280v;Paris_AN_JJ_inventaire_JJ70-JJ75.xml
JJ73;348;4816;281v;Paris_AN_JJ_inventaire_JJ70-JJ75.xml
JJ73;349;4817;282r;Paris_AN_JJ_inventaire_JJ70-JJ75.xml
JJ74;1;4818;1r;Paris_AN_JJ_inventaire_JJ70-JJ75.xml
JJ74;2;4819;1r;Paris_AN_JJ_inventaire_JJ70-JJ75.xml
JJ74;3;4820;2r;Paris_AN_JJ_inventaire_JJ70-JJ75.xml
JJ74;4;4821;3v;Paris_AN_JJ_inventaire_JJ70-JJ75.xml
JJ74;5;4822;3v;Paris_AN_JJ_inventaire_JJ70-JJ75.xml
JJ74;6;4823;4r;Paris_AN_JJ_inventaire_JJ70-JJ75.xml
JJ74;7;4824;4r;Paris_AN_JJ_inventaire_JJ70-JJ75.xml
JJ74;8;4825;5r;Paris_AN_JJ_inventaire_JJ70-JJ75.xml
JJ74;9;4826;5r;Paris_AN_JJ_inventaire_JJ70-JJ75.xml
JJ74;10;4827;5r;Paris_AN_JJ_inventaire_JJ70-JJ75.xml
JJ74;11;4828;6r;Paris_AN_JJ_inventaire_JJ70-JJ75.xml
JJ74;12;4829;7v;Paris_AN_JJ_inventaire_JJ70-JJ75.xml
JJ74;13;4830;7v;Paris_AN_JJ_inventaire_JJ70-JJ75.xml
JJ74;13;4831;7v;Paris_AN_JJ_inventaire_JJ70-JJ75.xml
JJ74;15;4832;8r;Paris_AN_JJ_inventaire_JJ70-JJ75.xml
JJ74;16;4833;8v;Paris_AN_JJ_inventaire_JJ70-JJ75.xml
JJ74;17;4834;8v;Paris_AN_JJ_inventaire_JJ70-JJ75.xml
JJ74;18;4835;9r;Paris_AN_JJ_inventaire_JJ70-JJ75.xml
JJ74;19;4836;9r;Paris_AN_JJ_inventaire_JJ70-JJ75.xml
JJ74;20;4837;10r;Paris_AN_JJ_inventaire_JJ70-JJ75.xml
JJ74;21;4838;11r;Paris_AN_JJ_inventaire_JJ70-JJ75.xml
JJ74;22;4839;11r;Paris_AN_JJ_inventaire_JJ70-JJ75.xml
JJ74;23;4840;12v;Paris_AN_JJ_inventaire_JJ70-JJ75.xml
JJ74;24;4841;12v;Paris_AN_JJ_inventaire_JJ70-JJ75.xml
JJ74;25;4842;13r;Paris_AN_JJ_inventaire_JJ70-JJ75.xml
JJ74;26;4843;13v;Paris_AN_JJ_inventaire_JJ70-JJ75.xml
JJ74;26bis;4844;13v;Paris_AN_JJ_inventaire_JJ70-JJ75.xml
JJ74;27;4845;14v;Paris_AN_JJ_inventaire_JJ70-JJ75.xml
JJ74;28;4846;14v;Paris_AN_JJ_inventaire_JJ70-JJ75.xml
JJ74;29;4847;15r;Paris_AN_JJ_inventaire_JJ70-JJ75.xml
JJ74;30;4848;15r;Paris_AN_JJ_inventaire_JJ70-JJ75.xml
JJ74;31;4849;15v;Paris_AN_JJ_inventaire_JJ70-JJ75.xml
JJ74;32;4850;15v;Paris_AN_JJ_inventaire_JJ70-JJ75.xml
JJ74;33;4851;21r;Paris_AN_JJ_inventaire_JJ70-JJ75.xml
JJ74;34;4852;21v;Paris_AN_JJ_inventaire_JJ70-JJ75.xml
JJ74;35;4853;21v;Paris_AN_JJ_inventaire_JJ70-JJ75.xml
JJ74;36;4854;21v;Paris_AN_JJ_inventaire_JJ70-JJ75.xml
JJ74;37;4855;22r;Paris_AN_JJ_inventaire_JJ70-JJ75.xml
JJ74;38;4856;22r;Paris_AN_JJ_inventaire_JJ70-JJ75.xml
JJ74;39;4857;22r;Paris_AN_JJ_inventaire_JJ70-JJ75.xml
JJ74;40;4858;22v;Paris_AN_JJ_inventaire_JJ70-JJ75.xml
JJ74;41;4859;23r;Paris_AN_JJ_inventaire_JJ70-JJ75.xml
JJ74;42;4860;23v;Paris_AN_JJ_inventaire_JJ70-JJ75.xml
JJ74;43;4861;23v;Paris_AN_JJ_inventaire_JJ70-JJ75.xml
JJ74;44;4862;24r;Paris_AN_JJ_inventaire_JJ70-JJ75.xml
JJ74;45;4863;24r;Paris_AN_JJ_inventaire_JJ70-JJ75.xml
JJ74;46;4864;25r;Paris_AN_JJ_inventaire_JJ70-JJ75.xml
JJ74;47;4865;25r;Paris_AN_JJ_inventaire_JJ70-JJ75.xml
JJ74;48;4866;27v;Paris_AN_JJ_inventaire_JJ70-JJ75.xml
JJ74;49;4867;28v;Paris_AN_JJ_inventaire_JJ70-JJ75.xml
JJ74;50;4868;29v;Paris_AN_JJ_inventaire_JJ70-JJ75.xml
JJ74;51;4869;30v;Paris_AN_JJ_inventaire_JJ70-JJ75.xml
JJ74;52;4870;31r;Paris_AN_JJ_inventaire_JJ70-JJ75.xml
JJ74;53;4871;31v;Paris_AN_JJ_inventaire_JJ70-JJ75.xml
JJ74;54;4872;32r;Paris_AN_JJ_inventaire_JJ70-JJ75.xml
JJ74;55;4873;32r;Paris_AN_JJ_inventaire_JJ70-JJ75.xml
JJ74;56;4874;32v;Paris_AN_JJ_inventaire_JJ70-JJ75.xml
JJ74;57;4875;33r;Paris_AN_JJ_inventaire_JJ70-JJ75.xml
JJ74;58;4876;33r;Paris_AN_JJ_inventaire_JJ70-JJ75.xml
JJ74;59;4877;33v;Paris_AN_JJ_inventaire_JJ70-JJ75.xml
JJ74;60;4878;35r;Paris_AN_JJ_inventaire_JJ70-JJ75.xml
JJ74;61;4879;35v;Paris_AN_JJ_inventaire_JJ70-JJ75.xml
JJ74;62;4880;36r;Paris_AN_JJ_inventaire_JJ70-JJ75.xml
JJ74;63;4881;37v;Paris_AN_JJ_inventaire_JJ70-JJ75.xml
JJ74;64;4882;38r;Paris_AN_JJ_inventaire_JJ70-JJ75.xml
JJ74;65;4883;38v;Paris_AN_JJ_inventaire_JJ70-JJ75.xml
JJ74;66;4884;38v;Paris_AN_JJ_inventaire_JJ70-JJ75.xml
JJ74;67;4885;39r;Paris_AN_JJ_inventaire_JJ70-JJ75.xml
JJ74;68;4886;39v;Paris_AN_JJ_inventaire_JJ70-JJ75.xml
JJ74;69;4887;40v;Paris_AN_JJ_inventaire_JJ70-JJ75.xml
JJ74;70;4888;41r;Paris_AN_JJ_inventaire_JJ70-JJ75.xml
JJ74;71;4889;42v;Paris_AN_JJ_inventaire_JJ70-JJ75.xml
JJ74;72;4890;43r;Paris_AN_JJ_inventaire_JJ70-JJ75.xml
JJ74;73;4891;43r;Paris_AN_JJ_inventaire_JJ70-JJ75.xml
JJ74;74;4892;44r;Paris_AN_JJ_inventaire_JJ70-JJ75.xml
JJ74;75;4893;44v;Paris_AN_JJ_inventaire_JJ70-JJ75.xml
JJ74;76;4894;44r;Paris_AN_JJ_inventaire_JJ70-JJ75.xml
JJ74;77;4895;45r;Paris_AN_JJ_inventaire_JJ70-JJ75.xml
JJ74;78;4896;46r;Paris_AN_JJ_inventaire_JJ70-JJ75.xml
JJ74;79;4897;47r;Paris_AN_JJ_inventaire_JJ70-JJ75.xml
JJ74;80;4898;48r;Paris_AN_JJ_inventaire_JJ70-JJ75.xml
JJ74;81;4899;49r;Paris_AN_JJ_inventaire_JJ70-JJ75.xml
JJ74;82;4900;50r;Paris_AN_JJ_inventaire_JJ70-JJ75.xml
JJ74;83;4901;50v;Paris_AN_JJ_inventaire_JJ70-JJ75.xml
JJ74;84;4902;51r;Paris_AN_JJ_inventaire_JJ70-JJ75.xml
JJ74;85;4903;53v;Paris_AN_JJ_inventaire_JJ70-JJ75.xml
JJ74;86;4904;54r;Paris_AN_JJ_inventaire_JJ70-JJ75.xml
JJ74;87;4905;56r;Paris_AN_JJ_inventaire_JJ70-JJ75.xml
JJ74;88;4906;56v;Paris_AN_JJ_inventaire_JJ70-JJ75.xml
JJ74;89;4907;56v;Paris_AN_JJ_inventaire_JJ70-JJ75.xml
JJ74;90;4908;56v;Paris_AN_JJ_inventaire_JJ70-JJ75.xml
JJ74;91;4909;57r;Paris_AN_JJ_inventaire_JJ70-JJ75.xml
JJ74;92;4910;57r;Paris_AN_JJ_inventaire_JJ70-JJ75.xml
JJ74;93;4911;57v;Paris_AN_JJ_inventaire_JJ70-JJ75.xml
JJ74;94;4912;59r;Paris_AN_JJ_inventaire_JJ70-JJ75.xml
JJ74;95;4913;59v;Paris_AN_JJ_inventaire_JJ70-JJ75.xml
JJ74;96;4914;60v;Paris_AN_JJ_inventaire_JJ70-JJ75.xml
JJ74;97;4915;60v;Paris_AN_JJ_inventaire_JJ70-JJ75.xml
JJ74;98;4916;61v;Paris_AN_JJ_inventaire_JJ70-JJ75.xml
JJ74;99;4917;61v;Paris_AN_JJ_inventaire_JJ70-JJ75.xml
JJ74;100;4918;62r;Paris_AN_JJ_inventaire_JJ70-JJ75.xml
JJ74;101;4919;62r;Paris_AN_JJ_inventaire_JJ70-JJ75.xml
JJ74;102;4920;62v;Paris_AN_JJ_inventaire_JJ70-JJ75.xml
JJ74;103;4921;62v;Paris_AN_JJ_inventaire_JJ70-JJ75.xml
JJ74;104;4922;63r;Paris_AN_JJ_inventaire_JJ70-JJ75.xml
JJ74;105;4923;64r;Paris_AN_JJ_inventaire_JJ70-JJ75.xml
JJ74;106;4924;65v;Paris_AN_JJ_inventaire_JJ70-JJ75.xml
JJ74;107;4925;66r;Paris_AN_JJ_inventaire_JJ70-JJ75.xml
JJ74;108;4926;66v;Paris_AN_JJ_inventaire_JJ70-JJ75.xml
JJ74;109;4927;67r;Paris_AN_JJ_inventaire_JJ70-JJ75.xml
JJ74;110;4928;68v;Paris_AN_JJ_inventaire_JJ70-JJ75.xml
JJ74;111;4929;69v;Paris_AN_JJ_inventaire_JJ70-JJ75.xml
JJ74;112;4930;71r;Paris_AN_JJ_inventaire_JJ70-JJ75.xml
JJ74;113;4931;72r;Paris_AN_JJ_inventaire_JJ70-JJ75.xml
JJ74;114;4932;72r;Paris_AN_JJ_inventaire_JJ70-JJ75.xml
JJ74;115;4933;72r;Paris_AN_JJ_inventaire_JJ70-JJ75.xml
JJ74;116;4934;72v;Paris_AN_JJ_inventaire_JJ70-JJ75.xml
JJ74;117;4935;74r;Paris_AN_JJ_inventaire_JJ70-JJ75.xml
JJ74;118;4936;74v;Paris_AN_JJ_inventaire_JJ70-JJ75.xml
JJ74;119;4937;75r;Paris_AN_JJ_inventaire_JJ70-JJ75.xml
JJ74;120;4938;75r;Paris_AN_JJ_inventaire_JJ70-JJ75.xml
JJ74;121;4939;75r;Paris_AN_JJ_inventaire_JJ70-JJ75.xml
JJ74;122;4940;75v;Paris_AN_JJ_inventaire_JJ70-JJ75.xml
JJ74;123;4941;75v;Paris_AN_JJ_inventaire_JJ70-JJ75.xml
JJ74;124;4942;76r;Paris_AN_JJ_inventaire_JJ70-JJ75.xml
JJ74;125;4943;76r;Paris_AN_JJ_inventaire_JJ70-JJ75.xml
JJ74;126;4944;78r;Paris_AN_JJ_inventaire_JJ70-JJ75.xml
JJ74;127;4945;79r;Paris_AN_JJ_inventaire_JJ70-JJ75.xml
JJ74;128;4946;80r;Paris_AN_JJ_inventaire_JJ70-JJ75.xml
JJ74;129;4947;80r;Paris_AN_JJ_inventaire_JJ70-JJ75.xml
JJ74;130;4948;80v;Paris_AN_JJ_inventaire_JJ70-JJ75.xml
JJ74;131;4949;80v;Paris_AN_JJ_inventaire_JJ70-JJ75.xml
JJ74;132;4950;81v;Paris_AN_JJ_inventaire_JJ70-JJ75.xml
JJ74;133;4951;81v;Paris_AN_JJ_inventaire_JJ70-JJ75.xml
JJ74;134;4952;82v;Paris_AN_JJ_inventaire_JJ70-JJ75.xml
JJ74;135;4953;83r;Paris_AN_JJ_inventaire_JJ70-JJ75.xml
JJ74;136;4954;83v;Paris_AN_JJ_inventaire_JJ70-JJ75.xml
JJ74;137;4955;83v;Paris_AN_JJ_inventaire_JJ70-JJ75.xml
JJ74;138;4956;84r;Paris_AN_JJ_inventaire_JJ70-JJ75.xml
JJ74;139;4957;85r;Paris_AN_JJ_inventaire_JJ70-JJ75.xml
JJ74;140;4958;87r;Paris_AN_JJ_inventaire_JJ70-JJ75.xml
JJ74;141;4959;87r;Paris_AN_JJ_inventaire_JJ70-JJ75.xml
JJ74;142;4960;88r;Paris_AN_JJ_inventaire_JJ70-JJ75.xml
JJ74;143;4961;88v;Paris_AN_JJ_inventaire_JJ70-JJ75.xml
JJ74;144;4962;88v;Paris_AN_JJ_inventaire_JJ70-JJ75.xml
JJ74;145;4963;89v;Paris_AN_JJ_inventaire_JJ70-JJ75.xml
JJ74;146;4964;90v;Paris_AN_JJ_inventaire_JJ70-JJ75.xml
JJ74;147;4965;90v;Paris_AN_JJ_inventaire_JJ70-JJ75.xml
JJ74;148;4966;91r;Paris_AN_JJ_inventaire_JJ70-JJ75.xml
JJ74;149;4967;91v;Paris_AN_JJ_inventaire_JJ70-JJ75.xml
JJ74;150;4968;92r;Paris_AN_JJ_inventaire_JJ70-JJ75.xml
JJ74;151;4969;92r;Paris_AN_JJ_inventaire_JJ70-JJ75.xml
JJ74;152;4970;92r;Paris_AN_JJ_inventaire_JJ70-JJ75.xml
JJ74;153;4971;93r;Paris_AN_JJ_inventaire_JJ70-JJ75.xml
JJ74;154;4972;93r;Paris_AN_JJ_inventaire_JJ70-JJ75.xml
JJ74;155;4973;93r;Paris_AN_JJ_inventaire_JJ70-JJ75.xml
JJ74;156;4974;994r;Paris_AN_JJ_inventaire_JJ70-JJ75.xml
JJ74;157;4975;94r;Paris_AN_JJ_inventaire_JJ70-JJ75.xml
JJ74;158;4976;94r;Paris_AN_JJ_inventaire_JJ70-JJ75.xml
JJ74;158bis;4977;95v;Paris_AN_JJ_inventaire_JJ70-JJ75.xml
JJ74;159;4978;95v;Paris_AN_JJ_inventaire_JJ70-JJ75.xml
JJ74;160;4979;97v;Paris_AN_JJ_inventaire_JJ70-JJ75.xml
JJ74;161;4980;98r;Paris_AN_JJ_inventaire_JJ70-JJ75.xml
JJ74;162;4981;98v;Paris_AN_JJ_inventaire_JJ70-JJ75.xml
JJ74;163;4982;99r;Paris_AN_JJ_inventaire_JJ70-JJ75.xml
JJ74;164;4983;99v;Paris_AN_JJ_inventaire_JJ70-JJ75.xml
JJ74;165;4984;100r;Paris_AN_JJ_inventaire_JJ70-JJ75.xml
JJ74;166;4985;100v;Paris_AN_JJ_inventaire_JJ70-JJ75.xml
JJ74;167;4986;100v;Paris_AN_JJ_inventaire_JJ70-JJ75.xml
JJ74;168;4987;101r;Paris_AN_JJ_inventaire_JJ70-JJ75.xml
JJ74;169;4988;102r;Paris_AN_JJ_inventaire_JJ70-JJ75.xml
JJ74;170;4989;102v;Paris_AN_JJ_inventaire_JJ70-JJ75.xml
JJ74;171;4990;103r;Paris_AN_JJ_inventaire_JJ70-JJ75.xml
JJ74;172;4991;103v;Paris_AN_JJ_inventaire_JJ70-JJ75.xml
JJ74;173;4992;105r;Paris_AN_JJ_inventaire_JJ70-JJ75.xml
JJ74;174;4993;105v;Paris_AN_JJ_inventaire_JJ70-JJ75.xml
JJ74;175;4994;106v;Paris_AN_JJ_inventaire_JJ70-JJ75.xml
JJ74;176;4995;107r;Paris_AN_JJ_inventaire_JJ70-JJ75.xml
JJ74;177;4996;107r;Paris_AN_JJ_inventaire_JJ70-JJ75.xml
JJ74;178;4997;107r;Paris_AN_JJ_inventaire_JJ70-JJ75.xml
JJ74;179;4998;108r;Paris_AN_JJ_inventaire_JJ70-JJ75.xml
JJ74;180;4999;108r;Paris_AN_JJ_inventaire_JJ70-JJ75.xml
JJ74;181;5000;108r;Paris_AN_JJ_inventaire_JJ70-JJ75.xml
JJ74;182;5001;108r;Paris_AN_JJ_inventaire_JJ70-JJ75.xml
JJ74;183;5002;108r;Paris_AN_JJ_inventaire_JJ70-JJ75.xml
JJ74;184;5003;108r;Paris_AN_JJ_inventaire_JJ70-JJ75.xml
JJ74;185;5004;108v;Paris_AN_JJ_inventaire_JJ70-JJ75.xml
JJ74;186;5005;109r;Paris_AN_JJ_inventaire_JJ70-JJ75.xml
JJ74;187;5006;109r;Paris_AN_JJ_inventaire_JJ70-JJ75.xml
JJ74;188;5007;109v;Paris_AN_JJ_inventaire_JJ70-JJ75.xml
JJ74;189;5008;109v;Paris_AN_JJ_inventaire_JJ70-JJ75.xml
JJ74;190;5009;110v;Paris_AN_JJ_inventaire_JJ70-JJ75.xml
JJ74;191;5010;111r;Paris_AN_JJ_inventaire_JJ70-JJ75.xml
JJ74;192;5011;112r;Paris_AN_JJ_inventaire_JJ70-JJ75.xml
JJ74;193;5012;112v;Paris_AN_JJ_inventaire_JJ70-JJ75.xml
JJ74;194;5013;113r;Paris_AN_JJ_inventaire_JJ70-JJ75.xml
JJ74;195;5014;114v;Paris_AN_JJ_inventaire_JJ70-JJ75.xml
JJ74;196;5015;115r;Paris_AN_JJ_inventaire_JJ70-JJ75.xml
JJ74;197;5016;116v;Paris_AN_JJ_inventaire_JJ70-JJ75.xml
JJ74;198;5017;116v;Paris_AN_JJ_inventaire_JJ70-JJ75.xml
JJ74;199;5018;117r;Paris_AN_JJ_inventaire_JJ70-JJ75.xml
JJ74;200;5019;118v;Paris_AN_JJ_inventaire_JJ70-JJ75.xml
JJ74;201;5020;118vet120;Paris_AN_JJ_inventaire_JJ70-JJ75.xml
JJ74;201bis;5021;119r;Paris_AN_JJ_inventaire_JJ70-JJ75.xml
JJ74;202;5022;119r;Paris_AN_JJ_inventaire_JJ70-JJ75.xml
JJ74;203;5023;119v;Paris_AN_JJ_inventaire_JJ70-JJ75.xml
JJ74;204;5024;119v;Paris_AN_JJ_inventaire_JJ70-JJ75.xml
JJ74;205;5025;120r;Paris_AN_JJ_inventaire_JJ70-JJ75.xml
JJ74;206;5026;120v;Paris_AN_JJ_inventaire_JJ70-JJ75.xml
JJ74;207;5027;121r;Paris_AN_JJ_inventaire_JJ70-JJ75.xml
JJ74;208;5028;121r;Paris_AN_JJ_inventaire_JJ70-JJ75.xml
JJ74;209;5029;121v;Paris_AN_JJ_inventaire_JJ70-JJ75.xml
JJ74;210;5030;121v;Paris_AN_JJ_inventaire_JJ70-JJ75.xml
JJ74;211;5031;122r;Paris_AN_JJ_inventaire_JJ70-JJ75.xml
JJ74;212;5032;122v;Paris_AN_JJ_inventaire_JJ70-JJ75.xml
JJ74;213;5033;123r;Paris_AN_JJ_inventaire_JJ70-JJ75.xml
JJ74;214;5034;123r;Paris_AN_JJ_inventaire_JJ70-JJ75.xml
JJ74;215;5035;123v;Paris_AN_JJ_inventaire_JJ70-JJ75.xml
JJ74;216;5036;123v;Paris_AN_JJ_inventaire_JJ70-JJ75.xml
JJ74;217;5037;124r;Paris_AN_JJ_inventaire_JJ70-JJ75.xml
JJ74;218;5038;124r;Paris_AN_JJ_inventaire_JJ70-JJ75.xml
JJ74;219;5039;124v;Paris_AN_JJ_inventaire_JJ70-JJ75.xml
JJ74;220;5040;124v;Paris_AN_JJ_inventaire_JJ70-JJ75.xml
JJ74;221;5041;125r;Paris_AN_JJ_inventaire_JJ70-JJ75.xml
JJ74;222;5042;125r;Paris_AN_JJ_inventaire_JJ70-JJ75.xml
JJ74;223;5043;125v;Paris_AN_JJ_inventaire_JJ70-JJ75.xml
JJ74;224;5044;126r;Paris_AN_JJ_inventaire_JJ70-JJ75.xml
JJ74;225;5045;126v;Paris_AN_JJ_inventaire_JJ70-JJ75.xml
JJ74;226;5046;127r;Paris_AN_JJ_inventaire_JJ70-JJ75.xml
JJ74;227;5047;127r;Paris_AN_JJ_inventaire_JJ70-JJ75.xml
JJ74;228;5048;127v;Paris_AN_JJ_inventaire_JJ70-JJ75.xml
JJ74;229;5049;128r;Paris_AN_JJ_inventaire_JJ70-JJ75.xml
JJ74;230;5050;128r;Paris_AN_JJ_inventaire_JJ70-JJ75.xml
JJ74;231;5051;128v;Paris_AN_JJ_inventaire_JJ70-JJ75.xml
JJ74;232;5052;129r;Paris_AN_JJ_inventaire_JJ70-JJ75.xml
JJ74;233;5053;132r;Paris_AN_JJ_inventaire_JJ70-JJ75.xml
JJ74;234;5054;132v;Paris_AN_JJ_inventaire_JJ70-JJ75.xml
JJ74;235;5055;133r;Paris_AN_JJ_inventaire_JJ70-JJ75.xml
JJ74;236;5056;133v;Paris_AN_JJ_inventaire_JJ70-JJ75.xml
JJ74;237;5057;134r;Paris_AN_JJ_inventaire_JJ70-JJ75.xml
JJ74;238;5058;135r;Paris_AN_JJ_inventaire_JJ70-JJ75.xml
JJ74;239;5059;137v;Paris_AN_JJ_inventaire_JJ70-JJ75.xml
JJ74;240;5060;138r;Paris_AN_JJ_inventaire_JJ70-JJ75.xml
JJ74;241;5061;138v;Paris_AN_JJ_inventaire_JJ70-JJ75.xml
JJ74;242;5062;139ter;Paris_AN_JJ_inventaire_JJ70-JJ75.xml
JJ74;243;5063;141r;Paris_AN_JJ_inventaire_JJ70-JJ75.xml
JJ74;244;5064;142r;Paris_AN_JJ_inventaire_JJ70-JJ75.xml
JJ74;245;5065;143v;Paris_AN_JJ_inventaire_JJ70-JJ75.xml
JJ74;246;5066;144r;Paris_AN_JJ_inventaire_JJ70-JJ75.xml
JJ74;247;5067;144v;Paris_AN_JJ_inventaire_JJ70-JJ75.xml
JJ74;248;5068;145r;Paris_AN_JJ_inventaire_JJ70-JJ75.xml
JJ74;249;5069;145v;Paris_AN_JJ_inventaire_JJ70-JJ75.xml
JJ74;250;5070;146v;Paris_AN_JJ_inventaire_JJ70-JJ75.xml
JJ74;251;5071;147r;Paris_AN_JJ_inventaire_JJ70-JJ75.xml
JJ74;252;5072;148r;Paris_AN_JJ_inventaire_JJ70-JJ75.xml
JJ74;253;5073;148v;Paris_AN_JJ_inventaire_JJ70-JJ75.xml
JJ74;254;5074;148v;Paris_AN_JJ_inventaire_JJ70-JJ75.xml
JJ74;255;5075;150r;Paris_AN_JJ_inventaire_JJ70-JJ75.xml
JJ74;256;5076;150r;Paris_AN_JJ_inventaire_JJ70-JJ75.xml
JJ74;257;5077;151r;Paris_AN_JJ_inventaire_JJ70-JJ75.xml
JJ74;258;5078;151v;Paris_AN_JJ_inventaire_JJ70-JJ75.xml
JJ74;259;5079;153r;Paris_AN_JJ_inventaire_JJ70-JJ75.xml
JJ74;260;5080;154r;Paris_AN_JJ_inventaire_JJ70-JJ75.xml
JJ74;261;5081;154r;Paris_AN_JJ_inventaire_JJ70-JJ75.xml
JJ74;262;5082;154v;Paris_AN_JJ_inventaire_JJ70-JJ75.xml
JJ74;263;5083;155r;Paris_AN_JJ_inventaire_JJ70-JJ75.xml
JJ74;264;5084;155v;Paris_AN_JJ_inventaire_JJ70-JJ75.xml
JJ74;265;5085;155v;Paris_AN_JJ_inventaire_JJ70-JJ75.xml
JJ74;266;5086;156r;Paris_AN_JJ_inventaire_JJ70-JJ75.xml
JJ74;267;5087;156v;Paris_AN_JJ_inventaire_JJ70-JJ75.xml
JJ74;268;5088;156v;Paris_AN_JJ_inventaire_JJ70-JJ75.xml
JJ74;269;5089;157r;Paris_AN_JJ_inventaire_JJ70-JJ75.xml
JJ74;270;5090;158r;Paris_AN_JJ_inventaire_JJ70-JJ75.xml
JJ74;271;5091;158r;Paris_AN_JJ_inventaire_JJ70-JJ75.xml
JJ74;272;5092;158v;Paris_AN_JJ_inventaire_JJ70-JJ75.xml
JJ74;273;5093;159r;Paris_AN_JJ_inventaire_JJ70-JJ75.xml
JJ74;274;5094;160r;Paris_AN_JJ_inventaire_JJ70-JJ75.xml
JJ74;275;5095;160r;Paris_AN_JJ_inventaire_JJ70-JJ75.xml
JJ74;276;5096;161r;Paris_AN_JJ_inventaire_JJ70-JJ75.xml
JJ74;277;5097;161v;Paris_AN_JJ_inventaire_JJ70-JJ75.xml
JJ74;278;5098;162r;Paris_AN_JJ_inventaire_JJ70-JJ75.xml
JJ74;279;5099;162r;Paris_AN_JJ_inventaire_JJ70-JJ75.xml
JJ74;280;5100;162v;Paris_AN_JJ_inventaire_JJ70-JJ75.xml
JJ74;281;5101;163r;Paris_AN_JJ_inventaire_JJ70-JJ75.xml
JJ74;282;5102;164v;Paris_AN_JJ_inventaire_JJ70-JJ75.xml
JJ74;283;5103;165r;Paris_AN_JJ_inventaire_JJ70-JJ75.xml
JJ74;284;5104;165v;Paris_AN_JJ_inventaire_JJ70-JJ75.xml
JJ74;285;5105;166r;Paris_AN_JJ_inventaire_JJ70-JJ75.xml
JJ74;286;5106;166v;Paris_AN_JJ_inventaire_JJ70-JJ75.xml
JJ74;287;5107;168v;Paris_AN_JJ_inventaire_JJ70-JJ75.xml
JJ74;288;5108;169r;Paris_AN_JJ_inventaire_JJ70-JJ75.xml
JJ74;289;5109;170r;Paris_AN_JJ_inventaire_JJ70-JJ75.xml
JJ74;290;5110;172r;Paris_AN_JJ_inventaire_JJ70-JJ75.xml
JJ74;291;5111;172v;Paris_AN_JJ_inventaire_JJ70-JJ75.xml
JJ74;292;5112;172v;Paris_AN_JJ_inventaire_JJ70-JJ75.xml
JJ74;293;5113;173r;Paris_AN_JJ_inventaire_JJ70-JJ75.xml
JJ74;294;5114;173r;Paris_AN_JJ_inventaire_JJ70-JJ75.xml
JJ74;295;5115;173v;Paris_AN_JJ_inventaire_JJ70-JJ75.xml
JJ74;296;5116;174r;Paris_AN_JJ_inventaire_JJ70-JJ75.xml
JJ74;297;5117;174r;Paris_AN_JJ_inventaire_JJ70-JJ75.xml
JJ74;298;5118;174v;Paris_AN_JJ_inventaire_JJ70-JJ75.xml
JJ74;299;5119;174v;Paris_AN_JJ_inventaire_JJ70-JJ75.xml
JJ74;300;5120;175r;Paris_AN_JJ_inventaire_JJ70-JJ75.xml
JJ74;301;5121;175v;Paris_AN_JJ_inventaire_JJ70-JJ75.xml
JJ74;302;5122;176r;Paris_AN_JJ_inventaire_JJ70-JJ75.xml
JJ74;303;5123;176r;Paris_AN_JJ_inventaire_JJ70-JJ75.xml
JJ74;304;5124;176v;Paris_AN_JJ_inventaire_JJ70-JJ75.xml
JJ74;305;5125;177v;Paris_AN_JJ_inventaire_JJ70-JJ75.xml
JJ74;306;5126;178r;Paris_AN_JJ_inventaire_JJ70-JJ75.xml
JJ74;307;5127;178r;Paris_AN_JJ_inventaire_JJ70-JJ75.xml
JJ74;308;5128;179r;Paris_AN_JJ_inventaire_JJ70-JJ75.xml
JJ74;309;5129;182v;Paris_AN_JJ_inventaire_JJ70-JJ75.xml
JJ74;310;5130;183r;Paris_AN_JJ_inventaire_JJ70-JJ75.xml
JJ74;311;5131;183v;Paris_AN_JJ_inventaire_JJ70-JJ75.xml
JJ74;312;5132;183v;Paris_AN_JJ_inventaire_JJ70-JJ75.xml
JJ74;313;5133;184r;Paris_AN_JJ_inventaire_JJ70-JJ75.xml
JJ74;314;5134;184v;Paris_AN_JJ_inventaire_JJ70-JJ75.xml
JJ74;315;5135;185r;Paris_AN_JJ_inventaire_JJ70-JJ75.xml
JJ74;316;5136;185r;Paris_AN_JJ_inventaire_JJ70-JJ75.xml
JJ74;317;5137;187v;Paris_AN_JJ_inventaire_JJ70-JJ75.xml
JJ74;318;5138;187v;Paris_AN_JJ_inventaire_JJ70-JJ75.xml
JJ74;319;5139;188r;Paris_AN_JJ_inventaire_JJ70-JJ75.xml
JJ74;320;5140;188r;Paris_AN_JJ_inventaire_JJ70-JJ75.xml
JJ74;321;5141;189r;Paris_AN_JJ_inventaire_JJ70-JJ75.xml
JJ74;322;5142;189r;Paris_AN_JJ_inventaire_JJ70-JJ75.xml
JJ74;323;5143;189r;Paris_AN_JJ_inventaire_JJ70-JJ75.xml
JJ74;324;5144;189v;Paris_AN_JJ_inventaire_JJ70-JJ75.xml
JJ74;325;5145;189v;Paris_AN_JJ_inventaire_JJ70-JJ75.xml
JJ74;326;5146;190r;Paris_AN_JJ_inventaire_JJ70-JJ75.xml
JJ74;327;5147;190r;Paris_AN_JJ_inventaire_JJ70-JJ75.xml
JJ74;328;5148;191r;Paris_AN_JJ_inventaire_JJ70-JJ75.xml
JJ74;329;5149;191r;Paris_AN_JJ_inventaire_JJ70-JJ75.xml
JJ74;330;5150;91v;Paris_AN_JJ_inventaire_JJ70-JJ75.xml
JJ74;331;5151;191v;Paris_AN_JJ_inventaire_JJ70-JJ75.xml
JJ74;332;5152;194r;Paris_AN_JJ_inventaire_JJ70-JJ75.xml
JJ74;333;5153;194r;Paris_AN_JJ_inventaire_JJ70-JJ75.xml
JJ74;334;5154;194v;Paris_AN_JJ_inventaire_JJ70-JJ75.xml
JJ74;335;5155;195r;Paris_AN_JJ_inventaire_JJ70-JJ75.xml
JJ74;336;5156;195v;Paris_AN_JJ_inventaire_JJ70-JJ75.xml
JJ74;337;5157;196r;Paris_AN_JJ_inventaire_JJ70-JJ75.xml
JJ74;338;5158;198v;Paris_AN_JJ_inventaire_JJ70-JJ75.xml
JJ74;339;5159;199v;Paris_AN_JJ_inventaire_JJ70-JJ75.xml
JJ74;340;5160;199v;Paris_AN_JJ_inventaire_JJ70-JJ75.xml
JJ74;341;5161;199v;Paris_AN_JJ_inventaire_JJ70-JJ75.xml
JJ74;342;5162;200r;Paris_AN_JJ_inventaire_JJ70-JJ75.xml
JJ74;343;5163;200r;Paris_AN_JJ_inventaire_JJ70-JJ75.xml
JJ74;344;5164;200v;Paris_AN_JJ_inventaire_JJ70-JJ75.xml
JJ74;345;5165;201r;Paris_AN_JJ_inventaire_JJ70-JJ75.xml
JJ74;346;5166;201v;Paris_AN_JJ_inventaire_JJ70-JJ75.xml
JJ74;347;5167;201v;Paris_AN_JJ_inventaire_JJ70-JJ75.xml
JJ74;348;5168;202r;Paris_AN_JJ_inventaire_JJ70-JJ75.xml
JJ74;349;5169;202r;Paris_AN_JJ_inventaire_JJ70-JJ75.xml
JJ74;350;5170;202v;Paris_AN_JJ_inventaire_JJ70-JJ75.xml
JJ74;351;5171;202v;Paris_AN_JJ_inventaire_JJ70-JJ75.xml
JJ74;352;5172;203r;Paris_AN_JJ_inventaire_JJ70-JJ75.xml
JJ74;353;5173;203v;Paris_AN_JJ_inventaire_JJ70-JJ75.xml
JJ74;354;5174;204r;Paris_AN_JJ_inventaire_JJ70-JJ75.xml
JJ74;355;5175;204r;Paris_AN_JJ_inventaire_JJ70-JJ75.xml
JJ74;356;5176;204r;Paris_AN_JJ_inventaire_JJ70-JJ75.xml
JJ74;357;5177;204v;Paris_AN_JJ_inventaire_JJ70-JJ75.xml
JJ74;358;5178;204v;Paris_AN_JJ_inventaire_JJ70-JJ75.xml
JJ74;359;5179;205r;Paris_AN_JJ_inventaire_JJ70-JJ75.xml
JJ74;360;5180;205r;Paris_AN_JJ_inventaire_JJ70-JJ75.xml
JJ74;361;5181;205v;Paris_AN_JJ_inventaire_JJ70-JJ75.xml
JJ74;362;5182;206v;Paris_AN_JJ_inventaire_JJ70-JJ75.xml
JJ74;363;5183;207r;Paris_AN_JJ_inventaire_JJ70-JJ75.xml
JJ74;364;5184;208r;Paris_AN_JJ_inventaire_JJ70-JJ75.xml
JJ74;365;5185;208v;Paris_AN_JJ_inventaire_JJ70-JJ75.xml
JJ74;366;5186;210r;Paris_AN_JJ_inventaire_JJ70-JJ75.xml
JJ74;367;5187;210v;Paris_AN_JJ_inventaire_JJ70-JJ75.xml
JJ74;368;5188;210v;Paris_AN_JJ_inventaire_JJ70-JJ75.xml
JJ74;369;5189;211v;Paris_AN_JJ_inventaire_JJ70-JJ75.xml
JJ74;370;5190;212r;Paris_AN_JJ_inventaire_JJ70-JJ75.xml
JJ74;371;5191;214r;Paris_AN_JJ_inventaire_JJ70-JJ75.xml
JJ74;372;5192;214r;Paris_AN_JJ_inventaire_JJ70-JJ75.xml
JJ74;373;5193;215r;Paris_AN_JJ_inventaire_JJ70-JJ75.xml
JJ74;374;5194;216r;Paris_AN_JJ_inventaire_JJ70-JJ75.xml
JJ74;375;5195;216v;Paris_AN_JJ_inventaire_JJ70-JJ75.xml
JJ74;376;5196;217r;Paris_AN_JJ_inventaire_JJ70-JJ75.xml
JJ74;377;5197;219r;Paris_AN_JJ_inventaire_JJ70-JJ75.xml
JJ74;378;5198;220r;Paris_AN_JJ_inventaire_JJ70-JJ75.xml
JJ74;379;5199;220r;Paris_AN_JJ_inventaire_JJ70-JJ75.xml
JJ74;380;5200;220v;Paris_AN_JJ_inventaire_JJ70-JJ75.xml
JJ74;381;5201;221r;Paris_AN_JJ_inventaire_JJ70-JJ75.xml
JJ74;382;5202;222v;Paris_AN_JJ_inventaire_JJ70-JJ75.xml
JJ74;383;5203;222v;Paris_AN_JJ_inventaire_JJ70-JJ75.xml
JJ74;384;5204;223r;Paris_AN_JJ_inventaire_JJ70-JJ75.xml
JJ74;385;5205;223v;Paris_AN_JJ_inventaire_JJ70-JJ75.xml
JJ74;386;5206;224v;Paris_AN_JJ_inventaire_JJ70-JJ75.xml
JJ74;387;5207;224v;Paris_AN_JJ_inventaire_JJ70-JJ75.xml
JJ74;388;5208;225r;Paris_AN_JJ_inventaire_JJ70-JJ75.xml
JJ74;389;5209;225r;Paris_AN_JJ_inventaire_JJ70-JJ75.xml
JJ74;390;5210;225v;Paris_AN_JJ_inventaire_JJ70-JJ75.xml
JJ74;391;5211;226r;Paris_AN_JJ_inventaire_JJ70-JJ75.xml
JJ74;392;5212;226v;Paris_AN_JJ_inventaire_JJ70-JJ75.xml
JJ74;393;5213;227r;Paris_AN_JJ_inventaire_JJ70-JJ75.xml
JJ74;394;5214;227v;Paris_AN_JJ_inventaire_JJ70-JJ75.xml
JJ74;395;5215;228r;Paris_AN_JJ_inventaire_JJ70-JJ75.xml
JJ74;396;5216;228v;Paris_AN_JJ_inventaire_JJ70-JJ75.xml
JJ74;397;5217;229r;Paris_AN_JJ_inventaire_JJ70-JJ75.xml
JJ74;398;5218;230r;Paris_AN_JJ_inventaire_JJ70-JJ75.xml
JJ74;399;5219;230v;Paris_AN_JJ_inventaire_JJ70-JJ75.xml
JJ74;400;5220;231v;Paris_AN_JJ_inventaire_JJ70-JJ75.xml
JJ74;401;5221;232r;Paris_AN_JJ_inventaire_JJ70-JJ75.xml
JJ74;402;5222;232v;Paris_AN_JJ_inventaire_JJ70-JJ75.xml
JJ74;403;5223;232v;Paris_AN_JJ_inventaire_JJ70-JJ75.xml
JJ74;404;5224;233v;Paris_AN_JJ_inventaire_JJ70-JJ75.xml
JJ74;405;5225;233v;Paris_AN_JJ_inventaire_JJ70-JJ75.xml
JJ74;406;5226;234r;Paris_AN_JJ_inventaire_JJ70-JJ75.xml
JJ74;407;5227;235r;Paris_AN_JJ_inventaire_JJ70-JJ75.xml
JJ74;408;5228;236r;Paris_AN_JJ_inventaire_JJ70-JJ75.xml
JJ74;408bis;5229;236r;Paris_AN_JJ_inventaire_JJ70-JJ75.xml
JJ74;409;5230;236r;Paris_AN_JJ_inventaire_JJ70-JJ75.xml
JJ74;410;5231;236v;Paris_AN_JJ_inventaire_JJ70-JJ75.xml
JJ74;411;5232;237v;Paris_AN_JJ_inventaire_JJ70-JJ75.xml
JJ74;412;5233;239r;Paris_AN_JJ_inventaire_JJ70-JJ75.xml
JJ74;413;5234;240v;Paris_AN_JJ_inventaire_JJ70-JJ75.xml
JJ74;414;5235;241r;Paris_AN_JJ_inventaire_JJ70-JJ75.xml
JJ74;415;5236;241r;Paris_AN_JJ_inventaire_JJ70-JJ75.xml
JJ74;416;5237;241r;Paris_AN_JJ_inventaire_JJ70-JJ75.xml
JJ74;417;5238;241v;Paris_AN_JJ_inventaire_JJ70-JJ75.xml
JJ74;418;5239;241v;Paris_AN_JJ_inventaire_JJ70-JJ75.xml
JJ74;419;5240;242r;Paris_AN_JJ_inventaire_JJ70-JJ75.xml
JJ74;420;5241;242v;Paris_AN_JJ_inventaire_JJ70-JJ75.xml
JJ74;421;5242;242v;Paris_AN_JJ_inventaire_JJ70-JJ75.xml
JJ74;422;5243;243r;Paris_AN_JJ_inventaire_JJ70-JJ75.xml
JJ74;423;5244;244r;Paris_AN_JJ_inventaire_JJ70-JJ75.xml
JJ74;424;5245;245r;Paris_AN_JJ_inventaire_JJ70-JJ75.xml
JJ74;425;5246;245v;Paris_AN_JJ_inventaire_JJ70-JJ75.xml
JJ74;426;5247;246r;Paris_AN_JJ_inventaire_JJ70-JJ75.xml
JJ74;427;5248;246r;Paris_AN_JJ_inventaire_JJ70-JJ75.xml
JJ74;428;5249;247r;Paris_AN_JJ_inventaire_JJ70-JJ75.xml
JJ74;429;5250;248r;Paris_AN_JJ_inventaire_JJ70-JJ75.xml
JJ74;430;5251;250r;Paris_AN_JJ_inventaire_JJ70-JJ75.xml
JJ74;431;5252;250v;Paris_AN_JJ_inventaire_JJ70-JJ75.xml
JJ74;432;5253;250v;Paris_AN_JJ_inventaire_JJ70-JJ75.xml
JJ74;433;5254;251v;Paris_AN_JJ_inventaire_JJ70-JJ75.xml
JJ74;434;5255;252r;Paris_AN_JJ_inventaire_JJ70-JJ75.xml
JJ74;435;5256;253r;Paris_AN_JJ_inventaire_JJ70-JJ75.xml
JJ74;436;5257;253v;Paris_AN_JJ_inventaire_JJ70-JJ75.xml
JJ74;437;5258;253v;Paris_AN_JJ_inventaire_JJ70-JJ75.xml
JJ74;438;5259;254r;Paris_AN_JJ_inventaire_JJ70-JJ75.xml
JJ74;439;5260;254v;Paris_AN_JJ_inventaire_JJ70-JJ75.xml
JJ74;440;5261;255v;Paris_AN_JJ_inventaire_JJ70-JJ75.xml
JJ74;441;5262;255v;Paris_AN_JJ_inventaire_JJ70-JJ75.xml
JJ74;442;5263;255v;Paris_AN_JJ_inventaire_JJ70-JJ75.xml
JJ74;443;5264;256v;Paris_AN_JJ_inventaire_JJ70-JJ75.xml
JJ74;444;5265;257r;Paris_AN_JJ_inventaire_JJ70-JJ75.xml
JJ74;445;5266;257r;Paris_AN_JJ_inventaire_JJ70-JJ75.xml
JJ74;446;5267;258r;Paris_AN_JJ_inventaire_JJ70-JJ75.xml
JJ74;447;5268;258r;Paris_AN_JJ_inventaire_JJ70-JJ75.xml
JJ74;448;5269;258v;Paris_AN_JJ_inventaire_JJ70-JJ75.xml
JJ74;449;5270;259r;Paris_AN_JJ_inventaire_JJ70-JJ75.xml
JJ74;450;5271;259r;Paris_AN_JJ_inventaire_JJ70-JJ75.xml
JJ74;451;5272;259v;Paris_AN_JJ_inventaire_JJ70-JJ75.xml
JJ74;452;5273;263r;Paris_AN_JJ_inventaire_JJ70-JJ75.xml
JJ74;453;5274;263r;Paris_AN_JJ_inventaire_JJ70-JJ75.xml
JJ74;454;5275;263v;Paris_AN_JJ_inventaire_JJ70-JJ75.xml
JJ74;455;5276;264v;Paris_AN_JJ_inventaire_JJ70-JJ75.xml
JJ74;456;5277;265v;Paris_AN_JJ_inventaire_JJ70-JJ75.xml
JJ74;457;5278;265v;Paris_AN_JJ_inventaire_JJ70-JJ75.xml
JJ74;458;5279;266r;Paris_AN_JJ_inventaire_JJ70-JJ75.xml
JJ74;459;5280;266v;Paris_AN_JJ_inventaire_JJ70-JJ75.xml
JJ74;460;5281;266v;Paris_AN_JJ_inventaire_JJ70-JJ75.xml
JJ74;461;5282;267r;Paris_AN_JJ_inventaire_JJ70-JJ75.xml
JJ74;462;5283;267r;Paris_AN_JJ_inventaire_JJ70-JJ75.xml
JJ74;463;5284;267v;Paris_AN_JJ_inventaire_JJ70-JJ75.xml
JJ74;464;5285;268v;Paris_AN_JJ_inventaire_JJ70-JJ75.xml
JJ74;465;5286;269v;Paris_AN_JJ_inventaire_JJ70-JJ75.xml
JJ74;466;5287;271v;Paris_AN_JJ_inventaire_JJ70-JJ75.xml
JJ74;467;5288;271v;Paris_AN_JJ_inventaire_JJ70-JJ75.xml
JJ74;468;5289;272r;Paris_AN_JJ_inventaire_JJ70-JJ75.xml
JJ74;469;5290;273v;Paris_AN_JJ_inventaire_JJ70-JJ75.xml
JJ74;470;5291;274r;Paris_AN_JJ_inventaire_JJ70-JJ75.xml
JJ74;471;5292;275r;Paris_AN_JJ_inventaire_JJ70-JJ75.xml
JJ74;472;5293;275r;Paris_AN_JJ_inventaire_JJ70-JJ75.xml
JJ74;473;5294;275v;Paris_AN_JJ_inventaire_JJ70-JJ75.xml
JJ74;474;5295;276r;Paris_AN_JJ_inventaire_JJ70-JJ75.xml
JJ74;475;5296;277r;Paris_AN_JJ_inventaire_JJ70-JJ75.xml
JJ74;476;5297;278r;Paris_AN_JJ_inventaire_JJ70-JJ75.xml
JJ74;477;5298;278r;Paris_AN_JJ_inventaire_JJ70-JJ75.xml
JJ74;478;5299;278v;Paris_AN_JJ_inventaire_JJ70-JJ75.xml
JJ74;479;5300;279r;Paris_AN_JJ_inventaire_JJ70-JJ75.xml
JJ74;480;5301;280v;Paris_AN_JJ_inventaire_JJ70-JJ75.xml
JJ74;481;5302;284r;Paris_AN_JJ_inventaire_JJ70-JJ75.xml
JJ74;482;5303;284v;Paris_AN_JJ_inventaire_JJ70-JJ75.xml
JJ74;483;5304;285r;Paris_AN_JJ_inventaire_JJ70-JJ75.xml
JJ74;484;5305;286v;Paris_AN_JJ_inventaire_JJ70-JJ75.xml
JJ74;485;5306;286v;Paris_AN_JJ_inventaire_JJ70-JJ75.xml
JJ74;486;5307;286v;Paris_AN_JJ_inventaire_JJ70-JJ75.xml
JJ74;487;5308;287r;Paris_AN_JJ_inventaire_JJ70-JJ75.xml
JJ74;488;5309;287v;Paris_AN_JJ_inventaire_JJ70-JJ75.xml
JJ74;489;5310;288r;Paris_AN_JJ_inventaire_JJ70-JJ75.xml
JJ74;490;5311;288v;Paris_AN_JJ_inventaire_JJ70-JJ75.xml
JJ74;491;5312;288v;Paris_AN_JJ_inventaire_JJ70-JJ75.xml
JJ74;492;5313;289r;Paris_AN_JJ_inventaire_JJ70-JJ75.xml
JJ74;493;5314;289r;Paris_AN_JJ_inventaire_JJ70-JJ75.xml
JJ74;494;5315;289v;Paris_AN_JJ_inventaire_JJ70-JJ75.xml
JJ74;495;5316;289v;Paris_AN_JJ_inventaire_JJ70-JJ75.xml
JJ74;496;5317;289v;Paris_AN_JJ_inventaire_JJ70-JJ75.xml
JJ74;497;5318;290r;Paris_AN_JJ_inventaire_JJ70-JJ75.xml
JJ74;498;5319;290v;Paris_AN_JJ_inventaire_JJ70-JJ75.xml
JJ74;498bis;5320;290v;Paris_AN_JJ_inventaire_JJ70-JJ75.xml
JJ74;499;5321;291r;Paris_AN_JJ_inventaire_JJ70-JJ75.xml
JJ74;500;5322;291v;Paris_AN_JJ_inventaire_JJ70-JJ75.xml
JJ74;501;5323;292r;Paris_AN_JJ_inventaire_JJ70-JJ75.xml
JJ74;502;5324;292r;Paris_AN_JJ_inventaire_JJ70-JJ75.xml
JJ74;503;5325;292r;Paris_AN_JJ_inventaire_JJ70-JJ75.xml
JJ74;504;5326;292v;Paris_AN_JJ_inventaire_JJ70-JJ75.xml
JJ74;505;5327;293r;Paris_AN_JJ_inventaire_JJ70-JJ75.xml
JJ74;506;5328;295r;Paris_AN_JJ_inventaire_JJ70-JJ75.xml
JJ74;507;5329;295v;Paris_AN_JJ_inventaire_JJ70-JJ75.xml
JJ74;508;5330;296v;Paris_AN_JJ_inventaire_JJ70-JJ75.xml
JJ74;509;5331;297r;Paris_AN_JJ_inventaire_JJ70-JJ75.xml
JJ74;510;5332;297v;Paris_AN_JJ_inventaire_JJ70-JJ75.xml
JJ74;511;5333;298r;Paris_AN_JJ_inventaire_JJ70-JJ75.xml
JJ74;512;5334;298r;Paris_AN_JJ_inventaire_JJ70-JJ75.xml
JJ74;513;5335;299r;Paris_AN_JJ_inventaire_JJ70-JJ75.xml
JJ74;514;5336;301v;Paris_AN_JJ_inventaire_JJ70-JJ75.xml
JJ74;515;5337;303r;Paris_AN_JJ_inventaire_JJ70-JJ75.xml
JJ74;516;5338;303r;Paris_AN_JJ_inventaire_JJ70-JJ75.xml
JJ74;517;5339;304r;Paris_AN_JJ_inventaire_JJ70-JJ75.xml
JJ74;518;5340;304v;Paris_AN_JJ_inventaire_JJ70-JJ75.xml
JJ74;519;5341;305r;Paris_AN_JJ_inventaire_JJ70-JJ75.xml
JJ74;520;5342;305r;Paris_AN_JJ_inventaire_JJ70-JJ75.xml
JJ74;521;5343;306v;Paris_AN_JJ_inventaire_JJ70-JJ75.xml
JJ74;522;5344;307r;Paris_AN_JJ_inventaire_JJ70-JJ75.xml
JJ74;523;5345;307r;Paris_AN_JJ_inventaire_JJ70-JJ75.xml
JJ74;524;5346;307r;Paris_AN_JJ_inventaire_JJ70-JJ75.xml
JJ74;525;5347;309v;Paris_AN_JJ_inventaire_JJ70-JJ75.xml
JJ74;526;5348;310v;Paris_AN_JJ_inventaire_JJ70-JJ75.xml
JJ74;527;5349;310v;Paris_AN_JJ_inventaire_JJ70-JJ75.xml
JJ74;528;5350;311r;Paris_AN_JJ_inventaire_JJ70-JJ75.xml
JJ74;529;5351;311v;Paris_AN_JJ_inventaire_JJ70-JJ75.xml
JJ74;530;5352;312v;Paris_AN_JJ_inventaire_JJ70-JJ75.xml
JJ74;531;5353;313r;Paris_AN_JJ_inventaire_JJ70-JJ75.xml
JJ74;532;5354;313v;Paris_AN_JJ_inventaire_JJ70-JJ75.xml
JJ74;533;5355;314v;Paris_AN_JJ_inventaire_JJ70-JJ75.xml
JJ74;534;5356;315r;Paris_AN_JJ_inventaire_JJ70-JJ75.xml
JJ74;535;5357;315r;Paris_AN_JJ_inventaire_JJ70-JJ75.xml
JJ74;535bis;5358;316v;Paris_AN_JJ_inventaire_JJ70-JJ75.xml
JJ74;536;5359;317r;Paris_AN_JJ_inventaire_JJ70-JJ75.xml
JJ74;537;5360;318r;Paris_AN_JJ_inventaire_JJ70-JJ75.xml
JJ74;538;5361;318v;Paris_AN_JJ_inventaire_JJ70-JJ75.xml
JJ74;539;5362;319r;Paris_AN_JJ_inventaire_JJ70-JJ75.xml
JJ74;540;5363;319v;Paris_AN_JJ_inventaire_JJ70-JJ75.xml
JJ74;541;5364;320r;Paris_AN_JJ_inventaire_JJ70-JJ75.xml
JJ74;542;5365;322v;Paris_AN_JJ_inventaire_JJ70-JJ75.xml
JJ74;543;5366;322v;Paris_AN_JJ_inventaire_JJ70-JJ75.xml
JJ74;544;5367;323v;Paris_AN_JJ_inventaire_JJ70-JJ75.xml
JJ74;545;5368;324r;Paris_AN_JJ_inventaire_JJ70-JJ75.xml
JJ74;546;5369;325r;Paris_AN_JJ_inventaire_JJ70-JJ75.xml
JJ74;547;5370;326r;Paris_AN_JJ_inventaire_JJ70-JJ75.xml
JJ74;548;5371;326v;Paris_AN_JJ_inventaire_JJ70-JJ75.xml
JJ74;549;5372;327v;Paris_AN_JJ_inventaire_JJ70-JJ75.xml
JJ74;550;5373;328r;Paris_AN_JJ_inventaire_JJ70-JJ75.xml
JJ74;551;5374;328v;Paris_AN_JJ_inventaire_JJ70-JJ75.xml
JJ74;552;5375;329r;Paris_AN_JJ_inventaire_JJ70-JJ75.xml
JJ74;553;5376;330r;Paris_AN_JJ_inventaire_JJ70-JJ75.xml
JJ74;554;5377;330r;Paris_AN_JJ_inventaire_JJ70-JJ75.xml
JJ74;555;5378;330v;Paris_AN_JJ_inventaire_JJ70-JJ75.xml
JJ74;556;5379;330v;Paris_AN_JJ_inventaire_JJ70-JJ75.xml
JJ74;557;5380;331r;Paris_AN_JJ_inventaire_JJ70-JJ75.xml
JJ74;558;5381;331r;Paris_AN_JJ_inventaire_JJ70-JJ75.xml
JJ74;559;5382;331v;Paris_AN_JJ_inventaire_JJ70-JJ75.xml
JJ74;560;5383;333r;Paris_AN_JJ_inventaire_JJ70-JJ75.xml
JJ74;561;5384;333et334v;Paris_AN_JJ_inventaire_JJ70-JJ75.xml
JJ74;562;5385;333v;Paris_AN_JJ_inventaire_JJ70-JJ75.xml
JJ74;563;5386;334v;Paris_AN_JJ_inventaire_JJ70-JJ75.xml
JJ74;564;5387;335r;Paris_AN_JJ_inventaire_JJ70-JJ75.xml
JJ74;565;5388;336v;Paris_AN_JJ_inventaire_JJ70-JJ75.xml
JJ74;566;5389;337r;Paris_AN_JJ_inventaire_JJ70-JJ75.xml
JJ74;567;5390;337r;Paris_AN_JJ_inventaire_JJ70-JJ75.xml
JJ74;568;5391;337r;Paris_AN_JJ_inventaire_JJ70-JJ75.xml
JJ74;569;5392;338r;Paris_AN_JJ_inventaire_JJ70-JJ75.xml
JJ74;570;5393;338v;Paris_AN_JJ_inventaire_JJ70-JJ75.xml
JJ74;571;5394;338v;Paris_AN_JJ_inventaire_JJ70-JJ75.xml
JJ74;572;5395;339v;Paris_AN_JJ_inventaire_JJ70-JJ75.xml
JJ74;573;5396;339v;Paris_AN_JJ_inventaire_JJ70-JJ75.xml
JJ74;574;5397;340r;Paris_AN_JJ_inventaire_JJ70-JJ75.xml
JJ74;575;5398;340r;Paris_AN_JJ_inventaire_JJ70-JJ75.xml
JJ74;577;5399;340v;Paris_AN_JJ_inventaire_JJ70-JJ75.xml
JJ74;577;5400;341r;Paris_AN_JJ_inventaire_JJ70-JJ75.xml
JJ74;578;5401;342v;Paris_AN_JJ_inventaire_JJ70-JJ75.xml
JJ74;579;5402;343r;Paris_AN_JJ_inventaire_JJ70-JJ75.xml
JJ74;580;5403;343v;Paris_AN_JJ_inventaire_JJ70-JJ75.xml
JJ74;581;5404;347r;Paris_AN_JJ_inventaire_JJ70-JJ75.xml
JJ74;582;5405;347v;Paris_AN_JJ_inventaire_JJ70-JJ75.xml
JJ74;583;5406;348r;Paris_AN_JJ_inventaire_JJ70-JJ75.xml
JJ74;584;5407;348v;Paris_AN_JJ_inventaire_JJ70-JJ75.xml
JJ74;585;5408;348v;Paris_AN_JJ_inventaire_JJ70-JJ75.xml
JJ74;586;5409;349r;Paris_AN_JJ_inventaire_JJ70-JJ75.xml
JJ74;587;5410;349r;Paris_AN_JJ_inventaire_JJ70-JJ75.xml
JJ74;588;5411;350r;Paris_AN_JJ_inventaire_JJ70-JJ75.xml
JJ74;589;5412;350r;Paris_AN_JJ_inventaire_JJ70-JJ75.xml
JJ74;590;5413;350v;Paris_AN_JJ_inventaire_JJ70-JJ75.xml
JJ74;591;5414;351r;Paris_AN_JJ_inventaire_JJ70-JJ75.xml
JJ74;592;5415;352r;Paris_AN_JJ_inventaire_JJ70-JJ75.xml
JJ74;593;5416;352r;Paris_AN_JJ_inventaire_JJ70-JJ75.xml
JJ74;594;5417;353r;Paris_AN_JJ_inventaire_JJ70-JJ75.xml
JJ74;595;5418;354r;Paris_AN_JJ_inventaire_JJ70-JJ75.xml
JJ74;596;5419;354r;Paris_AN_JJ_inventaire_JJ70-JJ75.xml
JJ74;597;5420;354r;Paris_AN_JJ_inventaire_JJ70-JJ75.xml
JJ74;598;5421;354v;Paris_AN_JJ_inventaire_JJ70-JJ75.xml
JJ74;599;5422;354v;Paris_AN_JJ_inventaire_JJ70-JJ75.xml
JJ74;600;5423;355r;Paris_AN_JJ_inventaire_JJ70-JJ75.xml
JJ74;601;5424;355v;Paris_AN_JJ_inventaire_JJ70-JJ75.xml
JJ74;602;5425;356r;Paris_AN_JJ_inventaire_JJ70-JJ75.xml
JJ74;603;5426;356v;Paris_AN_JJ_inventaire_JJ70-JJ75.xml
JJ74;604;5427;356v;Paris_AN_JJ_inventaire_JJ70-JJ75.xml
JJ74;605;5428;357r;Paris_AN_JJ_inventaire_JJ70-JJ75.xml
JJ74;606;5429;358r;Paris_AN_JJ_inventaire_JJ70-JJ75.xml
JJ74;607;5430;358r;Paris_AN_JJ_inventaire_JJ70-JJ75.xml
JJ74;608;5431;359v;Paris_AN_JJ_inventaire_JJ70-JJ75.xml
JJ74;609;5432;359v;Paris_AN_JJ_inventaire_JJ70-JJ75.xml
JJ74;610;5433;360v;Paris_AN_JJ_inventaire_JJ70-JJ75.xml
JJ74;611;5434;360v;Paris_AN_JJ_inventaire_JJ70-JJ75.xml
JJ74;612;5435;362r;Paris_AN_JJ_inventaire_JJ70-JJ75.xml
JJ74;613;5436;362r;Paris_AN_JJ_inventaire_JJ70-JJ75.xml
JJ74;614;5437;362v;Paris_AN_JJ_inventaire_JJ70-JJ75.xml
JJ74;615;5438;362v;Paris_AN_JJ_inventaire_JJ70-JJ75.xml
JJ74;616;5439;363r;Paris_AN_JJ_inventaire_JJ70-JJ75.xml
JJ74;617;5440;363v;Paris_AN_JJ_inventaire_JJ70-JJ75.xml
JJ74;618;5441;364v;Paris_AN_JJ_inventaire_JJ70-JJ75.xml
JJ74;619;5442;366r;Paris_AN_JJ_inventaire_JJ70-JJ75.xml
JJ74;620;5443;367r;Paris_AN_JJ_inventaire_JJ70-JJ75.xml
JJ74;621;5444;367v;Paris_AN_JJ_inventaire_JJ70-JJ75.xml
JJ74;622;5445;368r;Paris_AN_JJ_inventaire_JJ70-JJ75.xml
JJ74;623;5446;368r;Paris_AN_JJ_inventaire_JJ70-JJ75.xml
JJ74;624;5447;369r;Paris_AN_JJ_inventaire_JJ70-JJ75.xml
JJ74;625;5448;369r;Paris_AN_JJ_inventaire_JJ70-JJ75.xml
JJ74;626;5449;369v;Paris_AN_JJ_inventaire_JJ70-JJ75.xml
JJ74;627;5450;369v;Paris_AN_JJ_inventaire_JJ70-JJ75.xml
JJ74;628;5451;372r;Paris_AN_JJ_inventaire_JJ70-JJ75.xml
JJ74;629;5452;372v;Paris_AN_JJ_inventaire_JJ70-JJ75.xml
JJ74;630;5453;373r;Paris_AN_JJ_inventaire_JJ70-JJ75.xml
JJ74;631;5454;373v;Paris_AN_JJ_inventaire_JJ70-JJ75.xml
JJ74;632;5455;374r;Paris_AN_JJ_inventaire_JJ70-JJ75.xml
JJ74;633;5456;374r;Paris_AN_JJ_inventaire_JJ70-JJ75.xml
JJ74;634;5457;374v;Paris_AN_JJ_inventaire_JJ70-JJ75.xml
JJ74;635;5458;374v;Paris_AN_JJ_inventaire_JJ70-JJ75.xml
JJ74;636;5459;375v;Paris_AN_JJ_inventaire_JJ70-JJ75.xml
JJ74;637;5460;375v;Paris_AN_JJ_inventaire_JJ70-JJ75.xml
JJ74;638;5461;376r;Paris_AN_JJ_inventaire_JJ70-JJ75.xml
JJ74;639;5462;376r;Paris_AN_JJ_inventaire_JJ70-JJ75.xml
JJ74;640;5463;376r;Paris_AN_JJ_inventaire_JJ70-JJ75.xml
JJ74;641;5464;376v;Paris_AN_JJ_inventaire_JJ70-JJ75.xml
JJ74;642;5465;377v;Paris_AN_JJ_inventaire_JJ70-JJ75.xml
JJ74;643;5466;378r;Paris_AN_JJ_inventaire_JJ70-JJ75.xml
JJ74;644;5467;382r;Paris_AN_JJ_inventaire_JJ70-JJ75.xml
JJ74;645;5468;382v;Paris_AN_JJ_inventaire_JJ70-JJ75.xml
JJ74;646;5469;382v;Paris_AN_JJ_inventaire_JJ70-JJ75.xml
JJ74;647;5470;383r;Paris_AN_JJ_inventaire_JJ70-JJ75.xml
JJ74;648;5471;387r;Paris_AN_JJ_inventaire_JJ70-JJ75.xml
JJ74;649;5472;388v;Paris_AN_JJ_inventaire_JJ70-JJ75.xml
JJ74;650;5473;389r;Paris_AN_JJ_inventaire_JJ70-JJ75.xml
JJ74;651;5474;389r;Paris_AN_JJ_inventaire_JJ70-JJ75.xml
JJ74;652;5475;389v;Paris_AN_JJ_inventaire_JJ70-JJ75.xml
JJ74;653;5476;390r;Paris_AN_JJ_inventaire_JJ70-JJ75.xml
JJ74;654;5477;390v;Paris_AN_JJ_inventaire_JJ70-JJ75.xml
JJ74;655;5478;391r;Paris_AN_JJ_inventaire_JJ70-JJ75.xml
JJ74;656;5479;391r;Paris_AN_JJ_inventaire_JJ70-JJ75.xml
JJ74;657;5480;391v;Paris_AN_JJ_inventaire_JJ70-JJ75.xml
JJ74;658;5481;392r;Paris_AN_JJ_inventaire_JJ70-JJ75.xml
JJ74;659;5482;393v;Paris_AN_JJ_inventaire_JJ70-JJ75.xml
JJ74;660;5483;394r;Paris_AN_JJ_inventaire_JJ70-JJ75.xml
JJ74;661;5484;395v;Paris_AN_JJ_inventaire_JJ70-JJ75.xml
JJ74;662;5485;396r;Paris_AN_JJ_inventaire_JJ70-JJ75.xml
JJ74;663;5486;396v;Paris_AN_JJ_inventaire_JJ70-JJ75.xml
JJ74;663bis;5487;397v;Paris_AN_JJ_inventaire_JJ70-JJ75.xml
JJ74;664;5488;398r;Paris_AN_JJ_inventaire_JJ70-JJ75.xml
JJ74;665;5489;399r;Paris_AN_JJ_inventaire_JJ70-JJ75.xml
JJ74;666;5490;399r;Paris_AN_JJ_inventaire_JJ70-JJ75.xml
JJ74;667;5491;399v;Paris_AN_JJ_inventaire_JJ70-JJ75.xml
JJ74;668;5492;400r;Paris_AN_JJ_inventaire_JJ70-JJ75.xml
JJ74;669;5493;400r;Paris_AN_JJ_inventaire_JJ70-JJ75.xml
JJ74;670;5494;401r;Paris_AN_JJ_inventaire_JJ70-JJ75.xml
JJ74;671;5495;402r;Paris_AN_JJ_inventaire_JJ70-JJ75.xml
JJ74;672;5496;402r;Paris_AN_JJ_inventaire_JJ70-JJ75.xml
JJ74;673;5497;402r;Paris_AN_JJ_inventaire_JJ70-JJ75.xml
JJ74;674;5498;403r;Paris_AN_JJ_inventaire_JJ70-JJ75.xml
JJ74;675;5499;403r;Paris_AN_JJ_inventaire_JJ70-JJ75.xml
JJ74;676;5500;403v;Paris_AN_JJ_inventaire_JJ70-JJ75.xml
JJ74;677;5501;404r;Paris_AN_JJ_inventaire_JJ70-JJ75.xml
JJ74;678;5502;405r;Paris_AN_JJ_inventaire_JJ70-JJ75.xml
JJ74;679;5503;405v;Paris_AN_JJ_inventaire_JJ70-JJ75.xml
JJ74;680;5504;406r;Paris_AN_JJ_inventaire_JJ70-JJ75.xml
JJ74;681;5505;406r;Paris_AN_JJ_inventaire_JJ70-JJ75.xml
JJ74;682;5506;407r;Paris_AN_JJ_inventaire_JJ70-JJ75.xml
JJ74;683;5507;407v;Paris_AN_JJ_inventaire_JJ70-JJ75.xml
JJ74;684;5508;408r;Paris_AN_JJ_inventaire_JJ70-JJ75.xml
JJ74;684bis;5509;408v;Paris_AN_JJ_inventaire_JJ70-JJ75.xml
JJ74;685;5510;409r;Paris_AN_JJ_inventaire_JJ70-JJ75.xml
JJ74;686;5511;411r;Paris_AN_JJ_inventaire_JJ70-JJ75.xml
JJ74;687;5512;412v;Paris_AN_JJ_inventaire_JJ70-JJ75.xml
JJ74;688;5513;415v;Paris_AN_JJ_inventaire_JJ70-JJ75.xml
JJ74;689;5514;416r;Paris_AN_JJ_inventaire_JJ70-JJ75.xml
JJ74;690;5515;416v;Paris_AN_JJ_inventaire_JJ70-JJ75.xml
JJ74;691;5516;417v;Paris_AN_JJ_inventaire_JJ70-JJ75.xml
JJ74;692;5517;417v;Paris_AN_JJ_inventaire_JJ70-JJ75.xml
JJ74;693;5518;418r;Paris_AN_JJ_inventaire_JJ70-JJ75.xml
JJ74;694;5519;418r;Paris_AN_JJ_inventaire_JJ70-JJ75.xml
JJ74;695;5520;418v;Paris_AN_JJ_inventaire_JJ70-JJ75.xml
JJ74;696;5521;419r;Paris_AN_JJ_inventaire_JJ70-JJ75.xml
JJ74;697;5522;419r;Paris_AN_JJ_inventaire_JJ70-JJ75.xml
JJ74;698;5523;421v;Paris_AN_JJ_inventaire_JJ70-JJ75.xml
JJ74;699;5524;423r;Paris_AN_JJ_inventaire_JJ70-JJ75.xml
JJ74;700;5525;423r;Paris_AN_JJ_inventaire_JJ70-JJ75.xml
JJ74;701;5526;423v;Paris_AN_JJ_inventaire_JJ70-JJ75.xml
JJ74;702;5527;423v;Paris_AN_JJ_inventaire_JJ70-JJ75.xml
JJ74;703;5528;424v;Paris_AN_JJ_inventaire_JJ70-JJ75.xml
JJ74;750;5529;426r;Paris_AN_JJ_inventaire_JJ70-JJ75.xml
JJ74;751;5530;426v;Paris_AN_JJ_inventaire_JJ70-JJ75.xml
JJ74;752;5531;427r;Paris_AN_JJ_inventaire_JJ70-JJ75.xml
JJ74;753;5532;427r;Paris_AN_JJ_inventaire_JJ70-JJ75.xml
JJ74;754;5533;427v;Paris_AN_JJ_inventaire_JJ70-JJ75.xml
JJ74;755;5534;428r;Paris_AN_JJ_inventaire_JJ70-JJ75.xml
JJ74;756;5535;428v;Paris_AN_JJ_inventaire_JJ70-JJ75.xml
JJ75;1;5536;1r;Paris_AN_JJ_inventaire_JJ70-JJ75.xml
JJ75;2;5537;1r;Paris_AN_JJ_inventaire_JJ70-JJ75.xml
JJ75;3;5538;1v;Paris_AN_JJ_inventaire_JJ70-JJ75.xml
JJ75;4;5539;1v;Paris_AN_JJ_inventaire_JJ70-JJ75.xml
JJ75;5;5540;2r;Paris_AN_JJ_inventaire_JJ70-JJ75.xml
JJ75;6;5541;2v;Paris_AN_JJ_inventaire_JJ70-JJ75.xml
JJ75;7;5542;2v;Paris_AN_JJ_inventaire_JJ70-JJ75.xml
JJ75;8;5543;2v;Paris_AN_JJ_inventaire_JJ70-JJ75.xml
JJ75;9;5544;3r;Paris_AN_JJ_inventaire_JJ70-JJ75.xml
JJ75;10;5545;3r;Paris_AN_JJ_inventaire_JJ70-JJ75.xml
JJ75;11;5546;3v;Paris_AN_JJ_inventaire_JJ70-JJ75.xml
JJ75;12;5547;3v;Paris_AN_JJ_inventaire_JJ70-JJ75.xml
JJ75;13;5548;4r;Paris_AN_JJ_inventaire_JJ70-JJ75.xml
JJ75;14;5549;4v;Paris_AN_JJ_inventaire_JJ70-JJ75.xml
JJ75;15;5550;5r;Paris_AN_JJ_inventaire_JJ70-JJ75.xml
JJ75;16;5551;5v;Paris_AN_JJ_inventaire_JJ70-JJ75.xml
JJ75;17;5552;5v;Paris_AN_JJ_inventaire_JJ70-JJ75.xml
JJ75;18;5553;6v;Paris_AN_JJ_inventaire_JJ70-JJ75.xml
JJ75;19;5554;7v;Paris_AN_JJ_inventaire_JJ70-JJ75.xml
JJ75;20;5555;9v;Paris_AN_JJ_inventaire_JJ70-JJ75.xml
JJ75;21;5556;10r;Paris_AN_JJ_inventaire_JJ70-JJ75.xml
JJ75;22;5557;11r;Paris_AN_JJ_inventaire_JJ70-JJ75.xml
JJ75;23;5558;11v;Paris_AN_JJ_inventaire_JJ70-JJ75.xml
JJ75;24;5559;11v;Paris_AN_JJ_inventaire_JJ70-JJ75.xml
JJ75;25;5560;12r;Paris_AN_JJ_inventaire_JJ70-JJ75.xml
JJ75;26;5561;12v;Paris_AN_JJ_inventaire_JJ70-JJ75.xml
JJ75;27;5562;13v;Paris_AN_JJ_inventaire_JJ70-JJ75.xml
JJ75;28;5563;14r;Paris_AN_JJ_inventaire_JJ70-JJ75.xml
JJ75;29;5564;14r;Paris_AN_JJ_inventaire_JJ70-JJ75.xml
JJ75;30;5565;14v;Paris_AN_JJ_inventaire_JJ70-JJ75.xml
JJ75;31;5566;14v;Paris_AN_JJ_inventaire_JJ70-JJ75.xml
JJ75;32;5567;15r;Paris_AN_JJ_inventaire_JJ70-JJ75.xml
JJ75;33;5568;15v;Paris_AN_JJ_inventaire_JJ70-JJ75.xml
JJ75;34;5569;17r;Paris_AN_JJ_inventaire_JJ70-JJ75.xml
JJ75;35;5570;17r;Paris_AN_JJ_inventaire_JJ70-JJ75.xml
JJ75;36;5571;18r;Paris_AN_JJ_inventaire_JJ70-JJ75.xml
JJ75;37;5572;19r;Paris_AN_JJ_inventaire_JJ70-JJ75.xml
JJ75;38;5573;19v;Paris_AN_JJ_inventaire_JJ70-JJ75.xml
JJ75;39;5574;20r;Paris_AN_JJ_inventaire_JJ70-JJ75.xml
JJ75;40;5575;20v;Paris_AN_JJ_inventaire_JJ70-JJ75.xml
JJ75;41;5576;21r;Paris_AN_JJ_inventaire_JJ70-JJ75.xml
JJ75;42;5577;21v;Paris_AN_JJ_inventaire_JJ70-JJ75.xml
JJ75;43;5578;21v;Paris_AN_JJ_inventaire_JJ70-JJ75.xml
JJ75;44;5579;22r;Paris_AN_JJ_inventaire_JJ70-JJ75.xml
JJ75;45;5580;22v;Paris_AN_JJ_inventaire_JJ70-JJ75.xml
JJ75;46;5581;23r;Paris_AN_JJ_inventaire_JJ70-JJ75.xml
JJ75;47;5582;24r;Paris_AN_JJ_inventaire_JJ70-JJ75.xml
JJ75;48;5583;26v;Paris_AN_JJ_inventaire_JJ70-JJ75.xml
JJ75;49;5584;27v;Paris_AN_JJ_inventaire_JJ70-JJ75.xml
JJ75;50;5585;27v;Paris_AN_JJ_inventaire_JJ70-JJ75.xml
JJ75;51;5586;28v;Paris_AN_JJ_inventaire_JJ70-JJ75.xml
JJ75;52;5587;28v;Paris_AN_JJ_inventaire_JJ70-JJ75.xml
JJ75;53;5588;29v;Paris_AN_JJ_inventaire_JJ70-JJ75.xml
JJ75;54;5589;30r;Paris_AN_JJ_inventaire_JJ70-JJ75.xml
JJ75;55;5590;31r;Paris_AN_JJ_inventaire_JJ70-JJ75.xml
JJ75;56;5591;31v;Paris_AN_JJ_inventaire_JJ70-JJ75.xml
JJ75;57;5592;31v;Paris_AN_JJ_inventaire_JJ70-JJ75.xml
JJ75;58;5593;32r;Paris_AN_JJ_inventaire_JJ70-JJ75.xml
JJ75;59;5594;33r;Paris_AN_JJ_inventaire_JJ70-JJ75.xml
JJ75;60;5595;33v;Paris_AN_JJ_inventaire_JJ70-JJ75.xml
JJ75;61;5596;33v;Paris_AN_JJ_inventaire_JJ70-JJ75.xml
JJ75;62;5597;34v;Paris_AN_JJ_inventaire_JJ70-JJ75.xml
JJ75;63;5598;35r;Paris_AN_JJ_inventaire_JJ70-JJ75.xml
JJ75;64;5599;35r;Paris_AN_JJ_inventaire_JJ70-JJ75.xml
JJ75;65;5600;35r;Paris_AN_JJ_inventaire_JJ70-JJ75.xml
JJ75;66;5601;36r;Paris_AN_JJ_inventaire_JJ70-JJ75.xml
JJ75;67;5602;36r;Paris_AN_JJ_inventaire_JJ70-JJ75.xml
JJ75;68;5603;36v;Paris_AN_JJ_inventaire_JJ70-JJ75.xml
JJ75;69;5604;37r;Paris_AN_JJ_inventaire_JJ70-JJ75.xml
JJ75;70;5605;37r;Paris_AN_JJ_inventaire_JJ70-JJ75.xml
JJ75;71;5606;37v;Paris_AN_JJ_inventaire_JJ70-JJ75.xml
JJ75;72;5607;38r;Paris_AN_JJ_inventaire_JJ70-JJ75.xml
JJ75;73;5608;38v;Paris_AN_JJ_inventaire_JJ70-JJ75.xml
JJ75;74;5609;39r;Paris_AN_JJ_inventaire_JJ70-JJ75.xml
JJ75;75;5610;39r;Paris_AN_JJ_inventaire_JJ70-JJ75.xml
JJ75;76;5611;39v;Paris_AN_JJ_inventaire_JJ70-JJ75.xml
JJ75;77;5612;40r;Paris_AN_JJ_inventaire_JJ70-JJ75.xml
JJ75;78;5613;40r;Paris_AN_JJ_inventaire_JJ70-JJ75.xml
JJ75;79;5614;40v;Paris_AN_JJ_inventaire_JJ70-JJ75.xml
JJ75;80;5615;41r;Paris_AN_JJ_inventaire_JJ70-JJ75.xml
JJ75;81;5616;41r;Paris_AN_JJ_inventaire_JJ70-JJ75.xml
JJ75;82;5617;41v;Paris_AN_JJ_inventaire_JJ70-JJ75.xml
JJ75;83;5618;41v;Paris_AN_JJ_inventaire_JJ70-JJ75.xml
JJ75;84;5619;43r;Paris_AN_JJ_inventaire_JJ70-JJ75.xml
JJ75;85;5620;44r;Paris_AN_JJ_inventaire_JJ70-JJ75.xml
JJ75;86;5621;45v;Paris_AN_JJ_inventaire_JJ70-JJ75.xml
JJ75;87;5622;47v;Paris_AN_JJ_inventaire_JJ70-JJ75.xml
JJ75;88;5623;47v;Paris_AN_JJ_inventaire_JJ70-JJ75.xml
JJ75;9;5624;48r;Paris_AN_JJ_inventaire_JJ70-JJ75.xml
JJ75;90;5625;48r;Paris_AN_JJ_inventaire_JJ70-JJ75.xml
JJ75;91;5626;48r;Paris_AN_JJ_inventaire_JJ70-JJ75.xml
JJ75;92;5627;48v;Paris_AN_JJ_inventaire_JJ70-JJ75.xml
JJ75;93;5628;49r;Paris_AN_JJ_inventaire_JJ70-JJ75.xml
JJ75;94;5629;49v;Paris_AN_JJ_inventaire_JJ70-JJ75.xml
JJ75;95;5630;50r;Paris_AN_JJ_inventaire_JJ70-JJ75.xml
JJ75;96;5631;51r;Paris_AN_JJ_inventaire_JJ70-JJ75.xml
JJ75;97;5632;51r;Paris_AN_JJ_inventaire_JJ70-JJ75.xml
JJ75;98;5633;51r;Paris_AN_JJ_inventaire_JJ70-JJ75.xml
JJ75;99;5634;51v;Paris_AN_JJ_inventaire_JJ70-JJ75.xml
JJ75;100;5635;51v;Paris_AN_JJ_inventaire_JJ70-JJ75.xml
JJ75;101;5636;52r;Paris_AN_JJ_inventaire_JJ70-JJ75.xml
JJ75;102;5637;53r;Paris_AN_JJ_inventaire_JJ70-JJ75.xml
JJ75;103;5638;53v;Paris_AN_JJ_inventaire_JJ70-JJ75.xml
JJ75;104;5639;54r;Paris_AN_JJ_inventaire_JJ70-JJ75.xml
JJ75;105;5640;54r;Paris_AN_JJ_inventaire_JJ70-JJ75.xml
JJ75;106;5641;55r;Paris_AN_JJ_inventaire_JJ70-JJ75.xml
JJ75;107;5642;55r;Paris_AN_JJ_inventaire_JJ70-JJ75.xml
JJ75;108;5643;55v;Paris_AN_JJ_inventaire_JJ70-JJ75.xml
JJ75;109;5644;56r;Paris_AN_JJ_inventaire_JJ70-JJ75.xml
JJ75;110;5645;57r;Paris_AN_JJ_inventaire_JJ70-JJ75.xml
JJ75;111;5646;57r;Paris_AN_JJ_inventaire_JJ70-JJ75.xml
JJ75;112;5647;57r;Paris_AN_JJ_inventaire_JJ70-JJ75.xml
JJ75;113;5648;58r;Paris_AN_JJ_inventaire_JJ70-JJ75.xml
JJ75;114;5649;58r;Paris_AN_JJ_inventaire_JJ70-JJ75.xml
JJ75;115;5650;58r;Paris_AN_JJ_inventaire_JJ70-JJ75.xml
JJ75;116;5651;59r;Paris_AN_JJ_inventaire_JJ70-JJ75.xml
JJ75;117;5652;59v;Paris_AN_JJ_inventaire_JJ70-JJ75.xml
JJ75;118;5653;59v;Paris_AN_JJ_inventaire_JJ70-JJ75.xml
JJ75;119;5654;60r;Paris_AN_JJ_inventaire_JJ70-JJ75.xml
JJ75;120;5655;60v;Paris_AN_JJ_inventaire_JJ70-JJ75.xml
JJ75;121;5656;61r;Paris_AN_JJ_inventaire_JJ70-JJ75.xml
JJ75;122;5657;61v;Paris_AN_JJ_inventaire_JJ70-JJ75.xml
JJ75;123;5658;61v;Paris_AN_JJ_inventaire_JJ70-JJ75.xml
JJ75;124;5659;62r;Paris_AN_JJ_inventaire_JJ70-JJ75.xml
JJ75;125;5660;62v;Paris_AN_JJ_inventaire_JJ70-JJ75.xml
JJ75;126;5661;63r;Paris_AN_JJ_inventaire_JJ70-JJ75.xml
JJ75;127;5662;64r;Paris_AN_JJ_inventaire_JJ70-JJ75.xml
JJ75;128;5663;66v;Paris_AN_JJ_inventaire_JJ70-JJ75.xml
JJ75;129;5664;67v;Paris_AN_JJ_inventaire_JJ70-JJ75.xml
JJ75;130;5665;68v;Paris_AN_JJ_inventaire_JJ70-JJ75.xml
JJ75;131;5666;68v;Paris_AN_JJ_inventaire_JJ70-JJ75.xml
JJ75;132;5667;69r;Paris_AN_JJ_inventaire_JJ70-JJ75.xml
JJ75;133;5668;69v;Paris_AN_JJ_inventaire_JJ70-JJ75.xml
JJ75;134;5669;70r;Paris_AN_JJ_inventaire_JJ70-JJ75.xml
JJ75;135;5670;70v;Paris_AN_JJ_inventaire_JJ70-JJ75.xml
JJ75;136;5671;71r;Paris_AN_JJ_inventaire_JJ70-JJ75.xml
JJ75;137;5672;71r;Paris_AN_JJ_inventaire_JJ70-JJ75.xml
JJ75;138;5673;71r;Paris_AN_JJ_inventaire_JJ70-JJ75.xml
JJ75;139;5674;71v;Paris_AN_JJ_inventaire_JJ70-JJ75.xml
JJ75;140;5675;71v;Paris_AN_JJ_inventaire_JJ70-JJ75.xml
JJ75;141;5676;72r;Paris_AN_JJ_inventaire_JJ70-JJ75.xml
JJ75;142;5677;73r;Paris_AN_JJ_inventaire_JJ70-JJ75.xml
JJ75;143;5678;76r;Paris_AN_JJ_inventaire_JJ70-JJ75.xml
JJ75;144;5679;76r;Paris_AN_JJ_inventaire_JJ70-JJ75.xml
JJ75;145;5680;76v;Paris_AN_JJ_inventaire_JJ70-JJ75.xml
JJ75;146;5681;76v;Paris_AN_JJ_inventaire_JJ70-JJ75.xml
JJ75;147;5682;77r;Paris_AN_JJ_inventaire_JJ70-JJ75.xml
JJ75;148;5683;78r;Paris_AN_JJ_inventaire_JJ70-JJ75.xml
JJ75;149;5684;78v;Paris_AN_JJ_inventaire_JJ70-JJ75.xml
JJ75;150;5685;78v;Paris_AN_JJ_inventaire_JJ70-JJ75.xml
JJ75;151;5686;78v;Paris_AN_JJ_inventaire_JJ70-JJ75.xml
JJ75;152;5687;78v;Paris_AN_JJ_inventaire_JJ70-JJ75.xml
JJ75;153;5688;78v;Paris_AN_JJ_inventaire_JJ70-JJ75.xml
JJ75;154;5689;79r;Paris_AN_JJ_inventaire_JJ70-JJ75.xml
JJ75;155;5690;79r;Paris_AN_JJ_inventaire_JJ70-JJ75.xml
JJ75;156;5691;79r;Paris_AN_JJ_inventaire_JJ70-JJ75.xml
JJ75;157;5692;79r;Paris_AN_JJ_inventaire_JJ70-JJ75.xml
JJ75;158;5693;79r;Paris_AN_JJ_inventaire_JJ70-JJ75.xml
JJ75;159;5694;79r;Paris_AN_JJ_inventaire_JJ70-JJ75.xml
JJ75;160;5695;79r;Paris_AN_JJ_inventaire_JJ70-JJ75.xml
JJ75;161;5696;79r;Paris_AN_JJ_inventaire_JJ70-JJ75.xml
JJ75;162;5697;79r;Paris_AN_JJ_inventaire_JJ70-JJ75.xml
JJ75;163;5698;79r;Paris_AN_JJ_inventaire_JJ70-JJ75.xml
JJ75;164;5699;79v;Paris_AN_JJ_inventaire_JJ70-JJ75.xml
JJ75;165;5700;81r;Paris_AN_JJ_inventaire_JJ70-JJ75.xml
JJ75;166;5701;81v;Paris_AN_JJ_inventaire_JJ70-JJ75.xml
JJ75;167;5702;81v;Paris_AN_JJ_inventaire_JJ70-JJ75.xml
JJ75;168;5703;82v;Paris_AN_JJ_inventaire_JJ70-JJ75.xml
JJ75;169;5704;82v;Paris_AN_JJ_inventaire_JJ70-JJ75.xml
JJ75;170;5705;83r;Paris_AN_JJ_inventaire_JJ70-JJ75.xml
JJ75;171;5706;83v;Paris_AN_JJ_inventaire_JJ70-JJ75.xml
JJ75;172;5707;83v;Paris_AN_JJ_inventaire_JJ70-JJ75.xml
JJ75;173;5708;84r;Paris_AN_JJ_inventaire_JJ70-JJ75.xml
JJ75;174;5709;84v;Paris_AN_JJ_inventaire_JJ70-JJ75.xml
JJ75;175;5710;85v;Paris_AN_JJ_inventaire_JJ70-JJ75.xml
JJ75;176;5711;86r;Paris_AN_JJ_inventaire_JJ70-JJ75.xml
JJ75;177;5712;86r;Paris_AN_JJ_inventaire_JJ70-JJ75.xml
JJ75;178;5713;86v;Paris_AN_JJ_inventaire_JJ70-JJ75.xml
JJ75;179;5714;87r;Paris_AN_JJ_inventaire_JJ70-JJ75.xml
JJ75;180;5715;88r;Paris_AN_JJ_inventaire_JJ70-JJ75.xml
JJ75;181;5716;88r;Paris_AN_JJ_inventaire_JJ70-JJ75.xml
JJ75;182;5717;88v;Paris_AN_JJ_inventaire_JJ70-JJ75.xml
JJ75;183;5718;89r;Paris_AN_JJ_inventaire_JJ70-JJ75.xml
JJ75;184;5719;89r;Paris_AN_JJ_inventaire_JJ70-JJ75.xml
JJ75;185;5720;90v;Paris_AN_JJ_inventaire_JJ70-JJ75.xml
JJ75;186;5721;92r;Paris_AN_JJ_inventaire_JJ70-JJ75.xml
JJ75;187;5722;93r;Paris_AN_JJ_inventaire_JJ70-JJ75.xml
JJ75;188;5723;93r;Paris_AN_JJ_inventaire_JJ70-JJ75.xml
JJ75;189;5724;93r;Paris_AN_JJ_inventaire_JJ70-JJ75.xml
JJ75;190;5725;93v;Paris_AN_JJ_inventaire_JJ70-JJ75.xml
JJ75;191;5726;94v;Paris_AN_JJ_inventaire_JJ70-JJ75.xml
JJ75;192;5727;96r;Paris_AN_JJ_inventaire_JJ70-JJ75.xml
JJ75;193;5728;97r;Paris_AN_JJ_inventaire_JJ70-JJ75.xml
JJ75;194;5729;97v;Paris_AN_JJ_inventaire_JJ70-JJ75.xml
JJ75;195;5730;98r;Paris_AN_JJ_inventaire_JJ70-JJ75.xml
JJ75;196;5731;98v;Paris_AN_JJ_inventaire_JJ70-JJ75.xml
JJ75;197;5732;98v;Paris_AN_JJ_inventaire_JJ70-JJ75.xml
JJ75;198;5733;99r;Paris_AN_JJ_inventaire_JJ70-JJ75.xml
JJ75;199;5734;99r;Paris_AN_JJ_inventaire_JJ70-JJ75.xml
JJ75;200;5735;99v;Paris_AN_JJ_inventaire_JJ70-JJ75.xml
JJ75;201;5736;100v;Paris_AN_JJ_inventaire_JJ70-JJ75.xml
JJ75;202;5737;101v;Paris_AN_JJ_inventaire_JJ70-JJ75.xml
JJ75;203;5738;102r;Paris_AN_JJ_inventaire_JJ70-JJ75.xml
JJ75;204;5739;102v;Paris_AN_JJ_inventaire_JJ70-JJ75.xml
JJ75;205;5740;103r;Paris_AN_JJ_inventaire_JJ70-JJ75.xml
JJ75;206;5741;103v;Paris_AN_JJ_inventaire_JJ70-JJ75.xml
JJ75;207;5742;104r;Paris_AN_JJ_inventaire_JJ70-JJ75.xml
JJ75;208;5743;104v;Paris_AN_JJ_inventaire_JJ70-JJ75.xml
JJ75;209;5744;104v;Paris_AN_JJ_inventaire_JJ70-JJ75.xml
JJ75;210;5745;104bis;Paris_AN_JJ_inventaire_JJ70-JJ75.xml
JJ75;211;5746;104bisv;Paris_AN_JJ_inventaire_JJ70-JJ75.xml
JJ75;212;5747;105r;Paris_AN_JJ_inventaire_JJ70-JJ75.xml
JJ75;213;5748;105v;Paris_AN_JJ_inventaire_JJ70-JJ75.xml
JJ75;214;5749;105v;Paris_AN_JJ_inventaire_JJ70-JJ75.xml
JJ75;215;5750;106r;Paris_AN_JJ_inventaire_JJ70-JJ75.xml
JJ75;216;5751;106v;Paris_AN_JJ_inventaire_JJ70-JJ75.xml
JJ75;217;5752;106v;Paris_AN_JJ_inventaire_JJ70-JJ75.xml
JJ75;218;5753;107v;Paris_AN_JJ_inventaire_JJ70-JJ75.xml
JJ75;219;5754;108r;Paris_AN_JJ_inventaire_JJ70-JJ75.xml
JJ75;220;5755;109r;Paris_AN_JJ_inventaire_JJ70-JJ75.xml
JJ75;221;5756;109v;Paris_AN_JJ_inventaire_JJ70-JJ75.xml
JJ75;222;5757;110r;Paris_AN_JJ_inventaire_JJ70-JJ75.xml
JJ75;223;5758;110v;Paris_AN_JJ_inventaire_JJ70-JJ75.xml
JJ75;224;5759;111r;Paris_AN_JJ_inventaire_JJ70-JJ75.xml
JJ75;225;5760;111v;Paris_AN_JJ_inventaire_JJ70-JJ75.xml
JJ75;226;5761;112r;Paris_AN_JJ_inventaire_JJ70-JJ75.xml
JJ75;227;5762;112v;Paris_AN_JJ_inventaire_JJ70-JJ75.xml
JJ75;228;5763;118r;Paris_AN_JJ_inventaire_JJ70-JJ75.xml
JJ75;229;5764;120r;Paris_AN_JJ_inventaire_JJ70-JJ75.xml
JJ75;230;5765;120r;Paris_AN_JJ_inventaire_JJ70-JJ75.xml
JJ75;231;5766;120v;Paris_AN_JJ_inventaire_JJ70-JJ75.xml
JJ75;232;5767;123r;Paris_AN_JJ_inventaire_JJ70-JJ75.xml
JJ75;233;5768;123v;Paris_AN_JJ_inventaire_JJ70-JJ75.xml
JJ75;234;5769;124r;Paris_AN_JJ_inventaire_JJ70-JJ75.xml
JJ75;235;5770;125r;Paris_AN_JJ_inventaire_JJ70-JJ75.xml
JJ75;236;5771;125r;Paris_AN_JJ_inventaire_JJ70-JJ75.xml
JJ75;237;5772;125r;Paris_AN_JJ_inventaire_JJ70-JJ75.xml
JJ75;238;5773;125v;Paris_AN_JJ_inventaire_JJ70-JJ75.xml
JJ75;239;5774;126r;Paris_AN_JJ_inventaire_JJ70-JJ75.xml
JJ75;240;5775;126r;Paris_AN_JJ_inventaire_JJ70-JJ75.xml
JJ75;241;5776;126v;Paris_AN_JJ_inventaire_JJ70-JJ75.xml
JJ75;242;5777;127r;Paris_AN_JJ_inventaire_JJ70-JJ75.xml
JJ75;243;5778;127r;Paris_AN_JJ_inventaire_JJ70-JJ75.xml
JJ75;244;5779;127v;Paris_AN_JJ_inventaire_JJ70-JJ75.xml
JJ75;245;5780;128r;Paris_AN_JJ_inventaire_JJ70-JJ75.xml
JJ75;246;5781;130r;Paris_AN_JJ_inventaire_JJ70-JJ75.xml
JJ75;247;5782;130v;Paris_AN_JJ_inventaire_JJ70-JJ75.xml
JJ75;248;5783;130v;Paris_AN_JJ_inventaire_JJ70-JJ75.xml
JJ75;249;5784;131r;Paris_AN_JJ_inventaire_JJ70-JJ75.xml
JJ75;250;5785;131r;Paris_AN_JJ_inventaire_JJ70-JJ75.xml
JJ75;251;5786;131v;Paris_AN_JJ_inventaire_JJ70-JJ75.xml
JJ75;252;5787;132r;Paris_AN_JJ_inventaire_JJ70-JJ75.xml
JJ75;253;5788;132v;Paris_AN_JJ_inventaire_JJ70-JJ75.xml
JJ75;254;5789;133r;Paris_AN_JJ_inventaire_JJ70-JJ75.xml
JJ75;255;5790;133v;Paris_AN_JJ_inventaire_JJ70-JJ75.xml
JJ75;256;5791;133v;Paris_AN_JJ_inventaire_JJ70-JJ75.xml
JJ75;257;5792;134r;Paris_AN_JJ_inventaire_JJ70-JJ75.xml
JJ75;258;5793;134r;Paris_AN_JJ_inventaire_JJ70-JJ75.xml
JJ75;259;5794;134v;Paris_AN_JJ_inventaire_JJ70-JJ75.xml
JJ75;260;5795;136r;Paris_AN_JJ_inventaire_JJ70-JJ75.xml
JJ75;261;5796;137r;Paris_AN_JJ_inventaire_JJ70-JJ75.xml
JJ75;262;5797;137v,17r;Paris_AN_JJ_inventaire_JJ70-JJ75.xml
JJ75;263;5798;138r;Paris_AN_JJ_inventaire_JJ70-JJ75.xml
JJ75;264;5799;138r;Paris_AN_JJ_inventaire_JJ70-JJ75.xml
JJ75;265;5800;138v;Paris_AN_JJ_inventaire_JJ70-JJ75.xml
JJ75;266;5801;139r;Paris_AN_JJ_inventaire_JJ70-JJ75.xml
JJ75;267;5802;139v;Paris_AN_JJ_inventaire_JJ70-JJ75.xml
JJ75;268;5803;140r;Paris_AN_JJ_inventaire_JJ70-JJ75.xml
JJ75;269;5804;140r;Paris_AN_JJ_inventaire_JJ70-JJ75.xml
JJ75;270;5805;140v;Paris_AN_JJ_inventaire_JJ70-JJ75.xml
JJ75;271;5806;141r;Paris_AN_JJ_inventaire_JJ70-JJ75.xml
JJ75;272;5807;141v;Paris_AN_JJ_inventaire_JJ70-JJ75.xml
JJ75;273;5808;142r;Paris_AN_JJ_inventaire_JJ70-JJ75.xml
JJ75;274;5809;142r;Paris_AN_JJ_inventaire_JJ70-JJ75.xml
JJ75;275;5810;142v;Paris_AN_JJ_inventaire_JJ70-JJ75.xml
JJ75;276;5811;143r;Paris_AN_JJ_inventaire_JJ70-JJ75.xml
JJ75;277;5812;144r;Paris_AN_JJ_inventaire_JJ70-JJ75.xml
JJ75;278;5813;145r;Paris_AN_JJ_inventaire_JJ70-JJ75.xml
JJ75;279;5814;145v;Paris_AN_JJ_inventaire_JJ70-JJ75.xml
JJ75;280;5815;146v;Paris_AN_JJ_inventaire_JJ70-JJ75.xml
JJ75;281;5816;155r;Paris_AN_JJ_inventaire_JJ70-JJ75.xml
JJ75;282;5817;156r;Paris_AN_JJ_inventaire_JJ70-JJ75.xml
JJ75;283;5818;157r;Paris_AN_JJ_inventaire_JJ70-JJ75.xml
JJ75;284;5819;157v;Paris_AN_JJ_inventaire_JJ70-JJ75.xml
JJ75;285;5820;159r;Paris_AN_JJ_inventaire_JJ70-JJ75.xml
JJ75;286;5821;159r;Paris_AN_JJ_inventaire_JJ70-JJ75.xml
JJ75;287;5822;159v;Paris_AN_JJ_inventaire_JJ70-JJ75.xml
JJ75;288;5823;160r;Paris_AN_JJ_inventaire_JJ70-JJ75.xml
JJ75;289;5824;160et164;Paris_AN_JJ_inventaire_JJ70-JJ75.xml
JJ75;290;5825;161r;Paris_AN_JJ_inventaire_JJ70-JJ75.xml
JJ75;291;5826;161v;Paris_AN_JJ_inventaire_JJ70-JJ75.xml
JJ75;292;5827;162v;Paris_AN_JJ_inventaire_JJ70-JJ75.xml
JJ75;293;5828;162v;Paris_AN_JJ_inventaire_JJ70-JJ75.xml
JJ75;294;5829;166r;Paris_AN_JJ_inventaire_JJ70-JJ75.xml
JJ75;295;5830;166r;Paris_AN_JJ_inventaire_JJ70-JJ75.xml
JJ75;296;5831;166v;Paris_AN_JJ_inventaire_JJ70-JJ75.xml
JJ75;297;5832;167r;Paris_AN_JJ_inventaire_JJ70-JJ75.xml
JJ75;298;5833;168r;Paris_AN_JJ_inventaire_JJ70-JJ75.xml
JJ75;299;5834;173r;Paris_AN_JJ_inventaire_JJ70-JJ75.xml
JJ75;300;5835;175r;Paris_AN_JJ_inventaire_JJ70-JJ75.xml
JJ75;301;5836;175r;Paris_AN_JJ_inventaire_JJ70-JJ75.xml
JJ75;302;5837;175v;Paris_AN_JJ_inventaire_JJ70-JJ75.xml
JJ75;303;5838;177r;Paris_AN_JJ_inventaire_JJ70-JJ75.xml
JJ75;304;5839;177v;Paris_AN_JJ_inventaire_JJ70-JJ75.xml
JJ75;305;5840;178v;Paris_AN_JJ_inventaire_JJ70-JJ75.xml
JJ75;306;5841;179v;Paris_AN_JJ_inventaire_JJ70-JJ75.xml
JJ75;307;5842;180r;Paris_AN_JJ_inventaire_JJ70-JJ75.xml
JJ75;308;5843;181r;Paris_AN_JJ_inventaire_JJ70-JJ75.xml
JJ75;309;5844;181r;Paris_AN_JJ_inventaire_JJ70-JJ75.xml
JJ75;310;5845;182r;Paris_AN_JJ_inventaire_JJ70-JJ75.xml
JJ75;311;5846;182v;Paris_AN_JJ_inventaire_JJ70-JJ75.xml
JJ75;312;5847;183v;Paris_AN_JJ_inventaire_JJ70-JJ75.xml
JJ75;313;5848;184v;Paris_AN_JJ_inventaire_JJ70-JJ75.xml
JJ75;314;5849;185r;Paris_AN_JJ_inventaire_JJ70-JJ75.xml
JJ75;315;5850;185v;Paris_AN_JJ_inventaire_JJ70-JJ75.xml
JJ75;316;5851;186r;Paris_AN_JJ_inventaire_JJ70-JJ75.xml
JJ75;317;5852;188r;Paris_AN_JJ_inventaire_JJ70-JJ75.xml
JJ75;318;5853;188r;Paris_AN_JJ_inventaire_JJ70-JJ75.xml
JJ75;319;5854;189r;Paris_AN_JJ_inventaire_JJ70-JJ75.xml
JJ75;320;5855;190r;Paris_AN_JJ_inventaire_JJ70-JJ75.xml
JJ75;321;5856;191r;Paris_AN_JJ_inventaire_JJ70-JJ75.xml
JJ75;322;5857;191r;Paris_AN_JJ_inventaire_JJ70-JJ75.xml
JJ75;323;5858;191v;Paris_AN_JJ_inventaire_JJ70-JJ75.xml
JJ75;324;5859;191v;Paris_AN_JJ_inventaire_JJ70-JJ75.xml
JJ75;325;5860;192r;Paris_AN_JJ_inventaire_JJ70-JJ75.xml
JJ75;326;5861;192v;Paris_AN_JJ_inventaire_JJ70-JJ75.xml
JJ75;327;5862;194r;Paris_AN_JJ_inventaire_JJ70-JJ75.xml
JJ75;328;5863;196r;Paris_AN_JJ_inventaire_JJ70-JJ75.xml
JJ75;329;5864;196v;Paris_AN_JJ_inventaire_JJ70-JJ75.xml
JJ75;329bis;5865;196v;Paris_AN_JJ_inventaire_JJ70-JJ75.xml
JJ75;330;5866;196v;Paris_AN_JJ_inventaire_JJ70-JJ75.xml
JJ75;331;5867;197v;Paris_AN_JJ_inventaire_JJ70-JJ75.xml
JJ75;332;5868;199r;Paris_AN_JJ_inventaire_JJ70-JJ75.xml
JJ75;333;5869;199r;Paris_AN_JJ_inventaire_JJ70-JJ75.xml
JJ75;334;5870;199v;Paris_AN_JJ_inventaire_JJ70-JJ75.xml
JJ75;335;5871;200v;Paris_AN_JJ_inventaire_JJ70-JJ75.xml
JJ75;336;5872;201r;Paris_AN_JJ_inventaire_JJ70-JJ75.xml
JJ75;337;5873;201v;Paris_AN_JJ_inventaire_JJ70-JJ75.xml
JJ75;338;5874;204r;Paris_AN_JJ_inventaire_JJ70-JJ75.xml
JJ75;339;5875;204v;Paris_AN_JJ_inventaire_JJ70-JJ75.xml
JJ75;340;5876;204v;Paris_AN_JJ_inventaire_JJ70-JJ75.xml
JJ75;341;5877;205v;Paris_AN_JJ_inventaire_JJ70-JJ75.xml
JJ75;342;5878;206v;Paris_AN_JJ_inventaire_JJ70-JJ75.xml
JJ75;343;5879;207r;Paris_AN_JJ_inventaire_JJ70-JJ75.xml
JJ75;344;5880;209r;Paris_AN_JJ_inventaire_JJ70-JJ75.xml
JJ75;345;5881;210r;Paris_AN_JJ_inventaire_JJ70-JJ75.xml
JJ75;346;5882;211r;Paris_AN_JJ_inventaire_JJ70-JJ75.xml
JJ75;347;5883;211v;Paris_AN_JJ_inventaire_JJ70-JJ75.xml
JJ75;348;5884;211v;Paris_AN_JJ_inventaire_JJ70-JJ75.xml
JJ75;349;5885;212r;Paris_AN_JJ_inventaire_JJ70-JJ75.xml
JJ75;350;5886;212v;Paris_AN_JJ_inventaire_JJ70-JJ75.xml
JJ75;351;5887;214v;Paris_AN_JJ_inventaire_JJ70-JJ75.xml
JJ75;352;5888;214v;Paris_AN_JJ_inventaire_JJ70-JJ75.xml
JJ75;353;5889;215r;Paris_AN_JJ_inventaire_JJ70-JJ75.xml
JJ75;354;5890;217r;Paris_AN_JJ_inventaire_JJ70-JJ75.xml
JJ75;355;5891;218r;Paris_AN_JJ_inventaire_JJ70-JJ75.xml
JJ75;356;5892;218v;Paris_AN_JJ_inventaire_JJ70-JJ75.xml
JJ75;357;5893;219v;Paris_AN_JJ_inventaire_JJ70-JJ75.xml
JJ75;358;5894;219v;Paris_AN_JJ_inventaire_JJ70-JJ75.xml
JJ75;359;5895;222r;Paris_AN_JJ_inventaire_JJ70-JJ75.xml
JJ75;360;5896;223v;Paris_AN_JJ_inventaire_JJ70-JJ75.xml
JJ75;361;5897;225r;Paris_AN_JJ_inventaire_JJ70-JJ75.xml
JJ75;362;5898;225r;Paris_AN_JJ_inventaire_JJ70-JJ75.xml
JJ75;363;5899;225r;Paris_AN_JJ_inventaire_JJ70-JJ75.xml
JJ75;364;5900;226r;Paris_AN_JJ_inventaire_JJ70-JJ75.xml
JJ75;365;5901;226v;Paris_AN_JJ_inventaire_JJ70-JJ75.xml
JJ75;366;5902;227r;Paris_AN_JJ_inventaire_JJ70-JJ75.xml
JJ75;367;5903;227r;Paris_AN_JJ_inventaire_JJ70-JJ75.xml
JJ75;368;5904;227v;Paris_AN_JJ_inventaire_JJ70-JJ75.xml
JJ75;369;5905;228r;Paris_AN_JJ_inventaire_JJ70-JJ75.xml
JJ75;370;5906;229r;Paris_AN_JJ_inventaire_JJ70-JJ75.xml
JJ75;371;5907;229v;Paris_AN_JJ_inventaire_JJ70-JJ75.xml
JJ75;372;5908;229v;Paris_AN_JJ_inventaire_JJ70-JJ75.xml
JJ75;373;5909;231r;Paris_AN_JJ_inventaire_JJ70-JJ75.xml
JJ75;374;5910;231v;Paris_AN_JJ_inventaire_JJ70-JJ75.xml
JJ75;375;5911;231v;Paris_AN_JJ_inventaire_JJ70-JJ75.xml
JJ75;376;5912;232r;Paris_AN_JJ_inventaire_JJ70-JJ75.xml
JJ75;377;5913;234r;Paris_AN_JJ_inventaire_JJ70-JJ75.xml
JJ75;378;5914;235r;Paris_AN_JJ_inventaire_JJ70-JJ75.xml
JJ75;379;5915;235r;Paris_AN_JJ_inventaire_JJ70-JJ75.xml
JJ75;380;5916;235v;Paris_AN_JJ_inventaire_JJ70-JJ75.xml
JJ75;381;5917;236r;Paris_AN_JJ_inventaire_JJ70-JJ75.xml
JJ75;382;5918;236v;Paris_AN_JJ_inventaire_JJ70-JJ75.xml
JJ75;383;5919;236v;Paris_AN_JJ_inventaire_JJ70-JJ75.xml
JJ75;384;5920;237r;Paris_AN_JJ_inventaire_JJ70-JJ75.xml
JJ75;385;5921;237v;Paris_AN_JJ_inventaire_JJ70-JJ75.xml
JJ75;385bis;5922;238r;Paris_AN_JJ_inventaire_JJ70-JJ75.xml
JJ75;386;5923;238r;Paris_AN_JJ_inventaire_JJ70-JJ75.xml
JJ75;387;5924;238v;Paris_AN_JJ_inventaire_JJ70-JJ75.xml
JJ75;388;5925;238v;Paris_AN_JJ_inventaire_JJ70-JJ75.xml
JJ75;389;5926;238v;Paris_AN_JJ_inventaire_JJ70-JJ75.xml
JJ75;390;5927;239r;Paris_AN_JJ_inventaire_JJ70-JJ75.xml
JJ75;391;5928;239v;Paris_AN_JJ_inventaire_JJ70-JJ75.xml
JJ75;392;5929;239v;Paris_AN_JJ_inventaire_JJ70-JJ75.xml
JJ75;393;5930;240r;Paris_AN_JJ_inventaire_JJ70-JJ75.xml
JJ75;394;5931;240v;Paris_AN_JJ_inventaire_JJ70-JJ75.xml
JJ75;395;5932;240v;Paris_AN_JJ_inventaire_JJ70-JJ75.xml
JJ75;396;5933;241r;Paris_AN_JJ_inventaire_JJ70-JJ75.xml
JJ75;397;5934;241r;Paris_AN_JJ_inventaire_JJ70-JJ75.xml
JJ75;398;5935;241v;Paris_AN_JJ_inventaire_JJ70-JJ75.xml
JJ75;399;5936;241v;Paris_AN_JJ_inventaire_JJ70-JJ75.xml
JJ75;400;5937;242v;Paris_AN_JJ_inventaire_JJ70-JJ75.xml
JJ75;401;5938;242v);Paris_AN_JJ_inventaire_JJ70-JJ75.xml
JJ75;402;5939;243v;Paris_AN_JJ_inventaire_JJ70-JJ75.xml
JJ75;403;5940;244r;Paris_AN_JJ_inventaire_JJ70-JJ75.xml
JJ75;404;5941;244r;Paris_AN_JJ_inventaire_JJ70-JJ75.xml
JJ75;405;5942;244r;Paris_AN_JJ_inventaire_JJ70-JJ75.xml
JJ75;406;5943;245r;Paris_AN_JJ_inventaire_JJ70-JJ75.xml
JJ75;407;5944;247v;Paris_AN_JJ_inventaire_JJ70-JJ75.xml
JJ75;408;5945;248r;Paris_AN_JJ_inventaire_JJ70-JJ75.xml
JJ75;409;5946;248v;Paris_AN_JJ_inventaire_JJ70-JJ75.xml
JJ75;410;5947;249r;Paris_AN_JJ_inventaire_JJ70-JJ75.xml
JJ75;411;5948;249r;Paris_AN_JJ_inventaire_JJ70-JJ75.xml
JJ75;412;5949;249v;Paris_AN_JJ_inventaire_JJ70-JJ75.xml
JJ75;413;5950;250v;Paris_AN_JJ_inventaire_JJ70-JJ75.xml
JJ75;414;5951;250v;Paris_AN_JJ_inventaire_JJ70-JJ75.xml
JJ75;415;5952;251r;Paris_AN_JJ_inventaire_JJ70-JJ75.xml
JJ75;416;5953;251r;Paris_AN_JJ_inventaire_JJ70-JJ75.xml
JJ75;417;5954;252v;Paris_AN_JJ_inventaire_JJ70-JJ75.xml
JJ75;418;5955;255r;Paris_AN_JJ_inventaire_JJ70-JJ75.xml
JJ75;419;5956;256r;Paris_AN_JJ_inventaire_JJ70-JJ75.xml
JJ75;420;5957;256r;Paris_AN_JJ_inventaire_JJ70-JJ75.xml
JJ75;421;5958;256v;Paris_AN_JJ_inventaire_JJ70-JJ75.xml
JJ75;422;5959;256v;Paris_AN_JJ_inventaire_JJ70-JJ75.xml
JJ75;423;5960;257r;Paris_AN_JJ_inventaire_JJ70-JJ75.xml
JJ75;424;5961;257v;Paris_AN_JJ_inventaire_JJ70-JJ75.xml
JJ75;425;5962;258r;Paris_AN_JJ_inventaire_JJ70-JJ75.xml
JJ75;426;5963;258v;Paris_AN_JJ_inventaire_JJ70-JJ75.xml
JJ75;427;5964;258v;Paris_AN_JJ_inventaire_JJ70-JJ75.xml
JJ75;428;5965;259r;Paris_AN_JJ_inventaire_JJ70-JJ75.xml
JJ75;429;5966;259r;Paris_AN_JJ_inventaire_JJ70-JJ75.xml
JJ75;430;5967;259v;Paris_AN_JJ_inventaire_JJ70-JJ75.xml
JJ75;431;5968;260r;Paris_AN_JJ_inventaire_JJ70-JJ75.xml
JJ75;432;5969;260v;Paris_AN_JJ_inventaire_JJ70-JJ75.xml
JJ75;433;5970;261r;Paris_AN_JJ_inventaire_JJ70-JJ75.xml
JJ75;434;5971;262r;Paris_AN_JJ_inventaire_JJ70-JJ75.xml
JJ75;435;5972;263r;Paris_AN_JJ_inventaire_JJ70-JJ75.xml
JJ75;436;5973;266r;Paris_AN_JJ_inventaire_JJ70-JJ75.xml
JJ75;437;5974;267r;Paris_AN_JJ_inventaire_JJ70-JJ75.xml
JJ75;438;5975;268r;Paris_AN_JJ_inventaire_JJ70-JJ75.xml
JJ75;439;5976;268v;Paris_AN_JJ_inventaire_JJ70-JJ75.xml
JJ75;440;5977;269r;Paris_AN_JJ_inventaire_JJ70-JJ75.xml
JJ75;441;5978;269r;Paris_AN_JJ_inventaire_JJ70-JJ75.xml
JJ75;442;5979;269v;Paris_AN_JJ_inventaire_JJ70-JJ75.xml
JJ75;443;5980;269v;Paris_AN_JJ_inventaire_JJ70-JJ75.xml
JJ75;444;5981;270r;Paris_AN_JJ_inventaire_JJ70-JJ75.xml
JJ75;445;5982;270r;Paris_AN_JJ_inventaire_JJ70-JJ75.xml
JJ75;446;5983;271r;Paris_AN_JJ_inventaire_JJ70-JJ75.xml
JJ75;447;5984;273r;Paris_AN_JJ_inventaire_JJ70-JJ75.xml
JJ75;448;5985;274r;Paris_AN_JJ_inventaire_JJ70-JJ75.xml
JJ75;449;5986;274v;Paris_AN_JJ_inventaire_JJ70-JJ75.xml
JJ75;450;5987;274v;Paris_AN_JJ_inventaire_JJ70-JJ75.xml
JJ75;451;5988;275r;Paris_AN_JJ_inventaire_JJ70-JJ75.xml
JJ75;452;5989;275r;Paris_AN_JJ_inventaire_JJ70-JJ75.xml
JJ75;453;5990;275v;Paris_AN_JJ_inventaire_JJ70-JJ75.xml
JJ75;454;5991;276r;Paris_AN_JJ_inventaire_JJ70-JJ75.xml
JJ75;455;5992;276v;Paris_AN_JJ_inventaire_JJ70-JJ75.xml
JJ75;456;5993;276v;Paris_AN_JJ_inventaire_JJ70-JJ75.xml
JJ75;457;5994;277r;Paris_AN_JJ_inventaire_JJ70-JJ75.xml
JJ75;458;5995;277v;Paris_AN_JJ_inventaire_JJ70-JJ75.xml
JJ75;459;5996;279r;Paris_AN_JJ_inventaire_JJ70-JJ75.xml
JJ75;460;5997;280r;Paris_AN_JJ_inventaire_JJ70-JJ75.xml
JJ75;461;5998;280v;Paris_AN_JJ_inventaire_JJ70-JJ75.xml
JJ75;462;5999;281r;Paris_AN_JJ_inventaire_JJ70-JJ75.xml
JJ75;463;6000;282r;Paris_AN_JJ_inventaire_JJ70-JJ75.xml
JJ75;464;6001;282v;Paris_AN_JJ_inventaire_JJ70-JJ75.xml
JJ75;465;6002;282v;Paris_AN_JJ_inventaire_JJ70-JJ75.xml
JJ75;466;6003;283r;Paris_AN_JJ_inventaire_JJ70-JJ75.xml
JJ75;467;6004;283v;Paris_AN_JJ_inventaire_JJ70-JJ75.xml
JJ75;468;6005;285v;Paris_AN_JJ_inventaire_JJ70-JJ75.xml
JJ75;469;6006;286r;Paris_AN_JJ_inventaire_JJ70-JJ75.xml
JJ75;470;6007;286r;Paris_AN_JJ_inventaire_JJ70-JJ75.xml
JJ75;471;6008;286v;Paris_AN_JJ_inventaire_JJ70-JJ75.xml
JJ75;472;6009;287r;Paris_AN_JJ_inventaire_JJ70-JJ75.xml
JJ75;473;6010;287r;Paris_AN_JJ_inventaire_JJ70-JJ75.xml
JJ75;474;6011;287v;Paris_AN_JJ_inventaire_JJ70-JJ75.xml
JJ75;475;6012;287v;Paris_AN_JJ_inventaire_JJ70-JJ75.xml
JJ75;476;6013;288r;Paris_AN_JJ_inventaire_JJ70-JJ75.xml
JJ75;477;6014;288r;Paris_AN_JJ_inventaire_JJ70-JJ75.xml
JJ75;478;6015;288v;Paris_AN_JJ_inventaire_JJ70-JJ75.xml
JJ75;479;6016;288v;Paris_AN_JJ_inventaire_JJ70-JJ75.xml
JJ75;480;6017;289r;Paris_AN_JJ_inventaire_JJ70-JJ75.xml
JJ75;481;6018;289r;Paris_AN_JJ_inventaire_JJ70-JJ75.xml
JJ75;482;6019;289r;Paris_AN_JJ_inventaire_JJ70-JJ75.xml
JJ75;483;6020;289v;Paris_AN_JJ_inventaire_JJ70-JJ75.xml
JJ75;484;6021;289v;Paris_AN_JJ_inventaire_JJ70-JJ75.xml
JJ75;485;6022;289bis;Paris_AN_JJ_inventaire_JJ70-JJ75.xml
JJ75;486;6023;289bisv;Paris_AN_JJ_inventaire_JJ70-JJ75.xml
JJ75;487;6024;290r;Paris_AN_JJ_inventaire_JJ70-JJ75.xml
JJ75;488;6025;290r;Paris_AN_JJ_inventaire_JJ70-JJ75.xml
JJ75;489;6026;292v;Paris_AN_JJ_inventaire_JJ70-JJ75.xml
JJ75;490;6027;292v;Paris_AN_JJ_inventaire_JJ70-JJ75.xml
JJ75;491;6028;293r;Paris_AN_JJ_inventaire_JJ70-JJ75.xml
JJ75;492;6029;294r;Paris_AN_JJ_inventaire_JJ70-JJ75.xml
JJ75;493;6030;294r;Paris_AN_JJ_inventaire_JJ70-JJ75.xml
JJ75;494;6031;294v;Paris_AN_JJ_inventaire_JJ70-JJ75.xml
JJ75;495;6032;294bis;Paris_AN_JJ_inventaire_JJ70-JJ75.xml
JJ75;496;6033;294bis;Paris_AN_JJ_inventaire_JJ70-JJ75.xml
JJ75;497;6034;294bisv;Paris_AN_JJ_inventaire_JJ70-JJ75.xml
JJ75;498;6035;295r;Paris_AN_JJ_inventaire_JJ70-JJ75.xml
JJ75;499;6036;295v;Paris_AN_JJ_inventaire_JJ70-JJ75.xml
JJ75;500;6037;296r;Paris_AN_JJ_inventaire_JJ70-JJ75.xml
JJ75;501;6038;296r;Paris_AN_JJ_inventaire_JJ70-JJ75.xml
JJ75;502;6039;296v;Paris_AN_JJ_inventaire_JJ70-JJ75.xml
JJ75;503;6040;296v;Paris_AN_JJ_inventaire_JJ70-JJ75.xml
JJ75;504;6041;296v;Paris_AN_JJ_inventaire_JJ70-JJ75.xml
JJ75;505;6042;297r;Paris_AN_JJ_inventaire_JJ70-JJ75.xml
JJ75;506;6043;297v;Paris_AN_JJ_inventaire_JJ70-JJ75.xml
JJ75;507;6044;298v;Paris_AN_JJ_inventaire_JJ70-JJ75.xml
JJ75;508;6045;298v;Paris_AN_JJ_inventaire_JJ70-JJ75.xml
JJ75;509;6046;299v;Paris_AN_JJ_inventaire_JJ70-JJ75.xml
JJ75;510;6047;300r;Paris_AN_JJ_inventaire_JJ70-JJ75.xml
JJ75;511;6048;300r;Paris_AN_JJ_inventaire_JJ70-JJ75.xml
JJ75;512;6049;300v;Paris_AN_JJ_inventaire_JJ70-JJ75.xml
JJ75;513;6050;301v;Paris_AN_JJ_inventaire_JJ70-JJ75.xml
JJ75;514;6051;302r;Paris_AN_JJ_inventaire_JJ70-JJ75.xml
JJ75;515;6052;303r;Paris_AN_JJ_inventaire_JJ70-JJ75.xml
JJ75;516;6053;303v;Paris_AN_JJ_inventaire_JJ70-JJ75.xml
JJ75;517;6054;304r;Paris_AN_JJ_inventaire_JJ70-JJ75.xml
JJ75;518;6055;305v;Paris_AN_JJ_inventaire_JJ70-JJ75.xml
JJ75;519;6056;306r;Paris_AN_JJ_inventaire_JJ70-JJ75.xml
JJ75;520;6057;306r;Paris_AN_JJ_inventaire_JJ70-JJ75.xml
JJ75;521;6058;306v;Paris_AN_JJ_inventaire_JJ70-JJ75.xml
JJ75;522;6059;307r;Paris_AN_JJ_inventaire_JJ70-JJ75.xml
JJ75;523;6060;308r;Paris_AN_JJ_inventaire_JJ70-JJ75.xml
JJ75;524;6061;308r;Paris_AN_JJ_inventaire_JJ70-JJ75.xml
JJ75;525;6062;308v;Paris_AN_JJ_inventaire_JJ70-JJ75.xml
JJ75;526;6063;308v;Paris_AN_JJ_inventaire_JJ70-JJ75.xml
JJ75;527;6064;309r;Paris_AN_JJ_inventaire_JJ70-JJ75.xml
JJ75;528;6065;309r;Paris_AN_JJ_inventaire_JJ70-JJ75.xml
JJ75;529;6066;309v;Paris_AN_JJ_inventaire_JJ70-JJ75.xml
JJ75;530;6067;311r;Paris_AN_JJ_inventaire_JJ70-JJ75.xml
JJ75;531;6068;311v;Paris_AN_JJ_inventaire_JJ70-JJ75.xml
JJ75;532;6069;313v;Paris_AN_JJ_inventaire_JJ70-JJ75.xml
JJ75;533;6070;315r;Paris_AN_JJ_inventaire_JJ70-JJ75.xml
JJ75;534;6071;320v;Paris_AN_JJ_inventaire_JJ70-JJ75.xml
JJ75;535;6072;320v;Paris_AN_JJ_inventaire_JJ70-JJ75.xml
JJ75;536;6073;323r;Paris_AN_JJ_inventaire_JJ70-JJ75.xml
JJ75;537;6074;323v;Paris_AN_JJ_inventaire_JJ70-JJ75.xml
JJ75;538;6075;324r;Paris_AN_JJ_inventaire_JJ70-JJ75.xml
JJ75;539;6076;324r;Paris_AN_JJ_inventaire_JJ70-JJ75.xml
JJ75;540;6077;324v;Paris_AN_JJ_inventaire_JJ70-JJ75.xml
JJ75;541;6078;325r;Paris_AN_JJ_inventaire_JJ70-JJ75.xml
JJ75;542;6079;325r;Paris_AN_JJ_inventaire_JJ70-JJ75.xml
JJ75;543;6080;325v;Paris_AN_JJ_inventaire_JJ70-JJ75.xml
JJ75;544;6081;326r;Paris_AN_JJ_inventaire_JJ70-JJ75.xml
JJ75;545;6082;326r;Paris_AN_JJ_inventaire_JJ70-JJ75.xml
JJ75;546;6083;326v;Paris_AN_JJ_inventaire_JJ70-JJ75.xml
JJ75;547;6084;327r;Paris_AN_JJ_inventaire_JJ70-JJ75.xml
JJ75;548;6085;328r;Paris_AN_JJ_inventaire_JJ70-JJ75.xml
JJ75;549;6086;328v;Paris_AN_JJ_inventaire_JJ70-JJ75.xml
JJ75;550;6087;330v;Paris_AN_JJ_inventaire_JJ70-JJ75.xml
JJ75;551;6088;330v;Paris_AN_JJ_inventaire_JJ70-JJ75.xml
JJ75;552;6089;331v;Paris_AN_JJ_inventaire_JJ70-JJ75.xml
JJ75;553;6090;331v;Paris_AN_JJ_inventaire_JJ70-JJ75.xml
JJ75;554;6091;332r;Paris_AN_JJ_inventaire_JJ70-JJ75.xml
JJ75;555;6092;332v;Paris_AN_JJ_inventaire_JJ70-JJ75.xml
JJ75;556;6093;333r;Paris_AN_JJ_inventaire_JJ70-JJ75.xml
JJ75;557;6094;334v;Paris_AN_JJ_inventaire_JJ70-JJ75.xml
JJ75;558;6095;335r;Paris_AN_JJ_inventaire_JJ70-JJ75.xml
JJ75;559;6096;335v;Paris_AN_JJ_inventaire_JJ70-JJ75.xml
JJ75;560;6097;335v;Paris_AN_JJ_inventaire_JJ70-JJ75.xml
JJ75;561;6098;336v;Paris_AN_JJ_inventaire_JJ70-JJ75.xml
JJ75;562;6099;336v;Paris_AN_JJ_inventaire_JJ70-JJ75.xml
JJ75;563;6100;337r;Paris_AN_JJ_inventaire_JJ70-JJ75.xml
JJ75;564;6101;337v;Paris_AN_JJ_inventaire_JJ70-JJ75.xml
JJ75;565;6102;339r;Paris_AN_JJ_inventaire_JJ70-JJ75.xml
JJ75;566;6103;340r;Paris_AN_JJ_inventaire_JJ70-JJ75.xml
JJ75;567;6104;340v;Paris_AN_JJ_inventaire_JJ70-JJ75.xml
JJ75;568;6105;341r;Paris_AN_JJ_inventaire_JJ70-JJ75.xml
JJ75;569;6106;341v;Paris_AN_JJ_inventaire_JJ70-JJ75.xml
JJ75;570;6107;341v;Paris_AN_JJ_inventaire_JJ70-JJ75.xml
JJ75;571;6108;342v;Paris_AN_JJ_inventaire_JJ70-JJ75.xml
JJ75;572;6109;343v;Paris_AN_JJ_inventaire_JJ70-JJ75.xml
JJ75;573;6110;343v;Paris_AN_JJ_inventaire_JJ70-JJ75.xml
JJ75;574;6111;344r;Paris_AN_JJ_inventaire_JJ70-JJ75.xml
JJ75;575;6112;344v;Paris_AN_JJ_inventaire_JJ70-JJ75.xml
JJ75;576;6113;345r;Paris_AN_JJ_inventaire_JJ70-JJ75.xml
JJ75;577;6114;345v;Paris_AN_JJ_inventaire_JJ70-JJ75.xml
JJ75;578;6115;346r;Paris_AN_JJ_inventaire_JJ70-JJ75.xml
JJ75;579;6116;347r;Paris_AN_JJ_inventaire_JJ70-JJ75.xml
JJ75;580;6117;347r;Paris_AN_JJ_inventaire_JJ70-JJ75.xml
JJ75;581;6118;348v;Paris_AN_JJ_inventaire_JJ70-JJ75.xml
JJ75;582;6119;350v;Paris_AN_JJ_inventaire_JJ70-JJ75.xml
JJ75;583;6120;354v;Paris_AN_JJ_inventaire_JJ70-JJ75.xml
JJ75;584;6121;355r;Paris_AN_JJ_inventaire_JJ70-JJ75.xml
JJ75;585;6122;355r;Paris_AN_JJ_inventaire_JJ70-JJ75.xml
JJ75;586;6123;355v;Paris_AN_JJ_inventaire_JJ70-JJ75.xml
JJ75;587;6124;356r;Paris_AN_JJ_inventaire_JJ70-JJ75.xml
JJ75;588;6125;356v;Paris_AN_JJ_inventaire_JJ70-JJ75.xml
JJ75;589;6126;356v;Paris_AN_JJ_inventaire_JJ70-JJ75.xml
JJ75;590;6127;357r;Paris_AN_JJ_inventaire_JJ70-JJ75.xml
JJ75;591;6128;358r;Paris_AN_JJ_inventaire_JJ70-JJ75.xml
JJ75;592;6129;359v;Paris_AN_JJ_inventaire_JJ70-JJ75.xml
JJ75;593;6130;361v;Paris_AN_JJ_inventaire_JJ70-JJ75.xml
JJ75;594;6131;361v;Paris_AN_JJ_inventaire_JJ70-JJ75.xml
JJ75;595;6132;362r;Paris_AN_JJ_inventaire_JJ70-JJ75.xml
JJ75;596;6133;362r;Paris_AN_JJ_inventaire_JJ70-JJ75.xml
JJ75;597;6134;362v;Paris_AN_JJ_inventaire_JJ70-JJ75.xml
JJ75;598;6135;362v;Paris_AN_JJ_inventaire_JJ70-JJ75.xml
JJ75;599;6136;363r;Paris_AN_JJ_inventaire_JJ70-JJ75.xml
JJ75;600;6137;363v;Paris_AN_JJ_inventaire_JJ70-JJ75.xml
JJ75;601;6138;364r;Paris_AN_JJ_inventaire_JJ70-JJ75.xml
JJ75;602;6139;364v;Paris_AN_JJ_inventaire_JJ70-JJ75.xml
JJ75;603;6140;365r;Paris_AN_JJ_inventaire_JJ70-JJ75.xml
JJ75;604;6141;365r;Paris_AN_JJ_inventaire_JJ70-JJ75.xml
JJ75;605;6142;368r;Paris_AN_JJ_inventaire_JJ70-JJ75.xml
JJ75;606;6143;370r;Paris_AN_JJ_inventaire_JJ70-JJ75.xml
JJ75;607;6144;371v;Paris_AN_JJ_inventaire_JJ70-JJ75.xml
JJ75;608;6145;372v;Paris_AN_JJ_inventaire_JJ70-JJ75.xml
JJ75;609;6146;372v;Paris_AN_JJ_inventaire_JJ70-JJ75.xml
