Paris_AN_JJ_inventaire_Loire.xml_Register;Paris_AN_JJ_inventaire_Loire.xml_Act_number;Paris_AN_JJ_inventaire_Loire.xml_Head;Paris_AN_JJ_inventaire_Loire.xml_Locus;Paris_AN_JJ_inventaire_Loire.xml_File
JJ80;31;1;18;Paris_AN_JJ_inventaire_Loire.xml
JJ80;73;2;39v;Paris_AN_JJ_inventaire_Loire.xml
JJ80;112;3;59;Paris_AN_JJ_inventaire_Loire.xml
JJ80;219;4;169v;Paris_AN_JJ_inventaire_Loire.xml
JJ80;225;5;173;Paris_AN_JJ_inventaire_Loire.xml
JJ80;253;6;184;Paris_AN_JJ_inventaire_Loire.xml
JJ80;256;7;185v;Paris_AN_JJ_inventaire_Loire.xml
JJ80;272;8;192;Paris_AN_JJ_inventaire_Loire.xml
JJ80;279;9;195;Paris_AN_JJ_inventaire_Loire.xml
JJ80;289;10;201v;Paris_AN_JJ_inventaire_Loire.xml
JJ80;293;11;203v;Paris_AN_JJ_inventaire_Loire.xml
JJ80;297;12;207;Paris_AN_JJ_inventaire_Loire.xml
JJ80;316;13;239v;Paris_AN_JJ_inventaire_Loire.xml
JJ80;393;14;281v;Paris_AN_JJ_inventaire_Loire.xml
JJ80;407;15;290;Paris_AN_JJ_inventaire_Loire.xml
JJ80;416;16;295v;Paris_AN_JJ_inventaire_Loire.xml
JJ80;433;17;302;Paris_AN_JJ_inventaire_Loire.xml
JJ80;448;18;310;Paris_AN_JJ_inventaire_Loire.xml
JJ80;450;19;311;Paris_AN_JJ_inventaire_Loire.xml
JJ80;482;20;326;Paris_AN_JJ_inventaire_Loire.xml
JJ80;492;21;334;Paris_AN_JJ_inventaire_Loire.xml
JJ80;516;22;347v;Paris_AN_JJ_inventaire_Loire.xml
JJ80;531;23;357;Paris_AN_JJ_inventaire_Loire.xml
JJ80;552;24;366;Paris_AN_JJ_inventaire_Loire.xml
JJ80;555;25;367;Paris_AN_JJ_inventaire_Loire.xml
JJ80;580;26;376;Paris_AN_JJ_inventaire_Loire.xml
JJ80;584;27;378;Paris_AN_JJ_inventaire_Loire.xml
JJ80;595;28;382v;Paris_AN_JJ_inventaire_Loire.xml
JJ80;608;29;385;Paris_AN_JJ_inventaire_Loire.xml
JJ80;632;30;396v;Paris_AN_JJ_inventaire_Loire.xml
JJ80;637;31;398v;Paris_AN_JJ_inventaire_Loire.xml
JJ80;673;32;412;Paris_AN_JJ_inventaire_Loire.xml
JJ80;679;33;414;Paris_AN_JJ_inventaire_Loire.xml
JJ80;691;34;419;Paris_AN_JJ_inventaire_Loire.xml
JJ80;755;35;455;Paris_AN_JJ_inventaire_Loire.xml
JJ81;11;36;fol°5v;Paris_AN_JJ_inventaire_Loire.xml
JJ81;13;37;6;Paris_AN_JJ_inventaire_Loire.xml
JJ81;19;38;9;Paris_AN_JJ_inventaire_Loire.xml
JJ81;22;39;10;Paris_AN_JJ_inventaire_Loire.xml
JJ81;23;40;12;Paris_AN_JJ_inventaire_Loire.xml
JJ81;58;41;27v;Paris_AN_JJ_inventaire_Loire.xml
JJ81;84;42;41;Paris_AN_JJ_inventaire_Loire.xml
JJ81;95;43;44v;Paris_AN_JJ_inventaire_Loire.xml
JJ81;99;44;46;Paris_AN_JJ_inventaire_Loire.xml
JJ81;100;45;46;Paris_AN_JJ_inventaire_Loire.xml
JJ81;110;46;55;Paris_AN_JJ_inventaire_Loire.xml
JJ81;129;47;66;Paris_AN_JJ_inventaire_Loire.xml
JJ81;140;48;80v;Paris_AN_JJ_inventaire_Loire.xml
JJ81;149;49;84v;Paris_AN_JJ_inventaire_Loire.xml
JJ81;154;50;87;Paris_AN_JJ_inventaire_Loire.xml
JJ81;186;51;101v;Paris_AN_JJ_inventaire_Loire.xml
JJ81;195;52;106;Paris_AN_JJ_inventaire_Loire.xml
JJ81;197;53;108;Paris_AN_JJ_inventaire_Loire.xml
JJ81;204;54;113;Paris_AN_JJ_inventaire_Loire.xml
JJ81;213;55;117;Paris_AN_JJ_inventaire_Loire.xml
JJ81;224;56;121v;Paris_AN_JJ_inventaire_Loire.xml
JJ81;268;57;138;Paris_AN_JJ_inventaire_Loire.xml
JJ81;275;58;140;Paris_AN_JJ_inventaire_Loire.xml
JJ81;279;59;141v;Paris_AN_JJ_inventaire_Loire.xml
JJ81;280;60;141v;Paris_AN_JJ_inventaire_Loire.xml
JJ81;288bis;61;147v;Paris_AN_JJ_inventaire_Loire.xml
JJ81;317;62;159;Paris_AN_JJ_inventaire_Loire.xml
JJ81;326;63;162;Paris_AN_JJ_inventaire_Loire.xml
JJ81;342;64;169;Paris_AN_JJ_inventaire_Loire.xml
JJ81;356;65;176v;Paris_AN_JJ_inventaire_Loire.xml
JJ81;389;66;190v;Paris_AN_JJ_inventaire_Loire.xml
JJ81;399;67;399;Paris_AN_JJ_inventaire_Loire.xml
JJ81;415bis;68;203;Paris_AN_JJ_inventaire_Loire.xml
JJ81;424;69;206v;Paris_AN_JJ_inventaire_Loire.xml
JJ81;436;70;213;Paris_AN_JJ_inventaire_Loire.xml
JJ81;440;71;215;Paris_AN_JJ_inventaire_Loire.xml
JJ81;446;72;217;Paris_AN_JJ_inventaire_Loire.xml
JJ81;478;73;235;Paris_AN_JJ_inventaire_Loire.xml
JJ81;495;74;246;Paris_AN_JJ_inventaire_Loire.xml
JJ81;505;75;253;Paris_AN_JJ_inventaire_Loire.xml
JJ81;520;76;259;Paris_AN_JJ_inventaire_Loire.xml
JJ81;522;77;259v;Paris_AN_JJ_inventaire_Loire.xml
JJ81;534;78;269v;Paris_AN_JJ_inventaire_Loire.xml
JJ81;539;79;274;Paris_AN_JJ_inventaire_Loire.xml
JJ81;551;80;281;Paris_AN_JJ_inventaire_Loire.xml
JJ81;564;81;285;Paris_AN_JJ_inventaire_Loire.xml
JJ81;568;82;287;Paris_AN_JJ_inventaire_Loire.xml
JJ81;609;83;314;Paris_AN_JJ_inventaire_Loire.xml
JJ81;629;84;323;Paris_AN_JJ_inventaire_Loire.xml
JJ81;648;85;331;Paris_AN_JJ_inventaire_Loire.xml
JJ81;652;86;332;Paris_AN_JJ_inventaire_Loire.xml
JJ81;654;87;332v;Paris_AN_JJ_inventaire_Loire.xml
JJ81;657;88;333v;Paris_AN_JJ_inventaire_Loire.xml
JJ81;675;89;349v;Paris_AN_JJ_inventaire_Loire.xml
JJ81;678;90;351v;Paris_AN_JJ_inventaire_Loire.xml
JJ81;725;91;372v;Paris_AN_JJ_inventaire_Loire.xml
JJ81;735;92;378v;Paris_AN_JJ_inventaire_Loire.xml
JJ81;741;93;382;Paris_AN_JJ_inventaire_Loire.xml
JJ81;746;94;393v;Paris_AN_JJ_inventaire_Loire.xml
JJ81;765;95;404;Paris_AN_JJ_inventaire_Loire.xml
JJ81;773;96;406;Paris_AN_JJ_inventaire_Loire.xml
JJ81;780;97;411;Paris_AN_JJ_inventaire_Loire.xml
JJ81;783;98;412;Paris_AN_JJ_inventaire_Loire.xml
JJ81;784;99;413;Paris_AN_JJ_inventaire_Loire.xml
JJ81;828;100;442;Paris_AN_JJ_inventaire_Loire.xml
JJ81;830;101;442;Paris_AN_JJ_inventaire_Loire.xml
JJ81;840;102;445;Paris_AN_JJ_inventaire_Loire.xml
JJ81;854;103;451;Paris_AN_JJ_inventaire_Loire.xml
JJ81;925;104;483v;Paris_AN_JJ_inventaire_Loire.xml
JJ81;952;105;498;Paris_AN_JJ_inventaire_Loire.xml
JJ81;955;106;500;Paris_AN_JJ_inventaire_Loire.xml
JJ82;8;107;2v;Paris_AN_JJ_inventaire_Loire.xml
JJ82;23;108;14v;Paris_AN_JJ_inventaire_Loire.xml
JJ82;30;109;16v;Paris_AN_JJ_inventaire_Loire.xml
JJ82;60;110;37;Paris_AN_JJ_inventaire_Loire.xml
JJ82;65;111;38v;Paris_AN_JJ_inventaire_Loire.xml
JJ82;74;112;42v;Paris_AN_JJ_inventaire_Loire.xml
JJ82;97;113;59;Paris_AN_JJ_inventaire_Loire.xml
JJ82;120;114;81;Paris_AN_JJ_inventaire_Loire.xml
JJ82;138;115;93v;Paris_AN_JJ_inventaire_Loire.xml
JJ82;157;116;103;Paris_AN_JJ_inventaire_Loire.xml
JJ82;160;117;104v;Paris_AN_JJ_inventaire_Loire.xml
JJ82;189;118;129v;Paris_AN_JJ_inventaire_Loire.xml
JJ82;191;119;130;Paris_AN_JJ_inventaire_Loire.xml
JJ82;202;120;136;Paris_AN_JJ_inventaire_Loire.xml
JJ82;228;121;159v;Paris_AN_JJ_inventaire_Loire.xml
JJ82;255;122;175;Paris_AN_JJ_inventaire_Loire.xml
JJ82;256;123;175v;Paris_AN_JJ_inventaire_Loire.xml
JJ82;258;124;179;Paris_AN_JJ_inventaire_Loire.xml
JJ82;261;125;181;Paris_AN_JJ_inventaire_Loire.xml
JJ82;268;126;184;Paris_AN_JJ_inventaire_Loire.xml
JJ82;275bis;127;182;Paris_AN_JJ_inventaire_Loire.xml
JJ82;301;128;199v;Paris_AN_JJ_inventaire_Loire.xml
JJ82;329;129;222;Paris_AN_JJ_inventaire_Loire.xml
JJ82;381;130;255v;Paris_AN_JJ_inventaire_Loire.xml
JJ82;390;131;258v;Paris_AN_JJ_inventaire_Loire.xml
JJ82;407;131bis;277;Paris_AN_JJ_inventaire_Loire.xml
JJ82;414;132;285;Paris_AN_JJ_inventaire_Loire.xml
JJ82;423;133;290;Paris_AN_JJ_inventaire_Loire.xml
JJ82;468;134;322v;Paris_AN_JJ_inventaire_Loire.xml
JJ82;512;135;339;Paris_AN_JJ_inventaire_Loire.xml
JJ82;513;136;339;Paris_AN_JJ_inventaire_Loire.xml
JJ82;548;137;360;Paris_AN_JJ_inventaire_Loire.xml
JJ82;550;138;360v;Paris_AN_JJ_inventaire_Loire.xml
JJ82;552;139;362;Paris_AN_JJ_inventaire_Loire.xml
JJ82;572;140;372;Paris_AN_JJ_inventaire_Loire.xml
JJ82;576;141;374;Paris_AN_JJ_inventaire_Loire.xml
JJ82;580;142;375;Paris_AN_JJ_inventaire_Loire.xml
JJ82;586;143;377;Paris_AN_JJ_inventaire_Loire.xml
JJ82;595;144;382;Paris_AN_JJ_inventaire_Loire.xml
JJ82;617;145;394;Paris_AN_JJ_inventaire_Loire.xml
JJ82;624;146;396v;Paris_AN_JJ_inventaire_Loire.xml
JJ82;672;147;415y;Paris_AN_JJ_inventaire_Loire.xml
JJ82;678;148;420;Paris_AN_JJ_inventaire_Loire.xml
JJ84;1;149;1;Paris_AN_JJ_inventaire_Loire.xml
JJ84;28;150;20v;Paris_AN_JJ_inventaire_Loire.xml
JJ84;121;151;69v;Paris_AN_JJ_inventaire_Loire.xml
JJ84;131;152;72v;Paris_AN_JJ_inventaire_Loire.xml
JJ84;191;153;108v;Paris_AN_JJ_inventaire_Loire.xml
JJ84;195;154;110;Paris_AN_JJ_inventaire_Loire.xml
JJ84;200;155;114v;Paris_AN_JJ_inventaire_Loire.xml
JJ84;216;156;119v;Paris_AN_JJ_inventaire_Loire.xml
JJ84;222;157;132;Paris_AN_JJ_inventaire_Loire.xml
JJ84;235;158;130v;Paris_AN_JJ_inventaire_Loire.xml
JJ84;248;159;135;Paris_AN_JJ_inventaire_Loire.xml
JJ84;256;160;142;Paris_AN_JJ_inventaire_Loire.xml
JJ84;259;161;143;Paris_AN_JJ_inventaire_Loire.xml
JJ84;265;162;145;Paris_AN_JJ_inventaire_Loire.xml
JJ84;267;163;146;Paris_AN_JJ_inventaire_Loire.xml
JJ84;270;164;148;Paris_AN_JJ_inventaire_Loire.xml
JJ84;283;165;154;Paris_AN_JJ_inventaire_Loire.xml
JJ84;334;166;172;Paris_AN_JJ_inventaire_Loire.xml
JJ84;340;167;175v;Paris_AN_JJ_inventaire_Loire.xml
JJ84;345;168;179;Paris_AN_JJ_inventaire_Loire.xml
JJ84;378;169;193;Paris_AN_JJ_inventaire_Loire.xml
JJ84;385;170;198;Paris_AN_JJ_inventaire_Loire.xml
JJ84;392;171;205v;Paris_AN_JJ_inventaire_Loire.xml
JJ84;396;172;209;Paris_AN_JJ_inventaire_Loire.xml
JJ84;401;173;213v;Paris_AN_JJ_inventaire_Loire.xml
JJ84;416;174;219v;Paris_AN_JJ_inventaire_Loire.xml
JJ84;431;175;225v;Paris_AN_JJ_inventaire_Loire.xml
JJ84;476;176;244v;Paris_AN_JJ_inventaire_Loire.xml
JJ84;477;177;265;Paris_AN_JJ_inventaire_Loire.xml
JJ84;499;178;261v;Paris_AN_JJ_inventaire_Loire.xml
JJ84;530;179;275v;Paris_AN_JJ_inventaire_Loire.xml
JJ84;539;180;281v;Paris_AN_JJ_inventaire_Loire.xml
JJ84;550;181;286;Paris_AN_JJ_inventaire_Loire.xml
JJ84;560;182;290v;Paris_AN_JJ_inventaire_Loire.xml
JJ84;563;183;291v;Paris_AN_JJ_inventaire_Loire.xml
JJ84;578;184;297;Paris_AN_JJ_inventaire_Loire.xml
JJ84;586;185;299v;Paris_AN_JJ_inventaire_Loire.xml
JJ84;605;186;308;Paris_AN_JJ_inventaire_Loire.xml
JJ84;608;187;309;Paris_AN_JJ_inventaire_Loire.xml
JJ84;614;188;311v;Paris_AN_JJ_inventaire_Loire.xml
JJ84;647;189;326v;Paris_AN_JJ_inventaire_Loire.xml
JJ84;658;190;331v;Paris_AN_JJ_inventaire_Loire.xml
JJ84;663;191;335;Paris_AN_JJ_inventaire_Loire.xml
JJ84;673;192;337v;Paris_AN_JJ_inventaire_Loire.xml
JJ84;703;193;353v;Paris_AN_JJ_inventaire_Loire.xml
JJ84;730;194;365;Paris_AN_JJ_inventaire_Loire.xml
JJ84;734;195;367;Paris_AN_JJ_inventaire_Loire.xml
JJ84;761;196;378v;Paris_AN_JJ_inventaire_Loire.xml
JJ84;775;197;387;Paris_AN_JJ_inventaire_Loire.xml
JJ84;781;198;390v;Paris_AN_JJ_inventaire_Loire.xml
JJ84;791;199;393;Paris_AN_JJ_inventaire_Loire.xml
JJ84;793;200;394;Paris_AN_JJ_inventaire_Loire.xml
JJ84;795;201;394v;Paris_AN_JJ_inventaire_Loire.xml
JJ84;796;202;395;Paris_AN_JJ_inventaire_Loire.xml
JJ84;803;203;398;Paris_AN_JJ_inventaire_Loire.xml
JJ85;59;204;29v;Paris_AN_JJ_inventaire_Loire.xml
JJ85;62;205;30v;Paris_AN_JJ_inventaire_Loire.xml
JJ85;126;206;56v;Paris_AN_JJ_inventaire_Loire.xml
JJ85;138;207;63;Paris_AN_JJ_inventaire_Loire.xml
JJ85;139;208;64;Paris_AN_JJ_inventaire_Loire.xml
JJ85;182;209;75v;Paris_AN_JJ_inventaire_Loire.xml
JJ86;15;210;62;Paris_AN_JJ_inventaire_Loire.xml
JJ86;88;211;31;Paris_AN_JJ_inventaire_Loire.xml
JJ86;143;212;49v;Paris_AN_JJ_inventaire_Loire.xml
JJ86;169;213;55;Paris_AN_JJ_inventaire_Loire.xml
JJ86;179;214;57v;Paris_AN_JJ_inventaire_Loire.xml
JJ86;180;215;57v;Paris_AN_JJ_inventaire_Loire.xml
JJ86;191;216;63;Paris_AN_JJ_inventaire_Loire.xml
JJ86;276;217;92v;Paris_AN_JJ_inventaire_Loire.xml
JJ86;333;218;112;Paris_AN_JJ_inventaire_Loire.xml
JJ86;372;219;207v;Paris_AN_JJ_inventaire_Loire.xml
JJ86;401;220;139v;Paris_AN_JJ_inventaire_Loire.xml
JJ86;405;221;141;Paris_AN_JJ_inventaire_Loire.xml
JJ86;466;222;164v;Paris_AN_JJ_inventaire_Loire.xml
JJ86;468;223;165v;Paris_AN_JJ_inventaire_Loire.xml
JJ86;497;224;175v;Paris_AN_JJ_inventaire_Loire.xml
JJ86;507bis;225;183;Paris_AN_JJ_inventaire_Loire.xml
JJ86;508;226;183;Paris_AN_JJ_inventaire_Loire.xml
JJ86;555;227;202;Paris_AN_JJ_inventaire_Loire.xml
JJ86;563;228;205;Paris_AN_JJ_inventaire_Loire.xml
JJ86;590;229;214;Paris_AN_JJ_inventaire_Loire.xml
JJ86;600;230;219;Paris_AN_JJ_inventaire_Loire.xml
JJ86;618;231;227v;Paris_AN_JJ_inventaire_Loire.xml
JJ87;134;232;89;Paris_AN_JJ_inventaire_Loire.xml
JJ87;251;233;146v;Paris_AN_JJ_inventaire_Loire.xml
JJ88;109;234;68;Paris_AN_JJ_inventaire_Loire.xml
JJ89;1;235;1;Paris_AN_JJ_inventaire_Loire.xml
JJ89;9;236;4v;Paris_AN_JJ_inventaire_Loire.xml
JJ89;18;237;10;Paris_AN_JJ_inventaire_Loire.xml
JJ89;22;238;11;Paris_AN_JJ_inventaire_Loire.xml
JJ89;34;239;16;Paris_AN_JJ_inventaire_Loire.xml
JJ89;37;240;18;Paris_AN_JJ_inventaire_Loire.xml
JJ89;44;241;20v;Paris_AN_JJ_inventaire_Loire.xml
JJ89;52;242;24;Paris_AN_JJ_inventaire_Loire.xml
JJ89;57;243;26;Paris_AN_JJ_inventaire_Loire.xml
JJ89;58;244;26;Paris_AN_JJ_inventaire_Loire.xml
JJ89;68;245;29;Paris_AN_JJ_inventaire_Loire.xml
JJ89;90;246;37v;Paris_AN_JJ_inventaire_Loire.xml
JJ89;104;247;47v;Paris_AN_JJ_inventaire_Loire.xml
JJ89;127;248;58v;Paris_AN_JJ_inventaire_Loire.xml
JJ89;130;249;60;Paris_AN_JJ_inventaire_Loire.xml
JJ89;167;250;79;Paris_AN_JJ_inventaire_Loire.xml
JJ89;187;251;85;Paris_AN_JJ_inventaire_Loire.xml
JJ89;188;252;85v;Paris_AN_JJ_inventaire_Loire.xml
JJ89;189;253;86;Paris_AN_JJ_inventaire_Loire.xml
JJ89;192;254;88v;Paris_AN_JJ_inventaire_Loire.xml
JJ89;198;255;90;Paris_AN_JJ_inventaire_Loire.xml
JJ89;230;256;103v;Paris_AN_JJ_inventaire_Loire.xml
JJ89;235;257;205;Paris_AN_JJ_inventaire_Loire.xml
JJ89;237;258;205v;Paris_AN_JJ_inventaire_Loire.xml
JJ89;244;259;109;Paris_AN_JJ_inventaire_Loire.xml
JJ89;249;260;110v;Paris_AN_JJ_inventaire_Loire.xml
JJ89;268;261;117;Paris_AN_JJ_inventaire_Loire.xml
JJ89;340;262;142v;Paris_AN_JJ_inventaire_Loire.xml
JJ89;366;263;153v;Paris_AN_JJ_inventaire_Loire.xml
JJ89;373;264;157v;Paris_AN_JJ_inventaire_Loire.xml
JJ89;393;265;165v;Paris_AN_JJ_inventaire_Loire.xml
JJ89;416;266;183;Paris_AN_JJ_inventaire_Loire.xml
JJ89;440;267;193;Paris_AN_JJ_inventaire_Loire.xml
JJ89;447;268;196v;Paris_AN_JJ_inventaire_Loire.xml
JJ89;461;269;204v;Paris_AN_JJ_inventaire_Loire.xml
JJ89;464;270;206v;Paris_AN_JJ_inventaire_Loire.xml
JJ89;473;271;213;Paris_AN_JJ_inventaire_Loire.xml
JJ89;487;272;221;Paris_AN_JJ_inventaire_Loire.xml
JJ89;522;273;238;Paris_AN_JJ_inventaire_Loire.xml
JJ89;538;274;245v;Paris_AN_JJ_inventaire_Loire.xml
JJ89;546;275;252v;Paris_AN_JJ_inventaire_Loire.xml
JJ89;553;276;255v;Paris_AN_JJ_inventaire_Loire.xml
JJ89;569;277;261;Paris_AN_JJ_inventaire_Loire.xml
JJ89;570;278;261v;Paris_AN_JJ_inventaire_Loire.xml
JJ89;579;279;265v;Paris_AN_JJ_inventaire_Loire.xml
JJ89;611;280;282v;Paris_AN_JJ_inventaire_Loire.xml
JJ89;648;281;308;Paris_AN_JJ_inventaire_Loire.xml
JJ89;661;282;314;Paris_AN_JJ_inventaire_Loire.xml
JJ89;701;283;336v;Paris_AN_JJ_inventaire_Loire.xml
JJ89;706;284;338v;Paris_AN_JJ_inventaire_Loire.xml
JJ89;716;285;343;Paris_AN_JJ_inventaire_Loire.xml
JJ90;3;286;1v;Paris_AN_JJ_inventaire_Loire.xml
JJ90;12;287;7;Paris_AN_JJ_inventaire_Loire.xml
JJ90;19;288;12;Paris_AN_JJ_inventaire_Loire.xml
JJ90;34;289;16;Paris_AN_JJ_inventaire_Loire.xml
JJ90;41;290;20v;Paris_AN_JJ_inventaire_Loire.xml
JJ90;48;291;23v;Paris_AN_JJ_inventaire_Loire.xml
JJ90;52;292;25;Paris_AN_JJ_inventaire_Loire.xml
JJ90;75;293;37v;Paris_AN_JJ_inventaire_Loire.xml
JJ90;76;294;38;Paris_AN_JJ_inventaire_Loire.xml
JJ90;88;295;45v;Paris_AN_JJ_inventaire_Loire.xml
JJ90;119;296;64v;Paris_AN_JJ_inventaire_Loire.xml
JJ90;126;297;69v;Paris_AN_JJ_inventaire_Loire.xml
JJ90;133;298;72v;Paris_AN_JJ_inventaire_Loire.xml
JJ90;198;299;109;Paris_AN_JJ_inventaire_Loire.xml
JJ90;211;300;214v;Paris_AN_JJ_inventaire_Loire.xml
JJ90;222;301;119v;Paris_AN_JJ_inventaire_Loire.xml
JJ90;238;302;127v;Paris_AN_JJ_inventaire_Loire.xml
JJ90;253;303;133;Paris_AN_JJ_inventaire_Loire.xml
JJ90;289;304;148;Paris_AN_JJ_inventaire_Loire.xml
JJ90;323;305;165;Paris_AN_JJ_inventaire_Loire.xml
JJ90;331;306;169v;Paris_AN_JJ_inventaire_Loire.xml
JJ90;343;307;173v;Paris_AN_JJ_inventaire_Loire.xml
JJ90;380;308;192v;Paris_AN_JJ_inventaire_Loire.xml
JJ90;379;309;192v;Paris_AN_JJ_inventaire_Loire.xml
JJ90;384;310;194;Paris_AN_JJ_inventaire_Loire.xml
JJ90;406;311;205;Paris_AN_JJ_inventaire_Loire.xml
JJ90;443;312;225;Paris_AN_JJ_inventaire_Loire.xml
JJ90;461;313;232;Paris_AN_JJ_inventaire_Loire.xml
JJ90;462;314;232v;Paris_AN_JJ_inventaire_Loire.xml
JJ90;466;315;234;Paris_AN_JJ_inventaire_Loire.xml
JJ90;491;316;245;Paris_AN_JJ_inventaire_Loire.xml
JJ90;492;317;246;Paris_AN_JJ_inventaire_Loire.xml
JJ90;493;318;246v;Paris_AN_JJ_inventaire_Loire.xml
JJ90;494;319;247;Paris_AN_JJ_inventaire_Loire.xml
JJ90;503;320;250v;Paris_AN_JJ_inventaire_Loire.xml
JJ90;516;321;258;Paris_AN_JJ_inventaire_Loire.xml
JJ90;548;322;272;Paris_AN_JJ_inventaire_Loire.xml
JJ90;558;323;276v;Paris_AN_JJ_inventaire_Loire.xml
JJ90;573;324;283v;Paris_AN_JJ_inventaire_Loire.xml
JJ90;577;325;284v;Paris_AN_JJ_inventaire_Loire.xml
JJ90;580;326;286;Paris_AN_JJ_inventaire_Loire.xml
JJ90;585;327;287v;Paris_AN_JJ_inventaire_Loire.xml
JJ90;606;328;298v;Paris_AN_JJ_inventaire_Loire.xml
JJ90;607;329;299;Paris_AN_JJ_inventaire_Loire.xml
JJ90;627;330;306v;Paris_AN_JJ_inventaire_Loire.xml
JJ91;122;331;502;Paris_AN_JJ_inventaire_Loire.xml
JJ91;128;332;54v;Paris_AN_JJ_inventaire_Loire.xml
JJ91;134;333;58;Paris_AN_JJ_inventaire_Loire.xml
JJ91;145;334;69;Paris_AN_JJ_inventaire_Loire.xml
JJ91;159;335;76v;Paris_AN_JJ_inventaire_Loire.xml
JJ91;199;336;97v;Paris_AN_JJ_inventaire_Loire.xml
JJ91;203;337;102;Paris_AN_JJ_inventaire_Loire.xml
JJ91;223;338;114;Paris_AN_JJ_inventaire_Loire.xml
JJ91;243;339;124v;Paris_AN_JJ_inventaire_Loire.xml
JJ91;257;340;132;Paris_AN_JJ_inventaire_Loire.xml
JJ91;260;341;132;Paris_AN_JJ_inventaire_Loire.xml
JJ91;263;342;133;Paris_AN_JJ_inventaire_Loire.xml
JJ91;277;343;140v;Paris_AN_JJ_inventaire_Loire.xml
JJ91;303;344;156;Paris_AN_JJ_inventaire_Loire.xml
JJ91;321;345;167;Paris_AN_JJ_inventaire_Loire.xml
JJ91;353;346;183;Paris_AN_JJ_inventaire_Loire.xml
JJ91;354;347;184;Paris_AN_JJ_inventaire_Loire.xml
JJ91;364;348;190;Paris_AN_JJ_inventaire_Loire.xml
JJ91;373;349;195;Paris_AN_JJ_inventaire_Loire.xml
JJ91;374;350;195v;Paris_AN_JJ_inventaire_Loire.xml
JJ91;375;351;196;Paris_AN_JJ_inventaire_Loire.xml
JJ91;376;352;196v;Paris_AN_JJ_inventaire_Loire.xml
JJ91;382;353;199v;Paris_AN_JJ_inventaire_Loire.xml
JJ91;383;354;200;Paris_AN_JJ_inventaire_Loire.xml
JJ91;394;355;206;Paris_AN_JJ_inventaire_Loire.xml
JJ91;395;356;206v;Paris_AN_JJ_inventaire_Loire.xml
JJ91;421;357;225;Paris_AN_JJ_inventaire_Loire.xml
JJ91;459;358;249v;Paris_AN_JJ_inventaire_Loire.xml
JJ91;486;359;264;Paris_AN_JJ_inventaire_Loire.xml
JJ91;487;360;264v;Paris_AN_JJ_inventaire_Loire.xml
JJ92;35;361;11v;Paris_AN_JJ_inventaire_Loire.xml
JJ92;178;362;42v;Paris_AN_JJ_inventaire_Loire.xml
JJ92;198;363;47v;Paris_AN_JJ_inventaire_Loire.xml
JJ92;216;364;52v;Paris_AN_JJ_inventaire_Loire.xml
JJ92;217;365;53;Paris_AN_JJ_inventaire_Loire.xml
JJ92;232;366;56v;Paris_AN_JJ_inventaire_Loire.xml
JJ92;243;367;71v;Paris_AN_JJ_inventaire_Loire.xml
JJ92;254;368;76;Paris_AN_JJ_inventaire_Loire.xml
JJ92;258;369;79v;Paris_AN_JJ_inventaire_Loire.xml
JJ92;273;370;84v;Paris_AN_JJ_inventaire_Loire.xml
JJ92;311;371;100v;Paris_AN_JJ_inventaire_Loire.xml
JJ92;313;372;101v;Paris_AN_JJ_inventaire_Loire.xml
JJ92;316;373;103v;Paris_AN_JJ_inventaire_Loire.xml
JJ92;317;374;104;Paris_AN_JJ_inventaire_Loire.xml
JJ93;15;375;6;Paris_AN_JJ_inventaire_Loire.xml
JJ93;17;376;6v;Paris_AN_JJ_inventaire_Loire.xml
JJ93;32;377;16;Paris_AN_JJ_inventaire_Loire.xml
JJ93;81;378;37v;Paris_AN_JJ_inventaire_Loire.xml
JJ93;89;379;42;Paris_AN_JJ_inventaire_Loire.xml
JJ93;167;380;67v;Paris_AN_JJ_inventaire_Loire.xml
JJ93;245;381;104;Paris_AN_JJ_inventaire_Loire.xml
JJ94;23;382;10v;Paris_AN_JJ_inventaire_Loire.xml
JJ94;38;383;15v;Paris_AN_JJ_inventaire_Loire.xml
JJ94;40;384;16v;Paris_AN_JJ_inventaire_Loire.xml
JJ94;58;385;24;Paris_AN_JJ_inventaire_Loire.xml
JJ95;12;386;4v;Paris_AN_JJ_inventaire_Loire.xml
JJ95;52;387;20v;Paris_AN_JJ_inventaire_Loire.xml
JJ95;61;388;22v;Paris_AN_JJ_inventaire_Loire.xml
JJ95;82;389;29v;Paris_AN_JJ_inventaire_Loire.xml
JJ95;132;390;52v;Paris_AN_JJ_inventaire_Loire.xml
JJ95;142bis;391;56v;Paris_AN_JJ_inventaire_Loire.xml
JJ95;215;392;89v;Paris_AN_JJ_inventaire_Loire.xml
JJ95;219;393;94;Paris_AN_JJ_inventaire_Loire.xml
JJ96;68;394;23;Paris_AN_JJ_inventaire_Loire.xml
JJ96;109;395;40;Paris_AN_JJ_inventaire_Loire.xml
JJ96;134;396;47;Paris_AN_JJ_inventaire_Loire.xml
JJ96;173;397;59;Paris_AN_JJ_inventaire_Loire.xml
JJ96;201;398;67v;Paris_AN_JJ_inventaire_Loire.xml
JJ96;248;399;80v;Paris_AN_JJ_inventaire_Loire.xml
JJ96;273;400;89;Paris_AN_JJ_inventaire_Loire.xml
JJ96;299;401;95v;Paris_AN_JJ_inventaire_Loire.xml
JJ96;318;402;101v;Paris_AN_JJ_inventaire_Loire.xml
JJ96;335;403;114v;Paris_AN_JJ_inventaire_Loire.xml
JJ96;373;404;130v;Paris_AN_JJ_inventaire_Loire.xml
JJ96;392;405;137v;Paris_AN_JJ_inventaire_Loire.xml
JJ96;404;406;140v;Paris_AN_JJ_inventaire_Loire.xml
JJ97;3;407;9v;Paris_AN_JJ_inventaire_Loire.xml
JJ97;8;408;10v;Paris_AN_JJ_inventaire_Loire.xml
JJ97;13;409;11v;Paris_AN_JJ_inventaire_Loire.xml
JJ97;49;410;22;Paris_AN_JJ_inventaire_Loire.xml
JJ97;60;411;24v;Paris_AN_JJ_inventaire_Loire.xml
JJ97;99;412;33;Paris_AN_JJ_inventaire_Loire.xml
JJ97;175;413;52;Paris_AN_JJ_inventaire_Loire.xml
JJ97;236;414;69v;Paris_AN_JJ_inventaire_Loire.xml
JJ97;301;415;82;Paris_AN_JJ_inventaire_Loire.xml
JJ97;315;416;86;Paris_AN_JJ_inventaire_Loire.xml
JJ97;322;417;87;Paris_AN_JJ_inventaire_Loire.xml
JJ97;332;418;89;Paris_AN_JJ_inventaire_Loire.xml
JJ97;337;419;90;Paris_AN_JJ_inventaire_Loire.xml
JJ97;387;420;99v;Paris_AN_JJ_inventaire_Loire.xml
JJ97;411;421;105v;Paris_AN_JJ_inventaire_Loire.xml
JJ97;413;422;106;Paris_AN_JJ_inventaire_Loire.xml
JJ97;459;423;117v;Paris_AN_JJ_inventaire_Loire.xml
JJ97;460;424;118;Paris_AN_JJ_inventaire_Loire.xml
JJ97;512;425;134;Paris_AN_JJ_inventaire_Loire.xml
JJ97;531;426;141;Paris_AN_JJ_inventaire_Loire.xml
JJ97;561;427;151v;Paris_AN_JJ_inventaire_Loire.xml
JJ97;590;428;161v;Paris_AN_JJ_inventaire_Loire.xml
JJ97;582;429;158v;Paris_AN_JJ_inventaire_Loire.xml
JJ97;596;430;163v;Paris_AN_JJ_inventaire_Loire.xml
JJ97;638;431;178;Paris_AN_JJ_inventaire_Loire.xml
JJ98;9;432;4;Paris_AN_JJ_inventaire_Loire.xml
JJ98;29;433;12;Paris_AN_JJ_inventaire_Loire.xml
JJ98;32;434;14;Paris_AN_JJ_inventaire_Loire.xml
JJ98;56;435;22v;Paris_AN_JJ_inventaire_Loire.xml
JJ98;94;436;31v;Paris_AN_JJ_inventaire_Loire.xml
JJ98;103;437;34v;Paris_AN_JJ_inventaire_Loire.xml
JJ98;109;438;35v;Paris_AN_JJ_inventaire_Loire.xml
JJ98;146;439;44;Paris_AN_JJ_inventaire_Loire.xml
JJ98;164;440;49v;Paris_AN_JJ_inventaire_Loire.xml
JJ98;173;441;51v;Paris_AN_JJ_inventaire_Loire.xml
JJ98;188;442;59v;Paris_AN_JJ_inventaire_Loire.xml
JJ98;205;443;65;Paris_AN_JJ_inventaire_Loire.xml
JJ98;222;444;69v;Paris_AN_JJ_inventaire_Loire.xml
JJ98;247;445;78v;Paris_AN_JJ_inventaire_Loire.xml
JJ98;260;446;82v;Paris_AN_JJ_inventaire_Loire.xml
JJ98;271;447;86v;Paris_AN_JJ_inventaire_Loire.xml
JJ98;281;448;89;Paris_AN_JJ_inventaire_Loire.xml
JJ98;323;449;99v;Paris_AN_JJ_inventaire_Loire.xml
JJ98;324;450;99v;Paris_AN_JJ_inventaire_Loire.xml
JJ98;324bis;451;101;Paris_AN_JJ_inventaire_Loire.xml
JJ98;351;452;109;Paris_AN_JJ_inventaire_Loire.xml
JJ98;408;453;132v;Paris_AN_JJ_inventaire_Loire.xml
JJ98;419;454;135v;Paris_AN_JJ_inventaire_Loire.xml
JJ98;427;455;137v;Paris_AN_JJ_inventaire_Loire.xml
JJ98;429;456;138;Paris_AN_JJ_inventaire_Loire.xml
JJ98;445;457;142;Paris_AN_JJ_inventaire_Loire.xml
JJ98;450;458;142v;Paris_AN_JJ_inventaire_Loire.xml
JJ98;457bis;459;145v;Paris_AN_JJ_inventaire_Loire.xml
JJ98;477;460;150;Paris_AN_JJ_inventaire_Loire.xml
JJ98;491;461;154;Paris_AN_JJ_inventaire_Loire.xml
JJ98;513;462;160;Paris_AN_JJ_inventaire_Loire.xml
JJ98;517;463;161;Paris_AN_JJ_inventaire_Loire.xml
JJ98;544;464;168v;Paris_AN_JJ_inventaire_Loire.xml
JJ98;566;465;174;Paris_AN_JJ_inventaire_Loire.xml
JJ98;705;466;209;Paris_AN_JJ_inventaire_Loire.xml
JJ98;755;467;225v;Paris_AN_JJ_inventaire_Loire.xml
JJ98;758;468;226v;Paris_AN_JJ_inventaire_Loire.xml
JJ99;10;469;3v;Paris_AN_JJ_inventaire_Loire.xml
JJ99;25;470;9v;Paris_AN_JJ_inventaire_Loire.xml
JJ99;30;471;10v;Paris_AN_JJ_inventaire_Loire.xml
JJ99;61;472;21;Paris_AN_JJ_inventaire_Loire.xml
JJ99;82;473;27;Paris_AN_JJ_inventaire_Loire.xml
JJ99;88;474;29;Paris_AN_JJ_inventaire_Loire.xml
JJ99;103;475;33;Paris_AN_JJ_inventaire_Loire.xml
JJ99;121;476;39;Paris_AN_JJ_inventaire_Loire.xml
JJ99;280;477;96;Paris_AN_JJ_inventaire_Loire.xml
JJ99;337;478;110;Paris_AN_JJ_inventaire_Loire.xml
JJ99;354;479;115v;Paris_AN_JJ_inventaire_Loire.xml
JJ99;356;480;116;Paris_AN_JJ_inventaire_Loire.xml
JJ99;380;481;123;Paris_AN_JJ_inventaire_Loire.xml
JJ99;435;482;138v;Paris_AN_JJ_inventaire_Loire.xml
JJ99;436;483;138v;Paris_AN_JJ_inventaire_Loire.xml
JJ99;475;484;148;Paris_AN_JJ_inventaire_Loire.xml
JJ99;501;485;157v;Paris_AN_JJ_inventaire_Loire.xml
JJ99;601;486;183v;Paris_AN_JJ_inventaire_Loire.xml
JJ99;545;487;169v;Paris_AN_JJ_inventaire_Loire.xml
JJ100;1;488;11;Paris_AN_JJ_inventaire_Loire.xml
JJ100;25;489;16v;Paris_AN_JJ_inventaire_Loire.xml
JJ100;106;490;36;Paris_AN_JJ_inventaire_Loire.xml
JJ100;108;491;36v;Paris_AN_JJ_inventaire_Loire.xml
JJ100;112;492;37;Paris_AN_JJ_inventaire_Loire.xml
JJ100;144;493;45;Paris_AN_JJ_inventaire_Loire.xml
JJ100;197;494;58;Paris_AN_JJ_inventaire_Loire.xml
JJ100;207;495;61v;Paris_AN_JJ_inventaire_Loire.xml
JJ100;223;496;65v;Paris_AN_JJ_inventaire_Loire.xml
JJ100;239;497;70v;Paris_AN_JJ_inventaire_Loire.xml
JJ100;249;498;72;Paris_AN_JJ_inventaire_Loire.xml
JJ100;251;499;72v;Paris_AN_JJ_inventaire_Loire.xml
JJ100;258;500;74;Paris_AN_JJ_inventaire_Loire.xml
JJ100;275;501;80v;Paris_AN_JJ_inventaire_Loire.xml
JJ100;276;502;80v;Paris_AN_JJ_inventaire_Loire.xml
JJ100;279;503;81;Paris_AN_JJ_inventaire_Loire.xml
JJ100;284;504;83;Paris_AN_JJ_inventaire_Loire.xml
JJ100;292;505;85;Paris_AN_JJ_inventaire_Loire.xml
JJ100;295;506;86;Paris_AN_JJ_inventaire_Loire.xml
JJ100;297;507;87v;Paris_AN_JJ_inventaire_Loire.xml
JJ100;299;508;87v;Paris_AN_JJ_inventaire_Loire.xml
JJ100;331;509;98v;Paris_AN_JJ_inventaire_Loire.xml
JJ100;334;510;104;Paris_AN_JJ_inventaire_Loire.xml
JJ100;354;511;112;Paris_AN_JJ_inventaire_Loire.xml
JJ100;360;512;113v;Paris_AN_JJ_inventaire_Loire.xml
JJ100;391;513;123v;Paris_AN_JJ_inventaire_Loire.xml
JJ100;433;514;134v;Paris_AN_JJ_inventaire_Loire.xml
JJ100;461;515;144;Paris_AN_JJ_inventaire_Loire.xml
JJ100;469;516;145v;Paris_AN_JJ_inventaire_Loire.xml
JJ100;470;517;146v;Paris_AN_JJ_inventaire_Loire.xml
JJ100;496;518;152v;Paris_AN_JJ_inventaire_Loire.xml
JJ100;518;519;160v;Paris_AN_JJ_inventaire_Loire.xml
JJ100;525;520;162;Paris_AN_JJ_inventaire_Loire.xml
JJ100;551;521;169v;Paris_AN_JJ_inventaire_Loire.xml
JJ100;552;522;169v;Paris_AN_JJ_inventaire_Loire.xml
JJ100;554;523;170;Paris_AN_JJ_inventaire_Loire.xml
JJ100;612;524;183;Paris_AN_JJ_inventaire_Loire.xml
JJ100;615;525;183v;Paris_AN_JJ_inventaire_Loire.xml
JJ100;655;526;194v;Paris_AN_JJ_inventaire_Loire.xml
JJ100;670;527;200;Paris_AN_JJ_inventaire_Loire.xml
JJ100;677;528;200v;Paris_AN_JJ_inventaire_Loire.xml
JJ100;698;529;207;Paris_AN_JJ_inventaire_Loire.xml
JJ100;708;530;210v;Paris_AN_JJ_inventaire_Loire.xml
JJ100;720;531;212v;Paris_AN_JJ_inventaire_Loire.xml
JJ100;724;532;213v;Paris_AN_JJ_inventaire_Loire.xml
JJ100;751;533;222;Paris_AN_JJ_inventaire_Loire.xml
JJ100;792;534;236;Paris_AN_JJ_inventaire_Loire.xml
JJ100;803;535;239v;Paris_AN_JJ_inventaire_Loire.xml
JJ100;807;536;240v;Paris_AN_JJ_inventaire_Loire.xml
JJ100;835;537;247;Paris_AN_JJ_inventaire_Loire.xml
JJ100;858;538;254;Paris_AN_JJ_inventaire_Loire.xml
JJ100;870;539;256v;Paris_AN_JJ_inventaire_Loire.xml
JJ100;905;540;266v;Paris_AN_JJ_inventaire_Loire.xml
JJ100;911;541;268;Paris_AN_JJ_inventaire_Loire.xml
JJ101;22;542;15;Paris_AN_JJ_inventaire_Loire.xml
JJ102;25;543;13;Paris_AN_JJ_inventaire_Loire.xml
JJ102;27;544;13;Paris_AN_JJ_inventaire_Loire.xml
JJ102;33;545;15v;Paris_AN_JJ_inventaire_Loire.xml
JJ102;56;546;21;Paris_AN_JJ_inventaire_Loire.xml
JJ102;66;547;26;Paris_AN_JJ_inventaire_Loire.xml
JJ102;119;548;43v;Paris_AN_JJ_inventaire_Loire.xml
JJ102;173;549;61v;Paris_AN_JJ_inventaire_Loire.xml
JJ102;181;550;63;Paris_AN_JJ_inventaire_Loire.xml
JJ102;182;551;fol63;Paris_AN_JJ_inventaire_Loire.xml
JJ102;277;552;91;Paris_AN_JJ_inventaire_Loire.xml
JJ102;315;553;102;Paris_AN_JJ_inventaire_Loire.xml
JJ103;187;554;98v;Paris_AN_JJ_inventaire_Loire.xml
JJ103;209;555;108;Paris_AN_JJ_inventaire_Loire.xml
JJ103;212;556;109;Paris_AN_JJ_inventaire_Loire.xml
JJ103;234;557;119;Paris_AN_JJ_inventaire_Loire.xml
JJ103;243;558;123v;Paris_AN_JJ_inventaire_Loire.xml
JJ103;252;559;128;Paris_AN_JJ_inventaire_Loire.xml
JJ103;255;560;129;Paris_AN_JJ_inventaire_Loire.xml
JJ103;296;561;139;Paris_AN_JJ_inventaire_Loire.xml
JJ103;314;562;147;Paris_AN_JJ_inventaire_Loire.xml
JJ103;329;563;163;Paris_AN_JJ_inventaire_Loire.xml
JJ103;365;564;177;Paris_AN_JJ_inventaire_Loire.xml
JJ104;68;565;33;Paris_AN_JJ_inventaire_Loire.xml
JJ104;83;566;37v;Paris_AN_JJ_inventaire_Loire.xml
JJ104;97;567;45;Paris_AN_JJ_inventaire_Loire.xml
JJ104;121;568;57;Paris_AN_JJ_inventaire_Loire.xml
JJ104;137;569;63;Paris_AN_JJ_inventaire_Loire.xml
JJ104;139;570;64;Paris_AN_JJ_inventaire_Loire.xml
JJ104;218;571;92v;Paris_AN_JJ_inventaire_Loire.xml
JJ104;251;572;106v;Paris_AN_JJ_inventaire_Loire.xml
JJ104;252;573;107;Paris_AN_JJ_inventaire_Loire.xml
JJ104;275;574;117;Paris_AN_JJ_inventaire_Loire.xml
JJ104;335;575;138v;Paris_AN_JJ_inventaire_Loire.xml
JJ104;341;576;140v;Paris_AN_JJ_inventaire_Loire.xml
JJ105;6;577;3;Paris_AN_JJ_inventaire_Loire.xml
JJ105;10;578;15;Paris_AN_JJ_inventaire_Loire.xml
JJ105;44bis;579;33v;Paris_AN_JJ_inventaire_Loire.xml
JJ105;54;580;37;Paris_AN_JJ_inventaire_Loire.xml
JJ105;65;581;42;Paris_AN_JJ_inventaire_Loire.xml
JJ105;76;582;50v;Paris_AN_JJ_inventaire_Loire.xml
JJ105;87;583;56;Paris_AN_JJ_inventaire_Loire.xml
JJ105;100;584;61v;Paris_AN_JJ_inventaire_Loire.xml
JJ105;108;585;67;Paris_AN_JJ_inventaire_Loire.xml
JJ105;172;586;100;Paris_AN_JJ_inventaire_Loire.xml
JJ105;241;587;133;Paris_AN_JJ_inventaire_Loire.xml
JJ105;259;588;142v;Paris_AN_JJ_inventaire_Loire.xml
JJ105;267;589;146;Paris_AN_JJ_inventaire_Loire.xml
JJ105;287;590;156;Paris_AN_JJ_inventaire_Loire.xml
JJ105;305;591;163;Paris_AN_JJ_inventaire_Loire.xml
JJ105;306;592;163v;Paris_AN_JJ_inventaire_Loire.xml
JJ105;361;593;195v;Paris_AN_JJ_inventaire_Loire.xml
JJ105;374;594;201;Paris_AN_JJ_inventaire_Loire.xml
JJ105;421;595;215v;Paris_AN_JJ_inventaire_Loire.xml
JJ105;473;596;242;Paris_AN_JJ_inventaire_Loire.xml
JJ105;481;597;246;Paris_AN_JJ_inventaire_Loire.xml
JJ105;487;598;248v;Paris_AN_JJ_inventaire_Loire.xml
JJ105;580;599;291;Paris_AN_JJ_inventaire_Loire.xml
JJ106;20;600;15v;Paris_AN_JJ_inventaire_Loire.xml
JJ106;52;601;31;Paris_AN_JJ_inventaire_Loire.xml
JJ106;77;602;43v;Paris_AN_JJ_inventaire_Loire.xml
JJ106;81;603;45;Paris_AN_JJ_inventaire_Loire.xml
JJ106;89;604;54v;Paris_AN_JJ_inventaire_Loire.xml
JJ106;90;605;55;Paris_AN_JJ_inventaire_Loire.xml
JJ106;129;606;75v;Paris_AN_JJ_inventaire_Loire.xml
JJ106;141;607;80v;Paris_AN_JJ_inventaire_Loire.xml
JJ106;147;608;83;Paris_AN_JJ_inventaire_Loire.xml
JJ106;156;609;87v;Paris_AN_JJ_inventaire_Loire.xml
JJ106;183;610;100v;Paris_AN_JJ_inventaire_Loire.xml
JJ106;229;611;124;Paris_AN_JJ_inventaire_Loire.xml
JJ106;244;612;134;Paris_AN_JJ_inventaire_Loire.xml
JJ106;252;613;137;Paris_AN_JJ_inventaire_Loire.xml
JJ106;279;614;147;Paris_AN_JJ_inventaire_Loire.xml
JJ106;305;615;161v;Paris_AN_JJ_inventaire_Loire.xml
JJ106;321;616;169;Paris_AN_JJ_inventaire_Loire.xml
JJ106;341;617;181;Paris_AN_JJ_inventaire_Loire.xml
JJ106;345;618;182;Paris_AN_JJ_inventaire_Loire.xml
JJ106;355bis;619;186;Paris_AN_JJ_inventaire_Loire.xml
JJ106;374;620;195v;Paris_AN_JJ_inventaire_Loire.xml
JJ106;401;621;206v;Paris_AN_JJ_inventaire_Loire.xml
JJ107;106;622;46;Paris_AN_JJ_inventaire_Loire.xml
JJ107;113;623;52;Paris_AN_JJ_inventaire_Loire.xml
JJ107;125;624;fbl57;Paris_AN_JJ_inventaire_Loire.xml
JJ107;144;625;65v;Paris_AN_JJ_inventaire_Loire.xml
JJ107;209;626;97v;Paris_AN_JJ_inventaire_Loire.xml
JJ107;215;627;100v;Paris_AN_JJ_inventaire_Loire.xml
JJ107;259;628;124v;Paris_AN_JJ_inventaire_Loire.xml
JJ107;270;629;129v;Paris_AN_JJ_inventaire_Loire.xml
JJ107;279;630;136v;Paris_AN_JJ_inventaire_Loire.xml
JJ107;284;631;138;Paris_AN_JJ_inventaire_Loire.xml
JJ107;293;632;144;Paris_AN_JJ_inventaire_Loire.xml
JJ107;303;633;149v;Paris_AN_JJ_inventaire_Loire.xml
JJ107;309;634;154v;Paris_AN_JJ_inventaire_Loire.xml
JJ107;323;635;162;Paris_AN_JJ_inventaire_Loire.xml
JJ107;326;636;163;Paris_AN_JJ_inventaire_Loire.xml
JJ107;327;637;164;Paris_AN_JJ_inventaire_Loire.xml
JJ107;334;638;166v;Paris_AN_JJ_inventaire_Loire.xml
JJ107;344;639;170;Paris_AN_JJ_inventaire_Loire.xml
JJ107;351;640;173;Paris_AN_JJ_inventaire_Loire.xml
JJ107;364;641;185;Paris_AN_JJ_inventaire_Loire.xml
JJ107;368;642;189;Paris_AN_JJ_inventaire_Loire.xml
JJ107;373;643;191;Paris_AN_JJ_inventaire_Loire.xml
JJ107;376;644;193;Paris_AN_JJ_inventaire_Loire.xml
JJ107;384;645;197v;Paris_AN_JJ_inventaire_Loire.xml
JJ108;42;646;27;Paris_AN_JJ_inventaire_Loire.xml
JJ108;51;647;32;Paris_AN_JJ_inventaire_Loire.xml
JJ108;54;648;34;Paris_AN_JJ_inventaire_Loire.xml
JJ108;74;649;49v;Paris_AN_JJ_inventaire_Loire.xml
JJ108;76;650;50v;Paris_AN_JJ_inventaire_Loire.xml
JJ108;91;651;58;Paris_AN_JJ_inventaire_Loire.xml
JJ108;93;652;59;Paris_AN_JJ_inventaire_Loire.xml
JJ108;102;653;64;Paris_AN_JJ_inventaire_Loire.xml
JJ108;103;654;64v;Paris_AN_JJ_inventaire_Loire.xml
JJ108;104;655;65;Paris_AN_JJ_inventaire_Loire.xml
JJ108;112;656;68;Paris_AN_JJ_inventaire_Loire.xml
JJ108;118;657;70v;Paris_AN_JJ_inventaire_Loire.xml
JJ108;125;658;75v;Paris_AN_JJ_inventaire_Loire.xml
JJ108;130;659;78;Paris_AN_JJ_inventaire_Loire.xml
JJ108;136;660;85;Paris_AN_JJ_inventaire_Loire.xml
JJ108;139;661;87;Paris_AN_JJ_inventaire_Loire.xml
JJ108;150;662;92v;Paris_AN_JJ_inventaire_Loire.xml
JJ108;162;663;98v;Paris_AN_JJ_inventaire_Loire.xml
JJ108;188;664;111;Paris_AN_JJ_inventaire_Loire.xml
JJ108;218;665;126;Paris_AN_JJ_inventaire_Loire.xml
JJ108;238;666;137;Paris_AN_JJ_inventaire_Loire.xml
JJ108;248;667;141;Paris_AN_JJ_inventaire_Loire.xml
JJ108;249;668;141v;Paris_AN_JJ_inventaire_Loire.xml
JJ108;277;669;156;Paris_AN_JJ_inventaire_Loire.xml
JJ108;328;670;183v;Paris_AN_JJ_inventaire_Loire.xml
JJ108;358;671;203v;Paris_AN_JJ_inventaire_Loire.xml
JJ108;365;672;208v;Paris_AN_JJ_inventaire_Loire.xml
JJ108;376;673;216v;Paris_AN_JJ_inventaire_Loire.xml
JJ109;16;674;13v;Paris_AN_JJ_inventaire_Loire.xml
JJ109;42;675;23v;Paris_AN_JJ_inventaire_Loire.xml
JJ109;49;676;25v;Paris_AN_JJ_inventaire_Loire.xml
JJ109;53;677;27;Paris_AN_JJ_inventaire_Loire.xml
JJ109;63;678;31;Paris_AN_JJ_inventaire_Loire.xml
JJ109;65;679;31v;Paris_AN_JJ_inventaire_Loire.xml
JJ109;79;680;39v;Paris_AN_JJ_inventaire_Loire.xml
JJ109;80;681;40;Paris_AN_JJ_inventaire_Loire.xml
JJ109;94;682;46;Paris_AN_JJ_inventaire_Loire.xml
JJ109;108;683;51v;Paris_AN_JJ_inventaire_Loire.xml
JJ109;131;684;62v;Paris_AN_JJ_inventaire_Loire.xml
JJ109;137;685;65;Paris_AN_JJ_inventaire_Loire.xml
JJ109;138;686;65v;Paris_AN_JJ_inventaire_Loire.xml
JJ109;148;687;71;Paris_AN_JJ_inventaire_Loire.xml
JJ109;164;688;77v;Paris_AN_JJ_inventaire_Loire.xml
JJ109;167;689;79;Paris_AN_JJ_inventaire_Loire.xml
JJ109;180;690;85;Paris_AN_JJ_inventaire_Loire.xml
JJ109;185;691;87;Paris_AN_JJ_inventaire_Loire.xml
JJ109;187;692;88;Paris_AN_JJ_inventaire_Loire.xml
JJ109;190;693;89;Paris_AN_JJ_inventaire_Loire.xml
JJ109;191;694;89v;Paris_AN_JJ_inventaire_Loire.xml
JJ109;192;695;90;Paris_AN_JJ_inventaire_Loire.xml
JJ109;194;696;90v;Paris_AN_JJ_inventaire_Loire.xml
JJ109;197;697;91v;Paris_AN_JJ_inventaire_Loire.xml
JJ109;198;698;92;Paris_AN_JJ_inventaire_Loire.xml
JJ109;199;699;92v;Paris_AN_JJ_inventaire_Loire.xml
JJ109;200;700;92v;Paris_AN_JJ_inventaire_Loire.xml
JJ109;201;701;92v;Paris_AN_JJ_inventaire_Loire.xml
JJ109;210;702;99;Paris_AN_JJ_inventaire_Loire.xml
JJ109;217;703;100;Paris_AN_JJ_inventaire_Loire.xml
JJ109;224;704;105v;Paris_AN_JJ_inventaire_Loire.xml
JJ109;226;705;106;Paris_AN_JJ_inventaire_Loire.xml
JJ109;240;706;114v;Paris_AN_JJ_inventaire_Loire.xml
JJ109;241;707;115;Paris_AN_JJ_inventaire_Loire.xml
JJ109;245;708;116;Paris_AN_JJ_inventaire_Loire.xml
JJ109;246;709;116v;Paris_AN_JJ_inventaire_Loire.xml
JJ109;257;710;121;Paris_AN_JJ_inventaire_Loire.xml
JJ109;258;711;121;Paris_AN_JJ_inventaire_Loire.xml
JJ109;260;712;122;Paris_AN_JJ_inventaire_Loire.xml
JJ109;261;713;122v;Paris_AN_JJ_inventaire_Loire.xml
JJ109;268;714;125;Paris_AN_JJ_inventaire_Loire.xml
JJ109;290;715;134;Paris_AN_JJ_inventaire_Loire.xml
JJ109;333;716;162;Paris_AN_JJ_inventaire_Loire.xml
JJ109;425;717;207;Paris_AN_JJ_inventaire_Loire.xml
JJ109;434;718;214;Paris_AN_JJ_inventaire_Loire.xml
JJ110;11;719;10;Paris_AN_JJ_inventaire_Loire.xml
JJ110;16;720;13;Paris_AN_JJ_inventaire_Loire.xml
JJ110;21;721;16;Paris_AN_JJ_inventaire_Loire.xml
JJ110;22;722;16v;Paris_AN_JJ_inventaire_Loire.xml
JJ110;26;723;18;Paris_AN_JJ_inventaire_Loire.xml
JJ110;27;724;20;Paris_AN_JJ_inventaire_Loire.xml
JJ110;50;725;31v;Paris_AN_JJ_inventaire_Loire.xml
JJ110;69;726;41;Paris_AN_JJ_inventaire_Loire.xml
JJ110;74;727;44v;Paris_AN_JJ_inventaire_Loire.xml
JJ110;76;728;45v;Paris_AN_JJ_inventaire_Loire.xml
JJ110;81;729;47;Paris_AN_JJ_inventaire_Loire.xml
JJ110;84;730;49v;Paris_AN_JJ_inventaire_Loire.xml
JJ110;90;731;52;Paris_AN_JJ_inventaire_Loire.xml
JJ110;94;732;54;Paris_AN_JJ_inventaire_Loire.xml
JJ110;98;733;58v;Paris_AN_JJ_inventaire_Loire.xml
JJ110;101;734;59v;Paris_AN_JJ_inventaire_Loire.xml
JJ110;111;735;64;Paris_AN_JJ_inventaire_Loire.xml
JJ110;156;736;99;Paris_AN_JJ_inventaire_Loire.xml
JJ110;204;737;123v;Paris_AN_JJ_inventaire_Loire.xml
JJ110;209;738;126;Paris_AN_JJ_inventaire_Loire.xml
JJ110;221;739;132;Paris_AN_JJ_inventaire_Loire.xml
JJ110;277;740;165;Paris_AN_JJ_inventaire_Loire.xml
JJ110;287;741;171;Paris_AN_JJ_inventaire_Loire.xml
JJ110;303;742;foL179v;Paris_AN_JJ_inventaire_Loire.xml
JJ110;305;743;180v;Paris_AN_JJ_inventaire_Loire.xml
JJ110;308;744;182;Paris_AN_JJ_inventaire_Loire.xml
JJ110;309;745;182v;Paris_AN_JJ_inventaire_Loire.xml
JJ110;315;746;185;Paris_AN_JJ_inventaire_Loire.xml
JJ110;316;747;185v;Paris_AN_JJ_inventaire_Loire.xml
JJ110;319;748;187;Paris_AN_JJ_inventaire_Loire.xml
JJ110;360;749;204v;Paris_AN_JJ_inventaire_Loire.xml
JJ111;28;750;22;Paris_AN_JJ_inventaire_Loire.xml
JJ111;50;751;31;Paris_AN_JJ_inventaire_Loire.xml
JJ111;59;752;56;Paris_AN_JJ_inventaire_Loire.xml
JJ111;60;753;57;Paris_AN_JJ_inventaire_Loire.xml
JJ111;63;754;38;Paris_AN_JJ_inventaire_Loire.xml
JJ111;68;755;40v;Paris_AN_JJ_inventaire_Loire.xml
JJ111;103;756;53v;Paris_AN_JJ_inventaire_Loire.xml
JJ111;126;757;68;Paris_AN_JJ_inventaire_Loire.xml
JJ111;158;758;82;Paris_AN_JJ_inventaire_Loire.xml
JJ111;198;759;100;Paris_AN_JJ_inventaire_Loire.xml
JJ111;200;760;foi101;Paris_AN_JJ_inventaire_Loire.xml
JJ111;208;761;104;Paris_AN_JJ_inventaire_Loire.xml
JJ111;209;762;104v;Paris_AN_JJ_inventaire_Loire.xml
JJ111;210bis;763;107v;Paris_AN_JJ_inventaire_Loire.xml
JJ111;211bis;764;108;Paris_AN_JJ_inventaire_Loire.xml
JJ111;254;765;128;Paris_AN_JJ_inventaire_Loire.xml
JJ111;257;766;131v;Paris_AN_JJ_inventaire_Loire.xml
JJ111;259;767;132v;Paris_AN_JJ_inventaire_Loire.xml
JJ111;284;768;143;Paris_AN_JJ_inventaire_Loire.xml
JJ111;301;769;150v;Paris_AN_JJ_inventaire_Loire.xml
JJ111;308;770;160v;Paris_AN_JJ_inventaire_Loire.xml
JJ111;322;771;167;Paris_AN_JJ_inventaire_Loire.xml
JJ111;332;772;174;Paris_AN_JJ_inventaire_Loire.xml
JJ111;339;773;177;Paris_AN_JJ_inventaire_Loire.xml
JJ111;378;774;196v;Paris_AN_JJ_inventaire_Loire.xml
JJ111;384;775;202;Paris_AN_JJ_inventaire_Loire.xml
JJ112;10;776;15v;Paris_AN_JJ_inventaire_Loire.xml
JJ112;12;777;16v;Paris_AN_JJ_inventaire_Loire.xml
JJ112;28;778;23;Paris_AN_JJ_inventaire_Loire.xml
JJ112;49;779;33;Paris_AN_JJ_inventaire_Loire.xml
JJ112;59;780;37;Paris_AN_JJ_inventaire_Loire.xml
JJ112;71;781;44;Paris_AN_JJ_inventaire_Loire.xml
JJ112;80;782;52;Paris_AN_JJ_inventaire_Loire.xml
JJ112;82;783;54;Paris_AN_JJ_inventaire_Loire.xml
JJ112;85;784;55v;Paris_AN_JJ_inventaire_Loire.xml
JJ112;111;785;66v;Paris_AN_JJ_inventaire_Loire.xml
JJ112;127;786;74;Paris_AN_JJ_inventaire_Loire.xml
JJ112;180;787;108;Paris_AN_JJ_inventaire_Loire.xml
JJ112;181;788;108v;Paris_AN_JJ_inventaire_Loire.xml
JJ112;197;789;114v;Paris_AN_JJ_inventaire_Loire.xml
JJ112;203;790;116v;Paris_AN_JJ_inventaire_Loire.xml
JJ112;204;791;117;Paris_AN_JJ_inventaire_Loire.xml
JJ112;214;792;122;Paris_AN_JJ_inventaire_Loire.xml
JJ112;227;793;125v;Paris_AN_JJ_inventaire_Loire.xml
JJ112;259;794;142;Paris_AN_JJ_inventaire_Loire.xml
JJ112;308;795;153v;Paris_AN_JJ_inventaire_Loire.xml
JJ112;319;796;161;Paris_AN_JJ_inventaire_Loire.xml
JJ112;328;797;164v;Paris_AN_JJ_inventaire_Loire.xml
JJ112;332;798;166;Paris_AN_JJ_inventaire_Loire.xml
JJ112;333;799;166v;Paris_AN_JJ_inventaire_Loire.xml
JJ112;350;800;174;Paris_AN_JJ_inventaire_Loire.xml
JJ112;358;801;178v;Paris_AN_JJ_inventaire_Loire.xml
JJ112;359;802;178v;Paris_AN_JJ_inventaire_Loire.xml
JJ112;373;803;185;Paris_AN_JJ_inventaire_Loire.xml
JJ112;374;804;185v;Paris_AN_JJ_inventaire_Loire.xml
JJ112;375;805;186;Paris_AN_JJ_inventaire_Loire.xml
JJ113;4;806;7v;Paris_AN_JJ_inventaire_Loire.xml
JJ113;17;807;11v;Paris_AN_JJ_inventaire_Loire.xml
JJ113;19;808;12;Paris_AN_JJ_inventaire_Loire.xml
JJ113;66;809;25;Paris_AN_JJ_inventaire_Loire.xml
JJ113;77;810;30v;Paris_AN_JJ_inventaire_Loire.xml
JJ113;81;811;32;Paris_AN_JJ_inventaire_Loire.xml
JJ113;91bis;812;37;Paris_AN_JJ_inventaire_Loire.xml
JJ113;102;813;42;Paris_AN_JJ_inventaire_Loire.xml
JJ113;103;814;42v;Paris_AN_JJ_inventaire_Loire.xml
JJ113;108;815;44v;Paris_AN_JJ_inventaire_Loire.xml
JJ113;114;816;49;Paris_AN_JJ_inventaire_Loire.xml
JJ113;131;817;61v;Paris_AN_JJ_inventaire_Loire.xml
JJ113;137;818;63v;Paris_AN_JJ_inventaire_Loire.xml
JJ113;152;819;69v;Paris_AN_JJ_inventaire_Loire.xml
JJ113;179;820;81;Paris_AN_JJ_inventaire_Loire.xml
JJ113;181;821;82;Paris_AN_JJ_inventaire_Loire.xml
JJ113;189;822;88;Paris_AN_JJ_inventaire_Loire.xml
JJ113;191;823;89v;Paris_AN_JJ_inventaire_Loire.xml
JJ113;219;824;115;Paris_AN_JJ_inventaire_Loire.xml
JJ113;228;825;118v;Paris_AN_JJ_inventaire_Loire.xml
JJ113;247;826;128;Paris_AN_JJ_inventaire_Loire.xml
JJ113;252;827;130;Paris_AN_JJ_inventaire_Loire.xml
JJ113;255;828;130v;Paris_AN_JJ_inventaire_Loire.xml
JJ113;268;829;136;Paris_AN_JJ_inventaire_Loire.xml
JJ113;277;830;140;Paris_AN_JJ_inventaire_Loire.xml
JJ113;285;831;142;Paris_AN_JJ_inventaire_Loire.xml
JJ113;308;832;151v;Paris_AN_JJ_inventaire_Loire.xml
JJ113;310;833;153;Paris_AN_JJ_inventaire_Loire.xml
JJ113;332;834;163;Paris_AN_JJ_inventaire_Loire.xml
JJ113;341;835;166v;Paris_AN_JJ_inventaire_Loire.xml
JJ114;9;836;8v;Paris_AN_JJ_inventaire_Loire.xml
JJ114;76;837;32;Paris_AN_JJ_inventaire_Loire.xml
JJ114;108;838;52v;Paris_AN_JJ_inventaire_Loire.xml
JJ114;125;839;60v;Paris_AN_JJ_inventaire_Loire.xml
JJ114;128;840;61;Paris_AN_JJ_inventaire_Loire.xml
JJ114;131;841;62v;Paris_AN_JJ_inventaire_Loire.xml
JJ114;132;842;63;Paris_AN_JJ_inventaire_Loire.xml
JJ114;145;843;69;Paris_AN_JJ_inventaire_Loire.xml
JJ114;147;844;70v;Paris_AN_JJ_inventaire_Loire.xml
JJ114;153;845;73v;Paris_AN_JJ_inventaire_Loire.xml
JJ114;159;846;78;Paris_AN_JJ_inventaire_Loire.xml
JJ114;163;847;79v;Paris_AN_JJ_inventaire_Loire.xml
JJ114;164;848;79v;Paris_AN_JJ_inventaire_Loire.xml
JJ114;204;849;102v;Paris_AN_JJ_inventaire_Loire.xml
JJ114;212;850;106v;Paris_AN_JJ_inventaire_Loire.xml
JJ114;219;851;109;Paris_AN_JJ_inventaire_Loire.xml
JJ114;224;852;111;Paris_AN_JJ_inventaire_Loire.xml
JJ114;241;853;126;Paris_AN_JJ_inventaire_Loire.xml
JJ114;261;854;136;Paris_AN_JJ_inventaire_Loire.xml
JJ114;280;855;147v;Paris_AN_JJ_inventaire_Loire.xml
JJ114;282;856;148;Paris_AN_JJ_inventaire_Loire.xml
JJ114;292;857;153v;Paris_AN_JJ_inventaire_Loire.xml
JJ114;305;858;159;Paris_AN_JJ_inventaire_Loire.xml
JJ114;324;859;166;Paris_AN_JJ_inventaire_Loire.xml
JJ114;330;860;168v;Paris_AN_JJ_inventaire_Loire.xml
JJ115;15;861;10v;Paris_AN_JJ_inventaire_Loire.xml
JJ115;29;862;15;Paris_AN_JJ_inventaire_Loire.xml
JJ115;62;863;28v;Paris_AN_JJ_inventaire_Loire.xml
JJ115;97;864;44;Paris_AN_JJ_inventaire_Loire.xml
JJ115;169;865;81v;Paris_AN_JJ_inventaire_Loire.xml
JJ115;184;866;88;Paris_AN_JJ_inventaire_Loire.xml
JJ115;215;867;110;Paris_AN_JJ_inventaire_Loire.xml
JJ115;220;868;113;Paris_AN_JJ_inventaire_Loire.xml
JJ115;230;869;119;Paris_AN_JJ_inventaire_Loire.xml
JJ115;241;870;125;Paris_AN_JJ_inventaire_Loire.xml
JJ115;268;871;134;Paris_AN_JJ_inventaire_Loire.xml
JJ115;269;872;134v;Paris_AN_JJ_inventaire_Loire.xml
JJ115;281;873;138v;Paris_AN_JJ_inventaire_Loire.xml
JJ115;287;874;140v;Paris_AN_JJ_inventaire_Loire.xml
JJ115;289;875;141v;Paris_AN_JJ_inventaire_Loire.xml
JJ115;293;876;143v;Paris_AN_JJ_inventaire_Loire.xml
JJ115;295;877;144v;Paris_AN_JJ_inventaire_Loire.xml
JJ115;321;878;156;Paris_AN_JJ_inventaire_Loire.xml
JJ115;324;879;157v;Paris_AN_JJ_inventaire_Loire.xml
JJ115;325;880;158;Paris_AN_JJ_inventaire_Loire.xml
JJ115;334;881;161;Paris_AN_JJ_inventaire_Loire.xml
JJ115;354;882;173;Paris_AN_JJ_inventaire_Loire.xml
JJ115;357;883;174;Paris_AN_JJ_inventaire_Loire.xml
JJ116;1;884;5;Paris_AN_JJ_inventaire_Loire.xml
JJ116;11;885;8v;Paris_AN_JJ_inventaire_Loire.xml
JJ116;15;886;10v;Paris_AN_JJ_inventaire_Loire.xml
JJ116;18;887;12;Paris_AN_JJ_inventaire_Loire.xml
JJ116;20;888;13;Paris_AN_JJ_inventaire_Loire.xml
JJ116;28;889;16;Paris_AN_JJ_inventaire_Loire.xml
JJ116;46;890;26v;Paris_AN_JJ_inventaire_Loire.xml
JJ116;55;891;32;Paris_AN_JJ_inventaire_Loire.xml
JJ116;75;892;43v;Paris_AN_JJ_inventaire_Loire.xml
JJ116;82;893;46v;Paris_AN_JJ_inventaire_Loire.xml
JJ116;83;894;47v;Paris_AN_JJ_inventaire_Loire.xml
JJ116;89;895;56v;Paris_AN_JJ_inventaire_Loire.xml
JJ116;100;896;57v;Paris_AN_JJ_inventaire_Loire.xml
JJ116;113;897;64v;Paris_AN_JJ_inventaire_Loire.xml
JJ116;129;898;74;Paris_AN_JJ_inventaire_Loire.xml
JJ116;140;899;82;Paris_AN_JJ_inventaire_Loire.xml
JJ116;159;900;97v;Paris_AN_JJ_inventaire_Loire.xml
JJ116;165;901;100v;Paris_AN_JJ_inventaire_Loire.xml
JJ116;170;902;106;Paris_AN_JJ_inventaire_Loire.xml
JJ116;191;903;114v;Paris_AN_JJ_inventaire_Loire.xml
JJ116;247;904;147v;Paris_AN_JJ_inventaire_Loire.xml
JJ117;7;905;7v;Paris_AN_JJ_inventaire_Loire.xml
JJ117;15;906;11v;Paris_AN_JJ_inventaire_Loire.xml
JJ117;47;907;39v;Paris_AN_JJ_inventaire_Loire.xml
JJ117;143;908;96;Paris_AN_JJ_inventaire_Loire.xml
JJ117;163;909;105v;Paris_AN_JJ_inventaire_Loire.xml
JJ117;168;910;108;Paris_AN_JJ_inventaire_Loire.xml
JJ117;175;911;112;Paris_AN_JJ_inventaire_Loire.xml
JJ117;178;912;114v;Paris_AN_JJ_inventaire_Loire.xml
JJ117;190;913;123v;Paris_AN_JJ_inventaire_Loire.xml
JJ117;194;914;fol125v;Paris_AN_JJ_inventaire_Loire.xml
JJ117;207;915;131;Paris_AN_JJ_inventaire_Loire.xml
JJ117;214;916;139;Paris_AN_JJ_inventaire_Loire.xml
JJ118;10;917;14;Paris_AN_JJ_inventaire_Loire.xml
JJ118;63;918;38;Paris_AN_JJ_inventaire_Loire.xml
JJ118;115;919;61;Paris_AN_JJ_inventaire_Loire.xml
JJ118;128;920;68;Paris_AN_JJ_inventaire_Loire.xml
JJ118;139;921;73;Paris_AN_JJ_inventaire_Loire.xml
JJ118;152;922;8G;Paris_AN_JJ_inventaire_Loire.xml
JJ118;176;923;94;Paris_AN_JJ_inventaire_Loire.xml
JJ118;194;924;102v;Paris_AN_JJ_inventaire_Loire.xml
JJ118;196;925;103v;Paris_AN_JJ_inventaire_Loire.xml
JJ118;207;926;fbl108;Paris_AN_JJ_inventaire_Loire.xml
JJ118;214;927;114v;Paris_AN_JJ_inventaire_Loire.xml
JJ118;216;928;115;Paris_AN_JJ_inventaire_Loire.xml
JJ118;217;929;115v;Paris_AN_JJ_inventaire_Loire.xml
JJ118;225;930;118v;Paris_AN_JJ_inventaire_Loire.xml
JJ118;255;931;137v;Paris_AN_JJ_inventaire_Loire.xml
JJ118;280;932;150v;Paris_AN_JJ_inventaire_Loire.xml
JJ118;307;933;169;Paris_AN_JJ_inventaire_Loire.xml
JJ118;351;934;189;Paris_AN_JJ_inventaire_Loire.xml
JJ118;426;935;226;Paris_AN_JJ_inventaire_Loire.xml
JJ118;465;936;249;Paris_AN_JJ_inventaire_Loire.xml
JJ119;3;937;12;Paris_AN_JJ_inventaire_Loire.xml
JJ119;17;938;18;Paris_AN_JJ_inventaire_Loire.xml
JJ119;26;939;21v;Paris_AN_JJ_inventaire_Loire.xml
JJ119;43;940;32v;Paris_AN_JJ_inventaire_Loire.xml
JJ119;47;941;34;Paris_AN_JJ_inventaire_Loire.xml
JJ119;52;942;37v;Paris_AN_JJ_inventaire_Loire.xml
JJ119;76;943;51v;Paris_AN_JJ_inventaire_Loire.xml
JJ119;95;944;64v;Paris_AN_JJ_inventaire_Loire.xml
JJ119;101;945;68;Paris_AN_JJ_inventaire_Loire.xml
JJ119;102;946;68v;Paris_AN_JJ_inventaire_Loire.xml
JJ119;152;947;100;Paris_AN_JJ_inventaire_Loire.xml
JJ119;156;948;102;Paris_AN_JJ_inventaire_Loire.xml
JJ119;170;949;108v;Paris_AN_JJ_inventaire_Loire.xml
JJ119;171;950;108v;Paris_AN_JJ_inventaire_Loire.xml
JJ119;175;951;110v;Paris_AN_JJ_inventaire_Loire.xml
JJ119;190;952;125;Paris_AN_JJ_inventaire_Loire.xml
JJ119;202;953;131;Paris_AN_JJ_inventaire_Loire.xml
JJ119;206;954;132;Paris_AN_JJ_inventaire_Loire.xml
JJ119;213;955;134;Paris_AN_JJ_inventaire_Loire.xml
JJ119;221;956;138;Paris_AN_JJ_inventaire_Loire.xml
JJ119;275;957;175v;Paris_AN_JJ_inventaire_Loire.xml
JJ119;301;958;188v;Paris_AN_JJ_inventaire_Loire.xml
JJ119;305;959;191;Paris_AN_JJ_inventaire_Loire.xml
JJ119;313;960;193;Paris_AN_JJ_inventaire_Loire.xml
JJ119;315;961;194;Paris_AN_JJ_inventaire_Loire.xml
JJ119;316;962;194;Paris_AN_JJ_inventaire_Loire.xml
JJ119;318;963;195v;Paris_AN_JJ_inventaire_Loire.xml
JJ119;319;964;195v;Paris_AN_JJ_inventaire_Loire.xml
JJ119;321;965;196v;Paris_AN_JJ_inventaire_Loire.xml
JJ119;371;966;219;Paris_AN_JJ_inventaire_Loire.xml
JJ119;386;967;227;Paris_AN_JJ_inventaire_Loire.xml
JJ119;387;968;227v;Paris_AN_JJ_inventaire_Loire.xml
JJ119;413;969;239;Paris_AN_JJ_inventaire_Loire.xml
JJ120;37;970;23v;Paris_AN_JJ_inventaire_Loire.xml
JJ120;40;971;25v;Paris_AN_JJ_inventaire_Loire.xml
JJ120;43;972;27v;Paris_AN_JJ_inventaire_Loire.xml
JJ120;75;973;44v;Paris_AN_JJ_inventaire_Loire.xml
JJ120;78;974;46;Paris_AN_JJ_inventaire_Loire.xml
JJ120;94;975;54;Paris_AN_JJ_inventaire_Loire.xml
JJ120;99;976;56v;Paris_AN_JJ_inventaire_Loire.xml
JJ120;106;977;59;Paris_AN_JJ_inventaire_Loire.xml
JJ120;108;978;59v;Paris_AN_JJ_inventaire_Loire.xml
JJ120;109;979;60;Paris_AN_JJ_inventaire_Loire.xml
JJ120;123;980;65;Paris_AN_JJ_inventaire_Loire.xml
JJ120;168;981;84;Paris_AN_JJ_inventaire_Loire.xml
JJ120;202;982;103;Paris_AN_JJ_inventaire_Loire.xml
JJ120;283;983;139v;Paris_AN_JJ_inventaire_Loire.xml
JJ120;305;984;149;Paris_AN_JJ_inventaire_Loire.xml
JJ120;307;985;150;Paris_AN_JJ_inventaire_Loire.xml
JJ120;310;986;151;Paris_AN_JJ_inventaire_Loire.xml
JJ120;313;987;152v;Paris_AN_JJ_inventaire_Loire.xml
JJ120;334;988;163;Paris_AN_JJ_inventaire_Loire.xml
JJ120;335;989;163v;Paris_AN_JJ_inventaire_Loire.xml
JJ120;347;990;168v;Paris_AN_JJ_inventaire_Loire.xml
JJ120;367;991;180v;Paris_AN_JJ_inventaire_Loire.xml
JJ121;31;992;19;Paris_AN_JJ_inventaire_Loire.xml
JJ121;32;993;19;Paris_AN_JJ_inventaire_Loire.xml
JJ121;33;994;19;Paris_AN_JJ_inventaire_Loire.xml
JJ121;107;995;60;Paris_AN_JJ_inventaire_Loire.xml
JJ121;112;996;61v;Paris_AN_JJ_inventaire_Loire.xml
JJ121;120;997;67v;Paris_AN_JJ_inventaire_Loire.xml
JJ121;150;998;81v;Paris_AN_JJ_inventaire_Loire.xml
JJ121;166;999;91;Paris_AN_JJ_inventaire_Loire.xml
JJ121;173;1000;93v;Paris_AN_JJ_inventaire_Loire.xml
JJ121;186;1001;99;Paris_AN_JJ_inventaire_Loire.xml
JJ121;187;1002;99v;Paris_AN_JJ_inventaire_Loire.xml
JJ121;190;1003;101;Paris_AN_JJ_inventaire_Loire.xml
JJ121;204;1004;108v;Paris_AN_JJ_inventaire_Loire.xml
JJ121;209;1005;111;Paris_AN_JJ_inventaire_Loire.xml
JJ121;219;1006;116v;Paris_AN_JJ_inventaire_Loire.xml
JJ121;225;1007;137v;Paris_AN_JJ_inventaire_Loire.xml
JJ121;226;1008;138;Paris_AN_JJ_inventaire_Loire.xml
JJ121;231;1009;144;Paris_AN_JJ_inventaire_Loire.xml
JJ121;234;1010;145v;Paris_AN_JJ_inventaire_Loire.xml
JJ122;6;1011;9;Paris_AN_JJ_inventaire_Loire.xml
JJ122;9;1012;10;Paris_AN_JJ_inventaire_Loire.xml
JJ122;47;1013;26v;Paris_AN_JJ_inventaire_Loire.xml
JJ122;67;1014;36v;Paris_AN_JJ_inventaire_Loire.xml
JJ122;68;1015;36v;Paris_AN_JJ_inventaire_Loire.xml
JJ122;125;1016;61v;Paris_AN_JJ_inventaire_Loire.xml
JJ122;134;1017;66v;Paris_AN_JJ_inventaire_Loire.xml
JJ122;237;1018;119v;Paris_AN_JJ_inventaire_Loire.xml
JJ122;240;1019;120v;Paris_AN_JJ_inventaire_Loire.xml
JJ122;241;1020;120v;Paris_AN_JJ_inventaire_Loire.xml
JJ122;244;1021;121v;Paris_AN_JJ_inventaire_Loire.xml
JJ122;264;1022;132;Paris_AN_JJ_inventaire_Loire.xml
JJ122;288;1023;141v;Paris_AN_JJ_inventaire_Loire.xml
JJ122;296;1024;146;Paris_AN_JJ_inventaire_Loire.xml
JJ122;366;1025;176;Paris_AN_JJ_inventaire_Loire.xml
JJ122;381;1026;182v;Paris_AN_JJ_inventaire_Loire.xml
JJ122;384;1027;183;Paris_AN_JJ_inventaire_Loire.xml
JJ123;21;1028;13;Paris_AN_JJ_inventaire_Loire.xml
JJ123;40;1029;21;Paris_AN_JJ_inventaire_Loire.xml
JJ123;26;1030;16;Paris_AN_JJ_inventaire_Loire.xml
JJ123;43;1031;22;Paris_AN_JJ_inventaire_Loire.xml
JJ123;48;1032;27v;Paris_AN_JJ_inventaire_Loire.xml
JJ123;74;1033;40v;Paris_AN_JJ_inventaire_Loire.xml
JJ123;90;1034;80;Paris_AN_JJ_inventaire_Loire.xml
JJ123;108;1035;58v;Paris_AN_JJ_inventaire_Loire.xml
JJ123;133;1036;71v;Paris_AN_JJ_inventaire_Loire.xml
JJ123;151;1037;79v;Paris_AN_JJ_inventaire_Loire.xml
JJ123;177;1038;91v;Paris_AN_JJ_inventaire_Loire.xml
JJ123;199;1039;100v;Paris_AN_JJ_inventaire_Loire.xml
JJ123;206;1040;103;Paris_AN_JJ_inventaire_Loire.xml
JJ123;219;1041;110;Paris_AN_JJ_inventaire_Loire.xml
JJ123;259;1042;129;Paris_AN_JJ_inventaire_Loire.xml
JJ123;261;1043;129v;Paris_AN_JJ_inventaire_Loire.xml
JJ123;275;1044;136v;Paris_AN_JJ_inventaire_Loire.xml
JJ123;277;1045;137v;Paris_AN_JJ_inventaire_Loire.xml
JJ123;283;1046;141;Paris_AN_JJ_inventaire_Loire.xml
JJ124;1;1047;1;Paris_AN_JJ_inventaire_Loire.xml
JJ124;19;1048;15;Paris_AN_JJ_inventaire_Loire.xml
JJ124;21;1049;16;Paris_AN_JJ_inventaire_Loire.xml
JJ124;44;1050;27;Paris_AN_JJ_inventaire_Loire.xml
JJ124;51;1051;33v;Paris_AN_JJ_inventaire_Loire.xml
JJ124;62;1052;39;Paris_AN_JJ_inventaire_Loire.xml
JJ124;66;1053;41v;Paris_AN_JJ_inventaire_Loire.xml
JJ124;81;1054;49;Paris_AN_JJ_inventaire_Loire.xml
JJ124;84;1055;50v;Paris_AN_JJ_inventaire_Loire.xml
JJ124;85;1056;51;Paris_AN_JJ_inventaire_Loire.xml
JJ124;91;1057;54;Paris_AN_JJ_inventaire_Loire.xml
JJ124;100;1058;57v;Paris_AN_JJ_inventaire_Loire.xml
JJ124;101;1059;58v;Paris_AN_JJ_inventaire_Loire.xml
JJ124;108;1060;62v;Paris_AN_JJ_inventaire_Loire.xml
JJ124;115;1061;65v;Paris_AN_JJ_inventaire_Loire.xml
JJ124;120;1062;68v;Paris_AN_JJ_inventaire_Loire.xml
JJ124;121;1063;68v;Paris_AN_JJ_inventaire_Loire.xml
JJ124;128;1064;76v;Paris_AN_JJ_inventaire_Loire.xml
JJ124;133;1065;79;Paris_AN_JJ_inventaire_Loire.xml
JJ124;135;1066;80;Paris_AN_JJ_inventaire_Loire.xml
JJ124;148;1067;86;Paris_AN_JJ_inventaire_Loire.xml
JJ124;150;1068;87;Paris_AN_JJ_inventaire_Loire.xml
JJ124;151;1069;87;Paris_AN_JJ_inventaire_Loire.xml
JJ124;157;1070;91;Paris_AN_JJ_inventaire_Loire.xml
JJ124;162;1071;93v;Paris_AN_JJ_inventaire_Loire.xml
JJ124;168;1072;96;Paris_AN_JJ_inventaire_Loire.xml
JJ124;170;1073;97;Paris_AN_JJ_inventaire_Loire.xml
JJ124;172;1074;98v;Paris_AN_JJ_inventaire_Loire.xml
JJ124;195;1075;110v;Paris_AN_JJ_inventaire_Loire.xml
JJ124;204;1076;115v;Paris_AN_JJ_inventaire_Loire.xml
JJ124;215;1077;121v;Paris_AN_JJ_inventaire_Loire.xml
JJ124;231;1078;134;Paris_AN_JJ_inventaire_Loire.xml
JJ124;234;1079;136v;Paris_AN_JJ_inventaire_Loire.xml
JJ124;237;1080;139;Paris_AN_JJ_inventaire_Loire.xml
JJ124;239;1081;139v;Paris_AN_JJ_inventaire_Loire.xml
JJ124;242;1082;141;Paris_AN_JJ_inventaire_Loire.xml
JJ124;252;1083;147v;Paris_AN_JJ_inventaire_Loire.xml
JJ124;256;1084;149v;Paris_AN_JJ_inventaire_Loire.xml
JJ124;269;1085;156v;Paris_AN_JJ_inventaire_Loire.xml
JJ124;278;1086;161v;Paris_AN_JJ_inventaire_Loire.xml
JJ124;285;1087;164v;Paris_AN_JJ_inventaire_Loire.xml
JJ124;286;1088;165v;Paris_AN_JJ_inventaire_Loire.xml
JJ124;293;1089;168v;Paris_AN_JJ_inventaire_Loire.xml
JJ124;303;1090;173;Paris_AN_JJ_inventaire_Loire.xml
JJ124;342;1091;193v;Paris_AN_JJ_inventaire_Loire.xml
JJ124;345;1092;194v;Paris_AN_JJ_inventaire_Loire.xml
JJ124;357;1093;202v;Paris_AN_JJ_inventaire_Loire.xml
JJ124;361;1094;204;Paris_AN_JJ_inventaire_Loire.xml
JJ125;5;1095;6;Paris_AN_JJ_inventaire_Loire.xml
JJ125;14;1096;10v;Paris_AN_JJ_inventaire_Loire.xml
JJ125;17;1097;12;Paris_AN_JJ_inventaire_Loire.xml
JJ125;23;1098;14v;Paris_AN_JJ_inventaire_Loire.xml
JJ125;24;1099;15v;Paris_AN_JJ_inventaire_Loire.xml
JJ125;40;1100;24v;Paris_AN_JJ_inventaire_Loire.xml
JJ125;61;1101;34v;Paris_AN_JJ_inventaire_Loire.xml
JJ125;71;1102;41v;Paris_AN_JJ_inventaire_Loire.xml
JJ125;95;1103;57;Paris_AN_JJ_inventaire_Loire.xml
JJ125;102;1104;60v;Paris_AN_JJ_inventaire_Loire.xml
JJ125;105;1105;62v;Paris_AN_JJ_inventaire_Loire.xml
JJ125;123;1106;74v;Paris_AN_JJ_inventaire_Loire.xml
JJ125;124;1107;74v;Paris_AN_JJ_inventaire_Loire.xml
JJ125;130;1108;78;Paris_AN_JJ_inventaire_Loire.xml
JJ125;131;1109;78;Paris_AN_JJ_inventaire_Loire.xml
JJ125;139;1110;83v;Paris_AN_JJ_inventaire_Loire.xml
JJ125;141;1111;84v;Paris_AN_JJ_inventaire_Loire.xml
JJ125;164;1112;94;Paris_AN_JJ_inventaire_Loire.xml
JJ125;173;1113;100;Paris_AN_JJ_inventaire_Loire.xml
JJ125;200;1114;114;Paris_AN_JJ_inventaire_Loire.xml
JJ125;218;1115;124;Paris_AN_JJ_inventaire_Loire.xml
JJ125;235;1116;133;Paris_AN_JJ_inventaire_Loire.xml
JJ125;269;1117;154;Paris_AN_JJ_inventaire_Loire.xml
JJ125;277;1118;159;Paris_AN_JJ_inventaire_Loire.xml
JJ125;281;1119;161;Paris_AN_JJ_inventaire_Loire.xml
JJ125;287;1120;166;Paris_AN_JJ_inventaire_Loire.xml
JJ125;292;1121;168;Paris_AN_JJ_inventaire_Loire.xml
JJ125;312;1122;179;Paris_AN_JJ_inventaire_Loire.xml
JJ125;316;1123;182;Paris_AN_JJ_inventaire_Loire.xml
JJ126;20;1124;11;Paris_AN_JJ_inventaire_Loire.xml
JJ126;23;1125;12v;Paris_AN_JJ_inventaire_Loire.xml
JJ126;32;1126;23;Paris_AN_JJ_inventaire_Loire.xml
JJ126;43;1127;29v;Paris_AN_JJ_inventaire_Loire.xml
JJ126;49;1128;32;Paris_AN_JJ_inventaire_Loire.xml
JJ126;56;1129;37v;Paris_AN_JJ_inventaire_Loire.xml
JJ126;65;1130;44v;Paris_AN_JJ_inventaire_Loire.xml
JJ126;71;1131;47;Paris_AN_JJ_inventaire_Loire.xml
JJ126;73;1132;48;Paris_AN_JJ_inventaire_Loire.xml
JJ126;97;1133;60v;Paris_AN_JJ_inventaire_Loire.xml
JJ126;100;1134;62v;Paris_AN_JJ_inventaire_Loire.xml
JJ126;148;1135;97v;Paris_AN_JJ_inventaire_Loire.xml
JJ126;159;1136;102v;Paris_AN_JJ_inventaire_Loire.xml
JJ126;216;1137;142;Paris_AN_JJ_inventaire_Loire.xml
JJ126;240;1138;153;Paris_AN_JJ_inventaire_Loire.xml
JJ126;268;1139;167;Paris_AN_JJ_inventaire_Loire.xml
JJ126;276;1140;167;Paris_AN_JJ_inventaire_Loire.xml
JJ126;287;1141;172;Paris_AN_JJ_inventaire_Loire.xml
JJ126;289;1142;178v;Paris_AN_JJ_inventaire_Loire.xml
JJ127;4;1143;2;Paris_AN_JJ_inventaire_Loire.xml
JJ127;12;1144;6v;Paris_AN_JJ_inventaire_Loire.xml
JJ127;19;1145;12;Paris_AN_JJ_inventaire_Loire.xml
JJ127;45;1146;26;Paris_AN_JJ_inventaire_Loire.xml
JJ127;48;1147;28v;Paris_AN_JJ_inventaire_Loire.xml
JJ127;62;1148;41;Paris_AN_JJ_inventaire_Loire.xml
JJ125;84;1149;53;Paris_AN_JJ_inventaire_Loire.xml
JJ127;87;1150;55v;Paris_AN_JJ_inventaire_Loire.xml
JJ127;95;1151;59v;Paris_AN_JJ_inventaire_Loire.xml
JJ127;106;1152;66v;Paris_AN_JJ_inventaire_Loire.xml
JJ127;107;1153;67;Paris_AN_JJ_inventaire_Loire.xml
JJ127;113;1154;71v;Paris_AN_JJ_inventaire_Loire.xml
JJ127;122;1155;78v;Paris_AN_JJ_inventaire_Loire.xml
JJ127;125;1156;80;Paris_AN_JJ_inventaire_Loire.xml
JJ127;148;1157;91;Paris_AN_JJ_inventaire_Loire.xml
JJ127;160;1158;96;Paris_AN_JJ_inventaire_Loire.xml
JJ127;177;1159;107v;Paris_AN_JJ_inventaire_Loire.xml
JJ127;182;1160;109;Paris_AN_JJ_inventaire_Loire.xml
JJ127;189;1161;113v;Paris_AN_JJ_inventaire_Loire.xml
JJ127;190;1162;114;Paris_AN_JJ_inventaire_Loire.xml
JJ127;194;1163;116v;Paris_AN_JJ_inventaire_Loire.xml
JJ127;197;1164;118v;Paris_AN_JJ_inventaire_Loire.xml
JJ127;278;1165;171;Paris_AN_JJ_inventaire_Loire.xml
JJ127;285;1166;177;Paris_AN_JJ_inventaire_Loire.xml
JJ128;5;1167;3;Paris_AN_JJ_inventaire_Loire.xml
JJ128;8;1168;5;Paris_AN_JJ_inventaire_Loire.xml
JJ128;18;1169;10;Paris_AN_JJ_inventaire_Loire.xml
JJ128;32;1170;17;Paris_AN_JJ_inventaire_Loire.xml
JJ128;33;1171;18v;Paris_AN_JJ_inventaire_Loire.xml
JJ128;62;1172;39v;Paris_AN_JJ_inventaire_Loire.xml
JJ128;76;1173;51;Paris_AN_JJ_inventaire_Loire.xml
JJ128;89;1174;58v;Paris_AN_JJ_inventaire_Loire.xml
JJ128;139;1175;80v;Paris_AN_JJ_inventaire_Loire.xml
JJ128;155;1176;88;Paris_AN_JJ_inventaire_Loire.xml
JJ128;161;1177;92;Paris_AN_JJ_inventaire_Loire.xml
JJ128;219;1178;127v;Paris_AN_JJ_inventaire_Loire.xml
JJ128;227;1179;131;Paris_AN_JJ_inventaire_Loire.xml
JJ128;236;1180;135v;Paris_AN_JJ_inventaire_Loire.xml
JJ128;242;1181;138v;Paris_AN_JJ_inventaire_Loire.xml
JJ128;244;1182;139;Paris_AN_JJ_inventaire_Loire.xml
JJ128;252;1183;143v;Paris_AN_JJ_inventaire_Loire.xml
JJ128;272;1184;146v;Paris_AN_JJ_inventaire_Loire.xml
JJ128;268;1185;151v;Paris_AN_JJ_inventaire_Loire.xml
JJ129;10;1186;6v;Paris_AN_JJ_inventaire_Loire.xml
JJ129;16;1187;10;Paris_AN_JJ_inventaire_Loire.xml
JJ129;19;1188;12;Paris_AN_JJ_inventaire_Loire.xml
JJ129;29;1189;18;Paris_AN_JJ_inventaire_Loire.xml
JJ129;39;1190;23;Paris_AN_JJ_inventaire_Loire.xml
JJ129;51;1191;29v;Paris_AN_JJ_inventaire_Loire.xml
JJ129;58;1192;34v;Paris_AN_JJ_inventaire_Loire.xml
JJ129;56;1193;33v;Paris_AN_JJ_inventaire_Loire.xml
JJ129;68;1194;39v;Paris_AN_JJ_inventaire_Loire.xml
JJ129;69;1195;40;Paris_AN_JJ_inventaire_Loire.xml
JJ129;75;1196;42v;Paris_AN_JJ_inventaire_Loire.xml
JJ129;87;1197;51;Paris_AN_JJ_inventaire_Loire.xml
JJ129;97;1198;58v;Paris_AN_JJ_inventaire_Loire.xml
JJ129;107;1199;66v;Paris_AN_JJ_inventaire_Loire.xml
JJ129;125;1200;80;Paris_AN_JJ_inventaire_Loire.xml
JJ129;129;1201;82;Paris_AN_JJ_inventaire_Loire.xml
JJ129;178;1202;112v;Paris_AN_JJ_inventaire_Loire.xml
JJ129;183;1203;116;Paris_AN_JJ_inventaire_Loire.xml
JJ129;201;1204;124;Paris_AN_JJ_inventaire_Loire.xml
JJ129;221;1205;135;Paris_AN_JJ_inventaire_Loire.xml
JJ129;228;1206;138;Paris_AN_JJ_inventaire_Loire.xml
JJ129;236;1207;142v;Paris_AN_JJ_inventaire_Loire.xml
JJ129;247;1208;148v;Paris_AN_JJ_inventaire_Loire.xml
JJ129;248;1209;149;Paris_AN_JJ_inventaire_Loire.xml
JJ129;250;1210;150;Paris_AN_JJ_inventaire_Loire.xml
JJ129;260;1211;153v;Paris_AN_JJ_inventaire_Loire.xml
JJ129;269;1212;158;Paris_AN_JJ_inventaire_Loire.xml
JJ130;12;1213;12;Paris_AN_JJ_inventaire_Loire.xml
JJ130;23;1214;14v;Paris_AN_JJ_inventaire_Loire.xml
JJ130;27;1215;16;Paris_AN_JJ_inventaire_Loire.xml
JJ130;51;1216;29;Paris_AN_JJ_inventaire_Loire.xml
JJ130;62;1217;35v;Paris_AN_JJ_inventaire_Loire.xml
JJ130;74;1218;41v;Paris_AN_JJ_inventaire_Loire.xml
JJ130;78;1219;44;Paris_AN_JJ_inventaire_Loire.xml
JJ130;84;1220;47v;Paris_AN_JJ_inventaire_Loire.xml
JJ130;96;1221;53v;Paris_AN_JJ_inventaire_Loire.xml
JJ130;127;1222;69v;Paris_AN_JJ_inventaire_Loire.xml
JJ130;129;1223;71;Paris_AN_JJ_inventaire_Loire.xml
JJ130;188;1224;103;Paris_AN_JJ_inventaire_Loire.xml
JJ130;204;1225;111;Paris_AN_JJ_inventaire_Loire.xml
JJ130;205;1226;111v;Paris_AN_JJ_inventaire_Loire.xml
JJ130;210;1227;114v;Paris_AN_JJ_inventaire_Loire.xml
JJ130;229;1228;124v;Paris_AN_JJ_inventaire_Loire.xml
JJ130;232;1229;127;Paris_AN_JJ_inventaire_Loire.xml
JJ130;258;1230;140;Paris_AN_JJ_inventaire_Loire.xml
JJ130;267;1231;151;Paris_AN_JJ_inventaire_Loire.xml
JJ130;274;1232;154v;Paris_AN_JJ_inventaire_Loire.xml
JJ130;277;1233;156;Paris_AN_JJ_inventaire_Loire.xml
JJ130;282;1234;159;Paris_AN_JJ_inventaire_Loire.xml
JJ131;9;1235;6v;Paris_AN_JJ_inventaire_Loire.xml
JJ131;14;1236;10;Paris_AN_JJ_inventaire_Loire.xml
JJ131;25;1237;15v;Paris_AN_JJ_inventaire_Loire.xml
JJ131;37;1238;21v;Paris_AN_JJ_inventaire_Loire.xml
JJ131;40;1239;23v;Paris_AN_JJ_inventaire_Loire.xml
JJ131;44;1240;25;Paris_AN_JJ_inventaire_Loire.xml
JJ131;63;1241;35v;Paris_AN_JJ_inventaire_Loire.xml
JJ131;102;1242;55v;Paris_AN_JJ_inventaire_Loire.xml
JJ131;110;1243;60;Paris_AN_JJ_inventaire_Loire.xml
JJ131;111;1244;60v;Paris_AN_JJ_inventaire_Loire.xml
JJ131;128;1245;78;Paris_AN_JJ_inventaire_Loire.xml
JJ131;134;1246;82;Paris_AN_JJ_inventaire_Loire.xml
JJ131;140;1247;85v;Paris_AN_JJ_inventaire_Loire.xml
JJ131;142;1248;86v;Paris_AN_JJ_inventaire_Loire.xml
JJ131;152;1249;93;Paris_AN_JJ_inventaire_Loire.xml
JJ131;154;1250;94v;Paris_AN_JJ_inventaire_Loire.xml
JJ131;171;1251;108;Paris_AN_JJ_inventaire_Loire.xml
JJ131;177;1252;112;Paris_AN_JJ_inventaire_Loire.xml
JJ131;195;1253;126;Paris_AN_JJ_inventaire_Loire.xml
JJ131;196;1254;127v;Paris_AN_JJ_inventaire_Loire.xml
JJ131;203;1255;133v;Paris_AN_JJ_inventaire_Loire.xml
JJ131;209;1256;136;Paris_AN_JJ_inventaire_Loire.xml
JJ131;214;1257;139;Paris_AN_JJ_inventaire_Loire.xml
JJ131;221;1258;143v;Paris_AN_JJ_inventaire_Loire.xml
JJ132;12;1259;6;Paris_AN_JJ_inventaire_Loire.xml
JJ132;18;1260;9;Paris_AN_JJ_inventaire_Loire.xml
JJ132;47;1261;26;Paris_AN_JJ_inventaire_Loire.xml
JJ132;65;1262;37v;Paris_AN_JJ_inventaire_Loire.xml
JJ132;104;1263;58v;Paris_AN_JJ_inventaire_Loire.xml
JJ132;110;1264;61v;Paris_AN_JJ_inventaire_Loire.xml
JJ132;118;1265;65v;Paris_AN_JJ_inventaire_Loire.xml
JJ132;120;1266;66v;Paris_AN_JJ_inventaire_Loire.xml
JJ132;123;1267;68;Paris_AN_JJ_inventaire_Loire.xml
JJ132;135;1268;73;Paris_AN_JJ_inventaire_Loire.xml
JJ132;156;1269;86;Paris_AN_JJ_inventaire_Loire.xml
JJ132;168;1270;91v;Paris_AN_JJ_inventaire_Loire.xml
JJ132;170;1271;92;Paris_AN_JJ_inventaire_Loire.xml
JJ132;181;1272;97v;Paris_AN_JJ_inventaire_Loire.xml
JJ132;184;1273;99;Paris_AN_JJ_inventaire_Loire.xml
JJ132;193;1274;104;Paris_AN_JJ_inventaire_Loire.xml
JJ132;198;1275;106;Paris_AN_JJ_inventaire_Loire.xml
JJ132;203;1276;109;Paris_AN_JJ_inventaire_Loire.xml
JJ132;203bis;1277;109v;Paris_AN_JJ_inventaire_Loire.xml
JJ132;205;1278;110v;Paris_AN_JJ_inventaire_Loire.xml
JJ132;220;1279;118v;Paris_AN_JJ_inventaire_Loire.xml
JJ132;228;1280;122v;Paris_AN_JJ_inventaire_Loire.xml
JJ132;249;1281;131v;Paris_AN_JJ_inventaire_Loire.xml
JJ132;257;1282;135v;Paris_AN_JJ_inventaire_Loire.xml
JJ132;296;1283;157;Paris_AN_JJ_inventaire_Loire.xml
JJ132;305;1284;161;Paris_AN_JJ_inventaire_Loire.xml
JJ132;328;1285;174;Paris_AN_JJ_inventaire_Loire.xml
JJ132;332;1286;177;Paris_AN_JJ_inventaire_Loire.xml
JJ133;23;1287;12;Paris_AN_JJ_inventaire_Loire.xml
JJ133;45;1288;23;Paris_AN_JJ_inventaire_Loire.xml
JJ133;51;1289;25v;Paris_AN_JJ_inventaire_Loire.xml
JJ133;53;1290;26;Paris_AN_JJ_inventaire_Loire.xml
JJ133;61;1291;31;Paris_AN_JJ_inventaire_Loire.xml
JJ133;90;1292;49;Paris_AN_JJ_inventaire_Loire.xml
JJ133;118;1293;68v;Paris_AN_JJ_inventaire_Loire.xml
JJ133;216;1294;123;Paris_AN_JJ_inventaire_Loire.xml
JJ133;246;1295;142v;Paris_AN_JJ_inventaire_Loire.xml
JJ133;258;1296;148v;Paris_AN_JJ_inventaire_Loire.xml
JJ133;269;1297;153;Paris_AN_JJ_inventaire_Loire.xml
JJ135;16;1298;9;Paris_AN_JJ_inventaire_Loire.xml
JJ135;33;1299;17v;Paris_AN_JJ_inventaire_Loire.xml
JJ135;34;1300;17v;Paris_AN_JJ_inventaire_Loire.xml
JJ135;53;1301;29v;Paris_AN_JJ_inventaire_Loire.xml
JJ135;54;1302;30;Paris_AN_JJ_inventaire_Loire.xml
JJ135;95;1303;fol53;Paris_AN_JJ_inventaire_Loire.xml
JJ135;108;1304;60;Paris_AN_JJ_inventaire_Loire.xml
JJ135;114;1305;63;Paris_AN_JJ_inventaire_Loire.xml
JJ135;124;1306;71;Paris_AN_JJ_inventaire_Loire.xml
JJ135;137;1307;78;Paris_AN_JJ_inventaire_Loire.xml
JJ135;145;1308;83;Paris_AN_JJ_inventaire_Loire.xml
JJ135;150;1309;85;Paris_AN_JJ_inventaire_Loire.xml
JJ135;176;1310;97v;Paris_AN_JJ_inventaire_Loire.xml
JJ135;179;1311;99;Paris_AN_JJ_inventaire_Loire.xml
JJ135;244;1312;134v;Paris_AN_JJ_inventaire_Loire.xml
JJ135;246;1313;135v;Paris_AN_JJ_inventaire_Loire.xml
JJ135;248;1314;136v;Paris_AN_JJ_inventaire_Loire.xml
JJ135;251;1315;138;Paris_AN_JJ_inventaire_Loire.xml
JJ135;258;1316;141v;Paris_AN_JJ_inventaire_Loire.xml
JJ136;9;1317;5;Paris_AN_JJ_inventaire_Loire.xml
JJ136;18;1318;9v;Paris_AN_JJ_inventaire_Loire.xml
JJ136;37;1319;19;Paris_AN_JJ_inventaire_Loire.xml
JJ136;45;1320;25;Paris_AN_JJ_inventaire_Loire.xml
JJ136;68;1321;37;Paris_AN_JJ_inventaire_Loire.xml
JJ136;123;1322;68;Paris_AN_JJ_inventaire_Loire.xml
JJ136;128;1323;70;Paris_AN_JJ_inventaire_Loire.xml
JJ136;137;1324;74v;Paris_AN_JJ_inventaire_Loire.xml
JJ136;138;1325;75;Paris_AN_JJ_inventaire_Loire.xml
JJ136;139;1326;75v;Paris_AN_JJ_inventaire_Loire.xml
JJ136;164;1327;89;Paris_AN_JJ_inventaire_Loire.xml
JJ136;194;1328;104v;Paris_AN_JJ_inventaire_Loire.xml
JJ136;207;1329;111v;Paris_AN_JJ_inventaire_Loire.xml
JJ136;245;1330;143v;Paris_AN_JJ_inventaire_Loire.xml
JJ136;252;1331;155;Paris_AN_JJ_inventaire_Loire.xml
JJ136;259;1332;158v;Paris_AN_JJ_inventaire_Loire.xml
JJ136;267;1333;165;Paris_AN_JJ_inventaire_Loire.xml
JJ136;271;1334;168;Paris_AN_JJ_inventaire_Loire.xml
JJ136;276;1335;170;Paris_AN_JJ_inventaire_Loire.xml
JJ138;2;1336;1;Paris_AN_JJ_inventaire_Loire.xml
JJ138;5;1337;5;Paris_AN_JJ_inventaire_Loire.xml
JJ138;15;1338;16v;Paris_AN_JJ_inventaire_Loire.xml
JJ138;16;1339;17;Paris_AN_JJ_inventaire_Loire.xml
JJ138;18;1340;18v;Paris_AN_JJ_inventaire_Loire.xml
JJ138;23;1341;28v;Paris_AN_JJ_inventaire_Loire.xml
JJ138;85;1342;103;Paris_AN_JJ_inventaire_Loire.xml
JJ138;97;1343;115;Paris_AN_JJ_inventaire_Loire.xml
JJ138;106;1344;134v;Paris_AN_JJ_inventaire_Loire.xml
JJ138;121;1345;157;Paris_AN_JJ_inventaire_Loire.xml
JJ138;144;1346;182v;Paris_AN_JJ_inventaire_Loire.xml
JJ138;173;1347;209;Paris_AN_JJ_inventaire_Loire.xml
JJ138;175;1348;211;Paris_AN_JJ_inventaire_Loire.xml
JJ138;182;1349;219;Paris_AN_JJ_inventaire_Loire.xml
JJ138;192;1350;232v;Paris_AN_JJ_inventaire_Loire.xml
JJ138;201;1351;246v;Paris_AN_JJ_inventaire_Loire.xml
JJ138;212;1352;257;Paris_AN_JJ_inventaire_Loire.xml
JJ138;218;1353;261v;Paris_AN_JJ_inventaire_Loire.xml
JJ138;236;1354;289;Paris_AN_JJ_inventaire_Loire.xml
JJ198;1n°248;1355;301;Paris_AN_JJ_inventaire_Loire.xml
JJ138;289;1356;350v;Paris_AN_JJ_inventaire_Loire.xml
JJ139;12;1357;20;Paris_AN_JJ_inventaire_Loire.xml
JJ139;17;1358;26;Paris_AN_JJ_inventaire_Loire.xml
JJ139;23;1359;33;Paris_AN_JJ_inventaire_Loire.xml
JJ139;61;1360;71;Paris_AN_JJ_inventaire_Loire.xml
JJ139;78;1361;95;Paris_AN_JJ_inventaire_Loire.xml
JJ139;117;1362;134;Paris_AN_JJ_inventaire_Loire.xml
JJ139;142;1363;166;Paris_AN_JJ_inventaire_Loire.xml
JJ139;145;1364;168;Paris_AN_JJ_inventaire_Loire.xml
JJ139;149;1365;171;Paris_AN_JJ_inventaire_Loire.xml
JJ139;176;1366;207;Paris_AN_JJ_inventaire_Loire.xml
JJ139;179;1367;216;Paris_AN_JJ_inventaire_Loire.xml
JJ139;200;1368;237;Paris_AN_JJ_inventaire_Loire.xml
JJ139;238;1369;282;Paris_AN_JJ_inventaire_Loire.xml
JJ139;260;1370;316;Paris_AN_JJ_inventaire_Loire.xml
JJ139;271;1371;330;Paris_AN_JJ_inventaire_Loire.xml
JJ139;272;1372;331;Paris_AN_JJ_inventaire_Loire.xml
JJ140;29;1373;28;Paris_AN_JJ_inventaire_Loire.xml
JJ140;30;1374;29;Paris_AN_JJ_inventaire_Loire.xml
JJ140;35;1375;38v;Paris_AN_JJ_inventaire_Loire.xml
JJ140;52;1376;65;Paris_AN_JJ_inventaire_Loire.xml
JJ140;115;1377;151v;Paris_AN_JJ_inventaire_Loire.xml
JJ140;117;1378;152;Paris_AN_JJ_inventaire_Loire.xml
JJ140;118;1379;154;Paris_AN_JJ_inventaire_Loire.xml
JJ140;128;1380;166v;Paris_AN_JJ_inventaire_Loire.xml
JJ140;137;1381;175v;Paris_AN_JJ_inventaire_Loire.xml
JJ140;146;1382;182v;Paris_AN_JJ_inventaire_Loire.xml
JJ140;153;1383;191;Paris_AN_JJ_inventaire_Loire.xml
JJ140;159;1384;200;Paris_AN_JJ_inventaire_Loire.xml
JJ140;164;1385;204v;Paris_AN_JJ_inventaire_Loire.xml
JJ140;177;1386;208v;Paris_AN_JJ_inventaire_Loire.xml
JJ140;190;1387;222v;Paris_AN_JJ_inventaire_Loire.xml
JJ140;221;1388;252v;Paris_AN_JJ_inventaire_Loire.xml
JJ140;275;1389;324v;Paris_AN_JJ_inventaire_Loire.xml
JJ140;280;1390;330v;Paris_AN_JJ_inventaire_Loire.xml
JJ140;283;1391;332v;Paris_AN_JJ_inventaire_Loire.xml
JJ141;3;1392;3v;Paris_AN_JJ_inventaire_Loire.xml
JJ141;6;1393;4v;Paris_AN_JJ_inventaire_Loire.xml
JJ141;30;1394;17v;Paris_AN_JJ_inventaire_Loire.xml
JJ141;37;1395;23;Paris_AN_JJ_inventaire_Loire.xml
JJ141;47;1396;27v;Paris_AN_JJ_inventaire_Loire.xml
JJ141;55;1397;33;Paris_AN_JJ_inventaire_Loire.xml
JJ141;59;1398;34v;Paris_AN_JJ_inventaire_Loire.xml
JJ141;64;1399;38;Paris_AN_JJ_inventaire_Loire.xml
JJ141;73;1400;42v;Paris_AN_JJ_inventaire_Loire.xml
JJ141;87;1401;48v;Paris_AN_JJ_inventaire_Loire.xml
JJ141;105;1402;89;Paris_AN_JJ_inventaire_Loire.xml
JJ141;124;1403;69;Paris_AN_JJ_inventaire_Loire.xml
JJ141;137;1404;77;Paris_AN_JJ_inventaire_Loire.xml
JJ141;142;1405;81;Paris_AN_JJ_inventaire_Loire.xml
JJ141;181;1406;104v;Paris_AN_JJ_inventaire_Loire.xml
JJ141;191;1407;109v;Paris_AN_JJ_inventaire_Loire.xml
JJ141;228;1408;129v;Paris_AN_JJ_inventaire_Loire.xml
JJ141;231;1409;132;Paris_AN_JJ_inventaire_Loire.xml
JJ141;239;1410;139v;Paris_AN_JJ_inventaire_Loire.xml
JJ141;247;1411;144v;Paris_AN_JJ_inventaire_Loire.xml
JJ141;255;1412;149v;Paris_AN_JJ_inventaire_Loire.xml
JJ141;256;1413;149v;Paris_AN_JJ_inventaire_Loire.xml
JJ141;257;1414;150;Paris_AN_JJ_inventaire_Loire.xml
JJ141;258;1415;150v;Paris_AN_JJ_inventaire_Loire.xml
JJ141;259;1416;150v;Paris_AN_JJ_inventaire_Loire.xml
JJ141;261;1417;151v;Paris_AN_JJ_inventaire_Loire.xml
JJ141;262;1418;152;Paris_AN_JJ_inventaire_Loire.xml
JJ141;265;1419;153v;Paris_AN_JJ_inventaire_Loire.xml
JJ141;267;1420;154v;Paris_AN_JJ_inventaire_Loire.xml
JJ141;269;1421;157;Paris_AN_JJ_inventaire_Loire.xml
JJ141;270;1422;157v;Paris_AN_JJ_inventaire_Loire.xml
JJ141;272;1423;158v;Paris_AN_JJ_inventaire_Loire.xml
JJ141;273;1424;158v;Paris_AN_JJ_inventaire_Loire.xml
JJ141;275;1425;159v;Paris_AN_JJ_inventaire_Loire.xml
JJ141;278;1426;160;Paris_AN_JJ_inventaire_Loire.xml
JJ141;281;1427;162;Paris_AN_JJ_inventaire_Loire.xml
JJ141;295;1428;168v;Paris_AN_JJ_inventaire_Loire.xml
JJ141;297;1429;170;Paris_AN_JJ_inventaire_Loire.xml
JJ141;302;1430;172;Paris_AN_JJ_inventaire_Loire.xml
JJ141;305;1431;173;Paris_AN_JJ_inventaire_Loire.xml
JJ142;14;1432;7;Paris_AN_JJ_inventaire_Loire.xml
JJ142;40;1433;25v;Paris_AN_JJ_inventaire_Loire.xml
JJ142;60;1434;36v;Paris_AN_JJ_inventaire_Loire.xml
JJ142;66;1435;39v;Paris_AN_JJ_inventaire_Loire.xml
JJ142;69;1436;45v;Paris_AN_JJ_inventaire_Loire.xml
JJ142;72;1437;49;Paris_AN_JJ_inventaire_Loire.xml
JJ142;96;1438;63v;Paris_AN_JJ_inventaire_Loire.xml
JJ142;158;1439;95v;Paris_AN_JJ_inventaire_Loire.xml
JJ142;164;1440;99v;Paris_AN_JJ_inventaire_Loire.xml
JJ142;219;1441;126v;Paris_AN_JJ_inventaire_Loire.xml
JJ142;237;1442;135v;Paris_AN_JJ_inventaire_Loire.xml
JJ142;251;1443;142;Paris_AN_JJ_inventaire_Loire.xml
JJ142;257;1444;144v;Paris_AN_JJ_inventaire_Loire.xml
JJ142;275;1445;155v;Paris_AN_JJ_inventaire_Loire.xml
JJ142;304;1446;171;Paris_AN_JJ_inventaire_Loire.xml
JJ142;316;1447;177;Paris_AN_JJ_inventaire_Loire.xml
JJ142;327;1448;183v;Paris_AN_JJ_inventaire_Loire.xml
JJ143;14;1449;8;Paris_AN_JJ_inventaire_Loire.xml
JJ143;15;1450;9;Paris_AN_JJ_inventaire_Loire.xml
JJ143;16;1451;10v;Paris_AN_JJ_inventaire_Loire.xml
JJ143;23;1452;13v;Paris_AN_JJ_inventaire_Loire.xml
JJ143;24;1453;14v;Paris_AN_JJ_inventaire_Loire.xml
JJ143;27;1454;16;Paris_AN_JJ_inventaire_Loire.xml
JJ143;29;1455;17v;Paris_AN_JJ_inventaire_Loire.xml
JJ143;40;1456;23;Paris_AN_JJ_inventaire_Loire.xml
JJ143;45;1457;25v;Paris_AN_JJ_inventaire_Loire.xml
JJ143;63;1458;34;Paris_AN_JJ_inventaire_Loire.xml
JJ143;67;1459;35v;Paris_AN_JJ_inventaire_Loire.xml
JJ143;77;1460;41;Paris_AN_JJ_inventaire_Loire.xml
JJ143;79;1461;43;Paris_AN_JJ_inventaire_Loire.xml
JJ143;93;1462;51;Paris_AN_JJ_inventaire_Loire.xml
JJ143;103;1463;55;Paris_AN_JJ_inventaire_Loire.xml
JJ143;105;1464;56;Paris_AN_JJ_inventaire_Loire.xml
JJ143;110;1465;57v;Paris_AN_JJ_inventaire_Loire.xml
JJ143;123;1466;64v;Paris_AN_JJ_inventaire_Loire.xml
JJ143;140;1467;74;Paris_AN_JJ_inventaire_Loire.xml
JJ143;145;1468;77;Paris_AN_JJ_inventaire_Loire.xml
JJ143;154;1469;81;Paris_AN_JJ_inventaire_Loire.xml
JJ143;156;1470;81v;Paris_AN_JJ_inventaire_Loire.xml
JJ143;163;1471;84;Paris_AN_JJ_inventaire_Loire.xml
JJ143;170;1472;88v;Paris_AN_JJ_inventaire_Loire.xml
JJ143;171;1473;89;Paris_AN_JJ_inventaire_Loire.xml
JJ143;187;1474;99v;Paris_AN_JJ_inventaire_Loire.xml
JJ143;190;1475;101;Paris_AN_JJ_inventaire_Loire.xml
JJ143;191;1476;101v;Paris_AN_JJ_inventaire_Loire.xml
JJ143;194;1477;105;Paris_AN_JJ_inventaire_Loire.xml
JJ143;215;1478;113v;Paris_AN_JJ_inventaire_Loire.xml
JJ143;224;1479;117v;Paris_AN_JJ_inventaire_Loire.xml
JJ143;263;1480;142;Paris_AN_JJ_inventaire_Loire.xml
JJ143;265;1481;143;Paris_AN_JJ_inventaire_Loire.xml
JJ143;274;1482;149v;Paris_AN_JJ_inventaire_Loire.xml
JJ143;275;1483;150;Paris_AN_JJ_inventaire_Loire.xml
JJ143;278;1484;151v;Paris_AN_JJ_inventaire_Loire.xml
JJ143;279;1485;152v;Paris_AN_JJ_inventaire_Loire.xml
JJ143;285;1486;157;Paris_AN_JJ_inventaire_Loire.xml
JJ143;290;1487;161;Paris_AN_JJ_inventaire_Loire.xml
JJ143;318;1488;177;Paris_AN_JJ_inventaire_Loire.xml
JJ144;31;1489;14;Paris_AN_JJ_inventaire_Loire.xml
JJ144;32;1490;14v;Paris_AN_JJ_inventaire_Loire.xml
JJ144;35;1491;16;Paris_AN_JJ_inventaire_Loire.xml
JJ144;41;1492;19;Paris_AN_JJ_inventaire_Loire.xml
JJ144;44;1493;20v;Paris_AN_JJ_inventaire_Loire.xml
JJ144;76;1494;99;Paris_AN_JJ_inventaire_Loire.xml
JJ144;88;1495;50;Paris_AN_JJ_inventaire_Loire.xml
JJ144;93;1496;52v;Paris_AN_JJ_inventaire_Loire.xml
JJ144;105;1497;50;Paris_AN_JJ_inventaire_Loire.xml
JJ144;122;1498;68;Paris_AN_JJ_inventaire_Loire.xml
JJ144;150;1499;82;Paris_AN_JJ_inventaire_Loire.xml
JJ144;170;1500;94v;Paris_AN_JJ_inventaire_Loire.xml
JJ144;185;1501;103;Paris_AN_JJ_inventaire_Loire.xml
JJ144;189;1502;105;Paris_AN_JJ_inventaire_Loire.xml
JJ144;221;1503;125v;Paris_AN_JJ_inventaire_Loire.xml
JJ144;246;1504;143;Paris_AN_JJ_inventaire_Loire.xml
JJ144;288;1505;169v;Paris_AN_JJ_inventaire_Loire.xml
JJ144;290;1506;170;Paris_AN_JJ_inventaire_Loire.xml
JJ144;300;1507;176;Paris_AN_JJ_inventaire_Loire.xml
JJ144;330;1508;154;Paris_AN_JJ_inventaire_Loire.xml
JJ144;339;1509;201;Paris_AN_JJ_inventaire_Loire.xml
JJ144;342;1510;202;Paris_AN_JJ_inventaire_Loire.xml
JJ144;349;1511;208;Paris_AN_JJ_inventaire_Loire.xml
JJ144;354;1512;211;Paris_AN_JJ_inventaire_Loire.xml
JJ144;387;1513;226;Paris_AN_JJ_inventaire_Loire.xml
JJ144;388;1514;226v;Paris_AN_JJ_inventaire_Loire.xml
JJ144;481;1515;275v;Paris_AN_JJ_inventaire_Loire.xml
JJ144;488;1516;280;Paris_AN_JJ_inventaire_Loire.xml
JJ145;3;1517;1v;Paris_AN_JJ_inventaire_Loire.xml
JJ145;22;1518;9v;Paris_AN_JJ_inventaire_Loire.xml
JJ145;24;1519;10v;Paris_AN_JJ_inventaire_Loire.xml
JJ145;46;1520;22;Paris_AN_JJ_inventaire_Loire.xml
JJ145;57;1521;27v;Paris_AN_JJ_inventaire_Loire.xml
JJ145;64;1522;30;Paris_AN_JJ_inventaire_Loire.xml
JJ145;66;1523;31;Paris_AN_JJ_inventaire_Loire.xml
JJ145;67;1524;31v;Paris_AN_JJ_inventaire_Loire.xml
JJ145;68;1525;31v;Paris_AN_JJ_inventaire_Loire.xml
JJ145;78;1526;35v;Paris_AN_JJ_inventaire_Loire.xml
JJ145;88;1527;39v;Paris_AN_JJ_inventaire_Loire.xml
JJ145;89;1528;40;Paris_AN_JJ_inventaire_Loire.xml
JJ145;92;1529;41v;Paris_AN_JJ_inventaire_Loire.xml
JJ145;106;1530;46;Paris_AN_JJ_inventaire_Loire.xml
JJ145;109;1531;47v;Paris_AN_JJ_inventaire_Loire.xml
JJ145;116;1532;50v;Paris_AN_JJ_inventaire_Loire.xml
JJ145;135;1533;58v;Paris_AN_JJ_inventaire_Loire.xml
JJ145;149;1534;63v;Paris_AN_JJ_inventaire_Loire.xml
JJ145;151;1535;64v;Paris_AN_JJ_inventaire_Loire.xml
JJ145;153;1536;65;Paris_AN_JJ_inventaire_Loire.xml
JJ145;163;1537;69v;Paris_AN_JJ_inventaire_Loire.xml
JJ145;171;1538;72v;Paris_AN_JJ_inventaire_Loire.xml
JJ145;184;1539;78v;Paris_AN_JJ_inventaire_Loire.xml
JJ145;212;1540;92v;Paris_AN_JJ_inventaire_Loire.xml
JJ145;233;1541;101v;Paris_AN_JJ_inventaire_Loire.xml
JJ145;238;1542;107;Paris_AN_JJ_inventaire_Loire.xml
JJ145;243;1543;107;Paris_AN_JJ_inventaire_Loire.xml
JJ145;245;1544;107v;Paris_AN_JJ_inventaire_Loire.xml
JJ145;259;1545;113v;Paris_AN_JJ_inventaire_Loire.xml
JJ145;261;1546;144;Paris_AN_JJ_inventaire_Loire.xml
JJ145;263;1547;115;Paris_AN_JJ_inventaire_Loire.xml
JJ145;276;1548;120v;Paris_AN_JJ_inventaire_Loire.xml
JJ145;282;1549;123;Paris_AN_JJ_inventaire_Loire.xml
JJ145;284;1550;124;Paris_AN_JJ_inventaire_Loire.xml
JJ145;294;1551;128v;Paris_AN_JJ_inventaire_Loire.xml
JJ145;300;1552;130;Paris_AN_JJ_inventaire_Loire.xml
JJ145;309;1553;134;Paris_AN_JJ_inventaire_Loire.xml
JJ145;321;1554;139v;Paris_AN_JJ_inventaire_Loire.xml
JJ145;338;1555;147v;Paris_AN_JJ_inventaire_Loire.xml
JJ145;351;1556;151v;Paris_AN_JJ_inventaire_Loire.xml
JJ145;396;1557;172v;Paris_AN_JJ_inventaire_Loire.xml
JJ145;413;1558;180;Paris_AN_JJ_inventaire_Loire.xml
JJ145;414;1559;180v;Paris_AN_JJ_inventaire_Loire.xml
JJ145;423bis;1560;188;Paris_AN_JJ_inventaire_Loire.xml
JJ145;442;1561;200;Paris_AN_JJ_inventaire_Loire.xml
JJ145;449;1562;206v;Paris_AN_JJ_inventaire_Loire.xml
JJ145;474;1563;217;Paris_AN_JJ_inventaire_Loire.xml
JJ145;487;1564;224v;Paris_AN_JJ_inventaire_Loire.xml
JJ145;530;1565;230;Paris_AN_JJ_inventaire_Loire.xml
JJ145;540;1566;254;Paris_AN_JJ_inventaire_Loire.xml
JJ146;13;1567;16v;Paris_AN_JJ_inventaire_Loire.xml
JJ146;15;1568;7;Paris_AN_JJ_inventaire_Loire.xml
JJ146;16;1569;7v;Paris_AN_JJ_inventaire_Loire.xml
JJ146;17;1570;7v;Paris_AN_JJ_inventaire_Loire.xml
JJ146;18;1571;7v;Paris_AN_JJ_inventaire_Loire.xml
JJ146;19;1572;7v;Paris_AN_JJ_inventaire_Loire.xml
JJ146;20;1573;7v;Paris_AN_JJ_inventaire_Loire.xml
JJ146;21;1574;7v;Paris_AN_JJ_inventaire_Loire.xml
JJ146;24;1575;9v;Paris_AN_JJ_inventaire_Loire.xml
JJ146;47;1576;20;Paris_AN_JJ_inventaire_Loire.xml
JJ146;122;1577;59v;Paris_AN_JJ_inventaire_Loire.xml
JJ146;124;1578;60v;Paris_AN_JJ_inventaire_Loire.xml
JJ146;140;1579;72;Paris_AN_JJ_inventaire_Loire.xml
JJ146;154;1580;79v;Paris_AN_JJ_inventaire_Loire.xml
JJ146;159;1581;82;Paris_AN_JJ_inventaire_Loire.xml
JJ146;160;1582;82v;Paris_AN_JJ_inventaire_Loire.xml
JJ146;170;1583;88v;Paris_AN_JJ_inventaire_Loire.xml
JJ146;177;1584;94;Paris_AN_JJ_inventaire_Loire.xml
JJ146;190;1585;100;Paris_AN_JJ_inventaire_Loire.xml
JJ146;206;1586;107;Paris_AN_JJ_inventaire_Loire.xml
JJ146;229;1587;119v;Paris_AN_JJ_inventaire_Loire.xml
JJ146;234;1588;122v;Paris_AN_JJ_inventaire_Loire.xml
JJ146;239;1589;128;Paris_AN_JJ_inventaire_Loire.xml
JJ146;242;1590;129v;Paris_AN_JJ_inventaire_Loire.xml
JJ146;252;1591;134v;Paris_AN_JJ_inventaire_Loire.xml
JJ146;256;1592;136;Paris_AN_JJ_inventaire_Loire.xml
JJ146;258;1593;137;Paris_AN_JJ_inventaire_Loire.xml
JJ146;262;1594;139;Paris_AN_JJ_inventaire_Loire.xml
JJ146;272;1595;143v;Paris_AN_JJ_inventaire_Loire.xml
JJ146;275;1596;145v;Paris_AN_JJ_inventaire_Loire.xml
JJ146;280;1597;147v;Paris_AN_JJ_inventaire_Loire.xml
JJ146;294;1598;154;Paris_AN_JJ_inventaire_Loire.xml
JJ146;300;1599;159v;Paris_AN_JJ_inventaire_Loire.xml
JJ146;356;1600;195;Paris_AN_JJ_inventaire_Loire.xml
JJ146;367;1601;100;Paris_AN_JJ_inventaire_Loire.xml
JJ146;369;1602;100v;Paris_AN_JJ_inventaire_Loire.xml
JJ146;396;1603;212;Paris_AN_JJ_inventaire_Loire.xml
JJ147;43;1604;21v;Paris_AN_JJ_inventaire_Loire.xml
JJ147;45;1605;23;Paris_AN_JJ_inventaire_Loire.xml
JJ147;57;1606;29;Paris_AN_JJ_inventaire_Loire.xml
JJ147;58;1607;29;Paris_AN_JJ_inventaire_Loire.xml
JJ147;69;1608;34;Paris_AN_JJ_inventaire_Loire.xml
JJ147;71;1609;34v;Paris_AN_JJ_inventaire_Loire.xml
JJ147;90;1610;43;Paris_AN_JJ_inventaire_Loire.xml
JJ147;99;1611;46v;Paris_AN_JJ_inventaire_Loire.xml
JJ147;101;1612;47v;Paris_AN_JJ_inventaire_Loire.xml
JJ147;125;1613;57;Paris_AN_JJ_inventaire_Loire.xml
JJ147;146;1614;67v;Paris_AN_JJ_inventaire_Loire.xml
JJ147;162;1615;76;Paris_AN_JJ_inventaire_Loire.xml
JJ147;173;1616;81;Paris_AN_JJ_inventaire_Loire.xml
JJ147;193;1617;91;Paris_AN_JJ_inventaire_Loire.xml
JJ147;194;1618;91v;Paris_AN_JJ_inventaire_Loire.xml
JJ147;197;1619;92v;Paris_AN_JJ_inventaire_Loire.xml
JJ147;216;1620;fol,100v;Paris_AN_JJ_inventaire_Loire.xml
JJ147;222;1621;77v;Paris_AN_JJ_inventaire_Loire.xml
JJ147;243;1621bis;111;Paris_AN_JJ_inventaire_Loire.xml
JJ147;243;1622;111;Paris_AN_JJ_inventaire_Loire.xml
JJ147;254;1623;121;Paris_AN_JJ_inventaire_Loire.xml
JJ147;258;1624;123;Paris_AN_JJ_inventaire_Loire.xml
JJ147;299;1625;135;Paris_AN_JJ_inventaire_Loire.xml
JJ148;13;1626;8;Paris_AN_JJ_inventaire_Loire.xml
JJ148;14;1627;8;Paris_AN_JJ_inventaire_Loire.xml
JJ148;43;1628;23;Paris_AN_JJ_inventaire_Loire.xml
JJ148;46;1629;25;Paris_AN_JJ_inventaire_Loire.xml
JJ148;53;1630;30;Paris_AN_JJ_inventaire_Loire.xml
JJ148;77;1631;46;Paris_AN_JJ_inventaire_Loire.xml
JJ148;84;1632;52;Paris_AN_JJ_inventaire_Loire.xml
JJ148;89;1633;54;Paris_AN_JJ_inventaire_Loire.xml
JJ148;92;1634;55v;Paris_AN_JJ_inventaire_Loire.xml
JJ148;119;1635;69;Paris_AN_JJ_inventaire_Loire.xml
JJ148;166;1636;89;Paris_AN_JJ_inventaire_Loire.xml
JJ148;172;1637;91;Paris_AN_JJ_inventaire_Loire.xml
JJ148;189;1638;98;Paris_AN_JJ_inventaire_Loire.xml
JJ148;193;1639;100;Paris_AN_JJ_inventaire_Loire.xml
JJ148;198;1640;102;Paris_AN_JJ_inventaire_Loire.xml
JJ148;206;1641;105;Paris_AN_JJ_inventaire_Loire.xml
JJ148;218;1642;110;Paris_AN_JJ_inventaire_Loire.xml
JJ148;225;1643;115;Paris_AN_JJ_inventaire_Loire.xml
JJ148;231;1644;118;Paris_AN_JJ_inventaire_Loire.xml
JJ148;238;1645;121;Paris_AN_JJ_inventaire_Loire.xml
JJ148;261;1646;131v;Paris_AN_JJ_inventaire_Loire.xml
JJ148;262;1647;132;Paris_AN_JJ_inventaire_Loire.xml
JJ148;263;1648;132;Paris_AN_JJ_inventaire_Loire.xml
JJ148;264;1649;132;Paris_AN_JJ_inventaire_Loire.xml
JJ148;309;1650;159;Paris_AN_JJ_inventaire_Loire.xml
JJ148;319;1651;163;Paris_AN_JJ_inventaire_Loire.xml
JJ148;328;1652;168;Paris_AN_JJ_inventaire_Loire.xml
JJ149;8;1653;4;Paris_AN_JJ_inventaire_Loire.xml
JJ149;17;1654;7;Paris_AN_JJ_inventaire_Loire.xml
JJ149;34;1655;13v;Paris_AN_JJ_inventaire_Loire.xml
JJ149;36;1656;14v;Paris_AN_JJ_inventaire_Loire.xml
JJ149;39;1657;15v;Paris_AN_JJ_inventaire_Loire.xml
JJ149;47;1658;38;Paris_AN_JJ_inventaire_Loire.xml
JJ149;48;1659;38v;Paris_AN_JJ_inventaire_Loire.xml
JJ149;69;1660;52v;Paris_AN_JJ_inventaire_Loire.xml
JJ149;90;1661;62;Paris_AN_JJ_inventaire_Loire.xml
JJ149;105;1662;68;Paris_AN_JJ_inventaire_Loire.xml
JJ149;161;1663;91v;Paris_AN_JJ_inventaire_Loire.xml
JJ149;162;1664;92;Paris_AN_JJ_inventaire_Loire.xml
JJ149;173;1665;96v;Paris_AN_JJ_inventaire_Loire.xml
JJ149;201;1666;108v;Paris_AN_JJ_inventaire_Loire.xml
JJ149;249;1667;127v;Paris_AN_JJ_inventaire_Loire.xml
JJ149;271;1668;134;Paris_AN_JJ_inventaire_Loire.xml
JJ149;280;1669;140;Paris_AN_JJ_inventaire_Loire.xml
JJ149;325;1670;165;Paris_AN_JJ_inventaire_Loire.xml
JJ150;23;1671;13v;Paris_AN_JJ_inventaire_Loire.xml
JJ150;27;1672;14v;Paris_AN_JJ_inventaire_Loire.xml
JJ150;34;1673;17v;Paris_AN_JJ_inventaire_Loire.xml
JJ150;51;1674;27;Paris_AN_JJ_inventaire_Loire.xml
JJ150;63;1675;33;Paris_AN_JJ_inventaire_Loire.xml
JJ150;85;1676;48;Paris_AN_JJ_inventaire_Loire.xml
JJ150;112;1677;58;Paris_AN_JJ_inventaire_Loire.xml
JJ150;201;1678;99;Paris_AN_JJ_inventaire_Loire.xml
JJ150;220;1679;106v;Paris_AN_JJ_inventaire_Loire.xml
JJ150;235;1680;113v;Paris_AN_JJ_inventaire_Loire.xml
JJ150;238;1681;115;Paris_AN_JJ_inventaire_Loire.xml
JJ150;239;1682;115v;Paris_AN_JJ_inventaire_Loire.xml
JJ150;289;1683;142v;Paris_AN_JJ_inventaire_Loire.xml
JJ150;299;1684;144;Paris_AN_JJ_inventaire_Loire.xml
JJ150;300;1685;144v;Paris_AN_JJ_inventaire_Loire.xml
JJ150;310;1686;147v;Paris_AN_JJ_inventaire_Loire.xml
JJ150;387;1687;183v;Paris_AN_JJ_inventaire_Loire.xml
JJ151;8;1688;3v;Paris_AN_JJ_inventaire_Loire.xml
JJ151;11;1689;4v;Paris_AN_JJ_inventaire_Loire.xml
JJ151;14;1690;5;Paris_AN_JJ_inventaire_Loire.xml
JJ151;16;1691;6v;Paris_AN_JJ_inventaire_Loire.xml
JJ151;20;1692;8;Paris_AN_JJ_inventaire_Loire.xml
JJ151;27;1693;11;Paris_AN_JJ_inventaire_Loire.xml
JJ151;32;1694;13v;Paris_AN_JJ_inventaire_Loire.xml
JJ151;34;1695;14v;Paris_AN_JJ_inventaire_Loire.xml
JJ151;40;1696;19;Paris_AN_JJ_inventaire_Loire.xml
JJ151;64;1697;31v;Paris_AN_JJ_inventaire_Loire.xml
JJ151;65;1698;30v;Paris_AN_JJ_inventaire_Loire.xml
JJ151;119;1699;56;Paris_AN_JJ_inventaire_Loire.xml
JJ151;144;1700;67;Paris_AN_JJ_inventaire_Loire.xml
JJ151;160;1701;74v;Paris_AN_JJ_inventaire_Loire.xml
JJ151;165;1702;76v;Paris_AN_JJ_inventaire_Loire.xml
JJ151;177;1703;82v;Paris_AN_JJ_inventaire_Loire.xml
JJ151;229;1704;112v;Paris_AN_JJ_inventaire_Loire.xml
JJ151;239;1705;118;Paris_AN_JJ_inventaire_Loire.xml
JJ151;251;1706;124;Paris_AN_JJ_inventaire_Loire.xml
JJ151;252;1707;124v;Paris_AN_JJ_inventaire_Loire.xml
JJ151;271;1708;133v;Paris_AN_JJ_inventaire_Loire.xml
JJ151;274;1709;135;Paris_AN_JJ_inventaire_Loire.xml
JJ151;292;1710;143v;Paris_AN_JJ_inventaire_Loire.xml
JJ151;297;1711;146v;Paris_AN_JJ_inventaire_Loire.xml
JJ151;313;1712;155;Paris_AN_JJ_inventaire_Loire.xml
JJ151;327;1713;163v;Paris_AN_JJ_inventaire_Loire.xml
JJ151;346;1714;173;Paris_AN_JJ_inventaire_Loire.xml
JJ152;4;1715;2;Paris_AN_JJ_inventaire_Loire.xml
JJ152;5;1716;4;Paris_AN_JJ_inventaire_Loire.xml
JJ152;55;1717;31;Paris_AN_JJ_inventaire_Loire.xml
JJ152;77;1718;44v;Paris_AN_JJ_inventaire_Loire.xml
JJ152;98;1719;56;Paris_AN_JJ_inventaire_Loire.xml
JJ152;116;1720;67;Paris_AN_JJ_inventaire_Loire.xml
JJ152;130;1721;75;Paris_AN_JJ_inventaire_Loire.xml
JJ152;170;1722;95;Paris_AN_JJ_inventaire_Loire.xml
JJ152;218;1723;123;Paris_AN_JJ_inventaire_Loire.xml
JJ152;220;1724;124;Paris_AN_JJ_inventaire_Loire.xml
JJ152;254;1725;142v;Paris_AN_JJ_inventaire_Loire.xml
JJ152;276;1726;153v;Paris_AN_JJ_inventaire_Loire.xml
JJ152;296;1727;162;Paris_AN_JJ_inventaire_Loire.xml
JJ152;302;1728;166v;Paris_AN_JJ_inventaire_Loire.xml
JJ152;309;1729;171v;Paris_AN_JJ_inventaire_Loire.xml
JJ152;314;1730;176;Paris_AN_JJ_inventaire_Loire.xml
JJ152;315;1731;176v;Paris_AN_JJ_inventaire_Loire.xml
JJ152;335;1732;186;Paris_AN_JJ_inventaire_Loire.xml
JJ153;14;1733;6v;Paris_AN_JJ_inventaire_Loire.xml
JJ153;25;1734;12;Paris_AN_JJ_inventaire_Loire.xml
JJ153;26;1735;12v;Paris_AN_JJ_inventaire_Loire.xml
JJ153;37;1736;18v;Paris_AN_JJ_inventaire_Loire.xml
JJ153;55;1737;27;Paris_AN_JJ_inventaire_Loire.xml
JJ153;91;1738;44v;Paris_AN_JJ_inventaire_Loire.xml
JJ153;96;1739;47;Paris_AN_JJ_inventaire_Loire.xml
JJ153;103;1740;50;Paris_AN_JJ_inventaire_Loire.xml
JJ153;104;1741;50v;Paris_AN_JJ_inventaire_Loire.xml
JJ153;109;1742;53;Paris_AN_JJ_inventaire_Loire.xml
JJ153;125;1743;60v;Paris_AN_JJ_inventaire_Loire.xml
JJ153;128;1744;62;Paris_AN_JJ_inventaire_Loire.xml
JJ153;185;1745;116v;Paris_AN_JJ_inventaire_Loire.xml
JJ153;189;1746;119;Paris_AN_JJ_inventaire_Loire.xml
JJ153;198;1747;124;Paris_AN_JJ_inventaire_Loire.xml
JJ153;203;1748;128;Paris_AN_JJ_inventaire_Loire.xml
JJ153;211;1749;133;Paris_AN_JJ_inventaire_Loire.xml
JJ153;219;1750;138v;Paris_AN_JJ_inventaire_Loire.xml
JJ153;223;1751;143;Paris_AN_JJ_inventaire_Loire.xml
JJ153;225;1752;144;Paris_AN_JJ_inventaire_Loire.xml
JJ153;253;1753;168v;Paris_AN_JJ_inventaire_Loire.xml
JJ153;254;1754;169v;Paris_AN_JJ_inventaire_Loire.xml
JJ153;276;1755;180v;Paris_AN_JJ_inventaire_Loire.xml
JJ153;301;1756;195;Paris_AN_JJ_inventaire_Loire.xml
JJ153;305;1757;197v;Paris_AN_JJ_inventaire_Loire.xml
JJ153;312;1758;214;Paris_AN_JJ_inventaire_Loire.xml
JJ153;319;1759;218v;Paris_AN_JJ_inventaire_Loire.xml
JJ153;360;1760;248;Paris_AN_JJ_inventaire_Loire.xml
JJ153;336;1761;230;Paris_AN_JJ_inventaire_Loire.xml
JJ153;363;1762;249;Paris_AN_JJ_inventaire_Loire.xml
JJ153;376;1763;256v;Paris_AN_JJ_inventaire_Loire.xml
JJ153;382;1764;260;Paris_AN_JJ_inventaire_Loire.xml
JJ153;388;1765;263v;Paris_AN_JJ_inventaire_Loire.xml
JJ153;397;1766;268v;Paris_AN_JJ_inventaire_Loire.xml
JJ153;410;1767;276v;Paris_AN_JJ_inventaire_Loire.xml
JJ153;416;1768;280;Paris_AN_JJ_inventaire_Loire.xml
JJ153;426;1769;286;Paris_AN_JJ_inventaire_Loire.xml
JJ153;430;1770;288;Paris_AN_JJ_inventaire_Loire.xml
JJ153;434;1771;290v;Paris_AN_JJ_inventaire_Loire.xml
JJ153;436;1772;294;Paris_AN_JJ_inventaire_Loire.xml
JJ153;436bis;1773;foL294;Paris_AN_JJ_inventaire_Loire.xml
JJ153;439;1774;295v;Paris_AN_JJ_inventaire_Loire.xml
JJ153;440;1775;296;Paris_AN_JJ_inventaire_Loire.xml
JJ153;454;1776;304;Paris_AN_JJ_inventaire_Loire.xml
JJ153;462;1777;307bisv;Paris_AN_JJ_inventaire_Loire.xml
JJ153;486;1778;321v;Paris_AN_JJ_inventaire_Loire.xml
JJ153;509;1779;338;Paris_AN_JJ_inventaire_Loire.xml
JJ153;538;1780;354;Paris_AN_JJ_inventaire_Loire.xml
JJ153;541;1781;357;Paris_AN_JJ_inventaire_Loire.xml
JJ154;8;1782;5;Paris_AN_JJ_inventaire_Loire.xml
JJ154;51;1783;27v;Paris_AN_JJ_inventaire_Loire.xml
JJ154;59;1784;31;Paris_AN_JJ_inventaire_Loire.xml
JJ154;62;1785;32v;Paris_AN_JJ_inventaire_Loire.xml
JJ154;65;1786;34v;Paris_AN_JJ_inventaire_Loire.xml
JJ154;81;1787;41;Paris_AN_JJ_inventaire_Loire.xml
JJ154;125;1788;66v;Paris_AN_JJ_inventaire_Loire.xml
JJ154;134;1789;71v;Paris_AN_JJ_inventaire_Loire.xml
JJ154;147;1790;87;Paris_AN_JJ_inventaire_Loire.xml
JJ154;154;1791;93;Paris_AN_JJ_inventaire_Loire.xml
JJ154;158;1792;95;Paris_AN_JJ_inventaire_Loire.xml
JJ154;163;1793;97;Paris_AN_JJ_inventaire_Loire.xml
JJ154;176;1794;105;Paris_AN_JJ_inventaire_Loire.xml
JJ154;181;1795;111v;Paris_AN_JJ_inventaire_Loire.xml
JJ154;197;1796;120;Paris_AN_JJ_inventaire_Loire.xml
JJ154;210;1797;130v;Paris_AN_JJ_inventaire_Loire.xml
JJ154;217;1798;134;Paris_AN_JJ_inventaire_Loire.xml
JJ154;222;1799;139v;Paris_AN_JJ_inventaire_Loire.xml
JJ154;251;1800;156v;Paris_AN_JJ_inventaire_Loire.xml
JJ154;261;1801;162v;Paris_AN_JJ_inventaire_Loire.xml
JJ154;269;1802;166;Paris_AN_JJ_inventaire_Loire.xml
JJ154;278;1803;171v;Paris_AN_JJ_inventaire_Loire.xml
JJ154;281;1804;173v;Paris_AN_JJ_inventaire_Loire.xml
JJ154;291;1805;179;Paris_AN_JJ_inventaire_Loire.xml
JJ154;297;1806;182v;Paris_AN_JJ_inventaire_Loire.xml
JJ154;297bis;1807;183;Paris_AN_JJ_inventaire_Loire.xml
JJ154;299;1808;183v;Paris_AN_JJ_inventaire_Loire.xml
JJ154;320;1809;196;Paris_AN_JJ_inventaire_Loire.xml
JJ154;321;1810;196v;Paris_AN_JJ_inventaire_Loire.xml
JJ154;232bis;1811;203v;Paris_AN_JJ_inventaire_Loire.xml
JJ154;345;1812;211v;Paris_AN_JJ_inventaire_Loire.xml
JJ154;391;1813;229v;Paris_AN_JJ_inventaire_Loire.xml
JJ154;405;1814;235;Paris_AN_JJ_inventaire_Loire.xml
JJ154;414;1815;241v;Paris_AN_JJ_inventaire_Loire.xml
JJ154;416;1816;244;Paris_AN_JJ_inventaire_Loire.xml
JJ154;421;1817;246;Paris_AN_JJ_inventaire_Loire.xml
JJ154;434;1818;252v;Paris_AN_JJ_inventaire_Loire.xml
JJ154;435;1819;253;Paris_AN_JJ_inventaire_Loire.xml
JJ154;444;1820;257v;Paris_AN_JJ_inventaire_Loire.xml
JJ154;461;1821;265;Paris_AN_JJ_inventaire_Loire.xml
JJ154;476;1822;275;Paris_AN_JJ_inventaire_Loire.xml
JJ154;484;1823;279;Paris_AN_JJ_inventaire_Loire.xml
JJ154;485;1824;279v;Paris_AN_JJ_inventaire_Loire.xml
JJ154;489;1825;281v;Paris_AN_JJ_inventaire_Loire.xml
JJ154;502;1826;287;Paris_AN_JJ_inventaire_Loire.xml
JJ154;509;1827;291v;Paris_AN_JJ_inventaire_Loire.xml
JJ154;517;1828;296v;Paris_AN_JJ_inventaire_Loire.xml
JJ154;519;1829;297v;Paris_AN_JJ_inventaire_Loire.xml
JJ154;520;1830;298;Paris_AN_JJ_inventaire_Loire.xml
JJ154;521;1831;298;Paris_AN_JJ_inventaire_Loire.xml
JJ154;524;1832;299v;Paris_AN_JJ_inventaire_Loire.xml
JJ154;529;1833;302;Paris_AN_JJ_inventaire_Loire.xml
JJ154;534;1834;305;Paris_AN_JJ_inventaire_Loire.xml
JJ154;539;1835;306v;Paris_AN_JJ_inventaire_Loire.xml
JJ154;600;1836;337;Paris_AN_JJ_inventaire_Loire.xml
JJ154;602;1837;337v;Paris_AN_JJ_inventaire_Loire.xml
JJ154;608;1838;342;Paris_AN_JJ_inventaire_Loire.xml
JJ154;609;1839;342;Paris_AN_JJ_inventaire_Loire.xml
JJ154;620;1840;349v;Paris_AN_JJ_inventaire_Loire.xml
JJ154;627;1841;354v;Paris_AN_JJ_inventaire_Loire.xml
JJ154;644;1842;361v;Paris_AN_JJ_inventaire_Loire.xml
JJ154;651;1843;368v;Paris_AN_JJ_inventaire_Loire.xml
JJ154;669;1844;380v;Paris_AN_JJ_inventaire_Loire.xml
JJ154;681;1845;385v;Paris_AN_JJ_inventaire_Loire.xml
JJ154;682;1846;386;Paris_AN_JJ_inventaire_Loire.xml
JJ154;711;1847;404v;Paris_AN_JJ_inventaire_Loire.xml
JJ154;713;1848;405v;Paris_AN_JJ_inventaire_Loire.xml
JJ154;715;1849;406v;Paris_AN_JJ_inventaire_Loire.xml
JJ154;724;1850;412v;Paris_AN_JJ_inventaire_Loire.xml
JJ154;733;1851;417v;Paris_AN_JJ_inventaire_Loire.xml
JJ154;749;1852;426v;Paris_AN_JJ_inventaire_Loire.xml
JJ154;754;1853;429v;Paris_AN_JJ_inventaire_Loire.xml
JJ155;13;1854;6;Paris_AN_JJ_inventaire_Loire.xml
JJ155;14;1855;6v;Paris_AN_JJ_inventaire_Loire.xml
JJ155;37;1856;20;Paris_AN_JJ_inventaire_Loire.xml
JJ155;62;1857;36v;Paris_AN_JJ_inventaire_Loire.xml
JJ155;70;1858;40v;Paris_AN_JJ_inventaire_Loire.xml
JJ155;80;1859;46;Paris_AN_JJ_inventaire_Loire.xml
JJ155;84;1860;48;Paris_AN_JJ_inventaire_Loire.xml
JJ155;89;1861;51v;Paris_AN_JJ_inventaire_Loire.xml
JJ155;94;1862;53v;Paris_AN_JJ_inventaire_Loire.xml
JJ155;101;1863;57;Paris_AN_JJ_inventaire_Loire.xml
JJ155;108;1864;62;Paris_AN_JJ_inventaire_Loire.xml
JJ155;123;1865;71;Paris_AN_JJ_inventaire_Loire.xml
JJ155;126;1866;73;Paris_AN_JJ_inventaire_Loire.xml
JJ155;127;1867;73v;Paris_AN_JJ_inventaire_Loire.xml
JJ155;132;1868;78;Paris_AN_JJ_inventaire_Loire.xml
JJ155;134;1869;79;Paris_AN_JJ_inventaire_Loire.xml
JJ155;135;1870;79;Paris_AN_JJ_inventaire_Loire.xml
JJ155;139;1871;82;Paris_AN_JJ_inventaire_Loire.xml
JJ155;145;1872;84v;Paris_AN_JJ_inventaire_Loire.xml
JJ155;173;1873;106;Paris_AN_JJ_inventaire_Loire.xml
JJ155;174;1874;106v;Paris_AN_JJ_inventaire_Loire.xml
JJ155;181;1875;111;Paris_AN_JJ_inventaire_Loire.xml
JJ155;190;1876;116v;Paris_AN_JJ_inventaire_Loire.xml
JJ155;195;1877;122;Paris_AN_JJ_inventaire_Loire.xml
JJ155;197;1878;123;Paris_AN_JJ_inventaire_Loire.xml
JJ155;210;1879;130;Paris_AN_JJ_inventaire_Loire.xml
JJ155;231;1880;142;Paris_AN_JJ_inventaire_Loire.xml
JJ155;233;1881;143;Paris_AN_JJ_inventaire_Loire.xml
JJ155;239bis;1882;150;Paris_AN_JJ_inventaire_Loire.xml
JJ155;240;1883;150;Paris_AN_JJ_inventaire_Loire.xml
JJ155;246;1884;153v;Paris_AN_JJ_inventaire_Loire.xml
JJ155;253;1885;156v;Paris_AN_JJ_inventaire_Loire.xml
JJ155;257;1886;159;Paris_AN_JJ_inventaire_Loire.xml
JJ155;264;1887;162v;Paris_AN_JJ_inventaire_Loire.xml
JJ155;268;1888;164;Paris_AN_JJ_inventaire_Loire.xml
JJ155;302;1889;184;Paris_AN_JJ_inventaire_Loire.xml
JJ155;307;1890;187;Paris_AN_JJ_inventaire_Loire.xml
JJ155;308;1891;187v;Paris_AN_JJ_inventaire_Loire.xml
JJ155;315;1892;190v;Paris_AN_JJ_inventaire_Loire.xml
JJ155;343;1893;207;Paris_AN_JJ_inventaire_Loire.xml
JJ155;348;1894;209v;Paris_AN_JJ_inventaire_Loire.xml
JJ155;360;1895;216v;Paris_AN_JJ_inventaire_Loire.xml
JJ155;368;1896;221;Paris_AN_JJ_inventaire_Loire.xml
JJ155;393;1897;239v;Paris_AN_JJ_inventaire_Loire.xml
JJ155;397;1898;242;Paris_AN_JJ_inventaire_Loire.xml
JJ155;418;1899;267v;Paris_AN_JJ_inventaire_Loire.xml
JJ155;429;1900;263v;Paris_AN_JJ_inventaire_Loire.xml
JJ155;430;1901;264;Paris_AN_JJ_inventaire_Loire.xml
JJ155;436;1902;267;Paris_AN_JJ_inventaire_Loire.xml
JJ155;439;1903;268v;Paris_AN_JJ_inventaire_Loire.xml
JJ155;442;1904;270;Paris_AN_JJ_inventaire_Loire.xml
JJ155;449;1905;274v;Paris_AN_JJ_inventaire_Loire.xml
JJ155;450;1906;275;Paris_AN_JJ_inventaire_Loire.xml
JJ155;458;1907;278;Paris_AN_JJ_inventaire_Loire.xml
JJ155;466;1908;282;Paris_AN_JJ_inventaire_Loire.xml
JJ156;3;1909;1v;Paris_AN_JJ_inventaire_Loire.xml
JJ156;6;1910;4;Paris_AN_JJ_inventaire_Loire.xml
JJ156;7;1911;4v;Paris_AN_JJ_inventaire_Loire.xml
JJ156;8;1912;4v;Paris_AN_JJ_inventaire_Loire.xml
JJ156;38;1913;21v;Paris_AN_JJ_inventaire_Loire.xml
JJ156;54;1914;32;Paris_AN_JJ_inventaire_Loire.xml
JJ156;105;1915;58;Paris_AN_JJ_inventaire_Loire.xml
JJ156;120;1916;72;Paris_AN_JJ_inventaire_Loire.xml
JJ156;124;1917;74;Paris_AN_JJ_inventaire_Loire.xml
JJ156;138;1918;81;Paris_AN_JJ_inventaire_Loire.xml
JJ156;172;1919;I04v;Paris_AN_JJ_inventaire_Loire.xml
JJ156;183;1920;112;Paris_AN_JJ_inventaire_Loire.xml
JJ156;189;1921;115;Paris_AN_JJ_inventaire_Loire.xml
JJ156;207;1922;124v;Paris_AN_JJ_inventaire_Loire.xml
JJ156;212;1923;127;Paris_AN_JJ_inventaire_Loire.xml
JJ156;215;1924;136v;Paris_AN_JJ_inventaire_Loire.xml
JJ156;232;1925;145;Paris_AN_JJ_inventaire_Loire.xml
JJ156;235;1926;147v;Paris_AN_JJ_inventaire_Loire.xml
JJ156;243;1927;152;Paris_AN_JJ_inventaire_Loire.xml
JJ156;246;1928;153;Paris_AN_JJ_inventaire_Loire.xml
JJ156;249;1929;155v;Paris_AN_JJ_inventaire_Loire.xml
JJ156;251;1930;156v;Paris_AN_JJ_inventaire_Loire.xml
JJ156;267;1931;168;Paris_AN_JJ_inventaire_Loire.xml
JJ156;276;1932;174;Paris_AN_JJ_inventaire_Loire.xml
JJ156;277;1933;174;Paris_AN_JJ_inventaire_Loire.xml
JJ156;298;1934;186v;Paris_AN_JJ_inventaire_Loire.xml
JJ156;299;1935;187;Paris_AN_JJ_inventaire_Loire.xml
JJ156;328;1936;203v;Paris_AN_JJ_inventaire_Loire.xml
JJ156;343;1937;211v;Paris_AN_JJ_inventaire_Loire.xml
JJ156;359;1938;221;Paris_AN_JJ_inventaire_Loire.xml
JJ156;365;1939;224;Paris_AN_JJ_inventaire_Loire.xml
JJ156;366;1940;225;Paris_AN_JJ_inventaire_Loire.xml
JJ156;395;1941;240;Paris_AN_JJ_inventaire_Loire.xml
JJ156;401;1942;243v;Paris_AN_JJ_inventaire_Loire.xml
JJ156;454;1943;275;Paris_AN_JJ_inventaire_Loire.xml
JJ157;14;1944;16v;Paris_AN_JJ_inventaire_Loire.xml
JJ157;31;1945;26;Paris_AN_JJ_inventaire_Loire.xml
JJ157;32;1946;26v;Paris_AN_JJ_inventaire_Loire.xml
JJ157;33;1947;28;Paris_AN_JJ_inventaire_Loire.xml
JJ157;34;1948;27;Paris_AN_JJ_inventaire_Loire.xml
JJ157;39;1949;30v;Paris_AN_JJ_inventaire_Loire.xml
JJ157;40;1950;31;Paris_AN_JJ_inventaire_Loire.xml
JJ157;47;1951;34;Paris_AN_JJ_inventaire_Loire.xml
JJ157;46;1952;34;Paris_AN_JJ_inventaire_Loire.xml
JJ157;57;1953;40;Paris_AN_JJ_inventaire_Loire.xml
JJ157;86;1954;63v;Paris_AN_JJ_inventaire_Loire.xml
JJ157;99;1955;70;Paris_AN_JJ_inventaire_Loire.xml
JJ157;111;1956;76;Paris_AN_JJ_inventaire_Loire.xml
JJ157;120;1957;80v;Paris_AN_JJ_inventaire_Loire.xml
JJ157;130;1958;86;Paris_AN_JJ_inventaire_Loire.xml
JJ157;138;1959;89v;Paris_AN_JJ_inventaire_Loire.xml
JJ157;146;1960;93;Paris_AN_JJ_inventaire_Loire.xml
JJ157;162;1961;102;Paris_AN_JJ_inventaire_Loire.xml
JJ157;182;1962;113;Paris_AN_JJ_inventaire_Loire.xml
JJ157;188;1963;117;Paris_AN_JJ_inventaire_Loire.xml
JJ157;194;1964;120v;Paris_AN_JJ_inventaire_Loire.xml
JJ157;216;1965;135v;Paris_AN_JJ_inventaire_Loire.xml
JJ157;220;1966;137;Paris_AN_JJ_inventaire_Loire.xml
JJ157;235;1967;144v;Paris_AN_JJ_inventaire_Loire.xml
JJ157;240;1968;147v;Paris_AN_JJ_inventaire_Loire.xml
JJ157;243;1969;149;Paris_AN_JJ_inventaire_Loire.xml
JJ157;248;1970;151;Paris_AN_JJ_inventaire_Loire.xml
JJ157;254;1971;154;Paris_AN_JJ_inventaire_Loire.xml
JJ157;257;1972;156;Paris_AN_JJ_inventaire_Loire.xml
JJ157;329;1973;202;Paris_AN_JJ_inventaire_Loire.xml
JJ157;338;1974;206;Paris_AN_JJ_inventaire_Loire.xml
JJ157;356;1975;219v;Paris_AN_JJ_inventaire_Loire.xml
JJ157;374;1976;227;Paris_AN_JJ_inventaire_Loire.xml
JJ157;375;1977;227v;Paris_AN_JJ_inventaire_Loire.xml
JJ157;377;1978;228v;Paris_AN_JJ_inventaire_Loire.xml
JJ157;381;1979;230;Paris_AN_JJ_inventaire_Loire.xml
JJ157;384;1980;231;Paris_AN_JJ_inventaire_Loire.xml
JJ157;402;1981;240v;Paris_AN_JJ_inventaire_Loire.xml
JJ157;405;1982;242;Paris_AN_JJ_inventaire_Loire.xml
JJ157;416;1983;250;Paris_AN_JJ_inventaire_Loire.xml
JJ157;434;1984;261v;Paris_AN_JJ_inventaire_Loire.xml
JJ157;435;1985;261v;Paris_AN_JJ_inventaire_Loire.xml
JJ157;441;1986;266;Paris_AN_JJ_inventaire_Loire.xml
JJ157;448;1987;269;Paris_AN_JJ_inventaire_Loire.xml
JJ157;458;1988;275;Paris_AN_JJ_inventaire_Loire.xml
JJ157;460;1989;276v;Paris_AN_JJ_inventaire_Loire.xml
JJ157;465;1990;279;Paris_AN_JJ_inventaire_Loire.xml
JJ157;466;1991;279v;Paris_AN_JJ_inventaire_Loire.xml
JJ157;477;1992;285;Paris_AN_JJ_inventaire_Loire.xml
JJ157;489;1993;292;Paris_AN_JJ_inventaire_Loire.xml
JJ157;492;1994;294;Paris_AN_JJ_inventaire_Loire.xml
JJ157;494;1995;295;Paris_AN_JJ_inventaire_Loire.xml
JJ157;495;1996;296;Paris_AN_JJ_inventaire_Loire.xml
JJ158;1;1997;1;Paris_AN_JJ_inventaire_Loire.xml
JJ158;10;1998;5;Paris_AN_JJ_inventaire_Loire.xml
JJ158;12;1999;6v;Paris_AN_JJ_inventaire_Loire.xml
JJ158;30;2000;17;Paris_AN_JJ_inventaire_Loire.xml
JJ158;51;2001;29v;Paris_AN_JJ_inventaire_Loire.xml
JJ158;70;2002;40v;Paris_AN_JJ_inventaire_Loire.xml
JJ158;86;2003;48;Paris_AN_JJ_inventaire_Loire.xml
JJ158;105;2004;59v;Paris_AN_JJ_inventaire_Loire.xml
JJ158;106;2005;59v;Paris_AN_JJ_inventaire_Loire.xml
JJ158;133;2006;74v;Paris_AN_JJ_inventaire_Loire.xml
JJ158;140;2007;77;Paris_AN_JJ_inventaire_Loire.xml
JJ158;148;2008;80v;Paris_AN_JJ_inventaire_Loire.xml
JJ158;178;2009;86;Paris_AN_JJ_inventaire_Loire.xml
JJ158;192;2010;93v;Paris_AN_JJ_inventaire_Loire.xml
JJ158;200;2011;100;Paris_AN_JJ_inventaire_Loire.xml
JJ158;212;2012;108v;Paris_AN_JJ_inventaire_Loire.xml
JJ158;213;2013;109;Paris_AN_JJ_inventaire_Loire.xml
JJ158;223;2014;113;Paris_AN_JJ_inventaire_Loire.xml
JJ158;235;2015;119;Paris_AN_JJ_inventaire_Loire.xml
JJ158;236;2016;120;Paris_AN_JJ_inventaire_Loire.xml
JJ158;239;2017;121v;Paris_AN_JJ_inventaire_Loire.xml
JJ158;243;2018;123;Paris_AN_JJ_inventaire_Loire.xml
JJ158;244;2019;123;Paris_AN_JJ_inventaire_Loire.xml
JJ158;248;2020;125;Paris_AN_JJ_inventaire_Loire.xml
JJ158;271;2021;141;Paris_AN_JJ_inventaire_Loire.xml
JJ158;272;2022;141v;Paris_AN_JJ_inventaire_Loire.xml
JJ158;279;2023;145;Paris_AN_JJ_inventaire_Loire.xml
JJ158;284;2024;152;Paris_AN_JJ_inventaire_Loire.xml
JJ158;302;2025;164v;Paris_AN_JJ_inventaire_Loire.xml
JJ158;311;2026;169v;Paris_AN_JJ_inventaire_Loire.xml
JJ158;312;2027;170;Paris_AN_JJ_inventaire_Loire.xml
JJ158;315;2028;171v;Paris_AN_JJ_inventaire_Loire.xml
JJ158;323;2029;175;Paris_AN_JJ_inventaire_Loire.xml
JJ158;336;2030;184;Paris_AN_JJ_inventaire_Loire.xml
JJ158;351;2031;195v;Paris_AN_JJ_inventaire_Loire.xml
JJ158;363;2032;199v;Paris_AN_JJ_inventaire_Loire.xml
JJ158;384;2033;213;Paris_AN_JJ_inventaire_Loire.xml
JJ158;380bis;2034;220;Paris_AN_JJ_inventaire_Loire.xml
JJ158;382bis;2035;222v;Paris_AN_JJ_inventaire_Loire.xml
JJ158;383bis;2036;223;Paris_AN_JJ_inventaire_Loire.xml
JJ158;390bis;2037;224v;Paris_AN_JJ_inventaire_Loire.xml
JJ158;392bis;2038;225v;Paris_AN_JJ_inventaire_Loire.xml
JJ158;412;2039;236;Paris_AN_JJ_inventaire_Loire.xml
JJ158;427;2040;244v;Paris_AN_JJ_inventaire_Loire.xml
JJ158;430;2041;246;Paris_AN_JJ_inventaire_Loire.xml
JJ158;431;2042;246v;Paris_AN_JJ_inventaire_Loire.xml
JJ158;444;2043;255;Paris_AN_JJ_inventaire_Loire.xml
JJ158;446;2044;257;Paris_AN_JJ_inventaire_Loire.xml
JJ158;451;2045;260;Paris_AN_JJ_inventaire_Loire.xml
JJ158;456;2046;265;Paris_AN_JJ_inventaire_Loire.xml
JJ158;457;2047;266v;Paris_AN_JJ_inventaire_Loire.xml
JJ159;4;2048;1;Paris_AN_JJ_inventaire_Loire.xml
JJ159;20;2049;11;Paris_AN_JJ_inventaire_Loire.xml
JJ159;28;2050;17;Paris_AN_JJ_inventaire_Loire.xml
JJ159;31;2051;18;Paris_AN_JJ_inventaire_Loire.xml
JJ159;86;2052;48;Paris_AN_JJ_inventaire_Loire.xml
JJ159;130;2053;75;Paris_AN_JJ_inventaire_Loire.xml
JJ159;136;2054;78;Paris_AN_JJ_inventaire_Loire.xml
JJ159;139;2055;80v;Paris_AN_JJ_inventaire_Loire.xml
JJ159;140;2056;81;Paris_AN_JJ_inventaire_Loire.xml
JJ159;159;2057;94;Paris_AN_JJ_inventaire_Loire.xml
JJ159;164;2058;97v;Paris_AN_JJ_inventaire_Loire.xml
JJ159;169;2059;100;Paris_AN_JJ_inventaire_Loire.xml
JJ159;223;2060;137;Paris_AN_JJ_inventaire_Loire.xml
JJ159;224;2061;138;Paris_AN_JJ_inventaire_Loire.xml
JJ159;255;2062;154;Paris_AN_JJ_inventaire_Loire.xml
JJ159;268;2063;160;Paris_AN_JJ_inventaire_Loire.xml
JJ159;295;2064;172;Paris_AN_JJ_inventaire_Loire.xml
JJ159;301;2065;177;Paris_AN_JJ_inventaire_Loire.xml
JJ159;304;2066;179v;Paris_AN_JJ_inventaire_Loire.xml
JJ159;305;2067;180;Paris_AN_JJ_inventaire_Loire.xml
JJ160;80;2068;63v;Paris_AN_JJ_inventaire_Loire.xml
JJ160;81;2069;64;Paris_AN_JJ_inventaire_Loire.xml
JJ160;96;2070;74v;Paris_AN_JJ_inventaire_Loire.xml
JJ160;99;2071;76;Paris_AN_JJ_inventaire_Loire.xml
JJ160;112;2072;83v;Paris_AN_JJ_inventaire_Loire.xml
JJ160;115;2073;85v;Paris_AN_JJ_inventaire_Loire.xml
JJ160;127;2074;93v;Paris_AN_JJ_inventaire_Loire.xml
JJ160;137;2075;98;Paris_AN_JJ_inventaire_Loire.xml
JJ160;148;2076;105v;Paris_AN_JJ_inventaire_Loire.xml
JJ160;151;2077;107v;Paris_AN_JJ_inventaire_Loire.xml
JJ160;156;2078;111;Paris_AN_JJ_inventaire_Loire.xml
JJ160;159;2079;113v;Paris_AN_JJ_inventaire_Loire.xml
JJ160;160;2080;114;Paris_AN_JJ_inventaire_Loire.xml
JJ160;197;2081;135;Paris_AN_JJ_inventaire_Loire.xml
JJ160;207;2082;142;Paris_AN_JJ_inventaire_Loire.xml
JJ160;230;2083;160;Paris_AN_JJ_inventaire_Loire.xml
JJ160;230bis;2084;160v;Paris_AN_JJ_inventaire_Loire.xml
JJ160;234;2085;163;Paris_AN_JJ_inventaire_Loire.xml
JJ160;248;2086;172v;Paris_AN_JJ_inventaire_Loire.xml
JJ160;260;2087;179v;Paris_AN_JJ_inventaire_Loire.xml
JJ160;283;2088;200bisv;Paris_AN_JJ_inventaire_Loire.xml
JJ160;307;2089;221v;Paris_AN_JJ_inventaire_Loire.xml
JJ160;309;2090;222;Paris_AN_JJ_inventaire_Loire.xml
JJ160;330;2091;235;Paris_AN_JJ_inventaire_Loire.xml
JJ160;333;2092;237;Paris_AN_JJ_inventaire_Loire.xml
JJ160;337;2093;241v;Paris_AN_JJ_inventaire_Loire.xml
JJ160;350;2094;250;Paris_AN_JJ_inventaire_Loire.xml
JJ160;358;2095;256v;Paris_AN_JJ_inventaire_Loire.xml
JJ160;359;2096;257;Paris_AN_JJ_inventaire_Loire.xml
JJ160;372;2097;264v;Paris_AN_JJ_inventaire_Loire.xml
JJ160;409;2098;284;Paris_AN_JJ_inventaire_Loire.xml
JJ160;413;2099;286v;Paris_AN_JJ_inventaire_Loire.xml
JJ160;414;2100;287;Paris_AN_JJ_inventaire_Loire.xml
JJ160;428;2101;295;Paris_AN_JJ_inventaire_Loire.xml
JJ160;444;2102;304v;Paris_AN_JJ_inventaire_Loire.xml
JJ160;453;2103;312v;Paris_AN_JJ_inventaire_Loire.xml
JJ161;13;2104;9;Paris_AN_JJ_inventaire_Loire.xml
JJ161;44;2105;27v;Paris_AN_JJ_inventaire_Loire.xml
JJ161;45;2106;28;Paris_AN_JJ_inventaire_Loire.xml
JJ161;46;2107;28;Paris_AN_JJ_inventaire_Loire.xml
JJ161;93;2108;59v;Paris_AN_JJ_inventaire_Loire.xml
JJ161;134;2109;89;Paris_AN_JJ_inventaire_Loire.xml
JJ161;145;2110;100;Paris_AN_JJ_inventaire_Loire.xml
JJ161;175;2111;126;Paris_AN_JJ_inventaire_Loire.xml
JJ161;182;2112;125v;Paris_AN_JJ_inventaire_Loire.xml
JJ161;190;2113;129v;Paris_AN_JJ_inventaire_Loire.xml
JJ161;193;2114;131v;Paris_AN_JJ_inventaire_Loire.xml
JJ161;210;2115;147v;Paris_AN_JJ_inventaire_Loire.xml
JJ161;221;2116;154;Paris_AN_JJ_inventaire_Loire.xml
JJ161;230;2117;158v;Paris_AN_JJ_inventaire_Loire.xml
JJ161;252;2118;167;Paris_AN_JJ_inventaire_Loire.xml
JJ161;253;2119;167v;Paris_AN_JJ_inventaire_Loire.xml
JJ161;260;2120;173;Paris_AN_JJ_inventaire_Loire.xml
JJ161;262;2121;174v;Paris_AN_JJ_inventaire_Loire.xml
JJ161;288;2122;194;Paris_AN_JJ_inventaire_Loire.xml
JJ161;289;2123;195;Paris_AN_JJ_inventaire_Loire.xml
JJ161;293;2124;197;Paris_AN_JJ_inventaire_Loire.xml
JJ161;297;2125;200;Paris_AN_JJ_inventaire_Loire.xml
JJ161;301;2126;202v;Paris_AN_JJ_inventaire_Loire.xml
JJ161;320;2127;215v;Paris_AN_JJ_inventaire_Loire.xml
JJ161;325;2128;219v;Paris_AN_JJ_inventaire_Loire.xml
JJ161;350;2129;264;Paris_AN_JJ_inventaire_Loire.xml
JJ161;385;2130;290v;Paris_AN_JJ_inventaire_Loire.xml
JJ162;2;2131;13;Paris_AN_JJ_inventaire_Loire.xml
JJ162;68;2132;59v;Paris_AN_JJ_inventaire_Loire.xml
JJ162;31;2133;37;Paris_AN_JJ_inventaire_Loire.xml
JJ162;85;2134;73;Paris_AN_JJ_inventaire_Loire.xml
JJ162;89;2135;76v;Paris_AN_JJ_inventaire_Loire.xml
JJ162;115;2136;93;Paris_AN_JJ_inventaire_Loire.xml
JJ162;130;2137;104v;Paris_AN_JJ_inventaire_Loire.xml
JJ162;134;2138;105v;Paris_AN_JJ_inventaire_Loire.xml
JJ162;152;2139;121;Paris_AN_JJ_inventaire_Loire.xml
JJ162;155;2140;122v;Paris_AN_JJ_inventaire_Loire.xml
JJ162;156;2141;123;Paris_AN_JJ_inventaire_Loire.xml
JJ162;165;2142;128v;Paris_AN_JJ_inventaire_Loire.xml
JJ162;177;2143;136v;Paris_AN_JJ_inventaire_Loire.xml
JJ162;181;2144;140v;Paris_AN_JJ_inventaire_Loire.xml
JJ162;201;2145;156v;Paris_AN_JJ_inventaire_Loire.xml
JJ162;216;2146;168;Paris_AN_JJ_inventaire_Loire.xml
JJ162;217;2147;168v;Paris_AN_JJ_inventaire_Loire.xml
JJ162;220;2148;170v;Paris_AN_JJ_inventaire_Loire.xml
JJ162;221;2149;171;Paris_AN_JJ_inventaire_Loire.xml
JJ162;222;2150;171v;Paris_AN_JJ_inventaire_Loire.xml
JJ162;226;2151;174v;Paris_AN_JJ_inventaire_Loire.xml
JJ162;287;2152;212;Paris_AN_JJ_inventaire_Loire.xml
JJ162;294;2153;206v;Paris_AN_JJ_inventaire_Loire.xml
JJ162;306;2154;223v;Paris_AN_JJ_inventaire_Loire.xml
JJ162;326;2155;239;Paris_AN_JJ_inventaire_Loire.xml
JJ162;331;2156;256;Paris_AN_JJ_inventaire_Loire.xml
JJ162;348;2157;260v;Paris_AN_JJ_inventaire_Loire.xml
JJ162;375;2158;276;Paris_AN_JJ_inventaire_Loire.xml
JJ162;392;2159;286;Paris_AN_JJ_inventaire_Loire.xml
JJ162;400;2160;291;Paris_AN_JJ_inventaire_Loire.xml
JJ163;4;2161;2v;Paris_AN_JJ_inventaire_Loire.xml
JJ163;17;2162;8;Paris_AN_JJ_inventaire_Loire.xml
JJ163;18;2163;8v;Paris_AN_JJ_inventaire_Loire.xml
JJ163;30;2164;13;Paris_AN_JJ_inventaire_Loire.xml
JJ163;36;2165;16;Paris_AN_JJ_inventaire_Loire.xml
JJ163;64;2166;30v;Paris_AN_JJ_inventaire_Loire.xml
JJ163;65;2167;31;Paris_AN_JJ_inventaire_Loire.xml
JJ163;88;2168;38v;Paris_AN_JJ_inventaire_Loire.xml
JJ163;92;2169;43v;Paris_AN_JJ_inventaire_Loire.xml
JJ163;96;2170;47;Paris_AN_JJ_inventaire_Loire.xml
JJ163;99;2171;49;Paris_AN_JJ_inventaire_Loire.xml
JJ163;100;2172;49v;Paris_AN_JJ_inventaire_Loire.xml
JJ163;101;2173;50v;Paris_AN_JJ_inventaire_Loire.xml
JJ163;103;2174;52v;Paris_AN_JJ_inventaire_Loire.xml
JJ163;105;2175;54v;Paris_AN_JJ_inventaire_Loire.xml
JJ163;108;2176;57v;Paris_AN_JJ_inventaire_Loire.xml
JJ163;112;2177;59v;Paris_AN_JJ_inventaire_Loire.xml
JJ163;127;2178;69v;Paris_AN_JJ_inventaire_Loire.xml
JJ163;146;2179;82;Paris_AN_JJ_inventaire_Loire.xml
JJ163;155;2180;87v;Paris_AN_JJ_inventaire_Loire.xml
JJ163;159;2181;89v;Paris_AN_JJ_inventaire_Loire.xml
JJ163;180;2182;103v;Paris_AN_JJ_inventaire_Loire.xml
JJ163;183;2183;104v;Paris_AN_JJ_inventaire_Loire.xml
JJ163;184;2184;104v;Paris_AN_JJ_inventaire_Loire.xml
JJ163;192;2185;107;Paris_AN_JJ_inventaire_Loire.xml
JJ163;204;2186;112;Paris_AN_JJ_inventaire_Loire.xml
JJ163;225bis;2187;129v;Paris_AN_JJ_inventaire_Loire.xml
JJ163;252;2188;142v;Paris_AN_JJ_inventaire_Loire.xml
JJ163;260;2189;147;Paris_AN_JJ_inventaire_Loire.xml
JJ163;269;2190;151v;Paris_AN_JJ_inventaire_Loire.xml
JJ163;270;2191;152;Paris_AN_JJ_inventaire_Loire.xml
JJ163;271;2192;152v;Paris_AN_JJ_inventaire_Loire.xml
JJ163;282;2193;159;Paris_AN_JJ_inventaire_Loire.xml
JJ163;298;2194;172v;Paris_AN_JJ_inventaire_Loire.xml
JJ163;305;2195;176;Paris_AN_JJ_inventaire_Loire.xml
JJ163;309;2196;177v;Paris_AN_JJ_inventaire_Loire.xml
JJ163;310;2197;178;Paris_AN_JJ_inventaire_Loire.xml
JJ163;323;2198;185v;Paris_AN_JJ_inventaire_Loire.xml
JJ163;334;2199;191v;Paris_AN_JJ_inventaire_Loire.xml
JJ163;335;2200;192v;Paris_AN_JJ_inventaire_Loire.xml
JJ163;338;2201;194;Paris_AN_JJ_inventaire_Loire.xml
JJ163;339;2202;194v;Paris_AN_JJ_inventaire_Loire.xml
JJ163;340;2203;194v;Paris_AN_JJ_inventaire_Loire.xml
JJ163;344;2204;196v;Paris_AN_JJ_inventaire_Loire.xml
JJ163;370;2205;206;Paris_AN_JJ_inventaire_Loire.xml
JJ163;380;2206;212;Paris_AN_JJ_inventaire_Loire.xml
JJ163;398;2207;222;Paris_AN_JJ_inventaire_Loire.xml
JJ163;415;2208;235v;Paris_AN_JJ_inventaire_Loire.xml
JJ163;456;2209;256;Paris_AN_JJ_inventaire_Loire.xml
JJ163;457;2210;257;Paris_AN_JJ_inventaire_Loire.xml
JJ163;458;2211;257v;Paris_AN_JJ_inventaire_Loire.xml
JJ163;466;2212;260v;Paris_AN_JJ_inventaire_Loire.xml
JJ163;482;2213;267v;Paris_AN_JJ_inventaire_Loire.xml
JJ163;484;2214;268;Paris_AN_JJ_inventaire_Loire.xml
JJ163;487;2215;270;Paris_AN_JJ_inventaire_Loire.xml
JJ163;488;2216;270;Paris_AN_JJ_inventaire_Loire.xml
JJ164;2;2217;1v;Paris_AN_JJ_inventaire_Loire.xml
JJ164;28;2218;17;Paris_AN_JJ_inventaire_Loire.xml
JJ164;34;2219;20;Paris_AN_JJ_inventaire_Loire.xml
JJ164;53bis;2220;33;Paris_AN_JJ_inventaire_Loire.xml
JJ164;55;2221;33v;Paris_AN_JJ_inventaire_Loire.xml
JJ164;56;2222;34;Paris_AN_JJ_inventaire_Loire.xml
JJ164;57;2223;34v;Paris_AN_JJ_inventaire_Loire.xml
JJ164;78bis;2224;50;Paris_AN_JJ_inventaire_Loire.xml
JJ164;79bis;2225;51;Paris_AN_JJ_inventaire_Loire.xml
JJ163;81;2226;52;Paris_AN_JJ_inventaire_Loire.xml
JJ164;85;2227;53v;Paris_AN_JJ_inventaire_Loire.xml
JJ164;92;2228;57v;Paris_AN_JJ_inventaire_Loire.xml
JJ164;115;2229;68;Paris_AN_JJ_inventaire_Loire.xml
JJ164;118;2230;69;Paris_AN_JJ_inventaire_Loire.xml
JJ164;139;2231;80v;Paris_AN_JJ_inventaire_Loire.xml
JJ164;148;2232;84v;Paris_AN_JJ_inventaire_Loire.xml
JJ164;157;2233;89;Paris_AN_JJ_inventaire_Loire.xml
JJ164;163;2234;91v;Paris_AN_JJ_inventaire_Loire.xml
JJ164;177;2235;98v;Paris_AN_JJ_inventaire_Loire.xml
JJ164;179;2236;99;Paris_AN_JJ_inventaire_Loire.xml
JJ164;188;2237;103;Paris_AN_JJ_inventaire_Loire.xml
JJ164;193;2238;105v;Paris_AN_JJ_inventaire_Loire.xml
JJ164;201;2239;109v;Paris_AN_JJ_inventaire_Loire.xml
JJ164;203;2240;110;Paris_AN_JJ_inventaire_Loire.xml
JJ164;240;2241;131;Paris_AN_JJ_inventaire_Loire.xml
JJ164;248;2242;135v;Paris_AN_JJ_inventaire_Loire.xml
JJ164;253;2243;138;Paris_AN_JJ_inventaire_Loire.xml
JJ164;269;2244;144v;Paris_AN_JJ_inventaire_Loire.xml
JJ164;274;2245;146;Paris_AN_JJ_inventaire_Loire.xml
JJ164;276;2246;147v;Paris_AN_JJ_inventaire_Loire.xml
JJ164;277;2247;147v;Paris_AN_JJ_inventaire_Loire.xml
JJ164;280;2248;149;Paris_AN_JJ_inventaire_Loire.xml
JJ164;286;2249;151;Paris_AN_JJ_inventaire_Loire.xml
JJ164;287;2250;151v;Paris_AN_JJ_inventaire_Loire.xml
JJ164;305;2251;159;Paris_AN_JJ_inventaire_Loire.xml
JJ164;306;2252;159v;Paris_AN_JJ_inventaire_Loire.xml
JJ164;317;2253;165v;Paris_AN_JJ_inventaire_Loire.xml
JJ164;323;2254;170;Paris_AN_JJ_inventaire_Loire.xml
JJ164;335;2255;177v;Paris_AN_JJ_inventaire_Loire.xml
JJ164;344;2256;181v;Paris_AN_JJ_inventaire_Loire.xml
JJ165;14;2257;13v;Paris_AN_JJ_inventaire_Loire.xml
JJ165;30;2258;22;Paris_AN_JJ_inventaire_Loire.xml
JJ165;32;2259;23;Paris_AN_JJ_inventaire_Loire.xml
JJ165;45;2260;31;Paris_AN_JJ_inventaire_Loire.xml
JJ165;71;2261;49v;Paris_AN_JJ_inventaire_Loire.xml
JJ165;83;2262;58;Paris_AN_JJ_inventaire_Loire.xml
JJ165;121;2263;75v;Paris_AN_JJ_inventaire_Loire.xml
JJ165;123;2264;76;Paris_AN_JJ_inventaire_Loire.xml
JJ165;131;2265;80v;Paris_AN_JJ_inventaire_Loire.xml
JJ165;136;2266;85;Paris_AN_JJ_inventaire_Loire.xml
JJ165;159;2267;98v;Paris_AN_JJ_inventaire_Loire.xml
JJ165;171;2268;102v;Paris_AN_JJ_inventaire_Loire.xml
JJ165;179;2269;105v;Paris_AN_JJ_inventaire_Loire.xml
JJ165;202;2270;120;Paris_AN_JJ_inventaire_Loire.xml
JJ165;207;2271;122;Paris_AN_JJ_inventaire_Loire.xml
JJ165;224;2272;133v;Paris_AN_JJ_inventaire_Loire.xml
JJ165;233;2273;138;Paris_AN_JJ_inventaire_Loire.xml
JJ165;238;2274;141v;Paris_AN_JJ_inventaire_Loire.xml
JJ165;253;2275;148v;Paris_AN_JJ_inventaire_Loire.xml
JJ165;252;2276;148v;Paris_AN_JJ_inventaire_Loire.xml
JJ165;265;2277;159;Paris_AN_JJ_inventaire_Loire.xml
JJ165;285;2278;169v;Paris_AN_JJ_inventaire_Loire.xml
JJ165;286;2279;170;Paris_AN_JJ_inventaire_Loire.xml
JJ165;287;2280;170;Paris_AN_JJ_inventaire_Loire.xml
JJ165;293;2281;177v;Paris_AN_JJ_inventaire_Loire.xml
JJ165;304;2282;184v;Paris_AN_JJ_inventaire_Loire.xml
JJ165;310;2283;187;Paris_AN_JJ_inventaire_Loire.xml
JJ165;343;2284;206;Paris_AN_JJ_inventaire_Loire.xml
JJ165;351;2285;209v;Paris_AN_JJ_inventaire_Loire.xml
JJ165;360;2286;214;Paris_AN_JJ_inventaire_Loire.xml
JJ165;363;2287;218v;Paris_AN_JJ_inventaire_Loire.xml
JJ165;378;2288;226v;Paris_AN_JJ_inventaire_Loire.xml
JJ165;383;2289;229;Paris_AN_JJ_inventaire_Loire.xml
JJ165;417;2290;248v;Paris_AN_JJ_inventaire_Loire.xml
JJ166;97;2291;62v;Paris_AN_JJ_inventaire_Loire.xml
JJ166;101;2292;64v;Paris_AN_JJ_inventaire_Loire.xml
JJ166;124;2293;80;Paris_AN_JJ_inventaire_Loire.xml
JJ166;142;2294;95;Paris_AN_JJ_inventaire_Loire.xml
JJ166;145;2295;96;Paris_AN_JJ_inventaire_Loire.xml
JJ166;159;2296;107v;Paris_AN_JJ_inventaire_Loire.xml
JJ166;160;2297;108;Paris_AN_JJ_inventaire_Loire.xml
JJ166;183;2298;119;Paris_AN_JJ_inventaire_Loire.xml
JJ166;186;2299;121;Paris_AN_JJ_inventaire_Loire.xml
JJ166;187;2300;121v;Paris_AN_JJ_inventaire_Loire.xml
JJ166;189;2301;123;Paris_AN_JJ_inventaire_Loire.xml
JJ166;211;2302;139v;Paris_AN_JJ_inventaire_Loire.xml
JJ166;259;2303;170v;Paris_AN_JJ_inventaire_Loire.xml
JJ166;277;2304;192;Paris_AN_JJ_inventaire_Loire.xml
JJ166;286;2305;198v;Paris_AN_JJ_inventaire_Loire.xml
JJ166;295;2306;202v;Paris_AN_JJ_inventaire_Loire.xml
JJ166;298;2307;204v;Paris_AN_JJ_inventaire_Loire.xml
JJ166;296;2308;203;Paris_AN_JJ_inventaire_Loire.xml
JJ166;305;2309;207v;Paris_AN_JJ_inventaire_Loire.xml
JJ166;317;2310;213;Paris_AN_JJ_inventaire_Loire.xml
JJ166;326;2311;318v;Paris_AN_JJ_inventaire_Loire.xml
JJ166;328;2312;220;Paris_AN_JJ_inventaire_Loire.xml
JJ166;372;2313;243v;Paris_AN_JJ_inventaire_Loire.xml
JJ166;383;2314;253;Paris_AN_JJ_inventaire_Loire.xml
JJ166;424;2315;278;Paris_AN_JJ_inventaire_Loire.xml
JJ166;436;2316;271v;Paris_AN_JJ_inventaire_Loire.xml
JJ167;1;2317;8;Paris_AN_JJ_inventaire_Loire.xml
JJ167;2;2318;8v;Paris_AN_JJ_inventaire_Loire.xml
JJ167;12;2319;20;Paris_AN_JJ_inventaire_Loire.xml
JJ167;13;2320;20v;Paris_AN_JJ_inventaire_Loire.xml
JJ167;21;2321;30;Paris_AN_JJ_inventaire_Loire.xml
JJ167;22;2322;32;Paris_AN_JJ_inventaire_Loire.xml
JJ167;42;2323;54v;Paris_AN_JJ_inventaire_Loire.xml
JJ167;80;2324;117;Paris_AN_JJ_inventaire_Loire.xml
JJ167;81;2325;117v;Paris_AN_JJ_inventaire_Loire.xml
JJ167;88;2326;126v;Paris_AN_JJ_inventaire_Loire.xml
JJ167;89;2327;131;Paris_AN_JJ_inventaire_Loire.xml
JJ167;92;2328;134v;Paris_AN_JJ_inventaire_Loire.xml
JJ167;104;2329;152v;Paris_AN_JJ_inventaire_Loire.xml
JJ167;116;2330;173v;Paris_AN_JJ_inventaire_Loire.xml
JJ167;118;2331;173;Paris_AN_JJ_inventaire_Loire.xml
JJ167;148;2332;227v;Paris_AN_JJ_inventaire_Loire.xml
JJ167;153;2333;237;Paris_AN_JJ_inventaire_Loire.xml
JJ167;155;2334;235;Paris_AN_JJ_inventaire_Loire.xml
JJ167;169;2335;257;Paris_AN_JJ_inventaire_Loire.xml
JJ167;182;2336;276v;Paris_AN_JJ_inventaire_Loire.xml
JJ167;195;2337;293v;Paris_AN_JJ_inventaire_Loire.xml
JJ167;225;2338;391v;Paris_AN_JJ_inventaire_Loire.xml
JJ167;230;2339;347;Paris_AN_JJ_inventaire_Loire.xml
JJ167;235;2340;355v;Paris_AN_JJ_inventaire_Loire.xml
JJ167;238;2341;360v;Paris_AN_JJ_inventaire_Loire.xml
JJ167;254;2342;380v;Paris_AN_JJ_inventaire_Loire.xml
JJ167;297;2343;435;Paris_AN_JJ_inventaire_Loire.xml
JJ167;301;2344;437v;Paris_AN_JJ_inventaire_Loire.xml
JJ167;305;2345;439;Paris_AN_JJ_inventaire_Loire.xml
JJ167;307;2346;442v;Paris_AN_JJ_inventaire_Loire.xml
JJ167;308;2347;444v;Paris_AN_JJ_inventaire_Loire.xml
JJ167;309;2348;445v;Paris_AN_JJ_inventaire_Loire.xml
JJ167;315;2349;455;Paris_AN_JJ_inventaire_Loire.xml
JJ167;324;2350;467;Paris_AN_JJ_inventaire_Loire.xml
JJ167;332;2351;486;Paris_AN_JJ_inventaire_Loire.xml
JJ167;345;2352;498v;Paris_AN_JJ_inventaire_Loire.xml
JJ167;351;2353;505;Paris_AN_JJ_inventaire_Loire.xml
JJ167;360;2354;511;Paris_AN_JJ_inventaire_Loire.xml
JJ167;362;2355;512;Paris_AN_JJ_inventaire_Loire.xml
JJ167;363;2356;512v;Paris_AN_JJ_inventaire_Loire.xml
JJ167;364;2357;512v;Paris_AN_JJ_inventaire_Loire.xml
JJ167;366;2358;513v;Paris_AN_JJ_inventaire_Loire.xml
JJ167;369;2359;523;Paris_AN_JJ_inventaire_Loire.xml
JJ167;378;2360;538v;Paris_AN_JJ_inventaire_Loire.xml
JJ167;403;2361;564;Paris_AN_JJ_inventaire_Loire.xml
JJ167;405;2362;564v;Paris_AN_JJ_inventaire_Loire.xml
JJ167;418;2363;583v;Paris_AN_JJ_inventaire_Loire.xml
JJ167;421;2364;585;Paris_AN_JJ_inventaire_Loire.xml
JJ167;459;2365;624v;Paris_AN_JJ_inventaire_Loire.xml
JJ167;460;2366;625;Paris_AN_JJ_inventaire_Loire.xml
JJ167;474;2367;639v;Paris_AN_JJ_inventaire_Loire.xml
JJ167;479;2368;677;Paris_AN_JJ_inventaire_Loire.xml
JJ167;483;2369;652;Paris_AN_JJ_inventaire_Loire.xml
JJ168;5;2370;4v;Paris_AN_JJ_inventaire_Loire.xml
JJ168;17;2371;13;Paris_AN_JJ_inventaire_Loire.xml
JJ168;19;2372;14v;Paris_AN_JJ_inventaire_Loire.xml
JJ168;24;2373;18;Paris_AN_JJ_inventaire_Loire.xml
JJ168;47;2374;37;Paris_AN_JJ_inventaire_Loire.xml
JJ168;48;2375;38;Paris_AN_JJ_inventaire_Loire.xml
JJ168;65;2376;48v;Paris_AN_JJ_inventaire_Loire.xml
JJ168;67;2377;56;Paris_AN_JJ_inventaire_Loire.xml
JJ168;88;2378;68;Paris_AN_JJ_inventaire_Loire.xml
JJ168;97;2379;72;Paris_AN_JJ_inventaire_Loire.xml
JJ168;116;2380;83v;Paris_AN_JJ_inventaire_Loire.xml
JJ168;119;2381;85;Paris_AN_JJ_inventaire_Loire.xml
JJ168;131;2382;91v;Paris_AN_JJ_inventaire_Loire.xml
JJ168;142;2383;100v;Paris_AN_JJ_inventaire_Loire.xml
JJ168;172;2384;119;Paris_AN_JJ_inventaire_Loire.xml
JJ168;173;2385;119v;Paris_AN_JJ_inventaire_Loire.xml
JJ168;178;2386;123;Paris_AN_JJ_inventaire_Loire.xml
JJ168;181;2387;126v;Paris_AN_JJ_inventaire_Loire.xml
JJ168;232;2388;149;Paris_AN_JJ_inventaire_Loire.xml
JJ168;238;2389;153;Paris_AN_JJ_inventaire_Loire.xml
JJ168;335;2390;226v;Paris_AN_JJ_inventaire_Loire.xml
JJ168;239;2391;153v;Paris_AN_JJ_inventaire_Loire.xml
JJ168;255;2392;165v;Paris_AN_JJ_inventaire_Loire.xml
JJ168;271;2393;176;Paris_AN_JJ_inventaire_Loire.xml
JJ168;272;2394;177;Paris_AN_JJ_inventaire_Loire.xml
JJ168;277;2395;180;Paris_AN_JJ_inventaire_Loire.xml
JJ168;282;2396;183;Paris_AN_JJ_inventaire_Loire.xml
JJ168;283;2397;184;Paris_AN_JJ_inventaire_Loire.xml
JJ168;318;2398;208;Paris_AN_JJ_inventaire_Loire.xml
JJ168;319;2399;208v;Paris_AN_JJ_inventaire_Loire.xml
JJ168;327;2400;214v;Paris_AN_JJ_inventaire_Loire.xml
JJ168;332;2401;225;Paris_AN_JJ_inventaire_Loire.xml
JJ168;360;2402;240v;Paris_AN_JJ_inventaire_Loire.xml
JJ168;367;2403;244v;Paris_AN_JJ_inventaire_Loire.xml
JJ168;400;2404;266;Paris_AN_JJ_inventaire_Loire.xml
JJ168;404;2405;268;Paris_AN_JJ_inventaire_Loire.xml
JJ168;408;2406;270;Paris_AN_JJ_inventaire_Loire.xml
JJ168;412;2407;272v;Paris_AN_JJ_inventaire_Loire.xml
JJ168;409;2408;271;Paris_AN_JJ_inventaire_Loire.xml
JJ169;12;2409;7;Paris_AN_JJ_inventaire_Loire.xml
JJ169;21;2410;13;Paris_AN_JJ_inventaire_Loire.xml
JJ169;30;2411;19;Paris_AN_JJ_inventaire_Loire.xml
JJ169;31;2412;19v;Paris_AN_JJ_inventaire_Loire.xml
JJ169;32;2413;21v;Paris_AN_JJ_inventaire_Loire.xml
JJ169;36;2414;28;Paris_AN_JJ_inventaire_Loire.xml
JJ169;47;2415;34v;Paris_AN_JJ_inventaire_Loire.xml
JJ169;60;2416;43v;Paris_AN_JJ_inventaire_Loire.xml
JJ169;75;2417;54v;Paris_AN_JJ_inventaire_Loire.xml
JJ169;84;2418;61;Paris_AN_JJ_inventaire_Loire.xml
JJ169;85;2419;62;Paris_AN_JJ_inventaire_Loire.xml
JJ169;91;2420;65v;Paris_AN_JJ_inventaire_Loire.xml
JJ169;100;2421;70v;Paris_AN_JJ_inventaire_Loire.xml
JJ169;110;2422;77;Paris_AN_JJ_inventaire_Loire.xml
JJ169;123;2423;85;Paris_AN_JJ_inventaire_Loire.xml
JJ169;139;2424;96;Paris_AN_JJ_inventaire_Loire.xml
JJ169;153;2425;110;Paris_AN_JJ_inventaire_Loire.xml
JJ169;154;2426;111;Paris_AN_JJ_inventaire_Loire.xml
JJ169;159;2427;114v;Paris_AN_JJ_inventaire_Loire.xml
JJ169;165;2428;118;Paris_AN_JJ_inventaire_Loire.xml
JJ169;169;2429;121v;Paris_AN_JJ_inventaire_Loire.xml
JJ169;233;2430;165v;Paris_AN_JJ_inventaire_Loire.xml
JJ169;234;2431;167v;Paris_AN_JJ_inventaire_Loire.xml
JJ169;235;2432;167v;Paris_AN_JJ_inventaire_Loire.xml
JJ169;247;2433;178;Paris_AN_JJ_inventaire_Loire.xml
JJ169;247;2434;178;Paris_AN_JJ_inventaire_Loire.xml
JJ169;248;2435;178v;Paris_AN_JJ_inventaire_Loire.xml
JJ169;277;2436;196;Paris_AN_JJ_inventaire_Loire.xml
JJ169;284;2437;201;Paris_AN_JJ_inventaire_Loire.xml
JJ169;290;2438;205;Paris_AN_JJ_inventaire_Loire.xml
JJ169;307;2439;211v;Paris_AN_JJ_inventaire_Loire.xml
JJ169;344;2440;231;Paris_AN_JJ_inventaire_Loire.xml
JJ169;350;2441;234v;Paris_AN_JJ_inventaire_Loire.xml
JJ169;354;2442;237;Paris_AN_JJ_inventaire_Loire.xml
JJ169;356;2443;239;Paris_AN_JJ_inventaire_Loire.xml
JJ169;357;2444;239v;Paris_AN_JJ_inventaire_Loire.xml
JJ169;358;2445;240;Paris_AN_JJ_inventaire_Loire.xml
JJ169;391;2446;261;Paris_AN_JJ_inventaire_Loire.xml
JJ169;415;2447;278v;Paris_AN_JJ_inventaire_Loire.xml
JJ169;417;2448;278v;Paris_AN_JJ_inventaire_Loire.xml
JJ169;418;2449;280;Paris_AN_JJ_inventaire_Loire.xml
JJ169;423;2450;283;Paris_AN_JJ_inventaire_Loire.xml
JJ169;424;2451;283v;Paris_AN_JJ_inventaire_Loire.xml
JJ169;426;2452;284v;Paris_AN_JJ_inventaire_Loire.xml
JJ169;426bis;2453;284;Paris_AN_JJ_inventaire_Loire.xml
JJ169;427;2454;286;Paris_AN_JJ_inventaire_Loire.xml
JJ169;428;2455;286v;Paris_AN_JJ_inventaire_Loire.xml
JJ169;433;2456;291;Paris_AN_JJ_inventaire_Loire.xml
JJ169;434;2457;292;Paris_AN_JJ_inventaire_Loire.xml
JJ169;438;2458;294v;Paris_AN_JJ_inventaire_Loire.xml
JJ169;439;2459;295v;Paris_AN_JJ_inventaire_Loire.xml
JJ169;440;2460;296;Paris_AN_JJ_inventaire_Loire.xml
JJ169;445;2461;299;Paris_AN_JJ_inventaire_Loire.xml
JJ169;449;2462;301;Paris_AN_JJ_inventaire_Loire.xml
JJ169;452;2463;304v;Paris_AN_JJ_inventaire_Loire.xml
JJ169;457;2464;308;Paris_AN_JJ_inventaire_Loire.xml
JJ169;462;2465;314;Paris_AN_JJ_inventaire_Loire.xml
JJ169;464;2466;315;Paris_AN_JJ_inventaire_Loire.xml
JJ169;466;2467;327;Paris_AN_JJ_inventaire_Loire.xml
JJ169;468;2468;317v;Paris_AN_JJ_inventaire_Loire.xml
JJ169;476;2469;323;Paris_AN_JJ_inventaire_Loire.xml
JJ169;483;2470;330;Paris_AN_JJ_inventaire_Loire.xml
JJ169;484;2471;330v;Paris_AN_JJ_inventaire_Loire.xml
JJ169;488;2472;333v;Paris_AN_JJ_inventaire_Loire.xml
JJ169;504;2473;343;Paris_AN_JJ_inventaire_Loire.xml
JJ169;516;2474;351;Paris_AN_JJ_inventaire_Loire.xml
JJ169;521;2475;354;Paris_AN_JJ_inventaire_Loire.xml
JJ170;2;2476;45;Paris_AN_JJ_inventaire_Loire.xml
JJ170;5;2477;45;Paris_AN_JJ_inventaire_Loire.xml
JJ170;13;2478;52;Paris_AN_JJ_inventaire_Loire.xml
JJ170;15;2479;53v;Paris_AN_JJ_inventaire_Loire.xml
JJ170;24;2480;62;Paris_AN_JJ_inventaire_Loire.xml
JJ170;37;2481;69v;Paris_AN_JJ_inventaire_Loire.xml
JJ170;48;2482;77v;Paris_AN_JJ_inventaire_Loire.xml
JJ170;52;2483;80v;Paris_AN_JJ_inventaire_Loire.xml
JJ170;55;2484;85v;Paris_AN_JJ_inventaire_Loire.xml
JJ170;77;2485;101v;Paris_AN_JJ_inventaire_Loire.xml
JJ170;88;2486;109;Paris_AN_JJ_inventaire_Loire.xml
JJ170;89;2487;110;Paris_AN_JJ_inventaire_Loire.xml
JJ170;91;2488;111;Paris_AN_JJ_inventaire_Loire.xml
JJ170;95;2489;114;Paris_AN_JJ_inventaire_Loire.xml
JJ170;96;2490;115;Paris_AN_JJ_inventaire_Loire.xml
JJ170;114;2491;128;Paris_AN_JJ_inventaire_Loire.xml
JJ170;123;2492;133v;Paris_AN_JJ_inventaire_Loire.xml
JJ170;128;2493;136;Paris_AN_JJ_inventaire_Loire.xml
JJ170;133;2494;140;Paris_AN_JJ_inventaire_Loire.xml
JJ170;139;2495;145;Paris_AN_JJ_inventaire_Loire.xml
JJ170;148;2496;151v;Paris_AN_JJ_inventaire_Loire.xml
JJ170;221;2497;194;Paris_AN_JJ_inventaire_Loire.xml
JJ170;225;2498;197;Paris_AN_JJ_inventaire_Loire.xml
JJ170;258;2499;221;Paris_AN_JJ_inventaire_Loire.xml
JJ170;265;2500;226v;Paris_AN_JJ_inventaire_Loire.xml
JJ170;277;2501;234v;Paris_AN_JJ_inventaire_Loire.xml
JJ170;285;2502;238v;Paris_AN_JJ_inventaire_Loire.xml
JJ170;307;2503;250;Paris_AN_JJ_inventaire_Loire.xml
JJ171;6;2504;5;Paris_AN_JJ_inventaire_Loire.xml
JJ171;7;2505;fol5;Paris_AN_JJ_inventaire_Loire.xml
JJ171;30;2506;20;Paris_AN_JJ_inventaire_Loire.xml
JJ171;34;2507;22;Paris_AN_JJ_inventaire_Loire.xml
JJ171;43;2508;26v;Paris_AN_JJ_inventaire_Loire.xml
JJ171;51;2509;30v;Paris_AN_JJ_inventaire_Loire.xml
JJ171;52;2510;32;Paris_AN_JJ_inventaire_Loire.xml
JJ171;57bis;2511;34v;Paris_AN_JJ_inventaire_Loire.xml
JJ171;75;2512;45;Paris_AN_JJ_inventaire_Loire.xml
JJ171;84;2513;50v;Paris_AN_JJ_inventaire_Loire.xml
JJ171;91;2514;53v;Paris_AN_JJ_inventaire_Loire.xml
JJ171;63;2515;106;Paris_AN_JJ_inventaire_Loire.xml
JJ171;108;2516;64;Paris_AN_JJ_inventaire_Loire.xml
JJ171;174;2517;104;Paris_AN_JJ_inventaire_Loire.xml
JJ171;291;2518;138;Paris_AN_JJ_inventaire_Loire.xml
JJ171;319;2519;189;Paris_AN_JJ_inventaire_Loire.xml
JJ171;331;2520;195;Paris_AN_JJ_inventaire_Loire.xml
JJ171;333;2521;196v;Paris_AN_JJ_inventaire_Loire.xml
JJ171;365;2522;213v;Paris_AN_JJ_inventaire_Loire.xml
JJ171;366;2523;213v;Paris_AN_JJ_inventaire_Loire.xml
JJ171;395;2524;228v;Paris_AN_JJ_inventaire_Loire.xml
JJ171;442;2525;252;Paris_AN_JJ_inventaire_Loire.xml
JJ171;443;2526;252;Paris_AN_JJ_inventaire_Loire.xml
JJ171;444;2527;252v;Paris_AN_JJ_inventaire_Loire.xml
JJ171;445;2528;252v;Paris_AN_JJ_inventaire_Loire.xml
JJ171;446;2529;253;Paris_AN_JJ_inventaire_Loire.xml
JJ171;447;2530;253v;Paris_AN_JJ_inventaire_Loire.xml
JJ171;448;2531;254;Paris_AN_JJ_inventaire_Loire.xml
JJ171;449;2532;254v;Paris_AN_JJ_inventaire_Loire.xml
JJ171;482;2533;270;Paris_AN_JJ_inventaire_Loire.xml
JJ172;187;2534;97;Paris_AN_JJ_inventaire_Loire.xml
JJ172;203;2535;104v;Paris_AN_JJ_inventaire_Loire.xml
JJ172;246;2536;125;Paris_AN_JJ_inventaire_Loire.xml
JJ172;276;2537;139v;Paris_AN_JJ_inventaire_Loire.xml
JJ172;311;2538;158v;Paris_AN_JJ_inventaire_Loire.xml
JJ172;317;2539;162;Paris_AN_JJ_inventaire_Loire.xml
JJ172;478;2540;268;Paris_AN_JJ_inventaire_Loire.xml
JJ172;524;2541;292v;Paris_AN_JJ_inventaire_Loire.xml
JJ172;571;2542;318;Paris_AN_JJ_inventaire_Loire.xml
JJ172;641;2543;356;Paris_AN_JJ_inventaire_Loire.xml
JJ173;47;2544;24;Paris_AN_JJ_inventaire_Loire.xml
JJ173;69;2545;36v;Paris_AN_JJ_inventaire_Loire.xml
JJ173;132;2546;66;Paris_AN_JJ_inventaire_Loire.xml
JJ173;137;2547;68;Paris_AN_JJ_inventaire_Loire.xml
JJ173;146;2548;72v;Paris_AN_JJ_inventaire_Loire.xml
JJ173;153;2549;79;Paris_AN_JJ_inventaire_Loire.xml
JJ173;180;2550;92v;Paris_AN_JJ_inventaire_Loire.xml
JJ173;263;2551;130v;Paris_AN_JJ_inventaire_Loire.xml
JJ173;287;2552;140;Paris_AN_JJ_inventaire_Loire.xml
JJ173;387;2553;186;Paris_AN_JJ_inventaire_Loire.xml
JJ173;397;2554;192;Paris_AN_JJ_inventaire_Loire.xml
JJ173;408;2555;196v;Paris_AN_JJ_inventaire_Loire.xml
JJ173;415;2556;199v;Paris_AN_JJ_inventaire_Loire.xml
JJ173;427;2557;204;Paris_AN_JJ_inventaire_Loire.xml
JJ173;444;2558;211v;Paris_AN_JJ_inventaire_Loire.xml
JJ173;479;2559;229;Paris_AN_JJ_inventaire_Loire.xml
JJ173;556;2560;274;Paris_AN_JJ_inventaire_Loire.xml
JJ173;560;2561;276v;Paris_AN_JJ_inventaire_Loire.xml
JJ173;615;2562;304;Paris_AN_JJ_inventaire_Loire.xml
JJ173;619;2563;306;Paris_AN_JJ_inventaire_Loire.xml
JJ173;630;2564;310;Paris_AN_JJ_inventaire_Loire.xml
JJ173;638;2565;313v;Paris_AN_JJ_inventaire_Loire.xml
JJ173;657;2566;321;Paris_AN_JJ_inventaire_Loire.xml
JJ173;670;2567;321;Paris_AN_JJ_inventaire_Loire.xml
JJ173;690;2568;335;Paris_AN_JJ_inventaire_Loire.xml
JJ173;698;2569;339;Paris_AN_JJ_inventaire_Loire.xml
JJ173;716;2570;346v;Paris_AN_JJ_inventaire_Loire.xml
JJ173;732;2571;353v;Paris_AN_JJ_inventaire_Loire.xml
JJ174;23;2572;9;Paris_AN_JJ_inventaire_Loire.xml
JJ174;26;2573;10;Paris_AN_JJ_inventaire_Loire.xml
JJ174;42;2574;17;Paris_AN_JJ_inventaire_Loire.xml
JJ174;60;2575;24;Paris_AN_JJ_inventaire_Loire.xml
JJ174;69;2576;28v;Paris_AN_JJ_inventaire_Loire.xml
JJ174;75;2577;31;Paris_AN_JJ_inventaire_Loire.xml
JJ174;112;2578;47;Paris_AN_JJ_inventaire_Loire.xml
JJ174;151;2579;63;Paris_AN_JJ_inventaire_Loire.xml
JJ174;160;2580;67;Paris_AN_JJ_inventaire_Loire.xml
JJ174;182;2581;78;Paris_AN_JJ_inventaire_Loire.xml
JJ174;244;2582;108v;Paris_AN_JJ_inventaire_Loire.xml
JJ174;288;2583;126v;Paris_AN_JJ_inventaire_Loire.xml
JJ174;298;2584;131;Paris_AN_JJ_inventaire_Loire.xml
JJ174;311;2585;136;Paris_AN_JJ_inventaire_Loire.xml
JJ174;320;2586;139v;Paris_AN_JJ_inventaire_Loire.xml
JJ174;361;2587;155v;Paris_AN_JJ_inventaire_Loire.xml
JJ175;9;2588;4v;Paris_AN_JJ_inventaire_Loire.xml
JJ175;69;2589;22v;Paris_AN_JJ_inventaire_Loire.xml
JJ175;130;2590;41;Paris_AN_JJ_inventaire_Loire.xml
JJ175;177;2591;55v;Paris_AN_JJ_inventaire_Loire.xml
JJ175;365;2592;131v;Paris_AN_JJ_inventaire_Loire.xml
JJ175;375;2593;136v;Paris_AN_JJ_inventaire_Loire.xml
JJ176;11;2594;7v;Paris_AN_JJ_inventaire_Loire.xml
JJ176;36;2595;26;Paris_AN_JJ_inventaire_Loire.xml
JJ176;41;2596;30v;Paris_AN_JJ_inventaire_Loire.xml
JJ176;79;2597;48;Paris_AN_JJ_inventaire_Loire.xml
JJ176;127;2598;76;Paris_AN_JJ_inventaire_Loire.xml
JJ176;129;2599;77v;Paris_AN_JJ_inventaire_Loire.xml
JJ176;144;2600;90v;Paris_AN_JJ_inventaire_Loire.xml
JJ176;160;2601;108;Paris_AN_JJ_inventaire_Loire.xml
JJ176;171;2602;116;Paris_AN_JJ_inventaire_Loire.xml
JJ176;172;2603;116v;Paris_AN_JJ_inventaire_Loire.xml
JJ176;176;2604;119v;Paris_AN_JJ_inventaire_Loire.xml
JJ176;178;2605;121;Paris_AN_JJ_inventaire_Loire.xml
JJ176;191;2606;131v;Paris_AN_JJ_inventaire_Loire.xml
JJ176;202;2607;138v;Paris_AN_JJ_inventaire_Loire.xml
JJ176;205;2608;150v;Paris_AN_JJ_inventaire_Loire.xml
JJ176;209;2609;153v;Paris_AN_JJ_inventaire_Loire.xml
JJ176;219;2610;167;Paris_AN_JJ_inventaire_Loire.xml
JJ176;230;2611;178;Paris_AN_JJ_inventaire_Loire.xml
JJ176;232;2612;179v;Paris_AN_JJ_inventaire_Loire.xml
JJ176;242;2613;191;Paris_AN_JJ_inventaire_Loire.xml
JJ176;261;2614;205v;Paris_AN_JJ_inventaire_Loire.xml
JJ176;340;2615;252;Paris_AN_JJ_inventaire_Loire.xml
JJ176;358;2616;259v;Paris_AN_JJ_inventaire_Loire.xml
JJ176;370;2617;264v;Paris_AN_JJ_inventaire_Loire.xml
JJ176;379;2618;268;Paris_AN_JJ_inventaire_Loire.xml
JJ176;380;2619;268;Paris_AN_JJ_inventaire_Loire.xml
JJ176;381;2620;268v;Paris_AN_JJ_inventaire_Loire.xml
JJ176;392;2621;273;Paris_AN_JJ_inventaire_Loire.xml
JJ176;395;2622;274;Paris_AN_JJ_inventaire_Loire.xml
JJ176;396;2623;274;Paris_AN_JJ_inventaire_Loire.xml
JJ176;403;2624;276v;Paris_AN_JJ_inventaire_Loire.xml
JJ176;409;2625;278;Paris_AN_JJ_inventaire_Loire.xml
JJ176;434;2626;288v;Paris_AN_JJ_inventaire_Loire.xml
JJ176;435;2627;289;Paris_AN_JJ_inventaire_Loire.xml
JJ176;454;2628;296v;Paris_AN_JJ_inventaire_Loire.xml
JJ176;482;2629;305;Paris_AN_JJ_inventaire_Loire.xml
JJ176;504;2630;314;Paris_AN_JJ_inventaire_Loire.xml
JJ176;518;2631;320;Paris_AN_JJ_inventaire_Loire.xml
JJ176;541;2632;330;Paris_AN_JJ_inventaire_Loire.xml
JJ176;605;2633;368v;Paris_AN_JJ_inventaire_Loire.xml
JJ176;713;2634;437v;Paris_AN_JJ_inventaire_Loire.xml
JJ177;17;2635;10v;Paris_AN_JJ_inventaire_Loire.xml
JJ177;27;2636;14v;Paris_AN_JJ_inventaire_Loire.xml
JJ177;70;2637;89v;Paris_AN_JJ_inventaire_Loire.xml
JJ177;74;2638;44;Paris_AN_JJ_inventaire_Loire.xml
JJ177;75;2639;44v;Paris_AN_JJ_inventaire_Loire.xml
JJ177;83;2640;46;Paris_AN_JJ_inventaire_Loire.xml
JJ177;88;2641;48;Paris_AN_JJ_inventaire_Loire.xml
JJ177;89;2642;49;Paris_AN_JJ_inventaire_Loire.xml
JJ177;91;2643;50;Paris_AN_JJ_inventaire_Loire.xml
JJ177;93;2644;51;Paris_AN_JJ_inventaire_Loire.xml
JJ177;94;2645;52;Paris_AN_JJ_inventaire_Loire.xml
JJ177;110;2646;64v;Paris_AN_JJ_inventaire_Loire.xml
JJ177;112;2647;66;Paris_AN_JJ_inventaire_Loire.xml
JJ177;125;2648;78;Paris_AN_JJ_inventaire_Loire.xml
JJ177;142bis;2649;92v;Paris_AN_JJ_inventaire_Loire.xml
JJ177;157;2650;106;Paris_AN_JJ_inventaire_Loire.xml
JJ177;158bis;2651;106v;Paris_AN_JJ_inventaire_Loire.xml
JJ177;158ter;2652;106v;Paris_AN_JJ_inventaire_Loire.xml
JJ177;158quater;2653;106v;Paris_AN_JJ_inventaire_Loire.xml
JJ177;158quinquies;2654;106v;Paris_AN_JJ_inventaire_Loire.xml
JJ177;171;2655;114;Paris_AN_JJ_inventaire_Loire.xml
JJ177;175;2656;117;Paris_AN_JJ_inventaire_Loire.xml
JJ177;194;2657;131v;Paris_AN_JJ_inventaire_Loire.xml
JJ177;196;2658;127;Paris_AN_JJ_inventaire_Loire.xml
JJ177;214;2659;142;Paris_AN_JJ_inventaire_Loire.xml
JJ177;237;2660;157;Paris_AN_JJ_inventaire_Loire.xml
JJ177;243;2661;162;Paris_AN_JJ_inventaire_Loire.xml
JJ178;9;2662;7v;Paris_AN_JJ_inventaire_Loire.xml
JJ178;35;2663;24v;Paris_AN_JJ_inventaire_Loire.xml
JJ178;41;2664;28;Paris_AN_JJ_inventaire_Loire.xml
JJ178;42;2665;28v;Paris_AN_JJ_inventaire_Loire.xml
JJ178;54;2666;34;Paris_AN_JJ_inventaire_Loire.xml
JJ178;56;2667;35v;Paris_AN_JJ_inventaire_Loire.xml
JJ178;59;2668;37;Paris_AN_JJ_inventaire_Loire.xml
JJ178;74;2669;45;Paris_AN_JJ_inventaire_Loire.xml
JJ178;79;2670;49;Paris_AN_JJ_inventaire_Loire.xml
JJ178;101;2671;66;Paris_AN_JJ_inventaire_Loire.xml
JJ178;110;2672;71;Paris_AN_JJ_inventaire_Loire.xml
JJ178;138;2673;84v;Paris_AN_JJ_inventaire_Loire.xml
JJ178;164;2674;97v;Paris_AN_JJ_inventaire_Loire.xml
JJ178;170;2675;100v;Paris_AN_JJ_inventaire_Loire.xml
JJ178;176;2676;103;Paris_AN_JJ_inventaire_Loire.xml
JJ178;184;2677;107;Paris_AN_JJ_inventaire_Loire.xml
JJ178;196;2678;114;Paris_AN_JJ_inventaire_Loire.xml
JJ178;198;2679;114v;Paris_AN_JJ_inventaire_Loire.xml
JJ178;225;2680;129;Paris_AN_JJ_inventaire_Loire.xml
JJ178;227;2681;130;Paris_AN_JJ_inventaire_Loire.xml
JJ178;239;2682;136;Paris_AN_JJ_inventaire_Loire.xml
JJ178;247;2683;140v;Paris_AN_JJ_inventaire_Loire.xml
JJ178;251;2684;142;Paris_AN_JJ_inventaire_Loire.xml
JJ178;254;2685;144;Paris_AN_JJ_inventaire_Loire.xml
JJ178;255;2686;144v;Paris_AN_JJ_inventaire_Loire.xml
JJ179;5;2687;2;Paris_AN_JJ_inventaire_Loire.xml
JJ179;8;2688;4;Paris_AN_JJ_inventaire_Loire.xml
JJ179;20;2689;11;Paris_AN_JJ_inventaire_Loire.xml
JJ179;22;2690;11v;Paris_AN_JJ_inventaire_Loire.xml
JJ179;23;2691;11v;Paris_AN_JJ_inventaire_Loire.xml
JJ179;24;2692;11v;Paris_AN_JJ_inventaire_Loire.xml
JJ179;25;2693;12;Paris_AN_JJ_inventaire_Loire.xml
JJ179;26;2693bis;12;Paris_AN_JJ_inventaire_Loire.xml
JJ179;27;2694;12;Paris_AN_JJ_inventaire_Loire.xml
JJ179;48;2695;24v;Paris_AN_JJ_inventaire_Loire.xml
JJ179;53;2696;27v;Paris_AN_JJ_inventaire_Loire.xml
JJ179;54;2697;27v;Paris_AN_JJ_inventaire_Loire.xml
JJ179;58;2698;29v;Paris_AN_JJ_inventaire_Loire.xml
JJ179;65;2699;34;Paris_AN_JJ_inventaire_Loire.xml
JJ179;68;2700;36;Paris_AN_JJ_inventaire_Loire.xml
JJ179;71;2701;38;Paris_AN_JJ_inventaire_Loire.xml
JJ179;72;2702;38v;Paris_AN_JJ_inventaire_Loire.xml
JJ179;91;2703;48v;Paris_AN_JJ_inventaire_Loire.xml
JJ179;106;2704;56v;Paris_AN_JJ_inventaire_Loire.xml
JJ179;114;2705;60v;Paris_AN_JJ_inventaire_Loire.xml
JJ179;122;2706;64v;Paris_AN_JJ_inventaire_Loire.xml
JJ179;147;2707;79;Paris_AN_JJ_inventaire_Loire.xml
JJ179;148;2708;79v;Paris_AN_JJ_inventaire_Loire.xml
JJ179;152;2709;82v;Paris_AN_JJ_inventaire_Loire.xml
JJ179;157;2710;86;Paris_AN_JJ_inventaire_Loire.xml
JJ179;162;2711;89v;Paris_AN_JJ_inventaire_Loire.xml
JJ179;163;2712;90;Paris_AN_JJ_inventaire_Loire.xml
JJ179;164;2713;90v;Paris_AN_JJ_inventaire_Loire.xml
JJ179;168;2714;93;Paris_AN_JJ_inventaire_Loire.xml
JJ179;170;2715;94v;Paris_AN_JJ_inventaire_Loire.xml
JJ179;180;2716;100;Paris_AN_JJ_inventaire_Loire.xml
JJ179;186;2717;104;Paris_AN_JJ_inventaire_Loire.xml
JJ179;203;2718;115;Paris_AN_JJ_inventaire_Loire.xml
JJ179;207;2719;117v;Paris_AN_JJ_inventaire_Loire.xml
JJ179;214;2720;121;Paris_AN_JJ_inventaire_Loire.xml
JJ179;224;2721;126;Paris_AN_JJ_inventaire_Loire.xml
JJ179;230;2722;131;Paris_AN_JJ_inventaire_Loire.xml
JJ179;235;2723;133v;Paris_AN_JJ_inventaire_Loire.xml
JJ179;246;2724;140v;Paris_AN_JJ_inventaire_Loire.xml
JJ179;247;2725;141;Paris_AN_JJ_inventaire_Loire.xml
JJ179;248;2726;144;Paris_AN_JJ_inventaire_Loire.xml
JJ179;249;2727;144v;Paris_AN_JJ_inventaire_Loire.xml
JJ179;250;2728;145;Paris_AN_JJ_inventaire_Loire.xml
JJ179;152;2729;146;Paris_AN_JJ_inventaire_Loire.xml
JJ179;257;2730;154v;Paris_AN_JJ_inventaire_Loire.xml
JJ179;262;2731;152;Paris_AN_JJ_inventaire_Loire.xml
JJ179;281;2732;163;Paris_AN_JJ_inventaire_Loire.xml
JJ179;282;2733;163v;Paris_AN_JJ_inventaire_Loire.xml
JJ179;284;2734;164v;Paris_AN_JJ_inventaire_Loire.xml
JJ179;291;2735;167;Paris_AN_JJ_inventaire_Loire.xml
JJ179;295;2736;169;Paris_AN_JJ_inventaire_Loire.xml
JJ179;298;2737;170;Paris_AN_JJ_inventaire_Loire.xml
JJ179;312;2738;178;Paris_AN_JJ_inventaire_Loire.xml
JJ179;322;2739;184v;Paris_AN_JJ_inventaire_Loire.xml
JJ179;334;2740;190;Paris_AN_JJ_inventaire_Loire.xml
JJ179;343;2741;194;Paris_AN_JJ_inventaire_Loire.xml
JJ179;344;2742;194v;Paris_AN_JJ_inventaire_Loire.xml
JJ179;352;2743;198v;Paris_AN_JJ_inventaire_Loire.xml
JJ179;356;2744;201;Paris_AN_JJ_inventaire_Loire.xml
JJ179;359;2745;202;Paris_AN_JJ_inventaire_Loire.xml
JJ179;362;2746;203v;Paris_AN_JJ_inventaire_Loire.xml
JJ179;364;2747;204v;Paris_AN_JJ_inventaire_Loire.xml
JJ179;365;2748;205;Paris_AN_JJ_inventaire_Loire.xml
JJ179;366;2749;205v;Paris_AN_JJ_inventaire_Loire.xml
JJ179;367;2750;206;Paris_AN_JJ_inventaire_Loire.xml
JJ179;373;2751;209;Paris_AN_JJ_inventaire_Loire.xml
JJ180;8;2752;3;Paris_AN_JJ_inventaire_Loire.xml
JJ180;20;2753;8v;Paris_AN_JJ_inventaire_Loire.xml
JJ180;27;2754;12;Paris_AN_JJ_inventaire_Loire.xml
JJ180;28;2755;12v;Paris_AN_JJ_inventaire_Loire.xml
JJ180;29;2756;19;Paris_AN_JJ_inventaire_Loire.xml
JJ180;31;2757;14;Paris_AN_JJ_inventaire_Loire.xml
JJ180;44;2758;19;Paris_AN_JJ_inventaire_Loire.xml
JJ180;80;2759;36;Paris_AN_JJ_inventaire_Loire.xml
JJ180;91;2760;40v;Paris_AN_JJ_inventaire_Loire.xml
JJ180;94;2761;42;Paris_AN_JJ_inventaire_Loire.xml
JJ180;111;2762;50;Paris_AN_JJ_inventaire_Loire.xml
JJ181;3;2763;1v;Paris_AN_JJ_inventaire_Loire.xml
JJ181;4;2764;2;Paris_AN_JJ_inventaire_Loire.xml
JJ181;35;2765;19v;Paris_AN_JJ_inventaire_Loire.xml
JJ181;40;2766;22;Paris_AN_JJ_inventaire_Loire.xml
JJ181;44;2767;24;Paris_AN_JJ_inventaire_Loire.xml
JJ181;49;2768;26;Paris_AN_JJ_inventaire_Loire.xml
JJ181;56;2769;28v;Paris_AN_JJ_inventaire_Loire.xml
JJ181;58;2770;30v;Paris_AN_JJ_inventaire_Loire.xml
JJ181;63;2771;32v;Paris_AN_JJ_inventaire_Loire.xml
JJ181;84;2772;45;Paris_AN_JJ_inventaire_Loire.xml
JJ181;91;2773;49v;Paris_AN_JJ_inventaire_Loire.xml
JJ181;92;2774;51;Paris_AN_JJ_inventaire_Loire.xml
JJ181;97;2775;53v;Paris_AN_JJ_inventaire_Loire.xml
JJ181;100;2776;55;Paris_AN_JJ_inventaire_Loire.xml
JJ181;117;2777;65;Paris_AN_JJ_inventaire_Loire.xml
JJ181;119;2778;66;Paris_AN_JJ_inventaire_Loire.xml
JJ181;140;2779;80;Paris_AN_JJ_inventaire_Loire.xml
JJ181;145;2780;83;Paris_AN_JJ_inventaire_Loire.xml
JJ181;146;2781;83;Paris_AN_JJ_inventaire_Loire.xml
JJ181;147;2782;83v;Paris_AN_JJ_inventaire_Loire.xml
JJ181;157;2783;97;Paris_AN_JJ_inventaire_Loire.xml
JJ181;168;2784;104v;Paris_AN_JJ_inventaire_Loire.xml
JJ181;169;2785;105;Paris_AN_JJ_inventaire_Loire.xml
JJ181;174;2786;108v;Paris_AN_JJ_inventaire_Loire.xml
JJ181;177;2787;110v;Paris_AN_JJ_inventaire_Loire.xml
JJ181;192;2788;119;Paris_AN_JJ_inventaire_Loire.xml
JJ181;213;2789;132;Paris_AN_JJ_inventaire_Loire.xml
JJ181;216;2790;134;Paris_AN_JJ_inventaire_Loire.xml
JJ181;229;2791;142;Paris_AN_JJ_inventaire_Loire.xml
JJ181;233;2792;144v;Paris_AN_JJ_inventaire_Loire.xml
JJ181;244;2793;150v;Paris_AN_JJ_inventaire_Loire.xml
JJ181;245;2794;152;Paris_AN_JJ_inventaire_Loire.xml
JJ181;251;2795;155v;Paris_AN_JJ_inventaire_Loire.xml
JJ181;252;2796;156;Paris_AN_JJ_inventaire_Loire.xml
JJ181;261;2797;161;Paris_AN_JJ_inventaire_Loire.xml
JJ181;264;2798;162v;Paris_AN_JJ_inventaire_Loire.xml
JJ181;267;2799;164;Paris_AN_JJ_inventaire_Loire.xml
JJ181;271;2800;166v;Paris_AN_JJ_inventaire_Loire.xml
JJ182;38;2801;21v;Paris_AN_JJ_inventaire_Loire.xml
JJ182;45;2802;27;Paris_AN_JJ_inventaire_Loire.xml
JJ182;58;2803;35;Paris_AN_JJ_inventaire_Loire.xml
JJ182;75;2804;45;Paris_AN_JJ_inventaire_Loire.xml
JJ182;82;2805;49;Paris_AN_JJ_inventaire_Loire.xml
JJ182;89;2806;53v;Paris_AN_JJ_inventaire_Loire.xml
JJ182;109;2807;64v;Paris_AN_JJ_inventaire_Loire.xml
JJ182;116;2808;64;Paris_AN_JJ_inventaire_Loire.xml
JJ182;118;2809;65;Paris_AN_JJ_inventaire_Loire.xml
JJ182;127;2810;70v;Paris_AN_JJ_inventaire_Loire.xml
JJ182;131;2811;71v;Paris_AN_JJ_inventaire_Loire.xml
JJ182;141;2812;77v;Paris_AN_JJ_inventaire_Loire.xml
JJ183;91;2813;67;Paris_AN_JJ_inventaire_Loire.xml
JJ183;107;2814;80;Paris_AN_JJ_inventaire_Loire.xml
JJ183;115;2815;86;Paris_AN_JJ_inventaire_Loire.xml
JJ183;216;2816;104;Paris_AN_JJ_inventaire_Loire.xml
JJ183;234;2817;129v;Paris_AN_JJ_inventaire_Loire.xml
JJ184;27;2818;18;Paris_AN_JJ_inventaire_Loire.xml
JJ184;41;2819;26;Paris_AN_JJ_inventaire_Loire.xml
JJ184;44;2820;28;Paris_AN_JJ_inventaire_Loire.xml
JJ184;61;2821;37v;Paris_AN_JJ_inventaire_Loire.xml
JJ184;63;2822;39;Paris_AN_JJ_inventaire_Loire.xml
JJ184;142;2823;95;Paris_AN_JJ_inventaire_Loire.xml
JJ184;155;2824;103;Paris_AN_JJ_inventaire_Loire.xml
JJ184;235;2825;157;Paris_AN_JJ_inventaire_Loire.xml
JJ184;320;2826;225v;Paris_AN_JJ_inventaire_Loire.xml
JJ184;323;2827;229;Paris_AN_JJ_inventaire_Loire.xml
JJ184;363;2828;265v;Paris_AN_JJ_inventaire_Loire.xml
JJ184;368;2829;270v;Paris_AN_JJ_inventaire_Loire.xml
JJ184;369;2830;271;Paris_AN_JJ_inventaire_Loire.xml
JJ184;410;2831;301;Paris_AN_JJ_inventaire_Loire.xml
JJ184;449;2832;324v;Paris_AN_JJ_inventaire_Loire.xml
JJ184;451;2833;325v;Paris_AN_JJ_inventaire_Loire.xml
JJ184;452;2834;326;Paris_AN_JJ_inventaire_Loire.xml
JJ184;491;2835;346;Paris_AN_JJ_inventaire_Loire.xml
JJ184;540;2836;369;Paris_AN_JJ_inventaire_Loire.xml
JJ184;598;2837;405;Paris_AN_JJ_inventaire_Loire.xml
JJ184;605;2838;409v;Paris_AN_JJ_inventaire_Loire.xml
JJ184;609;2839;412v;Paris_AN_JJ_inventaire_Loire.xml
JJ185;40;2840;33v;Paris_AN_JJ_inventaire_Loire.xml
JJ185;55;2841;44v;Paris_AN_JJ_inventaire_Loire.xml
JJ185;67;2842;54;Paris_AN_JJ_inventaire_Loire.xml
JJ185;73;2843;57;Paris_AN_JJ_inventaire_Loire.xml
JJ185;79;2844;64;Paris_AN_JJ_inventaire_Loire.xml
JJ185;84;2845;76v;Paris_AN_JJ_inventaire_Loire.xml
JJ185;85;2846;77;Paris_AN_JJ_inventaire_Loire.xml
JJ185;119;2847;90;Paris_AN_JJ_inventaire_Loire.xml
JJ185;123;2848;93;Paris_AN_JJ_inventaire_Loire.xml
JJ185;147;2849;113;Paris_AN_JJ_inventaire_Loire.xml
JJ185;151;2850;115v;Paris_AN_JJ_inventaire_Loire.xml
JJ185;155;2851;118v;Paris_AN_JJ_inventaire_Loire.xml
JJ185;159;2852;122v;Paris_AN_JJ_inventaire_Loire.xml
JJ185;160;2853;123;Paris_AN_JJ_inventaire_Loire.xml
JJ185;165;2854;126;Paris_AN_JJ_inventaire_Loire.xml
JJ185;183;2855;139;Paris_AN_JJ_inventaire_Loire.xml
JJ185;187;2856;141v;Paris_AN_JJ_inventaire_Loire.xml
JJ185;199;2857;151;Paris_AN_JJ_inventaire_Loire.xml
JJ185;200;2858;150v;Paris_AN_JJ_inventaire_Loire.xml
JJ185;220;2859;161;Paris_AN_JJ_inventaire_Loire.xml
JJ185;221;2860;161v;Paris_AN_JJ_inventaire_Loire.xml
JJ185;226;2861;164;Paris_AN_JJ_inventaire_Loire.xml
JJ185;233;2862;167v;Paris_AN_JJ_inventaire_Loire.xml
JJ185;233bis;2863;168;Paris_AN_JJ_inventaire_Loire.xml
JJ185;256;2864;181;Paris_AN_JJ_inventaire_Loire.xml
JJ185;266;2865;187;Paris_AN_JJ_inventaire_Loire.xml
JJ185;268;2866;188;Paris_AN_JJ_inventaire_Loire.xml
JJ185;269;2867;188v;Paris_AN_JJ_inventaire_Loire.xml
JJ185;271;2868;190;Paris_AN_JJ_inventaire_Loire.xml
JJ185;283;2869;198v;Paris_AN_JJ_inventaire_Loire.xml
JJ185;292;2870;203;Paris_AN_JJ_inventaire_Loire.xml
JJ185;294;2871;203v;Paris_AN_JJ_inventaire_Loire.xml
JJ185;299;2872;207v;Paris_AN_JJ_inventaire_Loire.xml
JJ185;301;2873;208v;Paris_AN_JJ_inventaire_Loire.xml
JJ185;306;2874;212;Paris_AN_JJ_inventaire_Loire.xml
JJ185;311;2875;214v;Paris_AN_JJ_inventaire_Loire.xml
JJ185;313;2876;215v;Paris_AN_JJ_inventaire_Loire.xml
JJ185;315;2877;216v;Paris_AN_JJ_inventaire_Loire.xml
JJ185;318;2878;217v;Paris_AN_JJ_inventaire_Loire.xml
JJ185;335;2879;227;Paris_AN_JJ_inventaire_Loire.xml
JJ185;335bis;2880;228v;Paris_AN_JJ_inventaire_Loire.xml
JJ185;336;2881;228v;Paris_AN_JJ_inventaire_Loire.xml
JJ185;336bis;2882;229v;Paris_AN_JJ_inventaire_Loire.xml
JJ185;340;2883;231;Paris_AN_JJ_inventaire_Loire.xml
JJ186;12;2884;6v;Paris_AN_JJ_inventaire_Loire.xml
JJ186;17;2885;9v;Paris_AN_JJ_inventaire_Loire.xml
JJ186;19;2886;10v;Paris_AN_JJ_inventaire_Loire.xml
JJ186;32;2887;16v;Paris_AN_JJ_inventaire_Loire.xml
JJ186;46;2888;28;Paris_AN_JJ_inventaire_Loire.xml
JJ186;51;2889;31v;Paris_AN_JJ_inventaire_Loire.xml
JJ186;62;2890;39;Paris_AN_JJ_inventaire_Loire.xml
JJ186;74;2891;45;Paris_AN_JJ_inventaire_Loire.xml
JJ186;84;2892;49v;Paris_AN_JJ_inventaire_Loire.xml
JJ186;87;2893;52;Paris_AN_JJ_inventaire_Loire.xml
JJ186;91;2894;53;Paris_AN_JJ_inventaire_Loire.xml
JJ186;92;2895;53v;Paris_AN_JJ_inventaire_Loire.xml
JJ187;12;2896;10v;Paris_AN_JJ_inventaire_Loire.xml
JJ187;20;2897;14;Paris_AN_JJ_inventaire_Loire.xml
JJ187;30;2898;19;Paris_AN_JJ_inventaire_Loire.xml
JJ187;47;2899;25;Paris_AN_JJ_inventaire_Loire.xml
JJ187;52;2900;29;Paris_AN_JJ_inventaire_Loire.xml
JJ187;67;2901;36;Paris_AN_JJ_inventaire_Loire.xml
JJ187;68;2902;36v;Paris_AN_JJ_inventaire_Loire.xml
JJ187;90;2903;45;Paris_AN_JJ_inventaire_Loire.xml
JJ187;103;2904;52;Paris_AN_JJ_inventaire_Loire.xml
JJ187;104;2905;52v;Paris_AN_JJ_inventaire_Loire.xml
JJ187;112;2906;59v;Paris_AN_JJ_inventaire_Loire.xml
JJ187;115;2907;61;Paris_AN_JJ_inventaire_Loire.xml
JJ187;139;2908;72;Paris_AN_JJ_inventaire_Loire.xml
JJ187;141;2909;73;Paris_AN_JJ_inventaire_Loire.xml
JJ187;146;2910;75;Paris_AN_JJ_inventaire_Loire.xml
JJ187;162;2911;83v;Paris_AN_JJ_inventaire_Loire.xml
JJ187;165;2912;85;Paris_AN_JJ_inventaire_Loire.xml
JJ187;168;2913;86v;Paris_AN_JJ_inventaire_Loire.xml
JJ187;176;2914;91;Paris_AN_JJ_inventaire_Loire.xml
JJ187;177;2915;92;Paris_AN_JJ_inventaire_Loire.xml
JJ187;199;2916;105;Paris_AN_JJ_inventaire_Loire.xml
JJ187;200;2917;106;Paris_AN_JJ_inventaire_Loire.xml
JJ187;215;2918;114v;Paris_AN_JJ_inventaire_Loire.xml
JJ187;229;2919;124;Paris_AN_JJ_inventaire_Loire.xml
JJ187;231;2920;125;Paris_AN_JJ_inventaire_Loire.xml
JJ187;242;2921;130;Paris_AN_JJ_inventaire_Loire.xml
JJ187;301;2922;165v;Paris_AN_JJ_inventaire_Loire.xml
JJ187;310;2923;169v;Paris_AN_JJ_inventaire_Loire.xml
JJ187;326;2924;176;Paris_AN_JJ_inventaire_Loire.xml
JJ187;354;2925;190v;Paris_AN_JJ_inventaire_Loire.xml
JJ188;4;2926;2v;Paris_AN_JJ_inventaire_Loire.xml
JJ188;10;2927;5v;Paris_AN_JJ_inventaire_Loire.xml
JJ188;31;2928;17v;Paris_AN_JJ_inventaire_Loire.xml
JJ188;32;2929;18;Paris_AN_JJ_inventaire_Loire.xml
JJ188;44;2930;23v;Paris_AN_JJ_inventaire_Loire.xml
JJ188;58;2931;30;Paris_AN_JJ_inventaire_Loire.xml
JJ188;72;2932;35v;Paris_AN_JJ_inventaire_Loire.xml
JJ188;78;2933;38;Paris_AN_JJ_inventaire_Loire.xml
JJ188;79;2934;38v;Paris_AN_JJ_inventaire_Loire.xml
JJ188;83;2935;;Paris_AN_JJ_inventaire_Loire.xml
JJ188;86;2936;40v;Paris_AN_JJ_inventaire_Loire.xml
JJ188;91;2937;45v;Paris_AN_JJ_inventaire_Loire.xml
JJ188;98;2938;50v;Paris_AN_JJ_inventaire_Loire.xml
JJ188;115;2939;56v;Paris_AN_JJ_inventaire_Loire.xml
JJ188;124;2940;60;Paris_AN_JJ_inventaire_Loire.xml
JJ188;129;2941;63;Paris_AN_JJ_inventaire_Loire.xml
JJ188;135;2942;65v;Paris_AN_JJ_inventaire_Loire.xml
JJ188;143;2943;70v;Paris_AN_JJ_inventaire_Loire.xml
JJ188;156;2944;77;Paris_AN_JJ_inventaire_Loire.xml
JJ188;161;2945;82;Paris_AN_JJ_inventaire_Loire.xml
JJ188;166;2946;83;Paris_AN_JJ_inventaire_Loire.xml
JJ188;169;2947;85;Paris_AN_JJ_inventaire_Loire.xml
JJ188;175;2948;87v;Paris_AN_JJ_inventaire_Loire.xml
JJ188;189;2949;89v;Paris_AN_JJ_inventaire_Loire.xml
JJ188;202;2950;101v;Paris_AN_JJ_inventaire_Loire.xml
JJ188;203;2951;102;Paris_AN_JJ_inventaire_Loire.xml
JJ188;214;2952;106v;Paris_AN_JJ_inventaire_Loire.xml
JJ188;215;2953;107;Paris_AN_JJ_inventaire_Loire.xml
JJ188;220;2954;108v;Paris_AN_JJ_inventaire_Loire.xml
JJ188;221;2955;109;Paris_AN_JJ_inventaire_Loire.xml
JJ189;30;2956;20;Paris_AN_JJ_inventaire_Loire.xml
JJ189;52;2957;27;Paris_AN_JJ_inventaire_Loire.xml
JJ189;73;2958;36;Paris_AN_JJ_inventaire_Loire.xml
JJ189;75;2959;37;Paris_AN_JJ_inventaire_Loire.xml
JJ189;82;2960;41v;Paris_AN_JJ_inventaire_Loire.xml
JJ189;89;2961;144v;Paris_AN_JJ_inventaire_Loire.xml
JJ189;107;2962;50v;Paris_AN_JJ_inventaire_Loire.xml
JJ189;133;2963;62;Paris_AN_JJ_inventaire_Loire.xml
JJ189;138;2964;64;Paris_AN_JJ_inventaire_Loire.xml
JJ189;149;2965;69;Paris_AN_JJ_inventaire_Loire.xml
JJ189;151;2966;70;Paris_AN_JJ_inventaire_Loire.xml
JJ189;198;2967;96;Paris_AN_JJ_inventaire_Loire.xml
JJ189;288;2968;144v;Paris_AN_JJ_inventaire_Loire.xml
JJ189;295;2969;147v;Paris_AN_JJ_inventaire_Loire.xml
JJ189;298;2970;149v;Paris_AN_JJ_inventaire_Loire.xml
JJ189;307;2971;157v;Paris_AN_JJ_inventaire_Loire.xml
JJ189;316;2972;164;Paris_AN_JJ_inventaire_Loire.xml
JJ189;340;2973;178v;Paris_AN_JJ_inventaire_Loire.xml
JJ189;353;2974;185;Paris_AN_JJ_inventaire_Loire.xml
JJ189;385;2975;201;Paris_AN_JJ_inventaire_Loire.xml
JJ189;389;2976;202v;Paris_AN_JJ_inventaire_Loire.xml
JJ189;486;2977;272;Paris_AN_JJ_inventaire_Loire.xml
JJ190;3;2978;1v;Paris_AN_JJ_inventaire_Loire.xml
JJ190;4;2979;2v;Paris_AN_JJ_inventaire_Loire.xml
JJ190;10;2980;5;Paris_AN_JJ_inventaire_Loire.xml
JJ190;16;2981;8v;Paris_AN_JJ_inventaire_Loire.xml
JJ190;20;2982;12;Paris_AN_JJ_inventaire_Loire.xml
JJ190;38;2983;20;Paris_AN_JJ_inventaire_Loire.xml
JJ190;47;2984;25;Paris_AN_JJ_inventaire_Loire.xml
JJ190;53;2985;28;Paris_AN_JJ_inventaire_Loire.xml
JJ190;63;2986;33;Paris_AN_JJ_inventaire_Loire.xml
JJ190;66;2987;34v;Paris_AN_JJ_inventaire_Loire.xml
JJ190;68;2988;36v;Paris_AN_JJ_inventaire_Loire.xml
JJ190;69;2989;37;Paris_AN_JJ_inventaire_Loire.xml
JJ190;70;2990;38;Paris_AN_JJ_inventaire_Loire.xml
JJ190;76;2991;41v;Paris_AN_JJ_inventaire_Loire.xml
JJ190;79;2992;42v;Paris_AN_JJ_inventaire_Loire.xml
JJ190;86;2993;46v;Paris_AN_JJ_inventaire_Loire.xml
JJ190;89;2994;48v;Paris_AN_JJ_inventaire_Loire.xml
JJ190;97;2995;52v;Paris_AN_JJ_inventaire_Loire.xml
JJ190;98;2996;53;Paris_AN_JJ_inventaire_Loire.xml
JJ190;101;2997;54v;Paris_AN_JJ_inventaire_Loire.xml
JJ190;111;2998;59;Paris_AN_JJ_inventaire_Loire.xml
JJ190;117;2999;61;Paris_AN_JJ_inventaire_Loire.xml
JJ190;118;3000;62;Paris_AN_JJ_inventaire_Loire.xml
JJ190;125;3001;67;Paris_AN_JJ_inventaire_Loire.xml
JJ190;127;3002;68;Paris_AN_JJ_inventaire_Loire.xml
JJ190;138;3003;74v;Paris_AN_JJ_inventaire_Loire.xml
JJ190;142;3004;76v;Paris_AN_JJ_inventaire_Loire.xml
JJ190;147;3005;78v;Paris_AN_JJ_inventaire_Loire.xml
JJ190;158;3006;84v;Paris_AN_JJ_inventaire_Loire.xml
JJ190;162;3007;87;Paris_AN_JJ_inventaire_Loire.xml
JJ190;163;3008;87;Paris_AN_JJ_inventaire_Loire.xml
JJ190;166;3009;89;Paris_AN_JJ_inventaire_Loire.xml
JJ190;173;3010;92v;Paris_AN_JJ_inventaire_Loire.xml
JJ190;174;3011;93;Paris_AN_JJ_inventaire_Loire.xml
JJ190;183;3012;98;Paris_AN_JJ_inventaire_Loire.xml
JJ190;185;3013;99;Paris_AN_JJ_inventaire_Loire.xml
JJ190;207;3014;113;Paris_AN_JJ_inventaire_Loire.xml
JJ191;5;3015;2v;Paris_AN_JJ_inventaire_Loire.xml
JJ191;7;3016;3;Paris_AN_JJ_inventaire_Loire.xml
JJ191;9;3017;4;Paris_AN_JJ_inventaire_Loire.xml
JJ191;15;3018;6;Paris_AN_JJ_inventaire_Loire.xml
JJ191;16;3019;6v;Paris_AN_JJ_inventaire_Loire.xml
JJ191;22;3020;9;Paris_AN_JJ_inventaire_Loire.xml
JJ191;33;3021;16;Paris_AN_JJ_inventaire_Loire.xml
JJ191;53;3022;28;Paris_AN_JJ_inventaire_Loire.xml
JJ191;54;3023;28v;Paris_AN_JJ_inventaire_Loire.xml
JJ191;65;3024;34v;Paris_AN_JJ_inventaire_Loire.xml
JJ191;76;3025;41;Paris_AN_JJ_inventaire_Loire.xml
JJ191;91;3026;48;Paris_AN_JJ_inventaire_Loire.xml
JJ191;112;3027;59;Paris_AN_JJ_inventaire_Loire.xml
JJ191;120;3028;63v;Paris_AN_JJ_inventaire_Loire.xml
JJ191;121;3029;64;Paris_AN_JJ_inventaire_Loire.xml
JJ191;122;3030;64v;Paris_AN_JJ_inventaire_Loire.xml
JJ191;151;3031;80;Paris_AN_JJ_inventaire_Loire.xml
JJ191;161;3032;86;Paris_AN_JJ_inventaire_Loire.xml
JJ191;175;3033;92v;Paris_AN_JJ_inventaire_Loire.xml
JJ191;176;3034;92v;Paris_AN_JJ_inventaire_Loire.xml
JJ191;200;3035;106;Paris_AN_JJ_inventaire_Loire.xml
JJ191;212;3036;113;Paris_AN_JJ_inventaire_Loire.xml
JJ191;234;3037;126;Paris_AN_JJ_inventaire_Loire.xml
JJ191;235;3038;127;Paris_AN_JJ_inventaire_Loire.xml
JJ191;242;3039;130;Paris_AN_JJ_inventaire_Loire.xml
JJ191;264;3040;141;Paris_AN_JJ_inventaire_Loire.xml
JJ192;9;3041;4v;Paris_AN_JJ_inventaire_Loire.xml
JJ192;11;3042;6v;Paris_AN_JJ_inventaire_Loire.xml
JJ192;14;3043;8;Paris_AN_JJ_inventaire_Loire.xml
JJ192;29;3044;21v;Paris_AN_JJ_inventaire_Loire.xml
JJ192;32;3045;24;Paris_AN_JJ_inventaire_Loire.xml
JJ192;41;3046;30v;Paris_AN_JJ_inventaire_Loire.xml
JJ192;42;3047;31;Paris_AN_JJ_inventaire_Loire.xml
JJ192;43;3048;31;Paris_AN_JJ_inventaire_Loire.xml
JJ192;46;3049;33v;Paris_AN_JJ_inventaire_Loire.xml
JJ192;58;3050;41v;Paris_AN_JJ_inventaire_Loire.xml
JJ192;64;3051;44v;Paris_AN_JJ_inventaire_Loire.xml
JJ192;76;3052;54v;Paris_AN_JJ_inventaire_Loire.xml
JJ192;91;3053;65;Paris_AN_JJ_inventaire_Loire.xml
JJ194;3;3054;3;Paris_AN_JJ_inventaire_Loire.xml
JJ194;15;3055;8v;Paris_AN_JJ_inventaire_Loire.xml
JJ194;19;3056;10;Paris_AN_JJ_inventaire_Loire.xml
JJ194;32;3057;17;Paris_AN_JJ_inventaire_Loire.xml
JJ194;47;3058;26v;Paris_AN_JJ_inventaire_Loire.xml
JJ194;57;3059;31;Paris_AN_JJ_inventaire_Loire.xml
JJ194;66;3060;35;Paris_AN_JJ_inventaire_Loire.xml
JJ194;72;3061;38;Paris_AN_JJ_inventaire_Loire.xml
JJ194;85;3062;47;Paris_AN_JJ_inventaire_Loire.xml
JJ194;101;3063;55v;Paris_AN_JJ_inventaire_Loire.xml
JJ194;102;3064;56;Paris_AN_JJ_inventaire_Loire.xml
JJ194;104;3065;57;Paris_AN_JJ_inventaire_Loire.xml
JJ194;107;3066;58v;Paris_AN_JJ_inventaire_Loire.xml
JJ194;108;3067;59;Paris_AN_JJ_inventaire_Loire.xml
JJ194;122;3068;67;Paris_AN_JJ_inventaire_Loire.xml
JJ194;128;3069;73;Paris_AN_JJ_inventaire_Loire.xml
JJ194;139;3070;77v;Paris_AN_JJ_inventaire_Loire.xml
JJ194;146;3071;80;Paris_AN_JJ_inventaire_Loire.xml
JJ194;148;3072;81;Paris_AN_JJ_inventaire_Loire.xml
JJ194;184;3073;99;Paris_AN_JJ_inventaire_Loire.xml
JJ194;185;3074;99v;Paris_AN_JJ_inventaire_Loire.xml
JJ194;188;3075;101;Paris_AN_JJ_inventaire_Loire.xml
JJ194;191;3076;102;Paris_AN_JJ_inventaire_Loire.xml
JJ194;195;3077;104;Paris_AN_JJ_inventaire_Loire.xml
JJ194;204;3078;109v;Paris_AN_JJ_inventaire_Loire.xml
JJ194;206;3079;112;Paris_AN_JJ_inventaire_Loire.xml
JJ194;225;3080;123v;Paris_AN_JJ_inventaire_Loire.xml
JJ194;232;3081;125;Paris_AN_JJ_inventaire_Loire.xml
JJ194;233;3082;128;Paris_AN_JJ_inventaire_Loire.xml
JJ194;239;3083;132v;Paris_AN_JJ_inventaire_Loire.xml
JJ194;242;3084;134;Paris_AN_JJ_inventaire_Loire.xml
JJ194;244;3085;139;Paris_AN_JJ_inventaire_Loire.xml
JJ194;271;3086;151;Paris_AN_JJ_inventaire_Loire.xml
JJ194;277;3087;156;Paris_AN_JJ_inventaire_Loire.xml
JJ194;280;3088;157v;Paris_AN_JJ_inventaire_Loire.xml
JJ194;285;3089;162;Paris_AN_JJ_inventaire_Loire.xml
JJ194;299;3090;169;Paris_AN_JJ_inventaire_Loire.xml
JJ194;301;3091;171;Paris_AN_JJ_inventaire_Loire.xml
JJ194;313;3092;176;Paris_AN_JJ_inventaire_Loire.xml
JJ194;316;3093;177v;Paris_AN_JJ_inventaire_Loire.xml
JJ194;319;3094;180v;Paris_AN_JJ_inventaire_Loire.xml
JJ194;320;3095;181;Paris_AN_JJ_inventaire_Loire.xml
JJ194;339;3096;190;Paris_AN_JJ_inventaire_Loire.xml
JJ194;344;3097;193v;Paris_AN_JJ_inventaire_Loire.xml
JJ194;357;3098;200;Paris_AN_JJ_inventaire_Loire.xml
JJ194;358;3099;200v;Paris_AN_JJ_inventaire_Loire.xml
JJ194;359;3100;201;Paris_AN_JJ_inventaire_Loire.xml
JJ194;363;3101;204;Paris_AN_JJ_inventaire_Loire.xml
JJ194;364;3102;204v;Paris_AN_JJ_inventaire_Loire.xml
JJ194;367;3103;206v;Paris_AN_JJ_inventaire_Loire.xml
JJ194;372;3104;209;Paris_AN_JJ_inventaire_Loire.xml
JJ195;20;3105;7;Paris_AN_JJ_inventaire_Loire.xml
JJ195;30;3106;10v;Paris_AN_JJ_inventaire_Loire.xml
JJ195;31;3107;10v;Paris_AN_JJ_inventaire_Loire.xml
JJ195;36;3108;12v;Paris_AN_JJ_inventaire_Loire.xml
JJ195;75;3109;22v;Paris_AN_JJ_inventaire_Loire.xml
JJ195;91;3110;27;Paris_AN_JJ_inventaire_Loire.xml
JJ195;111;3111;32;Paris_AN_JJ_inventaire_Loire.xml
JJ195;117;3112;33v;Paris_AN_JJ_inventaire_Loire.xml
JJ195;131;3113;37v;Paris_AN_JJ_inventaire_Loire.xml
JJ195;132;3114;38;Paris_AN_JJ_inventaire_Loire.xml
JJ195;138;3115;39v;Paris_AN_JJ_inventaire_Loire.xml
JJ195;143;3116;40v;Paris_AN_JJ_inventaire_Loire.xml
JJ195;146;3117;41v;Paris_AN_JJ_inventaire_Loire.xml
JJ195;156;3118;44;Paris_AN_JJ_inventaire_Loire.xml
JJ195;161;3119;45v;Paris_AN_JJ_inventaire_Loire.xml
JJ195;162;3120;46;Paris_AN_JJ_inventaire_Loire.xml
JJ195;172;3121;48v;Paris_AN_JJ_inventaire_Loire.xml
JJ195;186;3122;53;Paris_AN_JJ_inventaire_Loire.xml
JJ195;217;3123;61;Paris_AN_JJ_inventaire_Loire.xml
JJ195;234;3124;65v;Paris_AN_JJ_inventaire_Loire.xml
JJ195;235;3125;65v;Paris_AN_JJ_inventaire_Loire.xml
JJ195;270;3126;74v;Paris_AN_JJ_inventaire_Loire.xml
JJ195;280;3127;77;Paris_AN_JJ_inventaire_Loire.xml
JJ195;288;3128;80v;Paris_AN_JJ_inventaire_Loire.xml
JJ195;321;3129;90v;Paris_AN_JJ_inventaire_Loire.xml
JJ195;333;3130;94;Paris_AN_JJ_inventaire_Loire.xml
JJ195;344;3131;97;Paris_AN_JJ_inventaire_Loire.xml
JJ195;361;3132;101;Paris_AN_JJ_inventaire_Loire.xml
JJ195;377;3133;105;Paris_AN_JJ_inventaire_Loire.xml
JJ195;404;3134;111;Paris_AN_JJ_inventaire_Loire.xml
JJ195;425;3135;116;Paris_AN_JJ_inventaire_Loire.xml
JJ195;428;3136;116v;Paris_AN_JJ_inventaire_Loire.xml
JJ195;443;3137;120;Paris_AN_JJ_inventaire_Loire.xml
JJ195;473;3138;127;Paris_AN_JJ_inventaire_Loire.xml
JJ195;484;3139;130;Paris_AN_JJ_inventaire_Loire.xml
JJ195;485;3140;130;Paris_AN_JJ_inventaire_Loire.xml
JJ195;486;3141;130v;Paris_AN_JJ_inventaire_Loire.xml
JJ195;492;3142;132;Paris_AN_JJ_inventaire_Loire.xml
JJ195;503;3143;134v;Paris_AN_JJ_inventaire_Loire.xml
JJ195;523;3144;140;Paris_AN_JJ_inventaire_Loire.xml
JJ195;528;3145;141v;Paris_AN_JJ_inventaire_Loire.xml
JJ195;530;3146;141v;Paris_AN_JJ_inventaire_Loire.xml
JJ195;538;3147;143v;Paris_AN_JJ_inventaire_Loire.xml
JJ195;550;3148;146;Paris_AN_JJ_inventaire_Loire.xml
JJ195;566;3149;149;Paris_AN_JJ_inventaire_Loire.xml
JJ195;579;3150;151v;Paris_AN_JJ_inventaire_Loire.xml
JJ195;589;3151;153v;Paris_AN_JJ_inventaire_Loire.xml
JJ195;643;3152;163v;Paris_AN_JJ_inventaire_Loire.xml
JJ195;647;3153;164v;Paris_AN_JJ_inventaire_Loire.xml
JJ195;650;3154;165;Paris_AN_JJ_inventaire_Loire.xml
JJ195;652;3155;165v;Paris_AN_JJ_inventaire_Loire.xml
JJ195;682;3156;171;Paris_AN_JJ_inventaire_Loire.xml
JJ195;702;3157;174v;Paris_AN_JJ_inventaire_Loire.xml
JJ195;705;3158;175v;Paris_AN_JJ_inventaire_Loire.xml
JJ195;729;3159;180v;Paris_AN_JJ_inventaire_Loire.xml
JJ195;732;3160;181;Paris_AN_JJ_inventaire_Loire.xml
JJ195;741;3161;183;Paris_AN_JJ_inventaire_Loire.xml
JJ195;755;3162;186;Paris_AN_JJ_inventaire_Loire.xml
JJ195;766;3163;188;Paris_AN_JJ_inventaire_Loire.xml
JJ195;771;3164;189;Paris_AN_JJ_inventaire_Loire.xml
JJ195;814;3165;198;Paris_AN_JJ_inventaire_Loire.xml
JJ195;815;3166;198;Paris_AN_JJ_inventaire_Loire.xml
JJ195;825;3167;200;Paris_AN_JJ_inventaire_Loire.xml
JJ195;832;3168;201;Paris_AN_JJ_inventaire_Loire.xml
JJ195;835;3169;202;Paris_AN_JJ_inventaire_Loire.xml
JJ195;878;3170;210;Paris_AN_JJ_inventaire_Loire.xml
JJ195;880;3171;210;Paris_AN_JJ_inventaire_Loire.xml
JJ195;887;3172;211v;Paris_AN_JJ_inventaire_Loire.xml
JJ195;890;3173;211v;Paris_AN_JJ_inventaire_Loire.xml
JJ195;899;3174;213;Paris_AN_JJ_inventaire_Loire.xml
JJ195;906;3175;213v;Paris_AN_JJ_inventaire_Loire.xml
JJ195;907;3176;214;Paris_AN_JJ_inventaire_Loire.xml
JJ195;910;3177;214v;Paris_AN_JJ_inventaire_Loire.xml
JJ195;912;3178;214v;Paris_AN_JJ_inventaire_Loire.xml
JJ195;914;3179;215;Paris_AN_JJ_inventaire_Loire.xml
JJ195;918;3180;215v;Paris_AN_JJ_inventaire_Loire.xml
JJ195;927;3181;217;Paris_AN_JJ_inventaire_Loire.xml
JJ195;941;3182;219;Paris_AN_JJ_inventaire_Loire.xml
JJ195;965;3183;223v;Paris_AN_JJ_inventaire_Loire.xml
JJ195;985;3184;228;Paris_AN_JJ_inventaire_Loire.xml
JJ195;1004;3185;231;Paris_AN_JJ_inventaire_Loire.xml
JJ195;999;3186;231;Paris_AN_JJ_inventaire_Loire.xml
JJ195;1003;3187;232;Paris_AN_JJ_inventaire_Loire.xml
JJ195;1012;3188;233v;Paris_AN_JJ_inventaire_Loire.xml
JJ195;1038;3189;238v;Paris_AN_JJ_inventaire_Loire.xml
JJ195;1051;3190;240v;Paris_AN_JJ_inventaire_Loire.xml
JJ195;1060;3191;242v;Paris_AN_JJ_inventaire_Loire.xml
JJ195;1093;3192;248v;Paris_AN_JJ_inventaire_Loire.xml
JJ195;1106;3193;251;Paris_AN_JJ_inventaire_Loire.xml
JJ195;1108;3194;251;Paris_AN_JJ_inventaire_Loire.xml
JJ195;1114;3195;252;Paris_AN_JJ_inventaire_Loire.xml
JJ195;1117;3196;252v;Paris_AN_JJ_inventaire_Loire.xml
JJ195;1130;3197;255;Paris_AN_JJ_inventaire_Loire.xml
JJ195;1133;3198;255v;Paris_AN_JJ_inventaire_Loire.xml
JJ195;1134;3199;255v;Paris_AN_JJ_inventaire_Loire.xml
JJ195;1136;3200;256;Paris_AN_JJ_inventaire_Loire.xml
JJ195;1141;3201;256v;Paris_AN_JJ_inventaire_Loire.xml
JJ195;1144;3202;257;Paris_AN_JJ_inventaire_Loire.xml
JJ195;1151;3203;258v;Paris_AN_JJ_inventaire_Loire.xml
JJ195;1153;3204;258v;Paris_AN_JJ_inventaire_Loire.xml
JJ195;1189;3205;266;Paris_AN_JJ_inventaire_Loire.xml
JJ195;1192;3206;266v;Paris_AN_JJ_inventaire_Loire.xml
JJ195;1193;3207;266v;Paris_AN_JJ_inventaire_Loire.xml
JJ195;1195;3208;267;Paris_AN_JJ_inventaire_Loire.xml
JJ195;1220;3209;271;Paris_AN_JJ_inventaire_Loire.xml
JJ195;1240;3210;274v;Paris_AN_JJ_inventaire_Loire.xml
JJ195;1261;3211;279;Paris_AN_JJ_inventaire_Loire.xml
JJ195;1266;3212;279v;Paris_AN_JJ_inventaire_Loire.xml
JJ195;1267;3213;280;Paris_AN_JJ_inventaire_Loire.xml
JJ195;1268;3214;280;Paris_AN_JJ_inventaire_Loire.xml
JJ195;1284;3215;283;Paris_AN_JJ_inventaire_Loire.xml
JJ195;1306;3216;287;Paris_AN_JJ_inventaire_Loire.xml
JJ195;1318;3217;289v;Paris_AN_JJ_inventaire_Loire.xml
JJ195;1333;3218;292;Paris_AN_JJ_inventaire_Loire.xml
JJ195;1350;3219;295;Paris_AN_JJ_inventaire_Loire.xml
JJ195;1353;3220;295v;Paris_AN_JJ_inventaire_Loire.xml
JJ195;1354;3221;296;Paris_AN_JJ_inventaire_Loire.xml
JJ195;1363;3222;297v;Paris_AN_JJ_inventaire_Loire.xml
JJ195;1364;3223;297v;Paris_AN_JJ_inventaire_Loire.xml
JJ195;1365;3224;298;Paris_AN_JJ_inventaire_Loire.xml
JJ195;1370;3225;299;Paris_AN_JJ_inventaire_Loire.xml
JJ195;1392;3226;303v;Paris_AN_JJ_inventaire_Loire.xml
JJ195;1401;3227;305;Paris_AN_JJ_inventaire_Loire.xml
JJ195;1402;3228;305v;Paris_AN_JJ_inventaire_Loire.xml
JJ195;1407;3229;306v;Paris_AN_JJ_inventaire_Loire.xml
JJ195;1409;3230;306v;Paris_AN_JJ_inventaire_Loire.xml
JJ195;1433;3231;323;Paris_AN_JJ_inventaire_Loire.xml
JJ195;1435;3232;323v;Paris_AN_JJ_inventaire_Loire.xml
JJ195;1437;3233;324;Paris_AN_JJ_inventaire_Loire.xml
JJ195;1445;3234;328v;Paris_AN_JJ_inventaire_Loire.xml
JJ195;1448;3235;329;Paris_AN_JJ_inventaire_Loire.xml
JJ195;1450;3236;330v;Paris_AN_JJ_inventaire_Loire.xml
JJ195;1454;3237;334;Paris_AN_JJ_inventaire_Loire.xml
JJ195;1468;3238;339;Paris_AN_JJ_inventaire_Loire.xml
JJ195;1469;3239;340;Paris_AN_JJ_inventaire_Loire.xml
JJ195;1471;3240;340v;Paris_AN_JJ_inventaire_Loire.xml
JJ195;1484;3241;345v;Paris_AN_JJ_inventaire_Loire.xml
JJ195;1498;3242;353;Paris_AN_JJ_inventaire_Loire.xml
JJ195;1516;3243;362;Paris_AN_JJ_inventaire_Loire.xml
JJ195;1517;3244;362v;Paris_AN_JJ_inventaire_Loire.xml
JJ195;1526;3245;366;Paris_AN_JJ_inventaire_Loire.xml
JJ195;1535;3246;370;Paris_AN_JJ_inventaire_Loire.xml
JJ195;1542;3247;372v;Paris_AN_JJ_inventaire_Loire.xml
JJ195;1552;3248;376v;Paris_AN_JJ_inventaire_Loire.xml
JJ195;1556;3249;378;Paris_AN_JJ_inventaire_Loire.xml
JJ195;1565;3250;382;Paris_AN_JJ_inventaire_Loire.xml
JJ195;1566;3251;382v;Paris_AN_JJ_inventaire_Loire.xml
JJ195;1571;3252;384v;Paris_AN_JJ_inventaire_Loire.xml
JJ195;1578;3253;387v;Paris_AN_JJ_inventaire_Loire.xml
JJ195;1580;3254;388v;Paris_AN_JJ_inventaire_Loire.xml
JJ195;1586;3255;392;Paris_AN_JJ_inventaire_Loire.xml
JJ195;1593;3256;396;Paris_AN_JJ_inventaire_Loire.xml
JJ195;1597;3257;397v;Paris_AN_JJ_inventaire_Loire.xml
JJ195;1603;3258;399v;Paris_AN_JJ_inventaire_Loire.xml
JJ195;1609;3259;402v;Paris_AN_JJ_inventaire_Loire.xml
JJ195;1628;3260;413v;Paris_AN_JJ_inventaire_Loire.xml
JJ195;1646;3261;423v;Paris_AN_JJ_inventaire_Loire.xml
JJ195;1649;3262;424v;Paris_AN_JJ_inventaire_Loire.xml
JJ195;1659;3263;430;Paris_AN_JJ_inventaire_Loire.xml
JJ195;1660;3264;430v;Paris_AN_JJ_inventaire_Loire.xml
JJ195;1666;3265;435v;Paris_AN_JJ_inventaire_Loire.xml
JJ195;1668;3266;436v;Paris_AN_JJ_inventaire_Loire.xml
JJ196;12;3267;9v;Paris_AN_JJ_inventaire_Loire.xml
JJ196;18;3268;13;Paris_AN_JJ_inventaire_Loire.xml
JJ196;26;3269;18;Paris_AN_JJ_inventaire_Loire.xml
JJ196;29;3270;19v;Paris_AN_JJ_inventaire_Loire.xml
JJ196;34;3271;22;Paris_AN_JJ_inventaire_Loire.xml
JJ196;63;3272;41;Paris_AN_JJ_inventaire_Loire.xml
JJ196;64;3273;42;Paris_AN_JJ_inventaire_Loire.xml
JJ196;65;3274;42v;Paris_AN_JJ_inventaire_Loire.xml
JJ196;68;3275;44;Paris_AN_JJ_inventaire_Loire.xml
JJ196;71;3276;46;Paris_AN_JJ_inventaire_Loire.xml
JJ196;89;3277;54v;Paris_AN_JJ_inventaire_Loire.xml
JJ196;90;3278;55;Paris_AN_JJ_inventaire_Loire.xml
JJ196;94;3279;57v;Paris_AN_JJ_inventaire_Loire.xml
JJ196;100;3280;59v;Paris_AN_JJ_inventaire_Loire.xml
JJ196;101;3281;60;Paris_AN_JJ_inventaire_Loire.xml
JJ196;107;3282;43;Paris_AN_JJ_inventaire_Loire.xml
JJ196;109;3283;63v;Paris_AN_JJ_inventaire_Loire.xml
JJ196;115;3284;66;Paris_AN_JJ_inventaire_Loire.xml
JJ196;117;3285;67;Paris_AN_JJ_inventaire_Loire.xml
JJ196;124;3286;70v;Paris_AN_JJ_inventaire_Loire.xml
JJ196;136;3287;77;Paris_AN_JJ_inventaire_Loire.xml
JJ196;146;3288;79v;Paris_AN_JJ_inventaire_Loire.xml
JJ196;157;3289;89v;Paris_AN_JJ_inventaire_Loire.xml
JJ196;159;3290;90v;Paris_AN_JJ_inventaire_Loire.xml
JJ196;160;3291;91v;Paris_AN_JJ_inventaire_Loire.xml
JJ196;163;3292;93;Paris_AN_JJ_inventaire_Loire.xml
JJ196;165;3293;102v;Paris_AN_JJ_inventaire_Loire.xml
JJ196;166;3294;103;Paris_AN_JJ_inventaire_Loire.xml
JJ196;168;3295;105;Paris_AN_JJ_inventaire_Loire.xml
JJ196;179;3296;122v;Paris_AN_JJ_inventaire_Loire.xml
JJ196;180;3297;113;Paris_AN_JJ_inventaire_Loire.xml
JJ196;184;3298;116;Paris_AN_JJ_inventaire_Loire.xml
JJ196;187;3299;120;Paris_AN_JJ_inventaire_Loire.xml
JJ196;191;3300;126v;Paris_AN_JJ_inventaire_Loire.xml
JJ196;195;3301;123v;Paris_AN_JJ_inventaire_Loire.xml
JJ196;204;3302;192v;Paris_AN_JJ_inventaire_Loire.xml
JJ196;206;3303;193v;Paris_AN_JJ_inventaire_Loire.xml
JJ196;211;3304;135v;Paris_AN_JJ_inventaire_Loire.xml
JJ196;213;3305;136;Paris_AN_JJ_inventaire_Loire.xml
JJ196;218;3306;139v;Paris_AN_JJ_inventaire_Loire.xml
JJ196;219;3307;139v;Paris_AN_JJ_inventaire_Loire.xml
JJ196;220;3308;140;Paris_AN_JJ_inventaire_Loire.xml
JJ196;221;3309;140;Paris_AN_JJ_inventaire_Loire.xml
JJ196;222bis;3310;141v;Paris_AN_JJ_inventaire_Loire.xml
JJ196;228;3311;145;Paris_AN_JJ_inventaire_Loire.xml
JJ196;254;3312;155v;Paris_AN_JJ_inventaire_Loire.xml
JJ196;257;3313;157;Paris_AN_JJ_inventaire_Loire.xml
JJ196;259;3314;159v;Paris_AN_JJ_inventaire_Loire.xml
JJ196;271;3315;167;Paris_AN_JJ_inventaire_Loire.xml
JJ196;283;3316;173;Paris_AN_JJ_inventaire_Loire.xml
JJ196;285;3317;174;Paris_AN_JJ_inventaire_Loire.xml
JJ196;287;3318;175;Paris_AN_JJ_inventaire_Loire.xml
JJ196;296;3319;182;Paris_AN_JJ_inventaire_Loire.xml
JJ196;303;3320;188;Paris_AN_JJ_inventaire_Loire.xml
JJ196;321;3321;201;Paris_AN_JJ_inventaire_Loire.xml
JJ196;325;3322;205;Paris_AN_JJ_inventaire_Loire.xml
JJ196;340;3323;220;Paris_AN_JJ_inventaire_Loire.xml
JJ196;345;3324;224bis;Paris_AN_JJ_inventaire_Loire.xml
JJ196;351;3325;227;Paris_AN_JJ_inventaire_Loire.xml
JJ196;352;3326;227v;Paris_AN_JJ_inventaire_Loire.xml
JJ196;349;3327;226v;Paris_AN_JJ_inventaire_Loire.xml
JJ196;354;3328;229;Paris_AN_JJ_inventaire_Loire.xml
JJ196;359;3329;232;Paris_AN_JJ_inventaire_Loire.xml
JJ196;365;3330;236v;Paris_AN_JJ_inventaire_Loire.xml
JJ197;3;3331;2v;Paris_AN_JJ_inventaire_Loire.xml
JJ197;13;3332;8;Paris_AN_JJ_inventaire_Loire.xml
JJ197;28;3333;18;Paris_AN_JJ_inventaire_Loire.xml
JJ197;30;3334;19;Paris_AN_JJ_inventaire_Loire.xml
JJ197;35;3335;22v;Paris_AN_JJ_inventaire_Loire.xml
JJ197;37;3336;24;Paris_AN_JJ_inventaire_Loire.xml
JJ197;53;3337;34;Paris_AN_JJ_inventaire_Loire.xml
JJ197;56;3338;35;Paris_AN_JJ_inventaire_Loire.xml
JJ197;57;3339;37;Paris_AN_JJ_inventaire_Loire.xml
JJ197;58;3340;37v;Paris_AN_JJ_inventaire_Loire.xml
JJ197;74;3341;46;Paris_AN_JJ_inventaire_Loire.xml
JJ197;82;3342;50v;Paris_AN_JJ_inventaire_Loire.xml
JJ197;91;3343;54v;Paris_AN_JJ_inventaire_Loire.xml
JJ197;93;3344;55;Paris_AN_JJ_inventaire_Loire.xml
JJ197;97;3345;57;Paris_AN_JJ_inventaire_Loire.xml
JJ197;119;3346;70v;Paris_AN_JJ_inventaire_Loire.xml
JJ197;122;3347;72;Paris_AN_JJ_inventaire_Loire.xml
JJ197;123;3348;72v;Paris_AN_JJ_inventaire_Loire.xml
JJ197;135;3349;78v;Paris_AN_JJ_inventaire_Loire.xml
JJ197;141;3350;80v;Paris_AN_JJ_inventaire_Loire.xml
JJ197;142;3351;80v;Paris_AN_JJ_inventaire_Loire.xml
JJ197;145;3352;81v;Paris_AN_JJ_inventaire_Loire.xml
JJ197;146;3353;82;Paris_AN_JJ_inventaire_Loire.xml
JJ197;147;3354;82v;Paris_AN_JJ_inventaire_Loire.xml
JJ197;149;3355;82v;Paris_AN_JJ_inventaire_Loire.xml
JJ197;154;3356;85v;Paris_AN_JJ_inventaire_Loire.xml
JJ197;160;3357;96;Paris_AN_JJ_inventaire_Loire.xml
JJ197;173;3358;97v;Paris_AN_JJ_inventaire_Loire.xml
JJ197;175;3359;98v;Paris_AN_JJ_inventaire_Loire.xml
JJ197;180;3360;100;Paris_AN_JJ_inventaire_Loire.xml
JJ197;181;3361;100;Paris_AN_JJ_inventaire_Loire.xml
JJ197;186;3362;105v;Paris_AN_JJ_inventaire_Loire.xml
JJ197;188;3363;107;Paris_AN_JJ_inventaire_Loire.xml
JJ197;199;3364;114;Paris_AN_JJ_inventaire_Loire.xml
JJ197;225;3365;125;Paris_AN_JJ_inventaire_Loire.xml
JJ197;228;3366;126v;Paris_AN_JJ_inventaire_Loire.xml
JJ197;278;3367;149;Paris_AN_JJ_inventaire_Loire.xml
JJ197;285;3368;153;Paris_AN_JJ_inventaire_Loire.xml
JJ197;304;3369;165;Paris_AN_JJ_inventaire_Loire.xml
JJ197;308;3370;166v;Paris_AN_JJ_inventaire_Loire.xml
JJ197;322;3371;174;Paris_AN_JJ_inventaire_Loire.xml
JJ197;337;3372;181v;Paris_AN_JJ_inventaire_Loire.xml
JJ197;342;3373;184;Paris_AN_JJ_inventaire_Loire.xml
JJ197;356;3374;190v;Paris_AN_JJ_inventaire_Loire.xml
JJ197;357;3375;191;Paris_AN_JJ_inventaire_Loire.xml
JJ197;358;3376;192;Paris_AN_JJ_inventaire_Loire.xml
JJ197;365;3377;195;Paris_AN_JJ_inventaire_Loire.xml
JJ197;369;3378;197v;Paris_AN_JJ_inventaire_Loire.xml
JJ197;377;3379;200v;Paris_AN_JJ_inventaire_Loire.xml
JJ197;389;3380;206v;Paris_AN_JJ_inventaire_Loire.xml
JJ197;401;3381;212v;Paris_AN_JJ_inventaire_Loire.xml
JJ197;402;3382;213;Paris_AN_JJ_inventaire_Loire.xml
JJ197;400;3383;;Paris_AN_JJ_inventaire_Loire.xml
JJ197;418;3384;219v;Paris_AN_JJ_inventaire_Loire.xml
JJ198;3;3385;4;Paris_AN_JJ_inventaire_Loire.xml
JJ198;11;3386;11v;Paris_AN_JJ_inventaire_Loire.xml
JJ198;19;3387;19v;Paris_AN_JJ_inventaire_Loire.xml
JJ198;24;3388;24v;Paris_AN_JJ_inventaire_Loire.xml
JJ198;32;3389;32;Paris_AN_JJ_inventaire_Loire.xml
JJ198;35;3390;33v;Paris_AN_JJ_inventaire_Loire.xml
JJ198;44;3391;45v;Paris_AN_JJ_inventaire_Loire.xml
JJ198;51;3392;52;Paris_AN_JJ_inventaire_Loire.xml
JJ198;54;3393;56v;Paris_AN_JJ_inventaire_Loire.xml
JJ198;57;3394;58;Paris_AN_JJ_inventaire_Loire.xml
JJ198;58;3395;59;Paris_AN_JJ_inventaire_Loire.xml
JJ198;63;3396;61v;Paris_AN_JJ_inventaire_Loire.xml
JJ198;64;3397;64;Paris_AN_JJ_inventaire_Loire.xml
JJ198;65;3398;64v;Paris_AN_JJ_inventaire_Loire.xml
JJ198;83;3399;80v;Paris_AN_JJ_inventaire_Loire.xml
JJ198;98;3400;100v;Paris_AN_JJ_inventaire_Loire.xml
JJ198;109;3401;99v;Paris_AN_JJ_inventaire_Loire.xml
JJ198;121;3402;114v;Paris_AN_JJ_inventaire_Loire.xml
JJ198;145;3403;128;Paris_AN_JJ_inventaire_Loire.xml
JJ198;163;3404;140;Paris_AN_JJ_inventaire_Loire.xml
JJ198;170;3405;145;Paris_AN_JJ_inventaire_Loire.xml
JJ198;193;3406;177;Paris_AN_JJ_inventaire_Loire.xml
JJ198;194;3407;180v;Paris_AN_JJ_inventaire_Loire.xml
JJ198;296;3408;250;Paris_AN_JJ_inventaire_Loire.xml
JJ199;9;3409;6;Paris_AN_JJ_inventaire_Loire.xml
JJ199;44;3410;32v;Paris_AN_JJ_inventaire_Loire.xml
JJ199;68;3411;42;Paris_AN_JJ_inventaire_Loire.xml
JJ199;69;3412;43;Paris_AN_JJ_inventaire_Loire.xml
JJ199;156;3413;95;Paris_AN_JJ_inventaire_Loire.xml
JJ199;163;3414;100;Paris_AN_JJ_inventaire_Loire.xml
JJ199;165;3415;102;Paris_AN_JJ_inventaire_Loire.xml
JJ199;255;3416;150;Paris_AN_JJ_inventaire_Loire.xml
JJ199;312;3417;183v;Paris_AN_JJ_inventaire_Loire.xml
JJ199;435;3418;272v;Paris_AN_JJ_inventaire_Loire.xml
JJ199;451;3419;283v;Paris_AN_JJ_inventaire_Loire.xml
JJ199;456;3420;285v;Paris_AN_JJ_inventaire_Loire.xml
JJ199;481;3421;302v;Paris_AN_JJ_inventaire_Loire.xml
JJ199;482;3422;303v;Paris_AN_JJ_inventaire_Loire.xml
JJ199;484;3423;305;Paris_AN_JJ_inventaire_Loire.xml
JJ199;486;3424;306v;Paris_AN_JJ_inventaire_Loire.xml
JJ199;491;3425;310;Paris_AN_JJ_inventaire_Loire.xml
JJ199;497;3426;315v;Paris_AN_JJ_inventaire_Loire.xml
JJ199;509;3427;320v;Paris_AN_JJ_inventaire_Loire.xml
JJ199;513;3428;323;Paris_AN_JJ_inventaire_Loire.xml
JJ199;521;3429;326v;Paris_AN_JJ_inventaire_Loire.xml
JJ199;525;3430;328v;Paris_AN_JJ_inventaire_Loire.xml
JJ199;526;3431;329v;Paris_AN_JJ_inventaire_Loire.xml
JJ199;536;3432;336v;Paris_AN_JJ_inventaire_Loire.xml
JJ199;544;3433;341v;Paris_AN_JJ_inventaire_Loire.xml
JJ199;550;3434;346;Paris_AN_JJ_inventaire_Loire.xml
JJ199;555;3435;350;Paris_AN_JJ_inventaire_Loire.xml
JJ199;559;3436;352v;Paris_AN_JJ_inventaire_Loire.xml
JJ199;570;3437;358v;Paris_AN_JJ_inventaire_Loire.xml
JJ199;573;3438;361;Paris_AN_JJ_inventaire_Loire.xml
JJ199;573;3439;362v;Paris_AN_JJ_inventaire_Loire.xml
JJ199;596;3440;377;Paris_AN_JJ_inventaire_Loire.xml
JJ199;605;3441;388v;Paris_AN_JJ_inventaire_Loire.xml
JJ199;609;3442;390v;Paris_AN_JJ_inventaire_Loire.xml
JJ200;14;3443;6;Paris_AN_JJ_inventaire_Loire.xml
JJ200;20;3444;10;Paris_AN_JJ_inventaire_Loire.xml
JJ200;25;3445;16v;Paris_AN_JJ_inventaire_Loire.xml
JJ200;30;3446;20;Paris_AN_JJ_inventaire_Loire.xml
JJ200;31;3447;21;Paris_AN_JJ_inventaire_Loire.xml
JJ200;39;3448;25;Paris_AN_JJ_inventaire_Loire.xml
JJ200;40;3449;25;Paris_AN_JJ_inventaire_Loire.xml
JJ200;43;3450;26v;Paris_AN_JJ_inventaire_Loire.xml
JJ200;46;3451;29;Paris_AN_JJ_inventaire_Loire.xml
JJ200;47;3452;29v;Paris_AN_JJ_inventaire_Loire.xml
JJ200;61;3453;35;Paris_AN_JJ_inventaire_Loire.xml
JJ200;65;3454;37;Paris_AN_JJ_inventaire_Loire.xml
JJ200;75;3455;42;Paris_AN_JJ_inventaire_Loire.xml
JJ200;76;3456;42v;Paris_AN_JJ_inventaire_Loire.xml
JJ200;85;3457;46v;Paris_AN_JJ_inventaire_Loire.xml
JJ200;86;3458;47;Paris_AN_JJ_inventaire_Loire.xml
JJ200;87;3459;45v;Paris_AN_JJ_inventaire_Loire.xml
JJ200;90;3460;49;Paris_AN_JJ_inventaire_Loire.xml
JJ200;98;3461;54;Paris_AN_JJ_inventaire_Loire.xml
JJ200;103;3462;56v;Paris_AN_JJ_inventaire_Loire.xml
JJ200;108;3463;59;Paris_AN_JJ_inventaire_Loire.xml
JJ200;109;3464;61;Paris_AN_JJ_inventaire_Loire.xml
JJ200;113;3465;62v;Paris_AN_JJ_inventaire_Loire.xml
JJ200;115;3466;63;Paris_AN_JJ_inventaire_Loire.xml
JJ200;117;3467;64;Paris_AN_JJ_inventaire_Loire.xml
JJ200;118;3468;64v;Paris_AN_JJ_inventaire_Loire.xml
JJ200;123;3469;67;Paris_AN_JJ_inventaire_Loire.xml
JJ200;133;3470;72v;Paris_AN_JJ_inventaire_Loire.xml
JJ200;134;3471;73v;Paris_AN_JJ_inventaire_Loire.xml
JJ200;141;3472;76v;Paris_AN_JJ_inventaire_Loire.xml
JJ200;145;3473;79;Paris_AN_JJ_inventaire_Loire.xml
JJ200;152;3474;82;Paris_AN_JJ_inventaire_Loire.xml
JJ200;157;3475;85;Paris_AN_JJ_inventaire_Loire.xml
JJ200;160;3476;86;Paris_AN_JJ_inventaire_Loire.xml
JJ200;166;3477;90v;Paris_AN_JJ_inventaire_Loire.xml
JJ200;171;3478;93;Paris_AN_JJ_inventaire_Loire.xml
JJ200;180;3479;96v;Paris_AN_JJ_inventaire_Loire.xml
JJ200;187;3480;101;Paris_AN_JJ_inventaire_Loire.xml
JJ200;207;3481;110v;Paris_AN_JJ_inventaire_Loire.xml
JJ200;208;3482;111v;Paris_AN_JJ_inventaire_Loire.xml
JJ200;211;3483;112v;Paris_AN_JJ_inventaire_Loire.xml
JJ201;9;3484;4v;Paris_AN_JJ_inventaire_Loire.xml
JJ201;11;3485;6;Paris_AN_JJ_inventaire_Loire.xml
JJ201;54;3486;41v;Paris_AN_JJ_inventaire_Loire.xml
JJ201;57;3487;43v;Paris_AN_JJ_inventaire_Loire.xml
JJ201;73;3488;57;Paris_AN_JJ_inventaire_Loire.xml
JJ201;75;3489;59v;Paris_AN_JJ_inventaire_Loire.xml
JJ201;78;3490;62v;Paris_AN_JJ_inventaire_Loire.xml
JJ201;79;3491;63;Paris_AN_JJ_inventaire_Loire.xml
JJ201;88;3492;71;Paris_AN_JJ_inventaire_Loire.xml
JJ201;91;3493;74;Paris_AN_JJ_inventaire_Loire.xml
JJ201;93;3494;75v;Paris_AN_JJ_inventaire_Loire.xml
JJ201;96;3495;78;Paris_AN_JJ_inventaire_Loire.xml
JJ201;104;3496;84;Paris_AN_JJ_inventaire_Loire.xml
JJ202;7;3497;6;Paris_AN_JJ_inventaire_Loire.xml
JJ202;23;3498;13;Paris_AN_JJ_inventaire_Loire.xml
JJ202;28;3499;14v;Paris_AN_JJ_inventaire_Loire.xml
JJ202;29;3500;18;Paris_AN_JJ_inventaire_Loire.xml
JJ202;32;3501;20;Paris_AN_JJ_inventaire_Loire.xml
JJ202;39;3502;26;Paris_AN_JJ_inventaire_Loire.xml
JJ202;45;3503;29v;Paris_AN_JJ_inventaire_Loire.xml
JJ202;46;3504;30;Paris_AN_JJ_inventaire_Loire.xml
JJ202;47;3505;30v;Paris_AN_JJ_inventaire_Loire.xml
JJ202;54;3506;34v;Paris_AN_JJ_inventaire_Loire.xml
JJ202;55;3507;36;Paris_AN_JJ_inventaire_Loire.xml
JJ202;56;3508;36v;Paris_AN_JJ_inventaire_Loire.xml
JJ202;57;3509;37;Paris_AN_JJ_inventaire_Loire.xml
JJ202;60;3510;38v;Paris_AN_JJ_inventaire_Loire.xml
JJ202;64;3511;41;Paris_AN_JJ_inventaire_Loire.xml
JJ202;65;3512;41v;Paris_AN_JJ_inventaire_Loire.xml
JJ202;69;3513;44;Paris_AN_JJ_inventaire_Loire.xml
JJ202;71;3514;45;Paris_AN_JJ_inventaire_Loire.xml
JJ202;72;3515;fo45v;Paris_AN_JJ_inventaire_Loire.xml
JJ202;76;3516;49;Paris_AN_JJ_inventaire_Loire.xml
JJ202;89;3517;54v;Paris_AN_JJ_inventaire_Loire.xml
JJ202;93;3518;55v;Paris_AN_JJ_inventaire_Loire.xml
JJ202;96;3519;57v;Paris_AN_JJ_inventaire_Loire.xml
JJ202;97;3520;57v;Paris_AN_JJ_inventaire_Loire.xml
JJ202;99;3521;59;Paris_AN_JJ_inventaire_Loire.xml
JJ202;108;3522;65;Paris_AN_JJ_inventaire_Loire.xml
JJ203;1;3523;1;Paris_AN_JJ_inventaire_Loire.xml
JJ203;8;3524;4;Paris_AN_JJ_inventaire_Loire.xml
JJ203;12;3525;6v;Paris_AN_JJ_inventaire_Loire.xml
JJ203;31;3526;17v;Paris_AN_JJ_inventaire_Loire.xml
JJ203;32;3527;18;Paris_AN_JJ_inventaire_Loire.xml
JJ203;39;3528;22;Paris_AN_JJ_inventaire_Loire.xml
JJ203;40;3529;22v;Paris_AN_JJ_inventaire_Loire.xml
JJ203;50;3530;28v;Paris_AN_JJ_inventaire_Loire.xml
JJ203;56;3531;33;Paris_AN_JJ_inventaire_Loire.xml
JJ203;58;3532;34;Paris_AN_JJ_inventaire_Loire.xml
JJ203;60;3533;35;Paris_AN_JJ_inventaire_Loire.xml
JJ203;61;3534;35v;Paris_AN_JJ_inventaire_Loire.xml
JJ203;68;3535;40v;Paris_AN_JJ_inventaire_Loire.xml
JJ203;74;3536;44;Paris_AN_JJ_inventaire_Loire.xml
JJ203;76;3537;45;Paris_AN_JJ_inventaire_Loire.xml
JJ204;3;3538;1v;Paris_AN_JJ_inventaire_Loire.xml
JJ204;12;3539;6;Paris_AN_JJ_inventaire_Loire.xml
JJ204;23;3540;6v;Paris_AN_JJ_inventaire_Loire.xml
JJ204;31;3541;21;Paris_AN_JJ_inventaire_Loire.xml
JJ204;42;3542;28;Paris_AN_JJ_inventaire_Loire.xml
JJ204;55;3543;35;Paris_AN_JJ_inventaire_Loire.xml
JJ204;56;3544;35v;Paris_AN_JJ_inventaire_Loire.xml
JJ204;74;3545;47v;Paris_AN_JJ_inventaire_Loire.xml
JJ204;77;3546;49v;Paris_AN_JJ_inventaire_Loire.xml
JJ204;82;3547;52;Paris_AN_JJ_inventaire_Loire.xml
JJ204;85;3548;53v;Paris_AN_JJ_inventaire_Loire.xml
JJ204;86;3549;54;Paris_AN_JJ_inventaire_Loire.xml
JJ204;87;3550;54;Paris_AN_JJ_inventaire_Loire.xml
JJ204;92;3551;57;Paris_AN_JJ_inventaire_Loire.xml
JJ204;96;3552;59;Paris_AN_JJ_inventaire_Loire.xml
JJ204;100;3553;60v;Paris_AN_JJ_inventaire_Loire.xml
JJ204;112;3554;69;Paris_AN_JJ_inventaire_Loire.xml
JJ204;113;3555;69v;Paris_AN_JJ_inventaire_Loire.xml
JJ204;145;3556;90;Paris_AN_JJ_inventaire_Loire.xml
JJ204;153;3557;94v;Paris_AN_JJ_inventaire_Loire.xml
JJ204;168;3558;105;Paris_AN_JJ_inventaire_Loire.xml
JJ204;184;3559;115;Paris_AN_JJ_inventaire_Loire.xml
JJ204;185;3560;115v;Paris_AN_JJ_inventaire_Loire.xml
JJ205;9;3561;3v;Paris_AN_JJ_inventaire_Loire.xml
JJ205;10;3562;4v;Paris_AN_JJ_inventaire_Loire.xml
JJ205;25;3563;12v;Paris_AN_JJ_inventaire_Loire.xml
JJ205;44;3564;21v;Paris_AN_JJ_inventaire_Loire.xml
JJ205;48;3565;23;Paris_AN_JJ_inventaire_Loire.xml
JJ205;50;3566;24;Paris_AN_JJ_inventaire_Loire.xml
JJ205;56;3567;29v;Paris_AN_JJ_inventaire_Loire.xml
JJ205;58;3568;28;Paris_AN_JJ_inventaire_Loire.xml
JJ205;68;3569;32;Paris_AN_JJ_inventaire_Loire.xml
JJ205;68;3570;35;Paris_AN_JJ_inventaire_Loire.xml
JJ205;75;3571;38v;Paris_AN_JJ_inventaire_Loire.xml
JJ205;77;3572;39v;Paris_AN_JJ_inventaire_Loire.xml
JJ205;80;3573;41;Paris_AN_JJ_inventaire_Loire.xml
JJ205;88;3574;45;Paris_AN_JJ_inventaire_Loire.xml
JJ205;98;3575;50;Paris_AN_JJ_inventaire_Loire.xml
JJ205;112;3576;58;Paris_AN_JJ_inventaire_Loire.xml
JJ205;115;3577;59v;Paris_AN_JJ_inventaire_Loire.xml
JJ205;123;3578;65;Paris_AN_JJ_inventaire_Loire.xml
JJ205;130;3579;68v;Paris_AN_JJ_inventaire_Loire.xml
JJ205;132;3580;69;Paris_AN_JJ_inventaire_Loire.xml
JJ205;133;3581;69v;Paris_AN_JJ_inventaire_Loire.xml
JJ205;137;3582;72;Paris_AN_JJ_inventaire_Loire.xml
JJ205;140;3583;73v;Paris_AN_JJ_inventaire_Loire.xml
JJ205;141;3584;73v;Paris_AN_JJ_inventaire_Loire.xml
JJ205;143;3585;75v;Paris_AN_JJ_inventaire_Loire.xml
JJ205;144;3586;76;Paris_AN_JJ_inventaire_Loire.xml
JJ205;147;3587;77v;Paris_AN_JJ_inventaire_Loire.xml
JJ205;150;3588;79;Paris_AN_JJ_inventaire_Loire.xml
JJ205;162;3589;87;Paris_AN_JJ_inventaire_Loire.xml
JJ205;163;3590;87v;Paris_AN_JJ_inventaire_Loire.xml
JJ205;176;3591;97;Paris_AN_JJ_inventaire_Loire.xml
JJ205;180;3592;98v;Paris_AN_JJ_inventaire_Loire.xml
JJ205;182;3593;99v;Paris_AN_JJ_inventaire_Loire.xml
JJ205;186;3594;102;Paris_AN_JJ_inventaire_Loire.xml
JJ205;198;3595;108;Paris_AN_JJ_inventaire_Loire.xml
JJ205;199;3596;108v;Paris_AN_JJ_inventaire_Loire.xml
JJ205;213;3597;117;Paris_AN_JJ_inventaire_Loire.xml
JJ205;217;3598;119v;Paris_AN_JJ_inventaire_Loire.xml
JJ205;223;3599;123;Paris_AN_JJ_inventaire_Loire.xml
JJ205;226;3600;127;Paris_AN_JJ_inventaire_Loire.xml
JJ205;238;3601;133v;Paris_AN_JJ_inventaire_Loire.xml
JJ205;239;3602;134;Paris_AN_JJ_inventaire_Loire.xml
JJ205;247;3603;138;Paris_AN_JJ_inventaire_Loire.xml
JJ205;254;3604;141;Paris_AN_JJ_inventaire_Loire.xml
JJ205;259;3605;144v;Paris_AN_JJ_inventaire_Loire.xml
JJ205;266;3606;148v;Paris_AN_JJ_inventaire_Loire.xml
JJ205;269;3607;151;Paris_AN_JJ_inventaire_Loire.xml
JJ205;271;3608;152v;Paris_AN_JJ_inventaire_Loire.xml
JJ205;286;3609;162;Paris_AN_JJ_inventaire_Loire.xml
JJ205;304;3610;172v;Paris_AN_JJ_inventaire_Loire.xml
JJ205;308;3611;176;Paris_AN_JJ_inventaire_Loire.xml
JJ205;310;3612;177;Paris_AN_JJ_inventaire_Loire.xml
JJ205;312;3613;179;Paris_AN_JJ_inventaire_Loire.xml
JJ205;314;3614;180;Paris_AN_JJ_inventaire_Loire.xml
JJ205;333;3615;188v;Paris_AN_JJ_inventaire_Loire.xml
JJ205;339;3616;191;Paris_AN_JJ_inventaire_Loire.xml
JJ205;343;3617;192v;Paris_AN_JJ_inventaire_Loire.xml
JJ205;350;3618;195v;Paris_AN_JJ_inventaire_Loire.xml
JJ205;353;3619;197;Paris_AN_JJ_inventaire_Loire.xml
JJ205;354;3620;197v;Paris_AN_JJ_inventaire_Loire.xml
JJ205;365;3621;205;Paris_AN_JJ_inventaire_Loire.xml
JJ205;367;3622;206;Paris_AN_JJ_inventaire_Loire.xml
JJ205;376;3623;212;Paris_AN_JJ_inventaire_Loire.xml
JJ205;378;3624;213;Paris_AN_JJ_inventaire_Loire.xml
JJ205;384;3625;217;Paris_AN_JJ_inventaire_Loire.xml
JJ205;390;3626;220;Paris_AN_JJ_inventaire_Loire.xml
JJ205;396;3627;223;Paris_AN_JJ_inventaire_Loire.xml
JJ205;397;3628;221v;Paris_AN_JJ_inventaire_Loire.xml
JJ205;400;3629;225;Paris_AN_JJ_inventaire_Loire.xml
JJ205;401;3630;228;Paris_AN_JJ_inventaire_Loire.xml
JJ205;417;3631;237v;Paris_AN_JJ_inventaire_Loire.xml
JJ205;418;3632;238;Paris_AN_JJ_inventaire_Loire.xml
JJ205;423;3633;240;Paris_AN_JJ_inventaire_Loire.xml
JJ205;432;3634;247;Paris_AN_JJ_inventaire_Loire.xml
JJ205;434;3635;247v;Paris_AN_JJ_inventaire_Loire.xml
JJ205;445;3636;253;Paris_AN_JJ_inventaire_Loire.xml
JJ205;446;3637;254;Paris_AN_JJ_inventaire_Loire.xml
JJ205;447;3638;254v;Paris_AN_JJ_inventaire_Loire.xml
JJ205;457;3639;260v;Paris_AN_JJ_inventaire_Loire.xml
JJ205;458;3640;261;Paris_AN_JJ_inventaire_Loire.xml
JJ205;462;3641;262v;Paris_AN_JJ_inventaire_Loire.xml
JJ206;2;3642;1;Paris_AN_JJ_inventaire_Loire.xml
JJ206;14;3643;3v;Paris_AN_JJ_inventaire_Loire.xml
JJ206;31;3644;7v;Paris_AN_JJ_inventaire_Loire.xml
JJ206;35;3645;8;Paris_AN_JJ_inventaire_Loire.xml
JJ206;39;3646;9;Paris_AN_JJ_inventaire_Loire.xml
JJ206;44;3647;10;Paris_AN_JJ_inventaire_Loire.xml
JJ206;52;3648;12;Paris_AN_JJ_inventaire_Loire.xml
JJ206;75;3649;17v;Paris_AN_JJ_inventaire_Loire.xml
JJ206;79;3650;18v;Paris_AN_JJ_inventaire_Loire.xml
JJ206;80;3651;18v;Paris_AN_JJ_inventaire_Loire.xml
JJ206;83;3652;19;Paris_AN_JJ_inventaire_Loire.xml
JJ206;89;3653;20v;Paris_AN_JJ_inventaire_Loire.xml
JJ206;228;3654;52;Paris_AN_JJ_inventaire_Loire.xml
JJ206;249;3655;56;Paris_AN_JJ_inventaire_Loire.xml
JJ206;264;3656;59v;Paris_AN_JJ_inventaire_Loire.xml
JJ206;267;3657;60;Paris_AN_JJ_inventaire_Loire.xml
JJ206;288;3658;64v;Paris_AN_JJ_inventaire_Loire.xml
JJ206;309;3659;69;Paris_AN_JJ_inventaire_Loire.xml
JJ206;337;3660;75;Paris_AN_JJ_inventaire_Loire.xml
JJ206;375;3661;85v;Paris_AN_JJ_inventaire_Loire.xml
JJ206;404;3662;92v;Paris_AN_JJ_inventaire_Loire.xml
JJ206;425;3663;97v;Paris_AN_JJ_inventaire_Loire.xml
JJ206;436;3664;100v;Paris_AN_JJ_inventaire_Loire.xml
JJ206;448;3665;103;Paris_AN_JJ_inventaire_Loire.xml
JJ206;469;3666;108v;Paris_AN_JJ_inventaire_Loire.xml
JJ206;515;3667;118v;Paris_AN_JJ_inventaire_Loire.xml
JJ206;623;3668;142v;Paris_AN_JJ_inventaire_Loire.xml
JJ206;651;3669;148;Paris_AN_JJ_inventaire_Loire.xml
JJ206;752;3670;167;Paris_AN_JJ_inventaire_Loire.xml
JJ206;767;3671;170;Paris_AN_JJ_inventaire_Loire.xml
JJ206;771;3672;170v;Paris_AN_JJ_inventaire_Loire.xml
JJ206;941;3673;202v;Paris_AN_JJ_inventaire_Loire.xml
JJ206;946;3674;202v;Paris_AN_JJ_inventaire_Loire.xml
JJ206;969;3675;206;Paris_AN_JJ_inventaire_Loire.xml
JJ206;971;3676;206v;Paris_AN_JJ_inventaire_Loire.xml
JJ206;972;3677;206v;Paris_AN_JJ_inventaire_Loire.xml
JJ206;1004;3678;213;Paris_AN_JJ_inventaire_Loire.xml
JJ206;1043;3679;224v;Paris_AN_JJ_inventaire_Loire.xml
JJ206;1070;3680;231;Paris_AN_JJ_inventaire_Loire.xml
JJ206;1071;3681;231v;Paris_AN_JJ_inventaire_Loire.xml
JJ206;1100;3682;238;Paris_AN_JJ_inventaire_Loire.xml
JJ206;1104;3683;239;Paris_AN_JJ_inventaire_Loire.xml
JJ206;1115;3684;242;Paris_AN_JJ_inventaire_Loire.xml
JJ206;1120;3685;243;Paris_AN_JJ_inventaire_Loire.xml
JJ206;1135;3686;246;Paris_AN_JJ_inventaire_Loire.xml
JJ206;1140;3687;247v;Paris_AN_JJ_inventaire_Loire.xml
JJ206;1173;3688;254v;Paris_AN_JJ_inventaire_Loire.xml
JJ207;2;3689;1v;Paris_AN_JJ_inventaire_Loire.xml
JJ207;7;3690;4;Paris_AN_JJ_inventaire_Loire.xml
JJ207;27;3691;14;Paris_AN_JJ_inventaire_Loire.xml
JJ207;29;3692;15;Paris_AN_JJ_inventaire_Loire.xml
JJ207;41;3693;20;Paris_AN_JJ_inventaire_Loire.xml
JJ207;65;3694;32;Paris_AN_JJ_inventaire_Loire.xml
JJ207;90;3695;45v;Paris_AN_JJ_inventaire_Loire.xml
JJ207;92;3696;46;Paris_AN_JJ_inventaire_Loire.xml
JJ207;132;3697;65v;Paris_AN_JJ_inventaire_Loire.xml
JJ207;138;3698;67v;Paris_AN_JJ_inventaire_Loire.xml
JJ207;139;3699;70;Paris_AN_JJ_inventaire_Loire.xml
JJ207;142;3700;70;Paris_AN_JJ_inventaire_Loire.xml
JJ207;147;3701;72;Paris_AN_JJ_inventaire_Loire.xml
JJ207;174;3702;83;Paris_AN_JJ_inventaire_Loire.xml
JJ207;175;3703;83v;Paris_AN_JJ_inventaire_Loire.xml
JJ207;176;3704;84;Paris_AN_JJ_inventaire_Loire.xml
JJ207;180;3705;85v;Paris_AN_JJ_inventaire_Loire.xml
JJ207;128;3706;63v;Paris_AN_JJ_inventaire_Loire.xml
JJ207;202;3707;94;Paris_AN_JJ_inventaire_Loire.xml
JJ207;206;3708;96v;Paris_AN_JJ_inventaire_Loire.xml
JJ207;215;3709;101;Paris_AN_JJ_inventaire_Loire.xml
JJ207;224;3710;105v;Paris_AN_JJ_inventaire_Loire.xml
JJ207;237;3711;110;Paris_AN_JJ_inventaire_Loire.xml
JJ207;245;3712;112v;Paris_AN_JJ_inventaire_Loire.xml
JJ207;246;3713;113;Paris_AN_JJ_inventaire_Loire.xml
JJ207;257;3714;117;Paris_AN_JJ_inventaire_Loire.xml
JJ207;262;3715;119v;Paris_AN_JJ_inventaire_Loire.xml
JJ207;265;3716;120;Paris_AN_JJ_inventaire_Loire.xml
JJ207;266;3717;120v;Paris_AN_JJ_inventaire_Loire.xml
JJ207;266bis;3718;121;Paris_AN_JJ_inventaire_Loire.xml
JJ207;279;3719;126v;Paris_AN_JJ_inventaire_Loire.xml
JJ207;281;3720;128v;Paris_AN_JJ_inventaire_Loire.xml
JJ207;283;3721;129v;Paris_AN_JJ_inventaire_Loire.xml
JJ207;284;3722;129v;Paris_AN_JJ_inventaire_Loire.xml
JJ207;290;3723;132;Paris_AN_JJ_inventaire_Loire.xml
JJ207;297;3724;136;Paris_AN_JJ_inventaire_Loire.xml
JJ207;302;3725;138v;Paris_AN_JJ_inventaire_Loire.xml
JJ207;303;3726;139;Paris_AN_JJ_inventaire_Loire.xml
JJ207;313;3727;145v;Paris_AN_JJ_inventaire_Loire.xml
JJ207;315;3728;145;Paris_AN_JJ_inventaire_Loire.xml
JJ207;320;3729;147v;Paris_AN_JJ_inventaire_Loire.xml
JJ207;342;3730;159;Paris_AN_JJ_inventaire_Loire.xml
JJ207;344;3731;160;Paris_AN_JJ_inventaire_Loire.xml
JJ207;348;3732;161v;Paris_AN_JJ_inventaire_Loire.xml
JJ207;349;3733;162;Paris_AN_JJ_inventaire_Loire.xml
JJ207;360;3734;167v;Paris_AN_JJ_inventaire_Loire.xml
JJ207;371;3735;172v;Paris_AN_JJ_inventaire_Loire.xml
JJ208;3;3736;2;Paris_AN_JJ_inventaire_Loire.xml
JJ208;7;3737;3v;Paris_AN_JJ_inventaire_Loire.xml
JJ208;17;3738;9;Paris_AN_JJ_inventaire_Loire.xml
JJ208;20;3739;11;Paris_AN_JJ_inventaire_Loire.xml
JJ208;26;3740;15;Paris_AN_JJ_inventaire_Loire.xml
JJ208;27;3741;16;Paris_AN_JJ_inventaire_Loire.xml
JJ208;49;3742;27;Paris_AN_JJ_inventaire_Loire.xml
JJ208;50;3743;27v;Paris_AN_JJ_inventaire_Loire.xml
JJ208;52;3744;28;Paris_AN_JJ_inventaire_Loire.xml
JJ208;58;3745;31;Paris_AN_JJ_inventaire_Loire.xml
JJ208;59;3746;32;Paris_AN_JJ_inventaire_Loire.xml
JJ208;60;3747;32v;Paris_AN_JJ_inventaire_Loire.xml
JJ208;78;3748;41v;Paris_AN_JJ_inventaire_Loire.xml
JJ208;83;3749;44;Paris_AN_JJ_inventaire_Loire.xml
JJ208;91;3750;49;Paris_AN_JJ_inventaire_Loire.xml
JJ208;93;3751;50v;Paris_AN_JJ_inventaire_Loire.xml
JJ208;94;3752;51v;Paris_AN_JJ_inventaire_Loire.xml
JJ208;110;3753;66;Paris_AN_JJ_inventaire_Loire.xml
JJ208;113;3754;68v;Paris_AN_JJ_inventaire_Loire.xml
JJ208;127;3755;74v;Paris_AN_JJ_inventaire_Loire.xml
JJ208;129;3756;foL75;Paris_AN_JJ_inventaire_Loire.xml
JJ208;151;3757;90;Paris_AN_JJ_inventaire_Loire.xml
JJ208;157;3758;94v;Paris_AN_JJ_inventaire_Loire.xml
JJ208;159;3759;95;Paris_AN_JJ_inventaire_Loire.xml
JJ208;160;3760;96;Paris_AN_JJ_inventaire_Loire.xml
JJ208;179;3761;107;Paris_AN_JJ_inventaire_Loire.xml
JJ208;180;3762;108;Paris_AN_JJ_inventaire_Loire.xml
JJ208;202;3763;123;Paris_AN_JJ_inventaire_Loire.xml
JJ208;203;3764;123;Paris_AN_JJ_inventaire_Loire.xml
JJ208;221;3765;132v;Paris_AN_JJ_inventaire_Loire.xml
JJ208;229;3766;136;Paris_AN_JJ_inventaire_Loire.xml
JJ208;234;3767;141v;Paris_AN_JJ_inventaire_Loire.xml
JJ208;238;3768;143;Paris_AN_JJ_inventaire_Loire.xml
JJ208;248;3769;148;Paris_AN_JJ_inventaire_Loire.xml
JJ208;250;3770;148v;Paris_AN_JJ_inventaire_Loire.xml
JJ208;251;3771;149;Paris_AN_JJ_inventaire_Loire.xml
JJ209;11;3772;6;Paris_AN_JJ_inventaire_Loire.xml
JJ209;17bis;3773;9v;Paris_AN_JJ_inventaire_Loire.xml
JJ209;26;3774;13v;Paris_AN_JJ_inventaire_Loire.xml
JJ209;30;3775;16;Paris_AN_JJ_inventaire_Loire.xml
JJ209;31;3776;16v;Paris_AN_JJ_inventaire_Loire.xml
JJ209;34;3777;18v;Paris_AN_JJ_inventaire_Loire.xml
JJ209;49;3778;27;Paris_AN_JJ_inventaire_Loire.xml
JJ209;50;3779;27v;Paris_AN_JJ_inventaire_Loire.xml
JJ209;52;3780;28;Paris_AN_JJ_inventaire_Loire.xml
JJ209;62;3781;38;Paris_AN_JJ_inventaire_Loire.xml
JJ209;68;3782;42;Paris_AN_JJ_inventaire_Loire.xml
JJ209;72;3783;44;Paris_AN_JJ_inventaire_Loire.xml
JJ209;107;3784;62v;Paris_AN_JJ_inventaire_Loire.xml
JJ209;109;3785;63v;Paris_AN_JJ_inventaire_Loire.xml
JJ209;115;3786;66;Paris_AN_JJ_inventaire_Loire.xml
JJ209;116;3787;66v;Paris_AN_JJ_inventaire_Loire.xml
JJ209;130;3788;75;Paris_AN_JJ_inventaire_Loire.xml
JJ209;131;3789;75;Paris_AN_JJ_inventaire_Loire.xml
JJ209;149;3790;83;Paris_AN_JJ_inventaire_Loire.xml
JJ209;162;3791;89v;Paris_AN_JJ_inventaire_Loire.xml
JJ209;163;3792;93;Paris_AN_JJ_inventaire_Loire.xml
JJ209;170;3793;93v;Paris_AN_JJ_inventaire_Loire.xml
JJ209;171;3794;94;Paris_AN_JJ_inventaire_Loire.xml
JJ209;175;3795;96;Paris_AN_JJ_inventaire_Loire.xml
JJ209;180;3796;101;Paris_AN_JJ_inventaire_Loire.xml
JJ209;186;3797;102v;Paris_AN_JJ_inventaire_Loire.xml
JJ209;194;3798;107v;Paris_AN_JJ_inventaire_Loire.xml
JJ209;219;3799;120;Paris_AN_JJ_inventaire_Loire.xml
JJ209;224;3800;122;Paris_AN_JJ_inventaire_Loire.xml
JJ209;227;3801;124;Paris_AN_JJ_inventaire_Loire.xml
JJ209;230;3802;125v;Paris_AN_JJ_inventaire_Loire.xml
JJ209;238;3803;129;Paris_AN_JJ_inventaire_Loire.xml
JJ209;243;3804;131v;Paris_AN_JJ_inventaire_Loire.xml
JJ209;244;3805;132;Paris_AN_JJ_inventaire_Loire.xml
JJ209;250;3806;139v;Paris_AN_JJ_inventaire_Loire.xml
JJ209;251;3807;140;Paris_AN_JJ_inventaire_Loire.xml
JJ209;258;3808;143v;Paris_AN_JJ_inventaire_Loire.xml
JJ209;273;3809;152v;Paris_AN_JJ_inventaire_Loire.xml
JJ209;276;3810;154v;Paris_AN_JJ_inventaire_Loire.xml
JJ209;280;3811;156v;Paris_AN_JJ_inventaire_Loire.xml
JJ209;290;3812;163v;Paris_AN_JJ_inventaire_Loire.xml
JJ209;296;3813;167v;Paris_AN_JJ_inventaire_Loire.xml
JJ209;297;3814;168;Paris_AN_JJ_inventaire_Loire.xml
JJ210;1;3815;1;Paris_AN_JJ_inventaire_Loire.xml
JJ210;30;3816;19;Paris_AN_JJ_inventaire_Loire.xml
JJ210;38;3817;23;Paris_AN_JJ_inventaire_Loire.xml
JJ210;67;3818;37v;Paris_AN_JJ_inventaire_Loire.xml
JJ210;68;3819;38;Paris_AN_JJ_inventaire_Loire.xml
JJ210;69;3820;38v;Paris_AN_JJ_inventaire_Loire.xml
JJ210;77;3821;43;Paris_AN_JJ_inventaire_Loire.xml
JJ210;83;3822;54;Paris_AN_JJ_inventaire_Loire.xml
JJ210;86;3823;56v;Paris_AN_JJ_inventaire_Loire.xml
JJ210;87;3824;57;Paris_AN_JJ_inventaire_Loire.xml
JJ210;89;3825;58v;Paris_AN_JJ_inventaire_Loire.xml
JJ210;90;3826;59;Paris_AN_JJ_inventaire_Loire.xml
JJ210;104;3827;76;Paris_AN_JJ_inventaire_Loire.xml
JJ210;111;3828;88;Paris_AN_JJ_inventaire_Loire.xml
JJ210;115;3829;95v;Paris_AN_JJ_inventaire_Loire.xml
JJ210;117;3830;96;Paris_AN_JJ_inventaire_Loire.xml
JJ210;118;3831;96v;Paris_AN_JJ_inventaire_Loire.xml
JJ210;133;3832;104v;Paris_AN_JJ_inventaire_Loire.xml
JJ210;134;3833;105v;Paris_AN_JJ_inventaire_Loire.xml
JJ210;139;3834;108;Paris_AN_JJ_inventaire_Loire.xml
JJ210;145;3835;122;Paris_AN_JJ_inventaire_Loire.xml
JJ210;146;3836;123;Paris_AN_JJ_inventaire_Loire.xml
JJ210;168;3837;143;Paris_AN_JJ_inventaire_Loire.xml
JJ210;173;3838;147v;Paris_AN_JJ_inventaire_Loire.xml
JJ210;174;3839;148;Paris_AN_JJ_inventaire_Loire.xml
JJ210;189;3840;160;Paris_AN_JJ_inventaire_Loire.xml
JJ210;191;3841;161v;Paris_AN_JJ_inventaire_Loire.xml
JJ210;199;3842;167;Paris_AN_JJ_inventaire_Loire.xml
JJ211;206;3843;170;Paris_AN_JJ_inventaire_Loire.xml
JJ210;219;3844;176;Paris_AN_JJ_inventaire_Loire.xml
;;3845;;Paris_AN_JJ_inventaire_Loire.xml
JJ210;229;3846;179;Paris_AN_JJ_inventaire_Loire.xml
JJ210;234;3847;182v;Paris_AN_JJ_inventaire_Loire.xml
JJ210;235;3848;183v;Paris_AN_JJ_inventaire_Loire.xml
JJ210;238;3849;185;Paris_AN_JJ_inventaire_Loire.xml
JJ210;239;3850;185v;Paris_AN_JJ_inventaire_Loire.xml
JJ210;254;3851;196v;Paris_AN_JJ_inventaire_Loire.xml
JJ210;256;3852;198;Paris_AN_JJ_inventaire_Loire.xml
JJ210;259;3853;200;Paris_AN_JJ_inventaire_Loire.xml
JJ210;264;3854;204v;Paris_AN_JJ_inventaire_Loire.xml
JJ211;24;3855;7v;Paris_AN_JJ_inventaire_Loire.xml
JJ211;26;3856;8;Paris_AN_JJ_inventaire_Loire.xml
JJ211;30;3857;8v;Paris_AN_JJ_inventaire_Loire.xml
JJ211;62;3858;14v;Paris_AN_JJ_inventaire_Loire.xml
JJ211;99;3859;33;Paris_AN_JJ_inventaire_Loire.xml
JJ211;107;3860;34v;Paris_AN_JJ_inventaire_Loire.xml
JJ211;119;3861;37;Paris_AN_JJ_inventaire_Loire.xml
JJ211;121;3862;37;Paris_AN_JJ_inventaire_Loire.xml
JJ211;130;3863;38v;Paris_AN_JJ_inventaire_Loire.xml
JJ211;154;3864;43;Paris_AN_JJ_inventaire_Loire.xml
JJ211;182;3865;48;Paris_AN_JJ_inventaire_Loire.xml
JJ211;186;3866;49;Paris_AN_JJ_inventaire_Loire.xml
JJ211;195;3867;50v;Paris_AN_JJ_inventaire_Loire.xml
JJ211;201;3868;51;Paris_AN_JJ_inventaire_Loire.xml
JJ211;217;3869;53v;Paris_AN_JJ_inventaire_Loire.xml
JJ211;220;3870;54v;Paris_AN_JJ_inventaire_Loire.xml
JJ211;229;3871;56;Paris_AN_JJ_inventaire_Loire.xml
JJ211;246;3872;61v;Paris_AN_JJ_inventaire_Loire.xml
JJ211;252;3873;63v;Paris_AN_JJ_inventaire_Loire.xml
JJ211;254;3874;64;Paris_AN_JJ_inventaire_Loire.xml
JJ211;268;3875;66v;Paris_AN_JJ_inventaire_Loire.xml
JJ211;271;3876;67;Paris_AN_JJ_inventaire_Loire.xml
JJ211;285;3877;69;Paris_AN_JJ_inventaire_Loire.xml
JJ211;288;3878;69v;Paris_AN_JJ_inventaire_Loire.xml
JJ211;295;3879;70v;Paris_AN_JJ_inventaire_Loire.xml
JJ211;301;3880;71v;Paris_AN_JJ_inventaire_Loire.xml
JJ211;318;3881;74v;Paris_AN_JJ_inventaire_Loire.xml
JJ211;319;3882;74v;Paris_AN_JJ_inventaire_Loire.xml
JJ211;322;3883;75;Paris_AN_JJ_inventaire_Loire.xml
JJ211;323;3884;75;Paris_AN_JJ_inventaire_Loire.xml
JJ211;327;3885;75v;Paris_AN_JJ_inventaire_Loire.xml
JJ211;329;3886;76;Paris_AN_JJ_inventaire_Loire.xml
JJ211;330;3887;76;Paris_AN_JJ_inventaire_Loire.xml
JJ211;337;3888;77;Paris_AN_JJ_inventaire_Loire.xml
JJ211;353;3889;79;Paris_AN_JJ_inventaire_Loire.xml
JJ211;363;3890;83;Paris_AN_JJ_inventaire_Loire.xml
JJ211;364;3891;83;Paris_AN_JJ_inventaire_Loire.xml
JJ211;367;3892;83v;Paris_AN_JJ_inventaire_Loire.xml
JJ211;371;3893;84v;Paris_AN_JJ_inventaire_Loire.xml
JJ211;385;3894;86v;Paris_AN_JJ_inventaire_Loire.xml
JJ211;387;3895;86v;Paris_AN_JJ_inventaire_Loire.xml
JJ211;390;3896;87;Paris_AN_JJ_inventaire_Loire.xml
JJ211;408;3897;90;Paris_AN_JJ_inventaire_Loire.xml
JJ211;414;3898;91;Paris_AN_JJ_inventaire_Loire.xml
JJ211;430;3899;93v;Paris_AN_JJ_inventaire_Loire.xml
JJ211;442;3900;96;Paris_AN_JJ_inventaire_Loire.xml
JJ211;451;3901;97v;Paris_AN_JJ_inventaire_Loire.xml
JJ211;452;3902;98;Paris_AN_JJ_inventaire_Loire.xml
JJ211;469;3903;104;Paris_AN_JJ_inventaire_Loire.xml
JJ211;490;3904;109v;Paris_AN_JJ_inventaire_Loire.xml
JJ211;491;3905;109v;Paris_AN_JJ_inventaire_Loire.xml
JJ211;497;3906;116v;Paris_AN_JJ_inventaire_Loire.xml
JJ211;498;3907;119;Paris_AN_JJ_inventaire_Loire.xml
JJ211;504;3908;113;Paris_AN_JJ_inventaire_Loire.xml
JJ211;523;3909;116v;Paris_AN_JJ_inventaire_Loire.xml
JJ211;544;3910;121;Paris_AN_JJ_inventaire_Loire.xml
JJ211;591;3911;132v;Paris_AN_JJ_inventaire_Loire.xml
JJ211;616;3912;136v;Paris_AN_JJ_inventaire_Loire.xml
JJ211;623;3913;138;Paris_AN_JJ_inventaire_Loire.xml
JJ211;637;3914;140;Paris_AN_JJ_inventaire_Loire.xml
JJ211;638;3915;140;Paris_AN_JJ_inventaire_Loire.xml
JJ211;641;3916;140v;Paris_AN_JJ_inventaire_Loire.xml
JJ211;642;3917;140v;Paris_AN_JJ_inventaire_Loire.xml
JJ211;644;3918;141;Paris_AN_JJ_inventaire_Loire.xml
JJ211;651;3919;142v;Paris_AN_JJ_inventaire_Loire.xml
JJ211;654;3920;143v;Paris_AN_JJ_inventaire_Loire.xml
JJ211;662;3921;145v;Paris_AN_JJ_inventaire_Loire.xml
JJ211;663;3922;146;Paris_AN_JJ_inventaire_Loire.xml
JJ211;666;3923;146v;Paris_AN_JJ_inventaire_Loire.xml
JJ211;671;3924;148;Paris_AN_JJ_inventaire_Loire.xml
JJ211;672;3925;148;Paris_AN_JJ_inventaire_Loire.xml
JJ211;685;3926;150v;Paris_AN_JJ_inventaire_Loire.xml
JJ211;689;3927;151v;Paris_AN_JJ_inventaire_Loire.xml
JJ211;690;3928;151v;Paris_AN_JJ_inventaire_Loire.xml
JJ211;693;3929;152;Paris_AN_JJ_inventaire_Loire.xml
JJ211;696;3930;152v;Paris_AN_JJ_inventaire_Loire.xml
JJ211;697;3931;152v;Paris_AN_JJ_inventaire_Loire.xml
JJ211;709;3932;156v;Paris_AN_JJ_inventaire_Loire.xml
JJ211;713;3933;156v;Paris_AN_JJ_inventaire_Loire.xml
JJ211;718;3934;157;Paris_AN_JJ_inventaire_Loire.xml
JJ211;721;3935;157v;Paris_AN_JJ_inventaire_Loire.xml
JJ211;729;3936;159;Paris_AN_JJ_inventaire_Loire.xml
JJ212;6;3937;4;Paris_AN_JJ_inventaire_Loire.xml
JJ212;31;3938;20v;Paris_AN_JJ_inventaire_Loire.xml
JJ212;32;3939;21;Paris_AN_JJ_inventaire_Loire.xml
JJ213;1;3940;1;Paris_AN_JJ_inventaire_Loire.xml
JJ213;30;3941;26v;Paris_AN_JJ_inventaire_Loire.xml
JJ213;33;3942;28;Paris_AN_JJ_inventaire_Loire.xml
JJ213;36;3943;30;Paris_AN_JJ_inventaire_Loire.xml
JJ213;40;3944;33;Paris_AN_JJ_inventaire_Loire.xml
JJ213;41;3945;31;Paris_AN_JJ_inventaire_Loire.xml
JJ213;42;3946;31v;Paris_AN_JJ_inventaire_Loire.xml
JJ213;43;3947;32;Paris_AN_JJ_inventaire_Loire.xml
JJ213;44;3948;32v;Paris_AN_JJ_inventaire_Loire.xml
JJ213;49;3949;41v;Paris_AN_JJ_inventaire_Loire.xml
JJ213;81;3950;79v;Paris_AN_JJ_inventaire_Loire.xml
JJ213;84;3951;92v;Paris_AN_JJ_inventaire_Loire.xml
JJ213;89;3952;96v;Paris_AN_JJ_inventaire_Loire.xml
JJ214;3;3953;8v;Paris_AN_JJ_inventaire_Loire.xml
JJ214;6;3954;10;Paris_AN_JJ_inventaire_Loire.xml
JJ214;10;3955;13v;Paris_AN_JJ_inventaire_Loire.xml
JJ214;35;3956;27;Paris_AN_JJ_inventaire_Loire.xml
JJ214;36;3957;27;Paris_AN_JJ_inventaire_Loire.xml
JJ214;40;3958;30;Paris_AN_JJ_inventaire_Loire.xml
JJ214;41;3959;30;Paris_AN_JJ_inventaire_Loire.xml
JJ214;62;3960;38;Paris_AN_JJ_inventaire_Loire.xml
JJ214;68;3961;39v;Paris_AN_JJ_inventaire_Loire.xml
JJ215;7;3962;5;Paris_AN_JJ_inventaire_Loire.xml
JJ215;12;3963;7v;Paris_AN_JJ_inventaire_Loire.xml
JJ215;13;3964;8;Paris_AN_JJ_inventaire_Loire.xml
JJ215;16;3965;10;Paris_AN_JJ_inventaire_Loire.xml
JJ215;20;3966;15;Paris_AN_JJ_inventaire_Loire.xml
JJ215;25;3967;18v;Paris_AN_JJ_inventaire_Loire.xml
JJ215;43;3968;30v;Paris_AN_JJ_inventaire_Loire.xml
JJ215;45;3969;31v;Paris_AN_JJ_inventaire_Loire.xml
JJ215;55;3970;36;Paris_AN_JJ_inventaire_Loire.xml
JJ215;58;3971;39v;Paris_AN_JJ_inventaire_Loire.xml
JJ215;70;3972;54v;Paris_AN_JJ_inventaire_Loire.xml
JJ215;76;3973;57v;Paris_AN_JJ_inventaire_Loire.xml
JJ215;94;3974;71;Paris_AN_JJ_inventaire_Loire.xml
JJ215;95;3975;71;Paris_AN_JJ_inventaire_Loire.xml
JJ215;96;3976;71v;Paris_AN_JJ_inventaire_Loire.xml
JJ215;100;3977;72v;Paris_AN_JJ_inventaire_Loire.xml
JJ215;109;3978;76;Paris_AN_JJ_inventaire_Loire.xml
JJ215;113;3979;77v;Paris_AN_JJ_inventaire_Loire.xml
JJ215;124;3980;86;Paris_AN_JJ_inventaire_Loire.xml
JJ215;133;3981;92;Paris_AN_JJ_inventaire_Loire.xml
JJ216;1;3982;1;Paris_AN_JJ_inventaire_Loire.xml
JJ216;4;3983;2;Paris_AN_JJ_inventaire_Loire.xml
JJ216;5;3984;2v;Paris_AN_JJ_inventaire_Loire.xml
JJ216;10;3985;7;Paris_AN_JJ_inventaire_Loire.xml
JJ216;29;3986;18v;Paris_AN_JJ_inventaire_Loire.xml
JJ216;45;3987;31;Paris_AN_JJ_inventaire_Loire.xml
JJ216;46;3988;31;Paris_AN_JJ_inventaire_Loire.xml
JJ216;62;3989;55;Paris_AN_JJ_inventaire_Loire.xml
JJ216;77;3990;63v;Paris_AN_JJ_inventaire_Loire.xml
JJ216;134;3991;103v;Paris_AN_JJ_inventaire_Loire.xml
JJ216;136;3992;105v;Paris_AN_JJ_inventaire_Loire.xml
JJ216;142;3993;109;Paris_AN_JJ_inventaire_Loire.xml
JJ216;149;3994;114;Paris_AN_JJ_inventaire_Loire.xml
JJ216;153;3995;116v;Paris_AN_JJ_inventaire_Loire.xml
JJ216;154;3996;117;Paris_AN_JJ_inventaire_Loire.xml
JJ216;164;3997;122;Paris_AN_JJ_inventaire_Loire.xml
JJ216;165;3998;122;Paris_AN_JJ_inventaire_Loire.xml
JJ216;169;3999;126;Paris_AN_JJ_inventaire_Loire.xml
JJ216;170;4000;126v;Paris_AN_JJ_inventaire_Loire.xml
JJ216;171;4001;127;Paris_AN_JJ_inventaire_Loire.xml
JJ216;182;4002;133v;Paris_AN_JJ_inventaire_Loire.xml
JJ216;185;4003;135;Paris_AN_JJ_inventaire_Loire.xml
JJ216;189;4004;137v;Paris_AN_JJ_inventaire_Loire.xml
JJ216;192;4005;141;Paris_AN_JJ_inventaire_Loire.xml
JJ216;193;4006;141v;Paris_AN_JJ_inventaire_Loire.xml
JJ216;199;4007;146;Paris_AN_JJ_inventaire_Loire.xml
JJ216;200;4008;146v;Paris_AN_JJ_inventaire_Loire.xml
JJ216;205;4009;149v;Paris_AN_JJ_inventaire_Loire.xml
JJ216;206;4010;150;Paris_AN_JJ_inventaire_Loire.xml
JJ216;207;4011;151;Paris_AN_JJ_inventaire_Loire.xml
JJ216;212;4012;155;Paris_AN_JJ_inventaire_Loire.xml
JJ216;222;4013;160v;Paris_AN_JJ_inventaire_Loire.xml
JJ216;227;4014;163v;Paris_AN_JJ_inventaire_Loire.xml
JJ216;235;4015;167v;Paris_AN_JJ_inventaire_Loire.xml
JJ216;237;4016;168;Paris_AN_JJ_inventaire_Loire.xml
JJ216;244;4017;172v;Paris_AN_JJ_inventaire_Loire.xml
JJ216;254;4018;178;Paris_AN_JJ_inventaire_Loire.xml
JJ216;256;4019;178v;Paris_AN_JJ_inventaire_Loire.xml
JJ216;259;4020;180;Paris_AN_JJ_inventaire_Loire.xml
JJ216;261;4021;181;Paris_AN_JJ_inventaire_Loire.xml
JJ217;35;4022;17v;Paris_AN_JJ_inventaire_Loire.xml
JJ217;61;4023;31v;Paris_AN_JJ_inventaire_Loire.xml
JJ217;98;4024;61v;Paris_AN_JJ_inventaire_Loire.xml
JJ217;121;4025;74;Paris_AN_JJ_inventaire_Loire.xml
JJ217;127;4026;76;Paris_AN_JJ_inventaire_Loire.xml
JJ217;133;4027;79v;Paris_AN_JJ_inventaire_Loire.xml
JJ217;139;4028;83;Paris_AN_JJ_inventaire_Loire.xml
JJ217;142;4029;84,v;Paris_AN_JJ_inventaire_Loire.xml
JJ217;171;4030;99v;Paris_AN_JJ_inventaire_Loire.xml
JJ217;209;4031;122v;Paris_AN_JJ_inventaire_Loire.xml
JJ217;211;4032;123;Paris_AN_JJ_inventaire_Loire.xml
JJ218;7;4033;3v;Paris_AN_JJ_inventaire_Loire.xml
JJ218;17;4034;10v;Paris_AN_JJ_inventaire_Loire.xml
JJ218;18;4035;10v;Paris_AN_JJ_inventaire_Loire.xml
JJ218;23;4036;13;Paris_AN_JJ_inventaire_Loire.xml
JJ218;28;4037;15v;Paris_AN_JJ_inventaire_Loire.xml
JJ218;31;4038;16v;Paris_AN_JJ_inventaire_Loire.xml
JJ218;100;4039;58;Paris_AN_JJ_inventaire_Loire.xml
JJ218;40;4040;24;Paris_AN_JJ_inventaire_Loire.xml
JJ218;41;4041;24v;Paris_AN_JJ_inventaire_Loire.xml
JJ218;44;4042;26;Paris_AN_JJ_inventaire_Loire.xml
JJ218;47;4043;27v;Paris_AN_JJ_inventaire_Loire.xml
JJ218;48;4044;28;Paris_AN_JJ_inventaire_Loire.xml
JJ218;49;4045;28v;Paris_AN_JJ_inventaire_Loire.xml
JJ218;58;4046;36;Paris_AN_JJ_inventaire_Loire.xml
JJ218;59;4047;36v;Paris_AN_JJ_inventaire_Loire.xml
JJ218;66;4048;40;Paris_AN_JJ_inventaire_Loire.xml
JJ218;81;4049;46v;Paris_AN_JJ_inventaire_Loire.xml
JJ218;87;4050;49v;Paris_AN_JJ_inventaire_Loire.xml
JJ218;96;4051;56v;Paris_AN_JJ_inventaire_Loire.xml
JJ218;101;4052;58v;Paris_AN_JJ_inventaire_Loire.xml
JJ218;105;4053;foL60;Paris_AN_JJ_inventaire_Loire.xml
JJ218;122;4054;68;Paris_AN_JJ_inventaire_Loire.xml
JJ218;123;4055;69;Paris_AN_JJ_inventaire_Loire.xml
JJ218;130;4056;75;Paris_AN_JJ_inventaire_Loire.xml
JJ218;136;4057;78;Paris_AN_JJ_inventaire_Loire.xml
JJ218;138;4058;79;Paris_AN_JJ_inventaire_Loire.xml
JJ218;141;4059;81v;Paris_AN_JJ_inventaire_Loire.xml
JJ218;142;4060;82;Paris_AN_JJ_inventaire_Loire.xml
JJ218;149;4061;88v;Paris_AN_JJ_inventaire_Loire.xml
JJ218;153;4062;90;Paris_AN_JJ_inventaire_Loire.xml
JJ218;155;4063;91;Paris_AN_JJ_inventaire_Loire.xml
JJ218;160;4064;93;Paris_AN_JJ_inventaire_Loire.xml
JJ218;171;4065;99;Paris_AN_JJ_inventaire_Loire.xml
JJ218;172;4066;99v;Paris_AN_JJ_inventaire_Loire.xml
JJ218;174;4067;100;Paris_AN_JJ_inventaire_Loire.xml
JJ218;179;4068;102;Paris_AN_JJ_inventaire_Loire.xml
JJ218;185;4069;104v;Paris_AN_JJ_inventaire_Loire.xml
JJ218;209;4070;115;Paris_AN_JJ_inventaire_Loire.xml
JJ218;222;4071;123;Paris_AN_JJ_inventaire_Loire.xml
JJ218;223;4072;123v;Paris_AN_JJ_inventaire_Loire.xml
JJ218;232;4073;128v;Paris_AN_JJ_inventaire_Loire.xml
JJ218;234;4074;129;Paris_AN_JJ_inventaire_Loire.xml
JJ218;236;4075;130;Paris_AN_JJ_inventaire_Loire.xml
JJ219;9;4076;5;Paris_AN_JJ_inventaire_Loire.xml
JJ219;11;4077;6;Paris_AN_JJ_inventaire_Loire.xml
JJ219;14;4078;7v;Paris_AN_JJ_inventaire_Loire.xml
JJ219;17;4079;9;Paris_AN_JJ_inventaire_Loire.xml
JJ219;20;4080;11;Paris_AN_JJ_inventaire_Loire.xml
JJ219;27;4081;18;Paris_AN_JJ_inventaire_Loire.xml
JJ219;28;4082;18v;Paris_AN_JJ_inventaire_Loire.xml
JJ219;31;4083;20;Paris_AN_JJ_inventaire_Loire.xml
JJ219;33;4084;21;Paris_AN_JJ_inventaire_Loire.xml
JJ219;36;4085;23v;Paris_AN_JJ_inventaire_Loire.xml
JJ219;45;4086;28;Paris_AN_JJ_inventaire_Loire.xml
JJ219;50;4087;31;Paris_AN_JJ_inventaire_Loire.xml
JJ219;85;4088;51v;Paris_AN_JJ_inventaire_Loire.xml
JJ219;86;4089;52;Paris_AN_JJ_inventaire_Loire.xml
JJ219;90;4090;54v;Paris_AN_JJ_inventaire_Loire.xml
JJ219;93;4091;55v;Paris_AN_JJ_inventaire_Loire.xml
JJ219;95;4092;57v;Paris_AN_JJ_inventaire_Loire.xml
JJ219;98;4093;59v;Paris_AN_JJ_inventaire_Loire.xml
JJ219;99;4094;60;Paris_AN_JJ_inventaire_Loire.xml
JJ219;103;4095;63;Paris_AN_JJ_inventaire_Loire.xml
JJ219;140;4096;86;Paris_AN_JJ_inventaire_Loire.xml
JJ219;143;4097;87;Paris_AN_JJ_inventaire_Loire.xml
JJ219;145;4098;88;Paris_AN_JJ_inventaire_Loire.xml
JJ219;150;4099;93v;Paris_AN_JJ_inventaire_Loire.xml
JJ219;157;4100;94;Paris_AN_JJ_inventaire_Loire.xml
JJ219;165;4101;97v;Paris_AN_JJ_inventaire_Loire.xml
JJ219;168;4102;98v;Paris_AN_JJ_inventaire_Loire.xml
JJ219;198;4103;118;Paris_AN_JJ_inventaire_Loire.xml
JJ219;219;4104;133;Paris_AN_JJ_inventaire_Loire.xml
JJ219;224;4105;136;Paris_AN_JJ_inventaire_Loire.xml
JJ219;225;4106;137;Paris_AN_JJ_inventaire_Loire.xml
JJ219;229;4107;139;Paris_AN_JJ_inventaire_Loire.xml
JJ219;237;4108;143;Paris_AN_JJ_inventaire_Loire.xml
JJ219;239;4109;143v;Paris_AN_JJ_inventaire_Loire.xml
JJ219;251;4110;151v;Paris_AN_JJ_inventaire_Loire.xml
JJ220;3;4111;1v;Paris_AN_JJ_inventaire_Loire.xml
JJ220;17;4112;10;Paris_AN_JJ_inventaire_Loire.xml
JJ220;23;4113;12;Paris_AN_JJ_inventaire_Loire.xml
JJ220;33;4114;16;Paris_AN_JJ_inventaire_Loire.xml
JJ220;36;4115;19;Paris_AN_JJ_inventaire_Loire.xml
JJ220;39;4116;20v;Paris_AN_JJ_inventaire_Loire.xml
JJ220;45;4117;23v;Paris_AN_JJ_inventaire_Loire.xml
JJ220;46;4118;24;Paris_AN_JJ_inventaire_Loire.xml
JJ220;51;4119;26;Paris_AN_JJ_inventaire_Loire.xml
JJ220;58;4120;29;Paris_AN_JJ_inventaire_Loire.xml
JJ220;65;4121;33;Paris_AN_JJ_inventaire_Loire.xml
JJ220;74;4122;36v;Paris_AN_JJ_inventaire_Loire.xml
JJ220;77;4123;40;Paris_AN_JJ_inventaire_Loire.xml
JJ220;79;4124;40v;Paris_AN_JJ_inventaire_Loire.xml
JJ220;82;4125;42;Paris_AN_JJ_inventaire_Loire.xml
JJ220;83;4126;43;Paris_AN_JJ_inventaire_Loire.xml
JJ220;93;4127;54;Paris_AN_JJ_inventaire_Loire.xml
JJ220;98;4128;55v;Paris_AN_JJ_inventaire_Loire.xml
JJ220;112;4129;63;Paris_AN_JJ_inventaire_Loire.xml
JJ220;128;4130;73;Paris_AN_JJ_inventaire_Loire.xml
JJ220;129;4131;73v;Paris_AN_JJ_inventaire_Loire.xml
JJ220;131;4132;-fol74v;Paris_AN_JJ_inventaire_Loire.xml
JJ220;140;4133;79v;Paris_AN_JJ_inventaire_Loire.xml
JJ220;141;4134;80;Paris_AN_JJ_inventaire_Loire.xml
JJ220;143;4135;81;Paris_AN_JJ_inventaire_Loire.xml
JJ220;150;4136;84;Paris_AN_JJ_inventaire_Loire.xml
JJ220;156;4137;87;Paris_AN_JJ_inventaire_Loire.xml
JJ220;160;4138;89;Paris_AN_JJ_inventaire_Loire.xml
JJ220;171;4139;97;Paris_AN_JJ_inventaire_Loire.xml
JJ220;174;4140;98;Paris_AN_JJ_inventaire_Loire.xml
JJ220;177;4141;99v;Paris_AN_JJ_inventaire_Loire.xml
JJ220;186;4142;104;Paris_AN_JJ_inventaire_Loire.xml
JJ220;189;4143;105;Paris_AN_JJ_inventaire_Loire.xml
JJ220;193;4144;108v;Paris_AN_JJ_inventaire_Loire.xml
JJ220;197;4145;109v;Paris_AN_JJ_inventaire_Loire.xml
JJ220;202;4146;111;Paris_AN_JJ_inventaire_Loire.xml
JJ220;210;4147;116;Paris_AN_JJ_inventaire_Loire.xml
JJ220;219;4148;121v;Paris_AN_JJ_inventaire_Loire.xml
JJ220;225;4149;124;Paris_AN_JJ_inventaire_Loire.xml
JJ220;228;4150;126;Paris_AN_JJ_inventaire_Loire.xml
JJ220;242;4151;135;Paris_AN_JJ_inventaire_Loire.xml
JJ220;244;4152;136;Paris_AN_JJ_inventaire_Loire.xml
JJ220;253;4153;141;Paris_AN_JJ_inventaire_Loire.xml
JJ220;255;4154;142v;Paris_AN_JJ_inventaire_Loire.xml
JJ220;259;4155;145;Paris_AN_JJ_inventaire_Loire.xml
JJ220;263;4156;147;Paris_AN_JJ_inventaire_Loire.xml
JJ220;265;4157;147v;Paris_AN_JJ_inventaire_Loire.xml
JJ220;271;4158;150;Paris_AN_JJ_inventaire_Loire.xml
JJ220;276;4159;152;Paris_AN_JJ_inventaire_Loire.xml
JJ220;281;4160;155;Paris_AN_JJ_inventaire_Loire.xml
JJ220;283;4161;156;Paris_AN_JJ_inventaire_Loire.xml
JJ220;284;4162;156v;Paris_AN_JJ_inventaire_Loire.xml
JJ220;286;4163;157v;Paris_AN_JJ_inventaire_Loire.xml
JJ220;294;4164;162;Paris_AN_JJ_inventaire_Loire.xml
JJ220;295;4165;163;Paris_AN_JJ_inventaire_Loire.xml
JJ220;296;4166;165v;Paris_AN_JJ_inventaire_Loire.xml
JJ220;298;4167;166;Paris_AN_JJ_inventaire_Loire.xml
JJ220;302;4168;168v;Paris_AN_JJ_inventaire_Loire.xml
JJ220;333;4169;186;Paris_AN_JJ_inventaire_Loire.xml
JJ220;334;4170;187;Paris_AN_JJ_inventaire_Loire.xml
JJ220;340;4171;192;Paris_AN_JJ_inventaire_Loire.xml
JJ220;353;4172;197;Paris_AN_JJ_inventaire_Loire.xml
JJ220;381;4173;228;Paris_AN_JJ_inventaire_Loire.xml
JJ220;382;4174;228v;Paris_AN_JJ_inventaire_Loire.xml
JJ221;3;4175;3;Paris_AN_JJ_inventaire_Loire.xml
JJ221;6;4176;6;Paris_AN_JJ_inventaire_Loire.xml
JJ221;21;4177;20v;Paris_AN_JJ_inventaire_Loire.xml
JJ221;22;4178;21;Paris_AN_JJ_inventaire_Loire.xml
JJ221;24;4179;22;Paris_AN_JJ_inventaire_Loire.xml
JJ221;26;4180;23;Paris_AN_JJ_inventaire_Loire.xml
JJ221;27;4181;23v;Paris_AN_JJ_inventaire_Loire.xml
JJ221;30;4182;25v;Paris_AN_JJ_inventaire_Loire.xml
JJ221;32;4183;27v;Paris_AN_JJ_inventaire_Loire.xml
JJ221;36;4184;30v;Paris_AN_JJ_inventaire_Loire.xml
JJ221;43;4185;34;Paris_AN_JJ_inventaire_Loire.xml
JJ221;44;4186;34;Paris_AN_JJ_inventaire_Loire.xml
JJ221;47;4187;36;Paris_AN_JJ_inventaire_Loire.xml
JJ221;49;4188;37;Paris_AN_JJ_inventaire_Loire.xml
JJ221;60;4189;43;Paris_AN_JJ_inventaire_Loire.xml
JJ221;64;4190;45v;Paris_AN_JJ_inventaire_Loire.xml
JJ221;68;4191;47v;Paris_AN_JJ_inventaire_Loire.xml
JJ221;69;4192;48;Paris_AN_JJ_inventaire_Loire.xml
JJ221;75;4193;51;Paris_AN_JJ_inventaire_Loire.xml
JJ221;81;4194;54;Paris_AN_JJ_inventaire_Loire.xml
JJ221;82;4195;54v;Paris_AN_JJ_inventaire_Loire.xml
JJ221;83;4196;55;Paris_AN_JJ_inventaire_Loire.xml
JJ221;101;4197;64;Paris_AN_JJ_inventaire_Loire.xml
JJ221;102;4198;64v;Paris_AN_JJ_inventaire_Loire.xml
JJ221;105;4199;66;Paris_AN_JJ_inventaire_Loire.xml
JJ221;106;4200;66v;Paris_AN_JJ_inventaire_Loire.xml
JJ221;112;4201;70;Paris_AN_JJ_inventaire_Loire.xml
JJ221;119;4202;74;Paris_AN_JJ_inventaire_Loire.xml
JJ221;1;4203;75v;Paris_AN_JJ_inventaire_Loire.xml
JJ221;123;4204;77;Paris_AN_JJ_inventaire_Loire.xml
JJ221;125;4205;78;Paris_AN_JJ_inventaire_Loire.xml
JJ221;127;4206;79;Paris_AN_JJ_inventaire_Loire.xml
JJ221;128;4207;79v;Paris_AN_JJ_inventaire_Loire.xml
JJ221;134;4208;82v;Paris_AN_JJ_inventaire_Loire.xml
JJ221;140;4209;85;Paris_AN_JJ_inventaire_Loire.xml
JJ221;163;4210;94;Paris_AN_JJ_inventaire_Loire.xml
JJ221;172;4211;98v;Paris_AN_JJ_inventaire_Loire.xml
JJ221;223;4212;128;Paris_AN_JJ_inventaire_Loire.xml
JJ221;229;4213;130v;Paris_AN_JJ_inventaire_Loire.xml
JJ221;247;4214;144;Paris_AN_JJ_inventaire_Loire.xml
JJ221;263;4215;152v;Paris_AN_JJ_inventaire_Loire.xml
JJ221;266;4216;154;Paris_AN_JJ_inventaire_Loire.xml
JJ221;181;4217;161;Paris_AN_JJ_inventaire_Loire.xml
JJ221;283;4218;161v;Paris_AN_JJ_inventaire_Loire.xml
JJ221;286;4219;162v;Paris_AN_JJ_inventaire_Loire.xml
JJ221;292;4220;165;Paris_AN_JJ_inventaire_Loire.xml
JJ221;294;4221;166;Paris_AN_JJ_inventaire_Loire.xml
JJ221;296;4222;167;Paris_AN_JJ_inventaire_Loire.xml
JJ221;303;4223;168v;Paris_AN_JJ_inventaire_Loire.xml
JJ221;308;4224;170;Paris_AN_JJ_inventaire_Loire.xml
JJ221;313;4225;172;Paris_AN_JJ_inventaire_Loire.xml
JJ221;317;4226;173v;Paris_AN_JJ_inventaire_Loire.xml
JJ221;319;4227;174;Paris_AN_JJ_inventaire_Loire.xml
JJ221;325;4228;177;Paris_AN_JJ_inventaire_Loire.xml
JJ222;2;4229;2;Paris_AN_JJ_inventaire_Loire.xml
JJ222;14;4230;3v;Paris_AN_JJ_inventaire_Loire.xml
JJ222;16;4231;5;Paris_AN_JJ_inventaire_Loire.xml
JJ222;23;4232;8;Paris_AN_JJ_inventaire_Loire.xml
JJ222;31;4233;10;Paris_AN_JJ_inventaire_Loire.xml
JJ222;40;4234;14;Paris_AN_JJ_inventaire_Loire.xml
JJ222;45;4235;16v;Paris_AN_JJ_inventaire_Loire.xml
JJ222;49;4236;18;Paris_AN_JJ_inventaire_Loire.xml
JJ222;50;4237;18v;Paris_AN_JJ_inventaire_Loire.xml
JJ222;68;4238;25;Paris_AN_JJ_inventaire_Loire.xml
JJ222;75;4239;27v;Paris_AN_JJ_inventaire_Loire.xml
JJ222;76;4240;27v;Paris_AN_JJ_inventaire_Loire.xml
JJ222;94;4241;33v;Paris_AN_JJ_inventaire_Loire.xml
JJ222;97;4242;34v;Paris_AN_JJ_inventaire_Loire.xml
JJ222;104;4243;38;Paris_AN_JJ_inventaire_Loire.xml
JJ222;106;4244;39;Paris_AN_JJ_inventaire_Loire.xml
JJ222;119;4245;48;Paris_AN_JJ_inventaire_Loire.xml
JJ222;122;4246;49;Paris_AN_JJ_inventaire_Loire.xml
JJ222;124;4247;50;Paris_AN_JJ_inventaire_Loire.xml
JJ222;129;4248;52;Paris_AN_JJ_inventaire_Loire.xml
JJ222;149;4249;60v;Paris_AN_JJ_inventaire_Loire.xml
JJ222;177;4250;74;Paris_AN_JJ_inventaire_Loire.xml
JJ222;178;4251;74v;Paris_AN_JJ_inventaire_Loire.xml
JJ222;183;4252;76v;Paris_AN_JJ_inventaire_Loire.xml
JJ222;184;4253;77;Paris_AN_JJ_inventaire_Loire.xml
JJ222;185;4254;77v;Paris_AN_JJ_inventaire_Loire.xml
JJ222;188;4255;79;Paris_AN_JJ_inventaire_Loire.xml
JJ222;189;4256;79;Paris_AN_JJ_inventaire_Loire.xml
JJ222;191;4257;80;Paris_AN_JJ_inventaire_Loire.xml
JJ222;202;4258;85v;Paris_AN_JJ_inventaire_Loire.xml
JJ222;203;4259;86;Paris_AN_JJ_inventaire_Loire.xml
JJ222;205;4260;86v;Paris_AN_JJ_inventaire_Loire.xml
JJ222;206;4261;87;Paris_AN_JJ_inventaire_Loire.xml
JJ222;221;4262;95v;Paris_AN_JJ_inventaire_Loire.xml
JJ222;224;4263;98v;Paris_AN_JJ_inventaire_Loire.xml
JJ222;236;4264;104;Paris_AN_JJ_inventaire_Loire.xml
JJ222;244;4265;110;Paris_AN_JJ_inventaire_Loire.xml
JJ222;248;4266;112;Paris_AN_JJ_inventaire_Loire.xml
JJ222;250bis;4267;113;Paris_AN_JJ_inventaire_Loire.xml
JJ222;260;4268;118;Paris_AN_JJ_inventaire_Loire.xml
JJ222;272;4269;125;Paris_AN_JJ_inventaire_Loire.xml
JJ222;273;4270;126;Paris_AN_JJ_inventaire_Loire.xml
JJ222;274;4271;126;Paris_AN_JJ_inventaire_Loire.xml
JJ222;277;4272;127v;Paris_AN_JJ_inventaire_Loire.xml
JJ222;282;4273;129v;Paris_AN_JJ_inventaire_Loire.xml
JJ222;288;4274;131v;Paris_AN_JJ_inventaire_Loire.xml
JJ222;295;4275;136v;Paris_AN_JJ_inventaire_Loire.xml
JJ222;299;4276;139;Paris_AN_JJ_inventaire_Loire.xml
JJ222;302;4277;143;Paris_AN_JJ_inventaire_Loire.xml
JJ223;1;4278;1;Paris_AN_JJ_inventaire_Loire.xml
JJ223;2;4279;1v;Paris_AN_JJ_inventaire_Loire.xml
JJ223;5;4280;3;Paris_AN_JJ_inventaire_Loire.xml
JJ223;12;4281;6;Paris_AN_JJ_inventaire_Loire.xml
JJ223;14;4282;6v;Paris_AN_JJ_inventaire_Loire.xml
JJ223;18;4283;9;Paris_AN_JJ_inventaire_Loire.xml
JJ223;27;4284;13;Paris_AN_JJ_inventaire_Loire.xml
JJ223;28;4285;14;Paris_AN_JJ_inventaire_Loire.xml
JJ223;33;4286;19v;Paris_AN_JJ_inventaire_Loire.xml
JJ223;35;4287;20v;Paris_AN_JJ_inventaire_Loire.xml
JJ223;40;4288;24;Paris_AN_JJ_inventaire_Loire.xml
JJ223;41;4289;24v;Paris_AN_JJ_inventaire_Loire.xml
JJ223;42;4290;25;Paris_AN_JJ_inventaire_Loire.xml
JJ223;56;4291;32v;Paris_AN_JJ_inventaire_Loire.xml
JJ223;59;4292;33v;Paris_AN_JJ_inventaire_Loire.xml
JJ223;62;4293;35v;Paris_AN_JJ_inventaire_Loire.xml
JJ223;71;4294;43v;Paris_AN_JJ_inventaire_Loire.xml
JJ223;76;4295;47;Paris_AN_JJ_inventaire_Loire.xml
JJ223;77;4296;48;Paris_AN_JJ_inventaire_Loire.xml
JJ223;78;4297;48;Paris_AN_JJ_inventaire_Loire.xml
JJ224;2;4298;4v;Paris_AN_JJ_inventaire_Loire.xml
JJ224;5;4299;8;Paris_AN_JJ_inventaire_Loire.xml
JJ224;12;4300;16;Paris_AN_JJ_inventaire_Loire.xml
JJ224;no;4301;20;Paris_AN_JJ_inventaire_Loire.xml
JJ224;24;4302;30;Paris_AN_JJ_inventaire_Loire.xml
JJ224;25;4303;31;Paris_AN_JJ_inventaire_Loire.xml
JJ224;26;4304;31v;Paris_AN_JJ_inventaire_Loire.xml
JJ224;32;4305;40v;Paris_AN_JJ_inventaire_Loire.xml
JJ224;35;4306;44;Paris_AN_JJ_inventaire_Loire.xml
JJ224;40;4307;50;Paris_AN_JJ_inventaire_Loire.xml
JJ224;45;4308;61;Paris_AN_JJ_inventaire_Loire.xml
JJ224;65;4309;77v;Paris_AN_JJ_inventaire_Loire.xml
JJ224;66;4310;78v;Paris_AN_JJ_inventaire_Loire.xml
JJ224;68;4311;78v;Paris_AN_JJ_inventaire_Loire.xml
JJ224;87;4312;80;Paris_AN_JJ_inventaire_Loire.xml
JJ224;88;4313;80v;Paris_AN_JJ_inventaire_Loire.xml
JJ224;89;4314;81v;Paris_AN_JJ_inventaire_Loire.xml
JJ224;92;4315;83v;Paris_AN_JJ_inventaire_Loire.xml
JJ224;97;4316;85v;Paris_AN_JJ_inventaire_Loire.xml
JJ224;101;4317;87v;Paris_AN_JJ_inventaire_Loire.xml
JJ224;107;4318;94;Paris_AN_JJ_inventaire_Loire.xml
JJ224;122;4319;110;Paris_AN_JJ_inventaire_Loire.xml
JJ224;124;4320;112;Paris_AN_JJ_inventaire_Loire.xml
JJ224;127;4321;113v;Paris_AN_JJ_inventaire_Loire.xml
JJ224;128;4322;114;Paris_AN_JJ_inventaire_Loire.xml
JJ224;137;4323;121;Paris_AN_JJ_inventaire_Loire.xml
JJ224;140;4324;123;Paris_AN_JJ_inventaire_Loire.xml
;;4325;129;Paris_AN_JJ_inventaire_Loire.xml
JJ224;153;4326;137;Paris_AN_JJ_inventaire_Loire.xml
JJ224;156;4327;142;Paris_AN_JJ_inventaire_Loire.xml
JJ225;5;4328;2;Paris_AN_JJ_inventaire_Loire.xml
JJ225;15;4329;4;Paris_AN_JJ_inventaire_Loire.xml
JJ225;16;4330;4v;Paris_AN_JJ_inventaire_Loire.xml
JJ225;18;4331;5;Paris_AN_JJ_inventaire_Loire.xml
JJ225;25;4332;6v;Paris_AN_JJ_inventaire_Loire.xml
JJ225;36;4333;9;Paris_AN_JJ_inventaire_Loire.xml
JJ225;50;4334;12;Paris_AN_JJ_inventaire_Loire.xml
JJ225;53;4335;13;Paris_AN_JJ_inventaire_Loire.xml
JJ225;61;4336;14v;Paris_AN_JJ_inventaire_Loire.xml
JJ225;68;4337;15v;Paris_AN_JJ_inventaire_Loire.xml
JJ225;69;4338;15v;Paris_AN_JJ_inventaire_Loire.xml
JJ225;77;4339;16;Paris_AN_JJ_inventaire_Loire.xml
JJ225;80;4340;17;Paris_AN_JJ_inventaire_Loire.xml
JJ225;129;4341;27v;Paris_AN_JJ_inventaire_Loire.xml
JJ225;140;4342;29v;Paris_AN_JJ_inventaire_Loire.xml
JJ225;154;4343;33;Paris_AN_JJ_inventaire_Loire.xml
JJ225;159;4344;34;Paris_AN_JJ_inventaire_Loire.xml
JJ225;165;4345;35;Paris_AN_JJ_inventaire_Loire.xml
JJ225;172;4346;37v;Paris_AN_JJ_inventaire_Loire.xml
JJ225;189;4347;40v;Paris_AN_JJ_inventaire_Loire.xml
JJ225;197;4348;42;Paris_AN_JJ_inventaire_Loire.xml
JJ225;206;4349;44;Paris_AN_JJ_inventaire_Loire.xml
JJ225;212;4350;45v;Paris_AN_JJ_inventaire_Loire.xml
JJ225;234;4351;50v;Paris_AN_JJ_inventaire_Loire.xml
JJ225;238;4352;51v;Paris_AN_JJ_inventaire_Loire.xml
JJ225;261;4353;56v;Paris_AN_JJ_inventaire_Loire.xml
JJ225;264;4354;57;Paris_AN_JJ_inventaire_Loire.xml
JJ225;291;4355;62;Paris_AN_JJ_inventaire_Loire.xml
JJ225;297;4356;64;Paris_AN_JJ_inventaire_Loire.xml
JJ225;298;4357;64v;Paris_AN_JJ_inventaire_Loire.xml
JJ225;305;4358;66;Paris_AN_JJ_inventaire_Loire.xml
JJ225;306;4359;66;Paris_AN_JJ_inventaire_Loire.xml
JJ225;309;4360;67;Paris_AN_JJ_inventaire_Loire.xml
JJ225;310;4361;67;Paris_AN_JJ_inventaire_Loire.xml
JJ225;311;4362;67;Paris_AN_JJ_inventaire_Loire.xml
JJ225;312;4363;67v;Paris_AN_JJ_inventaire_Loire.xml
JJ225;315;4364;68;Paris_AN_JJ_inventaire_Loire.xml
JJ225;321;4365;69;Paris_AN_JJ_inventaire_Loire.xml
JJ225;32;4366;70v;Paris_AN_JJ_inventaire_Loire.xml
JJ225;330;4367;71;Paris_AN_JJ_inventaire_Loire.xml
JJ225;346;4368;76;Paris_AN_JJ_inventaire_Loire.xml
JJ225;355;4369;78;Paris_AN_JJ_inventaire_Loire.xml
JJ225;359;4370;79;Paris_AN_JJ_inventaire_Loire.xml
JJ225;360;4371;79v;Paris_AN_JJ_inventaire_Loire.xml
JJ225;362;4372;80;Paris_AN_JJ_inventaire_Loire.xml
JJ225;363;4373;80;Paris_AN_JJ_inventaire_Loire.xml
JJ225;367;4374;81;Paris_AN_JJ_inventaire_Loire.xml
JJ225;371;4375;82;Paris_AN_JJ_inventaire_Loire.xml
JJ225;377;4376;83v;Paris_AN_JJ_inventaire_Loire.xml
JJ225;379;4377;84;Paris_AN_JJ_inventaire_Loire.xml
JJ225;380;4378;84v;Paris_AN_JJ_inventaire_Loire.xml
JJ225;384;4379;85v;Paris_AN_JJ_inventaire_Loire.xml
JJ225;387;4380;86;Paris_AN_JJ_inventaire_Loire.xml
JJ225;396;4381;88;Paris_AN_JJ_inventaire_Loire.xml
JJ225;408;4382;90v;Paris_AN_JJ_inventaire_Loire.xml
JJ225;410;4383;90v;Paris_AN_JJ_inventaire_Loire.xml
JJ225;413;4384;91v;Paris_AN_JJ_inventaire_Loire.xml
JJ225;438;4385;96;Paris_AN_JJ_inventaire_Loire.xml
JJ225;439;4386;96v;Paris_AN_JJ_inventaire_Loire.xml
JJ225;464;4387;101v;Paris_AN_JJ_inventaire_Loire.xml
JJ225;482;4388;105;Paris_AN_JJ_inventaire_Loire.xml
JJ225;490;4389;107;Paris_AN_JJ_inventaire_Loire.xml
JJ225;491;4390;107;Paris_AN_JJ_inventaire_Loire.xml
JJ225;492;4391;107;Paris_AN_JJ_inventaire_Loire.xml
JJ225;509;4392;110;Paris_AN_JJ_inventaire_Loire.xml
JJ225;514;4393;111;Paris_AN_JJ_inventaire_Loire.xml
JJ225;515;4394;111v;Paris_AN_JJ_inventaire_Loire.xml
JJ225;531;4395;114v;Paris_AN_JJ_inventaire_Loire.xml
JJ225;537;4396;116;Paris_AN_JJ_inventaire_Loire.xml
JJ225;547;4397;117v;Paris_AN_JJ_inventaire_Loire.xml
JJ225;553;4398;118v;Paris_AN_JJ_inventaire_Loire.xml
JJ225;555;4399;119;Paris_AN_JJ_inventaire_Loire.xml
JJ225;559;4400;120;Paris_AN_JJ_inventaire_Loire.xml
JJ225;566;4401;121v;Paris_AN_JJ_inventaire_Loire.xml
JJ225;569;4402;122;Paris_AN_JJ_inventaire_Loire.xml
JJ225;570;4403;122v;Paris_AN_JJ_inventaire_Loire.xml
JJ225;573;4404;123;Paris_AN_JJ_inventaire_Loire.xml
JJ225;595;4405;127;Paris_AN_JJ_inventaire_Loire.xml
JJ225;605;4406;129;Paris_AN_JJ_inventaire_Loire.xml
JJ225;639;4407;136v;Paris_AN_JJ_inventaire_Loire.xml
JJ225;652;4408;139;Paris_AN_JJ_inventaire_Loire.xml
JJ225;656;4409;140;Paris_AN_JJ_inventaire_Loire.xml
JJ225;659;4410;140v;Paris_AN_JJ_inventaire_Loire.xml
JJ225;665;4411;142;Paris_AN_JJ_inventaire_Loire.xml
JJ225;669;4412;142v;Paris_AN_JJ_inventaire_Loire.xml
JJ225;670;4413;143;Paris_AN_JJ_inventaire_Loire.xml
JJ225;675;4414;143v;Paris_AN_JJ_inventaire_Loire.xml
JJ225;698;4415;148v;Paris_AN_JJ_inventaire_Loire.xml
JJ225;714;4416;152;Paris_AN_JJ_inventaire_Loire.xml
JJ225;715;4417;152v;Paris_AN_JJ_inventaire_Loire.xml
JJ225;734;4418;156;Paris_AN_JJ_inventaire_Loire.xml
JJ225;735;4419;156v;Paris_AN_JJ_inventaire_Loire.xml
JJ225;741;4420;157v;Paris_AN_JJ_inventaire_Loire.xml
JJ225;742;4421;158;Paris_AN_JJ_inventaire_Loire.xml
JJ225;743;4422;158;Paris_AN_JJ_inventaire_Loire.xml
JJ225;754;4423;160v;Paris_AN_JJ_inventaire_Loire.xml
JJ225;758;4424;161;Paris_AN_JJ_inventaire_Loire.xml
JJ225;760;4425;161v;Paris_AN_JJ_inventaire_Loire.xml
JJ225;772;4426;164;Paris_AN_JJ_inventaire_Loire.xml
JJ225;783;4427;166v;Paris_AN_JJ_inventaire_Loire.xml
JJ225;786;4428;167;Paris_AN_JJ_inventaire_Loire.xml
JJ225;789;4429;167v;Paris_AN_JJ_inventaire_Loire.xml
JJ225;800;4430;170;Paris_AN_JJ_inventaire_Loire.xml
JJ225;808;4431;171v;Paris_AN_JJ_inventaire_Loire.xml
JJ225;821;4432;174;Paris_AN_JJ_inventaire_Loire.xml
JJ225;831;4433;176v;Paris_AN_JJ_inventaire_Loire.xml
JJ225;840;4434;178;Paris_AN_JJ_inventaire_Loire.xml
JJ225;848;4435;179v;Paris_AN_JJ_inventaire_Loire.xml
JJ225;864;4436;182v;Paris_AN_JJ_inventaire_Loire.xml
JJ225;865;4437;183;Paris_AN_JJ_inventaire_Loire.xml
JJ225;877;4438;185;Paris_AN_JJ_inventaire_Loire.xml
JJ225;886;4439;187;Paris_AN_JJ_inventaire_Loire.xml
JJ225;906;4440;192v;Paris_AN_JJ_inventaire_Loire.xml
JJ225;909;4441;192;Paris_AN_JJ_inventaire_Loire.xml
JJ225;931;4442;196v;Paris_AN_JJ_inventaire_Loire.xml
JJ225;942;4443;193v;Paris_AN_JJ_inventaire_Loire.xml
JJ225;943;4444;198v;Paris_AN_JJ_inventaire_Loire.xml
JJ225;953;4445;200v;Paris_AN_JJ_inventaire_Loire.xml
JJ225;958;4446;201v;Paris_AN_JJ_inventaire_Loire.xml
JJ225;960;4447;202;Paris_AN_JJ_inventaire_Loire.xml
JJ225;962;4448;202;Paris_AN_JJ_inventaire_Loire.xml
JJ225;964;4449;202v;Paris_AN_JJ_inventaire_Loire.xml
JJ225;966;4450;203;Paris_AN_JJ_inventaire_Loire.xml
JJ225;971;4451;204;Paris_AN_JJ_inventaire_Loire.xml
JJ225;977;4452;205v;Paris_AN_JJ_inventaire_Loire.xml
JJ225;983;4453;206v;Paris_AN_JJ_inventaire_Loire.xml
JJ225;1017;4454;213v;Paris_AN_JJ_inventaire_Loire.xml
JJ225;1022;4455;214v;Paris_AN_JJ_inventaire_Loire.xml
JJ225;1024;4456;214v;Paris_AN_JJ_inventaire_Loire.xml
JJ225;1028;4457;215v;Paris_AN_JJ_inventaire_Loire.xml
JJ225;1030;4458;216;Paris_AN_JJ_inventaire_Loire.xml
JJ225;1049;4459;220;Paris_AN_JJ_inventaire_Loire.xml
JJ225;1053;4460;220v;Paris_AN_JJ_inventaire_Loire.xml
JJ225;1069;4461;224;Paris_AN_JJ_inventaire_Loire.xml
JJ225;1072;4462;224v;Paris_AN_JJ_inventaire_Loire.xml
JJ225;1074;4463;225;Paris_AN_JJ_inventaire_Loire.xml
JJ225;1075;4464;225;Paris_AN_JJ_inventaire_Loire.xml
JJ225;1097;4465;229;Paris_AN_JJ_inventaire_Loire.xml
JJ225;1099;4466;229v;Paris_AN_JJ_inventaire_Loire.xml
JJ225;1125;4467;234;Paris_AN_JJ_inventaire_Loire.xml
JJ225;1285;4468;240v;Paris_AN_JJ_inventaire_Loire.xml
JJ225;1293;4469;242;Paris_AN_JJ_inventaire_Loire.xml
JJ225;1300;4470;243;Paris_AN_JJ_inventaire_Loire.xml
JJ225;1306;4471;244;Paris_AN_JJ_inventaire_Loire.xml
JJ225;1310;4472;245;Paris_AN_JJ_inventaire_Loire.xml
JJ225;1321;4473;247;Paris_AN_JJ_inventaire_Loire.xml
JJ225;1329;4474;248v;Paris_AN_JJ_inventaire_Loire.xml
JJ225;1342;4475;251;Paris_AN_JJ_inventaire_Loire.xml
JJ225;1344;4476;251v;Paris_AN_JJ_inventaire_Loire.xml
JJ225;1353;4477;253;Paris_AN_JJ_inventaire_Loire.xml
JJ225;1369;4478;256v;Paris_AN_JJ_inventaire_Loire.xml
JJ225;1383;4479;259;Paris_AN_JJ_inventaire_Loire.xml
JJ225;1390;4480;260v;Paris_AN_JJ_inventaire_Loire.xml
JJ225;1401;4481;262v;Paris_AN_JJ_inventaire_Loire.xml
JJ225;1407;4482;263v;Paris_AN_JJ_inventaire_Loire.xml
JJ225;1408;4483;263v;Paris_AN_JJ_inventaire_Loire.xml
JJ225;1411;4484;264;Paris_AN_JJ_inventaire_Loire.xml
JJ225;1427;4485;267v;Paris_AN_JJ_inventaire_Loire.xml
JJ225;1428;4486;268;Paris_AN_JJ_inventaire_Loire.xml
JJ225;1439;4487;270;Paris_AN_JJ_inventaire_Loire.xml
JJ225;1441;4488;271;Paris_AN_JJ_inventaire_Loire.xml
JJ225;1442;4489;271v;Paris_AN_JJ_inventaire_Loire.xml
JJ225;1417;4490;265v;Paris_AN_JJ_inventaire_Loire.xml
JJ226A;6;4491;2;Paris_AN_JJ_inventaire_Loire.xml
JJ226A;14;4492;5;Paris_AN_JJ_inventaire_Loire.xml
JJ226A;15;4493;6;Paris_AN_JJ_inventaire_Loire.xml
JJ226A;16;4494;6v;Paris_AN_JJ_inventaire_Loire.xml
JJ226A;23;4495;9v;Paris_AN_JJ_inventaire_Loire.xml
JJ226A;42;4496;18v;Paris_AN_JJ_inventaire_Loire.xml
JJ226A;46;4497;20;Paris_AN_JJ_inventaire_Loire.xml
JJ226A;51;4498;22;Paris_AN_JJ_inventaire_Loire.xml
JJ226A;55;4499;25;Paris_AN_JJ_inventaire_Loire.xml
JJ226A;56;4500;25;Paris_AN_JJ_inventaire_Loire.xml
JJ226A;70;4501;32v;Paris_AN_JJ_inventaire_Loire.xml
JJ226A;90;4502;49;Paris_AN_JJ_inventaire_Loire.xml
JJ226A;93;4503;51v;Paris_AN_JJ_inventaire_Loire.xml
JJ226A;99;4504;54v;Paris_AN_JJ_inventaire_Loire.xml
JJ226A;117;4505;68;Paris_AN_JJ_inventaire_Loire.xml
JJ226A;128;4506;75;Paris_AN_JJ_inventaire_Loire.xml
JJ226A;135;4507;80;Paris_AN_JJ_inventaire_Loire.xml
JJ226A;138;4508;81;Paris_AN_JJ_inventaire_Loire.xml
JJ226A;149;4509;88v;Paris_AN_JJ_inventaire_Loire.xml
JJ226A;159;4510;96;Paris_AN_JJ_inventaire_Loire.xml
JJ226A;162;4511;98;Paris_AN_JJ_inventaire_Loire.xml
JJ226A;165;4512;99v;Paris_AN_JJ_inventaire_Loire.xml
JJ226A;169;4513;103;Paris_AN_JJ_inventaire_Loire.xml
JJ226A;172;4514;104v;Paris_AN_JJ_inventaire_Loire.xml
JJ226A;173;4515;104v;Paris_AN_JJ_inventaire_Loire.xml
JJ226A;183;4516;111;Paris_AN_JJ_inventaire_Loire.xml
JJ226A;190;4517;114v;Paris_AN_JJ_inventaire_Loire.xml
JJ226A;203;4518;121;Paris_AN_JJ_inventaire_Loire.xml
JJ226A;228;4519;135v;Paris_AN_JJ_inventaire_Loire.xml
JJ226A;230;4520;136v;Paris_AN_JJ_inventaire_Loire.xml
JJ226A;235;4521;138;Paris_AN_JJ_inventaire_Loire.xml
JJ226A;237;4522;140;Paris_AN_JJ_inventaire_Loire.xml
JJ226A;242;4523;142v;Paris_AN_JJ_inventaire_Loire.xml
JJ226A;255;4524;151;Paris_AN_JJ_inventaire_Loire.xml
JJ226A;256;4525;151;Paris_AN_JJ_inventaire_Loire.xml
JJ226A;261;4526;153v;Paris_AN_JJ_inventaire_Loire.xml
JJ226A;267;4527;156;Paris_AN_JJ_inventaire_Loire.xml
JJ226A;273;4528;159v;Paris_AN_JJ_inventaire_Loire.xml
JJ226A;278;4529;161v;Paris_AN_JJ_inventaire_Loire.xml
JJ226A;283;4530;164;Paris_AN_JJ_inventaire_Loire.xml
JJ226A;311;4531;178;Paris_AN_JJ_inventaire_Loire.xml
JJ226A;327;4532;187;Paris_AN_JJ_inventaire_Loire.xml
JJ226A;329;4533;188;Paris_AN_JJ_inventaire_Loire.xml
JJ226A;330;4534;188v;Paris_AN_JJ_inventaire_Loire.xml
JJ226A;335;4535;191v;Paris_AN_JJ_inventaire_Loire.xml
JJ226A;348;4536;204v;Paris_AN_JJ_inventaire_Loire.xml
JJ226A;365;4537;213v;Paris_AN_JJ_inventaire_Loire.xml
JJ226A;387;4538;228v;Paris_AN_JJ_inventaire_Loire.xml
JJ226A;400;4539;241v;Paris_AN_JJ_inventaire_Loire.xml
JJ226A;407;4540;245v;Paris_AN_JJ_inventaire_Loire.xml
JJ226A;410;4541;248;Paris_AN_JJ_inventaire_Loire.xml
JJ226A;412;4542;250;Paris_AN_JJ_inventaire_Loire.xml
JJ226A;429;4543;262;Paris_AN_JJ_inventaire_Loire.xml
JJ226A;439;4544;267v;Paris_AN_JJ_inventaire_Loire.xml
JJ226A;443;4545;270v;Paris_AN_JJ_inventaire_Loire.xml
JJ226A;453;4546;278;Paris_AN_JJ_inventaire_Loire.xml
JJ226A;469;4547;290;Paris_AN_JJ_inventaire_Loire.xml
JJ226A;470;4548;291;Paris_AN_JJ_inventaire_Loire.xml
JJ226A;479;4549;298;Paris_AN_JJ_inventaire_Loire.xml
JJ226A;500;4550;318v;Paris_AN_JJ_inventaire_Loire.xml
JJ226A;507;4551;324;Paris_AN_JJ_inventaire_Loire.xml
JJ226B;7;4552;2;Paris_AN_JJ_inventaire_Loire.xml
JJ226B;16;4553;3v;Paris_AN_JJ_inventaire_Loire.xml
JJ226B;20;4554;4v;Paris_AN_JJ_inventaire_Loire.xml
JJ226B;31;4555;6;Paris_AN_JJ_inventaire_Loire.xml
JJ226B;59;4556;14;Paris_AN_JJ_inventaire_Loire.xml
JJ226B;66;4557;15;Paris_AN_JJ_inventaire_Loire.xml
JJ226B;71;4558;16;Paris_AN_JJ_inventaire_Loire.xml
JJ226B;75;4559;16v;Paris_AN_JJ_inventaire_Loire.xml
JJ226B;87;4560;18v;Paris_AN_JJ_inventaire_Loire.xml
JJ226B;98;4561;20v;Paris_AN_JJ_inventaire_Loire.xml
JJ226B;101;4562;21v;Paris_AN_JJ_inventaire_Loire.xml
JJ226B;103;4563;22;Paris_AN_JJ_inventaire_Loire.xml
JJ226B;107;4564;23v;Paris_AN_JJ_inventaire_Loire.xml
JJ226B;119;4565;26;Paris_AN_JJ_inventaire_Loire.xml
JJ226B;138;4566;29v;Paris_AN_JJ_inventaire_Loire.xml
JJ226B;141;4567;30;Paris_AN_JJ_inventaire_Loire.xml
JJ226B;159;4568;33v;Paris_AN_JJ_inventaire_Loire.xml
JJ226B;161;4569;34;Paris_AN_JJ_inventaire_Loire.xml
JJ226B;163;4570;34v;Paris_AN_JJ_inventaire_Loire.xml
JJ2268;175;4571;36v;Paris_AN_JJ_inventaire_Loire.xml
JJ2268;182;4572;38;Paris_AN_JJ_inventaire_Loire.xml
JJ2268;191;4573;39v;Paris_AN_JJ_inventaire_Loire.xml
JJ2268;212;4574;43v;Paris_AN_JJ_inventaire_Loire.xml
JJ2268;221;4575;45;Paris_AN_JJ_inventaire_Loire.xml
JJ2268;232;4576;47;Paris_AN_JJ_inventaire_Loire.xml
JJ2268;246;4577;50;Paris_AN_JJ_inventaire_Loire.xml
JJ2268;260;4578;52v;Paris_AN_JJ_inventaire_Loire.xml
JJ2268;261;4579;52v;Paris_AN_JJ_inventaire_Loire.xml
JJ226B;267;4580;53v;Paris_AN_JJ_inventaire_Loire.xml
JJ226B;271;4581;54v;Paris_AN_JJ_inventaire_Loire.xml
JJ226B;276;4582;55;Paris_AN_JJ_inventaire_Loire.xml
JJ226B;277;4583;55v;Paris_AN_JJ_inventaire_Loire.xml
JJ226B;281;4584;56;Paris_AN_JJ_inventaire_Loire.xml
JJ226B;282;4585;56v;Paris_AN_JJ_inventaire_Loire.xml
JJ226B;287;4586;57;Paris_AN_JJ_inventaire_Loire.xml
JJ226B;289;4587;57v;Paris_AN_JJ_inventaire_Loire.xml
JJ226B;291;4588;58;Paris_AN_JJ_inventaire_Loire.xml
JJ226B;292;4589;58;Paris_AN_JJ_inventaire_Loire.xml
JJ226B;295;4590;58v;Paris_AN_JJ_inventaire_Loire.xml
JJ226B;302;4591;60;Paris_AN_JJ_inventaire_Loire.xml
JJ226B;306;4592;61;Paris_AN_JJ_inventaire_Loire.xml
JJ226B;310;4593;61v;Paris_AN_JJ_inventaire_Loire.xml
JJ226B;320;4594;43v;Paris_AN_JJ_inventaire_Loire.xml
JJ226B;338;4595;66v;Paris_AN_JJ_inventaire_Loire.xml
JJ226B;354;4596;69v;Paris_AN_JJ_inventaire_Loire.xml
JJ226B;357;4597;70;Paris_AN_JJ_inventaire_Loire.xml
JJ226B;360;4598;70v;Paris_AN_JJ_inventaire_Loire.xml
JJ226B;363;4599;71;Paris_AN_JJ_inventaire_Loire.xml
JJ226B;364;4600;71;Paris_AN_JJ_inventaire_Loire.xml
JJ226B;366;4601;71v;Paris_AN_JJ_inventaire_Loire.xml
JJ226B;375;4602;73;Paris_AN_JJ_inventaire_Loire.xml
JJ226B;380;4603;74;Paris_AN_JJ_inventaire_Loire.xml
JJ226B;385;4604;75;Paris_AN_JJ_inventaire_Loire.xml
JJ226B;389;4605;75v;Paris_AN_JJ_inventaire_Loire.xml
JJ226B;392;4606;76;Paris_AN_JJ_inventaire_Loire.xml
JJ226B;407;4607;79;Paris_AN_JJ_inventaire_Loire.xml
JJ226B;408;4608;79;Paris_AN_JJ_inventaire_Loire.xml
JJ226B;411;4609;79v;Paris_AN_JJ_inventaire_Loire.xml
JJ226B;425;4610;82;Paris_AN_JJ_inventaire_Loire.xml
JJ226B;431;4611;83v;Paris_AN_JJ_inventaire_Loire.xml
JJ226B;439;4612;85;Paris_AN_JJ_inventaire_Loire.xml
JJ226B;442;4613;85;Paris_AN_JJ_inventaire_Loire.xml
JJ226B;466;4614;90;Paris_AN_JJ_inventaire_Loire.xml
JJ226B;501;4615;97;Paris_AN_JJ_inventaire_Loire.xml
JJ226B;513;4616;99;Paris_AN_JJ_inventaire_Loire.xml
JJ226B;519;4617;100;Paris_AN_JJ_inventaire_Loire.xml
JJ226B;531;4618;102;Paris_AN_JJ_inventaire_Loire.xml
JJ226B;558;4619;107;Paris_AN_JJ_inventaire_Loire.xml
JJ226B;569;4620;109;Paris_AN_JJ_inventaire_Loire.xml
JJ226B;573;4621;110;Paris_AN_JJ_inventaire_Loire.xml
JJ226B;577;4622;110v;Paris_AN_JJ_inventaire_Loire.xml
JJ226B;582;4623;111v;Paris_AN_JJ_inventaire_Loire.xml
JJ226B;585;4624;112;Paris_AN_JJ_inventaire_Loire.xml
JJ226B;587;4625;112v;Paris_AN_JJ_inventaire_Loire.xml
JJ226B;592;4626;113v;Paris_AN_JJ_inventaire_Loire.xml
JJ226B;600;4627;115;Paris_AN_JJ_inventaire_Loire.xml
JJ226B;627;4628;120;Paris_AN_JJ_inventaire_Loire.xml
JJ226B;631;4629;121;Paris_AN_JJ_inventaire_Loire.xml
JJ226B;637;4630;122;Paris_AN_JJ_inventaire_Loire.xml
JJ226B;639;4631;122v;Paris_AN_JJ_inventaire_Loire.xml
JJ226B;649;4632;124;Paris_AN_JJ_inventaire_Loire.xml
JJ226B;651;4633;124v;Paris_AN_JJ_inventaire_Loire.xml
JJ226B;671;4634;128;Paris_AN_JJ_inventaire_Loire.xml
JJ226B;677;4635;129;Paris_AN_JJ_inventaire_Loire.xml
JJ226B;678;4636;129v;Paris_AN_JJ_inventaire_Loire.xml
JJ226B;688;4637;131;Paris_AN_JJ_inventaire_Loire.xml
JJ226B;698;4638;133;Paris_AN_JJ_inventaire_Loire.xml
JJ226B;700;4639;133v;Paris_AN_JJ_inventaire_Loire.xml
JJ226B;704;4640;134;Paris_AN_JJ_inventaire_Loire.xml
JJ226B;711;4641;135v;Paris_AN_JJ_inventaire_Loire.xml
JJ226B;713;4642;135v;Paris_AN_JJ_inventaire_Loire.xml
JJ226B;719;4643;137;Paris_AN_JJ_inventaire_Loire.xml
JJ226B;720;4644;137;Paris_AN_JJ_inventaire_Loire.xml
JJ226B;741;4645;140v;Paris_AN_JJ_inventaire_Loire.xml
JJ226B;742;4646;141;Paris_AN_JJ_inventaire_Loire.xml
JJ226B;744;4647;141;Paris_AN_JJ_inventaire_Loire.xml
JJ226B;749;4648;142;Paris_AN_JJ_inventaire_Loire.xml
JJ226B;750;4649;142v;Paris_AN_JJ_inventaire_Loire.xml
JJ226B;756;4650;143v;Paris_AN_JJ_inventaire_Loire.xml
JJ226B;768;4651;145v;Paris_AN_JJ_inventaire_Loire.xml
JJ226B;773;4652;146v;Paris_AN_JJ_inventaire_Loire.xml
JJ226B;839;4653;158v;Paris_AN_JJ_inventaire_Loire.xml
JJ226B;842;4654;159v;Paris_AN_JJ_inventaire_Loire.xml
JJ226B;856;4655;162;Paris_AN_JJ_inventaire_Loire.xml
JJ226B;858;4656;162v;Paris_AN_JJ_inventaire_Loire.xml
JJ226B;887;4657;168;Paris_AN_JJ_inventaire_Loire.xml
JJ226B;900;4658;170v;Paris_AN_JJ_inventaire_Loire.xml
JJ226B;902;4659;171;Paris_AN_JJ_inventaire_Loire.xml
JJ226B;903;4660;171;Paris_AN_JJ_inventaire_Loire.xml
JJ226B;914;4661;173;Paris_AN_JJ_inventaire_Loire.xml
JJ226B;916;4662;173v;Paris_AN_JJ_inventaire_Loire.xml
JJ226B;920;4663;174v;Paris_AN_JJ_inventaire_Loire.xml
JJ226B;939;4664;178;Paris_AN_JJ_inventaire_Loire.xml
JJ226B;941;4665;178v;Paris_AN_JJ_inventaire_Loire.xml
JJ226B;942;4666;178v;Paris_AN_JJ_inventaire_Loire.xml
JJ226B;944;4667;179;Paris_AN_JJ_inventaire_Loire.xml
JJ226B;947;4668;179v;Paris_AN_JJ_inventaire_Loire.xml
JJ226B;949;4669;180;Paris_AN_JJ_inventaire_Loire.xml
JJ226B;951;4670;180;Paris_AN_JJ_inventaire_Loire.xml
JJ226B;955;4671;181;Paris_AN_JJ_inventaire_Loire.xml
JJ226B;963;4672;182v;Paris_AN_JJ_inventaire_Loire.xml
JJ226B;966;4673;183;Paris_AN_JJ_inventaire_Loire.xml
JJ226B;977;4674;185;Paris_AN_JJ_inventaire_Loire.xml
JJ226B;1002;4675;189v;Paris_AN_JJ_inventaire_Loire.xml
JJ226B;1004;4676;190;Paris_AN_JJ_inventaire_Loire.xml
JJ226B;1008;4677;191;Paris_AN_JJ_inventaire_Loire.xml
JJ226B;1014;4678;192;Paris_AN_JJ_inventaire_Loire.xml
JJ226B;1016;4679;192v;Paris_AN_JJ_inventaire_Loire.xml
JJ226B;1043;4680;198;Paris_AN_JJ_inventaire_Loire.xml
JJ226B;1050;4681;199;Paris_AN_JJ_inventaire_Loire.xml
JJ226B;1066;4682;202;Paris_AN_JJ_inventaire_Loire.xml
JJ226B;1079;4683;204v;Paris_AN_JJ_inventaire_Loire.xml
JJ226B;1083;4684;205;Paris_AN_JJ_inventaire_Loire.xml
JJ226B;1088;4685;206;Paris_AN_JJ_inventaire_Loire.xml
JJ226o;1090;4686;206v;Paris_AN_JJ_inventaire_Loire.xml
JJ226;1099;4687;208;Paris_AN_JJ_inventaire_Loire.xml
JJ226B;1103;4688;208v;Paris_AN_JJ_inventaire_Loire.xml
JJ226o;1110;4689;210;Paris_AN_JJ_inventaire_Loire.xml
JJ226B;1115;4690;211;Paris_AN_JJ_inventaire_Loire.xml
JJ226B;1126;4691;213;Paris_AN_JJ_inventaire_Loire.xml
JJ2261;1135;4692;214v;Paris_AN_JJ_inventaire_Loire.xml
JJ226B;1136;4693;214v;Paris_AN_JJ_inventaire_Loire.xml
JJ226o;1145;4694;216;Paris_AN_JJ_inventaire_Loire.xml
JJ226B;1147;4695;216v;Paris_AN_JJ_inventaire_Loire.xml
JJ226B;1153;4696;217v;Paris_AN_JJ_inventaire_Loire.xml
JJ226B;1165;4697;219v;Paris_AN_JJ_inventaire_Loire.xml
JJ226B;1177;4698;222;Paris_AN_JJ_inventaire_Loire.xml
JJ226B;1198;4699;226;Paris_AN_JJ_inventaire_Loire.xml
JJ226B;1208;4700;228;Paris_AN_JJ_inventaire_Loire.xml
JJ227;6;4701;3;Paris_AN_JJ_inventaire_Loire.xml
JJ227;14;4702;6v;Paris_AN_JJ_inventaire_Loire.xml
JJ227;22;4703;10;Paris_AN_JJ_inventaire_Loire.xml
JJ227;36;4704;18;Paris_AN_JJ_inventaire_Loire.xml
JJ227;39;4705;19;Paris_AN_JJ_inventaire_Loire.xml
JJ227;48;4706;25;Paris_AN_JJ_inventaire_Loire.xml
JJ227;51;4707;26v;Paris_AN_JJ_inventaire_Loire.xml
JJ227;57;4708;29;Paris_AN_JJ_inventaire_Loire.xml
JJ227;59;4709;30;Paris_AN_JJ_inventaire_Loire.xml
JJ227;62;4710;32;Paris_AN_JJ_inventaire_Loire.xml
JJ227;63;4711;33;Paris_AN_JJ_inventaire_Loire.xml
JJ227;67;4712;35;Paris_AN_JJ_inventaire_Loire.xml
JJ227;71;4713;36v;Paris_AN_JJ_inventaire_Loire.xml
JJ227;80;4714;41;Paris_AN_JJ_inventaire_Loire.xml
JJ227;81;4715;41v;Paris_AN_JJ_inventaire_Loire.xml
JJ227;82;4716;42;Paris_AN_JJ_inventaire_Loire.xml
JJ227;85;4717;43;Paris_AN_JJ_inventaire_Loire.xml
JJ227;92;4718;47;Paris_AN_JJ_inventaire_Loire.xml
JJ227;94;4719;47v;Paris_AN_JJ_inventaire_Loire.xml
JJ227;95;4720;48;Paris_AN_JJ_inventaire_Loire.xml
JJ227;97;4721;48v;Paris_AN_JJ_inventaire_Loire.xml
JJ227;106;4722;52;Paris_AN_JJ_inventaire_Loire.xml
JJ227;107;4723;52v;Paris_AN_JJ_inventaire_Loire.xml
JJ227;113;4724;55v;Paris_AN_JJ_inventaire_Loire.xml
JJ227;117;4725;58;Paris_AN_JJ_inventaire_Loire.xml
JJ227;119;4726;59;Paris_AN_JJ_inventaire_Loire.xml
JJ227;124;4727;61;Paris_AN_JJ_inventaire_Loire.xml
JJ227;127;4728;62v;Paris_AN_JJ_inventaire_Loire.xml
JJ227;130;4729;64v;Paris_AN_JJ_inventaire_Loire.xml
JJ227;133;4730;65v;Paris_AN_JJ_inventaire_Loire.xml
JJ227;134;4731;66;Paris_AN_JJ_inventaire_Loire.xml
JJ227;140;4732;69;Paris_AN_JJ_inventaire_Loire.xml
JJ227;141;4733;69v;Paris_AN_JJ_inventaire_Loire.xml
JJ227;148;4734;73v;Paris_AN_JJ_inventaire_Loire.xml
JJ227;168;4735;84;Paris_AN_JJ_inventaire_Loire.xml
JJ227;169;4736;84v;Paris_AN_JJ_inventaire_Loire.xml
JJ227;173;4737;86;Paris_AN_JJ_inventaire_Loire.xml
JJ227;174;4738;86v;Paris_AN_JJ_inventaire_Loire.xml
JJ227;189;4739;96;Paris_AN_JJ_inventaire_Loire.xml
JJ227;196;4740;100;Paris_AN_JJ_inventaire_Loire.xml
JJ227;204;4741;106;Paris_AN_JJ_inventaire_Loire.xml
JJ227;207;4742;107;Paris_AN_JJ_inventaire_Loire.xml
JJ227;209;4743;108;Paris_AN_JJ_inventaire_Loire.xml
JJ227;214;4744;110v;Paris_AN_JJ_inventaire_Loire.xml
JJ227;217;4745;112v;Paris_AN_JJ_inventaire_Loire.xml
JJ227;222;4746;114v;Paris_AN_JJ_inventaire_Loire.xml
JJ227;223;4747;115v;Paris_AN_JJ_inventaire_Loire.xml
JJ227;225;4748;117v;Paris_AN_JJ_inventaire_Loire.xml
JJ227;228;4749;119;Paris_AN_JJ_inventaire_Loire.xml
JJ227;230;4750;120v;Paris_AN_JJ_inventaire_Loire.xml
JJ227;232;4751;122;Paris_AN_JJ_inventaire_Loire.xml
JJ227;234;4752;123;Paris_AN_JJ_inventaire_Loire.xml
JJ227;237;4753;124;Paris_AN_JJ_inventaire_Loire.xml
JJ227;239;4754;125;Paris_AN_JJ_inventaire_Loire.xml
JJ227;245;4755;127;Paris_AN_JJ_inventaire_Loire.xml
JJ227;254;4756;132;Paris_AN_JJ_inventaire_Loire.xml
JJ227;267;4757;138;Paris_AN_JJ_inventaire_Loire.xml
JJ227;284;4758;146;Paris_AN_JJ_inventaire_Loire.xml
JJ227;309;4759;157;Paris_AN_JJ_inventaire_Loire.xml
JJ227;312;4760;158;Paris_AN_JJ_inventaire_Loire.xml
JJ227;314;4761;159;Paris_AN_JJ_inventaire_Loire.xml
JJ227;317;4762;160;Paris_AN_JJ_inventaire_Loire.xml
JJ227;323;4763;162v;Paris_AN_JJ_inventaire_Loire.xml
JJ227;348;4764;174;Paris_AN_JJ_inventaire_Loire.xml
JJ227;395;4765;203;Paris_AN_JJ_inventaire_Loire.xml
JJ227;418;4766;214;Paris_AN_JJ_inventaire_Loire.xml
JJ227;421;4767;218;Paris_AN_JJ_inventaire_Loire.xml
JJ227;430;4768;222;Paris_AN_JJ_inventaire_Loire.xml
JJ227;438;4769;225;Paris_AN_JJ_inventaire_Loire.xml
JJ227;442;4770;228v;Paris_AN_JJ_inventaire_Loire.xml
JJ227;458;4771;238;Paris_AN_JJ_inventaire_Loire.xml
JJ227;478;4772;247;Paris_AN_JJ_inventaire_Loire.xml
JJ227;485;4773;250v;Paris_AN_JJ_inventaire_Loire.xml
JJ227;488;4774;252;Paris_AN_JJ_inventaire_Loire.xml
JJ227;490;4775;252v;Paris_AN_JJ_inventaire_Loire.xml
JJ227;499;4776;257v;Paris_AN_JJ_inventaire_Loire.xml
JJ227;510;4777;261;Paris_AN_JJ_inventaire_Loire.xml
JJ227;511;4778;261v;Paris_AN_JJ_inventaire_Loire.xml
JJ227;512;4779;262;Paris_AN_JJ_inventaire_Loire.xml
JJ227;514;4780;263;Paris_AN_JJ_inventaire_Loire.xml
JJ227;541;4781;279;Paris_AN_JJ_inventaire_Loire.xml
JJ228;3;4782;1v;Paris_AN_JJ_inventaire_Loire.xml
JJ228;4;4783;2;Paris_AN_JJ_inventaire_Loire.xml
JJ228;16;4784;8;Paris_AN_JJ_inventaire_Loire.xml
JJ228;31;4785;15v;Paris_AN_JJ_inventaire_Loire.xml
JJ228;42;4786;20;Paris_AN_JJ_inventaire_Loire.xml
JJ228;45;4787;22;Paris_AN_JJ_inventaire_Loire.xml
JJ228;52;4788;23v;Paris_AN_JJ_inventaire_Loire.xml
JJ228;53;4789;23v;Paris_AN_JJ_inventaire_Loire.xml
JJ228;57;4790;24v;Paris_AN_JJ_inventaire_Loire.xml
JJ228;72;4791;27v;Paris_AN_JJ_inventaire_Loire.xml
JJ228;79;4792;30;Paris_AN_JJ_inventaire_Loire.xml
JJ228;80;4793;30v;Paris_AN_JJ_inventaire_Loire.xml
JJ228;89;4794;34v;Paris_AN_JJ_inventaire_Loire.xml
JJ228;93;4795;36v;Paris_AN_JJ_inventaire_Loire.xml
JJ228;94;4796;38;Paris_AN_JJ_inventaire_Loire.xml
JJ228;111;4797;45v;Paris_AN_JJ_inventaire_Loire.xml
JJ228;119;4798;49;Paris_AN_JJ_inventaire_Loire.xml
JJ228;122;4799;50;Paris_AN_JJ_inventaire_Loire.xml
JJ228;140;4800;57;Paris_AN_JJ_inventaire_Loire.xml
JJ228;141;4801;57v;Paris_AN_JJ_inventaire_Loire.xml
JJ228;149bis;4802;62;Paris_AN_JJ_inventaire_Loire.xml
JJ228;53;4803;64v;Paris_AN_JJ_inventaire_Loire.xml
JJ228;159;4804;67;Paris_AN_JJ_inventaire_Loire.xml
JJ228;161;4805;68;Paris_AN_JJ_inventaire_Loire.xml
JJ228;165;4806;69v;Paris_AN_JJ_inventaire_Loire.xml
JJ228;167;4807;70v;Paris_AN_JJ_inventaire_Loire.xml
JJ228;168;4808;71;Paris_AN_JJ_inventaire_Loire.xml
JJ228;169;4809;72;Paris_AN_JJ_inventaire_Loire.xml
JJ228;181;4810;78;Paris_AN_JJ_inventaire_Loire.xml
JJ228;188;4811;81;Paris_AN_JJ_inventaire_Loire.xml
JJ228;204;4812;87;Paris_AN_JJ_inventaire_Loire.xml
JJ228;209;4813;89;Paris_AN_JJ_inventaire_Loire.xml
JJ228;211;4814;89v;Paris_AN_JJ_inventaire_Loire.xml
JJ228;215;4815;91v;Paris_AN_JJ_inventaire_Loire.xml
JJ229;1;4816;1;Paris_AN_JJ_inventaire_Loire.xml
JJ229;5;4817;2;Paris_AN_JJ_inventaire_Loire.xml
JJ229;11;4818;4;Paris_AN_JJ_inventaire_Loire.xml
JJ229;14;4819;5;Paris_AN_JJ_inventaire_Loire.xml
JJ229;15;4820;6;Paris_AN_JJ_inventaire_Loire.xml
JJ229;21;4821;8v;Paris_AN_JJ_inventaire_Loire.xml
JJ229;22;4822;10;Paris_AN_JJ_inventaire_Loire.xml
JJ229;37;4823;19v;Paris_AN_JJ_inventaire_Loire.xml
JJ229;40;4824;21;Paris_AN_JJ_inventaire_Loire.xml
JJ229;46;4825;23;Paris_AN_JJ_inventaire_Loire.xml
JJ229;48;4826;24;Paris_AN_JJ_inventaire_Loire.xml
JJ229;55;4827;29v;Paris_AN_JJ_inventaire_Loire.xml
JJ229;65;4828;32v;Paris_AN_JJ_inventaire_Loire.xml
JJ229;66;4829;33;Paris_AN_JJ_inventaire_Loire.xml
JJ229;71;4830;35;Paris_AN_JJ_inventaire_Loire.xml
JJ229;77;4831;37;Paris_AN_JJ_inventaire_Loire.xml
JJ229;78;4832;37;Paris_AN_JJ_inventaire_Loire.xml
JJ229;79;4833;38v;Paris_AN_JJ_inventaire_Loire.xml
JJ229;82;4834;38;Paris_AN_JJ_inventaire_Loire.xml
JJ229;86bis;4835;39v;Paris_AN_JJ_inventaire_Loire.xml
JJ229;87;4836;40;Paris_AN_JJ_inventaire_Loire.xml
JJ229;88;4837;40v;Paris_AN_JJ_inventaire_Loire.xml
JJ229;96;4838;46v;Paris_AN_JJ_inventaire_Loire.xml
JJ229;99;4839;47v;Paris_AN_JJ_inventaire_Loire.xml
JJ229;100;4840;48;Paris_AN_JJ_inventaire_Loire.xml
JJ230;10;4841;5;Paris_AN_JJ_inventaire_Loire.xml
JJ230;11;4842;5v;Paris_AN_JJ_inventaire_Loire.xml
JJ230;25;4843;11v;Paris_AN_JJ_inventaire_Loire.xml
JJ230;28;4844;14v;Paris_AN_JJ_inventaire_Loire.xml
JJ230;33;4845;16v;Paris_AN_JJ_inventaire_Loire.xml
JJ230;34;4846;17;Paris_AN_JJ_inventaire_Loire.xml
JJ230;42;4847;21;Paris_AN_JJ_inventaire_Loire.xml
JJ230;48;4848;23v;Paris_AN_JJ_inventaire_Loire.xml
JJ230;54;4849;26;Paris_AN_JJ_inventaire_Loire.xml
JJ230;78;4850;40;Paris_AN_JJ_inventaire_Loire.xml
JJ230;88;4851;45v;Paris_AN_JJ_inventaire_Loire.xml
JJ230;92;4852;47;Paris_AN_JJ_inventaire_Loire.xml
JJ230;105;4853;54v;Paris_AN_JJ_inventaire_Loire.xml
JJ230;109;4854;56v;Paris_AN_JJ_inventaire_Loire.xml
JJ230;138;4855;73;Paris_AN_JJ_inventaire_Loire.xml
JJ230;144;4856;75;Paris_AN_JJ_inventaire_Loire.xml
JJ230;164;4857;84v;Paris_AN_JJ_inventaire_Loire.xml
JJ230;185;4858;92v;Paris_AN_JJ_inventaire_Loire.xml
JJ230;191;4859;94;Paris_AN_JJ_inventaire_Loire.xml
JJ230;198;4860;96;Paris_AN_JJ_inventaire_Loire.xml
JJ230;212;4861;103;Paris_AN_JJ_inventaire_Loire.xml
JJ230;213;4862;103;Paris_AN_JJ_inventaire_Loire.xml
JJ230;217;4863;104;Paris_AN_JJ_inventaire_Loire.xml
JJ230;218;4864;104;Paris_AN_JJ_inventaire_Loire.xml
JJ230;219;4865;104v;Paris_AN_JJ_inventaire_Loire.xml
JJ230;222;4866;105v;Paris_AN_JJ_inventaire_Loire.xml
JJ230;229;4867;107v;Paris_AN_JJ_inventaire_Loire.xml
JJ230;234;4868;109;Paris_AN_JJ_inventaire_Loire.xml
JJ230;254;4869;118;Paris_AN_JJ_inventaire_Loire.xml
JJ230;270bis;4870;125;Paris_AN_JJ_inventaire_Loire.xml
JJ230;278;4871;129;Paris_AN_JJ_inventaire_Loire.xml
JJ230;281;4872;130v;Paris_AN_JJ_inventaire_Loire.xml
JJ230;283;4873;231v;Paris_AN_JJ_inventaire_Loire.xml
JJ230;313;4874;147;Paris_AN_JJ_inventaire_Loire.xml
JJ230;314;4875;147v;Paris_AN_JJ_inventaire_Loire.xml
JJ230;316;4876;148;Paris_AN_JJ_inventaire_Loire.xml
JJ230;323;4877;151;Paris_AN_JJ_inventaire_Loire.xml
JJ230;331;4878;155;Paris_AN_JJ_inventaire_Loire.xml
JJ230;344;4879;160v;Paris_AN_JJ_inventaire_Loire.xml
JJ230;346;4880;161;Paris_AN_JJ_inventaire_Loire.xml
JJ230;373;4881;174v;Paris_AN_JJ_inventaire_Loire.xml
JJ230;388;4882;182v;Paris_AN_JJ_inventaire_Loire.xml
JJ230;394;4883;185v;Paris_AN_JJ_inventaire_Loire.xml
JJ230;411;4884;193;Paris_AN_JJ_inventaire_Loire.xml
JJ230;427;4885;202;Paris_AN_JJ_inventaire_Loire.xml
JJ230;442;4886;210;Paris_AN_JJ_inventaire_Loire.xml
JJ230;444;4887;210v;Paris_AN_JJ_inventaire_Loire.xml
JJ230;454;4888;215;Paris_AN_JJ_inventaire_Loire.xml
JJ230;456;4889;215v;Paris_AN_JJ_inventaire_Loire.xml
JJ230;457;4890;216;Paris_AN_JJ_inventaire_Loire.xml
JJ231;5;4891;2v;Paris_AN_JJ_inventaire_Loire.xml
JJ231;8;4892;4;Paris_AN_JJ_inventaire_Loire.xml
JJ231;17;4893;8;Paris_AN_JJ_inventaire_Loire.xml
JJ231;45;4894;22v;Paris_AN_JJ_inventaire_Loire.xml
JJ231;47;4895;23v;Paris_AN_JJ_inventaire_Loire.xml
JJ231;58;4896;29;Paris_AN_JJ_inventaire_Loire.xml
JJ231;60;4897;30;Paris_AN_JJ_inventaire_Loire.xml
JJ231;79;4898;46;Paris_AN_JJ_inventaire_Loire.xml
JJ231;80;4899;47;Paris_AN_JJ_inventaire_Loire.xml
JJ231;81;4900;47;Paris_AN_JJ_inventaire_Loire.xml
JJ231;85;4901;48v;Paris_AN_JJ_inventaire_Loire.xml
JJ231;87;4902;49;Paris_AN_JJ_inventaire_Loire.xml
JJ231;88;4903;50v;Paris_AN_JJ_inventaire_Loire.xml
JJ231;93;4904;52;Paris_AN_JJ_inventaire_Loire.xml
JJ231;94;4905;53v;Paris_AN_JJ_inventaire_Loire.xml
JJ231;98;4906;55;Paris_AN_JJ_inventaire_Loire.xml
JJ231;104;4907;59v;Paris_AN_JJ_inventaire_Loire.xml
JJ231;107;4908;59v;Paris_AN_JJ_inventaire_Loire.xml
JJ231;116;4909;67v;Paris_AN_JJ_inventaire_Loire.xml
JJ231;117;4910;68v;Paris_AN_JJ_inventaire_Loire.xml
JJ231;122;4911;74v;Paris_AN_JJ_inventaire_Loire.xml
JJ231;124;4912;75v;Paris_AN_JJ_inventaire_Loire.xml
JJ231;133;4913;81;Paris_AN_JJ_inventaire_Loire.xml
JJ231;136;4914;82v;Paris_AN_JJ_inventaire_Loire.xml
JJ231;138;4915;83v;Paris_AN_JJ_inventaire_Loire.xml
JJ231;144;4916;113;Paris_AN_JJ_inventaire_Loire.xml
JJ231;161;4917;125v;Paris_AN_JJ_inventaire_Loire.xml
JJ231;172;4918;131;Paris_AN_JJ_inventaire_Loire.xml
JJ231;175;4919;132;Paris_AN_JJ_inventaire_Loire.xml
JJ231;176;4920;132v;Paris_AN_JJ_inventaire_Loire.xml
JJ231;181;4921;136;Paris_AN_JJ_inventaire_Loire.xml
JJ231;188;4922;142v;Paris_AN_JJ_inventaire_Loire.xml
JJ231;195;4923;151v;Paris_AN_JJ_inventaire_Loire.xml
JJ231;197;4924;156v;Paris_AN_JJ_inventaire_Loire.xml
JJ231;198;4925;157v;Paris_AN_JJ_inventaire_Loire.xml
JJ231;200;4926;158v;Paris_AN_JJ_inventaire_Loire.xml
JJ231;204;4927;159v;Paris_AN_JJ_inventaire_Loire.xml
JJ231;205;4928;161;Paris_AN_JJ_inventaire_Loire.xml
JJ231;206;4929;161v;Paris_AN_JJ_inventaire_Loire.xml
JJ231;219;4930;166v;Paris_AN_JJ_inventaire_Loire.xml
JJ231;235;4931;175;Paris_AN_JJ_inventaire_Loire.xml
JJ231;236;4932;176;Paris_AN_JJ_inventaire_Loire.xml
JJ231;237;4933;176v;Paris_AN_JJ_inventaire_Loire.xml
JJ231;244;4934;182;Paris_AN_JJ_inventaire_Loire.xml
JJ231;256;4935;192v;Paris_AN_JJ_inventaire_Loire.xml
JJ231;260;4936;195v;Paris_AN_JJ_inventaire_Loire.xml
JJ231;265;4937;198;Paris_AN_JJ_inventaire_Loire.xml
JJ231;267;4938;199;Paris_AN_JJ_inventaire_Loire.xml
JJ231;274;4939;202v;Paris_AN_JJ_inventaire_Loire.xml
JJ231;280;4940;206v;Paris_AN_JJ_inventaire_Loire.xml
JJ231;283;4941;208;Paris_AN_JJ_inventaire_Loire.xml
JJ231;287;4942;210;Paris_AN_JJ_inventaire_Loire.xml
JJ231;289;4943;210v;Paris_AN_JJ_inventaire_Loire.xml
JJ232;28;4944;8v;Paris_AN_JJ_inventaire_Loire.xml
JJ232;117;4945;58;Paris_AN_JJ_inventaire_Loire.xml
JJ232;119;4946;60v;Paris_AN_JJ_inventaire_Loire.xml
JJ232;123;4947;62v;Paris_AN_JJ_inventaire_Loire.xml
JJ232;130;4948;67;Paris_AN_JJ_inventaire_Loire.xml
JJ232;144;4949;74;Paris_AN_JJ_inventaire_Loire.xml
JJ232;150;4950;77v;Paris_AN_JJ_inventaire_Loire.xml
JJ232;153;4951;78v;Paris_AN_JJ_inventaire_Loire.xml
JJ232;154;4952;79v;Paris_AN_JJ_inventaire_Loire.xml
JJ232;160;4953;81v;Paris_AN_JJ_inventaire_Loire.xml
JJ232;162;4954;83v;Paris_AN_JJ_inventaire_Loire.xml
JJ232;165;4955;84v;Paris_AN_JJ_inventaire_Loire.xml
JJ232;167;4956;85v;Paris_AN_JJ_inventaire_Loire.xml
JJ232;169;4957;86v;Paris_AN_JJ_inventaire_Loire.xml
JJ232;171;4958;87v;Paris_AN_JJ_inventaire_Loire.xml
JJ232;178;4959;93v;Paris_AN_JJ_inventaire_Loire.xml
JJ232;195;4960;103;Paris_AN_JJ_inventaire_Loire.xml
JJ232;217;4961;122;Paris_AN_JJ_inventaire_Loire.xml
JJ232;221;4962;124;Paris_AN_JJ_inventaire_Loire.xml
JJ232;222;4963;124v;Paris_AN_JJ_inventaire_Loire.xml
JJ232;234;4964;130;Paris_AN_JJ_inventaire_Loire.xml
JJ232;238;4965;131;Paris_AN_JJ_inventaire_Loire.xml
JJ232;239;4966;M132;Paris_AN_JJ_inventaire_Loire.xml
JJ232;261;4967;142;Paris_AN_JJ_inventaire_Loire.xml
JJ232;262;4968;143;Paris_AN_JJ_inventaire_Loire.xml
JJ232;263;4969;143v;Paris_AN_JJ_inventaire_Loire.xml
JJ232;264;4970;144;Paris_AN_JJ_inventaire_Loire.xml
JJ233;3;4971;8v;Paris_AN_JJ_inventaire_Loire.xml
JJ233;7;4972;14;Paris_AN_JJ_inventaire_Loire.xml
JJ233;14;4973;18v;Paris_AN_JJ_inventaire_Loire.xml
JJ233;16;4974;21v;Paris_AN_JJ_inventaire_Loire.xml
;;4975;22;Paris_AN_JJ_inventaire_Loire.xml
JJ233;50;4976;44;Paris_AN_JJ_inventaire_Loire.xml
JJ233;60;4977;50;Paris_AN_JJ_inventaire_Loire.xml
JJ233;61;4978;50;Paris_AN_JJ_inventaire_Loire.xml
JJ233;64;4979;52;Paris_AN_JJ_inventaire_Loire.xml
JJ233;128;4980;53;Paris_AN_JJ_inventaire_Loire.xml
JJ233;148;4981;64v;Paris_AN_JJ_inventaire_Loire.xml
JJ233;155;4982;69v;Paris_AN_JJ_inventaire_Loire.xml
JJ233;172;4983;80;Paris_AN_JJ_inventaire_Loire.xml
JJ233;174;4984;81v;Paris_AN_JJ_inventaire_Loire.xml
JJ233;176;4985;83;Paris_AN_JJ_inventaire_Loire.xml
JJ233;184;4986;87v;Paris_AN_JJ_inventaire_Loire.xml
JJ233;202;4987;96v;Paris_AN_JJ_inventaire_Loire.xml
JJ233;211;4988;100;Paris_AN_JJ_inventaire_Loire.xml
JJ233;226;4989;108;Paris_AN_JJ_inventaire_Loire.xml
JJ233;244;4990;118;Paris_AN_JJ_inventaire_Loire.xml
JJ233;253;4991;123;Paris_AN_JJ_inventaire_Loire.xml
JJ233;273;4992;133v;Paris_AN_JJ_inventaire_Loire.xml
JJ233;280;4993;138;Paris_AN_JJ_inventaire_Loire.xml
JJ233;290;4994;142v;Paris_AN_JJ_inventaire_Loire.xml
JJ233;291;4995;143v;Paris_AN_JJ_inventaire_Loire.xml
JJ234;25;4996;12;Paris_AN_JJ_inventaire_Loire.xml
JJ234;27;4997;13;Paris_AN_JJ_inventaire_Loire.xml
JJ234;30;4998;14;Paris_AN_JJ_inventaire_Loire.xml
JJ234;31;4999;15;Paris_AN_JJ_inventaire_Loire.xml
JJ234;33;5000;15v;Paris_AN_JJ_inventaire_Loire.xml
JJ234;54;5001;29;Paris_AN_JJ_inventaire_Loire.xml
JJ234;60;5002;32v;Paris_AN_JJ_inventaire_Loire.xml
JJ234;65;5003;94v;Paris_AN_JJ_inventaire_Loire.xml
JJ234;79;5004;44;Paris_AN_JJ_inventaire_Loire.xml
JJ234;97;5005;52v;Paris_AN_JJ_inventaire_Loire.xml
JJ234;100;5006;54v;Paris_AN_JJ_inventaire_Loire.xml
JJ234;108;5007;58v;Paris_AN_JJ_inventaire_Loire.xml
JJ234;114;5008;61v;Paris_AN_JJ_inventaire_Loire.xml
JJ234;124;5009;66v;Paris_AN_JJ_inventaire_Loire.xml
JJ234;133;5010;73;Paris_AN_JJ_inventaire_Loire.xml
JJ234;136;5011;75;Paris_AN_JJ_inventaire_Loire.xml
JJ234;137;5012;75;Paris_AN_JJ_inventaire_Loire.xml
JJ234;143;5013;;Paris_AN_JJ_inventaire_Loire.xml
JJ234;154;5014;86;Paris_AN_JJ_inventaire_Loire.xml
JJ234;162;5015;94;Paris_AN_JJ_inventaire_Loire.xml
JJ234;163;5016;94v;Paris_AN_JJ_inventaire_Loire.xml
JJ234;188;5017;108;Paris_AN_JJ_inventaire_Loire.xml
JJ234;189;5018;108v;Paris_AN_JJ_inventaire_Loire.xml
JJ234;195;5019;111v;Paris_AN_JJ_inventaire_Loire.xml
JJ234;196;5020;113;Paris_AN_JJ_inventaire_Loire.xml
JJ234;206;5021;118;Paris_AN_JJ_inventaire_Loire.xml
JJ234;236;5022;134v;Paris_AN_JJ_inventaire_Loire.xml
JJ234;251;5023;143v;Paris_AN_JJ_inventaire_Loire.xml
JJ234;252;5024;144;Paris_AN_JJ_inventaire_Loire.xml
JJ234;267;5025;152v;Paris_AN_JJ_inventaire_Loire.xml
JJ234;269;5026;153;Paris_AN_JJ_inventaire_Loire.xml
JJ234;270;5027;154;Paris_AN_JJ_inventaire_Loire.xml
JJ234;276;5028;156v;Paris_AN_JJ_inventaire_Loire.xml
JJ234;278;5029;157;Paris_AN_JJ_inventaire_Loire.xml
JJ234;285;5030;160;Paris_AN_JJ_inventaire_Loire.xml
JJ234;288;5031;161v;Paris_AN_JJ_inventaire_Loire.xml
JJ234;290;5032;162;Paris_AN_JJ_inventaire_Loire.xml
JJ234;303;5033;168;Paris_AN_JJ_inventaire_Loire.xml
JJ234;312;5034;173v;Paris_AN_JJ_inventaire_Loire.xml
JJ234;314;5035;174v;Paris_AN_JJ_inventaire_Loire.xml
JJ234;329;5036;182v;Paris_AN_JJ_inventaire_Loire.xml
JJ234;335;5037;185;Paris_AN_JJ_inventaire_Loire.xml
JJ234;338;5038;187;Paris_AN_JJ_inventaire_Loire.xml
JJ234;348;5039;191v;Paris_AN_JJ_inventaire_Loire.xml
JJ234;362;5040;199;Paris_AN_JJ_inventaire_Loire.xml
JJ234;378;5041;;Paris_AN_JJ_inventaire_Loire.xml
JJ234;386;5042;209v;Paris_AN_JJ_inventaire_Loire.xml
JJ234;388;5043;210;Paris_AN_JJ_inventaire_Loire.xml
JJ234;394;5044;213v;Paris_AN_JJ_inventaire_Loire.xml
JJ234;398;5045;215;Paris_AN_JJ_inventaire_Loire.xml
JJ234;399;5046;215v;Paris_AN_JJ_inventaire_Loire.xml
JJ235;71;5047;1v;Paris_AN_JJ_inventaire_Loire.xml
JJ235;85;5048;8v;Paris_AN_JJ_inventaire_Loire.xml
JJ235;95;5049;13v;Paris_AN_JJ_inventaire_Loire.xml
JJ235;98;5050;15;Paris_AN_JJ_inventaire_Loire.xml
JJ235;108;5051;19;Paris_AN_JJ_inventaire_Loire.xml
JJ235;113;5052;21;Paris_AN_JJ_inventaire_Loire.xml
JJ235;118;5053;23v;Paris_AN_JJ_inventaire_Loire.xml
JJ235;130;5054;27v;Paris_AN_JJ_inventaire_Loire.xml
JJ235;137;5055;30;Paris_AN_JJ_inventaire_Loire.xml
JJ235;138;5056;31;Paris_AN_JJ_inventaire_Loire.xml
JJ235;142;5057;32v;Paris_AN_JJ_inventaire_Loire.xml
JJ235;152;5058;36;Paris_AN_JJ_inventaire_Loire.xml
JJ235;173;5059;46v;Paris_AN_JJ_inventaire_Loire.xml
JJ235;180;5060;50;Paris_AN_JJ_inventaire_Loire.xml
JJ235;188;5061;53;Paris_AN_JJ_inventaire_Loire.xml
JJ235;202;5062;57v;Paris_AN_JJ_inventaire_Loire.xml
JJ235;215;5063;64;Paris_AN_JJ_inventaire_Loire.xml
JJ235;234;5064;71v;Paris_AN_JJ_inventaire_Loire.xml
JJ235;237;5065;72v;Paris_AN_JJ_inventaire_Loire.xml
JJ235;242;5066;74v;Paris_AN_JJ_inventaire_Loire.xml
JJ235;269;5067;84;Paris_AN_JJ_inventaire_Loire.xml
JJ235;277;5068;87v;Paris_AN_JJ_inventaire_Loire.xml
JJ235;283;5069;89v;Paris_AN_JJ_inventaire_Loire.xml
JJ235;300;5070;99;Paris_AN_JJ_inventaire_Loire.xml
JJ235;304;5071;100v;Paris_AN_JJ_inventaire_Loire.xml
JJ235;305;5072;101;Paris_AN_JJ_inventaire_Loire.xml
JJ235;306;5073;101v;Paris_AN_JJ_inventaire_Loire.xml
JJ235;319;5074;106;Paris_AN_JJ_inventaire_Loire.xml
JJ235;357;5075;121;Paris_AN_JJ_inventaire_Loire.xml
JJ235;360;5076;122;Paris_AN_JJ_inventaire_Loire.xml
JJ235;372;5077;126;Paris_AN_JJ_inventaire_Loire.xml
JJ235;375;5078;127;Paris_AN_JJ_inventaire_Loire.xml
JJ235;390;5079;133v;Paris_AN_JJ_inventaire_Loire.xml
JJ235;406;5080;141;Paris_AN_JJ_inventaire_Loire.xml
JJ235;416;5081;145v;Paris_AN_JJ_inventaire_Loire.xml
JJ235;419;5082;146v;Paris_AN_JJ_inventaire_Loire.xml
JJ235;421;5083;147v;Paris_AN_JJ_inventaire_Loire.xml
JJ235;429;5084;151;Paris_AN_JJ_inventaire_Loire.xml
