manifestURL;canvasId;imageLabel;urlImage;htmlCode;imageWidthAsDownloaded;imageHeightAsDownloaded;imageWidthAsDeclared;imageHeightAsDeclared;urlResizedImage;ResizedImagehtmlCode;ResizedImageWidthAsDownloaded;ResizedImageHeightAsDownloaded;imageURL_resolved;urlResizedImage_resolved;imageFileName;localExists;checksumMD5
https://api.irht.cnrs.fr/ark:/63955/f1ruw5rqihr9/manifest.json;https://arca.irht.cnrs.fr/iiif/128415/canvas/canvas-4390730;plat supérieur;https://iiif.irht.cnrs.fr/iiif/ark:/63955/vmbfdedgtljq/full/full/0/default.jpg;200;2535;3000;3982;4713;https://iiif.irht.cnrs.fr/iiif/ark:/63955/vmbfdedgtljq/full/1200,/0/default.jpg;200;1200;1420;https://iiif.irht.cnrs.fr/iiif/VOLUME1/France/Paris/Archives_nationales/FRAN_0021_JJ113/DEPOT/FRAN_0021_7452_A/full/full/0/default.jpg;https://iiif.irht.cnrs.fr/iiif/VOLUME1/France/Paris/Archives_nationales/FRAN_0021_JJ113/DEPOT/FRAN_0021_7452_A/full/1200,/0/default.jpg;Paris_Archives_Nationales_JJ113_0001.jpg;True;82874fdf70c93a86616e53974005e174
https://api.irht.cnrs.fr/ark:/63955/f1ruw5rqihr9/manifest.json;https://arca.irht.cnrs.fr/iiif/128415/canvas/canvas-4390731;contre-plat supérieur;https://iiif.irht.cnrs.fr/iiif/ark:/63955/vohk5ki93wko/full/full/0/default.jpg;200;2048;2048;2048;2048;https://iiif.irht.cnrs.fr/iiif/ark:/63955/vohk5ki93wko/full/1200,/0/default.jpg;200;1200;1200;https://iiif.irht.cnrs.fr/iiif/VOLUME1/France/Paris/Archives_nationales/FRAN_0021_JJ113/DEPOT/FRAN_0021_7452_AB_A/full/full/0/default.jpg;https://iiif.irht.cnrs.fr/iiif/VOLUME1/France/Paris/Archives_nationales/FRAN_0021_JJ113/DEPOT/FRAN_0021_7452_AB_A/full/1200,/0/default.jpg;Paris_Archives_Nationales_JJ113_0002.jpg;True;97ae87dced46130172c22596385e32a1
https://api.irht.cnrs.fr/ark:/63955/f1ruw5rqihr9/manifest.json;https://arca.irht.cnrs.fr/iiif/128415/canvas/canvas-4390732;1r;https://iiif.irht.cnrs.fr/iiif/ark:/63955/vxd0dt9iha4s/full/full/0/default.jpg;200;2518;3000;3946;4701;https://iiif.irht.cnrs.fr/iiif/ark:/63955/vxd0dt9iha4s/full/1200,/0/default.jpg;200;1200;1430;https://iiif.irht.cnrs.fr/iiif/VOLUME1/France/Paris/Archives_nationales/FRAN_0021_JJ113/DEPOT/FRAN_0021_7453_A/full/full/0/default.jpg;https://iiif.irht.cnrs.fr/iiif/VOLUME1/France/Paris/Archives_nationales/FRAN_0021_JJ113/DEPOT/FRAN_0021_7453_A/full/1200,/0/default.jpg;Paris_Archives_Nationales_JJ113_0003.jpg;True;f5baaab562c94034a0782643382e732c
https://api.irht.cnrs.fr/ark:/63955/f1ruw5rqihr9/manifest.json;https://arca.irht.cnrs.fr/iiif/128415/canvas/canvas-4390733;1v;https://iiif.irht.cnrs.fr/iiif/ark:/63955/vqh73y0pirdz/full/full/0/default.jpg;200;2542;3000;3892;4593;https://iiif.irht.cnrs.fr/iiif/ark:/63955/vqh73y0pirdz/full/1200,/0/default.jpg;200;1200;1416;https://iiif.irht.cnrs.fr/iiif/VOLUME1/France/Paris/Archives_nationales/FRAN_0021_JJ113/DEPOT/FRAN_0021_7454_A/full/full/0/default.jpg;https://iiif.irht.cnrs.fr/iiif/VOLUME1/France/Paris/Archives_nationales/FRAN_0021_JJ113/DEPOT/FRAN_0021_7454_A/full/1200,/0/default.jpg;Paris_Archives_Nationales_JJ113_0004.jpg;True;9836590872cbcfa1e32ab8d3540ca5e3
https://api.irht.cnrs.fr/ark:/63955/f1ruw5rqihr9/manifest.json;https://arca.irht.cnrs.fr/iiif/128415/canvas/canvas-4390734;2r;https://iiif.irht.cnrs.fr/iiif/ark:/63955/vcijurnqbbop/full/full/0/default.jpg;200;2511;3000;3910;4671;https://iiif.irht.cnrs.fr/iiif/ark:/63955/vcijurnqbbop/full/1200,/0/default.jpg;200;1200;1434;https://iiif.irht.cnrs.fr/iiif/VOLUME1/France/Paris/Archives_nationales/FRAN_0021_JJ113/DEPOT/FRAN_0021_7455_A/full/full/0/default.jpg;https://iiif.irht.cnrs.fr/iiif/VOLUME1/France/Paris/Archives_nationales/FRAN_0021_JJ113/DEPOT/FRAN_0021_7455_A/full/1200,/0/default.jpg;Paris_Archives_Nationales_JJ113_0005.jpg;True;5f63a1ec206532b8771beeed1b14c390
https://api.irht.cnrs.fr/ark:/63955/f1ruw5rqihr9/manifest.json;https://arca.irht.cnrs.fr/iiif/128415/canvas/canvas-4390735;2v;https://iiif.irht.cnrs.fr/iiif/ark:/63955/vc1ilkzwpsn7/full/full/0/default.jpg;200;2490;3000;3892;4689;https://iiif.irht.cnrs.fr/iiif/ark:/63955/vc1ilkzwpsn7/full/1200,/0/default.jpg;200;1200;1446;https://iiif.irht.cnrs.fr/iiif/VOLUME1/France/Paris/Archives_nationales/FRAN_0021_JJ113/DEPOT/FRAN_0021_7456_A/full/full/0/default.jpg;https://iiif.irht.cnrs.fr/iiif/VOLUME1/France/Paris/Archives_nationales/FRAN_0021_JJ113/DEPOT/FRAN_0021_7456_A/full/1200,/0/default.jpg;Paris_Archives_Nationales_JJ113_0006.jpg;True;7140bfb69880f1014fbb4d53a32cf864
https://api.irht.cnrs.fr/ark:/63955/f1ruw5rqihr9/manifest.json;https://arca.irht.cnrs.fr/iiif/128415/canvas/canvas-4390736;3r;https://iiif.irht.cnrs.fr/iiif/ark:/63955/v0r61gotto5c/full/full/0/default.jpg;200;2511;3000;3910;4671;https://iiif.irht.cnrs.fr/iiif/ark:/63955/v0r61gotto5c/full/1200,/0/default.jpg;200;1200;1434;https://iiif.irht.cnrs.fr/iiif/VOLUME1/France/Paris/Archives_nationales/FRAN_0021_JJ113/DEPOT/FRAN_0021_7457_A/full/full/0/default.jpg;https://iiif.irht.cnrs.fr/iiif/VOLUME1/France/Paris/Archives_nationales/FRAN_0021_JJ113/DEPOT/FRAN_0021_7457_A/full/1200,/0/default.jpg;Paris_Archives_Nationales_JJ113_0007.jpg;True;17581bcb6bd6541cb142a23ce1a41aea
https://api.irht.cnrs.fr/ark:/63955/f1ruw5rqihr9/manifest.json;https://arca.irht.cnrs.fr/iiif/128415/canvas/canvas-4390737;3v;https://iiif.irht.cnrs.fr/iiif/ark:/63955/v8z4vqg7f5jh/full/full/0/default.jpg;200;2490;3000;3892;4689;https://iiif.irht.cnrs.fr/iiif/ark:/63955/v8z4vqg7f5jh/full/1200,/0/default.jpg;200;1200;1446;https://iiif.irht.cnrs.fr/iiif/VOLUME1/France/Paris/Archives_nationales/FRAN_0021_JJ113/DEPOT/FRAN_0021_7458_A/full/full/0/default.jpg;https://iiif.irht.cnrs.fr/iiif/VOLUME1/France/Paris/Archives_nationales/FRAN_0021_JJ113/DEPOT/FRAN_0021_7458_A/full/1200,/0/default.jpg;Paris_Archives_Nationales_JJ113_0008.jpg;True;cc5c3c589db469e52164a86e830043cc
https://api.irht.cnrs.fr/ark:/63955/f1ruw5rqihr9/manifest.json;https://arca.irht.cnrs.fr/iiif/128415/canvas/canvas-4390738;4r;https://iiif.irht.cnrs.fr/iiif/ark:/63955/vo51n2rgpygg/full/full/0/default.jpg;200;2495;3000;3910;4701;https://iiif.irht.cnrs.fr/iiif/ark:/63955/vo51n2rgpygg/full/1200,/0/default.jpg;200;1200;1443;https://iiif.irht.cnrs.fr/iiif/VOLUME1/France/Paris/Archives_nationales/FRAN_0021_JJ113/DEPOT/FRAN_0021_7459_A/full/full/0/default.jpg;https://iiif.irht.cnrs.fr/iiif/VOLUME1/France/Paris/Archives_nationales/FRAN_0021_JJ113/DEPOT/FRAN_0021_7459_A/full/1200,/0/default.jpg;Paris_Archives_Nationales_JJ113_0009.jpg;True;ac1b3da26030016a933b4248ce17bfcb
https://api.irht.cnrs.fr/ark:/63955/f1ruw5rqihr9/manifest.json;https://arca.irht.cnrs.fr/iiif/128415/canvas/canvas-4390739;4v;https://iiif.irht.cnrs.fr/iiif/ark:/63955/v4iwtbqhg3pg/full/full/0/default.jpg;200;2476;3000;3904;4731;https://iiif.irht.cnrs.fr/iiif/ark:/63955/v4iwtbqhg3pg/full/1200,/0/default.jpg;200;1200;1454;https://iiif.irht.cnrs.fr/iiif/VOLUME1/France/Paris/Archives_nationales/FRAN_0021_JJ113/DEPOT/FRAN_0021_7460_A/full/full/0/default.jpg;https://iiif.irht.cnrs.fr/iiif/VOLUME1/France/Paris/Archives_nationales/FRAN_0021_JJ113/DEPOT/FRAN_0021_7460_A/full/1200,/0/default.jpg;Paris_Archives_Nationales_JJ113_0010.jpg;True;d2154a9d0048317f48401992cb22cbe6
https://api.irht.cnrs.fr/ark:/63955/f1ruw5rqihr9/manifest.json;https://arca.irht.cnrs.fr/iiif/128415/canvas/canvas-4390740;5r;https://iiif.irht.cnrs.fr/iiif/ark:/63955/v7l6nsmtc3hh/full/full/0/default.jpg;200;2495;3000;3910;4701;https://iiif.irht.cnrs.fr/iiif/ark:/63955/v7l6nsmtc3hh/full/1200,/0/default.jpg;200;1200;1443;https://iiif.irht.cnrs.fr/iiif/VOLUME1/France/Paris/Archives_nationales/FRAN_0021_JJ113/DEPOT/FRAN_0021_7461_A/full/full/0/default.jpg;https://iiif.irht.cnrs.fr/iiif/VOLUME1/France/Paris/Archives_nationales/FRAN_0021_JJ113/DEPOT/FRAN_0021_7461_A/full/1200,/0/default.jpg;Paris_Archives_Nationales_JJ113_0011.jpg;True;a2c275c0b5a544e3a255d28e9c9e5460
https://api.irht.cnrs.fr/ark:/63955/f1ruw5rqihr9/manifest.json;https://arca.irht.cnrs.fr/iiif/128415/canvas/canvas-4390741;5v;https://iiif.irht.cnrs.fr/iiif/ark:/63955/v45jvm9u2pzl/full/full/0/default.jpg;200;2502;3000;3946;4731;https://iiif.irht.cnrs.fr/iiif/ark:/63955/v45jvm9u2pzl/full/1200,/0/default.jpg;200;1200;1439;https://iiif.irht.cnrs.fr/iiif/VOLUME1/France/Paris/Archives_nationales/FRAN_0021_JJ113/DEPOT/FRAN_0021_7462_A/full/full/0/default.jpg;https://iiif.irht.cnrs.fr/iiif/VOLUME1/France/Paris/Archives_nationales/FRAN_0021_JJ113/DEPOT/FRAN_0021_7462_A/full/1200,/0/default.jpg;Paris_Archives_Nationales_JJ113_0012.jpg;True;eb6ebcc4cf17f1b8a58e4d09e485f00b
https://api.irht.cnrs.fr/ark:/63955/f1ruw5rqihr9/manifest.json;https://arca.irht.cnrs.fr/iiif/128415/canvas/canvas-4390742;6r;https://iiif.irht.cnrs.fr/iiif/ark:/63955/vmswc9cfztnk/full/full/0/default.jpg;200;2476;3000;3910;4737;https://iiif.irht.cnrs.fr/iiif/ark:/63955/vmswc9cfztnk/full/1200,/0/default.jpg;200;1200;1454;https://iiif.irht.cnrs.fr/iiif/VOLUME1/France/Paris/Archives_nationales/FRAN_0021_JJ113/DEPOT/FRAN_0021_7463_A/full/full/0/default.jpg;https://iiif.irht.cnrs.fr/iiif/VOLUME1/France/Paris/Archives_nationales/FRAN_0021_JJ113/DEPOT/FRAN_0021_7463_A/full/1200,/0/default.jpg;Paris_Archives_Nationales_JJ113_0013.jpg;True;7924f5ff3dd2c7f65aed1a118fc9cdf8
https://api.irht.cnrs.fr/ark:/63955/f1ruw5rqihr9/manifest.json;https://arca.irht.cnrs.fr/iiif/128415/canvas/canvas-4390743;6v;https://iiif.irht.cnrs.fr/iiif/ark:/63955/v0bdm4ppm7us/full/full/0/default.jpg;200;2519;3000;3982;4743;https://iiif.irht.cnrs.fr/iiif/ark:/63955/v0bdm4ppm7us/full/1200,/0/default.jpg;200;1200;1429;https://iiif.irht.cnrs.fr/iiif/VOLUME1/France/Paris/Archives_nationales/FRAN_0021_JJ113/DEPOT/FRAN_0021_7464_A/full/full/0/default.jpg;https://iiif.irht.cnrs.fr/iiif/VOLUME1/France/Paris/Archives_nationales/FRAN_0021_JJ113/DEPOT/FRAN_0021_7464_A/full/1200,/0/default.jpg;Paris_Archives_Nationales_JJ113_0014.jpg;True;2e791f980f1ad444328b60cf75e93807
https://api.irht.cnrs.fr/ark:/63955/f1ruw5rqihr9/manifest.json;https://arca.irht.cnrs.fr/iiif/128415/canvas/canvas-4390744;7r;https://iiif.irht.cnrs.fr/iiif/ark:/63955/vqqezkhpj2bc/full/full/0/default.jpg;200;2526;3000;3988;4737;https://iiif.irht.cnrs.fr/iiif/ark:/63955/vqqezkhpj2bc/full/1200,/0/default.jpg;200;1200;1425;https://iiif.irht.cnrs.fr/iiif/VOLUME1/France/Paris/Archives_nationales/FRAN_0021_JJ113/DEPOT/FRAN_0021_7465_A/full/full/0/default.jpg;https://iiif.irht.cnrs.fr/iiif/VOLUME1/France/Paris/Archives_nationales/FRAN_0021_JJ113/DEPOT/FRAN_0021_7465_A/full/1200,/0/default.jpg;Paris_Archives_Nationales_JJ113_0015.jpg;True;0920946819216c49aac21a53dc9e212f
https://api.irht.cnrs.fr/ark:/63955/f1ruw5rqihr9/manifest.json;https://arca.irht.cnrs.fr/iiif/128415/canvas/canvas-4390745;7v;https://iiif.irht.cnrs.fr/iiif/ark:/63955/vyolb4l4r542/full/full/0/default.jpg;200;2492;3000;3940;4743;https://iiif.irht.cnrs.fr/iiif/ark:/63955/vyolb4l4r542/full/1200,/0/default.jpg;200;1200;1445;https://iiif.irht.cnrs.fr/iiif/VOLUME1/France/Paris/Archives_nationales/FRAN_0021_JJ113/DEPOT/FRAN_0021_7468_A/full/full/0/default.jpg;https://iiif.irht.cnrs.fr/iiif/VOLUME1/France/Paris/Archives_nationales/FRAN_0021_JJ113/DEPOT/FRAN_0021_7468_A/full/1200,/0/default.jpg;Paris_Archives_Nationales_JJ113_0016.jpg;True;f74c6bcc318986b89531631c9ddd6da6
https://api.irht.cnrs.fr/ark:/63955/f1ruw5rqihr9/manifest.json;https://arca.irht.cnrs.fr/iiif/128415/canvas/canvas-4390746;8r;https://iiif.irht.cnrs.fr/iiif/ark:/63955/vjq78gufam60/full/full/0/default.jpg;200;2499;3000;3946;4737;https://iiif.irht.cnrs.fr/iiif/ark:/63955/vjq78gufam60/full/1200,/0/default.jpg;200;1200;1441;https://iiif.irht.cnrs.fr/iiif/VOLUME1/France/Paris/Archives_nationales/FRAN_0021_JJ113/DEPOT/FRAN_0021_7469_A/full/full/0/default.jpg;https://iiif.irht.cnrs.fr/iiif/VOLUME1/France/Paris/Archives_nationales/FRAN_0021_JJ113/DEPOT/FRAN_0021_7469_A/full/1200,/0/default.jpg;Paris_Archives_Nationales_JJ113_0017.jpg;True;76ccdabb87d383609eb3a8a31eb19881
https://api.irht.cnrs.fr/ark:/63955/f1ruw5rqihr9/manifest.json;https://arca.irht.cnrs.fr/iiif/128415/canvas/canvas-4390747;8v;https://iiif.irht.cnrs.fr/iiif/ark:/63955/v06lhv5k6hjv/full/full/0/default.jpg;200;2472;3000;3898;4731;https://iiif.irht.cnrs.fr/iiif/ark:/63955/v06lhv5k6hjv/full/1200,/0/default.jpg;200;1200;1456;https://iiif.irht.cnrs.fr/iiif/VOLUME1/France/Paris/Archives_nationales/FRAN_0021_JJ113/DEPOT/FRAN_0021_7470_A/full/full/0/default.jpg;https://iiif.irht.cnrs.fr/iiif/VOLUME1/France/Paris/Archives_nationales/FRAN_0021_JJ113/DEPOT/FRAN_0021_7470_A/full/1200,/0/default.jpg;Paris_Archives_Nationales_JJ113_0018.jpg;True;4d25cf81fb5d4ad01c042f6c3890c30f
https://api.irht.cnrs.fr/ark:/63955/f1ruw5rqihr9/manifest.json;https://arca.irht.cnrs.fr/iiif/128415/canvas/canvas-4390748;9r;https://iiif.irht.cnrs.fr/iiif/ark:/63955/v3uzoyqu3tdu/full/full/0/default.jpg;200;2499;3000;3946;4737;https://iiif.irht.cnrs.fr/iiif/ark:/63955/v3uzoyqu3tdu/full/1200,/0/default.jpg;200;1200;1441;https://iiif.irht.cnrs.fr/iiif/VOLUME1/France/Paris/Archives_nationales/FRAN_0021_JJ113/DEPOT/FRAN_0021_7471_A/full/full/0/default.jpg;https://iiif.irht.cnrs.fr/iiif/VOLUME1/France/Paris/Archives_nationales/FRAN_0021_JJ113/DEPOT/FRAN_0021_7471_A/full/1200,/0/default.jpg;Paris_Archives_Nationales_JJ113_0019.jpg;True;30163f08172adf8c07a438359aba286d
https://api.irht.cnrs.fr/ark:/63955/f1ruw5rqihr9/manifest.json;https://arca.irht.cnrs.fr/iiif/128415/canvas/canvas-4390749;9v;https://iiif.irht.cnrs.fr/iiif/ark:/63955/v0mav2lh9mif/full/full/0/default.jpg;200;2472;3000;3898;4731;https://iiif.irht.cnrs.fr/iiif/ark:/63955/v0mav2lh9mif/full/1200,/0/default.jpg;200;1200;1456;https://iiif.irht.cnrs.fr/iiif/VOLUME1/France/Paris/Archives_nationales/FRAN_0021_JJ113/DEPOT/FRAN_0021_7472_A/full/full/0/default.jpg;https://iiif.irht.cnrs.fr/iiif/VOLUME1/France/Paris/Archives_nationales/FRAN_0021_JJ113/DEPOT/FRAN_0021_7472_A/full/1200,/0/default.jpg;Paris_Archives_Nationales_JJ113_0020.jpg;True;12b9834d9c12671f9a6596f307a39bfa
https://api.irht.cnrs.fr/ark:/63955/f1ruw5rqihr9/manifest.json;https://arca.irht.cnrs.fr/iiif/128415/canvas/canvas-4390750;10r;https://iiif.irht.cnrs.fr/iiif/ark:/63955/v70bdkiu3dyy/full/full/0/default.jpg;200;2499;3000;3946;4737;https://iiif.irht.cnrs.fr/iiif/ark:/63955/v70bdkiu3dyy/full/1200,/0/default.jpg;200;1200;1441;https://iiif.irht.cnrs.fr/iiif/VOLUME1/France/Paris/Archives_nationales/FRAN_0021_JJ113/DEPOT/FRAN_0021_7473_A/full/full/0/default.jpg;https://iiif.irht.cnrs.fr/iiif/VOLUME1/France/Paris/Archives_nationales/FRAN_0021_JJ113/DEPOT/FRAN_0021_7473_A/full/1200,/0/default.jpg;Paris_Archives_Nationales_JJ113_0021.jpg;True;b742b18288ab3b2e12c194c537f5954f
https://api.irht.cnrs.fr/ark:/63955/f1ruw5rqihr9/manifest.json;https://arca.irht.cnrs.fr/iiif/128415/canvas/canvas-4390751;10v;https://iiif.irht.cnrs.fr/iiif/ark:/63955/vcmx2h0wuuxh/full/full/0/default.jpg;200;2472;3000;3898;4731;https://iiif.irht.cnrs.fr/iiif/ark:/63955/vcmx2h0wuuxh/full/1200,/0/default.jpg;200;1200;1456;https://iiif.irht.cnrs.fr/iiif/VOLUME1/France/Paris/Archives_nationales/FRAN_0021_JJ113/DEPOT/FRAN_0021_7474_A/full/full/0/default.jpg;https://iiif.irht.cnrs.fr/iiif/VOLUME1/France/Paris/Archives_nationales/FRAN_0021_JJ113/DEPOT/FRAN_0021_7474_A/full/1200,/0/default.jpg;Paris_Archives_Nationales_JJ113_0022.jpg;True;1be93377e26de2fa1b819556b347119d
https://api.irht.cnrs.fr/ark:/63955/f1ruw5rqihr9/manifest.json;https://arca.irht.cnrs.fr/iiif/128415/canvas/canvas-4390752;11r;https://iiif.irht.cnrs.fr/iiif/ark:/63955/v5skq9tds9ls/full/full/0/default.jpg;200;2499;3000;3946;4737;https://iiif.irht.cnrs.fr/iiif/ark:/63955/v5skq9tds9ls/full/1200,/0/default.jpg;200;1200;1441;https://iiif.irht.cnrs.fr/iiif/VOLUME1/France/Paris/Archives_nationales/FRAN_0021_JJ113/DEPOT/FRAN_0021_7475_A/full/full/0/default.jpg;https://iiif.irht.cnrs.fr/iiif/VOLUME1/France/Paris/Archives_nationales/FRAN_0021_JJ113/DEPOT/FRAN_0021_7475_A/full/1200,/0/default.jpg;Paris_Archives_Nationales_JJ113_0023.jpg;True;2e1beb6ce8f6758ace33720e53403644
https://api.irht.cnrs.fr/ark:/63955/f1ruw5rqihr9/manifest.json;https://arca.irht.cnrs.fr/iiif/128415/canvas/canvas-4390753;11v;https://iiif.irht.cnrs.fr/iiif/ark:/63955/vkyd2thfrfse/full/full/0/default.jpg;200;2500;3000;3928;4713;https://iiif.irht.cnrs.fr/iiif/ark:/63955/vkyd2thfrfse/full/1200,/0/default.jpg;200;1200;1440;https://iiif.irht.cnrs.fr/iiif/VOLUME1/France/Paris/Archives_nationales/FRAN_0021_JJ113/DEPOT/FRAN_0021_7476_A/full/full/0/default.jpg;https://iiif.irht.cnrs.fr/iiif/VOLUME1/France/Paris/Archives_nationales/FRAN_0021_JJ113/DEPOT/FRAN_0021_7476_A/full/1200,/0/default.jpg;Paris_Archives_Nationales_JJ113_0024.jpg;True;4399e523e4fd85e2b2678f8706657a95
https://api.irht.cnrs.fr/ark:/63955/f1ruw5rqihr9/manifest.json;https://arca.irht.cnrs.fr/iiif/128415/canvas/canvas-4390754;12r;https://iiif.irht.cnrs.fr/iiif/ark:/63955/vcvvcrp7o7dg/full/full/0/default.jpg;200;2494;3000;3958;4761;https://iiif.irht.cnrs.fr/iiif/ark:/63955/vcvvcrp7o7dg/full/1200,/0/default.jpg;200;1200;1443;https://iiif.irht.cnrs.fr/iiif/VOLUME1/France/Paris/Archives_nationales/FRAN_0021_JJ113/DEPOT/FRAN_0021_7477_A/full/full/0/default.jpg;https://iiif.irht.cnrs.fr/iiif/VOLUME1/France/Paris/Archives_nationales/FRAN_0021_JJ113/DEPOT/FRAN_0021_7477_A/full/1200,/0/default.jpg;Paris_Archives_Nationales_JJ113_0025.jpg;True;8007328ff99cee6470abaa4679400921
https://api.irht.cnrs.fr/ark:/63955/f1ruw5rqihr9/manifest.json;https://arca.irht.cnrs.fr/iiif/128415/canvas/canvas-4390755;12v;https://iiif.irht.cnrs.fr/iiif/ark:/63955/vr4qlhju2be1/full/full/0/default.jpg;200;2500;3000;3928;4713;https://iiif.irht.cnrs.fr/iiif/ark:/63955/vr4qlhju2be1/full/1200,/0/default.jpg;200;1200;1440;https://iiif.irht.cnrs.fr/iiif/VOLUME1/France/Paris/Archives_nationales/FRAN_0021_JJ113/DEPOT/FRAN_0021_7478_A/full/full/0/default.jpg;https://iiif.irht.cnrs.fr/iiif/VOLUME1/France/Paris/Archives_nationales/FRAN_0021_JJ113/DEPOT/FRAN_0021_7478_A/full/1200,/0/default.jpg;Paris_Archives_Nationales_JJ113_0026.jpg;True;6eda069cb422f2c6a8d8d08944c3b364
https://api.irht.cnrs.fr/ark:/63955/f1ruw5rqihr9/manifest.json;https://arca.irht.cnrs.fr/iiif/128415/canvas/canvas-4390756;13r;https://iiif.irht.cnrs.fr/iiif/ark:/63955/vphu6xmlp0yk/full/full/0/default.jpg;200;2494;3000;3958;4761;https://iiif.irht.cnrs.fr/iiif/ark:/63955/vphu6xmlp0yk/full/1200,/0/default.jpg;200;1200;1443;https://iiif.irht.cnrs.fr/iiif/VOLUME1/France/Paris/Archives_nationales/FRAN_0021_JJ113/DEPOT/FRAN_0021_7479_A/full/full/0/default.jpg;https://iiif.irht.cnrs.fr/iiif/VOLUME1/France/Paris/Archives_nationales/FRAN_0021_JJ113/DEPOT/FRAN_0021_7479_A/full/1200,/0/default.jpg;Paris_Archives_Nationales_JJ113_0027.jpg;True;fd27367844c681d680c27ed55b65c446
https://api.irht.cnrs.fr/ark:/63955/f1ruw5rqihr9/manifest.json;https://arca.irht.cnrs.fr/iiif/128415/canvas/canvas-4390757;13v;https://iiif.irht.cnrs.fr/iiif/ark:/63955/vvabli0svhkz/full/full/0/default.jpg;200;2428;3000;3844;4749;https://iiif.irht.cnrs.fr/iiif/ark:/63955/vvabli0svhkz/full/1200,/0/default.jpg;200;1200;1483;https://iiif.irht.cnrs.fr/iiif/VOLUME1/France/Paris/Archives_nationales/FRAN_0021_JJ113/DEPOT/FRAN_0021_7480_A/full/full/0/default.jpg;https://iiif.irht.cnrs.fr/iiif/VOLUME1/France/Paris/Archives_nationales/FRAN_0021_JJ113/DEPOT/FRAN_0021_7480_A/full/1200,/0/default.jpg;Paris_Archives_Nationales_JJ113_0028.jpg;True;7e1c65902764806a0ba42381a0895d06
https://api.irht.cnrs.fr/ark:/63955/f1ruw5rqihr9/manifest.json;https://arca.irht.cnrs.fr/iiif/128415/canvas/canvas-4390758;14r;https://iiif.irht.cnrs.fr/iiif/ark:/63955/v85hrzk3elsv/full/full/0/default.jpg;200;2503;3000;3958;4743;https://iiif.irht.cnrs.fr/iiif/ark:/63955/v85hrzk3elsv/full/1200,/0/default.jpg;200;1200;1438;https://iiif.irht.cnrs.fr/iiif/VOLUME1/France/Paris/Archives_nationales/FRAN_0021_JJ113/DEPOT/FRAN_0021_7481_A/full/full/0/default.jpg;https://iiif.irht.cnrs.fr/iiif/VOLUME1/France/Paris/Archives_nationales/FRAN_0021_JJ113/DEPOT/FRAN_0021_7481_A/full/1200,/0/default.jpg;Paris_Archives_Nationales_JJ113_0029.jpg;True;eec9563f9db120ae392eb759ddd3a56d
https://api.irht.cnrs.fr/ark:/63955/f1ruw5rqihr9/manifest.json;https://arca.irht.cnrs.fr/iiif/128415/canvas/canvas-4390759;14v;https://iiif.irht.cnrs.fr/iiif/ark:/63955/vgzt2li2j2xu/full/full/0/default.jpg;200;2434;3000;3868;4767;https://iiif.irht.cnrs.fr/iiif/ark:/63955/vgzt2li2j2xu/full/1200,/0/default.jpg;200;1200;1479;https://iiif.irht.cnrs.fr/iiif/VOLUME1/France/Paris/Archives_nationales/FRAN_0021_JJ113/DEPOT/FRAN_0021_7482_A/full/full/0/default.jpg;https://iiif.irht.cnrs.fr/iiif/VOLUME1/France/Paris/Archives_nationales/FRAN_0021_JJ113/DEPOT/FRAN_0021_7482_A/full/1200,/0/default.jpg;Paris_Archives_Nationales_JJ113_0030.jpg;True;1cb918e2cc6bceb47e8f5313403be739
https://api.irht.cnrs.fr/ark:/63955/f1ruw5rqihr9/manifest.json;https://arca.irht.cnrs.fr/iiif/128415/canvas/canvas-4390760;15r;https://iiif.irht.cnrs.fr/iiif/ark:/63955/vejcfb8ww841/full/full/0/default.jpg;200;2481;3000;3922;4743;https://iiif.irht.cnrs.fr/iiif/ark:/63955/vejcfb8ww841/full/1200,/0/default.jpg;200;1200;1451;https://iiif.irht.cnrs.fr/iiif/VOLUME1/France/Paris/Archives_nationales/FRAN_0021_JJ113/DEPOT/FRAN_0021_7483_A/full/full/0/default.jpg;https://iiif.irht.cnrs.fr/iiif/VOLUME1/France/Paris/Archives_nationales/FRAN_0021_JJ113/DEPOT/FRAN_0021_7483_A/full/1200,/0/default.jpg;Paris_Archives_Nationales_JJ113_0031.jpg;True;6d0b9c29e9aa9f168cbc0fb8e9bd2177
https://api.irht.cnrs.fr/ark:/63955/f1ruw5rqihr9/manifest.json;https://arca.irht.cnrs.fr/iiif/128415/canvas/canvas-4390761;15v;https://iiif.irht.cnrs.fr/iiif/ark:/63955/vpv19ygvrcbq/full/full/0/default.jpg;200;2443;3000;3868;4749;https://iiif.irht.cnrs.fr/iiif/ark:/63955/vpv19ygvrcbq/full/1200,/0/default.jpg;200;1200;1473;https://iiif.irht.cnrs.fr/iiif/VOLUME1/France/Paris/Archives_nationales/FRAN_0021_JJ113/DEPOT/FRAN_0021_7484_A/full/full/0/default.jpg;https://iiif.irht.cnrs.fr/iiif/VOLUME1/France/Paris/Archives_nationales/FRAN_0021_JJ113/DEPOT/FRAN_0021_7484_A/full/1200,/0/default.jpg;Paris_Archives_Nationales_JJ113_0032.jpg;True;0212f68f79f8961abb4e4e3ec2ed07e4
https://api.irht.cnrs.fr/ark:/63955/f1ruw5rqihr9/manifest.json;https://arca.irht.cnrs.fr/iiif/128415/canvas/canvas-4390762;16r;https://iiif.irht.cnrs.fr/iiif/ark:/63955/v5dbnguqdo5x/full/full/0/default.jpg;200;2469;3000;3904;4743;https://iiif.irht.cnrs.fr/iiif/ark:/63955/v5dbnguqdo5x/full/1200,/0/default.jpg;200;1200;1458;https://iiif.irht.cnrs.fr/iiif/VOLUME1/France/Paris/Archives_nationales/FRAN_0021_JJ113/DEPOT/FRAN_0021_7485_A/full/full/0/default.jpg;https://iiif.irht.cnrs.fr/iiif/VOLUME1/France/Paris/Archives_nationales/FRAN_0021_JJ113/DEPOT/FRAN_0021_7485_A/full/1200,/0/default.jpg;Paris_Archives_Nationales_JJ113_0033.jpg;True;71ee5490401acda3b07717a00e11507e
https://api.irht.cnrs.fr/ark:/63955/f1ruw5rqihr9/manifest.json;https://arca.irht.cnrs.fr/iiif/128415/canvas/canvas-4390763;16v;https://iiif.irht.cnrs.fr/iiif/ark:/63955/v1k89g5il67g/full/full/0/default.jpg;200;2464;3000;3916;4767;https://iiif.irht.cnrs.fr/iiif/ark:/63955/v1k89g5il67g/full/1200,/0/default.jpg;200;1200;1461;https://iiif.irht.cnrs.fr/iiif/VOLUME1/France/Paris/Archives_nationales/FRAN_0021_JJ113/DEPOT/FRAN_0021_7486_A/full/full/0/default.jpg;https://iiif.irht.cnrs.fr/iiif/VOLUME1/France/Paris/Archives_nationales/FRAN_0021_JJ113/DEPOT/FRAN_0021_7486_A/full/1200,/0/default.jpg;Paris_Archives_Nationales_JJ113_0034.jpg;True;0123c010ca907c56fa75fc709707cb5d
https://api.irht.cnrs.fr/ark:/63955/f1ruw5rqihr9/manifest.json;https://arca.irht.cnrs.fr/iiif/128415/canvas/canvas-4390764;17r;https://iiif.irht.cnrs.fr/iiif/ark:/63955/v8hfpc61nx71/full/full/0/default.jpg;200;2488;3000;3934;4743;https://iiif.irht.cnrs.fr/iiif/ark:/63955/v8hfpc61nx71/full/1200,/0/default.jpg;200;1200;1447;https://iiif.irht.cnrs.fr/iiif/VOLUME1/France/Paris/Archives_nationales/FRAN_0021_JJ113/DEPOT/FRAN_0021_7487_A/full/full/0/default.jpg;https://iiif.irht.cnrs.fr/iiif/VOLUME1/France/Paris/Archives_nationales/FRAN_0021_JJ113/DEPOT/FRAN_0021_7487_A/full/1200,/0/default.jpg;Paris_Archives_Nationales_JJ113_0035.jpg;True;ec7bf8475bd6df6574dfaf12e21c04ea
https://api.irht.cnrs.fr/ark:/63955/f1ruw5rqihr9/manifest.json;https://arca.irht.cnrs.fr/iiif/128415/canvas/canvas-4390765;17v;https://iiif.irht.cnrs.fr/iiif/ark:/63955/v9uh3lvsqstb/full/full/0/default.jpg;200;2424;3000;3808;4713;https://iiif.irht.cnrs.fr/iiif/ark:/63955/v9uh3lvsqstb/full/1200,/0/default.jpg;200;1200;1485;https://iiif.irht.cnrs.fr/iiif/VOLUME1/France/Paris/Archives_nationales/FRAN_0021_JJ113/DEPOT/FRAN_0021_7488_A/full/full/0/default.jpg;https://iiif.irht.cnrs.fr/iiif/VOLUME1/France/Paris/Archives_nationales/FRAN_0021_JJ113/DEPOT/FRAN_0021_7488_A/full/1200,/0/default.jpg;Paris_Archives_Nationales_JJ113_0036.jpg;True;a052af86bbec9657a088ff3ff3a7d717
https://api.irht.cnrs.fr/ark:/63955/f1ruw5rqihr9/manifest.json;https://arca.irht.cnrs.fr/iiif/128415/canvas/canvas-4390766;18r;https://iiif.irht.cnrs.fr/iiif/ark:/63955/v03s5ldcttlb/full/full/0/default.jpg;200;2477;3000;3916;4743;https://iiif.irht.cnrs.fr/iiif/ark:/63955/v03s5ldcttlb/full/1200,/0/default.jpg;200;1200;1453;https://iiif.irht.cnrs.fr/iiif/VOLUME1/France/Paris/Archives_nationales/FRAN_0021_JJ113/DEPOT/FRAN_0021_7489_A/full/full/0/default.jpg;https://iiif.irht.cnrs.fr/iiif/VOLUME1/France/Paris/Archives_nationales/FRAN_0021_JJ113/DEPOT/FRAN_0021_7489_A/full/1200,/0/default.jpg;Paris_Archives_Nationales_JJ113_0037.jpg;True;4edf6947bacf90f0f31f8922a95f6b5e
https://api.irht.cnrs.fr/ark:/63955/f1ruw5rqihr9/manifest.json;https://arca.irht.cnrs.fr/iiif/128415/canvas/canvas-4390767;18v;https://iiif.irht.cnrs.fr/iiif/ark:/63955/v9angcbdjcmd/full/full/0/default.jpg;200;2424;3000;3808;4713;https://iiif.irht.cnrs.fr/iiif/ark:/63955/v9angcbdjcmd/full/1200,/0/default.jpg;200;1200;1485;https://iiif.irht.cnrs.fr/iiif/VOLUME1/France/Paris/Archives_nationales/FRAN_0021_JJ113/DEPOT/FRAN_0021_7490_A/full/full/0/default.jpg;https://iiif.irht.cnrs.fr/iiif/VOLUME1/France/Paris/Archives_nationales/FRAN_0021_JJ113/DEPOT/FRAN_0021_7490_A/full/1200,/0/default.jpg;Paris_Archives_Nationales_JJ113_0038.jpg;True;318d0585ed0c3fb5b970b786eaa9ab38
https://api.irht.cnrs.fr/ark:/63955/f1ruw5rqihr9/manifest.json;https://arca.irht.cnrs.fr/iiif/128415/canvas/canvas-4390768;19r;https://iiif.irht.cnrs.fr/iiif/ark:/63955/vtqzoiqgc1hg/full/full/0/default.jpg;200;2477;3000;3916;4743;https://iiif.irht.cnrs.fr/iiif/ark:/63955/vtqzoiqgc1hg/full/1200,/0/default.jpg;200;1200;1453;https://iiif.irht.cnrs.fr/iiif/VOLUME1/France/Paris/Archives_nationales/FRAN_0021_JJ113/DEPOT/FRAN_0021_7491_A/full/full/0/default.jpg;https://iiif.irht.cnrs.fr/iiif/VOLUME1/France/Paris/Archives_nationales/FRAN_0021_JJ113/DEPOT/FRAN_0021_7491_A/full/1200,/0/default.jpg;Paris_Archives_Nationales_JJ113_0039.jpg;True;4eeefdd56d29be2a78b55b00b3ea8f94
https://api.irht.cnrs.fr/ark:/63955/f1ruw5rqihr9/manifest.json;https://arca.irht.cnrs.fr/iiif/128415/canvas/canvas-4390769;19v;https://iiif.irht.cnrs.fr/iiif/ark:/63955/vtn26zw0l79v/full/full/0/default.jpg;200;2424;3000;3808;4713;https://iiif.irht.cnrs.fr/iiif/ark:/63955/vtn26zw0l79v/full/1200,/0/default.jpg;200;1200;1485;https://iiif.irht.cnrs.fr/iiif/VOLUME1/France/Paris/Archives_nationales/FRAN_0021_JJ113/DEPOT/FRAN_0021_7492_A/full/full/0/default.jpg;https://iiif.irht.cnrs.fr/iiif/VOLUME1/France/Paris/Archives_nationales/FRAN_0021_JJ113/DEPOT/FRAN_0021_7492_A/full/1200,/0/default.jpg;Paris_Archives_Nationales_JJ113_0040.jpg;True;3c60076fce2103011680dd3cbabaf8a0
https://api.irht.cnrs.fr/ark:/63955/f1ruw5rqihr9/manifest.json;https://arca.irht.cnrs.fr/iiif/128415/canvas/canvas-4390770;20r;https://iiif.irht.cnrs.fr/iiif/ark:/63955/vvq763qiq4bg/full/full/0/default.jpg;200;2477;3000;3916;4743;https://iiif.irht.cnrs.fr/iiif/ark:/63955/vvq763qiq4bg/full/1200,/0/default.jpg;200;1200;1453;https://iiif.irht.cnrs.fr/iiif/VOLUME1/France/Paris/Archives_nationales/FRAN_0021_JJ113/DEPOT/FRAN_0021_7493_A/full/full/0/default.jpg;https://iiif.irht.cnrs.fr/iiif/VOLUME1/France/Paris/Archives_nationales/FRAN_0021_JJ113/DEPOT/FRAN_0021_7493_A/full/1200,/0/default.jpg;Paris_Archives_Nationales_JJ113_0041.jpg;True;6a46f7af06086980dd2457af6217b1f2
https://api.irht.cnrs.fr/ark:/63955/f1ruw5rqihr9/manifest.json;https://arca.irht.cnrs.fr/iiif/128415/canvas/canvas-4390771;20v;https://iiif.irht.cnrs.fr/iiif/ark:/63955/v4zzufcwwtpj/full/full/0/default.jpg;200;2444;3000;3850;4725;https://iiif.irht.cnrs.fr/iiif/ark:/63955/v4zzufcwwtpj/full/1200,/0/default.jpg;200;1200;1473;https://iiif.irht.cnrs.fr/iiif/VOLUME1/France/Paris/Archives_nationales/FRAN_0021_JJ113/DEPOT/FRAN_0021_7494_A/full/full/0/default.jpg;https://iiif.irht.cnrs.fr/iiif/VOLUME1/France/Paris/Archives_nationales/FRAN_0021_JJ113/DEPOT/FRAN_0021_7494_A/full/1200,/0/default.jpg;Paris_Archives_Nationales_JJ113_0042.jpg;True;2eb602f32cad00b25b47bc72cfbbaa47
https://api.irht.cnrs.fr/ark:/63955/f1ruw5rqihr9/manifest.json;https://arca.irht.cnrs.fr/iiif/128415/canvas/canvas-4390772;21r;https://iiif.irht.cnrs.fr/iiif/ark:/63955/vvwjsx4070vx/full/full/0/default.jpg;200;2471;3000;3916;4755;https://iiif.irht.cnrs.fr/iiif/ark:/63955/vvwjsx4070vx/full/1200,/0/default.jpg;200;1200;1457;https://iiif.irht.cnrs.fr/iiif/VOLUME1/France/Paris/Archives_nationales/FRAN_0021_JJ113/DEPOT/FRAN_0021_7495_A/full/full/0/default.jpg;https://iiif.irht.cnrs.fr/iiif/VOLUME1/France/Paris/Archives_nationales/FRAN_0021_JJ113/DEPOT/FRAN_0021_7495_A/full/1200,/0/default.jpg;Paris_Archives_Nationales_JJ113_0043.jpg;True;88e4fb145315443f5a1afc1c2429f995
https://api.irht.cnrs.fr/ark:/63955/f1ruw5rqihr9/manifest.json;https://arca.irht.cnrs.fr/iiif/128415/canvas/canvas-4390773;21v;https://iiif.irht.cnrs.fr/iiif/ark:/63955/v810zjr3v88u/full/full/0/default.jpg;200;2444;3000;3850;4725;https://iiif.irht.cnrs.fr/iiif/ark:/63955/v810zjr3v88u/full/1200,/0/default.jpg;200;1200;1473;https://iiif.irht.cnrs.fr/iiif/VOLUME1/France/Paris/Archives_nationales/FRAN_0021_JJ113/DEPOT/FRAN_0021_7496_A/full/full/0/default.jpg;https://iiif.irht.cnrs.fr/iiif/VOLUME1/France/Paris/Archives_nationales/FRAN_0021_JJ113/DEPOT/FRAN_0021_7496_A/full/1200,/0/default.jpg;Paris_Archives_Nationales_JJ113_0044.jpg;True;10c7c2b2e634e25cc3034d8251086462
https://api.irht.cnrs.fr/ark:/63955/f1ruw5rqihr9/manifest.json;https://arca.irht.cnrs.fr/iiif/128415/canvas/canvas-4390774;22r;https://iiif.irht.cnrs.fr/iiif/ark:/63955/v72akz7dpr9l/full/full/0/default.jpg;200;2471;3000;3916;4755;https://iiif.irht.cnrs.fr/iiif/ark:/63955/v72akz7dpr9l/full/1200,/0/default.jpg;200;1200;1457;https://iiif.irht.cnrs.fr/iiif/VOLUME1/France/Paris/Archives_nationales/FRAN_0021_JJ113/DEPOT/FRAN_0021_7497_A/full/full/0/default.jpg;https://iiif.irht.cnrs.fr/iiif/VOLUME1/France/Paris/Archives_nationales/FRAN_0021_JJ113/DEPOT/FRAN_0021_7497_A/full/1200,/0/default.jpg;Paris_Archives_Nationales_JJ113_0045.jpg;True;6e086da53c9e117e913470ec40c1376e
https://api.irht.cnrs.fr/ark:/63955/f1ruw5rqihr9/manifest.json;https://arca.irht.cnrs.fr/iiif/128415/canvas/canvas-4390775;22v;https://iiif.irht.cnrs.fr/iiif/ark:/63955/va2if2pgxmoy/full/full/0/default.jpg;200;2423;3000;3850;4767;https://iiif.irht.cnrs.fr/iiif/ark:/63955/va2if2pgxmoy/full/1200,/0/default.jpg;200;1200;1486;https://iiif.irht.cnrs.fr/iiif/VOLUME1/France/Paris/Archives_nationales/FRAN_0021_JJ113/DEPOT/FRAN_0021_7498_A/full/full/0/default.jpg;https://iiif.irht.cnrs.fr/iiif/VOLUME1/France/Paris/Archives_nationales/FRAN_0021_JJ113/DEPOT/FRAN_0021_7498_A/full/1200,/0/default.jpg;Paris_Archives_Nationales_JJ113_0046.jpg;True;d186b112c6dc392aef76c68de8368ccb
https://api.irht.cnrs.fr/ark:/63955/f1ruw5rqihr9/manifest.json;https://arca.irht.cnrs.fr/iiif/128415/canvas/canvas-4390776;23r;https://iiif.irht.cnrs.fr/iiif/ark:/63955/vnnifrdnz8v2/full/full/0/default.jpg;200;2471;3000;3916;4755;https://iiif.irht.cnrs.fr/iiif/ark:/63955/vnnifrdnz8v2/full/1200,/0/default.jpg;200;1200;1457;https://iiif.irht.cnrs.fr/iiif/VOLUME1/France/Paris/Archives_nationales/FRAN_0021_JJ113/DEPOT/FRAN_0021_7499_A/full/full/0/default.jpg;https://iiif.irht.cnrs.fr/iiif/VOLUME1/France/Paris/Archives_nationales/FRAN_0021_JJ113/DEPOT/FRAN_0021_7499_A/full/1200,/0/default.jpg;Paris_Archives_Nationales_JJ113_0047.jpg;True;84cfb6433610424d8728a05754ceb09f
https://api.irht.cnrs.fr/ark:/63955/f1ruw5rqihr9/manifest.json;https://arca.irht.cnrs.fr/iiif/128415/canvas/canvas-4390777;23v;https://iiif.irht.cnrs.fr/iiif/ark:/63955/vjf1qtqh3cs5/full/full/0/default.jpg;200;2423;3000;3850;4767;https://iiif.irht.cnrs.fr/iiif/ark:/63955/vjf1qtqh3cs5/full/1200,/0/default.jpg;200;1200;1486;https://iiif.irht.cnrs.fr/iiif/VOLUME1/France/Paris/Archives_nationales/FRAN_0021_JJ113/DEPOT/FRAN_0021_7500_A/full/full/0/default.jpg;https://iiif.irht.cnrs.fr/iiif/VOLUME1/France/Paris/Archives_nationales/FRAN_0021_JJ113/DEPOT/FRAN_0021_7500_A/full/1200,/0/default.jpg;Paris_Archives_Nationales_JJ113_0048.jpg;True;bc966ae6ebe4479d494e6dc02a829550
https://api.irht.cnrs.fr/ark:/63955/f1ruw5rqihr9/manifest.json;https://arca.irht.cnrs.fr/iiif/128415/canvas/canvas-4390778;24r;https://iiif.irht.cnrs.fr/iiif/ark:/63955/vv87lo58d4v0/full/full/0/default.jpg;200;2471;3000;3916;4755;https://iiif.irht.cnrs.fr/iiif/ark:/63955/vv87lo58d4v0/full/1200,/0/default.jpg;200;1200;1457;https://iiif.irht.cnrs.fr/iiif/VOLUME1/France/Paris/Archives_nationales/FRAN_0021_JJ113/DEPOT/FRAN_0021_7501_A/full/full/0/default.jpg;https://iiif.irht.cnrs.fr/iiif/VOLUME1/France/Paris/Archives_nationales/FRAN_0021_JJ113/DEPOT/FRAN_0021_7501_A/full/1200,/0/default.jpg;Paris_Archives_Nationales_JJ113_0049.jpg;True;4ed6769f21a8e414094d708b90a81f34
https://api.irht.cnrs.fr/ark:/63955/f1ruw5rqihr9/manifest.json;https://arca.irht.cnrs.fr/iiif/128415/canvas/canvas-4390779;24v;https://iiif.irht.cnrs.fr/iiif/ark:/63955/vmbs0ys9tus9/full/full/0/default.jpg;200;2432;3000;3850;4749;https://iiif.irht.cnrs.fr/iiif/ark:/63955/vmbs0ys9tus9/full/1200,/0/default.jpg;200;1200;1480;https://iiif.irht.cnrs.fr/iiif/VOLUME1/France/Paris/Archives_nationales/FRAN_0021_JJ113/DEPOT/FRAN_0021_7502_A/full/full/0/default.jpg;https://iiif.irht.cnrs.fr/iiif/VOLUME1/France/Paris/Archives_nationales/FRAN_0021_JJ113/DEPOT/FRAN_0021_7502_A/full/1200,/0/default.jpg;Paris_Archives_Nationales_JJ113_0050.jpg;True;43f8b726d044611275c33862bcec819c
https://api.irht.cnrs.fr/ark:/63955/f1ruw5rqihr9/manifest.json;https://arca.irht.cnrs.fr/iiif/128415/canvas/canvas-4390780;25r;https://iiif.irht.cnrs.fr/iiif/ark:/63955/vwi3n06ztbv2/full/full/0/default.jpg;200;2448;3000;3880;4755;https://iiif.irht.cnrs.fr/iiif/ark:/63955/vwi3n06ztbv2/full/1200,/0/default.jpg;200;1200;1471;https://iiif.irht.cnrs.fr/iiif/VOLUME1/France/Paris/Archives_nationales/FRAN_0021_JJ113/DEPOT/FRAN_0021_7503_A/full/full/0/default.jpg;https://iiif.irht.cnrs.fr/iiif/VOLUME1/France/Paris/Archives_nationales/FRAN_0021_JJ113/DEPOT/FRAN_0021_7503_A/full/1200,/0/default.jpg;Paris_Archives_Nationales_JJ113_0051.jpg;True;fc1e3a9ed581a52bfcd2b1fb9956facd
https://api.irht.cnrs.fr/ark:/63955/f1ruw5rqihr9/manifest.json;https://arca.irht.cnrs.fr/iiif/128415/canvas/canvas-4390781;25v;https://iiif.irht.cnrs.fr/iiif/ark:/63955/vjgrpo4tk5fv/full/full/0/default.jpg;200;2406;3000;3808;4749;https://iiif.irht.cnrs.fr/iiif/ark:/63955/vjgrpo4tk5fv/full/1200,/0/default.jpg;200;1200;1497;https://iiif.irht.cnrs.fr/iiif/VOLUME1/France/Paris/Archives_nationales/FRAN_0021_JJ113/DEPOT/FRAN_0021_7504_A/full/full/0/default.jpg;https://iiif.irht.cnrs.fr/iiif/VOLUME1/France/Paris/Archives_nationales/FRAN_0021_JJ113/DEPOT/FRAN_0021_7504_A/full/1200,/0/default.jpg;Paris_Archives_Nationales_JJ113_0052.jpg;True;46bee3bbd79fac35f959e8612e30cbc4
https://api.irht.cnrs.fr/ark:/63955/f1ruw5rqihr9/manifest.json;https://arca.irht.cnrs.fr/iiif/128415/canvas/canvas-4390782;26r;https://iiif.irht.cnrs.fr/iiif/ark:/63955/vyguqpnlhxh0/full/full/0/default.jpg;200;2457;3000;3880;4737;https://iiif.irht.cnrs.fr/iiif/ark:/63955/vyguqpnlhxh0/full/1200,/0/default.jpg;200;1200;1465;https://iiif.irht.cnrs.fr/iiif/VOLUME1/France/Paris/Archives_nationales/FRAN_0021_JJ113/DEPOT/FRAN_0021_7505_A/full/full/0/default.jpg;https://iiif.irht.cnrs.fr/iiif/VOLUME1/France/Paris/Archives_nationales/FRAN_0021_JJ113/DEPOT/FRAN_0021_7505_A/full/1200,/0/default.jpg;Paris_Archives_Nationales_JJ113_0053.jpg;True;fd688b2fdff5eda0aa3f45043865b390
https://api.irht.cnrs.fr/ark:/63955/f1ruw5rqihr9/manifest.json;https://arca.irht.cnrs.fr/iiif/128415/canvas/canvas-4390783;26v;https://iiif.irht.cnrs.fr/iiif/ark:/63955/v05174ujzw2g/full/full/0/default.jpg;200;2393;3000;3808;4773;https://iiif.irht.cnrs.fr/iiif/ark:/63955/v05174ujzw2g/full/1200,/0/default.jpg;200;1200;1504;https://iiif.irht.cnrs.fr/iiif/VOLUME1/France/Paris/Archives_nationales/FRAN_0021_JJ113/DEPOT/FRAN_0021_7506_A/full/full/0/default.jpg;https://iiif.irht.cnrs.fr/iiif/VOLUME1/France/Paris/Archives_nationales/FRAN_0021_JJ113/DEPOT/FRAN_0021_7506_A/full/1200,/0/default.jpg;Paris_Archives_Nationales_JJ113_0054.jpg;True;340f0e74eb9461172222cb67e946e53a
https://api.irht.cnrs.fr/ark:/63955/f1ruw5rqihr9/manifest.json;https://arca.irht.cnrs.fr/iiif/128415/canvas/canvas-4390784;27r;https://iiif.irht.cnrs.fr/iiif/ark:/63955/vor4sloy0kwh/full/full/0/default.jpg;200;2457;3000;3880;4737;https://iiif.irht.cnrs.fr/iiif/ark:/63955/vor4sloy0kwh/full/1200,/0/default.jpg;200;1200;1465;https://iiif.irht.cnrs.fr/iiif/VOLUME1/France/Paris/Archives_nationales/FRAN_0021_JJ113/DEPOT/FRAN_0021_7507_A/full/full/0/default.jpg;https://iiif.irht.cnrs.fr/iiif/VOLUME1/France/Paris/Archives_nationales/FRAN_0021_JJ113/DEPOT/FRAN_0021_7507_A/full/1200,/0/default.jpg;Paris_Archives_Nationales_JJ113_0055.jpg;True;7824d0dcfdf0de8226b27db77e606081
https://api.irht.cnrs.fr/ark:/63955/f1ruw5rqihr9/manifest.json;https://arca.irht.cnrs.fr/iiif/128415/canvas/canvas-4390785;27v;https://iiif.irht.cnrs.fr/iiif/ark:/63955/vem617ozpo0u/full/full/0/default.jpg;200;2399;3000;3808;4761;https://iiif.irht.cnrs.fr/iiif/ark:/63955/vem617ozpo0u/full/1200,/0/default.jpg;200;1200;1500;https://iiif.irht.cnrs.fr/iiif/VOLUME1/France/Paris/Archives_nationales/FRAN_0021_JJ113/DEPOT/FRAN_0021_7508_A/full/full/0/default.jpg;https://iiif.irht.cnrs.fr/iiif/VOLUME1/France/Paris/Archives_nationales/FRAN_0021_JJ113/DEPOT/FRAN_0021_7508_A/full/1200,/0/default.jpg;Paris_Archives_Nationales_JJ113_0056.jpg;True;4f2477067a2be6628d09072db764adf7
https://api.irht.cnrs.fr/ark:/63955/f1ruw5rqihr9/manifest.json;https://arca.irht.cnrs.fr/iiif/128415/canvas/canvas-4390786;28r;https://iiif.irht.cnrs.fr/iiif/ark:/63955/vp7zkqzhtf5l/full/full/0/default.jpg;200;2427;3000;3856;4767;https://iiif.irht.cnrs.fr/iiif/ark:/63955/vp7zkqzhtf5l/full/1200,/0/default.jpg;200;1200;1484;https://iiif.irht.cnrs.fr/iiif/VOLUME1/France/Paris/Archives_nationales/FRAN_0021_JJ113/DEPOT/FRAN_0021_7509_A/full/full/0/default.jpg;https://iiif.irht.cnrs.fr/iiif/VOLUME1/France/Paris/Archives_nationales/FRAN_0021_JJ113/DEPOT/FRAN_0021_7509_A/full/1200,/0/default.jpg;Paris_Archives_Nationales_JJ113_0057.jpg;True;0bde54da9afe475a6d593e2ec1883591
https://api.irht.cnrs.fr/ark:/63955/f1ruw5rqihr9/manifest.json;https://arca.irht.cnrs.fr/iiif/128415/canvas/canvas-4390787;28v;https://iiif.irht.cnrs.fr/iiif/ark:/63955/vjy68w6sso6f/full/full/0/default.jpg;200;2399;3000;3808;4761;https://iiif.irht.cnrs.fr/iiif/ark:/63955/vjy68w6sso6f/full/1200,/0/default.jpg;200;1200;1500;https://iiif.irht.cnrs.fr/iiif/VOLUME1/France/Paris/Archives_nationales/FRAN_0021_JJ113/DEPOT/FRAN_0021_7510_A/full/full/0/default.jpg;https://iiif.irht.cnrs.fr/iiif/VOLUME1/France/Paris/Archives_nationales/FRAN_0021_JJ113/DEPOT/FRAN_0021_7510_A/full/1200,/0/default.jpg;Paris_Archives_Nationales_JJ113_0058.jpg;True;fb20d71292bd0ad04e6242c45718a40c
https://api.irht.cnrs.fr/ark:/63955/f1ruw5rqihr9/manifest.json;https://arca.irht.cnrs.fr/iiif/128415/canvas/canvas-4390788;29r;https://iiif.irht.cnrs.fr/iiif/ark:/63955/vu8nj7c777xf/full/full/0/default.jpg;200;2453;3000;3898;4767;https://iiif.irht.cnrs.fr/iiif/ark:/63955/vu8nj7c777xf/full/1200,/0/default.jpg;200;1200;1468;https://iiif.irht.cnrs.fr/iiif/VOLUME1/France/Paris/Archives_nationales/FRAN_0021_JJ113/DEPOT/FRAN_0021_7511_A/full/full/0/default.jpg;https://iiif.irht.cnrs.fr/iiif/VOLUME1/France/Paris/Archives_nationales/FRAN_0021_JJ113/DEPOT/FRAN_0021_7511_A/full/1200,/0/default.jpg;Paris_Archives_Nationales_JJ113_0059.jpg;True;ce9e9fe67a1e57d53a4893c6cf9d11c9
https://api.irht.cnrs.fr/ark:/63955/f1ruw5rqihr9/manifest.json;https://arca.irht.cnrs.fr/iiif/128415/canvas/canvas-4390789;29v;https://iiif.irht.cnrs.fr/iiif/ark:/63955/v6h55zyl4j43/full/full/0/default.jpg;200;2415;3000;3808;4731;https://iiif.irht.cnrs.fr/iiif/ark:/63955/v6h55zyl4j43/full/1200,/0/default.jpg;200;1200;1491;https://iiif.irht.cnrs.fr/iiif/VOLUME1/France/Paris/Archives_nationales/FRAN_0021_JJ113/DEPOT/FRAN_0021_7512_A/full/full/0/default.jpg;https://iiif.irht.cnrs.fr/iiif/VOLUME1/France/Paris/Archives_nationales/FRAN_0021_JJ113/DEPOT/FRAN_0021_7512_A/full/1200,/0/default.jpg;Paris_Archives_Nationales_JJ113_0060.jpg;True;bf7111dd44a3649649c1c83df4042f9d
https://api.irht.cnrs.fr/ark:/63955/f1ruw5rqihr9/manifest.json;https://arca.irht.cnrs.fr/iiif/128415/canvas/canvas-4390790;30r;https://iiif.irht.cnrs.fr/iiif/ark:/63955/vpczw5skb8fj/full/full/0/default.jpg;200;2453;3000;3898;4767;https://iiif.irht.cnrs.fr/iiif/ark:/63955/vpczw5skb8fj/full/1200,/0/default.jpg;200;1200;1468;https://iiif.irht.cnrs.fr/iiif/VOLUME1/France/Paris/Archives_nationales/FRAN_0021_JJ113/DEPOT/FRAN_0021_7513_A/full/full/0/default.jpg;https://iiif.irht.cnrs.fr/iiif/VOLUME1/France/Paris/Archives_nationales/FRAN_0021_JJ113/DEPOT/FRAN_0021_7513_A/full/1200,/0/default.jpg;Paris_Archives_Nationales_JJ113_0061.jpg;True;c2912e0ddbd8b3391611ea765ad8f07d
https://api.irht.cnrs.fr/ark:/63955/f1ruw5rqihr9/manifest.json;https://arca.irht.cnrs.fr/iiif/128415/canvas/canvas-4390791;30v;https://iiif.irht.cnrs.fr/iiif/ark:/63955/vvyr86zf3eml/full/full/0/default.jpg;200;2396;3000;3808;4767;https://iiif.irht.cnrs.fr/iiif/ark:/63955/vvyr86zf3eml/full/1200,/0/default.jpg;200;1200;1502;https://iiif.irht.cnrs.fr/iiif/VOLUME1/France/Paris/Archives_nationales/FRAN_0021_JJ113/DEPOT/FRAN_0021_7514_A/full/full/0/default.jpg;https://iiif.irht.cnrs.fr/iiif/VOLUME1/France/Paris/Archives_nationales/FRAN_0021_JJ113/DEPOT/FRAN_0021_7514_A/full/1200,/0/default.jpg;Paris_Archives_Nationales_JJ113_0062.jpg;True;58ab48e1de394791f478c4bb37a0f7b1
https://api.irht.cnrs.fr/ark:/63955/f1ruw5rqihr9/manifest.json;https://arca.irht.cnrs.fr/iiif/128415/canvas/canvas-4390792;31r;https://iiif.irht.cnrs.fr/iiif/ark:/63955/vjslidq1htru/full/full/0/default.jpg;200;2443;3000;3868;4749;https://iiif.irht.cnrs.fr/iiif/ark:/63955/vjslidq1htru/full/1200,/0/default.jpg;200;1200;1473;https://iiif.irht.cnrs.fr/iiif/VOLUME1/France/Paris/Archives_nationales/FRAN_0021_JJ113/DEPOT/FRAN_0021_7515_A/full/full/0/default.jpg;https://iiif.irht.cnrs.fr/iiif/VOLUME1/France/Paris/Archives_nationales/FRAN_0021_JJ113/DEPOT/FRAN_0021_7515_A/full/1200,/0/default.jpg;Paris_Archives_Nationales_JJ113_0063.jpg;True;02be10c94d686705774afe41674b2bc8
https://api.irht.cnrs.fr/ark:/63955/f1ruw5rqihr9/manifest.json;https://arca.irht.cnrs.fr/iiif/128415/canvas/canvas-4390793;31v;https://iiif.irht.cnrs.fr/iiif/ark:/63955/vtozl8btoupn/full/full/0/default.jpg;200;2406;3000;3808;4749;https://iiif.irht.cnrs.fr/iiif/ark:/63955/vtozl8btoupn/full/1200,/0/default.jpg;200;1200;1497;https://iiif.irht.cnrs.fr/iiif/VOLUME1/France/Paris/Archives_nationales/FRAN_0021_JJ113/DEPOT/FRAN_0021_7516_A/full/full/0/default.jpg;https://iiif.irht.cnrs.fr/iiif/VOLUME1/France/Paris/Archives_nationales/FRAN_0021_JJ113/DEPOT/FRAN_0021_7516_A/full/1200,/0/default.jpg;Paris_Archives_Nationales_JJ113_0064.jpg;True;2cb46b558db215bba99382c01a204e2a
https://api.irht.cnrs.fr/ark:/63955/f1ruw5rqihr9/manifest.json;https://arca.irht.cnrs.fr/iiif/128415/canvas/canvas-4390794;32r;https://iiif.irht.cnrs.fr/iiif/ark:/63955/vlxtkdxyzjir/full/full/0/default.jpg;200;2443;3000;3868;4749;https://iiif.irht.cnrs.fr/iiif/ark:/63955/vlxtkdxyzjir/full/1200,/0/default.jpg;200;1200;1473;https://iiif.irht.cnrs.fr/iiif/VOLUME1/France/Paris/Archives_nationales/FRAN_0021_JJ113/DEPOT/FRAN_0021_7517_A/full/full/0/default.jpg;https://iiif.irht.cnrs.fr/iiif/VOLUME1/France/Paris/Archives_nationales/FRAN_0021_JJ113/DEPOT/FRAN_0021_7517_A/full/1200,/0/default.jpg;Paris_Archives_Nationales_JJ113_0065.jpg;True;7f80acdd0a7855cf04d10774705074f5
https://api.irht.cnrs.fr/ark:/63955/f1ruw5rqihr9/manifest.json;https://arca.irht.cnrs.fr/iiif/128415/canvas/canvas-4390795;32v;https://iiif.irht.cnrs.fr/iiif/ark:/63955/v404v2mothhh/full/full/0/default.jpg;200;2436;3000;3856;4749;https://iiif.irht.cnrs.fr/iiif/ark:/63955/v404v2mothhh/full/1200,/0/default.jpg;200;1200;1478;https://iiif.irht.cnrs.fr/iiif/VOLUME1/France/Paris/Archives_nationales/FRAN_0021_JJ113/DEPOT/FRAN_0021_7518_A/full/full/0/default.jpg;https://iiif.irht.cnrs.fr/iiif/VOLUME1/France/Paris/Archives_nationales/FRAN_0021_JJ113/DEPOT/FRAN_0021_7518_A/full/1200,/0/default.jpg;Paris_Archives_Nationales_JJ113_0066.jpg;True;4744517e5d598ded599be569fefdb4a0
https://api.irht.cnrs.fr/ark:/63955/f1ruw5rqihr9/manifest.json;https://arca.irht.cnrs.fr/iiif/128415/canvas/canvas-4390796;33r;https://iiif.irht.cnrs.fr/iiif/ark:/63955/vh3qsxfnm28j/full/full/0/default.jpg;200;2428;3000;3844;4749;https://iiif.irht.cnrs.fr/iiif/ark:/63955/vh3qsxfnm28j/full/1200,/0/default.jpg;200;1200;1483;https://iiif.irht.cnrs.fr/iiif/VOLUME1/France/Paris/Archives_nationales/FRAN_0021_JJ113/DEPOT/FRAN_0021_7519_A/full/full/0/default.jpg;https://iiif.irht.cnrs.fr/iiif/VOLUME1/France/Paris/Archives_nationales/FRAN_0021_JJ113/DEPOT/FRAN_0021_7519_A/full/1200,/0/default.jpg;Paris_Archives_Nationales_JJ113_0067.jpg;True;c22d4a5a623d5d50bc280d897807cd4e
https://api.irht.cnrs.fr/ark:/63955/f1ruw5rqihr9/manifest.json;https://arca.irht.cnrs.fr/iiif/128415/canvas/canvas-4390797;33v;https://iiif.irht.cnrs.fr/iiif/ark:/63955/vwtxuswdanib/full/full/0/default.jpg;200;2436;3000;3856;4749;https://iiif.irht.cnrs.fr/iiif/ark:/63955/vwtxuswdanib/full/1200,/0/default.jpg;200;1200;1478;https://iiif.irht.cnrs.fr/iiif/VOLUME1/France/Paris/Archives_nationales/FRAN_0021_JJ113/DEPOT/FRAN_0021_7520_A/full/full/0/default.jpg;https://iiif.irht.cnrs.fr/iiif/VOLUME1/France/Paris/Archives_nationales/FRAN_0021_JJ113/DEPOT/FRAN_0021_7520_A/full/1200,/0/default.jpg;Paris_Archives_Nationales_JJ113_0068.jpg;True;30c572c7520df13644936a4f27e8b4a1
https://api.irht.cnrs.fr/ark:/63955/f1ruw5rqihr9/manifest.json;https://arca.irht.cnrs.fr/iiif/128415/canvas/canvas-4390798;34r;https://iiif.irht.cnrs.fr/iiif/ark:/63955/vsddf27wkoen/full/full/0/default.jpg;200;2428;3000;3844;4749;https://iiif.irht.cnrs.fr/iiif/ark:/63955/vsddf27wkoen/full/1200,/0/default.jpg;200;1200;1483;https://iiif.irht.cnrs.fr/iiif/VOLUME1/France/Paris/Archives_nationales/FRAN_0021_JJ113/DEPOT/FRAN_0021_7521_A/full/full/0/default.jpg;https://iiif.irht.cnrs.fr/iiif/VOLUME1/France/Paris/Archives_nationales/FRAN_0021_JJ113/DEPOT/FRAN_0021_7521_A/full/1200,/0/default.jpg;Paris_Archives_Nationales_JJ113_0069.jpg;True;38c3d3992ec49f7c70b6b1b86421b000
https://api.irht.cnrs.fr/ark:/63955/f1ruw5rqihr9/manifest.json;https://arca.irht.cnrs.fr/iiif/128415/canvas/canvas-4390799;34v;https://iiif.irht.cnrs.fr/iiif/ark:/63955/vf6kvt7x2ruw/full/full/0/default.jpg;200;2375;3000;3760;4749;https://iiif.irht.cnrs.fr/iiif/ark:/63955/vf6kvt7x2ruw/full/1200,/0/default.jpg;200;1200;1516;https://iiif.irht.cnrs.fr/iiif/VOLUME1/France/Paris/Archives_nationales/FRAN_0021_JJ113/DEPOT/FRAN_0021_7522_A/full/full/0/default.jpg;https://iiif.irht.cnrs.fr/iiif/VOLUME1/France/Paris/Archives_nationales/FRAN_0021_JJ113/DEPOT/FRAN_0021_7522_A/full/1200,/0/default.jpg;Paris_Archives_Nationales_JJ113_0070.jpg;True;b4231c34b5ec9626959ea6367766c226
https://api.irht.cnrs.fr/ark:/63955/f1ruw5rqihr9/manifest.json;https://arca.irht.cnrs.fr/iiif/128415/canvas/canvas-4390800;35r;https://iiif.irht.cnrs.fr/iiif/ark:/63955/voook2z8ka1y/full/full/0/default.jpg;200;2451;3000;3880;4749;https://iiif.irht.cnrs.fr/iiif/ark:/63955/voook2z8ka1y/full/1200,/0/default.jpg;200;1200;1469;https://iiif.irht.cnrs.fr/iiif/VOLUME1/France/Paris/Archives_nationales/FRAN_0021_JJ113/DEPOT/FRAN_0021_7523_A/full/full/0/default.jpg;https://iiif.irht.cnrs.fr/iiif/VOLUME1/France/Paris/Archives_nationales/FRAN_0021_JJ113/DEPOT/FRAN_0021_7523_A/full/1200,/0/default.jpg;Paris_Archives_Nationales_JJ113_0071.jpg;True;3cf0d26aaac3b1dcdac239f92f6dfac7
https://api.irht.cnrs.fr/ark:/63955/f1ruw5rqihr9/manifest.json;https://arca.irht.cnrs.fr/iiif/128415/canvas/canvas-4390801;35v;https://iiif.irht.cnrs.fr/iiif/ark:/63955/vng1vdljr9zy/full/full/0/default.jpg;200;2375;3000;3760;4749;https://iiif.irht.cnrs.fr/iiif/ark:/63955/vng1vdljr9zy/full/1200,/0/default.jpg;200;1200;1516;https://iiif.irht.cnrs.fr/iiif/VOLUME1/France/Paris/Archives_nationales/FRAN_0021_JJ113/DEPOT/FRAN_0021_7524_A/full/full/0/default.jpg;https://iiif.irht.cnrs.fr/iiif/VOLUME1/France/Paris/Archives_nationales/FRAN_0021_JJ113/DEPOT/FRAN_0021_7524_A/full/1200,/0/default.jpg;Paris_Archives_Nationales_JJ113_0072.jpg;True;9a6f05912a9ba1e1643ae95144117fd9
https://api.irht.cnrs.fr/ark:/63955/f1ruw5rqihr9/manifest.json;https://arca.irht.cnrs.fr/iiif/128415/canvas/canvas-4390802;36r;https://iiif.irht.cnrs.fr/iiif/ark:/63955/vuus1svtmrha/full/full/0/default.jpg;200;2451;3000;3880;4749;https://iiif.irht.cnrs.fr/iiif/ark:/63955/vuus1svtmrha/full/1200,/0/default.jpg;200;1200;1469;https://iiif.irht.cnrs.fr/iiif/VOLUME1/France/Paris/Archives_nationales/FRAN_0021_JJ113/DEPOT/FRAN_0021_7525_A/full/full/0/default.jpg;https://iiif.irht.cnrs.fr/iiif/VOLUME1/France/Paris/Archives_nationales/FRAN_0021_JJ113/DEPOT/FRAN_0021_7525_A/full/1200,/0/default.jpg;Paris_Archives_Nationales_JJ113_0073.jpg;True;2df767013bfdeb6993b0776a5c9757e6
https://api.irht.cnrs.fr/ark:/63955/f1ruw5rqihr9/manifest.json;https://arca.irht.cnrs.fr/iiif/128415/canvas/canvas-4390803;36v;https://iiif.irht.cnrs.fr/iiif/ark:/63955/vf2cfbxpdwdt/full/full/0/default.jpg;200;2375;3000;3760;4749;https://iiif.irht.cnrs.fr/iiif/ark:/63955/vf2cfbxpdwdt/full/1200,/0/default.jpg;200;1200;1516;https://iiif.irht.cnrs.fr/iiif/VOLUME1/France/Paris/Archives_nationales/FRAN_0021_JJ113/DEPOT/FRAN_0021_7526_A/full/full/0/default.jpg;https://iiif.irht.cnrs.fr/iiif/VOLUME1/France/Paris/Archives_nationales/FRAN_0021_JJ113/DEPOT/FRAN_0021_7526_A/full/1200,/0/default.jpg;Paris_Archives_Nationales_JJ113_0074.jpg;True;d7db6e59a541ae17f4abfbfc2cd4ce11
https://api.irht.cnrs.fr/ark:/63955/f1ruw5rqihr9/manifest.json;https://arca.irht.cnrs.fr/iiif/128415/canvas/canvas-4390804;37r;https://iiif.irht.cnrs.fr/iiif/ark:/63955/vx87jsztrynm/full/full/0/default.jpg;200;2451;3000;3880;4749;https://iiif.irht.cnrs.fr/iiif/ark:/63955/vx87jsztrynm/full/1200,/0/default.jpg;200;1200;1469;https://iiif.irht.cnrs.fr/iiif/VOLUME1/France/Paris/Archives_nationales/FRAN_0021_JJ113/DEPOT/FRAN_0021_7527_A/full/full/0/default.jpg;https://iiif.irht.cnrs.fr/iiif/VOLUME1/France/Paris/Archives_nationales/FRAN_0021_JJ113/DEPOT/FRAN_0021_7527_A/full/1200,/0/default.jpg;Paris_Archives_Nationales_JJ113_0075.jpg;True;47616f79cadeb7d1ffb547e7bb9a2dab
https://api.irht.cnrs.fr/ark:/63955/f1ruw5rqihr9/manifest.json;https://arca.irht.cnrs.fr/iiif/128415/canvas/canvas-4390805;37v;https://iiif.irht.cnrs.fr/iiif/ark:/63955/vrpemj1d1bt3/full/full/0/default.jpg;200;2360;3000;3760;4779;https://iiif.irht.cnrs.fr/iiif/ark:/63955/vrpemj1d1bt3/full/1200,/0/default.jpg;200;1200;1525;https://iiif.irht.cnrs.fr/iiif/VOLUME1/France/Paris/Archives_nationales/FRAN_0021_JJ113/DEPOT/FRAN_0021_7528_A/full/full/0/default.jpg;https://iiif.irht.cnrs.fr/iiif/VOLUME1/France/Paris/Archives_nationales/FRAN_0021_JJ113/DEPOT/FRAN_0021_7528_A/full/1200,/0/default.jpg;Paris_Archives_Nationales_JJ113_0076.jpg;True;22c99683d5fd6164404e57b3925ae315
https://api.irht.cnrs.fr/ark:/63955/f1ruw5rqihr9/manifest.json;https://arca.irht.cnrs.fr/iiif/128415/canvas/canvas-4390806;38r;https://iiif.irht.cnrs.fr/iiif/ark:/63955/vo8fmysjbmhk/full/full/0/default.jpg;200;2451;3000;3880;4749;https://iiif.irht.cnrs.fr/iiif/ark:/63955/vo8fmysjbmhk/full/1200,/0/default.jpg;200;1200;1469;https://iiif.irht.cnrs.fr/iiif/VOLUME1/France/Paris/Archives_nationales/FRAN_0021_JJ113/DEPOT/FRAN_0021_7529_A/full/full/0/default.jpg;https://iiif.irht.cnrs.fr/iiif/VOLUME1/France/Paris/Archives_nationales/FRAN_0021_JJ113/DEPOT/FRAN_0021_7529_A/full/1200,/0/default.jpg;Paris_Archives_Nationales_JJ113_0077.jpg;True;e89eca8dc3dceeef2830717dc686c8f5
https://api.irht.cnrs.fr/ark:/63955/f1ruw5rqihr9/manifest.json;https://arca.irht.cnrs.fr/iiif/128415/canvas/canvas-4390807;38v;https://iiif.irht.cnrs.fr/iiif/ark:/63955/vu0cuu4sirj7/full/full/0/default.jpg;200;2360;3000;3760;4779;https://iiif.irht.cnrs.fr/iiif/ark:/63955/vu0cuu4sirj7/full/1200,/0/default.jpg;200;1200;1525;https://iiif.irht.cnrs.fr/iiif/VOLUME1/France/Paris/Archives_nationales/FRAN_0021_JJ113/DEPOT/FRAN_0021_7530_A/full/full/0/default.jpg;https://iiif.irht.cnrs.fr/iiif/VOLUME1/France/Paris/Archives_nationales/FRAN_0021_JJ113/DEPOT/FRAN_0021_7530_A/full/1200,/0/default.jpg;Paris_Archives_Nationales_JJ113_0078.jpg;True;5ef6fd174776d651f7189c7b0e112b34
https://api.irht.cnrs.fr/ark:/63955/f1ruw5rqihr9/manifest.json;https://arca.irht.cnrs.fr/iiif/128415/canvas/canvas-4390808;39r;https://iiif.irht.cnrs.fr/iiif/ark:/63955/v55r6jsidw7l/full/full/0/default.jpg;200;2441;3000;3844;4725;https://iiif.irht.cnrs.fr/iiif/ark:/63955/v55r6jsidw7l/full/1200,/0/default.jpg;200;1200;1475;https://iiif.irht.cnrs.fr/iiif/VOLUME1/France/Paris/Archives_nationales/FRAN_0021_JJ113/DEPOT/FRAN_0021_7531_A/full/full/0/default.jpg;https://iiif.irht.cnrs.fr/iiif/VOLUME1/France/Paris/Archives_nationales/FRAN_0021_JJ113/DEPOT/FRAN_0021_7531_A/full/1200,/0/default.jpg;Paris_Archives_Nationales_JJ113_0079.jpg;True;bab2b1b1b11603837694435cf8216fb5
https://api.irht.cnrs.fr/ark:/63955/f1ruw5rqihr9/manifest.json;https://arca.irht.cnrs.fr/iiif/128415/canvas/canvas-4390809;39v;https://iiif.irht.cnrs.fr/iiif/ark:/63955/vbuj4dvruflv/full/full/0/default.jpg;200;2360;3000;3760;4779;https://iiif.irht.cnrs.fr/iiif/ark:/63955/vbuj4dvruflv/full/1200,/0/default.jpg;200;1200;1525;https://iiif.irht.cnrs.fr/iiif/VOLUME1/France/Paris/Archives_nationales/FRAN_0021_JJ113/DEPOT/FRAN_0021_7532_A/full/full/0/default.jpg;https://iiif.irht.cnrs.fr/iiif/VOLUME1/France/Paris/Archives_nationales/FRAN_0021_JJ113/DEPOT/FRAN_0021_7532_A/full/1200,/0/default.jpg;Paris_Archives_Nationales_JJ113_0080.jpg;True;dd1d291c681eb5b837c02082dcbcd5ac
https://api.irht.cnrs.fr/ark:/63955/f1ruw5rqihr9/manifest.json;https://arca.irht.cnrs.fr/iiif/128415/canvas/canvas-4390810;40r;https://iiif.irht.cnrs.fr/iiif/ark:/63955/vsfpx87orfux/full/full/0/default.jpg;200;2441;3000;3844;4725;https://iiif.irht.cnrs.fr/iiif/ark:/63955/vsfpx87orfux/full/1200,/0/default.jpg;200;1200;1475;https://iiif.irht.cnrs.fr/iiif/VOLUME1/France/Paris/Archives_nationales/FRAN_0021_JJ113/DEPOT/FRAN_0021_7533_A/full/full/0/default.jpg;https://iiif.irht.cnrs.fr/iiif/VOLUME1/France/Paris/Archives_nationales/FRAN_0021_JJ113/DEPOT/FRAN_0021_7533_A/full/1200,/0/default.jpg;Paris_Archives_Nationales_JJ113_0081.jpg;True;f7ff241c3ce70475300bcd4b07d345dc
https://api.irht.cnrs.fr/ark:/63955/f1ruw5rqihr9/manifest.json;https://arca.irht.cnrs.fr/iiif/128415/canvas/canvas-4390811;40v;https://iiif.irht.cnrs.fr/iiif/ark:/63955/v61hzjuvrf6l/full/full/0/default.jpg;200;2360;3000;3760;4779;https://iiif.irht.cnrs.fr/iiif/ark:/63955/v61hzjuvrf6l/full/1200,/0/default.jpg;200;1200;1525;https://iiif.irht.cnrs.fr/iiif/VOLUME1/France/Paris/Archives_nationales/FRAN_0021_JJ113/DEPOT/FRAN_0021_7534_A/full/full/0/default.jpg;https://iiif.irht.cnrs.fr/iiif/VOLUME1/France/Paris/Archives_nationales/FRAN_0021_JJ113/DEPOT/FRAN_0021_7534_A/full/1200,/0/default.jpg;Paris_Archives_Nationales_JJ113_0082.jpg;True;ddb9d363e5fcdac60ec7deda00ad89ff
https://api.irht.cnrs.fr/ark:/63955/f1ruw5rqihr9/manifest.json;https://arca.irht.cnrs.fr/iiif/128415/canvas/canvas-4390812;41r;https://iiif.irht.cnrs.fr/iiif/ark:/63955/vzbzv2tbnp43/full/full/0/default.jpg;200;2425;3000;3820;4725;https://iiif.irht.cnrs.fr/iiif/ark:/63955/vzbzv2tbnp43/full/1200,/0/default.jpg;200;1200;1484;https://iiif.irht.cnrs.fr/iiif/VOLUME1/France/Paris/Archives_nationales/FRAN_0021_JJ113/DEPOT/FRAN_0021_7535_A/full/full/0/default.jpg;https://iiif.irht.cnrs.fr/iiif/VOLUME1/France/Paris/Archives_nationales/FRAN_0021_JJ113/DEPOT/FRAN_0021_7535_A/full/1200,/0/default.jpg;Paris_Archives_Nationales_JJ113_0083.jpg;True;2c7bda22a25acdc4eb46b08dfa85047b
https://api.irht.cnrs.fr/ark:/63955/f1ruw5rqihr9/manifest.json;https://arca.irht.cnrs.fr/iiif/128415/canvas/canvas-4390813;41v;https://iiif.irht.cnrs.fr/iiif/ark:/63955/ve1bmp22j09k/full/full/0/default.jpg;200;2384;3000;3760;4731;https://iiif.irht.cnrs.fr/iiif/ark:/63955/ve1bmp22j09k/full/1200,/0/default.jpg;200;1200;1510;https://iiif.irht.cnrs.fr/iiif/VOLUME1/France/Paris/Archives_nationales/FRAN_0021_JJ113/DEPOT/FRAN_0021_7536_A/full/full/0/default.jpg;https://iiif.irht.cnrs.fr/iiif/VOLUME1/France/Paris/Archives_nationales/FRAN_0021_JJ113/DEPOT/FRAN_0021_7536_A/full/1200,/0/default.jpg;Paris_Archives_Nationales_JJ113_0084.jpg;True;d24b3c947ce83d416b81886e1feaebab
https://api.irht.cnrs.fr/ark:/63955/f1ruw5rqihr9/manifest.json;https://arca.irht.cnrs.fr/iiif/128415/canvas/canvas-4390814;42r;https://iiif.irht.cnrs.fr/iiif/ark:/63955/vh84b3wrairl/full/full/0/default.jpg;200;2483;3000;3910;4725;https://iiif.irht.cnrs.fr/iiif/ark:/63955/vh84b3wrairl/full/1200,/0/default.jpg;200;1200;1450;https://iiif.irht.cnrs.fr/iiif/VOLUME1/France/Paris/Archives_nationales/FRAN_0021_JJ113/DEPOT/FRAN_0021_7537_A/full/full/0/default.jpg;https://iiif.irht.cnrs.fr/iiif/VOLUME1/France/Paris/Archives_nationales/FRAN_0021_JJ113/DEPOT/FRAN_0021_7537_A/full/1200,/0/default.jpg;Paris_Archives_Nationales_JJ113_0085.jpg;True;274d3651369a9c27cde36b0531b49f16
https://api.irht.cnrs.fr/ark:/63955/f1ruw5rqihr9/manifest.json;https://arca.irht.cnrs.fr/iiif/128415/canvas/canvas-4390815;42v;https://iiif.irht.cnrs.fr/iiif/ark:/63955/vhnnbyb02ee4/full/full/0/default.jpg;200;2372;3000;3760;4755;https://iiif.irht.cnrs.fr/iiif/ark:/63955/vhnnbyb02ee4/full/1200,/0/default.jpg;200;1200;1518;https://iiif.irht.cnrs.fr/iiif/VOLUME1/France/Paris/Archives_nationales/FRAN_0021_JJ113/DEPOT/FRAN_0021_7538_A/full/full/0/default.jpg;https://iiif.irht.cnrs.fr/iiif/VOLUME1/France/Paris/Archives_nationales/FRAN_0021_JJ113/DEPOT/FRAN_0021_7538_A/full/1200,/0/default.jpg;Paris_Archives_Nationales_JJ113_0086.jpg;True;01f6919f1172ffbdee28eca9fdfc7547
https://api.irht.cnrs.fr/ark:/63955/f1ruw5rqihr9/manifest.json;https://arca.irht.cnrs.fr/iiif/128415/canvas/canvas-4390816;43r;https://iiif.irht.cnrs.fr/iiif/ark:/63955/vp1ts3dtcybk/full/full/0/default.jpg;200;2459;3000;3892;4749;https://iiif.irht.cnrs.fr/iiif/ark:/63955/vp1ts3dtcybk/full/1200,/0/default.jpg;200;1200;1464;https://iiif.irht.cnrs.fr/iiif/VOLUME1/France/Paris/Archives_nationales/FRAN_0021_JJ113/DEPOT/FRAN_0021_7539_A/full/full/0/default.jpg;https://iiif.irht.cnrs.fr/iiif/VOLUME1/France/Paris/Archives_nationales/FRAN_0021_JJ113/DEPOT/FRAN_0021_7539_A/full/1200,/0/default.jpg;Paris_Archives_Nationales_JJ113_0087.jpg;True;59eb447e95c51d141e26640b0470f4da
https://api.irht.cnrs.fr/ark:/63955/f1ruw5rqihr9/manifest.json;https://arca.irht.cnrs.fr/iiif/128415/canvas/canvas-4390817;43v;https://iiif.irht.cnrs.fr/iiif/ark:/63955/v3mnzexh6iyt/full/full/0/default.jpg;200;2372;3000;3760;4755;https://iiif.irht.cnrs.fr/iiif/ark:/63955/v3mnzexh6iyt/full/1200,/0/default.jpg;200;1200;1518;https://iiif.irht.cnrs.fr/iiif/VOLUME1/France/Paris/Archives_nationales/FRAN_0021_JJ113/DEPOT/FRAN_0021_7540_A/full/full/0/default.jpg;https://iiif.irht.cnrs.fr/iiif/VOLUME1/France/Paris/Archives_nationales/FRAN_0021_JJ113/DEPOT/FRAN_0021_7540_A/full/1200,/0/default.jpg;Paris_Archives_Nationales_JJ113_0088.jpg;True;99b490ad74bdacf363c9074e9f40c561
https://api.irht.cnrs.fr/ark:/63955/f1ruw5rqihr9/manifest.json;https://arca.irht.cnrs.fr/iiif/128415/canvas/canvas-4390818;44r;https://iiif.irht.cnrs.fr/iiif/ark:/63955/v6arhauvoylq/full/full/0/default.jpg;200;2459;3000;3892;4749;https://iiif.irht.cnrs.fr/iiif/ark:/63955/v6arhauvoylq/full/1200,/0/default.jpg;200;1200;1464;https://iiif.irht.cnrs.fr/iiif/VOLUME1/France/Paris/Archives_nationales/FRAN_0021_JJ113/DEPOT/FRAN_0021_7541_A/full/full/0/default.jpg;https://iiif.irht.cnrs.fr/iiif/VOLUME1/France/Paris/Archives_nationales/FRAN_0021_JJ113/DEPOT/FRAN_0021_7541_A/full/1200,/0/default.jpg;Paris_Archives_Nationales_JJ113_0089.jpg;True;85bc5c4d60561aa0b932815bf881471e
https://api.irht.cnrs.fr/ark:/63955/f1ruw5rqihr9/manifest.json;https://arca.irht.cnrs.fr/iiif/128415/canvas/canvas-4390819;44v;https://iiif.irht.cnrs.fr/iiif/ark:/63955/vset5754iq75/full/full/0/default.jpg;200;2372;3000;3760;4755;https://iiif.irht.cnrs.fr/iiif/ark:/63955/vset5754iq75/full/1200,/0/default.jpg;200;1200;1518;https://iiif.irht.cnrs.fr/iiif/VOLUME1/France/Paris/Archives_nationales/FRAN_0021_JJ113/DEPOT/FRAN_0021_7542_A/full/full/0/default.jpg;https://iiif.irht.cnrs.fr/iiif/VOLUME1/France/Paris/Archives_nationales/FRAN_0021_JJ113/DEPOT/FRAN_0021_7542_A/full/1200,/0/default.jpg;Paris_Archives_Nationales_JJ113_0090.jpg;True;7e7c041fe2e4563f8ccb80e0c3399a69
https://api.irht.cnrs.fr/ark:/63955/f1ruw5rqihr9/manifest.json;https://arca.irht.cnrs.fr/iiif/128415/canvas/canvas-4390820;45r;https://iiif.irht.cnrs.fr/iiif/ark:/63955/vd6kboqunj0x/full/full/0/default.jpg;200;2459;3000;3892;4749;https://iiif.irht.cnrs.fr/iiif/ark:/63955/vd6kboqunj0x/full/1200,/0/default.jpg;200;1200;1464;https://iiif.irht.cnrs.fr/iiif/VOLUME1/France/Paris/Archives_nationales/FRAN_0021_JJ113/DEPOT/FRAN_0021_7543_A/full/full/0/default.jpg;https://iiif.irht.cnrs.fr/iiif/VOLUME1/France/Paris/Archives_nationales/FRAN_0021_JJ113/DEPOT/FRAN_0021_7543_A/full/1200,/0/default.jpg;Paris_Archives_Nationales_JJ113_0091.jpg;True;7c405826d09b67e472835f08054f4b81
https://api.irht.cnrs.fr/ark:/63955/f1ruw5rqihr9/manifest.json;https://arca.irht.cnrs.fr/iiif/128415/canvas/canvas-4390821;45v;https://iiif.irht.cnrs.fr/iiif/ark:/63955/vbh75dw3zmvd/full/full/0/default.jpg;200;2372;3000;3760;4755;https://iiif.irht.cnrs.fr/iiif/ark:/63955/vbh75dw3zmvd/full/1200,/0/default.jpg;200;1200;1518;https://iiif.irht.cnrs.fr/iiif/VOLUME1/France/Paris/Archives_nationales/FRAN_0021_JJ113/DEPOT/FRAN_0021_7544_A/full/full/0/default.jpg;https://iiif.irht.cnrs.fr/iiif/VOLUME1/France/Paris/Archives_nationales/FRAN_0021_JJ113/DEPOT/FRAN_0021_7544_A/full/1200,/0/default.jpg;Paris_Archives_Nationales_JJ113_0092.jpg;True;093040477bf1231950ae3fdb6d8540c9
https://api.irht.cnrs.fr/ark:/63955/f1ruw5rqihr9/manifest.json;https://arca.irht.cnrs.fr/iiif/128415/canvas/canvas-4390822;46r;https://iiif.irht.cnrs.fr/iiif/ark:/63955/vg1ll54bcapj/full/full/0/default.jpg;200;2459;3000;3892;4749;https://iiif.irht.cnrs.fr/iiif/ark:/63955/vg1ll54bcapj/full/1200,/0/default.jpg;200;1200;1464;https://iiif.irht.cnrs.fr/iiif/VOLUME1/France/Paris/Archives_nationales/FRAN_0021_JJ113/DEPOT/FRAN_0021_7545_A/full/full/0/default.jpg;https://iiif.irht.cnrs.fr/iiif/VOLUME1/France/Paris/Archives_nationales/FRAN_0021_JJ113/DEPOT/FRAN_0021_7545_A/full/1200,/0/default.jpg;Paris_Archives_Nationales_JJ113_0093.jpg;True;79e7d11ea8c375d0a57f0d972f222c90
https://api.irht.cnrs.fr/ark:/63955/f1ruw5rqihr9/manifest.json;https://arca.irht.cnrs.fr/iiif/128415/canvas/canvas-4390823;46v;https://iiif.irht.cnrs.fr/iiif/ark:/63955/vu17lvu4vsfd/full/full/0/default.jpg;200;2395;3000;3796;4755;https://iiif.irht.cnrs.fr/iiif/ark:/63955/vu17lvu4vsfd/full/1200,/0/default.jpg;200;1200;1503;https://iiif.irht.cnrs.fr/iiif/VOLUME1/France/Paris/Archives_nationales/FRAN_0021_JJ113/DEPOT/FRAN_0021_7546_A/full/full/0/default.jpg;https://iiif.irht.cnrs.fr/iiif/VOLUME1/France/Paris/Archives_nationales/FRAN_0021_JJ113/DEPOT/FRAN_0021_7546_A/full/1200,/0/default.jpg;Paris_Archives_Nationales_JJ113_0094.jpg;True;d6037f90b558765afc3a645d36011c32
https://api.irht.cnrs.fr/ark:/63955/f1ruw5rqihr9/manifest.json;https://arca.irht.cnrs.fr/iiif/128415/canvas/canvas-4390824;47r;https://iiif.irht.cnrs.fr/iiif/ark:/63955/vzkrwoqik4yl/full/full/0/default.jpg;200;2459;3000;3892;4749;https://iiif.irht.cnrs.fr/iiif/ark:/63955/vzkrwoqik4yl/full/1200,/0/default.jpg;200;1200;1464;https://iiif.irht.cnrs.fr/iiif/VOLUME1/France/Paris/Archives_nationales/FRAN_0021_JJ113/DEPOT/FRAN_0021_7547_A/full/full/0/default.jpg;https://iiif.irht.cnrs.fr/iiif/VOLUME1/France/Paris/Archives_nationales/FRAN_0021_JJ113/DEPOT/FRAN_0021_7547_A/full/1200,/0/default.jpg;Paris_Archives_Nationales_JJ113_0095.jpg;True;588c8307a710fa3fefe1d8ca6f68f7b6
https://api.irht.cnrs.fr/ark:/63955/f1ruw5rqihr9/manifest.json;https://arca.irht.cnrs.fr/iiif/128415/canvas/canvas-4390825;47v;https://iiif.irht.cnrs.fr/iiif/ark:/63955/vqkqvw35mm0n/full/full/0/default.jpg;200;2395;3000;3796;4755;https://iiif.irht.cnrs.fr/iiif/ark:/63955/vqkqvw35mm0n/full/1200,/0/default.jpg;200;1200;1503;https://iiif.irht.cnrs.fr/iiif/VOLUME1/France/Paris/Archives_nationales/FRAN_0021_JJ113/DEPOT/FRAN_0021_7548_A/full/full/0/default.jpg;https://iiif.irht.cnrs.fr/iiif/VOLUME1/France/Paris/Archives_nationales/FRAN_0021_JJ113/DEPOT/FRAN_0021_7548_A/full/1200,/0/default.jpg;Paris_Archives_Nationales_JJ113_0096.jpg;True;32cb334b8beddc6eca60568c65ad1856
https://api.irht.cnrs.fr/ark:/63955/f1ruw5rqihr9/manifest.json;https://arca.irht.cnrs.fr/iiif/128415/canvas/canvas-4390826;48r;https://iiif.irht.cnrs.fr/iiif/ark:/63955/vulippeh5shq/full/full/0/default.jpg;200;2459;3000;3892;4749;https://iiif.irht.cnrs.fr/iiif/ark:/63955/vulippeh5shq/full/1200,/0/default.jpg;200;1200;1464;https://iiif.irht.cnrs.fr/iiif/VOLUME1/France/Paris/Archives_nationales/FRAN_0021_JJ113/DEPOT/FRAN_0021_7549_A/full/full/0/default.jpg;https://iiif.irht.cnrs.fr/iiif/VOLUME1/France/Paris/Archives_nationales/FRAN_0021_JJ113/DEPOT/FRAN_0021_7549_A/full/1200,/0/default.jpg;Paris_Archives_Nationales_JJ113_0097.jpg;True;2d794350cd22e6125340c9a55a8ed5ff
https://api.irht.cnrs.fr/ark:/63955/f1ruw5rqihr9/manifest.json;https://arca.irht.cnrs.fr/iiif/128415/canvas/canvas-4390827;48v;https://iiif.irht.cnrs.fr/iiif/ark:/63955/vjdfawzfuk6f/full/full/0/default.jpg;200;2384;3000;3778;4755;https://iiif.irht.cnrs.fr/iiif/ark:/63955/vjdfawzfuk6f/full/1200,/0/default.jpg;200;1200;1510;https://iiif.irht.cnrs.fr/iiif/VOLUME1/France/Paris/Archives_nationales/FRAN_0021_JJ113/DEPOT/FRAN_0021_7550_A/full/full/0/default.jpg;https://iiif.irht.cnrs.fr/iiif/VOLUME1/France/Paris/Archives_nationales/FRAN_0021_JJ113/DEPOT/FRAN_0021_7550_A/full/1200,/0/default.jpg;Paris_Archives_Nationales_JJ113_0098.jpg;True;01e19dbdf47940329bf287d42cb69e47
https://api.irht.cnrs.fr/ark:/63955/f1ruw5rqihr9/manifest.json;https://arca.irht.cnrs.fr/iiif/128415/canvas/canvas-4390828;49r;https://iiif.irht.cnrs.fr/iiif/ark:/63955/vb1cf7y27lwt/full/full/0/default.jpg;200;2459;3000;3892;4749;https://iiif.irht.cnrs.fr/iiif/ark:/63955/vb1cf7y27lwt/full/1200,/0/default.jpg;200;1200;1464;https://iiif.irht.cnrs.fr/iiif/VOLUME1/France/Paris/Archives_nationales/FRAN_0021_JJ113/DEPOT/FRAN_0021_7551_A/full/full/0/default.jpg;https://iiif.irht.cnrs.fr/iiif/VOLUME1/France/Paris/Archives_nationales/FRAN_0021_JJ113/DEPOT/FRAN_0021_7551_A/full/1200,/0/default.jpg;Paris_Archives_Nationales_JJ113_0099.jpg;True;833316967cf2508469b1f927ee5c5768
https://api.irht.cnrs.fr/ark:/63955/f1ruw5rqihr9/manifest.json;https://arca.irht.cnrs.fr/iiif/128415/canvas/canvas-4390829;49v;https://iiif.irht.cnrs.fr/iiif/ark:/63955/v4mij3oblfvy/full/full/0/default.jpg;200;2384;3000;3778;4755;https://iiif.irht.cnrs.fr/iiif/ark:/63955/v4mij3oblfvy/full/1200,/0/default.jpg;200;1200;1510;https://iiif.irht.cnrs.fr/iiif/VOLUME1/France/Paris/Archives_nationales/FRAN_0021_JJ113/DEPOT/FRAN_0021_7552_A/full/full/0/default.jpg;https://iiif.irht.cnrs.fr/iiif/VOLUME1/France/Paris/Archives_nationales/FRAN_0021_JJ113/DEPOT/FRAN_0021_7552_A/full/1200,/0/default.jpg;Paris_Archives_Nationales_JJ113_0100.jpg;True;ee623d3d988ee81cf9e3aac3960b5324
https://api.irht.cnrs.fr/ark:/63955/f1ruw5rqihr9/manifest.json;https://arca.irht.cnrs.fr/iiif/128415/canvas/canvas-4390830;50r;https://iiif.irht.cnrs.fr/iiif/ark:/63955/vu6vtmqet5pv/full/full/0/default.jpg;200;2459;3000;3892;4749;https://iiif.irht.cnrs.fr/iiif/ark:/63955/vu6vtmqet5pv/full/1200,/0/default.jpg;200;1200;1464;https://iiif.irht.cnrs.fr/iiif/VOLUME1/France/Paris/Archives_nationales/FRAN_0021_JJ113/DEPOT/FRAN_0021_7553_A/full/full/0/default.jpg;https://iiif.irht.cnrs.fr/iiif/VOLUME1/France/Paris/Archives_nationales/FRAN_0021_JJ113/DEPOT/FRAN_0021_7553_A/full/1200,/0/default.jpg;Paris_Archives_Nationales_JJ113_0101.jpg;True;619566f54b78da6df303ed082d04d546
https://api.irht.cnrs.fr/ark:/63955/f1ruw5rqihr9/manifest.json;https://arca.irht.cnrs.fr/iiif/128415/canvas/canvas-4390831;50v;https://iiif.irht.cnrs.fr/iiif/ark:/63955/vh52f7a1436q/full/full/0/default.jpg;200;2393;3000;3778;4737;https://iiif.irht.cnrs.fr/iiif/ark:/63955/vh52f7a1436q/full/1200,/0/default.jpg;200;1200;1505;https://iiif.irht.cnrs.fr/iiif/VOLUME1/France/Paris/Archives_nationales/FRAN_0021_JJ113/DEPOT/FRAN_0021_7554_A/full/full/0/default.jpg;https://iiif.irht.cnrs.fr/iiif/VOLUME1/France/Paris/Archives_nationales/FRAN_0021_JJ113/DEPOT/FRAN_0021_7554_A/full/1200,/0/default.jpg;Paris_Archives_Nationales_JJ113_0102.jpg;True;679e250c8da022846a82eab7976364e6
https://api.irht.cnrs.fr/ark:/63955/f1ruw5rqihr9/manifest.json;https://arca.irht.cnrs.fr/iiif/128415/canvas/canvas-4390832;51r;https://iiif.irht.cnrs.fr/iiif/ark:/63955/vmpub1fqxek4/full/full/0/default.jpg;200;2459;3000;3892;4749;https://iiif.irht.cnrs.fr/iiif/ark:/63955/vmpub1fqxek4/full/1200,/0/default.jpg;200;1200;1464;https://iiif.irht.cnrs.fr/iiif/VOLUME1/France/Paris/Archives_nationales/FRAN_0021_JJ113/DEPOT/FRAN_0021_7555_A/full/full/0/default.jpg;https://iiif.irht.cnrs.fr/iiif/VOLUME1/France/Paris/Archives_nationales/FRAN_0021_JJ113/DEPOT/FRAN_0021_7555_A/full/1200,/0/default.jpg;Paris_Archives_Nationales_JJ113_0103.jpg;True;bf15454477605d536ac3240c7c0b95e3
https://api.irht.cnrs.fr/ark:/63955/f1ruw5rqihr9/manifest.json;https://arca.irht.cnrs.fr/iiif/128415/canvas/canvas-4390833;51v;https://iiif.irht.cnrs.fr/iiif/ark:/63955/v9drzsk5ifmn/full/full/0/default.jpg;200;2393;3000;3778;4737;https://iiif.irht.cnrs.fr/iiif/ark:/63955/v9drzsk5ifmn/full/1200,/0/default.jpg;200;1200;1505;https://iiif.irht.cnrs.fr/iiif/VOLUME1/France/Paris/Archives_nationales/FRAN_0021_JJ113/DEPOT/FRAN_0021_7556_A/full/full/0/default.jpg;https://iiif.irht.cnrs.fr/iiif/VOLUME1/France/Paris/Archives_nationales/FRAN_0021_JJ113/DEPOT/FRAN_0021_7556_A/full/1200,/0/default.jpg;Paris_Archives_Nationales_JJ113_0104.jpg;True;e2a54e6ed62766fa4d335d809f5a1d7c
https://api.irht.cnrs.fr/ark:/63955/f1ruw5rqihr9/manifest.json;https://arca.irht.cnrs.fr/iiif/128415/canvas/canvas-4390834;52r;https://iiif.irht.cnrs.fr/iiif/ark:/63955/vi2us4ywapj0/full/full/0/default.jpg;200;2459;3000;3892;4749;https://iiif.irht.cnrs.fr/iiif/ark:/63955/vi2us4ywapj0/full/1200,/0/default.jpg;200;1200;1464;https://iiif.irht.cnrs.fr/iiif/VOLUME1/France/Paris/Archives_nationales/FRAN_0021_JJ113/DEPOT/FRAN_0021_7557_A/full/full/0/default.jpg;https://iiif.irht.cnrs.fr/iiif/VOLUME1/France/Paris/Archives_nationales/FRAN_0021_JJ113/DEPOT/FRAN_0021_7557_A/full/1200,/0/default.jpg;Paris_Archives_Nationales_JJ113_0105.jpg;True;b8d1ea327653d54fcff1bd443ae8c106
https://api.irht.cnrs.fr/ark:/63955/f1ruw5rqihr9/manifest.json;https://arca.irht.cnrs.fr/iiif/128415/canvas/canvas-4390835;52v;https://iiif.irht.cnrs.fr/iiif/ark:/63955/vju2yk0d45mi/full/full/0/default.jpg;200;2393;3000;3778;4737;https://iiif.irht.cnrs.fr/iiif/ark:/63955/vju2yk0d45mi/full/1200,/0/default.jpg;200;1200;1505;https://iiif.irht.cnrs.fr/iiif/VOLUME1/France/Paris/Archives_nationales/FRAN_0021_JJ113/DEPOT/FRAN_0021_7558_A/full/full/0/default.jpg;https://iiif.irht.cnrs.fr/iiif/VOLUME1/France/Paris/Archives_nationales/FRAN_0021_JJ113/DEPOT/FRAN_0021_7558_A/full/1200,/0/default.jpg;Paris_Archives_Nationales_JJ113_0106.jpg;True;118c72e72efc5cc5ac385365b9318111
https://api.irht.cnrs.fr/ark:/63955/f1ruw5rqihr9/manifest.json;https://arca.irht.cnrs.fr/iiif/128415/canvas/canvas-4390836;53r;https://iiif.irht.cnrs.fr/iiif/ark:/63955/vwmahrswdffg/full/full/0/default.jpg;200;2432;3000;3850;4749;https://iiif.irht.cnrs.fr/iiif/ark:/63955/vwmahrswdffg/full/1200,/0/default.jpg;200;1200;1480;https://iiif.irht.cnrs.fr/iiif/VOLUME1/France/Paris/Archives_nationales/FRAN_0021_JJ113/DEPOT/FRAN_0021_7559_A/full/full/0/default.jpg;https://iiif.irht.cnrs.fr/iiif/VOLUME1/France/Paris/Archives_nationales/FRAN_0021_JJ113/DEPOT/FRAN_0021_7559_A/full/1200,/0/default.jpg;Paris_Archives_Nationales_JJ113_0107.jpg;True;7bfaaf0322ab00388aaa895ffe2b6be9
https://api.irht.cnrs.fr/ark:/63955/f1ruw5rqihr9/manifest.json;https://arca.irht.cnrs.fr/iiif/128415/canvas/canvas-4390837;53v;https://iiif.irht.cnrs.fr/iiif/ark:/63955/va8k94vynwhi/full/full/0/default.jpg;200;2393;3000;3778;4737;https://iiif.irht.cnrs.fr/iiif/ark:/63955/va8k94vynwhi/full/1200,/0/default.jpg;200;1200;1505;https://iiif.irht.cnrs.fr/iiif/VOLUME1/France/Paris/Archives_nationales/FRAN_0021_JJ113/DEPOT/FRAN_0021_7560_A/full/full/0/default.jpg;https://iiif.irht.cnrs.fr/iiif/VOLUME1/France/Paris/Archives_nationales/FRAN_0021_JJ113/DEPOT/FRAN_0021_7560_A/full/1200,/0/default.jpg;Paris_Archives_Nationales_JJ113_0108.jpg;True;8b8d1816d86a4ce201f57d9c4252c7b9
https://api.irht.cnrs.fr/ark:/63955/f1ruw5rqihr9/manifest.json;https://arca.irht.cnrs.fr/iiif/128415/canvas/canvas-4390838;54r;https://iiif.irht.cnrs.fr/iiif/ark:/63955/vzg20t75gq12/full/full/0/default.jpg;200;2432;3000;3850;4749;https://iiif.irht.cnrs.fr/iiif/ark:/63955/vzg20t75gq12/full/1200,/0/default.jpg;200;1200;1480;https://iiif.irht.cnrs.fr/iiif/VOLUME1/France/Paris/Archives_nationales/FRAN_0021_JJ113/DEPOT/FRAN_0021_7561_A/full/full/0/default.jpg;https://iiif.irht.cnrs.fr/iiif/VOLUME1/France/Paris/Archives_nationales/FRAN_0021_JJ113/DEPOT/FRAN_0021_7561_A/full/1200,/0/default.jpg;Paris_Archives_Nationales_JJ113_0109.jpg;True;fa8280c163afb2258183a20016aab9ba
https://api.irht.cnrs.fr/ark:/63955/f1ruw5rqihr9/manifest.json;https://arca.irht.cnrs.fr/iiif/128415/canvas/canvas-4390839;54v;https://iiif.irht.cnrs.fr/iiif/ark:/63955/v0iutf89uok3/full/full/0/default.jpg;200;2446;3000;3862;4737;https://iiif.irht.cnrs.fr/iiif/ark:/63955/v0iutf89uok3/full/1200,/0/default.jpg;200;1200;1472;https://iiif.irht.cnrs.fr/iiif/VOLUME1/France/Paris/Archives_nationales/FRAN_0021_JJ113/DEPOT/FRAN_0021_7562_A/full/full/0/default.jpg;https://iiif.irht.cnrs.fr/iiif/VOLUME1/France/Paris/Archives_nationales/FRAN_0021_JJ113/DEPOT/FRAN_0021_7562_A/full/1200,/0/default.jpg;Paris_Archives_Nationales_JJ113_0110.jpg;True;767df691516b384afc9bedd81731ca36
https://api.irht.cnrs.fr/ark:/63955/f1ruw5rqihr9/manifest.json;https://arca.irht.cnrs.fr/iiif/128415/canvas/canvas-4390840;55r;https://iiif.irht.cnrs.fr/iiif/ark:/63955/v9t75rv29d2p/full/full/0/default.jpg;200;2417;3000;3826;4749;https://iiif.irht.cnrs.fr/iiif/ark:/63955/v9t75rv29d2p/full/1200,/0/default.jpg;200;1200;1489;https://iiif.irht.cnrs.fr/iiif/VOLUME1/France/Paris/Archives_nationales/FRAN_0021_JJ113/DEPOT/FRAN_0021_7563_A/full/full/0/default.jpg;https://iiif.irht.cnrs.fr/iiif/VOLUME1/France/Paris/Archives_nationales/FRAN_0021_JJ113/DEPOT/FRAN_0021_7563_A/full/1200,/0/default.jpg;Paris_Archives_Nationales_JJ113_0111.jpg;True;e12b42237d3fbee971b0deb8d5a7403e
https://api.irht.cnrs.fr/ark:/63955/f1ruw5rqihr9/manifest.json;https://arca.irht.cnrs.fr/iiif/128415/canvas/canvas-4390841;55v;https://iiif.irht.cnrs.fr/iiif/ark:/63955/vg2jn8zd92es/full/full/0/default.jpg;200;2374;3000;3748;4737;https://iiif.irht.cnrs.fr/iiif/ark:/63955/vg2jn8zd92es/full/1200,/0/default.jpg;200;1200;1517;https://iiif.irht.cnrs.fr/iiif/VOLUME1/France/Paris/Archives_nationales/FRAN_0021_JJ113/DEPOT/FRAN_0021_7564_A/full/full/0/default.jpg;https://iiif.irht.cnrs.fr/iiif/VOLUME1/France/Paris/Archives_nationales/FRAN_0021_JJ113/DEPOT/FRAN_0021_7564_A/full/1200,/0/default.jpg;Paris_Archives_Nationales_JJ113_0112.jpg;True;248d40130954843d5f3e8de5b3b87926
https://api.irht.cnrs.fr/ark:/63955/f1ruw5rqihr9/manifest.json;https://arca.irht.cnrs.fr/iiif/128415/canvas/canvas-4390842;56r;https://iiif.irht.cnrs.fr/iiif/ark:/63955/vx885i3u263v/full/full/0/default.jpg;200;2453;3000;3898;4767;https://iiif.irht.cnrs.fr/iiif/ark:/63955/vx885i3u263v/full/1200,/0/default.jpg;200;1200;1468;https://iiif.irht.cnrs.fr/iiif/VOLUME1/France/Paris/Archives_nationales/FRAN_0021_JJ113/DEPOT/FRAN_0021_7565_A/full/full/0/default.jpg;https://iiif.irht.cnrs.fr/iiif/VOLUME1/France/Paris/Archives_nationales/FRAN_0021_JJ113/DEPOT/FRAN_0021_7565_A/full/1200,/0/default.jpg;Paris_Archives_Nationales_JJ113_0113.jpg;True;c40af6d2b556f674e1ec3ac00f6a5a3c
https://api.irht.cnrs.fr/ark:/63955/f1ruw5rqihr9/manifest.json;https://arca.irht.cnrs.fr/iiif/128415/canvas/canvas-4390843;56v;https://iiif.irht.cnrs.fr/iiif/ark:/63955/ve9n9cwnem3h/full/full/0/default.jpg;200;2351;3000;3712;4737;https://iiif.irht.cnrs.fr/iiif/ark:/63955/ve9n9cwnem3h/full/1200,/0/default.jpg;200;1200;1531;https://iiif.irht.cnrs.fr/iiif/VOLUME1/France/Paris/Archives_nationales/FRAN_0021_JJ113/DEPOT/FRAN_0021_7566_A/full/full/0/default.jpg;https://iiif.irht.cnrs.fr/iiif/VOLUME1/France/Paris/Archives_nationales/FRAN_0021_JJ113/DEPOT/FRAN_0021_7566_A/full/1200,/0/default.jpg;Paris_Archives_Nationales_JJ113_0114.jpg;True;c2a4ea10e55acad202a76a7c80b4952b
https://api.irht.cnrs.fr/ark:/63955/f1ruw5rqihr9/manifest.json;https://arca.irht.cnrs.fr/iiif/128415/canvas/canvas-4390844;57r;https://iiif.irht.cnrs.fr/iiif/ark:/63955/v5rp55z8ks5s/full/full/0/default.jpg;200;2459;3000;3898;4755;https://iiif.irht.cnrs.fr/iiif/ark:/63955/v5rp55z8ks5s/full/1200,/0/default.jpg;200;1200;1464;https://iiif.irht.cnrs.fr/iiif/VOLUME1/France/Paris/Archives_nationales/FRAN_0021_JJ113/DEPOT/FRAN_0021_7567_A/full/full/0/default.jpg;https://iiif.irht.cnrs.fr/iiif/VOLUME1/France/Paris/Archives_nationales/FRAN_0021_JJ113/DEPOT/FRAN_0021_7567_A/full/1200,/0/default.jpg;Paris_Archives_Nationales_JJ113_0115.jpg;True;221412a94b255290fb6579e983da18af
https://api.irht.cnrs.fr/ark:/63955/f1ruw5rqihr9/manifest.json;https://arca.irht.cnrs.fr/iiif/128415/canvas/canvas-4390845;57v;https://iiif.irht.cnrs.fr/iiif/ark:/63955/v0aa44ca88oi/full/full/0/default.jpg;200;2384;3000;3784;4761;https://iiif.irht.cnrs.fr/iiif/ark:/63955/v0aa44ca88oi/full/1200,/0/default.jpg;200;1200;1510;https://iiif.irht.cnrs.fr/iiif/VOLUME1/France/Paris/Archives_nationales/FRAN_0021_JJ113/DEPOT/FRAN_0021_7568_A/full/full/0/default.jpg;https://iiif.irht.cnrs.fr/iiif/VOLUME1/France/Paris/Archives_nationales/FRAN_0021_JJ113/DEPOT/FRAN_0021_7568_A/full/1200,/0/default.jpg;Paris_Archives_Nationales_JJ113_0116.jpg;True;cedbff5b405799cef61e429746bbdaa4
https://api.irht.cnrs.fr/ark:/63955/f1ruw5rqihr9/manifest.json;https://arca.irht.cnrs.fr/iiif/128415/canvas/canvas-4390846;58r;https://iiif.irht.cnrs.fr/iiif/ark:/63955/vvyusm9eqrji/full/full/0/default.jpg;200;2459;3000;3898;4755;https://iiif.irht.cnrs.fr/iiif/ark:/63955/vvyusm9eqrji/full/1200,/0/default.jpg;200;1200;1464;https://iiif.irht.cnrs.fr/iiif/VOLUME1/France/Paris/Archives_nationales/FRAN_0021_JJ113/DEPOT/FRAN_0021_7569_A/full/full/0/default.jpg;https://iiif.irht.cnrs.fr/iiif/VOLUME1/France/Paris/Archives_nationales/FRAN_0021_JJ113/DEPOT/FRAN_0021_7569_A/full/1200,/0/default.jpg;Paris_Archives_Nationales_JJ113_0117.jpg;True;78b8ec7177695aca018a426c62ba9b57
https://api.irht.cnrs.fr/ark:/63955/f1ruw5rqihr9/manifest.json;https://arca.irht.cnrs.fr/iiif/128415/canvas/canvas-4390847;58v;https://iiif.irht.cnrs.fr/iiif/ark:/63955/vgpnfx88208d/full/full/0/default.jpg;200;2384;3000;3784;4761;https://iiif.irht.cnrs.fr/iiif/ark:/63955/vgpnfx88208d/full/1200,/0/default.jpg;200;1200;1510;https://iiif.irht.cnrs.fr/iiif/VOLUME1/France/Paris/Archives_nationales/FRAN_0021_JJ113/DEPOT/FRAN_0021_7570_A/full/full/0/default.jpg;https://iiif.irht.cnrs.fr/iiif/VOLUME1/France/Paris/Archives_nationales/FRAN_0021_JJ113/DEPOT/FRAN_0021_7570_A/full/1200,/0/default.jpg;Paris_Archives_Nationales_JJ113_0118.jpg;True;465247bd9e17794e8bdae37e15989fae
https://api.irht.cnrs.fr/ark:/63955/f1ruw5rqihr9/manifest.json;https://arca.irht.cnrs.fr/iiif/128415/canvas/canvas-4390848;59r;https://iiif.irht.cnrs.fr/iiif/ark:/63955/vbcionrxc9tb/full/full/0/default.jpg;200;2459;3000;3898;4755;https://iiif.irht.cnrs.fr/iiif/ark:/63955/vbcionrxc9tb/full/1200,/0/default.jpg;200;1200;1464;https://iiif.irht.cnrs.fr/iiif/VOLUME1/France/Paris/Archives_nationales/FRAN_0021_JJ113/DEPOT/FRAN_0021_7571_A/full/full/0/default.jpg;https://iiif.irht.cnrs.fr/iiif/VOLUME1/France/Paris/Archives_nationales/FRAN_0021_JJ113/DEPOT/FRAN_0021_7571_A/full/1200,/0/default.jpg;Paris_Archives_Nationales_JJ113_0119.jpg;True;0ee5ac6cddf44bc7d57be1a93679e2c1
https://api.irht.cnrs.fr/ark:/63955/f1ruw5rqihr9/manifest.json;https://arca.irht.cnrs.fr/iiif/128415/canvas/canvas-4390849;59v;https://iiif.irht.cnrs.fr/iiif/ark:/63955/v4lxezo5j6m8/full/full/0/default.jpg;200;2384;3000;3784;4761;https://iiif.irht.cnrs.fr/iiif/ark:/63955/v4lxezo5j6m8/full/1200,/0/default.jpg;200;1200;1510;https://iiif.irht.cnrs.fr/iiif/VOLUME1/France/Paris/Archives_nationales/FRAN_0021_JJ113/DEPOT/FRAN_0021_7572_A/full/full/0/default.jpg;https://iiif.irht.cnrs.fr/iiif/VOLUME1/France/Paris/Archives_nationales/FRAN_0021_JJ113/DEPOT/FRAN_0021_7572_A/full/1200,/0/default.jpg;Paris_Archives_Nationales_JJ113_0120.jpg;True;9d3a0cb17c45db1d511e976fb86691d9
https://api.irht.cnrs.fr/ark:/63955/f1ruw5rqihr9/manifest.json;https://arca.irht.cnrs.fr/iiif/128415/canvas/canvas-4390850;60r;https://iiif.irht.cnrs.fr/iiif/ark:/63955/vu262a93imev/full/full/0/default.jpg;200;2421;3000;3838;4755;https://iiif.irht.cnrs.fr/iiif/ark:/63955/vu262a93imev/full/1200,/0/default.jpg;200;1200;1487;https://iiif.irht.cnrs.fr/iiif/VOLUME1/France/Paris/Archives_nationales/FRAN_0021_JJ113/DEPOT/FRAN_0021_7573_A/full/full/0/default.jpg;https://iiif.irht.cnrs.fr/iiif/VOLUME1/France/Paris/Archives_nationales/FRAN_0021_JJ113/DEPOT/FRAN_0021_7573_A/full/1200,/0/default.jpg;Paris_Archives_Nationales_JJ113_0121.jpg;True;c28380eb51cc79ec2a71283da48a5fc3
https://api.irht.cnrs.fr/ark:/63955/f1ruw5rqihr9/manifest.json;https://arca.irht.cnrs.fr/iiif/128415/canvas/canvas-4390851;60v;https://iiif.irht.cnrs.fr/iiif/ark:/63955/v53iw0v6t6be/full/full/0/default.jpg;200;2384;3000;3784;4761;https://iiif.irht.cnrs.fr/iiif/ark:/63955/v53iw0v6t6be/full/1200,/0/default.jpg;200;1200;1510;https://iiif.irht.cnrs.fr/iiif/VOLUME1/France/Paris/Archives_nationales/FRAN_0021_JJ113/DEPOT/FRAN_0021_7574_A/full/full/0/default.jpg;https://iiif.irht.cnrs.fr/iiif/VOLUME1/France/Paris/Archives_nationales/FRAN_0021_JJ113/DEPOT/FRAN_0021_7574_A/full/1200,/0/default.jpg;Paris_Archives_Nationales_JJ113_0122.jpg;True;c3450c806a098935bad133fb593c61c5
https://api.irht.cnrs.fr/ark:/63955/f1ruw5rqihr9/manifest.json;https://arca.irht.cnrs.fr/iiif/128415/canvas/canvas-4390852;61r;https://iiif.irht.cnrs.fr/iiif/ark:/63955/v4qesvyzh7tk/full/full/0/default.jpg;200;2421;3000;3838;4755;https://iiif.irht.cnrs.fr/iiif/ark:/63955/v4qesvyzh7tk/full/1200,/0/default.jpg;200;1200;1487;https://iiif.irht.cnrs.fr/iiif/VOLUME1/France/Paris/Archives_nationales/FRAN_0021_JJ113/DEPOT/FRAN_0021_7575_A/full/full/0/default.jpg;https://iiif.irht.cnrs.fr/iiif/VOLUME1/France/Paris/Archives_nationales/FRAN_0021_JJ113/DEPOT/FRAN_0021_7575_A/full/1200,/0/default.jpg;Paris_Archives_Nationales_JJ113_0123.jpg;True;4c26d83f269cc9f38ee166806a221e50
https://api.irht.cnrs.fr/ark:/63955/f1ruw5rqihr9/manifest.json;https://arca.irht.cnrs.fr/iiif/128415/canvas/canvas-4390853;61v;https://iiif.irht.cnrs.fr/iiif/ark:/63955/vewunzd9e8fh/full/full/0/default.jpg;200;2361;3000;3766;4785;https://iiif.irht.cnrs.fr/iiif/ark:/63955/vewunzd9e8fh/full/1200,/0/default.jpg;200;1200;1525;https://iiif.irht.cnrs.fr/iiif/VOLUME1/France/Paris/Archives_nationales/FRAN_0021_JJ113/DEPOT/FRAN_0021_7576_A/full/full/0/default.jpg;https://iiif.irht.cnrs.fr/iiif/VOLUME1/France/Paris/Archives_nationales/FRAN_0021_JJ113/DEPOT/FRAN_0021_7576_A/full/1200,/0/default.jpg;Paris_Archives_Nationales_JJ113_0124.jpg;True;3192b381c32403de02e802e09266d005
https://api.irht.cnrs.fr/ark:/63955/f1ruw5rqihr9/manifest.json;https://arca.irht.cnrs.fr/iiif/128415/canvas/canvas-4390854;62r;https://iiif.irht.cnrs.fr/iiif/ark:/63955/vrbimibttqxj/full/full/0/default.jpg;200;2440;3000;3868;4755;https://iiif.irht.cnrs.fr/iiif/ark:/63955/vrbimibttqxj/full/1200,/0/default.jpg;200;1200;1475;https://iiif.irht.cnrs.fr/iiif/VOLUME1/France/Paris/Archives_nationales/FRAN_0021_JJ113/DEPOT/FRAN_0021_7577_A/full/full/0/default.jpg;https://iiif.irht.cnrs.fr/iiif/VOLUME1/France/Paris/Archives_nationales/FRAN_0021_JJ113/DEPOT/FRAN_0021_7577_A/full/1200,/0/default.jpg;Paris_Archives_Nationales_JJ113_0125.jpg;True;e8e93103632ec1c2693b76186f1f3f91
https://api.irht.cnrs.fr/ark:/63955/f1ruw5rqihr9/manifest.json;https://arca.irht.cnrs.fr/iiif/128415/canvas/canvas-4390855;62v;https://iiif.irht.cnrs.fr/iiif/ark:/63955/v5pf3pxbihpf/full/full/0/default.jpg;200;2361;3000;3766;4785;https://iiif.irht.cnrs.fr/iiif/ark:/63955/v5pf3pxbihpf/full/1200,/0/default.jpg;200;1200;1525;https://iiif.irht.cnrs.fr/iiif/VOLUME1/France/Paris/Archives_nationales/FRAN_0021_JJ113/DEPOT/FRAN_0021_7578_A/full/full/0/default.jpg;https://iiif.irht.cnrs.fr/iiif/VOLUME1/France/Paris/Archives_nationales/FRAN_0021_JJ113/DEPOT/FRAN_0021_7578_A/full/1200,/0/default.jpg;Paris_Archives_Nationales_JJ113_0126.jpg;True;52f45766c7160f600be7e3f6a8fc752a
https://api.irht.cnrs.fr/ark:/63955/f1ruw5rqihr9/manifest.json;https://arca.irht.cnrs.fr/iiif/128415/canvas/canvas-4390856;63r;https://iiif.irht.cnrs.fr/iiif/ark:/63955/vbcfomtx1bod/full/full/0/default.jpg;200;2440;3000;3868;4755;https://iiif.irht.cnrs.fr/iiif/ark:/63955/vbcfomtx1bod/full/1200,/0/default.jpg;200;1200;1475;https://iiif.irht.cnrs.fr/iiif/VOLUME1/France/Paris/Archives_nationales/FRAN_0021_JJ113/DEPOT/FRAN_0021_7579_A/full/full/0/default.jpg;https://iiif.irht.cnrs.fr/iiif/VOLUME1/France/Paris/Archives_nationales/FRAN_0021_JJ113/DEPOT/FRAN_0021_7579_A/full/1200,/0/default.jpg;Paris_Archives_Nationales_JJ113_0127.jpg;True;0c06b0989e8e04936f61af80d1a833f7
https://api.irht.cnrs.fr/ark:/63955/f1ruw5rqihr9/manifest.json;https://arca.irht.cnrs.fr/iiif/128415/canvas/canvas-4390857;63v;https://iiif.irht.cnrs.fr/iiif/ark:/63955/vtbv44ov180r/full/full/0/default.jpg;200;2361;3000;3766;4785;https://iiif.irht.cnrs.fr/iiif/ark:/63955/vtbv44ov180r/full/1200,/0/default.jpg;200;1200;1525;https://iiif.irht.cnrs.fr/iiif/VOLUME1/France/Paris/Archives_nationales/FRAN_0021_JJ113/DEPOT/FRAN_0021_7580_A/full/full/0/default.jpg;https://iiif.irht.cnrs.fr/iiif/VOLUME1/France/Paris/Archives_nationales/FRAN_0021_JJ113/DEPOT/FRAN_0021_7580_A/full/1200,/0/default.jpg;Paris_Archives_Nationales_JJ113_0128.jpg;True;63abfdae09b0f429ebe665c4cc3aaa74
https://api.irht.cnrs.fr/ark:/63955/f1ruw5rqihr9/manifest.json;https://arca.irht.cnrs.fr/iiif/128415/canvas/canvas-4390858;64r;https://iiif.irht.cnrs.fr/iiif/ark:/63955/vn4glfz25eeh/full/full/0/default.jpg;200;2440;3000;3868;4755;https://iiif.irht.cnrs.fr/iiif/ark:/63955/vn4glfz25eeh/full/1200,/0/default.jpg;200;1200;1475;https://iiif.irht.cnrs.fr/iiif/VOLUME1/France/Paris/Archives_nationales/FRAN_0021_JJ113/DEPOT/FRAN_0021_7581_A/full/full/0/default.jpg;https://iiif.irht.cnrs.fr/iiif/VOLUME1/France/Paris/Archives_nationales/FRAN_0021_JJ113/DEPOT/FRAN_0021_7581_A/full/1200,/0/default.jpg;Paris_Archives_Nationales_JJ113_0129.jpg;True;750fbcafde87677d609c18f3ff789430
https://api.irht.cnrs.fr/ark:/63955/f1ruw5rqihr9/manifest.json;https://arca.irht.cnrs.fr/iiif/128415/canvas/canvas-4390859;64v;https://iiif.irht.cnrs.fr/iiif/ark:/63955/vt34n06zpjs1/full/full/0/default.jpg;200;2361;3000;3766;4785;https://iiif.irht.cnrs.fr/iiif/ark:/63955/vt34n06zpjs1/full/1200,/0/default.jpg;200;1200;1525;https://iiif.irht.cnrs.fr/iiif/VOLUME1/France/Paris/Archives_nationales/FRAN_0021_JJ113/DEPOT/FRAN_0021_7582_A/full/full/0/default.jpg;https://iiif.irht.cnrs.fr/iiif/VOLUME1/France/Paris/Archives_nationales/FRAN_0021_JJ113/DEPOT/FRAN_0021_7582_A/full/1200,/0/default.jpg;Paris_Archives_Nationales_JJ113_0130.jpg;True;c729b59d869bc7c341db71704a5132b7
https://api.irht.cnrs.fr/ark:/63955/f1ruw5rqihr9/manifest.json;https://arca.irht.cnrs.fr/iiif/128415/canvas/canvas-4390860;65r;https://iiif.irht.cnrs.fr/iiif/ark:/63955/vex53s7csz0x/full/full/0/default.jpg;200;2429;3000;3850;4755;https://iiif.irht.cnrs.fr/iiif/ark:/63955/vex53s7csz0x/full/1200,/0/default.jpg;200;1200;1482;https://iiif.irht.cnrs.fr/iiif/VOLUME1/France/Paris/Archives_nationales/FRAN_0021_JJ113/DEPOT/FRAN_0021_7583_A/full/full/0/default.jpg;https://iiif.irht.cnrs.fr/iiif/VOLUME1/France/Paris/Archives_nationales/FRAN_0021_JJ113/DEPOT/FRAN_0021_7583_A/full/1200,/0/default.jpg;Paris_Archives_Nationales_JJ113_0131.jpg;True;bef9a04a7fe0b373619779867c2ba1db
https://api.irht.cnrs.fr/ark:/63955/f1ruw5rqihr9/manifest.json;https://arca.irht.cnrs.fr/iiif/128415/canvas/canvas-4390861;65v;https://iiif.irht.cnrs.fr/iiif/ark:/63955/vglcgoiu20o5/full/full/0/default.jpg;200;2361;3000;3766;4785;https://iiif.irht.cnrs.fr/iiif/ark:/63955/vglcgoiu20o5/full/1200,/0/default.jpg;200;1200;1525;https://iiif.irht.cnrs.fr/iiif/VOLUME1/France/Paris/Archives_nationales/FRAN_0021_JJ113/DEPOT/FRAN_0021_7584_A/full/full/0/default.jpg;https://iiif.irht.cnrs.fr/iiif/VOLUME1/France/Paris/Archives_nationales/FRAN_0021_JJ113/DEPOT/FRAN_0021_7584_A/full/1200,/0/default.jpg;Paris_Archives_Nationales_JJ113_0132.jpg;True;6daf5e850c9e658acf6060f7b2914417
https://api.irht.cnrs.fr/ark:/63955/f1ruw5rqihr9/manifest.json;https://arca.irht.cnrs.fr/iiif/128415/canvas/canvas-4390862;66r;https://iiif.irht.cnrs.fr/iiif/ark:/63955/v4c6abvu4w91/full/full/0/default.jpg;200;2418;3000;3832;4755;https://iiif.irht.cnrs.fr/iiif/ark:/63955/v4c6abvu4w91/full/1200,/0/default.jpg;200;1200;1489;https://iiif.irht.cnrs.fr/iiif/VOLUME1/France/Paris/Archives_nationales/FRAN_0021_JJ113/DEPOT/FRAN_0021_7585_A/full/full/0/default.jpg;https://iiif.irht.cnrs.fr/iiif/VOLUME1/France/Paris/Archives_nationales/FRAN_0021_JJ113/DEPOT/FRAN_0021_7585_A/full/1200,/0/default.jpg;Paris_Archives_Nationales_JJ113_0133.jpg;True;1b72b1f6d1b4025a2ae5325ea8f12c42
https://api.irht.cnrs.fr/ark:/63955/f1ruw5rqihr9/manifest.json;https://arca.irht.cnrs.fr/iiif/128415/canvas/canvas-4390863;66v;https://iiif.irht.cnrs.fr/iiif/ark:/63955/v2ctapmapkqa/full/full/0/default.jpg;200;2368;3000;3748;4749;https://iiif.irht.cnrs.fr/iiif/ark:/63955/v2ctapmapkqa/full/1200,/0/default.jpg;200;1200;1520;https://iiif.irht.cnrs.fr/iiif/VOLUME1/France/Paris/Archives_nationales/FRAN_0021_JJ113/DEPOT/FRAN_0021_7586_A/full/full/0/default.jpg;https://iiif.irht.cnrs.fr/iiif/VOLUME1/France/Paris/Archives_nationales/FRAN_0021_JJ113/DEPOT/FRAN_0021_7586_A/full/1200,/0/default.jpg;Paris_Archives_Nationales_JJ113_0134.jpg;True;c56077dc0b09d82b5f0aa31e457fa85e
https://api.irht.cnrs.fr/ark:/63955/f1ruw5rqihr9/manifest.json;https://arca.irht.cnrs.fr/iiif/128415/canvas/canvas-4390864;67r;https://iiif.irht.cnrs.fr/iiif/ark:/63955/vw6zf11fq7j3/full/full/0/default.jpg;200;2409;3000;3832;4773;https://iiif.irht.cnrs.fr/iiif/ark:/63955/vw6zf11fq7j3/full/1200,/0/default.jpg;200;1200;1495;https://iiif.irht.cnrs.fr/iiif/VOLUME1/France/Paris/Archives_nationales/FRAN_0021_JJ113/DEPOT/FRAN_0021_7587_A/full/full/0/default.jpg;https://iiif.irht.cnrs.fr/iiif/VOLUME1/France/Paris/Archives_nationales/FRAN_0021_JJ113/DEPOT/FRAN_0021_7587_A/full/1200,/0/default.jpg;Paris_Archives_Nationales_JJ113_0135.jpg;True;e2b277163963a5fab602aab1e76cdafc
https://api.irht.cnrs.fr/ark:/63955/f1ruw5rqihr9/manifest.json;https://arca.irht.cnrs.fr/iiif/128415/canvas/canvas-4390865;67v;https://iiif.irht.cnrs.fr/iiif/ark:/63955/vdue9pi6yk9b/full/full/0/default.jpg;200;2368;3000;3748;4749;https://iiif.irht.cnrs.fr/iiif/ark:/63955/vdue9pi6yk9b/full/1200,/0/default.jpg;200;1200;1520;https://iiif.irht.cnrs.fr/iiif/VOLUME1/France/Paris/Archives_nationales/FRAN_0021_JJ113/DEPOT/FRAN_0021_7588_A/full/full/0/default.jpg;https://iiif.irht.cnrs.fr/iiif/VOLUME1/France/Paris/Archives_nationales/FRAN_0021_JJ113/DEPOT/FRAN_0021_7588_A/full/1200,/0/default.jpg;Paris_Archives_Nationales_JJ113_0136.jpg;True;780d4654cb42c2e513b5141c0fb5f576
https://api.irht.cnrs.fr/ark:/63955/f1ruw5rqihr9/manifest.json;https://arca.irht.cnrs.fr/iiif/128415/canvas/canvas-4390866;68r;https://iiif.irht.cnrs.fr/iiif/ark:/63955/vej01uplk0ir/full/full/0/default.jpg;200;2409;3000;3832;4773;https://iiif.irht.cnrs.fr/iiif/ark:/63955/vej01uplk0ir/full/1200,/0/default.jpg;200;1200;1495;https://iiif.irht.cnrs.fr/iiif/VOLUME1/France/Paris/Archives_nationales/FRAN_0021_JJ113/DEPOT/FRAN_0021_7589_A/full/full/0/default.jpg;https://iiif.irht.cnrs.fr/iiif/VOLUME1/France/Paris/Archives_nationales/FRAN_0021_JJ113/DEPOT/FRAN_0021_7589_A/full/1200,/0/default.jpg;Paris_Archives_Nationales_JJ113_0137.jpg;True;27726124b2fcbdb5ed3b243a663f139b
https://api.irht.cnrs.fr/ark:/63955/f1ruw5rqihr9/manifest.json;https://arca.irht.cnrs.fr/iiif/128415/canvas/canvas-4390867;68v;https://iiif.irht.cnrs.fr/iiif/ark:/63955/vzxt1cj8wnmr/full/full/0/default.jpg;200;2371;3000;3748;4743;https://iiif.irht.cnrs.fr/iiif/ark:/63955/vzxt1cj8wnmr/full/1200,/0/default.jpg;200;1200;1519;https://iiif.irht.cnrs.fr/iiif/VOLUME1/France/Paris/Archives_nationales/FRAN_0021_JJ113/DEPOT/FRAN_0021_7590_A/full/full/0/default.jpg;https://iiif.irht.cnrs.fr/iiif/VOLUME1/France/Paris/Archives_nationales/FRAN_0021_JJ113/DEPOT/FRAN_0021_7590_A/full/1200,/0/default.jpg;Paris_Archives_Nationales_JJ113_0138.jpg;True;a467fc5fc94ea6ae7596bbfa3b87a4ae
https://api.irht.cnrs.fr/ark:/63955/f1ruw5rqihr9/manifest.json;https://arca.irht.cnrs.fr/iiif/128415/canvas/canvas-4390868;69r;https://iiif.irht.cnrs.fr/iiif/ark:/63955/v1vgk1e5bpjv/full/full/0/default.jpg;200;2409;3000;3832;4773;https://iiif.irht.cnrs.fr/iiif/ark:/63955/v1vgk1e5bpjv/full/1200,/0/default.jpg;200;1200;1495;https://iiif.irht.cnrs.fr/iiif/VOLUME1/France/Paris/Archives_nationales/FRAN_0021_JJ113/DEPOT/FRAN_0021_7591_A/full/full/0/default.jpg;https://iiif.irht.cnrs.fr/iiif/VOLUME1/France/Paris/Archives_nationales/FRAN_0021_JJ113/DEPOT/FRAN_0021_7591_A/full/1200,/0/default.jpg;Paris_Archives_Nationales_JJ113_0139.jpg;True;defccbe73605c9b7d936ef5774e6720a
https://api.irht.cnrs.fr/ark:/63955/f1ruw5rqihr9/manifest.json;https://arca.irht.cnrs.fr/iiif/128415/canvas/canvas-4390869;69v;https://iiif.irht.cnrs.fr/iiif/ark:/63955/vpkpf5afn2fl/full/full/0/default.jpg;200;2371;3000;3748;4743;https://iiif.irht.cnrs.fr/iiif/ark:/63955/vpkpf5afn2fl/full/1200,/0/default.jpg;200;1200;1519;https://iiif.irht.cnrs.fr/iiif/VOLUME1/France/Paris/Archives_nationales/FRAN_0021_JJ113/DEPOT/FRAN_0021_7592_A/full/full/0/default.jpg;https://iiif.irht.cnrs.fr/iiif/VOLUME1/France/Paris/Archives_nationales/FRAN_0021_JJ113/DEPOT/FRAN_0021_7592_A/full/1200,/0/default.jpg;Paris_Archives_Nationales_JJ113_0140.jpg;True;5c5f1ab97e755065676ba8fa8b2b268d
https://api.irht.cnrs.fr/ark:/63955/f1ruw5rqihr9/manifest.json;https://arca.irht.cnrs.fr/iiif/128415/canvas/canvas-4390870;70r;https://iiif.irht.cnrs.fr/iiif/ark:/63955/vvgxfot2ak46/full/full/0/default.jpg;200;2409;3000;3832;4773;https://iiif.irht.cnrs.fr/iiif/ark:/63955/vvgxfot2ak46/full/1200,/0/default.jpg;200;1200;1495;https://iiif.irht.cnrs.fr/iiif/VOLUME1/France/Paris/Archives_nationales/FRAN_0021_JJ113/DEPOT/FRAN_0021_7593_A/full/full/0/default.jpg;https://iiif.irht.cnrs.fr/iiif/VOLUME1/France/Paris/Archives_nationales/FRAN_0021_JJ113/DEPOT/FRAN_0021_7593_A/full/1200,/0/default.jpg;Paris_Archives_Nationales_JJ113_0141.jpg;True;a3946fb479eeea8055439a732ac542c7
https://api.irht.cnrs.fr/ark:/63955/f1ruw5rqihr9/manifest.json;https://arca.irht.cnrs.fr/iiif/128415/canvas/canvas-4390871;70v;https://iiif.irht.cnrs.fr/iiif/ark:/63955/v1p8fuj4deuy/full/full/0/default.jpg;200;2371;3000;3748;4743;https://iiif.irht.cnrs.fr/iiif/ark:/63955/v1p8fuj4deuy/full/1200,/0/default.jpg;200;1200;1519;https://iiif.irht.cnrs.fr/iiif/VOLUME1/France/Paris/Archives_nationales/FRAN_0021_JJ113/DEPOT/FRAN_0021_7594_A/full/full/0/default.jpg;https://iiif.irht.cnrs.fr/iiif/VOLUME1/France/Paris/Archives_nationales/FRAN_0021_JJ113/DEPOT/FRAN_0021_7594_A/full/1200,/0/default.jpg;Paris_Archives_Nationales_JJ113_0142.jpg;True;9aafcd1889266cd25a63387f0d87c15e
https://api.irht.cnrs.fr/ark:/63955/f1ruw5rqihr9/manifest.json;https://arca.irht.cnrs.fr/iiif/128415/canvas/canvas-4390872;71r;https://iiif.irht.cnrs.fr/iiif/ark:/63955/v494epsg4dcl/full/full/0/default.jpg;200;2409;3000;3832;4773;https://iiif.irht.cnrs.fr/iiif/ark:/63955/v494epsg4dcl/full/1200,/0/default.jpg;200;1200;1495;https://iiif.irht.cnrs.fr/iiif/VOLUME1/France/Paris/Archives_nationales/FRAN_0021_JJ113/DEPOT/FRAN_0021_7595_A/full/full/0/default.jpg;https://iiif.irht.cnrs.fr/iiif/VOLUME1/France/Paris/Archives_nationales/FRAN_0021_JJ113/DEPOT/FRAN_0021_7595_A/full/1200,/0/default.jpg;Paris_Archives_Nationales_JJ113_0143.jpg;True;46afa8f1b92d92cfe8d7e46f2e29de1d
https://api.irht.cnrs.fr/ark:/63955/f1ruw5rqihr9/manifest.json;https://arca.irht.cnrs.fr/iiif/128415/canvas/canvas-4390873;71v;https://iiif.irht.cnrs.fr/iiif/ark:/63955/var94ukpyrqo/full/full/0/default.jpg;200;2371;3000;3748;4743;https://iiif.irht.cnrs.fr/iiif/ark:/63955/var94ukpyrqo/full/1200,/0/default.jpg;200;1200;1519;https://iiif.irht.cnrs.fr/iiif/VOLUME1/France/Paris/Archives_nationales/FRAN_0021_JJ113/DEPOT/FRAN_0021_7596_A/full/full/0/default.jpg;https://iiif.irht.cnrs.fr/iiif/VOLUME1/France/Paris/Archives_nationales/FRAN_0021_JJ113/DEPOT/FRAN_0021_7596_A/full/1200,/0/default.jpg;Paris_Archives_Nationales_JJ113_0144.jpg;True;7e94d094fba80d3ffa9f2940caab7580
https://api.irht.cnrs.fr/ark:/63955/f1ruw5rqihr9/manifest.json;https://arca.irht.cnrs.fr/iiif/128415/canvas/canvas-4390874;72r;https://iiif.irht.cnrs.fr/iiif/ark:/63955/vz6ijbwy6v2f/full/full/0/default.jpg;200;2410;3000;3820;4755;https://iiif.irht.cnrs.fr/iiif/ark:/63955/vz6ijbwy6v2f/full/1200,/0/default.jpg;200;1200;1494;https://iiif.irht.cnrs.fr/iiif/VOLUME1/France/Paris/Archives_nationales/FRAN_0021_JJ113/DEPOT/FRAN_0021_7597_A/full/full/0/default.jpg;https://iiif.irht.cnrs.fr/iiif/VOLUME1/France/Paris/Archives_nationales/FRAN_0021_JJ113/DEPOT/FRAN_0021_7597_A/full/1200,/0/default.jpg;Paris_Archives_Nationales_JJ113_0145.jpg;True;04fef7fb6b751eb7f8735581865861ec
https://api.irht.cnrs.fr/ark:/63955/f1ruw5rqihr9/manifest.json;https://arca.irht.cnrs.fr/iiif/128415/canvas/canvas-4390875;72v;https://iiif.irht.cnrs.fr/iiif/ark:/63955/vzh5rya4avf1/full/full/0/default.jpg;200;2371;3000;3748;4743;https://iiif.irht.cnrs.fr/iiif/ark:/63955/vzh5rya4avf1/full/1200,/0/default.jpg;200;1200;1519;https://iiif.irht.cnrs.fr/iiif/VOLUME1/France/Paris/Archives_nationales/FRAN_0021_JJ113/DEPOT/FRAN_0021_7598_A/full/full/0/default.jpg;https://iiif.irht.cnrs.fr/iiif/VOLUME1/France/Paris/Archives_nationales/FRAN_0021_JJ113/DEPOT/FRAN_0021_7598_A/full/1200,/0/default.jpg;Paris_Archives_Nationales_JJ113_0146.jpg;True;f280a2dacfcf23089a982ee9c7d59e26
https://api.irht.cnrs.fr/ark:/63955/f1ruw5rqihr9/manifest.json;https://arca.irht.cnrs.fr/iiif/128415/canvas/canvas-4390876;73r;https://iiif.irht.cnrs.fr/iiif/ark:/63955/v5kwqauh1jh7/full/full/0/default.jpg;200;2410;3000;3820;4755;https://iiif.irht.cnrs.fr/iiif/ark:/63955/v5kwqauh1jh7/full/1200,/0/default.jpg;200;1200;1494;https://iiif.irht.cnrs.fr/iiif/VOLUME1/France/Paris/Archives_nationales/FRAN_0021_JJ113/DEPOT/FRAN_0021_7599_A/full/full/0/default.jpg;https://iiif.irht.cnrs.fr/iiif/VOLUME1/France/Paris/Archives_nationales/FRAN_0021_JJ113/DEPOT/FRAN_0021_7599_A/full/1200,/0/default.jpg;Paris_Archives_Nationales_JJ113_0147.jpg;True;6da3c5b34eaf499cd7a11b653c48974e
https://api.irht.cnrs.fr/ark:/63955/f1ruw5rqihr9/manifest.json;https://arca.irht.cnrs.fr/iiif/128415/canvas/canvas-4390877;73v;https://iiif.irht.cnrs.fr/iiif/ark:/63955/v10iyzot14sj/full/full/0/default.jpg;200;2371;3000;3748;4743;https://iiif.irht.cnrs.fr/iiif/ark:/63955/v10iyzot14sj/full/1200,/0/default.jpg;200;1200;1519;https://iiif.irht.cnrs.fr/iiif/VOLUME1/France/Paris/Archives_nationales/FRAN_0021_JJ113/DEPOT/FRAN_0021_7600_A/full/full/0/default.jpg;https://iiif.irht.cnrs.fr/iiif/VOLUME1/France/Paris/Archives_nationales/FRAN_0021_JJ113/DEPOT/FRAN_0021_7600_A/full/1200,/0/default.jpg;Paris_Archives_Nationales_JJ113_0148.jpg;True;e99ab69f76861ed9888024cf488a9ae9
https://api.irht.cnrs.fr/ark:/63955/f1ruw5rqihr9/manifest.json;https://arca.irht.cnrs.fr/iiif/128415/canvas/canvas-4390878;74r;https://iiif.irht.cnrs.fr/iiif/ark:/63955/vakhkorg4tlo/full/full/0/default.jpg;200;2410;3000;3820;4755;https://iiif.irht.cnrs.fr/iiif/ark:/63955/vakhkorg4tlo/full/1200,/0/default.jpg;200;1200;1494;https://iiif.irht.cnrs.fr/iiif/VOLUME1/France/Paris/Archives_nationales/FRAN_0021_JJ113/DEPOT/FRAN_0021_7601_A/full/full/0/default.jpg;https://iiif.irht.cnrs.fr/iiif/VOLUME1/France/Paris/Archives_nationales/FRAN_0021_JJ113/DEPOT/FRAN_0021_7601_A/full/1200,/0/default.jpg;Paris_Archives_Nationales_JJ113_0149.jpg;True;c28ccb16f3b6f4dc5b0171ae3f6485f8
https://api.irht.cnrs.fr/ark:/63955/f1ruw5rqihr9/manifest.json;https://arca.irht.cnrs.fr/iiif/128415/canvas/canvas-4390879;74v;https://iiif.irht.cnrs.fr/iiif/ark:/63955/vpcyktz3b75c/full/full/0/default.jpg;200;2399;3000;3802;4755;https://iiif.irht.cnrs.fr/iiif/ark:/63955/vpcyktz3b75c/full/1200,/0/default.jpg;200;1200;1501;https://iiif.irht.cnrs.fr/iiif/VOLUME1/France/Paris/Archives_nationales/FRAN_0021_JJ113/DEPOT/FRAN_0021_7602_A/full/full/0/default.jpg;https://iiif.irht.cnrs.fr/iiif/VOLUME1/France/Paris/Archives_nationales/FRAN_0021_JJ113/DEPOT/FRAN_0021_7602_A/full/1200,/0/default.jpg;Paris_Archives_Nationales_JJ113_0150.jpg;True;e193d8a1cc98a2f8c8640b575a1c9803
https://api.irht.cnrs.fr/ark:/63955/f1ruw5rqihr9/manifest.json;https://arca.irht.cnrs.fr/iiif/128415/canvas/canvas-4390880;75r;https://iiif.irht.cnrs.fr/iiif/ark:/63955/vq4bexdjqwta/full/full/0/default.jpg;200;2402;3000;3802;4749;https://iiif.irht.cnrs.fr/iiif/ark:/63955/vq4bexdjqwta/full/1200,/0/default.jpg;200;1200;1499;https://iiif.irht.cnrs.fr/iiif/VOLUME1/France/Paris/Archives_nationales/FRAN_0021_JJ113/DEPOT/FRAN_0021_7603_A/full/full/0/default.jpg;https://iiif.irht.cnrs.fr/iiif/VOLUME1/France/Paris/Archives_nationales/FRAN_0021_JJ113/DEPOT/FRAN_0021_7603_A/full/1200,/0/default.jpg;Paris_Archives_Nationales_JJ113_0151.jpg;True;f67f967acec87d0baa0e1b92bfc6f932
https://api.irht.cnrs.fr/ark:/63955/f1ruw5rqihr9/manifest.json;https://arca.irht.cnrs.fr/iiif/128415/canvas/canvas-4390881;75v;https://iiif.irht.cnrs.fr/iiif/ark:/63955/veez6v4zhspt/full/full/0/default.jpg;200;2376;3000;3766;4755;https://iiif.irht.cnrs.fr/iiif/ark:/63955/veez6v4zhspt/full/1200,/0/default.jpg;200;1200;1515;https://iiif.irht.cnrs.fr/iiif/VOLUME1/France/Paris/Archives_nationales/FRAN_0021_JJ113/DEPOT/FRAN_0021_7604_A/full/full/0/default.jpg;https://iiif.irht.cnrs.fr/iiif/VOLUME1/France/Paris/Archives_nationales/FRAN_0021_JJ113/DEPOT/FRAN_0021_7604_A/full/1200,/0/default.jpg;Paris_Archives_Nationales_JJ113_0152.jpg;True;e1133f9de0ada01c57c90fdb8394616e
https://api.irht.cnrs.fr/ark:/63955/f1ruw5rqihr9/manifest.json;https://arca.irht.cnrs.fr/iiif/128415/canvas/canvas-4390882;76r;https://iiif.irht.cnrs.fr/iiif/ark:/63955/vranreyzkapo/full/full/0/default.jpg;200;2402;3000;3802;4749;https://iiif.irht.cnrs.fr/iiif/ark:/63955/vranreyzkapo/full/1200,/0/default.jpg;200;1200;1499;https://iiif.irht.cnrs.fr/iiif/VOLUME1/France/Paris/Archives_nationales/FRAN_0021_JJ113/DEPOT/FRAN_0021_7605_A/full/full/0/default.jpg;https://iiif.irht.cnrs.fr/iiif/VOLUME1/France/Paris/Archives_nationales/FRAN_0021_JJ113/DEPOT/FRAN_0021_7605_A/full/1200,/0/default.jpg;Paris_Archives_Nationales_JJ113_0153.jpg;True;ae4746b96cfccf31daa7948b40d43483
https://api.irht.cnrs.fr/ark:/63955/f1ruw5rqihr9/manifest.json;https://arca.irht.cnrs.fr/iiif/128415/canvas/canvas-4390883;76v;https://iiif.irht.cnrs.fr/iiif/ark:/63955/vl3myncvhn9w/full/full/0/default.jpg;200;2376;3000;3766;4755;https://iiif.irht.cnrs.fr/iiif/ark:/63955/vl3myncvhn9w/full/1200,/0/default.jpg;200;1200;1515;https://iiif.irht.cnrs.fr/iiif/VOLUME1/France/Paris/Archives_nationales/FRAN_0021_JJ113/DEPOT/FRAN_0021_7606_A/full/full/0/default.jpg;https://iiif.irht.cnrs.fr/iiif/VOLUME1/France/Paris/Archives_nationales/FRAN_0021_JJ113/DEPOT/FRAN_0021_7606_A/full/1200,/0/default.jpg;Paris_Archives_Nationales_JJ113_0154.jpg;True;d984ebd6ca28aa27953594fa00649e5c
https://api.irht.cnrs.fr/ark:/63955/f1ruw5rqihr9/manifest.json;https://arca.irht.cnrs.fr/iiif/128415/canvas/canvas-4390884;77r;https://iiif.irht.cnrs.fr/iiif/ark:/63955/vnfrrf8k51bg/full/full/0/default.jpg;200;2402;3000;3802;4749;https://iiif.irht.cnrs.fr/iiif/ark:/63955/vnfrrf8k51bg/full/1200,/0/default.jpg;200;1200;1499;https://iiif.irht.cnrs.fr/iiif/VOLUME1/France/Paris/Archives_nationales/FRAN_0021_JJ113/DEPOT/FRAN_0021_7607_A/full/full/0/default.jpg;https://iiif.irht.cnrs.fr/iiif/VOLUME1/France/Paris/Archives_nationales/FRAN_0021_JJ113/DEPOT/FRAN_0021_7607_A/full/1200,/0/default.jpg;Paris_Archives_Nationales_JJ113_0155.jpg;True;71a343b260e43957b8422df25a90be2b
https://api.irht.cnrs.fr/ark:/63955/f1ruw5rqihr9/manifest.json;https://arca.irht.cnrs.fr/iiif/128415/canvas/canvas-4390885;77v;https://iiif.irht.cnrs.fr/iiif/ark:/63955/vp3un2fxr3jv/full/full/0/default.jpg;200;2376;3000;3766;4755;https://iiif.irht.cnrs.fr/iiif/ark:/63955/vp3un2fxr3jv/full/1200,/0/default.jpg;200;1200;1515;https://iiif.irht.cnrs.fr/iiif/VOLUME1/France/Paris/Archives_nationales/FRAN_0021_JJ113/DEPOT/FRAN_0021_7608_A/full/full/0/default.jpg;https://iiif.irht.cnrs.fr/iiif/VOLUME1/France/Paris/Archives_nationales/FRAN_0021_JJ113/DEPOT/FRAN_0021_7608_A/full/1200,/0/default.jpg;Paris_Archives_Nationales_JJ113_0156.jpg;True;e891d2bacc7c0c66ed40a77e76784ac6
https://api.irht.cnrs.fr/ark:/63955/f1ruw5rqihr9/manifest.json;https://arca.irht.cnrs.fr/iiif/128415/canvas/canvas-4390886;78r;https://iiif.irht.cnrs.fr/iiif/ark:/63955/vqij3e0rnwe3/full/full/0/default.jpg;200;2392;3000;3772;4731;https://iiif.irht.cnrs.fr/iiif/ark:/63955/vqij3e0rnwe3/full/1200,/0/default.jpg;200;1200;1505;https://iiif.irht.cnrs.fr/iiif/VOLUME1/France/Paris/Archives_nationales/FRAN_0021_JJ113/DEPOT/FRAN_0021_7609_A/full/full/0/default.jpg;https://iiif.irht.cnrs.fr/iiif/VOLUME1/France/Paris/Archives_nationales/FRAN_0021_JJ113/DEPOT/FRAN_0021_7609_A/full/1200,/0/default.jpg;Paris_Archives_Nationales_JJ113_0157.jpg;True;ce4aead53fa950b270842399eef2653d
https://api.irht.cnrs.fr/ark:/63955/f1ruw5rqihr9/manifest.json;https://arca.irht.cnrs.fr/iiif/128415/canvas/canvas-4390887;78v;https://iiif.irht.cnrs.fr/iiif/ark:/63955/vo5iwpoy14n5/full/full/0/default.jpg;200;2365;3000;3748;4755;https://iiif.irht.cnrs.fr/iiif/ark:/63955/vo5iwpoy14n5/full/1200,/0/default.jpg;200;1200;1522;https://iiif.irht.cnrs.fr/iiif/VOLUME1/France/Paris/Archives_nationales/FRAN_0021_JJ113/DEPOT/FRAN_0021_7610_A/full/full/0/default.jpg;https://iiif.irht.cnrs.fr/iiif/VOLUME1/France/Paris/Archives_nationales/FRAN_0021_JJ113/DEPOT/FRAN_0021_7610_A/full/1200,/0/default.jpg;Paris_Archives_Nationales_JJ113_0158.jpg;True;fc7ce08b86e0bc6bab9cc82ad70c5df6
https://api.irht.cnrs.fr/ark:/63955/f1ruw5rqihr9/manifest.json;https://arca.irht.cnrs.fr/iiif/128415/canvas/canvas-4390888;79r;https://iiif.irht.cnrs.fr/iiif/ark:/63955/vzb7e9zisv9b/full/full/0/default.jpg;200;2380;3000;3754;4731;https://iiif.irht.cnrs.fr/iiif/ark:/63955/vzb7e9zisv9b/full/1200,/0/default.jpg;200;1200;1512;https://iiif.irht.cnrs.fr/iiif/VOLUME1/France/Paris/Archives_nationales/FRAN_0021_JJ113/DEPOT/FRAN_0021_7611_A/full/full/0/default.jpg;https://iiif.irht.cnrs.fr/iiif/VOLUME1/France/Paris/Archives_nationales/FRAN_0021_JJ113/DEPOT/FRAN_0021_7611_A/full/1200,/0/default.jpg;Paris_Archives_Nationales_JJ113_0159.jpg;True;1cb195d89581f705001f043a898afd28
https://api.irht.cnrs.fr/ark:/63955/f1ruw5rqihr9/manifest.json;https://arca.irht.cnrs.fr/iiif/128415/canvas/canvas-4390889;79v;https://iiif.irht.cnrs.fr/iiif/ark:/63955/vecpe3cbigzn/full/full/0/default.jpg;200;2378;3000;3778;4767;https://iiif.irht.cnrs.fr/iiif/ark:/63955/vecpe3cbigzn/full/1200,/0/default.jpg;200;1200;1514;https://iiif.irht.cnrs.fr/iiif/VOLUME1/France/Paris/Archives_nationales/FRAN_0021_JJ113/DEPOT/FRAN_0021_7612_A/full/full/0/default.jpg;https://iiif.irht.cnrs.fr/iiif/VOLUME1/France/Paris/Archives_nationales/FRAN_0021_JJ113/DEPOT/FRAN_0021_7612_A/full/1200,/0/default.jpg;Paris_Archives_Nationales_JJ113_0160.jpg;True;a96060c555cff1fc6a84960164c13482
https://api.irht.cnrs.fr/ark:/63955/f1ruw5rqihr9/manifest.json;https://arca.irht.cnrs.fr/iiif/128415/canvas/canvas-4390890;80r;https://iiif.irht.cnrs.fr/iiif/ark:/63955/vzwdnvfsjkru/full/full/0/default.jpg;200;2377;3000;3754;4737;https://iiif.irht.cnrs.fr/iiif/ark:/63955/vzwdnvfsjkru/full/1200,/0/default.jpg;200;1200;1514;https://iiif.irht.cnrs.fr/iiif/VOLUME1/France/Paris/Archives_nationales/FRAN_0021_JJ113/DEPOT/FRAN_0021_7613_A/full/full/0/default.jpg;https://iiif.irht.cnrs.fr/iiif/VOLUME1/France/Paris/Archives_nationales/FRAN_0021_JJ113/DEPOT/FRAN_0021_7613_A/full/1200,/0/default.jpg;Paris_Archives_Nationales_JJ113_0161.jpg;True;e5a9bf6ba05e33b6121d02218b19dfc1
https://api.irht.cnrs.fr/ark:/63955/f1ruw5rqihr9/manifest.json;https://arca.irht.cnrs.fr/iiif/128415/canvas/canvas-4390891;80v;https://iiif.irht.cnrs.fr/iiif/ark:/63955/vs63spwny71a/full/full/0/default.jpg;200;2373;3000;3742;4731;https://iiif.irht.cnrs.fr/iiif/ark:/63955/vs63spwny71a/full/1200,/0/default.jpg;200;1200;1517;https://iiif.irht.cnrs.fr/iiif/VOLUME1/France/Paris/Archives_nationales/FRAN_0021_JJ113/DEPOT/FRAN_0021_7614_A/full/full/0/default.jpg;https://iiif.irht.cnrs.fr/iiif/VOLUME1/France/Paris/Archives_nationales/FRAN_0021_JJ113/DEPOT/FRAN_0021_7614_A/full/1200,/0/default.jpg;Paris_Archives_Nationales_JJ113_0162.jpg;True;a95a0f3e6a986687f0718c7f4b3df8d4
https://api.irht.cnrs.fr/ark:/63955/f1ruw5rqihr9/manifest.json;https://arca.irht.cnrs.fr/iiif/128415/canvas/canvas-4390892;81r;https://iiif.irht.cnrs.fr/iiif/ark:/63955/vwge9swpskoo/full/full/0/default.jpg;200;2412;3000;3808;4737;https://iiif.irht.cnrs.fr/iiif/ark:/63955/vwge9swpskoo/full/1200,/0/default.jpg;200;1200;1493;https://iiif.irht.cnrs.fr/iiif/VOLUME1/France/Paris/Archives_nationales/FRAN_0021_JJ113/DEPOT/FRAN_0021_7615_A/full/full/0/default.jpg;https://iiif.irht.cnrs.fr/iiif/VOLUME1/France/Paris/Archives_nationales/FRAN_0021_JJ113/DEPOT/FRAN_0021_7615_A/full/1200,/0/default.jpg;Paris_Archives_Nationales_JJ113_0163.jpg;True;0addd72b48f65e43b6587e4b39fd4f3d
https://api.irht.cnrs.fr/ark:/63955/f1ruw5rqihr9/manifest.json;https://arca.irht.cnrs.fr/iiif/128415/canvas/canvas-4390893;81v;https://iiif.irht.cnrs.fr/iiif/ark:/63955/vycke43zwys2/full/full/0/default.jpg;200;2369;3000;3736;4731;https://iiif.irht.cnrs.fr/iiif/ark:/63955/vycke43zwys2/full/1200,/0/default.jpg;200;1200;1520;https://iiif.irht.cnrs.fr/iiif/VOLUME1/France/Paris/Archives_nationales/FRAN_0021_JJ113/DEPOT/FRAN_0021_7616_A/full/full/0/default.jpg;https://iiif.irht.cnrs.fr/iiif/VOLUME1/France/Paris/Archives_nationales/FRAN_0021_JJ113/DEPOT/FRAN_0021_7616_A/full/1200,/0/default.jpg;Paris_Archives_Nationales_JJ113_0164.jpg;True;5afb423fd49375070839c507947c9a2f
https://api.irht.cnrs.fr/ark:/63955/f1ruw5rqihr9/manifest.json;https://arca.irht.cnrs.fr/iiif/128415/canvas/canvas-4390894;82r;https://iiif.irht.cnrs.fr/iiif/ark:/63955/v2kry8p5902q/full/full/0/default.jpg;200;2390;3000;3784;4749;https://iiif.irht.cnrs.fr/iiif/ark:/63955/v2kry8p5902q/full/1200,/0/default.jpg;200;1200;1506;https://iiif.irht.cnrs.fr/iiif/VOLUME1/France/Paris/Archives_nationales/FRAN_0021_JJ113/DEPOT/FRAN_0021_7617_A/full/full/0/default.jpg;https://iiif.irht.cnrs.fr/iiif/VOLUME1/France/Paris/Archives_nationales/FRAN_0021_JJ113/DEPOT/FRAN_0021_7617_A/full/1200,/0/default.jpg;Paris_Archives_Nationales_JJ113_0165.jpg;True;12b465156af59613ea118a46608bbaf7
https://api.irht.cnrs.fr/ark:/63955/f1ruw5rqihr9/manifest.json;https://arca.irht.cnrs.fr/iiif/128415/canvas/canvas-4390895;82v;https://iiif.irht.cnrs.fr/iiif/ark:/63955/vecib1awqzu3/full/full/0/default.jpg;200;2384;3000;3736;4701;https://iiif.irht.cnrs.fr/iiif/ark:/63955/vecib1awqzu3/full/1200,/0/default.jpg;200;1200;1510;https://iiif.irht.cnrs.fr/iiif/VOLUME1/France/Paris/Archives_nationales/FRAN_0021_JJ113/DEPOT/FRAN_0021_7618_A/full/full/0/default.jpg;https://iiif.irht.cnrs.fr/iiif/VOLUME1/France/Paris/Archives_nationales/FRAN_0021_JJ113/DEPOT/FRAN_0021_7618_A/full/1200,/0/default.jpg;Paris_Archives_Nationales_JJ113_0166.jpg;True;25e69a9b547c1cc36ccdbf1371da80d9
https://api.irht.cnrs.fr/ark:/63955/f1ruw5rqihr9/manifest.json;https://arca.irht.cnrs.fr/iiif/128415/canvas/canvas-4390896;83r;https://iiif.irht.cnrs.fr/iiif/ark:/63955/vj97n83l06nl/full/full/0/default.jpg;200;2390;3000;3784;4749;https://iiif.irht.cnrs.fr/iiif/ark:/63955/vj97n83l06nl/full/1200,/0/default.jpg;200;1200;1506;https://iiif.irht.cnrs.fr/iiif/VOLUME1/France/Paris/Archives_nationales/FRAN_0021_JJ113/DEPOT/FRAN_0021_7619_A/full/full/0/default.jpg;https://iiif.irht.cnrs.fr/iiif/VOLUME1/France/Paris/Archives_nationales/FRAN_0021_JJ113/DEPOT/FRAN_0021_7619_A/full/1200,/0/default.jpg;Paris_Archives_Nationales_JJ113_0167.jpg;True;de6278687de3f4ec8350bbccb3418960
https://api.irht.cnrs.fr/ark:/63955/f1ruw5rqihr9/manifest.json;https://arca.irht.cnrs.fr/iiif/128415/canvas/canvas-4390897;83v;https://iiif.irht.cnrs.fr/iiif/ark:/63955/vxmtms3nut27/full/full/0/default.jpg;200;2372;3000;3736;4725;https://iiif.irht.cnrs.fr/iiif/ark:/63955/vxmtms3nut27/full/1200,/0/default.jpg;200;1200;1518;https://iiif.irht.cnrs.fr/iiif/VOLUME1/France/Paris/Archives_nationales/FRAN_0021_JJ113/DEPOT/FRAN_0021_7620_A/full/full/0/default.jpg;https://iiif.irht.cnrs.fr/iiif/VOLUME1/France/Paris/Archives_nationales/FRAN_0021_JJ113/DEPOT/FRAN_0021_7620_A/full/1200,/0/default.jpg;Paris_Archives_Nationales_JJ113_0168.jpg;True;cf0019d6ae24452dfc28ee368a5255a7
https://api.irht.cnrs.fr/ark:/63955/f1ruw5rqihr9/manifest.json;https://arca.irht.cnrs.fr/iiif/128415/canvas/canvas-4390898;84r;https://iiif.irht.cnrs.fr/iiif/ark:/63955/vcd8mazm526e/full/full/0/default.jpg;200;2379;3000;3766;4749;https://iiif.irht.cnrs.fr/iiif/ark:/63955/vcd8mazm526e/full/1200,/0/default.jpg;200;1200;1513;https://iiif.irht.cnrs.fr/iiif/VOLUME1/France/Paris/Archives_nationales/FRAN_0021_JJ113/DEPOT/FRAN_0021_7621_A/full/full/0/default.jpg;https://iiif.irht.cnrs.fr/iiif/VOLUME1/France/Paris/Archives_nationales/FRAN_0021_JJ113/DEPOT/FRAN_0021_7621_A/full/1200,/0/default.jpg;Paris_Archives_Nationales_JJ113_0169.jpg;True;c63f40bd66f3314df4fc8926ec9c4ba2
https://api.irht.cnrs.fr/ark:/63955/f1ruw5rqihr9/manifest.json;https://arca.irht.cnrs.fr/iiif/128415/canvas/canvas-4390899;84v;https://iiif.irht.cnrs.fr/iiif/ark:/63955/vatmdfnj38hp/full/full/0/default.jpg;200;2360;3000;3736;4749;https://iiif.irht.cnrs.fr/iiif/ark:/63955/vatmdfnj38hp/full/1200,/0/default.jpg;200;1200;1525;https://iiif.irht.cnrs.fr/iiif/VOLUME1/France/Paris/Archives_nationales/FRAN_0021_JJ113/DEPOT/FRAN_0021_7622_A/full/full/0/default.jpg;https://iiif.irht.cnrs.fr/iiif/VOLUME1/France/Paris/Archives_nationales/FRAN_0021_JJ113/DEPOT/FRAN_0021_7622_A/full/1200,/0/default.jpg;Paris_Archives_Nationales_JJ113_0170.jpg;True;bb3eaf52fa497fe8016504e0978b912d
https://api.irht.cnrs.fr/ark:/63955/f1ruw5rqihr9/manifest.json;https://arca.irht.cnrs.fr/iiif/128415/canvas/canvas-4390900;85r;https://iiif.irht.cnrs.fr/iiif/ark:/63955/v14h5rcytja7/full/full/0/default.jpg;200;2379;3000;3766;4749;https://iiif.irht.cnrs.fr/iiif/ark:/63955/v14h5rcytja7/full/1200,/0/default.jpg;200;1200;1513;https://iiif.irht.cnrs.fr/iiif/VOLUME1/France/Paris/Archives_nationales/FRAN_0021_JJ113/DEPOT/FRAN_0021_7623_A/full/full/0/default.jpg;https://iiif.irht.cnrs.fr/iiif/VOLUME1/France/Paris/Archives_nationales/FRAN_0021_JJ113/DEPOT/FRAN_0021_7623_A/full/1200,/0/default.jpg;Paris_Archives_Nationales_JJ113_0171.jpg;True;3356dd5cc2db0d20e03e3a3b76def04b
https://api.irht.cnrs.fr/ark:/63955/f1ruw5rqihr9/manifest.json;https://arca.irht.cnrs.fr/iiif/128415/canvas/canvas-4390901;85v;https://iiif.irht.cnrs.fr/iiif/ark:/63955/vsxhsknvq15k/full/full/0/default.jpg;200;2360;3000;3736;4749;https://iiif.irht.cnrs.fr/iiif/ark:/63955/vsxhsknvq15k/full/1200,/0/default.jpg;200;1200;1525;https://iiif.irht.cnrs.fr/iiif/VOLUME1/France/Paris/Archives_nationales/FRAN_0021_JJ113/DEPOT/FRAN_0021_7624_A/full/full/0/default.jpg;https://iiif.irht.cnrs.fr/iiif/VOLUME1/France/Paris/Archives_nationales/FRAN_0021_JJ113/DEPOT/FRAN_0021_7624_A/full/1200,/0/default.jpg;Paris_Archives_Nationales_JJ113_0172.jpg;True;7aef1d50f191dfdea67de373dee75801
https://api.irht.cnrs.fr/ark:/63955/f1ruw5rqihr9/manifest.json;https://arca.irht.cnrs.fr/iiif/128415/canvas/canvas-4390902;86r;https://iiif.irht.cnrs.fr/iiif/ark:/63955/vojzb32kkslo/full/full/0/default.jpg;200;2379;3000;3766;4749;https://iiif.irht.cnrs.fr/iiif/ark:/63955/vojzb32kkslo/full/1200,/0/default.jpg;200;1200;1513;https://iiif.irht.cnrs.fr/iiif/VOLUME1/France/Paris/Archives_nationales/FRAN_0021_JJ113/DEPOT/FRAN_0021_7625_A/full/full/0/default.jpg;https://iiif.irht.cnrs.fr/iiif/VOLUME1/France/Paris/Archives_nationales/FRAN_0021_JJ113/DEPOT/FRAN_0021_7625_A/full/1200,/0/default.jpg;Paris_Archives_Nationales_JJ113_0173.jpg;True;3a1b41dd844c2bc8e262bb4a542d776f
https://api.irht.cnrs.fr/ark:/63955/f1ruw5rqihr9/manifest.json;https://arca.irht.cnrs.fr/iiif/128415/canvas/canvas-4390903;86v;https://iiif.irht.cnrs.fr/iiif/ark:/63955/vaqgnpa70h0y/full/full/0/default.jpg;200;2360;3000;3736;4749;https://iiif.irht.cnrs.fr/iiif/ark:/63955/vaqgnpa70h0y/full/1200,/0/default.jpg;200;1200;1525;https://iiif.irht.cnrs.fr/iiif/VOLUME1/France/Paris/Archives_nationales/FRAN_0021_JJ113/DEPOT/FRAN_0021_7626_A/full/full/0/default.jpg;https://iiif.irht.cnrs.fr/iiif/VOLUME1/France/Paris/Archives_nationales/FRAN_0021_JJ113/DEPOT/FRAN_0021_7626_A/full/1200,/0/default.jpg;Paris_Archives_Nationales_JJ113_0174.jpg;True;db1f5e7661865ff647a7ec7c712f6936
https://api.irht.cnrs.fr/ark:/63955/f1ruw5rqihr9/manifest.json;https://arca.irht.cnrs.fr/iiif/128415/canvas/canvas-4390904;87r;https://iiif.irht.cnrs.fr/iiif/ark:/63955/vzsimo9ottcd/full/full/0/default.jpg;200;2379;3000;3766;4749;https://iiif.irht.cnrs.fr/iiif/ark:/63955/vzsimo9ottcd/full/1200,/0/default.jpg;200;1200;1513;https://iiif.irht.cnrs.fr/iiif/VOLUME1/France/Paris/Archives_nationales/FRAN_0021_JJ113/DEPOT/FRAN_0021_7627_A/full/full/0/default.jpg;https://iiif.irht.cnrs.fr/iiif/VOLUME1/France/Paris/Archives_nationales/FRAN_0021_JJ113/DEPOT/FRAN_0021_7627_A/full/1200,/0/default.jpg;Paris_Archives_Nationales_JJ113_0175.jpg;True;a2370dd909f9bb239bc72d557e106459
https://api.irht.cnrs.fr/ark:/63955/f1ruw5rqihr9/manifest.json;https://arca.irht.cnrs.fr/iiif/128415/canvas/canvas-4390905;87v;https://iiif.irht.cnrs.fr/iiif/ark:/63955/vsngv81ntqxk/full/full/0/default.jpg;200;2360;3000;3736;4749;https://iiif.irht.cnrs.fr/iiif/ark:/63955/vsngv81ntqxk/full/1200,/0/default.jpg;200;1200;1525;https://iiif.irht.cnrs.fr/iiif/VOLUME1/France/Paris/Archives_nationales/FRAN_0021_JJ113/DEPOT/FRAN_0021_7628_A/full/full/0/default.jpg;https://iiif.irht.cnrs.fr/iiif/VOLUME1/France/Paris/Archives_nationales/FRAN_0021_JJ113/DEPOT/FRAN_0021_7628_A/full/1200,/0/default.jpg;Paris_Archives_Nationales_JJ113_0176.jpg;True;0de8ead23ca33665f52b768f168b3efe
https://api.irht.cnrs.fr/ark:/63955/f1ruw5rqihr9/manifest.json;https://arca.irht.cnrs.fr/iiif/128415/canvas/canvas-4390906;88r;https://iiif.irht.cnrs.fr/iiif/ark:/63955/v6lahsbzs9yk/full/full/0/default.jpg;200;2379;3000;3766;4749;https://iiif.irht.cnrs.fr/iiif/ark:/63955/v6lahsbzs9yk/full/1200,/0/default.jpg;200;1200;1513;https://iiif.irht.cnrs.fr/iiif/VOLUME1/France/Paris/Archives_nationales/FRAN_0021_JJ113/DEPOT/FRAN_0021_7629_A/full/full/0/default.jpg;https://iiif.irht.cnrs.fr/iiif/VOLUME1/France/Paris/Archives_nationales/FRAN_0021_JJ113/DEPOT/FRAN_0021_7629_A/full/1200,/0/default.jpg;Paris_Archives_Nationales_JJ113_0177.jpg;True;ce34dc3128096836624c596564869c05
https://api.irht.cnrs.fr/ark:/63955/f1ruw5rqihr9/manifest.json;https://arca.irht.cnrs.fr/iiif/128415/canvas/canvas-4390907;88v;https://iiif.irht.cnrs.fr/iiif/ark:/63955/vsl8192umfna/full/full/0/default.jpg;200;2372;3000;3736;4725;https://iiif.irht.cnrs.fr/iiif/ark:/63955/vsl8192umfna/full/1200,/0/default.jpg;200;1200;1518;https://iiif.irht.cnrs.fr/iiif/VOLUME1/France/Paris/Archives_nationales/FRAN_0021_JJ113/DEPOT/FRAN_0021_7630_A/full/full/0/default.jpg;https://iiif.irht.cnrs.fr/iiif/VOLUME1/France/Paris/Archives_nationales/FRAN_0021_JJ113/DEPOT/FRAN_0021_7630_A/full/1200,/0/default.jpg;Paris_Archives_Nationales_JJ113_0178.jpg;True;2ae1d041827ed676015bbc5731df4d70
https://api.irht.cnrs.fr/ark:/63955/f1ruw5rqihr9/manifest.json;https://arca.irht.cnrs.fr/iiif/128415/canvas/canvas-4390908;89r;https://iiif.irht.cnrs.fr/iiif/ark:/63955/vwiix6cn4xup/full/full/0/default.jpg;200;2406;3000;3808;4749;https://iiif.irht.cnrs.fr/iiif/ark:/63955/vwiix6cn4xup/full/1200,/0/default.jpg;200;1200;1497;https://iiif.irht.cnrs.fr/iiif/VOLUME1/France/Paris/Archives_nationales/FRAN_0021_JJ113/DEPOT/FRAN_0021_7631_A/full/full/0/default.jpg;https://iiif.irht.cnrs.fr/iiif/VOLUME1/France/Paris/Archives_nationales/FRAN_0021_JJ113/DEPOT/FRAN_0021_7631_A/full/1200,/0/default.jpg;Paris_Archives_Nationales_JJ113_0179.jpg;True;1a5e879e67147c016b9dea74efafe0a5
https://api.irht.cnrs.fr/ark:/63955/f1ruw5rqihr9/manifest.json;https://arca.irht.cnrs.fr/iiif/128415/canvas/canvas-4390909;89v;https://iiif.irht.cnrs.fr/iiif/ark:/63955/v7bhib9saukv/full/full/0/default.jpg;200;2372;3000;3736;4725;https://iiif.irht.cnrs.fr/iiif/ark:/63955/v7bhib9saukv/full/1200,/0/default.jpg;200;1200;1518;https://iiif.irht.cnrs.fr/iiif/VOLUME1/France/Paris/Archives_nationales/FRAN_0021_JJ113/DEPOT/FRAN_0021_7632_A/full/full/0/default.jpg;https://iiif.irht.cnrs.fr/iiif/VOLUME1/France/Paris/Archives_nationales/FRAN_0021_JJ113/DEPOT/FRAN_0021_7632_A/full/1200,/0/default.jpg;Paris_Archives_Nationales_JJ113_0180.jpg;True;745764a8847b320c2b899b99f189864c
https://api.irht.cnrs.fr/ark:/63955/f1ruw5rqihr9/manifest.json;https://arca.irht.cnrs.fr/iiif/128415/canvas/canvas-4390910;90r;https://iiif.irht.cnrs.fr/iiif/ark:/63955/v3l55gsl32hm/full/full/0/default.jpg;200;2406;3000;3808;4749;https://iiif.irht.cnrs.fr/iiif/ark:/63955/v3l55gsl32hm/full/1200,/0/default.jpg;200;1200;1497;https://iiif.irht.cnrs.fr/iiif/VOLUME1/France/Paris/Archives_nationales/FRAN_0021_JJ113/DEPOT/FRAN_0021_7633_A/full/full/0/default.jpg;https://iiif.irht.cnrs.fr/iiif/VOLUME1/France/Paris/Archives_nationales/FRAN_0021_JJ113/DEPOT/FRAN_0021_7633_A/full/1200,/0/default.jpg;Paris_Archives_Nationales_JJ113_0181.jpg;True;ed1098af88acb3d643072c64ed1706ff
https://api.irht.cnrs.fr/ark:/63955/f1ruw5rqihr9/manifest.json;https://arca.irht.cnrs.fr/iiif/128415/canvas/canvas-4390911;90v;https://iiif.irht.cnrs.fr/iiif/ark:/63955/vkfsx3wuxl19/full/full/0/default.jpg;200;2357;3000;3736;4755;https://iiif.irht.cnrs.fr/iiif/ark:/63955/vkfsx3wuxl19/full/1200,/0/default.jpg;200;1200;1527;https://iiif.irht.cnrs.fr/iiif/VOLUME1/France/Paris/Archives_nationales/FRAN_0021_JJ113/DEPOT/FRAN_0021_7634_A/full/full/0/default.jpg;https://iiif.irht.cnrs.fr/iiif/VOLUME1/France/Paris/Archives_nationales/FRAN_0021_JJ113/DEPOT/FRAN_0021_7634_A/full/1200,/0/default.jpg;Paris_Archives_Nationales_JJ113_0182.jpg;True;55c19ecdf5e8f425ddc10f285b72c354
https://api.irht.cnrs.fr/ark:/63955/f1ruw5rqihr9/manifest.json;https://arca.irht.cnrs.fr/iiif/128415/canvas/canvas-4390912;91r;https://iiif.irht.cnrs.fr/iiif/ark:/63955/v3kldcv7wrai/full/full/0/default.jpg;200;2421;3000;3832;4749;https://iiif.irht.cnrs.fr/iiif/ark:/63955/v3kldcv7wrai/full/1200,/0/default.jpg;200;1200;1487;https://iiif.irht.cnrs.fr/iiif/VOLUME1/France/Paris/Archives_nationales/FRAN_0021_JJ113/DEPOT/FRAN_0021_7635_A/full/full/0/default.jpg;https://iiif.irht.cnrs.fr/iiif/VOLUME1/France/Paris/Archives_nationales/FRAN_0021_JJ113/DEPOT/FRAN_0021_7635_A/full/1200,/0/default.jpg;Paris_Archives_Nationales_JJ113_0183.jpg;True;69e5cd2852d79aa37b9c6343b98ecdd7
https://api.irht.cnrs.fr/ark:/63955/f1ruw5rqihr9/manifest.json;https://arca.irht.cnrs.fr/iiif/128415/canvas/canvas-4390913;91v;https://iiif.irht.cnrs.fr/iiif/ark:/63955/vxgzp22rkocz/full/full/0/default.jpg;200;2376;3000;3766;4755;https://iiif.irht.cnrs.fr/iiif/ark:/63955/vxgzp22rkocz/full/1200,/0/default.jpg;200;1200;1515;https://iiif.irht.cnrs.fr/iiif/VOLUME1/France/Paris/Archives_nationales/FRAN_0021_JJ113/DEPOT/FRAN_0021_7636_A/full/full/0/default.jpg;https://iiif.irht.cnrs.fr/iiif/VOLUME1/France/Paris/Archives_nationales/FRAN_0021_JJ113/DEPOT/FRAN_0021_7636_A/full/1200,/0/default.jpg;Paris_Archives_Nationales_JJ113_0184.jpg;True;890a344c157719f7fba53bee323be98b
https://api.irht.cnrs.fr/ark:/63955/f1ruw5rqihr9/manifest.json;https://arca.irht.cnrs.fr/iiif/128415/canvas/canvas-4390914;92r;https://iiif.irht.cnrs.fr/iiif/ark:/63955/vh92d30z5a3q/full/full/0/default.jpg;200;2421;3000;3832;4749;https://iiif.irht.cnrs.fr/iiif/ark:/63955/vh92d30z5a3q/full/1200,/0/default.jpg;200;1200;1487;https://iiif.irht.cnrs.fr/iiif/VOLUME1/France/Paris/Archives_nationales/FRAN_0021_JJ113/DEPOT/FRAN_0021_7637_A/full/full/0/default.jpg;https://iiif.irht.cnrs.fr/iiif/VOLUME1/France/Paris/Archives_nationales/FRAN_0021_JJ113/DEPOT/FRAN_0021_7637_A/full/1200,/0/default.jpg;Paris_Archives_Nationales_JJ113_0185.jpg;True;f9470ab4462133a26ffb313e1aaa78cc
https://api.irht.cnrs.fr/ark:/63955/f1ruw5rqihr9/manifest.json;https://arca.irht.cnrs.fr/iiif/128415/canvas/canvas-4390915;92v;https://iiif.irht.cnrs.fr/iiif/ark:/63955/vvg2qnzhyief/full/full/0/default.jpg;200;2353;3000;3730;4755;https://iiif.irht.cnrs.fr/iiif/ark:/63955/vvg2qnzhyief/full/1200,/0/default.jpg;200;1200;1530;https://iiif.irht.cnrs.fr/iiif/VOLUME1/France/Paris/Archives_nationales/FRAN_0021_JJ113/DEPOT/FRAN_0021_7638_A/full/full/0/default.jpg;https://iiif.irht.cnrs.fr/iiif/VOLUME1/France/Paris/Archives_nationales/FRAN_0021_JJ113/DEPOT/FRAN_0021_7638_A/full/1200,/0/default.jpg;Paris_Archives_Nationales_JJ113_0186.jpg;True;ca6e5ccf44215834ab600209b7fc8d2e
https://api.irht.cnrs.fr/ark:/63955/f1ruw5rqihr9/manifest.json;https://arca.irht.cnrs.fr/iiif/128415/canvas/canvas-4390916;93r;https://iiif.irht.cnrs.fr/iiif/ark:/63955/vh4hkw1980qi/full/full/0/default.jpg;200;2421;3000;3832;4749;https://iiif.irht.cnrs.fr/iiif/ark:/63955/vh4hkw1980qi/full/1200,/0/default.jpg;200;1200;1487;https://iiif.irht.cnrs.fr/iiif/VOLUME1/France/Paris/Archives_nationales/FRAN_0021_JJ113/DEPOT/FRAN_0021_7639_A/full/full/0/default.jpg;https://iiif.irht.cnrs.fr/iiif/VOLUME1/France/Paris/Archives_nationales/FRAN_0021_JJ113/DEPOT/FRAN_0021_7639_A/full/1200,/0/default.jpg;Paris_Archives_Nationales_JJ113_0187.jpg;True;9412dc7c91960944c67949e12ff73350
https://api.irht.cnrs.fr/ark:/63955/f1ruw5rqihr9/manifest.json;https://arca.irht.cnrs.fr/iiif/128415/canvas/canvas-4390917;93v;https://iiif.irht.cnrs.fr/iiif/ark:/63955/v33m33se6ian/full/full/0/default.jpg;200;2353;3000;3730;4755;https://iiif.irht.cnrs.fr/iiif/ark:/63955/v33m33se6ian/full/1200,/0/default.jpg;200;1200;1530;https://iiif.irht.cnrs.fr/iiif/VOLUME1/France/Paris/Archives_nationales/FRAN_0021_JJ113/DEPOT/FRAN_0021_7640_A/full/full/0/default.jpg;https://iiif.irht.cnrs.fr/iiif/VOLUME1/France/Paris/Archives_nationales/FRAN_0021_JJ113/DEPOT/FRAN_0021_7640_A/full/1200,/0/default.jpg;Paris_Archives_Nationales_JJ113_0188.jpg;True;11ed08ad3fdccbf39961a98633324c1f
https://api.irht.cnrs.fr/ark:/63955/f1ruw5rqihr9/manifest.json;https://arca.irht.cnrs.fr/iiif/128415/canvas/canvas-4390918;94r;https://iiif.irht.cnrs.fr/iiif/ark:/63955/vl0aki93xok1/full/full/0/default.jpg;200;2421;3000;3832;4749;https://iiif.irht.cnrs.fr/iiif/ark:/63955/vl0aki93xok1/full/1200,/0/default.jpg;200;1200;1487;https://iiif.irht.cnrs.fr/iiif/VOLUME1/France/Paris/Archives_nationales/FRAN_0021_JJ113/DEPOT/FRAN_0021_7641_A/full/full/0/default.jpg;https://iiif.irht.cnrs.fr/iiif/VOLUME1/France/Paris/Archives_nationales/FRAN_0021_JJ113/DEPOT/FRAN_0021_7641_A/full/1200,/0/default.jpg;Paris_Archives_Nationales_JJ113_0189.jpg;True;6fa9c6fbef2facdfbb725de32ca84bc2
https://api.irht.cnrs.fr/ark:/63955/f1ruw5rqihr9/manifest.json;https://arca.irht.cnrs.fr/iiif/128415/canvas/canvas-4390919;94v;https://iiif.irht.cnrs.fr/iiif/ark:/63955/v54x7e674pb8/full/full/0/default.jpg;200;2353;3000;3730;4755;https://iiif.irht.cnrs.fr/iiif/ark:/63955/v54x7e674pb8/full/1200,/0/default.jpg;200;1200;1530;https://iiif.irht.cnrs.fr/iiif/VOLUME1/France/Paris/Archives_nationales/FRAN_0021_JJ113/DEPOT/FRAN_0021_7642_A/full/full/0/default.jpg;https://iiif.irht.cnrs.fr/iiif/VOLUME1/France/Paris/Archives_nationales/FRAN_0021_JJ113/DEPOT/FRAN_0021_7642_A/full/1200,/0/default.jpg;Paris_Archives_Nationales_JJ113_0190.jpg;True;5aaf0c28ac92ce99d2262c869eed95ab
https://api.irht.cnrs.fr/ark:/63955/f1ruw5rqihr9/manifest.json;https://arca.irht.cnrs.fr/iiif/128415/canvas/canvas-4390920;95r;https://iiif.irht.cnrs.fr/iiif/ark:/63955/vbfb4tim3574/full/full/0/default.jpg;200;2421;3000;3832;4749;https://iiif.irht.cnrs.fr/iiif/ark:/63955/vbfb4tim3574/full/1200,/0/default.jpg;200;1200;1487;https://iiif.irht.cnrs.fr/iiif/VOLUME1/France/Paris/Archives_nationales/FRAN_0021_JJ113/DEPOT/FRAN_0021_7643_A/full/full/0/default.jpg;https://iiif.irht.cnrs.fr/iiif/VOLUME1/France/Paris/Archives_nationales/FRAN_0021_JJ113/DEPOT/FRAN_0021_7643_A/full/1200,/0/default.jpg;Paris_Archives_Nationales_JJ113_0191.jpg;True;349ea0bf8abb6287ae636da2fcfd8c18
https://api.irht.cnrs.fr/ark:/63955/f1ruw5rqihr9/manifest.json;https://arca.irht.cnrs.fr/iiif/128415/canvas/canvas-4390921;95v;https://iiif.irht.cnrs.fr/iiif/ark:/63955/vgsnpvkegmjl/full/full/0/default.jpg;200;2353;3000;3730;4755;https://iiif.irht.cnrs.fr/iiif/ark:/63955/vgsnpvkegmjl/full/1200,/0/default.jpg;200;1200;1530;https://iiif.irht.cnrs.fr/iiif/VOLUME1/France/Paris/Archives_nationales/FRAN_0021_JJ113/DEPOT/FRAN_0021_7644_A/full/full/0/default.jpg;https://iiif.irht.cnrs.fr/iiif/VOLUME1/France/Paris/Archives_nationales/FRAN_0021_JJ113/DEPOT/FRAN_0021_7644_A/full/1200,/0/default.jpg;Paris_Archives_Nationales_JJ113_0192.jpg;True;8533df8724f61e5d829f1623e519e577
https://api.irht.cnrs.fr/ark:/63955/f1ruw5rqihr9/manifest.json;https://arca.irht.cnrs.fr/iiif/128415/canvas/canvas-4390922;96r;https://iiif.irht.cnrs.fr/iiif/ark:/63955/vjqzqy3fabqp/full/full/0/default.jpg;200;2421;3000;3832;4749;https://iiif.irht.cnrs.fr/iiif/ark:/63955/vjqzqy3fabqp/full/1200,/0/default.jpg;200;1200;1487;https://iiif.irht.cnrs.fr/iiif/VOLUME1/France/Paris/Archives_nationales/FRAN_0021_JJ113/DEPOT/FRAN_0021_7645_A/full/full/0/default.jpg;https://iiif.irht.cnrs.fr/iiif/VOLUME1/France/Paris/Archives_nationales/FRAN_0021_JJ113/DEPOT/FRAN_0021_7645_A/full/1200,/0/default.jpg;Paris_Archives_Nationales_JJ113_0193.jpg;True;f38775dea32ab3cd0a65c1c729422545
https://api.irht.cnrs.fr/ark:/63955/f1ruw5rqihr9/manifest.json;https://arca.irht.cnrs.fr/iiif/128415/canvas/canvas-4390923;96v;https://iiif.irht.cnrs.fr/iiif/ark:/63955/vnui6hmcprsh/full/full/0/default.jpg;200;2377;3000;3754;4737;https://iiif.irht.cnrs.fr/iiif/ark:/63955/vnui6hmcprsh/full/1200,/0/default.jpg;200;1200;1514;https://iiif.irht.cnrs.fr/iiif/VOLUME1/France/Paris/Archives_nationales/FRAN_0021_JJ113/DEPOT/FRAN_0021_7646_A/full/full/0/default.jpg;https://iiif.irht.cnrs.fr/iiif/VOLUME1/France/Paris/Archives_nationales/FRAN_0021_JJ113/DEPOT/FRAN_0021_7646_A/full/1200,/0/default.jpg;Paris_Archives_Nationales_JJ113_0194.jpg;True;66db1414fbd49f1db70ff8dacf23bafc
https://api.irht.cnrs.fr/ark:/63955/f1ruw5rqihr9/manifest.json;https://arca.irht.cnrs.fr/iiif/128415/canvas/canvas-4390924;97r;https://iiif.irht.cnrs.fr/iiif/ark:/63955/veidywtkge47/full/full/0/default.jpg;200;2408;3000;3802;4737;https://iiif.irht.cnrs.fr/iiif/ark:/63955/veidywtkge47/full/1200,/0/default.jpg;200;1200;1495;https://iiif.irht.cnrs.fr/iiif/VOLUME1/France/Paris/Archives_nationales/FRAN_0021_JJ113/DEPOT/FRAN_0021_7647_A/full/full/0/default.jpg;https://iiif.irht.cnrs.fr/iiif/VOLUME1/France/Paris/Archives_nationales/FRAN_0021_JJ113/DEPOT/FRAN_0021_7647_A/full/1200,/0/default.jpg;Paris_Archives_Nationales_JJ113_0195.jpg;True;f437847d82d0a29ed8b3001af63497a8
https://api.irht.cnrs.fr/ark:/63955/f1ruw5rqihr9/manifest.json;https://arca.irht.cnrs.fr/iiif/128415/canvas/canvas-4390925;97v;https://iiif.irht.cnrs.fr/iiif/ark:/63955/veu6h9gt05hv/full/full/0/default.jpg;200;2377;3000;3754;4737;https://iiif.irht.cnrs.fr/iiif/ark:/63955/veu6h9gt05hv/full/1200,/0/default.jpg;200;1200;1514;https://iiif.irht.cnrs.fr/iiif/VOLUME1/France/Paris/Archives_nationales/FRAN_0021_JJ113/DEPOT/FRAN_0021_7648_A/full/full/0/default.jpg;https://iiif.irht.cnrs.fr/iiif/VOLUME1/France/Paris/Archives_nationales/FRAN_0021_JJ113/DEPOT/FRAN_0021_7648_A/full/1200,/0/default.jpg;Paris_Archives_Nationales_JJ113_0196.jpg;True;59c5d1b6f52fa97ffcdce167f995e545
https://api.irht.cnrs.fr/ark:/63955/f1ruw5rqihr9/manifest.json;https://arca.irht.cnrs.fr/iiif/128415/canvas/canvas-4390926;98r;https://iiif.irht.cnrs.fr/iiif/ark:/63955/voncbz22sjgb/full/full/0/default.jpg;200;2408;3000;3802;4737;https://iiif.irht.cnrs.fr/iiif/ark:/63955/voncbz22sjgb/full/1200,/0/default.jpg;200;1200;1495;https://iiif.irht.cnrs.fr/iiif/VOLUME1/France/Paris/Archives_nationales/FRAN_0021_JJ113/DEPOT/FRAN_0021_7649_A/full/full/0/default.jpg;https://iiif.irht.cnrs.fr/iiif/VOLUME1/France/Paris/Archives_nationales/FRAN_0021_JJ113/DEPOT/FRAN_0021_7649_A/full/1200,/0/default.jpg;Paris_Archives_Nationales_JJ113_0197.jpg;True;d85d10a1ae85d179598e6c0a2abd4d45
https://api.irht.cnrs.fr/ark:/63955/f1ruw5rqihr9/manifest.json;https://arca.irht.cnrs.fr/iiif/128415/canvas/canvas-4390927;98v;https://iiif.irht.cnrs.fr/iiif/ark:/63955/vwe7qzo43vjx/full/full/0/default.jpg;200;2381;3000;3778;4761;https://iiif.irht.cnrs.fr/iiif/ark:/63955/vwe7qzo43vjx/full/1200,/0/default.jpg;200;1200;1512;https://iiif.irht.cnrs.fr/iiif/VOLUME1/France/Paris/Archives_nationales/FRAN_0021_JJ113/DEPOT/FRAN_0021_7650_A/full/full/0/default.jpg;https://iiif.irht.cnrs.fr/iiif/VOLUME1/France/Paris/Archives_nationales/FRAN_0021_JJ113/DEPOT/FRAN_0021_7650_A/full/1200,/0/default.jpg;Paris_Archives_Nationales_JJ113_0198.jpg;True;c72f4a463b3206815333ea6873d3d584
https://api.irht.cnrs.fr/ark:/63955/f1ruw5rqihr9/manifest.json;https://arca.irht.cnrs.fr/iiif/128415/canvas/canvas-4390928;99r;https://iiif.irht.cnrs.fr/iiif/ark:/63955/v107hu8mb3bz/full/full/0/default.jpg;200;2397;3000;3766;4713;https://iiif.irht.cnrs.fr/iiif/ark:/63955/v107hu8mb3bz/full/1200,/0/default.jpg;200;1200;1502;https://iiif.irht.cnrs.fr/iiif/VOLUME1/France/Paris/Archives_nationales/FRAN_0021_JJ113/DEPOT/FRAN_0021_7651_A/full/full/0/default.jpg;https://iiif.irht.cnrs.fr/iiif/VOLUME1/France/Paris/Archives_nationales/FRAN_0021_JJ113/DEPOT/FRAN_0021_7651_A/full/1200,/0/default.jpg;Paris_Archives_Nationales_JJ113_0199.jpg;True;1c19ffd478bac5ca4e336eab23e51b0a
https://api.irht.cnrs.fr/ark:/63955/f1ruw5rqihr9/manifest.json;https://arca.irht.cnrs.fr/iiif/128415/canvas/canvas-4390929;99v;https://iiif.irht.cnrs.fr/iiif/ark:/63955/vgmyior242yj/full/full/0/default.jpg;200;2393;3000;3778;4737;https://iiif.irht.cnrs.fr/iiif/ark:/63955/vgmyior242yj/full/1200,/0/default.jpg;200;1200;1505;https://iiif.irht.cnrs.fr/iiif/VOLUME1/France/Paris/Archives_nationales/FRAN_0021_JJ113/DEPOT/FRAN_0021_7652_A/full/full/0/default.jpg;https://iiif.irht.cnrs.fr/iiif/VOLUME1/France/Paris/Archives_nationales/FRAN_0021_JJ113/DEPOT/FRAN_0021_7652_A/full/1200,/0/default.jpg;Paris_Archives_Nationales_JJ113_0200.jpg;True;d477e768a76cbe81bba223b20543576c
https://api.irht.cnrs.fr/ark:/63955/f1ruw5rqihr9/manifest.json;https://arca.irht.cnrs.fr/iiif/128415/canvas/canvas-4390930;100r;https://iiif.irht.cnrs.fr/iiif/ark:/63955/vaoiytltcjud/full/full/0/default.jpg;200;2376;3000;3766;4755;https://iiif.irht.cnrs.fr/iiif/ark:/63955/vaoiytltcjud/full/1200,/0/default.jpg;200;1200;1515;https://iiif.irht.cnrs.fr/iiif/VOLUME1/France/Paris/Archives_nationales/FRAN_0021_JJ113/DEPOT/FRAN_0021_7653_A/full/full/0/default.jpg;https://iiif.irht.cnrs.fr/iiif/VOLUME1/France/Paris/Archives_nationales/FRAN_0021_JJ113/DEPOT/FRAN_0021_7653_A/full/1200,/0/default.jpg;Paris_Archives_Nationales_JJ113_0201.jpg;True;4260929d1bc34f28ad433aab12872733
https://api.irht.cnrs.fr/ark:/63955/f1ruw5rqihr9/manifest.json;https://arca.irht.cnrs.fr/iiif/128415/canvas/canvas-4390931;100v;https://iiif.irht.cnrs.fr/iiif/ark:/63955/vrc8zzj3aikw/full/full/0/default.jpg;200;2381;3000;3760;4737;https://iiif.irht.cnrs.fr/iiif/ark:/63955/vrc8zzj3aikw/full/1200,/0/default.jpg;200;1200;1512;https://iiif.irht.cnrs.fr/iiif/VOLUME1/France/Paris/Archives_nationales/FRAN_0021_JJ113/DEPOT/FRAN_0021_7654_A/full/full/0/default.jpg;https://iiif.irht.cnrs.fr/iiif/VOLUME1/France/Paris/Archives_nationales/FRAN_0021_JJ113/DEPOT/FRAN_0021_7654_A/full/1200,/0/default.jpg;Paris_Archives_Nationales_JJ113_0202.jpg;True;51a684ff4e3c8cdc4e87e69365ff3bcd
https://api.irht.cnrs.fr/ark:/63955/f1ruw5rqihr9/manifest.json;https://arca.irht.cnrs.fr/iiif/128415/canvas/canvas-4390932;101r;https://iiif.irht.cnrs.fr/iiif/ark:/63955/vh2l85pb49lt/full/full/0/default.jpg;200;2384;3000;3778;4755;https://iiif.irht.cnrs.fr/iiif/ark:/63955/vh2l85pb49lt/full/1200,/0/default.jpg;200;1200;1510;https://iiif.irht.cnrs.fr/iiif/VOLUME1/France/Paris/Archives_nationales/FRAN_0021_JJ113/DEPOT/FRAN_0021_7655_A/full/full/0/default.jpg;https://iiif.irht.cnrs.fr/iiif/VOLUME1/France/Paris/Archives_nationales/FRAN_0021_JJ113/DEPOT/FRAN_0021_7655_A/full/1200,/0/default.jpg;Paris_Archives_Nationales_JJ113_0203.jpg;True;627559720613d64cd282f46618eb49d2
https://api.irht.cnrs.fr/ark:/63955/f1ruw5rqihr9/manifest.json;https://arca.irht.cnrs.fr/iiif/128415/canvas/canvas-4390933;101v;https://iiif.irht.cnrs.fr/iiif/ark:/63955/vrjmdczx7doj/full/full/0/default.jpg;200;2381;3000;3760;4737;https://iiif.irht.cnrs.fr/iiif/ark:/63955/vrjmdczx7doj/full/1200,/0/default.jpg;200;1200;1512;https://iiif.irht.cnrs.fr/iiif/VOLUME1/France/Paris/Archives_nationales/FRAN_0021_JJ113/DEPOT/FRAN_0021_7656_A/full/full/0/default.jpg;https://iiif.irht.cnrs.fr/iiif/VOLUME1/France/Paris/Archives_nationales/FRAN_0021_JJ113/DEPOT/FRAN_0021_7656_A/full/1200,/0/default.jpg;Paris_Archives_Nationales_JJ113_0204.jpg;True;113fef5d1b2c5d6f20b1b3a28c907dff
https://api.irht.cnrs.fr/ark:/63955/f1ruw5rqihr9/manifest.json;https://arca.irht.cnrs.fr/iiif/128415/canvas/canvas-4390934;102r;https://iiif.irht.cnrs.fr/iiif/ark:/63955/vloi4rtnbq4e/full/full/0/default.jpg;200;2384;3000;3778;4755;https://iiif.irht.cnrs.fr/iiif/ark:/63955/vloi4rtnbq4e/full/1200,/0/default.jpg;200;1200;1510;https://iiif.irht.cnrs.fr/iiif/VOLUME1/France/Paris/Archives_nationales/FRAN_0021_JJ113/DEPOT/FRAN_0021_7657_A/full/full/0/default.jpg;https://iiif.irht.cnrs.fr/iiif/VOLUME1/France/Paris/Archives_nationales/FRAN_0021_JJ113/DEPOT/FRAN_0021_7657_A/full/1200,/0/default.jpg;Paris_Archives_Nationales_JJ113_0205.jpg;True;3f3a42103cf135d6d04726ddfbe3ac14
https://api.irht.cnrs.fr/ark:/63955/f1ruw5rqihr9/manifest.json;https://arca.irht.cnrs.fr/iiif/128415/canvas/canvas-4390935;102v;https://iiif.irht.cnrs.fr/iiif/ark:/63955/vbdj1ooa9h1s/full/full/0/default.jpg;200;2381;3000;3760;4737;https://iiif.irht.cnrs.fr/iiif/ark:/63955/vbdj1ooa9h1s/full/1200,/0/default.jpg;200;1200;1512;https://iiif.irht.cnrs.fr/iiif/VOLUME1/France/Paris/Archives_nationales/FRAN_0021_JJ113/DEPOT/FRAN_0021_7658_A/full/full/0/default.jpg;https://iiif.irht.cnrs.fr/iiif/VOLUME1/France/Paris/Archives_nationales/FRAN_0021_JJ113/DEPOT/FRAN_0021_7658_A/full/1200,/0/default.jpg;Paris_Archives_Nationales_JJ113_0206.jpg;True;f4d88be947a8ddc3321d24a72273e717
https://api.irht.cnrs.fr/ark:/63955/f1ruw5rqihr9/manifest.json;https://arca.irht.cnrs.fr/iiif/128415/canvas/canvas-4390936;103r;https://iiif.irht.cnrs.fr/iiif/ark:/63955/v3f43ccg0v1o/full/full/0/default.jpg;200;2371;3000;3748;4743;https://iiif.irht.cnrs.fr/iiif/ark:/63955/v3f43ccg0v1o/full/1200,/0/default.jpg;200;1200;1519;https://iiif.irht.cnrs.fr/iiif/VOLUME1/France/Paris/Archives_nationales/FRAN_0021_JJ113/DEPOT/FRAN_0021_7659_A/full/full/0/default.jpg;https://iiif.irht.cnrs.fr/iiif/VOLUME1/France/Paris/Archives_nationales/FRAN_0021_JJ113/DEPOT/FRAN_0021_7659_A/full/1200,/0/default.jpg;Paris_Archives_Nationales_JJ113_0207.jpg;True;0fabd2b7ed79f235abf09614a2b41f60
https://api.irht.cnrs.fr/ark:/63955/f1ruw5rqihr9/manifest.json;https://arca.irht.cnrs.fr/iiif/128415/canvas/canvas-4390937;103v;https://iiif.irht.cnrs.fr/iiif/ark:/63955/ve6g7tsyy69b/full/full/0/default.jpg;200;2369;3000;3760;4761;https://iiif.irht.cnrs.fr/iiif/ark:/63955/ve6g7tsyy69b/full/1200,/0/default.jpg;200;1200;1519;https://iiif.irht.cnrs.fr/iiif/VOLUME1/France/Paris/Archives_nationales/FRAN_0021_JJ113/DEPOT/FRAN_0021_7660_A/full/full/0/default.jpg;https://iiif.irht.cnrs.fr/iiif/VOLUME1/France/Paris/Archives_nationales/FRAN_0021_JJ113/DEPOT/FRAN_0021_7660_A/full/1200,/0/default.jpg;Paris_Archives_Nationales_JJ113_0208.jpg;True;1e9753bd31ad2f16f489713e07029ad0
https://api.irht.cnrs.fr/ark:/63955/f1ruw5rqihr9/manifest.json;https://arca.irht.cnrs.fr/iiif/128415/canvas/canvas-4390938;104r;https://iiif.irht.cnrs.fr/iiif/ark:/63955/vqbzel9vn1z2/full/full/0/default.jpg;200;2425;3000;3838;4749;https://iiif.irht.cnrs.fr/iiif/ark:/63955/vqbzel9vn1z2/full/1200,/0/default.jpg;200;1200;1485;https://iiif.irht.cnrs.fr/iiif/VOLUME1/France/Paris/Archives_nationales/FRAN_0021_JJ113/DEPOT/FRAN_0021_7661_A/full/full/0/default.jpg;https://iiif.irht.cnrs.fr/iiif/VOLUME1/France/Paris/Archives_nationales/FRAN_0021_JJ113/DEPOT/FRAN_0021_7661_A/full/1200,/0/default.jpg;Paris_Archives_Nationales_JJ113_0209.jpg;True;c976cb85042ffbcd451ef8495ab416fd
https://api.irht.cnrs.fr/ark:/63955/f1ruw5rqihr9/manifest.json;https://arca.irht.cnrs.fr/iiif/128415/canvas/canvas-4390939;104v;https://iiif.irht.cnrs.fr/iiif/ark:/63955/v62fijfel4ts/full/full/0/default.jpg;200;2335;3000;3706;4761;https://iiif.irht.cnrs.fr/iiif/ark:/63955/v62fijfel4ts/full/1200,/0/default.jpg;200;1200;1542;https://iiif.irht.cnrs.fr/iiif/VOLUME1/France/Paris/Archives_nationales/FRAN_0021_JJ113/DEPOT/FRAN_0021_7662_A/full/full/0/default.jpg;https://iiif.irht.cnrs.fr/iiif/VOLUME1/France/Paris/Archives_nationales/FRAN_0021_JJ113/DEPOT/FRAN_0021_7662_A/full/1200,/0/default.jpg;Paris_Archives_Nationales_JJ113_0210.jpg;True;378130a2bd4f1d0ea7bb9cda2b4dc4b4
https://api.irht.cnrs.fr/ark:/63955/f1ruw5rqihr9/manifest.json;https://arca.irht.cnrs.fr/iiif/128415/canvas/canvas-4390940;105r;https://iiif.irht.cnrs.fr/iiif/ark:/63955/vl1mdzkk9wak/full/full/0/default.jpg;200;2425;3000;3838;4749;https://iiif.irht.cnrs.fr/iiif/ark:/63955/vl1mdzkk9wak/full/1200,/0/default.jpg;200;1200;1485;https://iiif.irht.cnrs.fr/iiif/VOLUME1/France/Paris/Archives_nationales/FRAN_0021_JJ113/DEPOT/FRAN_0021_7663_A/full/full/0/default.jpg;https://iiif.irht.cnrs.fr/iiif/VOLUME1/France/Paris/Archives_nationales/FRAN_0021_JJ113/DEPOT/FRAN_0021_7663_A/full/1200,/0/default.jpg;Paris_Archives_Nationales_JJ113_0211.jpg;True;2995ce2c55bf69fae5958ea4e21d130b
https://api.irht.cnrs.fr/ark:/63955/f1ruw5rqihr9/manifest.json;https://arca.irht.cnrs.fr/iiif/128415/canvas/canvas-4390941;105v;https://iiif.irht.cnrs.fr/iiif/ark:/63955/vwp65lt6kwcn/full/full/0/default.jpg;200;2335;3000;3706;4761;https://iiif.irht.cnrs.fr/iiif/ark:/63955/vwp65lt6kwcn/full/1200,/0/default.jpg;200;1200;1542;https://iiif.irht.cnrs.fr/iiif/VOLUME1/France/Paris/Archives_nationales/FRAN_0021_JJ113/DEPOT/FRAN_0021_7664_A/full/full/0/default.jpg;https://iiif.irht.cnrs.fr/iiif/VOLUME1/France/Paris/Archives_nationales/FRAN_0021_JJ113/DEPOT/FRAN_0021_7664_A/full/1200,/0/default.jpg;Paris_Archives_Nationales_JJ113_0212.jpg;True;74195e190cda34e59c48cb94e5bbbc69
https://api.irht.cnrs.fr/ark:/63955/f1ruw5rqihr9/manifest.json;https://arca.irht.cnrs.fr/iiif/128415/canvas/canvas-4390942;106r;https://iiif.irht.cnrs.fr/iiif/ark:/63955/vbv7ratw3lh4/full/full/0/default.jpg;200;2425;3000;3838;4749;https://iiif.irht.cnrs.fr/iiif/ark:/63955/vbv7ratw3lh4/full/1200,/0/default.jpg;200;1200;1485;https://iiif.irht.cnrs.fr/iiif/VOLUME1/France/Paris/Archives_nationales/FRAN_0021_JJ113/DEPOT/FRAN_0021_7665_A/full/full/0/default.jpg;https://iiif.irht.cnrs.fr/iiif/VOLUME1/France/Paris/Archives_nationales/FRAN_0021_JJ113/DEPOT/FRAN_0021_7665_A/full/1200,/0/default.jpg;Paris_Archives_Nationales_JJ113_0213.jpg;True;ebd7c5664644413be02f3acca51e3dde
https://api.irht.cnrs.fr/ark:/63955/f1ruw5rqihr9/manifest.json;https://arca.irht.cnrs.fr/iiif/128415/canvas/canvas-4390943;106v;https://iiif.irht.cnrs.fr/iiif/ark:/63955/v7v3sfcoqwkg/full/full/0/default.jpg;200;2335;3000;3706;4761;https://iiif.irht.cnrs.fr/iiif/ark:/63955/v7v3sfcoqwkg/full/1200,/0/default.jpg;200;1200;1542;https://iiif.irht.cnrs.fr/iiif/VOLUME1/France/Paris/Archives_nationales/FRAN_0021_JJ113/DEPOT/FRAN_0021_7666_A/full/full/0/default.jpg;https://iiif.irht.cnrs.fr/iiif/VOLUME1/France/Paris/Archives_nationales/FRAN_0021_JJ113/DEPOT/FRAN_0021_7666_A/full/1200,/0/default.jpg;Paris_Archives_Nationales_JJ113_0214.jpg;True;7c4945e9a3c390cf7b5a5a18ab424c35
https://api.irht.cnrs.fr/ark:/63955/f1ruw5rqihr9/manifest.json;https://arca.irht.cnrs.fr/iiif/128415/canvas/canvas-4390944;107r;https://iiif.irht.cnrs.fr/iiif/ark:/63955/v2q1wwmt9a45/full/full/0/default.jpg;200;2425;3000;3838;4749;https://iiif.irht.cnrs.fr/iiif/ark:/63955/v2q1wwmt9a45/full/1200,/0/default.jpg;200;1200;1485;https://iiif.irht.cnrs.fr/iiif/VOLUME1/France/Paris/Archives_nationales/FRAN_0021_JJ113/DEPOT/FRAN_0021_7667_A/full/full/0/default.jpg;https://iiif.irht.cnrs.fr/iiif/VOLUME1/France/Paris/Archives_nationales/FRAN_0021_JJ113/DEPOT/FRAN_0021_7667_A/full/1200,/0/default.jpg;Paris_Archives_Nationales_JJ113_0215.jpg;True;beedaf77516275925ad7acc00468378d
https://api.irht.cnrs.fr/ark:/63955/f1ruw5rqihr9/manifest.json;https://arca.irht.cnrs.fr/iiif/128415/canvas/canvas-4390945;107v;https://iiif.irht.cnrs.fr/iiif/ark:/63955/vhwfatiwan36/full/full/0/default.jpg;200;2335;3000;3706;4761;https://iiif.irht.cnrs.fr/iiif/ark:/63955/vhwfatiwan36/full/1200,/0/default.jpg;200;1200;1542;https://iiif.irht.cnrs.fr/iiif/VOLUME1/France/Paris/Archives_nationales/FRAN_0021_JJ113/DEPOT/FRAN_0021_7668_A/full/full/0/default.jpg;https://iiif.irht.cnrs.fr/iiif/VOLUME1/France/Paris/Archives_nationales/FRAN_0021_JJ113/DEPOT/FRAN_0021_7668_A/full/1200,/0/default.jpg;Paris_Archives_Nationales_JJ113_0216.jpg;True;190c7d5377374cccf2375d9583852f72
https://api.irht.cnrs.fr/ark:/63955/f1ruw5rqihr9/manifest.json;https://arca.irht.cnrs.fr/iiif/128415/canvas/canvas-4390946;108r;https://iiif.irht.cnrs.fr/iiif/ark:/63955/vqwm3lc06t3w/full/full/0/default.jpg;200;2425;3000;3838;4749;https://iiif.irht.cnrs.fr/iiif/ark:/63955/vqwm3lc06t3w/full/1200,/0/default.jpg;200;1200;1485;https://iiif.irht.cnrs.fr/iiif/VOLUME1/France/Paris/Archives_nationales/FRAN_0021_JJ113/DEPOT/FRAN_0021_7669_A/full/full/0/default.jpg;https://iiif.irht.cnrs.fr/iiif/VOLUME1/France/Paris/Archives_nationales/FRAN_0021_JJ113/DEPOT/FRAN_0021_7669_A/full/1200,/0/default.jpg;Paris_Archives_Nationales_JJ113_0217.jpg;True;f4e6ffe4f6f1a09cc2e92fbbdc9b99d7
https://api.irht.cnrs.fr/ark:/63955/f1ruw5rqihr9/manifest.json;https://arca.irht.cnrs.fr/iiif/128415/canvas/canvas-4390947;108v;https://iiif.irht.cnrs.fr/iiif/ark:/63955/vuztgs2qx88u/full/full/0/default.jpg;200;2335;3000;3706;4761;https://iiif.irht.cnrs.fr/iiif/ark:/63955/vuztgs2qx88u/full/1200,/0/default.jpg;200;1200;1542;https://iiif.irht.cnrs.fr/iiif/VOLUME1/France/Paris/Archives_nationales/FRAN_0021_JJ113/DEPOT/FRAN_0021_7670_A/full/full/0/default.jpg;https://iiif.irht.cnrs.fr/iiif/VOLUME1/France/Paris/Archives_nationales/FRAN_0021_JJ113/DEPOT/FRAN_0021_7670_A/full/1200,/0/default.jpg;Paris_Archives_Nationales_JJ113_0218.jpg;True;1a72525d666bb74d75fd47c83a8b12fb
https://api.irht.cnrs.fr/ark:/63955/f1ruw5rqihr9/manifest.json;https://arca.irht.cnrs.fr/iiif/128415/canvas/canvas-4390948;109r;https://iiif.irht.cnrs.fr/iiif/ark:/63955/vnin6eyti4jf/full/full/0/default.jpg;200;2425;3000;3838;4749;https://iiif.irht.cnrs.fr/iiif/ark:/63955/vnin6eyti4jf/full/1200,/0/default.jpg;200;1200;1485;https://iiif.irht.cnrs.fr/iiif/VOLUME1/France/Paris/Archives_nationales/FRAN_0021_JJ113/DEPOT/FRAN_0021_7671_A/full/full/0/default.jpg;https://iiif.irht.cnrs.fr/iiif/VOLUME1/France/Paris/Archives_nationales/FRAN_0021_JJ113/DEPOT/FRAN_0021_7671_A/full/1200,/0/default.jpg;Paris_Archives_Nationales_JJ113_0219.jpg;True;99f1beccae568dcc1a7adcfac05fc411
https://api.irht.cnrs.fr/ark:/63955/f1ruw5rqihr9/manifest.json;https://arca.irht.cnrs.fr/iiif/128415/canvas/canvas-4390949;109v;https://iiif.irht.cnrs.fr/iiif/ark:/63955/vqn03n7wq3rq/full/full/0/default.jpg;200;2335;3000;3706;4761;https://iiif.irht.cnrs.fr/iiif/ark:/63955/vqn03n7wq3rq/full/1200,/0/default.jpg;200;1200;1542;https://iiif.irht.cnrs.fr/iiif/VOLUME1/France/Paris/Archives_nationales/FRAN_0021_JJ113/DEPOT/FRAN_0021_7672_A/full/full/0/default.jpg;https://iiif.irht.cnrs.fr/iiif/VOLUME1/France/Paris/Archives_nationales/FRAN_0021_JJ113/DEPOT/FRAN_0021_7672_A/full/1200,/0/default.jpg;Paris_Archives_Nationales_JJ113_0220.jpg;True;492a45b66ea0c8139c66e2b088866c87
https://api.irht.cnrs.fr/ark:/63955/f1ruw5rqihr9/manifest.json;https://arca.irht.cnrs.fr/iiif/128415/canvas/canvas-4390950;110r;https://iiif.irht.cnrs.fr/iiif/ark:/63955/vx8jzzg77bvq/full/full/0/default.jpg;200;2425;3000;3838;4749;https://iiif.irht.cnrs.fr/iiif/ark:/63955/vx8jzzg77bvq/full/1200,/0/default.jpg;200;1200;1485;https://iiif.irht.cnrs.fr/iiif/VOLUME1/France/Paris/Archives_nationales/FRAN_0021_JJ113/DEPOT/FRAN_0021_7673_A/full/full/0/default.jpg;https://iiif.irht.cnrs.fr/iiif/VOLUME1/France/Paris/Archives_nationales/FRAN_0021_JJ113/DEPOT/FRAN_0021_7673_A/full/1200,/0/default.jpg;Paris_Archives_Nationales_JJ113_0221.jpg;True;676a312796296b790fe6cbd6b4e968b1
https://api.irht.cnrs.fr/ark:/63955/f1ruw5rqihr9/manifest.json;https://arca.irht.cnrs.fr/iiif/128415/canvas/canvas-4390951;110v;https://iiif.irht.cnrs.fr/iiif/ark:/63955/vy15wvn0e3r2/full/full/0/default.jpg;200;2332;3000;3724;4791;https://iiif.irht.cnrs.fr/iiif/ark:/63955/vy15wvn0e3r2/full/1200,/0/default.jpg;200;1200;1544;https://iiif.irht.cnrs.fr/iiif/VOLUME1/France/Paris/Archives_nationales/FRAN_0021_JJ113/DEPOT/FRAN_0021_7674_A/full/full/0/default.jpg;https://iiif.irht.cnrs.fr/iiif/VOLUME1/France/Paris/Archives_nationales/FRAN_0021_JJ113/DEPOT/FRAN_0021_7674_A/full/1200,/0/default.jpg;Paris_Archives_Nationales_JJ113_0222.jpg;True;d3807626aed79569972a80e5191e35d0
https://api.irht.cnrs.fr/ark:/63955/f1ruw5rqihr9/manifest.json;https://arca.irht.cnrs.fr/iiif/128415/canvas/canvas-4390952;111r;https://iiif.irht.cnrs.fr/iiif/ark:/63955/v4vpbsgfj6cr/full/full/0/default.jpg;200;2425;3000;3838;4749;https://iiif.irht.cnrs.fr/iiif/ark:/63955/v4vpbsgfj6cr/full/1200,/0/default.jpg;200;1200;1485;https://iiif.irht.cnrs.fr/iiif/VOLUME1/France/Paris/Archives_nationales/FRAN_0021_JJ113/DEPOT/FRAN_0021_7675_A/full/full/0/default.jpg;https://iiif.irht.cnrs.fr/iiif/VOLUME1/France/Paris/Archives_nationales/FRAN_0021_JJ113/DEPOT/FRAN_0021_7675_A/full/1200,/0/default.jpg;Paris_Archives_Nationales_JJ113_0223.jpg;True;a93ffa64e755652900b7353acb4ac80d
https://api.irht.cnrs.fr/ark:/63955/f1ruw5rqihr9/manifest.json;https://arca.irht.cnrs.fr/iiif/128415/canvas/canvas-4390953;111v;https://iiif.irht.cnrs.fr/iiif/ark:/63955/vpcq6kyhgofi/full/full/0/default.jpg;200;2344;3000;3724;4767;https://iiif.irht.cnrs.fr/iiif/ark:/63955/vpcq6kyhgofi/full/1200,/0/default.jpg;200;1200;1536;https://iiif.irht.cnrs.fr/iiif/VOLUME1/France/Paris/Archives_nationales/FRAN_0021_JJ113/DEPOT/FRAN_0021_7676_A/full/full/0/default.jpg;https://iiif.irht.cnrs.fr/iiif/VOLUME1/France/Paris/Archives_nationales/FRAN_0021_JJ113/DEPOT/FRAN_0021_7676_A/full/1200,/0/default.jpg;Paris_Archives_Nationales_JJ113_0224.jpg;True;c5f90a2460ca3eb2fa06c5fb701642c9
https://api.irht.cnrs.fr/ark:/63955/f1ruw5rqihr9/manifest.json;https://arca.irht.cnrs.fr/iiif/128415/canvas/canvas-4390954;112r;https://iiif.irht.cnrs.fr/iiif/ark:/63955/vtcdhdsk4upz/full/full/0/default.jpg;200;2425;3000;3838;4749;https://iiif.irht.cnrs.fr/iiif/ark:/63955/vtcdhdsk4upz/full/1200,/0/default.jpg;200;1200;1485;https://iiif.irht.cnrs.fr/iiif/VOLUME1/France/Paris/Archives_nationales/FRAN_0021_JJ113/DEPOT/FRAN_0021_7677_A/full/full/0/default.jpg;https://iiif.irht.cnrs.fr/iiif/VOLUME1/France/Paris/Archives_nationales/FRAN_0021_JJ113/DEPOT/FRAN_0021_7677_A/full/1200,/0/default.jpg;Paris_Archives_Nationales_JJ113_0225.jpg;True;fc63cc5f93bd30bb8119dcd75855194d
https://api.irht.cnrs.fr/ark:/63955/f1ruw5rqihr9/manifest.json;https://arca.irht.cnrs.fr/iiif/128415/canvas/canvas-4390955;112v;https://iiif.irht.cnrs.fr/iiif/ark:/63955/vj0szgb6t3v6/full/full/0/default.jpg;200;2344;3000;3724;4767;https://iiif.irht.cnrs.fr/iiif/ark:/63955/vj0szgb6t3v6/full/1200,/0/default.jpg;200;1200;1536;https://iiif.irht.cnrs.fr/iiif/VOLUME1/France/Paris/Archives_nationales/FRAN_0021_JJ113/DEPOT/FRAN_0021_7678_A/full/full/0/default.jpg;https://iiif.irht.cnrs.fr/iiif/VOLUME1/France/Paris/Archives_nationales/FRAN_0021_JJ113/DEPOT/FRAN_0021_7678_A/full/1200,/0/default.jpg;Paris_Archives_Nationales_JJ113_0226.jpg;True;a884d3191dd3ac25012286563eeddfbb
https://api.irht.cnrs.fr/ark:/63955/f1ruw5rqihr9/manifest.json;https://arca.irht.cnrs.fr/iiif/128415/canvas/canvas-4390956;113r;https://iiif.irht.cnrs.fr/iiif/ark:/63955/vu2qsk7g0pac/full/full/0/default.jpg;200;2425;3000;3838;4749;https://iiif.irht.cnrs.fr/iiif/ark:/63955/vu2qsk7g0pac/full/1200,/0/default.jpg;200;1200;1485;https://iiif.irht.cnrs.fr/iiif/VOLUME1/France/Paris/Archives_nationales/FRAN_0021_JJ113/DEPOT/FRAN_0021_7679_A/full/full/0/default.jpg;https://iiif.irht.cnrs.fr/iiif/VOLUME1/France/Paris/Archives_nationales/FRAN_0021_JJ113/DEPOT/FRAN_0021_7679_A/full/1200,/0/default.jpg;Paris_Archives_Nationales_JJ113_0227.jpg;True;473f6ddd4b9ae40d2a83b05ebca6d386
https://api.irht.cnrs.fr/ark:/63955/f1ruw5rqihr9/manifest.json;https://arca.irht.cnrs.fr/iiif/128415/canvas/canvas-4390957;113v;https://iiif.irht.cnrs.fr/iiif/ark:/63955/v2rpucuo1t82/full/full/0/default.jpg;200;2344;3000;3724;4767;https://iiif.irht.cnrs.fr/iiif/ark:/63955/v2rpucuo1t82/full/1200,/0/default.jpg;200;1200;1536;https://iiif.irht.cnrs.fr/iiif/VOLUME1/France/Paris/Archives_nationales/FRAN_0021_JJ113/DEPOT/FRAN_0021_7680_A/full/full/0/default.jpg;https://iiif.irht.cnrs.fr/iiif/VOLUME1/France/Paris/Archives_nationales/FRAN_0021_JJ113/DEPOT/FRAN_0021_7680_A/full/1200,/0/default.jpg;Paris_Archives_Nationales_JJ113_0228.jpg;True;222543e3db622ab398dc0e117e702e74
https://api.irht.cnrs.fr/ark:/63955/f1ruw5rqihr9/manifest.json;https://arca.irht.cnrs.fr/iiif/128415/canvas/canvas-4390958;114r;https://iiif.irht.cnrs.fr/iiif/ark:/63955/vm8ixeb19hvc/full/full/0/default.jpg;200;2425;3000;3838;4749;https://iiif.irht.cnrs.fr/iiif/ark:/63955/vm8ixeb19hvc/full/1200,/0/default.jpg;200;1200;1485;https://iiif.irht.cnrs.fr/iiif/VOLUME1/France/Paris/Archives_nationales/FRAN_0021_JJ113/DEPOT/FRAN_0021_7681_A/full/full/0/default.jpg;https://iiif.irht.cnrs.fr/iiif/VOLUME1/France/Paris/Archives_nationales/FRAN_0021_JJ113/DEPOT/FRAN_0021_7681_A/full/1200,/0/default.jpg;Paris_Archives_Nationales_JJ113_0229.jpg;True;2acc0342fa63236d5efa980a142be98a
https://api.irht.cnrs.fr/ark:/63955/f1ruw5rqihr9/manifest.json;https://arca.irht.cnrs.fr/iiif/128415/canvas/canvas-4390959;114v;https://iiif.irht.cnrs.fr/iiif/ark:/63955/v8nwf4w5e976/full/full/0/default.jpg;200;2344;3000;3724;4767;https://iiif.irht.cnrs.fr/iiif/ark:/63955/v8nwf4w5e976/full/1200,/0/default.jpg;200;1200;1536;https://iiif.irht.cnrs.fr/iiif/VOLUME1/France/Paris/Archives_nationales/FRAN_0021_JJ113/DEPOT/FRAN_0021_7682_A/full/full/0/default.jpg;https://iiif.irht.cnrs.fr/iiif/VOLUME1/France/Paris/Archives_nationales/FRAN_0021_JJ113/DEPOT/FRAN_0021_7682_A/full/1200,/0/default.jpg;Paris_Archives_Nationales_JJ113_0230.jpg;True;1c34085dc35cbc8b86677f94c90906a5
https://api.irht.cnrs.fr/ark:/63955/f1ruw5rqihr9/manifest.json;https://arca.irht.cnrs.fr/iiif/128415/canvas/canvas-4390960;115r;https://iiif.irht.cnrs.fr/iiif/ark:/63955/vy1isqkmym86/full/full/0/default.jpg;200;2425;3000;3838;4749;https://iiif.irht.cnrs.fr/iiif/ark:/63955/vy1isqkmym86/full/1200,/0/default.jpg;200;1200;1485;https://iiif.irht.cnrs.fr/iiif/VOLUME1/France/Paris/Archives_nationales/FRAN_0021_JJ113/DEPOT/FRAN_0021_7683_A/full/full/0/default.jpg;https://iiif.irht.cnrs.fr/iiif/VOLUME1/France/Paris/Archives_nationales/FRAN_0021_JJ113/DEPOT/FRAN_0021_7683_A/full/1200,/0/default.jpg;Paris_Archives_Nationales_JJ113_0231.jpg;True;4db9430b5066976ca01999a4ef1e0afc
https://api.irht.cnrs.fr/ark:/63955/f1ruw5rqihr9/manifest.json;https://arca.irht.cnrs.fr/iiif/128415/canvas/canvas-4390961;115v;https://iiif.irht.cnrs.fr/iiif/ark:/63955/v46kg7uy277q/full/full/0/default.jpg;200;2344;3000;3724;4767;https://iiif.irht.cnrs.fr/iiif/ark:/63955/v46kg7uy277q/full/1200,/0/default.jpg;200;1200;1536;https://iiif.irht.cnrs.fr/iiif/VOLUME1/France/Paris/Archives_nationales/FRAN_0021_JJ113/DEPOT/FRAN_0021_7684_A/full/full/0/default.jpg;https://iiif.irht.cnrs.fr/iiif/VOLUME1/France/Paris/Archives_nationales/FRAN_0021_JJ113/DEPOT/FRAN_0021_7684_A/full/1200,/0/default.jpg;Paris_Archives_Nationales_JJ113_0232.jpg;True;fc10ee33b1b4b8f3d09713e621c2af23
https://api.irht.cnrs.fr/ark:/63955/f1ruw5rqihr9/manifest.json;https://arca.irht.cnrs.fr/iiif/128415/canvas/canvas-4390962;116r;https://iiif.irht.cnrs.fr/iiif/ark:/63955/v3nv0sa9zg81/full/full/0/default.jpg;200;2425;3000;3838;4749;https://iiif.irht.cnrs.fr/iiif/ark:/63955/v3nv0sa9zg81/full/1200,/0/default.jpg;200;1200;1485;https://iiif.irht.cnrs.fr/iiif/VOLUME1/France/Paris/Archives_nationales/FRAN_0021_JJ113/DEPOT/FRAN_0021_7685_A/full/full/0/default.jpg;https://iiif.irht.cnrs.fr/iiif/VOLUME1/France/Paris/Archives_nationales/FRAN_0021_JJ113/DEPOT/FRAN_0021_7685_A/full/1200,/0/default.jpg;Paris_Archives_Nationales_JJ113_0233.jpg;True;b786670b60144f00f739b839a9819a13
https://api.irht.cnrs.fr/ark:/63955/f1ruw5rqihr9/manifest.json;https://arca.irht.cnrs.fr/iiif/128415/canvas/canvas-4390963;116v;https://iiif.irht.cnrs.fr/iiif/ark:/63955/vz1sjnq5wxa2/full/full/0/default.jpg;200;2374;3000;3772;4767;https://iiif.irht.cnrs.fr/iiif/ark:/63955/vz1sjnq5wxa2/full/1200,/0/default.jpg;200;1200;1517;https://iiif.irht.cnrs.fr/iiif/VOLUME1/France/Paris/Archives_nationales/FRAN_0021_JJ113/DEPOT/FRAN_0021_7686_A/full/full/0/default.jpg;https://iiif.irht.cnrs.fr/iiif/VOLUME1/France/Paris/Archives_nationales/FRAN_0021_JJ113/DEPOT/FRAN_0021_7686_A/full/1200,/0/default.jpg;Paris_Archives_Nationales_JJ113_0234.jpg;True;a97cc6fedfc2b4db75c85e73f596e217
https://api.irht.cnrs.fr/ark:/63955/f1ruw5rqihr9/manifest.json;https://arca.irht.cnrs.fr/iiif/128415/canvas/canvas-4390964;117r;https://iiif.irht.cnrs.fr/iiif/ark:/63955/viradqdkx4ok/full/full/0/default.jpg;200;2425;3000;3838;4749;https://iiif.irht.cnrs.fr/iiif/ark:/63955/viradqdkx4ok/full/1200,/0/default.jpg;200;1200;1485;https://iiif.irht.cnrs.fr/iiif/VOLUME1/France/Paris/Archives_nationales/FRAN_0021_JJ113/DEPOT/FRAN_0021_7687_A/full/full/0/default.jpg;https://iiif.irht.cnrs.fr/iiif/VOLUME1/France/Paris/Archives_nationales/FRAN_0021_JJ113/DEPOT/FRAN_0021_7687_A/full/1200,/0/default.jpg;Paris_Archives_Nationales_JJ113_0235.jpg;True;a5772ba4aa205b4dea13915b93241a5b
https://api.irht.cnrs.fr/ark:/63955/f1ruw5rqihr9/manifest.json;https://arca.irht.cnrs.fr/iiif/128415/canvas/canvas-4390965;117v;https://iiif.irht.cnrs.fr/iiif/ark:/63955/vzod9ycq7ep8/full/full/0/default.jpg;200;2374;3000;3772;4767;https://iiif.irht.cnrs.fr/iiif/ark:/63955/vzod9ycq7ep8/full/1200,/0/default.jpg;200;1200;1517;https://iiif.irht.cnrs.fr/iiif/VOLUME1/France/Paris/Archives_nationales/FRAN_0021_JJ113/DEPOT/FRAN_0021_7688_A/full/full/0/default.jpg;https://iiif.irht.cnrs.fr/iiif/VOLUME1/France/Paris/Archives_nationales/FRAN_0021_JJ113/DEPOT/FRAN_0021_7688_A/full/1200,/0/default.jpg;Paris_Archives_Nationales_JJ113_0236.jpg;True;2a1418e6e4ffea97d1a80bb266f532cb
https://api.irht.cnrs.fr/ark:/63955/f1ruw5rqihr9/manifest.json;https://arca.irht.cnrs.fr/iiif/128415/canvas/canvas-4390966;118r;https://iiif.irht.cnrs.fr/iiif/ark:/63955/v68wxesupvdg/full/full/0/default.jpg;200;2425;3000;3838;4749;https://iiif.irht.cnrs.fr/iiif/ark:/63955/v68wxesupvdg/full/1200,/0/default.jpg;200;1200;1485;https://iiif.irht.cnrs.fr/iiif/VOLUME1/France/Paris/Archives_nationales/FRAN_0021_JJ113/DEPOT/FRAN_0021_7689_A/full/full/0/default.jpg;https://iiif.irht.cnrs.fr/iiif/VOLUME1/France/Paris/Archives_nationales/FRAN_0021_JJ113/DEPOT/FRAN_0021_7689_A/full/1200,/0/default.jpg;Paris_Archives_Nationales_JJ113_0237.jpg;True;ce34f9f09066ba20ce639cab80d68c80
https://api.irht.cnrs.fr/ark:/63955/f1ruw5rqihr9/manifest.json;https://arca.irht.cnrs.fr/iiif/128415/canvas/canvas-4390967;118v;https://iiif.irht.cnrs.fr/iiif/ark:/63955/v5q6ib4mzpmo/full/full/0/default.jpg;200;2365;3000;3772;4785;https://iiif.irht.cnrs.fr/iiif/ark:/63955/v5q6ib4mzpmo/full/1200,/0/default.jpg;200;1200;1522;https://iiif.irht.cnrs.fr/iiif/VOLUME1/France/Paris/Archives_nationales/FRAN_0021_JJ113/DEPOT/FRAN_0021_7690_A/full/full/0/default.jpg;https://iiif.irht.cnrs.fr/iiif/VOLUME1/France/Paris/Archives_nationales/FRAN_0021_JJ113/DEPOT/FRAN_0021_7690_A/full/1200,/0/default.jpg;Paris_Archives_Nationales_JJ113_0238.jpg;True;1a3c2eee81e4c6a10352b96ba49d4ba8
https://api.irht.cnrs.fr/ark:/63955/f1ruw5rqihr9/manifest.json;https://arca.irht.cnrs.fr/iiif/128415/canvas/canvas-4390968;119r;https://iiif.irht.cnrs.fr/iiif/ark:/63955/v2vnemutb3zk/full/full/0/default.jpg;200;2406;3000;3808;4749;https://iiif.irht.cnrs.fr/iiif/ark:/63955/v2vnemutb3zk/full/1200,/0/default.jpg;200;1200;1497;https://iiif.irht.cnrs.fr/iiif/VOLUME1/France/Paris/Archives_nationales/FRAN_0021_JJ113/DEPOT/FRAN_0021_7691_A/full/full/0/default.jpg;https://iiif.irht.cnrs.fr/iiif/VOLUME1/France/Paris/Archives_nationales/FRAN_0021_JJ113/DEPOT/FRAN_0021_7691_A/full/1200,/0/default.jpg;Paris_Archives_Nationales_JJ113_0239.jpg;True;3218ce65117776a3b2327e8abe907992
https://api.irht.cnrs.fr/ark:/63955/f1ruw5rqihr9/manifest.json;https://arca.irht.cnrs.fr/iiif/128415/canvas/canvas-4390969;119v;https://iiif.irht.cnrs.fr/iiif/ark:/63955/vzwzrrom55sw/full/full/0/default.jpg;200;2365;3000;3772;4785;https://iiif.irht.cnrs.fr/iiif/ark:/63955/vzwzrrom55sw/full/1200,/0/default.jpg;200;1200;1522;https://iiif.irht.cnrs.fr/iiif/VOLUME1/France/Paris/Archives_nationales/FRAN_0021_JJ113/DEPOT/FRAN_0021_7692_A/full/full/0/default.jpg;https://iiif.irht.cnrs.fr/iiif/VOLUME1/France/Paris/Archives_nationales/FRAN_0021_JJ113/DEPOT/FRAN_0021_7692_A/full/1200,/0/default.jpg;Paris_Archives_Nationales_JJ113_0240.jpg;True;c6aea6d1e15b90573c8dfc6e0841e544
https://api.irht.cnrs.fr/ark:/63955/f1ruw5rqihr9/manifest.json;https://arca.irht.cnrs.fr/iiif/128415/canvas/canvas-4390970;120r;https://iiif.irht.cnrs.fr/iiif/ark:/63955/vcb7hy76kw8g/full/full/0/default.jpg;200;2406;3000;3808;4749;https://iiif.irht.cnrs.fr/iiif/ark:/63955/vcb7hy76kw8g/full/1200,/0/default.jpg;200;1200;1497;https://iiif.irht.cnrs.fr/iiif/VOLUME1/France/Paris/Archives_nationales/FRAN_0021_JJ113/DEPOT/FRAN_0021_7693_A/full/full/0/default.jpg;https://iiif.irht.cnrs.fr/iiif/VOLUME1/France/Paris/Archives_nationales/FRAN_0021_JJ113/DEPOT/FRAN_0021_7693_A/full/1200,/0/default.jpg;Paris_Archives_Nationales_JJ113_0241.jpg;True;c9c7dc12a3e343bc8c0d3221840aa6f7
https://api.irht.cnrs.fr/ark:/63955/f1ruw5rqihr9/manifest.json;https://arca.irht.cnrs.fr/iiif/128415/canvas/canvas-4390971;120v;https://iiif.irht.cnrs.fr/iiif/ark:/63955/vjn2egehgyhd/full/full/0/default.jpg;200;2365;3000;3772;4785;https://iiif.irht.cnrs.fr/iiif/ark:/63955/vjn2egehgyhd/full/1200,/0/default.jpg;200;1200;1522;https://iiif.irht.cnrs.fr/iiif/VOLUME1/France/Paris/Archives_nationales/FRAN_0021_JJ113/DEPOT/FRAN_0021_7694_A/full/full/0/default.jpg;https://iiif.irht.cnrs.fr/iiif/VOLUME1/France/Paris/Archives_nationales/FRAN_0021_JJ113/DEPOT/FRAN_0021_7694_A/full/1200,/0/default.jpg;Paris_Archives_Nationales_JJ113_0242.jpg;True;3bf96b04d8198da8ecef24ac607607aa
https://api.irht.cnrs.fr/ark:/63955/f1ruw5rqihr9/manifest.json;https://arca.irht.cnrs.fr/iiif/128415/canvas/canvas-4390972;121r;https://iiif.irht.cnrs.fr/iiif/ark:/63955/vx84mvaso65z/full/full/0/default.jpg;200;2393;3000;3802;4767;https://iiif.irht.cnrs.fr/iiif/ark:/63955/vx84mvaso65z/full/1200,/0/default.jpg;200;1200;1505;https://iiif.irht.cnrs.fr/iiif/VOLUME1/France/Paris/Archives_nationales/FRAN_0021_JJ113/DEPOT/FRAN_0021_7695_A/full/full/0/default.jpg;https://iiif.irht.cnrs.fr/iiif/VOLUME1/France/Paris/Archives_nationales/FRAN_0021_JJ113/DEPOT/FRAN_0021_7695_A/full/1200,/0/default.jpg;Paris_Archives_Nationales_JJ113_0243.jpg;True;795a2e2c3175b29ca088f723dff50770
https://api.irht.cnrs.fr/ark:/63955/f1ruw5rqihr9/manifest.json;https://arca.irht.cnrs.fr/iiif/128415/canvas/canvas-4390973;121v;https://iiif.irht.cnrs.fr/iiif/ark:/63955/vemxlsih0y1o/full/full/0/default.jpg;200;2365;3000;3772;4785;https://iiif.irht.cnrs.fr/iiif/ark:/63955/vemxlsih0y1o/full/1200,/0/default.jpg;200;1200;1522;https://iiif.irht.cnrs.fr/iiif/VOLUME1/France/Paris/Archives_nationales/FRAN_0021_JJ113/DEPOT/FRAN_0021_7696_A/full/full/0/default.jpg;https://iiif.irht.cnrs.fr/iiif/VOLUME1/France/Paris/Archives_nationales/FRAN_0021_JJ113/DEPOT/FRAN_0021_7696_A/full/1200,/0/default.jpg;Paris_Archives_Nationales_JJ113_0244.jpg;True;f7fbb82e4c724cf6864c0ebf44690497
https://api.irht.cnrs.fr/ark:/63955/f1ruw5rqihr9/manifest.json;https://arca.irht.cnrs.fr/iiif/128415/canvas/canvas-4390974;122r;https://iiif.irht.cnrs.fr/iiif/ark:/63955/v1g4fyldfybo/full/full/0/default.jpg;200;2393;3000;3802;4767;https://iiif.irht.cnrs.fr/iiif/ark:/63955/v1g4fyldfybo/full/1200,/0/default.jpg;200;1200;1505;https://iiif.irht.cnrs.fr/iiif/VOLUME1/France/Paris/Archives_nationales/FRAN_0021_JJ113/DEPOT/FRAN_0021_7697_A/full/full/0/default.jpg;https://iiif.irht.cnrs.fr/iiif/VOLUME1/France/Paris/Archives_nationales/FRAN_0021_JJ113/DEPOT/FRAN_0021_7697_A/full/1200,/0/default.jpg;Paris_Archives_Nationales_JJ113_0245.jpg;True;ce116b83ca7c088f8646f37d3d11b967
https://api.irht.cnrs.fr/ark:/63955/f1ruw5rqihr9/manifest.json;https://arca.irht.cnrs.fr/iiif/128415/canvas/canvas-4390975;122v;https://iiif.irht.cnrs.fr/iiif/ark:/63955/v3ykdr8kw8yi/full/full/0/default.jpg;200;2365;3000;3772;4785;https://iiif.irht.cnrs.fr/iiif/ark:/63955/v3ykdr8kw8yi/full/1200,/0/default.jpg;200;1200;1522;https://iiif.irht.cnrs.fr/iiif/VOLUME1/France/Paris/Archives_nationales/FRAN_0021_JJ113/DEPOT/FRAN_0021_7698_A/full/full/0/default.jpg;https://iiif.irht.cnrs.fr/iiif/VOLUME1/France/Paris/Archives_nationales/FRAN_0021_JJ113/DEPOT/FRAN_0021_7698_A/full/1200,/0/default.jpg;Paris_Archives_Nationales_JJ113_0246.jpg;True;2ca5ed3ab36c65c23594537cb6c786e9
https://api.irht.cnrs.fr/ark:/63955/f1ruw5rqihr9/manifest.json;https://arca.irht.cnrs.fr/iiif/128415/canvas/canvas-4390976;123r;https://iiif.irht.cnrs.fr/iiif/ark:/63955/v5jbn1cm30nk/full/full/0/default.jpg;200;2393;3000;3802;4767;https://iiif.irht.cnrs.fr/iiif/ark:/63955/v5jbn1cm30nk/full/1200,/0/default.jpg;200;1200;1505;https://iiif.irht.cnrs.fr/iiif/VOLUME1/France/Paris/Archives_nationales/FRAN_0021_JJ113/DEPOT/FRAN_0021_7699_A/full/full/0/default.jpg;https://iiif.irht.cnrs.fr/iiif/VOLUME1/France/Paris/Archives_nationales/FRAN_0021_JJ113/DEPOT/FRAN_0021_7699_A/full/1200,/0/default.jpg;Paris_Archives_Nationales_JJ113_0247.jpg;True;5a3ddaae02989783c576d7ccf84a2253
https://api.irht.cnrs.fr/ark:/63955/f1ruw5rqihr9/manifest.json;https://arca.irht.cnrs.fr/iiif/128415/canvas/canvas-4390977;123v;https://iiif.irht.cnrs.fr/iiif/ark:/63955/v52iqgxosmrq/full/full/0/default.jpg;200;2365;3000;3772;4785;https://iiif.irht.cnrs.fr/iiif/ark:/63955/v52iqgxosmrq/full/1200,/0/default.jpg;200;1200;1522;https://iiif.irht.cnrs.fr/iiif/VOLUME1/France/Paris/Archives_nationales/FRAN_0021_JJ113/DEPOT/FRAN_0021_7700_A/full/full/0/default.jpg;https://iiif.irht.cnrs.fr/iiif/VOLUME1/France/Paris/Archives_nationales/FRAN_0021_JJ113/DEPOT/FRAN_0021_7700_A/full/1200,/0/default.jpg;Paris_Archives_Nationales_JJ113_0248.jpg;True;982a626535820e2d7515951e87b209e2
https://api.irht.cnrs.fr/ark:/63955/f1ruw5rqihr9/manifest.json;https://arca.irht.cnrs.fr/iiif/128415/canvas/canvas-4390978;124r;https://iiif.irht.cnrs.fr/iiif/ark:/63955/v65hfpdnnwt7/full/full/0/default.jpg;200;2370;3000;3766;4767;https://iiif.irht.cnrs.fr/iiif/ark:/63955/v65hfpdnnwt7/full/1200,/0/default.jpg;200;1200;1519;https://iiif.irht.cnrs.fr/iiif/VOLUME1/France/Paris/Archives_nationales/FRAN_0021_JJ113/DEPOT/FRAN_0021_7701_A/full/full/0/default.jpg;https://iiif.irht.cnrs.fr/iiif/VOLUME1/France/Paris/Archives_nationales/FRAN_0021_JJ113/DEPOT/FRAN_0021_7701_A/full/1200,/0/default.jpg;Paris_Archives_Nationales_JJ113_0249.jpg;True;3604391698f0f0bb875ab9ad076b6dc7
https://api.irht.cnrs.fr/ark:/63955/f1ruw5rqihr9/manifest.json;https://arca.irht.cnrs.fr/iiif/128415/canvas/canvas-4390979;124v;https://iiif.irht.cnrs.fr/iiif/ark:/63955/v7h9j3dkrxpt/full/full/0/default.jpg;200;2365;3000;3772;4785;https://iiif.irht.cnrs.fr/iiif/ark:/63955/v7h9j3dkrxpt/full/1200,/0/default.jpg;200;1200;1522;https://iiif.irht.cnrs.fr/iiif/VOLUME1/France/Paris/Archives_nationales/FRAN_0021_JJ113/DEPOT/FRAN_0021_7702_A/full/full/0/default.jpg;https://iiif.irht.cnrs.fr/iiif/VOLUME1/France/Paris/Archives_nationales/FRAN_0021_JJ113/DEPOT/FRAN_0021_7702_A/full/1200,/0/default.jpg;Paris_Archives_Nationales_JJ113_0250.jpg;True;261418b128e21a7dc904a6f7ac7d71c7
https://api.irht.cnrs.fr/ark:/63955/f1ruw5rqihr9/manifest.json;https://arca.irht.cnrs.fr/iiif/128415/canvas/canvas-4390980;125r;https://iiif.irht.cnrs.fr/iiif/ark:/63955/vgfae420wt71/full/full/0/default.jpg;200;2370;3000;3766;4767;https://iiif.irht.cnrs.fr/iiif/ark:/63955/vgfae420wt71/full/1200,/0/default.jpg;200;1200;1519;https://iiif.irht.cnrs.fr/iiif/VOLUME1/France/Paris/Archives_nationales/FRAN_0021_JJ113/DEPOT/FRAN_0021_7703_A/full/full/0/default.jpg;https://iiif.irht.cnrs.fr/iiif/VOLUME1/France/Paris/Archives_nationales/FRAN_0021_JJ113/DEPOT/FRAN_0021_7703_A/full/1200,/0/default.jpg;Paris_Archives_Nationales_JJ113_0251.jpg;True;da5c40cbd6e84441929ab2773e920e11
https://api.irht.cnrs.fr/ark:/63955/f1ruw5rqihr9/manifest.json;https://arca.irht.cnrs.fr/iiif/128415/canvas/canvas-4390981;125v;https://iiif.irht.cnrs.fr/iiif/ark:/63955/vamro9fl2ntj/full/full/0/default.jpg;200;2365;3000;3772;4785;https://iiif.irht.cnrs.fr/iiif/ark:/63955/vamro9fl2ntj/full/1200,/0/default.jpg;200;1200;1522;https://iiif.irht.cnrs.fr/iiif/VOLUME1/France/Paris/Archives_nationales/FRAN_0021_JJ113/DEPOT/FRAN_0021_7704_A/full/full/0/default.jpg;https://iiif.irht.cnrs.fr/iiif/VOLUME1/France/Paris/Archives_nationales/FRAN_0021_JJ113/DEPOT/FRAN_0021_7704_A/full/1200,/0/default.jpg;Paris_Archives_Nationales_JJ113_0252.jpg;True;8ff482f232719d5d8bb31ea954e8803d
https://api.irht.cnrs.fr/ark:/63955/f1ruw5rqihr9/manifest.json;https://arca.irht.cnrs.fr/iiif/128415/canvas/canvas-4390982;126r;https://iiif.irht.cnrs.fr/iiif/ark:/63955/vwcnawe7l8o1/full/full/0/default.jpg;200;2388;3000;3766;4731;https://iiif.irht.cnrs.fr/iiif/ark:/63955/vwcnawe7l8o1/full/1200,/0/default.jpg;200;1200;1507;https://iiif.irht.cnrs.fr/iiif/VOLUME1/France/Paris/Archives_nationales/FRAN_0021_JJ113/DEPOT/FRAN_0021_7705_A/full/full/0/default.jpg;https://iiif.irht.cnrs.fr/iiif/VOLUME1/France/Paris/Archives_nationales/FRAN_0021_JJ113/DEPOT/FRAN_0021_7705_A/full/1200,/0/default.jpg;Paris_Archives_Nationales_JJ113_0253.jpg;True;4286be5802395d6314a85e199b1b5567
https://api.irht.cnrs.fr/ark:/63955/f1ruw5rqihr9/manifest.json;https://arca.irht.cnrs.fr/iiif/128415/canvas/canvas-4390983;126v;https://iiif.irht.cnrs.fr/iiif/ark:/63955/vi25k22d93ov/full/full/0/default.jpg;200;2306;3000;3641;4737;https://iiif.irht.cnrs.fr/iiif/ark:/63955/vi25k22d93ov/full/1200,/0/default.jpg;200;1200;1561;https://iiif.irht.cnrs.fr/iiif/VOLUME1/France/Paris/Archives_nationales/FRAN_0021_JJ113/DEPOT/FRAN_0021_7706_A/full/full/0/default.jpg;https://iiif.irht.cnrs.fr/iiif/VOLUME1/France/Paris/Archives_nationales/FRAN_0021_JJ113/DEPOT/FRAN_0021_7706_A/full/1200,/0/default.jpg;Paris_Archives_Nationales_JJ113_0254.jpg;True;de029cf9f54b2a91ca031a2989e4b8f7
https://api.irht.cnrs.fr/ark:/63955/f1ruw5rqihr9/manifest.json;https://arca.irht.cnrs.fr/iiif/128415/canvas/canvas-4390984;127r;https://iiif.irht.cnrs.fr/iiif/ark:/63955/vvd5ay8xrru4/full/full/0/default.jpg;200;2406;3000;3814;4755;https://iiif.irht.cnrs.fr/iiif/ark:/63955/vvd5ay8xrru4/full/1200,/0/default.jpg;200;1200;1496;https://iiif.irht.cnrs.fr/iiif/VOLUME1/France/Paris/Archives_nationales/FRAN_0021_JJ113/DEPOT/FRAN_0021_7707_A/full/full/0/default.jpg;https://iiif.irht.cnrs.fr/iiif/VOLUME1/France/Paris/Archives_nationales/FRAN_0021_JJ113/DEPOT/FRAN_0021_7707_A/full/1200,/0/default.jpg;Paris_Archives_Nationales_JJ113_0255.jpg;True;7f9abfce6eabef7a9fa0eb48b8435dfd
https://api.irht.cnrs.fr/ark:/63955/f1ruw5rqihr9/manifest.json;https://arca.irht.cnrs.fr/iiif/128415/canvas/canvas-4390985;127v;https://iiif.irht.cnrs.fr/iiif/ark:/63955/ve51tdn11oj3/full/full/0/default.jpg;200;2306;3000;3641;4737;https://iiif.irht.cnrs.fr/iiif/ark:/63955/ve51tdn11oj3/full/1200,/0/default.jpg;200;1200;1561;https://iiif.irht.cnrs.fr/iiif/VOLUME1/France/Paris/Archives_nationales/FRAN_0021_JJ113/DEPOT/FRAN_0021_7708_A/full/full/0/default.jpg;https://iiif.irht.cnrs.fr/iiif/VOLUME1/France/Paris/Archives_nationales/FRAN_0021_JJ113/DEPOT/FRAN_0021_7708_A/full/1200,/0/default.jpg;Paris_Archives_Nationales_JJ113_0256.jpg;True;e64fb10db67d34bf721aa0acc491c9b7
https://api.irht.cnrs.fr/ark:/63955/f1ruw5rqihr9/manifest.json;https://arca.irht.cnrs.fr/iiif/128415/canvas/canvas-4390986;128r;https://iiif.irht.cnrs.fr/iiif/ark:/63955/vu45wif07bwk/full/full/0/default.jpg;200;2406;3000;3814;4755;https://iiif.irht.cnrs.fr/iiif/ark:/63955/vu45wif07bwk/full/1200,/0/default.jpg;200;1200;1496;https://iiif.irht.cnrs.fr/iiif/VOLUME1/France/Paris/Archives_nationales/FRAN_0021_JJ113/DEPOT/FRAN_0021_7709_A/full/full/0/default.jpg;https://iiif.irht.cnrs.fr/iiif/VOLUME1/France/Paris/Archives_nationales/FRAN_0021_JJ113/DEPOT/FRAN_0021_7709_A/full/1200,/0/default.jpg;Paris_Archives_Nationales_JJ113_0257.jpg;True;8466cbd93c09a4294b193480bcd9ba3e
https://api.irht.cnrs.fr/ark:/63955/f1ruw5rqihr9/manifest.json;https://arca.irht.cnrs.fr/iiif/128415/canvas/canvas-4390987;128v;https://iiif.irht.cnrs.fr/iiif/ark:/63955/vg6jo4bgzgv4/full/full/0/default.jpg;200;2317;3000;3659;4737;https://iiif.irht.cnrs.fr/iiif/ark:/63955/vg6jo4bgzgv4/full/1200,/0/default.jpg;200;1200;1554;https://iiif.irht.cnrs.fr/iiif/VOLUME1/France/Paris/Archives_nationales/FRAN_0021_JJ113/DEPOT/FRAN_0021_7710_A/full/full/0/default.jpg;https://iiif.irht.cnrs.fr/iiif/VOLUME1/France/Paris/Archives_nationales/FRAN_0021_JJ113/DEPOT/FRAN_0021_7710_A/full/1200,/0/default.jpg;Paris_Archives_Nationales_JJ113_0258.jpg;True;d21790d93c67f4308093d05cec1d8eef
https://api.irht.cnrs.fr/ark:/63955/f1ruw5rqihr9/manifest.json;https://arca.irht.cnrs.fr/iiif/128415/canvas/canvas-4390988;129r;https://iiif.irht.cnrs.fr/iiif/ark:/63955/vhph4qjtamof/full/full/0/default.jpg;200;2406;3000;3814;4755;https://iiif.irht.cnrs.fr/iiif/ark:/63955/vhph4qjtamof/full/1200,/0/default.jpg;200;1200;1496;https://iiif.irht.cnrs.fr/iiif/VOLUME1/France/Paris/Archives_nationales/FRAN_0021_JJ113/DEPOT/FRAN_0021_7711_A/full/full/0/default.jpg;https://iiif.irht.cnrs.fr/iiif/VOLUME1/France/Paris/Archives_nationales/FRAN_0021_JJ113/DEPOT/FRAN_0021_7711_A/full/1200,/0/default.jpg;Paris_Archives_Nationales_JJ113_0259.jpg;True;4c31c81565e982b9dc83cb912ac44b59
https://api.irht.cnrs.fr/ark:/63955/f1ruw5rqihr9/manifest.json;https://arca.irht.cnrs.fr/iiif/128415/canvas/canvas-4390989;129v;https://iiif.irht.cnrs.fr/iiif/ark:/63955/vskx7l5jhpzo/full/full/0/default.jpg;200;2317;3000;3659;4737;https://iiif.irht.cnrs.fr/iiif/ark:/63955/vskx7l5jhpzo/full/1200,/0/default.jpg;200;1200;1554;https://iiif.irht.cnrs.fr/iiif/VOLUME1/France/Paris/Archives_nationales/FRAN_0021_JJ113/DEPOT/FRAN_0021_7712_A/full/full/0/default.jpg;https://iiif.irht.cnrs.fr/iiif/VOLUME1/France/Paris/Archives_nationales/FRAN_0021_JJ113/DEPOT/FRAN_0021_7712_A/full/1200,/0/default.jpg;Paris_Archives_Nationales_JJ113_0260.jpg;True;00b3413fcded0a8cee956edc1c0c70b7
https://api.irht.cnrs.fr/ark:/63955/f1ruw5rqihr9/manifest.json;https://arca.irht.cnrs.fr/iiif/128415/canvas/canvas-4390990;130r;https://iiif.irht.cnrs.fr/iiif/ark:/63955/v9osl5s11wjq/full/full/0/default.jpg;200;2406;3000;3814;4755;https://iiif.irht.cnrs.fr/iiif/ark:/63955/v9osl5s11wjq/full/1200,/0/default.jpg;200;1200;1496;https://iiif.irht.cnrs.fr/iiif/VOLUME1/France/Paris/Archives_nationales/FRAN_0021_JJ113/DEPOT/FRAN_0021_7713_A/full/full/0/default.jpg;https://iiif.irht.cnrs.fr/iiif/VOLUME1/France/Paris/Archives_nationales/FRAN_0021_JJ113/DEPOT/FRAN_0021_7713_A/full/1200,/0/default.jpg;Paris_Archives_Nationales_JJ113_0261.jpg;True;92a380460f95ab55fa77088cbdc899e7
https://api.irht.cnrs.fr/ark:/63955/f1ruw5rqihr9/manifest.json;https://arca.irht.cnrs.fr/iiif/128415/canvas/canvas-4390991;130v;https://iiif.irht.cnrs.fr/iiif/ark:/63955/veogxhrk56cq/full/full/0/default.jpg;200;2317;3000;3659;4737;https://iiif.irht.cnrs.fr/iiif/ark:/63955/veogxhrk56cq/full/1200,/0/default.jpg;200;1200;1554;https://iiif.irht.cnrs.fr/iiif/VOLUME1/France/Paris/Archives_nationales/FRAN_0021_JJ113/DEPOT/FRAN_0021_7714_A/full/full/0/default.jpg;https://iiif.irht.cnrs.fr/iiif/VOLUME1/France/Paris/Archives_nationales/FRAN_0021_JJ113/DEPOT/FRAN_0021_7714_A/full/1200,/0/default.jpg;Paris_Archives_Nationales_JJ113_0262.jpg;True;34533ca219babd58f09ed71586cc86e4
https://api.irht.cnrs.fr/ark:/63955/f1ruw5rqihr9/manifest.json;https://arca.irht.cnrs.fr/iiif/128415/canvas/canvas-4390992;131r;https://iiif.irht.cnrs.fr/iiif/ark:/63955/v4kc93uz3i8s/full/full/0/default.jpg;200;2406;3000;3814;4755;https://iiif.irht.cnrs.fr/iiif/ark:/63955/v4kc93uz3i8s/full/1200,/0/default.jpg;200;1200;1496;https://iiif.irht.cnrs.fr/iiif/VOLUME1/France/Paris/Archives_nationales/FRAN_0021_JJ113/DEPOT/FRAN_0021_7715_A/full/full/0/default.jpg;https://iiif.irht.cnrs.fr/iiif/VOLUME1/France/Paris/Archives_nationales/FRAN_0021_JJ113/DEPOT/FRAN_0021_7715_A/full/1200,/0/default.jpg;Paris_Archives_Nationales_JJ113_0263.jpg;True;79fcf6b1d02ec35bea3b87d395adf682
https://api.irht.cnrs.fr/ark:/63955/f1ruw5rqihr9/manifest.json;https://arca.irht.cnrs.fr/iiif/128415/canvas/canvas-4390993;131v;https://iiif.irht.cnrs.fr/iiif/ark:/63955/vbux3wy0fpf3/full/full/0/default.jpg;200;2317;3000;3659;4737;https://iiif.irht.cnrs.fr/iiif/ark:/63955/vbux3wy0fpf3/full/1200,/0/default.jpg;200;1200;1554;https://iiif.irht.cnrs.fr/iiif/VOLUME1/France/Paris/Archives_nationales/FRAN_0021_JJ113/DEPOT/FRAN_0021_7716_A/full/full/0/default.jpg;https://iiif.irht.cnrs.fr/iiif/VOLUME1/France/Paris/Archives_nationales/FRAN_0021_JJ113/DEPOT/FRAN_0021_7716_A/full/1200,/0/default.jpg;Paris_Archives_Nationales_JJ113_0264.jpg;True;6c4cea84eb7772644c520b1d9a83ed27
https://api.irht.cnrs.fr/ark:/63955/f1ruw5rqihr9/manifest.json;https://arca.irht.cnrs.fr/iiif/128415/canvas/canvas-4390994;132r;https://iiif.irht.cnrs.fr/iiif/ark:/63955/v5dlxyq3ah7v/full/full/0/default.jpg;200;2406;3000;3814;4755;https://iiif.irht.cnrs.fr/iiif/ark:/63955/v5dlxyq3ah7v/full/1200,/0/default.jpg;200;1200;1496;https://iiif.irht.cnrs.fr/iiif/VOLUME1/France/Paris/Archives_nationales/FRAN_0021_JJ113/DEPOT/FRAN_0021_7717_A/full/full/0/default.jpg;https://iiif.irht.cnrs.fr/iiif/VOLUME1/France/Paris/Archives_nationales/FRAN_0021_JJ113/DEPOT/FRAN_0021_7717_A/full/1200,/0/default.jpg;Paris_Archives_Nationales_JJ113_0265.jpg;True;0b4dbfc1dd5d30781bcd597e48ba438f
https://api.irht.cnrs.fr/ark:/63955/f1ruw5rqihr9/manifest.json;https://arca.irht.cnrs.fr/iiif/128415/canvas/canvas-4390995;132v;https://iiif.irht.cnrs.fr/iiif/ark:/63955/vugyof17ouij/full/full/0/default.jpg;200;2317;3000;3659;4737;https://iiif.irht.cnrs.fr/iiif/ark:/63955/vugyof17ouij/full/1200,/0/default.jpg;200;1200;1554;https://iiif.irht.cnrs.fr/iiif/VOLUME1/France/Paris/Archives_nationales/FRAN_0021_JJ113/DEPOT/FRAN_0021_7718_A/full/full/0/default.jpg;https://iiif.irht.cnrs.fr/iiif/VOLUME1/France/Paris/Archives_nationales/FRAN_0021_JJ113/DEPOT/FRAN_0021_7718_A/full/1200,/0/default.jpg;Paris_Archives_Nationales_JJ113_0266.jpg;True;09d9598a4a68dd3ddce265c28657889d
https://api.irht.cnrs.fr/ark:/63955/f1ruw5rqihr9/manifest.json;https://arca.irht.cnrs.fr/iiif/128415/canvas/canvas-4390996;133r;https://iiif.irht.cnrs.fr/iiif/ark:/63955/vrmfqnuf3xlh/full/full/0/default.jpg;200;2419;3000;3814;4731;https://iiif.irht.cnrs.fr/iiif/ark:/63955/vrmfqnuf3xlh/full/1200,/0/default.jpg;200;1200;1489;https://iiif.irht.cnrs.fr/iiif/VOLUME1/France/Paris/Archives_nationales/FRAN_0021_JJ113/DEPOT/FRAN_0021_7719_A/full/full/0/default.jpg;https://iiif.irht.cnrs.fr/iiif/VOLUME1/France/Paris/Archives_nationales/FRAN_0021_JJ113/DEPOT/FRAN_0021_7719_A/full/1200,/0/default.jpg;Paris_Archives_Nationales_JJ113_0267.jpg;True;3a75f11f85bb12c697cc368a79d5fb52
https://api.irht.cnrs.fr/ark:/63955/f1ruw5rqihr9/manifest.json;https://arca.irht.cnrs.fr/iiif/128415/canvas/canvas-4390997;133v;https://iiif.irht.cnrs.fr/iiif/ark:/63955/viif9lqrtlla/full/full/0/default.jpg;200;2317;3000;3659;4737;https://iiif.irht.cnrs.fr/iiif/ark:/63955/viif9lqrtlla/full/1200,/0/default.jpg;200;1200;1554;https://iiif.irht.cnrs.fr/iiif/VOLUME1/France/Paris/Archives_nationales/FRAN_0021_JJ113/DEPOT/FRAN_0021_7720_A/full/full/0/default.jpg;https://iiif.irht.cnrs.fr/iiif/VOLUME1/France/Paris/Archives_nationales/FRAN_0021_JJ113/DEPOT/FRAN_0021_7720_A/full/1200,/0/default.jpg;Paris_Archives_Nationales_JJ113_0268.jpg;True;4f3ab203520b7af17d74409f254cb754
https://api.irht.cnrs.fr/ark:/63955/f1ruw5rqihr9/manifest.json;https://arca.irht.cnrs.fr/iiif/128415/canvas/canvas-4390998;134r;https://iiif.irht.cnrs.fr/iiif/ark:/63955/vjaqlhefzy7m/full/full/0/default.jpg;200;2419;3000;3814;4731;https://iiif.irht.cnrs.fr/iiif/ark:/63955/vjaqlhefzy7m/full/1200,/0/default.jpg;200;1200;1489;https://iiif.irht.cnrs.fr/iiif/VOLUME1/France/Paris/Archives_nationales/FRAN_0021_JJ113/DEPOT/FRAN_0021_7721_A/full/full/0/default.jpg;https://iiif.irht.cnrs.fr/iiif/VOLUME1/France/Paris/Archives_nationales/FRAN_0021_JJ113/DEPOT/FRAN_0021_7721_A/full/1200,/0/default.jpg;Paris_Archives_Nationales_JJ113_0269.jpg;True;fab8fb27ccfca354c61d92b3dfb9f723
https://api.irht.cnrs.fr/ark:/63955/f1ruw5rqihr9/manifest.json;https://arca.irht.cnrs.fr/iiif/128415/canvas/canvas-4390999;134v;https://iiif.irht.cnrs.fr/iiif/ark:/63955/vdxa7dd5zuoh/full/full/0/default.jpg;200;2336;3000;3689;4737;https://iiif.irht.cnrs.fr/iiif/ark:/63955/vdxa7dd5zuoh/full/1200,/0/default.jpg;200;1200;1541;https://iiif.irht.cnrs.fr/iiif/VOLUME1/France/Paris/Archives_nationales/FRAN_0021_JJ113/DEPOT/FRAN_0021_7722_A/full/full/0/default.jpg;https://iiif.irht.cnrs.fr/iiif/VOLUME1/France/Paris/Archives_nationales/FRAN_0021_JJ113/DEPOT/FRAN_0021_7722_A/full/1200,/0/default.jpg;Paris_Archives_Nationales_JJ113_0270.jpg;True;276e0fbd720ba2b9a0d349ed2510b9d2
https://api.irht.cnrs.fr/ark:/63955/f1ruw5rqihr9/manifest.json;https://arca.irht.cnrs.fr/iiif/128415/canvas/canvas-4391000;135r;https://iiif.irht.cnrs.fr/iiif/ark:/63955/v9y3zqwkc74m/full/full/0/default.jpg;200;2419;3000;3814;4731;https://iiif.irht.cnrs.fr/iiif/ark:/63955/v9y3zqwkc74m/full/1200,/0/default.jpg;200;1200;1489;https://iiif.irht.cnrs.fr/iiif/VOLUME1/France/Paris/Archives_nationales/FRAN_0021_JJ113/DEPOT/FRAN_0021_7723_A/full/full/0/default.jpg;https://iiif.irht.cnrs.fr/iiif/VOLUME1/France/Paris/Archives_nationales/FRAN_0021_JJ113/DEPOT/FRAN_0021_7723_A/full/1200,/0/default.jpg;Paris_Archives_Nationales_JJ113_0271.jpg;True;60cdfc04b9b2853014d1ea0e2f990618
https://api.irht.cnrs.fr/ark:/63955/f1ruw5rqihr9/manifest.json;https://arca.irht.cnrs.fr/iiif/128415/canvas/canvas-4391001;135v;https://iiif.irht.cnrs.fr/iiif/ark:/63955/vxq3c53adqnb/full/full/0/default.jpg;200;2336;3000;3689;4737;https://iiif.irht.cnrs.fr/iiif/ark:/63955/vxq3c53adqnb/full/1200,/0/default.jpg;200;1200;1541;https://iiif.irht.cnrs.fr/iiif/VOLUME1/France/Paris/Archives_nationales/FRAN_0021_JJ113/DEPOT/FRAN_0021_7724_A/full/full/0/default.jpg;https://iiif.irht.cnrs.fr/iiif/VOLUME1/France/Paris/Archives_nationales/FRAN_0021_JJ113/DEPOT/FRAN_0021_7724_A/full/1200,/0/default.jpg;Paris_Archives_Nationales_JJ113_0272.jpg;True;341476761b921a997c7e46d3e803e3f6
https://api.irht.cnrs.fr/ark:/63955/f1ruw5rqihr9/manifest.json;https://arca.irht.cnrs.fr/iiif/128415/canvas/canvas-4391002;136r;https://iiif.irht.cnrs.fr/iiif/ark:/63955/v0vod1n8q5ip/full/full/0/default.jpg;200;2419;3000;3814;4731;https://iiif.irht.cnrs.fr/iiif/ark:/63955/v0vod1n8q5ip/full/1200,/0/default.jpg;200;1200;1489;https://iiif.irht.cnrs.fr/iiif/VOLUME1/France/Paris/Archives_nationales/FRAN_0021_JJ113/DEPOT/FRAN_0021_7725_A/full/full/0/default.jpg;https://iiif.irht.cnrs.fr/iiif/VOLUME1/France/Paris/Archives_nationales/FRAN_0021_JJ113/DEPOT/FRAN_0021_7725_A/full/1200,/0/default.jpg;Paris_Archives_Nationales_JJ113_0273.jpg;True;504789d2c598e20f530b143e4068b42e
https://api.irht.cnrs.fr/ark:/63955/f1ruw5rqihr9/manifest.json;https://arca.irht.cnrs.fr/iiif/128415/canvas/canvas-4391003;136v;https://iiif.irht.cnrs.fr/iiif/ark:/63955/v8hf52rc7e9x/full/full/0/default.jpg;200;2336;3000;3689;4737;https://iiif.irht.cnrs.fr/iiif/ark:/63955/v8hf52rc7e9x/full/1200,/0/default.jpg;200;1200;1541;https://iiif.irht.cnrs.fr/iiif/VOLUME1/France/Paris/Archives_nationales/FRAN_0021_JJ113/DEPOT/FRAN_0021_7726_A/full/full/0/default.jpg;https://iiif.irht.cnrs.fr/iiif/VOLUME1/France/Paris/Archives_nationales/FRAN_0021_JJ113/DEPOT/FRAN_0021_7726_A/full/1200,/0/default.jpg;Paris_Archives_Nationales_JJ113_0274.jpg;True;edeeceb3c15e8f9d8ed8de3dd7e03677
https://api.irht.cnrs.fr/ark:/63955/f1ruw5rqihr9/manifest.json;https://arca.irht.cnrs.fr/iiif/128415/canvas/canvas-4391004;137r;https://iiif.irht.cnrs.fr/iiif/ark:/63955/vhl3lwhbksbf/full/full/0/default.jpg;200;2419;3000;3814;4731;https://iiif.irht.cnrs.fr/iiif/ark:/63955/vhl3lwhbksbf/full/1200,/0/default.jpg;200;1200;1489;https://iiif.irht.cnrs.fr/iiif/VOLUME1/France/Paris/Archives_nationales/FRAN_0021_JJ113/DEPOT/FRAN_0021_7727_A/full/full/0/default.jpg;https://iiif.irht.cnrs.fr/iiif/VOLUME1/France/Paris/Archives_nationales/FRAN_0021_JJ113/DEPOT/FRAN_0021_7727_A/full/1200,/0/default.jpg;Paris_Archives_Nationales_JJ113_0275.jpg;True;790b647cd4e2e3749a03f3e85ccf3663
https://api.irht.cnrs.fr/ark:/63955/f1ruw5rqihr9/manifest.json;https://arca.irht.cnrs.fr/iiif/128415/canvas/canvas-4391005;137v;https://iiif.irht.cnrs.fr/iiif/ark:/63955/vgph4x89fxix/full/full/0/default.jpg;200;2336;3000;3689;4737;https://iiif.irht.cnrs.fr/iiif/ark:/63955/vgph4x89fxix/full/1200,/0/default.jpg;200;1200;1541;https://iiif.irht.cnrs.fr/iiif/VOLUME1/France/Paris/Archives_nationales/FRAN_0021_JJ113/DEPOT/FRAN_0021_7728_A/full/full/0/default.jpg;https://iiif.irht.cnrs.fr/iiif/VOLUME1/France/Paris/Archives_nationales/FRAN_0021_JJ113/DEPOT/FRAN_0021_7728_A/full/1200,/0/default.jpg;Paris_Archives_Nationales_JJ113_0276.jpg;True;3c2992ded1fa03d42acbfa997f21b5ba
https://api.irht.cnrs.fr/ark:/63955/f1ruw5rqihr9/manifest.json;https://arca.irht.cnrs.fr/iiif/128415/canvas/canvas-4391006;138r;https://iiif.irht.cnrs.fr/iiif/ark:/63955/vco0408ia60w/full/full/0/default.jpg;200;2419;3000;3814;4731;https://iiif.irht.cnrs.fr/iiif/ark:/63955/vco0408ia60w/full/1200,/0/default.jpg;200;1200;1489;https://iiif.irht.cnrs.fr/iiif/VOLUME1/France/Paris/Archives_nationales/FRAN_0021_JJ113/DEPOT/FRAN_0021_7729_A/full/full/0/default.jpg;https://iiif.irht.cnrs.fr/iiif/VOLUME1/France/Paris/Archives_nationales/FRAN_0021_JJ113/DEPOT/FRAN_0021_7729_A/full/1200,/0/default.jpg;Paris_Archives_Nationales_JJ113_0277.jpg;True;6d7e6e95f9770f930ef7705dbc00ed55
https://api.irht.cnrs.fr/ark:/63955/f1ruw5rqihr9/manifest.json;https://arca.irht.cnrs.fr/iiif/128415/canvas/canvas-4391007;138v;https://iiif.irht.cnrs.fr/iiif/ark:/63955/valtrwdj8s0x/full/full/0/default.jpg;200;2336;3000;3689;4737;https://iiif.irht.cnrs.fr/iiif/ark:/63955/valtrwdj8s0x/full/1200,/0/default.jpg;200;1200;1541;https://iiif.irht.cnrs.fr/iiif/VOLUME1/France/Paris/Archives_nationales/FRAN_0021_JJ113/DEPOT/FRAN_0021_7730_A/full/full/0/default.jpg;https://iiif.irht.cnrs.fr/iiif/VOLUME1/France/Paris/Archives_nationales/FRAN_0021_JJ113/DEPOT/FRAN_0021_7730_A/full/1200,/0/default.jpg;Paris_Archives_Nationales_JJ113_0278.jpg;True;43b7e9c83f3b4b26f9e2c9d01251af62
https://api.irht.cnrs.fr/ark:/63955/f1ruw5rqihr9/manifest.json;https://arca.irht.cnrs.fr/iiif/128415/canvas/canvas-4391008;139r;https://iiif.irht.cnrs.fr/iiif/ark:/63955/va5vifbfx9sl/full/full/0/default.jpg;200;2419;3000;3814;4731;https://iiif.irht.cnrs.fr/iiif/ark:/63955/va5vifbfx9sl/full/1200,/0/default.jpg;200;1200;1489;https://iiif.irht.cnrs.fr/iiif/VOLUME1/France/Paris/Archives_nationales/FRAN_0021_JJ113/DEPOT/FRAN_0021_7731_A/full/full/0/default.jpg;https://iiif.irht.cnrs.fr/iiif/VOLUME1/France/Paris/Archives_nationales/FRAN_0021_JJ113/DEPOT/FRAN_0021_7731_A/full/1200,/0/default.jpg;Paris_Archives_Nationales_JJ113_0279.jpg;True;2c5a189a5b7071701bd481889fb789b0
https://api.irht.cnrs.fr/ark:/63955/f1ruw5rqihr9/manifest.json;https://arca.irht.cnrs.fr/iiif/128415/canvas/canvas-4391009;139v;https://iiif.irht.cnrs.fr/iiif/ark:/63955/vaxmigxoguz2/full/full/0/default.jpg;200;2336;3000;3689;4737;https://iiif.irht.cnrs.fr/iiif/ark:/63955/vaxmigxoguz2/full/1200,/0/default.jpg;200;1200;1541;https://iiif.irht.cnrs.fr/iiif/VOLUME1/France/Paris/Archives_nationales/FRAN_0021_JJ113/DEPOT/FRAN_0021_7732_A/full/full/0/default.jpg;https://iiif.irht.cnrs.fr/iiif/VOLUME1/France/Paris/Archives_nationales/FRAN_0021_JJ113/DEPOT/FRAN_0021_7732_A/full/1200,/0/default.jpg;Paris_Archives_Nationales_JJ113_0280.jpg;True;b864b80fa6b29e424f5474a66e52b074
https://api.irht.cnrs.fr/ark:/63955/f1ruw5rqihr9/manifest.json;https://arca.irht.cnrs.fr/iiif/128415/canvas/canvas-4391010;140r;https://iiif.irht.cnrs.fr/iiif/ark:/63955/vnqz0a7ta53f/full/full/0/default.jpg;200;2403;3000;3790;4731;https://iiif.irht.cnrs.fr/iiif/ark:/63955/vnqz0a7ta53f/full/1200,/0/default.jpg;200;1200;1498;https://iiif.irht.cnrs.fr/iiif/VOLUME1/France/Paris/Archives_nationales/FRAN_0021_JJ113/DEPOT/FRAN_0021_7733_A/full/full/0/default.jpg;https://iiif.irht.cnrs.fr/iiif/VOLUME1/France/Paris/Archives_nationales/FRAN_0021_JJ113/DEPOT/FRAN_0021_7733_A/full/1200,/0/default.jpg;Paris_Archives_Nationales_JJ113_0281.jpg;True;5b6e1e9a8b3ac4e93b63c13928311a74
https://api.irht.cnrs.fr/ark:/63955/f1ruw5rqihr9/manifest.json;https://arca.irht.cnrs.fr/iiif/128415/canvas/canvas-4391011;140v;https://iiif.irht.cnrs.fr/iiif/ark:/63955/v1muc1smuews/full/full/0/default.jpg;200;2336;3000;3689;4737;https://iiif.irht.cnrs.fr/iiif/ark:/63955/v1muc1smuews/full/1200,/0/default.jpg;200;1200;1541;https://iiif.irht.cnrs.fr/iiif/VOLUME1/France/Paris/Archives_nationales/FRAN_0021_JJ113/DEPOT/FRAN_0021_7734_A/full/full/0/default.jpg;https://iiif.irht.cnrs.fr/iiif/VOLUME1/France/Paris/Archives_nationales/FRAN_0021_JJ113/DEPOT/FRAN_0021_7734_A/full/1200,/0/default.jpg;Paris_Archives_Nationales_JJ113_0282.jpg;True;1c053dc68abdb2e1f767424dc8086de7
https://api.irht.cnrs.fr/ark:/63955/f1ruw5rqihr9/manifest.json;https://arca.irht.cnrs.fr/iiif/128415/canvas/canvas-4391012;141r;https://iiif.irht.cnrs.fr/iiif/ark:/63955/v0f8y4os3rft/full/full/0/default.jpg;200;2403;3000;3790;4731;https://iiif.irht.cnrs.fr/iiif/ark:/63955/v0f8y4os3rft/full/1200,/0/default.jpg;200;1200;1498;https://iiif.irht.cnrs.fr/iiif/VOLUME1/France/Paris/Archives_nationales/FRAN_0021_JJ113/DEPOT/FRAN_0021_7735_A/full/full/0/default.jpg;https://iiif.irht.cnrs.fr/iiif/VOLUME1/France/Paris/Archives_nationales/FRAN_0021_JJ113/DEPOT/FRAN_0021_7735_A/full/1200,/0/default.jpg;Paris_Archives_Nationales_JJ113_0283.jpg;True;e980eb893db24b3ca0ba29309099f32a
https://api.irht.cnrs.fr/ark:/63955/f1ruw5rqihr9/manifest.json;https://arca.irht.cnrs.fr/iiif/128415/canvas/canvas-4391013;141v;https://iiif.irht.cnrs.fr/iiif/ark:/63955/vqg3x9e2du4z/full/full/0/default.jpg;200;2326;3000;3700;4773;https://iiif.irht.cnrs.fr/iiif/ark:/63955/vqg3x9e2du4z/full/1200,/0/default.jpg;200;1200;1548;https://iiif.irht.cnrs.fr/iiif/VOLUME1/France/Paris/Archives_nationales/FRAN_0021_JJ113/DEPOT/FRAN_0021_7736_A/full/full/0/default.jpg;https://iiif.irht.cnrs.fr/iiif/VOLUME1/France/Paris/Archives_nationales/FRAN_0021_JJ113/DEPOT/FRAN_0021_7736_A/full/1200,/0/default.jpg;Paris_Archives_Nationales_JJ113_0284.jpg;True;c2c5a6fb0fb6d114223b9671e395aa15
https://api.irht.cnrs.fr/ark:/63955/f1ruw5rqihr9/manifest.json;https://arca.irht.cnrs.fr/iiif/128415/canvas/canvas-4391014;142r;https://iiif.irht.cnrs.fr/iiif/ark:/63955/vog1h2wvzowe/full/full/0/default.jpg;200;2427;3000;3832;4737;https://iiif.irht.cnrs.fr/iiif/ark:/63955/vog1h2wvzowe/full/1200,/0/default.jpg;200;1200;1483;https://iiif.irht.cnrs.fr/iiif/VOLUME1/France/Paris/Archives_nationales/FRAN_0021_JJ113/DEPOT/FRAN_0021_7737_A/full/full/0/default.jpg;https://iiif.irht.cnrs.fr/iiif/VOLUME1/France/Paris/Archives_nationales/FRAN_0021_JJ113/DEPOT/FRAN_0021_7737_A/full/1200,/0/default.jpg;Paris_Archives_Nationales_JJ113_0285.jpg;True;83f32b66cb22afe324e751d11b12ed6c
https://api.irht.cnrs.fr/ark:/63955/f1ruw5rqihr9/manifest.json;https://arca.irht.cnrs.fr/iiif/128415/canvas/canvas-4391015;142v;https://iiif.irht.cnrs.fr/iiif/ark:/63955/vwuilnlc3f3j/full/full/0/default.jpg;200;2304;3000;3665;4773;https://iiif.irht.cnrs.fr/iiif/ark:/63955/vwuilnlc3f3j/full/1200,/0/default.jpg;200;1200;1563;https://iiif.irht.cnrs.fr/iiif/VOLUME1/France/Paris/Archives_nationales/FRAN_0021_JJ113/DEPOT/FRAN_0021_7738_A/full/full/0/default.jpg;https://iiif.irht.cnrs.fr/iiif/VOLUME1/France/Paris/Archives_nationales/FRAN_0021_JJ113/DEPOT/FRAN_0021_7738_A/full/1200,/0/default.jpg;Paris_Archives_Nationales_JJ113_0286.jpg;True;c825192391440079dde929878acf0618
https://api.irht.cnrs.fr/ark:/63955/f1ruw5rqihr9/manifest.json;https://arca.irht.cnrs.fr/iiif/128415/canvas/canvas-4391016;143r;https://iiif.irht.cnrs.fr/iiif/ark:/63955/vj0tx37r76go/full/full/0/default.jpg;200;2427;3000;3832;4737;https://iiif.irht.cnrs.fr/iiif/ark:/63955/vj0tx37r76go/full/1200,/0/default.jpg;200;1200;1483;https://iiif.irht.cnrs.fr/iiif/VOLUME1/France/Paris/Archives_nationales/FRAN_0021_JJ113/DEPOT/FRAN_0021_7739_A/full/full/0/default.jpg;https://iiif.irht.cnrs.fr/iiif/VOLUME1/France/Paris/Archives_nationales/FRAN_0021_JJ113/DEPOT/FRAN_0021_7739_A/full/1200,/0/default.jpg;Paris_Archives_Nationales_JJ113_0287.jpg;True;4dd4181774a9c4d2508ddc4c2fce3b18
https://api.irht.cnrs.fr/ark:/63955/f1ruw5rqihr9/manifest.json;https://arca.irht.cnrs.fr/iiif/128415/canvas/canvas-4391017;143v;https://iiif.irht.cnrs.fr/iiif/ark:/63955/v8xr4tqtp4qk/full/full/0/default.jpg;200;2337;3000;3718;4773;https://iiif.irht.cnrs.fr/iiif/ark:/63955/v8xr4tqtp4qk/full/1200,/0/default.jpg;200;1200;1541;https://iiif.irht.cnrs.fr/iiif/VOLUME1/France/Paris/Archives_nationales/FRAN_0021_JJ113/DEPOT/FRAN_0021_7740_A/full/full/0/default.jpg;https://iiif.irht.cnrs.fr/iiif/VOLUME1/France/Paris/Archives_nationales/FRAN_0021_JJ113/DEPOT/FRAN_0021_7740_A/full/1200,/0/default.jpg;Paris_Archives_Nationales_JJ113_0288.jpg;True;dfac12271fc765a10d895aee20314c0a
https://api.irht.cnrs.fr/ark:/63955/f1ruw5rqihr9/manifest.json;https://arca.irht.cnrs.fr/iiif/128415/canvas/canvas-4391018;144r;https://iiif.irht.cnrs.fr/iiif/ark:/63955/vnc79pbosu7s/full/full/0/default.jpg;200;2427;3000;3832;4737;https://iiif.irht.cnrs.fr/iiif/ark:/63955/vnc79pbosu7s/full/1200,/0/default.jpg;200;1200;1483;https://iiif.irht.cnrs.fr/iiif/VOLUME1/France/Paris/Archives_nationales/FRAN_0021_JJ113/DEPOT/FRAN_0021_7741_A/full/full/0/default.jpg;https://iiif.irht.cnrs.fr/iiif/VOLUME1/France/Paris/Archives_nationales/FRAN_0021_JJ113/DEPOT/FRAN_0021_7741_A/full/1200,/0/default.jpg;Paris_Archives_Nationales_JJ113_0289.jpg;True;d346aab34c3a328c86aed310dd743a99
https://api.irht.cnrs.fr/ark:/63955/f1ruw5rqihr9/manifest.json;https://arca.irht.cnrs.fr/iiif/128415/canvas/canvas-4391019;144v;https://iiif.irht.cnrs.fr/iiif/ark:/63955/vo5wvx32dsab/full/full/0/default.jpg;200;2337;3000;3718;4773;https://iiif.irht.cnrs.fr/iiif/ark:/63955/vo5wvx32dsab/full/1200,/0/default.jpg;200;1200;1541;https://iiif.irht.cnrs.fr/iiif/VOLUME1/France/Paris/Archives_nationales/FRAN_0021_JJ113/DEPOT/FRAN_0021_7742_A/full/full/0/default.jpg;https://iiif.irht.cnrs.fr/iiif/VOLUME1/France/Paris/Archives_nationales/FRAN_0021_JJ113/DEPOT/FRAN_0021_7742_A/full/1200,/0/default.jpg;Paris_Archives_Nationales_JJ113_0290.jpg;True;755f28cd94b3e69f3ab25455cc2e1666
https://api.irht.cnrs.fr/ark:/63955/f1ruw5rqihr9/manifest.json;https://arca.irht.cnrs.fr/iiif/128415/canvas/canvas-4391020;145r;https://iiif.irht.cnrs.fr/iiif/ark:/63955/vjf499ueze2b/full/full/0/default.jpg;200;2427;3000;3832;4737;https://iiif.irht.cnrs.fr/iiif/ark:/63955/vjf499ueze2b/full/1200,/0/default.jpg;200;1200;1483;https://iiif.irht.cnrs.fr/iiif/VOLUME1/France/Paris/Archives_nationales/FRAN_0021_JJ113/DEPOT/FRAN_0021_7743_A/full/full/0/default.jpg;https://iiif.irht.cnrs.fr/iiif/VOLUME1/France/Paris/Archives_nationales/FRAN_0021_JJ113/DEPOT/FRAN_0021_7743_A/full/1200,/0/default.jpg;Paris_Archives_Nationales_JJ113_0291.jpg;True;43f18aa10a04a7821782d74fcfb0fd7c
https://api.irht.cnrs.fr/ark:/63955/f1ruw5rqihr9/manifest.json;https://arca.irht.cnrs.fr/iiif/128415/canvas/canvas-4391021;145v;https://iiif.irht.cnrs.fr/iiif/ark:/63955/vmb0xzss7lgd/full/full/0/default.jpg;200;2337;3000;3718;4773;https://iiif.irht.cnrs.fr/iiif/ark:/63955/vmb0xzss7lgd/full/1200,/0/default.jpg;200;1200;1541;https://iiif.irht.cnrs.fr/iiif/VOLUME1/France/Paris/Archives_nationales/FRAN_0021_JJ113/DEPOT/FRAN_0021_7744_A/full/full/0/default.jpg;https://iiif.irht.cnrs.fr/iiif/VOLUME1/France/Paris/Archives_nationales/FRAN_0021_JJ113/DEPOT/FRAN_0021_7744_A/full/1200,/0/default.jpg;Paris_Archives_Nationales_JJ113_0292.jpg;True;8c0fd131a716ea928a0dd1a31f5ae1e0
https://api.irht.cnrs.fr/ark:/63955/f1ruw5rqihr9/manifest.json;https://arca.irht.cnrs.fr/iiif/128415/canvas/canvas-4391022;146r;https://iiif.irht.cnrs.fr/iiif/ark:/63955/vhcaleodp0w5/full/full/0/default.jpg;200;2427;3000;3832;4737;https://iiif.irht.cnrs.fr/iiif/ark:/63955/vhcaleodp0w5/full/1200,/0/default.jpg;200;1200;1483;https://iiif.irht.cnrs.fr/iiif/VOLUME1/France/Paris/Archives_nationales/FRAN_0021_JJ113/DEPOT/FRAN_0021_7745_A/full/full/0/default.jpg;https://iiif.irht.cnrs.fr/iiif/VOLUME1/France/Paris/Archives_nationales/FRAN_0021_JJ113/DEPOT/FRAN_0021_7745_A/full/1200,/0/default.jpg;Paris_Archives_Nationales_JJ113_0293.jpg;True;87dd1766db49ea65de84a843917410bb
https://api.irht.cnrs.fr/ark:/63955/f1ruw5rqihr9/manifest.json;https://arca.irht.cnrs.fr/iiif/128415/canvas/canvas-4391023;146v;https://iiif.irht.cnrs.fr/iiif/ark:/63955/v56ezldenp0y/full/full/0/default.jpg;200;2337;3000;3718;4773;https://iiif.irht.cnrs.fr/iiif/ark:/63955/v56ezldenp0y/full/1200,/0/default.jpg;200;1200;1541;https://iiif.irht.cnrs.fr/iiif/VOLUME1/France/Paris/Archives_nationales/FRAN_0021_JJ113/DEPOT/FRAN_0021_7746_A/full/full/0/default.jpg;https://iiif.irht.cnrs.fr/iiif/VOLUME1/France/Paris/Archives_nationales/FRAN_0021_JJ113/DEPOT/FRAN_0021_7746_A/full/1200,/0/default.jpg;Paris_Archives_Nationales_JJ113_0294.jpg;True;cc305c7aedce3d5d2e9127c43b806495
https://api.irht.cnrs.fr/ark:/63955/f1ruw5rqihr9/manifest.json;https://arca.irht.cnrs.fr/iiif/128415/canvas/canvas-4391024;147r;https://iiif.irht.cnrs.fr/iiif/ark:/63955/vpyyiq637jkj/full/full/0/default.jpg;200;2442;3000;3856;4737;https://iiif.irht.cnrs.fr/iiif/ark:/63955/vpyyiq637jkj/full/1200,/0/default.jpg;200;1200;1474;https://iiif.irht.cnrs.fr/iiif/VOLUME1/France/Paris/Archives_nationales/FRAN_0021_JJ113/DEPOT/FRAN_0021_7747_A/full/full/0/default.jpg;https://iiif.irht.cnrs.fr/iiif/VOLUME1/France/Paris/Archives_nationales/FRAN_0021_JJ113/DEPOT/FRAN_0021_7747_A/full/1200,/0/default.jpg;Paris_Archives_Nationales_JJ113_0295.jpg;True;86eac1d9c3c74e3150af86f18b95e401
https://api.irht.cnrs.fr/ark:/63955/f1ruw5rqihr9/manifest.json;https://arca.irht.cnrs.fr/iiif/128415/canvas/canvas-4391025;147v;https://iiif.irht.cnrs.fr/iiif/ark:/63955/vu5yjjnjgtpm/full/full/0/default.jpg;200;2337;3000;3718;4773;https://iiif.irht.cnrs.fr/iiif/ark:/63955/vu5yjjnjgtpm/full/1200,/0/default.jpg;200;1200;1541;https://iiif.irht.cnrs.fr/iiif/VOLUME1/France/Paris/Archives_nationales/FRAN_0021_JJ113/DEPOT/FRAN_0021_7748_A/full/full/0/default.jpg;https://iiif.irht.cnrs.fr/iiif/VOLUME1/France/Paris/Archives_nationales/FRAN_0021_JJ113/DEPOT/FRAN_0021_7748_A/full/1200,/0/default.jpg;Paris_Archives_Nationales_JJ113_0296.jpg;True;54a93f61f21179e89c07e2f7ebc30a4e
https://api.irht.cnrs.fr/ark:/63955/f1ruw5rqihr9/manifest.json;https://arca.irht.cnrs.fr/iiif/128415/canvas/canvas-4391026;148r;https://iiif.irht.cnrs.fr/iiif/ark:/63955/v7p8l3va4uz2/full/full/0/default.jpg;200;2442;3000;3856;4737;https://iiif.irht.cnrs.fr/iiif/ark:/63955/v7p8l3va4uz2/full/1200,/0/default.jpg;200;1200;1474;https://iiif.irht.cnrs.fr/iiif/VOLUME1/France/Paris/Archives_nationales/FRAN_0021_JJ113/DEPOT/FRAN_0021_7749_A/full/full/0/default.jpg;https://iiif.irht.cnrs.fr/iiif/VOLUME1/France/Paris/Archives_nationales/FRAN_0021_JJ113/DEPOT/FRAN_0021_7749_A/full/1200,/0/default.jpg;Paris_Archives_Nationales_JJ113_0297.jpg;True;8c0e8ea55f362ab654a920f413f8cd14
https://api.irht.cnrs.fr/ark:/63955/f1ruw5rqihr9/manifest.json;https://arca.irht.cnrs.fr/iiif/128415/canvas/canvas-4391027;148v;https://iiif.irht.cnrs.fr/iiif/ark:/63955/vtht0k0k5jeb/full/full/0/default.jpg;200;2337;3000;3718;4773;https://iiif.irht.cnrs.fr/iiif/ark:/63955/vtht0k0k5jeb/full/1200,/0/default.jpg;200;1200;1541;https://iiif.irht.cnrs.fr/iiif/VOLUME1/France/Paris/Archives_nationales/FRAN_0021_JJ113/DEPOT/FRAN_0021_7750_A/full/full/0/default.jpg;https://iiif.irht.cnrs.fr/iiif/VOLUME1/France/Paris/Archives_nationales/FRAN_0021_JJ113/DEPOT/FRAN_0021_7750_A/full/1200,/0/default.jpg;Paris_Archives_Nationales_JJ113_0298.jpg;True;1cf7c222161cca16af0171067b470217
https://api.irht.cnrs.fr/ark:/63955/f1ruw5rqihr9/manifest.json;https://arca.irht.cnrs.fr/iiif/128415/canvas/canvas-4391028;149r;https://iiif.irht.cnrs.fr/iiif/ark:/63955/vixu5haz6x6w/full/full/0/default.jpg;200;2442;3000;3856;4737;https://iiif.irht.cnrs.fr/iiif/ark:/63955/vixu5haz6x6w/full/1200,/0/default.jpg;200;1200;1474;https://iiif.irht.cnrs.fr/iiif/VOLUME1/France/Paris/Archives_nationales/FRAN_0021_JJ113/DEPOT/FRAN_0021_7751_A/full/full/0/default.jpg;https://iiif.irht.cnrs.fr/iiif/VOLUME1/France/Paris/Archives_nationales/FRAN_0021_JJ113/DEPOT/FRAN_0021_7751_A/full/1200,/0/default.jpg;Paris_Archives_Nationales_JJ113_0299.jpg;True;c3ac439c16aa7bf46656f3ec3effc09b
https://api.irht.cnrs.fr/ark:/63955/f1ruw5rqihr9/manifest.json;https://arca.irht.cnrs.fr/iiif/128415/canvas/canvas-4391029;149v;https://iiif.irht.cnrs.fr/iiif/ark:/63955/v5rz124w17qj/full/full/0/default.jpg;200;2337;3000;3718;4773;https://iiif.irht.cnrs.fr/iiif/ark:/63955/v5rz124w17qj/full/1200,/0/default.jpg;200;1200;1541;https://iiif.irht.cnrs.fr/iiif/VOLUME1/France/Paris/Archives_nationales/FRAN_0021_JJ113/DEPOT/FRAN_0021_7752_A/full/full/0/default.jpg;https://iiif.irht.cnrs.fr/iiif/VOLUME1/France/Paris/Archives_nationales/FRAN_0021_JJ113/DEPOT/FRAN_0021_7752_A/full/1200,/0/default.jpg;Paris_Archives_Nationales_JJ113_0300.jpg;True;c1b75bf3e32ed847dff1da2bb1251ce7
https://api.irht.cnrs.fr/ark:/63955/f1ruw5rqihr9/manifest.json;https://arca.irht.cnrs.fr/iiif/128415/canvas/canvas-4391030;150r;https://iiif.irht.cnrs.fr/iiif/ark:/63955/v0q40a9kol2m/full/full/0/default.jpg;200;2442;3000;3856;4737;https://iiif.irht.cnrs.fr/iiif/ark:/63955/v0q40a9kol2m/full/1200,/0/default.jpg;200;1200;1474;https://iiif.irht.cnrs.fr/iiif/VOLUME1/France/Paris/Archives_nationales/FRAN_0021_JJ113/DEPOT/FRAN_0021_7753_A/full/full/0/default.jpg;https://iiif.irht.cnrs.fr/iiif/VOLUME1/France/Paris/Archives_nationales/FRAN_0021_JJ113/DEPOT/FRAN_0021_7753_A/full/1200,/0/default.jpg;Paris_Archives_Nationales_JJ113_0301.jpg;True;64bfc20a0e01451a3be923f0a6da69f0
https://api.irht.cnrs.fr/ark:/63955/f1ruw5rqihr9/manifest.json;https://arca.irht.cnrs.fr/iiif/128415/canvas/canvas-4391031;150v;https://iiif.irht.cnrs.fr/iiif/ark:/63955/vf84q7bne7t6/full/full/0/default.jpg;200;2337;3000;3718;4773;https://iiif.irht.cnrs.fr/iiif/ark:/63955/vf84q7bne7t6/full/1200,/0/default.jpg;200;1200;1541;https://iiif.irht.cnrs.fr/iiif/VOLUME1/France/Paris/Archives_nationales/FRAN_0021_JJ113/DEPOT/FRAN_0021_7754_A/full/full/0/default.jpg;https://iiif.irht.cnrs.fr/iiif/VOLUME1/France/Paris/Archives_nationales/FRAN_0021_JJ113/DEPOT/FRAN_0021_7754_A/full/1200,/0/default.jpg;Paris_Archives_Nationales_JJ113_0302.jpg;True;df832319391aedb495084ca6ef7c0299
https://api.irht.cnrs.fr/ark:/63955/f1ruw5rqihr9/manifest.json;https://arca.irht.cnrs.fr/iiif/128415/canvas/canvas-4391032;151r;https://iiif.irht.cnrs.fr/iiif/ark:/63955/v7u8br9jhtj7/full/full/0/default.jpg;200;2442;3000;3856;4737;https://iiif.irht.cnrs.fr/iiif/ark:/63955/v7u8br9jhtj7/full/1200,/0/default.jpg;200;1200;1474;https://iiif.irht.cnrs.fr/iiif/VOLUME1/France/Paris/Archives_nationales/FRAN_0021_JJ113/DEPOT/FRAN_0021_7755_A/full/full/0/default.jpg;https://iiif.irht.cnrs.fr/iiif/VOLUME1/France/Paris/Archives_nationales/FRAN_0021_JJ113/DEPOT/FRAN_0021_7755_A/full/1200,/0/default.jpg;Paris_Archives_Nationales_JJ113_0303.jpg;True;97d077667b8c157eaa7a9a3f6169a96f
https://api.irht.cnrs.fr/ark:/63955/f1ruw5rqihr9/manifest.json;https://arca.irht.cnrs.fr/iiif/128415/canvas/canvas-4391033;151v;https://iiif.irht.cnrs.fr/iiif/ark:/63955/vxkh756t8t8g/full/full/0/default.jpg;200;2337;3000;3718;4773;https://iiif.irht.cnrs.fr/iiif/ark:/63955/vxkh756t8t8g/full/1200,/0/default.jpg;200;1200;1541;https://iiif.irht.cnrs.fr/iiif/VOLUME1/France/Paris/Archives_nationales/FRAN_0021_JJ113/DEPOT/FRAN_0021_7756_A/full/full/0/default.jpg;https://iiif.irht.cnrs.fr/iiif/VOLUME1/France/Paris/Archives_nationales/FRAN_0021_JJ113/DEPOT/FRAN_0021_7756_A/full/1200,/0/default.jpg;Paris_Archives_Nationales_JJ113_0304.jpg;True;c0886fed4e8c7725db010113564f3a14
https://api.irht.cnrs.fr/ark:/63955/f1ruw5rqihr9/manifest.json;https://arca.irht.cnrs.fr/iiif/128415/canvas/canvas-4391034;152r;https://iiif.irht.cnrs.fr/iiif/ark:/63955/vxzo9m2gg8oa/full/full/0/default.jpg;200;2442;3000;3856;4737;https://iiif.irht.cnrs.fr/iiif/ark:/63955/vxzo9m2gg8oa/full/1200,/0/default.jpg;200;1200;1474;https://iiif.irht.cnrs.fr/iiif/VOLUME1/France/Paris/Archives_nationales/FRAN_0021_JJ113/DEPOT/FRAN_0021_7757_A/full/full/0/default.jpg;https://iiif.irht.cnrs.fr/iiif/VOLUME1/France/Paris/Archives_nationales/FRAN_0021_JJ113/DEPOT/FRAN_0021_7757_A/full/1200,/0/default.jpg;Paris_Archives_Nationales_JJ113_0305.jpg;True;53d7c3a17636fb11e448df0fd37b2a73
https://api.irht.cnrs.fr/ark:/63955/f1ruw5rqihr9/manifest.json;https://arca.irht.cnrs.fr/iiif/128415/canvas/canvas-4391035;152v;https://iiif.irht.cnrs.fr/iiif/ark:/63955/vg02qjjj3qhn/full/full/0/default.jpg;200;2337;3000;3718;4773;https://iiif.irht.cnrs.fr/iiif/ark:/63955/vg02qjjj3qhn/full/1200,/0/default.jpg;200;1200;1541;https://iiif.irht.cnrs.fr/iiif/VOLUME1/France/Paris/Archives_nationales/FRAN_0021_JJ113/DEPOT/FRAN_0021_7758_A/full/full/0/default.jpg;https://iiif.irht.cnrs.fr/iiif/VOLUME1/France/Paris/Archives_nationales/FRAN_0021_JJ113/DEPOT/FRAN_0021_7758_A/full/1200,/0/default.jpg;Paris_Archives_Nationales_JJ113_0306.jpg;True;97316b56097294a753d62b2aaf5cc074
https://api.irht.cnrs.fr/ark:/63955/f1ruw5rqihr9/manifest.json;https://arca.irht.cnrs.fr/iiif/128415/canvas/canvas-4391036;153r;https://iiif.irht.cnrs.fr/iiif/ark:/63955/v8psfi18rh6q/full/full/0/default.jpg;200;2442;3000;3856;4737;https://iiif.irht.cnrs.fr/iiif/ark:/63955/v8psfi18rh6q/full/1200,/0/default.jpg;200;1200;1474;https://iiif.irht.cnrs.fr/iiif/VOLUME1/France/Paris/Archives_nationales/FRAN_0021_JJ113/DEPOT/FRAN_0021_7759_A/full/full/0/default.jpg;https://iiif.irht.cnrs.fr/iiif/VOLUME1/France/Paris/Archives_nationales/FRAN_0021_JJ113/DEPOT/FRAN_0021_7759_A/full/1200,/0/default.jpg;Paris_Archives_Nationales_JJ113_0307.jpg;True;ca9a961db576a637ab709d148ba461b1
https://api.irht.cnrs.fr/ark:/63955/f1ruw5rqihr9/manifest.json;https://arca.irht.cnrs.fr/iiif/128415/canvas/canvas-4391037;153v;https://iiif.irht.cnrs.fr/iiif/ark:/63955/v6gd9xtil4yl/full/full/0/default.jpg;200;2337;3000;3718;4773;https://iiif.irht.cnrs.fr/iiif/ark:/63955/v6gd9xtil4yl/full/1200,/0/default.jpg;200;1200;1541;https://iiif.irht.cnrs.fr/iiif/VOLUME1/France/Paris/Archives_nationales/FRAN_0021_JJ113/DEPOT/FRAN_0021_7760_A/full/full/0/default.jpg;https://iiif.irht.cnrs.fr/iiif/VOLUME1/France/Paris/Archives_nationales/FRAN_0021_JJ113/DEPOT/FRAN_0021_7760_A/full/1200,/0/default.jpg;Paris_Archives_Nationales_JJ113_0308.jpg;True;26038ac6248a8cc23bb01aa1e3488f43
https://api.irht.cnrs.fr/ark:/63955/f1ruw5rqihr9/manifest.json;https://arca.irht.cnrs.fr/iiif/128415/canvas/canvas-4391038;154r;https://iiif.irht.cnrs.fr/iiif/ark:/63955/v6p4p97grvpg/full/full/0/default.jpg;200;2442;3000;3856;4737;https://iiif.irht.cnrs.fr/iiif/ark:/63955/v6p4p97grvpg/full/1200,/0/default.jpg;200;1200;1474;https://iiif.irht.cnrs.fr/iiif/VOLUME1/France/Paris/Archives_nationales/FRAN_0021_JJ113/DEPOT/FRAN_0021_7761_A/full/full/0/default.jpg;https://iiif.irht.cnrs.fr/iiif/VOLUME1/France/Paris/Archives_nationales/FRAN_0021_JJ113/DEPOT/FRAN_0021_7761_A/full/1200,/0/default.jpg;Paris_Archives_Nationales_JJ113_0309.jpg;True;771c50bcb15df689e047e98745019b1a
https://api.irht.cnrs.fr/ark:/63955/f1ruw5rqihr9/manifest.json;https://arca.irht.cnrs.fr/iiif/128415/canvas/canvas-4391039;154v;https://iiif.irht.cnrs.fr/iiif/ark:/63955/vo4zpdr7jhez/full/full/0/default.jpg;200;2371;3000;3772;4773;https://iiif.irht.cnrs.fr/iiif/ark:/63955/vo4zpdr7jhez/full/1200,/0/default.jpg;200;1200;1518;https://iiif.irht.cnrs.fr/iiif/VOLUME1/France/Paris/Archives_nationales/FRAN_0021_JJ113/DEPOT/FRAN_0021_7762_A/full/full/0/default.jpg;https://iiif.irht.cnrs.fr/iiif/VOLUME1/France/Paris/Archives_nationales/FRAN_0021_JJ113/DEPOT/FRAN_0021_7762_A/full/1200,/0/default.jpg;Paris_Archives_Nationales_JJ113_0310.jpg;True;b2b05f90a338a55c549968dce51c677c
https://api.irht.cnrs.fr/ark:/63955/f1ruw5rqihr9/manifest.json;https://arca.irht.cnrs.fr/iiif/128415/canvas/canvas-4391040;155r;https://iiif.irht.cnrs.fr/iiif/ark:/63955/vvnwp5it430t/full/full/0/default.jpg;200;2412;3000;3808;4737;https://iiif.irht.cnrs.fr/iiif/ark:/63955/vvnwp5it430t/full/1200,/0/default.jpg;200;1200;1493;https://iiif.irht.cnrs.fr/iiif/VOLUME1/France/Paris/Archives_nationales/FRAN_0021_JJ113/DEPOT/FRAN_0021_7763_A/full/full/0/default.jpg;https://iiif.irht.cnrs.fr/iiif/VOLUME1/France/Paris/Archives_nationales/FRAN_0021_JJ113/DEPOT/FRAN_0021_7763_A/full/1200,/0/default.jpg;Paris_Archives_Nationales_JJ113_0311.jpg;True;3b3bd5ed201f73c6a156e752fc57a3ff
https://api.irht.cnrs.fr/ark:/63955/f1ruw5rqihr9/manifest.json;https://arca.irht.cnrs.fr/iiif/128415/canvas/canvas-4391041;155v;https://iiif.irht.cnrs.fr/iiif/ark:/63955/v8p3g6ucvb0z/full/full/0/default.jpg;200;2371;3000;3772;4773;https://iiif.irht.cnrs.fr/iiif/ark:/63955/v8p3g6ucvb0z/full/1200,/0/default.jpg;200;1200;1518;https://iiif.irht.cnrs.fr/iiif/VOLUME1/France/Paris/Archives_nationales/FRAN_0021_JJ113/DEPOT/FRAN_0021_7764_A/full/full/0/default.jpg;https://iiif.irht.cnrs.fr/iiif/VOLUME1/France/Paris/Archives_nationales/FRAN_0021_JJ113/DEPOT/FRAN_0021_7764_A/full/1200,/0/default.jpg;Paris_Archives_Nationales_JJ113_0312.jpg;True;6c3bf4c11db280e0c2cdcb6be40033a1
https://api.irht.cnrs.fr/ark:/63955/f1ruw5rqihr9/manifest.json;https://arca.irht.cnrs.fr/iiif/128415/canvas/canvas-4391042;156r;https://iiif.irht.cnrs.fr/iiif/ark:/63955/vaqd1ywjcwfz/full/full/0/default.jpg;200;2412;3000;3808;4737;https://iiif.irht.cnrs.fr/iiif/ark:/63955/vaqd1ywjcwfz/full/1200,/0/default.jpg;200;1200;1493;https://iiif.irht.cnrs.fr/iiif/VOLUME1/France/Paris/Archives_nationales/FRAN_0021_JJ113/DEPOT/FRAN_0021_7765_A/full/full/0/default.jpg;https://iiif.irht.cnrs.fr/iiif/VOLUME1/France/Paris/Archives_nationales/FRAN_0021_JJ113/DEPOT/FRAN_0021_7765_A/full/1200,/0/default.jpg;Paris_Archives_Nationales_JJ113_0313.jpg;True;abb68e5895527bc90f469f5e499b04dd
https://api.irht.cnrs.fr/ark:/63955/f1ruw5rqihr9/manifest.json;https://arca.irht.cnrs.fr/iiif/128415/canvas/canvas-4391043;156v;https://iiif.irht.cnrs.fr/iiif/ark:/63955/vt45cx9fx3on/full/full/0/default.jpg;200;2371;3000;3772;4773;https://iiif.irht.cnrs.fr/iiif/ark:/63955/vt45cx9fx3on/full/1200,/0/default.jpg;200;1200;1518;https://iiif.irht.cnrs.fr/iiif/VOLUME1/France/Paris/Archives_nationales/FRAN_0021_JJ113/DEPOT/FRAN_0021_7766_A/full/full/0/default.jpg;https://iiif.irht.cnrs.fr/iiif/VOLUME1/France/Paris/Archives_nationales/FRAN_0021_JJ113/DEPOT/FRAN_0021_7766_A/full/1200,/0/default.jpg;Paris_Archives_Nationales_JJ113_0314.jpg;True;3715a81f365cd3e3d858126ac633cdbb
https://api.irht.cnrs.fr/ark:/63955/f1ruw5rqihr9/manifest.json;https://arca.irht.cnrs.fr/iiif/128415/canvas/canvas-4391044;157r;https://iiif.irht.cnrs.fr/iiif/ark:/63955/v65u1hpdipo9/full/full/0/default.jpg;200;2412;3000;3808;4737;https://iiif.irht.cnrs.fr/iiif/ark:/63955/v65u1hpdipo9/full/1200,/0/default.jpg;200;1200;1493;https://iiif.irht.cnrs.fr/iiif/VOLUME1/France/Paris/Archives_nationales/FRAN_0021_JJ113/DEPOT/FRAN_0021_7767_A/full/full/0/default.jpg;https://iiif.irht.cnrs.fr/iiif/VOLUME1/France/Paris/Archives_nationales/FRAN_0021_JJ113/DEPOT/FRAN_0021_7767_A/full/1200,/0/default.jpg;Paris_Archives_Nationales_JJ113_0315.jpg;True;dcfa25d9763c78913ce75822d1a08c0d
https://api.irht.cnrs.fr/ark:/63955/f1ruw5rqihr9/manifest.json;https://arca.irht.cnrs.fr/iiif/128415/canvas/canvas-4391045;157v;https://iiif.irht.cnrs.fr/iiif/ark:/63955/v2q7z9jwpjqt/full/full/0/default.jpg;200;2392;3000;3772;4731;https://iiif.irht.cnrs.fr/iiif/ark:/63955/v2q7z9jwpjqt/full/1200,/0/default.jpg;200;1200;1505;https://iiif.irht.cnrs.fr/iiif/VOLUME1/France/Paris/Archives_nationales/FRAN_0021_JJ113/DEPOT/FRAN_0021_7768_A/full/full/0/default.jpg;https://iiif.irht.cnrs.fr/iiif/VOLUME1/France/Paris/Archives_nationales/FRAN_0021_JJ113/DEPOT/FRAN_0021_7768_A/full/1200,/0/default.jpg;Paris_Archives_Nationales_JJ113_0316.jpg;True;56b23b0728c3b9e61108ca2408610339
https://api.irht.cnrs.fr/ark:/63955/f1ruw5rqihr9/manifest.json;https://arca.irht.cnrs.fr/iiif/128415/canvas/canvas-4391046;158r;https://iiif.irht.cnrs.fr/iiif/ark:/63955/vo2rxip16c8c/full/full/0/default.jpg;200;2452;3000;3892;4761;https://iiif.irht.cnrs.fr/iiif/ark:/63955/vo2rxip16c8c/full/1200,/0/default.jpg;200;1200;1468;https://iiif.irht.cnrs.fr/iiif/VOLUME1/France/Paris/Archives_nationales/FRAN_0021_JJ113/DEPOT/FRAN_0021_7769_A/full/full/0/default.jpg;https://iiif.irht.cnrs.fr/iiif/VOLUME1/France/Paris/Archives_nationales/FRAN_0021_JJ113/DEPOT/FRAN_0021_7769_A/full/1200,/0/default.jpg;Paris_Archives_Nationales_JJ113_0317.jpg;True;2146e4022ac831a92dc8503e85e7fc8e
https://api.irht.cnrs.fr/ark:/63955/f1ruw5rqihr9/manifest.json;https://arca.irht.cnrs.fr/iiif/128415/canvas/canvas-4391047;158v;https://iiif.irht.cnrs.fr/iiif/ark:/63955/v79uwncmblp1/full/full/0/default.jpg;200;2377;3000;3748;4731;https://iiif.irht.cnrs.fr/iiif/ark:/63955/v79uwncmblp1/full/1200,/0/default.jpg;200;1200;1515;https://iiif.irht.cnrs.fr/iiif/VOLUME1/France/Paris/Archives_nationales/FRAN_0021_JJ113/DEPOT/FRAN_0021_7770_A/full/full/0/default.jpg;https://iiif.irht.cnrs.fr/iiif/VOLUME1/France/Paris/Archives_nationales/FRAN_0021_JJ113/DEPOT/FRAN_0021_7770_A/full/1200,/0/default.jpg;Paris_Archives_Nationales_JJ113_0318.jpg;True;ade238a3ca5d3e16b10992b897835eb1
https://api.irht.cnrs.fr/ark:/63955/f1ruw5rqihr9/manifest.json;https://arca.irht.cnrs.fr/iiif/128415/canvas/canvas-4391048;159r;https://iiif.irht.cnrs.fr/iiif/ark:/63955/vtpaclzvbtjd/full/full/0/default.jpg;200;2452;3000;3892;4761;https://iiif.irht.cnrs.fr/iiif/ark:/63955/vtpaclzvbtjd/full/1200,/0/default.jpg;200;1200;1468;https://iiif.irht.cnrs.fr/iiif/VOLUME1/France/Paris/Archives_nationales/FRAN_0021_JJ113/DEPOT/FRAN_0021_7771_A/full/full/0/default.jpg;https://iiif.irht.cnrs.fr/iiif/VOLUME1/France/Paris/Archives_nationales/FRAN_0021_JJ113/DEPOT/FRAN_0021_7771_A/full/1200,/0/default.jpg;Paris_Archives_Nationales_JJ113_0319.jpg;True;13ecb6f0e8d86e9001c8e7ef45b0a511
https://api.irht.cnrs.fr/ark:/63955/f1ruw5rqihr9/manifest.json;https://arca.irht.cnrs.fr/iiif/128415/canvas/canvas-4391049;159v;https://iiif.irht.cnrs.fr/iiif/ark:/63955/vkhw9i2mrft1/full/full/0/default.jpg;200;2377;3000;3748;4731;https://iiif.irht.cnrs.fr/iiif/ark:/63955/vkhw9i2mrft1/full/1200,/0/default.jpg;200;1200;1515;https://iiif.irht.cnrs.fr/iiif/VOLUME1/France/Paris/Archives_nationales/FRAN_0021_JJ113/DEPOT/FRAN_0021_7772_A/full/full/0/default.jpg;https://iiif.irht.cnrs.fr/iiif/VOLUME1/France/Paris/Archives_nationales/FRAN_0021_JJ113/DEPOT/FRAN_0021_7772_A/full/1200,/0/default.jpg;Paris_Archives_Nationales_JJ113_0320.jpg;True;3c97de5cb1d29bf4c5271297f2432afb
https://api.irht.cnrs.fr/ark:/63955/f1ruw5rqihr9/manifest.json;https://arca.irht.cnrs.fr/iiif/128415/canvas/canvas-4391050;160r;https://iiif.irht.cnrs.fr/iiif/ark:/63955/v9qomcz8201r/full/full/0/default.jpg;200;2452;3000;3892;4761;https://iiif.irht.cnrs.fr/iiif/ark:/63955/v9qomcz8201r/full/1200,/0/default.jpg;200;1200;1468;https://iiif.irht.cnrs.fr/iiif/VOLUME1/France/Paris/Archives_nationales/FRAN_0021_JJ113/DEPOT/FRAN_0021_7773_A/full/full/0/default.jpg;https://iiif.irht.cnrs.fr/iiif/VOLUME1/France/Paris/Archives_nationales/FRAN_0021_JJ113/DEPOT/FRAN_0021_7773_A/full/1200,/0/default.jpg;Paris_Archives_Nationales_JJ113_0321.jpg;True;bd0b5f88f9c1c3d32bcb8b41ddc2c35b
https://api.irht.cnrs.fr/ark:/63955/f1ruw5rqihr9/manifest.json;https://arca.irht.cnrs.fr/iiif/128415/canvas/canvas-4391051;160v;https://iiif.irht.cnrs.fr/iiif/ark:/63955/vbdcb9o4s2oa/full/full/0/default.jpg;200;2358;3000;3718;4731;https://iiif.irht.cnrs.fr/iiif/ark:/63955/vbdcb9o4s2oa/full/1200,/0/default.jpg;200;1200;1527;https://iiif.irht.cnrs.fr/iiif/VOLUME1/France/Paris/Archives_nationales/FRAN_0021_JJ113/DEPOT/FRAN_0021_7774_A/full/full/0/default.jpg;https://iiif.irht.cnrs.fr/iiif/VOLUME1/France/Paris/Archives_nationales/FRAN_0021_JJ113/DEPOT/FRAN_0021_7774_A/full/1200,/0/default.jpg;Paris_Archives_Nationales_JJ113_0322.jpg;True;d54413229d14fb5bf5d935fb4a20d552
https://api.irht.cnrs.fr/ark:/63955/f1ruw5rqihr9/manifest.json;https://arca.irht.cnrs.fr/iiif/128415/canvas/canvas-4391052;161r;https://iiif.irht.cnrs.fr/iiif/ark:/63955/vyyt1kkgelq4/full/full/0/default.jpg;200;2452;3000;3892;4761;https://iiif.irht.cnrs.fr/iiif/ark:/63955/vyyt1kkgelq4/full/1200,/0/default.jpg;200;1200;1468;https://iiif.irht.cnrs.fr/iiif/VOLUME1/France/Paris/Archives_nationales/FRAN_0021_JJ113/DEPOT/FRAN_0021_7775_A/full/full/0/default.jpg;https://iiif.irht.cnrs.fr/iiif/VOLUME1/France/Paris/Archives_nationales/FRAN_0021_JJ113/DEPOT/FRAN_0021_7775_A/full/1200,/0/default.jpg;Paris_Archives_Nationales_JJ113_0323.jpg;True;f183be0cbdf886b21312d076aae7b623
https://api.irht.cnrs.fr/ark:/63955/f1ruw5rqihr9/manifest.json;https://arca.irht.cnrs.fr/iiif/128415/canvas/canvas-4391053;161v;https://iiif.irht.cnrs.fr/iiif/ark:/63955/vach9lj9mak0/full/full/0/default.jpg;200;2358;3000;3718;4731;https://iiif.irht.cnrs.fr/iiif/ark:/63955/vach9lj9mak0/full/1200,/0/default.jpg;200;1200;1527;https://iiif.irht.cnrs.fr/iiif/VOLUME1/France/Paris/Archives_nationales/FRAN_0021_JJ113/DEPOT/FRAN_0021_7776_A/full/full/0/default.jpg;https://iiif.irht.cnrs.fr/iiif/VOLUME1/France/Paris/Archives_nationales/FRAN_0021_JJ113/DEPOT/FRAN_0021_7776_A/full/1200,/0/default.jpg;Paris_Archives_Nationales_JJ113_0324.jpg;True;16708dc0686f2a7cabe31074ea3323c8
https://api.irht.cnrs.fr/ark:/63955/f1ruw5rqihr9/manifest.json;https://arca.irht.cnrs.fr/iiif/128415/canvas/canvas-4391054;162r;https://iiif.irht.cnrs.fr/iiif/ark:/63955/vmv9b02dpdbn/full/full/0/default.jpg;200;2452;3000;3892;4761;https://iiif.irht.cnrs.fr/iiif/ark:/63955/vmv9b02dpdbn/full/1200,/0/default.jpg;200;1200;1468;https://iiif.irht.cnrs.fr/iiif/VOLUME1/France/Paris/Archives_nationales/FRAN_0021_JJ113/DEPOT/FRAN_0021_7777_A/full/full/0/default.jpg;https://iiif.irht.cnrs.fr/iiif/VOLUME1/France/Paris/Archives_nationales/FRAN_0021_JJ113/DEPOT/FRAN_0021_7777_A/full/1200,/0/default.jpg;Paris_Archives_Nationales_JJ113_0325.jpg;True;2050b82248aa88356e54f04e229edd8c
https://api.irht.cnrs.fr/ark:/63955/f1ruw5rqihr9/manifest.json;https://arca.irht.cnrs.fr/iiif/128415/canvas/canvas-4391055;162v;https://iiif.irht.cnrs.fr/iiif/ark:/63955/v6c8rtmcjrmw/full/full/0/default.jpg;200;2377;3000;3748;4731;https://iiif.irht.cnrs.fr/iiif/ark:/63955/v6c8rtmcjrmw/full/1200,/0/default.jpg;200;1200;1515;https://iiif.irht.cnrs.fr/iiif/VOLUME1/France/Paris/Archives_nationales/FRAN_0021_JJ113/DEPOT/FRAN_0021_7778_A/full/full/0/default.jpg;https://iiif.irht.cnrs.fr/iiif/VOLUME1/France/Paris/Archives_nationales/FRAN_0021_JJ113/DEPOT/FRAN_0021_7778_A/full/1200,/0/default.jpg;Paris_Archives_Nationales_JJ113_0326.jpg;True;5e2f35f8178588ad1ef118b1fced938c
https://api.irht.cnrs.fr/ark:/63955/f1ruw5rqihr9/manifest.json;https://arca.irht.cnrs.fr/iiif/128415/canvas/canvas-4391056;162 bis recto;https://iiif.irht.cnrs.fr/iiif/ark:/63955/v8whr532q3om/full/full/0/default.jpg;200;2452;3000;3892;4761;https://iiif.irht.cnrs.fr/iiif/ark:/63955/v8whr532q3om/full/1200,/0/default.jpg;200;1200;1468;https://iiif.irht.cnrs.fr/iiif/VOLUME1/France/Paris/Archives_nationales/FRAN_0021_JJ113/DEPOT/FRAN_0021_7779_A/full/full/0/default.jpg;https://iiif.irht.cnrs.fr/iiif/VOLUME1/France/Paris/Archives_nationales/FRAN_0021_JJ113/DEPOT/FRAN_0021_7779_A/full/1200,/0/default.jpg;Paris_Archives_Nationales_JJ113_0327.jpg;True;2164d82da5b4395ebce7ddbfb95f9e1b
https://api.irht.cnrs.fr/ark:/63955/f1ruw5rqihr9/manifest.json;https://arca.irht.cnrs.fr/iiif/128415/canvas/canvas-4391057;162 bis verso;https://iiif.irht.cnrs.fr/iiif/ark:/63955/vd0ngdctozz1/full/full/0/default.jpg;200;2368;3000;3748;4749;https://iiif.irht.cnrs.fr/iiif/ark:/63955/vd0ngdctozz1/full/1200,/0/default.jpg;200;1200;1520;https://iiif.irht.cnrs.fr/iiif/VOLUME1/France/Paris/Archives_nationales/FRAN_0021_JJ113/DEPOT/FRAN_0021_7780_A/full/full/0/default.jpg;https://iiif.irht.cnrs.fr/iiif/VOLUME1/France/Paris/Archives_nationales/FRAN_0021_JJ113/DEPOT/FRAN_0021_7780_A/full/1200,/0/default.jpg;Paris_Archives_Nationales_JJ113_0328.jpg;True;72593874e1762fa85ab17e1695c68589
https://api.irht.cnrs.fr/ark:/63955/f1ruw5rqihr9/manifest.json;https://arca.irht.cnrs.fr/iiif/128415/canvas/canvas-4391058;163r;https://iiif.irht.cnrs.fr/iiif/ark:/63955/v8quv3dmq9um/full/full/0/default.jpg;200;2452;3000;3892;4761;https://iiif.irht.cnrs.fr/iiif/ark:/63955/v8quv3dmq9um/full/1200,/0/default.jpg;200;1200;1468;https://iiif.irht.cnrs.fr/iiif/VOLUME1/France/Paris/Archives_nationales/FRAN_0021_JJ113/DEPOT/FRAN_0021_7781_A/full/full/0/default.jpg;https://iiif.irht.cnrs.fr/iiif/VOLUME1/France/Paris/Archives_nationales/FRAN_0021_JJ113/DEPOT/FRAN_0021_7781_A/full/1200,/0/default.jpg;Paris_Archives_Nationales_JJ113_0329.jpg;True;3f544b28479f522a015b8acca3349d4f
https://api.irht.cnrs.fr/ark:/63955/f1ruw5rqihr9/manifest.json;https://arca.irht.cnrs.fr/iiif/128415/canvas/canvas-4391059;163v;https://iiif.irht.cnrs.fr/iiif/ark:/63955/vrmsuojyd6cd/full/full/0/default.jpg;200;2368;3000;3748;4749;https://iiif.irht.cnrs.fr/iiif/ark:/63955/vrmsuojyd6cd/full/1200,/0/default.jpg;200;1200;1520;https://iiif.irht.cnrs.fr/iiif/VOLUME1/France/Paris/Archives_nationales/FRAN_0021_JJ113/DEPOT/FRAN_0021_7782_A/full/full/0/default.jpg;https://iiif.irht.cnrs.fr/iiif/VOLUME1/France/Paris/Archives_nationales/FRAN_0021_JJ113/DEPOT/FRAN_0021_7782_A/full/1200,/0/default.jpg;Paris_Archives_Nationales_JJ113_0330.jpg;True;82bf4e140766a43359c71a79cd51936e
https://api.irht.cnrs.fr/ark:/63955/f1ruw5rqihr9/manifest.json;https://arca.irht.cnrs.fr/iiif/128415/canvas/canvas-4391060;164r;https://iiif.irht.cnrs.fr/iiif/ark:/63955/vtsq5lf5khdb/full/full/0/default.jpg;200;2452;3000;3892;4761;https://iiif.irht.cnrs.fr/iiif/ark:/63955/vtsq5lf5khdb/full/1200,/0/default.jpg;200;1200;1468;https://iiif.irht.cnrs.fr/iiif/VOLUME1/France/Paris/Archives_nationales/FRAN_0021_JJ113/DEPOT/FRAN_0021_7783_A/full/full/0/default.jpg;https://iiif.irht.cnrs.fr/iiif/VOLUME1/France/Paris/Archives_nationales/FRAN_0021_JJ113/DEPOT/FRAN_0021_7783_A/full/1200,/0/default.jpg;Paris_Archives_Nationales_JJ113_0331.jpg;True;1d8ebf9ab57b7845706baecaed525d45
https://api.irht.cnrs.fr/ark:/63955/f1ruw5rqihr9/manifest.json;https://arca.irht.cnrs.fr/iiif/128415/canvas/canvas-4391061;164v;https://iiif.irht.cnrs.fr/iiif/ark:/63955/vb8epv5zprqc/full/full/0/default.jpg;200;2368;3000;3748;4749;https://iiif.irht.cnrs.fr/iiif/ark:/63955/vb8epv5zprqc/full/1200,/0/default.jpg;200;1200;1520;https://iiif.irht.cnrs.fr/iiif/VOLUME1/France/Paris/Archives_nationales/FRAN_0021_JJ113/DEPOT/FRAN_0021_7784_A/full/full/0/default.jpg;https://iiif.irht.cnrs.fr/iiif/VOLUME1/France/Paris/Archives_nationales/FRAN_0021_JJ113/DEPOT/FRAN_0021_7784_A/full/1200,/0/default.jpg;Paris_Archives_Nationales_JJ113_0332.jpg;True;268a4535026d7da842030b315c4a9528
https://api.irht.cnrs.fr/ark:/63955/f1ruw5rqihr9/manifest.json;https://arca.irht.cnrs.fr/iiif/128415/canvas/canvas-4391062;165r;https://iiif.irht.cnrs.fr/iiif/ark:/63955/vkl13keaws3o/full/full/0/default.jpg;200;2403;3000;3814;4761;https://iiif.irht.cnrs.fr/iiif/ark:/63955/vkl13keaws3o/full/1200,/0/default.jpg;200;1200;1498;https://iiif.irht.cnrs.fr/iiif/VOLUME1/France/Paris/Archives_nationales/FRAN_0021_JJ113/DEPOT/FRAN_0021_7785_A/full/full/0/default.jpg;https://iiif.irht.cnrs.fr/iiif/VOLUME1/France/Paris/Archives_nationales/FRAN_0021_JJ113/DEPOT/FRAN_0021_7785_A/full/1200,/0/default.jpg;Paris_Archives_Nationales_JJ113_0333.jpg;True;4ebd424eabaf41813f0056be3dcf8508
https://api.irht.cnrs.fr/ark:/63955/f1ruw5rqihr9/manifest.json;https://arca.irht.cnrs.fr/iiif/128415/canvas/canvas-4391063;165v;https://iiif.irht.cnrs.fr/iiif/ark:/63955/vj8ayevfr6r0/full/full/0/default.jpg;200;2370;3000;3766;4767;https://iiif.irht.cnrs.fr/iiif/ark:/63955/vj8ayevfr6r0/full/1200,/0/default.jpg;200;1200;1519;https://iiif.irht.cnrs.fr/iiif/VOLUME1/France/Paris/Archives_nationales/FRAN_0021_JJ113/DEPOT/FRAN_0021_7786_A/full/full/0/default.jpg;https://iiif.irht.cnrs.fr/iiif/VOLUME1/France/Paris/Archives_nationales/FRAN_0021_JJ113/DEPOT/FRAN_0021_7786_A/full/1200,/0/default.jpg;Paris_Archives_Nationales_JJ113_0334.jpg;True;c1a349440582f0ef6fd88a3bf12ea012
https://api.irht.cnrs.fr/ark:/63955/f1ruw5rqihr9/manifest.json;https://arca.irht.cnrs.fr/iiif/128415/canvas/canvas-4391064;166r;https://iiif.irht.cnrs.fr/iiif/ark:/63955/vlhvqgli7x3s/full/full/0/default.jpg;200;2403;3000;3814;4761;https://iiif.irht.cnrs.fr/iiif/ark:/63955/vlhvqgli7x3s/full/1200,/0/default.jpg;200;1200;1498;https://iiif.irht.cnrs.fr/iiif/VOLUME1/France/Paris/Archives_nationales/FRAN_0021_JJ113/DEPOT/FRAN_0021_7787_A/full/full/0/default.jpg;https://iiif.irht.cnrs.fr/iiif/VOLUME1/France/Paris/Archives_nationales/FRAN_0021_JJ113/DEPOT/FRAN_0021_7787_A/full/1200,/0/default.jpg;Paris_Archives_Nationales_JJ113_0335.jpg;True;0d48c190d37d9abb82982598ac61c56b
https://api.irht.cnrs.fr/ark:/63955/f1ruw5rqihr9/manifest.json;https://arca.irht.cnrs.fr/iiif/128415/canvas/canvas-4391065;166v;https://iiif.irht.cnrs.fr/iiif/ark:/63955/vy7ddh95kyot/full/full/0/default.jpg;200;2370;3000;3766;4767;https://iiif.irht.cnrs.fr/iiif/ark:/63955/vy7ddh95kyot/full/1200,/0/default.jpg;200;1200;1519;https://iiif.irht.cnrs.fr/iiif/VOLUME1/France/Paris/Archives_nationales/FRAN_0021_JJ113/DEPOT/FRAN_0021_7788_A/full/full/0/default.jpg;https://iiif.irht.cnrs.fr/iiif/VOLUME1/France/Paris/Archives_nationales/FRAN_0021_JJ113/DEPOT/FRAN_0021_7788_A/full/1200,/0/default.jpg;Paris_Archives_Nationales_JJ113_0336.jpg;True;21f58b1ffcf15cd771fd104fd91ead7e
https://api.irht.cnrs.fr/ark:/63955/f1ruw5rqihr9/manifest.json;https://arca.irht.cnrs.fr/iiif/128415/canvas/canvas-4391066;167r;https://iiif.irht.cnrs.fr/iiif/ark:/63955/v9n743zau0wc/full/full/0/default.jpg;200;2403;3000;3814;4761;https://iiif.irht.cnrs.fr/iiif/ark:/63955/v9n743zau0wc/full/1200,/0/default.jpg;200;1200;1498;https://iiif.irht.cnrs.fr/iiif/VOLUME1/France/Paris/Archives_nationales/FRAN_0021_JJ113/DEPOT/FRAN_0021_7789_A/full/full/0/default.jpg;https://iiif.irht.cnrs.fr/iiif/VOLUME1/France/Paris/Archives_nationales/FRAN_0021_JJ113/DEPOT/FRAN_0021_7789_A/full/1200,/0/default.jpg;Paris_Archives_Nationales_JJ113_0337.jpg;True;0c8ab7bd23dba5f1eae75b99881c95cd
https://api.irht.cnrs.fr/ark:/63955/f1ruw5rqihr9/manifest.json;https://arca.irht.cnrs.fr/iiif/128415/canvas/canvas-4391067;167v;https://iiif.irht.cnrs.fr/iiif/ark:/63955/vvnsh50f8tef/full/full/0/default.jpg;200;2361;3000;3718;4725;https://iiif.irht.cnrs.fr/iiif/ark:/63955/vvnsh50f8tef/full/1200,/0/default.jpg;200;1200;1525;https://iiif.irht.cnrs.fr/iiif/VOLUME1/France/Paris/Archives_nationales/FRAN_0021_JJ113/DEPOT/FRAN_0021_7790_A/full/full/0/default.jpg;https://iiif.irht.cnrs.fr/iiif/VOLUME1/France/Paris/Archives_nationales/FRAN_0021_JJ113/DEPOT/FRAN_0021_7790_A/full/1200,/0/default.jpg;Paris_Archives_Nationales_JJ113_0338.jpg;True;f897205a6b15174f4d9b5f35db08da2d
https://api.irht.cnrs.fr/ark:/63955/f1ruw5rqihr9/manifest.json;https://arca.irht.cnrs.fr/iiif/128415/canvas/canvas-4391068;168r;https://iiif.irht.cnrs.fr/iiif/ark:/63955/v6rxfxhembn9/full/full/0/default.jpg;200;2479;3000;3934;4761;https://iiif.irht.cnrs.fr/iiif/ark:/63955/v6rxfxhembn9/full/1200,/0/default.jpg;200;1200;1452;https://iiif.irht.cnrs.fr/iiif/VOLUME1/France/Paris/Archives_nationales/FRAN_0021_JJ113/DEPOT/FRAN_0021_7791_A/full/full/0/default.jpg;https://iiif.irht.cnrs.fr/iiif/VOLUME1/France/Paris/Archives_nationales/FRAN_0021_JJ113/DEPOT/FRAN_0021_7791_A/full/1200,/0/default.jpg;Paris_Archives_Nationales_JJ113_0339.jpg;True;b8d6d89b9c70b50ae9e74b4ad69fd0df
https://api.irht.cnrs.fr/ark:/63955/f1ruw5rqihr9/manifest.json;https://arca.irht.cnrs.fr/iiif/128415/canvas/canvas-4391069;168v;https://iiif.irht.cnrs.fr/iiif/ark:/63955/vjrdj28jzkfm/full/full/0/default.jpg;200;2361;3000;3718;4725;https://iiif.irht.cnrs.fr/iiif/ark:/63955/vjrdj28jzkfm/full/1200,/0/default.jpg;200;1200;1525;https://iiif.irht.cnrs.fr/iiif/VOLUME1/France/Paris/Archives_nationales/FRAN_0021_JJ113/DEPOT/FRAN_0021_7792_A/full/full/0/default.jpg;https://iiif.irht.cnrs.fr/iiif/VOLUME1/France/Paris/Archives_nationales/FRAN_0021_JJ113/DEPOT/FRAN_0021_7792_A/full/1200,/0/default.jpg;Paris_Archives_Nationales_JJ113_0340.jpg;True;5f8c1ca14a43e4cefc04cb4c8e8f2cef
https://api.irht.cnrs.fr/ark:/63955/f1ruw5rqihr9/manifest.json;https://arca.irht.cnrs.fr/iiif/128415/canvas/canvas-4391070;169r;https://iiif.irht.cnrs.fr/iiif/ark:/63955/vcxscc15rhcj/full/full/0/default.jpg;200;2479;3000;3934;4761;https://iiif.irht.cnrs.fr/iiif/ark:/63955/vcxscc15rhcj/full/1200,/0/default.jpg;200;1200;1452;https://iiif.irht.cnrs.fr/iiif/VOLUME1/France/Paris/Archives_nationales/FRAN_0021_JJ113/DEPOT/FRAN_0021_7793_A/full/full/0/default.jpg;https://iiif.irht.cnrs.fr/iiif/VOLUME1/France/Paris/Archives_nationales/FRAN_0021_JJ113/DEPOT/FRAN_0021_7793_A/full/1200,/0/default.jpg;Paris_Archives_Nationales_JJ113_0341.jpg;True;9ad02b85efd260d05f91fc51c334a760
https://api.irht.cnrs.fr/ark:/63955/f1ruw5rqihr9/manifest.json;https://arca.irht.cnrs.fr/iiif/128415/canvas/canvas-4391071;169v;https://iiif.irht.cnrs.fr/iiif/ark:/63955/vesgw627ucrm/full/full/0/default.jpg;200;2361;3000;3718;4725;https://iiif.irht.cnrs.fr/iiif/ark:/63955/vesgw627ucrm/full/1200,/0/default.jpg;200;1200;1525;https://iiif.irht.cnrs.fr/iiif/VOLUME1/France/Paris/Archives_nationales/FRAN_0021_JJ113/DEPOT/FRAN_0021_7794_A/full/full/0/default.jpg;https://iiif.irht.cnrs.fr/iiif/VOLUME1/France/Paris/Archives_nationales/FRAN_0021_JJ113/DEPOT/FRAN_0021_7794_A/full/1200,/0/default.jpg;Paris_Archives_Nationales_JJ113_0342.jpg;True;9b2f7ddbe138f236bb2d505c9bf7f4f3
https://api.irht.cnrs.fr/ark:/63955/f1ruw5rqihr9/manifest.json;https://arca.irht.cnrs.fr/iiif/128415/canvas/canvas-4391072;170r;https://iiif.irht.cnrs.fr/iiif/ark:/63955/vpapxuoh9au6/full/full/0/default.jpg;200;2479;3000;3934;4761;https://iiif.irht.cnrs.fr/iiif/ark:/63955/vpapxuoh9au6/full/1200,/0/default.jpg;200;1200;1452;https://iiif.irht.cnrs.fr/iiif/VOLUME1/France/Paris/Archives_nationales/FRAN_0021_JJ113/DEPOT/FRAN_0021_7795_A/full/full/0/default.jpg;https://iiif.irht.cnrs.fr/iiif/VOLUME1/France/Paris/Archives_nationales/FRAN_0021_JJ113/DEPOT/FRAN_0021_7795_A/full/1200,/0/default.jpg;Paris_Archives_Nationales_JJ113_0343.jpg;True;f02946015f8706127463639591b58a4b
https://api.irht.cnrs.fr/ark:/63955/f1ruw5rqihr9/manifest.json;https://arca.irht.cnrs.fr/iiif/128415/canvas/canvas-4391073;170v;https://iiif.irht.cnrs.fr/iiif/ark:/63955/v37j4dalpt0i/full/full/0/default.jpg;200;2352;3000;3718;4743;https://iiif.irht.cnrs.fr/iiif/ark:/63955/v37j4dalpt0i/full/1200,/0/default.jpg;200;1200;1531;https://iiif.irht.cnrs.fr/iiif/VOLUME1/France/Paris/Archives_nationales/FRAN_0021_JJ113/DEPOT/FRAN_0021_7796_A/full/full/0/default.jpg;https://iiif.irht.cnrs.fr/iiif/VOLUME1/France/Paris/Archives_nationales/FRAN_0021_JJ113/DEPOT/FRAN_0021_7796_A/full/1200,/0/default.jpg;Paris_Archives_Nationales_JJ113_0344.jpg;True;a41501340e3bb7a6b00ea9471fb9fd36
https://api.irht.cnrs.fr/ark:/63955/f1ruw5rqihr9/manifest.json;https://arca.irht.cnrs.fr/iiif/128415/canvas/canvas-4391074;171r;https://iiif.irht.cnrs.fr/iiif/ark:/63955/vawod4jpv5f6/full/full/0/default.jpg;200;2488;3000;3934;4743;https://iiif.irht.cnrs.fr/iiif/ark:/63955/vawod4jpv5f6/full/1200,/0/default.jpg;200;1200;1447;https://iiif.irht.cnrs.fr/iiif/VOLUME1/France/Paris/Archives_nationales/FRAN_0021_JJ113/DEPOT/FRAN_0021_7797_A/full/full/0/default.jpg;https://iiif.irht.cnrs.fr/iiif/VOLUME1/France/Paris/Archives_nationales/FRAN_0021_JJ113/DEPOT/FRAN_0021_7797_A/full/1200,/0/default.jpg;Paris_Archives_Nationales_JJ113_0345.jpg;True;a5d066ce031158ba87b075959ef6f317
https://api.irht.cnrs.fr/ark:/63955/f1ruw5rqihr9/manifest.json;https://arca.irht.cnrs.fr/iiif/128415/canvas/canvas-4391075;171v;https://iiif.irht.cnrs.fr/iiif/ark:/63955/vud0ivatqhwx/full/full/0/default.jpg;200;2343;3000;3718;4761;https://iiif.irht.cnrs.fr/iiif/ark:/63955/vud0ivatqhwx/full/1200,/0/default.jpg;200;1200;1537;https://iiif.irht.cnrs.fr/iiif/VOLUME1/France/Paris/Archives_nationales/FRAN_0021_JJ113/DEPOT/FRAN_0021_7798_A/full/full/0/default.jpg;https://iiif.irht.cnrs.fr/iiif/VOLUME1/France/Paris/Archives_nationales/FRAN_0021_JJ113/DEPOT/FRAN_0021_7798_A/full/1200,/0/default.jpg;Paris_Archives_Nationales_JJ113_0346.jpg;True;e4be94cd0ca3adf894d8c9b0efa82551
https://api.irht.cnrs.fr/ark:/63955/f1ruw5rqihr9/manifest.json;https://arca.irht.cnrs.fr/iiif/128415/canvas/canvas-4391076;172r;https://iiif.irht.cnrs.fr/iiif/ark:/63955/v01ban14njek/full/full/0/default.jpg;200;2477;3000;3916;4743;https://iiif.irht.cnrs.fr/iiif/ark:/63955/v01ban14njek/full/1200,/0/default.jpg;200;1200;1453;https://iiif.irht.cnrs.fr/iiif/VOLUME1/France/Paris/Archives_nationales/FRAN_0021_JJ113/DEPOT/FRAN_0021_7799_A/full/full/0/default.jpg;https://iiif.irht.cnrs.fr/iiif/VOLUME1/France/Paris/Archives_nationales/FRAN_0021_JJ113/DEPOT/FRAN_0021_7799_A/full/1200,/0/default.jpg;Paris_Archives_Nationales_JJ113_0347.jpg;True;09fbbfd8104cd2fea14156f5ac0be967
https://api.irht.cnrs.fr/ark:/63955/f1ruw5rqihr9/manifest.json;https://arca.irht.cnrs.fr/iiif/128415/canvas/canvas-4391077;172v;https://iiif.irht.cnrs.fr/iiif/ark:/63955/v8rorhkwxrra/full/full/0/default.jpg;200;2343;3000;3718;4761;https://iiif.irht.cnrs.fr/iiif/ark:/63955/v8rorhkwxrra/full/1200,/0/default.jpg;200;1200;1537;https://iiif.irht.cnrs.fr/iiif/VOLUME1/France/Paris/Archives_nationales/FRAN_0021_JJ113/DEPOT/FRAN_0021_7800_A/full/full/0/default.jpg;https://iiif.irht.cnrs.fr/iiif/VOLUME1/France/Paris/Archives_nationales/FRAN_0021_JJ113/DEPOT/FRAN_0021_7800_A/full/1200,/0/default.jpg;Paris_Archives_Nationales_JJ113_0348.jpg;True;e0c32acd3c9f7240e1ad25d3e79f9d59
https://api.irht.cnrs.fr/ark:/63955/f1ruw5rqihr9/manifest.json;https://arca.irht.cnrs.fr/iiif/128415/canvas/canvas-4391078;173r;https://iiif.irht.cnrs.fr/iiif/ark:/63955/vr9613wi0uj1/full/full/0/default.jpg;200;2481;3000;3898;4713;https://iiif.irht.cnrs.fr/iiif/ark:/63955/vr9613wi0uj1/full/1200,/0/default.jpg;200;1200;1451;https://iiif.irht.cnrs.fr/iiif/VOLUME1/France/Paris/Archives_nationales/FRAN_0021_JJ113/DEPOT/FRAN_0021_7801_A/full/full/0/default.jpg;https://iiif.irht.cnrs.fr/iiif/VOLUME1/France/Paris/Archives_nationales/FRAN_0021_JJ113/DEPOT/FRAN_0021_7801_A/full/1200,/0/default.jpg;Paris_Archives_Nationales_JJ113_0349.jpg;True;c1fa36bf1c43f38beed41e59946a6426
https://api.irht.cnrs.fr/ark:/63955/f1ruw5rqihr9/manifest.json;https://arca.irht.cnrs.fr/iiif/128415/canvas/canvas-4391079;173v;https://iiif.irht.cnrs.fr/iiif/ark:/63955/v6up8ycrdx05/full/full/0/default.jpg;200;2425;3000;3898;4822;https://iiif.irht.cnrs.fr/iiif/ark:/63955/v6up8ycrdx05/full/1200,/0/default.jpg;200;1200;1484;https://iiif.irht.cnrs.fr/iiif/VOLUME1/France/Paris/Archives_nationales/FRAN_0021_JJ113/DEPOT/FRAN_0021_7802_A/full/full/0/default.jpg;https://iiif.irht.cnrs.fr/iiif/VOLUME1/France/Paris/Archives_nationales/FRAN_0021_JJ113/DEPOT/FRAN_0021_7802_A/full/1200,/0/default.jpg;Paris_Archives_Nationales_JJ113_0350.jpg;True;8f509fc84face9c7561b284dc423b6ed
https://api.irht.cnrs.fr/ark:/63955/f1ruw5rqihr9/manifest.json;https://arca.irht.cnrs.fr/iiif/128415/canvas/canvas-4391080;174r;https://iiif.irht.cnrs.fr/iiif/ark:/63955/vmrn6okxgvpp/full/full/0/default.jpg;200;2474;3000;3938;4775;https://iiif.irht.cnrs.fr/iiif/ark:/63955/vmrn6okxgvpp/full/1200,/0/default.jpg;200;1200;1455;https://iiif.irht.cnrs.fr/iiif/VOLUME1/France/Paris/Archives_nationales/FRAN_0021_JJ113/DEPOT/FRAN_0021_7803_A/full/full/0/default.jpg;https://iiif.irht.cnrs.fr/iiif/VOLUME1/France/Paris/Archives_nationales/FRAN_0021_JJ113/DEPOT/FRAN_0021_7803_A/full/1200,/0/default.jpg;Paris_Archives_Nationales_JJ113_0351.jpg;True;4769a2a44bd93899f1f89bc089344dfe
https://api.irht.cnrs.fr/ark:/63955/f1ruw5rqihr9/manifest.json;https://arca.irht.cnrs.fr/iiif/128415/canvas/canvas-4391081;174v;https://iiif.irht.cnrs.fr/iiif/ark:/63955/v1rty9tttvzn/full/full/0/default.jpg;200;2392;3000;3796;4761;https://iiif.irht.cnrs.fr/iiif/ark:/63955/v1rty9tttvzn/full/1200,/0/default.jpg;200;1200;1505;https://iiif.irht.cnrs.fr/iiif/VOLUME1/France/Paris/Archives_nationales/FRAN_0021_JJ113/DEPOT/FRAN_0021_7806_A/full/full/0/default.jpg;https://iiif.irht.cnrs.fr/iiif/VOLUME1/France/Paris/Archives_nationales/FRAN_0021_JJ113/DEPOT/FRAN_0021_7806_A/full/1200,/0/default.jpg;Paris_Archives_Nationales_JJ113_0352.jpg;True;b9f785b0ae7a43d38a83c8ef8ab153a3
https://api.irht.cnrs.fr/ark:/63955/f1ruw5rqihr9/manifest.json;https://arca.irht.cnrs.fr/iiif/128415/canvas/canvas-4391082;175r;https://iiif.irht.cnrs.fr/iiif/ark:/63955/vk7mxzzuz4gr/full/full/0/default.jpg;200;2509;3000;3946;4719;https://iiif.irht.cnrs.fr/iiif/ark:/63955/vk7mxzzuz4gr/full/1200,/0/default.jpg;200;1200;1435;https://iiif.irht.cnrs.fr/iiif/VOLUME1/France/Paris/Archives_nationales/FRAN_0021_JJ113/DEPOT/FRAN_0021_7805_A/full/full/0/default.jpg;https://iiif.irht.cnrs.fr/iiif/VOLUME1/France/Paris/Archives_nationales/FRAN_0021_JJ113/DEPOT/FRAN_0021_7805_A/full/1200,/0/default.jpg;Paris_Archives_Nationales_JJ113_0353.jpg;True;7f19e9ab7a1799edcb6f71ce228a3369
https://api.irht.cnrs.fr/ark:/63955/f1ruw5rqihr9/manifest.json;https://arca.irht.cnrs.fr/iiif/128415/canvas/canvas-4391083;175v;https://iiif.irht.cnrs.fr/iiif/ark:/63955/vrngclw7am91/full/full/0/default.jpg;200;2392;3000;3796;4761;https://iiif.irht.cnrs.fr/iiif/ark:/63955/vrngclw7am91/full/1200,/0/default.jpg;200;1200;1505;https://iiif.irht.cnrs.fr/iiif/VOLUME1/France/Paris/Archives_nationales/FRAN_0021_JJ113/DEPOT/FRAN_0021_7808_A/full/full/0/default.jpg;https://iiif.irht.cnrs.fr/iiif/VOLUME1/France/Paris/Archives_nationales/FRAN_0021_JJ113/DEPOT/FRAN_0021_7808_A/full/1200,/0/default.jpg;Paris_Archives_Nationales_JJ113_0354.jpg;True;0184dc7d05532cdd4cdc5bc9385b6926
https://api.irht.cnrs.fr/ark:/63955/f1ruw5rqihr9/manifest.json;https://arca.irht.cnrs.fr/iiif/128415/canvas/canvas-4391084;176r;https://iiif.irht.cnrs.fr/iiif/ark:/63955/vf8b91441rp9/full/full/0/default.jpg;200;2509;3000;3946;4719;https://iiif.irht.cnrs.fr/iiif/ark:/63955/vf8b91441rp9/full/1200,/0/default.jpg;200;1200;1435;https://iiif.irht.cnrs.fr/iiif/VOLUME1/France/Paris/Archives_nationales/FRAN_0021_JJ113/DEPOT/FRAN_0021_7807_A/full/full/0/default.jpg;https://iiif.irht.cnrs.fr/iiif/VOLUME1/France/Paris/Archives_nationales/FRAN_0021_JJ113/DEPOT/FRAN_0021_7807_A/full/1200,/0/default.jpg;Paris_Archives_Nationales_JJ113_0355.jpg;True;fe5d0977fc215219649651e780440d63
https://api.irht.cnrs.fr/ark:/63955/f1ruw5rqihr9/manifest.json;https://arca.irht.cnrs.fr/iiif/128415/canvas/canvas-4391085;176v;https://iiif.irht.cnrs.fr/iiif/ark:/63955/vdm8dh8ix09l/full/full/0/default.jpg;200;2392;3000;3796;4761;https://iiif.irht.cnrs.fr/iiif/ark:/63955/vdm8dh8ix09l/full/1200,/0/default.jpg;200;1200;1505;https://iiif.irht.cnrs.fr/iiif/VOLUME1/France/Paris/Archives_nationales/FRAN_0021_JJ113/DEPOT/FRAN_0021_7810_A/full/full/0/default.jpg;https://iiif.irht.cnrs.fr/iiif/VOLUME1/France/Paris/Archives_nationales/FRAN_0021_JJ113/DEPOT/FRAN_0021_7810_A/full/1200,/0/default.jpg;Paris_Archives_Nationales_JJ113_0356.jpg;True;ec5941cf44cc74db6aae2b5756bdfa1e
https://api.irht.cnrs.fr/ark:/63955/f1ruw5rqihr9/manifest.json;https://arca.irht.cnrs.fr/iiif/128415/canvas/canvas-4391086;177r;https://iiif.irht.cnrs.fr/iiif/ark:/63955/vgm6duh03igc/full/full/0/default.jpg;200;2509;3000;3946;4719;https://iiif.irht.cnrs.fr/iiif/ark:/63955/vgm6duh03igc/full/1200,/0/default.jpg;200;1200;1435;https://iiif.irht.cnrs.fr/iiif/VOLUME1/France/Paris/Archives_nationales/FRAN_0021_JJ113/DEPOT/FRAN_0021_7809_A/full/full/0/default.jpg;https://iiif.irht.cnrs.fr/iiif/VOLUME1/France/Paris/Archives_nationales/FRAN_0021_JJ113/DEPOT/FRAN_0021_7809_A/full/1200,/0/default.jpg;Paris_Archives_Nationales_JJ113_0357.jpg;True;8d4e33461a887f54bed3762c51f649b4
https://api.irht.cnrs.fr/ark:/63955/f1ruw5rqihr9/manifest.json;https://arca.irht.cnrs.fr/iiif/128415/canvas/canvas-4391087;177v;https://iiif.irht.cnrs.fr/iiif/ark:/63955/vupdyufqjo46/full/full/0/default.jpg;200;2392;3000;3796;4761;https://iiif.irht.cnrs.fr/iiif/ark:/63955/vupdyufqjo46/full/1200,/0/default.jpg;200;1200;1505;https://iiif.irht.cnrs.fr/iiif/VOLUME1/France/Paris/Archives_nationales/FRAN_0021_JJ113/DEPOT/FRAN_0021_7812_A/full/full/0/default.jpg;https://iiif.irht.cnrs.fr/iiif/VOLUME1/France/Paris/Archives_nationales/FRAN_0021_JJ113/DEPOT/FRAN_0021_7812_A/full/1200,/0/default.jpg;Paris_Archives_Nationales_JJ113_0358.jpg;True;5578f2690abaf42d871b411e21249661
https://api.irht.cnrs.fr/ark:/63955/f1ruw5rqihr9/manifest.json;https://arca.irht.cnrs.fr/iiif/128415/canvas/canvas-4391088;178r;https://iiif.irht.cnrs.fr/iiif/ark:/63955/vxhn50l6a6nw/full/full/0/default.jpg;200;2509;3000;3946;4719;https://iiif.irht.cnrs.fr/iiif/ark:/63955/vxhn50l6a6nw/full/1200,/0/default.jpg;200;1200;1435;https://iiif.irht.cnrs.fr/iiif/VOLUME1/France/Paris/Archives_nationales/FRAN_0021_JJ113/DEPOT/FRAN_0021_7811_A/full/full/0/default.jpg;https://iiif.irht.cnrs.fr/iiif/VOLUME1/France/Paris/Archives_nationales/FRAN_0021_JJ113/DEPOT/FRAN_0021_7811_A/full/1200,/0/default.jpg;Paris_Archives_Nationales_JJ113_0359.jpg;True;da528978c435927b7fb7ddd691c30b9d
https://api.irht.cnrs.fr/ark:/63955/f1ruw5rqihr9/manifest.json;https://arca.irht.cnrs.fr/iiif/128415/canvas/canvas-4391089;178v;https://iiif.irht.cnrs.fr/iiif/ark:/63955/vd0qu0udh676/full/full/0/default.jpg;200;2392;3000;3796;4761;https://iiif.irht.cnrs.fr/iiif/ark:/63955/vd0qu0udh676/full/1200,/0/default.jpg;200;1200;1505;https://iiif.irht.cnrs.fr/iiif/VOLUME1/France/Paris/Archives_nationales/FRAN_0021_JJ113/DEPOT/FRAN_0021_7814_A/full/full/0/default.jpg;https://iiif.irht.cnrs.fr/iiif/VOLUME1/France/Paris/Archives_nationales/FRAN_0021_JJ113/DEPOT/FRAN_0021_7814_A/full/1200,/0/default.jpg;Paris_Archives_Nationales_JJ113_0360.jpg;True;f6742b5ef0558a4b2892475e476f69e8
https://api.irht.cnrs.fr/ark:/63955/f1ruw5rqihr9/manifest.json;https://arca.irht.cnrs.fr/iiif/128415/canvas/canvas-4391090;179r;https://iiif.irht.cnrs.fr/iiif/ark:/63955/vk600xko2qlk/full/full/0/default.jpg;200;2509;3000;3946;4719;https://iiif.irht.cnrs.fr/iiif/ark:/63955/vk600xko2qlk/full/1200,/0/default.jpg;200;1200;1435;https://iiif.irht.cnrs.fr/iiif/VOLUME1/France/Paris/Archives_nationales/FRAN_0021_JJ113/DEPOT/FRAN_0021_7813_A/full/full/0/default.jpg;https://iiif.irht.cnrs.fr/iiif/VOLUME1/France/Paris/Archives_nationales/FRAN_0021_JJ113/DEPOT/FRAN_0021_7813_A/full/1200,/0/default.jpg;Paris_Archives_Nationales_JJ113_0361.jpg;True;34e18556b5f91d134110ed2f5efac005
https://api.irht.cnrs.fr/ark:/63955/f1ruw5rqihr9/manifest.json;https://arca.irht.cnrs.fr/iiif/128415/canvas/canvas-4391091;179v;https://iiif.irht.cnrs.fr/iiif/ark:/63955/vdrkyxu4kqil/full/full/0/default.jpg;200;2418;3000;3832;4755;https://iiif.irht.cnrs.fr/iiif/ark:/63955/vdrkyxu4kqil/full/1200,/0/default.jpg;200;1200;1489;https://iiif.irht.cnrs.fr/iiif/VOLUME1/France/Paris/Archives_nationales/FRAN_0021_JJ113/DEPOT/FRAN_0021_7816_A/full/full/0/default.jpg;https://iiif.irht.cnrs.fr/iiif/VOLUME1/France/Paris/Archives_nationales/FRAN_0021_JJ113/DEPOT/FRAN_0021_7816_A/full/1200,/0/default.jpg;Paris_Archives_Nationales_JJ113_0362.jpg;True;467fd68575bdf4bb97fddd0209f4e5a4
https://api.irht.cnrs.fr/ark:/63955/f1ruw5rqihr9/manifest.json;https://arca.irht.cnrs.fr/iiif/128415/canvas/canvas-4391092;180r;https://iiif.irht.cnrs.fr/iiif/ark:/63955/vhcmbp3ix934/full/full/0/default.jpg;200;2518;3000;3946;4701;https://iiif.irht.cnrs.fr/iiif/ark:/63955/vhcmbp3ix934/full/1200,/0/default.jpg;200;1200;1430;https://iiif.irht.cnrs.fr/iiif/VOLUME1/France/Paris/Archives_nationales/FRAN_0021_JJ113/DEPOT/FRAN_0021_7815_A/full/full/0/default.jpg;https://iiif.irht.cnrs.fr/iiif/VOLUME1/France/Paris/Archives_nationales/FRAN_0021_JJ113/DEPOT/FRAN_0021_7815_A/full/1200,/0/default.jpg;Paris_Archives_Nationales_JJ113_0363.jpg;True;cd4cd1aadbd49caa4b592dfcc8f03095
https://api.irht.cnrs.fr/ark:/63955/f1ruw5rqihr9/manifest.json;https://arca.irht.cnrs.fr/iiif/128415/canvas/canvas-4391093;180v;https://iiif.irht.cnrs.fr/iiif/ark:/63955/va31vr3ldnz5/full/full/0/default.jpg;200;2406;3000;3814;4755;https://iiif.irht.cnrs.fr/iiif/ark:/63955/va31vr3ldnz5/full/1200,/0/default.jpg;200;1200;1496;https://iiif.irht.cnrs.fr/iiif/VOLUME1/France/Paris/Archives_nationales/FRAN_0021_JJ113/DEPOT/FRAN_0021_7817_A/full/full/0/default.jpg;https://iiif.irht.cnrs.fr/iiif/VOLUME1/France/Paris/Archives_nationales/FRAN_0021_JJ113/DEPOT/FRAN_0021_7817_A/full/1200,/0/default.jpg;Paris_Archives_Nationales_JJ113_0364.jpg;True;4ecae005854cdc4c75f79c5d82cc7104
https://api.irht.cnrs.fr/ark:/63955/f1ruw5rqihr9/manifest.json;https://arca.irht.cnrs.fr/iiif/128415/canvas/canvas-4391094;contre-plat inférieur;https://iiif.irht.cnrs.fr/iiif/ark:/63955/v8x322ntk9ax/full/full/0/default.jpg;200;2048;2048;2048;2048;https://iiif.irht.cnrs.fr/iiif/ark:/63955/v8x322ntk9ax/full/1200,/0/default.jpg;200;1200;1200;https://iiif.irht.cnrs.fr/iiif/VOLUME1/France/Paris/Archives_nationales/FRAN_0021_JJ113/DEPOT/FRAN_0021_7817_AB_A/full/full/0/default.jpg;https://iiif.irht.cnrs.fr/iiif/VOLUME1/France/Paris/Archives_nationales/FRAN_0021_JJ113/DEPOT/FRAN_0021_7817_AB_A/full/1200,/0/default.jpg;Paris_Archives_Nationales_JJ113_0365.jpg;True;97ae87dced46130172c22596385e32a1
https://api.irht.cnrs.fr/ark:/63955/f1ruw5rqihr9/manifest.json;https://arca.irht.cnrs.fr/iiif/128415/canvas/canvas-4391095;plat inférieur;https://iiif.irht.cnrs.fr/iiif/ark:/63955/vvmmz5k98ojb/full/full/0/default.jpg;200;2048;2048;2048;2048;https://iiif.irht.cnrs.fr/iiif/ark:/63955/vvmmz5k98ojb/full/1200,/0/default.jpg;200;1200;1200;https://iiif.irht.cnrs.fr/iiif/VOLUME1/France/Paris/Archives_nationales/FRAN_0021_JJ113/DEPOT/FRAN_0021_7817_AC_A/full/full/0/default.jpg;https://iiif.irht.cnrs.fr/iiif/VOLUME1/France/Paris/Archives_nationales/FRAN_0021_JJ113/DEPOT/FRAN_0021_7817_AC_A/full/1200,/0/default.jpg;Paris_Archives_Nationales_JJ113_0366.jpg;True;97ae87dced46130172c22596385e32a1
